geometry	rho	U	site	observable	prior	true	Delta	relerr	G	G_max
cylinder	ED	8.0	1	n	chi4	1.0000000000000064	-4.027889133340068e-13	4.027889133340042e-13	1.0000000007938228	0.999999997806817
cylinder	ED	8.0	1	n	chi8	1.0000000000000064	-3.6884495457911726e-10	3.688449545791149e-10	0.9999999991537266	0.999999997806817
cylinder	ED	8.0	1	n	chi32	1.0000000000000064	3.19122506198255e-12	3.1912250619825294e-12	0.9999999989350814	0.999999997806817
cylinder	ED	8.0	1	n	chi128	1.0000000000000064	-4.005544784746462e-10	4.005544784746436e-10	0.9999999981169203	0.999999997806817
cylinder	ED	8.0	1	n	exact	1.0000000000000064	6.513034556121511e-11	6.51303455612147e-11	0.999999997806817	0.999999997806817
cylinder	ED	8.0	1	n	UHF	1.0000000000000064	4.884981308350689e-15	4.884981308350657e-15	0.012440266395125571	0.999999997806817
cylinder	ED	8.0	1	n	UHFsym	1.0000000000000064	1.0658141036401503e-14	1.0658141036401435e-14	1.0000000000000315	0.999999997806817
cylinder	ED	8.0	1	Sz	chi4	3.3813923883130315e-13	3.8347292702356484e-10	NaN	0.9999999989798996	1.000000002822586
cylinder	ED	8.0	1	Sz	chi8	3.3813923883130315e-13	-2.9018056013629945e-10	NaN	1.0000000010640304	1.000000002822586
cylinder	ED	8.0	1	Sz	chi32	3.3813923883130315e-13	-5.145200966671926e-10	NaN	1.000000001368741	1.000000002822586
cylinder	ED	8.0	1	Sz	chi128	3.3813923883130315e-13	-7.803131404915398e-10	NaN	1.000000002394379	1.000000002822586
cylinder	ED	8.0	1	Sz	exact	3.3813923883130315e-13	-1.0786927254202716e-9	NaN	1.000000002822586	1.000000002822586
cylinder	ED	8.0	1	Sz	UHF	3.3813923883130315e-13	0.4586283172577342	NaN	0.01643111482419656	1.000000002822586
cylinder	ED	8.0	1	Sz	UHFsym	3.3813923883130315e-13	3.3814617772520705e-13	NaN	1.0000000000000016	1.000000002822586
cylinder	ED	8.0	1	DoubleOcc	chi4	0.04434574949185294	0.029276407956670025	0.6601852103559236	28.285589288019374	75.1854168505035
cylinder	ED	8.0	1	DoubleOcc	chi8	0.04434574949185294	0.029387798824669825	0.6626970828414764	28.157156602623825	75.1854168505035
cylinder	ED	8.0	1	DoubleOcc	chi32	0.04434574949185294	0.003429483751220347	0.07733511758213492	72.51998793166344	75.1854168505035
cylinder	ED	8.0	1	DoubleOcc	chi128	0.04434574949185294	0.00018189819764058424	0.004101818093614632	75.11783816420144	75.1854168505035
cylinder	ED	8.0	1	DoubleOcc	exact	0.04434574949185294	7.873675242353606e-8	1.7755197132929578e-6	75.1854168505035	75.1854168505035
cylinder	ED	8.0	1	DoubleOcc	UHF	0.04434574949185294	0.004685682882202891	0.10566250285303509	1.5530983206571816	75.1854168505035
cylinder	ED	8.0	1	DoubleOcc	UHFsym	0.04434574949185294	0.004685682882205555	0.10566250285309518	70.88453664557112	75.1854168505035
cylinder	ED	8.0	1	ZZ onsite	chi4	-0.8226170020325938	0.11710563182749256	0.1423574172891367	38.30233471119804	203.39657030399664
cylinder	ED	8.0	1	ZZ onsite	chi8	-0.8226170020325938	0.11755119603637654	0.14289905964248342	38.071732778548274	203.39657030399664
cylinder	ED	8.0	1	ZZ onsite	chi32	-0.8226170020325938	0.013717934998505599	0.01667596823869447	188.6742097140693	203.39657030399664
cylinder	ED	8.0	1	ZZ onsite	chi128	-0.8226170020325938	0.0007275935916783993	0.0008844864498066508	203.13383995601407	203.39657030399664
cylinder	ED	8.0	1	ZZ onsite	exact	-0.8226170020325938	3.14816756774583e-7	3.8270149534559376e-7	203.39657030399664	203.39657030399664
cylinder	ED	8.0	1	ZZ onsite	UHF	-0.8226170020325938	0.01874273152880912	0.022784274434515632	179.21040100459535	203.39657030399664
cylinder	ED	8.0	1	ZZ onsite	UHFsym	-0.8226170020325938	0.018742731528814227	0.02278427443452184	179.21040100458507	203.39657030399664
cylinder	ED	8.0	1	ZZ up-up nb	chi4	-0.49466751796431685	0.15209211403525602	0.3074633132596899	7.90351202843642	30.332448307009688
cylinder	ED	8.0	1	ZZ up-up nb	chi8	-0.49466751796431685	0.06462948040620187	0.1306523635757785	19.895746342140395	30.332448307009688
cylinder	ED	8.0	1	ZZ up-up nb	chi32	-0.49466751796431685	0.019097146639237117	0.038606025149633336	28.882680764289645	30.332448307009688
cylinder	ED	8.0	1	ZZ up-up nb	chi128	-0.49466751796431685	0.0017873811300904152	0.0036132979530290265	30.303093598417867	30.332448307009688
cylinder	ED	8.0	1	ZZ up-up nb	exact	-0.49466751796431685	2.1651226722596562e-7	4.376925093383307e-7	30.332448307009688	30.332448307009688
cylinder	ED	8.0	1	ZZ up-up nb	UHF	-0.49466751796431685	0.3969927948026445	0.8025446999964162	1.5071218070109709	30.332448307009688
cylinder	ED	8.0	1	ZZ up-up nb	UHFsym	-0.49466751796431685	-0.16418757435990516	0.331915010380263	7.229477013495314	30.332448307009688
cylinder	ED	8.0	1	SzSz nb	chi4	-0.11684564828036628	0.03730958895203765	0.3193066194687443	7.543352004154643	27.880016589171916
cylinder	ED	8.0	1	SzSz nb	chi8	-0.11684564828036628	0.015735193973691303	0.13466649554577642	18.924591798945972	27.880016589171916
cylinder	ED	8.0	1	SzSz nb	chi32	-0.11684564828036628	0.004599233151085347	0.0393616126811131	26.801777512165394	27.880016589171916
cylinder	ED	8.0	1	SzSz nb	chi128	-0.11684564828036628	0.00046279740480925646	0.003960758587250021	27.880892081650735	27.880016589171916
cylinder	ED	8.0	1	SzSz nb	exact	-0.11684564828036628	4.7198579627982795e-8	4.0393955891906017e-7	27.880016589171916	27.880016589171916
cylinder	ED	8.0	1	SzSz nb	UHF	-0.11684564828036628	0.09978185751067928	0.8539629757648899	1.3644475403710832	27.880016589171916
cylinder	ED	8.0	1	SzSz nb	UHFsym	-0.11684564828036628	-0.04051323477995633	0.34672437849586407	6.555509245299373	27.880016589171916
cylinder	ED	8.0	1	SxSx nb	chi4	-0.11684564828015329	0.0436713706666402	0.3737526498370925	6.17542436343137	34.67933646052081
cylinder	ED	8.0	1	SxSx nb	chi8	-0.11684564828015329	0.01709567574960061	0.14630990542849664	20.230455255177613	34.67933646052081
cylinder	ED	8.0	1	SxSx nb	chi32	-0.11684564828015329	0.0036475048899031193	0.03121643761312986	33.59645148115503	34.67933646052081
cylinder	ED	8.0	1	SxSx nb	chi128	-0.11684564828015329	0.0004541015719654734	0.0038863370493413952	34.66359314080726	34.67933646052081
cylinder	ED	8.0	1	SxSx nb	exact	-0.11684564828015329	5.3681482065082164e-8	4.594221766511452e-7	34.67933646052081	34.67933646052081
cylinder	ED	8.0	1	SxSx nb	UHF	-0.11684564828015329	-0.11055807587946039	0.9461890751325407	1.1303666517686308	34.67933646052081
cylinder	ED	8.0	1	SxSx nb	UHFsym	-0.11684564828015329	-0.04041052973414261	0.3458453980010696	6.972740545132876	34.67933646052081
cylinder	DMRG	8.0	1	n	chi4	0.9999999999348761	-6.553313447454912e-11	6.553313447881689e-11	1.0000000007938228	0.999999997806817
cylinder	DMRG	8.0	1	n	chi8	0.9999999999348761	-4.3397530014033237e-10	4.3397530016859454e-10	0.9999999991537266	0.999999997806817
cylinder	DMRG	8.0	1	n	chi32	0.9999999999348761	-6.193912049923256e-11	6.193912050326628e-11	0.9999999989350814	0.999999997806817
cylinder	DMRG	8.0	1	n	chi128	0.9999999999348761	-4.656848240358613e-10	4.656848240661885e-10	0.9999999981169203	0.999999997806817
cylinder	DMRG	8.0	1	n	exact	0.9999999999348761	0.0	0.0	0.999999997806817	0.999999997806817
cylinder	DMRG	8.0	1	n	UHF	0.9999999999348761	-6.512546057990676e-11	6.512546058414798e-11	0.012440266395125571	0.999999997806817
cylinder	DMRG	8.0	1	n	UHFsym	0.9999999999348761	-6.511968742017871e-11	6.511968742441956e-11	1.0000000000000315	0.999999997806817
cylinder	DMRG	8.0	1	Sz	chi4	1.079030864659103e-9	1.4621656524438364e-9	NaN	0.9999999989798996	1.000000002822586
cylinder	DMRG	8.0	1	Sz	chi8	1.079030864659103e-9	7.885121652839722e-10	NaN	1.0000000010640304	1.000000002822586
cylinder	DMRG	8.0	1	Sz	chi32	1.079030864659103e-9	5.641726287530791e-10	NaN	1.000000001368741	1.000000002822586
cylinder	DMRG	8.0	1	Sz	chi128	1.079030864659103e-9	2.9837958492873184e-10	NaN	1.000000002394379	1.000000002822586
cylinder	DMRG	8.0	1	Sz	exact	1.079030864659103e-9	0.0	NaN	1.000000002822586	1.000000002822586
cylinder	DMRG	8.0	1	Sz	UHF	1.079030864659103e-9	0.4586283183364269	NaN	0.01643111482419656	1.000000002822586
cylinder	DMRG	8.0	1	Sz	UHFsym	1.079030864659103e-9	1.0790308715979968e-9	NaN	1.0000000000000016	1.000000002822586
cylinder	DMRG	8.0	1	DoubleOcc	chi4	0.044345670755100514	0.0292763292199176	0.6601846070069946	28.285589288019374	75.1854168505035
cylinder	DMRG	8.0	1	DoubleOcc	chi8	0.044345670755100514	0.0293877200879174	0.6626964839524343	28.157156602623825	75.1854168505035
cylinder	DMRG	8.0	1	DoubleOcc	chi32	0.044345670755100514	0.0034294050144679233	0.07733347936953874	72.51998793166344	75.1854168505035
cylinder	DMRG	8.0	1	DoubleOcc	chi128	0.044345670755100514	0.0001818194608881607	0.004100049853620679	75.11783816420144	75.1854168505035
cylinder	DMRG	8.0	1	DoubleOcc	exact	0.044345670755100514	0.0	0.0	75.1854168505035	75.1854168505035
cylinder	DMRG	8.0	1	DoubleOcc	UHF	0.044345670755100514	0.004685604145450467	0.1056609149363592	1.5530983206571816	75.1854168505035
cylinder	DMRG	8.0	1	DoubleOcc	UHFsym	0.044345670755100514	0.004685604145453132	0.10566091493641928	70.88453664557112	75.1854168505035
cylinder	DMRG	8.0	1	ZZ onsite	chi4	-0.8226173168493506	0.11710531701073579	0.14235698010741218	38.30233471119804	203.39657030399664
cylinder	DMRG	8.0	1	ZZ onsite	chi8	-0.8226173168493506	0.11755088121961976	0.14289862225347166	38.071732778548274	203.39657030399664
cylinder	DMRG	8.0	1	ZZ onsite	chi32	-0.8226173168493506	0.013717620181748824	0.016675579155430047	188.6742097140693	203.39657030399664
cylinder	DMRG	8.0	1	ZZ onsite	chi128	-0.8226173168493506	0.0007272787749216247	0.0008841034099636081	203.13383995601407	203.39657030399664
cylinder	DMRG	8.0	1	ZZ onsite	exact	-0.8226173168493506	0.0	0.0	203.39657030399664	203.39657030399664
cylinder	DMRG	8.0	1	ZZ onsite	UHF	-0.8226173168493506	0.018742416712052345	0.022783883013594186	179.21040100459535	203.39657030399664
cylinder	DMRG	8.0	1	ZZ onsite	UHFsym	-0.8226173168493506	0.018742416712057453	0.022783883013600396	179.21040100458507	203.39657030399664
cylinder	DMRG	8.0	1	ZZ up-up nb	chi4	-0.4946677344765841	0.1520918975229888	0.3074627409930419	7.904828452945001	30.34045013623772
cylinder	DMRG	8.0	1	ZZ up-up nb	chi8	-0.4946677344765841	0.06462926389393464	0.1306518686979249	19.901050550846346	30.34045013623772
cylinder	DMRG	8.0	1	ZZ up-up nb	chi32	-0.4946677344765841	0.01909693012696989	0.03860557055975495	28.891023804818616	30.34045013623772
cylinder	DMRG	8.0	1	ZZ up-up nb	chi128	-0.4946677344765841	0.0017871646178231892	0.003612858679198507	30.311189213965694	30.34045013623772
cylinder	DMRG	8.0	1	ZZ up-up nb	exact	-0.4946677344765841	0.0	0.0	30.34045013623772	30.34045013623772
cylinder	DMRG	8.0	1	ZZ up-up nb	UHF	-0.4946677344765841	0.39699257829037726	0.8025439110364486	1.5072367247628375	30.34045013623772
cylinder	DMRG	8.0	1	ZZ up-up nb	UHFsym	-0.4946677344765841	-0.1641877908721724	0.33191530279593057	7.229500880734575	30.34045013623772
cylinder	DMRG	8.0	1	SzSz nb	chi4	-0.11684569547894591	0.03730954175345802	0.3193060865488256	7.5416923829962235	27.876427382185796
cylinder	DMRG	8.0	1	SzSz nb	chi8	-0.11684569547894591	0.015735146775111675	0.1346660372092778	18.919685649964258	27.876427382185796
cylinder	DMRG	8.0	1	SzSz nb	chi32	-0.11684569547894591	0.004599185952505719	0.03936119284201131	26.796667462725733	27.876427382185796
cylinder	DMRG	8.0	1	SzSz nb	chi128	-0.11684569547894591	0.0004627502062296285	0.003960353047947839	27.87711132111652	27.876427382185796
cylinder	DMRG	8.0	1	SzSz nb	exact	-0.11684569547894591	0.0	0.0	27.876427382185796	27.876427382185796
cylinder	DMRG	8.0	1	SzSz nb	UHF	-0.11684569547894591	0.09978181031209965	0.8539622268762057	1.3642698431549685	27.876427382185796
cylinder	DMRG	8.0	1	SzSz nb	UHFsym	-0.11684569547894591	-0.04051328197853596	0.3467246423796239	6.555921611494535	27.876427382185796
cylinder	DMRG	8.0	1	SxSx nb	chi4	-0.11684570196163535	0.04367131698515814	0.3737520187049499	6.17542436343137	34.67933646052081
cylinder	DMRG	8.0	1	SxSx nb	chi8	-0.11684570196163535	0.017095622068118543	0.14630937878854672	20.230455255177613	34.67933646052081
cylinder	DMRG	8.0	1	SxSx nb	chi32	-0.11684570196163535	0.003647451208421054	0.03121596384964715	33.59645148115503	34.67933646052081
cylinder	DMRG	8.0	1	SxSx nb	chi128	-0.11684570196163535	0.0004540478904834083	0.0038858758419072067	34.66359314080726	34.67933646052081
cylinder	DMRG	8.0	1	SxSx nb	exact	-0.11684570196163535	0.0	0.0	34.67933646052081	34.67933646052081
cylinder	DMRG	8.0	1	SxSx nb	UHF	-0.11684570196163535	-0.11055812956094245	0.9461890998544616	1.1303666517686308	34.67933646052081
cylinder	DMRG	8.0	1	SxSx nb	UHFsym	-0.11684570196163535	-0.040410583415624673	0.34584569853406266	6.972740545132876	34.67933646052081
cylinder	ED	8.0	2	n	chi4	1.0000000000000044	4.122258090433206e-13	4.122258090433188e-13	0.9999999990854895	0.9999999991839019
cylinder	ED	8.0	2	n	chi8	1.0000000000000044	3.751789989792087e-10	3.7517899897920705e-10	0.9999999977387062	0.9999999991839019
cylinder	ED	8.0	2	n	chi32	1.0000000000000044	-2.113536012871009e-10	2.1135360128709997e-10	0.9999999994348547	0.9999999991839019
cylinder	ED	8.0	2	n	chi128	1.0000000000000044	4.413198695374376e-10	4.4131986953743566e-10	0.9999999987957824	0.9999999991839019
cylinder	ED	8.0	2	n	exact	1.0000000000000044	1.4216450239246115e-10	1.4216450239246052e-10	0.9999999991839019	0.9999999991839019
cylinder	ED	8.0	2	n	UHF	1.0000000000000044	-4.6629367034256575e-15	4.662936703425637e-15	0.01141160013614665	0.9999999991839019
cylinder	ED	8.0	2	n	UHFsym	1.0000000000000044	1.5543122344752192e-15	1.5543122344752123e-15	1.0000000000000424	0.9999999991839019
cylinder	ED	8.0	2	Sz	chi4	-2.1847454401147104e-13	4.765040063914316e-10	NaN	1.0000000013548622	1.0000000011920505
cylinder	ED	8.0	2	Sz	chi8	-2.1847454401147104e-13	9.946943130278996e-10	NaN	1.0000000033051597	1.0000000011920505
cylinder	ED	8.0	2	Sz	chi32	-2.1847454401147104e-13	3.9836499030054817e-10	NaN	1.0000000008626886	1.0000000011920505
cylinder	ED	8.0	2	Sz	chi128	-2.1847454401147104e-13	4.109434632859621e-10	NaN	1.0000000017311443	1.0000000011920505
cylinder	ED	8.0	2	Sz	exact	-2.1847454401147104e-13	3.555346086980826e-10	NaN	1.0000000011920505	1.0000000011920505
cylinder	ED	8.0	2	Sz	UHF	-2.1847454401147104e-13	-0.45862831725761877	NaN	0.025600872466690683	1.0000000011920505
cylinder	ED	8.0	2	Sz	UHFsym	-2.1847454401147104e-13	-2.1846858089952237e-13	NaN	0.9999999999999887	1.0000000011920505
cylinder	ED	8.0	2	DoubleOcc	chi4	0.04434574949185524	0.029276407957081002	0.6601852103651569	26.192409489426048	75.91267255021967
cylinder	ED	8.0	2	DoubleOcc	chi8	0.04434574949185524	0.015180770460275606	0.34232752031993013	47.639806420474976	75.91267255021967
cylinder	ED	8.0	2	DoubleOcc	chi32	0.04434574949185524	0.0035920521747717926	0.0810010478102648	71.32016796455834	75.91267255021967
cylinder	ED	8.0	2	DoubleOcc	chi128	0.04434574949185524	0.00041996918633893654	0.009470336867709726	75.52789238448979	75.91267255021967
cylinder	ED	8.0	2	DoubleOcc	exact	0.04434574949185524	7.695954079567358e-8	1.7354434568708405e-6	75.91267255021967	75.91267255021967
cylinder	ED	8.0	2	DoubleOcc	UHF	0.04434574949185524	0.004685682882205278	0.10566250285308343	1.3132286610552297	75.91267255021967
cylinder	ED	8.0	2	DoubleOcc	UHFsym	0.04434574949185524	0.004685682882206915	0.10566250285312036	69.43076886274383	75.91267255021967
cylinder	ED	8.0	2	ZZ onsite	chi4	-0.8226170020325821	0.11710563182750444	0.14235741728915316	35.712574073398216	182.97763295197532
cylinder	ED	8.0	2	ZZ onsite	chi8	-0.8226170020325821	0.06072308109075042	0.0738169536256987	83.02192007340454	182.97763295197532
cylinder	ED	8.0	2	ZZ onsite	chi32	-0.8226170020325821	0.014368209121800146	0.01746646262634753	165.87089291828326	182.97763295197532
cylinder	ED	8.0	2	ZZ onsite	chi128	-0.8226170020325821	0.0016798758627216692	0.0020421117708130385	181.84281712363182	182.97763295197532
cylinder	ED	8.0	2	ZZ onsite	exact	-0.8226170020325821	3.075538400620914e-7	3.738724574159845e-7	182.97763295197532	182.97763295197532
cylinder	ED	8.0	2	ZZ onsite	UHF	-0.8226170020325821	0.01874273152883621	0.022784274434548887	158.1611464662652	182.97763295197532
cylinder	ED	8.0	2	ZZ onsite	UHFsym	-0.8226170020325821	0.01874273152883632	0.02278427443454902	158.16114646626497	182.97763295197532
cylinder	ED	8.0	2	ZZ up-up nb	chi4	-0.49466751796472624	0.13006567861482216	0.26293555548172637	10.97180824665188	38.64742431639368
cylinder	ED	8.0	2	ZZ up-up nb	chi8	-0.49466751796472624	0.061159066057219824	0.12363671321871786	25.065224227411857	38.64742431639368
cylinder	ED	8.0	2	ZZ up-up nb	chi32	-0.49466751796472624	0.024746658428140778	0.05002685142933806	35.734594406675086	38.64742431639368
cylinder	ED	8.0	2	ZZ up-up nb	chi128	-0.49466751796472624	0.002058769866609189	0.004161926530126436	38.66128649266569	38.64742431639368
cylinder	ED	8.0	2	ZZ up-up nb	exact	-0.49466751796472624	6.277271412669094e-7	1.2689879938946616e-6	38.64742431639368	38.64742431639368
cylinder	ED	8.0	2	ZZ up-up nb	UHF	-0.49466751796472624	0.3969927948022341	0.8025446999949224	1.55223417949142	38.64742431639368
cylinder	ED	8.0	2	ZZ up-up nb	UHFsym	-0.49466751796472624	-0.16418757436031367	0.3319150103808141	7.430529059676041	38.64742431639368
cylinder	ED	8.0	2	SzSz nb	chi4	-0.11684564828046141	0.040717139974112124	0.34846946012383695	6.220731289927905	23.85699199258982
cylinder	ED	8.0	2	SzSz nb	chi8	-0.11684564828046141	0.01656096826222124	0.1417337188499344	15.760627759106525	23.85699199258982
cylinder	ED	8.0	2	SzSz nb	chi32	-0.11684564828046141	0.006220722384932903	0.05323880244133246	22.063311138648675	23.85699199258982
cylinder	ED	8.0	2	SzSz nb	chi128	-0.11684564828046141	0.0005223053169540054	0.00447004509487876	23.815120674678102	23.85699199258982
cylinder	ED	8.0	2	SzSz nb	exact	-0.11684564828046141	1.5300667700890447e-7	1.309476897604665e-6	23.85699199258982	23.85699199258982
cylinder	ED	8.0	2	SzSz nb	UHF	-0.11684564828046141	0.09978185751058376	0.8539629757633771	1.316270574770424	23.85699199258982
cylinder	ED	8.0	2	SzSz nb	UHFsym	-0.11684564828046141	-0.04051323478005141	0.3467243784963955	6.499909274909817	23.85699199258982
cylinder	ED	8.0	2	SxSx nb	chi4	-0.11684564828029242	0.04768372615607819	0.40809158798702716	5.062669568782386	29.38608497884357
cylinder	ED	8.0	2	SxSx nb	chi8	-0.11684564828029242	0.017565638690351465	0.15033198881497536	17.857016476878808	29.38608497884357
cylinder	ED	8.0	2	SxSx nb	chi32	-0.11684564828029242	0.005284229577874666	0.04522401694583197	27.7637525419187	29.38608497884357
cylinder	ED	8.0	2	SxSx nb	chi128	-0.11684564828029242	0.0005279502529655367	0.004518356145357469	29.366936602112915	29.38608497884357
cylinder	ED	8.0	2	SxSx nb	exact	-0.11684564828029242	1.5881911388793135e-7	1.3592214705929987e-6	29.38608497884357	29.38608497884357
cylinder	ED	8.0	2	SxSx nb	UHF	-0.11684564828029242	-0.11055807587959936	0.9461890751326034	1.1202219249548708	29.38608497884357
cylinder	ED	8.0	2	SxSx nb	UHFsym	-0.11684564828029242	-0.0404105297342818	0.34584539800184905	6.730651774511405	29.38608497884357
cylinder	DMRG	8.0	2	n	chi4	0.9999999998578399	-1.4175227658341782e-10	1.4175227660356934e-10	0.9999999990854895	0.9999999991839019
cylinder	DMRG	8.0	2	n	chi8	0.9999999998578399	2.3301449658674755e-10	2.3301449661987293e-10	0.9999999977387062	0.9999999991839019
cylinder	DMRG	8.0	2	n	chi32	0.9999999998578399	-3.5351810367956205e-10	3.535181037298182e-10	0.9999999994348547	0.9999999991839019
cylinder	DMRG	8.0	2	n	chi128	0.9999999998578399	2.991553671449765e-10	2.991553671875044e-10	0.9999999987957824	0.9999999991839019
cylinder	DMRG	8.0	2	n	exact	0.9999999998578399	0.0	0.0	0.9999999991839019	0.9999999991839019
cylinder	DMRG	8.0	2	n	UHF	0.9999999998578399	-1.4216916532916457e-10	1.4216916534937536e-10	0.01141160013614665	0.9999999991839019
cylinder	DMRG	8.0	2	n	UHFsym	0.9999999998578399	-1.4216294808022667e-10	1.4216294810043655e-10	1.0000000000000424	0.9999999991839019
cylinder	DMRG	8.0	2	Sz	chi4	-3.557530832420941e-10	1.2096939769334902e-10	NaN	1.0000000013548622	1.0000000011920505
cylinder	DMRG	8.0	2	Sz	chi8	-3.557530832420941e-10	6.391597043298169e-10	NaN	1.0000000033051597	1.0000000011920505
cylinder	DMRG	8.0	2	Sz	chi32	-3.557530832420941e-10	4.283038160246555e-11	NaN	1.0000000008626886	1.0000000011920505
cylinder	DMRG	8.0	2	Sz	chi128	-3.557530832420941e-10	5.5408854587879475e-11	NaN	1.0000000017311443	1.0000000011920505
cylinder	DMRG	8.0	2	Sz	exact	-3.557530832420941e-10	0.0	NaN	1.0000000011920505	1.0000000011920505
cylinder	DMRG	8.0	2	Sz	UHF	-3.557530832420941e-10	-0.45862831761315337	NaN	0.025600872466690683	1.0000000011920505
cylinder	DMRG	8.0	2	Sz	UHFsym	-3.557530832420941e-10	-3.5575307727898214e-10	NaN	0.9999999999999887	1.0000000011920505
cylinder	DMRG	8.0	2	DoubleOcc	chi4	0.044345672532314445	0.029276330997540206	0.6601846206347802	26.192409489426048	75.91267255021967
cylinder	DMRG	8.0	2	DoubleOcc	chi8	0.044345672532314445	0.01518069350073481	0.3423263789645477	47.639806420474976	75.91267255021967
cylinder	DMRG	8.0	2	DoubleOcc	chi32	0.044345672532314445	0.003591975215230997	0.08099945293677854	71.32016796455834	75.91267255021967
cylinder	DMRG	8.0	2	DoubleOcc	chi128	0.044345672532314445	0.00041989222679814087	0.00946861785650376	75.52789238448979	75.91267255021967
cylinder	DMRG	8.0	2	DoubleOcc	exact	0.044345672532314445	0.0	0.0	75.91267255021967	75.91267255021967
cylinder	DMRG	8.0	2	DoubleOcc	UHF	0.044345672532314445	0.004685605922664482	0.10566095077823223	1.3132286610552297	75.91267255021967
cylinder	DMRG	8.0	2	DoubleOcc	UHFsym	0.044345672532314445	0.0046856059226661195	0.10566095077826916	69.43076886274383	75.91267255021967
cylinder	DMRG	8.0	2	ZZ onsite	chi4	-0.8226173095864222	0.11710532427366438	0.14235699019333797	35.712574073398216	182.97763295197532
cylinder	DMRG	8.0	2	ZZ onsite	chi8	-0.8226173095864222	0.06072277353691036	0.07381655215526554	83.02192007340454	182.97763295197532
cylinder	DMRG	8.0	2	ZZ onsite	chi32	-0.8226173095864222	0.014367901567960084	0.017466082223803032	165.87089291828326	182.97763295197532
cylinder	DMRG	8.0	2	ZZ onsite	chi128	-0.8226173095864222	0.0016795683088816071	0.0020417371350063425	181.84281712363182	182.97763295197532
cylinder	DMRG	8.0	2	ZZ onsite	exact	-0.8226173095864222	0.0	0.0	182.97763295197532	182.97763295197532
cylinder	DMRG	8.0	2	ZZ onsite	UHF	-0.8226173095864222	0.018742423974996147	0.022783892043821762	158.1611464662652	182.97763295197532
cylinder	DMRG	8.0	2	ZZ onsite	UHFsym	-0.8226173095864222	0.01874242397499626	0.022783892043821898	158.16114646626497	182.97763295197532
cylinder	DMRG	8.0	2	ZZ up-up nb	chi4	-0.4946681456918675	0.1300650508876809	0.26293395283370313	10.97180824665188	38.64742431639368
cylinder	DMRG	8.0	2	ZZ up-up nb	chi8	-0.4946681456918675	0.06115843833007856	0.1236352873390287	25.065224227411857	38.64742431639368
cylinder	DMRG	8.0	2	ZZ up-up nb	chi32	-0.4946681456918675	0.02474603070099951	0.05002551895956122	35.734594406675086	38.64742431639368
cylinder	DMRG	8.0	2	ZZ up-up nb	chi128	-0.4946681456918675	0.0020581421394679222	0.004160652262314773	38.66128649266569	38.64742431639368
cylinder	DMRG	8.0	2	ZZ up-up nb	exact	-0.4946681456918675	0.0	0.0	38.64742431639368	38.64742431639368
cylinder	DMRG	8.0	2	ZZ up-up nb	UHF	-0.4946681456918675	0.3969921670750928	0.8025424125902423	1.55223417949142	38.64742431639368
cylinder	DMRG	8.0	2	ZZ up-up nb	UHFsym	-0.4946681456918675	-0.16418820208745494	0.33191585817156904	7.430529059676041	38.64742431639368
cylinder	DMRG	8.0	2	SzSz nb	chi4	-0.11684580128713842	0.040716986967435115	0.348467694336544	6.220731289927905	23.85699199258982
cylinder	DMRG	8.0	2	SzSz nb	chi8	-0.11684580128713842	0.01656081525554423	0.14173222377796413	15.760627759106525	23.85699199258982
cylinder	DMRG	8.0	2	SzSz nb	chi32	-0.11684580128713842	0.006220569378255894	0.05323742325125902	22.063311138648675	23.85699199258982
cylinder	DMRG	8.0	2	SzSz nb	chi128	-0.11684580128713842	0.0005221523102769965	0.004468729766282765	23.815120674678102	23.85699199258982
cylinder	DMRG	8.0	2	SzSz nb	exact	-0.11684580128713842	0.0	0.0	23.85699199258982	23.85699199258982
cylinder	DMRG	8.0	2	SzSz nb	UHF	-0.11684580128713842	0.09978170450390675	0.8539605480448704	1.316270574770424	23.85699199258982
cylinder	DMRG	8.0	2	SzSz nb	UHFsym	-0.11684580128713842	-0.040513387786728416	0.3467252339446094	6.499909274909817	23.85699199258982
cylinder	DMRG	8.0	2	SxSx nb	chi4	-0.11684580709940631	0.0476835673369643	0.40808967408130964	5.062669568782386	29.38608497884357
cylinder	DMRG	8.0	2	SxSx nb	chi8	-0.11684580709940631	0.017565479871237577	0.15033042526116305	17.857016476878808	29.38608497884357
cylinder	DMRG	8.0	2	SxSx nb	chi32	-0.11684580709940631	0.005284070758760778	0.04522259625683758	27.7637525419187	29.38608497884357
cylinder	DMRG	8.0	2	SxSx nb	chi128	-0.11684580709940631	0.0005277914338516487	0.00451699078429602	29.366936602112915	29.38608497884357
cylinder	DMRG	8.0	2	SxSx nb	exact	-0.11684580709940631	0.0	0.0	29.38608497884357	29.38608497884357
cylinder	DMRG	8.0	2	SxSx nb	UHF	-0.11684580709940631	-0.11055823469871325	0.9461891482734683	1.1202219249548708	29.38608497884357
cylinder	DMRG	8.0	2	SxSx nb	UHFsym	-0.11684580709940631	-0.04041068855339569	0.34584628714162063	6.730651774511405	29.38608497884357
cylinder	ED	8.0	3	n	chi4	0.9999999999999949	5.372602362996304e-11	5.372602362996331e-11	0.999999998716858	0.9999999972645389
cylinder	ED	8.0	3	n	chi8	0.9999999999999949	-1.4950158888638043e-9	1.495015888863812e-9	0.9999999959708086	0.9999999972645389
cylinder	ED	8.0	3	n	chi32	0.9999999999999949	3.737454790098127e-12	3.737454790098146e-12	0.9999999978128931	0.9999999972645389
cylinder	ED	8.0	3	n	chi128	0.9999999999999949	2.380995400841357e-10	2.3809954008413694e-10	0.9999999978241807	0.9999999972645389
cylinder	ED	8.0	3	n	exact	0.9999999999999949	4.425126931550949e-12	4.4251269315509716e-12	0.9999999972645389	0.9999999972645389
cylinder	ED	8.0	3	n	UHF	0.9999999999999949	-6.8833827526759706e-15	6.883382752676006e-15	0.011729410372031044	0.9999999972645389
cylinder	ED	8.0	3	n	UHFsym	0.9999999999999949	-1.1102230246251565e-15	1.1102230246251623e-15	1.000000000000026	0.9999999972645389
cylinder	ED	8.0	3	Sz	chi4	4.905485739836735e-13	8.594986840304575e-10	NaN	0.9999999988204779	0.9999999976683334
cylinder	ED	8.0	3	Sz	chi8	4.905485739836735e-13	1.0381770252504419e-9	NaN	0.9999999990590894	0.9999999976683334
cylinder	ED	8.0	3	Sz	chi32	4.905485739836735e-13	1.3770244354505135e-9	NaN	0.9999999981354043	0.9999999976683334
cylinder	ED	8.0	3	Sz	chi128	4.905485739836735e-13	1.6037253192102696e-9	NaN	0.9999999977558058	0.9999999976683334
cylinder	ED	8.0	3	Sz	exact	4.905485739836735e-13	1.721895594858358e-9	NaN	0.9999999976683334	0.9999999976683334
cylinder	ED	8.0	3	Sz	UHF	4.905485739836735e-13	0.4586283172578854	NaN	0.017078898721530813	0.9999999976683334
cylinder	ED	8.0	3	Sz	UHFsym	4.905485739836735e-13	4.905908578684004e-13	NaN	1.0000000000000007	0.9999999976683334
cylinder	ED	8.0	3	DoubleOcc	chi4	0.044345749491853326	0.03358069864563726	0.7572472904490273	28.22583349468696	76.6002721133674
cylinder	ED	8.0	3	DoubleOcc	chi8	0.044345749491853326	0.018263996647910785	0.4118545036941146	53.09897484272642	76.6002721133674
cylinder	ED	8.0	3	DoubleOcc	chi32	0.044345749491853326	0.005565772136821745	0.12550858200838894	75.7519106928899	76.6002721133674
cylinder	ED	8.0	3	DoubleOcc	chi128	0.044345749491853326	0.0006510710632846306	0.014681701645480986	76.93023598104253	76.6002721133674
cylinder	ED	8.0	3	DoubleOcc	exact	0.044345749491853326	4.084005403304225e-8	9.209463026562421e-7	76.6002721133674	76.6002721133674
cylinder	ED	8.0	3	DoubleOcc	UHF	0.044345749491853326	0.004685682882202086	0.10566250285301602	1.4732741332883612	76.6002721133674
cylinder	ED	8.0	3	DoubleOcc	UHFsym	0.044345749491853326	0.004685682882205333	0.10566250285308924	76.4312083019361	76.6002721133674
cylinder	ED	8.0	3	ZZ onsite	chi4	-0.8226170020325776	0.13432279447509543	0.16328716054154194	33.612512752698166	181.80945281920702
cylinder	ED	8.0	3	ZZ onsite	chi8	-0.8226170020325776	0.07305598958167447	0.08880923856565426	82.02979302450137	181.80945281920702
cylinder	ED	8.0	3	ZZ onsite	chi32	-0.8226170020325776	0.022263088539810738	0.027063734988216383	169.57299986067645	181.80945281920702
cylinder	ED	8.0	3	ZZ onsite	chi128	-0.8226170020325776	0.002604283776937666	0.0031658521164804835	182.73664815093628	181.80945281920702
cylinder	ED	8.0	3	ZZ onsite	exact	-0.8226170020325776	1.6335136443501597e-7	1.9857523492876564e-7	181.80945281920702	181.80945281920702
cylinder	ED	8.0	3	ZZ onsite	UHF	-0.8226170020325776	0.018742731528821	0.022784274434530523	174.25852046352975	181.80945281920702
cylinder	ED	8.0	3	ZZ onsite	UHFsym	-0.8226170020325776	0.018742731528828216	0.022784274434539294	174.25852046352097	181.80945281920702
cylinder	ED	8.0	3	ZZ up-up nb	chi4	-0.4946675179647719	0.012772591683287093	0.025820558697360645	32.4220031643524	32.98604861815726
cylinder	ED	8.0	3	ZZ up-up nb	chi8	-0.4946675179647719	0.06061158251738391	0.12252994246875214	22.595869867132194	32.98604861815726
cylinder	ED	8.0	3	ZZ up-up nb	chi32	-0.4946675179647719	0.028473196448868088	0.057560271121128735	30.070756646753953	32.98604861815726
cylinder	ED	8.0	3	ZZ up-up nb	chi128	-0.4946675179647719	0.0030510623453953722	0.006167905177903062	32.976267246062605	32.98604861815726
cylinder	ED	8.0	3	ZZ up-up nb	exact	-0.4946675179647719	5.790745734035596e-7	1.1706339154551055e-6	32.98604861815726	32.98604861815726
cylinder	ED	8.0	3	ZZ up-up nb	UHF	-0.4946675179647719	0.3969927948021577	0.8025446999946939	1.5423438152487408	32.98604861815726
cylinder	ED	8.0	3	ZZ up-up nb	UHFsym	-0.4946675179647719	-0.16418757436036469	0.33191501038088667	7.239000988935885	32.98604861815726
cylinder	ED	8.0	3	SzSz nb	chi4	-0.11684564828047254	0.004631853695001256	0.03964078905089476	31.320962452827445	31.895301163931382
cylinder	ED	8.0	3	SzSz nb	chi8	-0.11684564828047254	0.0174128860422519	0.14902468597251106	20.112488281084868	31.895301163931382
cylinder	ED	8.0	3	SzSz nb	chi32	-0.11684564828047254	0.0073401067599803554	0.06281882866841047	29.436072462058206	31.895301163931382
cylinder	ED	8.0	3	SzSz nb	chi128	-0.11684564828047254	0.000761259895472502	0.006515089835825106	31.963965042457716	31.895301163931382
cylinder	ED	8.0	3	SzSz nb	exact	-0.11684564828047254	1.3400436979504882e-7	1.1468494699382302e-6	31.895301163931382	31.895301163931382
cylinder	ED	8.0	3	SzSz nb	UHF	-0.11684564828047254	0.09978185751056852	0.8539629757631654	1.4070187484533672	31.895301163931382
cylinder	ED	8.0	3	SzSz nb	UHFsym	-0.11684564828047254	-0.040513234780063995	0.3467243784964702	6.5882577465357155	31.895301163931382
cylinder	ED	8.0	3	SxSx nb	chi4	-0.11684564828029764	0.012065307155801341	0.10325850669986635	20.832830431235564	28.618724460843527
cylinder	ED	8.0	3	SxSx nb	chi8	-0.11684564828029764	0.015292787758003468	0.13088025085297178	18.645767085716844	28.618724460843527
cylinder	ED	8.0	3	SxSx nb	chi32	-0.11684564828029764	0.005965116588702246	0.05105125159982596	26.14318743305794	28.618724460843527
cylinder	ED	8.0	3	SxSx nb	chi128	-0.11684564828029764	0.0007507381180142797	0.006425041317870528	28.526495245185988	28.618724460843527
cylinder	ED	8.0	3	SxSx nb	exact	-0.11684564828029764	1.3949136962176922e-7	1.1938088553126722e-6	28.618724460843527	28.618724460843527
cylinder	ED	8.0	3	SxSx nb	UHF	-0.11684564828029764	-0.11055807587960452	0.9461890751326053	1.1268801167416524	28.618724460843527
cylinder	ED	8.0	3	SxSx nb	UHFsym	-0.11684564828029764	-0.04041052973428816	0.345845398001888	6.840623199516649	28.618724460843527
cylinder	DMRG	8.0	3	n	chi4	0.9999999999955698	4.930089669841209e-11	4.9300896698630503e-11	0.999999998716858	0.9999999972645389
cylinder	DMRG	8.0	3	n	chi8	0.9999999999955698	-1.4994410157953553e-9	1.4994410158019982e-9	0.9999999959708086	0.9999999972645389
cylinder	DMRG	8.0	3	n	chi32	0.9999999999955698	-6.87672141452822e-13	6.876721414558686e-13	0.9999999978128931	0.9999999972645389
cylinder	DMRG	8.0	3	n	chi128	0.9999999999955698	2.3367441315258475e-10	2.3367441315361996e-10	0.9999999978241807	0.9999999972645389
cylinder	DMRG	8.0	3	n	exact	0.9999999999955698	0.0	0.0	0.9999999972645389	0.9999999972645389
cylinder	DMRG	8.0	3	n	UHF	0.9999999999955698	-4.432010314303625e-12	4.43201031432326e-12	0.011729410372031044	0.9999999972645389
cylinder	DMRG	8.0	3	n	UHFsym	0.9999999999955698	-4.426237154575574e-12	4.426237154595183e-12	1.000000000000026	0.9999999972645389
cylinder	DMRG	8.0	3	Sz	chi4	-1.7214050462843744e-9	-8.623969108279006e-10	NaN	0.9999999988204779	0.9999999976683334
cylinder	DMRG	8.0	3	Sz	chi8	-1.7214050462843744e-9	-6.837185696079162e-10	NaN	0.9999999990590894	0.9999999976683334
cylinder	DMRG	8.0	3	Sz	chi32	-1.7214050462843744e-9	-3.4487115940784463e-10	NaN	0.9999999981354043	0.9999999976683334
cylinder	DMRG	8.0	3	Sz	chi128	-1.7214050462843744e-9	-1.1817027564808846e-10	NaN	0.9999999977558058	0.9999999976683334
cylinder	DMRG	8.0	3	Sz	exact	-1.7214050462843744e-9	0.0	NaN	0.9999999976683334	0.9999999976683334
cylinder	DMRG	8.0	3	Sz	UHF	-1.7214050462843744e-9	0.4586283155359898	NaN	0.017078898721530813	0.9999999976683334
cylinder	DMRG	8.0	3	Sz	UHFsym	-1.7214050462843744e-9	-1.7214050040004897e-9	NaN	1.0000000000000007	0.9999999976683334
cylinder	DMRG	8.0	3	DoubleOcc	chi4	0.04434570865179929	0.033580657805583225	0.757247066886611	28.22583349468696	76.6002721133674
cylinder	DMRG	8.0	3	DoubleOcc	chi8	0.04434570865179929	0.018263955807856752	0.4118539620431955	53.09897484272642	76.6002721133674
cylinder	DMRG	8.0	3	DoubleOcc	chi32	0.04434570865179929	0.005565731296767712	0.12550777664800913	75.7519106928899	76.6002721133674
cylinder	DMRG	8.0	3	DoubleOcc	chi128	0.04434570865179929	0.0006510302232305976	0.014680794219401487	76.93023598104253	76.6002721133674
cylinder	DMRG	8.0	3	DoubleOcc	exact	0.04434570865179929	0.0	0.0	76.6002721133674	76.6002721133674
cylinder	DMRG	8.0	3	DoubleOcc	UHF	0.04434570865179929	0.004685642042148053	0.10566167921544617	1.4732741332883612	76.6002721133674
cylinder	DMRG	8.0	3	DoubleOcc	UHFsym	0.04434570865179929	0.0046856420421513	0.1056616792155194	76.4312083019361	76.6002721133674
cylinder	DMRG	8.0	3	ZZ onsite	chi4	-0.822617165383942	0.134322631123731	0.16328692954156662	33.612512752698166	181.80945281920702
cylinder	DMRG	8.0	3	ZZ onsite	chi8	-0.822617165383942	0.07305582623031004	0.08880902235514684	82.02979302450137	181.80945281920702
cylinder	DMRG	8.0	3	ZZ onsite	chi32	-0.822617165383942	0.022262925188446303	0.02706353103883442	169.57299986067645	181.80945281920702
cylinder	DMRG	8.0	3	ZZ onsite	chi128	-0.822617165383942	0.002604120425573231	0.0031656529126252836	182.73664815093628	181.80945281920702
cylinder	DMRG	8.0	3	ZZ onsite	exact	-0.822617165383942	0.0	0.0	181.80945281920702	181.80945281920702
cylinder	DMRG	8.0	3	ZZ onsite	UHF	-0.822617165383942	0.018742568177456564	0.022784071334943274	174.25852046352975	181.80945281920702
cylinder	DMRG	8.0	3	ZZ onsite	UHFsym	-0.822617165383942	0.01874256817746378	0.022784071334952048	174.25852046352097	181.80945281920702
cylinder	DMRG	8.0	3	ZZ up-up nb	chi4	-0.4946680970393453	0.01277201260871369	0.02581935783842923	32.4220031643524	32.98604861815726
cylinder	DMRG	8.0	3	ZZ up-up nb	chi8	-0.4946680970393453	0.06061100344281051	0.12252862839866867	22.595869867132194	32.98604861815726
cylinder	DMRG	8.0	3	ZZ up-up nb	chi32	-0.4946680970393453	0.028472617374294684	0.057559033106656984	30.070756646753953	32.98604861815726
cylinder	DMRG	8.0	3	ZZ up-up nb	chi128	-0.4946680970393453	0.0030504832708219687	0.006166727325007453	32.976267246062605	32.98604861815726
cylinder	DMRG	8.0	3	ZZ up-up nb	exact	-0.4946680970393453	0.0	0.0	32.98604861815726	32.98604861815726
cylinder	DMRG	8.0	3	ZZ up-up nb	UHF	-0.4946680970393453	0.3969922157275843	0.8025425898772042	1.5423438152487408	32.98604861815726
cylinder	DMRG	8.0	3	ZZ up-up nb	UHFsym	-0.4946680970393453	-0.1641881534349381	0.33191579246291836	7.239000988935885	32.98604861815726
cylinder	DMRG	8.0	3	SzSz nb	chi4	-0.11684578228484234	0.004631719690631461	0.03963959674077431	31.320962452827445	31.895301163931382
cylinder	DMRG	8.0	3	SzSz nb	chi8	-0.11684578228484234	0.017412752037882104	0.14902336821567028	20.112488281084868	31.895301163931382
cylinder	DMRG	8.0	3	SzSz nb	chi32	-0.11684578228484234	0.00733997275561056	0.06281760977659806	29.436072462058206	31.895301163931382
cylinder	DMRG	8.0	3	SzSz nb	chi128	-0.11684578228484234	0.0007611258911027069	0.006513935515851674	31.963965042457716	31.895301163931382
cylinder	DMRG	8.0	3	SzSz nb	exact	-0.11684578228484234	0.0	0.0	31.895301163931382	31.895301163931382
cylinder	DMRG	8.0	3	SzSz nb	UHF	-0.11684578228484234	0.09978172350619872	0.8539608495491477	1.4070187484533672	31.895301163931382
cylinder	DMRG	8.0	3	SzSz nb	UHFsym	-0.11684578228484234	-0.04051336878443379	0.3467251277044112	6.5882577465357155	31.895301163931382
cylinder	DMRG	8.0	3	SxSx nb	chi4	-0.11684578777166726	0.01206516766443172	0.10325718962166369	20.832830431235564	28.618724460843527
cylinder	DMRG	8.0	3	SxSx nb	chi8	-0.11684578777166726	0.015292648266633846	0.13087890079972572	18.645767085716844	28.618724460843527
cylinder	DMRG	8.0	3	SxSx nb	chi32	-0.11684578777166726	0.005964977097332624	0.05104999684703235	26.14318743305794	28.618724460843527
cylinder	DMRG	8.0	3	SxSx nb	chi128	-0.11684578777166726	0.0007505986266446579	0.006423839840178329	28.526495245185988	28.618724460843527
cylinder	DMRG	8.0	3	SxSx nb	exact	-0.11684578777166726	0.0	0.0	28.618724460843527	28.618724460843527
cylinder	DMRG	8.0	3	SxSx nb	UHF	-0.11684578777166726	-0.11055821537097414	0.9461891393724873	1.1268801167416524	28.618724460843527
cylinder	DMRG	8.0	3	SxSx nb	UHFsym	-0.11684578777166726	-0.04041066922565778	0.3458461789365123	6.840623199516649	28.618724460843527
cylinder	ED	8.0	5	n	chi4	1.000000000000005	4.8508974614946965e-12	4.8508974614946714e-12	0.9999999963369919	0.9999999960551434
cylinder	ED	8.0	5	n	chi8	1.000000000000005	-3.38054473303373e-10	3.380544733033713e-10	0.9999999953891385	0.9999999960551434
cylinder	ED	8.0	5	n	chi32	1.000000000000005	-4.46576109425223e-12	4.465761094252207e-12	0.999999997075328	0.9999999960551434
cylinder	ED	8.0	5	n	chi128	1.000000000000005	1.0710676789926765e-10	1.0710676789926711e-10	0.9999999961257054	0.9999999960551434
cylinder	ED	8.0	5	n	exact	1.000000000000005	-1.0945533368555971e-10	1.0945533368555915e-10	0.9999999960551434	0.9999999960551434
cylinder	ED	8.0	5	n	UHF	1.000000000000005	5.218048215738236e-15	5.218048215738209e-15	0.015749871734904775	0.9999999960551434
cylinder	ED	8.0	5	n	UHFsym	1.000000000000005	1.1102230246251565e-14	1.1102230246251509e-14	1.00000000000003	0.9999999960551434
cylinder	ED	8.0	5	Sz	chi4	-9.366812880884368e-14	-9.600085032479555e-10	NaN	0.9999999989496011	0.9999999988254347
cylinder	ED	8.0	5	Sz	chi8	-9.366812880884368e-14	-1.3585761040463273e-9	NaN	0.9999999985477196	0.9999999988254347
cylinder	ED	8.0	5	Sz	chi32	-9.366812880884368e-14	-7.701627148526402e-10	NaN	0.9999999991581723	0.9999999988254347
cylinder	ED	8.0	5	Sz	chi128	-9.366812880884368e-14	-9.70877357675537e-10	NaN	0.9999999989275568	0.9999999988254347
cylinder	ED	8.0	5	Sz	exact	-9.366812880884368e-14	-1.083910253218967e-9	NaN	0.9999999988254347	0.9999999988254347
cylinder	ED	8.0	5	Sz	UHF	-9.366812880884368e-14	-0.44666744105211403	NaN	0.021513798423953772	0.9999999988254347
cylinder	ED	8.0	5	Sz	UHFsym	-9.366812880884368e-14	-9.367073089405764e-14	NaN	0.9999999999999998	0.9999999988254347
cylinder	ED	8.0	5	DoubleOcc	chi4	0.05427946426054564	0.04436833309593702	0.8174055087015151	13.529853832101086	52.842475047014
cylinder	ED	8.0	5	DoubleOcc	chi8	0.05427946426054564	0.04342525566885083	0.8000310294222183	13.951783635918233	52.842475047014
cylinder	ED	8.0	5	DoubleOcc	chi32	0.05427946426054564	0.008651806599593637	0.15939373605576307	46.29679395398795	52.842475047014
cylinder	ED	8.0	5	DoubleOcc	chi128	0.05427946426054564	0.0009891077917571767	0.01822250468444903	52.54118845614621	52.842475047014
cylinder	ED	8.0	5	DoubleOcc	exact	0.05427946426054564	4.4266325660569095e-8	8.155262079980616e-7	52.842475047014	52.842475047014
cylinder	ED	8.0	5	DoubleOcc	UHF	0.05427946426054564	0.003791267156505851	0.06984717347812193	1.1727166972174135	52.842475047014
cylinder	ED	8.0	5	DoubleOcc	UHFsym	0.05427946426054564	0.0037912671565057954	0.06984717347812092	50.97678859314731	52.842475047014
cylinder	ED	8.0	5	ZZ onsite	chi4	-0.7828821429578268	0.1774733323740475	0.2266922728669363	15.91012938493582	114.49735031757463
cylinder	ED	8.0	5	ZZ onsite	chi8	-0.7828821429578268	0.17370102335151338	0.22187378383066597	16.49328866165515	114.49735031757463
cylinder	ED	8.0	5	ZZ onsite	chi32	-0.7828821429578268	0.0346072264073054	0.04420489944572623	89.29800988559694	114.49735031757463
cylinder	ED	8.0	5	ZZ onsite	chi128	-0.7828821429578268	0.003956430952814061	0.005053673772486583	113.4146988381852	114.49735031757463
cylinder	ED	8.0	5	ZZ onsite	exact	-0.7828821429578268	1.7728421553009355e-7	2.2645070797028475e-7	114.49735031757463	114.49735031757463
cylinder	ED	8.0	5	ZZ onsite	UHF	-0.7828821429578268	0.015165068626013634	0.019370819429752356	107.16407145597816	114.49735031757463
cylinder	ED	8.0	5	ZZ onsite	UHFsym	-0.7828821429578268	0.015165068626007416	0.019370819429744415	107.16407145598279	114.49735031757463
cylinder	ED	8.0	5	ZZ up-up nb	chi4	-0.39551754590118915	0.1222334635874146	0.30904688010466114	6.126606723473641	12.81270414833499
cylinder	ED	8.0	5	ZZ up-up nb	chi8	-0.39551754590118915	0.12370795657832079	0.312774889155553	6.048996852316207	12.81270414833499
cylinder	ED	8.0	5	ZZ up-up nb	chi32	-0.39551754590118915	0.03138369341245911	0.0793484226874213	12.01309860263734	12.81270414833499
cylinder	ED	8.0	5	ZZ up-up nb	chi128	-0.39551754590118915	0.0026385277165196785	0.006671076274271922	12.813817624949843	12.81270414833499
cylinder	ED	8.0	5	ZZ up-up nb	exact	-0.39551754590118915	4.1006162698753457e-7	1.0367722778346196e-6	12.81270414833499	12.81270414833499
cylinder	ED	8.0	5	ZZ up-up nb	UHF	-0.39551754590118915	0.44817149391839683	1.1331267059144883	0.8034702626778871	12.81270414833499
cylinder	ED	8.0	5	ZZ up-up nb	UHFsym	-0.39551754590118915	-0.0841197614641846	0.21268275538198236	8.268327399232312	12.81270414833499
cylinder	ED	8.0	5	SzSz nb	chi4	-0.09309695934437404	0.03138522744426124	0.3371240872450459	6.051772764355507	15.30763041419373
cylinder	ED	8.0	5	SzSz nb	chi8	-0.09309695934437404	0.03067482613432737	0.3294933191196764	6.223308644640458	15.30763041419373
cylinder	ED	8.0	5	SzSz nb	chi32	-0.09309695934437404	0.007428732524926138	0.07979565151474591	14.220857946567444	15.30763041419373
cylinder	ED	8.0	5	SzSz nb	chi128	-0.09309695934437404	0.0006258322263518884	0.006722370212295319	15.315705368280055	15.30763041419373
cylinder	ED	8.0	5	SzSz nb	exact	-0.09309695934437404	9.408401502319919e-8	1.010602448090425e-6	15.30763041419373	15.30763041419373
cylinder	ED	8.0	5	SzSz nb	UHF	-0.09309695934437404	0.11212007208105451	1.2043365634135512	0.7231425496898103	15.30763041419373
cylinder	ED	8.0	5	SzSz nb	UHFsym	-0.09309695934437404	-0.02095274176459086	0.2250636531219541	8.717444967533217	15.30763041419373
cylinder	ED	8.0	5	SxSx nb	chi4	-0.09309695934412895	0.037456991759188984	0.4023438791457281	5.895239841783587	18.51902262739824
cylinder	ED	8.0	5	SxSx nb	chi8	-0.09309695934412895	0.03241863969423475	0.34822447395301737	7.271897845598631	18.51902262739824
cylinder	ED	8.0	5	SxSx nb	chi32	-0.09309695934412895	0.006797728919888446	0.07301773299341528	18.54669791574848	18.51902262739824
cylinder	ED	8.0	5	SxSx nb	chi128	-0.09309695934412895	0.0006968836378961202	0.007485568194769063	18.668394373958872	18.51902262739824
cylinder	ED	8.0	5	SxSx nb	exact	-0.09309695934412895	9.90392180766353e-8	1.063828709061711e-6	18.51902262739824	18.51902262739824
cylinder	ED	8.0	5	SxSx nb	UHF	-0.09309695934412895	-0.08739173081466092	0.9387173483466963	1.1275828647744535	18.51902262739824
cylinder	ED	8.0	5	SxSx nb	UHFsym	-0.09309695934412895	-0.02085532389183814	0.22401724007706117	8.889487379623594	18.51902262739824
cylinder	DMRG	8.0	5	n	chi4	1.0000000001094604	1.143062311470544e-10	1.1430623113454239e-10	0.9999999963369919	0.9999999960551434
cylinder	DMRG	8.0	5	n	chi8	1.0000000001094604	-2.285991396178133e-10	2.2859913959279073e-10	0.9999999953891385	0.9999999960551434
cylinder	DMRG	8.0	5	n	chi32	1.0000000001094604	1.0498957259130748e-10	1.0498957257981528e-10	0.999999997075328	0.9999999960551434
cylinder	DMRG	8.0	5	n	chi128	1.0000000001094604	2.1656210158482736e-10	2.1656210156112238e-10	0.9999999961257054	0.9999999960551434
cylinder	DMRG	8.0	5	n	exact	1.0000000001094604	0.0	0.0	0.9999999960551434	0.9999999960551434
cylinder	DMRG	8.0	5	n	UHF	1.0000000001094604	1.0946055173377545e-10	1.0946055172179385e-10	0.015749871734904775	0.9999999960551434
cylinder	DMRG	8.0	5	n	UHFsym	1.0000000001094604	1.0946643591580596e-10	1.0946643590382372e-10	1.00000000000003	0.9999999960551434
cylinder	DMRG	8.0	5	Sz	chi4	1.0838165850901582e-9	1.2390174997101155e-10	NaN	0.9999999989496011	0.9999999988254347
cylinder	DMRG	8.0	5	Sz	chi8	1.0838165850901582e-9	-2.746658508273603e-10	NaN	0.9999999985477196	0.9999999988254347
cylinder	DMRG	8.0	5	Sz	chi32	1.0838165850901582e-9	3.1374753836632685e-10	NaN	0.9999999991581723	0.9999999988254347
cylinder	DMRG	8.0	5	Sz	chi128	1.0838165850901582e-9	1.130328955434301e-10	NaN	0.9999999989275568	0.9999999988254347
cylinder	DMRG	8.0	5	Sz	exact	1.0838165850901582e-9	0.0	NaN	0.9999999988254347	0.9999999988254347
cylinder	DMRG	8.0	5	Sz	UHF	1.0838165850901582e-9	-0.4466674399682038	NaN	0.021513798423953772	0.9999999988254347
cylinder	DMRG	8.0	5	Sz	UHFsym	1.0838165850901582e-9	1.083816582488073e-9	NaN	0.9999999999999998	0.9999999988254347
cylinder	DMRG	8.0	5	DoubleOcc	chi4	0.05427941999421998	0.04436828882961136	0.8174053597908005	13.529853832101086	52.842475047014
cylinder	DMRG	8.0	5	DoubleOcc	chi8	0.05427941999421998	0.04342521140252517	0.8000308663421489	13.951783635918233	52.842475047014
cylinder	DMRG	8.0	5	DoubleOcc	chi32	0.05427941999421998	0.008651762333267976	0.15939305051876515	46.29679395398795	52.842475047014
cylinder	DMRG	8.0	5	DoubleOcc	chi128	0.05427941999421998	0.000989063525431516	0.018221704018518213	52.54118845614621	52.842475047014
cylinder	DMRG	8.0	5	DoubleOcc	exact	0.05427941999421998	0.0	0.0	52.842475047014	52.842475047014
cylinder	DMRG	8.0	5	DoubleOcc	UHF	0.05427941999421998	0.0037912228901801903	0.06984641491349583	1.1727166972174135	52.842475047014
cylinder	DMRG	8.0	5	DoubleOcc	UHFsym	0.05427941999421998	0.003791222890180135	0.06984641491349482	50.97678859314731	52.842475047014
cylinder	DMRG	8.0	5	ZZ onsite	chi4	-0.7828823202420423	0.17747315508983197	0.22669199508166554	15.91012938493582	114.49735031757463
cylinder	DMRG	8.0	5	ZZ onsite	chi8	-0.7828823202420423	0.17370084606729785	0.22187350713654522	16.49328866165515	114.49735031757463
cylinder	DMRG	8.0	5	ZZ onsite	chi32	-0.7828823202420423	0.03460704912308987	0.044204662984841034	89.29800988559694	114.49735031757463
cylinder	DMRG	8.0	5	ZZ onsite	chi128	-0.7828823202420423	0.0039562536685985306	0.005053446177422148	113.4146988381852	114.49735031757463
cylinder	DMRG	8.0	5	ZZ onsite	exact	-0.7828823202420423	0.0	0.0	114.49735031757463	114.49735031757463
cylinder	DMRG	8.0	5	ZZ onsite	UHF	-0.7828823202420423	0.015164891341798103	0.019370588592560887	107.16407145597816	114.49735031757463
cylinder	DMRG	8.0	5	ZZ onsite	UHFsym	-0.7828823202420423	0.015164891341791886	0.019370588592552945	107.16407145598279	114.49735031757463
cylinder	DMRG	8.0	5	ZZ up-up nb	chi4	-0.39551795596281614	0.12223305352578762	0.30904552292255255	6.126606723473641	12.81270414833499
cylinder	DMRG	8.0	5	ZZ up-up nb	chi8	-0.39551795596281614	0.1237075465166938	0.312773528108352	6.048996852316207	12.81270414833499
cylinder	DMRG	8.0	5	ZZ up-up nb	chi32	-0.39551795596281614	0.031383283350832125	0.07934730365005872	12.01309860263734	12.81270414833499
cylinder	DMRG	8.0	5	ZZ up-up nb	chi128	-0.39551795596281614	0.002638117654892691	0.006670032586689209	12.813817624949843	12.81270414833499
cylinder	DMRG	8.0	5	ZZ up-up nb	exact	-0.39551795596281614	0.0	0.0	12.81270414833499	12.81270414833499
cylinder	DMRG	8.0	5	ZZ up-up nb	UHF	-0.39551795596281614	0.44817108385676985	1.1331244943501473	0.8034702626778871	12.81270414833499
cylinder	DMRG	8.0	5	ZZ up-up nb	UHFsym	-0.39551795596281614	-0.08412017152581158	0.21268357164982918	8.268327399232312	12.81270414833499
cylinder	DMRG	8.0	5	SzSz nb	chi4	-0.09309705342838906	0.03138513336024622	0.33712273594553555	6.051772764355507	15.30763041419373
cylinder	DMRG	8.0	5	SzSz nb	chi8	-0.09309705342838906	0.030674732050312348	0.3294919755318312	6.223308644640458	15.30763041419373
cylinder	DMRG	8.0	5	SzSz nb	chi32	-0.09309705342838906	0.0074286384409111145	0.07979456027171986	14.220857946567444	15.30763041419373
cylinder	DMRG	8.0	5	SzSz nb	chi128	-0.09309705342838906	0.0006257381423368652	0.006721352817231617	15.315705368280055	15.30763041419373
cylinder	DMRG	8.0	5	SzSz nb	exact	-0.09309705342838906	0.0	0.0	15.30763041419373	15.30763041419373
cylinder	DMRG	8.0	5	SzSz nb	UHF	-0.09309705342838906	0.11211997799703949	1.204334335707875	0.7231425496898103	15.30763041419373
cylinder	DMRG	8.0	5	SzSz nb	UHFsym	-0.09309705342838906	-0.020952835848605883	0.2250644362737319	8.717444967533217	15.30763041419373
cylinder	DMRG	8.0	5	SxSx nb	chi4	-0.09309705838334703	0.03745689271997091	0.4023423872936366	5.895239841783587	18.51902262739824
cylinder	DMRG	8.0	5	SxSx nb	chi8	-0.09309705838334703	0.032418540655016675	0.3482230396746416	7.271897845598631	18.51902262739824
cylinder	DMRG	8.0	5	SxSx nb	chi32	-0.09309705838334703	0.0067976298806703694	0.07301659148755996	18.54669791574848	18.51902262739824
cylinder	DMRG	8.0	5	SxSx nb	chi128	-0.09309705838334703	0.0006967845986780435	0.007484496403837853	18.668394373958872	18.51902262739824
cylinder	DMRG	8.0	5	SxSx nb	exact	-0.09309705838334703	0.0	0.0	18.51902262739824	18.51902262739824
cylinder	DMRG	8.0	5	SxSx nb	UHF	-0.09309705838334703	-0.087391829853879	0.9387174135408711	1.1275828647744535	18.51902262739824
cylinder	DMRG	8.0	5	SxSx nb	UHFsym	-0.09309705838334703	-0.020855422931056217	0.2240180655889207	8.889487379623594	18.51902262739824
cylinder	ED	8.0	6	n	chi4	1.000000000000001	-4.844791234859258e-12	4.8447912348592525e-12	0.9999999941738368	0.9999999967459637
cylinder	ED	8.0	6	n	chi8	1.000000000000001	3.9430725351508045e-10	3.9430725351508003e-10	0.999999997544867	0.9999999967459637
cylinder	ED	8.0	6	n	chi32	1.000000000000001	-1.8403611967698907e-10	1.8403611967698887e-10	0.9999999974056838	0.9999999967459637
cylinder	ED	8.0	6	n	chi128	1.000000000000001	-1.607083355281702e-10	1.6070833552817003e-10	0.9999999976153421	0.9999999967459637
cylinder	ED	8.0	6	n	exact	1.000000000000001	-3.519695646048149e-11	3.519695646048145e-11	0.9999999967459637	0.9999999967459637
cylinder	ED	8.0	6	n	UHF	1.000000000000001	8.881784197001252e-16	8.881784197001242e-16	0.011656263043365625	0.9999999967459637
cylinder	ED	8.0	6	n	UHFsym	1.000000000000001	6.8833827526759706e-15	6.883382752675963e-15	1.0000000000000355	0.9999999967459637
cylinder	ED	8.0	6	Sz	chi4	1.3855236402626758e-13	1.3065433804304583e-9	NaN	0.9999999984951795	0.9999999991675019
cylinder	ED	8.0	6	Sz	chi8	1.3855236402626758e-13	3.1168789077495873e-10	NaN	0.9999999992685397	0.9999999991675019
cylinder	ED	8.0	6	Sz	chi32	1.3855236402626758e-13	6.91528386637108e-10	NaN	0.9999999993745794	0.9999999991675019
cylinder	ED	8.0	6	Sz	chi128	1.3855236402626758e-13	6.3055634325071e-10	NaN	0.999999999423046	0.9999999991675019
cylinder	ED	8.0	6	Sz	exact	1.3855236402626758e-13	7.493905426758651e-10	NaN	0.9999999991675019	0.9999999991675019
cylinder	ED	8.0	6	Sz	UHF	1.3855236402626758e-13	0.44666744105215983	NaN	0.019300025648483637	0.9999999991675019
cylinder	ED	8.0	6	Sz	UHFsym	1.3855236402626758e-13	1.385588692393025e-13	NaN	1.0	0.9999999991675019
cylinder	ED	8.0	6	DoubleOcc	chi4	0.05427946426054117	0.04436833309108723	0.8174055086122339	16.7216708893797	87.28953447743328
cylinder	ED	8.0	6	DoubleOcc	chi8	0.05427946426054117	0.03127514781855123	0.5761874816676648	28.520554316208095	87.28953447743328
cylinder	ED	8.0	6	DoubleOcc	chi32	0.05427946426054117	0.00967116983646965	0.17817364206190542	74.55908036824951	87.28953447743328
cylinder	ED	8.0	6	DoubleOcc	chi128	0.05427946426054117	0.0007968625693083042	0.014680737552665732	87.43981504642004	87.28953447743328
cylinder	ED	8.0	6	DoubleOcc	exact	0.05427946426054117	4.2637101377307474e-8	7.855107259837642e-7	87.28953447743328	87.28953447743328
cylinder	ED	8.0	6	DoubleOcc	UHF	0.05427946426054117	0.003791267156501965	0.0698471734780561	1.6318377536364759	87.28953447743328
cylinder	ED	8.0	6	DoubleOcc	UHFsym	0.05427946426054117	0.0037912671565052125	0.06984717347811592	85.81632833485445	87.28953447743328
cylinder	ED	8.0	6	ZZ onsite	chi4	-0.7828821429578355	0.17747333237403984	0.22669227286692398	19.992098081458664	195.00294582852356
cylinder	ED	8.0	6	ZZ onsite	chi8	-0.7828821429578355	0.12510059048559108	0.15979492138234752	37.91215395787933	195.00294582852356
cylinder	ED	8.0	6	ZZ onsite	chi32	-0.7828821429578355	0.03868467971395129	0.04941315887956684	156.37816075909743	195.00294582852356
cylinder	ED	8.0	6	ZZ onsite	chi128	-0.7828821429578355	0.003187450598649666	0.004071430964828298	197.9031630356304	195.00294582852356
cylinder	ED	8.0	6	ZZ onsite	exact	-0.7828821429578355	1.7061880652757822e-7	2.179367712781864e-7	195.00294582852356	195.00294582852356
cylinder	ED	8.0	6	ZZ onsite	UHF	-0.7828821429578355	0.015165068626008082	0.01937081942974505	197.67703588707658	195.00294582852356
cylinder	ED	8.0	6	ZZ onsite	UHFsym	-0.7828821429578355	0.015165068626014855	0.0193708194297537	197.67703588707127	195.00294582852356
cylinder	ED	8.0	6	ZZ up-up nb	chi4	-0.39551754590118293	0.23679455085994006	0.5986954392134638	2.3523110058540286	16.303268348533614
cylinder	ED	8.0	6	ZZ up-up nb	chi8	-0.39551754590118293	0.11182736196578102	0.2827367916408954	6.8153112529909565	16.303268348533614
cylinder	ED	8.0	6	ZZ up-up nb	chi32	-0.39551754590118293	0.031077711728937807	0.0785747991486131	14.377689063464869	16.303268348533614
cylinder	ED	8.0	6	ZZ up-up nb	chi128	-0.39551754590118293	0.002466138406971796	0.006235218721719977	16.246169766632264	16.303268348533614
cylinder	ED	8.0	6	ZZ up-up nb	exact	-0.39551754590118293	5.694209623818836e-7	1.4396857188331895e-6	16.303268348533614	16.303268348533614
cylinder	ED	8.0	6	ZZ up-up nb	UHF	-0.39551754590118293	0.4481714939184017	1.1331267059145183	0.7487466174761996	16.303268348533614
cylinder	ED	8.0	6	ZZ up-up nb	UHFsym	-0.39551754590118293	-0.08411976146417793	0.21268275538196887	10.099360841762843	16.303268348533614
cylinder	ED	8.0	6	SzSz nb	chi4	-0.09309695934437387	0.064683199173977	0.6947938969167418	1.8887646549799024	13.458061627882088
cylinder	ED	8.0	6	SzSz nb	chi8	-0.09309695934437387	0.029702486710269344	0.31904894552352914	5.816349713631818	13.458061627882088
cylinder	ED	8.0	6	SzSz nb	chi32	-0.09309695934437387	0.008503105254113685	0.09133601477423069	12.096513579054648	13.458061627882088
cylinder	ED	8.0	6	SzSz nb	chi128	-0.09309695934437387	0.0005685722051291253	0.006107312302498802	13.441222326781215	13.458061627882088
cylinder	ED	8.0	6	SzSz nb	exact	-0.09309695934437387	1.4198724726521839e-7	1.525154508430238e-6	13.458061627882088	13.458061627882088
cylinder	ED	8.0	6	SzSz nb	UHF	-0.09309695934437387	0.11212007208105423	1.2043365634135503	0.6971907700532911	13.458061627882088
cylinder	ED	8.0	6	SzSz nb	UHFsym	-0.09309695934437387	-0.02095274176459075	0.22506365312195328	8.368567286860829	13.458061627882088
cylinder	ED	8.0	6	SxSx nb	chi4	-0.09309695934416666	0.06981224586280683	0.749887497450057	1.6042965803026605	14.385671822246307
cylinder	ED	8.0	6	SxSx nb	chi8	-0.09309695934416666	0.03042738015978942	0.326835380813068	5.680451592206518	14.385671822246307
cylinder	ED	8.0	6	SxSx nb	chi32	-0.09309695934416666	0.00789336313695925	0.08478647629917291	12.894151803094474	14.385671822246307
cylinder	ED	8.0	6	SxSx nb	chi128	-0.09309695934416666	0.0007586636721237522	0.008149177776248061	14.345999453236706	14.385671822246307
cylinder	ED	8.0	6	SxSx nb	exact	-0.09309695934416666	1.4729179835526462e-7	1.5821332876270115e-6	14.385671822246307	14.385671822246307
cylinder	ED	8.0	6	SxSx nb	UHF	-0.09309695934416666	-0.08739173081469855	0.9387173483467203	1.1206947583209852	14.385671822246307
cylinder	ED	8.0	6	SxSx nb	UHFsym	-0.09309695934416666	-0.020855323891875957	0.22401724007737667	8.794638972452871	14.385671822246307
cylinder	DMRG	8.0	6	n	chi4	1.000000000035198	3.035216522562223e-11	3.0352165224553894e-11	0.9999999941738368	0.9999999967459637
cylinder	DMRG	8.0	6	n	chi8	1.000000000035198	4.2950420997556193e-10	4.2950420996044423e-10	0.999999997544867	0.9999999967459637
cylinder	DMRG	8.0	6	n	chi32	1.000000000035198	-1.4883916321650759e-10	1.4883916321126874e-10	0.9999999974056838	0.9999999967459637
cylinder	DMRG	8.0	6	n	chi128	1.000000000035198	-1.2551137906768872e-10	1.2551137906327096e-10	0.9999999976153421	0.9999999967459637
cylinder	DMRG	8.0	6	n	exact	1.000000000035198	0.0	0.0	0.9999999967459637	0.9999999967459637
cylinder	DMRG	8.0	6	n	UHF	1.000000000035198	3.519784463890119e-11	3.519784463766229e-11	0.011656263043365625	0.9999999967459637
cylinder	DMRG	8.0	6	n	UHFsym	1.000000000035198	3.5203839843234164e-11	3.5203839841995054e-11	1.0000000000000355	0.9999999967459637
cylinder	DMRG	8.0	6	Sz	chi4	-7.492519903118389e-10	5.571528377545931e-10	NaN	0.9999999984951795	0.9999999991675019
cylinder	DMRG	8.0	6	Sz	chi8	-7.492519903118389e-10	-4.377026519009064e-10	NaN	0.9999999992685397	0.9999999991675019
cylinder	DMRG	8.0	6	Sz	chi32	-7.492519903118389e-10	-5.7862156038757107e-11	NaN	0.9999999993745794	0.9999999991675019
cylinder	DMRG	8.0	6	Sz	chi128	-7.492519903118389e-10	-1.1883419942515516e-10	NaN	0.999999999423046	0.9999999991675019
cylinder	DMRG	8.0	6	Sz	exact	-7.492519903118389e-10	0.0	NaN	0.9999999991675019	0.9999999991675019
cylinder	DMRG	8.0	6	Sz	UHF	-7.492519903118389e-10	0.4466674403027693	NaN	0.019300025648483637	0.9999999991675019
cylinder	DMRG	8.0	6	Sz	UHFsym	-7.492519903118389e-10	-7.492519838066258e-10	NaN	1.0	0.9999999991675019
cylinder	DMRG	8.0	6	DoubleOcc	chi4	0.054279421623439794	0.044368290453985854	0.8174053651821898	16.7216708893797	87.28953447743328
cylinder	DMRG	8.0	6	DoubleOcc	chi8	0.054279421623439794	0.03127510518144985	0.5761871487581243	28.520554316208095	87.28953447743328
cylinder	DMRG	8.0	6	DoubleOcc	chi32	0.054279421623439794	0.009671127199368273	0.17817299650797927	74.55908036824951	87.28953447743328
cylinder	DMRG	8.0	6	DoubleOcc	chi128	0.054279421623439794	0.0007968199322069269	0.01467996357320859	87.43981504642004	87.28953447743328
cylinder	DMRG	8.0	6	DoubleOcc	exact	0.054279421623439794	0.0	0.0	87.28953447743328	87.28953447743328
cylinder	DMRG	8.0	6	DoubleOcc	UHF	0.054279421623439794	0.003791224519400588	0.06984644283246012	1.6318377536364759	87.28953447743328
cylinder	DMRG	8.0	6	DoubleOcc	UHFsym	0.054279421623439794	0.003791224519403835	0.06984644283251996	85.81632833485445	87.28953447743328
cylinder	DMRG	8.0	6	ZZ onsite	chi4	-0.7828823135766421	0.1774731617552333	0.22669200552562893	19.992098081458664	195.00294582852356
cylinder	DMRG	8.0	6	ZZ onsite	chi8	-0.7828823135766421	0.12510041986678455	0.1597946686204421	37.91215395787933	195.00294582852356
cylinder	DMRG	8.0	6	ZZ onsite	chi32	-0.7828823135766421	0.03868450909514476	0.0494129301739011	156.37816075909743	195.00294582852356
cylinder	DMRG	8.0	6	ZZ onsite	chi128	-0.7828823135766421	0.0031872799798431384	0.0040712121407901905	197.9031630356304	195.00294582852356
cylinder	DMRG	8.0	6	ZZ onsite	exact	-0.7828823135766421	0.0	0.0	195.00294582852356	195.00294582852356
cylinder	DMRG	8.0	6	ZZ onsite	UHF	-0.7828823135766421	0.015164898007201555	0.019370597271408344	197.67703588707658	195.00294582852356
cylinder	DMRG	8.0	6	ZZ onsite	UHFsym	-0.7828823135766421	0.015164898007208327	0.019370597271416996	197.67703588707127	195.00294582852356
cylinder	DMRG	8.0	6	ZZ up-up nb	chi4	-0.3955181153221453	0.23679398143897767	0.5986931375977849	2.3523110058540286	16.303268348533614
cylinder	DMRG	8.0	6	ZZ up-up nb	chi8	-0.3955181153221453	0.11182679254481864	0.2827349449057141	6.8153112529909565	16.303268348533614
cylinder	DMRG	8.0	6	ZZ up-up nb	chi32	-0.3955181153221453	0.031077142307975425	0.07857324634211361	14.377689063464869	16.303268348533614
cylinder	DMRG	8.0	6	ZZ up-up nb	chi128	-0.3955181153221453	0.0024655689860094143	0.006233770061331412	16.246169766632264	16.303268348533614
cylinder	DMRG	8.0	6	ZZ up-up nb	exact	-0.3955181153221453	0.0	0.0	16.303268348533614	16.303268348533614
cylinder	DMRG	8.0	6	ZZ up-up nb	UHF	-0.3955181153221453	0.44817092449743934	1.1331236348868847	0.7487466174761996	16.303268348533614
cylinder	DMRG	8.0	6	ZZ up-up nb	UHFsym	-0.3955181153221453	-0.08412033088514032	0.21268388886973028	10.099360841762843	16.303268348533614
cylinder	DMRG	8.0	6	SzSz nb	chi4	-0.09309710133162113	0.06468305718672973	0.6947913120981313	1.8887646549799024	13.458061627882088
cylinder	DMRG	8.0	6	SzSz nb	chi8	-0.09309710133162113	0.02970234472302208	0.31904693377315124	5.816349713631818	13.458061627882088
cylinder	DMRG	8.0	6	SzSz nb	chi32	-0.09309710133162113	0.00850296326686642	0.0913343503207261	12.096513579054648	13.458061627882088
cylinder	DMRG	8.0	6	SzSz nb	chi128	-0.09309710133162113	0.0005684302178818601	0.006105777835735778	13.441222326781215	13.458061627882088
cylinder	DMRG	8.0	6	SzSz nb	exact	-0.09309710133162113	0.0	0.0	13.458061627882088	13.458061627882088
cylinder	DMRG	8.0	6	SzSz nb	UHF	-0.09309710133162113	0.11211993009380697	1.20433320146483	0.6971907700532911	13.458061627882088
cylinder	DMRG	8.0	6	SzSz nb	UHFsym	-0.09309710133162113	-0.020952883751838014	0.2250648350178139	8.368567286860829	13.458061627882088
cylinder	DMRG	8.0	6	SxSx nb	chi4	-0.09309710663596502	0.06981209857100848	0.7498847288991779	1.6042965803026605	14.385671822246307
cylinder	DMRG	8.0	6	SxSx nb	chi8	-0.09309710663596502	0.030427232867991066	0.3268332815859661	5.680451592206518	14.385671822246307
cylinder	DMRG	8.0	6	SxSx nb	chi32	-0.09309710663596502	0.007893215845160895	0.08478476002509416	12.894151803094474	14.385671822246307
cylinder	DMRG	8.0	6	SxSx nb	chi128	-0.09309710663596502	0.0007585163803253969	0.008147582752398547	14.345999453236706	14.385671822246307
cylinder	DMRG	8.0	6	SxSx nb	exact	-0.09309710663596502	0.0	0.0	14.385671822246307	14.385671822246307
cylinder	DMRG	8.0	6	SxSx nb	UHF	-0.09309710663596502	-0.0873918781064969	0.93871744530389	1.1206947583209852	14.385671822246307
cylinder	DMRG	8.0	6	SxSx nb	UHFsym	-0.09309710663596502	-0.020855471183674312	0.22401846778358936	8.794638972452871	14.385671822246307
cylinder	ED	8.0	7	n	chi4	0.9999999999999996	-2.2061685811536336e-11	2.2061685811536345e-11	1.000000009771912	1.0000000067548311
cylinder	ED	8.0	7	n	chi8	0.9999999999999996	6.106271044359346e-11	6.106271044359349e-11	1.0000000058460232	1.0000000067548311
cylinder	ED	8.0	7	n	chi32	0.9999999999999996	-7.077982644432268e-11	7.07798264443227e-11	1.0000000067534365	1.0000000067548311
cylinder	ED	8.0	7	n	chi128	0.9999999999999996	-2.207662941344779e-10	2.20766294134478e-10	1.0000000063286139	1.0000000067548311
cylinder	ED	8.0	7	n	exact	0.9999999999999996	-8.854650346279413e-11	8.854650346279417e-11	1.0000000067548311	1.0000000067548311
cylinder	ED	8.0	7	n	UHF	0.9999999999999996	-2.220446049250313e-16	2.220446049250314e-16	0.014887572633485138	1.0000000067548311
cylinder	ED	8.0	7	n	UHFsym	0.9999999999999996	5.440092820663267e-15	5.4400928206632694e-15	1.0000000000000346	1.0000000067548311
cylinder	ED	8.0	7	Sz	chi4	-9.0278479136785e-14	-1.6685231425672686e-9	NaN	0.999999998682263	0.9999999990523974
cylinder	ED	8.0	7	Sz	chi8	-9.0278479136785e-14	-1.0180653108732285e-9	NaN	0.9999999992488725	0.9999999990523974
cylinder	ED	8.0	7	Sz	chi32	-9.0278479136785e-14	-1.1383177907220432e-9	NaN	0.9999999990614843	0.9999999990523974
cylinder	ED	8.0	7	Sz	chi128	-9.0278479136785e-14	-1.025456108916245e-9	NaN	0.9999999990431537	0.9999999990523974
cylinder	ED	8.0	7	Sz	exact	-9.0278479136785e-14	-1.1338098827862186e-9	NaN	0.9999999990523974	0.9999999990523974
cylinder	ED	8.0	7	Sz	UHF	-9.0278479136785e-14	-0.4466674410521095	NaN	0.03021809228191421	0.9999999990523974
cylinder	ED	8.0	7	Sz	UHFsym	-9.0278479136785e-14	-9.032011250020844e-14	NaN	1.0	0.9999999990523974
cylinder	ED	8.0	7	DoubleOcc	chi4	0.054279464260537647	0.04308260327066005	0.7937182847617389	15.026949395406374	73.24502501201535
cylinder	ED	8.0	7	DoubleOcc	chi8	0.054279464260537647	0.02863911440368691	0.5276233801096701	26.344798815843262	73.24502501201535
cylinder	ED	8.0	7	DoubleOcc	chi32	0.054279464260537647	0.00959801097319865	0.17682582361404428	58.81654146735143	73.24502501201535
cylinder	ED	8.0	7	DoubleOcc	chi128	0.054279464260537647	0.0008505033335361178	0.015668970671002962	72.70439035545344	73.24502501201535
cylinder	ED	8.0	7	DoubleOcc	exact	0.054279464260537647	4.891068960954925e-8	9.010901318918947e-7	73.24502501201535	73.24502501201535
cylinder	ED	8.0	7	DoubleOcc	UHF	0.054279464260537647	0.003791267156496775	0.06984717347796501	1.7469391548419786	73.24502501201535
cylinder	ED	8.0	7	DoubleOcc	UHFsym	0.054279464260537647	0.003791267156497108	0.06984717347797115	69.45415988320707	73.24502501201535
cylinder	ED	8.0	7	ZZ onsite	chi4	-0.7828821429578482	0.17233041312676323	0.2201230602548586	18.59664431983768	161.30865838417256
cylinder	ED	8.0	7	ZZ onsite	chi8	-0.7828821429578482	0.11455645749261956	0.14632656846636938	36.87882554115209	161.30865838417256
cylinder	ED	8.0	7	ZZ onsite	chi32	-0.7828821429578482	0.038392044034353257	0.04903936611621036	117.9500617531744	161.30865838417256
cylinder	ED	8.0	7	ZZ onsite	chi128	-0.7828821429578482	0.003402013775674728	0.004345499263556327	161.06591707144074	161.30865838417256
cylinder	ED	8.0	7	ZZ onsite	exact	-0.7828821429578482	1.958198511120557e-7	2.5012685865105876e-7	161.30865838417256	161.30865838417256
cylinder	ED	8.0	7	ZZ onsite	UHF	-0.7828821429578482	0.015165068625988098	0.01937081942971921	153.14965211149516	161.30865838417256
cylinder	ED	8.0	7	ZZ onsite	UHFsym	-0.7828821429578482	0.015165068625983658	0.019370819429713537	153.14965211150002	161.30865838417256
cylinder	ED	8.0	7	ZZ up-up nb	chi4	-0.39551754590151333	0.13293066629798045	0.3360929690109908	5.4320644074021125	16.519460277584837
cylinder	ED	8.0	7	ZZ up-up nb	chi8	-0.39551754590151333	0.12756154908552642	0.322518053642278	5.720221247768146	16.519460277584837
cylinder	ED	8.0	7	ZZ up-up nb	chi32	-0.39551754590151333	0.03447561404606958	0.08716582716321326	14.014967598679947	16.519460277584837
cylinder	ED	8.0	7	ZZ up-up nb	chi128	-0.39551754590151333	0.0024166436476581454	0.0061100794963465585	16.445095106324604	16.519460277584837
cylinder	ED	8.0	7	ZZ up-up nb	exact	-0.39551754590151333	4.1176858461833277e-7	1.0410880348677781e-6	16.519460277584837	16.519460277584837
cylinder	ED	8.0	7	ZZ up-up nb	UHF	-0.39551754590151333	0.4481714939180689	1.1331267059127301	0.7349466918275095	16.519460277584837
cylinder	ED	8.0	7	ZZ up-up nb	UHFsym	-0.39551754590151333	-0.08411976146450872	0.21268275538262754	10.359661679453433	16.519460277584837
cylinder	ED	8.0	7	SzSz nb	chi4	-0.093096959344451	0.03341666321599879	0.35894473301066593	5.539515661783059	12.885804383971362
cylinder	ED	8.0	7	SzSz nb	chi8	-0.093096959344451	0.031819011486906856	0.34178357393155195	5.8815058628023245	12.885804383971362
cylinder	ED	8.0	7	SzSz nb	chi32	-0.093096959344451	0.00773768839964567	0.08311429776150762	12.344149875659939	12.885804383971362
cylinder	ED	8.0	7	SzSz nb	chi128	-0.093096959344451	0.0005843191931738656	0.006276458407324918	12.914519610755885	12.885804383971362
cylinder	ED	8.0	7	SzSz nb	exact	-0.093096959344451	9.495290721750482e-8	1.019935644366074e-6	12.885804383971362	12.885804383971362
cylinder	ED	8.0	7	SzSz nb	UHF	-0.093096959344451	0.1121200720809761	1.2043365634117131	0.7506402172651709	12.885804383971362
cylinder	ED	8.0	7	SzSz nb	UHFsym	-0.093096959344451	-0.020952741764668215	0.22506365312259893	7.663762919027313	12.885804383971362
cylinder	ED	8.0	7	SxSx nb	chi4	-0.09309695934425592	0.03964421608177014	0.42583792597535775	4.289489377886512	13.12882160471692
cylinder	ED	8.0	7	SxSx nb	chi8	-0.09309695934425592	0.027897532221893492	0.29966104605772786	6.610411312789004	13.12882160471692
cylinder	ED	8.0	7	SxSx nb	chi32	-0.09309695934425592	0.009054153940488044	0.09725509838626845	12.11708174759363	13.12882160471692
cylinder	ED	8.0	7	SxSx nb	chi128	-0.09309695934425592	0.0006778921209675132	0.00728157101738188	13.145374126930294	13.12882160471692
cylinder	ED	8.0	7	SxSx nb	exact	-0.09309695934425592	1.0023594299024552e-7	1.0766833170092152e-6	13.12882160471692	13.12882160471692
cylinder	ED	8.0	7	SxSx nb	UHF	-0.09309695934425592	-0.08739173081478759	0.9387173483467766	1.1072407141292704	13.12882160471692
cylinder	ED	8.0	7	SxSx nb	UHFsym	-0.09309695934425592	-0.020855323891965344	0.22401724007812202	7.864978243293814	13.12882160471692
cylinder	DMRG	8.0	7	n	chi4	1.000000000088546	6.64848176512578e-11	6.648481764537083e-11	1.000000009771912	1.0000000067548311
cylinder	DMRG	8.0	7	n	chi8	1.000000000088546	1.496092139063876e-10	1.496092138931403e-10	1.0000000058460232	1.0000000067548311
cylinder	DMRG	8.0	7	n	chi32	1.000000000088546	1.7766677018471455e-11	1.7766677016898287e-11	1.0000000067534365	1.0000000067548311
cylinder	DMRG	8.0	7	n	chi128	1.000000000088546	-1.3221979067168377e-10	1.3221979065997622e-10	1.0000000063286139	1.0000000067548311
cylinder	DMRG	8.0	7	n	exact	1.000000000088546	0.0	0.0	1.0000000067548311	1.0000000067548311
cylinder	DMRG	8.0	7	n	UHF	1.000000000088546	8.854628141818921e-11	8.854628141034879e-11	0.014887572633485138	1.0000000067548311
cylinder	DMRG	8.0	7	n	UHFsym	1.000000000088546	8.85519435556148e-11	8.855194354777388e-11	1.0000000000000346	1.0000000067548311
cylinder	DMRG	8.0	7	Sz	chi4	1.1337196043070819e-9	-5.3471325978105e-10	NaN	0.999999998682263	0.9999999990523974
cylinder	DMRG	8.0	7	Sz	chi8	1.1337196043070819e-9	1.1574457191299015e-10	NaN	0.9999999992488725	0.9999999990523974
cylinder	DMRG	8.0	7	Sz	chi32	1.1337196043070819e-9	-4.507907935824562e-12	NaN	0.9999999990614843	0.9999999990523974
cylinder	DMRG	8.0	7	Sz	chi128	1.1337196043070819e-9	1.0835377386997358e-10	NaN	0.9999999990431537	0.9999999990523974
cylinder	DMRG	8.0	7	Sz	exact	1.1337196043070819e-9	0.0	NaN	0.9999999990523974	0.9999999990523974
cylinder	DMRG	8.0	7	Sz	UHF	1.1337196043070819e-9	-0.4466674399182996	NaN	0.03021809228191421	0.9999999990523974
cylinder	DMRG	8.0	7	Sz	UHFsym	1.1337196043070819e-9	1.1337195626737184e-9	NaN	1.0	0.9999999990523974
cylinder	DMRG	8.0	7	DoubleOcc	chi4	0.05427941534984804	0.04308255435997044	0.7937180988831534	15.026949395406374	73.24502501201535
cylinder	DMRG	8.0	7	DoubleOcc	chi8	0.05427941534984804	0.0286390654929973	0.5276229544553759	26.344798815843262	73.24502501201535
cylinder	DMRG	8.0	7	DoubleOcc	chi32	0.05427941534984804	0.009597962062509041	0.17682508185924872	58.81654146735143	73.24502501201535
cylinder	DMRG	8.0	7	DoubleOcc	chi128	0.05427941534984804	0.0008504544228465083	0.015668083699226676	72.70439035545344	73.24502501201535
cylinder	DMRG	8.0	7	DoubleOcc	exact	0.05427941534984804	0.0	0.0	73.24502501201535	73.24502501201535
cylinder	DMRG	8.0	7	DoubleOcc	UHF	0.05427941534984804	0.0037912182458071653	0.06984633532567663	1.7469391548419786	73.24502501201535
cylinder	DMRG	8.0	7	DoubleOcc	UHFsym	0.05427941534984804	0.0037912182458074983	0.06984633532568277	69.45415988320707	73.24502501201535
cylinder	DMRG	8.0	7	ZZ onsite	chi4	-0.7828823387776993	0.17233021730691211	0.2201227550693867	18.59664431983768	161.30865838417256
cylinder	DMRG	8.0	7	ZZ onsite	chi8	-0.7828823387776993	0.11455626167276844	0.14632628173937753	36.87882554115209	161.30865838417256
cylinder	DMRG	8.0	7	ZZ onsite	chi32	-0.7828823387776993	0.038391848214502144	0.049039103723354745	117.9500617531744	161.30865838417256
cylinder	DMRG	8.0	7	ZZ onsite	chi128	-0.7828823387776993	0.003401817955823616	0.004345248049834431	161.06591707144074	161.30865838417256
cylinder	DMRG	8.0	7	ZZ onsite	exact	-0.7828823387776993	0.0	0.0	161.30865838417256	161.30865838417256
cylinder	DMRG	8.0	7	ZZ onsite	UHF	-0.7828823387776993	0.015164872806136986	0.019370564457762123	153.14965211149516	161.30865838417256
cylinder	DMRG	8.0	7	ZZ onsite	UHFsym	-0.7828823387776993	0.015164872806132546	0.01937056445775645	153.14965211150002	161.30865838417256
cylinder	DMRG	8.0	7	ZZ up-up nb	chi4	-0.39551795767009795	0.13293025452939583	0.33609157802203543	5.4320644074021125	16.519460277584837
cylinder	DMRG	8.0	7	ZZ up-up nb	chi8	-0.39551795767009795	0.1275611373169418	0.32251667678598983	5.720221247768146	16.519460277584837
cylinder	DMRG	8.0	7	ZZ up-up nb	chi32	-0.39551795767009795	0.03447520227748496	0.08716469532905703	14.014967598679947	16.519460277584837
cylinder	DMRG	8.0	7	ZZ up-up nb	chi128	-0.39551795767009795	0.002416231879073527	0.006109032048271521	16.445095106324604	16.519460277584837
cylinder	DMRG	8.0	7	ZZ up-up nb	exact	-0.39551795767009795	0.0	0.0	16.519460277584837	16.519460277584837
cylinder	DMRG	8.0	7	ZZ up-up nb	UHF	-0.39551795767009795	0.44817108214948426	1.1331244851423519	0.7349466918275095	16.519460277584837
cylinder	DMRG	8.0	7	ZZ up-up nb	UHFsym	-0.39551795767009795	-0.08412017323309334	0.2126835750483372	10.359661679453433	16.519460277584837
cylinder	DMRG	8.0	7	SzSz nb	chi4	-0.09309705429735822	0.03341656826309157	0.3589433469759077	5.539515661783059	12.885804383971362
cylinder	DMRG	8.0	7	SzSz nb	chi8	-0.09309705429735822	0.03181891653399964	0.3417822054000537	5.8815058628023245	12.885804383971362
cylinder	DMRG	8.0	7	SzSz nb	chi32	-0.09309705429735822	0.007737593446738453	0.08311319305575514	12.344149875659939	12.885804383971362
cylinder	DMRG	8.0	7	SzSz nb	chi128	-0.09309705429735822	0.0005842242402666481	0.006275432071143699	12.914519610755885	12.885804383971362
cylinder	DMRG	8.0	7	SzSz nb	exact	-0.09309705429735822	0.0	0.0	12.885804383971362	12.885804383971362
cylinder	DMRG	8.0	7	SzSz nb	UHF	-0.09309705429735822	0.11211997712806888	1.2043343151325732	0.7506402172651709	12.885804383971362
cylinder	DMRG	8.0	7	SzSz nb	UHFsym	-0.09309705429735822	-0.020952836717575432	0.2250644435069951	7.663762919027313	12.885804383971362
cylinder	DMRG	8.0	7	SxSx nb	chi4	-0.09309705958019891	0.03964411584582715	0.42583639080110297	4.289489377886512	13.12882160471692
cylinder	DMRG	8.0	7	SxSx nb	chi8	-0.09309705958019891	0.027897431985950502	0.2996596467358684	6.610411312789004	13.12882160471692
cylinder	DMRG	8.0	7	SxSx nb	chi32	-0.09309705958019891	0.009054053704545054	0.09725391699128151	12.11708174759363	13.12882160471692
cylinder	DMRG	8.0	7	SxSx nb	chi128	-0.09309705958019891	0.0006777918850245229	0.007280486495286522	13.145374126930294	13.12882160471692
cylinder	DMRG	8.0	7	SxSx nb	exact	-0.09309705958019891	0.0	0.0	13.12882160471692	13.12882160471692
cylinder	DMRG	8.0	7	SxSx nb	UHF	-0.09309705958019891	-0.08739183105073058	0.9387174143287143	1.1072407141292704	13.12882160471692
cylinder	DMRG	8.0	7	SxSx nb	UHFsym	-0.09309705958019891	-0.020855424127908334	0.22401807556491435	7.864978243293814	13.12882160471692
cylinder	ED	8.0	9	n	chi4	1.000000000000003	-3.2505109714975333e-12	3.2505109714975232e-12	0.9999999991757836	0.9999999990351042
cylinder	ED	8.0	9	n	chi8	1.000000000000003	-2.3618662581270655e-11	2.361866258127058e-11	0.99999999943778	0.9999999990351042
cylinder	ED	8.0	9	n	chi32	1.000000000000003	2.6014079779201893e-10	2.601407977920181e-10	0.9999999987907304	0.9999999990351042
cylinder	ED	8.0	9	n	chi128	1.000000000000003	-2.0407853185133717e-10	2.0407853185133653e-10	0.9999999994906068	0.9999999990351042
cylinder	ED	8.0	9	n	exact	1.000000000000003	6.155231879745315e-11	6.155231879745296e-11	0.9999999990351042	0.9999999990351042
cylinder	ED	8.0	9	n	UHF	1.000000000000003	4.9960036108132044e-15	4.996003610813189e-15	0.010434755085044744	0.9999999990351042
cylinder	ED	8.0	9	n	UHFsym	1.000000000000003	1.1102230246251565e-14	1.110223024625153e-14	1.00000000000003	0.9999999990351042
cylinder	ED	8.0	9	Sz	chi4	-1.8605603169241647e-13	1.1230376038839918e-9	NaN	1.0000000050905788	1.0000000053774238
cylinder	ED	8.0	9	Sz	chi8	-1.8605603169241647e-13	8.095089806814393e-10	NaN	1.0000000036630405	1.0000000053774238
cylinder	ED	8.0	9	Sz	chi32	-1.8605603169241647e-13	1.109270241633764e-9	NaN	1.000000005109777	1.0000000053774238
cylinder	ED	8.0	9	Sz	chi128	-1.8605603169241647e-13	1.104763454329305e-9	NaN	1.0000000049455215	1.0000000053774238
cylinder	ED	8.0	9	Sz	exact	-1.8605603169241647e-13	1.1818874941227353e-9	NaN	1.0000000053774238	1.0000000053774238
cylinder	ED	8.0	9	Sz	UHF	-1.8605603169241647e-13	0.4586283172572145	NaN	0.03503008897189037	1.0000000053774238
cylinder	ED	8.0	9	Sz	UHFsym	-1.8605603169241647e-13	-1.8605885061806493e-13	NaN	1.0000000000000007	1.0000000053774238
cylinder	ED	8.0	9	DoubleOcc	chi4	0.04434574949185571	0.03356686941124856	0.7569354401691477	22.58947661329721	73.76470935503846
cylinder	ED	8.0	9	DoubleOcc	chi8	0.04434574949185571	0.03231316588571717	0.7286643309896391	23.7224825656998	73.76470935503846
cylinder	ED	8.0	9	DoubleOcc	chi32	0.04434574949185571	0.006193306532877835	0.13965953003038684	65.89597078061772	73.76470935503846
cylinder	ED	8.0	9	DoubleOcc	chi128	0.04434574949185571	0.0009031487128715598	0.02036607168038567	73.10685867670007	73.76470935503846
cylinder	ED	8.0	9	DoubleOcc	exact	0.04434574949185571	4.707342923793156e-8	1.0615093842663951e-6	73.76470935503846	73.76470935503846
cylinder	ED	8.0	9	DoubleOcc	UHF	0.04434574949185571	0.004685682882211523	0.10566250285322314	1.174316340423804	73.76470935503846
cylinder	ED	8.0	9	DoubleOcc	UHFsym	0.04434574949185571	0.004685682882212966	0.10566250285325568	68.43359978913074	73.76470935503846
cylinder	ED	8.0	9	ZZ onsite	chi4	-0.8226170020325845	0.13426747765149394	0.16321991561046717	28.103788853183048	169.5652967197262
cylinder	ED	8.0	9	ZZ onsite	chi8	-0.8226170020325845	0.1292526635901009	0.1571237444287361	29.846007246403122	169.5652967197262
cylinder	ED	8.0	9	ZZ onsite	chi32	-0.8226170020325845	0.024773225611225747	0.030115139305429115	136.5732065605774	169.5652967197262
cylinder	ED	8.0	9	ZZ onsite	chi128	-0.8226170020325845	0.003612595259638862	0.004391588370666529	166.91772525649955	169.5652967197262
cylinder	ED	8.0	9	ZZ onsite	exact	-0.8226170020325845	1.8817060898346227e-7	2.2874631635197918e-7	169.5652967197262	169.5652967197262
cylinder	ED	8.0	9	ZZ onsite	UHF	-0.8226170020325845	0.01874273152883499	0.022784274434547336	146.92009549284987	169.5652967197262
cylinder	ED	8.0	9	ZZ onsite	UHFsym	-0.8226170020325845	0.0187427315288341	0.022784274434546257	146.92009549285126	169.5652967197262
cylinder	ED	8.0	9	ZZ up-up nb	chi4	-0.4946675179649312	0.052762415215463376	0.10666238089076206	23.132404806931863	32.46237959144408
cylinder	ED	8.0	9	ZZ up-up nb	chi8	-0.4946675179649312	0.07511363091827278	0.15184670145169682	18.10817378724475	32.46237959144408
cylinder	ED	8.0	9	ZZ up-up nb	chi32	-0.4946675179649312	0.0280149861540418	0.05663397158013493	28.883140213944877	32.46237959144408
cylinder	ED	8.0	9	ZZ up-up nb	chi128	-0.4946675179649312	0.0034453007088646737	0.006964881630066771	32.325884844518455	32.46237959144408
cylinder	ED	8.0	9	ZZ up-up nb	exact	-0.4946675179649312	5.629287259112381e-7	1.1379941182051622e-6	32.46237959144408	32.46237959144408
cylinder	ED	8.0	9	ZZ up-up nb	UHF	-0.4946675179649312	0.39699279480201727	0.8025446999941516	1.487703919499012	32.46237959144408
cylinder	ED	8.0	9	ZZ up-up nb	UHFsym	-0.4946675179649312	-0.16418757436052628	0.33191501038110643	7.410028522988771	32.46237959144408
cylinder	ED	8.0	9	SzSz nb	chi4	-0.11684564828051366	0.014622394975094738	0.12514282893951229	16.679618315097045	21.962201321916428
cylinder	ED	8.0	9	SzSz nb	chi8	-0.11684564828051366	0.018529554487179828	0.15858146845739227	14.402061588901288	21.962201321916428
cylinder	ED	8.0	9	SzSz nb	chi32	-0.11684564828051366	0.006938692337492142	0.059383404000072686	20.503484435897292	21.962201321916428
cylinder	ED	8.0	9	SzSz nb	chi128	-0.11684564828051366	0.0008144354932405062	0.006970182503376375	21.94831096147642	21.962201321916428
cylinder	ED	8.0	9	SzSz nb	exact	-0.11684564828051366	1.3041225754850672e-7	1.1161070991315262e-6	21.962201321916428	21.962201321916428
cylinder	ED	8.0	9	SzSz nb	UHF	-0.11684564828051366	0.09978185751053248	0.8539629757625564	1.355774455564093	21.962201321916428
cylinder	ED	8.0	9	SzSz nb	UHFsym	-0.11684564828051366	-0.040513234780104185	0.34672437849669213	6.19711918037186	21.962201321916428
cylinder	ED	8.0	9	SxSx nb	chi4	-0.116845648280274	0.01968289545194357	0.1684521053341313	14.803645335106648	25.1988715687246
cylinder	ED	8.0	9	SxSx nb	chi8	-0.116845648280274	0.019043276189437686	0.16297805241115335	15.355685920380774	25.1988715687246
cylinder	ED	8.0	9	SxSx nb	chi32	-0.116845648280274	0.005085902724509012	0.04352667642623383	24.035616424792913	25.1988715687246
cylinder	ED	8.0	9	SxSx nb	chi128	-0.116845648280274	0.0008072850463055892	0.0069089868402217244	25.172690208971257	25.1988715687246
cylinder	ED	8.0	9	SxSx nb	exact	-0.116845648280274	1.354306709833164e-7	1.1590561820365197e-6	25.1988715687246	25.1988715687246
cylinder	ED	8.0	9	SxSx nb	UHF	-0.116845648280274	-0.11055807587958216	0.9461890751326054	1.1298828044113454	25.1988715687246
cylinder	ED	8.0	9	SxSx nb	UHFsym	-0.116845648280274	-0.04041052973426379	0.34584539800174946	6.547905952610523	25.1988715687246
cylinder	DMRG	8.0	9	n	chi4	0.9999999999384508	-6.480282976895069e-11	6.480282977293925e-11	0.9999999991757836	0.9999999990351042
cylinder	DMRG	8.0	9	n	chi8	0.9999999999384508	-8.517098137872381e-11	8.517098138396601e-11	0.99999999943778	0.9999999990351042
cylinder	DMRG	8.0	9	n	chi32	0.9999999999384508	1.9858847899456578e-10	1.9858847900678874e-10	0.9999999987907304	0.9999999990351042
cylinder	DMRG	8.0	9	n	chi128	0.9999999999384508	-2.6563085064879033e-10	2.656308506651397e-10	0.9999999994906068	0.9999999990351042
cylinder	DMRG	8.0	9	n	exact	0.9999999999384508	0.0	0.0	0.9999999990351042	0.9999999990351042
cylinder	DMRG	8.0	9	n	UHF	0.9999999999384508	-6.154732279384234e-11	6.154732279763053e-11	0.010434755085044744	0.9999999990351042
cylinder	DMRG	8.0	9	n	UHFsym	0.9999999999384508	-6.15412165672069e-11	6.154121657099472e-11	1.00000000000003	0.9999999990351042
cylinder	DMRG	8.0	9	Sz	chi4	-1.1820735501544277e-9	-5.884989023874354e-11	NaN	1.0000000050905788	1.0000000053774238
cylinder	DMRG	8.0	9	Sz	chi8	-1.1820735501544277e-9	-3.72378513441296e-10	NaN	1.0000000036630405	1.0000000053774238
cylinder	DMRG	8.0	9	Sz	chi32	-1.1820735501544277e-9	-7.261725248897122e-11	NaN	1.000000005109777	1.0000000053774238
cylinder	DMRG	8.0	9	Sz	chi128	-1.1820735501544277e-9	-7.71240397934303e-11	NaN	1.0000000049455215	1.0000000053774238
cylinder	DMRG	8.0	9	Sz	exact	-1.1820735501544277e-9	0.0	NaN	1.0000000053774238	1.0000000053774238
cylinder	DMRG	8.0	9	Sz	UHF	-1.1820735501544277e-9	0.458628316075327	NaN	0.03503008897189037	1.0000000053774238
cylinder	DMRG	8.0	9	Sz	UHFsym	-1.1820735501544277e-9	-1.1820735529733534e-9	NaN	1.0000000000000007	1.0000000053774238
cylinder	DMRG	8.0	9	DoubleOcc	chi4	0.044345702418426475	0.033566822337819324	0.7569351821535626	22.58947661329721	73.76470935503846
cylinder	DMRG	8.0	9	DoubleOcc	chi8	0.044345702418426475	0.03231311881228793	0.7286640429639745	23.7224825656998	73.76470935503846
cylinder	DMRG	8.0	9	DoubleOcc	chi32	0.044345702418426475	0.006193259459448597	0.13965861676993488	65.89597078061772	73.76470935503846
cylinder	DMRG	8.0	9	DoubleOcc	chi128	0.044345702418426475	0.0009031016394423219	0.020365031788673757	73.10685867670007	73.76470935503846
cylinder	DMRG	8.0	9	DoubleOcc	exact	0.044345702418426475	0.0	0.0	73.76470935503846	73.76470935503846
cylinder	DMRG	8.0	9	DoubleOcc	UHF	0.044345702418426475	0.004685635808782285	0.10566155350456947	1.174316340423804	73.76470935503846
cylinder	DMRG	8.0	9	DoubleOcc	UHFsym	0.044345702418426475	0.004685635808783728	0.10566155350460202	68.43359978913074	73.76470935503846
cylinder	DMRG	8.0	9	ZZ onsite	chi4	-0.8226171902031935	0.13426728948088495	0.16321964952825724	28.103788853183048	169.5652967197262
cylinder	DMRG	8.0	9	ZZ onsite	chi8	-0.8226171902031935	0.12925247541949192	0.15712347974100258	29.846007246403122	169.5652967197262
cylinder	DMRG	8.0	9	ZZ onsite	chi32	-0.8226171902031935	0.024773037440616763	0.03011490367043948	136.5732065605774	169.5652967197262
cylinder	DMRG	8.0	9	ZZ onsite	chi128	-0.8226171902031935	0.0036124070890298787	0.004391358619843069	166.91772525649955	169.5652967197262
cylinder	DMRG	8.0	9	ZZ onsite	exact	-0.8226171902031935	0.0	0.0	169.5652967197262	169.5652967197262
cylinder	DMRG	8.0	9	ZZ onsite	UHF	-0.8226171902031935	0.018742543358226005	0.022784040476465654	146.92009549284987	169.5652967197262
cylinder	DMRG	8.0	9	ZZ onsite	UHFsym	-0.8226171902031935	0.018742543358225117	0.022784040476464575	146.92009549285126	169.5652967197262
cylinder	DMRG	8.0	9	ZZ up-up nb	chi4	-0.4946680808936571	0.052761852286737465	0.10666112151691493	23.11797757758119	32.43955412129229
cylinder	DMRG	8.0	9	ZZ up-up nb	chi8	-0.4946680808936571	0.07511306798954687	0.15184539065841718	18.09853899062161	32.43955412129229
cylinder	DMRG	8.0	9	ZZ up-up nb	chi32	-0.4946680808936571	0.028014423225315888	0.05663276913825855	28.862783285663454	32.43955412129229
cylinder	DMRG	8.0	9	ZZ up-up nb	chi128	-0.4946680808936571	0.0034447377801387624	0.006963735711258285	32.302907935978595	32.43955412129229
cylinder	DMRG	8.0	9	ZZ up-up nb	exact	-0.4946680808936571	0.0	0.0	32.43955412129229	32.43955412129229
cylinder	DMRG	8.0	9	ZZ up-up nb	UHF	-0.4946680808936571	0.39699223187329136	0.8025426487112195	1.4875363352257949	32.43955412129229
cylinder	DMRG	8.0	9	ZZ up-up nb	UHFsym	-0.4946680808936571	-0.1641881372892522	0.3319157706570299	7.409541955804984	32.43955412129229
cylinder	DMRG	8.0	9	SzSz nb	chi4	-0.11684577869277121	0.01462226456283719	0.12514157316101493	16.676065836205655	21.95653970268536
cylinder	DMRG	8.0	9	SzSz nb	chi8	-0.11684577869277121	0.01852942407492228	0.15858017535783364	14.399408943479225	21.95653970268536
cylinder	DMRG	8.0	9	SzSz nb	chi32	-0.11684577869277121	0.006938561925234593	0.05938222161605445	20.49837629541904	21.95653970268536
cylinder	DMRG	8.0	9	SzSz nb	chi128	-0.11684577869277121	0.0008143050809829577	0.006969058618061446	21.942622150831777	21.95653970268536
cylinder	DMRG	8.0	9	SzSz nb	exact	-0.11684577869277121	0.0	0.0	21.95653970268536	21.95653970268536
cylinder	DMRG	8.0	9	SzSz nb	UHF	-0.11684577869277121	0.09978172709827493	0.8539609065436271	1.3557354041019773	21.95653970268536
cylinder	DMRG	8.0	9	SzSz nb	UHFsym	-0.11684577869277121	-0.04051336519236173	0.3467251076214372	6.196813691632732	21.95653970268536
cylinder	DMRG	8.0	9	SxSx nb	chi4	-0.11684578371094498	0.01968276002127259	0.1684507510340649	14.803645335106648	25.1988715687246
cylinder	DMRG	8.0	9	SxSx nb	chi8	-0.11684578371094498	0.019043140758766702	0.1629767044558145	15.355685920380774	25.1988715687246
cylinder	DMRG	8.0	9	SxSx nb	chi32	-0.11684578371094498	0.005085767293838028	0.04352546692159028	24.035616424792913	25.1988715687246
cylinder	DMRG	8.0	9	SxSx nb	chi128	-0.11684578371094498	0.0008071496156346059	0.00690781977748847	25.172690208971257	25.1988715687246
cylinder	DMRG	8.0	9	SxSx nb	exact	-0.11684578371094498	0.0	0.0	25.1988715687246	25.1988715687246
cylinder	DMRG	8.0	9	SxSx nb	UHF	-0.11684578371094498	-0.11055821131025315	0.9461891375024183	1.1298828044113454	25.1988715687246
cylinder	DMRG	8.0	9	SxSx nb	UHFsym	-0.11684578371094498	-0.04041066516493477	0.34584615620280607	6.547905952610523	25.1988715687246
cylinder	ED	8.0	10	n	chi4	0.9999999999999957	3.2490676815655206e-12	3.2490676815655348e-12	1.000000004361515	1.0000000033132252
cylinder	ED	8.0	10	n	chi8	0.9999999999999957	1.2375644953266374e-10	1.2375644953266428e-10	1.0000000028599059	1.0000000033132252
cylinder	ED	8.0	10	n	chi32	0.9999999999999957	3.634392786722174e-11	3.634392786722189e-11	1.0000000039899808	1.0000000033132252
cylinder	ED	8.0	10	n	chi128	0.9999999999999957	-3.465561171367426e-12	3.465561171367441e-12	1.0000000034199699	1.0000000033132252
cylinder	ED	8.0	10	n	exact	0.9999999999999957	-1.6954215809050766e-12	1.6954215809050838e-12	1.0000000033132252	1.0000000033132252
cylinder	ED	8.0	10	n	UHF	0.9999999999999957	7.771561172376096e-16	7.771561172376129e-16	0.012498122030064238	1.0000000033132252
cylinder	ED	8.0	10	n	UHFsym	0.9999999999999957	6.772360450213455e-15	6.772360450213484e-15	1.0000000000000395	1.0000000033132252
cylinder	ED	8.0	10	Sz	chi4	2.2559384915687986e-13	-8.525662632472009e-10	NaN	1.0000000007949437	1.0000000006135534
cylinder	ED	8.0	10	Sz	chi8	2.2559384915687986e-13	-5.525552480845075e-10	NaN	1.000000000238309	1.0000000006135534
cylinder	ED	8.0	10	Sz	chi32	2.2559384915687986e-13	-7.78164071374432e-10	NaN	1.000000000649588	1.0000000006135534
cylinder	ED	8.0	10	Sz	chi128	2.2559384915687986e-13	-6.687838963181925e-10	NaN	1.0000000006373095	1.0000000006135534
cylinder	ED	8.0	10	Sz	exact	2.2559384915687986e-13	-6.478150099686886e-10	NaN	1.0000000006135534	1.0000000006135534
cylinder	ED	8.0	10	Sz	UHF	2.2559384915687986e-13	-0.4586283172571738	NaN	0.023864818607071965	1.0000000006135534
cylinder	ED	8.0	10	Sz	UHFsym	2.2559384915687986e-13	2.2560425749773572e-13	NaN	0.9999999999999877	1.0000000006135534
cylinder	ED	8.0	10	DoubleOcc	chi4	0.04434574949185405	0.03356686941450035	0.7569354402425041	29.404851263426067	87.49373080822934
cylinder	ED	8.0	10	DoubleOcc	chi8	0.04434574949185405	0.022267065588705004	0.5021240106178673	48.440754921645954	87.49373080822934
cylinder	ED	8.0	10	DoubleOcc	chi32	0.04434574949185405	0.005545611791349159	0.12505396469548546	86.20581127048048	87.49373080822934
cylinder	ED	8.0	10	DoubleOcc	chi128	0.04434574949185405	0.0007336001839592932	0.01654273954923345	87.94206755963195	87.49373080822934
cylinder	ED	8.0	10	DoubleOcc	exact	0.04434574949185405	4.601454833830232e-8	1.0376315400138815e-6	87.49373080822934	87.49373080822934
cylinder	ED	8.0	10	DoubleOcc	UHF	0.04434574949185405	0.00468568288221044	0.1056625028532027	1.7643844075223678	87.49373080822934
cylinder	ED	8.0	10	DoubleOcc	UHFsym	0.04434574949185405	0.004685682882212605	0.10566250285325152	87.0976037996617	87.49373080822934
cylinder	ED	8.0	10	ZZ onsite	chi4	-0.8226170020325783	0.13426747765150038	0.16321991561047622	32.08888087693146	221.71631889060083
cylinder	ED	8.0	10	ZZ onsite	chi8	-0.8226170020325783	0.08906826210730034	0.10827427817225319	61.48354935834446	221.71631889060083
cylinder	ED	8.0	10	ZZ onsite	chi32	-0.8226170020325783	0.022182447092702784	0.02696570462061066	190.35012756004227	221.71631889060083
cylinder	ED	8.0	10	ZZ onsite	chi128	-0.8226170020325783	0.0029344007427609675	0.0035671530438958223	220.9732328005349	221.71631889060083
cylinder	ED	8.0	10	ZZ onsite	exact	-0.8226170020325783	1.8406157820116675e-7	2.2375124480332262e-7	221.71631889060083	221.71631889060083
cylinder	ED	8.0	10	ZZ onsite	UHF	-0.8226170020325783	0.018742731528836765	0.022784274434549667	198.28193926471164	221.71631889060083
cylinder	ED	8.0	10	ZZ onsite	UHFsym	-0.8226170020325783	0.01874273152883954	0.022784274434553043	198.28193926470556	221.71631889060083
cylinder	ED	8.0	10	ZZ up-up nb	chi4	-0.49466751796442643	0.1193381939688386	0.24124930308729248	12.729123399919686	31.288190844217272
cylinder	ED	8.0	10	ZZ up-up nb	chi8	-0.49466751796442643	0.053062761045758244	0.10726954796650749	25.48691705590294	31.288190844217272
cylinder	ED	8.0	10	ZZ up-up nb	chi32	-0.49466751796442643	0.030342124325610342	0.06133842070421201	29.86393474872693	31.288190844217272
cylinder	ED	8.0	10	ZZ up-up nb	chi128	-0.49466751796442643	0.0027614675599567096	0.005582471983040734	31.438117312251688	31.288190844217272
cylinder	ED	8.0	10	ZZ up-up nb	exact	-0.49466751796442643	6.213603943039381e-7	1.2561172337752379e-6	31.288190844217272	31.288190844217272
cylinder	ED	8.0	10	ZZ up-up nb	UHF	-0.49466751796442643	0.3969927948025215	0.8025446999959898	1.6436809175165432	31.288190844217272
cylinder	ED	8.0	10	ZZ up-up nb	UHFsym	-0.49466751796442643	-0.16418757436002157	0.3319150103804248	6.857694222365695	31.288190844217272
cylinder	ED	8.0	10	SzSz nb	chi4	-0.11684564828039148	0.0351482810954451	0.300809500505322	8.19684654633377	28.080133297805112
cylinder	ED	8.0	10	SzSz nb	chi8	-0.11684564828039148	0.017216576084410573	0.14734460664804905	17.884167981648726	28.080133297805112
cylinder	ED	8.0	10	SzSz nb	chi32	-0.11684564828039148	0.007291718676634515	0.062404708981003434	25.66681953486997	28.080133297805112
cylinder	ED	8.0	10	SzSz nb	chi128	-0.11684564828039148	0.0006456901605581405	0.005526009483970635	28.07741823397539	28.080133297805112
cylinder	ED	8.0	10	SzSz nb	exact	-0.11684564828039148	1.5212454258783925e-7	1.3019273274327677e-6	28.080133297805112	28.080133297805112
cylinder	ED	8.0	10	SzSz nb	UHF	-0.11684564828039148	0.0997818575106546	0.8539629757644945	1.3754732864297188	28.080133297805112
cylinder	ED	8.0	10	SzSz nb	UHFsym	-0.11684564828039148	-0.04051323477998202	0.3467243784960092	6.564512109459839	28.080133297805112
cylinder	ED	8.0	10	SxSx nb	chi4	-0.11684564828017552	0.03950457341027719	0.3380919528603419	6.060013649531279	24.654869036893967
cylinder	ED	8.0	10	SxSx nb	chi8	-0.11684564828017552	0.01835707458717123	0.15710533389445674	14.148176718919537	24.654869036893967
cylinder	ED	8.0	10	SxSx nb	chi32	-0.11684564828017552	0.006451078786854927	0.055210261415866886	22.81363567569663	24.654869036893967
cylinder	ED	8.0	10	SxSx nb	chi128	-0.11684564828017552	0.0006514694366182017	0.0055754702567620785	24.616567835855946	24.654869036893967
cylinder	ED	8.0	10	SxSx nb	exact	-0.11684564828017552	1.5790959619066403e-7	1.351437546155115e-6	24.654869036893967	24.654869036893967
cylinder	ED	8.0	10	SxSx nb	UHF	-0.11684564828017552	-0.1105580758794837	0.9461890751325602	1.1056278860466995	24.654869036893967
cylinder	ED	8.0	10	SxSx nb	UHFsym	-0.11684564828017552	-0.040410529734165326	0.34584539800119823	6.4857284178713925	24.654869036893967
cylinder	DMRG	8.0	10	n	chi4	1.000000000001691	4.944489262470597e-12	4.944489262462236e-12	1.000000004361515	1.0000000033132252
cylinder	DMRG	8.0	10	n	chi8	1.000000000001691	1.2545187111356881e-10	1.2545187111335667e-10	1.0000000028599059	1.0000000033132252
cylinder	DMRG	8.0	10	n	chi32	1.000000000001691	3.8039349448126814e-11	3.803934944806249e-11	1.0000000039899808	1.0000000033132252
cylinder	DMRG	8.0	10	n	chi128	1.000000000001691	-1.7701395904623496e-12	1.7701395904593561e-12	1.0000000034199699	1.0000000033132252
cylinder	DMRG	8.0	10	n	exact	1.000000000001691	0.0	0.0	1.0000000033132252	1.0000000033132252
cylinder	DMRG	8.0	10	n	UHF	1.000000000001691	1.6961987370223142e-12	1.6961987370194457e-12	0.012498122030064238	1.0000000033132252
cylinder	DMRG	8.0	10	n	UHFsym	1.000000000001691	1.70219394135529e-12	1.7021939413524114e-12	1.0000000000000395	1.0000000033132252
cylinder	DMRG	8.0	10	Sz	chi4	6.480406038178455e-10	-2.047512532785123e-10	NaN	1.0000000007949437	1.0000000006135534
cylinder	DMRG	8.0	10	Sz	chi8	6.480406038178455e-10	9.525976188418106e-11	NaN	1.000000000238309	1.0000000006135534
cylinder	DMRG	8.0	10	Sz	chi32	6.480406038178455e-10	-1.3034906140574343e-10	NaN	1.000000000649588	1.0000000006135534
cylinder	DMRG	8.0	10	Sz	chi128	6.480406038178455e-10	-2.096888634950389e-11	NaN	1.0000000006373095	1.0000000006135534
cylinder	DMRG	8.0	10	Sz	exact	6.480406038178455e-10	0.0	NaN	1.0000000006135534	1.0000000006135534
cylinder	DMRG	8.0	10	Sz	UHF	6.480406038178455e-10	-0.45862831660935877	NaN	0.023864818607071965	1.0000000006135534
cylinder	DMRG	8.0	10	Sz	UHFsym	6.480406038178455e-10	6.480406142261863e-10	NaN	0.9999999999999877	1.0000000006135534
cylinder	DMRG	8.0	10	DoubleOcc	chi4	0.04434570347730571	0.03356682339995201	0.7569351880307891	29.404851263426067	87.49373080822934
cylinder	DMRG	8.0	10	DoubleOcc	chi8	0.04434570347730571	0.022267019574156666	0.5021234940055016	48.440754921645954	87.49373080822934
cylinder	DMRG	8.0	10	DoubleOcc	chi32	0.04434570347730571	0.00554556577680082	0.12505305682294138	86.20581127048048	87.49373080822934
cylinder	DMRG	8.0	10	DoubleOcc	chi128	0.04434570347730571	0.0007335541694109549	0.016541719081902884	87.94206755963195	87.49373080822934
cylinder	DMRG	8.0	10	DoubleOcc	exact	0.04434570347730571	0.0	0.0	87.49373080822934	87.49373080822934
cylinder	DMRG	8.0	10	DoubleOcc	UHF	0.04434570347730571	0.004685636867662102	0.10566157485944531	1.7643844075223678	87.49373080822934
cylinder	DMRG	8.0	10	DoubleOcc	UHFsym	0.04434570347730571	0.004685636867664267	0.10566157485949414	87.0976037996617	87.49373080822934
cylinder	DMRG	8.0	10	ZZ onsite	chi4	-0.8226171860941565	0.13426729358992218	0.16321965533863037	32.08888087693146	221.71631889060083
cylinder	DMRG	8.0	10	ZZ onsite	chi8	-0.8226171860941565	0.08906807804572214	0.10827403019455935	61.48354935834446	221.71631889060083
cylinder	DMRG	8.0	10	ZZ onsite	chi32	-0.8226171860941565	0.022182263031124583	0.026965474835807295	190.35012756004227	221.71631889060083
cylinder	DMRG	8.0	10	ZZ onsite	chi128	-0.8226171860941565	0.0029342166811827664	0.0035669284945463284	220.9732328005349	221.71631889060083
cylinder	DMRG	8.0	10	ZZ onsite	exact	-0.8226171860941565	0.0	0.0	221.71631889060083	221.71631889060083
cylinder	DMRG	8.0	10	ZZ onsite	UHF	-0.8226171860941565	0.018742547467258563	0.022784045585346302	198.28193926471164	221.71631889060083
cylinder	DMRG	8.0	10	ZZ onsite	UHFsym	-0.8226171860941565	0.01874254746726134	0.022784045585349678	198.28193926470556	221.71631889060083
cylinder	DMRG	8.0	10	ZZ up-up nb	chi4	-0.49466813932482073	0.1193375726084443	0.24124774393460993	12.729123399919686	31.288190844217272
cylinder	DMRG	8.0	10	ZZ up-up nb	chi8	-0.49466813932482073	0.05306213968536394	0.10726815710789293	25.48691705590294	31.288190844217272
cylinder	DMRG	8.0	10	ZZ up-up nb	chi32	-0.49466813932482073	0.03034150296521604	0.06133708754040551	29.86393474872693	31.288190844217272
cylinder	DMRG	8.0	10	ZZ up-up nb	chi128	-0.49466813932482073	0.0027608461995624056	0.005581208855154331	31.438117312251688	31.288190844217272
cylinder	DMRG	8.0	10	ZZ up-up nb	exact	-0.49466813932482073	0.0	0.0	31.288190844217272	31.288190844217272
cylinder	DMRG	8.0	10	ZZ up-up nb	UHF	-0.49466813932482073	0.39699217344212717	0.8025424357913715	1.6436809175165432	31.288190844217272
cylinder	DMRG	8.0	10	ZZ up-up nb	UHFsym	-0.49466813932482073	-0.16418819572041587	0.33191584957243975	6.857694222365695	31.288190844217272
cylinder	DMRG	8.0	10	SzSz nb	chi4	-0.11684580040493407	0.03514812897090251	0.3008078069480904	8.19684654633377	28.080133297805112
cylinder	DMRG	8.0	10	SzSz nb	chi8	-0.11684580040493407	0.017216423959867985	0.14734311289069643	17.884167981648726	28.080133297805112
cylinder	DMRG	8.0	10	SzSz nb	chi32	-0.11684580040493407	0.007291566552091927	0.062403325809080805	25.66681953486997	28.080133297805112
cylinder	DMRG	8.0	10	SzSz nb	chi128	-0.11684580040493407	0.0006455380360155527	0.005524700363884824	28.07741823397539	28.080133297805112
cylinder	DMRG	8.0	10	SzSz nb	exact	-0.11684580040493407	0.0	0.0	28.080133297805112	28.080133297805112
cylinder	DMRG	8.0	10	SzSz nb	UHF	-0.11684580040493407	0.09978170538611202	0.8539605620425749	1.3754732864297188	28.080133297805112
cylinder	DMRG	8.0	10	SzSz nb	UHFsym	-0.11684580040493407	-0.040513386904524606	0.3467252290122858	6.564512109459839	28.080133297805112
cylinder	DMRG	8.0	10	SxSx nb	chi4	-0.11684580618977171	0.039504415500681	0.33809014451508046	6.058198226117059	24.650682277134877
cylinder	DMRG	8.0	10	SxSx nb	chi8	-0.11684580618977171	0.01835691667757504	0.15710377014097698	14.1434831828359	24.650682277134877
cylinder	DMRG	8.0	10	SxSx nb	chi32	-0.11684580618977171	0.006450920877258737	0.05520883536702774	22.807036840891318	24.650682277134877
cylinder	DMRG	8.0	10	SxSx nb	chi128	-0.11684580618977171	0.000651311527022011	0.005574111286152645	24.612055336542415	24.650682277134877
cylinder	DMRG	8.0	10	SxSx nb	exact	-0.11684580618977171	0.0	0.0	24.650682277134877	24.650682277134877
cylinder	DMRG	8.0	10	SxSx nb	UHF	-0.11684580618977171	-0.11055823378907989	0.9461891478545662	1.1056301173254712	24.650682277134877
cylinder	DMRG	8.0	10	SxSx nb	UHFsym	-0.11684580618977171	-0.04041068764376152	0.3458462820490936	6.486399644675701	24.650682277134877
cylinder	ED	8.0	11	n	chi4	1.0000000000000062	-2.6012747511572343e-11	2.601274751157218e-11	1.0000000000448102	1.00000000000338
cylinder	ED	8.0	11	n	chi8	1.0000000000000062	-5.5556004241452683e-11	5.555600424145234e-11	1.000000000063724	1.00000000000338
cylinder	ED	8.0	11	n	chi32	1.0000000000000062	1.539823824003861e-11	1.5398238240038512e-11	0.9999999999916882	1.00000000000338
cylinder	ED	8.0	11	n	chi128	1.0000000000000062	2.3121460301922525e-10	2.312146030192238e-10	0.9999999997510426	1.00000000000338
cylinder	ED	8.0	11	n	exact	1.0000000000000062	2.436384427539906e-12	2.4363844275398907e-12	1.00000000000338	1.00000000000338
cylinder	ED	8.0	11	n	UHF	1.0000000000000062	7.882583474838611e-15	7.882583474838563e-15	0.01263182921539921	1.00000000000338
cylinder	ED	8.0	11	n	UHFsym	1.0000000000000062	1.3655743202889425e-14	1.365574320288934e-14	1.0000000000000349	1.00000000000338
cylinder	ED	8.0	11	Sz	chi4	-1.0667161598476582e-13	3.405416504342895e-10	NaN	0.9999999999163048	0.9999999999697503
cylinder	ED	8.0	11	Sz	chi8	-1.0667161598476582e-13	5.167158020902285e-11	NaN	0.9999999999826646	0.9999999999697503
cylinder	ED	8.0	11	Sz	chi32	-1.0667161598476582e-13	1.8239934562735982e-10	NaN	0.999999999957782	0.9999999999697503
cylinder	ED	8.0	11	Sz	chi128	-1.0667161598476582e-13	1.2429496321075817e-10	NaN	0.9999999999909568	0.9999999999697503
cylinder	ED	8.0	11	Sz	exact	-1.0667161598476582e-13	1.2744345162518655e-10	NaN	0.9999999999697503	0.9999999999697503
cylinder	ED	8.0	11	Sz	UHF	-1.0667161598476582e-13	0.4586283172572937	NaN	0.029712465114847098	0.9999999999697503
cylinder	ED	8.0	11	Sz	UHFsym	-1.0667161598476582e-13	-1.0664429409001919e-13	NaN	1.0	0.9999999999697503
cylinder	ED	8.0	11	DoubleOcc	chi4	0.04434574949184836	0.02786336402452766	0.6283209629741292	26.768145477712373	66.04867769237919
cylinder	ED	8.0	11	DoubleOcc	chi8	0.04434574949184836	0.023260547824620614	0.5245271100648862	32.12701237777408	66.04867769237919
cylinder	ED	8.0	11	DoubleOcc	chi32	0.04434574949184836	0.0051780462026696505	0.1167653329124921	60.756573868186635	66.04867769237919
cylinder	ED	8.0	11	DoubleOcc	chi128	0.04434574949184836	0.0005923768081126934	0.013358141758807894	65.67615148636976	66.04867769237919
cylinder	ED	8.0	11	DoubleOcc	exact	0.04434574949184836	6.728533388788982e-8	1.5172893605115012e-6	66.04867769237919	66.04867769237919
cylinder	ED	8.0	11	DoubleOcc	UHF	0.04434574949184836	0.00468568288220389	0.10566250285306854	1.51095793618697	66.04867769237919
cylinder	ED	8.0	11	DoubleOcc	UHFsym	0.04434574949184836	0.004685682882205305	0.10566250285310046	61.43058858113868	66.04867769237919
cylinder	ED	8.0	11	ZZ onsite	chi4	-0.8226170020326117	0.11145345615014346	0.13548644858391223	38.501800705946636	148.10388947236916
cylinder	ED	8.0	11	ZZ onsite	chi8	-0.8226170020326117	0.0930421914095978	0.11310511596490107	49.3411213918113	148.10388947236916
cylinder	ED	8.0	11	ZZ onsite	chi32	-0.8226170020326117	0.020712184779886567	0.0251784059030006	132.49447953732232	148.10388947236916
cylinder	ED	8.0	11	ZZ onsite	chi128	-0.8226170020326117	0.0023695067700254535	0.002880449545986307	147.51849637468445	148.10388947236916
cylinder	ED	8.0	11	ZZ onsite	exact	-0.8226170020326117	2.691364673346186e-7	3.2717104882297216e-7	148.10388947236916	148.10388947236916
cylinder	ED	8.0	11	ZZ onsite	UHF	-0.8226170020326117	0.018742731528807233	0.022784274434512843	134.8196732201781	148.10388947236916
cylinder	ED	8.0	11	ZZ onsite	UHFsym	-0.8226170020326117	0.0187427315288069	0.022784274434512437	134.81967322017852	148.10388947236916
cylinder	ED	8.0	11	ZZ up-up nb	chi4	-0.4946675179646142	0.18952284923790147	0.3831317851993243	5.461118034179589	32.347595786922874
cylinder	ED	8.0	11	ZZ up-up nb	chi8	-0.4946675179646142	0.09701839390658468	0.19612849112426428	13.77511531293157	32.347595786922874
cylinder	ED	8.0	11	ZZ up-up nb	chi32	-0.4946675179646142	0.022176282795355495	0.044830683216482925	29.637508263074075	32.347595786922874
cylinder	ED	8.0	11	ZZ up-up nb	chi128	-0.4946675179646142	0.0021478740456418732	0.0043420559621129605	32.2431756500022	32.347595786922874
cylinder	ED	8.0	11	ZZ up-up nb	exact	-0.4946675179646142	1.8333755791299922e-7	3.706278485140279e-7	32.347595786922874	32.347595786922874
cylinder	ED	8.0	11	ZZ up-up nb	UHF	-0.4946675179646142	0.3969927948023472	0.8025446999953328	1.4657736448935024	32.347595786922874
cylinder	ED	8.0	11	ZZ up-up nb	UHFsym	-0.4946675179646142	-0.1641875743602058	0.3319150103806712	7.489856214260463	32.347595786922874
cylinder	ED	8.0	11	SzSz nb	chi4	-0.1168456482804389	0.0459607507930344	0.39334584958375957	5.370151171333931	24.695389115379612
cylinder	ED	8.0	11	SzSz nb	chi8	-0.1168456482804389	0.023206945403766013	0.19861197866836672	12.948596372745511	24.695389115379612
cylinder	ED	8.0	11	SzSz nb	chi32	-0.1168456482804389	0.005481445682968475	0.04691185134950483	23.614828024260653	24.695389115379612
cylinder	ED	8.0	11	SzSz nb	chi128	-0.1168456482804389	0.000505877206573288	0.004329448413509952	24.69269871783711	24.695389115379612
cylinder	ED	8.0	11	SzSz nb	exact	-0.1168456482804389	4.064353688326694e-8	3.478395428618719e-7	24.695389115379612	24.695389115379612
cylinder	ED	8.0	11	SzSz nb	UHF	-0.1168456482804389	0.09978185751060849	0.8539629757637532	1.3696593867853055	24.695389115379612
cylinder	ED	8.0	11	SzSz nb	UHFsym	-0.1168456482804389	-0.04051323478002891	0.34672437849626975	6.406357260601154	24.695389115379612
cylinder	ED	8.0	11	SxSx nb	chi4	-0.11684564828021657	0.0492387764381558	0.4214001733301397	4.420785063270443	24.45652659299606
cylinder	ED	8.0	11	SxSx nb	chi8	-0.11684564828021657	0.023548164041899272	0.20153222981335686	11.735699616753104	24.45652659299606
cylinder	ED	8.0	11	SxSx nb	chi32	-0.11684564828021657	0.004808744154062919	0.04115467049770393	23.00866715710465	24.45652659299606
cylinder	ED	8.0	11	SxSx nb	chi128	-0.11684564828021657	0.0005144014676321251	0.004402401588790875	24.386827097161913	24.45652659299606
cylinder	ED	8.0	11	SxSx nb	exact	-0.11684564828021657	4.732506554694371e-8	4.0502206323893055e-7	24.45652659299606	24.45652659299606
cylinder	ED	8.0	11	SxSx nb	UHF	-0.11684564828021657	-0.1105580758795246	0.9461890751325778	1.1069711870071834	24.45652659299606
cylinder	ED	8.0	11	SxSx nb	UHFsym	-0.11684564828021657	-0.04041052973420592	0.3458453980014241	6.624144848599732	24.45652659299606
cylinder	DMRG	8.0	11	n	chi4	0.9999999999975698	-2.844913193911225e-11	2.8449131939181386e-11	1.0000000000426186	1.0000000000025615
cylinder	DMRG	8.0	11	n	chi8	0.9999999999975698	-5.799238866899259e-11	5.799238866913352e-11	1.0000000000633806	1.0000000000025615
cylinder	DMRG	8.0	11	n	chi32	0.9999999999975698	1.2961853812498703e-11	1.2961853812530202e-11	0.9999999999905194	1.0000000000025615
cylinder	DMRG	8.0	11	n	chi128	0.9999999999975698	2.2877821859168535e-10	2.2877821859224131e-10	0.9999999997502893	1.0000000000025615
cylinder	DMRG	8.0	11	n	exact	0.9999999999975698	0.0	0.0	1.0000000000025615	1.0000000000025615
cylinder	DMRG	8.0	11	n	UHF	0.9999999999975698	-2.4285018440650674e-12	2.428501844070969e-12	0.012634411289494003	1.0000000000025615
cylinder	DMRG	8.0	11	n	UHFsym	0.9999999999975698	-2.4227286843370166e-12	2.4227286843429042e-12	1.0000000000000346	1.0000000000025615
cylinder	DMRG	8.0	11	Sz	chi4	-1.2755012324117132e-10	2.1309819880910297e-10	NaN	0.9999999999162753	0.9999999999697582
cylinder	DMRG	8.0	11	Sz	chi8	-1.2755012324117132e-10	-7.57718714161637e-11	NaN	0.9999999999825826	0.9999999999697582
cylinder	DMRG	8.0	11	Sz	chi32	-1.2755012324117132e-10	5.4955894002173267e-11	NaN	0.9999999999578107	0.9999999999697582
cylinder	DMRG	8.0	11	Sz	chi128	-1.2755012324117132e-10	-3.1484884144283853e-12	NaN	0.9999999999913097	0.9999999999697582
cylinder	DMRG	8.0	11	Sz	exact	-1.2755012324117132e-10	0.0	NaN	0.9999999999697582	0.9999999999697582
cylinder	DMRG	8.0	11	Sz	UHF	-1.2755012324117132e-10	0.45862831712985025	NaN	0.029707382898746793	0.9999999999697582
cylinder	DMRG	8.0	11	Sz	UHFsym	-1.2755012324117132e-10	-1.2755009591927657e-10	NaN	1.0	0.9999999999697582
cylinder	DMRG	8.0	11	DoubleOcc	chi4	0.04434568220651447	0.02786329673919377	0.6283203990286251	26.77001458349	66.05841664454982
cylinder	DMRG	8.0	11	DoubleOcc	chi8	0.04434568220651447	0.023260480539286726	0.5245263886338345	32.1296393939362	66.05841664454982
cylinder	DMRG	8.0	11	DoubleOcc	chi32	0.04434568220651447	0.005177978917335763	0.11676399278789552	60.76506782840384	66.05841664454982
cylinder	DMRG	8.0	11	DoubleOcc	chi128	0.04434568220651447	0.0005923095227788056	0.013356644735342331	65.68581459791974	66.05841664454982
cylinder	DMRG	8.0	11	DoubleOcc	exact	0.04434568220651447	0.0	0.0	66.05841664454982	66.05841664454982
cylinder	DMRG	8.0	11	DoubleOcc	UHF	0.04434568220651447	0.004685615596870002	0.1056611458822405	1.5110746876061343	66.05841664454982
cylinder	DMRG	8.0	11	DoubleOcc	UHFsym	0.04434568220651447	0.0046856155968714175	0.10566114588227242	61.43924734303013	66.05841664454982
cylinder	DMRG	8.0	11	ZZ onsite	chi4	-0.822617271169079	0.11145318701367612	0.13548607708574145	38.498877416286795	148.04594539255214
cylinder	DMRG	8.0	11	ZZ onsite	chi8	-0.822617271169079	0.09304192227313046	0.11310475178925197	49.33600973034139	148.04594539255214
cylinder	DMRG	8.0	11	ZZ onsite	chi32	-0.822617271169079	0.020711915643419232	0.025178070494416047	132.44996413330685	148.04594539255214
cylinder	DMRG	8.0	11	ZZ onsite	chi128	-0.822617271169079	0.002369237633558119	0.0028801214326451344	147.46126378033384	148.04594539255214
cylinder	DMRG	8.0	11	ZZ onsite	exact	-0.822617271169079	0.0	0.0	148.04594539255214	148.04594539255214
cylinder	DMRG	8.0	11	ZZ onsite	UHF	-0.822617271169079	0.018742462392339898	0.022783939809218536	134.77339217378608	148.04594539255214
cylinder	DMRG	8.0	11	ZZ onsite	UHFsym	-0.822617271169079	0.018742462392339565	0.02278393980921813	134.7733921737865	148.04594539255214
cylinder	DMRG	8.0	11	ZZ up-up nb	chi4	-0.49466770130217214	0.18952266590034356	0.3831312725723565	5.461118034179589	32.347595786922874
cylinder	DMRG	8.0	11	ZZ up-up nb	chi8	-0.49466770130217214	0.09701821056902676	0.19612804780589937	13.77511531293157	32.347595786922874
cylinder	DMRG	8.0	11	ZZ up-up nb	chi32	-0.49466770130217214	0.022176099457797582	0.04483029597327826	29.637508263074075	32.347595786922874
cylinder	DMRG	8.0	11	ZZ up-up nb	chi128	-0.49466770130217214	0.0021476907080839602	0.004341683725115549	32.2431756500022	32.347595786922874
cylinder	DMRG	8.0	11	ZZ up-up nb	exact	-0.49466770130217214	0.0	0.0	32.347595786922874	32.347595786922874
cylinder	DMRG	8.0	11	ZZ up-up nb	UHF	-0.49466770130217214	0.3969926114647893	0.8025440319223164	1.4657736448935024	32.347595786922874
cylinder	DMRG	8.0	11	ZZ up-up nb	UHFsym	-0.49466770130217214	-0.16418775769776373	0.3319152579914818	7.489856214260463	32.347595786922874
cylinder	DMRG	8.0	11	SzSz nb	chi4	-0.11684568892397579	0.04596071014949751	0.3933453649231448	5.370285811875445	24.694535630492755
cylinder	DMRG	8.0	11	SzSz nb	chi8	-0.11684568892397579	0.02320690476022913	0.19861156174386901	12.948789444087804	24.694535630492755
cylinder	DMRG	8.0	11	SzSz nb	chi32	-0.11684568892397579	0.005481405039431592	0.04691148719229171	23.614327438029807	24.694535630492755
cylinder	DMRG	8.0	11	SzSz nb	chi128	-0.11684568892397579	0.0005058365630364048	0.0043290990681352495	24.691874150576393	24.694535630492755
cylinder	DMRG	8.0	11	SzSz nb	exact	-0.11684568892397579	0.0	0.0	24.694535630492755	24.694535630492755
cylinder	DMRG	8.0	11	SzSz nb	UHF	-0.11684568892397579	0.0997818168670716	0.8539623308823436	1.3696906003170113	24.694535630492755
cylinder	DMRG	8.0	11	SzSz nb	UHFsym	-0.11684568892397579	-0.040513275423565795	0.3467246057312843	6.406204228800069	24.694535630492755
cylinder	DMRG	8.0	11	SxSx nb	chi4	-0.11684569560528212	0.049238729113090254	0.42139959763194196	4.420785063270443	24.45652659299606
cylinder	DMRG	8.0	11	SxSx nb	chi8	-0.11684569560528212	0.023548116716833725	0.2015317431664912	11.735699616753104	24.45652659299606
cylinder	DMRG	8.0	11	SxSx nb	chi32	-0.11684569560528212	0.004808696828997372	0.04115424880726193	23.00866715710465	24.45652659299606
cylinder	DMRG	8.0	11	SxSx nb	chi128	-0.11684569560528212	0.0005143541425665782	0.004401994783822626	24.386827097161913	24.45652659299606
cylinder	DMRG	8.0	11	SxSx nb	exact	-0.11684569560528212	0.0	0.0	24.45652659299606	24.45652659299606
cylinder	DMRG	8.0	11	SxSx nb	UHF	-0.11684569560528212	-0.11055812320459014	0.9461890969271808	1.1069711870071834	24.45652659299606
cylinder	DMRG	8.0	11	SxSx nb	UHFsym	-0.11684569560528212	-0.040410577059271466	0.3458456629483634	6.624144848599732	24.45652659299606
torus	ED	8.0	1	n	chi4	0.9999999999863892	6.181309508690447e-7	6.181309508774579e-7	1.000000178307256	1.0000555793140038
torus	ED	8.0	1	n	chi8	0.9999999999863892	-0.0065373572446773	0.006537357244766278	1.0199639139494434	1.0000555793140038
torus	ED	8.0	1	n	chi32	0.9999999999863892	-0.001184377337387521	0.0011843773374036414	0.9981500133329092	1.0000555793140038
torus	ED	8.0	1	n	chi128	0.9999999999863892	-0.00020159127735441817	0.000201591277357162	1.0004444184193242	1.0000555793140038
torus	ED	8.0	1	n	exact	0.9999999999863892	-2.0655462878438335e-5	2.0655462878719472e-5	1.0000555793140038	1.0000555793140038
torus	ED	8.0	1	n	UHF	0.9999999999863892	-0.006397027485411821	0.00639702748549889	0.012815801282784853	1.0000555793140038
torus	ED	8.0	1	n	UHFsym	0.9999999999863892	-0.006397027485406048	0.006397027485493117	1.010162842089832	1.0000555793140038
torus	ED	8.0	1	Sz	chi4	1.243717490106988e-10	3.0646852404447866e-7	NaN	0.9999997588171025	0.9999819170300877
torus	ED	8.0	1	Sz	chi8	1.243717490106988e-10	0.0021283513153852805	NaN	0.9879756769655773	0.9999819170300877
torus	ED	8.0	1	Sz	chi32	1.243717490106988e-10	-0.0008043518949479266	NaN	1.0006933534734253	0.9999819170300877
torus	ED	8.0	1	Sz	chi128	1.243717490106988e-10	-5.409431334812975e-8	NaN	0.9998616430622048	0.9999819170300877
torus	ED	8.0	1	Sz	exact	1.243717490106988e-10	1.9026330786153789e-6	NaN	0.9999819170300877	0.9999819170300877
torus	ED	8.0	1	Sz	UHF	1.243717490106988e-10	0.4580677285577724	NaN	0.01978632853272108	0.9999819170300877
torus	ED	8.0	1	Sz	UHFsym	1.243717490106988e-10	1.2437174944437968e-10	NaN	0.9935200699520648	0.9999819170300877
torus	ED	8.0	1	DoubleOcc	chi4	0.048871260104992265	0.03481299093472506	0.712340767558168	21.70082948922923	72.56099619527099
torus	ED	8.0	1	DoubleOcc	chi8	0.048871260104992265	0.025884813061004208	0.5296530722840936	28.33374317819847	72.56099619527099
torus	ED	8.0	1	DoubleOcc	chi32	0.048871260104992265	0.007645710395793509	0.15644594347205076	62.56376648869625	72.56099619527099
torus	ED	8.0	1	DoubleOcc	chi128	0.048871260104992265	0.0020412481722622555	0.04176786454609423	71.26732680808908	72.56099619527099
torus	ED	8.0	1	DoubleOcc	exact	0.048871260104992265	6.116284228363522e-6	0.0001251509417850827	72.56099619527099	72.56099619527099
torus	ED	8.0	1	DoubleOcc	UHF	0.048871260104992265	0.005488559711108759	0.11230649054919899	1.6777894093623946	72.56099619527099
torus	ED	8.0	1	DoubleOcc	UHFsym	0.048871260104992265	0.005488559711112062	0.11230649054926657	63.388204622508056	72.56099619527099
torus	ED	8.0	1	ZZ onsite	chi4	-0.8045149595528139	0.13925072747699385	0.17308656081969656	27.89045412861962	191.74846472354963
torus	ED	8.0	1	ZZ onsite	chi8	-0.8045149595528139	0.11661396673336666	0.14494940752647534	37.31382025117393	191.74846472354963
torus	ED	8.0	1	ZZ onsite	chi32	-0.8045149595528139	0.032951596257944527	0.04095833876881609	141.65476165143394	191.74846472354963
torus	ED	8.0	1	ZZ onsite	chi128	-0.8045149595528139	0.008568175243753529	0.010650113017806544	186.14951722965384	191.74846472354963
torus	ED	8.0	1	ZZ onsite	exact	-0.8045149595528139	6.577606266511271e-5	8.175865704433146e-5	191.74846472354963	191.74846472354963
torus	ED	8.0	1	ZZ onsite	UHF	-0.8045149595528139	0.034748293815253906	0.0431916068217906	137.810388309941	191.74846472354963
torus	ED	8.0	1	ZZ onsite	UHFsym	-0.8045149595528139	0.034748293815261566	0.04319160682180012	137.8103883099245	191.74846472354963
torus	ED	8.0	1	ZZ up-up nb	chi4	-0.5132034649982113	0.15420320886355043	0.3004718778819778	9.318252142955979	41.753206095077175
torus	ED	8.0	1	ZZ up-up nb	chi8	-0.5132034649982113	0.08208163471830843	0.1599397516121496	21.430276135882327	41.753206095077175
torus	ED	8.0	1	ZZ up-up nb	chi32	-0.5132034649982113	0.041774525777690474	0.08139953961112883	34.07214344171915	41.753206095077175
torus	ED	8.0	1	ZZ up-up nb	chi128	-0.5132034649982113	0.009863891227969823	0.019220235054344774	41.53458366564741	41.753206095077175
torus	ED	8.0	1	ZZ up-up nb	exact	-0.5132034649982113	0.00017610131168810383	0.0003431413147000432	41.753206095077175	41.753206095077175
torus	ED	8.0	1	ZZ up-up nb	UHF	-0.5132034649982113	0.3763216443884204	0.7332796250503336	1.875135601916625	41.753206095077175
torus	ED	8.0	1	ZZ up-up nb	UHFsym	-0.5132034649982113	-0.1834876834918458	0.3575339918885491	6.5997810164691035	41.753206095077175
torus	ED	8.0	1	SzSz nb	chi4	-0.12175392714478167	0.03806845219938476	0.3126671401253143	7.040743833934654	24.157776987575126
torus	ED	8.0	1	SzSz nb	chi8	-0.12175392714478167	0.020263356258431453	0.16642876935160883	13.921681927914083	24.157776987575126
torus	ED	8.0	1	SzSz nb	chi32	-0.12175392714478167	0.01026473620734386	0.08430722891704116	20.09179527896127	24.157776987575126
torus	ED	8.0	1	SzSz nb	chi128	-0.12175392714478167	0.0023948840382986974	0.01966987098043138	23.75077407377005	24.157776987575126
torus	ED	8.0	1	SzSz nb	exact	-0.12175392714478167	4.0923938830900175e-5	0.0003361200725972161	24.157776987575126	24.157776987575126
torus	ED	8.0	1	SzSz nb	UHF	-0.12175392714478167	0.09435484868967448	0.7749634931896198	1.5669349287282262	24.157776987575126
torus	ED	8.0	1	SzSz nb	UHFsym	-0.12175392714478167	-0.04559748328039234	0.3745052365019064	5.858782214468346	24.157776987575126
torus	ED	8.0	1	SxSx nb	chi4	-0.12175392714151631	0.04232640472920493	0.3476389281473307	6.429572194230654	26.948855382669286
torus	ED	8.0	1	SxSx nb	chi8	-0.12175392714151631	0.03058739913277464	0.2512231009782746	10.135259637946492	26.948855382669286
torus	ED	8.0	1	SxSx nb	chi32	-0.12175392714151631	0.009212973830775323	0.07566880220682289	23.377682095447245	26.948855382669286
torus	ED	8.0	1	SxSx nb	chi128	-0.12175392714151631	0.002425674951706175	0.019922765603172524	26.645657689293035	26.948855382669286
torus	ED	8.0	1	SxSx nb	exact	-0.12175392714151631	4.101200116654602e-5	0.00033684335388112116	26.948855382669286	26.948855382669286
torus	ED	8.0	1	SxSx nb	UHF	-0.12175392714151631	-0.11547119513919563	0.9483981161854584	1.1041491798493546	26.948855382669286
torus	ED	8.0	1	SxSx nb	UHFsym	-0.12175392714151631	-0.0454950291541622	0.3736637513242812	5.837220267769747	26.948855382669286
torus	DMRG	8.0	1	n	chi4	1.0000206554492677	2.127359382930738e-5	2.127315442274544e-5	1.0000001700733305	1.0000557799442624
torus	DMRG	8.0	1	n	chi8	1.0000206554492677	-0.0065167017817988615	0.006516567179176092	1.020016289383912	1.0000557799442624
torus	DMRG	8.0	1	n	chi32	1.0000206554492677	-0.0011637218745090827	0.001163697837807431	0.9981667933065528	1.0000557799442624
torus	DMRG	8.0	1	n	chi128	1.0000206554492677	-0.00018093581447597984	0.00018093207724263747	1.0004464899860366	1.0000557799442624
torus	DMRG	8.0	1	n	exact	1.0000206554492677	0.0	0.0	1.0000557799442624	1.0000557799442624
torus	DMRG	8.0	1	n	UHF	1.0000206554492677	-0.006376372022533383	0.006376240318424968	0.01280679550463172	1.0000557799442624
torus	DMRG	8.0	1	n	UHFsym	1.0000206554492677	-0.00637637202252761	0.006376240318419195	1.0102271444629358	1.0000557799442624
torus	DMRG	8.0	1	Sz	chi4	-1.9025087068663682e-6	-1.5961645545709002e-6	0.8389788434660838	0.9999997574943122	0.9999820162890715
torus	DMRG	8.0	1	Sz	chi8	-1.9025087068663682e-6	0.002126448682306665	1117.707726977581	0.9880186759047856	0.9999820162890715
torus	DMRG	8.0	1	Sz	chi32	-1.9025087068663682e-6	-0.0008062545280265419	423.7849346584741	1.0006953336582538	0.9999820162890715
torus	DMRG	8.0	1	Sz	chi128	-1.9025087068663682e-6	-1.9567273919635086e-6	1.0284985214004325	0.9998625307246105	0.9999820162890715
torus	DMRG	8.0	1	Sz	exact	-1.9025087068663682e-6	0.0	0.0	0.9999820162890715	0.9999820162890715
torus	DMRG	8.0	1	Sz	UHF	-1.9025087068663682e-6	0.4580658259246938	240769.37165726634	0.01982156143305094	0.9999820162890715
torus	DMRG	8.0	1	Sz	UHFsym	-1.9025087068663682e-6	-1.9025087068659345e-6	0.9999999999997721	0.9935516850275051	0.9999820162890715
torus	DMRG	8.0	1	DoubleOcc	chi4	0.0488651438207639	0.0348068746504967	0.7123047622282138	21.739418662080507	72.77755772305619
torus	DMRG	8.0	1	DoubleOcc	chi8	0.0488651438207639	0.025878696776775845	0.529594200555272	28.392375671152553	72.77755772305619
torus	DMRG	8.0	1	DoubleOcc	chi32	0.0488651438207639	0.0076395941115651456	0.15634035867339266	62.75829085761118	72.77755772305619
torus	DMRG	8.0	1	DoubleOcc	chi128	0.0488651438207639	0.002035131888033892	0.041647925881456604	71.4873107298652	72.77755772305619
torus	DMRG	8.0	1	DoubleOcc	exact	0.0488651438207639	0.0	0.0	72.77755772305619	72.77755772305619
torus	DMRG	8.0	1	DoubleOcc	UHF	0.0488651438207639	0.005482443426880396	0.11219538096500561	1.6781535928957567	72.77755772305619
torus	DMRG	8.0	1	DoubleOcc	UHFsym	0.0488651438207639	0.005482443426883699	0.1121953809650732	63.5853426695344	72.77755772305619
torus	DMRG	8.0	1	ZZ onsite	chi4	-0.804580735615479	0.13918495141432874	0.17299065867871743	27.928387701498828	192.00664931750083
torus	DMRG	8.0	1	ZZ onsite	chi8	-0.804580735615479	0.11654819067070155	0.14485580565329573	37.37114167071344	192.00664931750083
torus	DMRG	8.0	1	ZZ onsite	chi32	-0.804580735615479	0.032885820195279414	0.04087323837069352	141.97221501880674	192.00664931750083
torus	DMRG	8.0	1	ZZ onsite	chi128	-0.804580735615479	0.008502399181088416	0.010567490376940665	186.46944372342872	192.00664931750083
torus	DMRG	8.0	1	ZZ onsite	exact	-0.804580735615479	0.0	0.0	192.00664931750083	192.00664931750083
torus	DMRG	8.0	1	ZZ onsite	UHF	-0.804580735615479	0.03468251775258879	0.043106323849598206	138.12033530516467	192.00664931750083
torus	DMRG	8.0	1	ZZ onsite	UHFsym	-0.804580735615479	0.03468251775259645	0.043106323849607726	138.1203353051482	192.00664931750083
torus	DMRG	8.0	1	ZZ up-up nb	chi4	-0.5133795663098994	0.15402710755186233	0.30002578532485746	9.326372994578058	41.757863878428736
torus	DMRG	8.0	1	ZZ up-up nb	chi8	-0.5133795663098994	0.08190553340662032	0.15954186489218075	21.451317407500913	41.757863878428736
torus	DMRG	8.0	1	ZZ up-up nb	chi32	-0.5133795663098994	0.04159842446600237	0.08102859403814225	34.0989740349809	41.757863878428736
torus	DMRG	8.0	1	ZZ up-up nb	chi128	-0.5133795663098994	0.00968778991628172	0.018870618450820314	41.54693395591191	41.757863878428736
torus	DMRG	8.0	1	ZZ up-up nb	exact	-0.5133795663098994	0.0	0.0	41.757863878428736	41.757863878428736
torus	DMRG	8.0	1	ZZ up-up nb	UHF	-0.5133795663098994	0.3761455430767323	0.7326850692177211	1.8761821297323116	41.757863878428736
torus	DMRG	8.0	1	ZZ up-up nb	UHFsym	-0.5133795663098994	-0.1836637848035339	0.3577543728973935	6.5975479499856435	41.757863878428736
torus	DMRG	8.0	1	SzSz nb	chi4	-0.12179485108361257	0.03802752826055386	0.3122260746018552	7.037810710877976	24.073578876722753
torus	DMRG	8.0	1	SzSz nb	chi8	-0.12179485108361257	0.020222432319600553	0.16603684096397298	13.8995856359322	24.073578876722753
torus	DMRG	8.0	1	SzSz nb	chi32	-0.12179485108361257	0.01022381226851296	0.08394289395283451	20.041188037669947	24.073578876722753
torus	DMRG	8.0	1	SzSz nb	chi128	-0.12179485108361257	0.0023539600994677973	0.019327254629604957	23.67159165321775	24.073578876722753
torus	DMRG	8.0	1	SzSz nb	exact	-0.12179485108361257	0.0	0.0	24.073578876722753	24.073578876722753
torus	DMRG	8.0	1	SzSz nb	UHF	-0.12179485108361257	0.09431392475084358	0.774367092793576	1.5673615743232636	24.073578876722753
torus	DMRG	8.0	1	SzSz nb	UHFsym	-0.12179485108361257	-0.04563840721922324	0.3747154072046307	5.853536167590513	24.073578876722753
torus	DMRG	8.0	1	SxSx nb	chi4	-0.12179493914268286	0.042285392728038385	0.3471851377872197	6.433932755940306	26.87220752790492
torus	DMRG	8.0	1	SxSx nb	chi8	-0.12179493914268286	0.030546387131608094	0.2508017767127662	10.139975290692895	26.87220752790492
torus	DMRG	8.0	1	SxSx nb	chi32	-0.12179493914268286	0.009171961829608777	0.07530659232781271	23.341731560685165	26.87220752790492
torus	DMRG	8.0	1	SxSx nb	chi128	-0.12179493914268286	0.002384662950539629	0.01957932708309	26.577478576694812	26.87220752790492
torus	DMRG	8.0	1	SxSx nb	exact	-0.12179493914268286	0.0	0.0	26.87220752790492	26.87220752790492
torus	DMRG	8.0	1	SxSx nb	UHF	-0.12179493914268286	-0.11551220714036217	0.9484154920841131	1.104187956671849	26.87220752790492
torus	DMRG	8.0	1	SxSx nb	UHFsym	-0.12179493914268286	-0.04553604115532875	0.3738746574846041	5.830981005434955	26.87220752790492
torus	ED	8.0	2	n	chi4	0.9999999999856393	-6.181589224940609e-7	6.181589225029381e-7	0.9996933560753682	1.0000191516187669
torus	ED	8.0	2	n	chi8	0.9999999999856393	0.005130513498530775	0.0051305134986044535	0.9980713591323144	1.0000191516187669
torus	ED	8.0	2	n	chi32	0.9999999999856393	0.0007936229573318743	0.0007936229573432713	0.9996956308201794	1.0000191516187669
torus	ED	8.0	2	n	chi128	0.9999999999856393	-2.3643629617486894e-5	2.3643629617826433e-5	0.9999668697474642	1.0000191516187669
torus	ED	8.0	2	n	exact	0.9999999999856393	-2.0588960647716092e-5	2.0588960648011765e-5	1.0000191516187669	1.0000191516187669
torus	ED	8.0	2	n	UHF	0.9999999999856393	-0.006397027486160889	0.006397027486252755	0.012623781816299738	1.0000191516187669
torus	ED	8.0	2	n	UHFsym	0.9999999999856393	-0.00639702748615556	0.006397027486247426	1.0029462488561571	1.0000191516187669
torus	ED	8.0	2	Sz	chi4	-2.689267211697377e-11	-7.817701087030945e-5	NaN	1.0001281304975504	1.0000065127909876
torus	ED	8.0	2	Sz	chi8	-2.689267211697377e-11	0.0015157830845100393	NaN	0.9940899900193854	1.0000065127909876
torus	ED	8.0	2	Sz	chi32	-2.689267211697377e-11	0.00013753614154793023	NaN	0.9995002965608187	1.0000065127909876
torus	ED	8.0	2	Sz	chi128	-2.689267211697377e-11	-1.445719210805066e-5	NaN	1.0000307625914144	1.0000065127909876
torus	ED	8.0	2	Sz	exact	-2.689267211697377e-11	-3.064161761441586e-7	NaN	1.0000065127909876	1.0000065127909876
torus	ED	8.0	2	Sz	UHF	-2.689267211697377e-11	-0.4580677284602928	NaN	0.02150877789421166	1.0000065127909876
torus	ED	8.0	2	Sz	UHFsym	-2.689267211697377e-11	-2.6892660407590308e-11	NaN	0.9993928723452614	1.0000065127909876
torus	ED	8.0	2	DoubleOcc	chi4	0.048871260106130604	0.03481237279130173	0.7123281191379537	19.937711324492835	63.55484547748321
torus	ED	8.0	2	DoubleOcc	chi8	0.048871260106130604	0.026017162734664256	0.5323612012083265	30.427045058521042	63.55484547748321
torus	ED	8.0	2	DoubleOcc	chi32	0.048871260106130604	0.008886701745053238	0.18183901388575932	53.80013313169024	63.55484547748321
torus	ED	8.0	2	DoubleOcc	chi128	0.048871260106130604	0.0021902442422025437	0.04481661077381941	62.03777538761297	63.55484547748321
torus	ED	8.0	2	DoubleOcc	exact	0.048871260106130604	6.1298103374018975e-6	0.00012542771199453788	63.55484547748321	63.55484547748321
torus	ED	8.0	2	DoubleOcc	UHF	0.048871260106130604	0.005488559712247043	0.11230649056987456	1.3742467158363123	63.55484547748321
torus	ED	8.0	2	DoubleOcc	UHFsym	0.048871260106130604	0.005488559712246349	0.11230649056986035	54.47029430138344	63.55484547748321
torus	ED	8.0	2	ZZ onsite	chi4	-0.804514959546763	0.139250727483045	0.1730865608285199	26.636324287418923	178.79256944513827
torus	ED	8.0	2	ZZ onsite	chi8	-0.804514959546763	0.09380762394158793	0.1166014662977007	48.78874185332948	178.79256944513827
torus	ED	8.0	2	ZZ onsite	chi32	-0.804514959546763	0.03395956106554232	0.04221122387167792	127.68416933709138	178.79256944513827
torus	ED	8.0	2	ZZ onsite	chi128	-0.804514959546763	0.008808264228038709	0.010948540015963149	171.5532048142205	178.79256944513827
torus	ED	8.0	2	ZZ onsite	exact	-0.804514959546763	6.569716263682412e-5	8.166058549593127e-5	178.79256944513827	178.79256944513827
torus	ED	8.0	2	ZZ onsite	UHF	-0.804514959546763	0.03474829382130307	0.043191606829634466	126.16069410523735	178.79256944513827
torus	ED	8.0	2	ZZ onsite	UHFsym	-0.804514959546763	0.034748293821295184	0.04319160682962467	126.16069410525252	178.79256944513827
torus	ED	8.0	2	ZZ up-up nb	chi4	-0.5132034648069896	0.10392007247333923	0.2024929284380854	13.237191839395013	38.28562795353836
torus	ED	8.0	2	ZZ up-up nb	chi8	-0.5132034648069896	0.09094911459453325	0.17721843446387925	15.423713781361458	38.28562795353836
torus	ED	8.0	2	ZZ up-up nb	chi32	-0.5132034648069896	0.045625613877378846	0.08890355776249124	26.612922702746594	38.28562795353836
torus	ED	8.0	2	ZZ up-up nb	chi128	-0.5132034648069896	0.010571492812750827	0.020599028529019486	36.59056469295885	38.28562795353836
torus	ED	8.0	2	ZZ up-up nb	exact	-0.5132034648069896	0.0003221497990353317	0.0006277233517051347	38.28562795353836	38.28562795353836
torus	ED	8.0	2	ZZ up-up nb	UHF	-0.5132034648069896	0.37632164457964223	0.7332796256961609	1.6682312702875164	38.28562795353836
torus	ED	8.0	2	ZZ up-up nb	UHFsym	-0.5132034648069896	-0.1834876833006241	0.35753399164916366	7.061562822143654	38.28562795353836
torus	ED	8.0	2	SzSz nb	chi4	-0.12175392709797928	0.033125157611263834	0.27206644090097365	9.748211916377281	28.598735688504142
torus	ED	8.0	2	SzSz nb	chi8	-0.12175392709797928	0.023799977811436113	0.19547605879097033	14.955832132133734	28.598735688504142
torus	ED	8.0	2	SzSz nb	chi32	-0.12175392709797928	0.011189635551955734	0.09190369311826038	24.40586766120717	28.598735688504142
torus	ED	8.0	2	SzSz nb	chi128	-0.12175392709797928	0.0025434726809955566	0.020890272220531685	28.619045825833368	28.598735688504142
torus	ED	8.0	2	SzSz nb	exact	-0.12175392709797928	7.566114957022196e-5	0.0006214267693339782	28.598735688504142	28.598735688504142
torus	ED	8.0	2	SzSz nb	UHF	-0.12175392709797928	0.09435484873647693	0.7749634938719189	1.711346794278566	28.598735688504142
torus	ED	8.0	2	SzSz nb	UHFsym	-0.12175392709797928	-0.04559748323358995	0.37450523626146526	5.696278881107138	28.598735688504142
torus	ED	8.0	2	SxSx nb	chi4	-0.12175392710008347	0.03845906287216706	0.3158753379720817	7.311811200331856	30.38786687552629
torus	ED	8.0	2	SxSx nb	chi8	-0.12175392710008347	0.029780478592705148	0.24459563072840493	10.779055916115649	30.38786687552629
torus	ED	8.0	2	SxSx nb	chi32	-0.12175392710008347	0.010268009307053086	0.08433411185671766	25.42574156112254	30.38786687552629
torus	ED	8.0	2	SxSx nb	chi128	-0.12175392710008347	0.0025697158113723445	0.021105814593232804	30.091731857507707	30.38786687552629
torus	ED	8.0	2	SxSx nb	exact	-0.12175392710008347	7.56989282677395e-5	0.00062173705662499	30.38786687552629	30.38786687552629
torus	ED	8.0	2	SxSx nb	UHF	-0.12175392710008347	-0.11547119509776277	0.9483981161678982	1.095042459411789	30.38786687552629
torus	ED	8.0	2	SxSx nb	UHFsym	-0.12175392710008347	-0.04549502911272932	0.37366375111113875	5.862439117849719	30.38786687552629
torus	DMRG	8.0	2	n	chi4	1.000020588946287	1.997080172522203e-5	1.9970390555923546e-5	0.9996949405734138	1.0000194036719716
torus	DMRG	8.0	2	n	chi8	1.000020588946287	0.0051511024591784915	0.005150996405590172	0.9979789081787659	1.0000194036719716
torus	DMRG	8.0	2	n	chi32	1.000020588946287	0.0008142119179795904	0.000814195154559286	0.9996833647411776	1.0000194036719716
torus	DMRG	8.0	2	n	chi128	1.000020588946287	-3.054668969770802e-6	3.0546060786503207e-6	0.9999674439904045	1.0000194036719716
torus	DMRG	8.0	2	n	exact	1.000020588946287	0.0	0.0	1.0000194036719716	1.0000194036719716
torus	DMRG	8.0	2	n	UHF	1.000020588946287	-0.006376438525513173	0.006376307244065816	0.012621144739213839	1.0000194036719716
torus	DMRG	8.0	2	n	UHFsym	1.000020588946287	-0.006376438525507844	0.0063763072440604866	1.003021940622624	1.0000194036719716
torus	DMRG	8.0	2	Sz	chi4	3.0638928347204164e-7	-7.787059469416529e-5	NaN	1.0001270546037673	1.0000064759368847
torus	DMRG	8.0	2	Sz	chi8	3.0638928347204164e-7	0.0015160895006861835	NaN	0.994119225510193	1.0000064759368847
torus	DMRG	8.0	2	Sz	chi32	3.0638928347204164e-7	0.0001378425577240744	NaN	0.9995034556883503	1.0000064759368847
torus	DMRG	8.0	2	Sz	chi128	3.0638928347204164e-7	-1.41507759319065e-5	NaN	1.0000305262982154	1.0000064759368847
torus	DMRG	8.0	2	Sz	exact	3.0638928347204164e-7	0.0	NaN	1.0000064759368847	1.0000064759368847
torus	DMRG	8.0	2	Sz	UHF	3.0638928347204164e-7	-0.45806742204411666	NaN	0.021512529069443568	1.0000064759368847
torus	DMRG	8.0	2	Sz	UHFsym	3.0638928347204164e-7	3.06389283483751e-7	NaN	0.99938351340256	1.0000064759368847
torus	DMRG	8.0	2	DoubleOcc	chi4	0.0488651302957932	0.034806242980964325	0.7122920325858784	19.957934189187135	63.66187842304742
torus	DMRG	8.0	2	DoubleOcc	chi8	0.0488651302957932	0.026011032924326855	0.5323025389858859	30.46528202778127	63.66187842304742
torus	DMRG	8.0	2	DoubleOcc	chi32	0.0488651302957932	0.008880571934715836	0.18173638095221378	53.89231719295703	63.66187842304742
torus	DMRG	8.0	2	DoubleOcc	chi128	0.0488651302957932	0.0021841144318651418	0.0446967892778375	62.1450433093669	63.66187842304742
torus	DMRG	8.0	2	DoubleOcc	exact	0.0488651302957932	0.0	0.0	63.66187842304742	63.66187842304742
torus	DMRG	8.0	2	DoubleOcc	UHF	0.0488651302957932	0.005482429901909641	0.11219513523698971	1.375404781138108	63.66187842304742
torus	DMRG	8.0	2	DoubleOcc	UHFsym	0.0488651302957932	0.005482429901908947	0.11219513523697551	54.562521549626226	63.66187842304742
torus	DMRG	8.0	2	ZZ onsite	chi4	-0.8045806567093998	0.1391850303204082	0.17299077371515698	26.694031720715305	179.87447025515576
torus	DMRG	8.0	2	ZZ onsite	chi8	-0.8045806567093998	0.0937419267789511	0.11651029141359164	48.9422630673388	179.87447025515576
torus	DMRG	8.0	2	ZZ onsite	chi32	-0.8045806567093998	0.0338938639029055	0.042126123242293353	128.40688087586156	179.87447025515576
torus	DMRG	8.0	2	ZZ onsite	chi128	-0.8045806567093998	0.008742567065401885	0.010865992107189752	172.62714637439387	179.87447025515576
torus	DMRG	8.0	2	ZZ onsite	exact	-0.8045806567093998	0.0	0.0	179.87447025515576	179.87447025515576
torus	DMRG	8.0	2	ZZ onsite	UHF	-0.8045806567093998	0.03468259665866624	0.04310642614814064	126.87026437057149	179.87447025515576
torus	DMRG	8.0	2	ZZ onsite	UHFsym	-0.8045806567093998	0.03468259665865836	0.043106426148130844	126.87026437058685	179.87447025515576
torus	DMRG	8.0	2	ZZ up-up nb	chi4	-0.513525614606025	0.1035979226743039	0.2017385690756319	13.350495288364234	38.54659225491817
torus	DMRG	8.0	2	ZZ up-up nb	chi8	-0.513525614606025	0.09062696479549792	0.1764799305386677	15.56175442945609	38.54659225491817
torus	DMRG	8.0	2	ZZ up-up nb	chi32	-0.513525614606025	0.045303464078343514	0.08822045637022444	26.87192231207112	38.54659225491817
torus	DMRG	8.0	2	ZZ up-up nb	chi128	-0.513525614606025	0.010249343013715495	0.019958776587179112	36.882543581106994	38.54659225491817
torus	DMRG	8.0	2	ZZ up-up nb	exact	-0.513525614606025	0.0	0.0	38.54659225491817	38.54659225491817
torus	DMRG	8.0	2	ZZ up-up nb	UHF	-0.513525614606025	0.3759994947806069	0.7321922881472473	1.6753544833454146	38.54659225491817
torus	DMRG	8.0	2	ZZ up-up nb	UHFsym	-0.513525614606025	-0.18380983309965943	0.3579370295689684	7.04699310987258	38.54659225491817
torus	DMRG	8.0	2	SzSz nb	chi4	-0.1218295882475495	0.03304949646169361	0.2712764356926108	9.7961903487566	28.779084226235774
torus	DMRG	8.0	2	SzSz nb	chi8	-0.1218295882475495	0.02372431666186589	0.19473361933769062	15.048323106810983	28.779084226235774
torus	DMRG	8.0	2	SzSz nb	chi32	-0.1218295882475495	0.011113974402385512	0.0912255763337447	24.588423890835976	28.779084226235774
torus	DMRG	8.0	2	SzSz nb	chi128	-0.1218295882475495	0.0024678115314253346	0.020256257670434773	28.814512268506537	28.779084226235774
torus	DMRG	8.0	2	SzSz nb	exact	-0.1218295882475495	0.0	0.0	28.779084226235774	28.779084226235774
torus	DMRG	8.0	2	SzSz nb	UHF	-0.1218295882475495	0.0942791875869067	0.7738611690563852	1.7150971103618617	28.779084226235774
torus	DMRG	8.0	2	SzSz nb	UHFsym	-0.1218295882475495	-0.04567314438316017	0.3748936940536598	5.695814679626397	28.779084226235774
torus	DMRG	8.0	2	SxSx nb	chi4	-0.1218296260283512	0.038383363943899323	0.31505771785728914	7.340105790240535	30.365908616845534
torus	DMRG	8.0	2	SxSx nb	chi8	-0.1218296260283512	0.02970477966443741	0.24382230031244415	10.822865192530372	30.365908616845534
torus	DMRG	8.0	2	SxSx nb	chi32	-0.1218296260283512	0.010192310378785346	0.08366036005407645	25.487251004039628	30.365908616845534
torus	DMRG	8.0	2	SxSx nb	chi128	-0.1218296260283512	0.002494016883104605	0.020471349739875404	30.09492363422367	30.365908616845534
torus	DMRG	8.0	2	SxSx nb	exact	-0.1218296260283512	0.0	0.0	30.365908616845534	30.365908616845534
torus	DMRG	8.0	2	SxSx nb	UHF	-0.1218296260283512	-0.11554689402603051	0.9484301790365947	1.0949851162092883	30.365908616845534
torus	DMRG	8.0	2	SxSx nb	UHFsym	-0.1218296260283512	-0.04557072804099706	0.3740529256027775	5.851354268919461	30.365908616845534
torus	ED	8.0	3	n	chi4	0.9999999999875911	-2.6295510097473773e-5	2.629551009780007e-5	0.9995000168509655	1.0000073520829187
torus	ED	8.0	3	n	chi8	0.9999999999875911	-0.004234271673070444	0.0042342716731229866	0.9817500600590731	1.0000073520829187
torus	ED	8.0	3	n	chi32	0.9999999999875911	-0.00047897852934453145	0.00047897852935047504	1.005235606512565	1.0000073520829187
torus	ED	8.0	3	n	chi128	0.9999999999875911	-4.736812711414462e-5	4.736812711473241e-5	1.0002292899987992	1.0000073520829187
torus	ED	8.0	3	n	exact	0.9999999999875911	-2.471234434275882e-5	2.471234434306547e-5	1.0000073520829187	1.0000073520829187
torus	ED	8.0	3	n	UHF	0.9999999999875911	-0.006397027484209894	0.006397027484289274	0.009230963340289548	1.0000073520829187
torus	ED	8.0	3	n	UHFsym	0.9999999999875911	-0.006397027484204121	0.006397027484283501	1.0012593837764328	1.0000073520829187
torus	ED	8.0	3	Sz	chi4	6.026672216830065e-13	8.352837405594185e-5	NaN	0.9997808050153203	0.9999648885019666
torus	ED	8.0	3	Sz	chi8	6.026672216830065e-13	0.0026514523082310083	NaN	0.986133757232804	0.9999648885019666
torus	ED	8.0	3	Sz	chi32	6.026672216830065e-13	-0.0008551546354281132	NaN	1.00112721920701	0.9999648885019666
torus	ED	8.0	3	Sz	chi128	6.026672216830065e-13	-3.2268397133019405e-5	NaN	1.0000096745260414	0.9999648885019666
torus	ED	8.0	3	Sz	exact	6.026672216830065e-13	1.4514462581688425e-6	NaN	0.9999648885019666	0.9999648885019666
torus	ED	8.0	3	Sz	UHF	6.026672216830065e-13	0.4580677284340034	NaN	0.025595083444392396	0.9999648885019666
torus	ED	8.0	3	Sz	UHFsym	6.026672216830065e-13	6.026854362795042e-13	NaN	0.9887836694981617	0.9999648885019666
torus	ED	8.0	3	DoubleOcc	chi4	0.04887126010508064	0.03644410398913753	0.7457164785761031	20.283568939311504	63.14029514048171
torus	ED	8.0	3	DoubleOcc	chi8	0.04887126010508064	0.02365038333690686	0.4839323415450091	31.05211461350995	63.14029514048171
torus	ED	8.0	3	DoubleOcc	chi32	0.04887126010508064	0.010566268949303376	0.21620619003038374	52.83239894261122	63.14029514048171
torus	ED	8.0	3	DoubleOcc	chi128	0.04887126010508064	0.0028372536366425283	0.05805566769798859	62.07115804925348	63.14029514048171
torus	ED	8.0	3	DoubleOcc	exact	0.04887126010508064	4.287914876638377e-6	8.773898744208167e-5	63.14029514048171	63.14029514048171
torus	ED	8.0	3	DoubleOcc	UHF	0.04887126010508064	0.005488559711197077	0.11230649055080306	1.044942398091923	63.14029514048171
torus	ED	8.0	3	DoubleOcc	UHFsym	0.04887126010508064	0.005488559711200436	0.11230649055087179	56.753881297759946	63.14029514048171
torus	ED	8.0	3	ZZ onsite	chi4	-0.8045149595548566	0.1458290069767484	0.18126326334246975	26.223269534156007	187.7097212842997
torus	ED	8.0	3	ZZ onsite	chi8	-0.8045149595548566	0.10307007669377122	0.12811455581982037	46.00265847356048	187.7097212842997
torus	ED	8.0	3	ZZ onsite	chi32	-0.8045149595548566	0.04322303285590501	0.053725580043683205	121.48395496467343	187.7097212842997
torus	ED	8.0	3	ZZ onsite	chi128	-0.8045149595548566	0.011443750800801733	0.014224410205042844	180.60238459058084	187.7097212842997
torus	ED	8.0	3	ZZ onsite	exact	-0.8045149595548566	6.657634819362546e-5	8.275339992492195e-5	187.7097212842997	187.7097212842997
torus	ED	8.0	3	ZZ onsite	UHF	-0.8045149595548566	0.034748293813211206	0.04319160681914189	138.70996495336772	187.7097212842997
torus	ED	8.0	3	ZZ onsite	UHFsym	-0.8045149595548566	0.03474829381321887	0.04319160681915141	138.70996495335172	187.7097212842997
torus	ED	8.0	3	ZZ up-up nb	chi4	-0.5132034649876562	0.10915274647394113	0.21268902866150077	13.669231699638814	32.26752431034554
torus	ED	8.0	3	ZZ up-up nb	chi8	-0.5132034649876562	0.07788124959800014	0.15175511256509808	19.165564923310914	32.26752431034554
torus	ED	8.0	3	ZZ up-up nb	chi32	-0.5132034649876562	0.045003814021725264	0.0876919527868108	26.436116724881753	32.26752431034554
torus	ED	8.0	3	ZZ up-up nb	chi128	-0.5132034649876562	0.011662426301886963	0.022724761420243864	31.90476039451046	32.26752431034554
torus	ED	8.0	3	ZZ up-up nb	exact	-0.5132034649876562	0.00021428754020613727	0.0004175488959555084	32.26752431034554	32.26752431034554
torus	ED	8.0	3	ZZ up-up nb	UHF	-0.5132034649876562	0.3763216443989801	0.733279625085991	1.8389351127527236	32.26752431034554
torus	ED	8.0	3	ZZ up-up nb	UHFsym	-0.5132034649876562	-0.1834876834812902	0.35753399187533447	6.3958950690274	32.26752431034554
torus	ED	8.0	3	SzSz nb	chi4	-0.12175392714045843	0.02762812154139152	0.2269177035211276	11.100506548303338	24.042623173439363
torus	ED	8.0	3	SzSz nb	chi8	-0.12175392714045843	0.021821713548921012	0.17922800571144556	13.89321578311463	24.042623173439363
torus	ED	8.0	3	SzSz nb	chi32	-0.12175392714045843	0.011478072738186795	0.09427271060378527	20.099688711209513	24.042623173439363
torus	ED	8.0	3	SzSz nb	chi128	-0.12175392714045843	0.0027585658968336257	0.022656894620337573	23.791693505798392	24.042623173439363
torus	ED	8.0	3	SzSz nb	exact	-0.12175392714045843	5.009410363077116e-5	0.0004114372719409808	24.042623173439363	24.042623173439363
torus	ED	8.0	3	SzSz nb	UHF	-0.12175392714045843	0.0943548486939984	0.7749634932526509	1.6279397451709186	24.042623173439363
torus	ED	8.0	3	SzSz nb	UHFsym	-0.12175392714045843	-0.04559748327606897	0.3745052364796952	5.6552709147156515	24.042623173439363
torus	ED	8.0	3	SxSx nb	chi4	-0.12175392714574562	0.03228610001650206	0.2651750195938564	7.823992523099305	24.062633874208565
torus	ED	8.0	3	SxSx nb	chi8	-0.12175392714574562	0.02880143173264199	0.2365544373625437	9.027792944165004	24.062633874208565
torus	ED	8.0	3	SxSx nb	chi32	-0.12175392714574562	0.010366154739943345	0.08514020847585912	18.852212661657862	24.062633874208565
torus	ED	8.0	3	SxSx nb	chi128	-0.12175392714574562	0.0028217522890981173	0.023175862621008823	23.170882558243047	24.062633874208565
torus	ED	8.0	3	SxSx nb	exact	-0.12175392714574562	5.004456881552155e-5	0.00041103042824742456	24.062633874208565	24.062633874208565
torus	ED	8.0	3	SxSx nb	UHF	-0.12175392714574562	-0.11547119514342494	0.9483981161872509	1.0919568608758023	24.062633874208565
torus	ED	8.0	3	SxSx nb	UHFsym	-0.12175392714574562	-0.04549502915839128	0.373663751346036	6.0096888675398255	24.062633874208565
torus	DMRG	8.0	3	n	chi4	1.000024712331934	-1.5831657547149547e-6	1.5831266319641322e-6	0.9995031724884422	1.000007474787835
torus	DMRG	8.0	3	n	chi8	1.000024712331934	-0.004209559328727686	0.00420945530327097	0.9818505201002188	1.000007474787835
torus	DMRG	8.0	3	n	chi32	1.000024712331934	-0.0004542661850017726	0.00045425495930243574	1.0052045806493357	1.000007474787835
torus	DMRG	8.0	3	n	chi128	1.000024712331934	-2.2655782771385802e-5	2.2655222907997262e-5	1.0002282277441712	1.000007474787835
torus	DMRG	8.0	3	n	exact	1.000024712331934	0.0	0.0	1.000007474787835	1.000007474787835
torus	DMRG	8.0	3	n	UHF	1.000024712331934	-0.006372315139867135	0.006372157668991684	0.009222439425055334	1.000007474787835
torus	DMRG	8.0	3	n	UHFsym	1.000024712331934	-0.006372315139861362	0.006372157668985911	1.001273974340654	1.000007474787835
torus	DMRG	8.0	3	Sz	chi4	-1.4514456555016209e-6	8.207692779777301e-5	56.54839882338354	0.9997823952363464	0.9999654688131535
torus	DMRG	8.0	3	Sz	chi8	-1.4514456555016209e-6	0.0026500008619728395	1825.766505227505	0.9862578241796278	0.9999654688131535
torus	DMRG	8.0	3	Sz	chi32	-1.4514456555016209e-6	-0.0008566060816862821	590.1744088311996	1.0011279595271885	0.9999654688131535
torus	DMRG	8.0	3	Sz	chi128	-1.4514456555016209e-6	-3.371984339118825e-5	23.23190211316223	1.0000103706808119	0.9999654688131535
torus	DMRG	8.0	3	Sz	exact	-1.4514456555016209e-6	0.0	0.0	0.9999654688131535	0.9999654688131535
torus	DMRG	8.0	3	Sz	UHF	-1.4514456555016209e-6	0.4580662769877452	315593.1296852014	0.0255951475230903	0.9999654688131535
torus	DMRG	8.0	3	Sz	UHFsym	-1.4514456555016209e-6	-1.4514456554834063e-6	0.9999999999874507	0.9889257599300206	0.9999654688131535
torus	DMRG	8.0	3	DoubleOcc	chi4	0.048866972190204	0.03643981607426089	0.7456941660397308	20.29816936272789	63.0744799619357
torus	DMRG	8.0	3	DoubleOcc	chi8	0.048866972190204	0.023646095422030222	0.4838870583181002	31.069609489062888	63.0744799619357
torus	DMRG	8.0	3	DoubleOcc	chi32	0.048866972190204	0.010561981034426737	0.2161374147208576	52.82428877320999	63.0744799619357
torus	DMRG	8.0	3	DoubleOcc	chi128	0.048866972190204	0.00283296572176589	0.057973015204199486	62.0208207648665	63.0744799619357
torus	DMRG	8.0	3	DoubleOcc	exact	0.048866972190204	0.0	0.0	63.0744799619357	63.0744799619357
torus	DMRG	8.0	3	DoubleOcc	UHF	0.048866972190204	0.005484271796320439	0.1122285983869455	1.045194479259183	63.0744799619357
torus	DMRG	8.0	3	DoubleOcc	UHFsym	0.048866972190204	0.0054842717963237975	0.11222859838701423	56.73461493586906	63.0744799619357
torus	DMRG	8.0	3	ZZ onsite	chi4	-0.8045815359030503	0.14576243062855476	0.1811655178799911	26.252436876840374	186.71965573348655
torus	DMRG	8.0	3	ZZ onsite	chi8	-0.8045815359030503	0.10300350034557759	0.12802120822965196	46.04342229962275	186.71965573348655
torus	DMRG	8.0	3	ZZ onsite	chi32	-0.8045815359030503	0.04315645650771138	0.053638387884794324	121.34006529877304	186.71965573348655
torus	DMRG	8.0	3	ZZ onsite	chi128	-0.8045815359030503	0.011377174452608108	0.01414048663177255	179.83678885227778	186.71965573348655
torus	DMRG	8.0	3	ZZ onsite	exact	-0.8045815359030503	0.0	0.0	186.71965573348655	186.71965573348655
torus	DMRG	8.0	3	ZZ onsite	UHF	-0.8045815359030503	0.03468171746501758	0.04310528631022006	138.4497029439322	186.71965573348655
torus	DMRG	8.0	3	ZZ onsite	UHFsym	-0.8045815359030503	0.03468171746502524	0.04310528631022958	138.4497029439163	186.71965573348655
torus	DMRG	8.0	3	ZZ up-up nb	chi4	-0.5134177525278624	0.108938458933735	0.21218288303699254	13.667807355885804	32.288807137471004
torus	DMRG	8.0	3	ZZ up-up nb	chi8	-0.5134177525278624	0.077666962057794	0.15127439921076577	19.166148467036304	32.288807137471004
torus	DMRG	8.0	3	ZZ up-up nb	chi32	-0.5134177525278624	0.044789526481519126	0.08723797776955224	26.44329373599862	32.288807137471004
torus	DMRG	8.0	3	ZZ up-up nb	chi128	-0.5134177525278624	0.011448138761680826	0.02229790205990112	31.923106223827382	32.288807137471004
torus	DMRG	8.0	3	ZZ up-up nb	exact	-0.5134177525278624	0.0	0.0	32.288807137471004	32.288807137471004
torus	DMRG	8.0	3	ZZ up-up nb	UHF	-0.5134177525278624	0.37610735685877394	0.7325561981582691	1.8385144700888818	32.288807137471004
torus	DMRG	8.0	3	ZZ up-up nb	UHFsym	-0.5134177525278624	-0.18370197102149632	0.35780214088239404	6.397615720747976	32.288807137471004
torus	DMRG	8.0	3	SzSz nb	chi4	-0.1218040212440892	0.02757802743776075	0.2264131114562774	11.112481661930829	24.147223191190466
torus	DMRG	8.0	3	SzSz nb	chi8	-0.1218040212440892	0.02177161944529024	0.17874302689613997	13.917157081516425	24.147223191190466
torus	DMRG	8.0	3	SzSz nb	chi32	-0.1218040212440892	0.011427978634556024	0.0938226711879645	20.16102276923378	24.147223191190466
torus	DMRG	8.0	3	SzSz nb	chi128	-0.1218040212440892	0.0027084717932028546	0.022236308502288374	23.891127308190853	24.147223191190466
torus	DMRG	8.0	3	SzSz nb	exact	-0.1218040212440892	0.0	0.0	24.147223191190466	24.147223191190466
torus	DMRG	8.0	3	SzSz nb	UHF	-0.1218040212440892	0.09430475459036763	0.7742335074585558	1.6272320911839313	24.147223191190466
torus	DMRG	8.0	3	SzSz nb	UHFsym	-0.1218040212440892	-0.04564757737969974	0.3747624824982113	5.662372337920548	24.147223191190466
torus	DMRG	8.0	3	SxSx nb	chi4	-0.12180397171456114	0.03223605544768654	0.2646552078221999	7.839382905549526	24.026446938371297
torus	DMRG	8.0	3	SxSx nb	chi8	-0.12180397171456114	0.02875138716382647	0.23604638468771183	9.045431957709926	24.026446938371297
torus	DMRG	8.0	3	SxSx nb	chi32	-0.12180397171456114	0.010316110171127824	0.0846943660860492	18.8608929877401	24.026446938371297
torus	DMRG	8.0	3	SxSx nb	chi128	-0.12180397171456114	0.0027717077202825957	0.022755478998483677	23.15005535773474	24.026446938371297
torus	DMRG	8.0	3	SxSx nb	exact	-0.12180397171456114	0.0	0.0	24.026446938371297	24.026446938371297
torus	DMRG	8.0	3	SxSx nb	UHF	-0.12180397171456114	-0.11552123971224046	0.9484193174173021	1.091994186997487	24.026446938371297
torus	DMRG	8.0	3	SxSx nb	UHFsym	-0.12180397171456114	-0.0455450737272068	0.3739210888290113	6.000019996103897	24.026446938371297
torus	ED	8.0	5	n	chi4	1.0000000000100266	0.00014554717759396318	0.00014554717759250382	1.0004796776311662	1.000102585791766
torus	ED	8.0	5	n	chi8	1.0000000000100266	0.0005089230541944767	0.0005089230541893739	0.9297872366734516	1.000102585791766
torus	ED	8.0	5	n	chi32	1.0000000000100266	0.0016501253469624055	0.0016501253469458604	0.9991103673542888	1.000102585791766
torus	ED	8.0	5	n	chi128	1.0000000000100266	0.00015021279565796686	0.00015021279565646074	1.0002520428158157	1.000102585791766
torus	ED	8.0	5	n	exact	1.0000000000100266	4.555678482409675e-5	4.555678482363997e-5	1.000102585791766	1.000102585791766
torus	ED	8.0	5	n	UHF	1.0000000000100266	0.012794054953627731	0.01279405495349945	0.01140960551852983	1.000102585791766
torus	ED	8.0	5	n	UHFsym	1.0000000000100266	0.012794054953632727	0.012794054953504446	1.0117888831856643	1.000102585791766
torus	ED	8.0	5	Sz	chi4	-1.15287469154568e-9	-0.00010571098819911473	NaN	1.0000087944855642	1.0000273965043205
torus	ED	8.0	5	Sz	chi8	-1.15287469154568e-9	0.011637679566858163	NaN	0.9795083238195504	1.0000273965043205
torus	ED	8.0	5	Sz	chi32	-1.15287469154568e-9	0.0019102595075401393	NaN	1.0014887441813631	1.0000273965043205
torus	ED	8.0	5	Sz	chi128	-1.15287469154568e-9	5.518145304718447e-5	NaN	1.000128509278742	1.0000273965043205
torus	ED	8.0	5	Sz	exact	-1.15287469154568e-9	-9.522390289826155e-8	NaN	1.0000273965043205	1.0000273965043205
torus	ED	8.0	5	Sz	UHF	-1.15287469154568e-9	-0.4455578133603718	NaN	0.022254852541548645	1.0000273965043205
torus	ED	8.0	5	Sz	UHFsym	-1.15287469154568e-9	-1.1528747236380643e-9	NaN	0.9983890518907257	1.0000273965043205
torus	ED	8.0	5	DoubleOcc	chi4	0.04887126010768977	0.03593258694101381	0.7352498556786733	26.777314118860076	74.87391594447556
torus	ED	8.0	5	DoubleOcc	chi8	0.04887126010768977	0.03509202196151259	0.7180502791249074	27.967801254007867	74.87391594447556
torus	ED	8.0	5	DoubleOcc	chi32	0.04887126010768977	0.009252816721952911	0.18933043063681926	73.44353197923172	74.87391594447556
torus	ED	8.0	5	DoubleOcc	chi128	0.04887126010768977	0.0026752093611613625	0.054739930078873185	76.56669208958841	74.87391594447556
torus	ED	8.0	5	DoubleOcc	exact	0.04887126010768977	2.3948334766987767e-5	0.0004900290009755561	74.87391594447556	74.87391594447556
torus	ED	8.0	5	DoubleOcc	UHF	0.04887126010768977	0.0037491296381466643	0.07671440494649222	1.710378486461435	74.87391594447556
torus	ED	8.0	5	DoubleOcc	UHFsym	0.04887126010768977	0.0037491296381485795	0.07671440494653141	72.65075639444959	74.87391594447556
torus	ED	8.0	5	ZZ onsite	chi4	-0.8045149595892931	0.14343925340886965	0.17829283557647674	26.892792649602676	159.15568186834966
torus	ED	8.0	5	ZZ onsite	chi8	-0.8045149595892931	0.13935024173766153	0.17321025554179897	28.223208250902772	159.15568186834966
torus	ED	8.0	5	ZZ onsite	chi32	-0.8045149595892931	0.03371101619388661	0.04190228633050673	126.82057363790392	159.15568186834966
torus	ED	8.0	5	ZZ onsite	chi128	-0.8045149595892931	0.010400411853331848	0.012927555577886687	156.0934400236596	159.15568186834966
torus	ED	8.0	5	ZZ onsite	exact	-0.8045149595892931	4.679769419979607e-6	5.816883035175183e-6	159.15568186834966	159.15568186834966
torus	ED	8.0	5	ZZ onsite	UHF	-0.8045149595892931	-0.010591591354667917	0.013165188823928087	153.89588104698922	159.15568186834966
torus	ED	8.0	5	ZZ onsite	UHFsym	-0.8045149595892931	-0.010591591354664143	0.013165188823923394	153.89588104699254	159.15568186834966
torus	ED	8.0	5	ZZ up-up nb	chi4	-0.5132034651346506	0.12232182362099475	0.23834956685045147	9.913741904031806	30.379797471620726
torus	ED	8.0	5	ZZ up-up nb	chi8	-0.5132034651346506	0.10263071221333064	0.19998055193645883	12.170136536958317	30.379797471620726
torus	ED	8.0	5	ZZ up-up nb	chi32	-0.5132034651346506	0.045558603854034097	0.08877298566579389	22.328853088519885	30.379797471620726
torus	ED	8.0	5	ZZ up-up nb	chi128	-0.5132034651346506	0.009684497170797224	0.018870677672170967	29.33459627314652	30.379797471620726
torus	ED	8.0	5	ZZ up-up nb	exact	-0.5132034651346506	0.00023561359680135396	0.000459103674873932	30.379797471620726	30.379797471620726
torus	ED	8.0	5	ZZ up-up nb	UHF	-0.5132034651346506	0.326277644615822	0.6357666438012369	2.1289429319551325	30.379797471620726
torus	ED	8.0	5	ZZ up-up nb	UHFsym	-0.5132034651346506	-0.2033722179820931	0.3962799002706144	5.740375704841851	30.379797471620726
torus	ED	8.0	5	SzSz nb	chi4	-0.12175392717677333	0.030621671636908515	0.2515045908330268	9.797417784469541	31.673572457569573
torus	ED	8.0	5	SzSz nb	chi8	-0.12175392717677333	0.028290681549883595	0.23235949924480573	10.714328115824642	31.673572457569573
torus	ED	8.0	5	SzSz nb	chi32	-0.12175392717677333	0.01171839633114638	0.09624655732157662	22.931485654724224	31.673572457569573
torus	ED	8.0	5	SzSz nb	chi128	-0.12175392717677333	0.002407709755588211	0.019775212277896227	30.73217881315397	31.673572457569573
torus	ED	8.0	5	SzSz nb	exact	-0.12175392717677333	5.4937016005895956e-5	0.00045121350316802055	31.673572457569573	31.673572457569573
torus	ED	8.0	5	SzSz nb	UHF	-0.12175392717677333	0.0824625545318399	0.6772886628298512	1.9623706376852903	31.673572457569573
torus	ED	8.0	5	SzSz nb	UHFsym	-0.12175392717677333	-0.04994991111763994	0.41025297726222953	5.3535610257843365	31.673572457569573
torus	ED	8.0	5	SxSx nb	chi4	-0.12175392718934265	0.03602644584749874	0.29589555490455016	8.273131610410326	32.725252289084175
torus	ED	8.0	5	SxSx nb	chi8	-0.12175392718934265	0.03736547045903789	0.3068933489178537	7.84145762718961	32.725252289084175
torus	ED	8.0	5	SxSx nb	chi32	-0.12175392718934265	0.008630633938222429	0.07088587725635091	27.345197705068433	32.725252289084175
torus	ED	8.0	5	SxSx nb	chi128	-0.12175392718934265	0.0026340243886468634	0.021633999407268602	31.90997932261116	32.725252289084175
torus	ED	8.0	5	SxSx nb	exact	-0.12175392718934265	5.345229632569559e-5	0.00043901907363177333	32.725252289084175	32.725252289084175
torus	ED	8.0	5	SxSx nb	UHF	-0.12175392718934265	-0.11605920949986173	0.9532276467713036	1.1035420529187736	32.725252289084175
torus	ED	8.0	5	SxSx nb	UHFsym	-0.12175392718934265	-0.049852976675121785	0.4094568267813994	5.303660120134698	32.725252289084175
torus	DMRG	8.0	5	n	chi4	0.9999544432252025	9.999039276986643e-5	9.999494821720325e-5	1.0004868252212464	1.000104289962345
torus	DMRG	8.0	5	n	chi8	0.9999544432252025	0.00046336626937037995	0.0004633873798048857	0.9296335740852273	1.000104289962345
torus	DMRG	8.0	5	n	chi32	0.9999544432252025	0.0016045685621383088	0.001604641664437246	0.9991409248108288	1.000104289962345
torus	DMRG	8.0	5	n	chi128	0.9999544432252025	0.0001046560108338701	0.00010466077884140191	1.0002567686487362	1.000104289962345
torus	DMRG	8.0	5	n	exact	0.9999544432252025	0.0	0.0	1.000104289962345	1.000104289962345
torus	DMRG	8.0	5	n	UHF	0.9999544432252025	0.012748498168803635	0.012749078975723407	0.011408816411405317	1.000104289962345
torus	DMRG	8.0	5	n	UHFsym	0.9999544432252025	0.01274849816880863	0.012749078975728403	1.0122757741144943	1.000104289962345
torus	DMRG	8.0	5	Sz	chi4	9.407102820671587e-8	-0.00010561576429621647	NaN	1.0000118601765802	1.000028384727843
torus	DMRG	8.0	5	Sz	chi8	9.407102820671587e-8	0.01163777479076106	NaN	0.979573002281002	1.000028384727843
torus	DMRG	8.0	5	Sz	chi32	9.407102820671587e-8	0.0019103547314430376	NaN	1.0015277604127086	1.000028384727843
torus	DMRG	8.0	5	Sz	chi128	9.407102820671587e-8	5.527667695008273e-5	NaN	1.0001318216076833	1.000028384727843
torus	DMRG	8.0	5	Sz	exact	9.407102820671587e-8	0.0	NaN	1.000028384727843	1.000028384727843
torus	DMRG	8.0	5	Sz	UHF	9.407102820671587e-8	-0.44555771813646894	NaN	0.022288254061095067	1.000028384727843
torus	DMRG	8.0	5	Sz	UHFsym	9.407102820671587e-8	9.407102817462348e-8	NaN	0.9986801602273718	1.000028384727843
torus	DMRG	8.0	5	DoubleOcc	chi4	0.048847311772922786	0.03590863860624682	0.7351200568247407	26.878394366811737	74.65417556284206
torus	DMRG	8.0	5	DoubleOcc	chi8	0.048847311772922786	0.035068073626745605	0.7179120478475268	28.08086778805059	74.65417556284206
torus	DMRG	8.0	5	DoubleOcc	chi32	0.048847311772922786	0.009228868387185923	0.18893298427738048	73.44539337722871	74.65417556284206
torus	DMRG	8.0	5	DoubleOcc	chi128	0.048847311772922786	0.0026512610263943748	0.054276498136055694	76.40243462564462	74.65417556284206
torus	DMRG	8.0	5	DoubleOcc	exact	0.048847311772922786	0.0	0.0	74.65417556284206	74.65417556284206
torus	DMRG	8.0	5	DoubleOcc	UHF	0.048847311772922786	0.0037251813033796766	0.07626174641292405	1.7107818586181793	74.65417556284206
torus	DMRG	8.0	5	DoubleOcc	UHFsym	0.048847311772922786	0.0037251813033815917	0.07626174641296325	72.4233675344874	74.65417556284206
torus	DMRG	8.0	5	ZZ onsite	chi4	-0.8045196393587131	0.14343457363944967	0.17828598162473963	26.977681167586642	158.5431042697733
torus	DMRG	8.0	5	ZZ onsite	chi8	-0.8045196393587131	0.13934556196824155	0.17320343115466347	28.312999862042062	158.5431042697733
torus	DMRG	8.0	5	ZZ onsite	chi32	-0.8045196393587131	0.03370633642446663	0.0418962257420268	126.90044756513902	158.5431042697733
torus	DMRG	8.0	5	ZZ onsite	chi128	-0.8045196393587131	0.010395732083911868	0.01292166353104613	155.71625184251195	158.5431042697733
torus	DMRG	8.0	5	ZZ onsite	exact	-0.8045196393587131	0.0	0.0	158.5431042697733	158.5431042697733
torus	DMRG	8.0	5	ZZ onsite	UHF	-0.8045196393587131	-0.010596271124087897	0.013170929093209261	153.1190517999038	158.5431042697733
torus	DMRG	8.0	5	ZZ onsite	UHFsym	-0.8045196393587131	-0.010596271124084122	0.01317092909320457	153.11905179990714	158.5431042697733
torus	DMRG	8.0	5	ZZ up-up nb	chi4	-0.513439078731452	0.1220862100241934	0.23778129690835062	9.943691379142315	30.48570615048164
torus	DMRG	8.0	5	ZZ up-up nb	chi8	-0.513439078731452	0.10239509861652929	0.19942988926654293	12.210115138313197	30.48570615048164
torus	DMRG	8.0	5	ZZ up-up nb	chi32	-0.513439078731452	0.04532299025723274	0.08827335536907656	22.41765823994024	30.48570615048164
torus	DMRG	8.0	5	ZZ up-up nb	chi128	-0.513439078731452	0.00944888357399587	0.01840312505495514	29.444109620039477	30.48570615048164
torus	DMRG	8.0	5	ZZ up-up nb	exact	-0.513439078731452	0.0	0.0	30.48570615048164	30.48570615048164
torus	DMRG	8.0	5	ZZ up-up nb	UHF	-0.513439078731452	0.32604203101902063	0.6350160019462657	2.132390357310224	30.48570615048164
torus	DMRG	8.0	5	ZZ up-up nb	UHFsym	-0.513439078731452	-0.20360783157889445	0.3965569431955705	5.738302933783047	30.48570615048164
torus	DMRG	8.0	5	SzSz nb	chi4	-0.12180886419277923	0.03056673462090262	0.2509401497458064	9.855043766057886	31.83400674538653
torus	DMRG	8.0	5	SzSz nb	chi8	-0.12180886419277923	0.0282357445338777	0.23180369278536875	10.779118272583695	31.83400674538653
torus	DMRG	8.0	5	SzSz nb	chi32	-0.12180886419277923	0.011663459315140484	0.09575213916026228	23.092388870864596	31.83400674538653
torus	DMRG	8.0	5	SzSz nb	chi128	-0.12180886419277923	0.002352772739582315	0.01931528345801443	30.90965994618474	31.83400674538653
torus	DMRG	8.0	5	SzSz nb	exact	-0.12180886419277923	0.0	0.0	31.83400674538653	31.83400674538653
torus	DMRG	8.0	5	SzSz nb	UHF	-0.12180886419277923	0.082407617515834	0.6765321888677384	1.9689001171167488	31.83400674538653
torus	DMRG	8.0	5	SzSz nb	UHFsym	-0.12180886419277923	-0.050004848133645835	0.4105189590677597	5.347496694102251	31.83400674538653
torus	DMRG	8.0	5	SxSx nb	chi4	-0.12180737948566835	0.035972993551173046	0.29532688169689725	8.280463368294127	32.659211464782935
torus	DMRG	8.0	5	SxSx nb	chi8	-0.12180737948566835	0.03731201816271219	0.30631984958762093	7.848506749710527	32.659211464782935
torus	DMRG	8.0	5	SxSx nb	chi32	-0.12180737948566835	0.008577181641896733	0.07041594424010994	27.32445251974158	32.659211464782935
torus	DMRG	8.0	5	SxSx nb	chi128	-0.12180737948566835	0.002580572092321168	0.02118567941628523	31.856755775845322	32.659211464782935
torus	DMRG	8.0	5	SxSx nb	exact	-0.12180737948566835	0.0	0.0	32.659211464782935	32.659211464782935
torus	DMRG	8.0	5	SxSx nb	UHF	-0.12180737948566835	-0.11611266179618743	0.9532481717156476	1.1034972059097807	32.659211464782935
torus	DMRG	8.0	5	SxSx nb	UHFsym	-0.12180737948566835	-0.04990642897144748	0.40971597272823185	5.299311157639803	32.659211464782935
torus	ED	8.0	6	n	chi4	1.0000000000082414	-0.00014554715932346696	0.00014554715932226745	1.000161326744749	0.9999700616878898
torus	ED	8.0	6	n	chi8	1.0000000000082414	0.003788942949612739	0.003788942949581513	0.9917645664190089	0.9999700616878898
torus	ED	8.0	6	n	chi32	1.0000000000082414	-0.0007741554612450408	0.0007741554612386607	1.0040106554674206	0.9999700616878898
torus	ED	8.0	6	n	chi128	1.0000000000082414	-2.170994505834578e-5	2.170994505816686e-5	1.000314031853239	0.9999700616878898
torus	ED	8.0	6	n	exact	1.0000000000082414	4.501758290942348e-5	4.5017582909052474e-5	0.9999700616878898	0.9999700616878898
torus	ED	8.0	6	n	UHF	1.0000000000082414	0.012794054951838163	0.012794054951732721	0.012596339211620634	0.9999700616878898
torus	ED	8.0	6	n	UHFsym	1.0000000000082414	0.012794054951843936	0.012794054951738494	0.9747206051152697	0.9999700616878898
torus	ED	8.0	6	Sz	chi4	1.00800322949679e-9	2.1137643833364292e-5	NaN	1.0000150197913402	1.0000043986253693
torus	ED	8.0	6	Sz	chi8	1.00800322949679e-9	-0.0013930789533477227	NaN	0.9975503247911797	1.0000043986253693
torus	ED	8.0	6	Sz	chi32	1.00800322949679e-9	0.0021919374136385307	NaN	1.0013659072456453	1.0000043986253693
torus	ED	8.0	6	Sz	chi128	1.00800322949679e-9	0.00012508139863591505	NaN	1.0001344146771536	1.0000043986253693
torus	ED	8.0	6	Sz	exact	1.00800322949679e-9	2.047151726893015e-6	NaN	1.0000043986253693	1.0000043986253693
torus	ED	8.0	6	Sz	UHF	1.00800322949679e-9	0.4455578132155027	NaN	0.02318642286012205	1.0000043986253693
torus	ED	8.0	6	Sz	UHFsym	1.00800322949679e-9	1.0080032615891743e-9	NaN	0.9917992906316841	1.0000043986253693
torus	ED	8.0	6	DoubleOcc	chi4	0.04887126010628928	0.0357870397720472	0.7322716806199505	23.515143870790343	76.12902303049746
torus	ED	8.0	6	DoubleOcc	chi8	0.04887126010628928	0.031399637047577256	0.6424969804193039	29.843917851162534	76.12902303049746
torus	ED	8.0	6	DoubleOcc	chi32	0.04887126010628928	0.009757871749650815	0.19966482813065559	66.41756093123395	76.12902303049746
torus	ED	8.0	6	DoubleOcc	chi128	0.04887126010628928	0.0024862126143289365	0.05087269304948787	75.9508405814902	76.12902303049746
torus	ED	8.0	6	DoubleOcc	exact	0.04887126010628928	2.30170656022044e-5	0.00047097344230832134	76.12902303049746	76.12902303049746
torus	ED	8.0	6	DoubleOcc	UHF	0.04887126010628928	0.0037491296367460625	0.07671440492003159	1.6690425886980338	76.12902303049746
torus	ED	8.0	6	DoubleOcc	UHFsym	0.04887126010628928	0.003749129636746701	0.07671440492004467	74.6269418275119	76.12902303049746
torus	ED	8.0	6	ZZ onsite	chi4	-0.8045149595913257	0.14343925340683683	0.1782928355734995	28.0481496119188	179.15653540764495
torus	ED	8.0	6	ZZ onsite	chi8	-0.8045149595913257	0.11802066229108221	0.14669790895005094	38.836401625212915	179.15653540764495
torus	ED	8.0	6	ZZ onsite	chi32	-0.8045149595913257	0.040579797921091565	0.05044007875466372	129.47639145805908	179.15653540764495
torus	ED	8.0	6	ZZ onsite	chi128	-0.8045149595913257	0.009988270347434658	0.012415269882002518	177.2142005004623	179.15653540764495
torus	ED	8.0	6	ZZ onsite	exact	-0.8045149595913257	2.0330965890824615e-6	2.527108495428383e-6	179.15653540764495	179.15653540764495
torus	ED	8.0	6	ZZ onsite	UHF	-0.8045149595913257	-0.010591591356692076	0.013165188826410823	170.96063389774264	179.15653540764495
torus	ED	8.0	6	ZZ onsite	UHFsym	-0.8045149595913257	-0.010591591356695185	0.013165188826414688	170.96063389773886	179.15653540764495
torus	ED	8.0	6	ZZ up-up nb	chi4	-0.5132034649423688	0.08768198651255177	0.17085228861889737	16.553067795792888	37.405698114477715
torus	ED	8.0	6	ZZ up-up nb	chi8	-0.5132034649423688	0.03157226927952472	0.061519984638198404	31.09202168068122	37.405698114477715
torus	ED	8.0	6	ZZ up-up nb	chi32	-0.5132034649423688	0.011138272080217004	0.02170342338095437	35.958626331881256	37.405698114477715
torus	ED	8.0	6	ZZ up-up nb	chi128	-0.5132034649423688	-0.0033261789167812195	0.006481209001881426	37.53201690876529	37.405698114477715
torus	ED	8.0	6	ZZ up-up nb	exact	-0.5132034649423688	-0.000782129387261854	0.0015240142374130011	37.405698114477715	37.405698114477715
torus	ED	8.0	6	ZZ up-up nb	UHF	-0.5132034649423688	0.3262776448081042	0.63576664441411	2.2354075535101106	37.405698114477715
torus	ED	8.0	6	ZZ up-up nb	UHFsym	-0.5132034649423688	-0.20337221778981124	0.3962799000444187	5.7687206131921895	37.405698114477715
torus	ED	8.0	6	SzSz nb	chi4	-0.12175392712952995	0.028201855655308944	0.23162994673104817	9.890260106050833	32.016104990606195
torus	ED	8.0	6	SzSz nb	chi8	-0.12175392712952995	0.01278020375187186	0.10496748690722252	20.04785143094976	32.016104990606195
torus	ED	8.0	6	SzSz nb	chi32	-0.12175392712952995	0.003247753699312461	0.026674734654409005	29.08893708771661	32.016104990606195
torus	ED	8.0	6	SzSz nb	chi128	-0.12175392712952995	-0.0003229726699899016	0.0026526673726614313	31.745713895726663	32.016104990606195
torus	ED	8.0	6	SzSz nb	exact	-0.12175392712952995	-0.0001807932439410187	0.0014849068790091574	32.016104990606195	32.016104990606195
torus	ED	8.0	6	SzSz nb	UHF	-0.12175392712952995	0.08246255457908333	0.6772886634806791	1.916709430311989	32.016104990606195
torus	ED	8.0	6	SzSz nb	UHFsym	-0.12175392712952995	-0.04994991107039656	0.41025297703339386	5.441520397585573	32.016104990606195
torus	ED	8.0	6	SxSx nb	chi4	-0.12175392714439862	0.03454806038323313	0.2837531502557578	8.694411646247694	26.172301120890392
torus	ED	8.0	6	SxSx nb	chi8	-0.12175392714439862	0.020469316116662972	0.16812037686789866	15.257424897705581	26.172301120890392
torus	ED	8.0	6	SxSx nb	chi32	-0.12175392714439862	-0.0013352542322700028	0.010966826808686082	26.244232455954712	26.172301120890392
torus	ED	8.0	6	SxSx nb	chi128	-0.12175392714439862	-6.838309061966974e-5	0.0005616499789659208	26.286361119129303	26.172301120890392
torus	ED	8.0	6	SxSx nb	exact	-0.12175392714439862	-0.00018224293097438005	0.0014968135751238828	26.172301120890392	26.172301120890392
torus	ED	8.0	6	SxSx nb	UHF	-0.12175392714439862	-0.11605920945491771	0.9532276467540383	1.0944302337686123	26.172301120890392
torus	ED	8.0	6	SxSx nb	UHFsym	-0.12175392714439862	-0.04985297663017774	0.40945682656340715	4.9703581937519195	26.172301120890392
torus	DMRG	8.0	6	n	chi4	0.999954982425332	-0.00019056474223289044	0.00019057332138161547	1.000160826688793	0.999970222935604
torus	DMRG	8.0	6	n	chi8	0.999954982425332	0.0037439253667033157	0.0037440939167307763	0.9917710285120648	0.999970222935604
torus	DMRG	8.0	6	n	chi32	0.999954982425332	-0.0008191730441544642	0.0008192099229983416	1.0040049805467148	0.999970222935604
torus	DMRG	8.0	6	n	chi128	0.999954982425332	-6.672752796776926e-5	6.673053201447686e-5	1.0003140691233405	0.999970222935604
torus	DMRG	8.0	6	n	exact	0.999954982425332	0.0	0.0	0.999970222935604	0.999970222935604
torus	DMRG	8.0	6	n	UHF	0.999954982425332	0.01274903736892874	0.012749611325508574	0.012562482656652649	0.999970222935604
torus	DMRG	8.0	6	n	UHFsym	0.999954982425332	0.012749037368934513	0.012749611325514347	0.9747224984023972	0.999970222935604
torus	DMRG	8.0	6	Sz	chi4	-2.0461437236635183e-6	1.9090492106471277e-5	9.329985907485865	1.0000118118558117	1.000005442774247
torus	DMRG	8.0	6	Sz	chi8	-2.0461437236635183e-6	-0.0013951261050746157	681.8319206711012	0.9976303420443081	1.000005442774247
torus	DMRG	8.0	6	Sz	chi32	-2.0461437236635183e-6	0.0021898902619116377	1070.2524151093103	1.0013629633001622	1.000005442774247
torus	DMRG	8.0	6	Sz	chi128	-2.0461437236635183e-6	0.00012303424690902204	60.12981663318125	1.0001346679883794	1.000005442774247
torus	DMRG	8.0	6	Sz	exact	-2.0461437236635183e-6	0.0	0.0	1.000005442774247	1.000005442774247
torus	DMRG	8.0	6	Sz	UHF	-2.0461437236635183e-6	0.4455557660637758	217753.89524741223	0.023226983599013474	1.000005442774247
torus	DMRG	8.0	6	Sz	UHFsym	-2.0461437236635183e-6	-2.046143723631426e-6	0.9999999999843157	0.9921026931849861	1.000005442774247
torus	DMRG	8.0	6	DoubleOcc	chi4	0.04884824304068708	0.03576402270644499	0.7321455282773657	23.497191926204895	75.83386328481166
torus	DMRG	8.0	6	DoubleOcc	chi8	0.04884824304068708	0.03137661998197505	0.6423285266542869	29.810362626345015	75.83386328481166
torus	DMRG	8.0	6	DoubleOcc	chi32	0.04884824304068708	0.00973485468404861	0.19928771390897673	66.21456840957048	75.83386328481166
torus	DMRG	8.0	6	DoubleOcc	chi128	0.04884824304068708	0.002463195548726732	0.050425468663736116	75.66312720704968	75.83386328481166
torus	DMRG	8.0	6	DoubleOcc	exact	0.04884824304068708	0.0	0.0	75.83386328481166	75.83386328481166
torus	DMRG	8.0	6	DoubleOcc	UHF	0.04884824304068708	0.003726112571143858	0.07627935702908033	1.6692896940598807	75.83386328481166
torus	DMRG	8.0	6	DoubleOcc	UHFsym	0.04884824304068708	0.0037261125711444965	0.0762793570290934	74.31581254670449	75.83386328481166
torus	DMRG	8.0	6	ZZ onsite	chi4	-0.8045169926879148	0.14343722031024775	0.17828985790718951	28.048289495420743	178.35562794514473
torus	DMRG	8.0	6	ZZ onsite	chi8	-0.8045169926879148	0.11801862919449313	0.14669501112734668	38.82893573142218	178.35562794514473
torus	DMRG	8.0	6	ZZ onsite	chi32	-0.8045169926879148	0.04057776482450248	0.05043742418532514	129.16139476083052	178.35562794514473
torus	DMRG	8.0	6	ZZ onsite	chi128	-0.8045169926879148	0.009986237250845575	0.012412711405238645	176.4761785508326	178.35562794514473
torus	DMRG	8.0	6	ZZ onsite	exact	-0.8045169926879148	0.0	0.0	178.35562794514473	178.35562794514473
torus	DMRG	8.0	6	ZZ onsite	UHF	-0.8045169926879148	-0.010593624453281159	0.01316768265874354	170.1874983638849	178.35562794514473
torus	DMRG	8.0	6	ZZ onsite	UHFsym	-0.8045169926879148	-0.010593624453284267	0.013167682658747404	170.18749836388113	178.35562794514473
torus	DMRG	8.0	6	ZZ up-up nb	chi4	-0.5124213355551069	0.08846411589981362	0.17263940777169298	16.322788623414194	36.98239161914796
torus	DMRG	8.0	6	ZZ up-up nb	chi8	-0.5124213355551069	0.03235439866678658	0.06314022547819365	30.626433276109758	36.98239161914796
torus	DMRG	8.0	6	ZZ up-up nb	chi32	-0.5124213355551069	0.011920401467478858	0.023262890594837285	35.48505315663434	36.98239161914796
torus	DMRG	8.0	6	ZZ up-up nb	chi128	-0.5124213355551069	-0.0025440495295193655	0.004964761131117603	37.12454310804501	36.98239161914796
torus	DMRG	8.0	6	ZZ up-up nb	exact	-0.5124213355551069	0.0	0.0	36.98239161914796	36.98239161914796
torus	DMRG	8.0	6	ZZ up-up nb	UHF	-0.5124213355551069	0.327059774195366	0.638263381131587	2.220269597543659	36.98239161914796
torus	DMRG	8.0	6	ZZ up-up nb	UHFsym	-0.5124213355551069	-0.20259008840254938	0.3953584176644073	5.781984326396716	36.98239161914796
torus	DMRG	8.0	6	SzSz nb	chi4	-0.12157313388558894	0.028382648899249963	0.2334615222304012	9.753401811125194	31.585839098327018
torus	DMRG	8.0	6	SzSz nb	chi8	-0.12157313388558894	0.012960996995812879	0.10661070074915008	19.70889349344074	31.585839098327018
torus	DMRG	8.0	6	SzSz nb	chi32	-0.12157313388558894	0.00342854694325348	0.028201518161735023	28.635152697062235	31.585839098327018
torus	DMRG	8.0	6	SzSz nb	chi128	-0.12157313388558894	-0.0001421794260488829	0.0011694970879231122	31.31790442032048	31.585839098327018
torus	DMRG	8.0	6	SzSz nb	exact	-0.12157313388558894	0.0	0.0	31.585839098327018	31.585839098327018
torus	DMRG	8.0	6	SzSz nb	UHF	-0.12157313388558894	0.08264334782302435	0.6797829847900363	1.9027253598003178	31.585839098327018
torus	DMRG	8.0	6	SzSz nb	UHFsym	-0.12157313388558894	-0.049769117826455544	0.4093759553265501	5.45405086216427	31.585839098327018
torus	DMRG	8.0	6	SxSx nb	chi4	-0.12157168421342424	0.03473030331420751	0.28567756989560983	8.591624660558198	26.24623316018261
torus	DMRG	8.0	6	SxSx nb	chi8	-0.12157168421342424	0.020651559047637352	0.16987145634490566	15.09672402091553	26.24623316018261
torus	DMRG	8.0	6	SxSx nb	chi32	-0.12157168421342424	-0.0011530113012956228	0.009484209326831918	26.344803693046046	26.24623316018261
torus	DMRG	8.0	6	SxSx nb	chi128	-0.12157168421342424	0.0001138598403547103	0.0009365654600525607	26.35856116514074	26.24623316018261
torus	DMRG	8.0	6	SxSx nb	exact	-0.12157168421342424	0.0	0.0	26.24623316018261	26.24623316018261
torus	DMRG	8.0	6	SxSx nb	UHF	-0.12157168421342424	-0.11587696652394333	0.9531575323125113	1.0946525883137983	26.24623316018261
torus	DMRG	8.0	6	SxSx nb	UHFsym	-0.12157168421342424	-0.04967073369920336	0.4085715684583614	4.996478583802483	26.24623316018261
torus	ED	8.0	7	n	chi4	1.0000000000080431	7.755639535311776e-5	7.755639535249396e-5	1.0005482556353928	1.0001061898284178
torus	ED	8.0	7	n	chi8	1.0000000000080431	-0.004786997583116515	0.004786997583078012	0.9180713056164075	1.0001061898284178
torus	ED	8.0	7	n	chi32	1.0000000000080431	-0.0006756951588340332	0.0006756951588285985	1.0030505431508023	1.0001061898284178
torus	ED	8.0	7	n	chi128	1.0000000000080431	0.0002685072262827992	0.0002685072262806396	1.0007076871274678	1.0001061898284178
torus	ED	8.0	7	n	exact	1.0000000000080431	4.387282992679431e-5	4.3872829926441436e-5	1.0001061898284178	1.0001061898284178
torus	ED	8.0	7	n	UHF	1.0000000000080431	0.012794054951644207	0.012794054951541303	0.013184669472275602	1.0001061898284178
torus	ED	8.0	7	n	UHFsym	1.0000000000080431	0.012794054951649092	0.012794054951546188	1.0110098688558742	1.0001061898284178
torus	ED	8.0	7	Sz	chi4	-9.207113821352308e-10	-9.80224652177425e-5	NaN	0.9999977381747231	0.9999861305410762
torus	ED	8.0	7	Sz	chi8	-9.207113821352308e-10	0.009825049918297583	NaN	0.9739886355153117	0.9999861305410762
torus	ED	8.0	7	Sz	chi32	-9.207113821352308e-10	-0.0013197995620059942	NaN	1.0001305350332523	0.9999861305410762
torus	ED	8.0	7	Sz	chi128	-9.207113821352308e-10	-3.5206433124938125e-5	NaN	0.9999155724723887	0.9999861305410762
torus	ED	8.0	7	Sz	exact	-9.207113821352308e-10	-3.094184148087764e-6	NaN	0.9999861305410762	0.9999861305410762
torus	ED	8.0	7	Sz	UHF	-9.207113821352308e-10	-0.44555781312820864	NaN	0.019999398384699937	0.9999861305410762
torus	ED	8.0	7	Sz	UHFsym	-9.207113821352308e-10	-9.207114211665091e-10	NaN	0.9863186244153714	0.9999861305410762
torus	ED	8.0	7	DoubleOcc	chi4	0.04887126010599793	0.034504137487577025	0.7060210318444881	26.000282583027808	84.01015137182254
torus	ED	8.0	7	DoubleOcc	chi8	0.04887126010599793	0.02832147595167872	0.5795118826535608	30.996159590720005	84.01015137182254
torus	ED	8.0	7	DoubleOcc	chi32	0.04887126010599793	0.009137150104308961	0.18696366912764678	74.40478623455031	84.01015137182254
torus	ED	8.0	7	DoubleOcc	chi128	0.04887126010599793	0.0028314850734287578	0.05793763179601853	83.91663831520803	84.01015137182254
torus	ED	8.0	7	DoubleOcc	exact	0.04887126010599793	2.3182862056991826e-5	0.00047436595673428547	84.01015137182254	84.01015137182254
torus	ED	8.0	7	DoubleOcc	UHF	0.04887126010599793	0.0037491296364548232	0.07671440491452962	2.1576637821224582	84.01015137182254
torus	ED	8.0	7	DoubleOcc	UHFsym	0.04887126010599793	0.0037491296364567106	0.07671440491456824	82.58802394963632	84.01015137182254
torus	ED	8.0	7	ZZ onsite	chi4	-0.8045149595920947	0.13786143715960253	0.17135969383279218	27.78463969862081	224.30051548122742
torus	ED	8.0	7	ZZ onsite	chi8	-0.8045149595920947	0.12285989897294658	0.15271300739421803	33.67875905145362	224.30051548122742
torus	ED	8.0	7	ZZ onsite	chi32	-0.8045149595920947	0.03789999073490524	0.04710911870939143	138.25996699730914	224.30051548122742
torus	ED	8.0	7	ZZ onsite	chi128	-0.8045149595920947	0.010788925841152097	0.013410472623930199	208.6387576750962	224.30051548122742
torus	ED	8.0	7	ZZ onsite	exact	-0.8045149595920947	4.985788374711753e-6	6.197259995314006e-6	224.30051548122742	224.30051548122742
torus	ED	8.0	7	ZZ onsite	UHF	-0.8045149595920947	-0.010591591357469121	0.013165188827364093	223.1177491733604	224.30051548122742
torus	ED	8.0	7	ZZ onsite	UHFsym	-0.8045149595920947	-0.01059159135746568	0.013165188827359816	223.11774917336365	224.30051548122742
torus	ED	8.0	7	ZZ up-up nb	chi4	-0.5132034651341871	0.1380046164970017	0.2689081930904688	10.158420413056712	31.327323776897014
torus	ED	8.0	7	ZZ up-up nb	chi8	-0.5132034651341871	0.07296511328780575	0.1421758001355809	20.066559936118484	31.327323776897014
torus	ED	8.0	7	ZZ up-up nb	chi32	-0.5132034651341871	0.04369829736680719	0.08514809492835637	26.31596666784702	31.327323776897014
torus	ED	8.0	7	ZZ up-up nb	chi128	-0.5132034651341871	0.009261151368523568	0.01804576936381764	31.19833340324056	31.327323776897014
torus	ED	8.0	7	ZZ up-up nb	exact	-0.5132034651341871	0.00023742035618623536	0.000462624226678121	31.327323776897014	31.327323776897014
torus	ED	8.0	7	ZZ up-up nb	UHF	-0.5132034651341871	0.32627764461628617	0.6357666438027156	2.42371599584001	31.327323776897014
torus	ED	8.0	7	ZZ up-up nb	UHFsym	-0.5132034651341871	-0.20337221798163319	0.39627990027007615	5.364939253841946	31.327323776897014
torus	ED	8.0	7	SzSz nb	chi4	-0.12175392717641126	0.03384514282534826	0.2779798862365193	9.786484592869167	31.353105806526422
torus	ED	8.0	7	SzSz nb	chi8	-0.12175392717641126	0.021035673409785127	0.1727720320618997	17.07153991734655	31.353105806526422
torus	ED	8.0	7	SzSz nb	chi32	-0.12175392717641126	0.012118922017618966	0.09953618990917362	24.801591007474315	31.353105806526422
torus	ED	8.0	7	SzSz nb	chi128	-0.12175392717641126	0.0023497022621048608	0.019298780060706698	31.237449359014317	31.353105806526422
torus	ED	8.0	7	SzSz nb	exact	-0.12175392717641126	5.5569997803261995e-5	0.00045641236461100524	31.353105806526422	31.353105806526422
torus	ED	8.0	7	SzSz nb	UHF	-0.12175392717641126	0.08246255453219994	0.6772886628348226	2.150695910294223	31.353105806526422
torus	ED	8.0	7	SzSz nb	UHFsym	-0.12175392717641126	-0.0499499111172786	0.41025297726048177	5.045688435096107	31.353105806526422
torus	ED	8.0	7	SxSx nb	chi4	-0.12175392719327063	0.039567416848897724	0.3249785675174889	7.652910389171833	33.66314001732056
torus	ED	8.0	7	SxSx nb	chi8	-0.12175392719327063	0.030286844451224204	0.24875455888291187	11.29829429005788	33.66314001732056
torus	ED	8.0	7	SxSx nb	chi32	-0.12175392719327063	0.00851702438990909	0.06995276937875912	29.118004137071598	33.66314001732056
torus	ED	8.0	7	SxSx nb	chi128	-0.12175392719327063	0.0026668995929811368	0.021904012909150228	33.230998241287395	33.66314001732056
torus	ED	8.0	7	SxSx nb	exact	-0.12175392719327063	5.416415914086259e-5	0.00044486580753065234	33.66314001732056	33.66314001732056
torus	ED	8.0	7	SxSx nb	UHF	-0.12175392719327063	-0.11605920950378974	0.9532276467728128	1.094207681267645	33.66314001732056
torus	ED	8.0	7	SxSx nb	UHFsym	-0.12175392719327063	-0.04985297667905042	0.40945682680045664	5.154237236364213	33.66314001732056
torus	DMRG	8.0	7	n	chi4	0.9999561271781163	3.368356542632345e-5	3.36850432842276e-5	1.0005522117734293	1.0001073162666427
torus	DMRG	8.0	7	n	chi8	0.9999561271781163	-0.004830870413043309	0.004831082366259469	0.9177264387503963	1.0001073162666427
torus	DMRG	8.0	7	n	chi32	0.9999561271781163	-0.0007195679887608275	0.0007195995596241345	1.003060878110246	1.0001073162666427
torus	DMRG	8.0	7	n	chi128	0.9999561271781163	0.0002246343963560049	0.00022464425213326595	1.0007149221328702	1.0001073162666427
torus	DMRG	8.0	7	n	exact	0.9999561271781163	0.0	0.0	1.0001073162666427	1.0001073162666427
torus	DMRG	8.0	7	n	UHF	0.9999561271781163	0.012750182121717413	0.012750741532729563	0.013158482761713155	1.0001073162666427
torus	DMRG	8.0	7	n	UHFsym	0.9999561271781163	0.012750182121722298	0.012750741532734448	1.011290591574986	1.0001073162666427
torus	DMRG	8.0	7	Sz	chi4	3.093263436705629e-6	-9.492828106965473e-5	30.688715336432757	1.000001819894882	0.9999870335807758
torus	DMRG	8.0	7	Sz	chi8	3.093263436705629e-6	0.00982814410244567	3177.27355058798	0.973698511485391	0.9999870335807758
torus	DMRG	8.0	7	Sz	chi32	3.093263436705629e-6	-0.0013167053778579065	425.66868448172556	1.0001541056295014	0.9999870335807758
torus	DMRG	8.0	7	Sz	chi128	3.093263436705629e-6	-3.211224897685036e-5	10.381349546823719	0.9999215417070368	0.9999870335807758
torus	DMRG	8.0	7	Sz	exact	3.093263436705629e-6	0.0	0.0	0.9999870335807758	0.9999870335807758
torus	DMRG	8.0	7	Sz	UHF	3.093263436705629e-6	-0.4455547189440605	144040.34058559942	0.020040242492525603	0.9999870335807758
torus	DMRG	8.0	7	Sz	UHFsym	3.093263436705629e-6	3.0932634366665976e-6	0.9999999999873819	0.9865683932705737	0.9999870335807758
torus	DMRG	8.0	7	DoubleOcc	chi4	0.04884807724394094	0.03448095462552003	0.7058815120465568	25.973882361324076	83.98738735482173
torus	DMRG	8.0	7	DoubleOcc	chi8	0.04884807724394094	0.02829829308962173	0.5793123227410515	30.963330512278123	83.98738735482173
torus	DMRG	8.0	7	DoubleOcc	chi32	0.04884807724394094	0.009113967242251969	0.18657780933194162	74.3392515639963	83.98738735482173
torus	DMRG	8.0	7	DoubleOcc	chi128	0.04884807724394094	0.002808302211371766	0.05749053739305787	83.87652477317464	83.98738735482173
torus	DMRG	8.0	7	DoubleOcc	exact	0.04884807724394094	0.0	0.0	83.98738735482173	83.98738735482173
torus	DMRG	8.0	7	DoubleOcc	UHF	0.04884807724394094	0.0037259467743978314	0.07627622180072591	2.157374738022583	83.98738735482173
torus	DMRG	8.0	7	DoubleOcc	UHFsym	0.04884807724394094	0.0037259467743997188	0.07627622180076456	82.56619509538397	83.98738735482173
torus	DMRG	8.0	7	ZZ onsite	chi4	-0.8045199453804694	0.13785645137122782	0.17135243465720848	27.70302159781042	223.4220480823469
torus	DMRG	8.0	7	ZZ onsite	chi8	-0.8045199453804694	0.12285491318457187	0.1527058637762821	33.57113173662375	223.4220480823469
torus	DMRG	8.0	7	ZZ onsite	chi32	-0.8045199453804694	0.03789500494653053	0.047102629542154384	137.51153155521223	223.4220480823469
torus	DMRG	8.0	7	ZZ onsite	chi128	-0.8045199453804694	0.010783940052777385	0.013404192294670209	207.61858744996238	223.4220480823469
torus	DMRG	8.0	7	ZZ onsite	exact	-0.8045199453804694	0.0	0.0	223.4220480823469	223.4220480823469
torus	DMRG	8.0	7	ZZ onsite	UHF	-0.8045199453804694	-0.010596577145843833	0.013171304461361184	222.53377088149432	223.4220480823469
torus	DMRG	8.0	7	ZZ onsite	UHFsym	-0.8045199453804694	-0.010596577145840391	0.013171304461356906	222.53377088149756	223.4220480823469
torus	DMRG	8.0	7	ZZ up-up nb	chi4	-0.5134408854903734	0.13776719614081545	0.2683214368665592	10.191008096938202	31.282505204232603
torus	DMRG	8.0	7	ZZ up-up nb	chi8	-0.5134408854903734	0.07272769293161951	0.14164764627608353	20.116991073000346	31.282505204232603
torus	DMRG	8.0	7	ZZ up-up nb	chi32	-0.5134408854903734	0.04346087701062096	0.08464631126738702	26.35130976481376	31.282505204232603
torus	DMRG	8.0	7	ZZ up-up nb	chi128	-0.5134408854903734	0.009023731012337333	0.017575014509643137	31.172126973931583	31.282505204232603
torus	DMRG	8.0	7	ZZ up-up nb	exact	-0.5134408854903734	0.0	0.0	31.282505204232603	31.282505204232603
torus	DMRG	8.0	7	ZZ up-up nb	UHF	-0.5134408854903734	0.32604022426009993	0.6350102484509152	2.4299738412535223	31.282505204232603
torus	DMRG	8.0	7	ZZ up-up nb	UHFsym	-0.5134408854903734	-0.20360963833781942	0.3965590666652061	5.356613065569771	31.282505204232603
torus	DMRG	8.0	7	SzSz nb	chi4	-0.12180949717421452	0.033789572827544995	0.2773968665121278	9.857622685656516	31.493707132446193
torus	DMRG	8.0	7	SzSz nb	chi8	-0.12180949717421452	0.020980103411981865	0.17223700859692145	17.214864576301988	31.493707132446193
torus	DMRG	8.0	7	SzSz nb	chi32	-0.12180949717421452	0.012063352019815704	0.09903457693912358	25.00534022586368	31.493707132446193
torus	DMRG	8.0	7	SzSz nb	chi128	-0.12180949717421452	0.0022941322643015988	0.018833771729805947	31.409661687582208	31.493707132446193
torus	DMRG	8.0	7	SzSz nb	exact	-0.12180949717421452	0.0	0.0	31.493707132446193	31.493707132446193
torus	DMRG	8.0	7	SzSz nb	UHF	-0.12180949717421452	0.08240698453439668	0.6765234767904548	2.1601646068398748	31.493707132446193
torus	DMRG	8.0	7	SzSz nb	UHFsym	-0.12180949717421452	-0.050005481115081865	0.4105220222981708	5.0381892460198445	31.493707132446193
torus	DMRG	8.0	7	SxSx nb	chi4	-0.1218080913524115	0.03951325268975686	0.324389391961149	7.679332517175598	33.878285244307875
torus	DMRG	8.0	7	SxSx nb	chi8	-0.1218080913524115	0.03023268029208334	0.2481992777032772	11.34694059291657	33.878285244307875
torus	DMRG	8.0	7	SxSx nb	chi32	-0.1218080913524115	0.008462860230768227	0.06947699563146208	29.318720469473938	33.878285244307875
torus	DMRG	8.0	7	SxSx nb	chi128	-0.1218080913524115	0.002612735433840274	0.021449604905811936	33.456277189851406	33.878285244307875
torus	DMRG	8.0	7	SxSx nb	exact	-0.1218080913524115	0.0	0.0	33.878285244307875	33.878285244307875
torus	DMRG	8.0	7	SxSx nb	UHF	-0.1218080913524115	-0.1161133736629306	0.9532484449411074	1.0942038362975148	33.878285244307875
torus	DMRG	8.0	7	SxSx nb	UHFsym	-0.1218080913524115	-0.04990714083819128	0.40971942244625975	5.154226859573657	33.878285244307875
torus	ED	8.0	9	n	chi4	1.0000000000046345	0.000245147706167681	0.00024514770616654487	1.0008311184948	0.9999587099508368
torus	ED	8.0	9	n	chi8	1.0000000000046345	0.0003762365752045804	0.00037623657520283676	1.01060650841019	0.9999587099508368
torus	ED	8.0	9	n	chi32	1.0000000000046345	0.0005973387223775495	0.0005973387223747811	0.9996015338826558	0.9999587099508368
torus	ED	8.0	9	n	chi128	1.0000000000046345	6.547264003342601e-5	6.547264003312258e-5	1.000146597083699	0.9999587099508368
torus	ED	8.0	9	n	exact	1.0000000000046345	-2.4076726695465567e-5	2.4076726695353982e-5	0.9999587099508368	0.9999587099508368
torus	ED	8.0	9	n	UHF	1.0000000000046345	-0.006397027467165417	0.00639702746713577	0.010059902295923932	0.9999587099508368
torus	ED	8.0	9	n	UHFsym	1.0000000000046345	-0.00639702746716031	0.006397027467130663	0.9848209929228426	0.9999587099508368
torus	ED	8.0	9	Sz	chi4	9.939548559212419e-10	-9.760432471426356e-5	NaN	1.0003073082924328	0.999985973583489
torus	ED	8.0	9	Sz	chi8	9.939548559212419e-10	-0.004589927670699432	NaN	1.004034664782469	0.999985973583489
torus	ED	8.0	9	Sz	chi32	9.939548559212419e-10	0.00031786110285857844	NaN	0.9997704145696286	0.999985973583489
torus	ED	8.0	9	Sz	chi128	9.939548559212419e-10	-7.839968657108454e-6	NaN	1.0000518985774975	0.999985973583489
torus	ED	8.0	9	Sz	exact	9.939548559212419e-10	-1.2998685654241893e-7	NaN	0.999985973583489	0.999985973583489
torus	ED	8.0	9	Sz	UHF	9.939548559212419e-10	0.45806772942735513	NaN	0.023645246478200273	0.999985973583489
torus	ED	8.0	9	Sz	UHFsym	9.939548559212419e-10	9.939548561380823e-10	NaN	0.9941048748977308	0.999985973583489
torus	ED	8.0	9	DoubleOcc	chi4	0.04887126010718981	0.03656718539083892	0.7482349608059164	22.224404692898464	91.69855962164512
torus	ED	8.0	9	DoubleOcc	chi8	0.04887126010718981	0.03357085391066608	0.6869242543989003	25.2570450352551	91.69855962164512
torus	ED	8.0	9	DoubleOcc	chi32	0.04887126010718981	0.009354199978858113	0.19140492711547555	75.23536194565773	91.69855962164512
torus	ED	8.0	9	DoubleOcc	chi128	0.04887126010718981	0.0029335646409839045	0.06002637612678061	89.14270044132803	91.69855962164512
torus	ED	8.0	9	DoubleOcc	exact	0.04887126010718981	5.747238605080529e-6	0.00011759955835955641	91.69855962164512	91.69855962164512
torus	ED	8.0	9	DoubleOcc	UHF	0.04887126010718981	0.005488559713306446	0.1123064905891179	1.6547666473004288	91.69855962164512
torus	ED	8.0	9	DoubleOcc	UHFsym	0.04887126010718981	0.005488559713305613	0.11230649058910086	78.1194631894882	91.69855962164512
torus	ED	8.0	9	ZZ onsite	chi4	-0.8045149595805104	0.1457784461510213	0.18120041699042239	24.331087508119943	172.8765976387858
torus	ED	8.0	9	ZZ onsite	chi8	-0.8045149595805104	0.13353094249225184	0.16597695406668067	28.098634324718013	172.8765976387858
torus	ED	8.0	9	ZZ onsite	chi32	-0.8045149595805104	0.03622212247067669	0.045023553682039176	119.2424597082452	172.8765976387858
torus	ED	8.0	9	ZZ onsite	chi128	-0.8045149595805104	0.011603313283869321	0.01442274397224324	161.99930121208075	172.8765976387858
torus	ED	8.0	9	ZZ onsite	exact	-0.8045149595805104	7.114240780992098e-5	8.842894338101059e-5	172.8765976387858	172.8765976387858
torus	ED	8.0	9	ZZ onsite	UHF	-0.8045149595805104	0.03474829378755595	0.043191606785875525	121.9406558682095	172.8765976387858
torus	ED	8.0	9	ZZ onsite	UHFsym	-0.8045149595805104	0.034748293787547735	0.04319160678586532	121.94065586822471	172.8765976387858
torus	ED	8.0	9	ZZ up-up nb	chi4	-0.5132034650727687	0.14085799389045917	0.27446812712086127	9.049863247852004	27.179636168566038
torus	ED	8.0	9	ZZ up-up nb	chi8	-0.5132034650727687	0.11767828991228979	0.229301432903622	11.317374368549434	27.179636168566038
torus	ED	8.0	9	ZZ up-up nb	chi32	-0.5132034650727687	0.04736265163462239	0.09228825379794872	22.062863256742208	27.179636168566038
torus	ED	8.0	9	ZZ up-up nb	chi128	-0.5132034650727687	0.01241724484694584	0.024195559250920415	26.71234821383397	27.179636168566038
torus	ED	8.0	9	ZZ up-up nb	exact	-0.5132034650727687	0.00021244854457302953	0.00041396553030464397	27.179636168566038	27.179636168566038
torus	ED	8.0	9	ZZ up-up nb	UHF	-0.5132034650727687	0.37632164431386306	0.7332796247985256	1.7893093588782643	27.179636168566038
torus	ED	8.0	9	ZZ up-up nb	UHFsym	-0.5132034650727687	-0.18348768356640405	0.3575339919818873	6.2827834655252826	27.179636168566038
torus	ED	8.0	9	SzSz nb	chi4	-0.1217539271619418	0.03554811329530683	0.29196687223094814	9.35312659842172	21.918453693016446
torus	ED	8.0	9	SzSz nb	chi8	-0.1217539271619418	0.027830474375327208	0.22857968546928759	12.320865243431918	21.918453693016446
torus	ED	8.0	9	SzSz nb	chi32	-0.1217539271619418	0.011640741285491724	0.09560875412263843	20.412542647243225	21.918453693016446
torus	ED	8.0	9	SzSz nb	chi128	-0.1217539271619418	0.0029338540554628423	0.024096586646939096	22.24792644226191	21.918453693016446
torus	ED	8.0	9	SzSz nb	exact	-0.1217539271619418	4.994359247416369e-5	0.0004102010804771413	21.918453693016446	21.918453693016446
torus	ED	8.0	9	SzSz nb	UHF	-0.1217539271619418	0.09435484867251417	0.7749634929394531	1.8414208559171794	21.918453693016446
torus	ED	8.0	9	SzSz nb	UHFsym	-0.1217539271619418	-0.0455974832975526	0.37450523659006535	5.253053704032271	21.918453693016446
torus	ED	8.0	9	SxSx nb	chi4	-0.121753927151564	0.04074042964573993	0.3346128588938628	5.896592911748654	22.248983654994696
torus	ED	8.0	9	SxSx nb	chi8	-0.121753927151564	0.029548273434821	0.24268846291946022	8.76155967531907	22.248983654994696
torus	ED	8.0	9	SxSx nb	chi32	-0.121753927151564	0.010138520474418738	0.08327058281904876	18.019814604487625	22.248983654994696
torus	ED	8.0	9	SxSx nb	chi128	-0.121753927151564	0.0029230605883769356	0.024007936801399406	21.47532039989904	22.248983654994696
torus	ED	8.0	9	SxSx nb	exact	-0.121753927151564	4.999246265779966e-5	0.00041060246537729425	22.248983654994696	22.248983654994696
torus	ED	8.0	9	SxSx nb	UHF	-0.121753927151564	-0.11547119514924335	0.9483981161897171	1.1267527249760951	22.248983654994696
torus	ED	8.0	9	SxSx nb	UHFsym	-0.121753927151564	-0.045495029164209944	0.37366375137596974	6.035476409983613	22.248983654994696
torus	DMRG	8.0	9	n	chi4	1.00002407673133	0.00026922443286314657	0.00026921795097487175	1.0008336887369742	0.9999584139692174
torus	DMRG	8.0	9	n	chi8	1.00002407673133	0.000400313301900046	0.00040030366389627993	1.010584499079469	0.9999584139692174
torus	DMRG	8.0	9	n	chi32	1.00002407673133	0.000621415449073015	0.0006214004877804224	0.9996102252629294	0.9999584139692174
torus	DMRG	8.0	9	n	chi128	1.00002407673133	8.954936672889158e-5	8.95472107247576e-5	1.000147365324338	0.9999584139692174
torus	DMRG	8.0	9	n	exact	1.00002407673133	0.0	0.0	0.9999584139692174	0.9999584139692174
torus	DMRG	8.0	9	n	UHF	1.00002407673133	-0.0063729507404699515	0.006372797304341434	0.010054377556375869	0.9999584139692174
torus	DMRG	8.0	9	n	UHFsym	1.00002407673133	-0.0063729507404648444	0.006372797304336327	0.9847424288933838	0.9999584139692174
torus	DMRG	8.0	9	Sz	chi4	1.3098081139834017e-7	-9.747433785772114e-5	NaN	1.000306660974185	0.9999864114101882
torus	DMRG	8.0	9	Sz	chi8	1.3098081139834017e-7	-0.00458979768384289	NaN	1.0042023041124652	0.9999864114101882
torus	DMRG	8.0	9	Sz	chi32	1.3098081139834017e-7	0.00031799108971512086	NaN	0.9997473901340688	0.9999864114101882
torus	DMRG	8.0	9	Sz	chi128	1.3098081139834017e-7	-7.709981800566035e-6	NaN	1.0000510237425126	0.9999864114101882
torus	DMRG	8.0	9	Sz	exact	1.3098081139834017e-7	0.0	NaN	0.9999864114101882	0.9999864114101882
torus	DMRG	8.0	9	Sz	UHF	1.3098081139834017e-7	0.4580678594142117	NaN	0.023613167153456977	0.9999864114101882
torus	DMRG	8.0	9	Sz	UHFsym	1.3098081139834017e-7	1.30980811398557e-7	NaN	0.9942164372027278	0.9999864114101882
torus	DMRG	8.0	9	DoubleOcc	chi4	0.04886551286858473	0.03656143815223384	0.7482053498662634	22.254626539788017	92.06857629626786
torus	DMRG	8.0	9	DoubleOcc	chi8	0.04886551286858473	0.033565106672061	0.6868874324992453	25.29707661551954	92.06857629626786
torus	DMRG	8.0	9	DoubleOcc	chi32	0.04886551286858473	0.009348452740253033	0.19130982550810557	75.50574700571266	92.06857629626786
torus	DMRG	8.0	9	DoubleOcc	chi128	0.04886551286858473	0.002927817402378824	0.05991582264270259	89.5024440655069	92.06857629626786
torus	DMRG	8.0	9	DoubleOcc	exact	0.04886551286858473	0.0	0.0	92.06857629626786	92.06857629626786
torus	DMRG	8.0	9	DoubleOcc	UHF	0.04886551286858473	0.005482812474701365	0.11220208594651267	1.6540996849765557	92.06857629626786
torus	DMRG	8.0	9	DoubleOcc	UHFsym	0.04886551286858473	0.0054828124747005325	0.11220208594649564	78.41247168490976	92.06857629626786
torus	DMRG	8.0	9	ZZ onsite	chi4	-0.8045861019883204	0.1457073037432114	0.18109597392141696	24.332037491275713	173.38403202523816
torus	DMRG	8.0	9	ZZ onsite	chi8	-0.8045861019883204	0.13345980008444192	0.16587385707338412	28.101089858199963	173.38403202523816
torus	DMRG	8.0	9	ZZ onsite	chi32	-0.8045861019883204	0.03615098006286677	0.04493115152440397	119.43690565355395	173.38403202523816
torus	DMRG	8.0	9	ZZ onsite	chi128	-0.8045861019883204	0.0115321708760594	0.014333047572609954	162.41822890925778	173.38403202523816
torus	DMRG	8.0	9	ZZ onsite	exact	-0.8045861019883204	0.0	0.0	173.38403202523816	173.38403202523816
torus	DMRG	8.0	9	ZZ onsite	UHF	-0.8045861019883204	0.03467715137974603	0.04309936661104471	122.14610258634326	173.38403202523816
torus	DMRG	8.0	9	ZZ onsite	UHFsym	-0.8045861019883204	0.034677151379737814	0.0430993666110345	122.14610258635857	173.38403202523816
torus	DMRG	8.0	9	ZZ up-up nb	chi4	-0.5134159136173417	0.14064554534588614	0.2739407595587538	9.09929219219055	27.269690338379487
torus	DMRG	8.0	9	ZZ up-up nb	chi8	-0.5134159136173417	0.11746584136771676	0.22879275505913943	11.382837736323047	27.269690338379487
torus	DMRG	8.0	9	ZZ up-up nb	chi32	-0.5134159136173417	0.04715020309004936	0.09183627121692856	22.190473701387905	27.269690338379487
torus	DMRG	8.0	9	ZZ up-up nb	chi128	-0.5134159136173417	0.012204796302372811	0.02377175303426467	26.82373511702051	27.269690338379487
torus	DMRG	8.0	9	ZZ up-up nb	exact	-0.5134159136173417	0.0	0.0	27.269690338379487	27.269690338379487
torus	DMRG	8.0	9	ZZ up-up nb	UHF	-0.5134159136173417	0.37610919576929003	0.7325624036842985	1.7951895295260338	27.269690338379487
torus	DMRG	8.0	9	ZZ up-up nb	UHFsym	-0.5134159136173417	-0.18370013211097708	0.35779984071138893	6.274297286644337	27.269690338379487
torus	DMRG	8.0	9	SzSz nb	chi4	-0.12180387075441597	0.03549816970283266	0.29143712332759086	9.363691855116516	21.873404235416643
torus	DMRG	8.0	9	SzSz nb	chi8	-0.12180387075441597	0.027780530782853044	0.2280759273969614	12.330970113461527	21.873404235416643
torus	DMRG	8.0	9	SzSz nb	chi32	-0.12180387075441597	0.01159079769301756	0.09515951850485292	20.397305504625255	21.873404235416643
torus	DMRG	8.0	9	SzSz nb	chi128	-0.12180387075441597	0.0028839104629886786	0.023676673369463698	22.208118547516616	21.873404235416643
torus	DMRG	8.0	9	SzSz nb	exact	-0.12180387075441597	0.0	0.0	21.873404235416643	21.873404235416643
torus	DMRG	8.0	9	SzSz nb	UHF	-0.12180387075441597	0.09430490508004001	0.7742356995384813	1.8438980042119002	21.873404235416643
torus	DMRG	8.0	9	SzSz nb	UHFsym	-0.12180387075441597	-0.045647426890026765	0.37476171001217407	5.247280034622275	21.873404235416643
torus	DMRG	8.0	9	SxSx nb	chi4	-0.1218039196142218	0.04069043718308213	0.3340650884795593	5.910252214789184	22.351684435794617
torus	DMRG	8.0	9	SxSx nb	chi8	-0.1218039196142218	0.0294982809721632	0.24217842139719606	8.788841739822438	22.351684435794617
torus	DMRG	8.0	9	SxSx nb	chi32	-0.1218039196142218	0.010088528011760939	0.08282597180545087	18.100730483675967	22.351684435794617
torus	DMRG	8.0	9	SxSx nb	chi128	-0.1218039196142218	0.002873068125719136	0.023587649189112606	21.577054288920497	22.351684435794617
torus	DMRG	8.0	9	SxSx nb	exact	-0.1218039196142218	0.0	0.0	22.351684435794617	22.351684435794617
torus	DMRG	8.0	9	SxSx nb	UHF	-0.1218039196142218	-0.11552118761190115	0.9484192953542107	1.126816374433537	22.351684435794617
torus	DMRG	8.0	9	SxSx nb	UHFsym	-0.1218039196142218	-0.04554502162686774	0.3739208210303761	6.037999411930922	22.351684435794617
torus	ED	8.0	10	n	chi4	1.0000000000052343	-0.000245147696296133	0.0002451476962948498	0.9997964269976223	0.999969716403491
torus	ED	8.0	10	n	chi8	1.0000000000052343	0.0001052988768682761	0.00010529887686772494	0.9861270106082407	0.999969716403491
torus	ED	8.0	10	n	chi32	1.0000000000052343	-0.000994366151898296	0.0009943661518930912	0.9987558473288852	0.999969716403491
torus	ED	8.0	10	n	chi128	1.0000000000052343	-8.81929646292523e-5	8.819296462879068e-5	0.9998673636688338	0.999969716403491
torus	ED	8.0	10	n	exact	1.0000000000052343	-2.3789470899870935e-5	2.3789470899746414e-5	0.999969716403491	0.999969716403491
torus	ED	8.0	10	n	UHF	1.0000000000052343	-0.006397027466565897	0.006397027466532413	0.01428480515427466	0.999969716403491
torus	ED	8.0	10	n	UHFsym	1.0000000000052343	-0.0063970274665605675	0.006397027466527084	0.9892334713404668	0.999969716403491
torus	ED	8.0	10	Sz	chi4	-9.621077823318558e-10	7.161230694681647e-5	NaN	0.9999803833043494	0.9999777989434723
torus	ED	8.0	10	Sz	chi8	-9.621077823318558e-10	-0.004752159679671023	NaN	0.9833506814706351	0.9999777989434723
torus	ED	8.0	10	Sz	chi32	-9.621077823318558e-10	3.176406176180063e-5	NaN	0.9991953827450888	0.9999777989434723
torus	ED	8.0	10	Sz	chi128	-9.621077823318558e-10	-1.680661698083563e-5	NaN	0.9998803514806565	0.9999777989434723
torus	ED	8.0	10	Sz	exact	-9.621077823318558e-10	-7.959403036036927e-7	NaN	0.9999777989434723	0.9999777989434723
torus	ED	8.0	10	Sz	UHF	-9.621077823318558e-10	-0.45806772939550805	NaN	0.023649118383349526	0.9999777989434723
torus	ED	8.0	10	Sz	UHFsym	-9.621077823318558e-10	-9.621077825486962e-10	NaN	0.9925334367001564	0.9999777989434723
torus	ED	8.0	10	DoubleOcc	chi4	0.04887126010862536	0.03632203769074288	0.7432187672265965	22.85974810556769	75.41581480593175
torus	ED	8.0	10	DoubleOcc	chi8	0.04887126010862536	0.02367157313565524	0.48436592555708236	38.31301166569041	75.41581480593175
torus	ED	8.0	10	DoubleOcc	chi32	0.04887126010862536	0.010612609368029075	0.21715440413119283	63.61777470094301	75.41581480593175
torus	ED	8.0	10	DoubleOcc	chi128	0.04887126010862536	0.0027609166463435364	0.056493666015709265	75.02078142380961	75.41581480593175
torus	ED	8.0	10	DoubleOcc	exact	0.04887126010862536	5.7412036592874305e-6	0.00011747607175519007	75.41581480593175	75.41581480593175
torus	ED	8.0	10	DoubleOcc	UHF	0.04887126010862536	0.0054885597147419085	0.11230649061519134	1.5371150359010985	75.41581480593175
torus	ED	8.0	10	DoubleOcc	UHFsym	0.04887126010862536	0.005488559714741159	0.112306490615176	68.78979510948014	75.41581480593175
torus	ED	8.0	10	ZZ onsite	chi4	-0.8045149595759704	0.14577844615556157	0.18120041699708841	27.930935719452005	202.05520090794556
torus	ED	8.0	10	ZZ onsite	chi8	-0.8045149595759704	0.09447569478887896	0.11743186831314305	56.95717826561621	202.05520090794556
torus	ED	8.0	10	ZZ onsite	chi32	-0.8045149595759704	0.044439169775910004	0.05523721995092822	133.49831313034792	202.05520090794556
torus	ED	8.0	10	ZZ onsite	chi128	-0.8045149595759704	0.011220052514630652	0.013946356597948557	199.07301239685987	202.05520090794556
torus	ED	8.0	10	ZZ onsite	exact	-0.8045149595759704	7.054375643267274e-5	8.768482871947305e-5	202.05520090794556	202.05520090794556
torus	ED	8.0	10	ZZ onsite	UHF	-0.8045149595759704	0.0347482937920961	0.0431916067917626	155.68146380883778	202.05520090794556
torus	ED	8.0	10	ZZ onsite	UHFsym	-0.8045149595759704	0.03474829379208777	0.04319160679175225	155.68146380885705	202.05520090794556
torus	ED	8.0	10	ZZ up-up nb	chi4	-0.5132034651090699	0.08791645665897074	0.17130916417387415	19.13782248188023	42.72264744559231
torus	ED	8.0	10	ZZ up-up nb	chi8	-0.5132034651090699	0.07796153970596997	0.15191156141044565	21.68929421434507	42.72264744559231
torus	ED	8.0	10	ZZ up-up nb	chi32	-0.5132034651090699	0.05265653005205928	0.10260361363863417	29.592604466048734	42.72264744559231
torus	ED	8.0	10	ZZ up-up nb	chi128	-0.5132034651090699	0.012247949479569198	0.023865679622732422	41.69306554570432	42.72264744559231
torus	ED	8.0	10	ZZ up-up nb	exact	-0.5132034651090699	0.0003225089362725031	0.000628423146371315	42.72264744559231	42.72264744559231
torus	ED	8.0	10	ZZ up-up nb	UHF	-0.5132034651090699	0.3763216442775619	0.7332796246759229	1.819165245813952	42.72264744559231
torus	ED	8.0	10	ZZ up-up nb	UHFsym	-0.5132034651090699	-0.1834876836027048	0.3575339920273309	6.755361515033425	42.72264744559231
torus	ED	8.0	10	SzSz nb	chi4	-0.12175392717018882	0.027575698568392065	0.22648713852035743	12.608247230687772	30.365851342278038
torus	ED	8.0	10	SzSz nb	chi8	-0.12175392717018882	0.02340163457589134	0.19220435118433846	14.800957004882706	30.365851342278038
torus	ED	8.0	10	SzSz nb	chi32	-0.12175392717018882	0.01265310562497185	0.10392359342368658	23.278804572164812	30.365851342278038
torus	ED	8.0	10	SzSz nb	chi128	-0.12175392717018882	0.0028684091076460333	0.023559068477820376	29.950882377427494	30.365851342278038
torus	ED	8.0	10	SzSz nb	exact	-0.12175392717018882	7.5913587285939e-5	0.0006235001124836511	30.365851342278038	30.365851342278038
torus	ED	8.0	10	SzSz nb	UHF	-0.12175392717018882	0.09435484866426724	0.7749634928192265	1.637233624173691	30.365851342278038
torus	ED	8.0	10	SzSz nb	UHFsym	-0.12175392717018882	-0.045597483305799574	0.37450523663243296	5.917805931782113	30.365851342278038
torus	ED	8.0	10	SxSx nb	chi4	-0.12175392716446723	0.03366929000312571	0.27653555648882416	7.848420669905601	34.01972821743325
torus	ED	8.0	10	SxSx nb	chi8	-0.12175392716446723	0.025597604394170942	0.21024048250692787	11.2998218090558	34.01972821743325
torus	ED	8.0	10	SxSx nb	chi32	-0.12175392716446723	0.01162868486076854	0.09550973123897942	22.52041697410899	34.01972821743325
torus	ED	8.0	10	SxSx nb	chi128	-0.12175392716446723	0.0028467274333647263	0.023380990656008325	31.94414857470869	34.01972821743325
torus	ED	8.0	10	SxSx nb	exact	-0.12175392716446723	7.595247059344334e-5	0.0006238194722938627	34.01972821743325	34.01972821743325
torus	ED	8.0	10	SxSx nb	UHF	-0.12175392716446723	-0.11547119516214659	0.9483981161951859	1.1087824951709997	34.01972821743325
torus	ED	8.0	10	SxSx nb	UHFsym	-0.12175392716446723	-0.045495029177113164	0.3736637514423475	6.602910026979571	34.01972821743325
torus	DMRG	8.0	10	n	chi4	1.0000237894761341	-0.00022135822539626204	0.0002213529595253142	0.999796856428659	0.9999698974429511
torus	DMRG	8.0	10	n	chi8	1.0000237894761341	0.00012908834776814704	0.00012908527689703303	0.9862042698948369	0.9999698974429511
torus	DMRG	8.0	10	n	chi32	1.0000237894761341	-0.0009705766809984251	0.0009705535920369105	0.9987621826532594	0.9999698974429511
torus	DMRG	8.0	10	n	chi128	1.0000237894761341	-6.440349372938137e-5	6.440196164045193e-5	0.9998682829371718	0.9999698974429511
torus	DMRG	8.0	10	n	exact	1.0000237894761341	0.0	0.0	0.9999698974429511	0.9999698974429511
torus	DMRG	8.0	10	n	UHF	1.0000237894761341	-0.006373237995666026	0.0063730863832796095	0.014276882673788512	0.9999698974429511
torus	DMRG	8.0	10	n	UHFsym	1.0000237894761341	-0.006373237995660697	0.006373086383274281	0.9892753062471947	0.9999698974429511
torus	DMRG	8.0	10	Sz	chi4	7.949781958213609e-7	7.240824725042016e-5	NaN	0.9999796272720674	0.9999776973226329
torus	DMRG	8.0	10	Sz	chi8	7.949781958213609e-7	-0.0047513637393674195	NaN	0.9833272067946214	0.9999776973226329
torus	DMRG	8.0	10	Sz	chi32	7.949781958213609e-7	3.2560002065404325e-5	NaN	0.999191301741627	0.9999776973226329
torus	DMRG	8.0	10	Sz	chi128	7.949781958213609e-7	-1.601067667723194e-5	NaN	0.9998799226011424	0.9999776973226329
torus	DMRG	8.0	10	Sz	exact	7.949781958213609e-7	0.0	NaN	0.9999776973226329	0.9999776973226329
torus	DMRG	8.0	10	Sz	UHF	7.949781958213609e-7	-0.45806693345520444	NaN	0.023612012337761033	0.9999776973226329
torus	DMRG	8.0	10	Sz	UHFsym	7.949781958213609e-7	7.94978195821144e-7	NaN	0.992503922262266	0.9999776973226329
torus	DMRG	8.0	10	DoubleOcc	chi4	0.04886551890496607	0.036316296487083594	0.7431885980319113	22.864021393987322	75.48578963710668
torus	DMRG	8.0	10	DoubleOcc	chi8	0.04886551890496607	0.02366583193199595	0.48430534377464385	38.32704956314796	75.48578963710668
torus	DMRG	8.0	10	DoubleOcc	chi32	0.04886551890496607	0.010606868164369787	0.21706242770076958	63.663634263289744	75.48578963710668
torus	DMRG	8.0	10	DoubleOcc	chi128	0.04886551890496607	0.002755175442684249	0.05638281357540742	75.08865340538146	75.48578963710668
torus	DMRG	8.0	10	DoubleOcc	exact	0.04886551890496607	0.0	0.0	75.48578963710668	75.48578963710668
torus	DMRG	8.0	10	DoubleOcc	UHF	0.04886551890496607	0.005482818511082621	0.1122021956166195	1.5370407889972215	75.48578963710668
torus	DMRG	8.0	10	DoubleOcc	UHFsym	0.04886551890496607	0.005482818511081872	0.11220219561660416	68.84675607947125	75.48578963710668
torus	DMRG	8.0	10	ZZ onsite	chi4	-0.8045855033324031	0.1457079023991289	0.18109685272185638	27.938102207016886	202.27596470043028
torus	DMRG	8.0	10	ZZ onsite	chi8	-0.8045855033324031	0.09440515103244629	0.11733389508193033	56.98234432652431	202.27596470043028
torus	DMRG	8.0	10	ZZ onsite	chi32	-0.8045855033324031	0.04436862601947733	0.05514469976865475	133.61358007861247	202.27596470043028
torus	DMRG	8.0	10	ZZ onsite	chi128	-0.8045855033324031	0.011149508758197979	0.013857456680513566	199.29759263654879	202.27596470043028
torus	DMRG	8.0	10	ZZ onsite	exact	-0.8045855033324031	0.0	0.0	202.27596470043028	202.27596470043028
torus	DMRG	8.0	10	ZZ onsite	UHF	-0.8045855033324031	0.034677750035663424	0.04310014273440967	155.83245201397898	202.27596470043028
torus	DMRG	8.0	10	ZZ onsite	UHFsym	-0.8045855033324031	0.0346777500356551	0.04310014273439933	155.83245201399822	202.27596470043028
torus	DMRG	8.0	10	ZZ up-up nb	chi4	-0.5135259740453424	0.08759394772269824	0.17057354866136534	19.105234811842173	42.24057365653045
torus	DMRG	8.0	10	ZZ up-up nb	chi8	-0.5135259740453424	0.07763903076969747	0.15118812814489155	21.636435332615864	42.24057365653045
torus	DMRG	8.0	10	ZZ up-up nb	chi32	-0.5135259740453424	0.05233402111578678	0.10191114716850891	29.445677034568135	42.24057365653045
torus	DMRG	8.0	10	ZZ up-up nb	chi128	-0.5135259740453424	0.011925440543296695	0.023222662817526194	41.268540895410204	42.24057365653045
torus	DMRG	8.0	10	ZZ up-up nb	exact	-0.5135259740453424	0.0	0.0	42.24057365653045	42.24057365653045
torus	DMRG	8.0	10	ZZ up-up nb	UHF	-0.5135259740453424	0.37599913534128937	0.732191075710009	1.8223391400351987	42.24057365653045
torus	DMRG	8.0	10	ZZ up-up nb	UHFsym	-0.5135259740453424	-0.1838101925389773	0.3579374789769593	6.735847775170184	42.24057365653045
torus	DMRG	8.0	10	SzSz nb	chi4	-0.12182984075747476	0.027499784981106126	0.2257229001542375	12.648742107101373	30.31631023513661
torus	DMRG	8.0	10	SzSz nb	chi8	-0.12182984075747476	0.0233257209886054	0.19146147482076778	14.840850361413068	30.31631023513661
torus	DMRG	8.0	10	SzSz nb	chi32	-0.12182984075747476	0.012577192037685911	0.10323572582453899	23.31939039235825	30.31631023513661
torus	DMRG	8.0	10	SzSz nb	chi128	-0.12182984075747476	0.0027924955203600943	0.02292127694658226	29.92611387030149	30.31631023513661
torus	DMRG	8.0	10	SzSz nb	exact	-0.12182984075747476	0.0	0.0	30.31631023513661	30.31631023513661
torus	DMRG	8.0	10	SzSz nb	UHF	-0.12182984075747476	0.0942789350769813	0.7738574924731395	1.6412306369628666	30.31631023513661
torus	DMRG	8.0	10	SzSz nb	UHFsym	-0.12182984075747476	-0.04567339689308551	0.37489498967668367	5.907277377213293	30.31631023513661
torus	DMRG	8.0	10	SxSx nb	chi4	-0.12182987963506067	0.03359333753253227	0.27573972520666146	7.890682550590823	34.27426049998194
torus	DMRG	8.0	10	SxSx nb	chi8	-0.12182987963506067	0.0255216519235775	0.20948598160013923	11.370926941612469	34.27426049998194
torus	DMRG	8.0	10	SxSx nb	chi32	-0.12182987963506067	0.011552732390175097	0.09482675698918122	22.7012966839583	34.27426049998194
torus	DMRG	8.0	10	SxSx nb	chi128	-0.12182987963506067	0.002770774962771283	0.022742983667644524	32.20024279658718	34.27426049998194
torus	DMRG	8.0	10	SxSx nb	exact	-0.12182987963506067	0.0	0.0	34.27426049998194	34.27426049998194
torus	DMRG	8.0	10	SxSx nb	UHF	-0.12182987963506067	-0.11554714763274003	0.9484302863867184	1.10872219461781	34.27426049998194
torus	DMRG	8.0	10	SxSx nb	UHFsym	-0.12182987963506067	-0.04557098164770661	0.37405422860314486	6.597482964144387	34.27426049998194
torus	ED	8.0	11	n	chi4	1.0000000000039744	9.808147893386465e-5	9.808147893347484e-5	1.0001681502767064	0.9999912921540085
torus	ED	8.0	11	n	chi8	1.0000000000039744	-0.0001928143424638762	0.00019281434246310987	1.005626605510226	0.9999912921540085
torus	ED	8.0	11	n	chi32	1.0000000000039744	0.00047593508330245893	0.0004759350833005674	0.9999216097729683	0.9999912921540085
torus	ED	8.0	11	n	chi128	1.0000000000039744	-0.0001217874179402223	0.00012178741793973827	0.9999452212478289	0.9999912921540085
torus	ED	8.0	11	n	exact	1.0000000000039744	-1.9819670707965642e-5	1.981967070788687e-5	0.9999912921540085	0.9999912921540085
torus	ED	8.0	11	n	UHF	1.0000000000039744	-0.006397027467825778	0.006397027467800354	0.011905631244263247	0.9999912921540085
torus	ED	8.0	11	n	UHFsym	1.0000000000039744	-0.006397027467820449	0.0063970274677950245	0.9926666328986761	0.9999912921540085
torus	ED	8.0	11	Sz	chi4	8.980595711527428e-10	-4.0349735127599706e-5	NaN	1.0000918633305984	0.9999921875232296
torus	ED	8.0	11	Sz	chi8	8.980595711527428e-10	-0.0027056740054051797	NaN	1.0016199120791607	0.9999921875232296
torus	ED	8.0	11	Sz	chi32	8.980595711527428e-10	8.266051646391159e-5	NaN	1.0000617541215897	0.9999921875232296
torus	ED	8.0	11	Sz	chi128	8.980595711527428e-10	-8.297331186360446e-8	NaN	0.9999513279684672	0.9999921875232296
torus	ED	8.0	11	Sz	exact	8.980595711527428e-10	-6.692149778775303e-9	NaN	0.9999921875232296	0.9999921875232296
torus	ED	8.0	11	Sz	UHF	8.980595711527428e-10	0.45806772933145995	NaN	0.01733303460883599	0.9999921875232296
torus	ED	8.0	11	Sz	UHFsym	8.980595711527428e-10	8.980595735379876e-10	NaN	0.9951389422402704	0.9999921875232296
torus	ED	8.0	11	DoubleOcc	chi4	0.04887126010759904	0.0326151385476488	0.6673684794670854	23.123208490597722	78.88066925826121
torus	ED	8.0	11	DoubleOcc	chi8	0.04887126010759904	0.02774687814551574	0.5677545061131205	28.109733262443015	78.88066925826121
torus	ED	8.0	11	DoubleOcc	chi32	0.04887126010759904	0.009519494205771029	0.194787164988423	62.453968195576934	78.88066925826121
torus	ED	8.0	11	DoubleOcc	chi128	0.04887126010759904	0.002430144865457895	0.0497254390434682	76.14138665245916	78.88066925826121
torus	ED	8.0	11	DoubleOcc	exact	0.04887126010759904	6.99281081228964e-6	0.00014308636194142906	78.88066925826121	78.88066925826121
torus	ED	8.0	11	DoubleOcc	UHF	0.04887126010759904	0.005488559713715674	0.11230649059655108	1.6158885975824904	78.88066925826121
torus	ED	8.0	11	DoubleOcc	UHFsym	0.04887126010759904	0.005488559713715452	0.11230649059654654	65.83287791182697	78.88066925826121
torus	ED	8.0	11	ZZ onsite	chi4	-0.8045149595775586	0.13026439123272282	0.16191667995971526	27.7679091550437	163.77630561920347
torus	ED	8.0	11	ZZ onsite	chi8	-0.8045149595775586	0.1113731412669825	0.13843514025576756	35.2385710550054	163.77630561920347
torus	ED	8.0	11	ZZ onsite	chi32	-0.8045149595775586	0.037126106656473534	0.046147192435014535	108.58831377901643	163.77630561920347
torus	ED	8.0	11	ZZ onsite	chi128	-0.8045149595775586	0.009964154297707806	0.012385293994955504	153.53141560804872	163.77630561920347
torus	ED	8.0	11	ZZ onsite	exact	-0.8045149595775586	6.761058465820646e-5	8.40389402997652e-5	163.77630561920347	163.77630561920347
torus	ED	8.0	11	ZZ onsite	UHF	-0.8045149595775586	0.034748293790508256	0.04319160678970367	112.60320401158683	163.77630561920347
torus	ED	8.0	11	ZZ onsite	UHFsym	-0.8045149595775586	0.03474829379050248	0.043191606789696496	112.60320401159663	163.77630561920347
torus	ED	8.0	11	ZZ up-up nb	chi4	-0.513203465027873	0.1713905328206401	0.3339621504919722	6.313515889010413	23.369704729415826
torus	ED	8.0	11	ZZ up-up nb	chi8	-0.513203465027873	0.1292584203727437	0.2518658371991379	9.110121995528019	23.369704729415826
torus	ED	8.0	11	ZZ up-up nb	chi32	-0.513203465027873	0.0486388627253993	0.09477500843209942	18.71178862823371	23.369704729415826
torus	ED	8.0	11	ZZ up-up nb	chi128	-0.513203465027873	0.011521007965360153	0.022449201438525804	22.871872988627405	23.369704729415826
torus	ED	8.0	11	ZZ up-up nb	exact	-0.513203465027873	0.00017503763880122314	0.0003410687002896922	23.369704729415826	23.369704729415826
torus	ED	8.0	11	ZZ up-up nb	UHF	-0.513203465027873	0.37632164435876025	0.7332796249501581	1.7160891868802999	23.369704729415826
torus	ED	8.0	11	ZZ up-up nb	UHFsym	-0.513203465027873	-0.18348768352150746	0.3575339919256818	6.227308674610333	23.369704729415826
torus	ED	8.0	11	SzSz nb	chi4	-0.12175392715124286	0.04124199116217073	0.33873232779538914	8.388711801603327	35.90817711909292
torus	ED	8.0	11	SzSz nb	chi8	-0.12175392715124286	0.0308822476652586	0.2536447767052034	13.10587526964889	35.90817711909292
torus	ED	8.0	11	SzSz nb	chi32	-0.12175392715124286	0.011529885504605208	0.09469826373881782	31.2897861747115	35.90817711909292
torus	ED	8.0	11	SzSz nb	chi128	-0.12175392715124286	0.0026724626226048848	0.021949703678018934	36.567962423328744	35.90817711909292
torus	ED	8.0	11	SzSz nb	exact	-0.12175392715124286	4.086589830282206e-5	0.0003356433690394101	35.90817711909292	35.90817711909292
torus	ED	8.0	11	SzSz nb	UHF	-0.12175392715124286	0.0943548486832134	0.7749634930954276	1.816606748221073	35.90817711909292
torus	ED	8.0	11	SzSz nb	UHFsym	-0.12175392715124286	-0.04559748328685348	0.3745052365350995	5.715795157283282	35.90817711909292
torus	ED	8.0	11	SxSx nb	chi4	-0.12175392715055802	0.046025754425536886	0.3780227504992305	5.9327430587371035	32.68131870654113
torus	ED	8.0	11	SxSx nb	chi8	-0.12175392715055802	0.03326165832908845	0.2731875604140298	9.75288525674303	32.68131870654113
torus	ED	8.0	11	SxSx nb	chi32	-0.12175392715055802	0.010587159369202098	0.08695538301701158	26.451645962301647	32.68131870654113
torus	ED	8.0	11	SxSx nb	chi128	-0.12175392715055802	0.002668328008267551	0.021915744902157936	32.221134616597084	32.68131870654113
torus	ED	8.0	11	SxSx nb	exact	-0.12175392715055802	4.0938059416337214e-5	0.0003362360490082113	32.68131870654113	32.68131870654113
torus	ED	8.0	11	SxSx nb	UHF	-0.12175392715055802	-0.11547119514823734	0.9483981161892905	1.103017261803008	32.68131870654113
torus	ED	8.0	11	SxSx nb	UHFsym	-0.12175392715055802	-0.04549502916320389	0.37366375137079405	5.987885887695145	32.68131870654113
torus	DMRG	8.0	11	n	chi4	1.0000198196746823	0.0001179011496418303	0.00011789881292571267	1.000164754023824	0.999991784765634
torus	DMRG	8.0	11	n	chi8	1.0000198196746823	-0.00017299467175591055	0.0001729912431257489	1.0055647122184432	0.999991784765634
torus	DMRG	8.0	11	n	chi32	1.0000198196746823	0.0004957547540104246	0.0004957449285072161	0.9999117146070036	0.999991784765634
torus	DMRG	8.0	11	n	chi128	1.0000198196746823	-0.00010196774723225666	0.00010196572630473255	0.9999482461183188	0.999991784765634
torus	DMRG	8.0	11	n	exact	1.0000198196746823	0.0	0.0	0.999991784765634	0.999991784765634
torus	DMRG	8.0	11	n	UHF	1.0000198196746823	-0.006377207797117812	0.006377081405438933	0.011899177854101196	0.999991784765634
torus	DMRG	8.0	11	n	UHFsym	1.0000198196746823	-0.006377207797112483	0.006377081405433605	0.9928202667139474	0.999991784765634
torus	DMRG	8.0	11	Sz	chi4	7.590209349928045e-9	-4.034304297782093e-5	NaN	1.0000908305118306	0.9999922519204003
torus	DMRG	8.0	11	Sz	chi8	7.590209349928045e-9	-0.002705667313255401	NaN	1.0015739279496636	0.9999922519204003
torus	DMRG	8.0	11	Sz	chi32	7.590209349928045e-9	8.266720861369037e-5	NaN	1.0000616782118592	0.9999922519204003
torus	DMRG	8.0	11	Sz	chi128	7.590209349928045e-9	-7.628116208482916e-8	NaN	0.9999517235068432	0.9999922519204003
torus	DMRG	8.0	11	Sz	exact	7.590209349928045e-9	0.0	NaN	0.9999922519204003	0.9999922519204003
torus	DMRG	8.0	11	Sz	UHF	7.590209349928045e-9	0.45806773602360973	NaN	0.017347766382947386	0.9999922519204003
torus	DMRG	8.0	11	Sz	UHFsym	7.590209349928045e-9	7.59020935231329e-9	NaN	0.9951612725148963	0.9999922519204003
torus	DMRG	8.0	11	DoubleOcc	chi4	0.04886426729678675	0.032608145736836514	0.6673208776217705	23.15212763194266	79.03482171141881
torus	DMRG	8.0	11	DoubleOcc	chi8	0.04886426729678675	0.02773988533470345	0.5676926488270007	28.148014268478015	79.03482171141881
torus	DMRG	8.0	11	DoubleOcc	chi32	0.04886426729678675	0.009512501394958739	0.19467193352522177	62.580402385725044	79.03482171141881
torus	DMRG	8.0	11	DoubleOcc	chi128	0.04886426729678675	0.0024231520546456053	0.049589448255268294	76.29657828594121	79.03482171141881
torus	DMRG	8.0	11	DoubleOcc	exact	0.04886426729678675	0.0	0.0	79.03482171141881	79.03482171141881
torus	DMRG	8.0	11	DoubleOcc	UHF	0.04886426729678675	0.005481566902903384	0.11217945558479385	1.6166206652706951	79.03482171141881
torus	DMRG	8.0	11	DoubleOcc	UHFsym	0.04886426729678675	0.005481566902903162	0.11217945558478931	65.97305427864254	79.03482171141881
torus	DMRG	8.0	11	ZZ onsite	chi4	-0.8045825701622168	0.13019678064806461	0.16181904191861235	27.825722195357972	163.7917740651507
torus	DMRG	8.0	11	ZZ onsite	chi8	-0.8045825701622168	0.1113055306823243	0.1383394754125525	35.316687726174294	163.7917740651507
torus	DMRG	8.0	11	ZZ onsite	chi32	-0.8045825701622168	0.03705849607181533	0.046059282721403895	108.81999885667082	163.7917740651507
torus	DMRG	8.0	11	ZZ onsite	chi128	-0.8045825701622168	0.0098965437130496	0.012300221357087436	153.66105001509487	163.7917740651507
torus	DMRG	8.0	11	ZZ onsite	exact	-0.8045825701622168	0.0	0.0	163.7917740651507	163.7917740651507
torus	DMRG	8.0	11	ZZ onsite	UHF	-0.8045825701622168	0.03468068320585005	0.043103945439506436	112.83616949877124	163.7917740651507
torus	DMRG	8.0	11	ZZ onsite	UHFsym	-0.8045825701622168	0.034680683205844276	0.04310394543949926	112.83616949878105	163.7917740651507
torus	DMRG	8.0	11	ZZ up-up nb	chi4	-0.5133785026666742	0.17121549518183887	0.3335073328791203	6.335283580828841	23.498526226069405
torus	DMRG	8.0	11	ZZ up-up nb	chi8	-0.5133785026666742	0.1290833827339425	0.25143901052232726	9.148233152897125	23.498526226069405
torus	DMRG	8.0	11	ZZ up-up nb	chi32	-0.5133785026666742	0.04846382508659808	0.09440174225227467	18.82113356046452	23.498526226069405
torus	DMRG	8.0	11	ZZ up-up nb	chi128	-0.5133785026666742	0.01134597032655893	0.022100594917052123	23.004209976362407	23.498526226069405
torus	DMRG	8.0	11	ZZ up-up nb	exact	-0.5133785026666742	0.0	0.0	23.498526226069405	23.498526226069405
torus	DMRG	8.0	11	ZZ up-up nb	UHF	-0.5133785026666742	0.37614660671995903	0.7326886590811986	1.7192372672501925	23.498526226069405
torus	DMRG	8.0	11	ZZ up-up nb	UHFsym	-0.5133785026666742	-0.18366272116030868	0.35775304226082294	6.228515252731457	23.498526226069405
torus	DMRG	8.0	11	SzSz nb	chi4	-0.12179479304954569	0.041201125263867905	0.33828314193290215	8.413783423173712	35.93908606032268
torus	DMRG	8.0	11	SzSz nb	chi8	-0.12179479304954569	0.030841381766955778	0.25322414033258067	13.150110855044822	35.93908606032268
torus	DMRG	8.0	11	SzSz nb	chi32	-0.12179479304954569	0.011489019606302386	0.09433095880895906	31.38814897994118	35.93908606032268
torus	DMRG	8.0	11	SzSz nb	chi128	-0.12179479304954569	0.0026315967243020627	0.021606808127105553	36.62191018411595	35.93908606032268
torus	DMRG	8.0	11	SzSz nb	exact	-0.12179479304954569	0.0	0.0	35.93908606032268	35.93908606032268
torus	DMRG	8.0	11	SzSz nb	UHF	-0.12179479304954569	0.09431398278491057	0.7743679382627136	1.8199783227429054	35.93908606032268
torus	DMRG	8.0	11	SzSz nb	UHFsym	-0.12179479304954569	-0.0456383491851563	0.37471510926243606	5.710860634646766	35.93908606032268
torus	DMRG	8.0	11	SxSx nb	chi4	-0.12179486520997436	0.04598481636612055	0.377559565313716	5.940516067693732	32.6604498598853
torus	DMRG	8.0	11	SxSx nb	chi8	-0.12179486520997436	0.03322072026967211	0.2727596127505013	9.76564325617497	32.6604498598853
torus	DMRG	8.0	11	SxSx nb	chi32	-0.12179486520997436	0.010546221309785761	0.08659003227766683	26.467102575556048	32.6604498598853
torus	DMRG	8.0	11	SxSx nb	chi128	-0.12179486520997436	0.0026273899488512137	0.02157225548319786	32.21091493352493	32.6604498598853
torus	DMRG	8.0	11	SxSx nb	exact	-0.12179486520997436	0.0	0.0	32.6604498598853	32.6604498598853
torus	DMRG	8.0	11	SxSx nb	UHF	-0.12179486520997436	-0.11551213320765367	0.9484154607709507	1.102953774056509	32.6604498598853
torus	DMRG	8.0	11	SxSx nb	UHFsym	-0.12179486520997436	-0.045535967222620224	0.37387427740994017	5.983258842073636	32.6604498598853
