L	doping	observable	site	G_median	G_min	G_max_over_chi	Gmax_ceiling	ratio_median
8	0.000	DoubleOcc	1	46.9637	5.6991	46.9824	46.9633	1.0000
8	0.000	DoubleOcc	2	27.4342	2.1781	27.4570	27.4571	0.9992
8	0.000	DoubleOcc	3	27.0814	2.2139	27.1092	27.0849	0.9999
8	0.000	DoubleOcc	4	26.2837	2.0310	26.3444	26.2902	0.9998
8	0.000	DoubleOcc	5	28.0399	2.1533	28.0401	28.0399	1.0000
8	0.000	DoubleOcc	6	26.2682	2.1902	26.3342	26.2727	0.9998
8	0.000	DoubleOcc	7	27.1594	2.3642	27.2156	27.1594	1.0000
8	0.000	DoubleOcc	8	53.5978	5.9819	53.6154	53.5978	1.0000
8	0.000	Sz	1	1.0000	1.0000	1.0000	1.0000	1.0000
8	0.000	Sz	2	1.0000	1.0000	1.0000	1.0000	1.0000
8	0.000	Sz	3	1.0000	1.0000	1.0000	1.0000	1.0000
8	0.000	Sz	4	1.0000	1.0000	1.0000	1.0000	1.0000
8	0.000	Sz	5	1.0000	1.0000	1.0000	1.0000	1.0000
8	0.000	Sz	6	1.0000	1.0000	1.0000	1.0000	1.0000
8	0.000	Sz	7	1.0000	1.0000	1.0000	1.0000	1.0000
8	0.000	Sz	8	1.0000	1.0000	1.0000	1.0000	1.0000
8	0.000	SzSz r=1	1	111.7046	5.2327	112.3092	112.3094	0.9946
8	0.000	SzSz r=1	2	7.6598	1.0000	7.6725	7.6599	1.0000
8	0.000	SzSz r=1	3	56.2213	2.0991	57.3820	57.3819	0.9798
8	0.000	SzSz r=1	4	8.8037	1.0088	8.8220	8.8059	0.9997
8	0.000	SzSz r=1	5	54.0614	2.1032	55.5214	55.5215	0.9737
8	0.000	SzSz r=1	6	6.6617	1.0198	6.6644	6.6621	1.0000
8	0.000	SzSz r=1	7	105.1150	5.3753	105.2578	105.1144	1.0000
8	0.000	ZZ onsite	1	97.6246	5.9563	97.6634	97.6234	1.0000
8	0.000	ZZ onsite	2	51.8330	2.1844	51.9771	51.9772	0.9972
8	0.000	ZZ onsite	3	51.3795	2.3223	51.4025	51.3838	0.9999
8	0.000	ZZ onsite	4	47.5162	2.1105	47.6314	47.5302	0.9997
8	0.000	ZZ onsite	5	48.7135	2.1985	48.7151	48.7139	1.0000
8	0.000	ZZ onsite	6	48.4055	2.2256	48.6765	48.4230	0.9996
8	0.000	ZZ onsite	7	49.4026	2.3627	49.5151	49.4025	1.0000
8	0.000	ZZ onsite	8	93.6653	6.0581	93.6943	93.6653	1.0000
8	0.000	ZZ up-up r=1	1	199.6838	23.3624	200.2313	200.1869	0.9975
8	0.000	ZZ up-up r=1	2	10.1511	1.0000	10.1574	10.1512	1.0000
8	0.000	ZZ up-up r=1	3	90.9126	5.1060	91.4086	91.1164	0.9978
8	0.000	ZZ up-up r=1	4	12.4490	1.2558	12.4596	12.4596	0.9992
8	0.000	ZZ up-up r=1	5	77.1718	5.5521	79.7797	79.7795	0.9673
8	0.000	ZZ up-up r=1	6	10.3017	1.2627	10.3137	10.3137	0.9988
8	0.000	ZZ up-up r=1	7	165.0094	22.0881	166.0888	166.0892	0.9935
8	0.000	hop up r=1	1	62.0063	1.0000	62.0440	62.0437	0.9994
8	0.000	hop up r=1	2	15.4191	1.0000	15.4263	15.4195	1.0000
8	0.000	hop up r=1	3	51.1292	1.0000	51.4807	51.4807	0.9932
8	0.000	hop up r=1	4	17.1826	1.0000	17.2613	17.2616	0.9954
8	0.000	hop up r=1	5	48.7729	1.0000	48.9119	48.9001	0.9974
8	0.000	hop up r=1	6	16.8663	1.0000	16.9295	16.9295	0.9963
8	0.000	hop up r=1	7	65.3237	1.0000	65.4385	65.3235	1.0000
8	0.000	n	1	1.0000	1.0000	1.0000	1.0000	1.0000
8	0.000	n	2	1.0000	1.0000	1.0000	1.0000	1.0000
8	0.000	n	3	1.0000	1.0000	1.0000	1.0000	1.0000
8	0.000	n	4	1.0000	1.0000	1.0000	1.0000	1.0000
8	0.000	n	5	1.0000	1.0000	1.0000	1.0000	1.0000
8	0.000	n	6	1.0000	1.0000	1.0000	1.0000	1.0000
8	0.000	n	7	1.0000	1.0000	1.0000	1.0000	1.0000
8	0.000	n	8	1.0000	1.0000	1.0000	1.0000	1.0000
8	0.125	DoubleOcc	1	54.0594	4.2904	54.1421	54.0593	1.0000
8	0.125	DoubleOcc	2	22.1330	1.0497	22.1516	22.1329	1.0000
8	0.125	DoubleOcc	3	22.8270	2.7647	22.9185	22.9185	0.9960
8	0.125	DoubleOcc	4	16.7090	1.3156	16.8284	16.8285	0.9929
8	0.125	DoubleOcc	5	18.0204	0.9214	18.0918	18.0897	0.9962
8	0.125	DoubleOcc	6	20.8003	0.4605	21.4343	21.4344	0.9704
8	0.125	DoubleOcc	7	22.3812	1.1432	22.4334	22.3811	1.0000
8	0.125	DoubleOcc	8	61.0094	4.5960	61.2749	61.0092	1.0000
8	0.125	Sz	1	8.8836	5.6539	8.9152	8.9152	0.9965
8	0.125	Sz	2	2.2734	0.3615	2.2834	2.2834	0.9956
8	0.125	Sz	3	5.9551	0.5140	5.9592	5.9589	0.9994
8	0.125	Sz	4	2.6677	1.4150	2.6705	2.6704	0.9990
8	0.125	Sz	5	2.6401	0.0768	2.6435	2.6434	0.9988
8	0.125	Sz	6	6.9135	0.1881	6.9336	6.9135	1.0000
8	0.125	Sz	7	2.2426	0.5164	2.2584	2.2584	0.9930
8	0.125	Sz	8	8.3840	5.8990	8.4207	8.4207	0.9956
8	0.125	SzSz r=1	1	49.6794	1.5539	51.1650	51.1651	0.9710
8	0.125	SzSz r=1	2	9.3121	4.0516	9.4420	9.4420	0.9862
8	0.125	SzSz r=1	3	16.4409	1.2079	16.8797	16.8787	0.9741
8	0.125	SzSz r=1	4	12.7067	0.9711	12.9279	12.9208	0.9834
8	0.125	SzSz r=1	5	15.0769	0.7178	15.7932	15.7928	0.9547
8	0.125	SzSz r=1	6	8.0038	3.7029	8.6066	8.6046	0.9302
8	0.125	SzSz r=1	7	47.7754	1.5219	49.0873	49.0876	0.9733
8	0.125	ZZ onsite	1	63.3885	2.7529	63.5238	63.5238	0.9979
8	0.125	ZZ onsite	2	26.6640	0.8246	26.7126	26.7126	0.9982
8	0.125	ZZ onsite	3	19.4088	3.6399	19.4145	19.4072	1.0001
8	0.125	ZZ onsite	4	15.4300	0.7135	15.5135	15.5135	0.9946
8	0.125	ZZ onsite	5	14.7838	12.4974	14.8959	14.8913	0.9928
8	0.125	ZZ onsite	6	17.8863	0.4476	18.3787	18.3788	0.9732
8	0.125	ZZ onsite	7	26.6433	0.8526	26.7735	26.7697	0.9953
8	0.125	ZZ onsite	8	60.7595	2.7877	61.1405	61.1386	0.9938
8	0.125	ZZ up-up r=1	1	123.1185	9.5696	129.6784	129.6786	0.9494
8	0.125	ZZ up-up r=1	2	7.2316	1.8361	7.8990	7.8990	0.9155
8	0.125	ZZ up-up r=1	3	47.9546	1.9084	50.2275	50.1378	0.9565
8	0.125	ZZ up-up r=1	4	8.4616	0.3591	8.8022	8.8021	0.9613
8	0.125	ZZ up-up r=1	5	40.5989	2.0486	45.2896	45.2966	0.8963
8	0.125	ZZ up-up r=1	6	5.9283	2.3096	8.2429	8.2421	0.7193
8	0.125	ZZ up-up r=1	7	104.9588	9.5213	110.5023	110.5022	0.9498
8	0.125	hop up r=1	1	72.6105	1.0000	73.1556	73.1449	0.9927
8	0.125	hop up r=1	2	19.2056	1.0000	19.4884	19.4884	0.9855
8	0.125	hop up r=1	3	64.7136	3.9593	71.2585	71.2585	0.9082
8	0.125	hop up r=1	4	23.8495	1.0000	24.9187	24.9202	0.9570
8	0.125	hop up r=1	5	64.6370	1.0000	67.3462	67.3454	0.9598
8	0.125	hop up r=1	6	16.6636	1.0000	21.3421	21.3419	0.7808
8	0.125	hop up r=1	7	70.8724	1.0000	71.2856	71.2598	0.9946
8	0.125	n	1	13.4283	7.2244	13.4338	13.4283	1.0000
8	0.125	n	2	2.8123	0.3817	2.8199	2.8199	0.9973
8	0.125	n	3	8.2118	0.4919	8.2481	8.2478	0.9956
8	0.125	n	4	3.2869	1.5255	3.2967	3.2965	0.9971
8	0.125	n	5	3.3488	0.0805	3.3517	3.3488	1.0000
8	0.125	n	6	8.1344	0.1601	8.2341	8.2341	0.9879
8	0.125	n	7	2.8485	0.4957	2.8603	2.8603	0.9959
8	0.125	n	8	14.6926	8.1350	14.7171	14.7169	0.9983
16	0.000	DoubleOcc	1	45.0101	5.3754	45.0346	45.0099	1.0000
16	0.000	DoubleOcc	2	28.3350	2.3424	28.3954	28.3348	1.0000
16	0.000	DoubleOcc	3	29.2651	2.2848	29.2956	29.2716	0.9998
16	0.000	DoubleOcc	4	31.2638	2.1304	31.2818	31.2796	0.9995
16	0.000	DoubleOcc	5	26.7488	2.1516	26.7624	26.7563	0.9997
16	0.000	DoubleOcc	6	28.1364	2.1942	28.2131	28.1938	0.9980
16	0.000	DoubleOcc	7	25.6625	2.0131	25.7198	25.7102	0.9981
16	0.000	DoubleOcc	8	25.4066	2.0512	25.4627	25.4357	0.9989
16	0.000	DoubleOcc	9	27.5431	2.1840	27.5585	27.5432	1.0000
16	0.000	DoubleOcc	10	28.3811	2.1651	28.4099	28.4090	0.9990
16	0.000	DoubleOcc	11	27.1665	2.1691	27.1789	27.1667	1.0000
16	0.000	DoubleOcc	12	30.1310	2.1225	30.1986	30.1522	0.9993
16	0.000	DoubleOcc	13	24.7551	2.2229	24.7685	24.7553	1.0000
16	0.000	DoubleOcc	14	30.6579	2.3629	30.7499	30.7492	0.9970
16	0.000	DoubleOcc	15	26.1362	2.1067	26.1948	26.1950	0.9978
16	0.000	DoubleOcc	16	50.4724	5.6214	50.4736	50.4724	1.0000
16	0.000	Sz	1	1.0000	1.0000	1.0000	1.0000	1.0000
16	0.000	Sz	2	1.0000	1.0000	1.0000	1.0000	1.0000
16	0.000	Sz	3	1.0000	1.0000	1.0000	1.0000	1.0000
16	0.000	Sz	4	1.0000	1.0000	1.0000	1.0000	1.0000
16	0.000	Sz	5	1.0000	1.0000	1.0000	1.0000	1.0000
16	0.000	Sz	6	1.0000	1.0000	1.0000	1.0000	1.0000
16	0.000	Sz	7	1.0000	1.0000	1.0000	1.0000	1.0000
16	0.000	Sz	8	1.0000	1.0000	1.0000	1.0000	1.0000
16	0.000	Sz	9	1.0000	1.0000	1.0000	1.0000	1.0000
16	0.000	Sz	10	1.0000	1.0000	1.0000	1.0000	1.0000
16	0.000	Sz	11	1.0000	1.0000	1.0000	1.0000	1.0000
16	0.000	Sz	12	1.0000	1.0000	1.0000	1.0000	1.0000
16	0.000	Sz	13	1.0000	1.0000	1.0000	1.0000	1.0000
16	0.000	Sz	14	1.0000	1.0000	1.0000	1.0000	1.0000
16	0.000	Sz	15	1.0000	1.0000	1.0000	1.0000	1.0000
16	0.000	Sz	16	1.0000	1.0000	1.0000	1.0000	1.0000
16	0.000	SzSz r=1	1	106.7082	4.9955	107.6665	107.6585	0.9912
16	0.000	SzSz r=1	2	7.9063	1.0000	7.9162	7.9158	0.9988
16	0.000	SzSz r=1	3	45.1866	1.6958	45.5088	45.4674	0.9938
16	0.000	SzSz r=1	4	11.7778	1.3842	11.8363	11.8367	0.9950
16	0.000	SzSz r=1	5	39.5144	1.3820	40.7554	40.7560	0.9695
16	0.000	SzSz r=1	6	12.6793	1.4207	12.7223	12.7226	0.9966
16	0.000	SzSz r=1	7	35.3978	1.2744	36.9841	36.9005	0.9593
16	0.000	SzSz r=1	8	12.1501	1.4404	12.1933	12.1933	0.9965
16	0.000	SzSz r=1	9	40.0218	1.2760	42.2955	42.2938	0.9463
16	0.000	SzSz r=1	10	12.1051	1.4405	12.1629	12.1647	0.9951
16	0.000	SzSz r=1	11	40.4991	1.4117	42.8277	42.8305	0.9456
16	0.000	SzSz r=1	12	10.4403	1.3970	10.4717	10.4700	0.9972
16	0.000	SzSz r=1	13	50.5633	1.7478	52.0206	52.0193	0.9720
16	0.000	SzSz r=1	14	7.9306	1.0108	7.9397	7.9396	0.9989
16	0.000	SzSz r=1	15	96.8515	5.2834	96.9699	96.8484	1.0000
16	0.000	ZZ onsite	1	94.7668	5.7237	94.8561	94.7661	1.0000
16	0.000	ZZ onsite	2	53.2523	2.3336	53.3618	53.2518	1.0000
16	0.000	ZZ onsite	3	51.8140	2.3667	51.8352	51.8238	0.9998
16	0.000	ZZ onsite	4	55.5728	2.2025	55.7116	55.6823	0.9980
16	0.000	ZZ onsite	5	50.7777	2.1846	50.8501	50.8148	0.9993
16	0.000	ZZ onsite	6	52.0241	2.2138	52.2205	52.1762	0.9971
16	0.000	ZZ onsite	7	46.3101	2.1071	46.4233	46.4055	0.9979
16	0.000	ZZ onsite	8	45.7816	2.1028	45.9347	45.8647	0.9982
16	0.000	ZZ onsite	9	48.8759	2.1853	48.8800	48.8760	1.0000
16	0.000	ZZ onsite	10	54.4226	2.2658	54.7425	54.6666	0.9955
16	0.000	ZZ onsite	11	48.3993	2.2014	48.4306	48.3998	1.0000
16	0.000	ZZ onsite	12	51.7270	2.1400	52.0050	51.8041	0.9985
16	0.000	ZZ onsite	13	48.3485	2.2577	48.3924	48.3494	1.0000
16	0.000	ZZ onsite	14	51.4642	2.3619	51.5416	51.5418	0.9985
16	0.000	ZZ onsite	15	47.8718	2.2221	47.9463	47.9464	0.9984
16	0.000	ZZ onsite	16	100.6004	5.8709	100.6675	100.6003	1.0000
16	0.000	ZZ up-up r=1	1	186.6333	20.8519	188.2776	188.1534	0.9919
16	0.000	ZZ up-up r=1	2	11.0676	1.0000	11.1546	11.1546	0.9922
16	0.000	ZZ up-up r=1	3	79.7030	4.1687	79.8923	79.7924	0.9989
16	0.000	ZZ up-up r=1	4	15.8392	1.3160	15.9083	15.9090	0.9956
16	0.000	ZZ up-up r=1	5	65.9377	3.1492	66.6905	66.6828	0.9888
16	0.000	ZZ up-up r=1	6	16.7317	1.3483	16.7702	16.7704	0.9977
16	0.000	ZZ up-up r=1	7	56.7426	2.9234	58.0868	58.0872	0.9769
16	0.000	ZZ up-up r=1	8	17.9650	1.3622	18.0289	18.0299	0.9964
16	0.000	ZZ up-up r=1	9	66.1783	2.7507	66.4977	66.1747	1.0001
16	0.000	ZZ up-up r=1	10	17.7317	1.3658	17.7498	17.7479	0.9991
16	0.000	ZZ up-up r=1	11	60.3048	3.0566	60.6954	60.5233	0.9964
16	0.000	ZZ up-up r=1	12	15.5113	1.3322	15.5319	15.5319	0.9987
16	0.000	ZZ up-up r=1	13	78.0248	4.2583	78.9143	78.9146	0.9887
16	0.000	ZZ up-up r=1	14	11.3044	1.2710	11.3103	11.3044	1.0000
16	0.000	ZZ up-up r=1	15	200.3812	20.8106	201.6279	201.5536	0.9942
16	0.000	hop up r=1	1	67.7854	1.0000	67.9772	67.7839	1.0000
16	0.000	hop up r=1	2	16.7550	1.0000	16.8111	16.8112	0.9967
16	0.000	hop up r=1	3	49.2749	1.0000	49.7199	49.7184	0.9911
16	0.000	hop up r=1	4	22.2335	1.0000	22.3727	22.3738	0.9937
16	0.000	hop up r=1	5	46.6796	1.0000	46.9267	46.6797	1.0000
16	0.000	hop up r=1	6	20.3840	1.0000	20.4073	20.3984	0.9993
16	0.000	hop up r=1	7	45.5297	1.0000	46.5572	46.5580	0.9779
16	0.000	hop up r=1	8	20.8819	1.0000	20.9163	20.9084	0.9987
16	0.000	hop up r=1	9	37.7573	1.0000	38.2615	38.2617	0.9868
16	0.000	hop up r=1	10	22.2571	1.0000	22.3289	22.3287	0.9968
16	0.000	hop up r=1	11	41.9404	1.0000	42.0898	42.0396	0.9976
16	0.000	hop up r=1	12	18.8727	1.0000	18.9426	18.9428	0.9963
16	0.000	hop up r=1	13	44.2522	1.0000	44.3401	44.3276	0.9983
16	0.000	hop up r=1	14	16.9594	1.0000	16.9987	16.9987	0.9977
16	0.000	hop up r=1	15	69.1050	1.0000	69.3272	69.3277	0.9968
16	0.000	n	1	1.0000	1.0000	1.0000	1.0000	1.0000
16	0.000	n	2	1.0000	1.0000	1.0000	1.0000	1.0000
16	0.000	n	3	1.0000	1.0000	1.0000	1.0000	1.0000
16	0.000	n	4	1.0000	1.0000	1.0000	1.0000	1.0000
16	0.000	n	5	1.0000	1.0000	1.0000	1.0000	1.0000
16	0.000	n	6	1.0000	1.0000	1.0000	1.0000	1.0000
16	0.000	n	7	1.0000	1.0000	1.0000	1.0000	1.0000
16	0.000	n	8	1.0000	1.0000	1.0000	1.0000	1.0000
16	0.000	n	9	1.0000	1.0000	1.0000	1.0000	1.0000
16	0.000	n	10	1.0000	1.0000	1.0000	1.0000	1.0000
16	0.000	n	11	1.0000	1.0000	1.0000	1.0000	1.0000
16	0.000	n	12	1.0000	1.0000	1.0000	1.0000	1.0000
16	0.000	n	13	1.0000	1.0000	1.0000	1.0000	1.0000
16	0.000	n	14	1.0000	1.0000	1.0000	1.0000	1.0000
16	0.000	n	15	1.0000	1.0000	1.0000	1.0000	1.0000
16	0.000	n	16	1.0000	1.0000	1.0000	1.0000	1.0000
16	0.125	DoubleOcc	1	39.5134	3.4675	40.0192	40.0198	0.9873
16	0.125	DoubleOcc	2	23.2198	1.3796	23.3704	23.2178	1.0001
16	0.125	DoubleOcc	3	20.4917	0.8970	21.0695	21.0705	0.9725
16	0.125	DoubleOcc	4	19.8525	0.8345	20.7017	20.7014	0.9590
16	0.125	DoubleOcc	5	16.6999	0.1952	17.0939	17.0949	0.9769
16	0.125	DoubleOcc	6	18.8204	0.9336	19.8309	19.8310	0.9490
16	0.125	DoubleOcc	7	17.9596	0.8555	18.8170	18.8207	0.9542
16	0.125	DoubleOcc	8	20.6071	1.0064	20.7886	20.7876	0.9913
16	0.125	DoubleOcc	9	20.0152	1.0425	20.4360	20.4361	0.9794
16	0.125	DoubleOcc	10	21.7750	0.9250	22.6361	22.6347	0.9620
16	0.125	DoubleOcc	11	17.5518	0.8932	18.9623	18.9627	0.9256
16	0.125	DoubleOcc	12	18.3419	0.2139	19.2204	19.2168	0.9545
16	0.125	DoubleOcc	13	16.1428	0.9025	16.7455	16.7454	0.9640
16	0.125	DoubleOcc	14	21.6345	0.9113	21.9649	21.9646	0.9850
16	0.125	DoubleOcc	15	20.3988	1.2192	20.4467	20.4474	0.9976
16	0.125	DoubleOcc	16	42.3601	3.5765	42.6226	42.6224	0.9938
16	0.125	Sz	1	1.3953	1.0000	1.4158	1.4158	0.9855
16	0.125	Sz	2	1.3283	1.0000	1.3316	1.3282	1.0000
16	0.125	Sz	3	2.3809	1.0000	2.3880	2.3880	0.9970
16	0.125	Sz	4	1.9806	1.0000	1.9808	1.9806	1.0000
16	0.125	Sz	5	2.8711	0.0677	2.8723	2.8721	0.9996
16	0.125	Sz	6	1.9085	1.0000	1.9257	1.9257	0.9911
16	0.125	Sz	7	2.3604	1.0000	2.3610	2.3606	0.9999
16	0.125	Sz	8	1.9088	1.0000	1.9230	1.9229	0.9926
16	0.125	Sz	9	1.8276	1.0000	1.8281	1.8280	0.9998
16	0.125	Sz	10	2.4506	1.0000	2.4526	2.4522	0.9994
16	0.125	Sz	11	1.9131	1.0000	1.9241	1.9237	0.9945
16	0.125	Sz	12	2.8281	0.0686	2.8336	2.8329	0.9983
16	0.125	Sz	13	2.0070	1.0000	2.0107	2.0074	0.9998
16	0.125	Sz	14	2.3984	1.0000	2.4032	2.4033	0.9980
16	0.125	Sz	15	1.3427	1.0000	1.3470	1.3470	0.9968
16	0.125	Sz	16	1.2991	1.0000	1.2994	1.2991	1.0000
16	0.125	SzSz r=1	1	67.4072	2.3434	73.4998	73.5083	0.9170
16	0.125	SzSz r=1	2	6.7412	1.0000	7.0500	7.0502	0.9562
16	0.125	SzSz r=1	3	19.0451	0.4194	19.1062	19.0888	0.9977
16	0.125	SzSz r=1	4	12.5913	1.0000	14.0037	14.0090	0.8988
16	0.125	SzSz r=1	5	9.8831	1.0000	11.0419	11.0415	0.8951
16	0.125	SzSz r=1	6	21.3041	0.3890	21.9640	21.9767	0.9694
16	0.125	SzSz r=1	7	8.2599	1.0000	10.2972	10.3047	0.8016
16	0.125	SzSz r=1	8	20.0926	0.4951	20.3755	20.3671	0.9865
16	0.125	SzSz r=1	9	8.5207	1.0000	9.8023	9.8023	0.8693
16	0.125	SzSz r=1	10	17.9816	0.3921	18.8337	18.8430	0.9543
16	0.125	SzSz r=1	11	10.6036	1.0000	12.0628	12.0648	0.8789
16	0.125	SzSz r=1	12	11.6368	1.0000	12.4620	12.4550	0.9343
16	0.125	SzSz r=1	13	20.5566	0.4207	20.6715	20.6705	0.9945
16	0.125	SzSz r=1	14	7.1239	1.0000	7.2471	7.2453	0.9833
16	0.125	SzSz r=1	15	60.9290	2.5394	61.9300	61.7669	0.9864
16	0.125	ZZ onsite	1	56.0770	2.5936	57.8382	57.8425	0.9695
16	0.125	ZZ onsite	2	32.3046	1.0085	32.3746	32.3402	0.9989
16	0.125	ZZ onsite	3	17.7983	0.4947	17.9619	17.9619	0.9909
16	0.125	ZZ onsite	4	21.1079	0.5170	22.1257	22.1201	0.9542
16	0.125	ZZ onsite	5	14.3132	0.0776	14.8218	14.8185	0.9659
16	0.125	ZZ onsite	6	19.4681	0.5563	20.7418	20.7400	0.9387
16	0.125	ZZ onsite	7	18.2984	0.5039	19.3369	19.3400	0.9461
16	0.125	ZZ onsite	8	22.5596	0.6283	22.7023	22.7009	0.9938
16	0.125	ZZ onsite	9	22.2123	0.6402	22.3315	22.3316	0.9947
16	0.125	ZZ onsite	10	19.4415	0.5348	20.2870	20.2798	0.9587
16	0.125	ZZ onsite	11	17.4570	0.5465	18.9062	18.9060	0.9234
16	0.125	ZZ onsite	12	13.5950	0.0770	14.5523	14.5459	0.9346
16	0.125	ZZ onsite	13	17.4013	0.5398	18.1313	18.1312	0.9597
16	0.125	ZZ onsite	14	18.4173	0.4928	18.7023	18.7023	0.9848
16	0.125	ZZ onsite	15	28.8821	0.9550	28.9812	28.9822	0.9965
16	0.125	ZZ onsite	16	54.9357	2.6073	55.5930	55.5954	0.9881
16	0.125	ZZ up-up r=1	1	85.8471	6.6282	94.5608	94.5492	0.9080
16	0.125	ZZ up-up r=1	2	9.3319	1.0000	9.9111	9.9115	0.9415
16	0.125	ZZ up-up r=1	3	26.2500	0.7905	26.2763	26.2568	0.9997
16	0.125	ZZ up-up r=1	4	14.3653	1.0000	16.5665	16.5680	0.8670
16	0.125	ZZ up-up r=1	5	12.0444	1.0000	14.9558	14.9633	0.8049
16	0.125	ZZ up-up r=1	6	24.8965	0.7534	25.8217	25.8416	0.9634
16	0.125	ZZ up-up r=1	7	7.7659	1.0000	12.8878	12.8987	0.6021
16	0.125	ZZ up-up r=1	8	29.5119	0.9367	30.4132	30.3873	0.9712
16	0.125	ZZ up-up r=1	9	12.3012	1.0000	13.5720	13.5551	0.9075
16	0.125	ZZ up-up r=1	10	20.1262	0.7380	24.8481	24.8546	0.8098
16	0.125	ZZ up-up r=1	11	10.6773	1.0000	15.6354	15.6440	0.6825
16	0.125	ZZ up-up r=1	12	13.8968	1.0000	16.4473	16.4449	0.8450
16	0.125	ZZ up-up r=1	13	24.5540	0.8190	25.9964	25.9975	0.9445
16	0.125	ZZ up-up r=1	14	8.8507	1.0000	9.4464	9.4438	0.9372
16	0.125	ZZ up-up r=1	15	91.7790	6.6168	97.6313	97.6240	0.9401
16	0.125	hop up r=1	1	64.0022	1.0000	64.4925	64.4100	0.9937
16	0.125	hop up r=1	2	22.0029	1.0000	23.7891	23.7892	0.9249
16	0.125	hop up r=1	3	41.4976	1.0000	47.0355	47.0287	0.8824
16	0.125	hop up r=1	4	38.7795	1.0000	39.5345	39.5346	0.9809
16	0.125	hop up r=1	5	19.0573	1.0000	34.6472	34.4763	0.5528
16	0.125	hop up r=1	6	37.6312	1.0000	41.9522	41.9493	0.8971
16	0.125	hop up r=1	7	21.2506	1.0000	33.3965	33.4368	0.6355
16	0.125	hop up r=1	8	37.9140	1.0000	40.9280	40.9145	0.9267
16	0.125	hop up r=1	9	22.0006	1.0000	26.9046	26.9089	0.8176
16	0.125	hop up r=1	10	35.6762	1.0000	48.1563	48.1477	0.7410
16	0.125	hop up r=1	11	27.5540	1.0000	33.0602	32.9809	0.8355
16	0.125	hop up r=1	12	29.9944	1.0000	32.1215	32.1217	0.9338
16	0.125	hop up r=1	13	37.3754	1.0000	41.2569	41.2385	0.9063
16	0.125	hop up r=1	14	20.5362	1.0000	23.3528	23.3528	0.8794
16	0.125	hop up r=1	15	66.1067	1.0000	67.0626	67.0625	0.9857
16	0.125	n	1	1.4668	1.0000	1.4818	1.4818	0.9899
16	0.125	n	2	1.4801	1.0000	1.4817	1.4818	0.9989
16	0.125	n	3	2.7491	1.0000	2.7618	2.7493	0.9999
16	0.125	n	4	2.2421	1.0000	2.2440	2.2440	0.9992
16	0.125	n	5	3.3223	0.0606	3.3264	3.3265	0.9987
16	0.125	n	6	2.2873	1.0000	2.3105	2.3103	0.9900
16	0.125	n	7	2.5693	1.0000	2.5783	2.5695	0.9999
16	0.125	n	8	2.0565	1.0000	2.0642	2.0642	0.9963
16	0.125	n	9	2.1625	1.0000	2.1724	2.1724	0.9954
16	0.125	n	10	2.7165	1.0000	2.7207	2.7166	1.0000
16	0.125	n	11	2.3021	1.0000	2.3125	2.3125	0.9955
16	0.125	n	12	3.6580	0.0630	3.6712	3.6696	0.9969
16	0.125	n	13	2.1909	1.0000	2.1938	2.1938	0.9987
16	0.125	n	14	3.0130	1.0000	3.0137	3.0137	0.9998
16	0.125	n	15	1.3885	1.0000	1.3908	1.3885	1.0000
16	0.125	n	16	1.5822	1.0000	1.5877	1.5877	0.9966
32	0.000	DoubleOcc	1	46.2601	5.5791	46.2748	46.2588	1.0000
32	0.000	DoubleOcc	2	24.9491	2.0289	25.0361	25.0364	0.9965
32	0.000	DoubleOcc	3	30.3367	2.2625	30.4042	30.3471	0.9997
32	0.000	DoubleOcc	4	26.8810	2.1135	26.8932	26.8915	0.9996
32	0.000	DoubleOcc	5	29.5011	2.2829	29.5541	29.5377	0.9988
32	0.000	DoubleOcc	6	27.4423	2.0935	27.4495	27.4495	0.9997
32	0.000	DoubleOcc	7	31.5513	2.2425	31.5870	31.5611	0.9997
32	0.000	DoubleOcc	8	28.6458	2.2072	28.7139	28.6792	0.9988
32	0.000	DoubleOcc	9	31.5877	2.2883	31.6440	31.5863	1.0000
32	0.000	DoubleOcc	10	29.1827	2.0432	29.2536	29.2394	0.9981
32	0.000	DoubleOcc	11	26.4522	2.0892	26.4790	26.4798	0.9990
32	0.000	DoubleOcc	12	29.3703	2.2021	29.3998	29.3708	1.0000
32	0.000	DoubleOcc	13	27.3591	2.1827	27.3703	27.3583	1.0000
32	0.000	DoubleOcc	14	27.2055	2.0837	27.2368	27.2380	0.9988
32	0.000	DoubleOcc	15	31.1802	2.0879	31.2317	31.2335	0.9983
32	0.000	DoubleOcc	16	28.2012	2.2273	28.2375	28.1989	1.0001
32	0.000	DoubleOcc	17	29.0059	2.1341	29.0212	29.0214	0.9995
32	0.000	DoubleOcc	18	28.5819	2.1319	28.5963	28.5966	0.9995
32	0.000	DoubleOcc	19	28.2679	2.1128	28.2931	28.2936	0.9991
32	0.000	DoubleOcc	20	28.5641	2.1046	28.5949	28.5959	0.9989
32	0.000	DoubleOcc	21	30.3959	2.0875	30.4422	30.4433	0.9984
32	0.000	DoubleOcc	22	28.2007	2.1478	28.2092	28.2092	0.9997
32	0.000	DoubleOcc	23	27.9588	2.0965	27.9807	27.9810	0.9992
32	0.000	DoubleOcc	24	27.5485	2.1233	27.5734	27.5696	0.9992
32	0.000	DoubleOcc	25	28.4130	2.1561	28.4228	28.4128	1.0000
32	0.000	DoubleOcc	26	31.8482	2.3096	31.9938	31.9365	0.9972
32	0.000	DoubleOcc	27	29.9415	2.1363	29.9460	29.9415	1.0000
32	0.000	DoubleOcc	28	30.0098	2.1408	30.0694	30.0297	0.9993
32	0.000	DoubleOcc	29	27.9195	2.1690	27.9306	27.9197	1.0000
32	0.000	DoubleOcc	30	28.4374	2.4534	28.6386	28.6320	0.9932
32	0.000	DoubleOcc	31	29.7832	2.2689	29.8097	29.7831	1.0000
32	0.000	DoubleOcc	32	47.7436	5.6954	47.7437	47.7435	1.0000
32	0.000	Sz	1	1.0000	1.0000	1.0000	1.0000	1.0000
32	0.000	Sz	2	1.0000	1.0000	1.0000	1.0000	1.0000
32	0.000	Sz	3	1.0000	1.0000	1.0000	1.0000	1.0000
32	0.000	Sz	4	1.0000	1.0000	1.0000	1.0000	1.0000
32	0.000	Sz	5	1.0000	1.0000	1.0000	1.0000	1.0000
32	0.000	Sz	6	1.0000	1.0000	1.0000	1.0000	1.0000
32	0.000	Sz	7	1.0000	1.0000	1.0000	1.0000	1.0000
32	0.000	Sz	8	1.0000	1.0000	1.0000	1.0000	1.0000
32	0.000	Sz	9	1.0000	1.0000	1.0000	1.0000	1.0000
32	0.000	Sz	10	1.0000	1.0000	1.0000	1.0000	1.0000
32	0.000	Sz	11	1.0000	1.0000	1.0000	1.0000	1.0000
32	0.000	Sz	12	1.0000	1.0000	1.0000	1.0000	1.0000
32	0.000	Sz	13	1.0000	1.0000	1.0000	1.0000	1.0000
32	0.000	Sz	14	1.0000	1.0000	1.0000	1.0000	1.0000
32	0.000	Sz	15	1.0000	1.0000	1.0000	1.0000	1.0000
32	0.000	Sz	16	1.0000	1.0000	1.0000	1.0000	1.0000
32	0.000	Sz	17	1.0000	1.0000	1.0000	1.0000	1.0000
32	0.000	Sz	18	1.0000	1.0000	1.0000	1.0000	1.0000
32	0.000	Sz	19	1.0000	1.0000	1.0000	1.0000	1.0000
32	0.000	Sz	20	1.0000	1.0000	1.0000	1.0000	1.0000
32	0.000	Sz	21	1.0000	1.0000	1.0000	1.0000	1.0000
32	0.000	Sz	22	1.0000	1.0000	1.0000	1.0000	1.0000
32	0.000	Sz	23	1.0000	1.0000	1.0000	1.0000	1.0000
32	0.000	Sz	24	1.0000	1.0000	1.0000	1.0000	1.0000
32	0.000	Sz	25	1.0000	1.0000	1.0000	1.0000	1.0000
32	0.000	Sz	26	1.0000	1.0000	1.0000	1.0000	1.0000
32	0.000	Sz	27	1.0000	1.0000	1.0000	1.0000	1.0000
32	0.000	Sz	28	1.0000	1.0000	1.0000	1.0000	1.0000
32	0.000	Sz	29	1.0000	1.0000	1.0000	1.0000	1.0000
32	0.000	Sz	30	1.0000	1.0000	1.0000	1.0000	1.0000
32	0.000	Sz	31	1.0000	1.0000	1.0000	1.0000	1.0000
32	0.000	Sz	32	1.0000	1.0000	1.0000	1.0000	1.0000
32	0.000	SzSz r=1	1	100.4196	4.6841	103.4748	103.4902	0.9703
32	0.000	SzSz r=1	2	7.7634	1.0046	7.7793	7.7631	1.0000
32	0.000	SzSz r=1	3	41.8284	1.6155	42.2213	42.2047	0.9911
32	0.000	SzSz r=1	4	11.5737	1.4047	11.6253	11.6257	0.9955
32	0.000	SzSz r=1	5	38.5688	1.2946	39.9227	39.8801	0.9671
32	0.000	SzSz r=1	6	13.6154	8.0330	13.8135	13.8044	0.9863
32	0.000	SzSz r=1	7	38.3122	1.1060	39.2022	39.1136	0.9795
32	0.000	SzSz r=1	8	14.7854	8.3654	14.9193	14.8981	0.9924
32	0.000	SzSz r=1	9	36.7394	1.0352	38.4880	38.4141	0.9564
32	0.000	SzSz r=1	10	13.1722	7.7054	13.3161	13.3150	0.9893
32	0.000	SzSz r=1	11	33.2316	0.9809	34.8641	34.8675	0.9531
32	0.000	SzSz r=1	12	14.7724	8.6490	15.1350	15.1413	0.9756
32	0.000	SzSz r=1	13	36.2817	0.9890	37.5920	37.5881	0.9652
32	0.000	SzSz r=1	14	14.6338	8.4354	14.8618	14.8614	0.9847
32	0.000	SzSz r=1	15	33.4087	1.0066	35.4675	35.4756	0.9417
32	0.000	SzSz r=1	16	12.8928	8.0511	13.0074	13.0068	0.9912
32	0.000	SzSz r=1	17	30.3985	0.9773	31.7673	31.7595	0.9571
32	0.000	SzSz r=1	18	14.9556	8.7720	15.1700	15.1737	0.9856
32	0.000	SzSz r=1	19	33.4665	0.9453	34.6570	34.6514	0.9658
32	0.000	SzSz r=1	20	14.7614	8.8435	14.9364	14.9397	0.9881
32	0.000	SzSz r=1	21	34.1615	1.0562	36.4363	36.4411	0.9374
32	0.000	SzSz r=1	22	13.6227	8.4616	13.7616	13.7641	0.9897
32	0.000	SzSz r=1	23	33.3313	1.0136	34.9879	34.9901	0.9526
32	0.000	SzSz r=1	24	12.1973	7.8746	12.2027	12.1994	0.9998
32	0.000	SzSz r=1	25	34.1784	1.1787	36.2423	36.2429	0.9430
32	0.000	SzSz r=1	26	13.1687	7.7731	13.2055	13.2045	0.9973
32	0.000	SzSz r=1	27	36.9225	1.2949	39.5334	39.5319	0.9340
32	0.000	SzSz r=1	28	9.9876	1.4126	9.9929	9.9868	1.0001
32	0.000	SzSz r=1	29	46.6710	1.6550	47.7140	47.7148	0.9781
32	0.000	SzSz r=1	30	8.6739	1.0077	8.6964	8.6967	0.9974
32	0.000	SzSz r=1	31	115.1528	5.0627	115.2377	115.1657	0.9999
32	0.000	ZZ onsite	1	95.3841	5.9711	95.3894	95.3825	1.0000
32	0.000	ZZ onsite	2	48.2596	2.1279	48.4890	48.4899	0.9953
32	0.000	ZZ onsite	3	51.4260	2.3771	51.4446	51.4354	0.9998
32	0.000	ZZ onsite	4	48.4854	2.1053	48.5285	48.5053	0.9996
32	0.000	ZZ onsite	5	53.2420	2.2297	53.2719	53.2641	0.9996
32	0.000	ZZ onsite	6	47.4246	2.1884	47.5371	47.5062	0.9983
32	0.000	ZZ onsite	7	54.7445	2.2620	54.8167	54.7664	0.9996
32	0.000	ZZ onsite	8	49.3086	2.2518	49.5214	49.4124	0.9979
32	0.000	ZZ onsite	9	55.0752	2.3043	55.2113	55.0718	1.0001
32	0.000	ZZ onsite	10	52.5868	2.0960	52.7756	52.7395	0.9971
32	0.000	ZZ onsite	11	50.5361	2.1443	50.6191	50.6215	0.9983
32	0.000	ZZ onsite	12	54.2185	2.2011	54.2392	54.2191	1.0000
32	0.000	ZZ onsite	13	49.5265	2.1682	49.5665	49.5674	0.9992
32	0.000	ZZ onsite	14	49.1296	2.1587	49.1777	49.1787	0.9990
32	0.000	ZZ onsite	15	54.0053	2.1244	54.1538	54.1589	0.9972
32	0.000	ZZ onsite	16	50.6248	2.2171	50.6586	50.6216	1.0001
32	0.000	ZZ onsite	17	52.2837	2.1011	52.4815	52.4880	0.9961
32	0.000	ZZ onsite	18	53.7179	2.2356	53.7771	53.7132	1.0001
32	0.000	ZZ onsite	19	50.6211	2.1591	50.6887	50.6897	0.9986
32	0.000	ZZ onsite	20	53.4019	2.1657	53.4725	53.4743	0.9986
32	0.000	ZZ onsite	21	52.3115	2.1380	52.4154	52.4176	0.9980
32	0.000	ZZ onsite	22	50.8298	2.2222	50.8541	50.8279	1.0000
32	0.000	ZZ onsite	23	52.2057	2.1854	52.2123	52.2048	1.0000
32	0.000	ZZ onsite	24	47.7906	2.1355	47.9179	47.8931	0.9979
32	0.000	ZZ onsite	25	51.7308	2.1823	51.7450	51.7305	1.0000
32	0.000	ZZ onsite	26	61.8674	2.2624	62.0569	62.0040	0.9978
32	0.000	ZZ onsite	27	55.1989	2.1970	55.2355	55.1991	1.0000
32	0.000	ZZ onsite	28	51.4039	2.1536	51.6764	51.4811	0.9985
32	0.000	ZZ onsite	29	46.9713	2.2057	47.0020	46.9717	1.0000
32	0.000	ZZ onsite	30	49.9914	2.4777	50.4977	50.4835	0.9903
32	0.000	ZZ onsite	31	55.0161	2.2670	55.0309	55.0292	0.9998
32	0.000	ZZ onsite	32	101.0406	6.0328	101.0411	101.0412	1.0000
32	0.000	ZZ up-up r=1	1	201.2659	20.0631	205.7933	205.7315	0.9783
32	0.000	ZZ up-up r=1	2	10.9272	1.2555	11.0143	10.9262	1.0001
32	0.000	ZZ up-up r=1	3	72.4130	3.9613	72.4523	72.4203	0.9999
32	0.000	ZZ up-up r=1	4	15.3678	1.3309	15.4641	15.4646	0.9937
32	0.000	ZZ up-up r=1	5	57.2387	3.0087	58.0199	58.0105	0.9867
32	0.000	ZZ up-up r=1	6	19.6489	6.4440	19.7103	19.6846	0.9982
32	0.000	ZZ up-up r=1	7	53.6921	2.4687	53.9841	53.9847	0.9946
32	0.000	ZZ up-up r=1	8	19.8034	6.4309	20.1141	20.1187	0.9843
32	0.000	ZZ up-up r=1	9	55.1742	2.1764	55.4448	55.1708	1.0001
32	0.000	ZZ up-up r=1	10	20.2845	6.6804	20.5821	20.5853	0.9854
32	0.000	ZZ up-up r=1	11	49.2782	2.1098	49.4773	49.4105	0.9973
32	0.000	ZZ up-up r=1	12	20.7800	6.8775	21.0788	21.0819	0.9857
32	0.000	ZZ up-up r=1	13	53.0981	2.1350	54.0545	54.0588	0.9822
32	0.000	ZZ up-up r=1	14	20.8721	7.2562	20.9482	20.9113	0.9981
32	0.000	ZZ up-up r=1	15	51.8498	2.0812	52.6895	52.6909	0.9840
32	0.000	ZZ up-up r=1	16	18.8953	6.8449	19.1576	19.1629	0.9860
32	0.000	ZZ up-up r=1	17	50.9549	2.0063	51.2827	51.1630	0.9959
32	0.000	ZZ up-up r=1	18	21.8126	7.3095	22.0883	22.0931	0.9873
32	0.000	ZZ up-up r=1	19	52.8790	2.0414	53.3447	53.2346	0.9933
32	0.000	ZZ up-up r=1	20	21.5896	7.3309	21.8632	21.8700	0.9872
32	0.000	ZZ up-up r=1	21	47.7409	2.2557	49.4219	49.4306	0.9658
32	0.000	ZZ up-up r=1	22	19.1626	7.1739	19.3040	19.3063	0.9926
32	0.000	ZZ up-up r=1	23	49.6295	2.3055	50.8553	50.8568	0.9759
32	0.000	ZZ up-up r=1	24	17.3370	6.9988	17.3729	17.3714	0.9980
32	0.000	ZZ up-up r=1	25	58.2394	2.5657	60.2857	60.2862	0.9660
32	0.000	ZZ up-up r=1	26	17.9043	6.4045	18.0102	18.0123	0.9940
32	0.000	ZZ up-up r=1	27	53.6569	2.8790	54.4550	54.4554	0.9853
32	0.000	ZZ up-up r=1	28	15.0205	1.3397	15.0536	15.0536	0.9978
32	0.000	ZZ up-up r=1	29	68.7893	3.9712	69.1512	69.1545	0.9947
32	0.000	ZZ up-up r=1	30	11.7171	1.2693	11.7331	11.7331	0.9986
32	0.000	ZZ up-up r=1	31	201.3138	20.8841	202.0294	201.2837	1.0001
32	0.000	hop up r=1	1	58.4281	1.0000	58.9006	58.9034	0.9919
32	0.000	hop up r=1	2	16.8336	1.0000	16.8441	16.8434	0.9994
32	0.000	hop up r=1	3	40.0923	1.0000	40.1061	40.0936	1.0000
32	0.000	hop up r=1	4	19.9121	1.0000	20.0799	20.0814	0.9916
32	0.000	hop up r=1	5	42.0209	1.0000	42.2349	42.2347	0.9949
32	0.000	hop up r=1	6	19.7944	1.0000	19.8717	19.7902	1.0002
32	0.000	hop up r=1	7	40.1482	1.0000	40.6272	40.6266	0.9882
32	0.000	hop up r=1	8	19.7835	1.0000	20.0039	20.0054	0.9889
32	0.000	hop up r=1	9	45.3637	1.0000	46.1437	46.1444	0.9831
32	0.000	hop up r=1	10	25.6409	1.0000	26.0980	26.1019	0.9823
32	0.000	hop up r=1	11	37.2382	1.0000	37.6545	37.6484	0.9891
32	0.000	hop up r=1	12	24.1272	1.0000	24.7030	24.7115	0.9764
32	0.000	hop up r=1	13	34.5789	1.0000	35.4814	35.4887	0.9744
32	0.000	hop up r=1	14	19.0964	1.0000	19.2949	19.2948	0.9897
32	0.000	hop up r=1	15	35.7277	1.0000	35.9809	35.9088	0.9950
32	0.000	hop up r=1	16	24.5543	1.0000	24.8195	24.8168	0.9894
32	0.000	hop up r=1	17	38.6933	1.0000	39.9665	39.9694	0.9681
32	0.000	hop up r=1	18	23.7261	1.0000	24.0837	24.0856	0.9851
32	0.000	hop up r=1	19	35.9074	1.0000	36.4437	36.4161	0.9860
32	0.000	hop up r=1	20	20.0841	1.0000	20.1761	20.1524	0.9966
32	0.000	hop up r=1	21	35.3677	1.0000	36.2445	36.2452	0.9758
32	0.000	hop up r=1	22	21.5264	1.0000	21.6847	21.6830	0.9928
32	0.000	hop up r=1	23	38.0332	1.0000	39.0363	39.0373	0.9743
32	0.000	hop up r=1	24	23.9921	1.0000	24.2374	24.2383	0.9898
32	0.000	hop up r=1	25	37.6531	1.0000	38.0208	37.9939	0.9910
32	0.000	hop up r=1	26	21.9792	1.0000	22.0541	22.0418	0.9972
32	0.000	hop up r=1	27	47.2448	1.0000	47.6858	47.6857	0.9908
32	0.000	hop up r=1	28	18.6342	1.0000	18.8289	18.8307	0.9896
32	0.000	hop up r=1	29	53.9733	1.0000	54.2137	54.2136	0.9956
32	0.000	hop up r=1	30	15.4174	1.0000	15.4420	15.4172	1.0000
32	0.000	hop up r=1	31	66.8976	1.0000	67.5018	67.5059	0.9910
32	0.000	n	1	1.0000	1.0000	1.0000	1.0000	1.0000
32	0.000	n	2	1.0000	1.0000	1.0000	1.0000	1.0000
32	0.000	n	3	1.0000	1.0000	1.0000	1.0000	1.0000
32	0.000	n	4	1.0000	1.0000	1.0000	1.0000	1.0000
32	0.000	n	5	1.0000	1.0000	1.0000	1.0000	1.0000
32	0.000	n	6	1.0000	1.0000	1.0000	1.0000	1.0000
32	0.000	n	7	1.0000	1.0000	1.0000	1.0000	1.0000
32	0.000	n	8	1.0000	1.0000	1.0000	1.0000	1.0000
32	0.000	n	9	1.0000	1.0000	1.0000	1.0000	1.0000
32	0.000	n	10	1.0000	1.0000	1.0000	1.0000	1.0000
32	0.000	n	11	1.0000	1.0000	1.0000	1.0000	1.0000
32	0.000	n	12	1.0000	1.0000	1.0000	1.0000	1.0000
32	0.000	n	13	1.0000	1.0000	1.0000	1.0000	1.0000
32	0.000	n	14	1.0000	1.0000	1.0000	1.0000	1.0000
32	0.000	n	15	1.0000	1.0000	1.0000	1.0000	1.0000
32	0.000	n	16	1.0000	1.0000	1.0000	1.0000	1.0000
32	0.000	n	17	1.0000	1.0000	1.0000	1.0000	1.0000
32	0.000	n	18	1.0000	1.0000	1.0000	1.0000	1.0000
32	0.000	n	19	1.0000	1.0000	1.0000	1.0000	1.0000
32	0.000	n	20	1.0000	1.0000	1.0000	1.0000	1.0000
32	0.000	n	21	1.0000	1.0000	1.0000	1.0000	1.0000
32	0.000	n	22	1.0000	1.0000	1.0000	1.0000	1.0000
32	0.000	n	23	1.0000	1.0000	1.0000	1.0000	1.0000
32	0.000	n	24	1.0000	1.0000	1.0000	1.0000	1.0000
32	0.000	n	25	1.0000	1.0000	1.0000	1.0000	1.0000
32	0.000	n	26	1.0000	1.0000	1.0000	1.0000	1.0000
32	0.000	n	27	1.0000	1.0000	1.0000	1.0000	1.0000
32	0.000	n	28	1.0000	1.0000	1.0000	1.0000	1.0000
32	0.000	n	29	1.0000	1.0000	1.0000	1.0000	1.0000
32	0.000	n	30	1.0000	1.0000	1.0000	1.0000	1.0000
32	0.000	n	31	1.0000	1.0000	1.0000	1.0000	1.0000
32	0.000	n	32	1.0000	1.0000	1.0000	1.0000	1.0000
32	0.125	DoubleOcc	1	41.8073	3.7334	42.0018	41.9991	0.9954
32	0.125	DoubleOcc	2	20.7274	1.2491	21.1615	21.1650	0.9793
32	0.125	DoubleOcc	3	20.4359	0.9055	20.8390	20.8362	0.9808
32	0.125	DoubleOcc	4	18.2912	0.9189	18.9312	18.9317	0.9662
32	0.125	DoubleOcc	5	21.1877	0.2249	21.2362	21.2396	0.9976
32	0.125	DoubleOcc	6	17.2770	0.9012	18.7102	18.7087	0.9235
32	0.125	DoubleOcc	7	22.8226	0.9637	23.6017	23.5996	0.9671
32	0.125	DoubleOcc	8	20.0052	1.0392	21.4567	21.4376	0.9332
32	0.125	DoubleOcc	9	20.7547	1.0641	22.3752	22.3727	0.9277
32	0.125	DoubleOcc	10	21.7592	0.9218	22.7984	22.8011	0.9543
32	0.125	DoubleOcc	11	16.9308	0.9240	18.4048	18.4027	0.9200
32	0.125	DoubleOcc	12	20.0340	0.2221	20.9129	20.9017	0.9585
32	0.125	DoubleOcc	13	19.6330	0.9631	21.0899	21.0450	0.9329
32	0.125	DoubleOcc	14	19.2760	0.8837	20.2705	20.2701	0.9510
32	0.125	DoubleOcc	15	18.3973	0.9843	21.7306	21.7299	0.8466
32	0.125	DoubleOcc	16	19.2714	0.9858	19.8475	19.8408	0.9713
32	0.125	DoubleOcc	17	18.3479	0.9737	20.3974	20.3982	0.8995
32	0.125	DoubleOcc	18	20.7335	0.9654	21.6366	21.6338	0.9584
32	0.125	DoubleOcc	19	19.3724	0.2232	20.2276	20.2208	0.9580
32	0.125	DoubleOcc	20	17.8484	0.9286	19.9693	19.9686	0.8938
32	0.125	DoubleOcc	21	17.6970	0.8169	19.8476	19.8695	0.8907
32	0.125	DoubleOcc	22	18.7832	0.9819	20.4353	20.4364	0.9191
32	0.125	DoubleOcc	23	19.2482	0.9533	19.8334	19.8365	0.9703
32	0.125	DoubleOcc	24	18.8179	1.0006	21.0501	21.0501	0.8940
32	0.125	DoubleOcc	25	21.6441	1.0196	22.4521	22.4517	0.9640
32	0.125	DoubleOcc	26	21.2337	0.9555	22.1266	22.1090	0.9604
32	0.125	DoubleOcc	27	19.3171	0.8955	21.9249	21.9153	0.8814
32	0.125	DoubleOcc	28	20.7559	0.2236	21.7185	21.7047	0.9563
32	0.125	DoubleOcc	29	18.2503	0.9278	19.1101	19.1099	0.9550
32	0.125	DoubleOcc	30	21.6598	1.0051	21.8471	21.8468	0.9914
32	0.125	DoubleOcc	31	22.5477	1.3819	22.6278	22.6203	0.9968
32	0.125	DoubleOcc	32	42.7014	3.7503	42.9092	42.9117	0.9951
32	0.125	Sz	1	1.3021	1.0000	1.3190	1.3191	0.9871
32	0.125	Sz	2	1.3246	1.0000	1.3269	1.3269	0.9982
32	0.125	Sz	3	2.2579	1.0000	2.2795	2.2783	0.9910
32	0.125	Sz	4	1.8124	1.0000	1.8142	1.8142	0.9990
32	0.125	Sz	5	2.5697	0.0601	2.5730	2.5729	0.9987
32	0.125	Sz	6	1.8504	1.0000	1.8692	1.8689	0.9901
32	0.125	Sz	7	2.1586	1.0000	2.1747	2.1748	0.9926
32	0.125	Sz	8	1.8775	1.0000	1.9046	1.9042	0.9860
32	0.125	Sz	9	1.9596	1.0000	1.9995	1.9995	0.9800
32	0.125	Sz	10	2.0927	1.0000	2.1049	2.1048	0.9943
32	0.125	Sz	11	1.8756	1.0000	1.8901	1.8901	0.9923
32	0.125	Sz	12	2.0562	0.0509	2.1203	2.1201	0.9699
32	0.125	Sz	13	1.8934	1.0000	1.9056	1.9057	0.9936
32	0.125	Sz	14	2.0271	1.0000	2.0882	2.0886	0.9706
32	0.125	Sz	15	1.7979	1.0000	1.8081	1.8032	0.9971
32	0.125	Sz	16	1.9681	1.0000	2.0045	2.0045	0.9818
32	0.125	Sz	17	1.8404	1.0000	1.8601	1.8599	0.9895
32	0.125	Sz	18	1.8470	1.0000	1.8545	1.8510	0.9978
32	0.125	Sz	19	2.1429	0.0479	2.1744	2.1747	0.9854
32	0.125	Sz	20	1.7109	1.0000	1.7484	1.7469	0.9794
32	0.125	Sz	21	2.0827	1.0000	2.1059	2.1064	0.9888
32	0.125	Sz	22	1.8293	1.0000	1.8533	1.8534	0.9870
32	0.125	Sz	23	1.8992	1.0000	1.9083	1.9081	0.9953
32	0.125	Sz	24	1.8711	1.0000	1.8812	1.8811	0.9947
32	0.125	Sz	25	1.7869	1.0000	1.7979	1.7977	0.9940
32	0.125	Sz	26	1.9797	1.0000	1.9867	1.9869	0.9964
32	0.125	Sz	27	1.8076	1.0000	1.8149	1.8149	0.9960
32	0.125	Sz	28	2.4777	0.0594	2.4808	2.4794	0.9993
32	0.125	Sz	29	1.7366	1.0000	1.7539	1.7535	0.9904
32	0.125	Sz	30	2.2372	1.0000	2.2401	2.2372	1.0000
32	0.125	Sz	31	1.3313	1.0000	1.3355	1.3356	0.9968
32	0.125	Sz	32	1.3000	1.0000	1.3016	1.2999	1.0000
32	0.125	SzSz r=1	1	57.2802	2.4236	62.4611	62.4784	0.9168
32	0.125	SzSz r=1	2	7.2192	1.0000	7.5907	7.5884	0.9514
32	0.125	SzSz r=1	3	20.0232	0.4359	20.3395	20.3107	0.9858
32	0.125	SzSz r=1	4	10.6945	1.0000	11.6889	11.6925	0.9146
32	0.125	SzSz r=1	5	11.7451	1.0000	13.3928	13.3957	0.8768
32	0.125	SzSz r=1	6	19.1128	0.3574	19.4030	19.4040	0.9850
32	0.125	SzSz r=1	7	9.5575	1.0000	11.6695	11.6530	0.8202
32	0.125	SzSz r=1	8	20.9006	0.4232	20.9747	20.9613	0.9971
32	0.125	SzSz r=1	9	9.2648	1.0000	11.1114	11.0681	0.8371
32	0.125	SzSz r=1	10	15.8636	0.3806	16.5518	16.5717	0.9573
32	0.125	SzSz r=1	11	10.0992	1.0000	12.7280	12.7514	0.7920
32	0.125	SzSz r=1	12	13.8048	1.0000	14.7992	14.8175	0.9317
32	0.125	SzSz r=1	13	16.7864	0.2930	17.2263	17.2102	0.9754
32	0.125	SzSz r=1	14	11.3369	1.0000	12.4897	12.5276	0.9050
32	0.125	SzSz r=1	15	17.8033	0.3745	18.0437	18.0400	0.9869
32	0.125	SzSz r=1	16	10.2882	1.0000	11.4604	11.5061	0.8942
32	0.125	SzSz r=1	17	17.1916	0.3707	17.3724	17.3786	0.9892
32	0.125	SzSz r=1	18	10.1540	1.0000	12.4655	12.4476	0.8157
32	0.125	SzSz r=1	19	15.2138	1.0000	15.7978	15.8010	0.9628
32	0.125	SzSz r=1	20	14.5607	0.2709	15.4930	15.4824	0.9405
32	0.125	SzSz r=1	21	10.4801	1.0000	12.5285	12.5851	0.8327
32	0.125	SzSz r=1	22	16.8157	0.3828	17.1079	17.0971	0.9835
32	0.125	SzSz r=1	23	10.0829	1.0000	12.6188	12.6286	0.7984
32	0.125	SzSz r=1	24	19.2518	0.4214	19.5642	19.5673	0.9839
32	0.125	SzSz r=1	25	10.4578	1.0000	12.3466	12.3644	0.8458
32	0.125	SzSz r=1	26	16.7999	0.3510	17.6992	17.6990	0.9492
32	0.125	SzSz r=1	27	11.8076	1.0000	13.4805	13.4832	0.8757
32	0.125	SzSz r=1	28	10.6893	1.0000	11.6594	11.6612	0.9167
32	0.125	SzSz r=1	29	20.0558	0.4332	20.5324	20.5129	0.9777
32	0.125	SzSz r=1	30	7.6036	1.0000	7.6615	7.6600	0.9926
32	0.125	SzSz r=1	31	68.6319	2.5226	70.3696	70.2306	0.9772
32	0.125	ZZ onsite	1	59.6910	2.8702	60.5552	60.5543	0.9857
32	0.125	ZZ onsite	2	29.4762	0.9860	30.1569	30.1658	0.9771
32	0.125	ZZ onsite	3	20.2514	0.5508	20.4210	20.4162	0.9919
32	0.125	ZZ onsite	4	19.7634	0.5632	20.5448	20.5378	0.9623
32	0.125	ZZ onsite	5	17.7958	0.0821	18.0047	18.0032	0.9885
32	0.125	ZZ onsite	6	16.8689	0.5648	17.9167	17.9165	0.9415
32	0.125	ZZ onsite	7	20.6969	0.5407	21.4212	21.4205	0.9662
32	0.125	ZZ onsite	8	22.1887	0.6629	22.5915	22.5331	0.9847
32	0.125	ZZ onsite	9	22.3157	0.6369	23.7687	23.7679	0.9389
32	0.125	ZZ onsite	10	22.6888	0.5751	22.7267	22.7189	0.9987
32	0.125	ZZ onsite	11	17.4651	0.5737	19.9309	19.9290	0.8764
32	0.125	ZZ onsite	12	19.8203	0.0905	19.9054	19.8916	0.9964
32	0.125	ZZ onsite	13	19.8690	0.5613	21.6618	21.6619	0.9172
32	0.125	ZZ onsite	14	18.6123	0.5129	19.0088	19.0077	0.9792
32	0.125	ZZ onsite	15	17.8403	0.5916	21.7117	21.7122	0.8217
32	0.125	ZZ onsite	16	19.7653	0.6044	20.7033	20.7019	0.9548
32	0.125	ZZ onsite	17	18.0067	0.5863	22.3663	22.3720	0.8049
32	0.125	ZZ onsite	18	21.5158	0.6191	23.0822	23.0510	0.9334
32	0.125	ZZ onsite	19	19.7551	0.0900	20.2633	20.2616	0.9750
32	0.125	ZZ onsite	20	18.8183	0.5746	20.7265	20.7052	0.9089
32	0.125	ZZ onsite	21	17.5658	0.4753	19.3218	19.3470	0.9079
32	0.125	ZZ onsite	22	18.2360	0.6019	20.9682	20.9626	0.8699
32	0.125	ZZ onsite	23	21.7957	0.5888	21.8120	21.8108	0.9993
32	0.125	ZZ onsite	24	18.9299	0.6219	22.1241	22.1281	0.8555
32	0.125	ZZ onsite	25	22.1537	0.6097	23.1712	23.1805	0.9557
32	0.125	ZZ onsite	26	20.2329	0.5410	21.8646	21.8549	0.9258
32	0.125	ZZ onsite	27	20.3800	0.5637	22.3619	22.3619	0.9114
32	0.125	ZZ onsite	28	16.4892	0.0808	17.6048	17.5842	0.9377
32	0.125	ZZ onsite	29	18.7760	0.6036	19.3015	19.3009	0.9728
32	0.125	ZZ onsite	30	19.9246	0.5571	20.1761	20.1761	0.9875
32	0.125	ZZ onsite	31	30.0691	1.0235	30.0774	30.0765	0.9998
32	0.125	ZZ onsite	32	59.7596	2.7944	60.3594	60.3643	0.9900
32	0.125	ZZ up-up r=1	1	97.7729	7.0295	110.9097	110.8604	0.8819
32	0.125	ZZ up-up r=1	2	9.4776	1.0000	9.8496	9.8439	0.9628
32	0.125	ZZ up-up r=1	3	27.4304	0.8478	27.5271	27.4465	0.9994
32	0.125	ZZ up-up r=1	4	12.6125	1.0002	15.6236	15.6363	0.8066
32	0.125	ZZ up-up r=1	5	13.2642	0.9998	15.8582	15.8516	0.8368
32	0.125	ZZ up-up r=1	6	22.1927	0.6692	22.8879	22.8934	0.9694
32	0.125	ZZ up-up r=1	7	8.3624	1.0000	14.9132	14.9242	0.5603
32	0.125	ZZ up-up r=1	8	26.4587	0.8039	26.6608	26.6488	0.9929
32	0.125	ZZ up-up r=1	9	13.2722	1.0000	16.2977	16.2583	0.8163
32	0.125	ZZ up-up r=1	10	21.5565	0.7032	23.2087	23.2242	0.9282
32	0.125	ZZ up-up r=1	11	10.0501	1.0000	17.6082	17.6112	0.5707
32	0.125	ZZ up-up r=1	12	16.2899	0.9999	18.8745	18.9143	0.8612
32	0.125	ZZ up-up r=1	13	21.2576	0.5424	21.3894	21.3770	0.9944
32	0.125	ZZ up-up r=1	14	13.5773	1.0000	17.0858	17.1065	0.7937
32	0.125	ZZ up-up r=1	15	24.8761	0.7212	25.2310	25.2251	0.9862
32	0.125	ZZ up-up r=1	16	11.1853	1.0000	14.5315	14.5609	0.7682
32	0.125	ZZ up-up r=1	17	21.8155	0.7067	24.5638	24.5805	0.8875
32	0.125	ZZ up-up r=1	18	9.2608	1.0000	15.2419	15.2564	0.6070
32	0.125	ZZ up-up r=1	19	18.7561	1.0000	21.6796	21.6283	0.8672
32	0.125	ZZ up-up r=1	20	15.5885	0.4906	19.1299	19.0958	0.8163
32	0.125	ZZ up-up r=1	21	13.1001	1.0000	17.0966	17.1943	0.7619
32	0.125	ZZ up-up r=1	22	21.6381	0.7109	22.6697	22.7080	0.9529
32	0.125	ZZ up-up r=1	23	8.0820	1.0000	13.9880	13.9876	0.5778
32	0.125	ZZ up-up r=1	24	22.3877	0.7956	24.9316	24.9057	0.8989
32	0.125	ZZ up-up r=1	25	13.6297	1.0000	15.6537	15.7262	0.8667
32	0.125	ZZ up-up r=1	26	22.2582	0.6707	24.2402	24.2570	0.9176
32	0.125	ZZ up-up r=1	27	10.9461	1.0000	15.7477	15.7502	0.6950
32	0.125	ZZ up-up r=1	28	13.3582	1.0000	15.8782	15.8729	0.8416
32	0.125	ZZ up-up r=1	29	26.4681	0.8498	27.3074	27.2633	0.9708
32	0.125	ZZ up-up r=1	30	9.4961	1.0000	10.5582	10.5569	0.8995
32	0.125	ZZ up-up r=1	31	95.3087	7.1011	100.1608	99.9340	0.9537
32	0.125	hop up r=1	1	51.8565	1.0000	53.2682	53.2785	0.9733
32	0.125	hop up r=1	2	22.7183	1.0000	24.2024	24.1947	0.9390
32	0.125	hop up r=1	3	37.8790	1.0000	39.1898	39.2065	0.9661
32	0.125	hop up r=1	4	31.0711	1.0000	37.3494	37.3517	0.8319
32	0.125	hop up r=1	5	29.8397	1.0000	32.1345	32.1320	0.9287
32	0.125	hop up r=1	6	34.4449	1.0000	38.5784	38.5696	0.8931
32	0.125	hop up r=1	7	18.8679	1.0000	29.9569	29.9639	0.6297
32	0.125	hop up r=1	8	34.0201	1.0000	36.3683	36.3648	0.9355
32	0.125	hop up r=1	9	25.5975	1.0000	35.6101	35.6494	0.7180
32	0.125	hop up r=1	10	36.6782	1.0000	43.4034	43.4298	0.8445
32	0.125	hop up r=1	11	17.6901	1.0000	32.3669	32.3999	0.5460
32	0.125	hop up r=1	12	36.9481	1.0000	37.2696	37.2744	0.9912
32	0.125	hop up r=1	13	25.1152	1.0000	35.7587	35.9612	0.6984
32	0.125	hop up r=1	14	16.3594	1.0000	27.3159	27.3273	0.5986
32	0.125	hop up r=1	15	34.2071	1.0000	38.6005	38.5587	0.8871
32	0.125	hop up r=1	16	21.7589	1.0000	31.0947	31.0579	0.7006
32	0.125	hop up r=1	17	33.6790	1.0000	41.9329	41.9276	0.8033
32	0.125	hop up r=1	18	20.5081	1.0000	35.6723	35.8100	0.5727
32	0.125	hop up r=1	19	29.4313	1.0000	35.6979	35.6898	0.8246
32	0.125	hop up r=1	20	24.6758	1.0000	30.5701	30.5498	0.8077
32	0.125	hop up r=1	21	18.6133	1.0000	33.8340	33.8309	0.5502
32	0.125	hop up r=1	22	32.4184	1.0000	36.5999	36.5851	0.8861
32	0.125	hop up r=1	23	19.7146	1.0000	30.0140	30.0479	0.6561
32	0.125	hop up r=1	24	34.9582	1.0000	45.1347	45.1575	0.7741
32	0.125	hop up r=1	25	21.6978	1.0000	27.5913	27.5777	0.7868
32	0.125	hop up r=1	26	36.0561	1.0000	42.2330	42.1334	0.8558
32	0.125	hop up r=1	27	39.6793	1.0000	39.7258	39.7175	0.9990
32	0.125	hop up r=1	28	24.7713	1.0000	31.0600	31.0656	0.7974
32	0.125	hop up r=1	29	44.3130	1.0000	49.7187	49.7071	0.8915
32	0.125	hop up r=1	30	19.3212	1.0000	21.4568	21.4507	0.9007
32	0.125	hop up r=1	31	59.9184	1.0000	61.7387	61.7561	0.9702
32	0.125	n	1	1.4272	1.0000	1.4304	1.4301	0.9980
32	0.125	n	2	1.3323	1.0000	1.3339	1.3330	0.9995
32	0.125	n	3	2.6562	1.0000	2.6788	2.6787	0.9916
32	0.125	n	4	1.9876	1.0000	1.9884	1.9875	1.0000
32	0.125	n	5	3.4962	0.0575	3.5062	3.4944	1.0005
32	0.125	n	6	2.2613	1.0000	2.2698	2.2613	1.0000
32	0.125	n	7	2.7382	1.0000	2.7427	2.7411	0.9990
32	0.125	n	8	2.0995	1.0000	2.1210	2.1208	0.9900
32	0.125	n	9	2.2818	1.0000	2.3169	2.3169	0.9849
32	0.125	n	10	2.3844	1.0000	2.3921	2.3918	0.9969
32	0.125	n	11	2.0572	1.0000	2.0611	2.0590	0.9992
32	0.125	n	12	2.6054	0.0419	2.7426	2.7437	0.9496
32	0.125	n	13	2.4916	1.0000	2.4936	2.4940	0.9991
32	0.125	n	14	2.5744	1.0000	2.6452	2.6450	0.9733
32	0.125	n	15	2.2294	1.0000	2.2341	2.2339	0.9980
32	0.125	n	16	2.2977	1.0000	2.3400	2.3399	0.9820
32	0.125	n	17	2.4230	1.0000	2.4440	2.4446	0.9912
32	0.125	n	18	2.0903	1.0000	2.0954	2.0949	0.9978
32	0.125	n	19	2.7417	0.0419	2.7844	2.7843	0.9847
32	0.125	n	20	2.3271	1.0000	2.3400	2.3391	0.9949
32	0.125	n	21	2.5825	1.0000	2.6405	2.6405	0.9780
32	0.125	n	22	2.2133	1.0000	2.2302	2.2294	0.9928
32	0.125	n	23	2.4050	1.0000	2.4375	2.4356	0.9874
32	0.125	n	24	2.1483	1.0000	2.1517	2.1515	0.9985
32	0.125	n	25	2.2574	1.0000	2.2898	2.2894	0.9861
32	0.125	n	26	2.4597	1.0000	2.4628	2.4629	0.9987
32	0.125	n	27	2.1485	1.0000	2.1546	2.1538	0.9975
32	0.125	n	28	3.4810	0.0570	3.4924	3.4873	0.9982
32	0.125	n	29	2.0671	1.0000	2.0888	2.0887	0.9896
32	0.125	n	30	2.6808	1.0000	2.6878	2.6808	1.0000
32	0.125	n	31	1.4248	1.0000	1.4288	1.4288	0.9972
32	0.125	n	32	1.5094	1.0000	1.5172	1.5174	0.9947
64	0.000	DoubleOcc	1	49.9016	5.7756	49.9054	49.9055	0.9999
64	0.000	DoubleOcc	2	34.8681	2.2617	34.8860	34.8679	1.0000
64	0.000	DoubleOcc	3	28.3841	2.3404	28.3894	28.3894	0.9998
64	0.000	DoubleOcc	4	27.6337	2.0559	27.6547	27.6424	0.9997
64	0.000	DoubleOcc	5	30.0170	2.2385	30.0390	30.0344	0.9994
64	0.000	DoubleOcc	6	24.2215	2.1424	24.2593	24.2494	0.9989
64	0.000	DoubleOcc	7	28.3461	2.0565	28.5021	28.4030	0.9980
64	0.000	DoubleOcc	8	29.6186	2.1404	29.6650	29.6622	0.9985
64	0.000	DoubleOcc	9	29.3392	2.1671	29.3795	29.3794	0.9986
64	0.000	DoubleOcc	10	27.6893	2.0877	27.7219	27.7143	0.9991
64	0.000	DoubleOcc	11	28.5909	2.3088	28.7977	28.7356	0.9950
64	0.000	DoubleOcc	12	28.1052	2.1072	28.1251	28.1247	0.9993
64	0.000	DoubleOcc	13	31.6060	2.1302	31.6365	31.6313	0.9992
64	0.000	DoubleOcc	14	30.6369	2.2010	30.7091	30.6793	0.9986
64	0.000	DoubleOcc	15	24.1006	2.0669	24.1485	24.1290	0.9988
64	0.000	DoubleOcc	16	29.2115	2.1531	29.2238	29.2231	0.9996
64	0.000	DoubleOcc	17	28.6380	2.1782	28.6670	28.6586	0.9993
64	0.000	DoubleOcc	18	29.9907	2.0675	30.0701	30.0503	0.9980
64	0.000	DoubleOcc	19	27.8738	2.1458	27.8792	27.8791	0.9998
64	0.000	DoubleOcc	20	25.2050	2.0950	25.2305	25.2270	0.9991
64	0.000	DoubleOcc	21	26.7994	2.1324	26.8079	26.8081	0.9997
64	0.000	DoubleOcc	22	30.9370	2.1648	30.9430	30.9408	0.9999
64	0.000	DoubleOcc	23	30.7813	2.2161	30.8262	30.7975	0.9995
64	0.000	DoubleOcc	24	28.0807	2.0480	28.1501	28.1443	0.9977
64	0.000	DoubleOcc	25	26.9256	1.9818	27.0261	27.0063	0.9970
64	0.000	DoubleOcc	26	29.1451	2.2059	29.1750	29.1462	1.0000
64	0.000	DoubleOcc	27	27.9162	2.1685	27.9255	27.9188	0.9999
64	0.000	DoubleOcc	28	26.3971	2.1945	26.4183	26.3958	1.0000
64	0.000	DoubleOcc	29	25.2743	2.0654	25.3083	25.3061	0.9987
64	0.000	DoubleOcc	30	27.6796	2.0354	27.7443	27.7495	0.9975
64	0.000	DoubleOcc	31	28.9776	2.1249	28.9940	28.9938	0.9994
64	0.000	DoubleOcc	32	25.0528	2.0278	25.1056	25.1098	0.9977
64	0.000	DoubleOcc	33	29.3769	2.2178	29.4065	29.3758	1.0000
64	0.000	DoubleOcc	34	27.1944	2.0424	27.2529	27.2576	0.9977
64	0.000	DoubleOcc	35	27.8774	2.1138	27.8949	27.8956	0.9993
64	0.000	DoubleOcc	36	26.3397	2.1665	26.3460	26.3384	1.0001
64	0.000	DoubleOcc	37	29.8185	2.1374	29.8290	29.8293	0.9996
64	0.000	DoubleOcc	38	28.8855	2.1708	28.8904	28.8841	1.0000
64	0.000	DoubleOcc	39	28.4456	2.2321	28.4801	28.4425	1.0001
64	0.000	DoubleOcc	40	28.7444	2.1044	28.7774	28.7795	0.9988
64	0.000	DoubleOcc	41	29.9597	2.2231	29.9928	29.9578	1.0001
64	0.000	DoubleOcc	42	26.0405	1.9599	26.1391	26.1470	0.9959
64	0.000	DoubleOcc	43	29.1038	2.2734	29.1625	29.1041	1.0000
64	0.000	DoubleOcc	44	28.9525	2.1599	28.9552	28.9545	0.9999
64	0.000	DoubleOcc	45	27.3646	2.1117	27.3814	27.3807	0.9994
64	0.000	DoubleOcc	46	26.4056	2.1191	26.4250	26.4247	0.9993
64	0.000	DoubleOcc	47	26.5871	2.1130	26.6009	26.5999	0.9995
64	0.000	DoubleOcc	48	25.3511	2.1887	25.3720	25.3551	0.9998
64	0.000	DoubleOcc	49	26.9399	2.1194	26.9503	26.9499	0.9996
64	0.000	DoubleOcc	50	26.9871	2.1190	27.0122	27.0093	0.9992
64	0.000	DoubleOcc	51	30.7951	2.2080	30.8488	30.8184	0.9992
64	0.000	DoubleOcc	52	26.7733	2.1300	26.7907	26.7896	0.9994
64	0.000	DoubleOcc	53	31.3060	2.2010	31.3675	31.3395	0.9989
64	0.000	DoubleOcc	54	27.1737	2.2353	27.2350	27.2013	0.9990
64	0.000	DoubleOcc	55	28.2465	2.1324	28.2550	28.2548	0.9997
64	0.000	DoubleOcc	56	28.6154	2.2799	28.6642	28.6134	1.0001
64	0.000	DoubleOcc	57	25.9087	2.1559	25.9214	25.9084	1.0000
64	0.000	DoubleOcc	58	30.0080	2.1255	30.0566	30.0389	0.9990
64	0.000	DoubleOcc	59	28.7329	2.0278	28.7589	28.7589	0.9991
64	0.000	DoubleOcc	60	27.6290	2.2390	27.6957	27.6899	0.9978
64	0.000	DoubleOcc	61	32.7530	2.0173	32.7807	32.7804	0.9992
64	0.000	DoubleOcc	62	31.5061	2.4244	31.6845	31.6803	0.9945
64	0.000	DoubleOcc	63	28.2069	2.1595	28.2465	28.2466	0.9986
64	0.000	DoubleOcc	64	46.4397	5.7354	46.4404	46.4405	1.0000
64	0.000	Sz	1	1.0000	1.0000	1.0000	1.0000	1.0000
64	0.000	Sz	2	1.0000	1.0000	1.0000	1.0000	1.0000
64	0.000	Sz	3	1.0000	1.0000	1.0000	1.0000	1.0000
64	0.000	Sz	4	1.0000	1.0000	1.0000	1.0000	1.0000
64	0.000	Sz	5	1.0000	1.0000	1.0000	1.0000	1.0000
64	0.000	Sz	6	1.0000	1.0000	1.0000	1.0000	1.0000
64	0.000	Sz	7	1.0000	1.0000	1.0000	1.0000	1.0000
64	0.000	Sz	8	1.0000	1.0000	1.0000	1.0000	1.0000
64	0.000	Sz	9	1.0000	1.0000	1.0000	1.0000	1.0000
64	0.000	Sz	10	1.0000	1.0000	1.0000	1.0000	1.0000
64	0.000	Sz	11	1.0000	1.0000	1.0000	1.0000	1.0000
64	0.000	Sz	12	1.0000	1.0000	1.0000	1.0000	1.0000
64	0.000	Sz	13	1.0000	1.0000	1.0000	1.0000	1.0000
64	0.000	Sz	14	1.0000	1.0000	1.0000	1.0000	1.0000
64	0.000	Sz	15	1.0000	1.0000	1.0000	1.0000	1.0000
64	0.000	Sz	16	1.0000	1.0000	1.0000	1.0000	1.0000
64	0.000	Sz	17	1.0000	1.0000	1.0000	1.0000	1.0000
64	0.000	Sz	18	1.0000	1.0000	1.0000	1.0000	1.0000
64	0.000	Sz	19	1.0000	1.0000	1.0000	1.0000	1.0000
64	0.000	Sz	20	1.0000	1.0000	1.0000	1.0000	1.0000
64	0.000	Sz	21	1.0000	1.0000	1.0000	1.0000	1.0000
64	0.000	Sz	22	1.0000	1.0000	1.0000	1.0000	1.0000
64	0.000	Sz	23	1.0000	1.0000	1.0000	1.0000	1.0000
64	0.000	Sz	24	1.0000	1.0000	1.0000	1.0000	1.0000
64	0.000	Sz	25	1.0000	1.0000	1.0000	1.0000	1.0000
64	0.000	Sz	26	1.0000	1.0000	1.0000	1.0000	1.0000
64	0.000	Sz	27	1.0000	1.0000	1.0000	1.0000	1.0000
64	0.000	Sz	28	1.0000	1.0000	1.0000	1.0000	1.0000
64	0.000	Sz	29	1.0000	1.0000	1.0000	1.0000	1.0000
64	0.000	Sz	30	1.0000	1.0000	1.0000	1.0000	1.0000
64	0.000	Sz	31	1.0000	1.0000	1.0000	1.0000	1.0000
64	0.000	Sz	32	1.0000	1.0000	1.0000	1.0000	1.0000
64	0.000	Sz	33	1.0000	1.0000	1.0000	1.0000	1.0000
64	0.000	Sz	34	1.0000	1.0000	1.0000	1.0000	1.0000
64	0.000	Sz	35	1.0000	1.0000	1.0000	1.0000	1.0000
64	0.000	Sz	36	1.0000	1.0000	1.0000	1.0000	1.0000
64	0.000	Sz	37	1.0000	1.0000	1.0000	1.0000	1.0000
64	0.000	Sz	38	1.0000	1.0000	1.0000	1.0000	1.0000
64	0.000	Sz	39	1.0000	1.0000	1.0000	1.0000	1.0000
64	0.000	Sz	40	1.0000	1.0000	1.0000	1.0000	1.0000
64	0.000	Sz	41	1.0000	1.0000	1.0000	1.0000	1.0000
64	0.000	Sz	42	1.0000	1.0000	1.0000	1.0000	1.0000
64	0.000	Sz	43	1.0000	1.0000	1.0000	1.0000	1.0000
64	0.000	Sz	44	1.0000	1.0000	1.0000	1.0000	1.0000
64	0.000	Sz	45	1.0000	1.0000	1.0000	1.0000	1.0000
64	0.000	Sz	46	1.0000	1.0000	1.0000	1.0000	1.0000
64	0.000	Sz	47	1.0000	1.0000	1.0000	1.0000	1.0000
64	0.000	Sz	48	1.0000	1.0000	1.0000	1.0000	1.0000
64	0.000	Sz	49	1.0000	1.0000	1.0000	1.0000	1.0000
64	0.000	Sz	50	1.0000	1.0000	1.0000	1.0000	1.0000
64	0.000	Sz	51	1.0000	1.0000	1.0000	1.0000	1.0000
64	0.000	Sz	52	1.0000	1.0000	1.0000	1.0000	1.0000
64	0.000	Sz	53	1.0000	1.0000	1.0000	1.0000	1.0000
64	0.000	Sz	54	1.0000	1.0000	1.0000	1.0000	1.0000
64	0.000	Sz	55	1.0000	1.0000	1.0000	1.0000	1.0000
64	0.000	Sz	56	1.0000	1.0000	1.0000	1.0000	1.0000
64	0.000	Sz	57	1.0000	1.0000	1.0000	1.0000	1.0000
64	0.000	Sz	58	1.0000	1.0000	1.0000	1.0000	1.0000
64	0.000	Sz	59	1.0000	1.0000	1.0000	1.0000	1.0000
64	0.000	Sz	60	1.0000	1.0000	1.0000	1.0000	1.0000
64	0.000	Sz	61	1.0000	1.0000	1.0000	1.0000	1.0000
64	0.000	Sz	62	1.0000	1.0000	1.0000	1.0000	1.0000
64	0.000	Sz	63	1.0000	1.0000	1.0000	1.0000	1.0000
64	0.000	Sz	64	1.0000	1.0000	1.0000	1.0000	1.0000
64	0.000	SzSz r=1	1	101.3518	5.0351	102.2719	102.2176	0.9915
64	0.000	SzSz r=1	2	7.4615	1.0121	7.4654	7.4654	0.9995
64	0.000	SzSz r=1	3	53.6182	1.7052	54.6499	54.6412	0.9813
64	0.000	SzSz r=1	4	11.8549	1.4008	11.9001	11.9011	0.9961
64	0.000	SzSz r=1	5	37.2494	1.2267	38.0682	38.0740	0.9783
64	0.000	SzSz r=1	6	13.7448	7.9840	13.9255	13.9249	0.9871
64	0.000	SzSz r=1	7	29.1550	1.0453	29.6921	29.6975	0.9817
64	0.000	SzSz r=1	8	13.7343	7.9451	14.0616	14.0654	0.9765
64	0.000	SzSz r=1	9	35.2559	1.0126	36.4290	36.4290	0.9678
64	0.000	SzSz r=1	10	14.3418	8.3155	14.6014	14.5961	0.9826
64	0.000	SzSz r=1	11	28.5754	0.9273	29.7010	29.7039	0.9620
64	0.000	SzSz r=1	12	13.5657	8.0449	13.8049	13.8023	0.9829
64	0.000	SzSz r=1	13	32.9936	0.9233	34.1271	34.1231	0.9669
64	0.000	SzSz r=1	14	16.3554	8.8677	17.0435	17.0452	0.9595
64	0.000	SzSz r=1	15	30.6263	0.8951	32.3700	32.3715	0.9461
64	0.000	SzSz r=1	16	15.8999	8.5943	16.5707	16.5787	0.9591
64	0.000	SzSz r=1	17	30.1980	0.8525	31.1284	31.1258	0.9702
64	0.000	SzSz r=1	18	15.3270	8.5160	15.9549	15.9573	0.9605
64	0.000	SzSz r=1	19	31.5122	0.8141	32.3817	32.3302	0.9747
64	0.000	SzSz r=1	20	17.5033	9.0128	18.5686	18.5876	0.9417
64	0.000	SzSz r=1	21	29.4948	0.8091	31.1730	31.1757	0.9461
64	0.000	SzSz r=1	22	15.4128	8.9209	15.5996	15.5022	0.9942
64	0.000	SzSz r=1	23	26.9170	0.8450	28.5310	28.5341	0.9433
64	0.000	SzSz r=1	24	16.7746	9.2566	17.6472	17.6574	0.9500
64	0.000	SzSz r=1	25	30.7239	0.8683	32.6761	32.6825	0.9401
64	0.000	SzSz r=1	26	18.9410	10.1846	19.4847	19.4704	0.9728
64	0.000	SzSz r=1	27	27.0446	0.8271	28.6040	28.6067	0.9454
64	0.000	SzSz r=1	28	19.8037	10.6791	20.7965	20.7961	0.9523
64	0.000	SzSz r=1	29	29.1676	0.8143	30.6927	30.6908	0.9504
64	0.000	SzSz r=1	30	19.6460	10.3387	20.3929	20.3926	0.9634
64	0.000	SzSz r=1	31	27.6318	0.7997	29.0078	29.0032	0.9527
64	0.000	SzSz r=1	32	18.4986	10.0782	19.3966	19.4075	0.9532
64	0.000	SzSz r=1	33	26.1700	0.8323	27.7925	27.7965	0.9415
64	0.000	SzSz r=1	34	18.6112	9.9474	19.5195	19.5306	0.9529
64	0.000	SzSz r=1	35	29.0483	0.8099	30.6047	30.5937	0.9495
64	0.000	SzSz r=1	36	17.0427	9.8197	17.4895	17.4787	0.9751
64	0.000	SzSz r=1	37	28.3265	0.8223	30.3316	30.3365	0.9337
64	0.000	SzSz r=1	38	18.1868	9.7210	18.7653	18.7634	0.9693
64	0.000	SzSz r=1	39	27.6618	0.8830	30.5314	30.5478	0.9055
64	0.000	SzSz r=1	40	16.6561	9.4733	17.1709	17.1721	0.9700
64	0.000	SzSz r=1	41	28.1381	0.8400	29.9391	29.8965	0.9412
64	0.000	SzSz r=1	42	17.6948	9.9797	18.2762	18.2806	0.9680
64	0.000	SzSz r=1	43	29.1312	0.8130	30.6015	30.5535	0.9534
64	0.000	SzSz r=1	44	17.0856	10.0370	17.2874	17.2799	0.9888
64	0.000	SzSz r=1	45	26.7418	0.8271	27.9409	27.9389	0.9571
64	0.000	SzSz r=1	46	15.8987	9.3897	15.9274	15.9169	0.9989
64	0.000	SzSz r=1	47	30.2319	0.8319	31.6296	31.6216	0.9561
64	0.000	SzSz r=1	48	16.5971	10.0351	16.9632	16.9594	0.9786
64	0.000	SzSz r=1	49	28.3007	0.8860	29.8389	29.8379	0.9485
64	0.000	SzSz r=1	50	16.4697	9.5468	16.9163	16.9179	0.9735
64	0.000	SzSz r=1	51	30.1846	0.9484	32.6248	32.6287	0.9251
64	0.000	SzSz r=1	52	16.0314	9.6587	16.2013	16.1741	0.9912
64	0.000	SzSz r=1	53	31.0778	0.9778	33.1340	33.1345	0.9379
64	0.000	SzSz r=1	54	15.6588	10.0921	15.7863	15.7445	0.9946
64	0.000	SzSz r=1	55	32.0239	1.0611	34.5051	34.5073	0.9280
64	0.000	SzSz r=1	56	14.3725	8.3670	14.4953	14.4984	0.9913
64	0.000	SzSz r=1	57	35.3612	1.0678	37.5194	37.5247	0.9423
64	0.000	SzSz r=1	58	13.3084	7.6455	13.4343	13.4368	0.9904
64	0.000	SzSz r=1	59	41.1306	1.2785	42.4532	42.4473	0.9690
64	0.000	SzSz r=1	60	11.5091	1.4216	11.5444	11.5071	1.0002
64	0.000	SzSz r=1	61	47.9531	1.6579	48.9535	48.9531	0.9796
64	0.000	SzSz r=1	62	8.4364	1.0132	8.4487	8.4482	0.9986
64	0.000	SzSz r=1	63	96.1369	4.8019	97.1247	97.1288	0.9898
64	0.000	ZZ onsite	1	106.9355	6.2949	107.0183	107.0224	0.9992
64	0.000	ZZ onsite	2	60.2613	2.2874	60.2902	60.2608	1.0000
64	0.000	ZZ onsite	3	51.9770	2.4057	52.0207	52.0207	0.9992
64	0.000	ZZ onsite	4	49.7335	2.0662	49.8528	49.7777	0.9991
64	0.000	ZZ onsite	5	56.9562	2.3082	57.0911	57.0546	0.9983
64	0.000	ZZ onsite	6	44.5988	2.1295	44.6156	44.6156	0.9996
64	0.000	ZZ onsite	7	55.7146	2.1545	55.9453	55.8396	0.9978
64	0.000	ZZ onsite	8	54.1848	2.1504	54.2448	54.2451	0.9989
64	0.000	ZZ onsite	9	49.1404	2.2140	49.2856	49.2848	0.9971
64	0.000	ZZ onsite	10	53.3556	2.1510	53.4091	53.4101	0.9990
64	0.000	ZZ onsite	11	50.4228	2.2842	50.8189	50.7156	0.9942
64	0.000	ZZ onsite	12	50.7729	2.1777	50.8299	50.8290	0.9989
64	0.000	ZZ onsite	13	53.7009	2.1897	53.7483	53.7487	0.9991
64	0.000	ZZ onsite	14	56.5081	2.2407	56.7508	56.6515	0.9975
64	0.000	ZZ onsite	15	45.5208	2.1145	45.6909	45.6219	0.9978
64	0.000	ZZ onsite	16	49.7472	2.1806	49.7723	49.7712	0.9995
64	0.000	ZZ onsite	17	49.7136	2.2156	49.7954	49.7733	0.9988
64	0.000	ZZ onsite	18	56.5490	2.1391	56.7139	56.6814	0.9977
64	0.000	ZZ onsite	19	49.2967	2.2082	49.3480	49.3341	0.9992
64	0.000	ZZ onsite	20	46.1440	2.1563	46.1957	46.1924	0.9990
64	0.000	ZZ onsite	21	49.4818	2.2048	49.5171	49.5065	0.9995
64	0.000	ZZ onsite	22	57.8421	2.1925	57.8639	57.8621	0.9997
64	0.000	ZZ onsite	23	51.8158	2.2340	51.9045	51.8509	0.9993
64	0.000	ZZ onsite	24	55.3671	2.1258	55.5438	55.5307	0.9971
64	0.000	ZZ onsite	25	47.7802	2.0919	47.9536	47.9222	0.9970
64	0.000	ZZ onsite	26	50.2762	2.2271	50.3330	50.2787	1.0000
64	0.000	ZZ onsite	27	51.1736	2.1975	51.1812	51.1787	0.9999
64	0.000	ZZ onsite	28	46.3834	2.2104	46.4086	46.3811	1.0001
64	0.000	ZZ onsite	29	45.8304	2.1127	45.9357	45.9289	0.9979
64	0.000	ZZ onsite	30	49.8305	2.1270	49.9469	49.9549	0.9975
64	0.000	ZZ onsite	31	52.3156	2.2076	52.3335	52.3166	1.0000
64	0.000	ZZ onsite	32	43.9812	2.0983	44.1021	44.1112	0.9971
64	0.000	ZZ onsite	33	55.9533	2.2270	56.0001	55.9513	1.0000
64	0.000	ZZ onsite	34	52.3977	2.1635	52.4662	52.4694	0.9986
64	0.000	ZZ onsite	35	49.8695	2.1214	49.9723	49.9773	0.9978
64	0.000	ZZ onsite	36	47.5590	2.1851	47.5775	47.5760	0.9996
64	0.000	ZZ onsite	37	51.2637	2.1704	51.2995	51.3005	0.9993
64	0.000	ZZ onsite	38	56.0449	2.2049	56.0514	56.0451	1.0000
64	0.000	ZZ onsite	39	54.1300	2.2996	54.2849	54.1166	1.0002
64	0.000	ZZ onsite	40	54.9618	2.0969	55.1867	55.2035	0.9956
64	0.000	ZZ onsite	41	52.0964	2.2461	52.1726	52.0917	1.0001
64	0.000	ZZ onsite	42	52.4239	2.0865	52.6478	52.6643	0.9954
64	0.000	ZZ onsite	43	47.2199	2.2319	47.2769	47.2202	1.0000
64	0.000	ZZ onsite	44	48.9000	2.1577	48.9720	48.9743	0.9985
64	0.000	ZZ onsite	45	50.1419	2.1931	50.1490	50.1443	1.0000
64	0.000	ZZ onsite	46	50.7815	2.1603	50.8635	50.8623	0.9984
64	0.000	ZZ onsite	47	47.6330	2.1507	47.6842	47.6801	0.9990
64	0.000	ZZ onsite	48	45.1423	2.1387	45.2388	45.2308	0.9980
64	0.000	ZZ onsite	49	47.9341	2.1363	48.0118	47.9994	0.9986
64	0.000	ZZ onsite	50	48.1098	2.1593	48.1922	48.1828	0.9985
64	0.000	ZZ onsite	51	51.5067	2.1678	51.5336	51.5340	0.9995
64	0.000	ZZ onsite	52	48.8678	2.1232	49.0557	49.0087	0.9971
64	0.000	ZZ onsite	53	53.1002	2.2252	53.2469	53.1835	0.9984
64	0.000	ZZ onsite	54	49.3377	2.2990	49.5796	49.4434	0.9979
64	0.000	ZZ onsite	55	50.2288	2.1863	50.2414	50.2274	1.0000
64	0.000	ZZ onsite	56	46.7000	2.2874	46.7916	46.6959	1.0001
64	0.000	ZZ onsite	57	48.5483	2.2511	48.6527	48.5458	1.0001
64	0.000	ZZ onsite	58	53.5063	2.2407	53.5724	53.5584	0.9990
64	0.000	ZZ onsite	59	54.5288	2.1121	54.5741	54.5742	0.9992
64	0.000	ZZ onsite	60	49.9139	2.2918	50.1539	50.1310	0.9957
64	0.000	ZZ onsite	61	57.6933	2.0682	57.7609	57.7604	0.9988
64	0.000	ZZ onsite	62	54.0885	2.4598	54.5639	54.5542	0.9915
64	0.000	ZZ onsite	63	51.5639	2.2320	51.6372	51.6373	0.9986
64	0.000	ZZ onsite	64	94.4621	6.2912	94.4799	94.4817	0.9998
64	0.000	ZZ up-up r=1	1	207.8038	19.8442	213.5524	213.5430	0.9731
64	0.000	ZZ up-up r=1	2	11.3813	1.2514	11.3874	11.3804	1.0001
64	0.000	ZZ up-up r=1	3	79.1164	4.0487	79.4220	79.4118	0.9963
64	0.000	ZZ up-up r=1	4	17.0963	1.3299	17.2722	17.2753	0.9896
64	0.000	ZZ up-up r=1	5	60.7535	2.8646	61.1904	61.1843	0.9930
64	0.000	ZZ up-up r=1	6	17.2440	6.1762	17.2918	17.2360	1.0005
64	0.000	ZZ up-up r=1	7	54.0413	2.3313	54.1603	54.0551	0.9997
64	0.000	ZZ up-up r=1	8	20.7543	6.5639	21.0009	20.9949	0.9885
64	0.000	ZZ up-up r=1	9	52.5070	2.1694	52.6774	52.6784	0.9967
64	0.000	ZZ up-up r=1	10	21.8046	6.7029	22.2471	22.2455	0.9802
64	0.000	ZZ up-up r=1	11	42.8918	2.0527	43.1633	43.1614	0.9938
64	0.000	ZZ up-up r=1	12	22.2808	6.9516	22.5822	22.5679	0.9873
64	0.000	ZZ up-up r=1	13	45.4010	1.8743	45.4757	45.4033	0.9999
64	0.000	ZZ up-up r=1	14	23.3973	7.0220	23.9581	23.9530	0.9768
64	0.000	ZZ up-up r=1	15	46.5527	1.7942	46.6870	46.5588	0.9999
64	0.000	ZZ up-up r=1	16	23.7040	6.9724	24.6034	24.6144	0.9630
64	0.000	ZZ up-up r=1	17	42.3851	1.8423	42.8085	42.8077	0.9901
64	0.000	ZZ up-up r=1	18	23.7059	7.1005	24.4649	24.4668	0.9689
64	0.000	ZZ up-up r=1	19	43.2726	1.7581	43.4996	43.4994	0.9948
64	0.000	ZZ up-up r=1	20	23.8665	7.1480	24.6784	24.6822	0.9670
64	0.000	ZZ up-up r=1	21	44.9652	1.7716	45.5268	45.5292	0.9876
64	0.000	ZZ up-up r=1	22	24.3713	7.7301	24.6186	24.3143	1.0023
64	0.000	ZZ up-up r=1	23	40.0159	1.6859	40.1847	40.1632	0.9963
64	0.000	ZZ up-up r=1	24	24.0976	7.1364	25.1896	25.2113	0.9558
64	0.000	ZZ up-up r=1	25	39.8740	1.7149	40.3278	40.3301	0.9887
64	0.000	ZZ up-up r=1	26	24.0662	7.4524	24.5548	24.5371	0.9808
64	0.000	ZZ up-up r=1	27	44.5593	1.6425	44.7367	44.6614	0.9977
64	0.000	ZZ up-up r=1	28	27.0176	7.4308	28.3699	28.3989	0.9514
64	0.000	ZZ up-up r=1	29	38.1435	1.7070	38.7221	38.7272	0.9849
64	0.000	ZZ up-up r=1	30	26.5159	7.5003	27.6328	27.6499	0.9590
64	0.000	ZZ up-up r=1	31	43.0432	1.6651	43.5025	43.5003	0.9895
64	0.000	ZZ up-up r=1	32	25.6083	7.5266	26.5032	26.5112	0.9659
64	0.000	ZZ up-up r=1	33	45.4301	1.6936	46.2579	46.2624	0.9820
64	0.000	ZZ up-up r=1	34	26.4023	7.5524	27.4982	27.5200	0.9594
64	0.000	ZZ up-up r=1	35	44.4330	1.7203	45.5092	45.5194	0.9761
64	0.000	ZZ up-up r=1	36	24.1880	7.5411	24.8409	24.8425	0.9737
64	0.000	ZZ up-up r=1	37	45.4519	1.6826	46.1774	46.1760	0.9843
64	0.000	ZZ up-up r=1	38	25.4083	7.7927	25.9109	25.8995	0.9810
64	0.000	ZZ up-up r=1	39	48.0236	1.7605	49.6592	49.6748	0.9668
64	0.000	ZZ up-up r=1	40	24.9406	7.7195	25.5342	25.5344	0.9767
64	0.000	ZZ up-up r=1	41	41.0296	1.7038	41.6615	41.6597	0.9849
64	0.000	ZZ up-up r=1	42	23.5702	7.4635	24.3473	24.3694	0.9672
64	0.000	ZZ up-up r=1	43	45.4704	1.7712	46.7563	46.7619	0.9724
64	0.000	ZZ up-up r=1	44	21.9232	7.5373	22.3112	22.3116	0.9826
64	0.000	ZZ up-up r=1	45	44.0118	1.7602	44.8312	44.8300	0.9817
64	0.000	ZZ up-up r=1	46	21.5389	7.7099	21.7022	21.6894	0.9931
64	0.000	ZZ up-up r=1	47	47.5389	1.8260	48.8023	48.8039	0.9741
64	0.000	ZZ up-up r=1	48	26.6915	8.3396	26.8694	26.8302	0.9948
64	0.000	ZZ up-up r=1	49	44.8838	1.8115	45.3904	45.3168	0.9904
64	0.000	ZZ up-up r=1	50	23.4152	8.0456	23.5556	23.5414	0.9946
64	0.000	ZZ up-up r=1	51	45.9706	1.9617	47.2017	47.2047	0.9739
64	0.000	ZZ up-up r=1	52	21.5660	7.9941	21.6261	21.5505	1.0007
64	0.000	ZZ up-up r=1	53	44.0525	2.2042	46.2050	46.2099	0.9533
64	0.000	ZZ up-up r=1	54	21.6039	7.5419	21.8733	21.8827	0.9873
64	0.000	ZZ up-up r=1	55	49.4266	2.1153	50.1744	50.0972	0.9866
64	0.000	ZZ up-up r=1	56	19.2306	7.4511	19.2404	19.2277	1.0002
64	0.000	ZZ up-up r=1	57	55.4150	2.4594	57.2774	57.2747	0.9675
64	0.000	ZZ up-up r=1	58	18.9519	6.7276	18.9983	18.9973	0.9976
64	0.000	ZZ up-up r=1	59	57.1201	2.8312	58.1132	58.1131	0.9829
64	0.000	ZZ up-up r=1	60	15.8614	1.3448	15.8882	15.8878	0.9983
64	0.000	ZZ up-up r=1	61	75.6721	3.9438	76.1523	76.1568	0.9936
64	0.000	ZZ up-up r=1	62	11.9946	1.2734	12.0108	11.9942	1.0000
64	0.000	ZZ up-up r=1	63	185.9078	19.5130	188.2887	188.2876	0.9874
64	0.000	hop up r=1	1	60.4514	1.0000	60.7590	60.7606	0.9949
64	0.000	hop up r=1	2	17.0421	1.0000	17.1274	17.1280	0.9950
64	0.000	hop up r=1	3	52.8029	1.0000	52.9523	52.9493	0.9972
64	0.000	hop up r=1	4	21.5080	1.0000	21.5572	21.5515	0.9980
64	0.000	hop up r=1	5	46.7280	1.0000	46.8081	46.7688	0.9991
64	0.000	hop up r=1	6	22.8067	1.0000	22.8729	22.8508	0.9981
64	0.000	hop up r=1	7	38.8597	1.0000	38.9100	38.8649	0.9999
64	0.000	hop up r=1	8	23.6006	1.0000	23.8400	23.5815	1.0008
64	0.000	hop up r=1	9	44.0894	1.0000	44.1565	44.1562	0.9985
64	0.000	hop up r=1	10	22.0991	1.0000	22.4604	22.4640	0.9838
64	0.000	hop up r=1	11	34.9480	1.0000	34.9820	34.9492	1.0000
64	0.000	hop up r=1	12	27.9293	1.0000	28.5304	28.5339	0.9788
64	0.000	hop up r=1	13	38.8431	1.0000	39.0338	39.0332	0.9951
64	0.000	hop up r=1	14	21.5703	1.0000	22.0621	22.0694	0.9774
64	0.000	hop up r=1	15	35.3127	1.0000	35.3622	35.3522	0.9989
64	0.000	hop up r=1	16	24.9266	1.0000	25.5822	25.5889	0.9741
64	0.000	hop up r=1	17	35.3108	1.0000	35.5170	35.5183	0.9942
64	0.000	hop up r=1	18	27.0702	1.0000	27.6368	27.6330	0.9796
64	0.000	hop up r=1	19	34.4488	1.0000	34.5627	34.5621	0.9967
64	0.000	hop up r=1	20	22.9786	1.0000	23.8204	23.8378	0.9640
64	0.000	hop up r=1	21	31.8489	1.0000	32.0869	32.0893	0.9925
64	0.000	hop up r=1	22	25.4699	1.0000	25.9524	25.9459	0.9817
64	0.000	hop up r=1	23	32.4336	1.0000	32.4665	32.4290	1.0001
64	0.000	hop up r=1	24	24.5285	1.0000	25.1017	25.1011	0.9772
64	0.000	hop up r=1	25	32.1258	1.0000	32.4696	32.4743	0.9893
64	0.000	hop up r=1	26	23.6140	1.0000	24.3100	24.3173	0.9711
64	0.000	hop up r=1	27	36.9030	1.0000	37.2330	37.2349	0.9911
64	0.000	hop up r=1	28	23.6640	1.0000	24.3052	24.3096	0.9734
64	0.000	hop up r=1	29	34.8107	1.0000	34.9269	34.8988	0.9975
64	0.000	hop up r=1	30	25.0805	1.0000	25.7065	25.7068	0.9756
64	0.000	hop up r=1	31	33.8616	1.0000	34.2367	34.2401	0.9889
64	0.000	hop up r=1	32	24.4584	1.0000	24.9037	24.8972	0.9824
64	0.000	hop up r=1	33	32.8549	1.0000	33.2034	33.2059	0.9894
64	0.000	hop up r=1	34	24.1585	1.0000	25.1441	25.1657	0.9600
64	0.000	hop up r=1	35	30.5177	1.0000	30.7352	30.7344	0.9929
64	0.000	hop up r=1	36	22.3217	1.0000	22.9868	22.9972	0.9706
64	0.000	hop up r=1	37	33.5729	1.0000	33.6673	33.5614	1.0003
64	0.000	hop up r=1	38	28.6878	1.0000	29.0642	28.9912	0.9895
64	0.000	hop up r=1	39	37.1362	1.0000	37.5197	37.5191	0.9898
64	0.000	hop up r=1	40	25.9427	1.0000	26.7860	26.7993	0.9680
64	0.000	hop up r=1	41	34.8495	1.0000	34.9130	34.8401	1.0003
64	0.000	hop up r=1	42	25.8053	1.0000	26.9328	26.9624	0.9571
64	0.000	hop up r=1	43	36.6338	1.0000	36.9131	36.8984	0.9928
64	0.000	hop up r=1	44	26.4464	1.0000	27.0379	27.0404	0.9780
64	0.000	hop up r=1	45	32.4954	1.0000	33.0031	33.0069	0.9845
64	0.000	hop up r=1	46	28.1907	1.0000	28.7613	28.7609	0.9802
64	0.000	hop up r=1	47	36.3028	1.0000	36.8965	36.9002	0.9838
64	0.000	hop up r=1	48	26.1574	1.0000	26.3651	26.3072	0.9943
64	0.000	hop up r=1	49	33.0074	1.0000	33.0744	33.0027	1.0001
64	0.000	hop up r=1	50	22.4904	1.0000	22.9238	22.9319	0.9808
64	0.000	hop up r=1	51	35.8487	1.0000	36.3238	36.3261	0.9869
64	0.000	hop up r=1	52	22.6258	1.0000	22.8587	22.8562	0.9899
64	0.000	hop up r=1	53	38.7336	1.0000	38.8804	38.8530	0.9969
64	0.000	hop up r=1	54	21.3716	1.0000	21.6321	21.6336	0.9879
64	0.000	hop up r=1	55	42.0163	1.0000	42.9149	42.8610	0.9803
64	0.000	hop up r=1	56	21.1736	1.0000	21.2168	21.1655	1.0004
64	0.000	hop up r=1	57	37.9264	1.0000	39.1496	39.1492	0.9688
64	0.000	hop up r=1	58	19.0907	1.0000	19.3153	19.3185	0.9882
64	0.000	hop up r=1	59	41.0224	1.0000	42.2269	42.2247	0.9715
64	0.000	hop up r=1	60	22.4644	1.0000	22.7281	22.7307	0.9883
64	0.000	hop up r=1	61	47.2656	1.0000	47.5277	47.5267	0.9945
64	0.000	hop up r=1	62	16.5050	1.0000	16.5450	16.5450	0.9976
64	0.000	hop up r=1	63	71.3529	1.0000	71.4612	71.4576	0.9985
64	0.000	n	1	1.0000	1.0000	1.0000	1.0000	1.0000
64	0.000	n	2	1.0000	1.0000	1.0000	1.0000	1.0000
64	0.000	n	3	1.0000	1.0000	1.0000	1.0000	1.0000
64	0.000	n	4	1.0000	1.0000	1.0000	1.0000	1.0000
64	0.000	n	5	1.0000	1.0000	1.0000	1.0000	1.0000
64	0.000	n	6	1.0000	1.0000	1.0000	1.0000	1.0000
64	0.000	n	7	1.0000	1.0000	1.0000	1.0000	1.0000
64	0.000	n	8	1.0000	1.0000	1.0000	1.0000	1.0000
64	0.000	n	9	1.0000	1.0000	1.0000	1.0000	1.0000
64	0.000	n	10	1.0000	1.0000	1.0000	1.0000	1.0000
64	0.000	n	11	1.0000	1.0000	1.0000	1.0000	1.0000
64	0.000	n	12	1.0000	1.0000	1.0000	1.0000	1.0000
64	0.000	n	13	1.0000	1.0000	1.0000	1.0000	1.0000
64	0.000	n	14	1.0000	1.0000	1.0000	1.0000	1.0000
64	0.000	n	15	1.0000	1.0000	1.0000	1.0000	1.0000
64	0.000	n	16	1.0000	1.0000	1.0000	1.0000	1.0000
64	0.000	n	17	1.0000	1.0000	1.0000	1.0000	1.0000
64	0.000	n	18	1.0000	1.0000	1.0000	1.0000	1.0000
64	0.000	n	19	1.0000	1.0000	1.0000	1.0000	1.0000
64	0.000	n	20	1.0000	1.0000	1.0000	1.0000	1.0000
64	0.000	n	21	1.0000	1.0000	1.0000	1.0000	1.0000
64	0.000	n	22	1.0000	1.0000	1.0000	1.0000	1.0000
64	0.000	n	23	1.0000	1.0000	1.0000	1.0000	1.0000
64	0.000	n	24	1.0000	1.0000	1.0000	1.0000	1.0000
64	0.000	n	25	1.0000	1.0000	1.0000	1.0000	1.0000
64	0.000	n	26	1.0000	1.0000	1.0000	1.0000	1.0000
64	0.000	n	27	1.0000	1.0000	1.0000	1.0000	1.0000
64	0.000	n	28	1.0000	1.0000	1.0000	1.0000	1.0000
64	0.000	n	29	1.0000	1.0000	1.0000	1.0000	1.0000
64	0.000	n	30	1.0000	1.0000	1.0000	1.0000	1.0000
64	0.000	n	31	1.0000	1.0000	1.0000	1.0000	1.0000
64	0.000	n	32	1.0000	1.0000	1.0000	1.0000	1.0000
64	0.000	n	33	1.0000	1.0000	1.0000	1.0000	1.0000
64	0.000	n	34	1.0000	1.0000	1.0000	1.0000	1.0000
64	0.000	n	35	1.0000	1.0000	1.0000	1.0000	1.0000
64	0.000	n	36	1.0000	1.0000	1.0000	1.0000	1.0000
64	0.000	n	37	1.0000	1.0000	1.0000	1.0000	1.0000
64	0.000	n	38	1.0000	1.0000	1.0000	1.0000	1.0000
64	0.000	n	39	1.0000	1.0000	1.0000	1.0000	1.0000
64	0.000	n	40	1.0000	1.0000	1.0000	1.0000	1.0000
64	0.000	n	41	1.0000	1.0000	1.0000	1.0000	1.0000
64	0.000	n	42	1.0000	1.0000	1.0000	1.0000	1.0000
64	0.000	n	43	1.0000	1.0000	1.0000	1.0000	1.0000
64	0.000	n	44	1.0000	1.0000	1.0000	1.0000	1.0000
64	0.000	n	45	1.0000	1.0000	1.0000	1.0000	1.0000
64	0.000	n	46	1.0000	1.0000	1.0000	1.0000	1.0000
64	0.000	n	47	1.0000	1.0000	1.0000	1.0000	1.0000
64	0.000	n	48	1.0000	1.0000	1.0000	1.0000	1.0000
64	0.000	n	49	1.0000	1.0000	1.0000	1.0000	1.0000
64	0.000	n	50	1.0000	1.0000	1.0000	1.0000	1.0000
64	0.000	n	51	1.0000	1.0000	1.0000	1.0000	1.0000
64	0.000	n	52	1.0000	1.0000	1.0000	1.0000	1.0000
64	0.000	n	53	1.0000	1.0000	1.0000	1.0000	1.0000
64	0.000	n	54	1.0000	1.0000	1.0000	1.0000	1.0000
64	0.000	n	55	1.0000	1.0000	1.0000	1.0000	1.0000
64	0.000	n	56	1.0000	1.0000	1.0000	1.0000	1.0000
64	0.000	n	57	1.0000	1.0000	1.0000	1.0000	1.0000
64	0.000	n	58	1.0000	1.0000	1.0000	1.0000	1.0000
64	0.000	n	59	1.0000	1.0000	1.0000	1.0000	1.0000
64	0.000	n	60	1.0000	1.0000	1.0000	1.0000	1.0000
64	0.000	n	61	1.0000	1.0000	1.0000	1.0000	1.0000
64	0.000	n	62	1.0000	1.0000	1.0000	1.0000	1.0000
64	0.000	n	63	1.0000	1.0000	1.0000	1.0000	1.0000
64	0.000	n	64	1.0000	1.0000	1.0000	1.0000	1.0000
64	0.125	DoubleOcc	1	45.1518	3.9153	45.7015	45.7034	0.9879
64	0.125	DoubleOcc	2	28.1402	1.3859	28.4353	28.3972	0.9909
64	0.125	DoubleOcc	3	20.0794	1.0206	20.3542	20.3560	0.9864
64	0.125	DoubleOcc	4	18.4777	0.9023	19.7713	19.7596	0.9351
64	0.125	DoubleOcc	5	18.8571	0.2126	19.1505	19.1542	0.9845
64	0.125	DoubleOcc	6	16.6285	0.9089	17.6632	17.6636	0.9414
64	0.125	DoubleOcc	7	20.2803	0.8956	20.7631	20.7638	0.9767
64	0.125	DoubleOcc	8	19.3305	1.0190	22.6290	22.6381	0.8539
64	0.125	DoubleOcc	9	20.5632	1.0366	22.6202	22.6189	0.9091
64	0.125	DoubleOcc	10	17.4808	0.9787	19.4469	19.4471	0.8989
64	0.125	DoubleOcc	11	20.5720	1.0396	20.9864	20.8708	0.9857
64	0.125	DoubleOcc	12	18.9615	0.2098	19.5769	19.5731	0.9688
64	0.125	DoubleOcc	13	19.9307	0.9276	22.6020	22.6078	0.8816
64	0.125	DoubleOcc	14	21.0839	0.9581	21.7920	21.7761	0.9682
64	0.125	DoubleOcc	15	16.4306	0.9465	18.1913	18.1894	0.9033
64	0.125	DoubleOcc	16	20.8161	0.9999	21.0799	21.0562	0.9886
64	0.125	DoubleOcc	17	18.9537	0.9906	20.7371	20.7352	0.9141
64	0.125	DoubleOcc	18	21.7793	0.9989	22.0404	22.0347	0.9884
64	0.125	DoubleOcc	19	20.0968	0.2259	20.8857	20.8480	0.9640
64	0.125	DoubleOcc	20	16.7709	0.9537	18.3994	18.3916	0.9119
64	0.125	DoubleOcc	21	18.3842	0.9174	18.8115	18.8140	0.9772
64	0.125	DoubleOcc	22	17.9705	0.9508	21.0538	21.0491	0.8537
64	0.125	DoubleOcc	23	20.6573	0.9791	21.8119	21.7804	0.9484
64	0.125	DoubleOcc	24	19.5690	0.9387	21.2705	21.2737	0.9199
64	0.125	DoubleOcc	25	17.0548	0.9485	20.0223	20.0441	0.8509
64	0.125	DoubleOcc	26	23.6854	1.0261	24.3755	24.3502	0.9727
64	0.125	DoubleOcc	27	19.2982	0.9623	20.3964	20.3733	0.9472
64	0.125	DoubleOcc	28	17.5691	0.2221	18.5846	18.5836	0.9454
64	0.125	DoubleOcc	29	16.4218	0.9756	18.3332	18.3358	0.8956
64	0.125	DoubleOcc	30	19.3660	0.9381	20.3121	20.3076	0.9536
64	0.125	DoubleOcc	31	17.3441	1.0176	20.6915	20.6609	0.8395
64	0.125	DoubleOcc	32	18.9571	0.9899	19.8477	19.8557	0.9547
64	0.125	DoubleOcc	33	19.0416	0.9761	21.6149	21.6097	0.8812
64	0.125	DoubleOcc	34	19.4216	0.9681	20.5827	20.5869	0.9434
64	0.125	DoubleOcc	35	19.0973	0.2177	19.9297	19.9137	0.9590
64	0.125	DoubleOcc	36	16.4857	0.9753	18.5688	18.5685	0.8878
64	0.125	DoubleOcc	37	19.9418	0.9406	21.7721	21.7663	0.9162
64	0.125	DoubleOcc	38	19.0459	0.9819	21.1187	21.1138	0.9021
64	0.125	DoubleOcc	39	21.3099	1.0140	21.8805	21.8257	0.9764
64	0.125	DoubleOcc	40	18.1817	0.9773	21.4286	21.4286	0.8485
64	0.125	DoubleOcc	41	19.4292	0.9957	21.1204	21.1078	0.9205
64	0.125	DoubleOcc	42	17.9257	0.9174	19.7825	19.8263	0.9041
64	0.125	DoubleOcc	43	19.2201	1.0310	21.4492	21.4175	0.8974
64	0.125	DoubleOcc	44	20.9966	0.2172	21.6503	21.6440	0.9701
64	0.125	DoubleOcc	45	16.9411	0.9254	19.2825	19.2847	0.8785
64	0.125	DoubleOcc	46	19.4885	0.9297	20.3022	20.3054	0.9598
64	0.125	DoubleOcc	47	16.4435	0.9946	20.0025	19.9991	0.8222
64	0.125	DoubleOcc	48	18.6804	1.0026	19.5900	19.5854	0.9538
64	0.125	DoubleOcc	49	16.4341	0.9934	18.5962	18.5987	0.8836
64	0.125	DoubleOcc	50	17.7491	0.9591	18.8770	18.8772	0.9402
64	0.125	DoubleOcc	51	20.2052	0.2166	21.6181	21.6269	0.9343
64	0.125	DoubleOcc	52	17.0128	0.9583	19.2942	19.2908	0.8819
64	0.125	DoubleOcc	53	22.2009	0.9846	22.7598	22.6927	0.9783
64	0.125	DoubleOcc	54	19.0422	1.0292	20.1137	20.1032	0.9472
64	0.125	DoubleOcc	55	21.3563	0.9986	21.7588	21.7581	0.9815
64	0.125	DoubleOcc	56	20.5932	1.0705	22.4558	22.3672	0.9207
64	0.125	DoubleOcc	57	19.2425	1.0576	20.0918	20.0286	0.9608
64	0.125	DoubleOcc	58	18.7506	0.9011	20.5609	20.5589	0.9120
64	0.125	DoubleOcc	59	17.4547	0.9162	19.4817	19.4794	0.8961
64	0.125	DoubleOcc	60	19.4127	0.2169	19.8543	19.8533	0.9778
64	0.125	DoubleOcc	61	20.4285	0.9096	22.4355	22.4343	0.9106
64	0.125	DoubleOcc	62	23.0401	1.0225	23.2526	23.2454	0.9912
64	0.125	DoubleOcc	63	23.5853	1.3376	23.7377	23.7399	0.9935
64	0.125	DoubleOcc	64	38.9749	3.7461	39.1184	39.1203	0.9963
64	0.125	Sz	1	1.2914	1.0000	1.3144	1.3148	0.9823
64	0.125	Sz	2	1.2525	1.0000	1.2538	1.2523	1.0002
64	0.125	Sz	3	2.3915	0.9999	2.4024	2.3968	0.9978
64	0.125	Sz	4	1.7137	1.0000	1.7162	1.7153	0.9991
64	0.125	Sz	5	2.7545	0.0567	2.7566	2.7556	0.9996
64	0.125	Sz	6	1.9324	1.0000	1.9334	1.9333	0.9996
64	0.125	Sz	7	2.0269	1.0000	2.0497	2.0498	0.9888
64	0.125	Sz	8	1.8159	1.0000	1.8232	1.8230	0.9961
64	0.125	Sz	9	1.6551	1.0001	1.6603	1.6586	0.9979
64	0.125	Sz	10	1.9346	1.0000	1.9578	1.9576	0.9883
64	0.125	Sz	11	1.9316	1.0001	1.9767	1.9773	0.9769
64	0.125	Sz	12	2.2459	0.0504	2.2724	2.2663	0.9910
64	0.125	Sz	13	1.6877	0.9999	1.7292	1.7273	0.9771
64	0.125	Sz	14	1.9250	0.9999	2.0043	2.0056	0.9598
64	0.125	Sz	15	1.8098	1.0001	1.8105	1.8101	0.9998
64	0.125	Sz	16	1.9003	1.0000	1.9098	1.9093	0.9953
64	0.125	Sz	17	1.8040	1.0000	1.8250	1.8251	0.9885
64	0.125	Sz	18	1.9964	1.0000	2.0255	2.0256	0.9856
64	0.125	Sz	19	2.0355	0.0481	2.0404	2.0389	0.9983
64	0.125	Sz	20	1.8647	1.0000	1.8675	1.8667	0.9989
64	0.125	Sz	21	2.0463	1.0000	2.0501	2.0505	0.9980
64	0.125	Sz	22	1.8913	1.0000	1.9117	1.9119	0.9892
64	0.125	Sz	23	1.8982	0.9999	1.9380	1.9386	0.9792
64	0.125	Sz	24	1.8809	1.0000	1.8840	1.8813	0.9998
64	0.125	Sz	25	1.9385	1.0000	1.9589	1.9592	0.9894
64	0.125	Sz	26	2.0042	1.0000	2.0086	2.0084	0.9979
64	0.125	Sz	27	1.8810	1.0000	1.8965	1.8966	0.9918
64	0.125	Sz	28	2.1117	0.0479	2.1534	2.1525	0.9811
64	0.125	Sz	29	2.0009	1.0000	2.0034	2.0029	0.9990
64	0.125	Sz	30	1.8618	0.9999	1.9201	1.9210	0.9691
64	0.125	Sz	31	1.8659	1.0001	1.8840	1.8737	0.9959
64	0.125	Sz	32	2.0573	1.0000	2.1159	2.1165	0.9721
64	0.125	Sz	33	1.8975	1.0000	1.9128	1.9111	0.9929
64	0.125	Sz	34	1.8660	1.0000	1.8728	1.8728	0.9964
64	0.125	Sz	35	2.2418	0.0463	2.2458	2.2407	1.0005
64	0.125	Sz	36	1.9516	1.0000	1.9559	1.9563	0.9976
64	0.125	Sz	37	2.0174	1.0000	2.0668	2.0674	0.9758
64	0.125	Sz	38	2.0392	1.0001	2.0624	2.0627	0.9886
64	0.125	Sz	39	1.9317	0.9999	1.9389	1.9349	0.9983
64	0.125	Sz	40	1.8809	1.0000	1.8934	1.8932	0.9935
64	0.125	Sz	41	1.9413	1.0000	1.9505	1.9504	0.9953
64	0.125	Sz	42	2.1008	1.0000	2.1031	2.1031	0.9989
64	0.125	Sz	43	1.9638	1.0000	1.9734	1.9734	0.9951
64	0.125	Sz	44	2.0321	0.0449	2.0336	2.0331	0.9995
64	0.125	Sz	45	1.8776	1.0000	1.8860	1.8816	0.9979
64	0.125	Sz	46	1.9835	1.0000	2.0143	2.0133	0.9852
64	0.125	Sz	47	1.8996	1.0000	1.9076	1.9076	0.9958
64	0.125	Sz	48	1.9031	1.0000	1.9432	1.9438	0.9791
64	0.125	Sz	49	1.9350	1.0000	1.9396	1.9397	0.9976
64	0.125	Sz	50	1.8494	1.0000	1.8760	1.8739	0.9869
64	0.125	Sz	51	2.1399	0.0468	2.1789	2.1788	0.9822
64	0.125	Sz	52	1.9251	1.0000	1.9398	1.9400	0.9923
64	0.125	Sz	53	2.0383	1.0000	2.0691	2.0687	0.9853
64	0.125	Sz	54	1.8441	1.0000	1.8661	1.8646	0.9890
64	0.125	Sz	55	1.8956	1.0000	1.9055	1.9054	0.9949
64	0.125	Sz	56	1.8149	1.0000	1.8182	1.8181	0.9982
64	0.125	Sz	57	1.6674	1.0000	1.6747	1.6743	0.9959
64	0.125	Sz	58	2.2702	1.0000	2.2722	2.2699	1.0002
64	0.125	Sz	59	1.8797	1.0000	1.8818	1.8817	0.9989
64	0.125	Sz	60	2.5750	0.0570	2.5757	2.5757	0.9997
64	0.125	Sz	61	1.7898	1.0000	1.7984	1.7984	0.9952
64	0.125	Sz	62	1.8777	1.0000	1.8869	1.8870	0.9951
64	0.125	Sz	63	1.2954	1.0000	1.2959	1.2958	0.9998
64	0.125	Sz	64	1.2296	1.0000	1.2301	1.2293	1.0003
64	0.125	SzSz r=1	1	67.5123	2.5852	73.7651	73.7192	0.9158
64	0.125	SzSz r=1	2	6.6028	1.0000	6.9146	6.9140	0.9550
64	0.125	SzSz r=1	3	24.1556	0.4665	24.4301	24.4430	0.9882
64	0.125	SzSz r=1	4	12.5299	1.0000	13.9143	13.9269	0.8997
64	0.125	SzSz r=1	5	12.9451	1.0000	14.0711	14.0748	0.9197
64	0.125	SzSz r=1	6	18.1741	0.3333	18.3281	18.3249	0.9918
64	0.125	SzSz r=1	7	9.5013	1.0000	10.9532	10.9909	0.8645
64	0.125	SzSz r=1	8	19.6467	0.4107	20.7929	20.7625	0.9463
64	0.125	SzSz r=1	9	10.6155	1.0000	11.9772	12.0083	0.8840
64	0.125	SzSz r=1	10	17.1638	0.3655	17.5388	17.4853	0.9816
64	0.125	SzSz r=1	11	9.7346	1.0000	12.0197	12.0174	0.8100
64	0.125	SzSz r=1	12	14.6366	1.0000	15.5222	15.5422	0.9417
64	0.125	SzSz r=1	13	13.9536	0.2937	14.7618	14.7766	0.9443
64	0.125	SzSz r=1	14	10.6582	1.0000	13.7782	13.8720	0.7683
64	0.125	SzSz r=1	15	17.3630	0.3502	18.6581	18.6609	0.9305
64	0.125	SzSz r=1	16	8.9912	1.0000	12.7191	12.7544	0.7049
64	0.125	SzSz r=1	17	15.7768	0.3654	15.9935	15.9778	0.9874
64	0.125	SzSz r=1	18	8.2317	1.0000	13.3396	13.3512	0.6166
64	0.125	SzSz r=1	19	16.5454	1.0000	17.4129	17.4295	0.9493
64	0.125	SzSz r=1	20	12.4161	0.2812	14.9753	15.0052	0.8275
64	0.125	SzSz r=1	21	12.9032	1.0000	15.1891	15.2094	0.8484
64	0.125	SzSz r=1	22	15.4450	0.3013	15.9271	15.9050	0.9711
64	0.125	SzSz r=1	23	9.9173	1.0000	13.3827	13.5156	0.7338
64	0.125	SzSz r=1	24	16.8757	0.3348	17.3959	17.3985	0.9699
64	0.125	SzSz r=1	25	10.2763	1.0000	13.6810	13.7773	0.7459
64	0.125	SzSz r=1	26	17.1678	0.3136	17.9674	17.9854	0.9545
64	0.125	SzSz r=1	27	11.4588	1.0000	14.7857	14.8358	0.7724
64	0.125	SzSz r=1	28	14.1869	1.0000	14.9864	14.9862	0.9467
64	0.125	SzSz r=1	29	14.0787	0.2957	14.2894	14.2739	0.9863
64	0.125	SzSz r=1	30	12.8747	1.0000	14.1826	14.3100	0.8997
64	0.125	SzSz r=1	31	16.6809	0.3191	17.1282	17.1489	0.9727
64	0.125	SzSz r=1	32	12.7117	1.0000	14.0473	13.9940	0.9084
64	0.125	SzSz r=1	33	16.7254	0.3383	17.1495	17.1668	0.9743
64	0.125	SzSz r=1	34	10.4040	1.0000	13.6623	13.6763	0.7607
64	0.125	SzSz r=1	35	15.6599	1.0000	16.4111	16.3915	0.9554
64	0.125	SzSz r=1	36	14.0014	0.2809	15.0436	15.0599	0.9297
64	0.125	SzSz r=1	37	12.1224	1.0000	14.7726	14.8724	0.8151
64	0.125	SzSz r=1	38	17.2915	0.3150	17.6695	17.6479	0.9798
64	0.125	SzSz r=1	39	9.8194	1.0000	13.5495	13.5824	0.7230
64	0.125	SzSz r=1	40	16.6508	0.3361	17.0678	17.0922	0.9742
64	0.125	SzSz r=1	41	10.3061	1.0000	12.2786	12.2735	0.8397
64	0.125	SzSz r=1	42	16.3312	0.3272	17.3386	17.3963	0.9388
64	0.125	SzSz r=1	43	11.6836	1.0000	14.0225	14.0105	0.8339
64	0.125	SzSz r=1	44	14.1142	1.0000	15.0681	15.0740	0.9363
64	0.125	SzSz r=1	45	15.8803	0.3154	16.2963	16.3815	0.9694
64	0.125	SzSz r=1	46	10.7862	1.0000	11.8967	11.8799	0.9079
64	0.125	SzSz r=1	47	17.4009	0.3379	17.9813	17.9684	0.9684
64	0.125	SzSz r=1	48	11.7645	1.0000	12.8393	12.8450	0.9159
64	0.125	SzSz r=1	49	15.6108	0.3628	16.1318	16.1503	0.9666
64	0.125	SzSz r=1	50	10.9306	1.0000	13.4419	13.4163	0.8147
64	0.125	SzSz r=1	51	15.1999	1.0000	15.7480	15.7587	0.9645
64	0.125	SzSz r=1	52	13.4129	0.2683	14.3681	14.2776	0.9394
64	0.125	SzSz r=1	53	12.0524	1.0000	14.2605	14.3220	0.8415
64	0.125	SzSz r=1	54	17.0536	0.3603	17.4370	17.4335	0.9782
64	0.125	SzSz r=1	55	9.0381	1.0000	12.0819	12.1450	0.7442
64	0.125	SzSz r=1	56	18.2483	0.4275	18.9033	18.9173	0.9646
64	0.125	SzSz r=1	57	10.0487	1.0000	11.3455	11.3413	0.8860
64	0.125	SzSz r=1	58	14.3466	0.3549	15.2590	15.2764	0.9391
64	0.125	SzSz r=1	59	12.0939	1.0000	13.6947	13.6953	0.8831
64	0.125	SzSz r=1	60	12.7666	1.0000	13.7931	13.7942	0.9255
64	0.125	SzSz r=1	61	21.7870	0.4780	21.8267	21.8218	0.9984
64	0.125	SzSz r=1	62	7.6818	1.0000	7.8587	7.8575	0.9776
64	0.125	SzSz r=1	63	60.6864	2.4402	64.3591	64.4044	0.9423
64	0.125	ZZ onsite	1	68.0350	3.1236	68.1925	68.0036	1.0005
64	0.125	ZZ onsite	2	35.0557	1.0858	35.7264	35.6914	0.9822
64	0.125	ZZ onsite	3	20.4733	0.6038	20.5672	20.5668	0.9955
64	0.125	ZZ onsite	4	20.4988	0.5770	22.1265	22.1085	0.9272
64	0.125	ZZ onsite	5	16.2788	0.0845	16.4552	16.4555	0.9893
64	0.125	ZZ onsite	6	17.4926	0.5564	19.1271	19.1247	0.9147
64	0.125	ZZ onsite	7	19.9106	0.5472	19.9870	19.9881	0.9961
64	0.125	ZZ onsite	8	23.0296	0.6379	23.4072	23.4110	0.9837
64	0.125	ZZ onsite	9	19.2209	0.6526	22.0918	22.0833	0.8704
64	0.125	ZZ onsite	10	17.8046	0.6062	21.0896	21.0908	0.8442
64	0.125	ZZ onsite	11	20.7560	0.6447	22.1076	22.0201	0.9426
64	0.125	ZZ onsite	12	18.3247	0.0929	18.3758	18.3696	0.9976
64	0.125	ZZ onsite	13	20.3658	0.5697	22.7696	22.7799	0.8940
64	0.125	ZZ onsite	14	21.2884	0.5418	21.7303	21.7265	0.9798
64	0.125	ZZ onsite	15	16.3061	0.5898	19.3546	19.3572	0.8424
64	0.125	ZZ onsite	16	20.4128	0.6125	20.4239	20.4022	1.0005
64	0.125	ZZ onsite	17	18.0526	0.6128	20.8350	20.8355	0.8664
64	0.125	ZZ onsite	18	25.0779	0.6381	25.3309	25.2480	0.9933
64	0.125	ZZ onsite	19	19.6158	0.0954	20.6344	20.6032	0.9521
64	0.125	ZZ onsite	20	18.3864	0.6032	20.1672	20.1525	0.9124
64	0.125	ZZ onsite	21	18.2952	0.5466	18.6770	18.6762	0.9796
64	0.125	ZZ onsite	22	19.8105	0.5905	22.9353	22.9390	0.8636
64	0.125	ZZ onsite	23	19.7341	0.5846	20.6548	20.6527	0.9555
64	0.125	ZZ onsite	24	23.1413	0.5900	23.4221	23.4165	0.9882
64	0.125	ZZ onsite	25	20.6714	0.6045	21.0065	21.0120	0.9838
64	0.125	ZZ onsite	26	23.9776	0.6034	25.2581	25.2036	0.9514
64	0.125	ZZ onsite	27	19.4709	0.6066	22.0331	22.0166	0.8844
64	0.125	ZZ onsite	28	18.9114	0.0935	19.2978	19.2882	0.9805
64	0.125	ZZ onsite	29	18.4472	0.5874	20.5410	20.5448	0.8979
64	0.125	ZZ onsite	30	20.0504	0.5588	20.4210	20.4206	0.9819
64	0.125	ZZ onsite	31	16.5704	0.6340	20.9136	20.8212	0.7958
64	0.125	ZZ onsite	32	19.0257	0.6035	19.6497	19.6483	0.9683
64	0.125	ZZ onsite	33	18.6450	0.6088	23.0873	23.0788	0.8079
64	0.125	ZZ onsite	34	20.3039	0.6157	22.0263	22.0124	0.9224
64	0.125	ZZ onsite	35	20.6912	0.0926	21.2319	21.2263	0.9748
64	0.125	ZZ onsite	36	17.6384	0.5854	20.3166	20.3303	0.8676
64	0.125	ZZ onsite	37	20.0172	0.5553	21.3992	21.3968	0.9355
64	0.125	ZZ onsite	38	19.1369	0.6022	23.2593	23.2540	0.8230
64	0.125	ZZ onsite	39	22.9758	0.6204	23.6186	23.5141	0.9771
64	0.125	ZZ onsite	40	19.9115	0.5865	22.6451	22.6798	0.8779
64	0.125	ZZ onsite	41	18.4259	0.6108	22.0611	22.0607	0.8352
64	0.125	ZZ onsite	42	19.9227	0.5635	22.2735	22.2985	0.8935
64	0.125	ZZ onsite	43	17.7142	0.5939	20.3389	20.3384	0.8710
64	0.125	ZZ onsite	44	18.8411	0.0917	19.9330	19.9389	0.9449
64	0.125	ZZ onsite	45	18.8998	0.6013	21.6794	21.6643	0.8724
64	0.125	ZZ onsite	46	20.2442	0.5469	20.8824	20.8818	0.9695
64	0.125	ZZ onsite	47	20.0376	0.6233	21.6208	21.6149	0.9270
64	0.125	ZZ onsite	48	18.0783	0.6022	19.8015	19.8215	0.9121
64	0.125	ZZ onsite	49	14.8082	0.5966	17.7989	17.8000	0.8319
64	0.125	ZZ onsite	50	18.3028	0.6000	20.2850	20.2859	0.9022
64	0.125	ZZ onsite	51	17.9154	0.0900	18.8983	18.8537	0.9502
64	0.125	ZZ onsite	52	17.9784	0.5773	20.4587	20.4669	0.8784
64	0.125	ZZ onsite	53	20.8223	0.5687	21.2530	21.2152	0.9815
64	0.125	ZZ onsite	54	19.7781	0.6541	21.6417	21.5434	0.9181
64	0.125	ZZ onsite	55	21.7753	0.6047	22.0494	22.0554	0.9873
64	0.125	ZZ onsite	56	18.8371	0.6786	21.5617	21.4473	0.8783
64	0.125	ZZ onsite	57	21.6732	0.6883	23.2357	23.0818	0.9390
64	0.125	ZZ onsite	58	19.6437	0.5415	21.6852	21.6810	0.9060
64	0.125	ZZ onsite	59	18.7481	0.5746	20.3755	20.3756	0.9201
64	0.125	ZZ onsite	60	15.9494	0.0853	16.3727	16.3741	0.9741
64	0.125	ZZ onsite	61	21.2946	0.5737	23.5665	23.5630	0.9037
64	0.125	ZZ onsite	62	21.6317	0.5990	21.8108	21.8106	0.9918
64	0.125	ZZ onsite	63	32.3036	1.0617	32.3141	32.3146	0.9997
64	0.125	ZZ onsite	64	56.4265	3.0237	56.4428	56.4207	1.0001
64	0.125	ZZ up-up r=1	1	89.8288	6.9662	105.1231	105.2627	0.8534
64	0.125	ZZ up-up r=1	2	9.5815	1.0000	9.7963	9.7866	0.9790
64	0.125	ZZ up-up r=1	3	31.0865	0.9145	31.1586	31.1657	0.9975
64	0.125	ZZ up-up r=1	4	12.9487	1.0006	17.1057	17.1137	0.7566
64	0.125	ZZ up-up r=1	5	16.2714	0.9991	19.3346	19.3303	0.8418
64	0.125	ZZ up-up r=1	6	20.7863	0.6293	21.1727	21.1499	0.9828
64	0.125	ZZ up-up r=1	7	11.1894	1.0000	14.6533	14.6668	0.7629
64	0.125	ZZ up-up r=1	8	25.1881	0.7732	26.6053	26.5483	0.9488
64	0.125	ZZ up-up r=1	9	11.7932	1.0000	15.0503	15.0823	0.7819
64	0.125	ZZ up-up r=1	10	25.6373	0.6956	27.1014	27.0919	0.9463
64	0.125	ZZ up-up r=1	11	9.3816	1.0006	16.6042	16.6732	0.5627
64	0.125	ZZ up-up r=1	12	17.2547	0.9990	20.3115	20.3543	0.8477
64	0.125	ZZ up-up r=1	13	15.6433	0.5487	19.6590	19.7574	0.7918
64	0.125	ZZ up-up r=1	14	13.9588	1.0000	18.8467	18.9363	0.7371
64	0.125	ZZ up-up r=1	15	24.0563	0.6308	24.3478	24.3245	0.9890
64	0.125	ZZ up-up r=1	16	8.2012	1.0000	17.5943	17.7370	0.4624
64	0.125	ZZ up-up r=1	17	20.6143	0.6872	22.6732	22.7031	0.9080
64	0.125	ZZ up-up r=1	18	8.9324	1.0009	16.9710	17.0108	0.5251
64	0.125	ZZ up-up r=1	19	19.3413	0.9992	21.8867	21.9315	0.8819
64	0.125	ZZ up-up r=1	20	13.7607	0.4884	19.5616	19.6157	0.7015
64	0.125	ZZ up-up r=1	21	14.0289	1.0000	18.1421	18.1372	0.7735
64	0.125	ZZ up-up r=1	22	19.8422	0.5939	21.3151	21.4159	0.9265
64	0.125	ZZ up-up r=1	23	8.6374	1.0000	17.5465	17.6753	0.4887
64	0.125	ZZ up-up r=1	24	23.0293	0.6446	24.5162	24.5337	0.9387
64	0.125	ZZ up-up r=1	25	13.2179	1.0000	16.5271	16.5537	0.7985
64	0.125	ZZ up-up r=1	26	21.3444	0.5870	23.7888	23.7885	0.8973
64	0.125	ZZ up-up r=1	27	10.0157	1.0002	19.9233	20.0582	0.4993
64	0.125	ZZ up-up r=1	28	17.0520	0.9994	19.6601	19.7158	0.8649
64	0.125	ZZ up-up r=1	29	17.7195	0.5348	17.7688	17.7549	0.9980
64	0.125	ZZ up-up r=1	30	15.2552	1.0000	19.1246	19.1199	0.7979
64	0.125	ZZ up-up r=1	31	21.5602	0.5930	21.8956	21.8403	0.9872
64	0.125	ZZ up-up r=1	32	13.4889	1.0000	18.6045	18.7391	0.7198
64	0.125	ZZ up-up r=1	33	19.9927	0.6505	23.7174	23.8258	0.8391
64	0.125	ZZ up-up r=1	34	9.8821	1.0002	19.0681	19.2072	0.5145
64	0.125	ZZ up-up r=1	35	21.1714	0.9997	22.0550	22.2297	0.9524
64	0.125	ZZ up-up r=1	36	14.2190	0.5064	17.9638	17.9936	0.7902
64	0.125	ZZ up-up r=1	37	15.7405	1.0000	20.3040	20.3225	0.7745
64	0.125	ZZ up-up r=1	38	20.7847	0.5530	21.1806	20.9593	0.9917
64	0.125	ZZ up-up r=1	39	9.0506	1.0000	19.7775	19.9571	0.4535
64	0.125	ZZ up-up r=1	40	18.8117	0.6190	21.6729	21.6454	0.8691
64	0.125	ZZ up-up r=1	41	15.0919	1.0000	17.4179	17.5462	0.8601
64	0.125	ZZ up-up r=1	42	16.7324	0.6013	22.2334	22.3513	0.7486
64	0.125	ZZ up-up r=1	43	10.8092	0.9999	18.5965	18.6768	0.5788
64	0.125	ZZ up-up r=1	44	14.2467	0.9997	16.9962	16.9942	0.8383
64	0.125	ZZ up-up r=1	45	19.6365	0.5874	21.3140	21.4658	0.9148
64	0.125	ZZ up-up r=1	46	13.2135	1.0000	17.0955	17.2167	0.7675
64	0.125	ZZ up-up r=1	47	24.2561	0.6340	24.4355	24.3767	0.9951
64	0.125	ZZ up-up r=1	48	14.6804	1.0000	18.2135	18.1395	0.8093
64	0.125	ZZ up-up r=1	49	19.9060	0.6371	23.2178	23.2083	0.8577
64	0.125	ZZ up-up r=1	50	11.0985	1.0002	18.7843	18.7265	0.5927
64	0.125	ZZ up-up r=1	51	16.5433	0.9998	19.8942	19.9407	0.8296
64	0.125	ZZ up-up r=1	52	14.7781	0.5349	18.0511	18.0575	0.8184
64	0.125	ZZ up-up r=1	53	13.5652	1.0000	17.2880	17.3386	0.7824
64	0.125	ZZ up-up r=1	54	22.9106	0.7014	24.0878	24.0896	0.9511
64	0.125	ZZ up-up r=1	55	8.9392	1.0000	17.3432	17.3474	0.5153
64	0.125	ZZ up-up r=1	56	21.6631	0.7903	24.8799	24.8735	0.8709
64	0.125	ZZ up-up r=1	57	14.2090	1.0000	15.6694	15.7021	0.9049
64	0.125	ZZ up-up r=1	58	20.5352	0.6458	21.5606	21.5640	0.9523
64	0.125	ZZ up-up r=1	59	12.3990	1.0001	19.3193	19.3344	0.6413
64	0.125	ZZ up-up r=1	60	13.8715	0.9999	16.7015	16.6942	0.8309
64	0.125	ZZ up-up r=1	61	27.7961	0.9443	29.6443	29.6413	0.9378
64	0.125	ZZ up-up r=1	62	9.3671	1.0000	10.6177	10.6179	0.8822
64	0.125	ZZ up-up r=1	63	99.6459	7.1539	107.3497	107.3495	0.9282
64	0.125	hop up r=1	1	58.2799	1.0000	59.8683	59.8882	0.9731
64	0.125	hop up r=1	2	21.0989	1.0000	23.1258	23.1347	0.9120
64	0.125	hop up r=1	3	43.7941	1.0000	48.2095	48.1974	0.9086
64	0.125	hop up r=1	4	28.1840	1.0000	36.1778	36.1560	0.7795
64	0.125	hop up r=1	5	38.8737	1.0000	39.4588	39.3175	0.9887
64	0.125	hop up r=1	6	34.7513	1.0000	39.2620	39.2178	0.8861
64	0.125	hop up r=1	7	19.0807	1.0000	31.3261	31.3038	0.6095
64	0.125	hop up r=1	8	40.0471	1.0000	41.9947	41.9932	0.9537
64	0.125	hop up r=1	9	22.9922	1.0000	33.8409	33.8478	0.6793
64	0.125	hop up r=1	10	30.3076	1.0000	35.4015	35.4042	0.8560
64	0.125	hop up r=1	11	18.7447	1.0000	31.0554	31.0239	0.6042
64	0.125	hop up r=1	12	38.7292	1.0000	43.4172	43.4570	0.8912
64	0.125	hop up r=1	13	30.3948	1.0000	39.9816	40.1075	0.7578
64	0.125	hop up r=1	14	17.5742	1.0000	30.6088	30.6954	0.5725
64	0.125	hop up r=1	15	33.8971	1.0000	37.1692	37.2081	0.9110
64	0.125	hop up r=1	16	19.3503	1.0000	31.9270	32.0322	0.6041
64	0.125	hop up r=1	17	32.0079	1.0000	37.2745	37.3173	0.8577
64	0.125	hop up r=1	18	20.6767	1.0000	35.3965	35.4649	0.5830
64	0.125	hop up r=1	19	33.3382	1.0000	39.5886	39.6549	0.8407
64	0.125	hop up r=1	20	34.9788	1.0000	35.6435	35.5831	0.9830
64	0.125	hop up r=1	21	14.1396	1.0000	31.5127	31.5747	0.4478
64	0.125	hop up r=1	22	30.7882	1.0000	39.1514	39.2288	0.7848
64	0.125	hop up r=1	23	17.5748	1.0000	30.0460	29.9545	0.5867
64	0.125	hop up r=1	24	30.4871	1.0000	35.6798	35.6676	0.8548
64	0.125	hop up r=1	25	20.5666	1.0000	30.2960	30.4971	0.6744
64	0.125	hop up r=1	26	28.4626	1.0000	36.7483	36.9386	0.7705
64	0.125	hop up r=1	27	17.2776	1.0000	36.7885	36.8298	0.4691
64	0.125	hop up r=1	28	32.2657	1.0000	32.8898	32.8679	0.9817
64	0.125	hop up r=1	29	28.0097	1.0000	39.2448	39.2906	0.7129
64	0.125	hop up r=1	30	16.9797	1.0000	34.4255	34.6348	0.4902
64	0.125	hop up r=1	31	29.5405	1.0000	35.5958	35.5948	0.8299
64	0.125	hop up r=1	32	20.1864	1.0000	32.0322	32.0599	0.6296
64	0.125	hop up r=1	33	29.2122	1.0000	37.6309	37.6582	0.7757
64	0.125	hop up r=1	34	18.9925	1.0000	33.1627	33.3819	0.5689
64	0.125	hop up r=1	35	26.3773	1.0000	34.9046	35.0152	0.7533
64	0.125	hop up r=1	36	31.9330	1.0000	34.1749	34.5297	0.9248
64	0.125	hop up r=1	37	18.7826	1.0000	35.8467	35.6954	0.5262
64	0.125	hop up r=1	38	33.4291	1.0000	40.0967	40.0316	0.8351
64	0.125	hop up r=1	39	18.9652	1.0000	33.0953	33.1607	0.5719
64	0.125	hop up r=1	40	29.9148	1.0000	40.2232	40.1993	0.7442
64	0.125	hop up r=1	41	23.6039	1.0000	33.0408	32.9985	0.7153
64	0.125	hop up r=1	42	24.6833	1.0000	38.6060	38.9210	0.6342
64	0.125	hop up r=1	43	24.4945	1.0000	35.4816	35.5227	0.6895
64	0.125	hop up r=1	44	36.2007	1.0000	38.2414	38.3676	0.9435
64	0.125	hop up r=1	45	26.1882	1.0000	34.9837	35.1147	0.7458
64	0.125	hop up r=1	46	18.9544	1.0000	37.1819	37.1184	0.5106
64	0.125	hop up r=1	47	32.8056	1.0000	41.8055	41.8909	0.7831
64	0.125	hop up r=1	48	21.5141	1.0000	34.7686	34.8072	0.6181
64	0.125	hop up r=1	49	28.5194	1.0000	36.5592	36.4898	0.7816
64	0.125	hop up r=1	50	18.1313	1.0000	30.1311	30.1057	0.6023
64	0.125	hop up r=1	51	32.5284	1.0000	35.9967	36.0430	0.9025
64	0.125	hop up r=1	52	28.1124	1.0000	35.6619	35.5647	0.7905
64	0.125	hop up r=1	53	19.0065	1.0000	33.7230	33.7327	0.5634
64	0.125	hop up r=1	54	32.5027	1.0000	37.1299	37.1234	0.8755
64	0.125	hop up r=1	55	21.2888	1.0000	32.0264	31.9956	0.6654
64	0.125	hop up r=1	56	30.7859	1.0000	38.1755	38.1669	0.8066
64	0.125	hop up r=1	57	21.2654	1.0000	29.2740	29.3131	0.7255
64	0.125	hop up r=1	58	24.3060	1.0000	36.4816	36.5053	0.6658
64	0.125	hop up r=1	59	36.6507	1.0000	37.1103	37.1119	0.9876
64	0.125	hop up r=1	60	27.2725	1.0000	34.5376	34.5392	0.7896
64	0.125	hop up r=1	61	41.2889	1.0000	46.4992	46.4961	0.8880
64	0.125	hop up r=1	62	20.1530	1.0000	22.5539	22.5502	0.8937
64	0.125	hop up r=1	63	67.7043	1.0000	68.6599	68.6569	0.9861
64	0.125	n	1	1.3738	0.9999	1.3779	1.3774	0.9974
64	0.125	n	2	1.3689	1.0000	1.3768	1.3768	0.9943
64	0.125	n	3	2.4223	1.0000	2.4346	2.4341	0.9951
64	0.125	n	4	1.9615	0.9999	1.9634	1.9631	0.9992
64	0.125	n	5	2.9027	0.0529	2.9084	2.9092	0.9978
64	0.125	n	6	2.1795	0.9999	2.1835	2.1827	0.9986
64	0.125	n	7	2.3424	1.0000	2.3910	2.3919	0.9793
64	0.125	n	8	2.1719	1.0000	2.2009	2.1987	0.9878
64	0.125	n	9	2.1661	1.0000	2.2033	2.2032	0.9832
64	0.125	n	10	2.2204	1.0000	2.2474	2.2472	0.9881
64	0.125	n	11	2.2608	1.0000	2.2911	2.2914	0.9866
64	0.125	n	12	2.4793	0.0446	2.5374	2.5357	0.9778
64	0.125	n	13	2.2626	1.0000	2.3042	2.3034	0.9823
64	0.125	n	14	2.6803	1.0000	2.7301	2.7290	0.9821
64	0.125	n	15	2.1382	1.0001	2.1528	2.1528	0.9932
64	0.125	n	16	2.2283	1.0000	2.2534	2.2533	0.9889
64	0.125	n	17	2.2244	1.0000	2.2749	2.2756	0.9775
64	0.125	n	18	2.0259	0.9999	2.0323	2.0301	0.9979
64	0.125	n	19	2.3626	0.0400	2.3659	2.3660	0.9986
64	0.125	n	20	2.1088	0.9999	2.1184	2.1181	0.9956
64	0.125	n	21	2.2649	0.9999	2.2772	2.2788	0.9939
64	0.125	n	22	2.1973	1.0000	2.2484	2.2481	0.9774
64	0.125	n	23	2.3722	0.9998	2.4244	2.4208	0.9800
64	0.125	n	24	1.9994	0.9999	2.0118	2.0039	0.9978
64	0.125	n	25	2.1189	1.0001	2.1275	2.1259	0.9967
64	0.125	n	26	2.5371	1.0000	2.5452	2.5450	0.9969
64	0.125	n	27	2.1215	1.0000	2.1432	2.1432	0.9899
64	0.125	n	28	2.3854	0.0392	2.4994	2.5001	0.9541
64	0.125	n	29	2.1638	1.0000	2.2084	2.2075	0.9802
64	0.125	n	30	2.3522	1.0000	2.4320	2.4331	0.9667
64	0.125	n	31	2.3539	1.0000	2.3749	2.3755	0.9909
64	0.125	n	32	2.2920	0.9999	2.3228	2.3226	0.9868
64	0.125	n	33	2.2809	1.0000	2.2924	2.2931	0.9947
64	0.125	n	34	2.0393	1.0000	2.0454	2.0448	0.9973
64	0.125	n	35	2.4043	0.0434	2.4073	2.4037	1.0002
64	0.125	n	36	2.2377	1.0000	2.2544	2.2548	0.9924
64	0.125	n	37	2.3112	1.0000	2.3590	2.3596	0.9795
64	0.125	n	38	2.2332	1.0000	2.2553	2.2553	0.9902
64	0.125	n	39	2.3389	0.9999	2.3502	2.3505	0.9951
64	0.125	n	40	2.2854	1.0000	2.3332	2.3346	0.9789
64	0.125	n	41	2.2552	1.0000	2.2619	2.2624	0.9968
64	0.125	n	42	2.4621	1.0000	2.4888	2.4845	0.9910
64	0.125	n	43	2.3807	1.0000	2.3858	2.3859	0.9978
64	0.125	n	44	2.6142	0.0433	2.6207	2.6186	0.9983
64	0.125	n	45	2.0885	1.0000	2.1000	2.0997	0.9947
64	0.125	n	46	2.2434	1.0000	2.2749	2.2749	0.9862
64	0.125	n	47	2.1883	1.0000	2.2122	2.2122	0.9892
64	0.125	n	48	2.2353	1.0000	2.3150	2.3165	0.9649
64	0.125	n	49	2.1919	1.0000	2.2025	2.2028	0.9951
64	0.125	n	50	2.1241	1.0000	2.1454	2.1311	0.9967
64	0.125	n	51	2.5233	0.0423	2.5763	2.5758	0.9796
64	0.125	n	52	2.1456	1.0000	2.1627	2.1627	0.9921
64	0.125	n	53	2.6200	1.0000	2.6727	2.6729	0.9802
64	0.125	n	54	2.1555	1.0000	2.1928	2.1932	0.9828
64	0.125	n	55	2.3700	1.0000	2.3882	2.3880	0.9925
64	0.125	n	56	2.1762	1.0000	2.1815	2.1810	0.9978
64	0.125	n	57	2.0681	1.0000	2.0899	2.0867	0.9911
64	0.125	n	58	2.5976	1.0000	2.6081	2.5984	0.9997
64	0.125	n	59	2.0074	1.0000	2.0265	2.0258	0.9909
64	0.125	n	60	3.0430	0.0531	3.0453	3.0451	0.9993
64	0.125	n	61	2.0977	1.0000	2.1060	2.1061	0.9960
64	0.125	n	62	2.7162	1.0000	2.7250	2.7250	0.9968
64	0.125	n	63	1.3111	1.0000	1.3127	1.3126	0.9988
64	0.125	n	64	1.3424	1.0000	1.3427	1.3423	1.0001
128	0.000	DoubleOcc	1	50.5767	5.8486	50.5867	50.5873	0.9998
128	0.000	DoubleOcc	2	30.1691	2.3043	30.2168	30.1687	1.0000
128	0.000	DoubleOcc	3	29.5156	2.4010	29.5634	29.5607	0.9985
128	0.000	DoubleOcc	4	26.1971	2.0632	26.2096	26.2030	0.9998
128	0.000	DoubleOcc	5	31.7491	2.2727	31.7955	31.7830	0.9989
128	0.000	DoubleOcc	6	28.2304	2.1545	28.2794	28.2667	0.9987
128	0.000	DoubleOcc	7	27.9064	2.0918	27.9949	27.9450	0.9986
128	0.000	DoubleOcc	8	29.0597	2.0993	29.0771	29.0774	0.9994
128	0.000	DoubleOcc	9	27.8906	2.1545	27.9190	27.9192	0.9990
128	0.000	DoubleOcc	10	30.6809	2.1007	30.7138	30.7085	0.9991
128	0.000	DoubleOcc	11	28.5203	2.1195	28.5502	28.5434	0.9992
128	0.000	DoubleOcc	12	27.7142	2.2040	27.7985	27.7667	0.9981
128	0.000	DoubleOcc	13	32.3823	2.2083	32.4616	32.4427	0.9981
128	0.000	DoubleOcc	14	25.9718	2.1171	25.9819	25.9821	0.9996
128	0.000	DoubleOcc	15	26.2050	2.1442	26.2153	26.2152	0.9996
128	0.000	DoubleOcc	16	24.7820	2.0507	24.8374	24.8215	0.9984
128	0.000	DoubleOcc	17	27.7270	2.1082	27.7598	27.7506	0.9992
128	0.000	DoubleOcc	18	29.3124	2.1290	29.3275	29.3279	0.9995
128	0.000	DoubleOcc	19	28.4515	2.0915	28.5005	28.4854	0.9988
128	0.000	DoubleOcc	20	31.7582	2.0737	31.8374	31.8241	0.9979
128	0.000	DoubleOcc	21	28.1263	2.0388	28.2107	28.1855	0.9979
128	0.000	DoubleOcc	22	31.8519	2.1622	31.8550	31.8540	0.9999
128	0.000	DoubleOcc	23	28.1798	2.1195	28.2010	28.1980	0.9994
128	0.000	DoubleOcc	24	30.8247	2.2136	30.8604	30.8257	1.0000
128	0.000	DoubleOcc	25	27.5473	2.0877	27.5832	27.5783	0.9989
128	0.000	DoubleOcc	26	26.1183	2.1324	26.1249	26.1247	0.9998
128	0.000	DoubleOcc	27	28.8589	2.2025	28.8823	28.8614	0.9999
128	0.000	DoubleOcc	28	27.8118	2.1605	27.8151	27.8106	1.0000
128	0.000	DoubleOcc	29	28.2122	2.0876	28.2443	28.2450	0.9988
128	0.000	DoubleOcc	30	28.6741	2.0286	28.7428	28.7495	0.9974
128	0.000	DoubleOcc	31	29.0924	2.1871	29.1034	29.0896	1.0001
128	0.000	DoubleOcc	32	29.0566	2.1703	29.0627	29.0548	1.0001
128	0.000	DoubleOcc	33	28.2662	2.1865	28.2771	28.2630	1.0001
128	0.000	DoubleOcc	34	26.0646	2.0687	26.0965	26.1008	0.9986
128	0.000	DoubleOcc	35	31.4398	2.2108	31.4578	31.4324	1.0002
128	0.000	DoubleOcc	36	26.4362	2.1386	26.4405	26.4401	0.9999
128	0.000	DoubleOcc	37	27.2767	2.0676	27.3022	27.3134	0.9987
128	0.000	DoubleOcc	38	29.1928	2.1547	29.1952	29.1936	1.0000
128	0.000	DoubleOcc	39	28.3540	2.3240	28.3939	28.3233	1.0011
128	0.000	DoubleOcc	40	30.3437	2.1293	30.3576	30.3610	0.9994
128	0.000	DoubleOcc	41	26.6136	2.1446	26.6158	26.6151	0.9999
128	0.000	DoubleOcc	42	27.9674	2.0429	28.0063	28.0224	0.9980
128	0.000	DoubleOcc	43	26.3571	2.1246	26.3633	26.3659	0.9997
128	0.000	DoubleOcc	44	28.9680	2.1477	28.9722	28.9717	0.9999
128	0.000	DoubleOcc	45	29.5380	2.1230	29.5488	29.5547	0.9994
128	0.000	DoubleOcc	46	30.9530	2.1908	30.9620	30.9454	1.0002
128	0.000	DoubleOcc	47	29.4844	2.2201	29.4981	29.4694	1.0005
128	0.000	DoubleOcc	48	26.8540	2.1886	26.8635	26.8468	1.0003
128	0.000	DoubleOcc	49	29.3356	2.0436	29.3660	29.3906	0.9981
128	0.000	DoubleOcc	50	27.5802	2.0952	27.5988	27.6061	0.9991
128	0.000	DoubleOcc	51	27.7476	2.1008	27.7600	27.7688	0.9992
128	0.000	DoubleOcc	52	27.6826	2.0062	27.7343	27.7570	0.9973
128	0.000	DoubleOcc	53	29.6755	2.2112	29.6865	29.6619	1.0005
128	0.000	DoubleOcc	54	28.4595	2.1715	28.4633	28.4550	1.0002
128	0.000	DoubleOcc	55	29.4619	2.1150	29.4731	29.4811	0.9993
128	0.000	DoubleOcc	56	31.2347	2.2232	31.2578	31.2210	1.0004
128	0.000	DoubleOcc	57	29.3572	2.2401	29.3744	29.3373	1.0007
128	0.000	DoubleOcc	58	25.3998	2.1012	25.4153	25.4197	0.9992
128	0.000	DoubleOcc	59	30.0480	2.2838	30.0768	30.0181	1.0010
128	0.000	DoubleOcc	60	26.1849	2.1335	26.1919	26.1923	0.9997
128	0.000	DoubleOcc	61	29.1078	2.0769	29.1304	29.1472	0.9986
128	0.000	DoubleOcc	62	25.2373	2.0899	25.2574	25.2633	0.9990
128	0.000	DoubleOcc	63	32.0035	2.1665	32.0050	32.0022	1.0000
128	0.000	DoubleOcc	64	28.7004	2.2460	28.7337	28.6841	1.0006
128	0.000	DoubleOcc	65	26.3770	2.1586	26.3781	26.3734	1.0001
128	0.000	DoubleOcc	66	25.3769	2.1023	25.3942	25.3985	0.9992
128	0.000	DoubleOcc	67	32.0969	2.1756	32.0984	32.0917	1.0002
128	0.000	DoubleOcc	68	28.7072	2.1414	28.7174	28.7181	0.9996
128	0.000	DoubleOcc	69	26.6689	2.1803	26.6749	26.6613	1.0003
128	0.000	DoubleOcc	70	27.9153	2.1114	27.9371	27.9422	0.9990
128	0.000	DoubleOcc	71	30.7981	2.2130	30.8124	30.7833	1.0005
128	0.000	DoubleOcc	72	28.3159	2.1174	28.3365	28.3410	0.9991
128	0.000	DoubleOcc	73	27.4297	2.2160	27.4449	27.4154	1.0005
128	0.000	DoubleOcc	74	27.5128	2.0799	27.5478	27.5578	0.9984
128	0.000	DoubleOcc	75	26.4471	2.1825	26.4542	26.4391	1.0003
128	0.000	DoubleOcc	76	29.0234	2.2769	29.0718	29.0023	1.0007
128	0.000	DoubleOcc	77	26.4823	2.2213	26.4990	26.4675	1.0006
128	0.000	DoubleOcc	78	29.0300	2.2158	29.0523	29.0186	1.0004
128	0.000	DoubleOcc	79	29.4361	2.1703	29.4381	29.4312	1.0002
128	0.000	DoubleOcc	80	27.8293	2.1961	27.8433	27.8211	1.0003
128	0.000	DoubleOcc	81	27.2178	2.1488	27.2200	27.2185	1.0000
128	0.000	DoubleOcc	82	30.7449	2.2164	30.7673	30.7330	1.0004
128	0.000	DoubleOcc	83	29.0097	2.1909	29.0182	29.0003	1.0003
128	0.000	DoubleOcc	84	27.7778	2.1641	27.7796	27.7745	1.0001
128	0.000	DoubleOcc	85	28.1426	2.1627	28.1438	28.1388	1.0001
128	0.000	DoubleOcc	86	28.8622	1.9801	28.9505	28.9806	0.9959
128	0.000	DoubleOcc	87	27.2711	2.1709	27.2751	27.2656	1.0002
128	0.000	DoubleOcc	88	29.5621	2.1680	29.5634	29.5588	1.0001
128	0.000	DoubleOcc	89	27.2603	2.1015	27.2745	27.2816	0.9992
128	0.000	DoubleOcc	90	25.4371	2.0977	25.4559	25.4601	0.9991
128	0.000	DoubleOcc	91	30.1769	2.2116	30.1934	30.1661	1.0004
128	0.000	DoubleOcc	92	26.0146	2.0451	26.0555	26.0647	0.9981
128	0.000	DoubleOcc	93	28.7117	2.0935	28.7336	28.7404	0.9990
128	0.000	DoubleOcc	94	27.7503	2.1674	27.7542	27.7482	1.0001
128	0.000	DoubleOcc	95	23.9153	2.0990	23.9259	23.9277	0.9995
128	0.000	DoubleOcc	96	27.5010	2.1389	27.5089	27.5089	0.9997
128	0.000	DoubleOcc	97	28.2471	2.1487	28.2491	28.2484	1.0000
128	0.000	DoubleOcc	98	28.0405	2.0988	28.0700	28.0723	0.9989
128	0.000	DoubleOcc	99	26.8673	2.1481	26.8682	26.8666	1.0000
128	0.000	DoubleOcc	100	29.0885	2.1489	29.0960	29.0959	0.9997
128	0.000	DoubleOcc	101	26.9746	2.1170	26.9867	26.9877	0.9995
128	0.000	DoubleOcc	102	29.7459	2.1895	29.7590	29.7436	1.0001
128	0.000	DoubleOcc	103	28.9393	2.1733	28.9473	28.9371	1.0001
128	0.000	DoubleOcc	104	31.8705	2.0920	31.9254	31.9295	0.9982
128	0.000	DoubleOcc	105	27.2824	2.0285	27.3330	27.3391	0.9979
128	0.000	DoubleOcc	106	26.7553	2.2656	26.8044	26.7500	1.0002
128	0.000	DoubleOcc	107	26.0666	2.0600	26.0988	26.1021	0.9986
128	0.000	DoubleOcc	108	27.8704	2.0841	27.9132	27.9161	0.9984
128	0.000	DoubleOcc	109	24.3885	1.9638	24.4501	24.4567	0.9972
128	0.000	DoubleOcc	110	27.6571	2.1249	27.6774	27.6782	0.9992
128	0.000	DoubleOcc	111	27.5750	2.0467	27.6193	27.6229	0.9983
128	0.000	DoubleOcc	112	29.3826	2.1277	29.4080	29.4088	0.9991
128	0.000	DoubleOcc	113	28.7611	2.0898	28.7931	28.7907	0.9990
128	0.000	DoubleOcc	114	27.5772	2.1021	27.6157	27.6125	0.9987
128	0.000	DoubleOcc	115	32.4244	2.1170	32.4526	32.4485	0.9993
128	0.000	DoubleOcc	116	26.4865	2.0921	26.5316	26.5228	0.9986
128	0.000	DoubleOcc	117	26.1699	2.0288	26.2364	26.2140	0.9983
128	0.000	DoubleOcc	118	28.7032	2.1198	28.7408	28.7334	0.9989
128	0.000	DoubleOcc	119	27.1785	2.1055	27.2038	27.2041	0.9991
128	0.000	DoubleOcc	120	26.8300	2.1110	26.8573	26.8581	0.9990
128	0.000	DoubleOcc	121	27.7191	2.1827	27.7434	27.7184	1.0000
128	0.000	DoubleOcc	122	29.0188	2.1301	29.0584	29.0453	0.9991
128	0.000	DoubleOcc	123	27.5099	2.1288	27.5142	27.5099	1.0000
128	0.000	DoubleOcc	124	29.9207	2.1659	29.9538	29.9379	0.9994
128	0.000	DoubleOcc	125	27.0013	2.0847	27.0045	27.0045	0.9999
128	0.000	DoubleOcc	126	30.3673	2.4120	30.5204	30.5164	0.9951
128	0.000	DoubleOcc	127	28.0810	2.2102	28.0888	28.0882	0.9997
128	0.000	DoubleOcc	128	44.2531	5.6706	44.2532	44.2532	1.0000
128	0.000	Sz	1	1.0000	1.0000	1.0000	1.0000	1.0000
128	0.000	Sz	2	1.0000	1.0000	1.0000	1.0000	1.0000
128	0.000	Sz	3	1.0000	1.0000	1.0000	1.0000	1.0000
128	0.000	Sz	4	1.0000	1.0000	1.0000	1.0000	1.0000
128	0.000	Sz	5	1.0000	1.0000	1.0000	1.0000	1.0000
128	0.000	Sz	6	1.0000	1.0000	1.0000	1.0000	1.0000
128	0.000	Sz	7	1.0000	1.0000	1.0000	1.0000	1.0000
128	0.000	Sz	8	1.0000	1.0000	1.0000	1.0000	1.0000
128	0.000	Sz	9	1.0000	1.0000	1.0000	1.0000	1.0000
128	0.000	Sz	10	1.0000	1.0000	1.0000	1.0000	1.0000
128	0.000	Sz	11	1.0000	1.0000	1.0000	1.0000	1.0000
128	0.000	Sz	12	1.0000	1.0000	1.0000	1.0000	1.0000
128	0.000	Sz	13	1.0000	1.0000	1.0000	1.0000	1.0000
128	0.000	Sz	14	1.0000	1.0000	1.0000	1.0000	1.0000
128	0.000	Sz	15	1.0000	1.0000	1.0000	1.0000	1.0000
128	0.000	Sz	16	1.0000	1.0000	1.0000	1.0000	1.0000
128	0.000	Sz	17	1.0000	1.0000	1.0000	1.0000	1.0000
128	0.000	Sz	18	1.0000	1.0000	1.0000	1.0000	1.0000
128	0.000	Sz	19	1.0000	1.0000	1.0000	1.0000	1.0000
128	0.000	Sz	20	1.0000	1.0000	1.0000	1.0000	1.0000
128	0.000	Sz	21	1.0000	1.0000	1.0000	1.0000	1.0000
128	0.000	Sz	22	1.0000	1.0000	1.0000	1.0000	1.0000
128	0.000	Sz	23	1.0000	1.0000	1.0000	1.0000	1.0000
128	0.000	Sz	24	1.0000	1.0000	1.0000	1.0000	1.0000
128	0.000	Sz	25	1.0000	1.0000	1.0000	1.0000	1.0000
128	0.000	Sz	26	1.0000	1.0000	1.0000	1.0000	1.0000
128	0.000	Sz	27	1.0000	1.0000	1.0000	1.0000	1.0000
128	0.000	Sz	28	1.0000	1.0000	1.0000	1.0000	1.0000
128	0.000	Sz	29	1.0000	1.0000	1.0000	1.0000	1.0000
128	0.000	Sz	30	1.0000	1.0000	1.0000	1.0000	1.0000
128	0.000	Sz	31	1.0000	1.0000	1.0000	1.0000	1.0000
128	0.000	Sz	32	1.0000	1.0000	1.0000	1.0000	1.0000
128	0.000	Sz	33	1.0000	1.0000	1.0000	1.0000	1.0000
128	0.000	Sz	34	1.0000	1.0000	1.0000	1.0000	1.0000
128	0.000	Sz	35	1.0000	1.0000	1.0000	1.0000	1.0000
128	0.000	Sz	36	1.0000	1.0000	1.0000	1.0000	1.0000
128	0.000	Sz	37	1.0000	1.0000	1.0000	1.0000	1.0000
128	0.000	Sz	38	1.0000	1.0000	1.0000	1.0000	1.0000
128	0.000	Sz	39	1.0000	1.0000	1.0000	1.0000	1.0000
128	0.000	Sz	40	1.0000	1.0000	1.0000	1.0000	1.0000
128	0.000	Sz	41	1.0000	1.0000	1.0000	1.0000	1.0000
128	0.000	Sz	42	1.0000	1.0000	1.0000	1.0000	1.0000
128	0.000	Sz	43	1.0000	1.0000	1.0000	1.0000	1.0000
128	0.000	Sz	44	1.0000	1.0000	1.0000	1.0000	1.0000
128	0.000	Sz	45	1.0000	1.0000	1.0000	1.0000	1.0000
128	0.000	Sz	46	1.0000	1.0000	1.0000	1.0000	1.0000
128	0.000	Sz	47	1.0000	1.0000	1.0000	1.0000	1.0000
128	0.000	Sz	48	1.0000	1.0000	1.0000	1.0000	1.0000
128	0.000	Sz	49	1.0000	1.0000	1.0000	1.0000	1.0000
128	0.000	Sz	50	1.0000	1.0000	1.0000	1.0000	1.0000
128	0.000	Sz	51	1.0000	1.0000	1.0000	1.0000	1.0000
128	0.000	Sz	52	1.0000	1.0000	1.0000	1.0000	1.0000
128	0.000	Sz	53	1.0000	1.0000	1.0000	1.0000	1.0000
128	0.000	Sz	54	1.0000	1.0000	1.0000	1.0000	1.0000
128	0.000	Sz	55	1.0000	1.0000	1.0000	1.0000	1.0000
128	0.000	Sz	56	1.0000	1.0000	1.0000	1.0000	1.0000
128	0.000	Sz	57	1.0000	1.0000	1.0000	1.0000	1.0000
128	0.000	Sz	58	1.0000	1.0000	1.0000	1.0000	1.0000
128	0.000	Sz	59	1.0000	1.0000	1.0000	1.0000	1.0000
128	0.000	Sz	60	1.0000	1.0000	1.0000	1.0000	1.0000
128	0.000	Sz	61	1.0000	1.0000	1.0000	1.0000	1.0000
128	0.000	Sz	62	1.0000	1.0000	1.0000	1.0000	1.0000
128	0.000	Sz	63	1.0000	1.0000	1.0000	1.0000	1.0000
128	0.000	Sz	64	1.0000	1.0000	1.0000	1.0000	1.0000
128	0.000	Sz	65	1.0000	1.0000	1.0000	1.0000	1.0000
128	0.000	Sz	66	1.0000	1.0000	1.0000	1.0000	1.0000
128	0.000	Sz	67	1.0000	1.0000	1.0000	1.0000	1.0000
128	0.000	Sz	68	1.0000	1.0000	1.0000	1.0000	1.0000
128	0.000	Sz	69	1.0000	1.0000	1.0000	1.0000	1.0000
128	0.000	Sz	70	1.0000	1.0000	1.0000	1.0000	1.0000
128	0.000	Sz	71	1.0000	1.0000	1.0000	1.0000	1.0000
128	0.000	Sz	72	1.0000	1.0000	1.0000	1.0000	1.0000
128	0.000	Sz	73	1.0000	1.0000	1.0000	1.0000	1.0000
128	0.000	Sz	74	1.0000	1.0000	1.0000	1.0000	1.0000
128	0.000	Sz	75	1.0000	1.0000	1.0000	1.0000	1.0000
128	0.000	Sz	76	1.0000	1.0000	1.0000	1.0000	1.0000
128	0.000	Sz	77	1.0000	1.0000	1.0000	1.0000	1.0000
128	0.000	Sz	78	1.0000	1.0000	1.0000	1.0000	1.0000
128	0.000	Sz	79	1.0000	1.0000	1.0000	1.0000	1.0000
128	0.000	Sz	80	1.0000	1.0000	1.0000	1.0000	1.0000
128	0.000	Sz	81	1.0000	1.0000	1.0000	1.0000	1.0000
128	0.000	Sz	82	1.0000	1.0000	1.0000	1.0000	1.0000
128	0.000	Sz	83	1.0000	1.0000	1.0000	1.0000	1.0000
128	0.000	Sz	84	1.0000	1.0000	1.0000	1.0000	1.0000
128	0.000	Sz	85	1.0000	1.0000	1.0000	1.0000	1.0000
128	0.000	Sz	86	1.0000	1.0000	1.0000	1.0000	1.0000
128	0.000	Sz	87	1.0000	1.0000	1.0000	1.0000	1.0000
128	0.000	Sz	88	1.0000	1.0000	1.0000	1.0000	1.0000
128	0.000	Sz	89	1.0000	1.0000	1.0000	1.0000	1.0000
128	0.000	Sz	90	1.0000	1.0000	1.0000	1.0000	1.0000
128	0.000	Sz	91	1.0000	1.0000	1.0000	1.0000	1.0000
128	0.000	Sz	92	1.0000	1.0000	1.0000	1.0000	1.0000
128	0.000	Sz	93	1.0000	1.0000	1.0000	1.0000	1.0000
128	0.000	Sz	94	1.0000	1.0000	1.0000	1.0000	1.0000
128	0.000	Sz	95	1.0000	1.0000	1.0000	1.0000	1.0000
128	0.000	Sz	96	1.0000	1.0000	1.0000	1.0000	1.0000
128	0.000	Sz	97	1.0000	1.0000	1.0000	1.0000	1.0000
128	0.000	Sz	98	1.0000	1.0000	1.0000	1.0000	1.0000
128	0.000	Sz	99	1.0000	1.0000	1.0000	1.0000	1.0000
128	0.000	Sz	100	1.0000	1.0000	1.0000	1.0000	1.0000
128	0.000	Sz	101	1.0000	1.0000	1.0000	1.0000	1.0000
128	0.000	Sz	102	1.0000	1.0000	1.0000	1.0000	1.0000
128	0.000	Sz	103	1.0000	1.0000	1.0000	1.0000	1.0000
128	0.000	Sz	104	1.0000	1.0000	1.0000	1.0000	1.0000
128	0.000	Sz	105	1.0000	1.0000	1.0000	1.0000	1.0000
128	0.000	Sz	106	1.0000	1.0000	1.0000	1.0000	1.0000
128	0.000	Sz	107	1.0000	1.0000	1.0000	1.0000	1.0000
128	0.000	Sz	108	1.0000	1.0000	1.0000	1.0000	1.0000
128	0.000	Sz	109	1.0000	1.0000	1.0000	1.0000	1.0000
128	0.000	Sz	110	1.0000	1.0000	1.0000	1.0000	1.0000
128	0.000	Sz	111	1.0000	1.0000	1.0000	1.0000	1.0000
128	0.000	Sz	112	1.0000	1.0000	1.0000	1.0000	1.0000
128	0.000	Sz	113	1.0000	1.0000	1.0000	1.0000	1.0000
128	0.000	Sz	114	1.0000	1.0000	1.0000	1.0000	1.0000
128	0.000	Sz	115	1.0000	1.0000	1.0000	1.0000	1.0000
128	0.000	Sz	116	1.0000	1.0000	1.0000	1.0000	1.0000
128	0.000	Sz	117	1.0000	1.0000	1.0000	1.0000	1.0000
128	0.000	Sz	118	1.0000	1.0000	1.0000	1.0000	1.0000
128	0.000	Sz	119	1.0000	1.0000	1.0000	1.0000	1.0000
128	0.000	Sz	120	1.0000	1.0000	1.0000	1.0000	1.0000
128	0.000	Sz	121	1.0000	1.0000	1.0000	1.0000	1.0000
128	0.000	Sz	122	1.0000	1.0000	1.0000	1.0000	1.0000
128	0.000	Sz	123	1.0000	1.0000	1.0000	1.0000	1.0000
128	0.000	Sz	124	1.0000	1.0000	1.0000	1.0000	1.0000
128	0.000	Sz	125	1.0000	1.0000	1.0000	1.0000	1.0000
128	0.000	Sz	126	1.0000	1.0000	1.0000	1.0000	1.0000
128	0.000	Sz	127	1.0000	1.0000	1.0000	1.0000	1.0000
128	0.000	Sz	128	1.0000	1.0000	1.0000	1.0000	1.0000
128	0.000	SzSz r=1	1	93.5746	4.7802	95.3198	95.3265	0.9816
128	0.000	SzSz r=1	2	7.7544	1.0129	7.7902	7.7530	1.0002
128	0.000	SzSz r=1	3	48.2960	1.6187	48.4347	48.4358	0.9971
128	0.000	SzSz r=1	4	11.2122	1.4005	11.2625	11.2626	0.9955
128	0.000	SzSz r=1	5	40.7364	1.2637	41.0438	41.0370	0.9927
128	0.000	SzSz r=1	6	12.3990	7.3926	12.5818	12.5832	0.9854
128	0.000	SzSz r=1	7	32.1393	1.0698	32.8827	32.8854	0.9773
128	0.000	SzSz r=1	8	14.0352	8.3198	14.3543	14.3544	0.9778
128	0.000	SzSz r=1	9	32.5869	1.0029	34.2510	34.2281	0.9521
128	0.000	SzSz r=1	10	15.0302	8.8168	15.3383	15.3154	0.9814
128	0.000	SzSz r=1	11	29.9474	0.9658	30.4733	30.4663	0.9830
128	0.000	SzSz r=1	12	15.9163	8.3616	16.5886	16.5933	0.9592
128	0.000	SzSz r=1	13	29.5944	0.9224	30.4181	30.4042	0.9734
128	0.000	SzSz r=1	14	17.9635	9.5675	18.4503	18.4078	0.9759
128	0.000	SzSz r=1	15	28.5844	0.8564	29.2482	29.2548	0.9771
128	0.000	SzSz r=1	16	15.1876	8.6634	15.9115	15.9196	0.9540
128	0.000	SzSz r=1	17	29.6245	0.8511	30.3323	30.3357	0.9766
128	0.000	SzSz r=1	18	15.4703	8.9551	15.9733	15.9484	0.9700
128	0.000	SzSz r=1	19	28.5176	0.8604	29.5984	29.5932	0.9637
128	0.000	SzSz r=1	20	17.4174	9.3667	18.5559	18.5822	0.9373
128	0.000	SzSz r=1	21	28.2882	0.8126	30.0018	30.0098	0.9426
128	0.000	SzSz r=1	22	17.6048	9.2084	18.5371	18.5375	0.9497
128	0.000	SzSz r=1	23	28.8103	0.8088	30.0731	30.0755	0.9579
128	0.000	SzSz r=1	24	16.4487	9.2977	17.4508	17.4596	0.9421
128	0.000	SzSz r=1	25	27.3825	0.7508	28.8120	28.8251	0.9500
128	0.000	SzSz r=1	26	18.0518	9.8266	19.7532	19.8024	0.9116
128	0.000	SzSz r=1	27	28.6602	0.7955	30.1786	30.1672	0.9500
128	0.000	SzSz r=1	28	18.7981	9.7835	20.2078	20.2205	0.9297
128	0.000	SzSz r=1	29	25.3263	0.7590	26.5604	26.5680	0.9533
128	0.000	SzSz r=1	30	17.4539	9.5425	18.6904	18.7044	0.9331
128	0.000	SzSz r=1	31	28.6818	0.7336	30.1407	30.1489	0.9513
128	0.000	SzSz r=1	32	16.3411	8.8146	17.6133	17.6433	0.9262
128	0.000	SzSz r=1	33	26.1484	0.7266	26.9628	26.9689	0.9696
128	0.000	SzSz r=1	34	16.6492	10.0839	17.2595	17.1809	0.9691
128	0.000	SzSz r=1	35	26.2933	0.7539	27.5407	27.5275	0.9552
128	0.000	SzSz r=1	36	16.6708	9.0882	17.6103	17.6109	0.9466
128	0.000	SzSz r=1	37	27.5509	0.7529	28.7634	28.7624	0.9579
128	0.000	SzSz r=1	38	17.5811	9.5728	18.8549	18.8669	0.9318
128	0.000	SzSz r=1	39	29.6316	0.7343	31.3009	31.3287	0.9458
128	0.000	SzSz r=1	40	15.7795	8.7823	16.8372	16.8478	0.9366
128	0.000	SzSz r=1	41	24.4540	0.7532	25.9556	25.9487	0.9424
128	0.000	SzSz r=1	42	18.7333	9.9012	19.8795	19.8870	0.9420
128	0.000	SzSz r=1	43	27.1989	0.7265	28.7782	28.7545	0.9459
128	0.000	SzSz r=1	44	19.0460	9.8011	20.3556	20.3516	0.9358
128	0.000	SzSz r=1	45	27.1594	0.7193	28.0207	27.9531	0.9716
128	0.000	SzSz r=1	46	17.9075	9.9240	19.1482	19.1605	0.9346
128	0.000	SzSz r=1	47	29.2673	0.7413	30.8727	30.8672	0.9482
128	0.000	SzSz r=1	48	18.4297	9.5309	19.7217	19.7208	0.9345
128	0.000	SzSz r=1	49	26.6188	0.7383	28.4733	28.4644	0.9352
128	0.000	SzSz r=1	50	18.7714	10.1434	20.3665	20.3919	0.9205
128	0.000	SzSz r=1	51	24.2242	0.7252	25.5147	25.5177	0.9493
128	0.000	SzSz r=1	52	20.6189	10.9151	21.9688	21.9713	0.9384
128	0.000	SzSz r=1	53	25.4007	0.7011	26.7215	26.7369	0.9500
128	0.000	SzSz r=1	54	16.2356	8.9941	17.5484	17.5884	0.9231
128	0.000	SzSz r=1	55	27.3235	0.7257	29.0609	29.0715	0.9399
128	0.000	SzSz r=1	56	18.0354	10.3649	18.9877	18.9773	0.9504
128	0.000	SzSz r=1	57	25.1797	0.7474	26.8684	26.8508	0.9378
128	0.000	SzSz r=1	58	17.1249	9.1713	19.1642	19.2607	0.8891
128	0.000	SzSz r=1	59	28.4684	0.7278	29.4202	29.4052	0.9681
128	0.000	SzSz r=1	60	18.6275	9.5607	20.1672	20.1928	0.9225
128	0.000	SzSz r=1	61	24.1135	0.7184	24.9608	24.9654	0.9659
128	0.000	SzSz r=1	62	16.3538	9.5005	17.2130	17.2076	0.9504
128	0.000	SzSz r=1	63	29.3338	0.7358	31.7674	31.7512	0.9239
128	0.000	SzSz r=1	64	17.0132	9.2676	18.0596	18.0658	0.9417
128	0.000	SzSz r=1	65	26.4669	0.7193	27.4008	27.3641	0.9672
128	0.000	SzSz r=1	66	16.9240	9.0612	18.1804	18.2008	0.9298
128	0.000	SzSz r=1	67	24.9325	0.7224	26.3056	26.3010	0.9480
128	0.000	SzSz r=1	68	17.3711	9.8460	18.1501	18.1355	0.9579
128	0.000	SzSz r=1	69	25.6791	0.7131	27.0966	27.1028	0.9475
128	0.000	SzSz r=1	70	17.7555	9.6828	19.1679	19.2063	0.9245
128	0.000	SzSz r=1	71	30.1817	0.7401	31.9828	31.9609	0.9443
128	0.000	SzSz r=1	72	20.7138	10.9461	21.8576	21.8471	0.9481
128	0.000	SzSz r=1	73	24.8454	0.7732	26.5500	26.5295	0.9365
128	0.000	SzSz r=1	74	18.5303	10.3299	19.6442	19.6426	0.9434
128	0.000	SzSz r=1	75	24.9852	0.7637	26.5047	26.4840	0.9434
128	0.000	SzSz r=1	76	21.2544	10.7898	22.8521	22.8654	0.9295
128	0.000	SzSz r=1	77	25.3096	0.7430	26.3428	26.3364	0.9610
128	0.000	SzSz r=1	78	19.0675	10.4484	20.1169	20.1079	0.9483
128	0.000	SzSz r=1	79	25.8503	0.7161	27.4142	27.4301	0.9424
128	0.000	SzSz r=1	80	16.4648	9.4563	17.4596	17.4783	0.9420
128	0.000	SzSz r=1	81	24.3360	0.7073	25.6603	25.6867	0.9474
128	0.000	SzSz r=1	82	19.6284	10.3141	21.1478	21.1841	0.9266
128	0.000	SzSz r=1	83	25.9117	0.7527	27.2777	27.2432	0.9511
128	0.000	SzSz r=1	84	18.9595	10.0396	20.4659	20.5045	0.9247
128	0.000	SzSz r=1	85	24.9908	0.7387	26.2759	26.2396	0.9524
128	0.000	SzSz r=1	86	17.4649	9.5498	18.8622	18.9073	0.9237
128	0.000	SzSz r=1	87	24.6224	0.7550	26.3063	26.3202	0.9355
128	0.000	SzSz r=1	88	17.7168	10.0116	18.2809	18.2518	0.9707
128	0.000	SzSz r=1	89	28.1318	0.7260	30.5889	30.6098	0.9190
128	0.000	SzSz r=1	90	18.2848	10.2251	19.4204	19.4429	0.9404
128	0.000	SzSz r=1	91	28.3676	0.7226	28.9037	28.8157	0.9844
128	0.000	SzSz r=1	92	17.1137	9.8203	18.0076	18.0250	0.9494
128	0.000	SzSz r=1	93	24.6989	0.7586	25.9350	25.9292	0.9526
128	0.000	SzSz r=1	94	19.2168	10.5212	20.0423	20.0445	0.9587
128	0.000	SzSz r=1	95	26.6167	0.7779	28.2089	28.2118	0.9435
128	0.000	SzSz r=1	96	21.1814	10.8902	22.5003	22.5292	0.9402
128	0.000	SzSz r=1	97	26.3533	0.7495	27.7709	27.7730	0.9489
128	0.000	SzSz r=1	98	17.5874	10.3766	18.1161	18.0995	0.9717
128	0.000	SzSz r=1	99	23.5918	0.7777	25.0355	25.0354	0.9423
128	0.000	SzSz r=1	100	18.6399	10.6385	19.3945	19.3875	0.9614
128	0.000	SzSz r=1	101	25.7178	0.7696	27.3680	27.3707	0.9396
128	0.000	SzSz r=1	102	15.8083	9.5710	16.0401	15.9474	0.9913
128	0.000	SzSz r=1	103	28.1668	0.7876	29.7396	29.7353	0.9472
128	0.000	SzSz r=1	104	16.0964	9.2887	16.4410	16.4313	0.9796
128	0.000	SzSz r=1	105	26.5926	0.8463	28.6423	28.6457	0.9283
128	0.000	SzSz r=1	106	17.2851	10.2864	17.7580	17.7518	0.9737
128	0.000	SzSz r=1	107	31.6736	0.8108	33.5856	33.5635	0.9437
128	0.000	SzSz r=1	108	17.3560	9.7941	18.0663	18.0816	0.9599
128	0.000	SzSz r=1	109	34.0354	0.8358	36.4638	36.4634	0.9334
128	0.000	SzSz r=1	110	17.5313	10.2150	17.9314	17.9326	0.9776
128	0.000	SzSz r=1	111	28.7627	0.8584	31.2326	31.2345	0.9209
128	0.000	SzSz r=1	112	16.2615	9.1593	16.6486	16.6546	0.9764
128	0.000	SzSz r=1	113	30.4735	0.8613	31.8963	31.8802	0.9559
128	0.000	SzSz r=1	114	17.7183	9.9488	18.3698	18.3809	0.9640
128	0.000	SzSz r=1	115	32.6060	0.8798	34.1454	34.1427	0.9550
128	0.000	SzSz r=1	116	15.4824	9.1325	15.8243	15.8283	0.9782
128	0.000	SzSz r=1	117	30.7365	0.9151	32.7141	32.7157	0.9395
128	0.000	SzSz r=1	118	15.5452	9.5584	15.5736	15.5452	1.0000
128	0.000	SzSz r=1	119	33.4042	0.9951	35.0924	35.0625	0.9527
128	0.000	SzSz r=1	120	15.5688	9.6743	15.6427	15.6426	0.9953
128	0.000	SzSz r=1	121	33.2428	1.0695	34.2480	34.2437	0.9708
128	0.000	SzSz r=1	122	13.4167	7.6226	13.5348	13.5367	0.9911
128	0.000	SzSz r=1	123	37.6875	1.2347	39.4776	39.4750	0.9547
128	0.000	SzSz r=1	124	11.9033	1.4324	11.9622	11.9418	0.9968
128	0.000	SzSz r=1	125	42.4587	1.6133	43.2540	43.2573	0.9815
128	0.000	SzSz r=1	126	8.3346	1.0160	8.3625	8.3622	0.9967
128	0.000	SzSz r=1	127	94.1691	4.9661	94.7958	94.7960	0.9934
128	0.000	ZZ onsite	1	104.5597	6.0610	104.5687	104.5690	0.9999
128	0.000	ZZ onsite	2	56.5020	2.2770	56.5126	56.5016	1.0000
128	0.000	ZZ onsite	3	55.2956	2.4440	55.4320	55.4262	0.9976
128	0.000	ZZ onsite	4	50.1966	2.1144	50.2272	50.2135	0.9997
128	0.000	ZZ onsite	5	53.3533	2.2690	53.3990	53.3939	0.9992
128	0.000	ZZ onsite	6	51.9891	2.1561	52.0408	52.0408	0.9990
128	0.000	ZZ onsite	7	49.3266	2.1460	49.5226	49.4273	0.9980
128	0.000	ZZ onsite	8	51.2177	2.0949	51.4316	51.3392	0.9976
128	0.000	ZZ onsite	9	53.1564	2.1786	53.2157	53.2167	0.9989
128	0.000	ZZ onsite	10	55.0356	2.1965	55.2021	55.1759	0.9975
128	0.000	ZZ onsite	11	53.0666	2.2474	53.3405	53.2872	0.9959
128	0.000	ZZ onsite	12	49.9816	2.2937	50.4001	50.2258	0.9951
128	0.000	ZZ onsite	13	53.1196	2.1763	53.1688	53.1708	0.9990
128	0.000	ZZ onsite	14	44.3413	2.1883	44.3973	44.3861	0.9990
128	0.000	ZZ onsite	15	46.6989	2.2099	46.7765	46.7635	0.9986
128	0.000	ZZ onsite	16	43.1131	2.1008	43.2599	43.2197	0.9975
128	0.000	ZZ onsite	17	54.8577	2.1650	54.9459	54.9290	0.9987
128	0.000	ZZ onsite	18	49.8686	2.1234	50.0183	49.9880	0.9976
128	0.000	ZZ onsite	19	58.0548	2.1698	58.1429	58.1284	0.9987
128	0.000	ZZ onsite	20	53.9515	2.1241	54.1278	54.1007	0.9972
128	0.000	ZZ onsite	21	49.5566	2.1222	49.7077	49.6677	0.9978
128	0.000	ZZ onsite	22	57.9008	2.1836	57.9391	57.9388	0.9993
128	0.000	ZZ onsite	23	51.3807	2.1586	51.4548	51.4439	0.9988
128	0.000	ZZ onsite	24	57.1234	2.2095	57.1458	57.1247	1.0000
128	0.000	ZZ onsite	25	52.4761	2.1924	52.4896	52.4885	0.9998
128	0.000	ZZ onsite	26	46.7565	2.2210	46.7957	46.7501	1.0001
128	0.000	ZZ onsite	27	49.8643	2.1875	49.8786	49.8778	0.9997
128	0.000	ZZ onsite	28	49.4888	2.1475	49.5608	49.5655	0.9985
128	0.000	ZZ onsite	29	51.2321	2.1307	51.3318	51.3343	0.9980
128	0.000	ZZ onsite	30	54.6792	2.1111	54.8431	54.8580	0.9967
128	0.000	ZZ onsite	31	52.2835	2.2323	52.3241	52.2737	1.0002
128	0.000	ZZ onsite	32	48.5127	2.1566	48.5647	48.5680	0.9989
128	0.000	ZZ onsite	33	51.4355	2.2194	51.4592	51.4273	1.0002
128	0.000	ZZ onsite	34	45.0299	2.1110	45.1213	45.1334	0.9977
128	0.000	ZZ onsite	35	57.5150	2.2309	57.5487	57.4983	1.0003
128	0.000	ZZ onsite	36	47.1300	2.2098	47.1464	47.1199	1.0002
128	0.000	ZZ onsite	37	52.9362	2.1391	53.0020	53.0284	0.9983
128	0.000	ZZ onsite	38	54.7018	2.2169	54.7192	54.6855	1.0003
128	0.000	ZZ onsite	39	48.8210	2.2640	48.8678	48.7801	1.0008
128	0.000	ZZ onsite	40	55.5291	2.1600	55.5859	55.6018	0.9987
128	0.000	ZZ onsite	41	48.1762	2.1304	48.2257	48.2557	0.9984
128	0.000	ZZ onsite	42	48.0832	2.1239	48.1523	48.1779	0.9980
128	0.000	ZZ onsite	43	50.3655	2.2184	50.3782	50.3466	1.0004
128	0.000	ZZ onsite	44	53.3833	2.1668	53.4223	53.4328	0.9991
128	0.000	ZZ onsite	45	54.5837	2.1762	54.6085	54.6188	0.9994
128	0.000	ZZ onsite	46	57.2105	2.2261	57.2355	57.1878	1.0004
128	0.000	ZZ onsite	47	55.3462	2.2211	55.3591	55.3241	1.0004
128	0.000	ZZ onsite	48	48.1181	2.1853	48.1273	48.1252	0.9999
128	0.000	ZZ onsite	49	54.7017	2.1193	54.7736	54.8280	0.9977
128	0.000	ZZ onsite	50	51.6931	2.1938	51.7000	51.6952	1.0000
128	0.000	ZZ onsite	51	48.5183	2.1355	48.5588	48.5882	0.9986
128	0.000	ZZ onsite	52	48.9184	2.0406	49.0814	49.1531	0.9952
128	0.000	ZZ onsite	53	53.5026	2.2980	53.5695	53.4282	1.0014
128	0.000	ZZ onsite	54	50.6382	2.1434	50.7019	50.7228	0.9983
128	0.000	ZZ onsite	55	53.8342	2.1757	53.8551	53.8652	0.9994
128	0.000	ZZ onsite	56	53.1462	2.2089	53.1533	53.1339	1.0002
128	0.000	ZZ onsite	57	54.8784	2.1931	54.8875	54.8854	0.9999
128	0.000	ZZ onsite	58	46.8506	2.2092	46.8616	46.8380	1.0003
128	0.000	ZZ onsite	59	51.5255	2.2392	51.5521	51.4909	1.0007
128	0.000	ZZ onsite	60	47.3416	2.1648	47.3783	47.3854	0.9991
128	0.000	ZZ onsite	61	49.5602	2.1175	49.6212	49.6656	0.9979
128	0.000	ZZ onsite	62	45.9862	2.1243	46.0640	46.0879	0.9978
128	0.000	ZZ onsite	63	60.2738	2.2123	60.2769	60.2573	1.0003
128	0.000	ZZ onsite	64	54.6868	2.2968	54.8123	54.6255	1.0011
128	0.000	ZZ onsite	65	50.9094	2.2551	50.9510	50.8647	1.0009
128	0.000	ZZ onsite	66	46.8115	2.1735	46.8409	46.8438	0.9993
128	0.000	ZZ onsite	67	57.1073	2.1381	57.1831	57.2297	0.9979
128	0.000	ZZ onsite	68	49.9509	2.1882	49.9709	49.9688	0.9996
128	0.000	ZZ onsite	69	47.5286	2.2198	47.5440	47.5071	1.0005
128	0.000	ZZ onsite	70	50.5915	2.1653	50.6445	50.6544	0.9988
128	0.000	ZZ onsite	71	56.2276	2.2838	56.3056	56.1554	1.0013
128	0.000	ZZ onsite	72	48.2954	2.1816	48.3209	48.3212	0.9995
128	0.000	ZZ onsite	73	52.1634	2.2516	52.2069	52.1196	1.0008
128	0.000	ZZ onsite	74	49.2891	2.0992	49.4294	49.4719	0.9963
128	0.000	ZZ onsite	75	48.3215	2.1754	48.3417	48.3463	0.9995
128	0.000	ZZ onsite	76	50.8353	2.2702	50.9207	50.7936	1.0008
128	0.000	ZZ onsite	77	50.3096	2.2400	50.3427	50.2750	1.0007
128	0.000	ZZ onsite	78	52.3338	2.2457	52.3884	52.3029	1.0006
128	0.000	ZZ onsite	79	50.2449	2.2367	50.2754	50.2125	1.0006
128	0.000	ZZ onsite	80	54.8952	2.2153	54.9064	54.8800	1.0003
128	0.000	ZZ onsite	81	52.9169	2.1567	52.9646	52.9864	0.9987
128	0.000	ZZ onsite	82	52.4984	2.1648	52.5601	52.5721	0.9986
128	0.000	ZZ onsite	83	47.9513	2.2357	47.9806	47.9212	1.0006
128	0.000	ZZ onsite	84	51.1978	2.1866	51.2238	51.2234	0.9995
128	0.000	ZZ onsite	85	49.6722	2.1568	49.7098	49.7262	0.9989
128	0.000	ZZ onsite	86	48.9784	2.0765	49.1416	49.1938	0.9956
128	0.000	ZZ onsite	87	47.4629	2.2081	47.4714	47.4482	1.0003
128	0.000	ZZ onsite	88	49.4989	2.1330	49.5870	49.6112	0.9977
128	0.000	ZZ onsite	89	50.2375	2.1286	50.2996	50.3327	0.9981
128	0.000	ZZ onsite	90	46.9249	2.1430	46.9887	47.0031	0.9983
128	0.000	ZZ onsite	91	54.6545	2.1830	54.6751	54.6769	0.9996
128	0.000	ZZ onsite	92	46.6253	2.1730	46.6532	46.6553	0.9994
128	0.000	ZZ onsite	93	47.7582	2.1356	47.8118	47.8276	0.9985
128	0.000	ZZ onsite	94	52.7512	2.1742	52.7932	52.7967	0.9991
128	0.000	ZZ onsite	95	44.9654	2.1128	45.0359	45.0509	0.9981
128	0.000	ZZ onsite	96	49.5145	2.1501	49.5838	49.5894	0.9985
128	0.000	ZZ onsite	97	49.9691	2.1908	49.9728	49.9701	1.0000
128	0.000	ZZ onsite	98	50.0532	2.1943	50.0623	50.0604	0.9999
128	0.000	ZZ onsite	99	45.8481	2.1490	45.8897	45.8940	0.9990
128	0.000	ZZ onsite	100	50.6297	2.1430	50.7225	50.7292	0.9980
128	0.000	ZZ onsite	101	45.4867	2.1260	45.5524	45.5603	0.9984
128	0.000	ZZ onsite	102	54.5655	2.2178	54.5859	54.5600	1.0001
128	0.000	ZZ onsite	103	53.4975	2.1966	53.5027	53.4940	1.0001
128	0.000	ZZ onsite	104	54.5691	2.1659	54.6479	54.6520	0.9985
128	0.000	ZZ onsite	105	51.5838	2.1034	51.7125	51.7272	0.9972
128	0.000	ZZ onsite	106	49.8232	2.2881	49.9525	49.8086	1.0003
128	0.000	ZZ onsite	107	48.2687	2.1476	48.3207	48.3248	0.9988
128	0.000	ZZ onsite	108	49.5924	2.1669	49.6535	49.6561	0.9987
128	0.000	ZZ onsite	109	46.3604	2.0568	46.5169	46.5328	0.9963
128	0.000	ZZ onsite	110	50.3097	2.1486	50.4083	50.4136	0.9979
128	0.000	ZZ onsite	111	49.5222	2.1494	49.5744	49.5773	0.9989
128	0.000	ZZ onsite	112	52.7145	2.1586	52.8115	52.8152	0.9981
128	0.000	ZZ onsite	113	53.4189	2.1215	53.5446	53.5348	0.9978
128	0.000	ZZ onsite	114	48.1860	2.2036	48.1927	48.1907	0.9999
128	0.000	ZZ onsite	115	56.2686	2.1622	56.3222	56.3184	0.9991
128	0.000	ZZ onsite	116	51.0697	2.1972	51.0938	51.0933	0.9995
128	0.000	ZZ onsite	117	50.8323	2.1692	50.8498	50.8495	0.9997
128	0.000	ZZ onsite	118	54.5646	2.1991	54.5993	54.5993	0.9994
128	0.000	ZZ onsite	119	48.4955	2.2065	48.5407	48.4929	1.0001
128	0.000	ZZ onsite	120	47.7601	2.1259	47.8853	47.8889	0.9973
128	0.000	ZZ onsite	121	50.3126	2.2423	50.4157	50.3101	1.0001
128	0.000	ZZ onsite	122	50.9264	2.1736	51.0351	51.0012	0.9985
128	0.000	ZZ onsite	123	50.0116	2.2119	50.0620	50.0115	1.0000
128	0.000	ZZ onsite	124	55.5955	2.2263	55.6358	55.6358	0.9993
128	0.000	ZZ onsite	125	47.7002	2.0588	47.7475	47.7473	0.9990
128	0.000	ZZ onsite	126	56.0337	2.4051	56.2522	56.2522	0.9961
128	0.000	ZZ onsite	127	50.9475	2.2387	51.0044	51.0045	0.9989
128	0.000	ZZ onsite	128	94.7431	6.0679	94.7486	94.7472	1.0000
128	0.000	ZZ up-up r=1	1	170.2686	19.2581	174.8645	174.8674	0.9737
128	0.000	ZZ up-up r=1	2	10.8743	1.2461	10.9400	10.9400	0.9940
128	0.000	ZZ up-up r=1	3	80.2007	3.9791	80.3227	80.3242	0.9985
128	0.000	ZZ up-up r=1	4	15.8376	1.3339	15.8673	15.8530	0.9990
128	0.000	ZZ up-up r=1	5	64.6467	2.8306	64.9524	64.9506	0.9953
128	0.000	ZZ up-up r=1	6	18.9400	5.9904	19.3193	19.3279	0.9799
128	0.000	ZZ up-up r=1	7	54.3446	2.2075	54.8371	54.4077	0.9988
128	0.000	ZZ up-up r=1	8	18.3388	6.3747	18.4872	18.4440	0.9943
128	0.000	ZZ up-up r=1	9	47.6014	2.1197	47.6374	47.6241	0.9995
128	0.000	ZZ up-up r=1	10	20.1537	6.7555	20.2908	20.1723	0.9991
128	0.000	ZZ up-up r=1	11	48.9127	2.0447	49.1974	49.1843	0.9945
128	0.000	ZZ up-up r=1	12	20.7418	6.5692	21.4010	21.4067	0.9689
128	0.000	ZZ up-up r=1	13	45.8985	1.9418	46.1748	46.1630	0.9943
128	0.000	ZZ up-up r=1	14	25.4377	7.2526	25.9050	25.8249	0.9850
128	0.000	ZZ up-up r=1	15	46.1722	1.7609	46.3123	46.1964	0.9995
128	0.000	ZZ up-up r=1	16	22.0242	6.7344	23.0099	23.0252	0.9565
128	0.000	ZZ up-up r=1	17	44.6790	1.8082	44.9737	44.9594	0.9938
128	0.000	ZZ up-up r=1	18	24.3022	7.0346	25.3432	25.3444	0.9589
128	0.000	ZZ up-up r=1	19	47.1562	1.7290	47.3404	47.3370	0.9962
128	0.000	ZZ up-up r=1	20	25.8439	6.8891	28.0384	28.1194	0.9191
128	0.000	ZZ up-up r=1	21	43.1990	1.7012	43.4076	43.4018	0.9953
128	0.000	ZZ up-up r=1	22	24.7320	6.9792	26.3503	26.3883	0.9372
128	0.000	ZZ up-up r=1	23	44.1650	1.6965	44.4996	44.4883	0.9927
128	0.000	ZZ up-up r=1	24	22.1210	7.0205	22.8769	22.8593	0.9677
128	0.000	ZZ up-up r=1	25	41.6876	1.5486	41.8697	41.7008	0.9997
128	0.000	ZZ up-up r=1	26	23.9918	7.0756	25.2661	25.2749	0.9492
128	0.000	ZZ up-up r=1	27	41.2123	1.6104	41.3833	41.3813	0.9959
128	0.000	ZZ up-up r=1	28	26.1442	7.3737	27.3026	27.2769	0.9585
128	0.000	ZZ up-up r=1	29	41.0497	1.6223	41.3497	41.3444	0.9929
128	0.000	ZZ up-up r=1	30	25.1417	7.3009	26.2785	26.2580	0.9575
128	0.000	ZZ up-up r=1	31	40.8417	1.4929	41.0137	40.8482	0.9998
128	0.000	ZZ up-up r=1	32	25.7346	7.2179	27.4167	27.4394	0.9379
128	0.000	ZZ up-up r=1	33	38.6503	1.5177	38.6802	38.6609	0.9997
128	0.000	ZZ up-up r=1	34	24.3793	7.3789	25.1685	25.1183	0.9706
128	0.000	ZZ up-up r=1	35	40.2057	1.5710	40.4946	40.4935	0.9929
128	0.000	ZZ up-up r=1	36	25.7312	7.2623	27.3892	27.4053	0.9389
128	0.000	ZZ up-up r=1	37	39.9391	1.5063	40.0142	40.0065	0.9983
128	0.000	ZZ up-up r=1	38	26.3276	7.2808	28.2106	28.2400	0.9323
128	0.000	ZZ up-up r=1	39	43.7640	1.4981	43.8589	43.8491	0.9981
128	0.000	ZZ up-up r=1	40	25.9105	7.3146	27.5621	27.5736	0.9397
128	0.000	ZZ up-up r=1	41	39.3843	1.5205	39.6113	39.6048	0.9944
128	0.000	ZZ up-up r=1	42	27.0763	7.2605	29.4598	29.5322	0.9168
128	0.000	ZZ up-up r=1	43	45.2876	1.4906	45.4391	45.4417	0.9966
128	0.000	ZZ up-up r=1	44	28.6223	7.7087	29.9380	29.8778	0.9580
128	0.000	ZZ up-up r=1	45	41.5371	1.4692	41.6188	41.6021	0.9984
128	0.000	ZZ up-up r=1	46	27.6777	7.3720	29.9711	30.0269	0.9218
128	0.000	ZZ up-up r=1	47	44.2174	1.5084	44.5805	44.5696	0.9921
128	0.000	ZZ up-up r=1	48	26.4622	7.5120	27.8083	27.7797	0.9526
128	0.000	ZZ up-up r=1	49	40.0453	1.4854	40.2646	40.2626	0.9946
128	0.000	ZZ up-up r=1	50	28.8641	7.7576	30.2100	30.1473	0.9574
128	0.000	ZZ up-up r=1	51	38.3578	1.4720	38.5237	38.5252	0.9957
128	0.000	ZZ up-up r=1	52	25.9724	7.5106	27.2189	27.1867	0.9553
128	0.000	ZZ up-up r=1	53	40.1450	1.4511	40.2513	40.2360	0.9977
128	0.000	ZZ up-up r=1	54	27.0242	7.4306	28.9637	28.9944	0.9320
128	0.000	ZZ up-up r=1	55	40.9923	1.4448	41.0950	41.0727	0.9980
128	0.000	ZZ up-up r=1	56	27.7943	7.5292	29.7027	29.7200	0.9352
128	0.000	ZZ up-up r=1	57	36.8783	1.4646	37.0711	37.0717	0.9948
128	0.000	ZZ up-up r=1	58	25.7885	7.3311	27.6373	27.6789	0.9317
128	0.000	ZZ up-up r=1	59	41.0179	1.4420	41.1448	41.1239	0.9974
128	0.000	ZZ up-up r=1	60	26.6267	7.4810	28.3118	28.3244	0.9401
128	0.000	ZZ up-up r=1	61	38.3127	1.4924	38.7272	38.7175	0.9895
128	0.000	ZZ up-up r=1	62	26.7384	7.5336	28.3102	28.3104	0.9445
128	0.000	ZZ up-up r=1	63	42.8175	1.5257	43.5997	43.5747	0.9826
128	0.000	ZZ up-up r=1	64	26.8416	7.4614	28.7208	28.7576	0.9334
128	0.000	ZZ up-up r=1	65	38.4610	1.3712	38.8257	38.4936	0.9992
128	0.000	ZZ up-up r=1	66	24.7762	7.2249	26.6416	26.7081	0.9277
128	0.000	ZZ up-up r=1	67	40.9840	1.4745	41.3858	41.3824	0.9904
128	0.000	ZZ up-up r=1	68	26.1452	7.5720	27.4502	27.4355	0.9530
128	0.000	ZZ up-up r=1	69	36.5345	1.4116	36.6150	36.5499	0.9996
128	0.000	ZZ up-up r=1	70	23.6128	7.3057	24.8397	24.8500	0.9502
128	0.000	ZZ up-up r=1	71	43.0333	1.4404	43.2344	43.2020	0.9961
128	0.000	ZZ up-up r=1	72	25.8605	7.5665	27.1247	27.1150	0.9537
128	0.000	ZZ up-up r=1	73	36.1905	1.4899	36.6359	36.6301	0.9880
128	0.000	ZZ up-up r=1	74	24.6501	7.6323	25.3879	25.3364	0.9729
128	0.000	ZZ up-up r=1	75	37.1826	1.5116	37.7995	37.7888	0.9840
128	0.000	ZZ up-up r=1	76	30.0836	7.8088	32.0475	32.0698	0.9381
128	0.000	ZZ up-up r=1	77	38.8983	1.4616	39.1873	39.1913	0.9925
128	0.000	ZZ up-up r=1	78	24.5377	7.5022	25.6063	25.5996	0.9585
128	0.000	ZZ up-up r=1	79	36.4450	1.3899	36.7284	36.4673	0.9994
128	0.000	ZZ up-up r=1	80	27.1924	7.6981	28.5706	28.5727	0.9517
128	0.000	ZZ up-up r=1	81	40.0955	1.5154	40.8296	40.8212	0.9822
128	0.000	ZZ up-up r=1	82	27.4730	7.4042	29.9153	30.0435	0.9144
128	0.000	ZZ up-up r=1	83	42.4273	1.5653	43.6989	43.6772	0.9714
128	0.000	ZZ up-up r=1	84	26.6668	7.5985	28.1961	28.2301	0.9446
128	0.000	ZZ up-up r=1	85	41.8047	1.5496	42.8803	42.8663	0.9752
128	0.000	ZZ up-up r=1	86	26.5138	7.7472	27.5999	27.5906	0.9610
128	0.000	ZZ up-up r=1	87	39.6352	1.5315	40.4253	40.4192	0.9806
128	0.000	ZZ up-up r=1	88	24.8748	7.6037	25.8670	25.8674	0.9616
128	0.000	ZZ up-up r=1	89	41.5733	1.5562	42.6332	42.6241	0.9753
128	0.000	ZZ up-up r=1	90	25.1033	7.7741	25.7870	25.7571	0.9746
128	0.000	ZZ up-up r=1	91	40.2852	1.5166	40.8558	40.8566	0.9860
128	0.000	ZZ up-up r=1	92	22.9912	7.3660	23.9962	24.0233	0.9570
128	0.000	ZZ up-up r=1	93	34.1281	1.4622	34.2107	34.1153	1.0004
128	0.000	ZZ up-up r=1	94	27.1789	8.0233	27.8523	27.8135	0.9772
128	0.000	ZZ up-up r=1	95	42.2216	1.5806	43.3308	43.3431	0.9741
128	0.000	ZZ up-up r=1	96	28.6646	7.8711	30.1238	30.1643	0.9503
128	0.000	ZZ up-up r=1	97	43.7476	1.5530	44.5012	44.4994	0.9831
128	0.000	ZZ up-up r=1	98	23.4143	7.5240	24.2502	24.2676	0.9648
128	0.000	ZZ up-up r=1	99	36.5082	1.5851	37.2139	37.2159	0.9810
128	0.000	ZZ up-up r=1	100	25.4939	7.9511	26.0285	26.0056	0.9803
128	0.000	ZZ up-up r=1	101	44.2166	1.6245	45.4865	45.4924	0.9720
128	0.000	ZZ up-up r=1	102	25.2619	7.7792	26.0887	26.1027	0.9678
128	0.000	ZZ up-up r=1	103	44.2942	1.6206	45.2890	45.2892	0.9780
128	0.000	ZZ up-up r=1	104	23.9078	7.8523	24.3462	24.3331	0.9825
128	0.000	ZZ up-up r=1	105	41.8043	1.7028	43.3187	43.3263	0.9649
128	0.000	ZZ up-up r=1	106	23.7929	7.8625	24.2191	24.2101	0.9828
128	0.000	ZZ up-up r=1	107	43.5359	1.6161	43.9334	43.8111	0.9937
128	0.000	ZZ up-up r=1	108	27.5239	7.8788	28.7180	28.7717	0.9566
128	0.000	ZZ up-up r=1	109	47.3114	1.7010	48.2916	48.2904	0.9797
128	0.000	ZZ up-up r=1	110	22.7725	7.5834	23.4288	23.4533	0.9710
128	0.000	ZZ up-up r=1	111	43.9435	1.7445	44.7727	44.7723	0.9815
128	0.000	ZZ up-up r=1	112	25.1213	7.9478	25.7259	25.7411	0.9759
128	0.000	ZZ up-up r=1	113	48.7471	1.7428	49.0905	48.8983	0.9969
128	0.000	ZZ up-up r=1	114	23.5359	7.8345	24.0277	24.0414	0.9790
128	0.000	ZZ up-up r=1	115	50.7660	1.8503	51.4186	51.3324	0.9890
128	0.000	ZZ up-up r=1	116	22.2637	7.7400	22.6639	22.6733	0.9819
128	0.000	ZZ up-up r=1	117	45.8059	2.0212	46.8858	46.8854	0.9770
128	0.000	ZZ up-up r=1	118	22.7622	7.7816	23.0115	23.0189	0.9888
128	0.000	ZZ up-up r=1	119	55.5577	2.1287	56.8902	56.8914	0.9766
128	0.000	ZZ up-up r=1	120	20.2986	7.4992	20.3627	20.3617	0.9969
128	0.000	ZZ up-up r=1	121	51.5295	2.3225	52.1744	52.1100	0.9889
128	0.000	ZZ up-up r=1	122	20.3896	6.9393	20.4265	20.4206	0.9985
128	0.000	ZZ up-up r=1	123	56.3508	2.7617	56.9565	56.9227	0.9900
128	0.000	ZZ up-up r=1	124	17.4590	1.3488	17.4858	17.4828	0.9986
128	0.000	ZZ up-up r=1	125	69.8863	4.0072	70.7227	70.7183	0.9882
128	0.000	ZZ up-up r=1	126	12.6967	1.2697	12.7388	12.7390	0.9967
128	0.000	ZZ up-up r=1	127	159.3866	18.0577	163.9560	163.9908	0.9719
128	0.000	hop up r=1	1	71.3765	1.0000	71.5437	71.5311	0.9978
128	0.000	hop up r=1	2	17.7578	1.0000	17.8459	17.8467	0.9950
128	0.000	hop up r=1	3	43.8889	1.0000	43.9964	43.8978	0.9998
128	0.000	hop up r=1	4	20.8650	1.0000	20.9339	20.9319	0.9968
128	0.000	hop up r=1	5	40.0660	1.0000	40.1846	40.1771	0.9972
128	0.000	hop up r=1	6	22.0825	1.0000	22.2994	22.3018	0.9902
128	0.000	hop up r=1	7	37.5382	1.0000	37.6055	37.5952	0.9985
128	0.000	hop up r=1	8	20.0841	1.0000	20.4339	20.4408	0.9825
128	0.000	hop up r=1	9	38.9786	1.0000	39.0955	39.0877	0.9972
128	0.000	hop up r=1	10	24.4218	1.0000	24.8405	24.8423	0.9831
128	0.000	hop up r=1	11	35.5257	1.0000	35.6958	35.6870	0.9955
128	0.000	hop up r=1	12	24.7970	1.0000	24.9021	24.7694	1.0011
128	0.000	hop up r=1	13	35.9819	1.0000	36.1506	36.1440	0.9955
128	0.000	hop up r=1	14	24.4182	1.0000	25.0379	25.0433	0.9750
128	0.000	hop up r=1	15	37.3104	1.0000	37.3351	37.3138	0.9999
128	0.000	hop up r=1	16	22.4167	1.0000	22.8684	22.8660	0.9804
128	0.000	hop up r=1	17	34.9333	1.0000	35.0215	35.0210	0.9975
128	0.000	hop up r=1	18	23.3210	1.0000	24.1874	24.2047	0.9635
128	0.000	hop up r=1	19	33.5705	1.0000	33.6136	33.6092	0.9988
128	0.000	hop up r=1	20	25.1361	1.0000	26.1193	26.1348	0.9618
128	0.000	hop up r=1	21	32.7754	1.0000	32.8975	32.7785	0.9999
128	0.000	hop up r=1	22	26.1272	1.0000	27.1635	27.1757	0.9614
128	0.000	hop up r=1	23	33.7698	1.0000	33.9082	33.9077	0.9959
128	0.000	hop up r=1	24	25.9223	1.0000	26.4225	26.3668	0.9831
128	0.000	hop up r=1	25	34.4239	1.0000	34.7037	34.7028	0.9920
128	0.000	hop up r=1	26	24.0769	1.0000	24.7438	24.7367	0.9733
128	0.000	hop up r=1	27	38.9933	1.0000	39.3016	39.3013	0.9922
128	0.000	hop up r=1	28	24.2465	1.0000	24.7289	24.6821	0.9824
128	0.000	hop up r=1	29	33.5176	1.0000	33.6886	33.6887	0.9949
128	0.000	hop up r=1	30	27.3922	1.0000	28.7013	28.7158	0.9539
128	0.000	hop up r=1	31	33.3802	1.0000	33.6127	33.6132	0.9931
128	0.000	hop up r=1	32	24.8061	1.0000	25.6682	25.6651	0.9665
128	0.000	hop up r=1	33	32.5190	1.0000	32.6954	32.6961	0.9946
128	0.000	hop up r=1	34	24.1739	1.0000	25.1186	25.1230	0.9622
128	0.000	hop up r=1	35	33.6078	1.0000	33.7443	33.7444	0.9960
128	0.000	hop up r=1	36	24.2506	1.0000	25.6292	25.6609	0.9450
128	0.000	hop up r=1	37	32.5549	1.0000	32.7452	32.7582	0.9938
128	0.000	hop up r=1	38	23.9317	1.0000	24.4040	24.3216	0.9840
128	0.000	hop up r=1	39	33.5235	1.0000	33.6932	33.6988	0.9948
128	0.000	hop up r=1	40	23.8934	1.0000	24.6507	24.6407	0.9697
128	0.000	hop up r=1	41	34.6565	1.0000	34.8846	34.8975	0.9931
128	0.000	hop up r=1	42	24.5661	1.0000	25.0609	24.9622	0.9841
128	0.000	hop up r=1	43	34.4709	1.0000	34.8457	34.8821	0.9882
128	0.000	hop up r=1	44	24.7207	1.0000	25.9099	25.9242	0.9536
128	0.000	hop up r=1	45	31.4303	1.0000	31.7232	31.7490	0.9900
128	0.000	hop up r=1	46	24.5472	1.0000	25.4538	25.4484	0.9646
128	0.000	hop up r=1	47	28.8405	1.0000	28.8828	28.8142	1.0009
128	0.000	hop up r=1	48	25.5907	1.0000	27.5002	27.5622	0.9285
128	0.000	hop up r=1	49	32.9343	1.0000	33.2469	33.2709	0.9899
128	0.000	hop up r=1	50	24.9217	1.0000	26.2623	26.2856	0.9481
128	0.000	hop up r=1	51	35.9908	1.0000	36.4409	36.4802	0.9866
128	0.000	hop up r=1	52	24.0877	1.0000	24.5609	24.4539	0.9850
128	0.000	hop up r=1	53	34.6636	1.0000	34.8853	34.8890	0.9935
128	0.000	hop up r=1	54	26.0458	1.0000	27.4363	27.4558	0.9486
128	0.000	hop up r=1	55	30.1664	1.0000	30.1800	30.1518	1.0005
128	0.000	hop up r=1	56	25.4446	1.0000	26.2017	26.1788	0.9720
128	0.000	hop up r=1	57	33.3140	1.0000	33.4232	33.4064	0.9972
128	0.000	hop up r=1	58	27.0096	1.0000	28.3561	28.3660	0.9522
128	0.000	hop up r=1	59	32.3480	1.0000	32.7372	32.7673	0.9872
128	0.000	hop up r=1	60	27.1579	1.0000	27.7270	27.5717	0.9850
128	0.000	hop up r=1	61	29.9012	1.0000	29.9792	29.8636	1.0013
128	0.000	hop up r=1	62	26.7245	1.0000	28.4771	28.5202	0.9370
128	0.000	hop up r=1	63	35.2793	1.0000	35.5902	35.5993	0.9910
128	0.000	hop up r=1	64	25.9833	1.0000	26.5840	26.4885	0.9809
128	0.000	hop up r=1	65	33.1399	1.0000	33.1684	33.1023	1.0011
128	0.000	hop up r=1	66	25.0585	1.0000	25.9964	25.9906	0.9641
128	0.000	hop up r=1	67	32.3412	1.0000	32.5511	32.5488	0.9936
128	0.000	hop up r=1	68	24.0271	1.0000	25.3368	25.3655	0.9472
128	0.000	hop up r=1	69	30.8009	1.0000	30.8195	30.7794	1.0007
128	0.000	hop up r=1	70	29.5765	1.0000	31.1059	31.1146	0.9506
128	0.000	hop up r=1	71	32.7161	1.0000	33.4552	33.5260	0.9758
128	0.000	hop up r=1	72	24.1154	1.0000	25.5536	25.5928	0.9423
128	0.000	hop up r=1	73	35.1381	1.0000	35.7420	35.7853	0.9819
128	0.000	hop up r=1	74	25.9319	1.0000	26.4965	26.4033	0.9821
128	0.000	hop up r=1	75	29.3209	1.0000	29.6876	29.7089	0.9869
128	0.000	hop up r=1	76	24.5119	1.0000	25.9612	26.0003	0.9428
128	0.000	hop up r=1	77	32.4191	1.0000	32.9272	32.9596	0.9836
128	0.000	hop up r=1	78	27.6111	1.0000	29.0618	29.0829	0.9494
128	0.000	hop up r=1	79	31.7125	1.0000	31.9682	31.9666	0.9921
128	0.000	hop up r=1	80	25.4066	1.0000	25.9531	25.8840	0.9816
128	0.000	hop up r=1	81	32.4591	1.0000	32.7258	32.7226	0.9919
128	0.000	hop up r=1	82	25.9934	1.0000	26.6316	26.6008	0.9772
128	0.000	hop up r=1	83	30.7263	1.0000	31.0033	31.0044	0.9910
128	0.000	hop up r=1	84	23.6615	1.0000	24.6363	24.6490	0.9599
128	0.000	hop up r=1	85	33.0272	1.0000	33.4795	33.4963	0.9860
128	0.000	hop up r=1	86	26.8467	1.0000	28.1728	28.1948	0.9522
128	0.000	hop up r=1	87	36.0853	1.0000	36.4718	36.4705	0.9894
128	0.000	hop up r=1	88	24.4864	1.0000	25.0574	25.0414	0.9778
128	0.000	hop up r=1	89	34.4517	1.0000	34.9100	34.9209	0.9866
128	0.000	hop up r=1	90	23.3963	1.0000	24.5557	24.5852	0.9516
128	0.000	hop up r=1	91	31.7452	1.0000	32.1863	32.1938	0.9861
128	0.000	hop up r=1	92	24.5412	1.0000	25.4873	25.4987	0.9624
128	0.000	hop up r=1	93	35.8066	1.0000	36.4392	36.4495	0.9824
128	0.000	hop up r=1	94	25.1159	1.0000	26.3732	26.4045	0.9512
128	0.000	hop up r=1	95	30.4295	1.0000	30.5848	30.5537	0.9959
128	0.000	hop up r=1	96	24.1300	1.0000	24.8280	24.8285	0.9719
128	0.000	hop up r=1	97	35.2628	1.0000	35.4811	35.4395	0.9950
128	0.000	hop up r=1	98	26.2508	1.0000	26.7490	26.7218	0.9824
128	0.000	hop up r=1	99	31.7667	1.0000	31.8589	31.7568	1.0003
128	0.000	hop up r=1	100	26.1988	1.0000	26.8878	26.8840	0.9745
128	0.000	hop up r=1	101	35.5955	1.0000	36.0959	36.0961	0.9861
128	0.000	hop up r=1	102	25.2726	1.0000	26.1033	26.1137	0.9678
128	0.000	hop up r=1	103	38.0190	1.0000	38.5083	38.5069	0.9873
128	0.000	hop up r=1	104	26.4073	1.0000	27.1367	27.1394	0.9730
128	0.000	hop up r=1	105	30.1349	1.0000	30.2477	30.1269	1.0003
128	0.000	hop up r=1	106	25.3972	1.0000	26.1069	26.1138	0.9726
128	0.000	hop up r=1	107	31.7242	1.0000	32.3512	32.3552	0.9805
128	0.000	hop up r=1	108	26.6186	1.0000	27.5381	27.5563	0.9660
128	0.000	hop up r=1	109	32.0383	1.0000	32.6153	32.6182	0.9822
128	0.000	hop up r=1	110	24.1392	1.0000	24.4234	24.4074	0.9890
128	0.000	hop up r=1	111	35.4576	1.0000	36.0892	36.0916	0.9824
128	0.000	hop up r=1	112	25.6391	1.0000	25.9293	25.9103	0.9895
128	0.000	hop up r=1	113	40.1613	1.0000	40.3863	40.1557	1.0001
128	0.000	hop up r=1	114	25.4091	1.0000	25.9094	25.9147	0.9805
128	0.000	hop up r=1	115	35.5287	1.0000	35.9991	36.0002	0.9869
128	0.000	hop up r=1	116	24.5894	1.0000	25.1266	25.1354	0.9783
128	0.000	hop up r=1	117	34.1647	1.0000	34.2992	34.2816	0.9966
128	0.000	hop up r=1	118	22.5593	1.0000	23.1455	23.1604	0.9740
128	0.000	hop up r=1	119	37.4326	1.0000	38.9132	38.9125	0.9620
128	0.000	hop up r=1	120	24.5542	1.0000	24.6119	24.5423	1.0005
128	0.000	hop up r=1	121	36.7169	1.0000	37.1501	37.1232	0.9891
128	0.000	hop up r=1	122	21.0867	1.0000	21.2705	21.2716	0.9913
128	0.000	hop up r=1	123	42.0478	1.0000	42.6396	42.6390	0.9861
128	0.000	hop up r=1	124	22.2284	1.0000	22.3188	22.3167	0.9960
128	0.000	hop up r=1	125	43.4814	1.0000	43.5180	43.4829	1.0000
128	0.000	hop up r=1	126	16.2171	1.0000	16.2185	16.2179	1.0000
128	0.000	hop up r=1	127	60.3496	1.0000	60.5979	60.5996	0.9959
128	0.000	n	1	1.0000	1.0000	1.0000	1.0000	1.0000
128	0.000	n	2	1.0000	1.0000	1.0000	1.0000	1.0000
128	0.000	n	3	1.0000	1.0000	1.0000	1.0000	1.0000
128	0.000	n	4	1.0000	1.0000	1.0000	1.0000	1.0000
128	0.000	n	5	1.0000	1.0000	1.0000	1.0000	1.0000
128	0.000	n	6	1.0000	1.0000	1.0000	1.0000	1.0000
128	0.000	n	7	1.0000	1.0000	1.0000	1.0000	1.0000
128	0.000	n	8	1.0000	1.0000	1.0000	1.0000	1.0000
128	0.000	n	9	1.0000	1.0000	1.0000	1.0000	1.0000
128	0.000	n	10	1.0000	1.0000	1.0000	1.0000	1.0000
128	0.000	n	11	1.0000	1.0000	1.0000	1.0000	1.0000
128	0.000	n	12	1.0000	1.0000	1.0000	1.0000	1.0000
128	0.000	n	13	1.0000	1.0000	1.0000	1.0000	1.0000
128	0.000	n	14	1.0000	1.0000	1.0000	1.0000	1.0000
128	0.000	n	15	1.0000	1.0000	1.0000	1.0000	1.0000
128	0.000	n	16	1.0000	1.0000	1.0000	1.0000	1.0000
128	0.000	n	17	1.0000	1.0000	1.0000	1.0000	1.0000
128	0.000	n	18	1.0000	1.0000	1.0000	1.0000	1.0000
128	0.000	n	19	1.0000	1.0000	1.0000	1.0000	1.0000
128	0.000	n	20	1.0000	1.0000	1.0000	1.0000	1.0000
128	0.000	n	21	1.0000	1.0000	1.0000	1.0000	1.0000
128	0.000	n	22	1.0000	1.0000	1.0000	1.0000	1.0000
128	0.000	n	23	1.0000	1.0000	1.0000	1.0000	1.0000
128	0.000	n	24	1.0000	1.0000	1.0000	1.0000	1.0000
128	0.000	n	25	1.0000	1.0000	1.0000	1.0000	1.0000
128	0.000	n	26	1.0000	1.0000	1.0000	1.0000	1.0000
128	0.000	n	27	1.0000	1.0000	1.0000	1.0000	1.0000
128	0.000	n	28	1.0000	1.0000	1.0000	1.0000	1.0000
128	0.000	n	29	1.0000	1.0000	1.0000	1.0000	1.0000
128	0.000	n	30	1.0000	1.0000	1.0000	1.0000	1.0000
128	0.000	n	31	1.0000	1.0000	1.0000	1.0000	1.0000
128	0.000	n	32	1.0000	1.0000	1.0000	1.0000	1.0000
128	0.000	n	33	1.0000	1.0000	1.0000	1.0000	1.0000
128	0.000	n	34	1.0000	1.0000	1.0000	1.0000	1.0000
128	0.000	n	35	1.0000	1.0000	1.0000	1.0000	1.0000
128	0.000	n	36	1.0000	1.0000	1.0000	1.0000	1.0000
128	0.000	n	37	1.0000	1.0000	1.0000	1.0000	1.0000
128	0.000	n	38	1.0000	1.0000	1.0000	1.0000	1.0000
128	0.000	n	39	1.0000	1.0000	1.0000	1.0000	1.0000
128	0.000	n	40	1.0000	1.0000	1.0000	1.0000	1.0000
128	0.000	n	41	1.0000	1.0000	1.0000	1.0000	1.0000
128	0.000	n	42	1.0000	1.0000	1.0000	1.0000	1.0000
128	0.000	n	43	1.0000	1.0000	1.0000	1.0000	1.0000
128	0.000	n	44	1.0000	1.0000	1.0000	1.0000	1.0000
128	0.000	n	45	1.0000	1.0000	1.0000	1.0000	1.0000
128	0.000	n	46	1.0000	1.0000	1.0000	1.0000	1.0000
128	0.000	n	47	1.0000	1.0000	1.0000	1.0000	1.0000
128	0.000	n	48	1.0000	1.0000	1.0000	1.0000	1.0000
128	0.000	n	49	1.0000	1.0000	1.0000	1.0000	1.0000
128	0.000	n	50	1.0000	1.0000	1.0000	1.0000	1.0000
128	0.000	n	51	1.0000	1.0000	1.0000	1.0000	1.0000
128	0.000	n	52	1.0000	1.0000	1.0000	1.0000	1.0000
128	0.000	n	53	1.0000	1.0000	1.0000	1.0000	1.0000
128	0.000	n	54	1.0000	1.0000	1.0000	1.0000	1.0000
128	0.000	n	55	1.0000	1.0000	1.0000	1.0000	1.0000
128	0.000	n	56	1.0000	1.0000	1.0000	1.0000	1.0000
128	0.000	n	57	1.0000	1.0000	1.0000	1.0000	1.0000
128	0.000	n	58	1.0000	1.0000	1.0000	1.0000	1.0000
128	0.000	n	59	1.0000	1.0000	1.0000	1.0000	1.0000
128	0.000	n	60	1.0000	1.0000	1.0000	1.0000	1.0000
128	0.000	n	61	1.0000	1.0000	1.0000	1.0000	1.0000
128	0.000	n	62	1.0000	1.0000	1.0000	1.0000	1.0000
128	0.000	n	63	1.0000	1.0000	1.0000	1.0000	1.0000
128	0.000	n	64	1.0000	1.0000	1.0000	1.0000	1.0000
128	0.000	n	65	1.0000	1.0000	1.0000	1.0000	1.0000
128	0.000	n	66	1.0000	1.0000	1.0000	1.0000	1.0000
128	0.000	n	67	1.0000	1.0000	1.0000	1.0000	1.0000
128	0.000	n	68	1.0000	1.0000	1.0000	1.0000	1.0000
128	0.000	n	69	1.0000	1.0000	1.0000	1.0000	1.0000
128	0.000	n	70	1.0000	1.0000	1.0000	1.0000	1.0000
128	0.000	n	71	1.0000	1.0000	1.0000	1.0000	1.0000
128	0.000	n	72	1.0000	1.0000	1.0000	1.0000	1.0000
128	0.000	n	73	1.0000	1.0000	1.0000	1.0000	1.0000
128	0.000	n	74	1.0000	1.0000	1.0000	1.0000	1.0000
128	0.000	n	75	1.0000	1.0000	1.0000	1.0000	1.0000
128	0.000	n	76	1.0000	1.0000	1.0000	1.0000	1.0000
128	0.000	n	77	1.0000	1.0000	1.0000	1.0000	1.0000
128	0.000	n	78	1.0000	1.0000	1.0000	1.0000	1.0000
128	0.000	n	79	1.0000	1.0000	1.0000	1.0000	1.0000
128	0.000	n	80	1.0000	1.0000	1.0000	1.0000	1.0000
128	0.000	n	81	1.0000	1.0000	1.0000	1.0000	1.0000
128	0.000	n	82	1.0000	1.0000	1.0000	1.0000	1.0000
128	0.000	n	83	1.0000	1.0000	1.0000	1.0000	1.0000
128	0.000	n	84	1.0000	1.0000	1.0000	1.0000	1.0000
128	0.000	n	85	1.0000	1.0000	1.0000	1.0000	1.0000
128	0.000	n	86	1.0000	1.0000	1.0000	1.0000	1.0000
128	0.000	n	87	1.0000	1.0000	1.0000	1.0000	1.0000
128	0.000	n	88	1.0000	1.0000	1.0000	1.0000	1.0000
128	0.000	n	89	1.0000	1.0000	1.0000	1.0000	1.0000
128	0.000	n	90	1.0000	1.0000	1.0000	1.0000	1.0000
128	0.000	n	91	1.0000	1.0000	1.0000	1.0000	1.0000
128	0.000	n	92	1.0000	1.0000	1.0000	1.0000	1.0000
128	0.000	n	93	1.0000	1.0000	1.0000	1.0000	1.0000
128	0.000	n	94	1.0000	1.0000	1.0000	1.0000	1.0000
128	0.000	n	95	1.0000	1.0000	1.0000	1.0000	1.0000
128	0.000	n	96	1.0000	1.0000	1.0000	1.0000	1.0000
128	0.000	n	97	1.0000	1.0000	1.0000	1.0000	1.0000
128	0.000	n	98	1.0000	1.0000	1.0000	1.0000	1.0000
128	0.000	n	99	1.0000	1.0000	1.0000	1.0000	1.0000
128	0.000	n	100	1.0000	1.0000	1.0000	1.0000	1.0000
128	0.000	n	101	1.0000	1.0000	1.0000	1.0000	1.0000
128	0.000	n	102	1.0000	1.0000	1.0000	1.0000	1.0000
128	0.000	n	103	1.0000	1.0000	1.0000	1.0000	1.0000
128	0.000	n	104	1.0000	1.0000	1.0000	1.0000	1.0000
128	0.000	n	105	1.0000	1.0000	1.0000	1.0000	1.0000
128	0.000	n	106	1.0000	1.0000	1.0000	1.0000	1.0000
128	0.000	n	107	1.0000	1.0000	1.0000	1.0000	1.0000
128	0.000	n	108	1.0000	1.0000	1.0000	1.0000	1.0000
128	0.000	n	109	1.0000	1.0000	1.0000	1.0000	1.0000
128	0.000	n	110	1.0000	1.0000	1.0000	1.0000	1.0000
128	0.000	n	111	1.0000	1.0000	1.0000	1.0000	1.0000
128	0.000	n	112	1.0000	1.0000	1.0000	1.0000	1.0000
128	0.000	n	113	1.0000	1.0000	1.0000	1.0000	1.0000
128	0.000	n	114	1.0000	1.0000	1.0000	1.0000	1.0000
128	0.000	n	115	1.0000	1.0000	1.0000	1.0000	1.0000
128	0.000	n	116	1.0000	1.0000	1.0000	1.0000	1.0000
128	0.000	n	117	1.0000	1.0000	1.0000	1.0000	1.0000
128	0.000	n	118	1.0000	1.0000	1.0000	1.0000	1.0000
128	0.000	n	119	1.0000	1.0000	1.0000	1.0000	1.0000
128	0.000	n	120	1.0000	1.0000	1.0000	1.0000	1.0000
128	0.000	n	121	1.0000	1.0000	1.0000	1.0000	1.0000
128	0.000	n	122	1.0000	1.0000	1.0000	1.0000	1.0000
128	0.000	n	123	1.0000	1.0000	1.0000	1.0000	1.0000
128	0.000	n	124	1.0000	1.0000	1.0000	1.0000	1.0000
128	0.000	n	125	1.0000	1.0000	1.0000	1.0000	1.0000
128	0.000	n	126	1.0000	1.0000	1.0000	1.0000	1.0000
128	0.000	n	127	1.0000	1.0000	1.0000	1.0000	1.0000
128	0.000	n	128	1.0000	1.0000	1.0000	1.0000	1.0000
128	0.125	DoubleOcc	1	48.4991	4.0322	48.6542	48.6348	0.9972
128	0.125	DoubleOcc	2	25.4985	1.5993	25.6651	25.6616	0.9936
128	0.125	DoubleOcc	3	21.2101	1.1996	21.6417	21.6185	0.9811
128	0.125	DoubleOcc	4	17.7618	1.5940	18.8523	18.8466	0.9424
128	0.125	DoubleOcc	5	22.2314	1.8002	22.4744	22.4664	0.9895
128	0.125	DoubleOcc	6	18.7176	3.5901	19.8327	19.8348	0.9437
128	0.125	DoubleOcc	7	19.3796	8.7591	19.9719	19.9738	0.9702
128	0.125	DoubleOcc	8	19.1653	1.3085	21.6896	21.6919	0.8835
128	0.125	DoubleOcc	9	18.2675	1.2982	21.4284	21.4433	0.8519
128	0.125	DoubleOcc	10	19.0264	1.1595	21.5411	21.5400	0.8833
128	0.125	DoubleOcc	11	18.5268	2.0599	19.4230	19.4282	0.9536
128	0.125	DoubleOcc	12	21.6050	2.6042	22.2140	22.2044	0.9730
128	0.125	DoubleOcc	13	20.7749	2.8482	22.6245	22.5867	0.9198
128	0.125	DoubleOcc	14	17.1382	14.6820	18.2189	18.2159	0.9408
128	0.125	DoubleOcc	15	17.2258	10.1839	18.6950	18.6944	0.9214
128	0.125	DoubleOcc	16	18.3034	4.3231	18.8305	18.8432	0.9714
128	0.125	DoubleOcc	17	17.3482	1.2820	20.1944	20.2034	0.8587
128	0.125	DoubleOcc	18	19.6409	1.5194	21.7156	21.7094	0.9047
128	0.125	DoubleOcc	19	21.0860	14.4066	22.5776	22.5748	0.9341
128	0.125	DoubleOcc	20	18.7080	3.3266	22.1826	22.1435	0.8449
128	0.125	DoubleOcc	21	19.5655	2.8419	20.2095	20.2123	0.9680
128	0.125	DoubleOcc	22	20.0400	9.0301	23.4099	23.4164	0.8558
128	0.125	DoubleOcc	23	19.1484	6.0704	20.5238	20.5222	0.9331
128	0.125	DoubleOcc	24	19.3366	1.4174	23.3240	23.3288	0.8289
128	0.125	DoubleOcc	25	17.9038	0.9787	20.3316	20.3468	0.8799
128	0.125	DoubleOcc	26	17.7782	0.9635	20.7669	20.7819	0.8555
128	0.125	DoubleOcc	27	19.4373	2.3490	20.9074	20.9059	0.9297
128	0.125	DoubleOcc	28	18.6823	2.2736	19.9827	19.9713	0.9355
128	0.125	DoubleOcc	29	16.3479	2.9810	19.2956	19.3444	0.8451
128	0.125	DoubleOcc	30	18.2229	14.0476	19.8662	19.8853	0.9164
128	0.125	DoubleOcc	31	19.2387	11.1580	21.4003	21.3973	0.8991
128	0.125	DoubleOcc	32	17.9353	4.3085	21.1327	21.1350	0.8486
128	0.125	DoubleOcc	33	19.1163	1.3245	21.5161	21.5129	0.8886
128	0.125	DoubleOcc	34	19.7262	1.5581	20.2036	20.2073	0.9762
128	0.125	DoubleOcc	35	21.3286	13.3812	22.7110	22.6677	0.9409
128	0.125	DoubleOcc	36	16.7423	2.8804	19.4060	19.4087	0.8626
128	0.125	DoubleOcc	37	20.2552	3.3064	20.7825	20.7936	0.9741
128	0.125	DoubleOcc	38	18.5680	8.8053	21.7217	21.7107	0.8552
128	0.125	DoubleOcc	39	19.4766	5.9135	20.7639	20.7429	0.9390
128	0.125	DoubleOcc	40	17.4476	1.3854	21.3392	21.3396	0.8176
128	0.125	DoubleOcc	41	18.8951	1.6419	20.8028	20.7960	0.9086
128	0.125	DoubleOcc	42	21.4698	2.9750	22.6314	22.6681	0.9471
128	0.125	DoubleOcc	43	19.2994	7.9368	20.8572	20.8323	0.9264
128	0.125	DoubleOcc	44	19.6805	2.3527	20.9721	20.9678	0.9386
128	0.125	DoubleOcc	45	18.5913	3.2292	21.7940	21.8339	0.8515
128	0.125	DoubleOcc	46	22.2365	14.1776	23.3640	23.3490	0.9524
128	0.125	DoubleOcc	47	19.6864	9.3870	21.6532	21.6533	0.9092
128	0.125	DoubleOcc	48	16.5212	3.5453	19.6132	19.6106	0.8425
128	0.125	DoubleOcc	49	19.4076	1.3013	22.4158	22.4152	0.8658
128	0.125	DoubleOcc	50	21.2716	2.2399	21.9494	21.9549	0.9689
128	0.125	DoubleOcc	51	18.4645	2.6368	20.5279	20.5507	0.8985
128	0.125	DoubleOcc	52	16.5927	2.8137	19.7798	19.8402	0.8363
128	0.125	DoubleOcc	53	20.5232	16.8305	20.9677	20.9620	0.9791
128	0.125	DoubleOcc	54	17.8143	8.6414	20.4861	20.4855	0.8696
128	0.125	DoubleOcc	55	20.7875	4.9580	21.9787	21.9994	0.9449
128	0.125	DoubleOcc	56	21.5268	1.4341	22.0464	22.0429	0.9766
128	0.125	DoubleOcc	57	19.0805	1.5932	22.1833	22.1837	0.8601
128	0.125	DoubleOcc	58	19.2070	12.0895	20.1140	20.1397	0.9537
128	0.125	DoubleOcc	59	20.7015	3.1578	21.9489	21.9061	0.9450
128	0.125	DoubleOcc	60	17.9544	2.8749	19.2510	19.2576	0.9323
128	0.125	DoubleOcc	61	16.0515	6.0608	18.9114	18.9575	0.8467
128	0.125	DoubleOcc	62	17.3337	5.7899	18.2217	18.2482	0.9499
128	0.125	DoubleOcc	63	18.1785	2.0735	23.7164	23.7150	0.7665
128	0.125	DoubleOcc	64	17.7282	1.4245	20.3385	20.3390	0.8716
128	0.125	DoubleOcc	65	17.0577	1.2205	19.7391	19.7424	0.8640
128	0.125	DoubleOcc	66	19.8904	2.3413	20.1613	20.1557	0.9868
128	0.125	DoubleOcc	67	19.8039	2.6415	21.7573	21.7437	0.9108
128	0.125	DoubleOcc	68	16.5877	2.6498	19.0298	19.0397	0.8712
128	0.125	DoubleOcc	69	19.6095	4.9811	20.0280	20.0183	0.9796
128	0.125	DoubleOcc	70	17.5194	8.6644	20.9755	20.9788	0.8351
128	0.125	DoubleOcc	71	21.6906	4.8182	22.5679	22.5473	0.9620
128	0.125	DoubleOcc	72	19.4880	1.3246	21.4894	21.4966	0.9066
128	0.125	DoubleOcc	73	20.4854	1.6754	21.8087	21.7156	0.9433
128	0.125	DoubleOcc	74	19.0502	13.0209	20.1815	20.2091	0.9427
128	0.125	DoubleOcc	75	18.7918	3.0700	19.9575	19.9146	0.9436
128	0.125	DoubleOcc	76	18.4805	2.8362	20.0440	20.0444	0.9220
128	0.125	DoubleOcc	77	18.2201	5.7447	20.3834	20.3561	0.8951
128	0.125	DoubleOcc	78	20.9383	6.4969	21.5466	21.5105	0.9734
128	0.125	DoubleOcc	79	16.0217	1.3892	20.4113	20.4123	0.7849
128	0.125	DoubleOcc	80	18.2238	1.4433	20.2168	20.2170	0.9014
128	0.125	DoubleOcc	81	17.8538	1.2819	20.1038	20.0935	0.8885
128	0.125	DoubleOcc	82	20.9764	2.2944	22.1101	22.0828	0.9499
128	0.125	DoubleOcc	83	18.1286	2.5974	18.9510	18.9461	0.9568
128	0.125	DoubleOcc	84	17.4932	2.7939	20.6603	20.6849	0.8457
128	0.125	DoubleOcc	85	21.2977	5.2610	22.4089	22.3517	0.9528
128	0.125	DoubleOcc	86	18.1375	10.4787	21.3615	21.3918	0.8479
128	0.125	DoubleOcc	87	18.9407	4.5370	19.3847	19.3772	0.9775
128	0.125	DoubleOcc	88	17.9403	1.3688	20.9450	20.9295	0.8572
128	0.125	DoubleOcc	89	18.3260	1.4991	20.7682	20.7867	0.8816
128	0.125	DoubleOcc	90	17.0898	12.2988	18.4718	18.5009	0.9237
128	0.125	DoubleOcc	91	19.6509	2.9788	22.1876	22.1552	0.8870
128	0.125	DoubleOcc	92	17.7897	2.9294	18.5546	18.5719	0.9579
128	0.125	DoubleOcc	93	17.1857	5.8687	20.5810	20.6071	0.8340
128	0.125	DoubleOcc	94	20.7872	6.0315	21.3070	21.2949	0.9762
128	0.125	DoubleOcc	95	13.8366	1.2819	17.5123	17.5181	0.7898
128	0.125	DoubleOcc	96	20.2115	1.3910	21.2475	21.2675	0.9503
128	0.125	DoubleOcc	97	18.1894	1.1919	21.4146	21.4143	0.8494
128	0.125	DoubleOcc	98	18.6562	2.1327	20.2898	20.2953	0.9192
128	0.125	DoubleOcc	99	18.9058	2.4188	19.5936	19.5690	0.9661
128	0.125	DoubleOcc	100	18.4972	3.0092	21.6982	21.7014	0.8524
128	0.125	DoubleOcc	101	18.2960	6.0455	20.3023	20.3004	0.9013
128	0.125	DoubleOcc	102	19.5744	11.2651	21.7478	21.7478	0.9001
128	0.125	DoubleOcc	103	21.9415	4.5066	22.2848	22.2859	0.9845
128	0.125	DoubleOcc	104	18.4262	1.2676	22.4946	22.5047	0.8188
128	0.125	DoubleOcc	105	19.9709	1.4809	21.1305	21.1430	0.9446
128	0.125	DoubleOcc	106	18.5287	13.6862	19.7230	19.7148	0.9398
128	0.125	DoubleOcc	107	15.7994	2.8055	19.0263	18.9849	0.8322
128	0.125	DoubleOcc	108	20.3211	3.0855	21.1183	21.1186	0.9622
128	0.125	DoubleOcc	109	14.6980	6.2107	17.9203	17.9565	0.8185
128	0.125	DoubleOcc	110	18.6085	5.1195	20.4909	20.4968	0.9079
128	0.125	DoubleOcc	111	19.1515	1.1832	21.1763	21.1808	0.9042
128	0.125	DoubleOcc	112	17.3742	1.2233	20.8491	20.8520	0.8332
128	0.125	DoubleOcc	113	19.6494	1.0695	20.2973	20.3217	0.9669
128	0.125	DoubleOcc	114	19.2770	1.7696	20.8984	20.9008	0.9223
128	0.125	DoubleOcc	115	22.4586	2.0209	24.0267	24.0071	0.9355
128	0.125	DoubleOcc	116	17.6401	3.1358	20.0249	20.0299	0.8807
128	0.125	DoubleOcc	117	17.7775	6.9287	19.2571	19.2712	0.9225
128	0.125	DoubleOcc	118	19.9294	1.1838	22.0400	22.0358	0.9044
128	0.125	DoubleOcc	119	21.1129	1.1625	21.3963	21.3972	0.9867
128	0.125	DoubleOcc	120	17.9379	1.1008	19.8845	19.8862	0.9020
128	0.125	DoubleOcc	121	20.2415	1.3266	20.3756	20.3243	0.9959
128	0.125	DoubleOcc	122	17.7650	9.3747	19.6234	19.6242	0.9053
128	0.125	DoubleOcc	123	18.1143	2.5352	19.8824	19.8816	0.9111
128	0.125	DoubleOcc	124	20.3277	1.7700	20.9194	20.9148	0.9719
128	0.125	DoubleOcc	125	18.0252	0.9239	19.5448	19.5449	0.9222
128	0.125	DoubleOcc	126	22.7650	1.0414	23.1103	23.1107	0.9850
128	0.125	DoubleOcc	127	22.9734	1.3588	23.1043	23.1065	0.9942
128	0.125	DoubleOcc	128	40.6740	3.8603	40.7527	40.7511	0.9981
128	0.125	Sz	1	1.2474	0.9022	1.2722	1.2716	0.9810
128	0.125	Sz	2	1.3293	1.0297	1.3420	1.3423	0.9903
128	0.125	Sz	3	2.1868	0.7906	2.2109	2.2104	0.9893
128	0.125	Sz	4	1.7341	1.1232	1.7397	1.7396	0.9968
128	0.125	Sz	5	2.4380	0.2249	2.4409	2.4371	1.0004
128	0.125	Sz	6	1.9404	0.8757	1.9482	1.9481	0.9960
128	0.125	Sz	7	2.2944	1.5006	2.3027	2.2994	0.9978
128	0.125	Sz	8	1.8212	1.1745	1.8348	1.8350	0.9925
128	0.125	Sz	9	1.8445	0.7626	1.8734	1.8734	0.9846
128	0.125	Sz	10	1.8761	1.0654	1.8994	1.8990	0.9879
128	0.125	Sz	11	1.8184	0.9255	1.8275	1.8272	0.9952
128	0.125	Sz	12	1.9813	0.2044	2.0024	1.9999	0.9907
128	0.125	Sz	13	1.7916	0.5491	1.8216	1.8198	0.9845
128	0.125	Sz	14	1.9695	1.5972	2.0216	2.0217	0.9741
128	0.125	Sz	15	1.7500	0.7413	1.7525	1.7495	1.0003
128	0.125	Sz	16	1.8869	1.5085	1.9081	1.9081	0.9889
128	0.125	Sz	17	1.9403	1.3443	1.9652	1.9653	0.9873
128	0.125	Sz	18	1.8999	1.2479	1.9277	1.9260	0.9864
128	0.125	Sz	19	1.9139	1.4892	1.9346	1.9353	0.9890
128	0.125	Sz	20	1.8978	0.3232	1.9138	1.9139	0.9916
128	0.125	Sz	21	2.1777	0.4559	2.1840	2.1804	0.9988
128	0.125	Sz	22	1.7885	0.8034	1.8301	1.8272	0.9789
128	0.125	Sz	23	1.9468	1.5145	1.9949	1.9951	0.9758
128	0.125	Sz	24	1.7620	1.0485	1.7710	1.7683	0.9964
128	0.125	Sz	25	1.8126	0.9012	1.8427	1.8424	0.9838
128	0.125	Sz	26	1.8325	0.7586	1.8702	1.8702	0.9798
128	0.125	Sz	27	1.8578	0.9022	1.9072	1.9054	0.9750
128	0.125	Sz	28	2.0050	0.1957	2.0458	2.0447	0.9806
128	0.125	Sz	29	1.9958	0.6034	2.0069	2.0073	0.9943
128	0.125	Sz	30	2.0077	1.4947	2.0507	2.0506	0.9791
128	0.125	Sz	31	1.8487	0.7966	1.8754	1.8740	0.9865
128	0.125	Sz	32	1.8590	1.4823	1.8711	1.8708	0.9937
128	0.125	Sz	33	1.8311	1.3288	1.8482	1.8479	0.9909
128	0.125	Sz	34	1.8832	1.2411	1.8899	1.8880	0.9975
128	0.125	Sz	35	2.1568	1.9191	2.1809	2.1766	0.9909
128	0.125	Sz	36	1.9607	0.2678	1.9974	1.9953	0.9827
128	0.125	Sz	37	2.0231	0.4103	2.0250	2.0258	0.9987
128	0.125	Sz	38	1.8855	0.8840	1.8949	1.8954	0.9948
128	0.125	Sz	39	1.9507	1.4124	2.0015	2.0020	0.9743
128	0.125	Sz	40	1.8874	1.3070	1.9153	1.9147	0.9857
128	0.125	Sz	41	1.8393	0.6167	1.8604	1.8602	0.9887
128	0.125	Sz	42	1.8605	1.5473	1.8730	1.8679	0.9961
128	0.125	Sz	43	2.0015	0.7577	2.0293	2.0290	0.9865
128	0.125	Sz	44	1.9988	0.1796	2.0704	2.0717	0.9648
128	0.125	Sz	45	1.8862	0.6923	1.8873	1.8869	0.9996
128	0.125	Sz	46	1.9767	1.3598	2.0602	2.0633	0.9580
128	0.125	Sz	47	1.9556	0.7510	1.9784	1.9771	0.9892
128	0.125	Sz	48	1.9608	1.2803	1.9892	1.9899	0.9854
128	0.125	Sz	49	1.8514	1.1099	1.8747	1.8745	0.9877
128	0.125	Sz	50	1.9317	0.9024	1.9642	1.9642	0.9834
128	0.125	Sz	51	1.9510	0.1826	1.9555	1.9570	0.9969
128	0.125	Sz	52	1.9748	0.5206	1.9851	1.9855	0.9946
128	0.125	Sz	53	1.8656	1.4577	1.8719	1.8704	0.9975
128	0.125	Sz	54	1.9992	0.8300	2.0175	2.0178	0.9908
128	0.125	Sz	55	1.9277	1.4969	1.9643	1.9629	0.9821
128	0.125	Sz	56	1.9964	1.4837	2.0113	2.0107	0.9929
128	0.125	Sz	57	1.8478	1.3908	1.8575	1.8572	0.9949
128	0.125	Sz	58	1.9866	1.5961	1.9916	1.9919	0.9974
128	0.125	Sz	59	1.9424	0.3058	1.9686	1.9687	0.9866
128	0.125	Sz	60	1.8115	0.3744	1.8867	1.8878	0.9595
128	0.125	Sz	61	1.8574	1.0239	1.8590	1.8580	0.9997
128	0.125	Sz	62	1.7835	0.9902	1.8437	1.8462	0.9660
128	0.125	Sz	63	1.9605	1.1179	1.9636	1.9632	0.9986
128	0.125	Sz	64	1.8467	0.6547	1.8619	1.8614	0.9922
128	0.125	Sz	65	1.9291	1.1489	1.9666	1.9668	0.9808
128	0.125	Sz	66	1.7950	0.8781	1.8036	1.8035	0.9953
128	0.125	Sz	67	1.9580	0.1931	1.9616	1.9623	0.9978
128	0.125	Sz	68	1.8650	0.6063	1.8923	1.8916	0.9859
128	0.125	Sz	69	1.9257	1.5008	1.9358	1.9320	0.9967
128	0.125	Sz	70	1.8716	0.8094	1.8990	1.8988	0.9857
128	0.125	Sz	71	1.7102	1.4050	1.7539	1.7535	0.9753
128	0.125	Sz	72	1.8347	1.3459	1.8409	1.8371	0.9987
128	0.125	Sz	73	1.7991	1.2269	1.8164	1.8162	0.9906
128	0.125	Sz	74	2.0223	1.8326	2.0271	2.0267	0.9978
128	0.125	Sz	75	1.9951	0.3438	2.0222	2.0227	0.9863
128	0.125	Sz	76	1.9590	0.4069	2.0131	2.0131	0.9731
128	0.125	Sz	77	1.9459	0.8274	1.9490	1.9496	0.9981
128	0.125	Sz	78	1.9527	1.5416	2.0022	2.0011	0.9758
128	0.125	Sz	79	1.9927	1.3190	1.9991	1.9966	0.9981
128	0.125	Sz	80	1.8799	0.6938	1.8928	1.8912	0.9941
128	0.125	Sz	81	1.9792	1.1409	1.9940	1.9942	0.9925
128	0.125	Sz	82	1.9875	0.9734	1.9923	1.9921	0.9977
128	0.125	Sz	83	1.7705	0.1771	1.8274	1.8291	0.9680
128	0.125	Sz	84	1.8031	0.5523	1.8311	1.8297	0.9855
128	0.125	Sz	85	2.1674	1.5146	2.1983	2.1981	0.9860
128	0.125	Sz	86	1.9946	0.7884	2.0355	2.0358	0.9797
128	0.125	Sz	87	1.9014	1.4353	1.9154	1.9153	0.9927
128	0.125	Sz	88	1.9472	1.3720	1.9856	1.9865	0.9802
128	0.125	Sz	89	1.9955	1.2942	2.0142	2.0135	0.9911
128	0.125	Sz	90	1.9832	1.7849	1.9990	1.9997	0.9917
128	0.125	Sz	91	1.9821	0.3512	1.9888	1.9869	0.9976
128	0.125	Sz	92	1.8488	0.4136	1.8492	1.8496	0.9996
128	0.125	Sz	93	1.7455	0.7739	1.7694	1.7645	0.9892
128	0.125	Sz	94	2.0288	1.3299	2.0437	2.0436	0.9927
128	0.125	Sz	95	1.9402	1.2961	1.9531	1.9530	0.9934
128	0.125	Sz	96	1.7872	0.7132	1.8077	1.8075	0.9888
128	0.125	Sz	97	1.9500	1.0692	1.9827	1.9825	0.9836
128	0.125	Sz	98	1.9001	0.8186	1.9397	1.9374	0.9807
128	0.125	Sz	99	1.9684	0.1848	2.0338	2.0358	0.9669
128	0.125	Sz	100	1.7232	0.5396	1.7533	1.7527	0.9832
128	0.125	Sz	101	2.0270	1.3669	2.0598	2.0606	0.9837
128	0.125	Sz	102	1.8898	0.7042	1.9021	1.9019	0.9936
128	0.125	Sz	103	1.8607	1.2577	1.8706	1.8694	0.9954
128	0.125	Sz	104	1.8372	1.2420	1.8422	1.8415	0.9977
128	0.125	Sz	105	1.8163	1.0259	1.8262	1.8250	0.9953
128	0.125	Sz	106	1.9393	1.5486	1.9403	1.9399	0.9997
128	0.125	Sz	107	2.0190	0.3875	2.0253	2.0255	0.9968
128	0.125	Sz	108	2.1317	0.3879	2.1353	2.1348	0.9986
128	0.125	Sz	109	1.7233	0.6266	1.7739	1.7732	0.9719
128	0.125	Sz	110	1.9393	1.1791	1.9525	1.9528	0.9931
128	0.125	Sz	111	1.8733	1.0366	1.8830	1.8788	0.9971
128	0.125	Sz	112	1.9426	0.7510	1.9706	1.9705	0.9858
128	0.125	Sz	113	1.9502	0.9277	1.9779	1.9778	0.9861
128	0.125	Sz	114	1.8059	0.6977	1.8224	1.8224	0.9910
128	0.125	Sz	115	1.9795	0.1433	2.0377	2.0383	0.9712
128	0.125	Sz	116	1.8218	0.7039	1.8581	1.8576	0.9808
128	0.125	Sz	117	1.9672	0.9541	2.0145	2.0155	0.9760
128	0.125	Sz	118	1.8974	1.1711	1.9043	1.9044	0.9963
128	0.125	Sz	119	1.7826	0.8463	1.7971	1.7818	1.0005
128	0.125	Sz	120	1.8119	1.0599	1.8153	1.8148	0.9984
128	0.125	Sz	121	1.8455	1.0049	1.8731	1.8713	0.9862
128	0.125	Sz	122	2.2613	0.6708	2.2699	2.2696	0.9963
128	0.125	Sz	123	1.9752	1.0972	1.9776	1.9777	0.9987
128	0.125	Sz	124	2.4837	0.2363	2.4845	2.4844	0.9997
128	0.125	Sz	125	1.6617	1.0000	1.6650	1.6614	1.0001
128	0.125	Sz	126	2.1425	1.0000	2.1509	2.1509	0.9961
128	0.125	Sz	127	1.2401	1.0000	1.2410	1.2401	1.0000
128	0.125	Sz	128	1.2709	1.0000	1.2729	1.2729	0.9985
128	0.125	SzSz r=1	1	58.3386	3.4294	64.6260	64.6625	0.9022
128	0.125	SzSz r=1	2	7.1835	1.0305	7.3204	7.3040	0.9835
128	0.125	SzSz r=1	3	23.3518	1.7305	23.4816	23.4602	0.9954
128	0.125	SzSz r=1	4	12.0397	1.0997	13.1513	13.1545	0.9153
128	0.125	SzSz r=1	5	12.7688	1.3544	13.4323	13.4228	0.9513
128	0.125	SzSz r=1	6	18.5058	0.8793	18.6070	18.5953	0.9952
128	0.125	SzSz r=1	7	9.8402	1.0281	11.0015	11.0201	0.8929
128	0.125	SzSz r=1	8	20.0959	1.0864	21.2042	21.1143	0.9518
128	0.125	SzSz r=1	9	10.7974	1.0286	12.0386	12.0389	0.8969
128	0.125	SzSz r=1	10	19.8647	2.3778	19.8917	19.8356	1.0015
128	0.125	SzSz r=1	11	10.6662	1.1512	13.6347	13.6408	0.7819
128	0.125	SzSz r=1	12	17.0368	1.3619	18.1307	18.1793	0.9372
128	0.125	SzSz r=1	13	14.8258	0.7664	15.5593	15.5692	0.9523
128	0.125	SzSz r=1	14	12.7794	0.9737	15.8724	15.8448	0.8065
128	0.125	SzSz r=1	15	18.1242	1.0194	18.5503	18.5637	0.9763
128	0.125	SzSz r=1	16	9.5795	1.0155	13.1809	13.2824	0.7212
128	0.125	SzSz r=1	17	16.0285	1.9586	16.2852	16.2966	0.9835
128	0.125	SzSz r=1	18	11.3169	1.0027	14.0284	14.0570	0.8051
128	0.125	SzSz r=1	19	14.3772	0.8836	14.8481	14.8539	0.9679
128	0.125	SzSz r=1	20	11.4825	1.1654	14.1057	14.1644	0.8107
128	0.125	SzSz r=1	21	12.4646	0.8525	14.3904	14.4346	0.8635
128	0.125	SzSz r=1	22	16.7762	1.0023	17.4180	17.4305	0.9625
128	0.125	SzSz r=1	23	10.1379	1.0269	12.9738	13.0385	0.7775
128	0.125	SzSz r=1	24	17.1400	1.1065	17.8137	17.8058	0.9626
128	0.125	SzSz r=1	25	11.4419	1.5124	12.4733	12.4688	0.9176
128	0.125	SzSz r=1	26	18.4129	2.8181	18.5579	18.5208	0.9942
128	0.125	SzSz r=1	27	11.2596	1.1257	14.4784	14.6132	0.7705
128	0.125	SzSz r=1	28	14.4024	1.2714	15.5150	15.5754	0.9247
128	0.125	SzSz r=1	29	14.0341	0.8354	15.3343	15.4237	0.9099
128	0.125	SzSz r=1	30	11.8139	0.9598	14.3202	14.3562	0.8229
128	0.125	SzSz r=1	31	16.4955	0.9967	17.0226	17.0580	0.9670
128	0.125	SzSz r=1	32	10.6084	1.0269	12.3863	12.3854	0.8565
128	0.125	SzSz r=1	33	16.6463	2.1748	17.2805	17.3465	0.9596
128	0.125	SzSz r=1	34	8.7937	0.9938	14.2831	14.3601	0.6124
128	0.125	SzSz r=1	35	13.5297	0.8214	14.2463	14.3245	0.9445
128	0.125	SzSz r=1	36	11.1461	1.1900	12.9892	13.0026	0.8572
128	0.125	SzSz r=1	37	13.2241	0.8855	15.3736	15.3590	0.8610
128	0.125	SzSz r=1	38	15.8813	1.0141	16.9339	17.0743	0.9301
128	0.125	SzSz r=1	39	10.6490	1.0345	14.6694	14.9046	0.7145
128	0.125	SzSz r=1	40	14.3777	1.8271	14.9050	14.9095	0.9643
128	0.125	SzSz r=1	41	10.6642	1.0400	14.9518	15.1918	0.7020
128	0.125	SzSz r=1	42	16.7543	1.0740	17.6100	17.6175	0.9510
128	0.125	SzSz r=1	43	11.5763	1.0713	15.1698	15.3184	0.7557
128	0.125	SzSz r=1	44	15.7103	1.2531	16.7980	16.8124	0.9344
128	0.125	SzSz r=1	45	14.9282	0.8532	16.1094	16.1730	0.9230
128	0.125	SzSz r=1	46	11.8193	0.9800	15.0060	15.2504	0.7750
128	0.125	SzSz r=1	47	18.3923	1.0357	18.9759	19.0156	0.9672
128	0.125	SzSz r=1	48	11.2873	1.0396	13.9946	14.1536	0.7975
128	0.125	SzSz r=1	49	15.4004	3.1759	15.9643	16.0095	0.9620
128	0.125	SzSz r=1	50	9.1961	1.1473	14.6515	14.7912	0.6217
128	0.125	SzSz r=1	51	16.4538	1.3006	17.5482	17.6013	0.9348
128	0.125	SzSz r=1	52	13.2194	0.7895	16.0448	16.0699	0.8226
128	0.125	SzSz r=1	53	11.9617	0.9368	13.7892	13.8378	0.8644
128	0.125	SzSz r=1	54	15.5724	1.0129	15.9937	15.9978	0.9734
128	0.125	SzSz r=1	55	9.5197	1.0180	12.6325	12.7736	0.7453
128	0.125	SzSz r=1	56	15.0207	2.2600	15.6092	15.5288	0.9673
128	0.125	SzSz r=1	57	9.5129	1.0108	12.1002	12.2101	0.7791
128	0.125	SzSz r=1	58	16.2215	0.8654	16.9795	17.0163	0.9533
128	0.125	SzSz r=1	59	10.9695	1.1823	14.4870	14.5803	0.7524
128	0.125	SzSz r=1	60	14.1763	0.8627	15.0675	15.0825	0.9399
128	0.125	SzSz r=1	61	13.6421	0.9873	14.0528	14.0385	0.9718
128	0.125	SzSz r=1	62	12.4087	1.0375	13.1748	13.3230	0.9314
128	0.125	SzSz r=1	63	15.6427	1.0469	16.5080	16.4976	0.9482
128	0.125	SzSz r=1	64	11.5381	1.0511	13.6747	13.8698	0.8319
128	0.125	SzSz r=1	65	16.1212	3.1071	16.4717	16.4850	0.9779
128	0.125	SzSz r=1	66	8.9136	1.1404	14.2010	14.4468	0.6170
128	0.125	SzSz r=1	67	14.2573	1.2648	15.1321	15.1739	0.9396
128	0.125	SzSz r=1	68	13.3089	0.8055	15.4131	15.4087	0.8637
128	0.125	SzSz r=1	69	12.4852	0.9411	14.6279	14.6975	0.8495
128	0.125	SzSz r=1	70	14.5691	1.0028	14.9467	14.9298	0.9758
128	0.125	SzSz r=1	71	11.1125	1.0237	15.7292	15.9388	0.6972
128	0.125	SzSz r=1	72	17.0801	1.9716	17.5246	17.5586	0.9727
128	0.125	SzSz r=1	73	10.5987	1.0154	14.5629	14.8497	0.7137
128	0.125	SzSz r=1	74	15.1152	0.8542	15.6866	15.7033	0.9626
128	0.125	SzSz r=1	75	11.6740	1.1872	15.3163	15.4312	0.7565
128	0.125	SzSz r=1	76	15.5321	0.8580	16.8739	16.8977	0.9192
128	0.125	SzSz r=1	77	15.5385	1.0144	15.9376	15.9521	0.9741
128	0.125	SzSz r=1	78	13.2370	1.0355	15.0473	15.2817	0.8662
128	0.125	SzSz r=1	79	15.4257	1.2679	16.3852	16.4280	0.9390
128	0.125	SzSz r=1	80	12.0276	1.0329	13.3362	13.4122	0.8968
128	0.125	SzSz r=1	81	14.8994	3.0871	15.4213	15.4699	0.9631
128	0.125	SzSz r=1	82	11.3768	1.1699	15.7220	16.0634	0.7082
128	0.125	SzSz r=1	83	14.8262	1.2299	15.7513	15.7949	0.9387
128	0.125	SzSz r=1	84	13.5778	0.8154	14.5096	14.5283	0.9346
128	0.125	SzSz r=1	85	11.7182	0.9579	13.7973	13.8213	0.8478
128	0.125	SzSz r=1	86	14.5520	0.9988	15.0279	15.0491	0.9670
128	0.125	SzSz r=1	87	10.3733	1.0339	14.0777	14.2069	0.7302
128	0.125	SzSz r=1	88	16.3335	2.0264	16.8975	16.8906	0.9670
128	0.125	SzSz r=1	89	11.1407	1.0082	13.8662	13.9177	0.8005
128	0.125	SzSz r=1	90	13.6892	0.8312	14.1072	14.1174	0.9697
128	0.125	SzSz r=1	91	12.7199	1.1862	15.0769	15.0120	0.8473
128	0.125	SzSz r=1	92	14.1602	0.8526	15.4367	15.5081	0.9131
128	0.125	SzSz r=1	93	13.8750	1.0047	14.1239	14.1383	0.9814
128	0.125	SzSz r=1	94	12.6359	1.0388	14.1089	14.3132	0.8828
128	0.125	SzSz r=1	95	15.2736	1.1929	15.9752	16.0142	0.9538
128	0.125	SzSz r=1	96	12.5529	1.0367	13.9349	13.9352	0.9008
128	0.125	SzSz r=1	97	16.3002	2.6870	16.9630	16.9804	0.9599
128	0.125	SzSz r=1	98	11.1002	1.2086	14.8174	15.0598	0.7371
128	0.125	SzSz r=1	99	13.4091	1.2452	14.0838	14.0573	0.9539
128	0.125	SzSz r=1	100	14.2482	0.8023	15.1159	15.1449	0.9408
128	0.125	SzSz r=1	101	11.8087	0.9678	13.4942	13.4798	0.8760
128	0.125	SzSz r=1	102	15.2671	1.0333	15.6144	15.5698	0.9806
128	0.125	SzSz r=1	103	10.3674	1.0322	13.8383	13.8698	0.7475
128	0.125	SzSz r=1	104	15.7330	1.6766	16.2776	16.2961	0.9654
128	0.125	SzSz r=1	105	11.8184	1.0222	14.8510	14.9545	0.7903
128	0.125	SzSz r=1	106	14.6965	0.8117	15.2827	15.2510	0.9636
128	0.125	SzSz r=1	107	13.5552	1.1725	16.9484	16.9507	0.7997
128	0.125	SzSz r=1	108	13.5516	0.8644	15.2337	15.1945	0.8919
128	0.125	SzSz r=1	109	16.5296	1.0482	17.3196	17.3291	0.9539
128	0.125	SzSz r=1	110	9.9529	1.0376	12.4803	12.5383	0.7938
128	0.125	SzSz r=1	111	17.5607	0.8266	18.4035	18.4486	0.9519
128	0.125	SzSz r=1	112	12.1869	1.0474	13.0925	13.1124	0.9294
128	0.125	SzSz r=1	113	17.3636	1.5512	18.1552	18.1504	0.9566
128	0.125	SzSz r=1	114	11.5901	1.2372	14.5920	14.7056	0.7881
128	0.125	SzSz r=1	115	14.7744	1.4258	15.8940	15.9153	0.9283
128	0.125	SzSz r=1	116	14.4095	0.9080	15.3593	15.3756	0.9372
128	0.125	SzSz r=1	117	10.3416	1.0186	12.1791	12.1837	0.8488
128	0.125	SzSz r=1	118	16.8848	0.6868	17.9558	17.9475	0.9408
128	0.125	SzSz r=1	119	8.7527	1.0208	11.7052	11.7274	0.7463
128	0.125	SzSz r=1	120	19.9254	0.9062	20.8233	20.8475	0.9558
128	0.125	SzSz r=1	121	8.3972	1.0524	12.5328	12.5628	0.6684
128	0.125	SzSz r=1	122	16.1166	0.8660	17.3880	17.3973	0.9264
128	0.125	SzSz r=1	123	11.3865	0.9873	12.9976	13.0040	0.8756
128	0.125	SzSz r=1	124	12.0561	1.0000	12.4463	12.4272	0.9701
128	0.125	SzSz r=1	125	23.2500	0.4863	23.6837	23.6872	0.9815
128	0.125	SzSz r=1	126	7.2231	1.0000	7.3795	7.3784	0.9790
128	0.125	SzSz r=1	127	60.1015	2.5722	62.6525	62.6626	0.9591
128	0.125	ZZ onsite	1	67.9974	3.0668	68.9798	68.9450	0.9863
128	0.125	ZZ onsite	2	33.8221	1.2286	34.8736	34.8783	0.9697
128	0.125	ZZ onsite	3	20.8395	0.6869	21.0050	21.0045	0.9921
128	0.125	ZZ onsite	4	20.5186	1.2694	21.7379	21.7354	0.9440
128	0.125	ZZ onsite	5	18.0017	1.1150	18.4039	18.3643	0.9803
128	0.125	ZZ onsite	6	20.1076	2.4451	21.6049	21.6051	0.9307
128	0.125	ZZ onsite	7	18.7245	8.8922	19.1610	19.1309	0.9788
128	0.125	ZZ onsite	8	21.7363	0.8620	22.7852	22.7862	0.9539
128	0.125	ZZ onsite	9	23.5282	0.7656	24.8067	24.8344	0.9474
128	0.125	ZZ onsite	10	18.9712	0.7581	22.8982	22.9009	0.8284
128	0.125	ZZ onsite	11	21.1952	1.7645	21.4707	21.3800	0.9914
128	0.125	ZZ onsite	12	20.8759	2.1452	21.0450	20.9512	0.9964
128	0.125	ZZ onsite	13	19.4585	1.7371	21.0484	21.0311	0.9252
128	0.125	ZZ onsite	14	17.5536	17.3237	17.9218	17.9211	0.9795
128	0.125	ZZ onsite	15	17.8261	6.7236	20.7318	20.7315	0.8599
128	0.125	ZZ onsite	16	19.1551	3.2582	19.1938	19.2036	0.9975
128	0.125	ZZ onsite	17	20.4550	0.8652	24.9168	24.9288	0.8205
128	0.125	ZZ onsite	18	19.5524	1.0489	22.1083	22.1193	0.8840
128	0.125	ZZ onsite	19	22.1263	16.9530	23.6870	23.6795	0.9344
128	0.125	ZZ onsite	20	17.9686	2.7601	21.1320	21.1118	0.8511
128	0.125	ZZ onsite	21	19.0651	1.4208	19.6165	19.5963	0.9729
128	0.125	ZZ onsite	22	20.8291	8.6572	24.2895	24.2937	0.8574
128	0.125	ZZ onsite	23	19.3267	5.3105	20.3882	20.3888	0.9479
128	0.125	ZZ onsite	24	21.4995	0.9102	23.8255	23.8350	0.9020
128	0.125	ZZ onsite	25	21.1544	0.6177	23.2753	23.2669	0.9092
128	0.125	ZZ onsite	26	17.1596	0.5935	20.3290	20.3390	0.8437
128	0.125	ZZ onsite	27	21.8841	1.9852	21.9988	21.9923	0.9951
128	0.125	ZZ onsite	28	20.1022	2.2562	20.6923	20.6553	0.9732
128	0.125	ZZ onsite	29	17.7924	1.7307	20.8814	20.9447	0.8495
128	0.125	ZZ onsite	30	19.3904	16.2223	20.2843	20.2628	0.9569
128	0.125	ZZ onsite	31	19.3510	6.5583	22.8633	22.8473	0.8470
128	0.125	ZZ onsite	32	19.8867	3.0997	20.0404	20.0397	0.9924
128	0.125	ZZ onsite	33	20.3888	0.8936	22.7159	22.7047	0.8980
128	0.125	ZZ onsite	34	19.9073	1.0836	21.1327	21.1499	0.9412
128	0.125	ZZ onsite	35	21.8625	13.7184	23.5920	23.5478	0.9284
128	0.125	ZZ onsite	36	18.3457	2.4146	20.9749	20.9704	0.8748
128	0.125	ZZ onsite	37	20.7907	1.6655	21.3660	21.3726	0.9728
128	0.125	ZZ onsite	38	20.1875	8.5362	22.8499	22.7817	0.8861
128	0.125	ZZ onsite	39	19.6752	4.5939	20.9782	20.9796	0.9378
128	0.125	ZZ onsite	40	20.3732	0.9380	23.4780	23.5073	0.8667
128	0.125	ZZ onsite	41	17.9785	0.8879	21.1483	21.1595	0.8497
128	0.125	ZZ onsite	42	20.9330	2.7658	22.2346	22.2408	0.9412
128	0.125	ZZ onsite	43	20.6084	8.6661	23.5251	23.4487	0.8789
128	0.125	ZZ onsite	44	21.9154	2.1352	22.4009	22.3701	0.9797
128	0.125	ZZ onsite	45	19.5039	1.8512	22.8769	22.8981	0.8518
128	0.125	ZZ onsite	46	23.5316	14.6017	24.0939	24.0848	0.9770
128	0.125	ZZ onsite	47	18.2813	4.8975	22.0347	22.0372	0.8296
128	0.125	ZZ onsite	48	18.9779	2.5939	20.0058	20.0214	0.9479
128	0.125	ZZ onsite	49	18.6504	0.8528	23.1748	23.1699	0.8049
128	0.125	ZZ onsite	50	23.1138	2.0619	23.7405	23.7302	0.9740
128	0.125	ZZ onsite	51	17.8571	2.6611	20.2810	20.2678	0.8811
128	0.125	ZZ onsite	52	17.2876	1.5921	20.6317	20.7122	0.8347
128	0.125	ZZ onsite	53	21.2986	20.8685	21.8747	21.8599	0.9743
128	0.125	ZZ onsite	54	18.4199	7.1401	22.2352	22.2807	0.8267
128	0.125	ZZ onsite	55	21.4464	3.6030	22.5946	22.5863	0.9495
128	0.125	ZZ onsite	56	21.9199	0.9342	22.5694	22.5672	0.9713
128	0.125	ZZ onsite	57	22.4545	1.0616	23.6438	23.6886	0.9479
128	0.125	ZZ onsite	58	19.9796	12.4756	21.0923	21.0769	0.9479
128	0.125	ZZ onsite	59	18.7264	2.7994	21.4450	21.4294	0.8739
128	0.125	ZZ onsite	60	18.8078	1.4911	19.4737	19.4846	0.9653
128	0.125	ZZ onsite	61	16.6525	5.1137	19.7523	19.8400	0.8393
128	0.125	ZZ onsite	62	19.6379	4.6119	20.0506	20.0536	0.9793
128	0.125	ZZ onsite	63	19.9698	1.6088	26.4694	26.4594	0.7547
128	0.125	ZZ onsite	64	22.8315	0.8050	23.0005	22.9969	0.9928
128	0.125	ZZ onsite	65	17.5072	0.8053	22.1098	22.1052	0.7920
128	0.125	ZZ onsite	66	21.5427	2.0994	21.5792	21.5507	0.9996
128	0.125	ZZ onsite	67	18.8502	2.5928	21.8200	21.8025	0.8646
128	0.125	ZZ onsite	68	17.2115	1.5964	19.6714	19.6953	0.8739
128	0.125	ZZ onsite	69	18.8874	3.4912	19.4841	19.4844	0.9694
128	0.125	ZZ onsite	70	18.3796	6.8799	22.1416	22.1546	0.8296
128	0.125	ZZ onsite	71	23.0592	3.6655	23.5147	23.4461	0.9835
128	0.125	ZZ onsite	72	22.4588	0.9157	22.5652	22.5585	0.9956
128	0.125	ZZ onsite	73	23.2602	1.1663	23.3935	23.2206	1.0017
128	0.125	ZZ onsite	74	18.9423	13.6194	20.5650	20.5783	0.9205
128	0.125	ZZ onsite	75	18.5241	2.6474	21.3139	21.2996	0.8697
128	0.125	ZZ onsite	76	19.3641	1.4781	20.2102	20.2124	0.9580
128	0.125	ZZ onsite	77	20.5004	4.8412	23.0909	23.0604	0.8890
128	0.125	ZZ onsite	78	22.3200	5.6734	22.5891	22.5840	0.9883
128	0.125	ZZ onsite	79	18.4676	0.9406	20.6877	20.6836	0.8929
128	0.125	ZZ onsite	80	20.4288	0.7975	20.6345	20.6552	0.9890
128	0.125	ZZ onsite	81	18.1048	0.8220	22.3693	22.3520	0.8100
128	0.125	ZZ onsite	82	21.2768	2.0349	22.5491	22.5598	0.9431
128	0.125	ZZ onsite	83	18.1743	2.4489	18.4113	18.3999	0.9877
128	0.125	ZZ onsite	84	17.4390	1.6237	20.6707	20.7281	0.8413
128	0.125	ZZ onsite	85	21.8235	3.8504	23.0476	23.0162	0.9482
128	0.125	ZZ onsite	86	16.9144	6.4152	21.5324	21.5590	0.7846
128	0.125	ZZ onsite	87	18.5060	3.3104	19.0604	19.0612	0.9709
128	0.125	ZZ onsite	88	17.2134	0.8988	21.3501	21.3436	0.8065
128	0.125	ZZ onsite	89	17.7872	1.0403	22.0222	22.0652	0.8061
128	0.125	ZZ onsite	90	18.2964	14.4749	19.9570	19.9684	0.9163
128	0.125	ZZ onsite	91	19.4316	2.5835	22.5885	22.5798	0.8606
128	0.125	ZZ onsite	92	18.4849	1.4974	19.1262	19.1104	0.9673
128	0.125	ZZ onsite	93	17.7273	4.9649	22.0177	22.0613	0.8035
128	0.125	ZZ onsite	94	20.6170	5.3431	20.9905	20.9917	0.9822
128	0.125	ZZ onsite	95	19.1139	0.8752	20.0323	20.0497	0.9533
128	0.125	ZZ onsite	96	20.3416	0.7774	21.9747	22.0140	0.9240
128	0.125	ZZ onsite	97	17.3624	0.7785	22.1044	22.1049	0.7855
128	0.125	ZZ onsite	98	18.1867	1.8723	20.5404	20.5471	0.8851
128	0.125	ZZ onsite	99	18.8538	2.3242	19.1475	19.1304	0.9855
128	0.125	ZZ onsite	100	18.8926	1.6666	22.3464	22.3802	0.8442
128	0.125	ZZ onsite	101	18.5106	4.5806	20.0195	20.0379	0.9238
128	0.125	ZZ onsite	102	18.8104	6.7183	22.7768	22.7776	0.8258
128	0.125	ZZ onsite	103	21.5346	3.2336	21.6017	21.5885	0.9975
128	0.125	ZZ onsite	104	20.1572	0.8317	25.1249	25.1599	0.8012
128	0.125	ZZ onsite	105	19.4509	1.0257	20.7270	20.7402	0.9378
128	0.125	ZZ onsite	106	18.6566	12.9556	20.3363	20.3416	0.9172
128	0.125	ZZ onsite	107	16.3515	2.5136	19.2203	19.2142	0.8510
128	0.125	ZZ onsite	108	19.9410	1.4712	20.8210	20.8301	0.9573
128	0.125	ZZ onsite	109	15.9385	5.1389	19.1040	19.1496	0.8323
128	0.125	ZZ onsite	110	19.2951	5.3965	21.4108	21.4169	0.9009
128	0.125	ZZ onsite	111	20.7311	0.7798	21.5708	21.5785	0.9607
128	0.125	ZZ onsite	112	20.1041	0.7219	20.5247	20.5450	0.9785
128	0.125	ZZ onsite	113	20.8479	0.6825	21.1143	21.1454	0.9859
128	0.125	ZZ onsite	114	20.3132	1.4530	22.2921	22.2666	0.9123
128	0.125	ZZ onsite	115	20.8218	1.5352	21.2994	21.2802	0.9785
128	0.125	ZZ onsite	116	20.8675	2.1513	23.5382	23.5236	0.8871
128	0.125	ZZ onsite	117	20.4774	5.3481	21.4893	21.4882	0.9530
128	0.125	ZZ onsite	118	20.9516	0.7643	24.6762	24.6768	0.8490
128	0.125	ZZ onsite	119	21.9178	0.7256	22.2062	22.1997	0.9873
128	0.125	ZZ onsite	120	18.8037	0.7114	22.5179	22.5294	0.8346
128	0.125	ZZ onsite	121	23.1527	0.9157	23.5866	23.5386	0.9836
128	0.125	ZZ onsite	122	17.0566	7.9818	19.2867	19.2857	0.8844
128	0.125	ZZ onsite	123	21.3914	2.2821	22.5174	22.5144	0.9501
128	0.125	ZZ onsite	124	18.7237	0.6148	19.3865	19.3881	0.9657
128	0.125	ZZ onsite	125	18.7277	0.5848	20.6070	20.6075	0.9088
128	0.125	ZZ onsite	126	21.8777	0.6007	22.2326	22.2335	0.9840
128	0.125	ZZ onsite	127	31.1310	1.0599	31.2058	31.2104	0.9975
128	0.125	ZZ onsite	128	60.3732	2.9930	60.6794	60.6811	0.9949
128	0.125	ZZ up-up r=1	1	88.0302	10.3134	98.6655	98.6283	0.8925
128	0.125	ZZ up-up r=1	2	9.3960	1.1249	9.7825	9.7811	0.9606
128	0.125	ZZ up-up r=1	3	29.6008	3.1657	29.7592	29.7550	0.9948
128	0.125	ZZ up-up r=1	4	12.6942	1.4058	16.4750	16.4736	0.7706
128	0.125	ZZ up-up r=1	5	14.4997	3.7034	16.7754	16.7743	0.8644
128	0.125	ZZ up-up r=1	6	22.0053	0.8287	23.3075	23.3264	0.9434
128	0.125	ZZ up-up r=1	7	11.3554	1.1201	14.6607	14.6769	0.7737
128	0.125	ZZ up-up r=1	8	23.9868	2.6340	24.8941	24.8992	0.9634
128	0.125	ZZ up-up r=1	9	11.6235	1.1764	15.2663	15.3257	0.7584
128	0.125	ZZ up-up r=1	10	22.6350	4.7108	23.3608	23.3526	0.9693
128	0.125	ZZ up-up r=1	11	9.6142	1.6113	18.2949	18.3779	0.5231
128	0.125	ZZ up-up r=1	12	18.0078	6.1044	20.7333	20.7883	0.8662
128	0.125	ZZ up-up r=1	13	18.2980	0.8065	20.5533	20.5435	0.8907
128	0.125	ZZ up-up r=1	14	14.5600	1.4330	19.3321	19.4011	0.7505
128	0.125	ZZ up-up r=1	15	21.3513	1.6098	21.5948	21.5809	0.9894
128	0.125	ZZ up-up r=1	16	7.8707	1.1476	15.5958	15.6448	0.5031
128	0.125	ZZ up-up r=1	17	21.2777	5.6073	23.3193	23.3324	0.9119
128	0.125	ZZ up-up r=1	18	14.3367	1.3034	18.0623	18.1536	0.7897
128	0.125	ZZ up-up r=1	19	17.6260	3.0362	20.6120	20.6162	0.8550
128	0.125	ZZ up-up r=1	20	13.1208	2.8999	16.3944	16.5179	0.7943
128	0.125	ZZ up-up r=1	21	14.7915	1.2449	19.2070	19.4355	0.7611
128	0.125	ZZ up-up r=1	22	18.8351	1.6215	20.9017	20.9589	0.8987
128	0.125	ZZ up-up r=1	23	8.8393	1.1586	17.3658	17.5930	0.5024
128	0.125	ZZ up-up r=1	24	21.0487	3.2456	21.3785	21.3182	0.9874
128	0.125	ZZ up-up r=1	25	14.6402	2.2795	18.7591	18.7450	0.7810
128	0.125	ZZ up-up r=1	26	18.0369	4.1452	20.2259	20.2568	0.8904
128	0.125	ZZ up-up r=1	27	9.3373	1.7719	17.0249	17.1366	0.5449
128	0.125	ZZ up-up r=1	28	18.3384	4.9612	21.4380	21.5493	0.8510
128	0.125	ZZ up-up r=1	29	17.1884	0.8318	19.7557	20.0707	0.8564
128	0.125	ZZ up-up r=1	30	14.7679	1.4541	18.7869	18.9276	0.7802
128	0.125	ZZ up-up r=1	31	21.8998	1.5656	22.2253	22.2492	0.9843
128	0.125	ZZ up-up r=1	32	10.7087	1.1662	19.1868	19.3488	0.5535
128	0.125	ZZ up-up r=1	33	19.4886	6.1172	21.9216	21.9398	0.8883
128	0.125	ZZ up-up r=1	34	8.9540	1.3291	18.1403	18.3089	0.4891
128	0.125	ZZ up-up r=1	35	15.6249	3.0229	19.1193	19.1526	0.8158
128	0.125	ZZ up-up r=1	36	15.6737	2.8955	19.0051	19.3765	0.8089
128	0.125	ZZ up-up r=1	37	15.0531	1.2577	19.5134	19.7274	0.7631
128	0.125	ZZ up-up r=1	38	17.8898	1.5577	20.1132	20.2605	0.8830
128	0.125	ZZ up-up r=1	39	9.2242	1.2044	18.4702	18.7234	0.4927
128	0.125	ZZ up-up r=1	40	19.2523	5.7705	21.0082	21.0489	0.9146
128	0.125	ZZ up-up r=1	41	15.3556	1.2639	21.3907	21.9280	0.7003
128	0.125	ZZ up-up r=1	42	18.5383	1.7346	20.4484	20.4998	0.9043
128	0.125	ZZ up-up r=1	43	9.8842	1.6277	18.9208	18.9376	0.5219
128	0.125	ZZ up-up r=1	44	17.5009	4.3679	20.6041	20.7391	0.8439
128	0.125	ZZ up-up r=1	45	15.8445	0.8400	19.8980	19.9732	0.7933
128	0.125	ZZ up-up r=1	46	13.6645	1.5070	18.1341	18.5550	0.7364
128	0.125	ZZ up-up r=1	47	23.7754	1.5376	24.3594	24.2508	0.9804
128	0.125	ZZ up-up r=1	48	10.4571	1.1920	19.0981	19.3910	0.5393
128	0.125	ZZ up-up r=1	49	19.7981	6.7359	22.4010	22.4038	0.8837
128	0.125	ZZ up-up r=1	50	9.8070	1.8151	19.2066	19.2995	0.5081
128	0.125	ZZ up-up r=1	51	17.5655	10.9313	22.4818	22.5313	0.7796
128	0.125	ZZ up-up r=1	52	16.6849	0.8129	20.3575	20.5455	0.8121
128	0.125	ZZ up-up r=1	53	13.6416	1.4342	18.3161	18.6308	0.7322
128	0.125	ZZ up-up r=1	54	19.7873	1.5652	22.1524	22.3884	0.8838
128	0.125	ZZ up-up r=1	55	8.8439	1.1722	19.6368	20.0340	0.4414
128	0.125	ZZ up-up r=1	56	19.6845	2.7485	20.9375	20.9381	0.9401
128	0.125	ZZ up-up r=1	57	13.9968	1.3570	17.5417	17.5272	0.7986
128	0.125	ZZ up-up r=1	58	17.6819	2.6591	18.8995	18.8162	0.9397
128	0.125	ZZ up-up r=1	59	9.3711	3.3864	17.8840	17.9266	0.5228
128	0.125	ZZ up-up r=1	60	18.4463	1.1864	21.1260	21.3396	0.8644
128	0.125	ZZ up-up r=1	61	17.8284	1.5209	20.0874	20.1152	0.8863
128	0.125	ZZ up-up r=1	62	13.6119	1.4200	17.1793	17.6246	0.7723
128	0.125	ZZ up-up r=1	63	22.5031	0.9979	22.7803	22.7991	0.9870
128	0.125	ZZ up-up r=1	64	10.3864	1.2412	15.5048	15.7321	0.6602
128	0.125	ZZ up-up r=1	65	19.1350	5.9277	20.5058	20.5241	0.9323
128	0.125	ZZ up-up r=1	66	9.5028	1.7946	17.3752	17.4776	0.5437
128	0.125	ZZ up-up r=1	67	15.6214	10.7342	19.9483	19.9788	0.7819
128	0.125	ZZ up-up r=1	68	13.9088	0.8092	18.5713	18.5987	0.7478
128	0.125	ZZ up-up r=1	69	13.5743	1.4543	18.9437	19.2636	0.7047
128	0.125	ZZ up-up r=1	70	17.5411	1.5739	18.6428	18.6631	0.9399
128	0.125	ZZ up-up r=1	71	8.3301	1.1725	18.4398	18.6728	0.4461
128	0.125	ZZ up-up r=1	72	19.0155	2.1002	23.1740	23.1991	0.8197
128	0.125	ZZ up-up r=1	73	14.7209	1.3052	18.6910	18.9669	0.7761
128	0.125	ZZ up-up r=1	74	17.9945	2.9071	19.8250	19.7443	0.9114
128	0.125	ZZ up-up r=1	75	10.0854	3.0577	19.8581	19.9296	0.5061
128	0.125	ZZ up-up r=1	76	17.7727	1.2647	20.4961	20.6737	0.8597
128	0.125	ZZ up-up r=1	77	18.3762	1.6209	20.3248	20.3628	0.9024
128	0.125	ZZ up-up r=1	78	14.6194	1.1846	19.1292	19.3864	0.7541
128	0.125	ZZ up-up r=1	79	18.9053	3.3211	19.0369	19.0290	0.9935
128	0.125	ZZ up-up r=1	80	14.4446	1.2408	18.7365	18.6996	0.7725
128	0.125	ZZ up-up r=1	81	18.3662	7.1150	21.3923	21.4405	0.8566
128	0.125	ZZ up-up r=1	82	9.9830	1.7809	20.7477	21.0807	0.4736
128	0.125	ZZ up-up r=1	83	16.8767	10.6681	19.9292	20.1527	0.8374
128	0.125	ZZ up-up r=1	84	17.9386	0.8050	20.4409	20.3885	0.8798
128	0.125	ZZ up-up r=1	85	14.5001	1.4715	18.9615	19.2197	0.7544
128	0.125	ZZ up-up r=1	86	18.9495	1.5811	20.2116	20.2956	0.9337
128	0.125	ZZ up-up r=1	87	8.7372	1.1728	17.6991	17.7996	0.4909
128	0.125	ZZ up-up r=1	88	17.1542	2.8164	19.6866	19.6539	0.8728
128	0.125	ZZ up-up r=1	89	15.6451	1.3098	18.5474	19.0056	0.8232
128	0.125	ZZ up-up r=1	90	15.7164	3.0586	19.1716	19.1172	0.8221
128	0.125	ZZ up-up r=1	91	10.7203	2.8893	18.1495	18.1537	0.5905
128	0.125	ZZ up-up r=1	92	15.2617	1.3135	18.7776	18.9441	0.8056
128	0.125	ZZ up-up r=1	93	17.3179	1.6478	18.6125	18.6357	0.9293
128	0.125	ZZ up-up r=1	94	13.7500	1.1810	17.7975	17.9595	0.7656
128	0.125	ZZ up-up r=1	95	21.5909	3.1322	21.7354	21.7334	0.9934
128	0.125	ZZ up-up r=1	96	14.0010	1.2255	18.2365	18.3027	0.7650
128	0.125	ZZ up-up r=1	97	20.8685	4.9177	24.2674	24.2397	0.8609
128	0.125	ZZ up-up r=1	98	9.5235	1.7181	17.7442	17.8961	0.5322
128	0.125	ZZ up-up r=1	99	16.6493	11.8859	19.7817	19.9484	0.8346
128	0.125	ZZ up-up r=1	100	15.7218	0.7960	20.2132	20.3188	0.7738
128	0.125	ZZ up-up r=1	101	15.6550	1.5086	20.9327	21.1991	0.7385
128	0.125	ZZ up-up r=1	102	21.3280	1.6257	22.8471	22.9243	0.9304
128	0.125	ZZ up-up r=1	103	7.9878	1.1655	17.3338	17.5490	0.4552
128	0.125	ZZ up-up r=1	104	20.0192	3.2265	23.1101	23.0789	0.8674
128	0.125	ZZ up-up r=1	105	16.5188	1.2702	20.0196	20.2303	0.8165
128	0.125	ZZ up-up r=1	106	16.0792	3.5557	20.3176	20.3805	0.7889
128	0.125	ZZ up-up r=1	107	14.0713	2.5774	20.6605	20.6403	0.6817
128	0.125	ZZ up-up r=1	108	16.2947	1.4833	21.8333	21.9521	0.7423
128	0.125	ZZ up-up r=1	109	21.6959	1.8223	24.3694	24.3915	0.8895
128	0.125	ZZ up-up r=1	110	8.4879	1.1528	16.4693	16.6268	0.5105
128	0.125	ZZ up-up r=1	111	24.5361	1.9446	25.1515	25.2282	0.9726
128	0.125	ZZ up-up r=1	112	15.1972	1.1662	19.0034	19.0415	0.7981
128	0.125	ZZ up-up r=1	113	20.2349	3.0363	25.2413	25.2944	0.8000
128	0.125	ZZ up-up r=1	114	10.2143	1.4334	17.5191	17.6328	0.5793
128	0.125	ZZ up-up r=1	115	18.6480	10.7489	22.0320	22.1503	0.8419
128	0.125	ZZ up-up r=1	116	18.3520	0.7514	19.5921	19.5395	0.9392
128	0.125	ZZ up-up r=1	117	13.7687	1.0726	18.7621	18.9917	0.7250
128	0.125	ZZ up-up r=1	118	22.6766	1.4503	23.3640	23.4279	0.9679
128	0.125	ZZ up-up r=1	119	8.7135	1.1078	15.8979	15.9118	0.5476
128	0.125	ZZ up-up r=1	120	23.9766	1.8164	27.6018	27.5783	0.8694
128	0.125	ZZ up-up r=1	121	8.8316	1.0875	14.2471	14.2933	0.6179
128	0.125	ZZ up-up r=1	122	23.5198	11.5239	23.7965	23.8242	0.9872
128	0.125	ZZ up-up r=1	123	11.7432	1.6232	17.1530	17.1554	0.6845
128	0.125	ZZ up-up r=1	124	14.5413	1.0000	17.4083	17.3894	0.8362
128	0.125	ZZ up-up r=1	125	29.7376	0.9423	31.1903	31.1820	0.9537
128	0.125	ZZ up-up r=1	126	9.2602	1.0000	10.5052	10.5056	0.8815
128	0.125	ZZ up-up r=1	127	81.4366	7.0931	87.3523	87.3777	0.9320
128	0.125	hop up r=1	1	67.9954	1.0000	69.2727	69.2594	0.9817
128	0.125	hop up r=1	2	22.4309	1.1759	24.3826	24.3885	0.9197
128	0.125	hop up r=1	3	41.9995	1.0000	44.0859	44.0996	0.9524
128	0.125	hop up r=1	4	38.5396	2.2442	38.5461	38.5361	1.0001
128	0.125	hop up r=1	5	30.9028	13.4631	36.5398	36.5106	0.8464
128	0.125	hop up r=1	6	33.5352	2.5016	38.9631	38.9630	0.8607
128	0.125	hop up r=1	7	18.1274	1.8371	33.0228	33.1341	0.5471
128	0.125	hop up r=1	8	35.0495	1.0000	37.6395	37.6390	0.9312
128	0.125	hop up r=1	9	21.9371	1.5671	34.0689	34.2301	0.6409
128	0.125	hop up r=1	10	33.0961	1.0000	39.0081	39.0153	0.8483
128	0.125	hop up r=1	11	18.7837	2.9140	35.0067	35.1696	0.5341
128	0.125	hop up r=1	12	30.9013	20.9635	36.9864	36.9404	0.8365
128	0.125	hop up r=1	13	26.9895	2.4123	35.4232	35.5148	0.7600
128	0.125	hop up r=1	14	18.2803	2.6634	32.6579	32.7031	0.5590
128	0.125	hop up r=1	15	35.2373	4.6879	39.5709	39.5644	0.8906
128	0.125	hop up r=1	16	18.9961	2.2287	30.4395	30.4078	0.6247
128	0.125	hop up r=1	17	31.1524	1.0000	37.8069	37.8340	0.8234
128	0.125	hop up r=1	18	21.2296	2.5032	33.8861	34.1098	0.6224
128	0.125	hop up r=1	19	33.3773	19.4830	33.6067	33.4358	0.9983
128	0.125	hop up r=1	20	35.1237	17.4897	35.2998	35.3895	0.9925
128	0.125	hop up r=1	21	17.7198	2.1507	33.5078	33.2490	0.5329
128	0.125	hop up r=1	22	28.0606	4.8464	38.1676	38.2242	0.7341
128	0.125	hop up r=1	23	16.4787	2.2756	32.1036	32.2471	0.5110
128	0.125	hop up r=1	24	32.7310	1.0000	37.2426	37.2214	0.8794
128	0.125	hop up r=1	25	18.9430	1.0000	32.7364	33.2187	0.5703
128	0.125	hop up r=1	26	31.2749	1.0000	34.5474	34.5144	0.9061
128	0.125	hop up r=1	27	23.3826	3.7077	39.4177	39.7166	0.5887
128	0.125	hop up r=1	28	27.7140	20.1861	34.5646	34.5175	0.8029
128	0.125	hop up r=1	29	25.5617	2.3590	32.8522	32.9141	0.7766
128	0.125	hop up r=1	30	19.0317	2.5410	35.5277	35.7019	0.5331
128	0.125	hop up r=1	31	30.5376	4.3742	35.7288	35.7882	0.8533
128	0.125	hop up r=1	32	17.6560	2.3137	31.9338	32.1157	0.5498
128	0.125	hop up r=1	33	29.7070	1.0000	35.5222	35.5578	0.8355
128	0.125	hop up r=1	34	17.4987	2.6978	29.6376	29.8482	0.5863
128	0.125	hop up r=1	35	36.8498	20.2429	38.4263	38.4945	0.9573
128	0.125	hop up r=1	36	33.6150	16.9211	34.3473	34.4081	0.9770
128	0.125	hop up r=1	37	15.0776	2.2203	33.1262	33.2554	0.4534
128	0.125	hop up r=1	38	26.1229	4.5625	32.2997	32.1153	0.8134
128	0.125	hop up r=1	39	17.4930	2.4945	35.1142	35.4328	0.4937
128	0.125	hop up r=1	40	26.8578	1.0000	32.6858	32.7057	0.8212
128	0.125	hop up r=1	41	23.5946	2.1185	36.3891	36.6424	0.6439
128	0.125	hop up r=1	42	29.1360	8.3384	33.6454	33.4800	0.8703
128	0.125	hop up r=1	43	22.8437	5.3608	37.1699	37.8490	0.6035
128	0.125	hop up r=1	44	27.8470	17.1857	33.4119	33.7337	0.8255
128	0.125	hop up r=1	45	25.2662	2.2982	33.7375	34.2125	0.7385
128	0.125	hop up r=1	46	18.7516	2.4873	32.8980	32.9123	0.5697
128	0.125	hop up r=1	47	27.2109	3.9139	30.8513	30.8376	0.8824
128	0.125	hop up r=1	48	17.1151	2.2920	33.3311	33.7282	0.5074
128	0.125	hop up r=1	49	30.3197	1.0000	37.8980	37.9777	0.7984
128	0.125	hop up r=1	50	18.5542	3.7042	33.8303	34.0591	0.5448
128	0.125	hop up r=1	51	33.2926	24.0489	37.0690	37.3664	0.8910
128	0.125	hop up r=1	52	28.8571	2.3568	32.9960	32.8400	0.8787
128	0.125	hop up r=1	53	14.5555	3.3579	36.0740	36.2166	0.4019
128	0.125	hop up r=1	54	26.9215	4.5275	35.8222	36.1201	0.7453
128	0.125	hop up r=1	55	16.9089	2.4422	32.0490	32.0982	0.5268
128	0.125	hop up r=1	56	30.9784	1.0000	38.3588	38.3285	0.8082
128	0.125	hop up r=1	57	21.9733	2.8223	34.5161	34.7129	0.6330
128	0.125	hop up r=1	58	29.2018	14.8453	36.7705	36.8584	0.7923
128	0.125	hop up r=1	59	21.3459	15.1753	34.0105	34.4170	0.6202
128	0.125	hop up r=1	60	27.9880	2.2761	36.5597	36.3925	0.7691
128	0.125	hop up r=1	61	23.4462	4.4735	31.6050	31.5072	0.7442
128	0.125	hop up r=1	62	16.1038	3.9438	36.3266	36.9260	0.4361
128	0.125	hop up r=1	63	31.8982	1.0000	40.8506	40.9511	0.7789
128	0.125	hop up r=1	64	18.8792	2.7411	33.0057	32.8349	0.5750
128	0.125	hop up r=1	65	31.3200	1.0000	37.0944	37.0766	0.8447
128	0.125	hop up r=1	66	18.1845	3.7157	33.2748	33.5188	0.5425
128	0.125	hop up r=1	67	34.7243	22.9771	35.3195	35.3451	0.9824
128	0.125	hop up r=1	68	24.0423	2.3036	31.0376	31.3849	0.7660
128	0.125	hop up r=1	69	13.2520	3.6473	32.9108	32.8912	0.4029
128	0.125	hop up r=1	70	31.7888	4.5186	42.3343	42.6290	0.7457
128	0.125	hop up r=1	71	16.5605	1.8504	32.9074	33.4620	0.4949
128	0.125	hop up r=1	72	25.5671	1.0000	35.4530	35.5898	0.7184
128	0.125	hop up r=1	73	21.7257	2.6956	34.4909	35.0479	0.6199
128	0.125	hop up r=1	74	29.2210	18.4505	38.2399	38.1661	0.7656
128	0.125	hop up r=1	75	18.2007	14.3049	30.0366	30.2295	0.6021
128	0.125	hop up r=1	76	31.7590	2.1817	33.8079	33.9922	0.9343
128	0.125	hop up r=1	77	25.9045	4.7045	36.5277	36.8320	0.7033
128	0.125	hop up r=1	78	17.5369	2.3712	37.3378	37.5257	0.4673
128	0.125	hop up r=1	79	27.8048	1.0000	33.9833	33.9689	0.8185
128	0.125	hop up r=1	80	19.2189	1.8784	31.9469	32.0738	0.5992
128	0.125	hop up r=1	81	27.5827	1.0000	36.9964	37.0449	0.7446
128	0.125	hop up r=1	82	19.5867	3.7329	35.4371	35.4381	0.5527
128	0.125	hop up r=1	83	30.7952	24.0649	33.7312	33.9186	0.9079
128	0.125	hop up r=1	84	22.6523	2.3010	30.7252	30.9894	0.7310
128	0.125	hop up r=1	85	17.7432	3.5899	34.8940	35.1104	0.5054
128	0.125	hop up r=1	86	30.1152	4.4049	38.7118	38.9975	0.7722
128	0.125	hop up r=1	87	19.4923	2.3596	36.7216	36.8532	0.5289
128	0.125	hop up r=1	88	25.6209	1.0000	34.7952	34.8446	0.7353
128	0.125	hop up r=1	89	22.7085	2.6415	34.5461	34.7792	0.6529
128	0.125	hop up r=1	90	22.7580	17.5224	33.1435	33.4646	0.6801
128	0.125	hop up r=1	91	22.0101	16.6592	32.5460	32.8253	0.6705
128	0.125	hop up r=1	92	30.5551	2.1608	33.0556	33.4016	0.9148
128	0.125	hop up r=1	93	28.2913	4.7475	39.1394	39.3238	0.7194
128	0.125	hop up r=1	94	16.3172	2.2458	34.3839	34.8238	0.4686
128	0.125	hop up r=1	95	29.4094	1.0000	34.4674	34.3438	0.8563
128	0.125	hop up r=1	96	18.5812	1.7957	30.6775	30.8279	0.6027
128	0.125	hop up r=1	97	28.2521	1.0000	38.6357	38.6540	0.7309
128	0.125	hop up r=1	98	18.3846	3.4372	34.7960	34.9145	0.5266
128	0.125	hop up r=1	99	28.0163	19.6769	32.3061	32.1908	0.8703
128	0.125	hop up r=1	100	25.9465	2.3196	35.9883	36.2070	0.7166
128	0.125	hop up r=1	101	18.0759	3.4437	35.2951	35.5503	0.5085
128	0.125	hop up r=1	102	30.9946	4.4357	36.7282	36.7452	0.8435
128	0.125	hop up r=1	103	19.7241	2.2213	37.7216	37.8919	0.5205
128	0.125	hop up r=1	104	28.2381	1.0000	37.4047	37.4101	0.7548
128	0.125	hop up r=1	105	21.0611	2.4189	30.9542	30.9059	0.6815
128	0.125	hop up r=1	106	27.1927	23.3383	36.8776	37.1458	0.7321
128	0.125	hop up r=1	107	23.3012	12.7573	32.1595	32.4895	0.7172
128	0.125	hop up r=1	108	31.6307	2.0883	37.6242	37.9298	0.8339
128	0.125	hop up r=1	109	24.9678	4.7407	33.7661	33.8939	0.7366
128	0.125	hop up r=1	110	17.2794	1.9071	31.4819	31.3199	0.5517
128	0.125	hop up r=1	111	33.9207	1.0000	42.4764	42.5689	0.7968
128	0.125	hop up r=1	112	20.6502	1.4933	34.2135	34.3667	0.6009
128	0.125	hop up r=1	113	31.4747	1.0000	43.0602	42.9036	0.7336
128	0.125	hop up r=1	114	18.2711	2.4622	35.0655	35.1545	0.5197
128	0.125	hop up r=1	115	37.5956	14.3335	38.7655	38.8409	0.9679
128	0.125	hop up r=1	116	27.3806	2.5070	35.5625	35.6244	0.7686
128	0.125	hop up r=1	117	18.9084	1.5905	31.4681	31.4399	0.6014
128	0.125	hop up r=1	118	34.2640	1.0000	40.3352	40.4229	0.8476
128	0.125	hop up r=1	119	20.1899	1.3027	30.8597	30.9221	0.6529
128	0.125	hop up r=1	120	36.0154	1.0000	42.6051	42.5894	0.8456
128	0.125	hop up r=1	121	19.6308	1.6164	28.7600	28.7717	0.6823
128	0.125	hop up r=1	122	30.6631	25.6793	39.4292	39.4449	0.7774
128	0.125	hop up r=1	123	35.6395	4.5583	35.8844	35.8751	0.9934
128	0.125	hop up r=1	124	28.8368	1.0004	37.5172	37.5194	0.7686
128	0.125	hop up r=1	125	37.7251	1.0000	40.7598	40.7288	0.9263
128	0.125	hop up r=1	126	19.5850	1.0000	21.9621	21.9621	0.8918
128	0.125	hop up r=1	127	59.9985	1.0000	61.6050	61.6215	0.9737
128	0.125	n	1	1.3601	0.8878	1.3736	1.3731	0.9905
128	0.125	n	2	1.4527	1.0465	1.4618	1.4617	0.9938
128	0.125	n	3	2.4459	0.7516	2.5124	2.5064	0.9759
128	0.125	n	4	1.9360	1.0446	1.9411	1.9369	0.9995
128	0.125	n	5	3.2931	0.1932	3.2979	3.2904	1.0008
128	0.125	n	6	2.1650	0.9155	2.1742	2.1693	0.9980
128	0.125	n	7	2.5744	1.4830	2.5903	2.5884	0.9946
128	0.125	n	8	2.1517	1.2241	2.1813	2.1802	0.9869
128	0.125	n	9	2.1615	0.7241	2.2354	2.2361	0.9666
128	0.125	n	10	2.2053	1.0512	2.2514	2.2506	0.9799
128	0.125	n	11	2.0317	0.8921	2.0447	2.0443	0.9938
128	0.125	n	12	2.3865	0.1813	2.4899	2.4913	0.9579
128	0.125	n	13	2.2469	0.5203	2.2648	2.2652	0.9920
128	0.125	n	14	2.3765	1.7560	2.4565	2.4571	0.9672
128	0.125	n	15	1.9977	0.7200	2.0095	2.0093	0.9943
128	0.125	n	16	2.2707	1.6136	2.2797	2.2805	0.9957
128	0.125	n	17	2.0703	1.3387	2.1172	2.1180	0.9775
128	0.125	n	18	2.1408	1.3271	2.1633	2.1628	0.9898
128	0.125	n	19	2.3685	1.7634	2.4043	2.4045	0.9850
128	0.125	n	20	2.2462	0.3093	2.2841	2.2817	0.9844
128	0.125	n	21	2.2837	0.3560	2.2909	2.2934	0.9958
128	0.125	n	22	2.3318	0.7715	2.3703	2.3695	0.9841
128	0.125	n	23	2.2650	1.6420	2.3176	2.3186	0.9769
128	0.125	n	24	2.3528	1.3856	2.4189	2.4151	0.9742
128	0.125	n	25	2.0665	0.9328	2.0893	2.0848	0.9912
128	0.125	n	26	2.3228	0.7419	2.3962	2.3962	0.9694
128	0.125	n	27	2.2401	0.9419	2.3129	2.3108	0.9694
128	0.125	n	28	2.2230	0.1674	2.3186	2.3194	0.9585
128	0.125	n	29	2.1670	0.5484	2.1998	2.1996	0.9852
128	0.125	n	30	2.1769	1.5382	2.2705	2.2732	0.9576
128	0.125	n	31	2.2885	0.7594	2.3207	2.3203	0.9863
128	0.125	n	32	2.3133	1.6131	2.3301	2.3298	0.9929
128	0.125	n	33	2.2819	1.4129	2.3096	2.3105	0.9876
128	0.125	n	34	2.2441	1.3226	2.2989	2.2984	0.9763
128	0.125	n	35	2.2684	1.9039	2.2898	2.2876	0.9916
128	0.125	n	36	2.2006	0.2796	2.2260	2.2273	0.9880
128	0.125	n	37	2.4373	0.3736	2.4384	2.4404	0.9987
128	0.125	n	38	2.0070	0.8682	2.0596	2.0582	0.9751
128	0.125	n	39	2.3364	1.5077	2.4271	2.4260	0.9631
128	0.125	n	40	2.3901	1.3916	2.4241	2.4239	0.9861
128	0.125	n	41	2.1519	0.5858	2.1901	2.1909	0.9822
128	0.125	n	42	2.4154	1.6729	2.4567	2.4534	0.9845
128	0.125	n	43	2.1789	0.7309	2.2099	2.2092	0.9863
128	0.125	n	44	2.1970	0.1682	2.3002	2.3025	0.9542
128	0.125	n	45	2.3057	0.7030	2.3071	2.3077	0.9991
128	0.125	n	46	2.4499	1.4732	2.5150	2.5136	0.9747
128	0.125	n	47	2.3195	0.7427	2.3563	2.3524	0.9860
128	0.125	n	48	2.2745	1.0786	2.2885	2.2879	0.9941
128	0.125	n	49	2.3417	1.2355	2.3643	2.3628	0.9911
128	0.125	n	50	2.1982	0.8610	2.2567	2.2532	0.9756
128	0.125	n	51	2.3605	0.1732	2.3665	2.3686	0.9966
128	0.125	n	52	2.2242	0.4662	2.2577	2.2579	0.9851
128	0.125	n	53	2.4252	1.5667	2.4296	2.4273	0.9991
128	0.125	n	54	2.3790	0.8146	2.3906	2.3902	0.9953
128	0.125	n	55	2.1072	1.6564	2.1831	2.1839	0.9649
128	0.125	n	56	2.2775	1.5479	2.3062	2.3064	0.9875
128	0.125	n	57	2.2477	1.4734	2.2999	2.3035	0.9758
128	0.125	n	58	2.1762	1.5035	2.2053	2.1949	0.9915
128	0.125	n	59	2.3399	0.2796	2.3649	2.3648	0.9895
128	0.125	n	60	2.2514	0.3569	2.3645	2.3649	0.9520
128	0.125	n	61	2.0444	1.0230	2.0475	2.0473	0.9986
128	0.125	n	62	2.1360	0.9619	2.2170	2.2196	0.9623
128	0.125	n	63	2.4060	1.2857	2.4178	2.4181	0.9950
128	0.125	n	64	2.1973	0.6016	2.2491	2.2496	0.9768
128	0.125	n	65	2.2124	1.1419	2.2599	2.2598	0.9790
128	0.125	n	66	2.1157	0.9351	2.1477	2.1474	0.9852
128	0.125	n	67	2.4788	0.1814	2.4831	2.4821	0.9987
128	0.125	n	68	2.2644	0.5417	2.3006	2.3006	0.9843
128	0.125	n	69	2.4310	1.5857	2.4342	2.4325	0.9994
128	0.125	n	70	2.1254	0.7941	2.1551	2.1551	0.9862
128	0.125	n	71	2.3518	1.7874	2.3716	2.3736	0.9908
128	0.125	n	72	2.1407	1.4803	2.1479	2.1468	0.9972
128	0.125	n	73	2.2685	1.3557	2.3025	2.3026	0.9852
128	0.125	n	74	2.2030	1.9841	2.2105	2.2112	0.9963
128	0.125	n	75	2.2000	0.2927	2.2291	2.2295	0.9868
128	0.125	n	76	2.4211	0.3852	2.5075	2.5053	0.9664
128	0.125	n	77	2.0959	0.8109	2.1325	2.1307	0.9837
128	0.125	n	78	2.3511	1.4823	2.3851	2.3812	0.9873
128	0.125	n	79	2.1868	1.1739	2.2020	2.2014	0.9934
128	0.125	n	80	2.1241	0.6658	2.1578	2.1578	0.9844
128	0.125	n	81	2.3147	1.1216	2.3826	2.3833	0.9712
128	0.125	n	82	2.2692	0.8295	2.2752	2.2733	0.9982
128	0.125	n	83	2.1106	0.1625	2.1934	2.1957	0.9613
128	0.125	n	84	2.0967	0.5410	2.1291	2.1285	0.9851
128	0.125	n	85	2.3240	1.4478	2.3404	2.3378	0.9941
128	0.125	n	86	2.2603	0.7497	2.2838	2.2807	0.9911
128	0.125	n	87	2.2606	1.6039	2.2858	2.2851	0.9893
128	0.125	n	88	2.1460	1.4461	2.1756	2.1750	0.9867
128	0.125	n	89	2.1783	1.2825	2.2193	2.2205	0.9810
128	0.125	n	90	2.1631	1.8756	2.1915	2.1931	0.9863
128	0.125	n	91	2.3967	0.3130	2.4041	2.4040	0.9970
128	0.125	n	92	2.1319	0.3315	2.1368	2.1367	0.9977
128	0.125	n	93	2.1426	0.7536	2.1622	2.1611	0.9914
128	0.125	n	94	2.4541	1.4949	2.4982	2.4984	0.9822
128	0.125	n	95	2.0160	1.2267	2.0283	2.0287	0.9938
128	0.125	n	96	2.2218	0.6796	2.2814	2.2825	0.9734
128	0.125	n	97	2.1840	1.0851	2.2093	2.2093	0.9885
128	0.125	n	98	2.1645	0.7952	2.1991	2.1991	0.9843
128	0.125	n	99	2.4493	0.1799	2.4767	2.4701	0.9916
128	0.125	n	100	2.5504	0.5528	2.5899	2.5906	0.9845
128	0.125	n	101	2.1399	1.3491	2.2086	2.2080	0.9692
128	0.125	n	102	2.2594	0.6721	2.2888	2.2889	0.9871
128	0.125	n	103	2.3281	1.5149	2.3546	2.3544	0.9888
128	0.125	n	104	2.2780	1.3100	2.3048	2.3054	0.9881
128	0.125	n	105	2.2755	1.1296	2.2973	2.2972	0.9906
128	0.125	n	106	2.1583	1.6086	2.1595	2.1592	0.9996
128	0.125	n	107	2.0610	0.3192	2.0978	2.0947	0.9839
128	0.125	n	108	2.4018	0.3243	2.4090	2.4085	0.9972
128	0.125	n	109	2.1607	0.5853	2.2067	2.2067	0.9792
128	0.125	n	110	2.3072	1.2430	2.3585	2.3583	0.9783
128	0.125	n	111	2.1650	1.1109	2.1746	2.1734	0.9962
128	0.125	n	112	2.1962	0.7218	2.2361	2.2337	0.9832
128	0.125	n	113	2.3506	0.9693	2.3696	2.3699	0.9918
128	0.125	n	114	2.1029	0.6546	2.1293	2.1294	0.9876
128	0.125	n	115	2.6533	0.1437	2.7234	2.7228	0.9745
128	0.125	n	116	2.1069	0.7020	2.1389	2.1389	0.9851
128	0.125	n	117	2.4740	1.0000	2.5478	2.5495	0.9704
128	0.125	n	118	2.0813	1.1580	2.0840	2.0835	0.9990
128	0.125	n	119	2.0959	0.8398	2.0981	2.0976	0.9992
128	0.125	n	120	2.2217	1.0611	2.2247	2.2250	0.9985
128	0.125	n	121	1.9984	0.9450	2.0192	2.0191	0.9898
128	0.125	n	122	2.6404	0.6831	2.6429	2.6410	0.9998
128	0.125	n	123	1.9969	0.9222	2.0083	2.0078	0.9946
128	0.125	n	124	3.1235	0.2234	3.1264	3.1257	0.9993
128	0.125	n	125	2.0914	1.0000	2.0946	2.0921	0.9997
128	0.125	n	126	2.6459	1.0000	2.6520	2.6520	0.9977
128	0.125	n	127	1.3687	1.0000	1.3705	1.3705	0.9987
128	0.125	n	128	1.4190	1.0000	1.4203	1.4203	0.9991
