geometry	rho	U	site	observable	prior	true	Delta	relerr	G	G_max
cylinder	ED	4.0	1	n	chi4	1.0000000000000016	1.851885356174421e-8	1.851885356174418e-8	1.0000000005975567	0.9999999970137698
cylinder	ED	4.0	1	n	chi8	1.0000000000000016	2.6024912114230858e-8	2.602491211423082e-8	0.9999999895195044	0.9999999970137698
cylinder	ED	4.0	1	n	chi32	1.0000000000000016	-3.8939003133009464e-9	3.893900313300941e-9	1.0000000069889416	0.9999999970137698
cylinder	ED	4.0	1	n	chi128	1.0000000000000016	3.0422366847915328e-9	3.042236684791528e-9	0.9999999957735819	0.9999999970137698
cylinder	ED	4.0	1	n	exact	1.0000000000000016	1.0593188548568833e-9	1.0593188548568816e-9	0.9999999970137698	0.9999999970137698
cylinder	ED	4.0	1	n	UHF	1.0000000000000016	1.3322676295501878e-15	1.3322676295501859e-15	0.022415899048345816	0.9999999970137698
cylinder	ED	4.0	1	n	UHFsym	1.0000000000000016	6.994405055138486e-15	6.994405055138475e-15	1.0000000000000326	0.9999999970137698
cylinder	ED	4.0	1	Sz	chi4	1.9984014443252818e-15	1.0805293555737894e-8	NaN	0.9999999715773802	1.0000000007006906
cylinder	ED	4.0	1	Sz	chi8	1.9984014443252818e-15	8.237513067499425e-9	NaN	0.9999999687766544	1.0000000007006906
cylinder	ED	4.0	1	Sz	chi32	1.9984014443252818e-15	2.0943036749265787e-9	NaN	1.0000000004962735	1.0000000007006906
cylinder	ED	4.0	1	Sz	chi128	1.9984014443252818e-15	-8.790017325122079e-10	NaN	0.9999999986618763	1.0000000007006906
cylinder	ED	4.0	1	Sz	exact	1.9984014443252818e-15	-1.2355969858379723e-9	NaN	1.0000000007006906	1.0000000007006906
cylinder	ED	4.0	1	Sz	UHF	1.9984014443252818e-15	0.3712871811150503	NaN	0.025084190002081487	1.0000000007006906
cylinder	ED	4.0	1	Sz	UHFsym	1.9984014443252818e-15	2.026211230049535e-15	NaN	1.0000000000000004	1.0000000007006906
cylinder	ED	4.0	1	DoubleOcc	chi4	0.1080150064347779	0.06916565424790563	0.6403337511225308	3.317784048152806	22.599623922663707
cylinder	ED	4.0	1	DoubleOcc	chi8	0.1080150064347779	0.06470144527420746	0.5990042255219026	3.6966660947767207	22.599623922663707
cylinder	ED	4.0	1	DoubleOcc	chi32	0.1080150064347779	0.003302061468744233	0.03057039551942348	21.851872796576092	22.599623922663707
cylinder	ED	4.0	1	DoubleOcc	chi128	0.1080150064347779	0.000291106883256953	0.0026950596298184774	22.553718658581698	22.599623922663707
cylinder	ED	4.0	1	DoubleOcc	exact	0.1080150064347779	1.730420447210168e-7	1.6020185567965856e-6	22.599623922663707	22.599623922663707
cylinder	ED	4.0	1	DoubleOcc	UHF	0.1080150064347779	-0.004130822704863507	0.0382430445658289	1.0619501738618249	22.599623922663707
cylinder	ED	4.0	1	DoubleOcc	UHFsym	0.1080150064347779	-0.004130822704862036	0.03824304456581528	22.792694325228528	22.599623922663707
cylinder	ED	4.0	1	ZZ onsite	chi4	-0.5679399742608895	0.2766625799539174	0.4871334867984295	3.8017263830438854	46.96649307242542
cylinder	ED	4.0	1	ZZ onsite	chi8	-0.5679399742608895	0.25880572904700705	0.455692046300868	4.287710426217913	46.96649307242542
cylinder	ED	4.0	1	ZZ onsite	chi32	-0.5679399742608895	0.013208253662780223	0.023256425434693678	45.18103798835845	46.96649307242542
cylinder	ED	4.0	1	ZZ onsite	chi128	-0.5679399742608895	0.0011644214485567739	0.0020502544306238322	46.898123107642476	46.96649307242542
cylinder	ED	4.0	1	ZZ onsite	exact	-0.5679399742608895	6.900495433947995e-7	1.2150043572700125e-6	46.96649307242542	46.96649307242542
cylinder	ED	4.0	1	ZZ onsite	UHF	-0.5679399742608895	-0.016523290819454695	0.02909337530072243	45.97757217885034	46.96649307242542
cylinder	ED	4.0	1	ZZ onsite	UHFsym	-0.5679399742608895	-0.01652329081945425	0.029093375300721647	45.97757217885044	46.96649307242542
cylinder	ED	4.0	1	ZZ up-up nb	chi4	-0.4196791253760714	0.23878483188153682	0.568969999800594	2.834104648557197	19.435292510035495
cylinder	ED	4.0	1	ZZ up-up nb	chi8	-0.4196791253760714	0.10230793345936212	0.24377655993179248	9.443437758724775	19.435292510035495
cylinder	ED	4.0	1	ZZ up-up nb	chi32	-0.4196791253760714	0.028478852666135535	0.06785863519091126	18.063657430057752	19.435292510035495
cylinder	ED	4.0	1	ZZ up-up nb	chi128	-0.4196791253760714	0.0021344419148662808	0.005085890114152385	19.438300373637126	19.435292510035495
cylinder	ED	4.0	1	ZZ up-up nb	exact	-0.4196791253760714	1.0268425663650937e-6	2.446732525581175e-6	19.435292510035495	19.435292510035495
cylinder	ED	4.0	1	ZZ up-up nb	UHF	-0.4196791253760714	0.2618495274359975	0.6239279287511764	2.4139162323488956	19.435292510035495
cylinder	ED	4.0	1	ZZ up-up nb	UHFsym	-0.4196791253760714	-0.10594109247658279	0.2524335523756388	8.84196256755094	19.435292510035495
cylinder	ED	4.0	1	SzSz nb	chi4	-0.08990292026830661	0.05528838832294629	0.614978781089017	2.3377644764325094	17.733594586828044
cylinder	ED	4.0	1	SzSz nb	chi8	-0.08990292026830661	0.023937467641280394	0.26625906666703736	7.695241066277533	17.733594586828044
cylinder	ED	4.0	1	SzSz nb	chi32	-0.08990292026830661	0.006395514202240424	0.07113800289416214	16.038262744842882	17.733594586828044
cylinder	ED	4.0	1	SzSz nb	chi128	-0.08990292026830661	0.0005360024291327509	0.005962013553431894	17.693643257745652	17.733594586828044
cylinder	ED	4.0	1	SzSz nb	exact	-0.08990292026830661	7.057821869993486e-8	7.850492340994148e-7	17.733594586828044	17.733594586828044
cylinder	ED	4.0	1	SzSz nb	UHF	-0.08990292026830661	0.06421524676338146	0.7142732023802701	1.799193933425338	17.733594586828044
cylinder	ED	4.0	1	SzSz nb	UHFsym	-0.08990292026830661	-0.027732408214766337	0.3084706050927115	6.991191008406362	17.733594586828044
cylinder	ED	4.0	1	SxSx nb	chi4	-0.08990292026830597	0.06976486510573916	0.776002213248837	1.6864833870434233	17.0874710017581
cylinder	ED	4.0	1	SxSx nb	chi8	-0.08990292026830597	0.036695409887714595	0.4081670515062351	4.811159685513098	17.0874710017581
cylinder	ED	4.0	1	SxSx nb	chi32	-0.08990292026830597	0.0073764500996721105	0.0820490600044788	15.557897998543295	17.0874710017581
cylinder	ED	4.0	1	SxSx nb	chi128	-0.08990292026830597	0.0005712143881050069	0.0063536800184051485	17.086202114225816	17.0874710017581
cylinder	ED	4.0	1	SxSx nb	exact	-0.08990292026830597	6.94091431135968e-8	7.720454786835888e-7	17.0874710017581	17.0874710017581
cylinder	ED	4.0	1	SxSx nb	UHF	-0.08990292026830597	-0.07363892409697419	0.8190937944752676	1.5229198522137926	17.0874710017581
cylinder	ED	4.0	1	SxSx nb	UHFsym	-0.08990292026830597	-0.027665096607900327	0.30772189073877365	6.979231754412383	17.0874710017581
cylinder	DMRG	4.0	1	n	chi4	0.9999999989406827	1.7459534706887325e-8	1.745953472538251e-8	1.0000000006071932	0.9999999970136466
cylinder	DMRG	4.0	1	n	chi8	0.9999999989406827	2.4965593259373975e-8	2.496559328582046e-8	0.9999999895305169	0.9999999970136466
cylinder	DMRG	4.0	1	n	chi32	0.9999999989406827	-4.95321916815783e-9	4.9532191734048605e-9	1.0000000069885056	0.9999999970136466
cylinder	DMRG	4.0	1	n	chi128	0.9999999989406827	1.9829178299346495e-9	1.9829178320351886e-9	0.9999999957741991	0.9999999970136466
cylinder	DMRG	4.0	1	n	exact	0.9999999989406827	0.0	0.0	0.9999999970136466	0.9999999970136466
cylinder	DMRG	4.0	1	n	UHF	0.9999999989406827	-1.0593175225892537e-9	1.0593175237114071e-9	0.022417006341725648	0.9999999970136466
cylinder	DMRG	4.0	1	n	UHFsym	0.9999999989406827	-1.0593118604518281e-9	1.0593118615739756e-9	1.000000000000033	0.9999999970136466
cylinder	DMRG	4.0	1	Sz	chi4	1.2355989842394166e-9	1.2040890541575866e-8	NaN	0.999999971572241	1.000000000700965
cylinder	DMRG	4.0	1	Sz	chi8	1.2355989842394166e-9	9.473110053337397e-9	NaN	0.999999968771563	1.000000000700965
cylinder	DMRG	4.0	1	Sz	chi32	1.2355989842394166e-9	3.329900660764551e-9	NaN	1.0000000004960155	1.000000000700965
cylinder	DMRG	4.0	1	Sz	chi128	1.2355989842394166e-9	3.5659525332576436e-10	NaN	0.999999998661846	1.000000000700965
cylinder	DMRG	4.0	1	Sz	exact	1.2355989842394166e-9	0.0	NaN	1.000000000700965	1.000000000700965
cylinder	DMRG	4.0	1	Sz	UHF	1.2355989842394166e-9	0.3712871823506473	NaN	0.025086601169654412	1.000000000700965
cylinder	DMRG	4.0	1	Sz	UHFsym	1.2355989842394166e-9	1.2355990120492023e-9	NaN	1.0000000000000002	1.000000000700965
cylinder	DMRG	4.0	1	DoubleOcc	chi4	0.10801483339273318	0.06916548120586091	0.6403331749296027	3.3178795087743453	22.60188326779938
cylinder	DMRG	4.0	1	DoubleOcc	chi8	0.10801483339273318	0.06470127223216274	0.5990035831182015	3.696780289724263	22.60188326779938
cylinder	DMRG	4.0	1	DoubleOcc	chi32	0.10801483339273318	0.003301888426699512	0.030568842472719585	21.854067077219035	22.60188326779938
cylinder	DMRG	4.0	1	DoubleOcc	chi128	0.10801483339273318	0.000290933841212232	0.002693461926237669	22.555976464832554	22.60188326779938
cylinder	DMRG	4.0	1	DoubleOcc	exact	0.10801483339273318	0.0	0.0	22.60188326779938	22.60188326779938
cylinder	DMRG	4.0	1	DoubleOcc	UHF	0.10801483339273318	-0.004130995746908228	0.03824470785311738	1.061972674593892	22.60188326779938
cylinder	DMRG	4.0	1	DoubleOcc	UHFsym	0.10801483339273318	-0.004130995746906757	0.03824470785310376	22.794883143469118	22.60188326779938
cylinder	DMRG	4.0	1	ZZ onsite	chi4	-0.5679406643104329	0.276661889904374	0.48713167992695855	3.8018485004099563	46.979714234887744
cylinder	DMRG	4.0	1	ZZ onsite	chi8	-0.5679406643104329	0.25880503899746365	0.45569027763083786	4.287863013234633	46.979714234887744
cylinder	DMRG	4.0	1	ZZ onsite	chi32	-0.5679406643104329	0.013207563613236828	0.023255182175188734	45.19352652024314	46.979714234887744
cylinder	DMRG	4.0	1	ZZ onsite	chi128	-0.5679406643104329	0.001163731399013379	0.002049036936677756	46.91132993826388	46.979714234887744
cylinder	DMRG	4.0	1	ZZ onsite	exact	-0.5679406643104329	0.0	0.0	46.979714234887744	46.979714234887744
cylinder	DMRG	4.0	1	ZZ onsite	UHF	-0.5679406643104329	-0.01652398086899809	0.029094554955068658	45.98991172819384	46.979714234887744
cylinder	DMRG	4.0	1	ZZ onsite	UHFsym	-0.5679406643104329	-0.016523980868997645	0.029094554955067874	45.989911728193945	46.979714234887744
cylinder	DMRG	4.0	1	ZZ up-up nb	chi4	-0.41968015221863775	0.23878380503897045	0.5689661609600565	2.834104648557197	19.435292510035495
cylinder	DMRG	4.0	1	ZZ up-up nb	chi8	-0.41968015221863775	0.10230690661679576	0.2437735167506746	9.443437758724775	19.435292510035495
cylinder	DMRG	4.0	1	ZZ up-up nb	chi32	-0.41968015221863775	0.02847782582356917	0.06785602243284854	18.063657430057752	19.435292510035495
cylinder	DMRG	4.0	1	ZZ up-up nb	chi128	-0.41968015221863775	0.0021334150722999157	0.005083430943830972	19.438300373637126	19.435292510035495
cylinder	DMRG	4.0	1	ZZ up-up nb	exact	-0.41968015221863775	0.0	0.0	19.435292510035495	19.435292510035495
cylinder	DMRG	4.0	1	ZZ up-up nb	UHF	-0.41968015221863775	0.2618485005934311	0.6239239554436156	2.4139162323488956	19.435292510035495
cylinder	DMRG	4.0	1	ZZ up-up nb	UHFsym	-0.41968015221863775	-0.10594211931914915	0.2524353814663059	8.84196256755094	19.435292510035495
cylinder	DMRG	4.0	1	SzSz nb	chi4	-0.08990299084652531	0.05528831774472759	0.6149775132521572	2.3377644764325094	17.733594586828044
cylinder	DMRG	4.0	1	SzSz nb	chi8	-0.08990299084652531	0.023937397063061694	0.2662580725921073	7.695241066277533	17.733594586828044
cylinder	DMRG	4.0	1	SzSz nb	chi32	-0.08990299084652531	0.006395443624021724	0.0711371619987535	16.038262744842882	17.733594586828044
cylinder	DMRG	4.0	1	SzSz nb	chi128	-0.08990299084652531	0.0005359318509140509	0.005961223824343596	17.693643257745652	17.733594586828044
cylinder	DMRG	4.0	1	SzSz nb	exact	-0.08990299084652531	0.0	0.0	17.733594586828044	17.733594586828044
cylinder	DMRG	4.0	1	SzSz nb	UHF	-0.08990299084652531	0.06421517618516276	0.7142718565924621	1.799193933425338	17.733594586828044
cylinder	DMRG	4.0	1	SzSz nb	UHFsym	-0.08990299084652531	-0.027732478792985037	0.3084711479769071	6.991191008406362	17.733594586828044
cylinder	DMRG	4.0	1	SxSx nb	chi4	-0.08990298967744909	0.06976479569659605	0.7760008420954168	1.6864833870434233	17.0874710017581
cylinder	DMRG	4.0	1	SxSx nb	chi8	-0.08990298967744909	0.03669534047857148	0.4081659643380691	4.811159685513098	17.0874710017581
cylinder	DMRG	4.0	1	SxSx nb	chi32	-0.08990298967744909	0.007376380690528997	0.08204822461403928	15.557897998543295	17.0874710017581
cylinder	DMRG	4.0	1	SxSx nb	chi128	-0.08990298967744909	0.0005711449789618933	0.006352903068196375	17.086202114225816	17.0874710017581
cylinder	DMRG	4.0	1	SxSx nb	exact	-0.08990298967744909	0.0	0.0	17.0874710017581	17.0874710017581
cylinder	DMRG	4.0	1	SxSx nb	UHF	-0.08990298967744909	-0.0736389935061173	0.8190939341429778	1.5229198522137926	17.0874710017581
cylinder	DMRG	4.0	1	SxSx nb	UHFsym	-0.08990298967744909	-0.02766516601704344	0.30772242520854526	6.979231754412383	17.0874710017581
cylinder	ED	4.0	2	n	chi4	1.0000000000000036	-1.851884823267369e-8	1.8518848232673624e-8	0.9999999860561819	1.0000000005476164
cylinder	ED	4.0	2	n	chi8	1.0000000000000036	-1.2127632897929175e-8	1.2127632897929132e-8	0.9999999912156007	1.0000000005476164
cylinder	ED	4.0	2	n	chi32	1.0000000000000036	7.619563535676832e-9	7.619563535676806e-9	1.0000000053181668	1.0000000005476164
cylinder	ED	4.0	2	n	chi128	1.0000000000000036	-1.3620551353454857e-9	1.362055135345481e-9	0.9999999989730664	1.0000000005476164
cylinder	ED	4.0	2	n	exact	1.0000000000000036	8.339882118235664e-10	8.339882118235634e-10	1.0000000005476164	1.0000000005476164
cylinder	ED	4.0	2	n	UHF	1.0000000000000036	1.6653345369377348e-14	1.6653345369377288e-14	0.019396981918703773	1.0000000005476164
cylinder	ED	4.0	2	n	UHFsym	1.0000000000000036	2.2426505097428162e-14	2.2426505097428083e-14	1.0000000000000422	1.0000000005476164
cylinder	ED	4.0	2	Sz	chi4	-1.734723475976807e-15	-1.4604737426371361e-8	NaN	0.9999999387119218	0.9999999950364337
cylinder	ED	4.0	2	Sz	chi8	-1.734723475976807e-15	1.2328088480617616e-9	NaN	0.9999999932207777	0.9999999950364337
cylinder	ED	4.0	2	Sz	chi32	-1.734723475976807e-15	-7.025095255519531e-9	NaN	0.999999984948606	0.9999999950364337
cylinder	ED	4.0	2	Sz	chi128	-1.734723475976807e-15	-1.1178919595566938e-9	NaN	0.9999999953572225	0.9999999950364337
cylinder	ED	4.0	2	Sz	exact	-1.734723475976807e-15	-1.8423032890901858e-9	NaN	0.9999999950364337	0.9999999950364337
cylinder	ED	4.0	2	Sz	UHF	-1.734723475976807e-15	-0.3712871811150436	NaN	0.034706181819002466	0.9999999950364337
cylinder	ED	4.0	2	Sz	UHFsym	-1.734723475976807e-15	-1.7147199458944495e-15	NaN	1.0000000000000113	0.9999999950364337
cylinder	ED	4.0	2	DoubleOcc	chi4	0.10801500643477596	0.06916563572905157	0.6403335796754936	3.3907839821645585	22.724075446760484
cylinder	ED	4.0	2	DoubleOcc	chi8	0.10801500643477596	0.03783825227725468	0.3503055133371956	8.122992567264797	22.724075446760484
cylinder	ED	4.0	2	DoubleOcc	chi32	0.10801500643477596	0.009561282063609122	0.08851809002467291	19.713035746277864	22.724075446760484
cylinder	ED	4.0	2	DoubleOcc	chi128	0.10801500643477596	0.0006213847125934313	0.005752762816050469	22.639588282951376	22.724075446760484
cylinder	ED	4.0	2	DoubleOcc	exact	0.10801500643477596	1.6948007028338985e-7	1.56904189406061e-6	22.724075446760484	22.724075446760484
cylinder	ED	4.0	2	DoubleOcc	UHF	0.10801500643477596	-0.004130822704863618	0.038243044565830615	1.0255417936855658	22.724075446760484
cylinder	ED	4.0	2	DoubleOcc	UHFsym	0.10801500643477596	-0.004130822704861897	0.038243044565814684	22.79077643437056	22.724075446760484
cylinder	ED	4.0	2	ZZ onsite	chi4	-0.5679399742608995	0.27666257995390675	0.4871334867984022	3.65638815847301	41.18944881465149
cylinder	ED	4.0	2	ZZ onsite	chi8	-0.5679399742608995	0.15135303336428763	0.2664947709681011	9.822265825957297	41.18944881465149
cylinder	ED	4.0	2	ZZ onsite	chi32	-0.5679399742608995	0.0382451130153133	0.0673400618878507	32.83365607493923	41.18944881465149
cylinder	ED	4.0	2	ZZ onsite	chi128	-0.5679399742608995	0.002485541574488437	0.004376415971992548	40.97691523351352	41.18944881465149
cylinder	ED	4.0	2	ZZ onsite	exact	-0.5679399742608995	6.762523088177375e-7	1.190710884011629e-6	41.18944881465149	41.18944881465149
cylinder	ED	4.0	2	ZZ onsite	UHF	-0.5679399742608995	-0.016523290819483893	0.02909337530077333	40.959082309461884	41.18944881465149
cylinder	ED	4.0	2	ZZ onsite	UHFsym	-0.5679399742608995	-0.016523290819482783	0.029093375300771374	40.959082309462026	41.18944881465149
cylinder	ED	4.0	2	ZZ up-up nb	chi4	-0.4196791253760749	0.10624433653523946	0.25315611406698824	10.689519440327029	25.188973935152827
cylinder	ED	4.0	2	ZZ up-up nb	chi8	-0.4196791253760749	0.13846871140481787	0.32993947764434534	7.4852532787813155	25.188973935152827
cylinder	ED	4.0	2	ZZ up-up nb	chi32	-0.4196791253760749	0.03493118626545605	0.08323308011603908	22.641778734396503	25.188973935152827
cylinder	ED	4.0	2	ZZ up-up nb	chi128	-0.4196791253760749	0.003731342426110451	0.008890941198866614	25.279016034306586	25.188973935152827
cylinder	ED	4.0	2	ZZ up-up nb	exact	-0.4196791253760749	4.065443158063342e-6	9.687027331703226e-6	25.188973935152827	25.188973935152827
cylinder	ED	4.0	2	ZZ up-up nb	UHF	-0.4196791253760749	0.2618495274359941	0.6239279287511631	2.5709750161227944	25.188973935152827
cylinder	ED	4.0	2	ZZ up-up nb	UHFsym	-0.4196791253760749	-0.10594109247658634	0.25243355237564513	9.481374148034881	25.188973935152827
cylinder	ED	4.0	2	SzSz nb	chi4	-0.08990292026830755	0.046580189090780585	0.5181165300500362	3.2371286854815677	15.5129997816823
cylinder	ED	4.0	2	SzSz nb	chi8	-0.08990292026830755	0.03277573264414012	0.36456805347728144	5.423086831088137	15.5129997816823
cylinder	ED	4.0	2	SzSz nb	chi32	-0.08990292026830755	0.008094853818472053	0.09003994302202482	14.087808942111405	15.5129997816823
cylinder	ED	4.0	2	SzSz nb	chi128	-0.08990292026830755	0.0008471677004706912	0.009423138847352143	15.514665681408216	15.5129997816823
cylinder	ED	4.0	2	SzSz nb	exact	-0.08990292026830755	9.266649599604104e-7	1.0307395546160885e-5	15.5129997816823	15.5129997816823
cylinder	ED	4.0	2	SzSz nb	UHF	-0.08990292026830755	0.06421524676338052	0.7142732023802522	1.916115324495345	15.5129997816823
cylinder	ED	4.0	2	SzSz nb	UHFsym	-0.08990292026830755	-0.027732408214767287	0.30847060509271884	6.483597225154589	15.5129997816823
cylinder	ED	4.0	2	SxSx nb	chi4	-0.08990292026830629	0.06242006108438963	0.6943051560294503	1.929973106950181	15.30652150061672
cylinder	ED	4.0	2	SxSx nb	chi8	-0.08990292026830629	0.03675576698650826	0.40883841010741745	4.6882655652088685	15.30652150061672
cylinder	ED	4.0	2	SxSx nb	chi32	-0.08990292026830629	0.00895835723359753	0.09964478580742658	13.640240365205946	15.30652150061672
cylinder	ED	4.0	2	SxSx nb	chi128	-0.08990292026830629	0.0008937609331020335	0.009941400462128408	15.311285345766068	15.30652150061672
cylinder	ED	4.0	2	SxSx nb	exact	-0.08990292026830629	9.254296475247337e-7	1.0293655031036603e-5	15.30652150061672	15.30652150061672
cylinder	ED	4.0	2	SxSx nb	UHF	-0.08990292026830629	-0.0736389240969745	0.8190937944752683	1.4752839379443752	15.30652150061672
cylinder	ED	4.0	2	SxSx nb	UHFsym	-0.08990292026830629	-0.027665096607900647	0.3077218907387761	6.522159164158699	15.30652150061672
cylinder	DMRG	4.0	2	n	chi4	0.9999999991660153	-1.9352836444497257e-8	1.9352836460637225e-8	0.9999999860561819	1.0000000005476164
cylinder	DMRG	4.0	2	n	chi8	0.9999999991660153	-1.2961621109752741e-8	1.2961621120562534e-8	0.9999999912156007	1.0000000005476164
cylinder	DMRG	4.0	2	n	chi32	0.9999999991660153	6.785575323853266e-9	6.785575329512332e-9	1.0000000053181668	1.0000000005476164
cylinder	DMRG	4.0	2	n	chi128	0.9999999991660153	-2.196043347169052e-9	2.1960433490005185e-9	0.9999999989730664	1.0000000005476164
cylinder	DMRG	4.0	2	n	exact	0.9999999991660153	0.0	0.0	1.0000000005476164	1.0000000005476164
cylinder	DMRG	4.0	2	n	UHF	0.9999999991660153	-8.33971558478197e-10	8.339715591737166e-10	0.019396981918703773	1.0000000005476164
cylinder	DMRG	4.0	2	n	UHFsym	0.9999999991660153	-8.33965785318469e-10	8.339657860139836e-10	1.0000000000000422	1.0000000005476164
cylinder	DMRG	4.0	2	Sz	chi4	1.8423015543667098e-9	-1.2762434137281176e-8	NaN	0.9999999387119218	0.9999999950364337
cylinder	DMRG	4.0	2	Sz	chi8	1.8423015543667098e-9	3.0751121371519474e-9	NaN	0.9999999932207777	0.9999999950364337
cylinder	DMRG	4.0	2	Sz	chi32	1.8423015543667098e-9	-5.182791966429345e-9	NaN	0.999999984948606	0.9999999950364337
cylinder	DMRG	4.0	2	Sz	chi128	1.8423015543667098e-9	7.24411329533492e-10	NaN	0.9999999953572225	0.9999999950364337
cylinder	DMRG	4.0	2	Sz	exact	1.8423015543667098e-9	0.0	NaN	0.9999999950364337	0.9999999950364337
cylinder	DMRG	4.0	2	Sz	UHF	1.8423015543667098e-9	-0.37128717927274035	NaN	0.034706181819002466	0.9999999950364337
cylinder	DMRG	4.0	2	Sz	UHFsym	1.8423015543667098e-9	1.84230157437024e-9	NaN	1.0000000000000113	0.9999999950364337
cylinder	DMRG	4.0	2	DoubleOcc	chi4	0.10801483695470568	0.06916546624898129	0.6403330153429269	3.3907839821645585	22.724075446760484
cylinder	DMRG	4.0	2	DoubleOcc	chi8	0.10801483695470568	0.0378380827971844	0.3503044939377282	8.122992567264797	22.724075446760484
cylinder	DMRG	4.0	2	DoubleOcc	chi32	0.10801483695470568	0.009561112583538839	0.0885166598691265	19.713035746277864	22.724075446760484
cylinder	DMRG	4.0	2	DoubleOcc	chi128	0.10801483695470568	0.0006212152325231479	0.00575120279803454	22.639588282951376	22.724075446760484
cylinder	DMRG	4.0	2	DoubleOcc	exact	0.10801483695470568	0.0	0.0	22.724075446760484	22.724075446760484
cylinder	DMRG	4.0	2	DoubleOcc	UHF	0.10801483695470568	-0.0041309921849339015	0.038244673615219806	1.0255417936855658	22.724075446760484
cylinder	DMRG	4.0	2	DoubleOcc	UHFsym	0.10801483695470568	-0.004130992184932181	0.038244673615203874	22.79077643437056	22.724075446760484
cylinder	DMRG	4.0	2	ZZ onsite	chi4	-0.5679406505132083	0.27666190370159793	0.4871317160544819	3.65638815847301	41.18944881465149
cylinder	DMRG	4.0	2	ZZ onsite	chi8	-0.5679406505132083	0.1513523571119788	0.26649326294078834	9.822265825957297	41.18944881465149
cylinder	DMRG	4.0	2	ZZ onsite	chi32	-0.5679406505132083	0.038244436763004486	0.06733879099593533	32.83365607493923	41.18944881465149
cylinder	DMRG	4.0	2	ZZ onsite	chi128	-0.5679406505132083	0.002484865322179619	0.004375220051486401	40.97691523351352	41.18944881465149
cylinder	DMRG	4.0	2	ZZ onsite	exact	-0.5679406505132083	0.0	0.0	41.18944881465149	41.18944881465149
cylinder	DMRG	4.0	2	ZZ onsite	UHF	-0.5679406505132083	-0.01652396707179271	0.029094531368482175	40.959082309461884	41.18944881465149
cylinder	DMRG	4.0	2	ZZ onsite	UHFsym	-0.5679406505132083	-0.0165239670717916	0.029094531368480222	40.959082309462026	41.18944881465149
cylinder	DMRG	4.0	2	ZZ up-up nb	chi4	-0.41968319081923294	0.1062402710920814	0.2531439748270535	10.689519440327029	25.188973935152827
cylinder	DMRG	4.0	2	ZZ up-up nb	chi8	-0.41968319081923294	0.1384646459616598	0.3299265946090742	7.4852532787813155	25.188973935152827
cylinder	DMRG	4.0	2	ZZ up-up nb	chi32	-0.41968319081923294	0.034927120822297986	0.08322258690923337	22.641778734396503	25.188973935152827
cylinder	DMRG	4.0	2	ZZ up-up nb	chi128	-0.41968319081923294	0.0037272769829523877	0.008881168139416407	25.279016034306586	25.188973935152827
cylinder	DMRG	4.0	2	ZZ up-up nb	exact	-0.41968319081923294	0.0	0.0	25.188973935152827	25.188973935152827
cylinder	DMRG	4.0	2	ZZ up-up nb	UHF	-0.41968319081923294	0.26184546199283604	0.6239121978693181	2.5709750161227944	25.188973935152827
cylinder	DMRG	4.0	2	ZZ up-up nb	UHFsym	-0.41968319081923294	-0.1059451579197444	0.25244079400210573	9.481374148034881	25.188973935152827
cylinder	DMRG	4.0	2	SzSz nb	chi4	-0.08990384693326751	0.046579262425820625	0.5181008823837626	3.236663618869718	15.511446507137318
cylinder	DMRG	4.0	2	SzSz nb	chi8	-0.08990384693326751	0.03277480597918016	0.3645539884795781	5.422294002109196	15.511446507137318
cylinder	DMRG	4.0	2	SzSz nb	chi32	-0.08990384693326751	0.008093927153512093	0.09002870766497825	14.085775929964575	15.511446507137318
cylinder	DMRG	4.0	2	SzSz nb	chi128	-0.08990384693326751	0.0008462410355107308	0.009412734431029031	15.513025790512083	15.511446507137318
cylinder	DMRG	4.0	2	SzSz nb	exact	-0.08990384693326751	0.0	0.0	15.511446507137318	15.511446507137318
cylinder	DMRG	4.0	2	SzSz nb	UHF	-0.08990384693326751	0.06421432009842055	0.7142555328704077	1.915921580653259	15.511446507137318
cylinder	DMRG	4.0	2	SzSz nb	UHFsym	-0.08990384693326751	-0.027733334879727248	0.30847773288625496	6.483818442029112	15.511446507137318
cylinder	DMRG	4.0	2	SxSx nb	chi4	-0.08990384569795382	0.06241913565474211	0.6942877156161825	1.929973106950181	15.30652150061672
cylinder	DMRG	4.0	2	SxSx nb	chi8	-0.08990384569795382	0.036754841556860735	0.4088239081601074	4.6882655652088685	15.30652150061672
cylinder	DMRG	4.0	2	SxSx nb	chi32	-0.08990384569795382	0.008957431803950006	0.09963346655986123	13.640240365205946	15.30652150061672
cylinder	DMRG	4.0	2	SxSx nb	chi128	-0.08990384569795382	0.0008928355034545088	0.009931004580762105	15.311285345766068	15.30652150061672
cylinder	DMRG	4.0	2	SxSx nb	exact	-0.08990384569795382	0.0	0.0	15.30652150061672	15.30652150061672
cylinder	DMRG	4.0	2	SxSx nb	UHF	-0.08990384569795382	-0.07363984952662203	0.8190956566421724	1.4752839379443752	15.30652150061672
cylinder	DMRG	4.0	2	SxSx nb	UHFsym	-0.08990384569795382	-0.02766602203754817	0.3077290167374658	6.522159164158699	15.30652150061672
cylinder	ED	4.0	3	n	chi4	1.0000000000000067	1.0048623044767169e-9	1.0048623044767103e-9	1.0000000179692494	1.0000000076567375
cylinder	ED	4.0	3	n	chi8	1.0000000000000067	4.581630630440259e-9	4.581630630440228e-9	1.0000000132408304	1.0000000076567375
cylinder	ED	4.0	3	n	chi32	1.0000000000000067	-8.114279026472104e-9	8.11427902647205e-9	1.0000000032057537	1.0000000076567375
cylinder	ED	4.0	3	n	chi128	1.0000000000000067	-4.872473535755262e-10	4.87247353575523e-10	1.0000000057540153	1.0000000076567375
cylinder	ED	4.0	3	n	exact	1.0000000000000067	8.483872493414424e-10	8.483872493414367e-10	1.0000000076567375	1.0000000076567375
cylinder	ED	4.0	3	n	UHF	1.0000000000000067	6.661338147750939e-15	6.661338147750895e-15	0.021969733087175838	1.0000000076567375
cylinder	ED	4.0	3	n	UHFsym	1.0000000000000067	1.2434497875801753e-14	1.2434497875801671e-14	1.000000000000032	1.0000000076567375
cylinder	ED	4.0	3	Sz	chi4	-1.124100812432971e-15	1.3975697266133125e-8	NaN	0.9999999776447829	0.9999999909900247
cylinder	ED	4.0	3	Sz	chi8	-1.124100812432971e-15	7.977660650138052e-9	NaN	0.999999988240326	0.9999999909900247
cylinder	ED	4.0	3	Sz	chi32	-1.124100812432971e-15	7.503395627050935e-9	NaN	0.9999999858360268	0.9999999909900247
cylinder	ED	4.0	3	Sz	chi128	-1.124100812432971e-15	4.963922189960002e-9	NaN	0.9999999918489587	0.9999999909900247
cylinder	ED	4.0	3	Sz	exact	-1.124100812432971e-15	5.701200171681631e-9	NaN	0.9999999909900247	0.9999999909900247
cylinder	ED	4.0	3	Sz	UHF	-1.124100812432971e-15	0.3712871811150472	NaN	0.027999788664701583	0.9999999909900247
cylinder	ED	4.0	3	Sz	UHFsym	-1.124100812432971e-15	-1.1483869410966463e-15	NaN	1.0000000000000004	0.9999999909900247
cylinder	ED	4.0	3	DoubleOcc	chi4	0.1080150064347771	0.0860930256822173	0.7970468967587666	2.6143025475604573	24.903427580549696
cylinder	ED	4.0	3	DoubleOcc	chi8	0.1080150064347771	0.05030846743113371	0.46575442701576436	6.43238156398276	24.903427580549696
cylinder	ED	4.0	3	DoubleOcc	chi32	0.1080150064347771	0.013314092517521497	0.12326150742360943	21.059395332290322	24.903427580549696
cylinder	ED	4.0	3	DoubleOcc	chi128	0.1080150064347771	0.0011177639723299049	0.01034822853993761	24.919815582138263	24.903427580549696
cylinder	ED	4.0	3	DoubleOcc	exact	0.1080150064347771	1.0117119614294623e-8	9.366401899354292e-8	24.903427580549696	24.903427580549696
cylinder	ED	4.0	3	DoubleOcc	UHF	0.1080150064347771	-0.004130822704864229	0.03824304456583587	1.186346850004957	24.903427580549696
cylinder	ED	4.0	3	DoubleOcc	UHFsym	0.1080150064347771	-0.0041308227048626744	0.03824304456582148	24.228714659392843	24.903427580549696
cylinder	ED	4.0	3	ZZ onsite	chi4	-0.5679399742608978	0.3443721007191535	0.6063529885659312	2.6603759161677747	39.59484947886277
cylinder	ED	4.0	3	ZZ onsite	chi8	-0.5679399742608978	0.20123386056127812	0.35432241025675043	6.953494965709924	39.59484947886277
cylinder	ED	4.0	3	ZZ onsite	chi32	-0.5679399742608978	0.053256386298650704	0.09377115313631017	30.292965439674575	39.59484947886277
cylinder	ED	4.0	3	ZZ onsite	chi128	-0.5679399742608978	0.004471056863820988	0.007872410935045563	39.59908335794619	39.59484947886277
cylinder	ED	4.0	3	ZZ onsite	exact	-0.5679399742608978	3.877171117494527e-8	6.82672693102854e-8	39.59484947886277	39.59484947886277
cylinder	ED	4.0	3	ZZ onsite	UHF	-0.5679399742608978	-0.016523290819463132	0.02909337530073686	38.0148123359792	39.59484947886277
cylinder	ED	4.0	3	ZZ onsite	UHFsym	-0.5679399742608978	-0.016523290819462577	0.029093375300735882	38.01481233597932	39.59484947886277
cylinder	ED	4.0	3	ZZ up-up nb	chi4	-0.41967912537607593	0.050127317792749704	0.11944200881525961	16.502779710512602	21.0435198850656
cylinder	ED	4.0	3	ZZ up-up nb	chi8	-0.41967912537607593	0.07359585663861329	0.17536220457156115	13.154421367232224	21.0435198850656
cylinder	ED	4.0	3	ZZ up-up nb	chi32	-0.41967912537607593	0.025077578795631605	0.059754172364802516	19.73226299310584	21.0435198850656
cylinder	ED	4.0	3	ZZ up-up nb	chi128	-0.41967912537607593	0.005193724360411156	0.01237546507884337	21.000299609026918	21.0435198850656
cylinder	ED	4.0	3	ZZ up-up nb	exact	-0.41967912537607593	1.2754332240905164e-6	3.0390675803748785e-6	21.0435198850656	21.0435198850656
cylinder	ED	4.0	3	ZZ up-up nb	UHF	-0.41967912537607593	0.261849527436034	0.6239279287512567	2.4130177962537327	21.0435198850656
cylinder	ED	4.0	3	ZZ up-up nb	UHFsym	-0.41967912537607593	-0.10594109247657951	0.25243355237562826	9.179414510872633	21.0435198850656
cylinder	ED	4.0	3	SzSz nb	chi4	-0.08990292026830762	0.01658769989640542	0.1845067974088143	12.12678524802674	17.818641425593583
cylinder	ED	4.0	3	SzSz nb	chi8	-0.08990292026830762	0.030213936174809414	0.33607291158772695	6.552138636540096	17.818641425593583
cylinder	ED	4.0	3	SzSz nb	chi32	-0.08990292026830762	0.008309898220479381	0.09243190538949342	16.44130197886864	17.818641425593583
cylinder	ED	4.0	3	SzSz nb	chi128	-0.08990292026830762	0.0011571058450964011	0.012870614676843835	17.852231167945057	17.818641425593583
cylinder	ED	4.0	3	SzSz nb	exact	-0.08990292026830762	1.425340704352962e-7	1.5854220308963868e-6	17.818641425593583	17.818641425593583
cylinder	ED	4.0	3	SzSz nb	UHF	-0.08990292026830762	0.06421524676338539	0.7142732023803058	1.9724346177089	17.818641425593583
cylinder	ED	4.0	3	SzSz nb	UHFsym	-0.08990292026830762	-0.027732408214765525	0.30847060509269897	6.6070238670823835	17.818641425593583
cylinder	ED	4.0	3	SxSx nb	chi4	-0.08990292026830722	0.036639264230969096	0.40754253723485834	4.396216140961166	15.561299226307789
cylinder	ED	4.0	3	SxSx nb	chi8	-0.08990292026830722	0.01935925235124837	0.2153350780316414	8.756265795536038	15.561299226307789
cylinder	ED	4.0	3	SxSx nb	chi32	-0.08990292026830722	0.009118138984647708	0.10142205567333562	12.946293078716469	15.561299226307789
cylinder	ED	4.0	3	SxSx nb	chi128	-0.08990292026830722	0.0012437619015100015	0.01383449945561396	15.494954913973505	15.561299226307789
cylinder	ED	4.0	3	SxSx nb	exact	-0.08990292026830722	1.396869634684439e-7	1.553753349185551e-6	15.561299226307789	15.561299226307789
cylinder	ED	4.0	3	SxSx nb	UHF	-0.08990292026830722	-0.07363892409697517	0.8190937944752672	1.500176700972145	15.561299226307789
cylinder	ED	4.0	3	SxSx nb	UHFsym	-0.08990292026830722	-0.027665096607899696	0.3077218907387623	6.827481849148081	15.561299226307789
cylinder	DMRG	4.0	3	n	chi4	0.9999999991516194	1.564750551352745e-10	1.5647505526802488e-10	1.0000000179692494	1.0000000076567375
cylinder	DMRG	4.0	3	n	chi8	0.9999999991516194	3.733243381098816e-9	3.733243384266027e-9	1.0000000132408304	1.0000000076567375
cylinder	DMRG	4.0	3	n	chi32	0.9999999991516194	-8.962666275813547e-9	8.962666283417299e-9	1.0000000032057537	1.0000000076567375
cylinder	DMRG	4.0	3	n	chi128	0.9999999991516194	-1.3356346029169686e-9	1.335634604050095e-9	1.0000000057540153	1.0000000076567375
cylinder	DMRG	4.0	3	n	exact	0.9999999991516194	0.0	0.0	1.0000000076567375	1.0000000076567375
cylinder	DMRG	4.0	3	n	UHF	0.9999999991516194	-8.483805880032946e-10	8.483805887230442e-10	0.021969733087175838	1.0000000076567375
cylinder	DMRG	4.0	3	n	UHFsym	0.9999999991516194	-8.483748148435666e-10	8.483748155633113e-10	1.000000000000032	1.0000000076567375
cylinder	DMRG	4.0	3	Sz	chi4	-5.701201295782443e-9	8.274497094451494e-9	NaN	0.9999999776447829	0.9999999909900247
cylinder	DMRG	4.0	3	Sz	chi8	-5.701201295782443e-9	2.2764604784564213e-9	NaN	0.999999988240326	0.9999999909900247
cylinder	DMRG	4.0	3	Sz	chi32	-5.701201295782443e-9	1.8021954553693043e-9	NaN	0.9999999858360268	0.9999999909900247
cylinder	DMRG	4.0	3	Sz	chi128	-5.701201295782443e-9	-7.372779817216291e-10	NaN	0.9999999918489587	0.9999999909900247
cylinder	DMRG	4.0	3	Sz	exact	-5.701201295782443e-9	0.0	NaN	0.9999999909900247	0.9999999909900247
cylinder	DMRG	4.0	3	Sz	UHF	-5.701201295782443e-9	0.37128717541384704	NaN	0.027999788664701583	0.9999999909900247
cylinder	DMRG	4.0	3	Sz	UHFsym	-5.701201295782443e-9	-5.701201320068572e-9	NaN	1.0000000000000004	0.9999999909900247
cylinder	DMRG	4.0	3	DoubleOcc	chi4	0.10801499631765749	0.08609301556509769	0.7970468777493616	2.6143025475604573	24.903427580549696
cylinder	DMRG	4.0	3	DoubleOcc	chi8	0.10801499631765749	0.05030845731401409	0.46575437697617217	6.43238156398276	24.903427580549696
cylinder	DMRG	4.0	3	DoubleOcc	chi32	0.10801499631765749	0.013314082400401883	0.12326142530475091	21.059395332290322	24.903427580549696
cylinder	DMRG	4.0	3	DoubleOcc	chi128	0.10801499631765749	0.0011177538552102906	0.010348135845166608	24.919815582138263	24.903427580549696
cylinder	DMRG	4.0	3	DoubleOcc	exact	0.10801499631765749	0.0	0.0	24.903427580549696	24.903427580549696
cylinder	DMRG	4.0	3	DoubleOcc	UHF	0.10801499631765749	-0.004130832821983843	0.038243141811861225	1.186346850004957	24.903427580549696
cylinder	DMRG	4.0	3	DoubleOcc	UHFsym	0.10801499631765749	-0.004130832821982289	0.038243141811846834	24.228714659392843	24.903427580549696
cylinder	DMRG	4.0	3	ZZ onsite	chi4	-0.567940013032609	0.3443720619474423	0.6063528789046067	2.6603759161677747	39.59484947886277
cylinder	DMRG	4.0	3	ZZ onsite	chi8	-0.567940013032609	0.20123382178956695	0.35432231780086404	6.953494965709924	39.59484947886277
cylinder	DMRG	4.0	3	ZZ onsite	chi32	-0.567940013032609	0.05325634752693953	0.09377107846754539	30.292965439674575	39.59484947886277
cylinder	DMRG	4.0	3	ZZ onsite	chi128	-0.567940013032609	0.004471018092109813	0.007872342130352953	39.59908335794619	39.59484947886277
cylinder	DMRG	4.0	3	ZZ onsite	exact	-0.567940013032609	0.0	0.0	39.59484947886277	39.59484947886277
cylinder	DMRG	4.0	3	ZZ onsite	UHF	-0.567940013032609	-0.016523329591174307	0.029093441581876357	38.0148123359792	39.59484947886277
cylinder	DMRG	4.0	3	ZZ onsite	UHFsym	-0.567940013032609	-0.016523329591173752	0.029093441581875382	38.01481233597932	39.59484947886277
cylinder	DMRG	4.0	3	ZZ up-up nb	chi4	-0.4196804008093	0.05012604235952561	0.11943860676568156	16.50620207477228	21.044316691482464
cylinder	DMRG	4.0	3	ZZ up-up nb	chi8	-0.4196804008093	0.0735945812053892	0.17535863257724557	13.157602141403995	21.044316691482464
cylinder	DMRG	4.0	3	ZZ up-up nb	chi32	-0.4196804008093	0.025076303362407515	0.0597509517100419	19.73495113018235	21.044316691482464
cylinder	DMRG	4.0	3	ZZ up-up nb	chi128	-0.4196804008093	0.0051924489271870655	0.012372388410738485	21.001538856821657	21.044316691482464
cylinder	DMRG	4.0	3	ZZ up-up nb	exact	-0.4196804008093	0.0	0.0	21.044316691482464	21.044316691482464
cylinder	DMRG	4.0	3	ZZ up-up nb	UHF	-0.4196804008093	0.2618482520028099	0.623922993539534	2.4135003956954435	21.044316691482464
cylinder	DMRG	4.0	3	ZZ up-up nb	UHFsym	-0.4196804008093	-0.1059423679098036	0.25243582427367894	9.178273342912949	21.044316691482464
cylinder	DMRG	4.0	3	SzSz nb	chi4	-0.08990306280237806	0.016587557362334984	0.18450491946861927	12.128169948035962	17.819802297678645
cylinder	DMRG	4.0	3	SzSz nb	chi8	-0.08990306280237806	0.03021379364073898	0.33607079335165635	6.552738867683431	17.819802297678645
cylinder	DMRG	4.0	3	SzSz nb	chi32	-0.08990306280237806	0.008309755686408946	0.09243017342662925	16.442951092554495	17.819802297678645
cylinder	DMRG	4.0	3	SzSz nb	chi128	-0.08990306280237806	0.0011569633110259658	0.012869008852002789	17.85351697945112	17.819802297678645
cylinder	DMRG	4.0	3	SzSz nb	exact	-0.08990306280237806	0.0	0.0	17.819802297678645	17.819802297678645
cylinder	DMRG	4.0	3	SzSz nb	UHF	-0.08990306280237806	0.06421510422931495	0.7142704845381127	1.9725770300260002	17.819802297678645
cylinder	DMRG	4.0	3	SzSz nb	UHFsym	-0.08990306280237806	-0.02773255074883596	0.3084717014568985	6.6069151770971475	17.819802297678645
cylinder	DMRG	4.0	3	SxSx nb	chi4	-0.08990305995527069	0.03663912454400563	0.407540350264325	4.396216140961166	15.561299226307789
cylinder	DMRG	4.0	3	SxSx nb	chi8	-0.08990305995527069	0.019359112664284903	0.21533318970362753	8.756265795536038	15.561299226307789
cylinder	DMRG	4.0	3	SxSx nb	chi32	-0.08990305995527069	0.00911799929768424	0.10142034433778675	12.946293078716469	15.561299226307789
cylinder	DMRG	4.0	3	SxSx nb	chi128	-0.08990305995527069	0.001243622214546533	0.013832924209312456	15.494954913973505	15.561299226307789
cylinder	DMRG	4.0	3	SxSx nb	exact	-0.08990305995527069	0.0	0.0	15.561299226307789	15.561299226307789
cylinder	DMRG	4.0	3	SxSx nb	UHF	-0.08990305995527069	-0.07363906378393864	0.8190940755584533	1.500176700972145	15.561299226307789
cylinder	DMRG	4.0	3	SxSx nb	UHFsym	-0.08990305995527069	-0.027665236294863164	0.3077229663665219	6.827481849148081	15.561299226307789
cylinder	ED	4.0	5	n	chi4	1.0000000000000004	-9.413811952185824e-10	9.41381195218582e-10	0.9999999820839572	0.999999997176314
cylinder	ED	4.0	5	n	chi8	1.0000000000000004	-3.4242337854095695e-9	3.424233785409568e-9	0.9999999891062574	0.999999997176314
cylinder	ED	4.0	5	n	chi32	1.0000000000000004	8.159073972002773e-9	8.15907397200277e-9	0.999999979204688	0.999999997176314
cylinder	ED	4.0	5	n	chi128	1.0000000000000004	-1.495440438148421e-9	1.4954404381484204e-9	0.999999998634241	0.999999997176314
cylinder	ED	4.0	5	n	exact	1.0000000000000004	-1.5786194573763623e-9	1.5786194573763617e-9	0.999999997176314	0.999999997176314
cylinder	ED	4.0	5	n	UHF	1.0000000000000004	8.881784197001252e-16	8.881784197001248e-16	0.027974949606288005	0.999999997176314
cylinder	ED	4.0	5	n	UHFsym	1.0000000000000004	6.328271240363392e-15	6.328271240363389e-15	1.0000000000000282	0.999999997176314
cylinder	ED	4.0	5	Sz	chi4	2.42861286636753e-16	-1.2858928276349157e-8	NaN	0.9999999870185942	0.9999999951782986
cylinder	ED	4.0	5	Sz	chi8	2.42861286636753e-16	-1.1025421674595859e-8	NaN	0.9999999865721071	0.9999999951782986
cylinder	ED	4.0	5	Sz	chi32	2.42861286636753e-16	-4.5227491612953585e-9	NaN	1.0000000028874734	0.9999999951782986
cylinder	ED	4.0	5	Sz	chi128	2.42861286636753e-16	-2.5810645842838653e-9	NaN	0.9999999962474302	0.9999999951782986
cylinder	ED	4.0	5	Sz	exact	2.42861286636753e-16	-3.6348612869607777e-9	NaN	0.9999999951782986	0.9999999951782986
cylinder	ED	4.0	5	Sz	UHF	2.42861286636753e-16	-0.33697077984993573	NaN	0.035104359961665284	0.9999999951782986
cylinder	ED	4.0	5	Sz	UHFsym	2.42861286636753e-16	2.1347940776239582e-16	NaN	1.0	0.9999999951782986
cylinder	ED	4.0	5	DoubleOcc	chi4	0.13323671495551936	0.10831866020741726	0.8129790669454668	1.087235163694198	14.153015205685131
cylinder	ED	4.0	5	DoubleOcc	chi8	0.13323671495551936	0.10318302096351448	0.7744338412873792	1.1872080517611927	14.153015205685131
cylinder	ED	4.0	5	DoubleOcc	chi32	0.13323671495551936	0.010543769063236286	0.07913561263317163	12.353279318799473	14.153015205685131
cylinder	ED	4.0	5	DoubleOcc	chi128	0.13323671495551936	0.0013267750541609558	0.009958028870674988	14.066016803909408	14.153015205685131
cylinder	ED	4.0	5	DoubleOcc	exact	0.13323671495551936	-5.659117974232686e-8	4.247416319234502e-7	14.153015205685131	14.153015205685131
cylinder	ED	4.0	5	DoubleOcc	UHF	0.13323671495551936	-0.0032139785718064695	0.024122319233699552	0.7738628685756608	14.153015205685131
cylinder	ED	4.0	5	DoubleOcc	UHFsym	0.13323671495551936	-0.003213978571804721	0.024122319233686428	14.159877578427665	14.153015205685131
cylinder	ED	4.0	5	ZZ onsite	chi4	-0.467053140177923	0.433274642712433	0.9276773999364994	1.1327394182981583	25.99425323699973
cylinder	ED	4.0	5	ZZ onsite	chi8	-0.467053140177923	0.41273209070252415	0.8836940707545498	1.2421680699844313	25.99425323699973
cylinder	ED	4.0	5	ZZ onsite	chi32	-0.467053140177923	0.04217505993479598	0.09030034552113164	21.168890031751694	25.99425323699973
cylinder	ED	4.0	5	ZZ onsite	chi128	-0.467053140177923	0.005307103207524755	0.011362953700521154	25.838064739470234	25.99425323699973
cylinder	ED	4.0	5	ZZ onsite	exact	-0.467053140177923	-2.232074756136626e-7	4.77905952047838e-7	25.99425323699973	25.99425323699973
cylinder	ED	4.0	5	ZZ onsite	UHF	-0.467053140177923	-0.012855914287226877	0.027525592232030473	25.67652416141483	25.99425323699973
cylinder	ED	4.0	5	ZZ onsite	UHFsym	-0.467053140177923	-0.012855914287225156	0.027525592232026788	25.67652416141494	25.99425323699973
cylinder	ED	4.0	5	ZZ up-up nb	chi4	-0.30704835918138745	0.1635394422049587	0.5326178672342244	2.984465061011895	9.057330304345545
cylinder	ED	4.0	5	ZZ up-up nb	chi8	-0.30704835918138745	0.20465986104727346	0.6665395040472161	2.137041765378728	9.057330304345545
cylinder	ED	4.0	5	ZZ up-up nb	chi32	-0.30704835918138745	0.01720359355127149	0.05602893823350003	8.993382985282663	9.057330304345545
cylinder	ED	4.0	5	ZZ up-up nb	chi128	-0.30704835918138745	0.003883213592794199	0.012646912047167815	9.081353093971849	9.057330304345545
cylinder	ED	4.0	5	ZZ up-up nb	exact	-0.30704835918138745	2.2432062201094283e-6	7.3057098435242384e-6	9.057330304345545	9.057330304345545
cylinder	ED	4.0	5	ZZ up-up nb	UHF	-0.30704835918138745	0.2581157897402588	0.8406356263502389	1.4565633434570235	9.057330304345545
cylinder	ED	4.0	5	ZZ up-up nb	UHFsym	-0.30704835918138745	-0.044830211513007756	0.14600374883138362	7.484876155909071	9.057330304345545
cylinder	ED	4.0	5	SzSz nb	chi4	-0.06292352557723029	0.04226439763065089	0.6716787917227706	2.2423794962582932	8.69959849505404
cylinder	ED	4.0	5	SzSz nb	chi8	-0.06292352557723029	0.0449949855395779	0.7150741336696482	2.0368164984159436	8.69959849505404
cylinder	ED	4.0	5	SzSz nb	chi32	-0.06292352557723029	0.008054363868270686	0.1280024250768502	8.19919389235519	8.69959849505404
cylinder	ED	4.0	5	SzSz nb	chi128	-0.06292352557723029	0.0007031285488655059	0.011174334915523906	8.741815201819392	8.69959849505404
cylinder	ED	4.0	5	SzSz nb	exact	-0.06292352557723029	3.718402497299156e-7	5.909399486421513e-6	8.69959849505404	8.69959849505404
cylinder	ED	4.0	5	SzSz nb	UHF	-0.06292352557723029	0.06449664627431255	1.0250005174162002	1.0925796035549655	8.69959849505404
cylinder	ED	4.0	5	SzSz nb	UHFsym	-0.06292352557723029	-0.011239854039004182	0.17862721352459426	6.628306802072279	8.69959849505404
cylinder	ED	4.0	5	SxSx nb	chi4	-0.06292352557723091	0.06620731617239523	1.0521870089929062	1.0995509630265201	8.366652989525278
cylinder	ED	4.0	5	SxSx nb	chi8	-0.06292352557723091	0.04242651242254247	0.6742551698008264	2.336701047891259	8.366652989525278
cylinder	ED	4.0	5	SxSx nb	chi32	-0.06292352557723091	0.00845912597620642	0.1344350288482148	7.989656142149954	8.366652989525278
cylinder	ED	4.0	5	SxSx nb	chi128	-0.06292352557723091	0.0009425173103155826	0.014978774658116673	8.416130968995759	8.366652989525278
cylinder	ED	4.0	5	SxSx nb	exact	-0.06292352557723091	3.7060447333203683e-7	5.889760148247976e-6	8.366652989525278	8.366652989525278
cylinder	ED	4.0	5	SxSx nb	UHF	-0.06292352557723091	-0.04905266019836208	0.7795599459562379	1.5608363529327747	8.366652989525278
cylinder	ED	4.0	5	SxSx nb	UHFsym	-0.06292352557723091	-0.011184410041703667	0.1777460804858459	6.43044751290645	8.366652989525278
cylinder	DMRG	4.0	5	n	chi4	1.00000000157862	6.372382621577799e-10	6.372382611518229e-10	0.9999999820839572	0.999999997176314
cylinder	DMRG	4.0	5	n	chi8	1.00000000157862	-1.8456143280332071e-9	1.8456143251196837e-9	0.9999999891062574	0.999999997176314
cylinder	DMRG	4.0	5	n	chi32	1.00000000157862	9.737693429379135e-9	9.737693414007019e-9	0.999999979204688	0.999999997176314
cylinder	DMRG	4.0	5	n	chi128	1.00000000157862	8.317901922794135e-11	8.31790190966333e-11	0.999999998634241	0.999999997176314
cylinder	DMRG	4.0	5	n	exact	1.00000000157862	0.0	0.0	0.999999997176314	0.999999997176314
cylinder	DMRG	4.0	5	n	UHF	1.00000000157862	1.578620345554782e-9	1.5786203430627406e-9	0.027974949606288005	0.999999997176314
cylinder	DMRG	4.0	5	n	UHFsym	1.00000000157862	1.5786257856476027e-9	1.5786257831555526e-9	1.0000000000000282	0.999999997176314
cylinder	DMRG	4.0	5	Sz	chi4	3.6348615298220643e-9	-9.22406698938838e-9	NaN	0.9999999870185942	0.9999999951782986
cylinder	DMRG	4.0	5	Sz	chi8	3.6348615298220643e-9	-7.390560387635081e-9	NaN	0.9999999865721071	0.9999999951782986
cylinder	DMRG	4.0	5	Sz	chi32	3.6348615298220643e-9	-8.878878743345808e-10	NaN	1.0000000028874734	0.9999999951782986
cylinder	DMRG	4.0	5	Sz	chi128	3.6348615298220643e-9	1.0537967026769124e-9	NaN	0.9999999962474302	0.9999999951782986
cylinder	DMRG	4.0	5	Sz	exact	3.6348615298220643e-9	0.0	NaN	0.9999999951782986	0.9999999951782986
cylinder	DMRG	4.0	5	Sz	UHF	3.6348615298220643e-9	-0.33697077621507443	NaN	0.035104359961665284	0.9999999951782986
cylinder	DMRG	4.0	5	Sz	UHFsym	3.6348615298220643e-9	3.6348615004401855e-9	NaN	1.0	0.9999999951782986
cylinder	DMRG	4.0	5	DoubleOcc	chi4	0.1332367715466991	0.108318716798597	0.8129791463810094	1.087235163694198	14.153015205685131
cylinder	DMRG	4.0	5	DoubleOcc	chi8	0.1332367715466991	0.10318307755469422	0.7744339370946769	1.1872080517611927	14.153015205685131
cylinder	DMRG	4.0	5	DoubleOcc	chi32	0.1332367715466991	0.010543825654416028	0.07913600376244817	12.353279318799473	14.153015205685131
cylinder	DMRG	4.0	5	DoubleOcc	chi128	0.1332367715466991	0.001326831645340698	0.00995844938253887	14.066016803909408	14.153015205685131
cylinder	DMRG	4.0	5	DoubleOcc	exact	0.1332367715466991	0.0	0.0	14.153015205685131	14.153015205685131
cylinder	DMRG	4.0	5	DoubleOcc	UHF	0.1332367715466991	-0.003213921980626727	0.024121884246499147	0.7738628685756608	14.153015205685131
cylinder	DMRG	4.0	5	DoubleOcc	UHFsym	0.1332367715466991	-0.0032139219806249786	0.024121884246486026	14.159877578427665	14.153015205685131
cylinder	DMRG	4.0	5	ZZ onsite	chi4	-0.4670529169704474	0.4332748659199086	0.9276783211854428	1.1327394182981583	25.99425323699973
cylinder	DMRG	4.0	5	ZZ onsite	chi8	-0.4670529169704474	0.41273231390999976	0.8836949709835883	1.2421680699844313	25.99425323699973
cylinder	DMRG	4.0	5	ZZ onsite	chi32	-0.4670529169704474	0.04217528314227159	0.09030086658240531	21.168890031751694	25.99425323699973
cylinder	DMRG	4.0	5	ZZ onsite	chi128	-0.4670529169704474	0.0053073264150003685	0.011363437037127397	25.838064739470234	25.99425323699973
cylinder	DMRG	4.0	5	ZZ onsite	exact	-0.4670529169704474	0.0	0.0	25.99425323699973	25.99425323699973
cylinder	DMRG	4.0	5	ZZ onsite	UHF	-0.4670529169704474	-0.012855691079751264	0.02752512748050068	25.67652416141483	25.99425323699973
cylinder	DMRG	4.0	5	ZZ onsite	UHFsym	-0.4670529169704474	-0.012855691079749543	0.027525127480496996	25.67652416141494	25.99425323699973
cylinder	DMRG	4.0	5	ZZ up-up nb	chi4	-0.30705060238760756	0.1635371989987386	0.5326066704545859	2.984117522310062	9.055124633612323
cylinder	DMRG	4.0	5	ZZ up-up nb	chi8	-0.30705060238760756	0.20465761784105335	0.666527328882105	2.1368507333556765	9.055124633612323
cylinder	DMRG	4.0	5	ZZ up-up nb	chi32	-0.30705060238760756	0.01720135034505138	0.05602122324885437	8.99109940583869	9.055124633612323
cylinder	DMRG	4.0	5	ZZ up-up nb	chi128	-0.30705060238760756	0.0038809703865740897	0.012639513996702467	9.079110525003061	9.055124633612323
cylinder	DMRG	4.0	5	ZZ up-up nb	exact	-0.30705060238760756	0.0	0.0	9.055124633612323	9.055124633612323
cylinder	DMRG	4.0	5	ZZ up-up nb	UHF	-0.30705060238760756	0.2581135465340387	0.8406221792986655	1.4564671536862899	9.055124633612323
cylinder	DMRG	4.0	5	ZZ up-up nb	UHFsym	-0.30705060238760756	-0.044832454719227866	0.14600998783462177	7.483570934633469	9.055124633612323
cylinder	DMRG	4.0	5	SzSz nb	chi4	-0.06292389741748002	0.04226402579040116	0.6716689131633536	2.242306881232505	8.701560397278412
cylinder	DMRG	4.0	5	SzSz nb	chi8	-0.06292389741748002	0.04499461369932817	0.7150639986713353	2.036658512689117	8.701560397278412
cylinder	DMRG	4.0	5	SzSz nb	chi32	-0.06292389741748002	0.008053992028020956	0.1279957592992895	8.200971128392942	8.701560397278412
cylinder	DMRG	4.0	5	SzSz nb	chi128	-0.06292389741748002	0.000702756708615776	0.011168359517739486	8.743757027101726	8.701560397278412
cylinder	DMRG	4.0	5	SzSz nb	exact	-0.06292389741748002	0.0	0.0	8.701560397278412	8.701560397278412
cylinder	DMRG	4.0	5	SzSz nb	UHF	-0.06292389741748002	0.06449627443406282	1.0249885509498973	1.0925128016479202	8.701560397278412
cylinder	DMRG	4.0	5	SzSz nb	UHFsym	-0.06292389741748002	-0.011240225879253912	0.17863206731583384	6.629561128224403	8.701560397278412
cylinder	DMRG	4.0	5	SxSx nb	chi4	-0.06292389618170424	0.0662069455679219	1.0521749221748324	1.0995509630265201	8.366652989525278
cylinder	DMRG	4.0	5	SxSx nb	chi8	-0.06292389618170424	0.04242614181806914	0.6742453088975277	2.336701047891259	8.366652989525278
cylinder	DMRG	4.0	5	SxSx nb	chi32	-0.06292389618170424	0.008458755371733087	0.1344283473373436	7.989656142149954	8.366652989525278
cylinder	DMRG	4.0	5	SxSx nb	chi128	-0.06292389618170424	0.0009421467058422506	0.014972796711787044	8.416130968995759	8.366652989525278
cylinder	DMRG	4.0	5	SxSx nb	exact	-0.06292389618170424	0.0	0.0	8.366652989525278	8.366652989525278
cylinder	DMRG	4.0	5	SxSx nb	UHF	-0.06292389618170424	-0.049053030802835414	0.7795612442876364	1.5608363529327747	8.366652989525278
cylinder	DMRG	4.0	5	SxSx nb	UHFsym	-0.06292389618170424	-0.011184780646176999	0.17775092333568954	6.43044751290645	8.366652989525278
cylinder	ED	4.0	6	n	chi4	1.0000000000000009	9.41384192820749e-10	9.41384192820748e-10	0.9999999815134859	0.9999999997579527
cylinder	ED	4.0	6	n	chi8	1.0000000000000009	7.802871793138877e-9	7.80287179313887e-9	0.9999999714519092	0.9999999997579527
cylinder	ED	4.0	6	n	chi32	1.0000000000000009	4.390266372666929e-9	4.390266372666925e-9	0.9999999875059289	0.9999999997579527
cylinder	ED	4.0	6	n	chi128	1.0000000000000009	1.4763522626637382e-9	1.476352262663737e-9	0.9999999951647791	0.9999999997579527
cylinder	ED	4.0	6	n	exact	1.0000000000000009	-1.4552967719794196e-9	1.4552967719794184e-9	0.9999999997579527	0.9999999997579527
cylinder	ED	4.0	6	n	UHF	1.0000000000000009	4.440892098500626e-16	4.440892098500622e-16	0.026334677430868647	0.9999999997579527
cylinder	ED	4.0	6	n	UHFsym	1.0000000000000009	6.439293542825908e-15	6.4392935428259024e-15	1.0000000000000373	0.9999999997579527
cylinder	ED	4.0	6	Sz	chi4	-4.996003610813204e-16	1.675026458855533e-8	NaN	0.9999999847194554	0.9999999984446539
cylinder	ED	4.0	6	Sz	chi8	-4.996003610813204e-16	1.5564585960359256e-8	NaN	0.9999999822657349	0.9999999984446539
cylinder	ED	4.0	6	Sz	chi32	-4.996003610813204e-16	5.229267061035436e-9	NaN	0.9999999931392312	0.9999999984446539
cylinder	ED	4.0	6	Sz	chi128	-4.996003610813204e-16	2.385096301016354e-9	NaN	0.9999999971392197	0.9999999984446539
cylinder	ED	4.0	6	Sz	exact	-4.996003610813204e-16	2.6007702103036934e-9	NaN	0.9999999984446539	0.9999999984446539
cylinder	ED	4.0	6	Sz	UHF	-4.996003610813204e-16	0.33697077984993545	NaN	0.03316236762459371	0.9999999984446539
cylinder	ED	4.0	6	Sz	UHFsym	-4.996003610813204e-16	-5.207965135534121e-16	NaN	1.0000000000000002	0.9999999984446539
cylinder	ED	4.0	6	DoubleOcc	chi4	0.1332367149555192	0.10831866114879976	0.8129790740109565	1.1528230414172143	16.885124505253106
cylinder	ED	4.0	6	DoubleOcc	chi8	0.1332367149555192	0.05976666048889856	0.44857500808881046	3.2776044996387212	16.885124505253106
cylinder	ED	4.0	6	DoubleOcc	chi32	0.1332367149555192	0.015704315864817242	0.11786778043919872	13.136829950278873	16.885124505253106
cylinder	ED	4.0	6	DoubleOcc	chi128	0.1332367149555192	0.0009397710426718442	0.007053393976169293	16.86958284617055	16.885124505253106
cylinder	ED	4.0	6	DoubleOcc	exact	0.1332367149555192	-7.600622792258704e-8	5.704600863805564e-7	16.885124505253106	16.885124505253106
cylinder	ED	4.0	6	DoubleOcc	UHF	0.1332367149555192	-0.0032139785718070246	0.024122319233703747	1.0891703870971061	16.885124505253106
cylinder	ED	4.0	6	DoubleOcc	UHFsym	0.1332367149555192	-0.0032139785718049985	0.02412231923368854	16.678463340621047	16.885124505253106
cylinder	ED	4.0	6	ZZ onsite	chi4	-0.46705314017792404	0.43327464271243227	0.9276773999364958	1.201343548194752	31.031336023040165
cylinder	ED	4.0	6	ZZ onsite	chi8	-0.46705314017792404	0.23906662634984915	0.511861725753041	3.6812883835190076	31.031336023040165
cylinder	ED	4.0	6	ZZ onsite	chi32	-0.46705314017792404	0.0628172546787345	0.1344970181654367	21.30207162884052	31.031336023040165
cylinder	ED	4.0	6	ZZ onsite	chi128	-0.46705314017792404	0.0037590812179831845	0.00804850860557572	31.11395828346565	31.031336023040165
cylinder	ED	4.0	6	ZZ onsite	exact	-0.46705314017792404	-3.0111431359447494e-7	6.447110354075884e-7	31.031336023040165	31.031336023040165
cylinder	ED	4.0	6	ZZ onsite	UHF	-0.46705314017792404	-0.012855914287228043	0.02752559223203291	29.897290172755934	31.031336023040165
cylinder	ED	4.0	6	ZZ onsite	UHFsym	-0.46705314017792404	-0.012855914287226211	0.027525592232028984	29.897290172756176	31.031336023040165
cylinder	ED	4.0	6	ZZ up-up nb	chi4	-0.3070483591813893	0.21716283823649896	0.7072593998400417	1.6561630183973528	9.611247818676603
cylinder	ED	4.0	6	ZZ up-up nb	chi8	-0.3070483591813893	0.18996636928218125	0.6186855053993574	2.041739373246715	9.611247818676603
cylinder	ED	4.0	6	ZZ up-up nb	chi32	-0.3070483591813893	0.020655118021859487	0.06726991825303141	8.995511321152465	9.611247818676603
cylinder	ED	4.0	6	ZZ up-up nb	chi128	-0.3070483591813893	0.0021148838124834257	0.006887787376952094	9.580058550021937	9.611247818676603
cylinder	ED	4.0	6	ZZ up-up nb	exact	-0.3070483591813893	5.851522917321716e-7	1.905733329082837e-6	9.611247818676603	9.611247818676603
cylinder	ED	4.0	6	ZZ up-up nb	UHF	-0.3070483591813893	0.25811578974025684	0.8406356263502276	1.2448701302206544	9.611247818676603
cylinder	ED	4.0	6	ZZ up-up nb	UHFsym	-0.3070483591813893	-0.04483021151300953	0.14600374883138853	8.487768962622152	9.611247818676603
cylinder	ED	4.0	6	SzSz nb	chi4	-0.06292352557723063	0.06419316437706254	1.0201774898686118	0.9561731236438684	7.71118376480765
cylinder	ED	4.0	6	SzSz nb	chi8	-0.06292352557723063	0.05577786461647684	0.8864389607034431	1.280449700595604	7.71118376480765
cylinder	ED	4.0	6	SzSz nb	chi32	-0.06292352557723063	0.003522756158160556	0.05598472313565489	7.442620493312916	7.71118376480765
cylinder	ED	4.0	6	SzSz nb	chi128	-0.06292352557723063	0.00078569319176508	0.012486477586204884	7.703621353165227	7.71118376480765
cylinder	ED	4.0	6	SzSz nb	exact	-0.06292352557723063	1.3042496151138838e-7	2.072753557829628e-6	7.71118376480765	7.71118376480765
cylinder	ED	4.0	6	SzSz nb	UHF	-0.06292352557723063	0.0644966462743122	1.0250005174161891	0.9911638799547839	7.71118376480765
cylinder	ED	4.0	6	SzSz nb	UHFsym	-0.06292352557723063	-0.011239854039004502	0.17862721352459834	6.333996343727934	7.71118376480765
cylinder	ED	4.0	6	SxSx nb	chi4	-0.06292352557723083	0.08567166378572427	1.3615204011506463	0.5633246086630598	6.6314118948171705
cylinder	ED	4.0	6	SxSx nb	chi8	-0.06292352557723083	0.05950842276633611	0.945726136932631	1.106861752910418	6.6314118948171705
cylinder	ED	4.0	6	SxSx nb	chi32	-0.06292352557723083	0.007896161967870075	0.12548823187248964	6.028601697389348	6.6314118948171705
cylinder	ED	4.0	6	SxSx nb	chi128	-0.06292352557723083	0.0009925777739000913	0.01577435092510551	6.636738319060785	6.6314118948171705
cylinder	ED	4.0	6	SxSx nb	exact	-0.06292352557723083	1.292581665729431e-7	2.05421049420212e-6	6.6314118948171705	6.6314118948171705
cylinder	ED	4.0	6	SxSx nb	UHF	-0.06292352557723083	-0.04905266019836197	0.7795599459562371	1.5285282225967367	6.6314118948171705
cylinder	ED	4.0	6	SxSx nb	UHFsym	-0.06292352557723083	-0.01118441004170357	0.17774608048584456	5.669881695140672	6.6314118948171705
cylinder	DMRG	4.0	6	n	chi4	1.0000000014552977	2.3966809648001686e-9	2.396680961312284e-9	0.9999999815134859	0.9999999997579527
cylinder	DMRG	4.0	6	n	chi8	1.0000000014552977	9.258168565118297e-9	9.258168551644906e-9	0.9999999714519092	0.9999999997579527
cylinder	DMRG	4.0	6	n	chi32	1.0000000014552977	5.8455631446463485e-9	5.8455631361393146e-9	0.9999999875059289	0.9999999997579527
cylinder	DMRG	4.0	6	n	chi128	1.0000000014552977	2.931649034643158e-9	2.931649030376736e-9	0.9999999951647791	0.9999999997579527
cylinder	DMRG	4.0	6	n	exact	1.0000000014552977	0.0	0.0	0.9999999997579527	0.9999999997579527
cylinder	DMRG	4.0	6	n	UHF	1.0000000014552977	1.4552972160686295e-9	1.4552972139507388e-9	0.026334677430868647	0.9999999997579527
cylinder	DMRG	4.0	6	n	UHFsym	1.0000000014552977	1.4553032112729625e-9	1.455303209155063e-9	1.0000000000000373	0.9999999997579527
cylinder	DMRG	4.0	6	Sz	chi4	-2.6007707099040545e-9	1.4149494378251637e-8	NaN	0.9999999847194554	0.9999999984446539
cylinder	DMRG	4.0	6	Sz	chi8	-2.6007707099040545e-9	1.2963815750055563e-8	NaN	0.9999999822657349	0.9999999984446539
cylinder	DMRG	4.0	6	Sz	chi32	-2.6007707099040545e-9	2.628496850731743e-9	NaN	0.9999999931392312	0.9999999984446539
cylinder	DMRG	4.0	6	Sz	chi128	-2.6007707099040545e-9	-2.1567390928733943e-10	NaN	0.9999999971392197	0.9999999984446539
cylinder	DMRG	4.0	6	Sz	exact	-2.6007707099040545e-9	0.0	NaN	0.9999999984446539	0.9999999984446539
cylinder	DMRG	4.0	6	Sz	UHF	-2.6007707099040545e-9	0.33697077724916524	NaN	0.03316236762459371	0.9999999984446539
cylinder	DMRG	4.0	6	Sz	UHFsym	-2.6007707099040545e-9	-2.600770731100207e-9	NaN	1.0000000000000002	0.9999999984446539
cylinder	DMRG	4.0	6	DoubleOcc	chi4	0.13323679096174712	0.10831873715502768	0.8129791806988693	1.1528230414172143	16.885124505253106
cylinder	DMRG	4.0	6	DoubleOcc	chi8	0.13323679096174712	0.05976673649512648	0.44857532265457956	3.2776044996387212	16.885124505253106
cylinder	DMRG	4.0	6	DoubleOcc	chi32	0.13323679096174712	0.015704391871045165	0.11786828366013383	13.136829950278873	16.885124505253106
cylinder	DMRG	4.0	6	DoubleOcc	chi128	0.13323679096174712	0.0009398470488997668	0.007053960412252807	16.86958284617055	16.885124505253106
cylinder	DMRG	4.0	6	DoubleOcc	exact	0.13323679096174712	0.0	0.0	16.885124505253106	16.885124505253106
cylinder	DMRG	4.0	6	DoubleOcc	UHF	0.13323679096174712	-0.003213902565579102	0.02412173501313033	1.0891703870971061	16.885124505253106
cylinder	DMRG	4.0	6	DoubleOcc	UHFsym	0.13323679096174712	-0.003213902565577076	0.024121735013115122	16.678463340621047	16.885124505253106
cylinder	DMRG	4.0	6	ZZ onsite	chi4	-0.46705283906361045	0.43327494382674586	0.9276786427321895	1.201343548194752	31.031336023040165
cylinder	DMRG	4.0	6	ZZ onsite	chi8	-0.46705283906361045	0.23906692746416275	0.511862700467608	3.6812883835190076	31.031336023040165
cylinder	DMRG	4.0	6	ZZ onsite	chi32	-0.46705283906361045	0.0628175557930481	0.1344977495886555	21.30207162884052	31.031336023040165
cylinder	DMRG	4.0	6	ZZ onsite	chi128	-0.46705283906361045	0.003759382332296779	0.008049158505992441	31.11395828346565	31.031336023040165
cylinder	DMRG	4.0	6	ZZ onsite	exact	-0.46705283906361045	0.0	0.0	31.031336023040165	31.031336023040165
cylinder	DMRG	4.0	6	ZZ onsite	UHF	-0.46705283906361045	-0.012855613172914448	0.027524965266646356	29.897290172755934	31.031336023040165
cylinder	DMRG	4.0	6	ZZ onsite	UHFsym	-0.46705283906361045	-0.012855613172912617	0.027524965266642436	29.897290172756176	31.031336023040165
cylinder	DMRG	4.0	6	ZZ up-up nb	chi4	-0.307048944333681	0.21716225308420722	0.7072561462651025	1.6561630183973528	9.611247818676603
cylinder	DMRG	4.0	6	ZZ up-up nb	chi8	-0.307048944333681	0.18996578412988951	0.6186824206223192	2.041739373246715	9.611247818676603
cylinder	DMRG	4.0	6	ZZ up-up nb	chi32	-0.307048944333681	0.020654532869567754	0.0672678843250532	8.995511321152465	9.611247818676603
cylinder	DMRG	4.0	6	ZZ up-up nb	chi128	-0.307048944333681	0.0021142986601916935	0.006885868520993871	9.580058550021937	9.611247818676603
cylinder	DMRG	4.0	6	ZZ up-up nb	exact	-0.307048944333681	0.0	0.0	9.611247818676603	9.611247818676603
cylinder	DMRG	4.0	6	ZZ up-up nb	UHF	-0.307048944333681	0.2581152045879651	0.8406321185962526	1.2448701302206544	9.611247818676603
cylinder	DMRG	4.0	6	ZZ up-up nb	UHFsym	-0.307048944333681	-0.044830796665301265	0.14600537631740573	8.487768962622152	9.611247818676603
cylinder	DMRG	4.0	6	SzSz nb	chi4	-0.06292365600219214	0.06419303395210103	1.0201733025472115	0.9561731236438684	7.71118376480765
cylinder	DMRG	4.0	6	SzSz nb	chi8	-0.06292365600219214	0.05577773419151533	0.8864350505884804	1.280449700595604	7.71118376480765
cylinder	DMRG	4.0	6	SzSz nb	chi32	-0.06292365600219214	0.0035226257331990446	0.055982534344099825	7.442620493312916	7.71118376480765
cylinder	DMRG	4.0	6	SzSz nb	chi128	-0.06292365600219214	0.0007855627668035686	0.012484378955606156	7.703621353165227	7.71118376480765
cylinder	DMRG	4.0	6	SzSz nb	exact	-0.06292365600219214	0.0	0.0	7.71118376480765	7.71118376480765
cylinder	DMRG	4.0	6	SzSz nb	UHF	-0.06292365600219214	0.06449651584935069	1.024996320097862	0.9911638799547839	7.71118376480765
cylinder	DMRG	4.0	6	SzSz nb	UHFsym	-0.06292365600219214	-0.011239984463966013	0.17862891602443495	6.333996343727934	7.71118376480765
cylinder	DMRG	4.0	6	SxSx nb	chi4	-0.0629236548353974	0.0856715345275577	1.361515550100621	0.5633246086630598	6.6314118948171705
cylinder	DMRG	4.0	6	SxSx nb	chi8	-0.0629236548353974	0.05950829350816954	0.9457221400097922	1.106861752910418	6.6314118948171705
cylinder	DMRG	4.0	6	SxSx nb	chi32	-0.0629236548353974	0.007896032709703502	0.12548591988750193	6.028601697389348	6.6314118948171705
cylinder	DMRG	4.0	6	SxSx nb	chi128	-0.0629236548353974	0.0009924485157335183	0.015772264315060434	6.636738319060785	6.6314118948171705
cylinder	DMRG	4.0	6	SxSx nb	exact	-0.0629236548353974	0.0	0.0	6.6314118948171705	6.6314118948171705
cylinder	DMRG	4.0	6	SxSx nb	UHF	-0.0629236548353974	-0.049052789456528544	0.7795603987855794	1.5285282225967367	6.6314118948171705
cylinder	DMRG	4.0	6	SxSx nb	UHFsym	-0.0629236548353974	-0.011184539299870143	0.1777477695650052	5.669881695140672	6.6314118948171705
cylinder	ED	4.0	7	n	chi4	1.0000000000000002	-3.8803671387199756e-10	3.8803671387199746e-10	1.0000000187553617	1.0000000070786883
cylinder	ED	4.0	7	n	chi8	1.0000000000000002	-3.3748452921145145e-9	3.3748452921145136e-9	1.0000000350062692	1.0000000070786883
cylinder	ED	4.0	7	n	chi32	1.0000000000000002	-3.162308859216978e-9	3.162308859216977e-9	1.0000000118507708	1.0000000070786883
cylinder	ED	4.0	7	n	chi128	1.0000000000000002	-6.484914827353805e-10	6.484914827353804e-10	1.000000005957361	1.0000000070786883
cylinder	ED	4.0	7	n	exact	1.0000000000000002	-9.394018896102807e-10	9.394018896102805e-10	1.0000000070786883	1.0000000070786883
cylinder	ED	4.0	7	n	UHF	1.0000000000000002	6.661338147750939e-16	6.661338147750938e-16	0.02712638105639978	1.0000000070786883
cylinder	ED	4.0	7	n	UHFsym	1.0000000000000002	6.217248937900877e-15	6.217248937900875e-15	1.0000000000000313	1.0000000070786883
cylinder	ED	4.0	7	Sz	chi4	5.204170427930421e-16	-1.0484610644956316e-8	NaN	0.9999999787942417	0.9999999933486879
cylinder	ED	4.0	7	Sz	chi8	5.204170427930421e-16	-1.648029614165214e-8	NaN	0.999999964939948	0.9999999933486879
cylinder	ED	4.0	7	Sz	chi32	5.204170427930421e-16	-3.2252651244180086e-9	NaN	0.9999999915753437	0.9999999933486879
cylinder	ED	4.0	7	Sz	chi128	5.204170427930421e-16	-2.7181669207121395e-9	NaN	0.9999999941600002	0.9999999933486879
cylinder	ED	4.0	7	Sz	exact	5.204170427930421e-16	-3.0330235406550443e-9	NaN	0.9999999933486879	0.9999999933486879
cylinder	ED	4.0	7	Sz	UHF	5.204170427930421e-16	-0.3369707798499354	NaN	0.041148118067104604	0.9999999933486879
cylinder	ED	4.0	7	Sz	UHFsym	5.204170427930421e-16	5.178149575790769e-16	NaN	1.0000000000000002	0.9999999933486879
cylinder	ED	4.0	7	DoubleOcc	chi4	0.13323671495551914	0.08943937515667355	0.6712817498279865	1.5312829626820184	15.669651283557632
cylinder	ED	4.0	7	DoubleOcc	chi8	0.13323671495551914	0.0734436041264672	0.5512264705039164	2.153067521853317	15.669651283557632
cylinder	ED	4.0	7	DoubleOcc	chi32	0.13323671495551914	0.01114754772186749	0.08366723635890513	13.255867091994164	15.669651283557632
cylinder	ED	4.0	7	DoubleOcc	chi128	0.13323671495551914	0.0009762423296891254	0.007327126986094203	15.59284792064429	15.669651283557632
cylinder	ED	4.0	7	DoubleOcc	exact	0.13323671495551914	-1.1224996099290507e-8	8.424852040999326e-8	15.669651283557632	15.669651283557632
cylinder	ED	4.0	7	DoubleOcc	UHF	0.13323671495551914	-0.0032139785718066083	0.024122319233700635	1.0031657449122056	15.669651283557632
cylinder	ED	4.0	7	DoubleOcc	UHFsym	0.13323671495551914	-0.003213978571804804	0.024122319233687094	15.689547284765531	15.669651283557632
cylinder	ED	4.0	7	ZZ onsite	chi4	-0.4670531401779236	0.3577575014027677	0.7659888578556183	1.6611416978391984	23.915058507389833
cylinder	ED	4.0	7	ZZ onsite	chi8	-0.4670531401779236	0.2937744232555583	0.6289957137289456	2.384506215257834	23.915058507389833
cylinder	ED	4.0	7	ZZ onsite	chi32	-0.4670531401779236	0.044590197212085514	0.09547135727446111	19.844480890960803	23.915058507389833
cylinder	ED	4.0	7	ZZ onsite	chi128	-0.4670531401779236	0.0039049706157384123	0.008360870059134634	23.88400393317838	23.915058507389833
cylinder	ED	4.0	7	ZZ onsite	exact	-0.4670531401779236	-4.302117678767203e-8	9.21119527668375e-8	23.915058507389833	23.915058507389833
cylinder	ED	4.0	7	ZZ onsite	UHF	-0.4670531401779236	-0.012855914287227765	0.02752559223203234	23.484829091409303	23.915058507389833
cylinder	ED	4.0	7	ZZ onsite	UHFsym	-0.4670531401779236	-0.012855914287225823	0.02752559223202818	23.484829091409424	23.915058507389833
cylinder	ED	4.0	7	ZZ up-up nb	chi4	-0.3070483591813894	0.2384804970159502	0.7766870914137255	1.4921242854226286	8.780081397160489
cylinder	ED	4.0	7	ZZ up-up nb	chi8	-0.3070483591813894	0.15405054151532532	0.5017142639225753	2.8668091884315414	8.780081397160489
cylinder	ED	4.0	7	ZZ up-up nb	chi32	-0.3070483591813894	0.029281012970743536	0.0953628706852842	8.090673404467772	8.780081397160489
cylinder	ED	4.0	7	ZZ up-up nb	chi128	-0.3070483591813894	0.0038632024408445376	0.012581739407903312	8.753872231918441	8.780081397160489
cylinder	ED	4.0	7	ZZ up-up nb	exact	-0.3070483591813894	2.240211393167435e-6	7.295956243309628e-6	8.780081397160489	8.780081397160489
cylinder	ED	4.0	7	ZZ up-up nb	UHF	-0.3070483591813894	0.2581157897402563	0.8406356263502255	1.3080958760599086	8.780081397160489
cylinder	ED	4.0	7	ZZ up-up nb	UHFsym	-0.3070483591813894	-0.04483021151300998	0.14600374883138992	7.6442320797349605	8.780081397160489
cylinder	ED	4.0	7	SzSz nb	chi4	-0.06292352557723072	0.05156001866969062	0.8194076570996833	1.5856223409762922	7.294814626088728
cylinder	ED	4.0	7	SzSz nb	chi8	-0.06292352557723072	0.034528571073521266	0.5487386594564189	2.873259357304316	7.294814626088728
cylinder	ED	4.0	7	SzSz nb	chi32	-0.06292352557723072	0.00794625274212625	0.12628428984598494	6.976193690358712	7.294814626088728
cylinder	ED	4.0	7	SzSz nb	chi128	-0.06292352557723072	0.0007562412712550926	0.012018418617165714	7.326106337783738	7.294814626088728
cylinder	ED	4.0	7	SzSz nb	exact	-0.06292352557723072	3.8407503515081043e-7	6.103838455132439e-6	7.294814626088728	7.294814626088728
cylinder	ED	4.0	7	SzSz nb	UHF	-0.06292352557723072	0.06449664627431209	1.0250005174161858	1.0819342593728372	7.294814626088728
cylinder	ED	4.0	7	SzSz nb	UHFsym	-0.06292352557723072	-0.011239854039004599	0.17862721352459965	5.791845420979951	7.294814626088728
cylinder	ED	4.0	7	SxSx nb	chi4	-0.0629235255772307	0.07523064965762617	1.1955885969118183	0.8063727721080146	6.791870489983526
cylinder	ED	4.0	7	SxSx nb	chi8	-0.0629235255772307	0.027896906536904284	0.4433462092435419	3.4850258340815428	6.791870489983526
cylinder	ED	4.0	7	SxSx nb	chi32	-0.0629235255772307	0.007906691819391284	0.1256555755078729	6.4500072332080105	6.791870489983526
cylinder	ED	4.0	7	SxSx nb	chi128	-0.0629235255772307	0.0010498301226380263	0.016684222840461983	6.809745135214501	6.791870489983526
cylinder	ED	4.0	7	SxSx nb	exact	-0.0629235255772307	3.8247629527421445e-7	6.078430789844618e-6	6.791870489983526	6.791870489983526
cylinder	ED	4.0	7	SxSx nb	UHF	-0.0629235255772307	-0.04905266019836185	0.7795599459562369	1.503421927486563	6.791870489983526
cylinder	ED	4.0	7	SxSx nb	UHFsym	-0.0629235255772307	-0.011184410041703466	0.17774608048584328	5.563804149075075	6.791870489983526
cylinder	DMRG	4.0	7	n	chi4	1.0000000009394021	5.513651757382831e-10	5.513651752203295e-10	1.0000000187553617	1.0000000070786883
cylinder	DMRG	4.0	7	n	chi8	1.0000000009394021	-2.4354434025042337e-9	2.435443400216373e-9	1.0000000350062692	1.0000000070786883
cylinder	DMRG	4.0	7	n	chi32	1.0000000009394021	-2.222906969606697e-9	2.222906967518494e-9	1.0000000118507708	1.0000000070786883
cylinder	DMRG	4.0	7	n	chi128	1.0000000009394021	2.909104068749002e-10	2.9091040660161836e-10	1.000000005957361	1.0000000070786883
cylinder	DMRG	4.0	7	n	exact	1.0000000009394021	0.0	0.0	1.0000000070786883	1.0000000070786883
cylinder	DMRG	4.0	7	n	UHF	1.0000000009394021	9.394025557440955e-10	9.394025548616187e-10	0.02712638105639978	1.0000000070786883
cylinder	DMRG	4.0	7	n	UHFsym	1.0000000009394021	9.394081068592186e-10	9.394081059767366e-10	1.0000000000000313	1.0000000070786883
cylinder	DMRG	4.0	7	Sz	chi4	3.033024061072087e-9	-7.451587104301272e-9	NaN	0.9999999787942417	0.9999999933486879
cylinder	DMRG	4.0	7	Sz	chi8	3.033024061072087e-9	-1.3447272600997096e-8	NaN	0.999999964939948	0.9999999933486879
cylinder	DMRG	4.0	7	Sz	chi32	3.033024061072087e-9	-1.922415837629643e-10	NaN	0.9999999915753437	0.9999999933486879
cylinder	DMRG	4.0	7	Sz	chi128	3.033024061072087e-9	3.148566199429048e-10	NaN	0.9999999941600002	0.9999999933486879
cylinder	DMRG	4.0	7	Sz	exact	3.033024061072087e-9	0.0	NaN	0.9999999933486879	0.9999999933486879
cylinder	DMRG	4.0	7	Sz	UHF	3.033024061072087e-9	-0.33697077681691184	NaN	0.041148118067104604	0.9999999933486879
cylinder	DMRG	4.0	7	Sz	UHFsym	3.033024061072087e-9	3.033024058470002e-9	NaN	1.0000000000000002	0.9999999933486879
cylinder	DMRG	4.0	7	DoubleOcc	chi4	0.13323672618051524	0.08943938638166965	0.6712817775220103	1.5312829626820184	15.669651283557632
cylinder	DMRG	4.0	7	DoubleOcc	chi8	0.13323672618051524	0.07344361535146329	0.5512265083124192	2.153067521853317	15.669651283557632
cylinder	DMRG	4.0	7	DoubleOcc	chi32	0.13323672618051524	0.01114755894686359	0.08366731355857816	13.255867091994164	15.669651283557632
cylinder	DMRG	4.0	7	DoubleOcc	chi128	0.13323672618051524	0.0009762535546852247	0.00732721061730796	15.59284792064429	15.669651283557632
cylinder	DMRG	4.0	7	DoubleOcc	exact	0.13323672618051524	0.0	0.0	15.669651283557632	15.669651283557632
cylinder	DMRG	4.0	7	DoubleOcc	UHF	0.13323672618051524	-0.003213967346810509	0.02412223295291779	1.0031657449122056	15.669651283557632
cylinder	DMRG	4.0	7	DoubleOcc	UHFsym	0.13323672618051524	-0.003213967346808705	0.02412223295290425	15.689547284765531	15.669651283557632
cylinder	DMRG	4.0	7	ZZ onsite	chi4	-0.4670530971567468	0.3577575444239445	0.7659890205243155	1.6611416978391984	23.915058507389833
cylinder	DMRG	4.0	7	ZZ onsite	chi8	-0.4670530971567468	0.2937744662767351	0.6289958637789356	2.384506215257834	23.915058507389833
cylinder	DMRG	4.0	7	ZZ onsite	chi32	-0.4670530971567468	0.0445902402332623	0.09547145818047632	19.844480890960803	23.915058507389833
cylinder	DMRG	4.0	7	ZZ onsite	chi128	-0.4670530971567468	0.0039050136369152	0.008360962941232024	23.88400393317838	23.915058507389833
cylinder	DMRG	4.0	7	ZZ onsite	exact	-0.4670530971567468	0.0	0.0	23.915058507389833	23.915058507389833
cylinder	DMRG	4.0	7	ZZ onsite	UHF	-0.4670530971567468	-0.012855871266050978	0.027525502655507374	23.484829091409303	23.915058507389833
cylinder	DMRG	4.0	7	ZZ onsite	UHFsym	-0.4670530971567468	-0.012855871266049035	0.027525502655503215	23.484829091409424	23.915058507389833
cylinder	DMRG	4.0	7	ZZ up-up nb	chi4	-0.30705059939278256	0.23847825680455703	0.7766741288770226	1.4921242854226286	8.780081397160489
cylinder	DMRG	4.0	7	ZZ up-up nb	chi8	-0.30705059939278256	0.15404830130393216	0.5017033075609529	2.8668091884315414	8.780081397160489
cylinder	DMRG	4.0	7	ZZ up-up nb	chi32	-0.30705059939278256	0.02927877275935037	0.09535487902401596	8.090673404467772	8.780081397160489
cylinder	DMRG	4.0	7	ZZ up-up nb	chi128	-0.30705059939278256	0.00386096222945137	0.01257435170974014	8.753872231918441	8.780081397160489
cylinder	DMRG	4.0	7	ZZ up-up nb	exact	-0.30705059939278256	0.0	0.0	8.780081397160489	8.780081397160489
cylinder	DMRG	4.0	7	ZZ up-up nb	UHF	-0.30705059939278256	0.2581135495288631	0.8406221972512139	1.3080958760599086	8.780081397160489
cylinder	DMRG	4.0	7	ZZ up-up nb	UHFsym	-0.30705059939278256	-0.044832451724403144	0.1460099795052117	7.6442320797349605	8.780081397160489
cylinder	DMRG	4.0	7	SzSz nb	chi4	-0.06292390965226587	0.05155963459465547	0.8193965517970454	1.5856223409762922	7.294814626088728
cylinder	DMRG	4.0	7	SzSz nb	chi8	-0.06292390965226587	0.034528186998486116	0.548729206263533	2.873259357304316	7.294814626088728
cylinder	DMRG	4.0	7	SzSz nb	chi32	-0.06292390965226587	0.0079458686670911	0.1262774152305867	6.976193690358712	7.294814626088728
cylinder	DMRG	4.0	7	SzSz nb	chi128	-0.06292390965226587	0.0007558571962199417	0.012012241457929238	7.326106337783738	7.294814626088728
cylinder	DMRG	4.0	7	SzSz nb	exact	-0.06292390965226587	0.0	0.0	7.294814626088728	7.294814626088728
cylinder	DMRG	4.0	7	SzSz nb	UHF	-0.06292390965226587	0.06449626219927694	1.0249881572156008	1.0819342593728372	7.294814626088728
cylinder	DMRG	4.0	7	SzSz nb	UHFsym	-0.06292390965226587	-0.01124023811403975	0.17863222702079817	5.791845420979951	7.294814626088728
cylinder	DMRG	4.0	7	SxSx nb	chi4	-0.06292390805352598	0.0752302671813309	1.1955752512596096	0.8063727721080146	6.791870489983526
cylinder	DMRG	4.0	7	SxSx nb	chi8	-0.06292390805352598	0.02789652406060901	0.4433374360168307	3.4850258340815428	6.791870489983526
cylinder	DMRG	4.0	7	SxSx nb	chi32	-0.06292390805352598	0.00790630934309601	0.1256487333299537	6.4500072332080105	6.791870489983526
cylinder	DMRG	4.0	7	SxSx nb	chi128	-0.06292390805352598	0.0010494476463427521	0.01667804303334185	6.809745135214501	6.791870489983526
cylinder	DMRG	4.0	7	SxSx nb	exact	-0.06292390805352598	0.0	0.0	6.791870489983526	6.791870489983526
cylinder	DMRG	4.0	7	SxSx nb	UHF	-0.06292390805352598	-0.04905304267465713	0.779561285877704	1.503421927486563	6.791870489983526
cylinder	DMRG	4.0	7	SxSx nb	UHFsym	-0.06292390805352598	-0.01118479251799874	0.17775107846900481	5.563804149075075	6.791870489983526
cylinder	ED	4.0	9	n	chi4	0.9999999999999994	-3.9770686743878514e-10	3.9770686743878535e-10	0.9999999915561162	0.9999999992657173
cylinder	ED	4.0	9	n	chi8	0.9999999999999994	2.769134921365435e-10	2.7691349213654364e-10	0.999999985276704	0.9999999992657173
cylinder	ED	4.0	9	n	chi32	0.9999999999999994	1.1903000807222952e-10	1.190300080722296e-10	1.0000000011899917	0.9999999992657173
cylinder	ED	4.0	9	n	chi128	0.9999999999999994	-1.3784521302184771e-9	1.378452130218478e-9	1.0000000013363004	0.9999999992657173
cylinder	ED	4.0	9	n	exact	0.9999999999999994	-8.140553786617488e-10	8.140553786617492e-10	0.9999999992657173	0.9999999992657173
cylinder	ED	4.0	9	n	UHF	0.9999999999999994	-1.6653345369377348e-15	1.6653345369377358e-15	0.018619270675261826	0.9999999992657173
cylinder	ED	4.0	9	n	UHFsym	0.9999999999999994	4.107825191113079e-15	4.1078251911130816e-15	1.0000000000000309	0.9999999992657173
cylinder	ED	4.0	9	Sz	chi4	-7.771561172376096e-16	4.182932514251725e-9	NaN	1.0000000123843205	1.0000000016661843
cylinder	ED	4.0	9	Sz	chi8	-7.771561172376096e-16	6.856142056865799e-9	NaN	1.000000020860548	1.0000000016661843
cylinder	ED	4.0	9	Sz	chi32	-7.771561172376096e-16	-6.178796502220862e-10	NaN	0.9999999982071203	1.0000000016661843
cylinder	ED	4.0	9	Sz	chi128	-7.771561172376096e-16	-1.2144191902097035e-11	NaN	0.9999999991296832	1.0000000016661843
cylinder	ED	4.0	9	Sz	exact	-7.771561172376096e-16	7.151699753238372e-10	NaN	1.0000000016661843	1.0000000016661843
cylinder	ED	4.0	9	Sz	UHF	-7.771561172376096e-16	0.3712871811150483	NaN	0.03581544656051661	1.0000000016661843
cylinder	ED	4.0	9	Sz	UHFsym	-7.771561172376096e-16	-7.639288507332864e-16	NaN	0.9999999999999997	1.0000000016661843
cylinder	ED	4.0	9	DoubleOcc	chi4	0.10801500643477718	0.07815011091895854	0.7235116073075273	2.7308303768831212	22.53349974777428
cylinder	ED	4.0	9	DoubleOcc	chi8	0.10801500643477718	0.0620334615308038	0.5743041043862877	3.9911541591661606	22.53349974777428
cylinder	ED	4.0	9	DoubleOcc	chi32	0.10801500643477718	0.010633975943298318	0.09844906086932878	18.944395779099445	22.53349974777428
cylinder	ED	4.0	9	DoubleOcc	chi128	0.10801500643477718	0.0014839694824085314	0.013738549220053034	22.28040028090348	22.53349974777428
cylinder	ED	4.0	9	DoubleOcc	exact	0.10801500643477718	9.88539675672584e-8	9.151873506293729e-7	22.53349974777428	22.53349974777428
cylinder	ED	4.0	9	DoubleOcc	UHF	0.10801500643477718	-0.00413082270486409	0.03824304456583456	0.8920234401196226	22.53349974777428
cylinder	ED	4.0	9	DoubleOcc	UHFsym	0.10801500643477718	-0.0041308227048628965	0.0382430445658235	22.666506653855627	22.53349974777428
cylinder	ED	4.0	9	ZZ onsite	chi4	-0.5679399742608907	0.312600444471248	0.5504110621515275	2.8451240271801095	39.68971599709727
cylinder	ED	4.0	9	ZZ onsite	chi8	-0.5679399742608907	0.24813384556938567	0.4369015332866887	4.272631899841032	39.68971599709727
cylinder	ED	4.0	9	ZZ onsite	chi32	-0.5679399742608907	0.042535903535128705	0.07489506895598315	29.77571718919697	39.68971599709727
cylinder	ED	4.0	9	ZZ onsite	chi128	-0.5679399742608907	0.005935880686535833	0.010451598682168316	38.93308481445577	39.68971599709727
cylinder	ED	4.0	9	ZZ onsite	exact	-0.5679399742608907	3.9704398424600384e-7	6.990949787655138e-7	39.68971599709727	39.68971599709727
cylinder	ED	4.0	9	ZZ onsite	UHF	-0.5679399742608907	-0.016523290819453584	0.02909337530072041	40.00705255460367	39.68971599709727
cylinder	ED	4.0	9	ZZ onsite	UHFsym	-0.5679399742608907	-0.016523290819454584	0.02909337530072217	40.007052554603604	39.68971599709727
cylinder	ED	4.0	9	ZZ up-up nb	chi4	-0.4196791253760691	0.17015894542803656	0.40545010494758177	4.269672842796573	19.643720424822035
cylinder	ED	4.0	9	ZZ up-up nb	chi8	-0.4196791253760691	0.10454537488654336	0.24910787448115648	8.01925464477044	19.643720424822035
cylinder	ED	4.0	9	ZZ up-up nb	chi32	-0.4196791253760691	0.004310590082043986	0.010271156751437948	19.41610272616398	19.643720424822035
cylinder	ED	4.0	9	ZZ up-up nb	chi128	-0.4196791253760691	0.005669913286073802	0.01351011509327052	19.3290853540158	19.643720424822035
cylinder	ED	4.0	9	ZZ up-up nb	exact	-0.4196791253760691	1.2037876944703818e-6	2.86835256195238e-6	19.643720424822035	19.643720424822035
cylinder	ED	4.0	9	ZZ up-up nb	UHF	-0.4196791253760691	0.26184952743603973	0.6239279287512804	2.1327200726244575	19.643720424822035
cylinder	ED	4.0	9	ZZ up-up nb	UHFsym	-0.4196791253760691	-0.10594109247657274	0.2524335523756162	9.770332824494009	19.643720424822035
cylinder	ED	4.0	9	SzSz nb	chi4	-0.08990292026830599	0.04262414977423784	0.4741130727125489	3.3087178047281744	13.883560049298657
cylinder	ED	4.0	9	SzSz nb	chi8	-0.08990292026830599	0.026130495227116052	0.290652351994043	6.198350507526364	13.883560049298657
cylinder	ED	4.0	9	SzSz nb	chi32	-0.08990292026830599	0.005509513669676003	0.06128292221468922	13.050286126836502	13.883560049298657
cylinder	ED	4.0	9	SzSz nb	chi128	-0.08990292026830599	0.001209468486013554	0.01345305005003197	13.762719752739015	13.883560049298657
cylinder	ED	4.0	9	SzSz nb	exact	-0.08990292026830599	1.3730542181011884e-7	1.5272632012435745e-6	13.883560049298657	13.883560049298657
cylinder	ED	4.0	9	SzSz nb	UHF	-0.08990292026830599	0.06421524676338716	0.7142732023803385	1.712310849213063	13.883560049298657
cylinder	ED	4.0	9	SzSz nb	UHFsym	-0.08990292026830599	-0.02773240821476388	0.3084706050926863	6.435167521248269	13.883560049298657
cylinder	ED	4.0	9	SxSx nb	chi4	-0.08990292026830621	0.060565803361815496	0.6736800448868953	2.2517238487242883	15.419558638303702
cylinder	ED	4.0	9	SxSx nb	chi8	-0.08990292026830621	0.02628958446724719	0.2924219189853742	7.470724472861801	15.419558638303702
cylinder	ED	4.0	9	SxSx nb	chi32	-0.08990292026830621	0.006389252151381586	0.07106834941861184	14.422739917590848	15.419558638303702
cylinder	ED	4.0	9	SxSx nb	chi128	-0.08990292026830621	0.0012434652985703482	0.013831200308725804	15.438770408474095	15.419558638303702
cylinder	ED	4.0	9	SxSx nb	exact	-0.08990292026830621	1.3179297037035909e-7	1.4659476018914207e-6	15.419558638303702	15.419558638303702
cylinder	ED	4.0	9	SxSx nb	UHF	-0.08990292026830621	-0.07363892409697417	0.8190937944752653	1.5222297761773538	15.419558638303702
cylinder	ED	4.0	9	SxSx nb	UHFsym	-0.08990292026830621	-0.027665096607898648	0.30772189073875417	6.610265130237679	15.419558638303702
cylinder	DMRG	4.0	9	n	chi4	1.0000000008140548	4.163485112229637e-10	4.1634851088403314e-10	0.9999999915561162	0.9999999992657173
cylinder	DMRG	4.0	9	n	chi8	1.0000000008140548	1.0909688707982923e-9	1.0909688699101838e-9	0.999999985276704	0.9999999992657173
cylinder	DMRG	4.0	9	n	chi32	1.0000000008140548	9.330853867339783e-10	9.330853859743958e-10	1.0000000011899917	0.9999999992657173
cylinder	DMRG	4.0	9	n	chi128	1.0000000008140548	-5.643967515567283e-10	5.643967510972784e-10	1.0000000013363004	0.9999999992657173
cylinder	DMRG	4.0	9	n	exact	1.0000000008140548	0.0	0.0	0.9999999992657173	0.9999999992657173
cylinder	DMRG	4.0	9	n	UHF	1.0000000008140548	8.140537133272119e-10	8.140537126645275e-10	0.018619270675261826	0.9999999992657173
cylinder	DMRG	4.0	9	n	UHFsym	1.0000000008140548	8.140594864869399e-10	8.140594858242509e-10	1.0000000000000309	0.9999999992657173
cylinder	DMRG	4.0	9	Sz	chi4	-7.151707524799544e-10	3.4677625389278877e-9	NaN	1.0000000123843205	1.0000000016661843
cylinder	DMRG	4.0	9	Sz	chi8	-7.151707524799544e-10	6.140972081541962e-9	NaN	1.000000020860548	1.0000000016661843
cylinder	DMRG	4.0	9	Sz	chi32	-7.151707524799544e-10	-1.3330496255459234e-9	NaN	0.9999999982071203	1.0000000016661843
cylinder	DMRG	4.0	9	Sz	chi128	-7.151707524799544e-10	-7.273141672259342e-10	NaN	0.9999999991296832	1.0000000016661843
cylinder	DMRG	4.0	9	Sz	exact	-7.151707524799544e-10	0.0	NaN	1.0000000016661843	1.0000000016661843
cylinder	DMRG	4.0	9	Sz	UHF	-7.151707524799544e-10	0.37128718039987835	NaN	0.03581544656051661	1.0000000016661843
cylinder	DMRG	4.0	9	Sz	UHFsym	-7.151707524799544e-10	-7.151707392526879e-10	NaN	0.9999999999999997	1.0000000016661843
cylinder	DMRG	4.0	9	DoubleOcc	chi4	0.10801490758080962	0.07815001206499098	0.7235113542686161	2.7308303768831212	22.53349974777428
cylinder	DMRG	4.0	9	DoubleOcc	chi8	0.10801490758080962	0.062033362676836235	0.5743037147944322	3.9911541591661606	22.53349974777428
cylinder	DMRG	4.0	9	DoubleOcc	chi32	0.10801490758080962	0.010633877089330751	0.09844823578055822	18.944395779099445	22.53349974777428
cylinder	DMRG	4.0	9	DoubleOcc	chi128	0.10801490758080962	0.0014838706284409642	0.013737646605222805	22.28040028090348	22.53349974777428
cylinder	DMRG	4.0	9	DoubleOcc	exact	0.10801490758080962	0.0	0.0	22.53349974777428	22.53349974777428
cylinder	DMRG	4.0	9	DoubleOcc	UHF	0.10801490758080962	-0.004130921558831657	0.03824399475360542	0.8920234401196226	22.53349974777428
cylinder	DMRG	4.0	9	DoubleOcc	UHFsym	0.10801490758080962	-0.004130921558830464	0.03824399475359437	22.666506653855627	22.53349974777428
cylinder	DMRG	4.0	9	ZZ onsite	chi4	-0.567940371304875	0.31260004742726377	0.5504099782676967	2.8451240271801095	39.68971599709727
cylinder	DMRG	4.0	9	ZZ onsite	chi8	-0.567940371304875	0.24813344852540142	0.43690052875674407	4.272631899841032	39.68971599709727
cylinder	DMRG	4.0	9	ZZ onsite	chi32	-0.567940371304875	0.04253550649114446	0.07489431750276308	29.77571718919697	39.68971599709727
cylinder	DMRG	4.0	9	ZZ onsite	chi128	-0.567940371304875	0.005935483642551587	0.010450892281023234	38.93308481445577	39.68971599709727
cylinder	DMRG	4.0	9	ZZ onsite	exact	-0.567940371304875	0.0	0.0	39.68971599709727	39.68971599709727
cylinder	DMRG	4.0	9	ZZ onsite	UHF	-0.567940371304875	-0.01652368786343783	0.029094054056192076	40.00705255460367	39.68971599709727
cylinder	DMRG	4.0	9	ZZ onsite	UHFsym	-0.567940371304875	-0.01652368786343883	0.029094054056193835	40.007052554603604	39.68971599709727
cylinder	DMRG	4.0	9	ZZ up-up nb	chi4	-0.4196803291637636	0.1701577416403421	0.4054460736327358	4.269672842796573	19.643720424822035
cylinder	DMRG	4.0	9	ZZ up-up nb	chi8	-0.4196803291637636	0.10454417109884889	0.24910429160966152	8.01925464477044	19.643720424822035
cylinder	DMRG	4.0	9	ZZ up-up nb	chi32	-0.4196803291637636	0.004309386294349515	0.010268258945889142	19.41610272616398	19.643720424822035
cylinder	DMRG	4.0	9	ZZ up-up nb	chi128	-0.4196803291637636	0.005668709498379332	0.013507207997273904	19.3290853540158	19.643720424822035
cylinder	DMRG	4.0	9	ZZ up-up nb	exact	-0.4196803291637636	0.0	0.0	19.643720424822035	19.643720424822035
cylinder	DMRG	4.0	9	ZZ up-up nb	UHF	-0.4196803291637636	0.26184832364834526	0.6239232707668063	2.1327200726244575	19.643720424822035
cylinder	DMRG	4.0	9	ZZ up-up nb	UHFsym	-0.4196803291637636	-0.10594229626426721	0.25243569665360094	9.770332824494009	19.643720424822035
cylinder	DMRG	4.0	9	SzSz nb	chi4	-0.0899030575737278	0.04262401246881603	0.47411082135733684	3.308830416831073	13.887566293223577
cylinder	DMRG	4.0	9	SzSz nb	chi8	-0.0899030575737278	0.02613035792169424	0.29065038083121064	6.199071117191598	13.887566293223577
cylinder	DMRG	4.0	9	SzSz nb	chi32	-0.0899030575737278	0.005509376364254193	0.06128130135881149	13.053745669911452	13.887566293223577
cylinder	DMRG	4.0	9	SzSz nb	chi128	-0.0899030575737278	0.001209331180591744	0.01345150224284635	13.766630720281622	13.887566293223577
cylinder	DMRG	4.0	9	SzSz nb	exact	-0.0899030575737278	0.0	0.0	13.887566293223577	13.887566293223577
cylinder	DMRG	4.0	9	SzSz nb	UHF	-0.0899030575737278	0.06421510945796535	0.7142705842379583	1.712309567547294	13.887566293223577
cylinder	DMRG	4.0	9	SzSz nb	UHFsym	-0.0899030575737278	-0.02773254552018569	0.30847166123847075	6.435998510828646	13.887566293223577
cylinder	DMRG	4.0	9	SxSx nb	chi4	-0.08990305206127658	0.060565671568845125	0.6736775913632439	2.2517238487242883	15.419558638303702
cylinder	DMRG	4.0	9	SxSx nb	chi8	-0.08990305206127658	0.02628945267427682	0.2924200243653388	7.470724472861801	15.419558638303702
cylinder	DMRG	4.0	9	SxSx nb	chi32	-0.08990305206127658	0.0063891203584112155	0.07106677929083527	14.422739917590848	15.419558638303702
cylinder	DMRG	4.0	9	SxSx nb	chi128	-0.08990305206127658	0.0012433335055999778	0.013829714087487711	15.438770408474095	15.419558638303702
cylinder	DMRG	4.0	9	SxSx nb	exact	-0.08990305206127658	0.0	0.0	15.419558638303702	15.419558638303702
cylinder	DMRG	4.0	9	SxSx nb	UHF	-0.08990305206127658	-0.07363905588994454	0.8190940596738947	1.5222297761773538	15.419558638303702
cylinder	DMRG	4.0	9	SxSx nb	UHFsym	-0.08990305206127658	-0.02766522840086902	0.30772290558070053	6.610265130237679	15.419558638303702
cylinder	ED	4.0	10	n	chi4	0.9999999999999986	3.977055351711556e-10	3.9770553517115616e-10	1.0000000039606007	0.9999999948205965
cylinder	ED	4.0	10	n	chi8	0.9999999999999986	-9.140223022896521e-10	9.140223022896534e-10	1.0000000093540287	0.9999999948205965
cylinder	ED	4.0	10	n	chi32	0.9999999999999986	-3.9493797121537e-10	3.9493797121537057e-10	0.999999996181284	0.9999999948205965
cylinder	ED	4.0	10	n	chi128	0.9999999999999986	-4.1131820172068956e-10	4.1131820172069013e-10	0.999999995806571	0.9999999948205965
cylinder	ED	4.0	10	n	exact	0.9999999999999986	-6.969546051394104e-10	6.969546051394115e-10	0.9999999948205965	0.9999999948205965
cylinder	ED	4.0	10	n	UHF	0.9999999999999986	-1.2545520178264269e-14	1.2545520178264286e-14	0.021584371575779703	0.9999999948205965
cylinder	ED	4.0	10	n	UHFsym	0.9999999999999986	-6.328271240363392e-15	6.328271240363402e-15	1.0000000000000335	0.9999999948205965
cylinder	ED	4.0	10	Sz	chi4	-6.938893903907228e-18	-1.2611710668852805e-9	NaN	0.9999999997935446	1.0000000005465433
cylinder	ED	4.0	10	Sz	chi8	-6.938893903907228e-18	-3.1185142593259663e-9	NaN	1.00000000241047	1.0000000005465433
cylinder	ED	4.0	10	Sz	chi32	-6.938893903907228e-18	1.2151476908028869e-9	NaN	1.0000000002169929	1.0000000005465433
cylinder	ED	4.0	10	Sz	chi128	-6.938893903907228e-18	1.3360721834443368e-9	NaN	1.0000000002033034	1.0000000005465433
cylinder	ED	4.0	10	Sz	exact	-6.938893903907228e-18	1.6359491053496988e-9	NaN	1.0000000005465433	1.0000000005465433
cylinder	ED	4.0	10	Sz	UHF	-6.938893903907228e-18	-0.3712871811150541	NaN	0.02942668611560502	1.0000000005465433
cylinder	ED	4.0	10	Sz	UHFsym	-6.938893903907228e-18	-1.7293024651143796e-17	NaN	1.0000000000000169	1.0000000005465433
cylinder	ED	4.0	10	DoubleOcc	chi4	0.1080150064347771	0.07815011131666538	0.723511610989487	3.2450228885177705	29.591037491395962
cylinder	ED	4.0	10	DoubleOcc	chi8	0.1080150064347771	0.031147953814782164	0.2883669116252869	13.415113316782168	29.591037491395962
cylinder	ED	4.0	10	DoubleOcc	chi32	0.1080150064347771	0.013299766560906728	0.12312887810581719	24.95666594827537	29.591037491395962
cylinder	ED	4.0	10	DoubleOcc	chi128	0.1080150064347771	0.0011602728097306891	0.010741774203673253	29.689931131455108	29.591037491395962
cylinder	ED	4.0	10	DoubleOcc	exact	0.1080150064347771	8.852640481782359e-8	8.195750547983224e-7	29.591037491395962	29.591037491395962
cylinder	ED	4.0	10	DoubleOcc	UHF	0.1080150064347771	-0.004130822704865478	0.038243044565847435	1.3606158474659156	29.591037491395962
cylinder	ED	4.0	10	DoubleOcc	UHFsym	0.1080150064347771	-0.0041308227048628965	0.03824304456582354	28.393720558938853	29.591037491395962
cylinder	ED	4.0	10	ZZ onsite	chi4	-0.56793997426089	0.31260044447124924	0.5504110621515302	3.1753036985808047	48.80855441641047
cylinder	ED	4.0	10	ZZ onsite	chi8	-0.56793997426089	0.12459181708716993	0.21937497400022274	14.946421149068776	48.80855441641047
cylinder	ED	4.0	10	ZZ onsite	chi32	-0.56793997426089	0.05319906703349797	0.09367022827144818	34.71489568828691	48.80855441641047
cylinder	ED	4.0	10	ZZ onsite	chi128	-0.56793997426089	0.004641092061556273	0.008171800316743213	48.70591071730891	48.80855441641047
cylinder	ED	4.0	10	ZZ onsite	exact	-0.56793997426089	3.5549953070201923e-7	6.259456048408318e-7	48.80855441641047	48.80855441641047
cylinder	ED	4.0	10	ZZ onsite	UHF	-0.56793997426089	-0.016523290819438152	0.029093375300693274	46.74310347230966	48.80855441641047
cylinder	ED	4.0	10	ZZ onsite	UHFsym	-0.56793997426089	-0.01652329081943449	0.029093375300686824	46.743103472310516	48.80855441641047
cylinder	ED	4.0	10	ZZ up-up nb	chi4	-0.4196791253760697	0.06980305782727814	0.1663248267702817	13.29811680799361	19.335908680637434
cylinder	ED	4.0	10	ZZ up-up nb	chi8	-0.4196791253760697	0.09761338966982763	0.23259052873396402	10.106030408987317	19.335908680637434
cylinder	ED	4.0	10	ZZ up-up nb	chi32	-0.4196791253760697	0.04660341306277904	0.11104534451414101	16.2178504167437	19.335908680637434
cylinder	ED	4.0	10	ZZ up-up nb	chi128	-0.4196791253760697	0.004494576612489587	0.01070955484970106	19.352619050705034	19.335908680637434
cylinder	ED	4.0	10	ZZ up-up nb	exact	-0.4196791253760697	4.1010020920273504e-6	9.771756191953766e-6	19.335908680637434	19.335908680637434
cylinder	ED	4.0	10	ZZ up-up nb	UHF	-0.4196791253760697	0.26184952743603923	0.6239279287512783	2.4600446480989286	19.335908680637434
cylinder	ED	4.0	10	ZZ up-up nb	UHFsym	-0.4196791253760697	-0.10594109247657346	0.25243355237561754	8.70915894510932	19.335908680637434
cylinder	ED	4.0	10	SzSz nb	chi4	-0.08990292026830617	0.027213714005577427	0.302701112759862	6.777066956156393	17.933423358069295
cylinder	ED	4.0	10	SzSz nb	chi8	-0.08990292026830617	0.02769306276375598	0.30803296134440167	7.2059585969334226	17.933423358069295
cylinder	ED	4.0	10	SzSz nb	chi32	-0.08990292026830617	0.010169252005689952	0.1131137005932716	14.903097219253032	17.933423358069295
cylinder	ED	4.0	10	SzSz nb	chi128	-0.08990292026830617	0.0009779093072921213	0.010877392017674731	17.91404082449694	17.933423358069295
cylinder	ED	4.0	10	SzSz nb	exact	-0.08990292026830617	9.36852105795638e-7	1.042070828177436e-5	17.933423358069295	17.933423358069295
cylinder	ED	4.0	10	SzSz nb	UHF	-0.08990292026830617	0.06421524676338701	0.7142732023803354	1.9155659026494254	17.933423358069295
cylinder	ED	4.0	10	SzSz nb	UHFsym	-0.08990292026830617	-0.02773240821476408	0.3084706050926879	6.859851688250792	17.933423358069295
cylinder	ED	4.0	10	SxSx nb	chi4	-0.08990292026830611	0.04467931931823761	0.49697294798541286	2.866937774007133	13.204003802646195
cylinder	ED	4.0	10	SxSx nb	chi8	-0.08990292026830611	0.03064127616463186	0.34082626096222557	5.184672559157015	13.204003802646195
cylinder	ED	4.0	10	SxSx nb	chi32	-0.08990292026830611	0.010669439379446602	0.11867733937456922	11.251418859641984	13.204003802646195
cylinder	ED	4.0	10	SxSx nb	chi128	-0.08990292026830611	0.0010081889884999973	0.011214196218444961	13.181413107070966	13.204003802646195
cylinder	ED	4.0	10	SxSx nb	exact	-0.08990292026830611	9.363820713675919e-7	1.0415480037501061e-5	13.204003802646195	13.204003802646195
cylinder	ED	4.0	10	SxSx nb	UHF	-0.08990292026830611	-0.07363892409697409	0.8190937944752653	1.442138040330863	13.204003802646195
cylinder	ED	4.0	10	SxSx nb	UHFsym	-0.08990292026830611	-0.02766509660789855	0.3077218907387534	6.167108769804532	13.204003802646195
cylinder	DMRG	4.0	10	n	chi4	1.0000000006969532	1.094660140310566e-9	1.0946601395476391e-9	1.0000000039600174	0.9999999948213685
cylinder	DMRG	4.0	10	n	chi8	1.0000000006969532	-2.1706769715024166e-10	2.1706769699895565e-10	1.0000000093527406	0.9999999948213685
cylinder	DMRG	4.0	10	n	chi32	1.0000000006969532	3.0201663392404043e-10	3.0201663371354897e-10	0.9999999961818474	0.9999999948213685
cylinder	DMRG	4.0	10	n	chi128	1.0000000006969532	2.856364034187209e-10	2.856364032196457e-10	0.9999999958071883	0.9999999948213685
cylinder	DMRG	4.0	10	n	exact	1.0000000006969532	0.0	0.0	0.9999999948213685	0.9999999948213685
cylinder	DMRG	4.0	10	n	UHF	1.0000000006969532	6.969420596192322e-10	6.969420591334962e-10	0.021583491505072945	0.9999999948213685
cylinder	DMRG	4.0	10	n	UHFsym	1.0000000006969532	6.969482768681701e-10	6.969482763824298e-10	1.0000000000000338	0.9999999948213685
cylinder	DMRG	4.0	10	Sz	chi4	-1.6359491122885927e-9	-2.8971201722349793e-9	NaN	0.9999999997933035	1.0000000005468903
cylinder	DMRG	4.0	10	Sz	chi8	-1.6359491122885927e-9	-4.754463364675665e-9	NaN	1.0000000024102398	1.0000000005468903
cylinder	DMRG	4.0	10	Sz	chi32	-1.6359491122885927e-9	-4.2080141454681197e-10	NaN	1.0000000002172271	1.0000000005468903
cylinder	DMRG	4.0	10	Sz	chi128	-1.6359491122885927e-9	-2.998769219053621e-10	NaN	1.000000000203557	1.0000000005468903
cylinder	DMRG	4.0	10	Sz	exact	-1.6359491122885927e-9	0.0	NaN	1.0000000005468903	1.0000000005468903
cylinder	DMRG	4.0	10	Sz	UHF	-1.6359491122885927e-9	-0.3712871827510032	NaN	0.029426733969554274	1.0000000005468903
cylinder	DMRG	4.0	10	Sz	UHFsym	-1.6359491122885927e-9	-1.6359491226427235e-9	NaN	1.0000000000000167	1.0000000005468903
cylinder	DMRG	4.0	10	DoubleOcc	chi4	0.10801491790837228	0.07815002279026056	0.7235113843863147	3.2450778258370954	29.58967583048138
cylinder	DMRG	4.0	10	DoubleOcc	chi8	0.10801491790837228	0.031147865288377347	0.2883663283880815	13.415202376034694	29.58967583048138
cylinder	DMRG	4.0	10	DoubleOcc	chi32	0.10801491790837228	0.01329967803450191	0.12312815944353041	24.956176989098232	29.58967583048138
cylinder	DMRG	4.0	10	DoubleOcc	chi128	0.10801491790837228	0.0011601842833258713	0.010740963431644148	29.688614059610526	29.58967583048138
cylinder	DMRG	4.0	10	DoubleOcc	exact	0.10801491790837228	0.0	0.0	29.58967583048138	29.58967583048138
cylinder	DMRG	4.0	10	DoubleOcc	UHF	0.10801491790837228	-0.004130911231270296	0.03824389548464497	1.3606364793371688	29.58967583048138
cylinder	DMRG	4.0	10	DoubleOcc	UHFsym	0.10801491790837228	-0.004130911231267714	0.03824389548462107	28.39229978171724	29.58967583048138
cylinder	DMRG	4.0	10	ZZ onsite	chi4	-0.5679403297604207	0.31260008897171854	0.5504100916791477	3.1753985186967606	48.806476159199995
cylinder	DMRG	4.0	10	ZZ onsite	chi8	-0.5679403297604207	0.12459146158763923	0.21937421073829488	14.946936774247511	48.806476159199995
cylinder	DMRG	4.0	10	ZZ onsite	chi32	-0.5679403297604207	0.05319871153396727	0.09366954369380415	34.71530202582128	48.806476159199995
cylinder	DMRG	4.0	10	ZZ onsite	chi128	-0.5679403297604207	0.004640736562025571	0.00817116925643089	48.70407059833386	48.806476159199995
cylinder	DMRG	4.0	10	ZZ onsite	exact	-0.5679403297604207	0.0	0.0	48.806476159199995	48.806476159199995
cylinder	DMRG	4.0	10	ZZ onsite	UHF	-0.5679403297604207	-0.016523646318968854	0.029093983035047306	46.74047494300989	48.806476159199995
cylinder	DMRG	4.0	10	ZZ onsite	UHFsym	-0.5679403297604207	-0.01652364631896519	0.029093983035040856	46.74047494301078	48.806476159199995
cylinder	DMRG	4.0	10	ZZ up-up nb	chi4	-0.41968322637816174	0.06979895682518611	0.1663134298398019	13.295461308043178	19.33087639615441
cylinder	DMRG	4.0	10	ZZ up-up nb	chi8	-0.41968322637816174	0.0976092886677356	0.23257848427752822	10.104438916236958	19.33087639615441
cylinder	DMRG	4.0	10	ZZ up-up nb	chi32	-0.41968322637816174	0.046599312060687015	0.11103448775600581	16.21403129240617	19.33087639615441
cylinder	DMRG	4.0	10	ZZ up-up nb	chi128	-0.41968322637816174	0.00449047561039756	0.010699678538859093	19.347538395048385	19.33087639615441
cylinder	DMRG	4.0	10	ZZ up-up nb	exact	-0.41968322637816174	0.0	0.0	19.33087639615441	19.33087639615441
cylinder	DMRG	4.0	10	ZZ up-up nb	UHF	-0.41968322637816174	0.2618454264339472	0.6239120602785481	2.459933929341376	19.33087639615441
cylinder	DMRG	4.0	10	ZZ up-up nb	UHFsym	-0.41968322637816174	-0.10594519347866549	0.2524408573412987	8.708345234481158	19.33087639615441
cylinder	DMRG	4.0	10	SzSz nb	chi4	-0.08990385712041196	0.02721277715347163	0.3026875378330479	6.777618643684821	17.93380999258142
cylinder	DMRG	4.0	10	SzSz nb	chi8	-0.08990385712041196	0.027692125911650184	0.3080193308565279	7.20690157867145	17.93380999258142
cylinder	DMRG	4.0	10	SzSz nb	chi32	-0.08990385712041196	0.010168315153584156	0.11310210128098631	14.904528053108988	17.93380999258142
cylinder	DMRG	4.0	10	SzSz nb	chi128	-0.08990385712041196	0.0009769724551863257	0.01086685806903508	17.914575053153943	17.93380999258142
cylinder	DMRG	4.0	10	SzSz nb	exact	-0.08990385712041196	0.0	0.0	17.93380999258142	17.93380999258142
cylinder	DMRG	4.0	10	SzSz nb	UHF	-0.08990385712041196	0.06421430991128121	0.7142553386255311	1.9157564524093522	17.93380999258142
cylinder	DMRG	4.0	10	SzSz nb	UHFsym	-0.08990385712041196	-0.027733345066869877	0.30847781124368734	6.859485315231767	17.93380999258142
cylinder	DMRG	4.0	10	SxSx nb	chi4	-0.08990385665037748	0.044678382936166244	0.4969573564559497	2.866065060537632	13.198809537031135
cylinder	DMRG	4.0	10	SxSx nb	chi8	-0.08990385665037748	0.03064033978256049	0.34081229575852506	5.182624323400103	13.198809537031135
cylinder	DMRG	4.0	10	SxSx nb	chi32	-0.08990385665037748	0.010668502997375234	0.1186656879344279	11.245904776956865	13.198809537031135
cylinder	DMRG	4.0	10	SxSx nb	chi128	-0.08990385665037748	0.0010072526064286297	0.011203664046868234	13.176026949830984	13.198809537031135
cylinder	DMRG	4.0	10	SxSx nb	exact	-0.08990385665037748	0.0	0.0	13.198809537031135	13.198809537031135
cylinder	DMRG	4.0	10	SxSx nb	UHF	-0.08990385665037748	-0.07363986047904546	0.8190956786806127	1.442151757640468	13.198809537031135
cylinder	DMRG	4.0	10	SxSx nb	UHFsym	-0.08990385665037748	-0.02766603298996992	0.3077291010724817	6.1669571582252205	13.198809537031135
cylinder	ED	4.0	11	n	chi4	1.0000000000000087	1.2388530201690173e-9	1.2388530201690066e-9	1.0000000047377733	1.0000000042254789
cylinder	ED	4.0	11	n	chi8	1.0000000000000087	5.369836797441963e-10	5.369836797441916e-10	1.0000000050447775	1.0000000042254789
cylinder	ED	4.0	11	n	chi32	1.0000000000000087	7.916470812219245e-10	7.916470812219177e-10	1.000000003613095	1.0000000042254789
cylinder	ED	4.0	11	n	chi128	1.0000000000000087	1.948523564720972e-9	1.948523564720955e-9	1.0000000036904828	1.0000000042254789
cylinder	ED	4.0	11	n	exact	1.0000000000000087	1.8215935426724172e-9	1.8215935426724015e-9	1.0000000042254789	1.0000000042254789
cylinder	ED	4.0	11	n	UHF	1.0000000000000087	7.771561172376096e-15	7.771561172376028e-15	0.019966027021959466	1.0000000042254789
cylinder	ED	4.0	11	n	UHFsym	1.0000000000000087	1.3322676295501878e-14	1.3322676295501763e-14	1.0000000000000326	1.0000000042254789
cylinder	ED	4.0	11	Sz	chi4	-1.2628786905111156e-15	5.913502583443364e-9	NaN	0.9999999896537114	0.9999999911653132
cylinder	ED	4.0	11	Sz	chi8	-1.2628786905111156e-15	6.326959185731784e-9	NaN	0.9999999885545579	0.9999999911653132
cylinder	ED	4.0	11	Sz	chi32	-1.2628786905111156e-15	4.515634196428087e-9	NaN	0.9999999920258665	0.9999999911653132
cylinder	ED	4.0	11	Sz	chi128	-1.2628786905111156e-15	4.568243075486755e-9	NaN	0.9999999924799001	0.9999999911653132
cylinder	ED	4.0	11	Sz	exact	-1.2628786905111156e-15	5.24633587267731e-9	NaN	0.9999999911653132	0.9999999911653132
cylinder	ED	4.0	11	Sz	UHF	-1.2628786905111156e-15	0.3712871811150478	NaN	0.0408341255829989	0.9999999911653132
cylinder	ED	4.0	11	Sz	UHFsym	-1.2628786905111156e-15	-1.247808280313567e-15	NaN	0.9999999999999996	0.9999999911653132
cylinder	ED	4.0	11	DoubleOcc	chi4	0.10801500643477824	0.051910433294285685	0.48058538352844804	6.053684860192082	25.073590093028017
cylinder	ED	4.0	11	DoubleOcc	chi8	0.10801500643477824	0.035542096443444526	0.3290477649039034	10.188945281695707	25.073590093028017
cylinder	ED	4.0	11	DoubleOcc	chi32	0.10801500643477824	0.009860201692590748	0.09128547984251195	22.69518913258098	25.073590093028017
cylinder	ED	4.0	11	DoubleOcc	chi128	0.10801500643477824	0.0009335234236522438	0.008642534537235113	25.072744246793263	25.073590093028017
cylinder	ED	4.0	11	DoubleOcc	exact	0.10801500643477824	1.3379811589220303e-7	1.2386993280696898e-6	25.073590093028017	25.073590093028017
cylinder	ED	4.0	11	DoubleOcc	UHF	0.10801500643477824	-0.0041308227048630075	0.03824304456582416	1.0976177852861606	25.073590093028017
cylinder	ED	4.0	11	DoubleOcc	UHFsym	0.10801500643477824	-0.004130822704861842	0.038243044565813365	24.469799332341033	25.073590093028017
cylinder	ED	4.0	11	ZZ onsite	chi4	-0.5679399742608973	0.20764173069944414	0.3656050641085158	6.7708305192221125	44.189101765185946
cylinder	ED	4.0	11	ZZ onsite	chi8	-0.5679399742608973	0.14216838469981652	0.25032290584023575	12.441577880097894	44.189101765185946
cylinder	ED	4.0	11	ZZ onsite	chi32	-0.5679399742608973	0.03944080518707227	0.06944537622730208	37.71658691274071	44.189101765185946
cylinder	ED	4.0	11	ZZ onsite	chi128	-0.5679399742608973	0.003734089797567397	0.006574796574984614	44.25109316458369	44.189101765185946
cylinder	ED	4.0	11	ZZ onsite	exact	-0.5679399742608973	5.315492872526306e-7	9.35925117692896e-7	44.189101765185946	44.189101765185946
cylinder	ED	4.0	11	ZZ onsite	UHF	-0.5679399742608973	-0.016523290819460024	0.029093375300731413	42.06456161455849	44.189101765185946
cylinder	ED	4.0	11	ZZ onsite	UHFsym	-0.5679399742608973	-0.016523290819461134	0.02909337530073337	42.06456161455826	44.189101765185946
cylinder	ED	4.0	11	ZZ up-up nb	chi4	-0.4196791253760782	0.29629135553817365	0.7059949795517333	1.8704983446484043	21.78144025685367
cylinder	ED	4.0	11	ZZ up-up nb	chi8	-0.4196791253760782	0.2493746353634062	0.5942030953765912	2.5436961592801084	21.78144025685367
cylinder	ED	4.0	11	ZZ up-up nb	chi32	-0.4196791253760782	0.03441350389870251	0.08199956065926382	18.763372660763753	21.78144025685367
cylinder	ED	4.0	11	ZZ up-up nb	chi128	-0.4196791253760782	0.003490637959571996	0.008317397145840896	21.70691454312274	21.78144025685367
cylinder	ED	4.0	11	ZZ up-up nb	exact	-0.4196791253760782	6.922461878167141e-7	1.6494653795239067e-6	21.78144025685367	21.78144025685367
cylinder	ED	4.0	11	ZZ up-up nb	UHF	-0.4196791253760782	0.26184952743599565	0.6239279287511619	2.3342913725172716	21.78144025685367
cylinder	ED	4.0	11	ZZ up-up nb	UHFsym	-0.4196791253760782	-0.10594109247658806	0.25243355237564724	9.556048283064438	21.78144025685367
cylinder	ED	4.0	11	SzSz nb	chi4	-0.08990292026830807	0.06103741308029759	0.6789258112877348	2.0341926853439305	12.355204634819247
cylinder	ED	4.0	11	SzSz nb	chi8	-0.08990292026830807	0.05273903204930702	0.5866220128546615	2.6186666682140474	12.355204634819247
cylinder	ED	4.0	11	SzSz nb	chi32	-0.08990292026830807	0.007971590283827323	0.0886688692651668	11.541726603660642	12.355204634819247
cylinder	ED	4.0	11	SzSz nb	chi128	-0.08990292026830807	0.000710437548219145	0.00790227443223091	12.360029993041426	12.355204634819247
cylinder	ED	4.0	11	SzSz nb	exact	-0.08990292026830807	2.4721138233707585e-8	2.749759202474105e-7	12.355204634819247	12.355204634819247
cylinder	ED	4.0	11	SzSz nb	UHF	-0.08990292026830807	0.064215246763381	0.7142732023802535	1.9212953630366343	12.355204634819247
cylinder	ED	4.0	11	SzSz nb	UHFsym	-0.08990292026830807	-0.027732408214767426	0.3084706050927186	5.983309555142279	12.355204634819247
cylinder	ED	4.0	11	SxSx nb	chi4	-0.08990292026830662	0.07461648317170158	0.8299672908178718	1.4256321122949922	13.079368081499123
cylinder	ED	4.0	11	SxSx nb	chi8	-0.08990292026830662	0.05309199261410602	0.590548031762017	2.546671148514167	13.079368081499123
cylinder	ED	4.0	11	SxSx nb	chi32	-0.08990292026830662	0.008197393216745244	0.09118049994684169	11.94284283652853	13.079368081499123
cylinder	ED	4.0	11	SxSx nb	chi128	-0.08990292026830662	0.0007485503758951767	0.008326207576585944	13.07338259783087	13.079368081499123
cylinder	ED	4.0	11	SxSx nb	exact	-0.08990292026830662	2.439521669395095e-8	2.71350659368414e-7	13.079368081499123	13.079368081499123
cylinder	ED	4.0	11	SxSx nb	UHF	-0.08990292026830662	-0.07363892409697483	0.8190937944752689	1.457994769649097	13.079368081499123
cylinder	ED	4.0	11	SxSx nb	UHFsym	-0.08990292026830662	-0.02766509660790066	0.3077218907387751	6.162330093799239	13.079368081499123
cylinder	DMRG	4.0	11	n	chi4	0.9999999981784151	-5.827405225033999e-10	5.827405235649113e-10	1.0000000047377733	1.0000000042254789
cylinder	DMRG	4.0	11	n	chi8	0.9999999981784151	-1.284609862928221e-9	1.284609865268247e-9	1.0000000050447775	1.0000000042254789
cylinder	DMRG	4.0	11	n	chi32	0.9999999981784151	-1.0299464614504927e-9	1.0299464633266277e-9	1.000000003613095	1.0000000042254789
cylinder	DMRG	4.0	11	n	chi128	0.9999999981784151	1.2693002204855475e-10	1.2693002227976856e-10	1.0000000036904828	1.0000000042254789
cylinder	DMRG	4.0	11	n	exact	0.9999999981784151	0.0	0.0	1.0000000042254789	1.0000000042254789
cylinder	DMRG	4.0	11	n	UHF	0.9999999981784151	-1.8215857711112449e-9	1.821585774429418e-9	0.019966027021959466	1.0000000042254789
cylinder	DMRG	4.0	11	n	UHFsym	0.9999999981784151	-1.8215802199961217e-9	1.8215802233142848e-9	1.0000000000000326	1.0000000042254789
cylinder	DMRG	4.0	11	Sz	chi4	-5.246337135556001e-9	6.671667107660539e-10	NaN	0.9999999896537114	0.9999999911653132
cylinder	DMRG	4.0	11	Sz	chi8	-5.246337135556001e-9	1.080623313054474e-9	NaN	0.9999999885545579	0.9999999911653132
cylinder	DMRG	4.0	11	Sz	chi32	-5.246337135556001e-9	-7.307016762492236e-10	NaN	0.9999999920258665	0.9999999911653132
cylinder	DMRG	4.0	11	Sz	chi128	-5.246337135556001e-9	-6.780927971905548e-10	NaN	0.9999999924799001	0.9999999911653132
cylinder	DMRG	4.0	11	Sz	exact	-5.246337135556001e-9	0.0	NaN	0.9999999911653132	0.9999999911653132
cylinder	DMRG	4.0	11	Sz	UHF	-5.246337135556001e-9	0.37128717586871196	NaN	0.0408341255829989	0.9999999911653132
cylinder	DMRG	4.0	11	Sz	UHFsym	-5.246337135556001e-9	-5.2463371204855905e-9	NaN	0.9999999999999996	0.9999999911653132
cylinder	DMRG	4.0	11	DoubleOcc	chi4	0.10801487263666235	0.05191029949616979	0.4805847401291147	6.053684860192082	25.073590093028017
cylinder	DMRG	4.0	11	DoubleOcc	chi8	0.10801487263666235	0.035541962645328634	0.32904693379479116	10.188945281695707	25.073590093028017
cylinder	DMRG	4.0	11	DoubleOcc	chi32	0.10801487263666235	0.009860067894474855	0.09128435421705211	22.69518913258098	25.073590093028017
cylinder	DMRG	4.0	11	DoubleOcc	chi128	0.10801487263666235	0.0009333896255363516	0.00864130654188765	25.072744246793263	25.073590093028017
cylinder	DMRG	4.0	11	DoubleOcc	exact	0.10801487263666235	0.0	0.0	25.073590093028017	25.073590093028017
cylinder	DMRG	4.0	11	DoubleOcc	UHF	0.10801487263666235	-0.0041309565029789	0.03824433063837889	1.0976177852861606	25.073590093028017
cylinder	DMRG	4.0	11	DoubleOcc	UHFsym	0.10801487263666235	-0.004130956502977734	0.0382443306383681	24.469799332341033	25.073590093028017
cylinder	DMRG	4.0	11	ZZ onsite	chi4	-0.5679405058101845	0.20764119915015689	0.36560378600563165	6.7708305192221125	44.189101765185946
cylinder	DMRG	4.0	11	ZZ onsite	chi8	-0.5679405058101845	0.14216785315052927	0.2503217356327182	12.441577880097894	44.189101765185946
cylinder	DMRG	4.0	11	ZZ onsite	chi32	-0.5679405058101845	0.03944027363778502	0.06944437530744925	37.71658691274071	44.189101765185946
cylinder	DMRG	4.0	11	ZZ onsite	chi128	-0.5679405058101845	0.0037335582482801444	0.006573854497231377	44.25109316458369	44.189101765185946
cylinder	DMRG	4.0	11	ZZ onsite	exact	-0.5679405058101845	0.0	0.0	44.189101765185946	44.189101765185946
cylinder	DMRG	4.0	11	ZZ onsite	UHF	-0.5679405058101845	-0.016523822368747276	0.029094283995777934	42.06456161455849	44.189101765185946
cylinder	DMRG	4.0	11	ZZ onsite	UHFsym	-0.5679405058101845	-0.016523822368748387	0.029094283995779888	42.06456161455826	44.189101765185946
cylinder	DMRG	4.0	11	ZZ up-up nb	chi4	-0.419679817622266	0.29629066329198583	0.7059921655767184	1.8701649422451827	21.782222731219278
cylinder	DMRG	4.0	11	ZZ up-up nb	chi8	-0.419679817622266	0.2493739431172184	0.5942004657981149	2.543213923048116	21.782222731219278
cylinder	DMRG	4.0	11	ZZ up-up nb	chi32	-0.419679817622266	0.0344128116525147	0.08199777594139168	18.76145638270376	21.782222731219278
cylinder	DMRG	4.0	11	ZZ up-up nb	chi128	-0.419679817622266	0.0034899457133841794	0.008315733963946092	21.707376244366763	21.782222731219278
cylinder	DMRG	4.0	11	ZZ up-up nb	exact	-0.419679817622266	0.0	0.0	21.782222731219278	21.782222731219278
cylinder	DMRG	4.0	11	ZZ up-up nb	UHF	-0.419679817622266	0.26184883518980784	0.6239252501426829	2.3338562688826587	21.782222731219278
cylinder	DMRG	4.0	11	ZZ up-up nb	UHFsym	-0.419679817622266	-0.10594178472277588	0.25243478545858755	9.557565037762794	21.782222731219278
cylinder	DMRG	4.0	11	SzSz nb	chi4	-0.0899029449894463	0.06103738835915935	0.6789253496236917	2.0336013996671274	12.35715214846708
cylinder	DMRG	4.0	11	SzSz nb	chi8	-0.0899029449894463	0.05273900732816879	0.5866215765719334	2.6179046972644873	12.35715214846708
cylinder	DMRG	4.0	11	SzSz nb	chi32	-0.0899029449894463	0.00797156556268909	0.08866856990752496	11.54174991788728	12.35715214846708
cylinder	DMRG	4.0	11	SzSz nb	chi128	-0.0899029449894463	0.0007104128270809112	0.007901997283451688	12.361826225663972	12.35715214846708
cylinder	DMRG	4.0	11	SzSz nb	exact	-0.0899029449894463	0.0	0.0	12.35715214846708	12.35715214846708
cylinder	DMRG	4.0	11	SzSz nb	UHF	-0.0899029449894463	0.06421522204224277	0.7142727309965318	1.920755606118418	12.35715214846708
cylinder	DMRG	4.0	11	SzSz nb	UHFsym	-0.0899029449894463	-0.02773243293590566	0.3084707952465981	5.984637794708771	12.35715214846708
cylinder	DMRG	4.0	11	SxSx nb	chi4	-0.08990294466352332	0.07461645877648489	0.8299667942551755	1.4256321122949922	13.079368081499123
cylinder	DMRG	4.0	11	SxSx nb	chi8	-0.08990294466352332	0.05309196821888933	0.5905476001658769	2.546671148514167	13.079368081499123
cylinder	DMRG	4.0	11	SxSx nb	chi32	-0.08990294466352332	0.00819736882152855	0.09118020385437388	11.94284283652853	13.079368081499123
cylinder	DMRG	4.0	11	SxSx nb	chi128	-0.08990294466352332	0.0007485259806784827	0.008325933966678904	13.07338259783087	13.079368081499123
cylinder	DMRG	4.0	11	SxSx nb	exact	-0.08990294466352332	0.0	0.0	13.079368081499123	13.079368081499123
cylinder	DMRG	4.0	11	SxSx nb	UHF	-0.08990294466352332	-0.07363894849219152	0.8190938435642736	1.457994769649097	13.079368081499123
cylinder	DMRG	4.0	11	SxSx nb	UHFsym	-0.08990294466352332	-0.027665121003117354	0.30772207858884554	6.162330093799239	13.079368081499123
torus	ED	4.0	1	n	chi4	1.0000000000000135	-0.0029079954258919294	0.00290799542589189	0.6430684037562732	1.0000006165438209
torus	ED	4.0	1	n	chi8	1.0000000000000135	0.06283512033478544	0.0628351203347846	0.14446467187027656	1.0000006165438209
torus	ED	4.0	1	n	chi32	1.0000000000000135	0.021433835420761937	0.021433835420761646	0.9474909929215517	1.0000006165438209
torus	ED	4.0	1	n	chi128	1.0000000000000135	0.0008403131350478432	0.0008403131350478318	0.9951088248091964	1.0000006165438209
torus	ED	4.0	1	n	exact	1.0000000000000135	-4.965672981693814e-7	4.965672981693746e-7	1.0000006165438209	1.0000006165438209
torus	ED	4.0	1	n	UHF	1.0000000000000135	-0.032548129287308436	0.03254812928730799	0.02337880641931132	1.0000006165438209
torus	ED	4.0	1	n	UHFsym	1.0000000000000135	-0.03254812928730244	0.032548129287302	0.9500093475719547	1.0000006165438209
torus	ED	4.0	1	Sz	chi4	-3.95516952522712e-16	0.046565324300333395	NaN	0.6401078778836853	0.9999997587213026
torus	ED	4.0	1	Sz	chi8	-3.95516952522712e-16	0.13376364486197923	NaN	0.18324321127644472	0.9999997587213026
torus	ED	4.0	1	Sz	chi32	-3.95516952522712e-16	-0.00013735340668692003	NaN	0.9804704532661522	0.9999997587213026
torus	ED	4.0	1	Sz	chi128	-3.95516952522712e-16	-0.0012488697969402288	NaN	1.002535058041432	0.9999997587213026
torus	ED	4.0	1	Sz	exact	-3.95516952522712e-16	5.715499774849864e-8	NaN	0.9999997587213026	0.9999997587213026
torus	ED	4.0	1	Sz	UHF	-3.95516952522712e-16	0.3664847460105245	NaN	0.03294688816524847	0.9999997587213026
torus	ED	4.0	1	Sz	UHFsym	-3.95516952522712e-16	-4.3021142204224816e-16	NaN	0.937840089446432	0.9999997587213026
torus	ED	4.0	1	DoubleOcc	chi4	0.15398990341407415	0.13716836020933518	0.8907620380830661	0.49046468830362616	10.16962960749485
torus	ED	4.0	1	DoubleOcc	chi8	0.15398990341407415	0.11580525524063567	0.752031481760456	0.8434721561367307	10.16962960749485
torus	ED	4.0	1	DoubleOcc	chi32	0.15398990341407415	0.02898278930647291	0.18821227018072137	6.888393873136769	10.16962960749485
torus	ED	4.0	1	DoubleOcc	chi128	0.15398990341407415	0.00349431743092643	0.02269186065745049	9.99770286355242	10.16962960749485
torus	ED	4.0	1	DoubleOcc	exact	0.15398990341407415	-2.2170198933080254e-6	1.4397176984691825e-5	10.16962960749485	10.16962960749485
torus	ED	4.0	1	DoubleOcc	UHF	0.15398990341407415	0.021762062648785968	0.14132136046782526	0.5479420478559774	10.16962960749485
torus	ED	4.0	1	DoubleOcc	UHFsym	0.15398990341407415	0.021762062648787106	0.14132136046783264	4.596767785882462	10.16962960749485
torus	ED	4.0	1	ZZ onsite	chi4	-0.38404038634371673	0.5544894316891383	1.4438310433134223	0.5001125681167135	16.159501070850506
torus	ED	4.0	1	ZZ onsite	chi8	-0.38404038634371673	0.3375507802929849	0.8789460491555605	1.285004124357127	16.159501070850506
torus	ED	4.0	1	ZZ onsite	chi32	-0.38404038634371673	0.0730634863843807	0.1902494867271297	10.561410796324619	16.159501070850506
torus	ED	4.0	1	ZZ onsite	chi128	-0.38404038634371673	0.012296643453623746	0.032019141452009243	15.954963604624691	16.159501070850506
torus	ED	4.0	1	ZZ onsite	exact	-0.38404038634371673	-7.874944963126573e-6	2.0505512553251328e-5	16.159501070850506	16.159501070850506
torus	ED	4.0	1	ZZ onsite	UHF	-0.38404038634371673	0.15214450916977473	0.39616799321101914	4.847273103970167	16.159501070850506
torus	ED	4.0	1	ZZ onsite	UHFsym	-0.38404038634371673	0.15214450916977285	0.3961679932110142	4.8472731039702435	16.159501070850506
torus	ED	4.0	1	ZZ up-up nb	chi4	-0.12553627146764415	-0.1035536566275804	0.8248903318294779	1.2337528577191053	2.4112510897884354
torus	ED	4.0	1	ZZ up-up nb	chi8	-0.12553627146764415	-0.028799398098912965	0.22941097232074278	2.2596591017268857	2.4112510897884354
torus	ED	4.0	1	ZZ up-up nb	chi32	-0.12553627146764415	-0.013875143442835053	0.11052696786849565	2.3797324356646863	2.4112510897884354
torus	ED	4.0	1	ZZ up-up nb	chi128	-0.12553627146764415	-0.00954901349129296	0.0760657727018293	2.3985149041092666	2.4112510897884354
torus	ED	4.0	1	ZZ up-up nb	exact	-0.12553627146764415	-8.81073727859727e-6	7.018479341142578e-5	2.4112510897884354	2.4112510897884354
torus	ED	4.0	1	ZZ up-up nb	UHF	-0.12553627146764415	0.5407071247881307	4.307178462979069	0.08577649490908794	2.4112510897884354
torus	ED	4.0	1	ZZ up-up nb	UHFsym	-0.12553627146764415	0.18236938976123082	1.4527226882649202	0.5847981793273305	2.4112510897884354
torus	ED	4.0	1	SzSz nb	chi4	-0.021031755464340475	-0.023219874500217667	1.1040388207055358	0.9607211573976391	1.7412561747731001
torus	ED	4.0	1	SzSz nb	chi8	-0.021031755464340475	0.0038741856297960474	0.18420647940514348	1.5408471261654182	1.7412561747731001
torus	ED	4.0	1	SzSz nb	chi32	-0.021031755464340475	-0.0048311573142049286	0.22970775418134726	1.639028704789354	1.7412561747731001
torus	ED	4.0	1	SzSz nb	chi128	-0.021031755464340475	-0.0019949292058794484	0.09485319517250324	1.7177580418317615	1.7412561747731001
torus	ED	4.0	1	SzSz nb	exact	-0.021031755464340475	-2.765738235689652e-6	0.00013150296656781624	1.7412561747731001	1.7412561747731001
torus	ED	4.0	1	SzSz nb	UHF	-0.021031755464340475	0.1295366261868439	6.15909719977842	0.07659688176146547	1.7412561747731001
torus	ED	4.0	1	SzSz nb	UHFsym	-0.021031755464340475	0.03995219243011882	1.8996128258460456	0.5826703181712483	1.7412561747731001
torus	ED	4.0	1	SxSx nb	chi4	-0.021031755464338206	0.07438003142581963	3.5365583986529154	0.19545193835903008	1.8401282760425095
torus	ED	4.0	1	SxSx nb	chi8	-0.021031755464338206	0.013482415096171825	0.6410503925377429	1.4694086163293827	1.8401282760425095
torus	ED	4.0	1	SxSx nb	chi32	-0.021031755464338206	-0.005883646329498244	0.2797506056722014	1.7287399823956922	1.8401282760425095
torus	ED	4.0	1	SxSx nb	chi128	-0.021031755464338206	-0.0021272576013800365	0.1011450330423939	1.8186312345843978	1.8401282760425095
torus	ED	4.0	1	SxSx nb	exact	-0.021031755464338206	-2.752803297655787e-6	0.0001308879471484673	1.8401282760425095	1.8401282760425095
torus	ED	4.0	1	SxSx nb	UHF	-0.021031755464338206	-0.004774442871552681	0.2270111441552421	1.6916618850842056	1.8401282760425095
torus	ED	4.0	1	SxSx nb	UHFsym	-0.021031755464338206	0.040017774006809795	1.9027310428111717	0.5467772914049448	1.8401282760425095
torus	DMRG	4.0	1	n	chi4	1.0000004965673117	-0.00290749885859376	0.002907497414825585	0.6431051201744487	1.000000617183785
torus	DMRG	4.0	1	n	chi8	1.0000004965673117	0.06283561690208361	0.06283558569998574	0.14451870974749295	1.000000617183785
torus	DMRG	4.0	1	n	chi32	1.0000004965673117	0.021434331988060107	0.02143432134447678	0.9474703836134839	1.000000617183785
torus	DMRG	4.0	1	n	chi128	1.0000004965673117	0.0008408097023460126	0.0008408092848276064	0.9951159105330718	1.000000617183785
torus	DMRG	4.0	1	n	exact	1.0000004965673117	0.0	0.0	1.000000617183785	1.000000617183785
torus	DMRG	4.0	1	n	UHF	1.0000004965673117	-0.03254763272001027	0.03254761655792781	0.023391108751246968	1.000000617183785
torus	DMRG	4.0	1	n	UHFsym	1.0000004965673117	-0.03254763272000427	0.032547616557921814	0.9501136529841325	1.000000617183785
torus	DMRG	4.0	1	Sz	chi4	-5.715499814401559e-8	0.04656526714533565	NaN	0.6403695978325366	0.9999997582430044
torus	DMRG	4.0	1	Sz	chi8	-5.715499814401559e-8	0.13376358770698146	NaN	0.18339004501039535	0.9999997582430044
torus	DMRG	4.0	1	Sz	chi32	-5.715499814401559e-8	-0.00013741056168466853	NaN	0.9805230565548877	0.9999997582430044
torus	DMRG	4.0	1	Sz	chi128	-5.715499814401559e-8	-0.0012489269519379773	NaN	1.0025299044760114	0.9999997582430044
torus	DMRG	4.0	1	Sz	exact	-5.715499814401559e-8	0.0	NaN	0.9999997582430044	0.9999997582430044
torus	DMRG	4.0	1	Sz	UHF	-5.715499814401559e-8	0.36648468885552676	NaN	0.032975273080784226	0.9999997582430044
torus	DMRG	4.0	1	Sz	UHFsym	-5.715499814401559e-8	-5.715499817871006e-8	NaN	0.9378382790186236	0.9999997582430044
torus	DMRG	4.0	1	DoubleOcc	chi4	0.15399212043396746	0.13717057722922849	0.8907636107786948	0.4902794078846436	10.161509511315517
torus	DMRG	4.0	1	DoubleOcc	chi8	0.15399212043396746	0.11580747226052898	0.7520350517557018	0.8430863192162039	10.161509511315517
torus	DMRG	4.0	1	DoubleOcc	chi32	0.15399212043396746	0.02898500632636622	0.1882239574640777	6.881613927895955	10.161509511315517
torus	DMRG	4.0	1	DoubleOcc	chi128	0.15399212043396746	0.0034965344508197382	0.022705930933128938	9.9890545511062	10.161509511315517
torus	DMRG	4.0	1	DoubleOcc	exact	0.15399212043396746	0.0	0.0	10.161509511315517	10.161509511315517
torus	DMRG	4.0	1	DoubleOcc	UHF	0.15399212043396746	0.021764279668679276	0.14133372283818835	0.5477779534077529	10.161509511315517
torus	DMRG	4.0	1	DoubleOcc	UHFsym	0.15399212043396746	0.021764279668680414	0.14133372283819573	4.5930467375953485	10.161509511315517
torus	DMRG	4.0	1	ZZ onsite	chi4	-0.3840325113987536	0.5544973066341015	1.4438811563491525	0.4999185792841368	16.16070803426925
torus	DMRG	4.0	1	ZZ onsite	chi8	-0.3840325113987536	0.33755865523794804	0.8789845786974264	1.28441033993406	16.16070803426925
torus	DMRG	4.0	1	ZZ onsite	chi32	-0.3840325113987536	0.07307136132934383	0.19027389390340296	10.556391140784156	16.16070803426925
torus	DMRG	4.0	1	ZZ onsite	chi128	-0.3840325113987536	0.012304518398586872	0.03204030396741771	15.954299998637882	16.16070803426925
torus	DMRG	4.0	1	ZZ onsite	exact	-0.3840325113987536	0.0	0.0	16.16070803426925	16.16070803426925
torus	DMRG	4.0	1	ZZ onsite	UHF	-0.3840325113987536	0.15215238411473786	0.3961966229383976	4.844526751748421	16.16070803426925
torus	DMRG	4.0	1	ZZ onsite	UHFsym	-0.3840325113987536	0.15215238411473597	0.3961966229383927	4.844526751748496	16.16070803426925
torus	DMRG	4.0	1	ZZ up-up nb	chi4	-0.12552746073036555	-0.1035448458903018	0.8248780409309588	1.2336934798549961	2.4109326542756797
torus	DMRG	4.0	1	ZZ up-up nb	chi8	-0.12552746073036555	-0.028790587361634368	0.22935688489291506	2.2592598307762133	2.4109326542756797
torus	DMRG	4.0	1	ZZ up-up nb	chi32	-0.12552746073036555	-0.013866332705556456	0.11046453600572308	2.3793432328026993	2.4109326542756797
torus	DMRG	4.0	1	ZZ up-up nb	chi128	-0.12552746073036555	-0.009540202754014362	0.07600092201742875	2.398141514868471	2.4109326542756797
torus	DMRG	4.0	1	ZZ up-up nb	exact	-0.12552746073036555	0.0	0.0	2.4109326542756797	2.4109326542756797
torus	DMRG	4.0	1	ZZ up-up nb	UHF	-0.12552746073036555	0.5407159355254092	4.307550972347583	0.08580862517468268	2.4109326542756797
torus	DMRG	4.0	1	ZZ up-up nb	UHFsym	-0.12552746073036555	0.18237820049850942	1.4528948441828191	0.5850005081358649	2.4109326542756797
torus	DMRG	4.0	1	SzSz nb	chi4	-0.021028989726104785	-0.023217108761981978	1.1040525039184799	0.9608061319157102	1.7417541885836365
torus	DMRG	4.0	1	SzSz nb	chi8	-0.021028989726104785	0.003876951368031737	0.18436222655142584	1.541279702133447	1.7417541885836365
torus	DMRG	4.0	1	SzSz nb	chi32	-0.021028989726104785	-0.004828391575969239	0.22960644514345888	1.6394889204790852	1.7417541885836365
torus	DMRG	4.0	1	SzSz nb	chi128	-0.021028989726104785	-0.0019921634676437587	0.09473415002769933	1.7182437442703615	1.7417541885836365
torus	DMRG	4.0	1	SzSz nb	exact	-0.021028989726104785	0.0	0.0	1.7417541885836365	1.7417541885836365
torus	DMRG	4.0	1	SzSz nb	UHF	-0.021028989726104785	0.12953939192507957	6.160038766116904	0.07658043537649871	1.7417541885836365
torus	DMRG	4.0	1	SzSz nb	UHFsym	-0.021028989726104785	0.03995495816835451	1.8999941836842296	0.5826273087634692	1.7417541885836365
torus	DMRG	4.0	1	SxSx nb	chi4	-0.02102900266104055	0.07438278422911729	3.5371522571977603	0.19553707970332204	1.8393244831449613
torus	DMRG	4.0	1	SxSx nb	chi8	-0.02102900266104055	0.01348516789946948	0.6412652143723783	1.4690393868547933	1.8393244831449613
torus	DMRG	4.0	1	SxSx nb	chi32	-0.02102900266104055	-0.005880893526200588	0.2796563213668637	1.7280414219242073	1.8393244831449613
torus	DMRG	4.0	1	SxSx nb	chi128	-0.02102900266104055	-0.0021245047980823807	0.1010273683600959	1.8178448503047842	1.8393244831449613
torus	DMRG	4.0	1	SxSx nb	exact	-0.02102900266104055	0.0	0.0	1.8393244831449613	1.8393244831449613
torus	DMRG	4.0	1	SxSx nb	UHF	-0.02102900266104055	-0.004771690068255025	0.22690995598642022	1.6907448594619605	1.8393244831449613
torus	DMRG	4.0	1	SxSx nb	UHFsym	-0.02102900266104055	0.040020526810107454	1.9031110250535852	0.5469075516181502	1.8393244831449613
torus	ED	4.0	2	n	chi4	1.0000000000000133	0.0029079954259180196	0.002907995425917981	1.002178578460647	1.0000008159526779
torus	ED	4.0	2	n	chi8	1.0000000000000133	-0.021653208053723505	0.021653208053723217	0.1635891334715284	1.0000008159526779
torus	ED	4.0	2	n	chi32	1.0000000000000133	0.010034753038689281	0.010034753038689148	0.9870396039703768	1.0000008159526779
torus	ED	4.0	2	n	chi128	1.0000000000000133	0.001729390204364356	0.001729390204364333	0.9977856616178369	1.0000008159526779
torus	ED	4.0	2	n	exact	1.0000000000000133	-6.424716829656063e-7	6.424716829655977e-7	1.0000008159526779	1.0000008159526779
torus	ED	4.0	2	n	UHF	1.0000000000000133	-0.03254812928730799	0.03254812928730756	0.02101777462637299	1.0000008159526779
torus	ED	4.0	2	n	UHFsym	1.0000000000000133	-0.03254812928730244	0.03254812928730201	0.9642873479951946	1.0000008159526779
torus	ED	4.0	2	Sz	chi4	-1.1796119636642288e-16	0.010920206372123487	NaN	0.964409607373992	1.000000130678524
torus	ED	4.0	2	Sz	chi8	-1.1796119636642288e-16	0.12902300979777392	NaN	0.183212429932886	1.000000130678524
torus	ED	4.0	2	Sz	chi32	-1.1796119636642288e-16	0.0020651604716727945	NaN	0.9890559068221233	1.000000130678524
torus	ED	4.0	2	Sz	chi128	-1.1796119636642288e-16	6.66676161052357e-5	NaN	0.9994095460477898	1.000000130678524
torus	ED	4.0	2	Sz	exact	-1.1796119636642288e-16	-7.019797791663063e-9	NaN	1.000000130678524	1.000000130678524
torus	ED	4.0	2	Sz	UHF	-1.1796119636642288e-16	-0.3664847460105247	NaN	0.028089130889043717	1.000000130678524
torus	ED	4.0	2	Sz	UHFsym	-1.1796119636642288e-16	-1.1622647289044608e-16	NaN	0.9343054659636391	1.000000130678524
torus	ED	4.0	2	DoubleOcc	chi4	0.15398990341407404	0.14007635563524046	0.9096463633630545	0.5020075931167978	10.699192678453205
torus	ED	4.0	2	DoubleOcc	chi8	0.15398990341407404	0.08484087108641061	0.5509508688909049	0.9298913059761134	10.699192678453205
torus	ED	4.0	2	DoubleOcc	chi32	0.15398990341407404	0.04181517990712941	0.2715449453506682	4.2372347067814	10.699192678453205
torus	ED	4.0	2	DoubleOcc	chi128	0.15398990341407404	0.004707541060822468	0.03057045271444867	10.511806684974669	10.699192678453205
torus	ED	4.0	2	DoubleOcc	exact	0.15398990341407404	-2.2999034362536364e-6	1.4935417097244797e-5	10.699192678453205	10.699192678453205
torus	ED	4.0	2	DoubleOcc	UHF	0.15398990341407404	0.02176206264878608	0.1413213604678261	0.4469296794207695	10.699192678453205
torus	ED	4.0	2	DoubleOcc	UHFsym	0.15398990341407404	0.021762062648786523	0.14132136046782898	4.691133050338279	10.699192678453205
torus	ED	4.0	2	ZZ onsite	chi4	-0.384040386343716	0.5544894316891396	1.4438310433134283	0.5062552451825006	16.696028595403366
torus	ED	4.0	2	ZZ onsite	chi8	-0.384040386343716	0.3826699004531035	0.9964314016459042	1.0327670634624042	16.696028595403366
torus	ED	4.0	2	ZZ onsite	chi32	-0.384040386343716	0.14719121355115322	0.3832701423735605	5.226807134376072	16.696028595403366
torus	ED	4.0	2	ZZ onsite	chi128	-0.384040386343716	0.015371383834575647	0.04002543581658171	16.42668802825135	16.696028595403366
torus	ED	4.0	2	ZZ onsite	exact	-0.384040386343716	-7.914670364317367e-6	2.0608953239708857e-5	16.696028595403366	16.696028595403366
torus	ED	4.0	2	ZZ onsite	UHF	-0.384040386343716	0.1521445091697748	0.39616799321102003	4.987939833655392	16.696028595403366
torus	ED	4.0	2	ZZ onsite	UHFsym	-0.384040386343716	0.15214450916977124	0.39616799321101076	4.98793983365555	16.696028595403366
torus	ED	4.0	2	ZZ up-up nb	chi4	-0.12553627146764648	0.6348060797725456	5.056754293807024	0.054283618649305525	2.1718102016081473
torus	ED	4.0	2	ZZ up-up nb	chi8	-0.12553627146764648	0.013438687613573808	0.10705023700689772	2.0714550495360755	2.1718102016081473
torus	ED	4.0	2	ZZ up-up nb	chi32	-0.12553627146764648	0.016834584902596678	0.1341013613498576	2.0373337904048308	2.1718102016081473
torus	ED	4.0	2	ZZ up-up nb	chi128	-0.12553627146764648	0.0034149723236098217	0.027203072734958013	2.1521417570907593	2.1718102016081473
torus	ED	4.0	2	ZZ up-up nb	exact	-0.12553627146764648	-8.365810113403205e-6	6.664058136822442e-5	2.1718102016081473	2.1718102016081473
torus	ED	4.0	2	ZZ up-up nb	UHF	-0.12553627146764648	0.5407071247881283	4.30717846297897	0.0736467001835846	2.1718102016081473
torus	ED	4.0	2	ZZ up-up nb	UHFsym	-0.12553627146764648	0.1823693897612285	1.4527226882648747	0.4799326909453024	2.1718102016081473
torus	ED	4.0	2	SzSz nb	chi4	-0.021031755464340763	0.17369061196908722	8.258493318048453	0.03085175721929109	1.6697490614114343
torus	ED	4.0	2	SzSz nb	chi8	-0.021031755464340763	-0.008384564886488461	0.3986621516546467	1.2417280632822716	1.6697490614114343
torus	ED	4.0	2	SzSz nb	chi32	-0.021031755464340763	0.0033361273867459455	0.15862334422831859	1.5886430725101066	1.6697490614114343
torus	ED	4.0	2	SzSz nb	chi128	-0.021031755464340763	0.00025442251791360157	0.012097065237610512	1.6623740596796814	1.6697490614114343
torus	ED	4.0	2	SzSz nb	exact	-0.021031755464340763	-2.0832333920313417e-6	9.90518074234675e-5	1.6697490614114343	1.6697490614114343
torus	ED	4.0	2	SzSz nb	UHF	-0.021031755464340763	0.1295366261868436	6.159097199778322	0.054261506481423534	1.6697490614114343
torus	ED	4.0	2	SzSz nb	UHFsym	-0.021031755464340763	0.03995219243011855	1.8996128258460068	0.41674643009075313	1.6697490614114343
torus	ED	4.0	2	SxSx nb	chi4	-0.021031755464338355	0.09394448285662352	4.466792275895214	0.12144867959100647	1.807014473826528
torus	ED	4.0	2	SxSx nb	chi8	-0.021031755464338355	0.03542365280716647	1.6842936799655719	0.589779078082447	1.807014473826528
torus	ED	4.0	2	SxSx nb	chi32	-0.021031755464338355	0.0020080122616326877	0.09547525716707254	1.7964299000994917	1.807014473826528
torus	ED	4.0	2	SxSx nb	chi128	-0.021031755464338355	0.00012771870225997128	0.006072660100890405	1.8076942889786733	1.807014473826528
torus	ED	4.0	2	SxSx nb	exact	-0.021031755464338355	-2.128317781843053e-6	0.000101195441600291	1.807014473826528	1.807014473826528
torus	ED	4.0	2	SxSx nb	UHF	-0.021031755464338355	-0.0047744428715528545	0.22701114415524873	1.607842792490722	1.807014473826528
torus	ED	4.0	2	SxSx nb	UHFsym	-0.021031755464338355	0.04001777400680963	1.9027310428111504	0.5205984064314956	1.807014473826528
torus	DMRG	4.0	2	n	chi4	1.0000006424716963	0.0029086378976009852	0.002908636028884662	1.0022030387441814	1.0000008164320449
torus	DMRG	4.0	2	n	chi8	1.0000006424716963	-0.02165256558204054	0.021652551670888937	0.1636562455159564	1.0000008164320449
torus	DMRG	4.0	2	n	chi32	1.0000006424716963	0.010035395510372247	0.010035389062918813	0.9870375362132096	1.0000008164320449
torus	DMRG	4.0	2	n	chi128	1.0000006424716963	0.0017300326760473217	0.0017300315645510079	0.9977845130546201	1.0000008164320449
torus	DMRG	4.0	2	n	exact	1.0000006424716963	0.0	0.0	1.0000008164320449	1.0000008164320449
torus	DMRG	4.0	2	n	UHF	1.0000006424716963	-0.032547486815625026	0.0325474659047994	0.02102595849308162	1.0000008164320449
torus	DMRG	4.0	2	n	UHFsym	1.0000006424716963	-0.032547486815619475	0.03254746590479385	0.9643412451999815	1.0000008164320449
torus	DMRG	4.0	2	Sz	chi4	7.019797673701866e-9	0.010920213391921278	NaN	0.9644267747950803	1.0000001314091087
torus	DMRG	4.0	2	Sz	chi8	7.019797673701866e-9	0.12902301681757172	NaN	0.1832117408213155	1.0000001314091087
torus	DMRG	4.0	2	Sz	chi32	7.019797673701866e-9	0.002065167491470586	NaN	0.9890483836793427	1.0000001314091087
torus	DMRG	4.0	2	Sz	chi128	7.019797673701866e-9	6.667463590302736e-5	NaN	0.9994076711824487	1.0000001314091087
torus	DMRG	4.0	2	Sz	exact	7.019797673701866e-9	0.0	NaN	1.0000001314091087	1.0000001314091087
torus	DMRG	4.0	2	Sz	UHF	7.019797673701866e-9	-0.3664847389907269	NaN	0.028086454617512427	1.0000001314091087
torus	DMRG	4.0	2	Sz	UHFsym	7.019797673701866e-9	7.01979767543659e-9	NaN	0.9343334178357596	1.0000001314091087
torus	DMRG	4.0	2	DoubleOcc	chi4	0.1539922033175103	0.1400786555386767	0.9096477128121493	0.5020242094864662	10.697222155822825
torus	DMRG	4.0	2	DoubleOcc	chi8	0.1539922033175103	0.08484317098984687	0.5509575755268088	0.9298899981162443	10.697222155822825
torus	DMRG	4.0	2	DoubleOcc	chi32	0.1539922033175103	0.04181747981056566	0.27155582496825437	4.237086529689145	10.697222155822825
torus	DMRG	4.0	2	DoubleOcc	chi128	0.1539922033175103	0.004709840964258721	0.030584931332839564	10.509955240904189	10.697222155822825
torus	DMRG	4.0	2	DoubleOcc	exact	0.1539922033175103	0.0	0.0	10.697222155822825	10.697222155822825
torus	DMRG	4.0	2	DoubleOcc	UHF	0.1539922033175103	0.021764362552222333	0.14133418499992026	0.4469622693169865	10.697222155822825
torus	DMRG	4.0	2	DoubleOcc	UHFsym	0.1539922033175103	0.021764362552222777	0.14133418499992315	4.691031444345429	10.697222155822825
torus	DMRG	4.0	2	ZZ onsite	chi4	-0.3840324716733517	0.554497346359504	1.4438814091511132	0.5062979387233223	16.693748350637417
torus	DMRG	4.0	2	ZZ onsite	chi8	-0.3840324716733517	0.3826778151234678	0.9964725468552666	1.0328618370939473	16.693748350637417
torus	DMRG	4.0	2	ZZ onsite	chi32	-0.3840324716733517	0.14719912822151754	0.3832986507107696	5.227263830475352	16.693748350637417
torus	DMRG	4.0	2	ZZ onsite	chi128	-0.3840324716733517	0.015379298504939964	0.04004687009389458	16.424986422049592	16.693748350637417
torus	DMRG	4.0	2	ZZ onsite	exact	-0.3840324716733517	0.0	0.0	16.693748350637417	16.693748350637417
torus	DMRG	4.0	2	ZZ onsite	UHF	-0.3840324716733517	0.1521524238401391	0.39619676736491205	4.9883833095501355	16.693748350637417
torus	DMRG	4.0	2	ZZ onsite	UHFsym	-0.3840324716733517	0.15215242384013555	0.39619676736490284	4.988383309550294	16.693748350637417
torus	DMRG	4.0	2	ZZ up-up nb	chi4	-0.12552790565753308	0.634814445582659	5.057157946334007	0.054250956902703755	2.168568306542284
torus	DMRG	4.0	2	ZZ up-up nb	chi8	-0.12552790565753308	0.01344705342368721	0.10712401639499701	2.0680755572130116	2.168568306542284
torus	DMRG	4.0	2	ZZ up-up nb	chi32	-0.12552790565753308	0.01684295071271008	0.1341769435607509	2.0339561947393308	2.168568306542284
torus	DMRG	4.0	2	ZZ up-up nb	chi128	-0.12552790565753308	0.003423338133723225	0.027271530706987353	2.148842355268443	2.168568306542284
torus	DMRG	4.0	2	ZZ up-up nb	exact	-0.12552790565753308	0.0	0.0	2.168568306542284	2.168568306542284
torus	DMRG	4.0	2	ZZ up-up nb	UHF	-0.12552790565753308	0.5407154905982416	4.307532160007743	0.07359889716401198	2.168568306542284
torus	DMRG	4.0	2	ZZ up-up nb	UHFsym	-0.12552790565753308	0.1823777555713419	1.4528861500239425	0.4793589972727164	2.168568306542284
torus	DMRG	4.0	2	SzSz nb	chi4	-0.02102967223094873	0.17369269520247926	8.259410479392113	0.030823727087765596	1.6684654550538838
torus	DMRG	4.0	2	SzSz nb	chi8	-0.02102967223094873	-0.00838248165309643	0.3986025821534292	1.241170810395837	1.6684654550538838
torus	DMRG	4.0	2	SzSz nb	chi32	-0.02102967223094873	0.003338210620137977	0.15873811933336904	1.5871005644424652	1.6684654550538838
torus	DMRG	4.0	2	SzSz nb	chi128	-0.02102967223094873	0.0002565057513056329	0.012197325212141974	1.6610706711477428	1.6684654550538838
torus	DMRG	4.0	2	SzSz nb	exact	-0.02102967223094873	0.0	0.0	1.6684654550538838	1.6684654550538838
torus	DMRG	4.0	2	SzSz nb	UHF	-0.02102967223094873	0.12953870942023565	6.159806391542206	0.05420923685119222	1.6684654550538838
torus	DMRG	4.0	2	SzSz nb	UHFsym	-0.02102967223094873	0.03995427566351058	1.89990006618891	0.41619681499546984	1.6684654550538838
torus	DMRG	4.0	2	SxSx nb	chi4	-0.021029627146556512	0.09394661117440536	4.467345546342157	0.12135075788293487	1.804866614424265
torus	DMRG	4.0	2	SxSx nb	chi8	-0.021029627146556512	0.03542578112494832	1.684565345741239	0.5889744340879473	1.804866614424265
torus	DMRG	4.0	2	SxSx nb	chi32	-0.021029627146556512	0.0020101405794145308	0.09558612548885254	1.794058871332044	1.804866614424265
torus	DMRG	4.0	2	SxSx nb	chi128	-0.021029627146556512	0.00012984702004181434	0.006174480371758569	1.805527025853997	1.804866614424265
torus	DMRG	4.0	2	SxSx nb	exact	-0.021029627146556512	0.0	0.0	1.804866614424265	1.804866614424265
torus	DMRG	4.0	2	SxSx nb	UHF	-0.021029627146556512	-0.004772314553771011	0.22693291329002246	1.6064569009125398	1.804866614424265
torus	DMRG	4.0	2	SxSx nb	UHFsym	-0.021029627146556512	0.040019902324591475	1.9030248156893508	0.5198907078613493	1.804866614424265
torus	ED	4.0	3	n	chi4	1.0000000000000073	6.8833827526759706e-15	6.88338275267592e-15	0.9336864886214489	0.9999999729782727
torus	ED	4.0	3	n	chi8	1.0000000000000073	-0.0328109239131662	0.03281092391316596	0.23749800848732963	0.9999999729782727
torus	ED	4.0	3	n	chi32	1.0000000000000073	0.035059208204577086	0.03505920820457683	0.9241978424930815	0.9999999729782727
torus	ED	4.0	3	n	chi128	1.0000000000000073	0.010270470604104354	0.010270470604104279	0.9947889875086668	0.9999999729782727
torus	ED	4.0	3	n	exact	1.0000000000000073	1.7132734086988677e-7	1.7132734086988552e-7	0.9999999729782727	0.9999999729782727
torus	ED	4.0	3	n	UHF	1.0000000000000073	-0.03254812928731465	0.03254812928731442	0.020412744039026733	0.9999999729782727
torus	ED	4.0	3	n	UHFsym	1.0000000000000073	-0.03254812928730866	0.03254812928730842	0.944920617603129	0.9999999729782727
torus	ED	4.0	3	Sz	chi4	-2.914335439641036e-16	-0.01891628019514295	NaN	0.9535423470965135	1.0000001539538195
torus	ED	4.0	3	Sz	chi8	-2.914335439641036e-16	0.09054182778737098	NaN	0.3167147472258137	1.0000001539538195
torus	ED	4.0	3	Sz	chi32	-2.914335439641036e-16	0.0024147543765083513	NaN	0.9302381139399114	1.0000001539538195
torus	ED	4.0	3	Sz	chi128	-2.914335439641036e-16	-0.0007576026045767181	NaN	1.001752567840214	1.0000001539538195
torus	ED	4.0	3	Sz	exact	-2.914335439641036e-16	3.908839245336804e-9	NaN	1.0000001539538195	1.0000001539538195
torus	ED	4.0	3	Sz	UHF	-2.914335439641036e-16	0.3664847460105247	NaN	0.03117452600139574	1.0000001539538195
torus	ED	4.0	3	Sz	UHFsym	-2.914335439641036e-16	-3.400058012914542e-16	NaN	0.8929617155390505	1.0000001539538195
torus	ED	4.0	3	DoubleOcc	chi4	0.153989903414073	0.153989903414073	1.0	0.43528899551048883	8.680412088190641
torus	ED	4.0	3	DoubleOcc	chi8	0.153989903414073	0.07968963675273258	0.5174991021226253	1.038273022944897	8.680412088190641
torus	ED	4.0	3	DoubleOcc	chi32	0.153989903414073	0.04622654183672284	0.3001920308529672	4.844079013296813	8.680412088190641
torus	ED	4.0	3	DoubleOcc	chi128	0.153989903414073	0.009322722858368021	0.060541130630490575	8.586973561419807	8.680412088190641
torus	ED	4.0	3	DoubleOcc	exact	0.153989903414073	-1.5041861251563482e-6	9.768082788594579e-6	8.680412088190641	8.680412088190641
torus	ED	4.0	3	DoubleOcc	UHF	0.153989903414073	0.021762062648785024	0.14132136046782018	0.4274064555121165	8.680412088190641
torus	ED	4.0	3	DoubleOcc	UHFsym	0.153989903414073	0.02176206264878608	0.14132136046782703	4.626518159315433	8.680412088190641
torus	ED	4.0	3	ZZ onsite	chi4	-0.38404038634371507	0.6159596136562854	1.6038928080470247	0.4323311453784638	15.061811883501353
torus	ED	4.0	3	ZZ onsite	chi8	-0.38404038634371507	0.3843803948372694	1.000885345671041	1.0783838287683356	15.061811883501353
torus	ED	4.0	3	ZZ onsite	chi32	-0.38404038634371507	0.11478775093774396	0.29889499911868445	7.386191946030128	15.061811883501353
torus	ED	4.0	3	ZZ onsite	chi128	-0.38404038634371507	0.016749950225270815	0.043615074926728295	15.042390222995275	15.061811883501353
torus	ED	4.0	3	ZZ onsite	exact	-0.38404038634371507	-6.359399175703828e-6	1.6559193777115368e-5	15.061811883501353	15.061811883501353
torus	ED	4.0	3	ZZ onsite	UHF	-0.38404038634371507	0.15214450916977673	0.396167993211026	5.197798410681453	15.061811883501353
torus	ED	4.0	3	ZZ onsite	UHFsym	-0.38404038634371507	0.15214450916977473	0.39616799321102086	5.197798410681546	15.061811883501353
torus	ED	4.0	3	ZZ up-up nb	chi4	-0.12553627146763902	-0.10355365662727029	0.8248903318270413	1.2183665070842682	2.3366421238405586
torus	ED	4.0	3	ZZ up-up nb	chi8	-0.12553627146763902	0.0031882036538077585	0.02539667314103414	2.3381274229818363	2.3366421238405586
torus	ED	4.0	3	ZZ up-up nb	chi32	-0.12553627146763902	-0.0027633691166292773	0.022012515461251565	2.3322210490930813	2.3366421238405586
torus	ED	4.0	3	ZZ up-up nb	chi128	-0.12553627146763902	0.00911425008095576	0.07260252335362094	2.330682875176615	2.3366421238405586
torus	ED	4.0	3	ZZ up-up nb	exact	-0.12553627146763902	1.2106263760358615e-5	9.643638144438112e-5	2.3366421238405586	2.3366421238405586
torus	ED	4.0	3	ZZ up-up nb	UHF	-0.12553627146763902	0.5407071247881363	4.30717846297929	0.09545980749006418	2.3366421238405586
torus	ED	4.0	3	ZZ up-up nb	UHFsym	-0.12553627146763902	0.18236938976123584	1.4527226882650197	0.6463362095404386	2.3366421238405586
torus	ED	4.0	3	SzSz nb	chi4	-0.021031755464339573	-0.015536101754372644	0.7386973370204359	1.214060024038582	1.8798179869716762
torus	ED	4.0	3	SzSz nb	chi8	-0.021031755464339573	0.004107325248643812	0.1952916034806507	1.7454067965786466	1.8798179869716762
torus	ED	4.0	3	SzSz nb	chi32	-0.021031755464339573	-0.005863548379667002	0.27879500546727787	1.659188320247274	1.8798179869716762
torus	ED	4.0	3	SzSz nb	chi128	-0.021031755464339573	0.0010753277493829975	0.05112876817183764	1.895618044214626	1.8798179869716762
torus	ED	4.0	3	SzSz nb	exact	-0.021031755464339573	1.7044033173638229e-6	8.103951761200946e-5	1.8798179869716762	1.8798179869716762
torus	ED	4.0	3	SzSz nb	UHF	-0.021031755464339573	0.12953662618684483	6.159097199778729	0.07688325551887787	1.8798179869716762
torus	ED	4.0	3	SzSz nb	UHFsym	-0.021031755464339573	0.03995219243011972	1.89961282584617	0.6273840013211937	1.8798179869716762
torus	ED	4.0	3	SxSx nb	chi4	-0.021031755464339146	0.08075463745468986	3.8396527380519974	0.1534057047582495	1.707816572711628
torus	ED	4.0	3	SxSx nb	chi8	-0.021031755464339146	-0.0009141042269946269	0.043463049413281565	1.425232558121724	1.707816572711628
torus	ED	4.0	3	SxSx nb	chi32	-0.021031755464339146	-0.001495201329507128	0.07109255963166505	1.598046075422755	1.707816572711628
torus	ED	4.0	3	SxSx nb	chi128	-0.021031755464339146	0.0007921184369313085	0.03766297293986716	1.7078908063584564	1.707816572711628
torus	ED	4.0	3	SxSx nb	exact	-0.021031755464339146	1.717600420388793e-6	8.166700222913432e-5	1.707816572711628	1.707816572711628
torus	ED	4.0	3	SxSx nb	UHF	-0.021031755464339146	-0.0047744428715536524	0.22701114415527812	1.5315247119591153	1.707816572711628
torus	ED	4.0	3	SxSx nb	UHFsym	-0.021031755464339146	0.04001777400680885	1.9027310428110418	0.5217444240511434	1.707816572711628
torus	DMRG	4.0	3	n	chi4	0.9999998286726665	-1.7132733398650402e-7	1.7132736333956434e-7	0.9335618027549224	0.9999999731885136
torus	DMRG	4.0	3	n	chi8	0.9999998286726665	-0.03281109524050707	0.03281110086194549	0.23749213463849272	0.9999999731885136
torus	DMRG	4.0	3	n	chi32	0.9999998286726665	0.035059036877236216	0.03505904288380855	0.9242300762958866	0.9999999731885136
torus	DMRG	4.0	3	n	chi128	0.9999998286726665	0.010270299276763484	0.010270301036346775	0.9947940589405012	0.9999999731885136
torus	DMRG	4.0	3	n	exact	0.9999998286726665	0.0	0.0	0.9999999731885136	0.9999999731885136
torus	DMRG	4.0	3	n	UHF	0.9999998286726665	-0.03254830061465552	0.032548306191070034	0.020409524676193593	0.9999999731885136
torus	DMRG	4.0	3	n	UHFsym	0.9999998286726665	-0.03254830061464953	0.03254830619106404	0.9448774413381436	0.9999999731885136
torus	DMRG	4.0	3	Sz	chi4	-3.908839536770348e-9	-0.018916284103982196	NaN	0.9535872125007018	1.0000001533556455
torus	DMRG	4.0	3	Sz	chi8	-3.908839536770348e-9	0.09054182387853174	NaN	0.31674494909127593	1.0000001533556455
torus	DMRG	4.0	3	Sz	chi32	-3.908839536770348e-9	0.002414750467669106	NaN	0.9301457615854868	1.0000001533556455
torus	DMRG	4.0	3	Sz	chi128	-3.908839536770348e-9	-0.0007576065134159635	NaN	1.0017200691077512	1.0000001533556455
torus	DMRG	4.0	3	Sz	exact	-3.908839536770348e-9	0.0	NaN	1.0000001533556455	1.0000001533556455
torus	DMRG	4.0	3	Sz	UHF	-3.908839536770348e-9	0.36648474210168547	NaN	0.031179293566279888	1.0000001533556455
torus	DMRG	4.0	3	Sz	UHFsym	-3.908839536770348e-9	-3.908839585342605e-9	NaN	0.8930640549250068	1.0000001533556455
torus	DMRG	4.0	3	DoubleOcc	chi4	0.15399140760019817	0.15399140760019817	1.0	0.43520948089407396	8.684216710044698
torus	DMRG	4.0	3	DoubleOcc	chi8	0.15399140760019817	0.07969114093885774	0.5175038151853038	1.0381845636120441	8.684216710044698
torus	DMRG	4.0	3	DoubleOcc	chi32	0.15399140760019817	0.046228046022847996	0.3001988665683741	4.844409047090154	8.684216710044698
torus	DMRG	4.0	3	DoubleOcc	chi128	0.15399140760019817	0.009324227044493177	0.06055030725286505	8.590363610349646	8.684216710044698
torus	DMRG	4.0	3	DoubleOcc	exact	0.15399140760019817	0.0	0.0	8.684216710044698	8.684216710044698
torus	DMRG	4.0	3	DoubleOcc	UHF	0.15399140760019817	0.02176356683491018	0.1413297480299295	0.42740436632817297	8.684216710044698
torus	DMRG	4.0	3	DoubleOcc	UHFsym	0.15399140760019817	0.021763566834911235	0.14132974802993636	4.626600342798646	8.684216710044698
torus	DMRG	4.0	3	ZZ onsite	chi4	-0.38403402694453936	0.6159659730554611	1.6039359271266251	0.43224487768725256	15.066355419887806
torus	DMRG	4.0	3	ZZ onsite	chi8	-0.38403402694453936	0.3843867542364451	1.0009184792678714	1.0781439677361297	15.066355419887806
torus	DMRG	4.0	3	ZZ onsite	chi32	-0.38403402694453936	0.11479411033691966	0.29891650812884285	7.385005250464864	15.066355419887806
torus	DMRG	4.0	3	ZZ onsite	chi128	-0.38403402694453936	0.01675630962444652	0.04363235663715392	15.045851662292636	15.066355419887806
torus	DMRG	4.0	3	ZZ onsite	exact	-0.38403402694453936	0.0	0.0	15.066355419887806	15.066355419887806
torus	DMRG	4.0	3	ZZ onsite	UHF	-0.38403402694453936	0.15215086856895244	0.39619111301021626	5.196715473847903	15.066355419887806
torus	DMRG	4.0	3	ZZ onsite	UHFsym	-0.38403402694453936	0.15215086856895044	0.3961911130102111	5.196715473847999	15.066355419887806
torus	DMRG	4.0	3	ZZ up-up nb	chi4	-0.12554837773139937	-0.10356576289103064	0.8249072171414372	1.218419783602658	2.3366652324165282
torus	DMRG	4.0	3	ZZ up-up nb	chi8	-0.12554837773139937	0.0031760973900474	0.02529779713157588	2.3381166400538334	2.3366652324165282
torus	DMRG	4.0	3	ZZ up-up nb	chi32	-0.12554837773139937	-0.002775475380389636	0.022106819940975596	2.3322721765852052	2.3366652324165282
torus	DMRG	4.0	3	ZZ up-up nb	chi128	-0.12554837773139937	0.009102143817195402	0.0724990954217561	2.3306047520537554	2.3366652324165282
torus	DMRG	4.0	3	ZZ up-up nb	exact	-0.12554837773139937	0.0	0.0	2.3366652324165282	2.3366652324165282
torus	DMRG	4.0	3	ZZ up-up nb	UHF	-0.12554837773139937	0.540695018524376	4.306666707244512	0.09540935956713074	2.3366652324165282
torus	DMRG	4.0	3	ZZ up-up nb	UHFsym	-0.12554837773139937	0.1823572834974755	1.4524861793723387	0.6459786160449571	2.3366652324165282
torus	DMRG	4.0	3	SzSz nb	chi4	-0.021033459867656937	-0.015537806157690008	0.7387185111462535	1.2141867064984908	1.8810051080496621
torus	DMRG	4.0	3	SzSz nb	chi8	-0.021033459867656937	0.0041056208453264485	0.195194745475025	1.7465975095709034	1.8810051080496621
torus	DMRG	4.0	3	SzSz nb	chi32	-0.021033459867656937	-0.005865252782984366	0.2788534468360738	1.6599844854960693	1.8810051080496621
torus	DMRG	4.0	3	SzSz nb	chi128	-0.021033459867656937	0.0010736233460656337	0.05104359210614417	1.8968868130939702	1.8810051080496621
torus	DMRG	4.0	3	SzSz nb	exact	-0.021033459867656937	0.0	0.0	1.8810051080496621	1.8810051080496621
torus	DMRG	4.0	3	SzSz nb	UHF	-0.021033459867656937	0.1295349217835275	6.158517077007991	0.07684962968107173	1.8810051080496621
torus	DMRG	4.0	3	SzSz nb	UHFsym	-0.021033459867656937	0.03995048802680236	1.8993778616628858	0.6273387856814384	1.8810051080496621
torus	DMRG	4.0	3	SxSx nb	chi4	-0.021033473064759535	0.08075291985426947	3.839257530396475	0.1536033672780093	1.7076817998210572
torus	DMRG	4.0	3	SxSx nb	chi8	-0.021033473064759535	-0.0009158218274150157	0.043541160539455864	1.425253367025709	1.7076817998210572
torus	DMRG	4.0	3	SxSx nb	chi32	-0.021033473064759535	-0.0014969189299275168	0.0711684145228267	1.59788750249378	1.7076817998210572
torus	DMRG	4.0	3	SxSx nb	chi128	-0.021033473064759535	0.0007904008365109197	0.037578237035670266	1.7078050658878363	1.7076817998210572
torus	DMRG	4.0	3	SxSx nb	exact	-0.021033473064759535	0.0	0.0	1.7076817998210572	1.7076817998210572
torus	DMRG	4.0	3	SxSx nb	UHF	-0.021033473064759535	-0.004776160471974041	0.2270742666828639	1.531495325725056	1.7076817998210572
torus	DMRG	4.0	3	SxSx nb	UHFsym	-0.021033473064759535	0.040016056406388466	1.9024940048266799	0.5223727911660093	1.7076817998210572
torus	ED	4.0	5	n	chi4	0.9999999999999993	-5.53113110868253e-13	5.531131108682534e-13	1.0000080074572317	1.0000002145122266
torus	ED	4.0	5	n	chi8	0.9999999999999993	0.038562868177188125	0.03856286817718815	0.47062376356883884	1.0000002145122266
torus	ED	4.0	5	n	chi32	0.9999999999999993	-0.1517369198658638	0.1517369198658639	0.29707716914582366	1.0000002145122266
torus	ED	4.0	5	n	chi128	0.9999999999999993	-0.021328049320370468	0.021328049320370482	0.9408975725977919	1.0000002145122266
torus	ED	4.0	5	n	exact	0.9999999999999993	2.2118254128233872e-7	2.2118254128233888e-7	1.0000002145122266	1.0000002145122266
torus	ED	4.0	5	n	UHF	0.9999999999999993	0.06509625857464396	0.065096258574644	0.022104177367017717	1.0000002145122266
torus	ED	4.0	5	n	UHFsym	0.9999999999999993	0.06509625857464973	0.06509625857464978	0.7399797380815102	1.0000002145122266
torus	ED	4.0	5	Sz	chi4	2.3592239273284576e-16	4.620147651245021e-5	NaN	0.9999337876046036	0.9999999381492842
torus	ED	4.0	5	Sz	chi8	2.3592239273284576e-16	0.05295033021455865	NaN	0.5667134373672874	0.9999999381492842
torus	ED	4.0	5	Sz	chi32	2.3592239273284576e-16	0.0005415062392961148	NaN	0.40771134744457044	0.9999999381492842
torus	ED	4.0	5	Sz	chi128	2.3592239273284576e-16	-0.0014483749506552374	NaN	0.9698787346537071	0.9999999381492842
torus	ED	4.0	5	Sz	exact	2.3592239273284576e-16	8.457372053377599e-8	NaN	0.9999999381492842	0.9999999381492842
torus	ED	4.0	5	Sz	UHF	2.3592239273284576e-16	-0.3277127809253467	NaN	0.03722545080789674	0.9999999381492842
torus	ED	4.0	5	Sz	UHFsym	2.3592239273284576e-16	2.7755575615628914e-16	NaN	0.8050145456192531	0.9999999381492842
torus	ED	4.0	5	DoubleOcc	chi4	0.15398990341407257	0.1539899034135209	0.9999999999964175	0.47609646479305595	10.213777614139522
torus	ED	4.0	5	DoubleOcc	chi8	0.15398990341407257	0.1181504334585115	0.7672609102222099	1.0116873027550726	10.213777614139522
torus	ED	4.0	5	DoubleOcc	chi32	0.15398990341407257	-0.08799858432158938	0.5714568447060115	4.112913382633166	10.213777614139522
torus	ED	4.0	5	DoubleOcc	chi128	0.15398990341407257	-0.0025616621297099573	0.01663526031847525	10.391003343350912	10.213777614139522
torus	ED	4.0	5	DoubleOcc	exact	0.15398990341407257	-3.974264534162275e-6	2.5808604629588212e-5	10.213777614139522	10.213777614139522
torus	ED	4.0	5	DoubleOcc	UHF	0.15398990341407257	0.042874318763115024	0.27842292132509316	0.6966476431471186	10.213777614139522
torus	ED	4.0	5	DoubleOcc	UHFsym	0.15398990341407257	0.04287431876311566	0.27842292132509733	8.186235093951048	10.213777614139522
torus	ED	4.0	5	ZZ onsite	chi4	-0.3840403863437095	0.6159596136551878	1.6038928080441899	0.42716045178846623	15.091743146259393
torus	ED	4.0	5	ZZ onsite	chi8	-0.3840403863437095	0.39547599747966755	1.029777105592544	1.007298471615259	15.091743146259393
torus	ED	4.0	5	ZZ onsite	chi32	-0.3840403863437095	-0.04852049755463239	0.1263421746253723	11.830445940660246	15.091743146259393
torus	ED	4.0	5	ZZ onsite	chi128	-0.3840403863437095	0.032409450121899774	0.08439073408517477	14.260872375119265	15.091743146259393
torus	ED	4.0	5	ZZ onsite	exact	-0.3840403863437095	-1.6339423222044847e-5	4.254610661551971e-5	15.091743146259393	15.091743146259393
torus	ED	4.0	5	ZZ onsite	UHF	-0.3840403863437095	0.041304757903171174	0.10755316204219242	13.618020773741655	15.091743146259393
torus	ED	4.0	5	ZZ onsite	UHFsym	-0.3840403863437095	0.041304757903167844	0.10755316204218375	13.618020773741925	15.091743146259393
torus	ED	4.0	5	ZZ up-up nb	chi4	-0.12553627146763724	0.16680308084985251	1.3287241918193635	0.658700488388544	2.111755582609511
torus	ED	4.0	5	ZZ up-up nb	chi8	-0.12553627146763724	0.39335094186989017	3.133364861575441	0.1632859318132502	2.111755582609511
torus	ED	4.0	5	ZZ up-up nb	chi32	-0.12553627146763724	-0.01608681352555956	0.128144745239679	2.0919402101354576	2.111755582609511
torus	ED	4.0	5	ZZ up-up nb	chi128	-0.12553627146763724	0.002439622410560449	0.01943360577814655	2.107601591106714	2.111755582609511
torus	ED	4.0	5	ZZ up-up nb	exact	-0.12553627146763724	8.867388836403256e-6	7.063606982057958e-5	2.111755582609511	2.111755582609511
torus	ED	4.0	5	ZZ up-up nb	UHF	-0.12553627146763724	0.41059688738755806	3.2707430496962653	0.1509377771245881	2.111755582609511
torus	ED	4.0	5	ZZ up-up nb	UHFsym	-0.12553627146763724	0.12406860452823723	0.9883088216477868	0.9426160218994275	2.111755582609511
torus	ED	4.0	5	SzSz nb	chi4	-0.021031755464339306	0.052053082615105745	2.474975648293605	0.3249922178296249	1.9004938681198031
torus	ED	4.0	5	SzSz nb	chi8	-0.021031755464339306	0.07515480091487027	3.5733964785916266	0.17158099179200217	1.9004938681198031
torus	ED	4.0	5	SzSz nb	chi32	-0.021031755464339306	-0.0035821418563878465	0.17032063074628262	1.8250237096066408	1.9004938681198031
torus	ED	4.0	5	SzSz nb	chi128	-0.021031755464339306	-0.0016566749869753941	0.0787701716000071	1.8673990928485917	1.9004938681198031
torus	ED	4.0	5	SzSz nb	exact	-0.021031755464339306	1.3159896485002986e-6	6.257155522427236e-5	1.9004938681198031	1.9004938681198031
torus	ED	4.0	5	SzSz nb	UHF	-0.021031755464339306	0.10021241314352458	4.764814487950907	0.09814558133934424	1.9004938681198031
torus	ED	4.0	5	SzSz nb	UHFsym	-0.021031755464339306	0.02858034242869423	1.3589137852593447	0.7746656464062424	1.9004938681198031
torus	ED	4.0	5	SxSx nb	chi4	-0.021031755464339098	0.13844610512371128	6.582717517729651	0.06644605539061076	1.9945690402701504
torus	ED	4.0	5	SxSx nb	chi8	-0.021031755464339098	0.06059166025733924	2.8809606673145707	0.30814055434278803	1.9945690402701504
torus	ED	4.0	5	SxSx nb	chi32	-0.021031755464339098	0.0012783183086400689	0.06078039043424371	1.999000645310464	1.9945690402701504
torus	ED	4.0	5	SxSx nb	chi128	-0.021031755464339098	-0.0015361180986689094	0.0730380353305986	1.9499278265753375	1.9945690402701504
torus	ED	4.0	5	SxSx nb	exact	-0.021031755464339098	1.3135221033945543e-6	6.245423049073238e-5	1.9945690402701504	1.9945690402701504
torus	ED	4.0	5	SxSx nb	UHF	-0.021031755464339098	-0.0071832536382997175	0.341543227358242	1.7351289331266353	1.9945690402701504
torus	ED	4.0	5	SxSx nb	UHFsym	-0.021031755464339098	0.0286327817191153	1.3614071239875487	0.9331689009379946	1.9945690402701504
torus	DMRG	4.0	5	n	chi4	0.999999778817458	-2.2118309439544959e-7	2.2118314331729946e-7	1.0000083196441758	1.0000002165135118
torus	DMRG	4.0	5	n	chi8	0.999999778817458	0.03856264699464684	0.03856265552403302	0.4707521928560861	1.0000002165135118
torus	DMRG	4.0	5	n	chi32	0.999999778817458	-0.15173714104840508	0.15173717461001907	0.2969863431462781	1.0000002165135118
torus	DMRG	4.0	5	n	chi128	0.999999778817458	-0.02132827050291175	0.021328275220353878	0.9407659711568565	1.0000002165135118
torus	DMRG	4.0	5	n	exact	0.999999778817458	0.0	0.0	1.0000002165135118	1.0000002165135118
torus	DMRG	4.0	5	n	UHF	0.999999778817458	0.06509603739210268	0.06509605179021288	0.02210279481720725	1.0000002165135118
torus	DMRG	4.0	5	n	UHFsym	0.999999778817458	0.06509603739210845	0.06509605179021866	0.7402049688288559	1.0000002165135118
torus	DMRG	4.0	5	Sz	chi4	-8.45737202978536e-8	4.6116902791916436e-5	NaN	0.9999334436480809	0.9999999370424038
torus	DMRG	4.0	5	Sz	chi8	-8.45737202978536e-8	0.05295024564083812	NaN	0.5666321024627639	0.9999999370424038
torus	DMRG	4.0	5	Sz	chi32	-8.45737202978536e-8	0.000541421665575581	NaN	0.4078403588593159	0.9999999370424038
torus	DMRG	4.0	5	Sz	chi128	-8.45737202978536e-8	-0.0014484595243757711	NaN	0.9699404327411905	0.9999999370424038
torus	DMRG	4.0	5	Sz	exact	-8.45737202978536e-8	0.0	NaN	0.9999999370424038	0.9999999370424038
torus	DMRG	4.0	5	Sz	UHF	-8.45737202978536e-8	-0.32771286549906725	NaN	0.03724035285946167	0.9999999370424038
torus	DMRG	4.0	5	Sz	UHFsym	-8.45737202978536e-8	-8.457372025622023e-8	NaN	0.804977503957428	0.9999999370424038
torus	DMRG	4.0	5	DoubleOcc	chi4	0.15399387767860673	0.15399387767805506	0.9999999999964175	0.47633603157403137	10.21259333013793
torus	DMRG	4.0	5	DoubleOcc	chi8	0.15399387767860673	0.11815440772304567	0.76726691673834	1.0123239346782726	10.21259333013793
torus	DMRG	4.0	5	DoubleOcc	chi32	0.15399387767860673	-0.08799461005705522	0.5714162886443095	4.11192076014399	10.21259333013793
torus	DMRG	4.0	5	DoubleOcc	chi128	0.15399387767860673	-0.002557687865175795	0.016609023058136267	10.391139842778559	10.21259333013793
torus	DMRG	4.0	5	DoubleOcc	exact	0.15399387767860673	0.0	0.0	10.21259333013793	10.21259333013793
torus	DMRG	4.0	5	DoubleOcc	UHF	0.15399387767860673	0.042878293027649186	0.27844154374200786	0.6967023914107169	10.21259333013793
torus	DMRG	4.0	5	DoubleOcc	UHFsym	0.15399387767860673	0.042878293027649825	0.278441543742012	8.189655185147648	10.21259333013793
torus	DMRG	4.0	5	ZZ onsite	chi4	-0.38402404692048747	0.6159759530784099	1.6040035982589087	0.4273232450045813	15.089583223310937
torus	DMRG	4.0	5	ZZ onsite	chi8	-0.38402404692048747	0.3954923369028896	1.0298634683800847	1.007744579281578	15.089583223310937
torus	DMRG	4.0	5	ZZ onsite	chi32	-0.38402404692048747	-0.048504158131410346	0.12630500230485092	11.825898759479575	15.089583223310937
torus	DMRG	4.0	5	ZZ onsite	chi128	-0.38402404692048747	0.03242578954512182	0.08443687265197643	14.262867199007605	15.089583223310937
torus	DMRG	4.0	5	ZZ onsite	exact	-0.38402404692048747	0.0	0.0	15.089583223310937	15.089583223310937
torus	DMRG	4.0	5	ZZ onsite	UHF	-0.38402404692048747	0.04132109732639322	0.10760028612205316	13.620923063003113	15.089583223310937
torus	DMRG	4.0	5	ZZ onsite	UHFsym	-0.38402404692048747	0.04132109732638989	0.10760028612204449	13.620923063003382	15.089583223310937
torus	DMRG	4.0	5	ZZ up-up nb	chi4	-0.12554513885647364	0.1667942134610161	1.3285597115129997	0.6581520345928012	2.1105491060482913
torus	DMRG	4.0	5	ZZ up-up nb	chi8	-0.12554513885647364	0.39334207448105374	3.1330729175482634	0.163185321878282	2.1105491060482913
torus	DMRG	4.0	5	ZZ up-up nb	chi32	-0.12554513885647364	-0.016095680914395963	0.12820632531855294	2.0910082457840735	2.1105491060482913
torus	DMRG	4.0	5	ZZ up-up nb	chi128	-0.12554513885647364	0.002430755021724046	0.01936160208084955	2.1063586334459035	2.1105491060482913
torus	DMRG	4.0	5	ZZ up-up nb	exact	-0.12554513885647364	0.0	0.0	2.1105491060482913	2.1105491060482913
torus	DMRG	4.0	5	ZZ up-up nb	UHF	-0.12554513885647364	0.41058801999872163	3.2704414024991935	0.15084620993766565	2.1105491060482913
torus	DMRG	4.0	5	ZZ up-up nb	UHFsym	-0.12554513885647364	0.12405973713940083	0.9881683852469113	0.9417803884800265	2.1105491060482913
torus	DMRG	4.0	5	SzSz nb	chi4	-0.021033071453987806	0.05205176662545724	2.4747582272672966	0.32502186843557035	1.9013614616258092
torus	DMRG	4.0	5	SzSz nb	chi8	-0.021033071453987806	0.07515348492522177	3.573110331965943	0.17156527482266598	1.9013614616258092
torus	DMRG	4.0	5	SzSz nb	chi32	-0.021033071453987806	-0.003583457846036347	0.17037254182659728	1.8256059221224807	1.9013614616258092
torus	DMRG	4.0	5	SzSz nb	chi128	-0.021033071453987806	-0.0016579909766238944	0.07882781077651616	1.8680162162064335	1.9013614616258092
torus	DMRG	4.0	5	SzSz nb	exact	-0.021033071453987806	0.0	0.0	1.9013614616258092	1.9013614616258092
torus	DMRG	4.0	5	SzSz nb	UHF	-0.021033071453987806	0.10021109715387608	4.764453797111803	0.09813583236709271	1.9013614616258092
torus	DMRG	4.0	5	SzSz nb	UHFsym	-0.021033071453987806	0.02857902643904573	1.3587661935902013	0.7748708124957088	1.9013614616258092
torus	DMRG	4.0	5	SxSx nb	chi4	-0.021033068986442492	0.13844479160160789	6.582243974516829	0.06644032171760646	1.9942973558566444
torus	DMRG	4.0	5	SxSx nb	chi8	-0.021033068986442492	0.06059034673523584	2.8807183000393906	0.30809839648437587	1.9942973558566444
torus	DMRG	4.0	5	SxSx nb	chi32	-0.021033068986442492	0.0012770047865366743	0.06071414434858778	1.9987070984740543	1.9942973558566444
torus	DMRG	4.0	5	SxSx nb	chi128	-0.021033068986442492	-0.001537431620772304	0.07309592441137822	1.9496922449582974	1.9942973558566444
torus	DMRG	4.0	5	SxSx nb	exact	-0.021033068986442492	0.0	0.0	1.9942973558566444	1.9942973558566444
torus	DMRG	4.0	5	SxSx nb	UHF	-0.021033068986442492	-0.007184567160403112	0.34158434820111816	1.735001284008665	1.9942973558566444
torus	DMRG	4.0	5	SxSx nb	UHFsym	-0.021033068986442492	0.028631468197011907	1.3612596533329109	0.9329813736257286	1.9942973558566444
torus	ED	4.0	6	n	chi4	0.9999999999999994	-1.887379141862766e-15	1.8873791418627673e-15	0.9696520117011133	0.999999906844265
torus	ED	4.0	6	n	chi8	0.9999999999999994	-0.11591574702528817	0.11591574702528824	0.43907965275946464	0.999999906844265
torus	ED	4.0	6	n	chi32	0.9999999999999994	-0.16075049279903741	0.1607504927990375	0.35046808453861406	0.999999906844265
torus	ED	4.0	6	n	chi128	0.9999999999999994	-0.030514430497588285	0.030514430497588303	0.9565051589314845	0.999999906844265
torus	ED	4.0	6	n	exact	0.9999999999999994	3.639027745805379e-8	3.639027745805381e-8	0.999999906844265	0.999999906844265
torus	ED	4.0	6	n	UHF	0.9999999999999994	0.06509625857464307	0.06509625857464311	0.027787824768032255	0.999999906844265
torus	ED	4.0	6	n	UHFsym	0.9999999999999994	0.06509625857464896	0.065096258574649	0.7281309256870261	0.999999906844265
torus	ED	4.0	6	Sz	chi4	-6.938893903907228e-18	-0.010904228157495623	NaN	0.9687008991459637	1.0000000631443176
torus	ED	4.0	6	Sz	chi8	-6.938893903907228e-18	-0.03244333885499645	NaN	0.46836576847420974	1.0000000631443176
torus	ED	4.0	6	Sz	chi32	-6.938893903907228e-18	-0.00826682316807937	NaN	0.37875630409074257	1.0000000631443176
torus	ED	4.0	6	Sz	chi128	-6.938893903907228e-18	-0.0007439126178384672	NaN	0.9367553303051005	1.0000000631443176
torus	ED	4.0	6	Sz	exact	-6.938893903907228e-18	1.0567795700328064e-7	NaN	1.0000000631443176	1.0000000631443176
torus	ED	4.0	6	Sz	UHF	-6.938893903907228e-18	0.3277127809253471	NaN	0.03881645504601803	1.0000000631443176
torus	ED	4.0	6	Sz	UHFsym	-6.938893903907228e-18	-2.42861286636753e-17	NaN	0.8121674041722424	1.0000000631443176
torus	ED	4.0	6	DoubleOcc	chi4	0.15398990341407243	0.15398990341407243	1.0	0.40404351624107404	10.256755599579195
torus	ED	4.0	6	DoubleOcc	chi8	0.15398990341407243	0.025458686974846767	0.16532698839604712	1.5821987266687352	10.256755599579195
torus	ED	4.0	6	DoubleOcc	chi32	0.15398990341407243	-0.09582029078006038	0.6222504765289943	4.0336953346947695	10.256755599579195
torus	ED	4.0	6	DoubleOcc	chi128	0.15398990341407243	-0.02593676039600082	0.16843156480368685	8.551974018736765	10.256755599579195
torus	ED	4.0	6	DoubleOcc	exact	0.15398990341407243	-4.0966898753880265e-6	2.660362650122715e-5	10.256755599579195	10.256755599579195
torus	ED	4.0	6	DoubleOcc	UHF	0.15398990341407243	0.04287431876311458	0.27842292132509056	0.7044821958133785	10.256755599579195
torus	ED	4.0	6	DoubleOcc	UHFsym	0.15398990341407243	0.04287431876311572	0.27842292132509794	7.258430482544436	10.256755599579195
torus	ED	4.0	6	ZZ onsite	chi4	-0.38404038634370974	0.6159596136562916	1.6038928080470631	0.40030785872233227	16.363340022111707
torus	ED	4.0	6	ZZ onsite	chi8	-0.38404038634370974	0.33366624194996175	0.8688311277015955	1.2848749466534108	16.363340022111707
torus	ED	4.0	6	ZZ onsite	chi32	-0.38404038634370974	-0.061780177522168966	0.16086895992984637	11.805224804544984	16.363340022111707
torus	ED	4.0	6	ZZ onsite	chi128	-0.38404038634370974	-0.042718180588826815	0.11123356320810165	13.84744880591815	16.363340022111707
torus	ED	4.0	6	ZZ onsite	exact	-0.38404038634370974	-1.6459540058411104e-5	4.285887798185915e-5	16.363340022111707	16.363340022111707
torus	ED	4.0	6	ZZ onsite	UHF	-0.38404038634370974	0.04130475790317162	0.10755316204219352	13.775582115632679	16.363340022111707
torus	ED	4.0	6	ZZ onsite	UHFsym	-0.38404038634370974	0.041304757903170175	0.10755316204218976	13.775582115632819	16.363340022111707
torus	ED	4.0	6	ZZ up-up nb	chi4	-0.1255362714676369	0.12697084496001948	1.0114275617366284	0.882269662201956	2.2576429276897505
torus	ED	4.0	6	ZZ up-up nb	chi8	-0.1255362714676369	-0.3246135655013421	2.5858149338538152	0.22671391066534802	2.2576429276897505
torus	ED	4.0	6	ZZ up-up nb	chi32	-0.1255362714676369	-0.04199179672639569	0.33449931430551627	2.0322351422133216	2.2576429276897505
torus	ED	4.0	6	ZZ up-up nb	chi128	-0.1255362714676369	-0.0053143679103345165	0.0423333260435774	2.2648300208340912	2.2576429276897505
torus	ED	4.0	6	ZZ up-up nb	exact	-0.1255362714676369	-1.750987725090969e-7	1.3948062218355525e-6	2.2576429276897505	2.2576429276897505
torus	ED	4.0	6	ZZ up-up nb	UHF	-0.1255362714676369	0.4105968873875592	3.2707430496962826	0.1383023692192112	2.2576429276897505
torus	ED	4.0	6	ZZ up-up nb	UHFsym	-0.1255362714676369	0.12406860452823756	0.988308821647792	0.9061464658562154	2.2576429276897505
torus	ED	4.0	6	SzSz nb	chi4	-0.021031755464339198	0.0420950236425749	2.0014983396868575	0.4309653540009508	1.601748482869397
torus	ED	4.0	6	SzSz nb	chi8	-0.021031755464339198	-0.04861101622903528	2.3113152067338665	0.34445356682294453	1.601748482869397
torus	ED	4.0	6	SzSz nb	chi32	-0.021031755464339198	-0.0036348507685507875	0.17282678921947003	1.5578951147691602	1.601748482869397
torus	ED	4.0	6	SzSz nb	chi128	-0.021031755464339198	-0.0015136390709709555	0.07196922166280582	1.582641598583494	1.601748482869397
torus	ED	4.0	6	SzSz nb	exact	-0.021031755464339198	1.2559095170609769e-6	5.971491629362364e-5	1.601748482869397	1.601748482869397
torus	ED	4.0	6	SzSz nb	UHF	-0.021031755464339198	0.10021241314352478	4.76481448795094	0.10215674912100446	1.601748482869397
torus	ED	4.0	6	SzSz nb	UHFsym	-0.021031755464339198	0.028580342428694352	1.3589137852593574	0.7022658873409174	1.601748482869397
torus	ED	4.0	6	SxSx nb	chi4	-0.02103175546433912	-0.07988531254103963	3.7983188172994415	0.16960854661877717	1.7033807042443216
torus	ED	4.0	6	SxSx nb	chi8	-0.02103175546433912	-0.017443652569427506	0.829395938869891	1.1307200331463068	1.7033807042443216
torus	ED	4.0	6	SxSx nb	chi32	-0.02103175546433912	-0.012264620731405055	0.583147743049819	1.3908816052181963	1.7033807042443216
torus	ED	4.0	6	SxSx nb	chi128	-0.02103175546433912	-0.0006901080271753714	0.0328126688400072	1.71601863541185	1.7033807042443216
torus	ED	4.0	6	SxSx nb	exact	-0.02103175546433912	1.2496520683212553e-6	5.9417392449248084e-5	1.7033807042443216	1.7033807042443216
torus	ED	4.0	6	SxSx nb	UHF	-0.02103175546433912	-0.007183253638299731	0.34154322735824233	1.4630623687315913	1.7033807042443216
torus	ED	4.0	6	SxSx nb	UHFsym	-0.02103175546433912	0.02863278171911531	1.3614071239875476	0.797234121463801	1.7033807042443216
torus	DMRG	4.0	6	n	chi4	0.999999963609722	-3.639027934543293e-8	3.639028066968536e-8	0.9696497648310887	0.9999999068917407
torus	DMRG	4.0	6	n	chi8	0.999999963609722	-0.11591578341556563	0.11591578763377337	0.438888010709163	0.9999999068917407
torus	DMRG	4.0	6	n	chi32	0.999999963609722	-0.16075052918931487	0.16075053503907152	0.3502912216572896	0.9999999068917407
torus	DMRG	4.0	6	n	chi128	0.999999963609722	-0.030514466887865743	0.030514467998295717	0.956358545437356	0.9999999068917407
torus	DMRG	4.0	6	n	exact	0.999999963609722	0.0	0.0	0.9999999068917407	0.9999999068917407
torus	DMRG	4.0	6	n	UHF	0.999999963609722	0.06509622218436562	0.06509622455323533	0.027777806484538904	0.9999999068917407
torus	DMRG	4.0	6	n	UHFsym	0.999999963609722	0.0650962221843715	0.06509622455324121	0.7282202013650722	0.9999999068917407
torus	DMRG	4.0	6	Sz	chi4	-1.0567795701021954e-7	-0.010904333835452626	NaN	0.9687890431093811	1.0000000623718297
torus	DMRG	4.0	6	Sz	chi8	-1.0567795701021954e-7	-0.032443444532953454	NaN	0.4685339887810382	1.0000000623718297
torus	DMRG	4.0	6	Sz	chi32	-1.0567795701021954e-7	-0.008266928846036373	NaN	0.378876127052866	1.0000000623718297
torus	DMRG	4.0	6	Sz	chi128	-1.0567795701021954e-7	-0.0007440182957954705	NaN	0.9367813060293342	1.0000000623718297
torus	DMRG	4.0	6	Sz	exact	-1.0567795701021954e-7	0.0	NaN	1.0000000623718297	1.0000000623718297
torus	DMRG	4.0	6	Sz	UHF	-1.0567795701021954e-7	0.3277126752473901	NaN	0.038831801766471954	1.0000000623718297
torus	DMRG	4.0	6	Sz	UHFsym	-1.0567795701021954e-7	-1.0567795702756677e-7	NaN	0.8122581139817926	1.0000000623718297
torus	DMRG	4.0	6	DoubleOcc	chi4	0.15399400010394781	0.15399400010394781	1.0	0.4042289037186663	10.26417379214825
torus	DMRG	4.0	6	DoubleOcc	chi8	0.15399400010394781	0.025462783664722155	0.1653491931343719	1.5831798090196956	10.26417379214825
torus	DMRG	4.0	6	DoubleOcc	chi32	0.15399400010394781	-0.09581619409018499	0.6222073199313474	4.033378648655633	10.26417379214825
torus	DMRG	4.0	6	DoubleOcc	chi128	0.15399400010394781	-0.02593266370612543	0.16840048111368344	8.55399322744131	10.26417379214825
torus	DMRG	4.0	6	DoubleOcc	exact	0.15399400010394781	0.0	0.0	10.26417379214825	10.26417379214825
torus	DMRG	4.0	6	DoubleOcc	UHF	0.15399400010394781	0.04287841545298997	0.27844211738149877	0.7047874199875035	10.26417379214825
torus	DMRG	4.0	6	DoubleOcc	UHFsym	0.15399400010394781	0.042878415452991106	0.27844211738150615	7.265983938567292	10.26417379214825
torus	DMRG	4.0	6	ZZ onsite	chi4	-0.3840239268036513	0.61597607319635	1.6040044127544535	0.40047874466903766	16.367758088543628
torus	DMRG	4.0	6	ZZ onsite	chi8	-0.3840239268036513	0.33368270149002016	0.8689112271398384	1.285582842715293	16.367758088543628
torus	DMRG	4.0	6	ZZ onsite	chi32	-0.3840239268036513	-0.061763717982110555	0.16083299417353727	11.802547826423783	16.367758088543628
torus	DMRG	4.0	6	ZZ onsite	chi128	-0.3840239268036513	-0.042701721048768404	0.1111954700432025	13.84561894717854	16.367758088543628
torus	DMRG	4.0	6	ZZ onsite	exact	-0.3840239268036513	0.0	0.0	16.367758088543628	16.367758088543628
torus	DMRG	4.0	6	ZZ onsite	UHF	-0.3840239268036513	0.04132121744323003	0.10760063256255716	13.784594279974923	16.367758088543628
torus	DMRG	4.0	6	ZZ onsite	UHFsym	-0.3840239268036513	0.041321217443228586	0.1076006325625534	13.78459427997507	16.367758088543628
torus	DMRG	4.0	6	ZZ up-up nb	chi4	-0.1255360963688644	0.126971020058792	1.0114303672922196	0.881598810270624	2.2558554570042526
torus	DMRG	4.0	6	ZZ up-up nb	chi8	-0.1255360963688644	-0.32461339040256965	2.585817145761437	0.22672630171251376	2.2558554570042526
torus	DMRG	4.0	6	ZZ up-up nb	chi32	-0.1255360963688644	-0.04199162162762318	0.3344983860597245	2.0313416253642744	2.2558554570042526
torus	DMRG	4.0	6	ZZ up-up nb	chi128	-0.1255360963688644	-0.005314192811562007	0.042331990282279	2.2631232234966343	2.2558554570042526
torus	DMRG	4.0	6	ZZ up-up nb	exact	-0.1255360963688644	0.0	0.0	2.2558554570042526	2.2558554570042526
torus	DMRG	4.0	6	ZZ up-up nb	UHF	-0.1255360963688644	0.41059706248633165	3.2707490065635687	0.13825315821634013	2.2558554570042526
torus	DMRG	4.0	6	ZZ up-up nb	UHFsym	-0.1255360963688644	0.12406877962701007	0.9883115949571756	0.9054498534828022	2.2558554570042526
torus	DMRG	4.0	6	SzSz nb	chi4	-0.02103301137385626	0.04209376773305784	2.0013191161670654	0.4310764525222909	1.6021836983768643
torus	DMRG	4.0	6	SzSz nb	chi8	-0.02103301137385626	-0.048612272138552334	2.3112369063317635	0.34442922615931454	1.6021836983768643
torus	DMRG	4.0	6	SzSz nb	chi32	-0.02103301137385626	-0.0036361066780678485	0.1728761808490951	1.5580212369033353	1.6021836983768643
torus	DMRG	4.0	6	SzSz nb	chi128	-0.02103301137385626	-0.0015148949804880164	0.07202463563401149	1.5828839102481986	1.6021836983768643
torus	DMRG	4.0	6	SzSz nb	exact	-0.02103301137385626	0.0	0.0	1.6021836983768643	1.6021836983768643
torus	DMRG	4.0	6	SzSz nb	UHF	-0.02103301137385626	0.10021115723400771	4.764470263091703	0.10218629150606266	1.6021836983768643
torus	DMRG	4.0	6	SzSz nb	UHFsym	-0.02103301137385626	0.02857908651917729	1.3587729313312071	0.7025122621520017	1.6021836983768643
torus	DMRG	4.0	6	SxSx nb	chi4	-0.02103300511640744	-0.07988656219310795	3.7981525583707483	0.1696565374878451	1.7043345245444073
torus	DMRG	4.0	6	SxSx nb	chi8	-0.02103300511640744	-0.017444902221495827	0.8294060751160753	1.1307059097611492	1.7043345245444073
torus	DMRG	4.0	6	SxSx nb	chi32	-0.02103300511640744	-0.012265870383473376	0.5831725098523848	1.3911421706792664	1.7043345245444073
torus	DMRG	4.0	6	SxSx nb	chi128	-0.02103300511640744	-0.0006913576792436926	0.03287013317485374	1.7167656529688586	1.7043345245444073
torus	DMRG	4.0	6	SxSx nb	exact	-0.02103300511640744	0.0	0.0	1.7043345245444073	1.7043345245444073
torus	DMRG	4.0	6	SxSx nb	UHF	-0.02103300511640744	-0.007184503290368053	0.34158234881821814	1.4639669128911583	1.7043345245444073
torus	DMRG	4.0	6	SxSx nb	UHFsym	-0.02103300511640744	0.028631532067046987	1.3612668236700083	0.7979764349376665	1.7043345245444073
torus	ED	4.0	7	n	chi4	0.9999999999999994	-2.3314683517128287e-15	2.33146835171283e-15	0.8422471563367507	0.9999997929788232
torus	ED	4.0	7	n	chi8	0.9999999999999994	-0.12562592881299806	0.12562592881299814	0.2757962815957169	0.9999997929788232
torus	ED	4.0	7	n	chi32	0.9999999999999994	-0.12229453756437392	0.12229453756437399	0.40743031894380494	0.9999997929788232
torus	ED	4.0	7	n	chi128	0.9999999999999994	-0.02418375214421753	0.024183752144217543	0.9255084587582934	0.9999997929788232
torus	ED	4.0	7	n	exact	0.9999999999999994	-3.6137588177442836e-7	3.613758817744286e-7	0.9999997929788232	0.9999997929788232
torus	ED	4.0	7	n	UHF	0.9999999999999994	0.06509625857464363	0.06509625857464367	0.03017349920046841	0.9999997929788232
torus	ED	4.0	7	n	UHFsym	0.9999999999999994	0.06509625857464962	0.06509625857464967	0.7900559023534965	0.9999997929788232
torus	ED	4.0	7	Sz	chi4	-9.020562075079397e-17	0.021081552012556605	NaN	0.9041043896827088	1.0000002132140697
torus	ED	4.0	7	Sz	chi8	-9.020562075079397e-17	-0.07087875578191188	NaN	0.3114984813721051	1.0000002132140697
torus	ED	4.0	7	Sz	chi32	-9.020562075079397e-17	0.01103735661010339	NaN	0.5272614915739597	1.0000002132140697
torus	ED	4.0	7	Sz	chi128	-9.020562075079397e-17	0.0010290015433456132	NaN	0.9822869315154941	1.0000002132140697
torus	ED	4.0	7	Sz	exact	-9.020562075079397e-17	-9.235396355306014e-8	NaN	1.0000002132140697	1.0000002132140697
torus	ED	4.0	7	Sz	UHF	-9.020562075079397e-17	-0.3277127809253473	NaN	0.031924745944896846	1.0000002132140697
torus	ED	4.0	7	Sz	UHFsym	-9.020562075079397e-17	0.0	NaN	0.7577894484982756	1.0000002132140697
torus	ED	4.0	7	DoubleOcc	chi4	0.15398990341407248	0.15398990341407248	1.0	0.45660715933310303	11.42149436542739
torus	ED	4.0	7	DoubleOcc	chi8	0.15398990341407248	0.028363974600377817	0.18419372940385748	1.566910081454379	11.42149436542739
torus	ED	4.0	7	DoubleOcc	chi32	0.15398990341407248	-0.06732047766808097	0.4371746210338154	6.323456347978943	11.42149436542739
torus	ED	4.0	7	DoubleOcc	chi128	0.15398990341407248	-0.02595774880105589	0.1685678620841561	8.061282961504402	11.42149436542739
torus	ED	4.0	7	DoubleOcc	exact	0.15398990341407248	-3.968197091086534e-6	2.576920306532186e-5	11.42149436542739	11.42149436542739
torus	ED	4.0	7	DoubleOcc	UHF	0.15398990341407248	0.04287431876311493	0.2784229213250927	0.9069987322213544	11.42149436542739
torus	ED	4.0	7	DoubleOcc	UHFsym	0.15398990341407248	0.04287431876311622	0.2784229213251011	8.767957629650416	11.42149436542739
torus	ED	4.0	7	ZZ onsite	chi4	-0.3840403863437095	0.6159596136562923	1.6038928080470658	0.4150974953314503	20.221771125484512
torus	ED	4.0	7	ZZ onsite	chi8	-0.3840403863437095	0.36470775602750505	0.9496599029590026	1.1510915030044315	20.221771125484512
torus	ED	4.0	7	ZZ onsite	chi32	-0.3840403863437095	-0.024692835543578096	0.06429749688221184	18.310234158333483	20.221771125484512
torus	ED	4.0	7	ZZ onsite	chi128	-0.3840403863437095	-0.05546349091578945	0.14442098510480766	13.925518998581381	20.221771125484512
torus	ED	4.0	7	ZZ onsite	exact	-0.3840403863437095	-1.5150036603572836e-5	3.9449071353693036e-5	20.221771125484512	20.221771125484512
torus	ED	4.0	7	ZZ onsite	UHF	-0.3840403863437095	0.041304757903171896	0.10755316204219431	17.240240395002054	20.221771125484512
torus	ED	4.0	7	ZZ onsite	UHFsym	-0.3840403863437095	0.04130475790317095	0.10755316204219185	17.240240395002182	20.221771125484512
torus	ED	4.0	7	ZZ up-up nb	chi4	-0.12553627146763618	0.0753084878644927	0.5998942535417549	1.4924182492202607	2.353120044264406
torus	ED	4.0	7	ZZ up-up nb	chi8	-0.12553627146763618	0.17307774306931295	1.378707054510004	0.6066614420087791	2.353120044264406
torus	ED	4.0	7	ZZ up-up nb	chi32	-0.12553627146763618	-0.05817284844916934	0.4633947445552942	1.8567992636759867	2.353120044264406
torus	ED	4.0	7	ZZ up-up nb	chi128	-0.12553627146763618	-0.013657229217390154	0.10879110123093826	2.336901857387036	2.353120044264406
torus	ED	4.0	7	ZZ up-up nb	exact	-0.12553627146763618	8.660734154758432e-6	6.89898947412279e-5	2.353120044264406	2.353120044264406
torus	ED	4.0	7	ZZ up-up nb	UHF	-0.12553627146763618	0.4105968873875599	3.270743049696307	0.14021760178301523	2.353120044264406
torus	ED	4.0	7	ZZ up-up nb	UHFsym	-0.12553627146763618	0.12406860452823842	0.9883088216478045	0.9391961743008584	2.353120044264406
torus	ED	4.0	7	SzSz nb	chi4	-0.021031755464338976	0.029179434368693247	1.387398898687716	0.6507913702314535	1.7684180293540783
torus	ED	4.0	7	SzSz nb	chi8	-0.021031755464338976	0.06150099327275126	2.9241968592222896	0.2134984689254084	1.7684180293540783
torus	ED	4.0	7	SzSz nb	chi32	-0.021031755464338976	-0.015049366599134462	0.7155544683206244	1.2774552564168076	1.7684180293540783
torus	ED	4.0	7	SzSz nb	chi128	-0.021031755464338976	-0.002458047102373566	0.11687313056398842	1.747614814191497	1.7684180293540783
torus	ED	4.0	7	SzSz nb	exact	-0.021031755464338976	1.3802569246018637e-6	6.562728094391359e-5	1.7684180293540783	1.7684180293540783
torus	ED	4.0	7	SzSz nb	UHF	-0.021031755464338976	0.10021241314352505	4.764814487951004	0.08856868860926768	1.7684180293540783
torus	ED	4.0	7	SzSz nb	UHFsym	-0.021031755464338976	0.028580342428694568	1.358913785259382	0.6933980509328788	1.7684180293540783
torus	ED	4.0	7	SxSx nb	chi4	-0.021031755464339105	0.11839891131602204	5.629530617012742	0.07454283099300135	1.885106886062223
torus	ED	4.0	7	SxSx nb	chi8	-0.021031755464339105	0.04298844726951018	2.043978085538331	0.42714841013855065	1.885106886062223
torus	ED	4.0	7	SxSx nb	chi32	-0.021031755464339105	-0.006102929883555871	0.2901769133776702	1.6711426552682898	1.885106886062223
torus	ED	4.0	7	SxSx nb	chi128	-0.021031755464339105	-0.002927992268829893	0.1392176831741183	1.8184619553993002	1.885106886062223
torus	ED	4.0	7	SxSx nb	exact	-0.021031755464339105	1.3872369410000696e-6	6.595916082003865e-5	1.885106886062223	1.885106886062223
torus	ED	4.0	7	SxSx nb	UHF	-0.021031755464339105	-0.007183253638299723	0.34154322735824216	1.7241492453586962	1.885106886062223
torus	ED	4.0	7	SxSx nb	UHFsym	-0.021031755464339105	0.028632781719115343	1.3614071239875503	0.7788986368017162	1.885106886062223
torus	DMRG	4.0	7	n	chi4	1.0000003613758812	3.6137587944296e-7	3.613757488504803e-7	0.8422563755121478	0.9999997932213025
torus	DMRG	4.0	7	n	chi8	1.0000003613758812	-0.12562556743711628	0.12562552203908256	0.2757936697555108	0.9999997932213025
torus	DMRG	4.0	7	n	chi32	1.0000003613758812	-0.12229417618849214	0.12229413199434243	0.40744279654154203	0.9999997932213025
torus	DMRG	4.0	7	n	chi128	1.0000003613758812	-0.024183390768335755	0.024183382029044763	0.9255260932285723	0.9999997932213025
torus	DMRG	4.0	7	n	exact	1.0000003613758812	0.0	0.0	0.9999997932213025	0.9999997932213025
torus	DMRG	4.0	7	n	UHF	1.0000003613758812	0.0650966199505254	0.06509659642618551	0.030172217659992787	0.9999997932213025
torus	DMRG	4.0	7	n	UHFsym	1.0000003613758812	0.0650966199505314	0.0650965964261915	0.7900130423151065	0.9999997932213025
torus	DMRG	4.0	7	Sz	chi4	9.235396346285452e-8	0.021081644366520158	NaN	0.9041318556607256	1.0000002132069352
torus	DMRG	4.0	7	Sz	chi8	9.235396346285452e-8	-0.07087866342794834	NaN	0.3114942643980339	1.0000002132069352
torus	DMRG	4.0	7	Sz	chi32	9.235396346285452e-8	0.011037448964066943	NaN	0.5272813246034399	1.0000002132069352
torus	DMRG	4.0	7	Sz	chi128	9.235396346285452e-8	0.0010290938973091662	NaN	0.9822975259892697	1.0000002132069352
torus	DMRG	4.0	7	Sz	exact	9.235396346285452e-8	0.0	NaN	1.0000002132069352	1.0000002132069352
torus	DMRG	4.0	7	Sz	UHF	9.235396346285452e-8	-0.3277126885713837	NaN	0.031924461872471804	1.0000002132069352
torus	DMRG	4.0	7	Sz	UHFsym	9.235396346285452e-8	9.235396355306014e-8	NaN	0.7577767198690623	1.0000002132069352
torus	DMRG	4.0	7	DoubleOcc	chi4	0.15399387161116357	0.15399387161116357	1.0	0.4563564624884349	11.436078471321682
torus	DMRG	4.0	7	DoubleOcc	chi8	0.15399387161116357	0.028367942797468904	0.18421475153958275	1.56601316282168	11.436078471321682
torus	DMRG	4.0	7	DoubleOcc	chi32	0.15399387161116357	-0.06731650947098988	0.4371375871434995	6.328343648862606	11.436078471321682
torus	DMRG	4.0	7	DoubleOcc	chi128	0.15399387161116357	-0.025953780603964804	0.1685377497975921	8.07038019725401	11.436078471321682
torus	DMRG	4.0	7	DoubleOcc	exact	0.15399387161116357	0.0	0.0	11.436078471321682	11.436078471321682
torus	DMRG	4.0	7	DoubleOcc	UHF	0.15399387161116357	0.042878286960206013	0.2784415153122081	0.9066688242281049	11.436078471321682
torus	DMRG	4.0	7	DoubleOcc	UHFsym	0.15399387161116357	0.042878286960207304	0.2784415153122165	8.77258067605311	11.436078471321682
torus	DMRG	4.0	7	ZZ onsite	chi4	-0.38402523630710594	0.6159747636928958	1.6039955332526616	0.41491073889720054	20.259847620274353
torus	DMRG	4.0	7	ZZ onsite	chi8	-0.38402523630710594	0.3647229060641086	0.9497368182658673	1.1505527107801738	20.259847620274353
torus	DMRG	4.0	7	ZZ onsite	chi32	-0.38402523630710594	-0.024677685506974523	0.06426058283117549	18.345862335946816	20.259847620274353
torus	DMRG	4.0	7	ZZ onsite	chi128	-0.38402523630710594	-0.055448340879185876	0.14438723197567074	13.948585387243238	20.259847620274353
torus	DMRG	4.0	7	ZZ onsite	exact	-0.38402523630710594	0.0	0.0	20.259847620274353	20.259847620274353
torus	DMRG	4.0	7	ZZ onsite	UHF	-0.38402523630710594	0.04131990793977547	0.10759685570958633	17.259610162212397	20.259847620274353
torus	DMRG	4.0	7	ZZ onsite	UHFsym	-0.38402523630710594	0.041319907939774525	0.10759685570958387	17.259610162212525	20.259847620274353
torus	DMRG	4.0	7	ZZ up-up nb	chi4	-0.12554493220179094	0.07529982713033795	0.5997838846199463	1.491921553439395	2.3515832957941756
torus	DMRG	4.0	7	ZZ up-up nb	chi8	-0.12554493220179094	0.1730690823351582	1.3785429590816196	0.6066965399071358	2.3515832957941756
torus	DMRG	4.0	7	ZZ up-up nb	chi32	-0.12554493220179094	-0.0581815091833241	0.46343176234153177	1.8560881411291164	2.3515832957941756
torus	DMRG	4.0	7	ZZ up-up nb	chi128	-0.12554493220179094	-0.013665889951544913	0.10885258139754656	2.335429119546244	2.3515832957941756
torus	DMRG	4.0	7	ZZ up-up nb	exact	-0.12554493220179094	0.0	0.0	2.3515832957941756	2.3515832957941756
torus	DMRG	4.0	7	ZZ up-up nb	UHF	-0.12554493220179094	0.4105882266534051	3.2704484319084917	0.14025759942202762	2.3515832957941756
torus	DMRG	4.0	7	ZZ up-up nb	UHFsym	-0.12554493220179094	0.12405994379408367	0.9881716578943989	0.939108664017431	2.3515832957941756
torus	DMRG	4.0	7	SzSz nb	chi4	-0.021033135721263578	0.029178054111768645	1.3872422304711756	0.6506574420659692	1.7675741232064672
torus	DMRG	4.0	7	SzSz nb	chi8	-0.021033135721263578	0.06149961301582666	2.9239393417527015	0.21353572105635837	1.7675741232064672
torus	DMRG	4.0	7	SzSz nb	chi32	-0.021033135721263578	-0.015050746856059064	0.7155731344824356	1.277437857931881	1.7675741232064672
torus	DMRG	4.0	7	SzSz nb	chi128	-0.021033135721263578	-0.0024594273592981677	0.11693108397583317	1.7468714532771634	1.7675741232064672
torus	DMRG	4.0	7	SzSz nb	exact	-0.021033135721263578	0.0	0.0	1.7675741232064672	1.7675741232064672
torus	DMRG	4.0	7	SzSz nb	UHF	-0.021033135721263578	0.10021103288660047	4.764436183678096	0.08859433250824413	1.7675741232064672
torus	DMRG	4.0	7	SzSz nb	UHFsym	-0.021033135721263578	0.028578962171769966	1.3587589863207077	0.6933176066644239	1.7675741232064672
torus	DMRG	4.0	7	SxSx nb	chi4	-0.021033142701280105	0.11839752407908104	5.6290933675772195	0.07460851660884874	1.8834299588612045
torus	DMRG	4.0	7	SxSx nb	chi8	-0.021033142701280105	0.04298706003256918	2.043777320540545	0.4273761558840288	1.8834299588612045
torus	DMRG	4.0	7	SxSx nb	chi32	-0.021033142701280105	-0.006104317120496871	0.29022372962483417	1.6700333317958242	1.8834299588612045
torus	DMRG	4.0	7	SxSx nb	chi128	-0.021033142701280105	-0.0029293795057708932	0.13927445590870297	1.8169788224093115	1.8834299588612045
torus	DMRG	4.0	7	SxSx nb	exact	-0.021033142701280105	0.0	0.0	1.8834299588612045	1.8834299588612045
torus	DMRG	4.0	7	SxSx nb	UHF	-0.021033142701280105	-0.007184640875240723	0.3415866557499016	1.7228830369532235	1.8834299588612045
torus	DMRG	4.0	7	SxSx nb	UHFsym	-0.021033142701280105	0.028631394482174343	1.3612513778281834	0.7790365187528084	1.8834299588612045
torus	ED	4.0	9	n	chi4	1.0000000000000004	-1.7763568394002505e-15	1.7763568394002497e-15	0.728564639447562	1.000001276038137
torus	ED	4.0	9	n	chi8	1.0000000000000004	0.016590668054861646	0.01659066805486164	0.0700625577968608	1.000001276038137
torus	ED	4.0	9	n	chi32	1.0000000000000004	0.14174533274117362	0.14174533274117357	0.3860745249489103	1.000001276038137
torus	ED	4.0	9	n	chi128	1.0000000000000004	0.019776442146775097	0.019776442146775087	0.9830742882308247	1.000001276038137
torus	ED	4.0	9	n	exact	1.0000000000000004	1.3252157764487293e-6	1.3252157764487287e-6	1.000001276038137	1.000001276038137
torus	ED	4.0	9	n	UHF	1.0000000000000004	-0.03254812928732265	0.03254812928732263	0.021178278734283202	1.000001276038137
torus	ED	4.0	9	n	UHFsym	1.0000000000000004	-0.032548129287317096	0.03254812928731708	0.894350317067062	1.000001276038137
torus	ED	4.0	9	Sz	chi4	9.020562075079397e-17	-0.03977729242024742	NaN	0.7878253261694167	1.0000004420022042
torus	ED	4.0	9	Sz	chi8	9.020562075079397e-17	-0.2056610278858982	NaN	0.09335423192395328	1.0000004420022042
torus	ED	4.0	9	Sz	chi32	9.020562075079397e-17	-0.005176479035448454	NaN	0.46712763659545414	1.0000004420022042
torus	ED	4.0	9	Sz	chi128	9.020562075079397e-17	-5.340159570562525e-5	NaN	0.9818127230764239	1.0000004420022042
torus	ED	4.0	9	Sz	exact	9.020562075079397e-17	-4.722678152019322e-8	NaN	1.0000004420022042	1.0000004420022042
torus	ED	4.0	9	Sz	UHF	9.020562075079397e-17	0.36648474601052516	NaN	0.028667617651983442	1.0000004420022042
torus	ED	4.0	9	Sz	UHFsym	9.020562075079397e-17	1.0408340855860843e-16	NaN	0.93435296546526	1.0000004420022042
torus	ED	4.0	9	DoubleOcc	chi4	0.15398990341407254	0.15398990341407254	1.0	0.39584401322251456	10.186811418225636
torus	ED	4.0	9	DoubleOcc	chi8	0.15398990341407254	0.14985028994572952	0.973117630594184	0.3929617937978412	10.186811418225636
torus	ED	4.0	9	DoubleOcc	chi32	0.15398990341407254	0.06960705015569525	0.45202346785376407	6.623702608347822	10.186811418225636
torus	ED	4.0	9	DoubleOcc	chi128	0.15398990341407254	0.016260208231755502	0.10559269063266095	9.228514438917829	10.186811418225636
torus	ED	4.0	9	DoubleOcc	exact	0.15398990341407254	-3.352319452032404e-7	2.1769735402834526e-6	10.186811418225636	10.186811418225636
torus	ED	4.0	9	DoubleOcc	UHF	0.15398990341407254	0.021762062648783997	0.14132136046781393	0.5329321971754356	10.186811418225636
torus	ED	4.0	9	DoubleOcc	UHFsym	0.15398990341407254	0.021762062648784775	0.14132136046781898	4.367028647848538	10.186811418225636
torus	ED	4.0	9	ZZ onsite	chi4	-0.38404038634371024	0.6159596136562919	1.6038928080470618	0.3820087754299484	15.059342014785173
torus	ED	4.0	9	ZZ onsite	chi8	-0.38404038634371024	0.5662198236731932	1.4743757266363002	0.4491161616981985	15.059342014785173
torus	ED	4.0	9	ZZ onsite	chi32	-0.38404038634371024	-0.005062464859566851	0.013182115838817074	15.128518689054628	15.059342014785173
torus	ED	4.0	9	ZZ onsite	chi128	-0.38404038634371024	0.025487948633471036	0.06636788613856802	13.688664343337635	15.059342014785173
torus	ED	4.0	9	ZZ onsite	exact	-0.38404038634371024	-3.991359334265532e-6	1.0393071864825504e-5	15.059342014785173	15.059342014785173
torus	ED	4.0	9	ZZ onsite	UHF	-0.38404038634371024	0.15214450916978178	0.3961679932110442	4.2963458752365655	15.059342014785173
torus	ED	4.0	9	ZZ onsite	UHFsym	-0.38404038634371024	0.15214450916977956	0.3961679932110384	4.296345875236657	15.059342014785173
torus	ED	4.0	9	ZZ up-up nb	chi4	-0.12553627146763713	0.5498528207344402	4.3800314786009125	0.07052486831194103	2.353263176642553
torus	ED	4.0	9	ZZ up-up nb	chi8	-0.12553627146763713	0.0032547294676844585	0.0259266061484351	2.334322291079436	2.353263176642553
torus	ED	4.0	9	ZZ up-up nb	chi32	-0.12553627146763713	-0.02199746203529887	0.1752279383331036	2.3479994376948667	2.353263176642553
torus	ED	4.0	9	ZZ up-up nb	chi128	-0.12553627146763713	0.009628765785684501	0.0767010655415775	2.2838699082218445	2.353263176642553
torus	ED	4.0	9	ZZ up-up nb	exact	-0.12553627146763713	1.1902449405021276e-5	9.481283190802501e-5	2.353263176642553	2.353263176642553
torus	ED	4.0	9	ZZ up-up nb	UHF	-0.12553627146763713	0.540707124788138	4.307178462979368	0.07281242201444071	2.353263176642553
torus	ED	4.0	9	ZZ up-up nb	UHFsym	-0.12553627146763713	0.18236938976123818	1.4527226882650601	0.48777302444990284	2.353263176642553
torus	ED	4.0	9	SzSz nb	chi4	-0.021031755464339212	0.1478155175861801	7.028206363316247	0.0509358355241958	1.7745054513427194
torus	ED	4.0	9	SzSz nb	chi8	-0.021031755464339212	-0.015499549636429787	0.7369593880411143	0.9960382804156618	1.7745054513427194
torus	ED	4.0	9	SzSz nb	chi32	-0.021031755464339212	-0.0003893571680285979	0.018512823082637096	1.7846671706518147	1.7745054513427194
torus	ED	4.0	9	SzSz nb	chi128	-0.021031755464339212	0.0009161895018369726	0.04356219828584613	1.766438221401856	1.7745054513427194
torus	ED	4.0	9	SzSz nb	exact	-0.021031755464339212	1.867536821666127e-6	8.879605056423674e-5	1.7745054513427194	1.7745054513427194
torus	ED	4.0	9	SzSz nb	UHF	-0.021031755464339212	0.12953662618684528	6.159097199778855	0.06498870973173422	1.7745054513427194
torus	ED	4.0	9	SzSz nb	UHFsym	-0.021031755464339212	0.03995219243012011	1.899612825846221	0.4956637546993743	1.7745054513427194
torus	ED	4.0	9	SxSx nb	chi4	-0.02103175546433913	0.1777753247001418	8.452709760798275	0.038979964383994405	1.607879040699198
torus	ED	4.0	9	SxSx nb	chi8	-0.02103175546433913	-0.014005612419918958	0.6659269333777912	1.2673240427971775	1.607879040699198
torus	ED	4.0	9	SxSx nb	chi32	-0.02103175546433913	-0.002745208927586673	0.13052685650712204	1.5185727614426145	1.607879040699198
torus	ED	4.0	9	SxSx nb	chi128	-0.02103175546433913	0.0008194657994608154	0.038963262046778704	1.601143332511306	1.607879040699198
torus	ED	4.0	9	SxSx nb	exact	-0.02103175546433913	1.8662344706717182e-6	8.873412748812407e-5	1.607879040699198	1.607879040699198
torus	ED	4.0	9	SxSx nb	UHF	-0.02103175546433913	-0.004774442871553562	0.22701114415527404	1.5707269024186914	1.607879040699198
torus	ED	4.0	9	SxSx nb	UHFsym	-0.02103175546433913	0.04001777400680894	1.9027310428110478	0.47966314724025455	1.607879040699198
torus	DMRG	4.0	9	n	chi4	0.999998674784224	-1.3252157782250862e-6	1.3252175344242694e-6	0.7285860116589342	1.0000012762187287
torus	DMRG	4.0	9	n	chi8	0.999998674784224	0.016589342839085197	0.016589364823573174	0.07006655859189563	1.0000012762187287
torus	DMRG	4.0	9	n	chi32	0.999998674784224	0.14174400752539718	0.14174419536704103	0.38609111440995664	1.0000012762187287
torus	DMRG	4.0	9	n	chi128	0.999998674784224	0.01977511693099865	0.019775143137330305	0.9830784348555344	1.0000012762187287
torus	DMRG	4.0	9	n	exact	0.999998674784224	0.0	0.0	1.0000012762187287	1.0000012762187287
torus	DMRG	4.0	9	n	UHF	0.999998674784224	-0.032549454503099096	0.032549497638206866	0.02117929537364952	1.0000012762187287
torus	DMRG	4.0	9	n	UHFsym	0.999998674784224	-0.032549454503093544	0.032549497638201315	0.8943509412067467	1.0000012762187287
torus	DMRG	4.0	9	Sz	chi4	4.722678161039884e-8	-0.0397772451934659	NaN	0.7878632187632371	1.0000004421706292
torus	DMRG	4.0	9	Sz	chi8	4.722678161039884e-8	-0.2056609806591167	NaN	0.09337087431356678	1.0000004421706292
torus	DMRG	4.0	9	Sz	chi32	4.722678161039884e-8	-0.005176431808666934	NaN	0.46718114433231045	1.0000004421706292
torus	DMRG	4.0	9	Sz	chi128	4.722678161039884e-8	-5.3354368924105056e-5	NaN	0.9818196248240707	1.0000004421706292
torus	DMRG	4.0	9	Sz	exact	4.722678161039884e-8	0.0	NaN	1.0000004421706292	1.0000004421706292
torus	DMRG	4.0	9	Sz	UHF	4.722678161039884e-8	0.36648479323730665	NaN	0.028672865298930914	1.0000004421706292
torus	DMRG	4.0	9	Sz	UHFsym	4.722678161039884e-8	4.7226781624276626e-8	NaN	0.9343595127806492	1.0000004421706292
torus	DMRG	4.0	9	DoubleOcc	chi4	0.15399023864601774	0.15399023864601774	1.0	0.3958480907756888	10.185404680835028
torus	DMRG	4.0	9	DoubleOcc	chi8	0.15399023864601774	0.14985062517767472	0.9731176891162635	0.3929663093209635	10.185404680835028
torus	DMRG	4.0	9	DoubleOcc	chi32	0.15399023864601774	0.06960738538764046	0.45202466078157827	6.623183610098705	10.185404680835028
torus	DMRG	4.0	9	DoubleOcc	chi128	0.15399023864601774	0.016260543463700705	0.10559463772946891	9.227386416384824	10.185404680835028
torus	DMRG	4.0	9	DoubleOcc	exact	0.15399023864601774	0.0	0.0	10.185404680835028	10.185404680835028
torus	DMRG	4.0	9	DoubleOcc	UHF	0.15399023864601774	0.0217623978807292	0.14132322978442236	0.5329344355637986	10.185404680835028
torus	DMRG	4.0	9	DoubleOcc	UHFsym	0.15399023864601774	0.021762397880729978	0.1413232297844274	4.36680973925463	10.185404680835028
torus	DMRG	4.0	9	ZZ onsite	chi4	-0.384036394984376	0.6159636050156263	1.6039198707734093	0.3820087754299484	15.059342014785173
torus	DMRG	4.0	9	ZZ onsite	chi8	-0.384036394984376	0.5662238150325276	1.4744014432683228	0.4491161616981985	15.059342014785173
torus	DMRG	4.0	9	ZZ onsite	chi32	-0.384036394984376	-0.005058473500232585	0.01317185966303632	15.128518689054628	15.059342014785173
torus	DMRG	4.0	9	ZZ onsite	chi128	-0.384036394984376	0.0254919399928053	0.06637896909182893	13.688664343337635	15.059342014785173
torus	DMRG	4.0	9	ZZ onsite	exact	-0.384036394984376	0.0	0.0	15.059342014785173	15.059342014785173
torus	DMRG	4.0	9	ZZ onsite	UHF	-0.384036394984376	0.15214850052911605	0.39618250383614295	4.2963458752365655	15.059342014785173
torus	DMRG	4.0	9	ZZ onsite	UHFsym	-0.384036394984376	0.15214850052911383	0.3961825038361372	4.296345875236657	15.059342014785173
torus	DMRG	4.0	9	ZZ up-up nb	chi4	-0.12554817391704215	0.5498409182850352	4.379521430939736	0.0705663068275631	2.3555266315986554
torus	DMRG	4.0	9	ZZ up-up nb	chi8	-0.12554817391704215	0.003242827018279437	0.025829344363241667	2.3366446615123344	2.3555266315986554
torus	DMRG	4.0	9	ZZ up-up nb	chi32	-0.12554817391704215	-0.02200936448470389	0.1753061298943855	2.3496497460060266	2.3555266315986554
torus	DMRG	4.0	9	ZZ up-up nb	chi128	-0.12554817391704215	0.00961686333627948	0.07659899014249277	2.28627739379783	2.3555266315986554
torus	DMRG	4.0	9	ZZ up-up nb	exact	-0.12554817391704215	0.0	0.0	2.3555266315986554	2.3555266315986554
torus	DMRG	4.0	9	ZZ up-up nb	UHF	-0.12554817391704215	0.5406952223387329	4.306675322064066	0.07285546080784885	2.3555266315986554
torus	DMRG	4.0	9	ZZ up-up nb	UHFsym	-0.12554817391704215	0.18235748731183316	1.452490160727695	0.48823223493358453	2.3555266315986554
torus	DMRG	4.0	9	SzSz nb	chi4	-0.021033623001160878	0.14781365004935845	7.027493553592759	0.050977882877456006	1.7750178093176816
torus	DMRG	4.0	9	SzSz nb	chi8	-0.021033623001160878	-0.015501417173251453	0.736982742934772	0.9964454630807318	1.7750178093176816
torus	DMRG	4.0	9	SzSz nb	chi32	-0.021033623001160878	-0.000391224704850264	0.018599967529544088	1.7850110574595244	1.7750178093176816
torus	DMRG	4.0	9	SzSz nb	chi128	-0.021033623001160878	0.0009143219650153064	0.043469542311604784	1.7669978270675737	1.7750178093176816
torus	DMRG	4.0	9	SzSz nb	exact	-0.021033623001160878	0.0	0.0	1.7750178093176816	1.7750178093176816
torus	DMRG	4.0	9	SzSz nb	UHF	-0.021033623001160878	0.12953475865002362	6.158461556664507	0.06504325452886056	1.7750178093176816
torus	DMRG	4.0	9	SzSz nb	UHFsym	-0.021033623001160878	0.039950324893298444	1.8993553745397798	0.49616269834906124	1.7750178093176816
torus	DMRG	4.0	9	SxSx nb	chi4	-0.0210336216988098	0.17777345846567114	8.451871057266878	0.03898994385208995	1.6077710841951758
torus	DMRG	4.0	9	SxSx nb	chi8	-0.0210336216988098	-0.01400747865438963	0.6659565744297022	1.2672441760424813	1.6077710841951758
torus	DMRG	4.0	9	SxSx nb	chi32	-0.0210336216988098	-0.002747075162057345	0.1306040016024815	1.5183469434306567	1.6077710841951758
torus	DMRG	4.0	9	SxSx nb	chi128	-0.0210336216988098	0.0008175995649901437	0.03887107872803512	1.6010502626408525	1.6077710841951758
torus	DMRG	4.0	9	SxSx nb	exact	-0.0210336216988098	0.0	0.0	1.6077710841951758	1.6077710841951758
torus	DMRG	4.0	9	SxSx nb	UHF	-0.0210336216988098	-0.004776309106024234	0.22707972856117803	1.5709254511248434	1.6077710841951758
torus	DMRG	4.0	9	SxSx nb	UHFsym	-0.0210336216988098	0.040015907772338266	1.9024734943579682	0.47974773822797845	1.6077710841951758
torus	ED	4.0	10	n	chi4	0.9999999999999994	-2.55351295663786e-15	2.5535129566378616e-15	0.9787549295082195	1.0000009511587231
torus	ED	4.0	10	n	chi8	0.9999999999999994	0.1797892704306624	0.1797892704306625	0.29057314571159787	1.0000009511587231
torus	ED	4.0	10	n	chi32	0.9999999999999994	0.07160475027680513	0.07160475027680517	0.786275077585183	1.0000009511587231
torus	ED	4.0	10	n	chi128	0.9999999999999994	0.01761948209528208	0.01761948209528209	0.9961596330970867	1.0000009511587231
torus	ED	4.0	10	n	exact	0.9999999999999994	1.0108126421437547e-6	1.0108126421437553e-6	1.0000009511587231	1.0000009511587231
torus	ED	4.0	10	n	UHF	0.9999999999999994	-0.03254812928732209	0.03254812928732211	0.025695458482030063	1.0000009511587231
torus	ED	4.0	10	n	UHFsym	0.9999999999999994	-0.03254812928731632	0.03254812928731634	0.9088441337456553	1.0000009511587231
torus	ED	4.0	10	Sz	chi4	1.942890293094024e-16	0.007478763511006129	NaN	0.9928890687735349	0.9999995689309292
torus	ED	4.0	10	Sz	chi8	1.942890293094024e-16	-0.039894111382012945	NaN	0.28490906050440157	0.9999995689309292
torus	ED	4.0	10	Sz	chi32	1.942890293094024e-16	0.003850207590615405	NaN	0.7444473620717267	0.9999995689309292
torus	ED	4.0	10	Sz	chi128	1.942890293094024e-16	0.00041496841845697907	NaN	0.9743135954245331	0.9999995689309292
torus	ED	4.0	10	Sz	exact	1.942890293094024e-16	1.3192319861521362e-8	NaN	0.9999995689309292	0.9999995689309292
torus	ED	4.0	10	Sz	UHF	1.942890293094024e-16	-0.3664847460105245	NaN	0.031768294991838385	0.9999995689309292
torus	ED	4.0	10	Sz	UHFsym	1.942890293094024e-16	1.9949319973733282e-16	NaN	0.9517554512555568	0.9999995689309292
torus	ED	4.0	10	DoubleOcc	chi4	0.1539899034140722	0.1539899034140722	1.0	0.4234972597042989	10.538741078359811
torus	ED	4.0	10	DoubleOcc	chi8	0.1539899034140722	0.09645911037550481	0.6263989277019704	4.078541047583441	10.538741078359811
torus	ED	4.0	10	DoubleOcc	chi32	0.1539899034140722	0.05716528590373665	0.37122749372744046	5.438753047007822	10.538741078359811
torus	ED	4.0	10	DoubleOcc	chi128	0.1539899034140722	0.01430602700722769	0.09290237015578483	10.045276889412158	10.538741078359811
torus	ED	4.0	10	DoubleOcc	exact	0.1539899034140722	-5.175928544098873e-7	3.3612129297730805e-6	10.538741078359811	10.538741078359811
torus	ED	4.0	10	DoubleOcc	UHF	0.1539899034140722	0.02176206264878411	0.14132136046781496	0.48539599867376837	10.538741078359811
torus	ED	4.0	10	DoubleOcc	UHFsym	0.1539899034140722	0.02176206264878469	0.14132136046781876	4.878641176059758	10.538741078359811
torus	ED	4.0	10	ZZ onsite	chi4	-0.3840403863437099	0.6159596136562921	1.6038928080470638	0.410186419648425	18.694381162031455
torus	ED	4.0	10	ZZ onsite	chi8	-0.3840403863437099	0.026257900640693055	0.0683727586327149	17.53328229544947	18.694381162031455
torus	ED	4.0	10	ZZ onsite	chi32	-0.3840403863437099	0.08545164306133562	0.22250691880321616	10.302111946013012	18.694381162031455
torus	ED	4.0	10	ZZ onsite	chi128	-0.3840403863437099	0.02198514383834521	0.0572469579245472	17.901005238466293	18.694381162031455
torus	ED	4.0	10	ZZ onsite	exact	-0.3840403863437099	-4.0919967029817705e-6	1.0655120785446507e-5	18.694381162031455	18.694381162031455
torus	ED	4.0	10	ZZ onsite	UHF	-0.3840403863437099	0.152144509169781	0.3961679932110425	5.118625095307553	18.694381162031455
torus	ED	4.0	10	ZZ onsite	UHFsym	-0.3840403863437099	0.15214450916977734	0.39616799321103296	5.118625095307733	18.694381162031455
torus	ED	4.0	10	ZZ up-up nb	chi4	-0.12553627146763738	-0.11463012700120115	0.9131235591201402	1.1232568682869888	2.699736089475675
torus	ED	4.0	10	ZZ up-up nb	chi8	-0.12553627146763738	0.28028247380785376	2.23268120465175	0.2517634605628112	2.699736089475675
torus	ED	4.0	10	ZZ up-up nb	chi32	-0.12553627146763738	0.06378593667876226	0.5081076244582104	1.7178392245835519	2.699736089475675
torus	ED	4.0	10	ZZ up-up nb	chi128	-0.12553627146763738	0.009217614366253568	0.07342590518653266	2.6394772233070656	2.699736089475675
torus	ED	4.0	10	ZZ up-up nb	exact	-0.12553627146763738	-8.286115941114058e-6	6.600575151899566e-5	2.699736089475675	2.699736089475675
torus	ED	4.0	10	ZZ up-up nb	UHF	-0.12553627146763738	0.5407071247881379	4.307178462979358	0.07397933759131979	2.699736089475675
torus	ED	4.0	10	ZZ up-up nb	UHFsym	-0.12553627146763738	0.18236938976123798	1.4527226882650557	0.5187406227122633	2.699736089475675
torus	ED	4.0	10	SzSz nb	chi4	-0.021031755464339184	-0.013137895210145918	0.6246694543602003	1.3245788625841906	1.753319847379906
torus	ED	4.0	10	SzSz nb	chi8	-0.021031755464339184	0.06303576053075821	2.9971706659313226	0.20922770499647947	1.753319847379906
torus	ED	4.0	10	SzSz nb	chi32	-0.021031755464339184	0.009246020990198167	0.4396219329325811	1.451348285787676	1.753319847379906
torus	ED	4.0	10	SzSz nb	chi128	-0.021031755464339184	0.0009235742957753347	0.04391332417977756	1.741159811620481	1.753319847379906
torus	ED	4.0	10	SzSz nb	exact	-0.021031755464339184	-2.003435672970344e-6	9.525765342637754e-5	1.753319847379906	1.753319847379906
torus	ED	4.0	10	SzSz nb	UHF	-0.021031755464339184	0.12953662618684533	6.159097199778866	0.05502512859172248	1.753319847379906
torus	ED	4.0	10	SzSz nb	UHFsym	-0.021031755464339184	0.03995219243012014	1.8996128258462248	0.43461685521914406	1.753319847379906
torus	ED	4.0	10	SxSx nb	chi4	-0.021031755464339257	-0.11023938525451334	5.241568419784623	0.08276874491664042	1.6861562596687454
torus	ED	4.0	10	SxSx nb	chi8	-0.021031755464339257	0.06733341417959246	3.2015118421170667	0.179943443500318	1.6861562596687454
torus	ED	4.0	10	SxSx nb	chi32	-0.021031755464339257	0.006572619035532454	0.3125092932293154	1.4856067190219417	1.6861562596687454
torus	ED	4.0	10	SxSx nb	chi128	-0.021031755464339257	0.0008599369760591453	0.04088755108993283	1.6735859578198862	1.6861562596687454
torus	ED	4.0	10	SxSx nb	exact	-0.021031755464339257	-2.0292541983678303e-6	9.648525068716046e-5	1.6861562596687454	1.6861562596687454
torus	ED	4.0	10	SxSx nb	UHF	-0.021031755464339257	-0.004774442871553684	0.22701114415527843	1.6742640234863992	1.6861562596687454
torus	ED	4.0	10	SxSx nb	UHFsym	-0.021031755464339257	0.04001777400680882	1.9027310428110304	0.40724670583434713	1.6861562596687454
torus	DMRG	4.0	10	n	chi4	0.9999989891873573	-1.0108126446972676e-6	1.0108136664405011e-6	0.9787519722379951	1.0000009528990168
torus	DMRG	4.0	10	n	chi8	0.9999989891873573	0.17978825961802025	0.17978844135044977	0.29060749115862294	1.0000009528990168
torus	DMRG	4.0	10	n	chi32	0.9999989891873573	0.07160373946416299	0.07160381184220126	0.7863565236720512	1.0000009528990168
torus	DMRG	4.0	10	n	chi128	0.9999989891873573	0.017618471282639936	0.017618489091631453	0.9961902368923382	1.0000009528990168
torus	DMRG	4.0	10	n	exact	0.9999989891873573	0.0	0.0	1.0000009528990168	1.0000009528990168
torus	DMRG	4.0	10	n	UHF	0.9999989891873573	-0.032549140099964236	0.03254917300107982	0.025696271678646507	1.0000009528990168
torus	DMRG	4.0	10	n	UHFsym	0.9999989891873573	-0.03254914009995846	0.032549173001074044	0.9087993539847478	1.0000009528990168
torus	DMRG	4.0	10	Sz	chi4	-1.3192319667232333e-8	0.007478750318686268	NaN	0.9928670376048027	0.999999569122765
torus	DMRG	4.0	10	Sz	chi8	-1.3192319667232333e-8	-0.03989412457433281	NaN	0.28492920402768845	0.999999569122765
torus	DMRG	4.0	10	Sz	chi32	-1.3192319667232333e-8	0.0038501943982955436	NaN	0.7444561611477574	0.999999569122765
torus	DMRG	4.0	10	Sz	chi128	-1.3192319667232333e-8	0.00041495522613711755	NaN	0.9743168739978494	0.999999569122765
torus	DMRG	4.0	10	Sz	exact	-1.3192319667232333e-8	0.0	NaN	0.999999569122765	0.999999569122765
torus	DMRG	4.0	10	Sz	UHF	-1.3192319667232333e-8	-0.36648475920284435	NaN	0.03177049757858471	0.999999569122765
torus	DMRG	4.0	10	Sz	UHFsym	-1.3192319667232333e-8	-1.3192319662028162e-8	NaN	0.9517507687409812	0.999999569122765
torus	DMRG	4.0	10	DoubleOcc	chi4	0.15399042100692661	0.15399042100692661	1.0	0.4236325900695297	10.53977924650351
torus	DMRG	4.0	10	DoubleOcc	chi8	0.15399042100692661	0.09645962796835922	0.6264001834505043	4.08042177791961	10.53977924650351
torus	DMRG	4.0	10	DoubleOcc	chi32	0.15399042100692661	0.05716580349659106	0.37122960715861475	5.4414496982437	10.53977924650351
torus	DMRG	4.0	10	DoubleOcc	chi128	0.15399042100692661	0.0143065446000821	0.09290541909381869	10.047961581744755	10.53977924650351
torus	DMRG	4.0	10	DoubleOcc	exact	0.15399042100692661	0.0	0.0	10.53977924650351	10.53977924650351
torus	DMRG	4.0	10	DoubleOcc	UHF	0.15399042100692661	0.02176258024163852	0.14132424665985957	0.48551208821453773	10.53977924650351
torus	DMRG	4.0	10	DoubleOcc	UHFsym	0.15399042100692661	0.0217625802416391	0.14132424665986337	4.880896303182758	10.53977924650351
torus	DMRG	4.0	10	ZZ onsite	chi4	-0.3840362943470069	0.6159637056529951	1.603920553135073	0.4102872480599156	18.696100527049435
torus	DMRG	4.0	10	ZZ onsite	chi8	-0.3840362943470069	0.026261992637396037	0.06838414239479737	17.538052305351123	18.696100527049435
torus	DMRG	4.0	10	ZZ onsite	chi32	-0.3840362943470069	0.0854557350580386	0.2225199449008917	10.30680553317785	18.696100527049435
torus	DMRG	4.0	10	ZZ onsite	chi128	-0.3840362943470069	0.021989235835048193	0.05725822313861614	17.90539622516103	18.696100527049435
torus	DMRG	4.0	10	ZZ onsite	exact	-0.3840362943470069	0.0	0.0	18.696100527049435	18.696100527049435
torus	DMRG	4.0	10	ZZ onsite	UHF	-0.3840362943470069	0.152148601166484	0.3961828697081578	5.120840522885882	18.696100527049435
torus	DMRG	4.0	10	ZZ onsite	UHFsym	-0.3840362943470069	0.15214860116648032	0.39618286970814826	5.120840522886062	18.696100527049435
torus	DMRG	4.0	10	ZZ up-up nb	chi4	-0.12552798535169626	-0.11462184088526003	0.9131178243968459	1.1233260437457042	2.70007485308434
torus	DMRG	4.0	10	ZZ up-up nb	chi8	-0.12552798535169626	0.28029075992379493	2.2328945942890286	0.25148039462821803	2.70007485308434
torus	DMRG	4.0	10	ZZ up-up nb	chi32	-0.12552798535169626	0.06379422279470337	0.5082071748062299	1.7165990105478837	2.70007485308434
torus	DMRG	4.0	10	ZZ up-up nb	chi128	-0.12552798535169626	0.009225900482194682	0.07349676214707139	2.63947291194132	2.70007485308434
torus	DMRG	4.0	10	ZZ up-up nb	exact	-0.12552798535169626	0.0	0.0	2.70007485308434	2.70007485308434
torus	DMRG	4.0	10	ZZ up-up nb	UHF	-0.12552798535169626	0.5407154109040789	4.307528790405877	0.0739006722956506	2.70007485308434
torus	DMRG	4.0	10	ZZ up-up nb	UHFsym	-0.12552798535169626	0.1823776758771791	1.45288459275599	0.5181580569624155	2.70007485308434
torus	DMRG	4.0	10	SzSz nb	chi4	-0.021029752028666214	-0.013135891774472948	0.6246336978470818	1.3238927564224698	1.7512091180253593
torus	DMRG	4.0	10	SzSz nb	chi8	-0.021029752028666214	0.06303776396643118	2.9975514633031684	0.20907095007575516	1.7512091180253593
torus	DMRG	4.0	10	SzSz nb	chi32	-0.021029752028666214	0.009248024425871137	0.43975908100413685	1.4491006114445917	1.7512091180253593
torus	DMRG	4.0	10	SzSz nb	chi128	-0.021029752028666214	0.000925577731448305	0.04401277438681281	1.7389578600511972	1.7512091180253593
torus	DMRG	4.0	10	SzSz nb	exact	-0.021029752028666214	0.0	0.0	1.7512091180253593	1.7512091180253593
torus	DMRG	4.0	10	SzSz nb	UHF	-0.021029752028666214	0.1295386296225183	6.159779223546752	0.054996666176642006	1.7512091180253593
torus	DMRG	4.0	10	SzSz nb	UHFsym	-0.021029752028666214	0.03995419586579311	1.899889062473513	0.4341354416653016	1.7512091180253593
torus	DMRG	4.0	10	SxSx nb	chi4	-0.02102972621014089	-0.11023735600031496	5.241977708067195	0.08276874491664042	1.6861562596687454
torus	DMRG	4.0	10	SxSx nb	chi8	-0.02102972621014089	0.06733544343379083	3.2019172651577623	0.179943443500318	1.6861562596687454
torus	DMRG	4.0	10	SxSx nb	chi32	-0.02102972621014089	0.006574648289730822	0.31263594323735966	1.4856067190219417	1.6861562596687454
torus	DMRG	4.0	10	SxSx nb	chi128	-0.02102972621014089	0.0008619662302575132	0.040987991077214236	1.6735859578198862	1.6861562596687454
torus	DMRG	4.0	10	SxSx nb	exact	-0.02102972621014089	0.0	0.0	1.6861562596687454	1.6861562596687454
torus	DMRG	4.0	10	SxSx nb	UHF	-0.02102972621014089	-0.004772413617355316	0.22693655493498424	1.6742640234863992	1.6861562596687454
torus	DMRG	4.0	10	SxSx nb	UHFsym	-0.02102972621014089	0.040019803261007195	1.903011140568676	0.40724670583434713	1.6861562596687454
torus	ED	4.0	11	n	chi4	1.0000000000000178	0.003289113118336795	0.0032891131183367364	0.9748044592345009	1.000000057054989
torus	ED	4.0	11	n	chi8	1.0000000000000178	0.021096891113769	0.021096891113768626	0.9428703835434599	1.000000057054989
torus	ED	4.0	11	n	chi32	1.0000000000000178	0.06258037569726327	0.06258037569726216	0.7368228818627836	1.000000057054989
torus	ED	4.0	11	n	chi128	1.0000000000000178	0.010918549902753316	0.010918549902753122	0.9883055148444683	1.000000057054989
torus	ED	4.0	11	n	exact	1.0000000000000178	-6.398003673524499e-7	6.398003673524386e-7	1.000000057054989	1.000000057054989
torus	ED	4.0	11	n	UHF	1.0000000000000178	-0.032548129287305105	0.03254812928730453	0.020502654487116818	1.000000057054989
torus	ED	4.0	11	n	UHFsym	1.0000000000000178	-0.032548129287299776	0.0325481292872992	0.9123551592887049	1.000000057054989
torus	ED	4.0	11	Sz	chi4	8.049116928532385e-16	-0.011214931979146414	NaN	0.9677614490374391	1.000000401121783
torus	ED	4.0	11	Sz	chi8	8.049116928532385e-16	0.005932969832003419	NaN	0.9448147655126972	1.000000401121783
torus	ED	4.0	11	Sz	chi32	8.049116928532385e-16	0.002397559401167329	NaN	0.7542103132695006	1.000000401121783
torus	ED	4.0	11	Sz	chi128	8.049116928532385e-16	0.0006446459148900033	NaN	0.9845832821566468	1.000000401121783
torus	ED	4.0	11	Sz	exact	8.049116928532385e-16	-3.5974887971357283e-8	NaN	1.000000401121783	1.000000401121783
torus	ED	4.0	11	Sz	UHF	8.049116928532385e-16	0.36648474601052594	NaN	0.0235611972237928	1.000000401121783
torus	ED	4.0	11	Sz	UHFsym	8.049116928532385e-16	8.118505867571457e-16	NaN	0.9444612286922842	1.000000401121783
torus	ED	4.0	11	DoubleOcc	chi4	0.15398990341407442	0.059427794160384045	0.3859200690618294	2.2912993479397823	10.811052284723509
torus	ED	4.0	11	DoubleOcc	chi8	0.15398990341407442	0.058019048384074096	0.37677176943258767	2.9135022998335156	10.811052284723509
torus	ED	4.0	11	DoubleOcc	chi32	0.15398990341407442	0.050742354434982165	0.3295174119210753	5.7868177618515135	10.811052284723509
torus	ED	4.0	11	DoubleOcc	chi128	0.15398990341407442	0.010322105068792109	0.06703105099713105	10.345559836885702	10.811052284723509
torus	ED	4.0	11	DoubleOcc	exact	0.15398990341407442	-1.7108309534052957e-6	1.111002030311637e-5	10.811052284723509	10.811052284723509
torus	ED	4.0	11	DoubleOcc	UHF	0.15398990341407442	0.021762062648785968	0.141321360467825	0.5324293050655157	10.811052284723509
torus	ED	4.0	11	DoubleOcc	UHFsym	0.15398990341407442	0.021762062648786717	0.14132136046782987	4.718466854607449	10.811052284723509
torus	ED	4.0	11	ZZ onsite	chi4	-0.3840403863437191	0.23113295040487897	0.6018454272619473	2.594420803391889	14.678359781430688
torus	ED	4.0	11	ZZ onsite	chi8	-0.3840403863437191	0.1898824113087752	0.4944334451815413	3.5658872781408313	14.678359781430688
torus	ED	4.0	11	ZZ onsite	chi32	-0.3840403863437191	0.07780866634542016	0.20260542670056791	9.874805621852355	14.678359781430688
torus	ED	4.0	11	ZZ onsite	chi128	-0.3840403863437191	0.019451320469679068	0.050649153478014644	14.408942978401022	14.678359781430688
torus	ED	4.0	11	ZZ onsite	exact	-0.3840403863437191	-5.563723061596804e-6	1.4487338466057131e-5	14.678359781430688	14.678359781430688
torus	ED	4.0	11	ZZ onsite	UHF	-0.3840403863437191	0.152144509169773	0.3961679932110122	4.931463571107963	14.678359781430688
torus	ED	4.0	11	ZZ onsite	UHFsym	-0.3840403863437191	0.15214450916977068	0.3961679932110061	4.931463571108072	14.678359781430688
torus	ED	4.0	11	ZZ up-up nb	chi4	-0.12553627146764998	0.6605620539076309	5.261921882695506	0.06508741432763193	2.172388695912375
torus	ED	4.0	11	ZZ up-up nb	chi8	-0.12553627146764998	0.08683771959295647	0.6917340986611513	1.3943576940345017	2.172388695912375
torus	ED	4.0	11	ZZ up-up nb	chi32	-0.12553627146764998	0.028199103393134944	0.22462912960101497	2.0524210673378684	2.172388695912375
torus	ED	4.0	11	ZZ up-up nb	chi128	-0.12553627146764998	-0.0010520137818156167	0.008380157937753591	2.172163971404976	2.172388695912375
torus	ED	4.0	11	ZZ up-up nb	exact	-0.12553627146764998	-7.926113735040596e-6	6.313803685879833e-5	2.172388695912375	2.172388695912375
torus	ED	4.0	11	ZZ up-up nb	UHF	-0.12553627146764998	0.540707124788127	4.30717846297884	0.09573644789433264	2.172388695912375
torus	ED	4.0	11	ZZ up-up nb	UHFsym	-0.12553627146764998	0.1823693897612256	1.4527226882648112	0.626936707478566	2.172388695912375
torus	ED	4.0	11	SzSz nb	chi4	-0.02103175546434153	0.12738949297305321	6.057007138041179	0.06295421338492004	1.8892324300188141
torus	ED	4.0	11	SzSz nb	chi8	-0.02103175546434153	0.017701325346443496	0.8416475446595677	1.2181471033522318	1.8892324300188141
torus	ED	4.0	11	SzSz nb	chi32	-0.02103175546434153	0.0026162663787832746	0.12439600599289231	1.8741247644289278	1.8892324300188141
torus	ED	4.0	11	SzSz nb	chi128	-0.02103175546434153	-0.0010854579954157617	0.05161043248416	1.8781506098921446	1.8892324300188141
torus	ED	4.0	11	SzSz nb	exact	-0.02103175546434153	-2.403485477774081e-6	0.00011427888089746437	1.8892324300188141	1.8892324300188141
torus	ED	4.0	11	SzSz nb	UHF	-0.02103175546434153	0.12953662618684333	6.159097199778084	0.06231360896081425	1.8892324300188141
torus	ED	4.0	11	SzSz nb	UHFsym	-0.02103175546434153	0.03995219243011791	1.899612825845907	0.5083518631345845	1.8892324300188141
torus	ED	4.0	11	SxSx nb	chi4	-0.021031755464338366	0.15310919469840462	7.279905615012401	0.04978981295768194	2.117752265104325
torus	ED	4.0	11	SxSx nb	chi8	-0.021031755464338366	0.015357039065925171	0.7301834167844289	1.4915085904115708	2.117752265104325
torus	ED	4.0	11	SxSx nb	chi32	-0.021031755464338366	0.0024831527067576756	0.11806683046349277	2.1282525706574384	2.117752265104325
torus	ED	4.0	11	SxSx nb	chi128	-0.021031755464338366	-0.0008301765022705118	0.039472525423670246	2.099660349103761	2.117752265104325
torus	ED	4.0	11	SxSx nb	exact	-0.021031755464338366	-2.399978545685605e-6	0.00011411213627673781	2.117752265104325	2.117752265104325
torus	ED	4.0	11	SxSx nb	UHF	-0.021031755464338366	-0.004774442871552827	0.22701114415524729	1.8026028208987452	2.117752265104325
torus	ED	4.0	11	SxSx nb	UHFsym	-0.021031755464338366	0.040017774006809774	1.9027310428111563	0.6107807259634505	2.117752265104325
torus	DMRG	4.0	11	n	chi4	1.0000006398003851	0.0032897529187041474	0.0032897508139203098	0.9748201795108201	1.0000000565372502
torus	DMRG	4.0	11	n	chi8	1.0000006398003851	0.021097530914136353	0.021097517415936587	0.9428814337982157	1.0000000565372502
torus	DMRG	4.0	11	n	chi32	1.0000006398003851	0.06258101549763062	0.06258097545829842	0.7368542274244674	1.0000000565372502
torus	DMRG	4.0	11	n	chi128	1.0000006398003851	0.010919189703120669	0.01091918271702336	0.9883142835697039	1.0000000565372502
torus	DMRG	4.0	11	n	exact	1.0000006398003851	0.0	0.0	1.0000000565372502	1.0000000565372502
torus	DMRG	4.0	11	n	UHF	1.0000006398003851	-0.03254748948693775	0.03254746866305477	0.020502790092766402	1.0000000565372502
torus	DMRG	4.0	11	n	UHFsym	1.0000006398003851	-0.032547489486932424	0.03254746866304944	0.9123327884486165	1.0000000565372502
torus	DMRG	4.0	11	Sz	chi4	3.5974888776268976e-8	-0.011214896004258443	NaN	0.9677738589417906	1.000000400915522
torus	DMRG	4.0	11	Sz	chi8	3.5974888776268976e-8	0.00593300580689139	NaN	0.944808634688135	1.000000400915522
torus	DMRG	4.0	11	Sz	chi32	3.5974888776268976e-8	0.0023975953760553004	NaN	0.7541986507105986	1.000000400915522
torus	DMRG	4.0	11	Sz	chi128	3.5974888776268976e-8	0.0006446818897779746	NaN	0.9845853889687866	1.000000400915522
torus	DMRG	4.0	11	Sz	exact	3.5974888776268976e-8	0.0	NaN	1.000000400915522	1.000000400915522
torus	DMRG	4.0	11	Sz	UHF	3.5974888776268976e-8	0.3664847819854139	NaN	0.023557491583469883	1.000000400915522
torus	DMRG	4.0	11	Sz	UHFsym	3.5974888776268976e-8	3.597488878320787e-8	NaN	0.9444390290211124	1.000000400915522
torus	DMRG	4.0	11	DoubleOcc	chi4	0.15399161424502783	0.05942950499133745	0.3859268914265333	2.289518792753297	10.803394820987787
torus	DMRG	4.0	11	DoubleOcc	chi8	0.15399161424502783	0.0580207592150275	0.376778693433957	2.9109685174383992	10.803394820987787
torus	DMRG	4.0	11	DoubleOcc	chi32	0.15399161424502783	0.05074406526593557	0.3295248609134833	5.7808859593665085	10.803394820987787
torus	DMRG	4.0	11	DoubleOcc	chi128	0.15399161424502783	0.010323815899745514	0.0670414161859392	10.336225275279212	10.803394820987787
torus	DMRG	4.0	11	DoubleOcc	exact	0.15399161424502783	0.0	0.0	10.803394820987787	10.803394820987787
torus	DMRG	4.0	11	DoubleOcc	UHF	0.15399161424502783	0.021763773479739373	0.14133090029895634	0.5321803331781833	10.803394820987787
torus	DMRG	4.0	11	DoubleOcc	UHFsym	0.15399161424502783	0.021763773479740123	0.1413309002989612	4.7138590965201885	10.803394820987787
torus	DMRG	4.0	11	ZZ onsite	chi4	-0.3840348226206575	0.23113851412794056	0.6018686340750273	2.5924828508961464	14.671711820038071
torus	DMRG	4.0	11	ZZ onsite	chi8	-0.3840348226206575	0.1898879750318368	0.49445509585833736	3.562976926179991	14.671711820038071
torus	DMRG	4.0	11	ZZ onsite	chi32	-0.3840348226206575	0.07781423006848176	0.2026228495048357	9.865312184367946	14.671711820038071
torus	DMRG	4.0	11	ZZ onsite	chi128	-0.3840348226206575	0.019456884192740664	0.05066437480842672	14.399479412061458	14.671711820038071
torus	DMRG	4.0	11	ZZ onsite	exact	-0.3840348226206575	0.0	0.0	14.671711820038071	14.671711820038071
torus	DMRG	4.0	11	ZZ onsite	UHF	-0.3840348226206575	0.1521500728928346	0.3961882202623214	4.927088990582523	14.671711820038071
torus	DMRG	4.0	11	ZZ onsite	UHFsym	-0.3840348226206575	0.15215007289283228	0.39618822026231537	4.927088990582629	14.671711820038071
torus	DMRG	4.0	11	ZZ up-up nb	chi4	-0.12552834535391494	0.660569980021366	5.262317273114318	0.06508107954955453	2.174314851970296
torus	DMRG	4.0	11	ZZ up-up nb	chi8	-0.12552834535391494	0.08684564570669151	0.6918409181754023	1.3954202257637416	2.174314851970296
torus	DMRG	4.0	11	ZZ up-up nb	chi32	-0.12552834535391494	0.028207029506869985	0.2247064551623222	2.054384264236195	2.174314851970296
torus	DMRG	4.0	11	ZZ up-up nb	chi128	-0.12552834535391494	-0.001044087668080576	0.00831754505436101	2.174078487523428	2.174314851970296
torus	DMRG	4.0	11	ZZ up-up nb	exact	-0.12552834535391494	0.0	0.0	2.174314851970296	2.174314851970296
torus	DMRG	4.0	11	ZZ up-up nb	UHF	-0.12552834535391494	0.5407150509018621	4.307513568966186	0.09573053841684113	2.174314851970296
torus	DMRG	4.0	11	ZZ up-up nb	UHFsym	-0.12552834535391494	0.18237731587496064	1.4528775581384872	0.6271578227669388	2.174314851970296
torus	DMRG	4.0	11	SzSz nb	chi4	-0.021029351978863756	0.127391896458531	6.057813697092065	0.06293794002796056	1.8882527132605254
torus	DMRG	4.0	11	SzSz nb	chi8	-0.021029351978863756	0.01770372883192127	0.8418580301340235	1.2173056301263991	1.8882527132605254
torus	DMRG	4.0	11	SzSz nb	chi32	-0.021029351978863756	0.0026186698642610487	0.12452451539605354	1.8729806153338093	1.8882527132605254
torus	DMRG	4.0	11	SzSz nb	chi128	-0.021029351978863756	-0.0010830545099379876	0.0515020391986661	1.8772280149840541	1.8882527132605254
torus	DMRG	4.0	11	SzSz nb	exact	-0.021029351978863756	0.0	0.0	1.8882527132605254	1.8882527132605254
torus	DMRG	4.0	11	SzSz nb	UHF	-0.021029351978863756	0.12953902967232112	6.159915426900391	0.06229761612685559	1.8882527132605254
torus	DMRG	4.0	11	SzSz nb	UHFsym	-0.021029351978863756	0.039954595915595685	1.8999442282269738	0.5080692325421106	1.8882527132605254
torus	DMRG	4.0	11	SxSx nb	chi4	-0.02102935548579268	0.1531115946769503	7.280850560560054	0.04977177567117913	2.1160716709008462
torus	DMRG	4.0	11	SxSx nb	chi8	-0.02102935548579268	0.015359439044470857	0.7303808742425612	1.4898136385016005	2.1160716709008462
torus	DMRG	4.0	11	SxSx nb	chi32	-0.02102935548579268	0.002485552685303361	0.11819443001867495	2.1262894372232823	2.1160716709008462
torus	DMRG	4.0	11	SxSx nb	chi128	-0.02102935548579268	-0.0008277765237248262	0.0393629050725814	2.098082922479271	2.1160716709008462
torus	DMRG	4.0	11	SxSx nb	exact	-0.02102935548579268	0.0	0.0	2.1160716709008462	2.1160716709008462
torus	DMRG	4.0	11	SxSx nb	UHF	-0.02102935548579268	-0.004772042893007141	0.22692292667890407	1.801588366083979	2.1160716709008462
torus	DMRG	4.0	11	SxSx nb	UHFsym	-0.02102935548579268	0.040020173985355456	1.9030623174539454	0.6102399268944304	2.1160716709008462
