U	doping	L	chi_prior	observable	prior_fid	S_center	median_absDelta	mean_absDelta	max_absDelta
0.0	0.0	8	4	SzSz r=1	0.4378392027406834	1.3037397286954624	0.03210104945770431	0.03809711107023661	0.05315953341455712
0.0	0.0	8	4	hop up r=1	0.4378392027406834	1.3037397286954624	0.24189464012272177	0.32542950919429314	0.5287522659022413
0.0	0.0	8	4	DoubleOcc	0.4378392027406834	1.3037397286954624	8.069049595160749e-11	2.464596235429717e-10	8.894457392827348e-10
0.0	0.0	8	4	ZZ up-up r=1	0.4378392027406834	1.3037397286954624	0.256808395388865	0.30477688848787254	0.42527626757253767
0.0	0.0	8	4	Sz	0.4378392027406834	1.3037397286954624	2.0720890281378246e-11	4.751835513613911e-11	1.495979624899224e-10
0.0	0.0	8	4	ZZ onsite	0.4378392027406834	1.3037397286954624	1.0017016729970274e-11	8.314907659970106e-11	3.0690289198886944e-10
0.0	0.0	8	4	n	0.4378392027406834	1.3037397286954624	1.5673873310362296e-10	4.898110667062028e-10	1.6421514148490246e-9
0.0	0.0	8	8	SzSz r=1	0.9029859428513796	1.3037397286954624	0.00508945246614817	0.009428992880898794	0.01943079877672011
0.0	0.0	8	8	hop up r=1	0.9029859428513796	1.3037397286954624	0.029869795963271106	0.051593022105258006	0.09681154291874239
0.0	0.0	8	8	DoubleOcc	0.9029859428513796	1.3037397286954624	4.118133611896724e-10	4.963220945342073e-10	1.2794680315231233e-9
0.0	0.0	8	8	ZZ up-up r=1	0.9029859428513796	1.3037397286954624	0.04071922549566087	0.07547619062871631	0.15548413730488886
0.0	0.0	8	8	Sz	0.9029859428513796	1.3037397286954624	2.4476497217928994e-12	4.618842634751541e-12	1.3438465618076378e-11
0.0	0.0	8	8	ZZ onsite	0.9029859428513796	1.3037397286954624	2.9954920488517445e-11	3.174484631326274e-10	1.405367524610901e-9
0.0	0.0	8	8	n	0.9029859428513796	1.3037397286954624	8.820780772467174e-10	1.0200284644712454e-9	2.090065343018921e-9
0.0	0.0	8	16	SzSz r=1	0.9895169004713881	1.3037397286954624	0.0003403123365799815	0.0006794198913806132	0.0028234440459738996
0.0	0.0	8	16	hop up r=1	0.9895169004713881	1.3037397286954624	0.0008986127882467665	0.0014354917122066618	0.003938645726982437
0.0	0.0	8	16	DoubleOcc	0.9895169004713881	1.3037397286954624	3.116729097030202e-12	3.983518376271533e-12	9.236555964520221e-12
0.0	0.0	8	16	ZZ up-up r=1	0.9895169004713881	1.3037397286954624	0.001529781646820605	0.0021948894217656396	0.006260147332791122
0.0	0.0	8	16	Sz	0.9895169004713881	1.3037397286954624	6.718792189275291e-13	9.117125457369646e-13	2.0481394358284888e-12
0.0	0.0	8	16	ZZ onsite	0.9895169004713881	1.3037397286954624	1.2873535570889771e-11	1.2905762613105165e-11	2.8418830656795624e-11
0.0	0.0	8	16	n	0.9895169004713881	1.3037397286954624	2.95335977895661e-12	3.227793032856141e-12	6.811995412192573e-12
0.0	0.0	8	32	SzSz r=1	0.9998840694370585	1.3037397286954624	9.97391892525179e-6	3.4226859941918564e-5	9.742806329263165e-5
0.0	0.0	8	32	hop up r=1	0.9998840694370585	1.3037397286954624	6.111325811986035e-5	8.672274695150004e-5	0.0002269632090117213
0.0	0.0	8	32	DoubleOcc	0.9998840694370585	1.3037397286954624	2.8252816752782905e-12	3.512020535501037e-12	9.899192576767746e-12
0.0	0.0	8	32	ZZ up-up r=1	0.9998840694370585	1.3037397286954624	7.88936693810749e-5	0.0002837515324371963	0.0007799958593094347
0.0	0.0	8	32	Sz	0.9998840694370585	1.3037397286954624	4.510766760112972e-13	4.87217904909798e-13	1.1134357325026656e-12
0.0	0.0	8	32	ZZ onsite	0.9998840694370585	1.3037397286954624	4.113479522283026e-12	7.798041075715578e-12	2.3907480162232986e-11
0.0	0.0	8	32	n	0.9998840694370585	1.3037397286954624	4.642952688982405e-12	4.488090454835003e-12	8.001932449985816e-12
0.0	0.0	16	4	SzSz r=1	0.10208806057459138	1.5181841605311341	0.041248108821226676	0.046856644304029006	0.06420955985597668
0.0	0.0	16	4	hop up r=1	0.10208806057459138	1.5181841605311341	0.3026309943410117	0.3914115234641277	0.5787029799833348
0.0	0.0	16	4	DoubleOcc	0.10208806057459138	1.5181841605311341	5.37900209096609e-9	4.612211081458928e-8	1.746684173686841e-7
0.0	0.0	16	4	ZZ up-up r=1	0.10208806057459138	1.5181841605311341	0.32998487975759944	0.3748531592162844	0.5136764837498193
0.0	0.0	16	4	Sz	0.10208806057459138	1.5181841605311341	4.8260834165786415e-9	2.983875573112516e-8	1.1777594666195768e-7
0.0	0.0	16	4	ZZ onsite	0.10208806057459138	1.5181841605311341	2.4095954100092047e-10	7.159676840539538e-10	2.9303015815445564e-9
0.0	0.0	16	4	n	0.10208806057459138	1.5181841605311341	1.0877056477731628e-8	9.223061590152293e-8	3.492321813958199e-7
0.0	0.0	16	8	SzSz r=1	0.6645716389219753	1.5181841605311341	0.0066229106625360495	0.011776124351101118	0.0236185764652537
0.0	0.0	16	8	hop up r=1	0.6645716389219753	1.5181841605311341	0.03737723037431118	0.06909284421421188	0.12429008241823158
0.0	0.0	16	8	DoubleOcc	0.6645716389219753	1.5181841605311341	4.463912836594197e-9	1.6708499648090958e-8	7.429106088641113e-8
0.0	0.0	16	8	ZZ up-up r=1	0.6645716389219753	1.5181841605311341	0.05299095462899461	0.09437597853576252	0.18909129696729973
0.0	0.0	16	8	Sz	0.6645716389219753	1.5181841605311341	4.2289820915975e-9	1.0065870602316007e-8	4.421525769821022e-8
0.0	0.0	16	8	ZZ onsite	0.6645716389219753	1.5181841605311341	3.631144152721477e-10	2.259586195018856e-9	2.4513730894140662e-8
0.0	0.0	16	8	n	0.6645716389219753	1.5181841605311341	8.937216133819703e-9	3.428314197806426e-8	1.4823776350869622e-7
0.0	0.0	16	16	SzSz r=1	0.9446329602075015	1.5181841605311341	0.00028970359915306276	0.0005539251069185666	0.003224356582558749
0.0	0.0	16	16	hop up r=1	0.9446329602075015	1.5181841605311341	0.0016903057384570763	0.0025045849871678278	0.0058686267662835245
0.0	0.0	16	16	DoubleOcc	0.9446329602075015	1.5181841605311341	6.073865715938709e-10	1.628727242138084e-8	1.1360156376705177e-7
0.0	0.0	16	16	ZZ up-up r=1	0.9446329602075015	1.5181841605311341	0.0053851822144865835	0.006855793040357406	0.0165244424267893
0.0	0.0	16	16	Sz	0.9446329602075015	1.5181841605311341	1.1676828566564712e-9	1.9603153631614356e-8	1.0102001893330659e-7
0.0	0.0	16	16	ZZ onsite	0.9446329602075015	1.5181841605311341	8.571923032496542e-11	3.6543902073252893e-10	2.76410922275816e-9
0.0	0.0	16	16	n	0.9446329602075015	1.5181841605311341	1.197917709472307e-9	3.2491932137890256e-8	2.2582107206403634e-7
0.0	0.0	16	32	SzSz r=1	0.9973413202404258	1.5181841605311341	0.00012903008935204185	0.00018994515666161625	0.0004902385943775719
0.0	0.0	16	32	hop up r=1	0.9973413202404258	1.5181841605311341	0.00028467978240109826	0.00042428155312121223	0.0010194344909761899
0.0	0.0	16	32	DoubleOcc	0.9973413202404258	1.5181841605311341	5.467276770199092e-10	2.7177212025969455e-9	1.0380174553237254e-8
0.0	0.0	16	32	ZZ up-up r=1	0.9973413202404258	1.5181841605311341	0.0010633075283182358	0.0015572029778021226	0.004289002813599951
0.0	0.0	16	32	Sz	0.9973413202404258	1.5181841605311341	6.670555878496298e-10	3.2894937494407084e-9	1.8812048335759002e-8
0.0	0.0	16	32	ZZ onsite	0.9973413202404258	1.5181841605311341	4.751353772231015e-10	1.78324545906626e-9	1.0363191409179517e-8
0.0	0.0	16	32	n	0.9973413202404258	1.5181841605311341	9.103237053054158e-10	5.7209269058167145e-9	1.9322297650781195e-8
0.0	0.0	32	4	SzSz r=1	0.004171985696869481	1.7402096065084742	0.04590338739767597	0.052769742170144726	0.06933843736916068
0.0	0.0	32	4	hop up r=1	0.004171985696869481	1.7402096065084742	0.3326961707753846	0.4338132881743127	0.6065514360560008
0.0	0.0	32	4	DoubleOcc	0.004171985696869481	1.7402096065084742	3.636721019328881e-7	7.193325936858189e-7	2.171858812405336e-6
0.0	0.0	32	4	ZZ up-up r=1	0.004171985696869481	1.7402096065084742	0.36722777691117225	0.42215829225141294	0.5547068445238994
0.0	0.0	32	4	Sz	0.004171985696869481	1.7402096065084742	7.693058857588531e-7	8.93651946978736e-7	2.319712004428265e-6
0.0	0.0	32	4	ZZ onsite	0.004171985696869481	1.7402096065084742	6.714385847794699e-9	1.0494380926029412e-8	2.8664480781225567e-8
0.0	0.0	32	4	n	0.004171985696869481	1.7402096065084742	7.290304893103894e-7	1.4377098426325563e-6	4.3336679447225634e-6
0.0	0.0	32	8	SzSz r=1	0.2889342213900489	1.7402096065084742	0.007145886130948825	0.013380748837742117	0.026238496528057945
0.0	0.0	32	8	hop up r=1	0.2889342213900489	1.7402096065084742	0.04502593653805631	0.08214645082165635	0.14200264564644133
0.0	0.0	32	8	DoubleOcc	0.2889342213900489	1.7402096065084742	7.833934520529162e-8	1.215093497390976e-7	6.896399193656588e-7
0.0	0.0	32	8	ZZ up-up r=1	0.2889342213900489	1.7402096065084742	0.05717687451493536	0.1073926984904987	0.2101662619097719
0.0	0.0	32	8	Sz	0.2889342213900489	1.7402096065084742	1.856188614236809e-7	2.620335670057341e-7	8.688498993325577e-7
0.0	0.0	32	8	ZZ onsite	0.2889342213900489	1.7402096065084742	8.672978657302266e-9	2.6442230630264888e-8	1.7079249184891176e-7
0.0	0.0	32	8	n	0.2889342213900489	1.7402096065084742	1.5783488732656892e-7	2.4824577705973017e-7	1.3777522890334737e-6
0.0	0.0	32	16	SzSz r=1	0.7890075659757023	1.7402096065084742	0.00024266196455997868	0.0005193965735588862	0.00325543563037288
0.0	0.0	32	16	hop up r=1	0.7890075659757023	1.7402096065084742	0.004391667115560938	0.004623671441836694	0.009218543864567774
0.0	0.0	32	16	DoubleOcc	0.7890075659757023	1.7402096065084742	7.942461063836781e-8	1.2851622484873898e-7	7.084742321417092e-7
0.0	0.0	32	16	ZZ up-up r=1	0.7890075659757023	1.7402096065084742	0.011277513457385868	0.012866491232025662	0.02617058571811476
0.0	0.0	32	16	Sz	0.7890075659757023	1.7402096065084742	1.2867293922025347e-7	1.6187306763645708e-7	8.335165101736042e-7
0.0	0.0	32	16	ZZ onsite	0.7890075659757023	1.7402096065084742	7.932134480498343e-9	1.6667951601996144e-8	9.647621568298348e-8
0.0	0.0	32	16	n	0.7890075659757023	1.7402096065084742	1.641746317226911e-7	2.587047454871705e-7	1.4189354416993538e-6
0.0	0.0	32	32	SzSz r=1	0.9763519307531593	1.7402096065084742	0.0005831718047770024	0.0005330585098429761	0.0010761341730761015
0.0	0.0	32	32	hop up r=1	0.9763519307531593	1.7402096065084742	0.0009386380077833767	0.0012628717344840674	0.003353531454665548
0.0	0.0	32	32	DoubleOcc	0.9763519307531593	1.7402096065084742	7.252241182183206e-5	7.269232348826662e-5	0.00018578623771958735
0.0	0.0	32	32	ZZ up-up r=1	0.9763519307531593	1.7402096065084742	0.0034148083728450795	0.003994185525210373	0.00924441959274469
0.0	0.0	32	32	Sz	0.9763519307531593	1.7402096065084742	7.253013576385622e-5	7.259172814417679e-5	0.0001849921869690324
0.0	0.0	32	32	ZZ onsite	0.9763519307531593	1.7402096065084742	6.2264540398593304e-9	3.8354401716444607e-8	1.7782815269623553e-7
0.0	0.0	32	32	n	0.9763519307531593	1.7402096065084742	0.00014503293919554405	0.00014537397056152424	0.0003715467778988568
0.0	0.0	64	4	SzSz r=1	0.0007726985704259113	1.9587237277092293	0.02660621758812149	0.027561973683346456	0.06717289309721297
0.0	0.0	64	4	hop up r=1	0.0007726985704259113	1.9587237277092293	0.3035024018965703	0.2622396249631746	0.6049296481796625
0.0	0.0	64	4	DoubleOcc	0.0007726985704259113	1.9587237277092293	0.026681077057454372	0.02238562350574039	0.048885426099420454
0.0	0.0	64	4	ZZ up-up r=1	0.0007726985704259113	1.9587237277092293	0.2718169250073392	0.26763043838721434	0.5490960119921484
0.0	0.0	64	4	Sz	0.0007726985704259113	1.9587237277092293	0.026690429168470208	0.022384275167679147	0.0488685013932552
0.0	0.0	64	4	ZZ onsite	0.0007726985704259113	1.9587237277092293	4.767192087717399e-6	7.5315996353432996e-6	2.0612752195819234e-5
0.0	0.0	64	4	n	0.0007726985704259113	1.9587237277092293	0.05335632096083337	0.044770401882556446	0.09777240407422982
0.0	0.0	64	8	SzSz r=1	0.09428921239801086	1.9587237277092293	0.0056134894178986525	0.009845430882522968	0.024278209747322227
0.0	0.0	64	8	hop up r=1	0.09428921239801086	1.9587237277092293	0.03379191335788001	0.05789869196405553	0.12834978940290231
0.0	0.0	64	8	DoubleOcc	0.09428921239801086	1.9587237277092293	0.0016953778328758357	0.0020182286569360216	0.00909133852970423
0.0	0.0	64	8	ZZ up-up r=1	0.09428921239801086	1.9587237277092293	0.04481399142305409	0.10576910191540603	0.20185409344688587
0.0	0.0	64	8	Sz	0.09428921239801086	1.9587237277092293	0.0016969873062120042	0.0020151048159149677	0.009071398712132842
0.0	0.0	64	8	ZZ onsite	0.09428921239801086	1.9587237277092293	1.8672753756398403e-6	3.893199204508166e-6	1.4797700127106017e-5
0.0	0.0	64	8	n	0.09428921239801086	1.9587237277092293	0.0033878457199800205	0.004036249822406747	0.018183395607240915
0.0	0.0	64	16	SzSz r=1	0.4643820094997927	1.9587237277092293	0.0006495417856629271	0.0006975250593910885	0.003260163818573178
0.0	0.0	64	16	hop up r=1	0.4643820094997927	1.9587237277092293	0.007358438862084538	0.007087524412089378	0.011719147501982219
0.0	0.0	64	16	DoubleOcc	0.4643820094997927	1.9587237277092293	7.1161331290509056e-6	7.566107435156774e-6	2.896756897385888e-5
0.0	0.0	64	16	ZZ up-up r=1	0.4643820094997927	1.9587237277092293	0.0174889951384678	0.019069245341014333	0.033162623537673463
0.0	0.0	64	16	Sz	0.4643820094997927	1.9587237277092293	3.912568999040605e-6	5.787151960331407e-6	3.1451721673167454e-5
0.0	0.0	64	16	ZZ onsite	0.4643820094997927	1.9587237277092293	2.2841595456908614e-7	3.2760018792560286e-7	1.2304610758420709e-6
0.0	0.0	64	16	n	0.4643820094997927	1.9587237277092293	1.4393322491645932e-5	1.519180556444795e-5	5.789538567668728e-5
0.0	0.0	64	32	SzSz r=1	0.8906091084494772	1.9587237277092293	0.0012251765014394678	0.0010700932995310998	0.0016882204954288688
0.0	0.0	64	32	hop up r=1	0.8906091084494772	1.9587237277092293	0.0016586916404816021	0.0024437933955466238	0.005744592191449072
0.0	0.0	64	32	DoubleOcc	0.8906091084494772	1.9587237277092293	0.00010450438317675947	9.186998976882512e-5	0.00014597078750278047
0.0	0.0	64	32	ZZ up-up r=1	0.8906091084494772	1.9587237277092293	0.010173330962751859	0.00873549148156669	0.014214508609605048
0.0	0.0	64	32	Sz	0.8906091084494772	1.9587237277092293	0.00018073162456037906	0.0001835413797020362	0.0005252269237643395
0.0	0.0	64	32	ZZ onsite	0.8906091084494772	1.9587237277092293	0.00044065384388559774	0.00036819973130094487	0.0006065406678083356
0.0	0.0	64	32	n	0.8906091084494772	1.9587237277092293	1.1586607373437197e-5	1.9265128420554653e-5	0.00011660294461246501
0.0	0.0	128	4	SzSz r=1	1.915084885336954e-6	2.1247367645221544	0.02491972739829204	0.026200819243834116	0.030956032715836263
0.0	0.0	128	4	hop up r=1	1.915084885336954e-6	2.1247367645221544	0.12242254730600355	0.17753443692487555	0.2681018346743482
0.0	0.0	128	4	DoubleOcc	1.915084885336954e-6	2.1247367645221544	0.00786661878491128	0.007152271159859807	0.008352004664392232
0.0	0.0	128	4	ZZ up-up r=1	1.915084885336954e-6	2.1247367645221544	0.18547862789143982	0.18656223934555607	0.23282789754321498
0.0	0.0	128	4	Sz	1.915084885336954e-6	2.1247367645221544	0.012162959921205006	0.011506425070353859	0.055528820992115015
0.0	0.0	128	4	ZZ onsite	1.915084885336954e-6	2.1247367645221544	0.031168051274198243	0.028609191913892062	0.03439334071736379
0.0	0.0	128	4	n	1.915084885336954e-6	2.1247367645221544	0.0005524012550026103	0.0004849180196262251	0.0006764120729829681
0.0	0.0	128	8	SzSz r=1	0.003332233591375469	2.1247367645221544	0.007705553817933614	0.007823341572779592	0.016977831615762412
0.0	0.0	128	8	hop up r=1	0.003332233591375469	2.1247367645221544	0.029923599350988095	0.04231998729253686	0.08955662744778448
0.0	0.0	128	8	DoubleOcc	0.003332233591375469	2.1247367645221544	0.0025447402193857355	0.0024418457794446726	0.005058404686377221
0.0	0.0	128	8	ZZ up-up r=1	0.003332233591375469	2.1247367645221544	0.04117699308907985	0.09510336864391651	0.17771330130023663
0.0	0.0	128	8	Sz	0.003332233591375469	2.1247367645221544	0.00013379550687973515	0.0003668112894261301	0.003712681795176004
0.0	0.0	128	8	ZZ onsite	0.003332233591375469	2.1247367645221544	0.01110037390161648	0.009730482693000907	0.019672546189868235
0.0	0.0	128	8	n	0.003332233591375469	2.1247367645221544	0.0004346576897534815	0.0005693240712445116	0.0019479107682822683
0.0	0.0	128	16	SzSz r=1	0.16338480248873521	2.1247367645221544	0.0020166140328004845	0.0022471994960514678	0.0036098319845173157
0.0	0.0	128	16	hop up r=1	0.16338480248873521	2.1247367645221544	0.008157211979699763	0.007885208092499521	0.01185729233805688
0.0	0.0	128	16	DoubleOcc	0.16338480248873521	2.1247367645221544	0.00031215493194886035	0.0007458298151403204	0.005933928894770318
0.0	0.0	128	16	ZZ up-up r=1	0.16338480248873521	2.1247367645221544	0.0187842505545725	0.01646033465358151	0.02087856690060963
0.0	0.0	128	16	Sz	0.16338480248873521	2.1247367645221544	0.00027337819066676136	0.0006862823281971117	0.0057826387000599125
0.0	0.0	128	16	ZZ onsite	0.16338480248873521	2.1247367645221544	0.00013274755606412954	0.00015348374604037045	0.0003255420554408098
0.0	0.0	128	16	n	0.16338480248873521	2.1247367645221544	0.0006397286852061757	0.0014375228993864352	0.011868052155878495
0.0	0.0	128	32	SzSz r=1	0.6603211457404426	2.1247367645221544	0.0018305170077390284	0.0016006398197220138	0.002314179984142295
0.0	0.0	128	32	hop up r=1	0.6603211457404426	2.1247367645221544	0.0021013751257490387	0.0037625878253650298	0.008255144918406399
0.0	0.0	128	32	DoubleOcc	0.6603211457404426	2.1247367645221544	0.0001656384675099709	0.0001430431387844022	0.00020327582428930624
0.0	0.0	128	32	ZZ up-up r=1	0.6603211457404426	2.1247367645221544	0.014544369736944729	0.013088948948452745	0.019513907912077966
0.0	0.0	128	32	Sz	0.6603211457404426	2.1247367645221544	0.00012333299429844943	0.00015400138593271826	0.0006294851707801738
0.0	0.0	128	32	ZZ onsite	0.6603211457404426	2.1247367645221544	0.0006707563939039145	0.0005723512698871015	0.0008037262175167037
0.0	0.0	128	32	n	0.6603211457404426	2.1247367645221544	8.129350171026672e-6	1.2476769574935875e-5	6.096848009751188e-5
1.0	0.0	8	4	SzSz r=1	0.565774043884709	1.2737001541698465	0.03659079355725133	0.03643885867990453	0.04265955636492834
1.0	0.0	8	4	hop up r=1	0.565774043884709	1.2737001541698465	0.09198534009136816	0.1343946168244268	0.2230285377587496
1.0	0.0	8	4	DoubleOcc	0.565774043884709	1.2737001541698465	0.007680111700798575	0.009784464256482876	0.02186218784488944
1.0	0.0	8	4	ZZ up-up r=1	0.565774043884709	1.2737001541698465	0.14516634764304104	0.154109740325276	0.20770133203388091
1.0	0.0	8	4	Sz	0.565774043884709	1.2737001541698465	1.9336773501854587e-9	2.0080139061934288e-9	4.022917672596993e-9
1.0	0.0	8	4	ZZ onsite	0.565774043884709	1.2737001541698465	0.03072044293618309	0.03913784725292194	0.08744877364327727
1.0	0.0	8	4	n	0.565774043884709	1.2737001541698465	2.3217853195589555e-9	7.869938131732646e-9	3.14797556910662e-8
1.0	0.0	8	8	SzSz r=1	0.9593957535166278	1.2737001541698465	0.0022136926804884882	0.002564404402691668	0.00428910456353887
1.0	0.0	8	8	hop up r=1	0.9593957535166278	1.2737001541698465	0.011419457601522076	0.016242629269019555	0.026975471750730617
1.0	0.0	8	8	DoubleOcc	0.9593957535166278	1.2737001541698465	0.0019211608940735009	0.0017992048954490365	0.002530552999010477
1.0	0.0	8	8	ZZ up-up r=1	0.9593957535166278	1.2737001541698465	0.021730482087701564	0.029325811403426605	0.04752934008085391
1.0	0.0	8	8	Sz	0.9593957535166278	1.2737001541698465	5.847344830556267e-11	3.0285579166039467e-10	1.1722993339957632e-9
1.0	0.0	8	8	ZZ onsite	0.9593957535166278	1.2737001541698465	0.007684643450820386	0.007196819553265305	0.010122211929824237
1.0	0.0	8	8	n	0.9593957535166278	1.2737001541698465	6.424083487388543e-11	6.588603274071403e-11	1.3789702713040697e-10
1.0	0.0	8	16	SzSz r=1	0.9955049489992551	1.2737001541698465	7.35909292633452e-5	0.00012011249187727066	0.0003248159187793642
1.0	0.0	8	16	hop up r=1	0.9955049489992551	1.2737001541698465	0.0006812438601987436	0.0018155509828928931	0.005380497466119349
1.0	0.0	8	16	DoubleOcc	0.9955049489992551	1.2737001541698465	0.0003663241542360973	0.0003528042401508488	0.0005526659502160802
1.0	0.0	8	16	ZZ up-up r=1	0.9955049489992551	1.2737001541698465	0.0012080144817431249	0.0033654312319758573	0.010137559510824734
1.0	0.0	8	16	Sz	0.9955049489992551	1.2737001541698465	1.9085556052234054e-11	2.5144774283558657e-11	6.132725577367992e-11
1.0	0.0	8	16	ZZ onsite	0.9955049489992551	1.2737001541698465	0.0014652975187220557	0.001411216960603704	0.0022106634744192
1.0	0.0	8	16	n	0.9955049489992551	1.2737001541698465	4.6495696182091706e-11	2.2595528226254658e-10	8.754466040983289e-10
1.0	0.0	8	32	SzSz r=1	0.999958445924136	1.2737001541698465	3.4559110931864367e-6	1.1428229837562507e-5	4.432727938884218e-5
1.0	0.0	8	32	hop up r=1	0.999958445924136	1.2737001541698465	1.9197491478939455e-5	3.216771853897793e-5	9.560212072323715e-5
1.0	0.0	8	32	DoubleOcc	0.999958445924136	1.2737001541698465	2.2366036443732806e-6	2.5853676127625402e-6	4.5918669283329105e-6
1.0	0.0	8	32	ZZ up-up r=1	0.999958445924136	1.2737001541698465	2.5582036073168446e-5	9.479306921057156e-5	0.0002910654119195333
1.0	0.0	8	32	Sz	0.999958445924136	1.2737001541698465	5.9812814423576555e-12	7.397363971373139e-12	2.023463341327414e-11
1.0	0.0	8	32	ZZ onsite	0.999958445924136	1.2737001541698465	8.946412395738346e-6	1.0341470451296492e-5	1.8367479513725637e-5
1.0	0.0	8	32	n	0.999958445924136	1.2737001541698465	5.106637335217101e-12	1.2559980833160012e-11	4.1504133463377e-11
1.0	0.0	16	4	SzSz r=1	0.20016393719005796	1.4755393070565859	0.047135301098601035	0.04475811758571956	0.05160091725981622
1.0	0.0	16	4	hop up r=1	0.20016393719005796	1.4755393070565859	0.12017641861308415	0.16453348545402885	0.25109066355033305
1.0	0.0	16	4	DoubleOcc	0.20016393719005796	1.4755393070565859	0.009224872339641046	0.01281983614320404	0.023971813378918683
1.0	0.0	16	4	ZZ up-up r=1	0.20016393719005796	1.4755393070565859	0.1779463316093337	0.18947993390332687	0.24830570786662198
1.0	0.0	16	4	Sz	0.20016393719005796	1.4755393070565859	7.411497110476617e-10	7.243587756521064e-10	1.4518553789755195e-9
1.0	0.0	16	4	ZZ onsite	0.20016393719005796	1.4755393070565859	0.03689948664192476	0.051279344716809776	0.09588725663453235
1.0	0.0	16	4	n	0.20016393719005796	1.4755393070565859	8.393962747099692e-10	9.586849439302547e-10	2.6894533267096676e-9
1.0	0.0	16	8	SzSz r=1	0.8121925028445524	1.4755393070565859	0.0051226669403540565	0.004768980094941513	0.007700483176220255
1.0	0.0	16	8	hop up r=1	0.8121925028445524	1.4755393070565859	0.016414882857580193	0.020534391889666513	0.03457282762489755
1.0	0.0	16	8	DoubleOcc	0.8121925028445524	1.4755393070565859	0.0019192325289943551	0.003235308080244045	0.008311314331229863
1.0	0.0	16	8	ZZ up-up r=1	0.8121925028445524	1.4755393070565859	0.035841734304274286	0.04377945180010453	0.07561566932679087
1.0	0.0	16	8	Sz	0.8121925028445524	1.4755393070565859	1.3367952925169568e-10	3.293454363395565e-10	1.2511517308300135e-9
1.0	0.0	16	8	ZZ onsite	0.8121925028445524	1.4755393070565859	0.007676929682903344	0.012941232319248529	0.0332452621713472
1.0	0.0	16	8	n	0.8121925028445524	1.4755393070565859	2.2800644705611717e-10	5.255469878728825e-10	2.423213851798778e-9
1.0	0.0	16	16	SzSz r=1	0.9634722825627104	1.4755393070565859	0.000268016199694493	0.00030091603236664054	0.0007795186819329059
1.0	0.0	16	16	hop up r=1	0.9634722825627104	1.4755393070565859	0.0021874581783341007	0.004455090255129076	0.01165683104231996
1.0	0.0	16	16	DoubleOcc	0.9634722825627104	1.4755393070565859	0.0010230218653461132	0.000977147218243801	0.0015864952007332567
1.0	0.0	16	16	ZZ up-up r=1	0.9634722825627104	1.4755393070565859	0.004368915329906076	0.008048588988682426	0.019929381127787804
1.0	0.0	16	16	Sz	0.9634722825627104	1.4755393070565859	4.368182204839144e-11	6.013543092306395e-11	2.4787267377535116e-10
1.0	0.0	16	16	ZZ onsite	0.9634722825627104	1.4755393070565859	0.004092087267767899	0.003908588872974831	0.006345980357681774
1.0	0.0	16	16	n	0.9634722825627104	1.4755393070565859	5.1499360331774824e-11	8.134418139071897e-11	3.762585798483542e-10
1.0	0.0	16	32	SzSz r=1	0.9984087467313655	1.4755393070565859	9.756124155635426e-5	0.0001234087770693578	0.0003342774016414085
1.0	0.0	16	32	hop up r=1	0.9984087467313655	1.4755393070565859	0.00017259388407697696	0.00027698412308632496	0.0008634824529203389
1.0	0.0	16	32	DoubleOcc	0.9984087467313655	1.4755393070565859	1.2129326651899586e-5	1.835442623776551e-5	3.696612096978913e-5
1.0	0.0	16	32	ZZ up-up r=1	0.9984087467313655	1.4755393070565859	0.0007356204493685903	0.0007230980519353929	0.0019144574834275008
1.0	0.0	16	32	Sz	0.9984087467313655	1.4755393070565859	2.7605619179471574e-11	3.2808272591722254e-11	8.649744809297033e-11
1.0	0.0	16	32	ZZ onsite	0.9984087467313655	1.4755393070565859	4.851729915679448e-5	7.34177092771935e-5	0.00014786453309775793
1.0	0.0	16	32	n	0.9984087467313655	1.4755393070565859	1.1691037027361517e-11	1.548004086027177e-11	4.9339976548878894e-11
1.0	0.0	32	4	SzSz r=1	0.01972068543571763	1.6818171833583362	0.053537221861761436	0.05050373061972798	0.05591151959319546
1.0	0.0	32	4	hop up r=1	0.01972068543571763	1.6818171833583362	0.1357793421759893	0.1849908492184865	0.26850258363726814
1.0	0.0	32	4	DoubleOcc	0.01972068543571763	1.6818171833583362	0.010027886295734145	0.01487788656949715	0.024598719353316534
1.0	0.0	32	4	ZZ up-up r=1	0.01972068543571763	1.6818171833583362	0.1952228652095485	0.21408155000971513	0.27393831984609146
1.0	0.0	32	4	Sz	0.01972068543571763	1.6818171833583362	1.3138141487928356e-8	3.0916862065475184e-8	9.471112468600884e-8
1.0	0.0	32	4	ZZ onsite	0.01972068543571763	1.6818171833583362	0.040111534269740956	0.059511531652650995	0.09839473931943135
1.0	0.0	32	4	n	0.01972068543571763	1.6818171833583362	3.067340870188673e-8	4.1559734244300817e-8	1.9462788125590436e-7
1.0	0.0	32	8	SzSz r=1	0.494692741950791	1.6818171833583362	0.00719339414219191	0.0067026132022084736	0.00954545515955385
1.0	0.0	32	8	hop up r=1	0.494692741950791	1.6818171833583362	0.018335251332493585	0.024350208027959497	0.04180682883655462
1.0	0.0	32	8	DoubleOcc	0.494692741950791	1.6818171833583362	0.001959091831220186	0.004551451927598383	0.010829190179352938
1.0	0.0	32	8	ZZ up-up r=1	0.494692741950791	1.6818171833583362	0.04507683010179303	0.056561239639958974	0.09340659990076416
1.0	0.0	32	8	Sz	0.494692741950791	1.6818171833583362	4.625404614877482e-9	6.007409506479655e-9	2.0276888841597174e-8
1.0	0.0	32	8	ZZ onsite	0.494692741950791	1.6818171833583362	0.007836347045757697	0.01820580145385219	0.043316803819026445
1.0	0.0	32	8	n	0.494692741950791	1.6818171833583362	9.453803351266998e-9	1.187097954311045e-8	3.699014072822138e-8
1.0	0.0	32	16	SzSz r=1	0.8403885085030819	1.6818171833583362	0.0005256818006731528	0.0006051636582297339	0.0011660983223826527
1.0	0.0	32	16	hop up r=1	0.8403885085030819	1.6818171833583362	0.005845824623223472	0.007691617866783455	0.015967858050069395
1.0	0.0	32	16	DoubleOcc	0.8403885085030819	1.6818171833583362	0.0016919845449933774	0.0016041304362933483	0.0025005070583719313
1.0	0.0	32	16	ZZ up-up r=1	0.8403885085030819	1.6818171833583362	0.009888335979751195	0.013089664864333323	0.026646343423463503
1.0	0.0	32	16	Sz	0.8403885085030819	1.6818171833583362	1.4469731558774956e-9	2.535969773152097e-9	1.2363668977499742e-8
1.0	0.0	32	16	ZZ onsite	0.8403885085030819	1.6818171833583362	0.006767936955173429	0.006416521745173913	0.010002080627529941
1.0	0.0	32	16	n	0.8403885085030819	1.6818171833583362	1.0958751406331402e-8	1.0677670914116533e-8	2.6197020996931997e-8
1.0	0.0	32	32	SzSz r=1	0.9832556584286686	1.6818171833583362	0.00041384802296394463	0.0004615621520453504	0.0011372033667711584
1.0	0.0	32	32	hop up r=1	0.9832556584286686	1.6818171833583362	0.00042254133689934026	0.0009595478629156974	0.0028072915996129044
1.0	0.0	32	32	DoubleOcc	0.9832556584286686	1.6818171833583362	3.7575909282189235e-5	8.696943300187839e-5	0.0003379217600388007
1.0	0.0	32	32	ZZ up-up r=1	0.9832556584286686	1.6818171833583362	0.0019279210050359707	0.002154174831617384	0.004850365975763493
1.0	0.0	32	32	Sz	0.9832556584286686	1.6818171833583362	8.761793027223241e-10	9.99162031540754e-10	4.204153816744771e-9
1.0	0.0	32	32	ZZ onsite	0.9832556584286686	1.6818171833583362	0.00015029912881962815	0.000347876255883243	0.0013516806549503657
1.0	0.0	32	32	n	0.9832556584286686	1.6818171833583362	4.324334890171144e-9	5.629339657614585e-9	1.9480546953332123e-8
1.0	0.0	64	4	SzSz r=1	0.00014638142399441099	1.8824032750998758	0.05672343411036512	0.05436001035728654	0.058145324878352264
1.0	0.0	64	4	hop up r=1	0.00014638142399441099	1.8824032750998758	0.14405990888164155	0.1985731880576467	0.27787202807347533
1.0	0.0	64	4	DoubleOcc	0.00014638142399441099	1.8824032750998758	0.010458634441819256	0.016195791125743333	0.02481102409324018
1.0	0.0	64	4	ZZ up-up r=1	0.00014638142399441099	1.8824032750998758	0.20346920942326663	0.23075047866263998	0.28886969008990326
1.0	0.0	64	4	Sz	0.00014638142399441099	1.8824032750998758	9.680842409653945e-8	2.8341594999765473e-7	1.333721071930527e-6
1.0	0.0	64	4	ZZ onsite	0.00014638142399441099	1.8824032750998758	0.041833961072472385	0.06478233890566258	0.09924337547810827
1.0	0.0	64	4	n	0.00014638142399441099	1.8824032750998758	6.4437174807086e-7	6.07687302667595e-7	1.8430267415547874e-6
1.0	0.0	64	8	SzSz r=1	0.14723359646098244	1.8824032750998758	0.008389008818926146	0.008020722169093155	0.010537826375079551
1.0	0.0	64	8	hop up r=1	0.14723359646098244	1.8824032750998758	0.019241389622580707	0.027307140416607232	0.045563102747477435
1.0	0.0	64	8	DoubleOcc	0.14723359646098244	1.8824032750998758	0.0027200729659351414	0.005901921629183102	0.011868682846278872
1.0	0.0	64	8	ZZ up-up r=1	0.14723359646098244	1.8824032750998758	0.04935175183380219	0.06494527406167398	0.10088248888039286
1.0	0.0	64	8	Sz	0.14723359646098244	1.8824032750998758	7.553098231236066e-8	1.4653559477352356e-7	5.454589291770118e-7
1.0	0.0	64	8	ZZ onsite	0.14723359646098244	1.8824032750998758	0.010880907272064144	0.02360781772900708	0.047474424938525356
1.0	0.0	64	8	n	0.14723359646098244	1.8824032750998758	2.495154314274828e-7	3.0728387570393145e-7	7.30790341352261e-7
1.0	0.0	64	16	SzSz r=1	0.5560353123093759	1.8824032750998758	0.00079498033034478	0.000993283144479566	0.001994431456108739
1.0	0.0	64	16	hop up r=1	0.5560353123093759	1.8824032750998758	0.010152143406389702	0.01082011157041641	0.018350852403376305
1.0	0.0	64	16	DoubleOcc	0.5560353123093759	1.8824032750998758	0.001978623228026208	0.0020811156485460794	0.003041759637907121
1.0	0.0	64	16	ZZ up-up r=1	0.5560353123093759	1.8824032750998758	0.01613189621005312	0.018093269783264285	0.030872400095859287
1.0	0.0	64	16	Sz	0.5560353123093759	1.8824032750998758	3.2336895751383654e-8	6.962059094527996e-8	2.66801376942738e-7
1.0	0.0	64	16	ZZ onsite	0.5560353123093759	1.8824032750998758	0.007914465132716542	0.008324462594175262	0.012167078740300152
1.0	0.0	64	16	n	0.5560353123093759	1.8824032750998758	2.3768942236657153e-7	2.446579034972446e-7	5.721079340270663e-7
1.0	0.0	64	32	SzSz r=1	0.909871933398683	1.8824032750998758	0.0008740245644841271	0.0010336457101051022	0.0022854893319639927
1.0	0.0	64	32	hop up r=1	0.909871933398683	1.8824032750998758	0.0008479652192953102	0.0020851318482681333	0.0056664325750763744
1.0	0.0	64	32	DoubleOcc	0.909871933398683	1.8824032750998758	0.0001854280162007088	0.0002835368529429086	0.0007916536408221486
1.0	0.0	64	32	ZZ up-up r=1	0.909871933398683	1.8824032750998758	0.0035837744488969037	0.004573553785198501	0.01022376904854605
1.0	0.0	64	32	Sz	0.909871933398683	1.8824032750998758	2.1147070716071026e-8	2.2455885536048353e-8	8.627876946221136e-8
1.0	0.0	64	32	ZZ onsite	0.909871933398683	1.8824032750998758	0.0007418876247812373	0.0011342042592797836	0.003166521857947052
1.0	0.0	64	32	n	0.909871933398683	1.8824032750998758	1.5318475654613195e-7	1.525646973407624e-7	3.617626032070831e-7
1.0	0.0	128	4	SzSz r=1	1.6419374099607098e-6	2.0354706014503803	0.04081249685803971	0.03858867469644191	0.056065416070225714
1.0	0.0	128	4	hop up r=1	1.6419374099607098e-6	2.0354706014503803	0.18163300037917307	0.18168240182899412	0.39726055723467985
1.0	0.0	128	4	DoubleOcc	1.6419374099607098e-6	2.0354706014503803	0.011570263861156324	0.010550001309036574	0.022047056828446515
1.0	0.0	128	4	ZZ up-up r=1	1.6419374099607098e-6	2.0354706014503803	0.20786868810456927	0.20795181235847465	0.297538758750744
1.0	0.0	128	4	Sz	1.6419374099607098e-6	2.0354706014503803	0.037228370885410846	0.03435465437311103	0.06844321991308261
1.0	0.0	128	4	ZZ onsite	1.6419374099607098e-6	2.0354706014503803	0.04592162798999526	0.04020434837199244	0.05623192547828913
1.0	0.0	128	4	n	1.6419374099607098e-6	2.0354706014503803	0.0009183219039188839	0.008904686898148474	0.03732284415033027
1.0	0.0	128	8	SzSz r=1	0.010337883291534315	2.0354706014503803	0.008874659561380824	0.008852284359430588	0.010912668268485484
1.0	0.0	128	8	hop up r=1	0.010337883291534315	2.0354706014503803	0.020164594828706472	0.029251748085394567	0.046567204077959334
1.0	0.0	128	8	DoubleOcc	0.010337883291534315	2.0354706014503803	0.0035861797755459834	0.006923572315273891	0.012322309717231528
1.0	0.0	128	8	ZZ up-up r=1	0.010337883291534315	2.0354706014503803	0.05064412944094265	0.06984109237332706	0.10320734514682295
1.0	0.0	128	8	Sz	0.010337883291534315	2.0354706014503803	5.025779273900091e-5	5.111569580922331e-5	0.00010908120944577021
1.0	0.0	128	8	ZZ onsite	0.010337883291534315	2.0354706014503803	0.01430129575066768	0.0276935519765104	0.04931048703988454
1.0	0.0	128	8	n	0.010337883291534315	2.0354706014503803	1.072026438336815e-5	1.1363550370865547e-5	2.8852661337563923e-5
1.0	0.0	128	16	SzSz r=1	0.20394288251811546	2.0354706014503803	0.0009502032682605632	0.001355024448164553	0.0026319074590435976
1.0	0.0	128	16	hop up r=1	0.20394288251811546	2.0354706014503803	0.012824491092433998	0.013169300001638492	0.019214968579994718
1.0	0.0	128	16	DoubleOcc	0.20394288251811546	2.0354706014503803	0.00210751074145811	0.0023239120002959642	0.003068241707590208
1.0	0.0	128	16	ZZ up-up r=1	0.20394288251811546	2.0354706014503803	0.02075000177045877	0.022292504586000978	0.03287869560688211
1.0	0.0	128	16	Sz	0.20394288251811546	2.0354706014503803	3.3461874121946955e-5	3.405939301302792e-5	7.200930491528534e-5
1.0	0.0	128	16	ZZ onsite	0.20394288251811546	2.0354706014503803	0.008295586020768006	0.009295648001177345	0.012421286645389829
1.0	0.0	128	16	n	0.20394288251811546	2.0354706014503803	5.0606881627168754e-5	4.447427095876158e-5	7.54593860882169e-5
1.0	0.0	128	32	SzSz r=1	0.7109614767510126	2.0354706014503803	0.0011659532332694844	0.0015959482491697558	0.0031561749907646694
1.0	0.0	128	32	hop up r=1	0.7109614767510126	2.0354706014503803	0.0010948858088329905	0.0032472928696961373	0.008163351614919434
1.0	0.0	128	32	DoubleOcc	0.7109614767510126	2.0354706014503803	0.0004159005882701655	0.0005239614713076701	0.0011036049160765282
1.0	0.0	128	32	ZZ up-up r=1	0.7109614767510126	2.0354706014503803	0.004599679391980804	0.006964918259339991	0.01430872246886239
1.0	0.0	128	32	Sz	0.7109614767510126	2.0354706014503803	1.0263838637229045e-5	9.692516166589737e-6	1.970642806312789e-5
1.0	0.0	128	32	ZZ onsite	0.7109614767510126	2.0354706014503803	0.0016814769560351134	0.0020956774410274695	0.004393768533303921
1.0	0.0	128	32	n	0.7109614767510126	2.0354706014503803	5.43496452531933e-6	6.845393281836899e-6	4.9314880438688924e-5
2.0	0.0	8	4	SzSz r=1	0.6217257234767389	1.1949492625038898	0.0448620431591117	0.04134759146773471	0.05014023803652123
2.0	0.0	8	4	hop up r=1	0.6217257234767389	1.1949492625038898	0.07915057639862577	0.11212649531461102	0.18646651988514018
2.0	0.0	8	4	DoubleOcc	0.6217257234767389	1.1949492625038898	0.007551114179808277	0.0102975007166025	0.0218409713743187
2.0	0.0	8	4	ZZ up-up r=1	0.6217257234767389	1.1949492625038898	0.13679929210468134	0.1582544425389385	0.2320620952930571
2.0	0.0	8	4	Sz	0.6217257234767389	1.1949492625038898	4.303640777081341e-12	4.0597126355068625e-12	7.547344693659142e-12
2.0	0.0	8	4	ZZ onsite	0.6217257234767389	1.1949492625038898	0.03020445664766952	0.04119000286641075	0.08736388550396151
2.0	0.0	8	4	n	0.6217257234767389	1.1949492625038898	1.317046471882577e-11	2.1807625150138676e-11	8.722778055414437e-11
2.0	0.0	8	8	SzSz r=1	0.9756447781930129	1.1949492625038898	0.0016508083217106617	0.0018498897819720955	0.003404866809159121
2.0	0.0	8	8	hop up r=1	0.9756447781930129	1.1949492625038898	0.010358673736194257	0.009925007810493753	0.013135061159573858
2.0	0.0	8	8	DoubleOcc	0.9756447781930129	1.1949492625038898	0.0009698842916639611	0.0010516305733552014	0.001789073259572893
2.0	0.0	8	8	ZZ up-up r=1	0.9756447781930129	1.1949492625038898	0.017735518876542122	0.01687340540176941	0.021842600328596085
2.0	0.0	8	8	Sz	0.9756447781930129	1.1949492625038898	8.395575901154473e-13	2.303912269296937e-12	7.60806001531833e-12
2.0	0.0	8	8	ZZ onsite	0.9756447781930129	1.1949492625038898	0.003879537140548145	0.004206522289779635	0.007156293024261351
2.0	0.0	8	8	n	0.9756447781930129	1.1949492625038898	5.689837490052696e-12	8.159931064177783e-12	2.8271607277474686e-11
2.0	0.0	8	16	SzSz r=1	0.9978491706970873	1.1949492625038898	0.00018286019376026474	0.00012633072403075787	0.00022685978183242805
2.0	0.0	8	16	hop up r=1	0.9978491706970873	1.1949492625038898	0.0003359419490304161	0.0010909983891322361	0.0031650014946228433
2.0	0.0	8	16	DoubleOcc	0.9978491706970873	1.1949492625038898	0.00019916749906137565	0.0001941570542022021	0.00030360151739083907
2.0	0.0	8	16	ZZ up-up r=1	0.9978491706970873	1.1949492625038898	0.0006884732477179245	0.0020931519959622963	0.006320924922165405
2.0	0.0	8	16	Sz	0.9978491706970873	1.1949492625038898	1.3665249487537778e-12	1.6691882251396173e-12	3.02727287682103e-12
2.0	0.0	8	16	ZZ onsite	0.9978491706970873	1.1949492625038898	0.0007966700068724464	0.0007766282168097174	0.0012144060687094838
2.0	0.0	8	16	n	0.9978491706970873	1.1949492625038898	6.10045347571031e-12	7.960535008955105e-12	3.141176208032448e-11
2.0	0.0	8	32	SzSz r=1	0.9999779046880856	1.1949492625038898	2.5162164995762293e-6	8.56945724230249e-6	3.426361692714097e-5
2.0	0.0	8	32	hop up r=1	0.9999779046880856	1.1949492625038898	9.052796098640847e-6	1.4869782394415815e-5	5.702682030572781e-5
2.0	0.0	8	32	DoubleOcc	0.9999779046880856	1.1949492625038898	9.762628670334506e-7	1.1960904458922783e-6	2.1932742587105203e-6
2.0	0.0	8	32	ZZ up-up r=1	0.9999779046880856	1.1949492625038898	1.3363313950187639e-5	4.748428889496591e-5	0.00018451851665002295
2.0	0.0	8	32	Sz	0.9999779046880856	1.1949492625038898	1.6369544608707542e-13	2.642001201147437e-13	6.781658568044691e-13
2.0	0.0	8	32	ZZ onsite	0.9999779046880856	1.1949492625038898	3.905052769342943e-6	4.784360822095157e-6	8.773094905045742e-6
2.0	0.0	8	32	n	0.9999779046880856	1.1949492625038898	3.552769189951732e-12	5.354397480950013e-12	1.8956614056264698e-11
2.0	0.0	16	4	SzSz r=1	0.26706933361940177	1.355807993766039	0.055183587699573766	0.051135244793061536	0.05898378343541303
2.0	0.0	16	4	hop up r=1	0.26706933361940177	1.355807993766039	0.10760303748198796	0.14001106924748666	0.21326159818450519
2.0	0.0	16	4	DoubleOcc	0.26706933361940177	1.355807993766039	0.0077492156896116215	0.012401637236890329	0.02429273785749078
2.0	0.0	16	4	ZZ up-up r=1	0.26706933361940177	1.355807993766039	0.1789723671240413	0.19788138451881468	0.2735322041759668
2.0	0.0	16	4	Sz	0.26706933361940177	1.355807993766039	2.442694449489302e-10	2.5770657786569617e-10	6.029466509405168e-10
2.0	0.0	16	4	ZZ onsite	0.26706933361940177	1.355807993766039	0.030996862591808172	0.049606548947560336	0.09717095165631023
2.0	0.0	16	4	n	0.26706933361940177	1.355807993766039	2.892096007123257e-10	3.560286371273591e-10	1.1243461717214132e-9
2.0	0.0	16	8	SzSz r=1	0.8792061060566334	1.355807993766039	0.0023603581069107094	0.0029371195350878323	0.005429228426095306
2.0	0.0	16	8	hop up r=1	0.8792061060566334	1.355807993766039	0.013108851548019218	0.012652958185492117	0.017538728847322382
2.0	0.0	16	8	DoubleOcc	0.8792061060566334	1.355807993766039	0.0010756803418217054	0.001873795629493179	0.005025458272133243
2.0	0.0	16	8	ZZ up-up r=1	0.8792061060566334	1.355807993766039	0.0247032756709073	0.022902607452700677	0.030941696159688392
2.0	0.0	16	8	Sz	0.8792061060566334	1.355807993766039	3.5255060676364636e-10	4.887635561036385e-10	1.7347801389844264e-9
2.0	0.0	16	8	ZZ onsite	0.8792061060566334	1.355807993766039	0.004302721075407384	0.007495182217941397	0.02010183241970176
2.0	0.0	16	8	n	0.8792061060566334	1.355807993766039	1.602399879452321e-10	2.3911475577342856e-10	1.062847365673747e-9
2.0	0.0	16	16	SzSz r=1	0.9817031041516385	1.355807993766039	0.0003713573843123624	0.0003295868315186616	0.0006531454669945203
2.0	0.0	16	16	hop up r=1	0.9817031041516385	1.355807993766039	0.0020595993886505237	0.002772349212103442	0.006561358058691735
2.0	0.0	16	16	DoubleOcc	0.9817031041516385	1.355807993766039	0.000560954327368024	0.0005187690883067912	0.0008526786647520268
2.0	0.0	16	16	ZZ up-up r=1	0.9817031041516385	1.355807993766039	0.0030159507115445905	0.0050844650122028245	0.012456890030960177
2.0	0.0	16	16	Sz	0.9817031041516385	1.355807993766039	3.621830266253845e-11	8.499500409042682e-11	2.622780465033614e-10
2.0	0.0	16	16	ZZ onsite	0.9817031041516385	1.355807993766039	0.0022438174405728373	0.002075076353225083	0.0034107151239436417
2.0	0.0	16	16	n	0.9817031041516385	1.355807993766039	9.373751774788275e-11	1.22865932705718e-10	4.607519921151493e-10
2.0	0.0	16	32	SzSz r=1	0.9991421315356118	1.355807993766039	6.15586799658785e-5	6.833393276112441e-5	0.0002092975592052071
2.0	0.0	16	32	hop up r=1	0.9991421315356118	1.355807993766039	8.215286494561713e-5	0.00016025508385812958	0.0005540858986647912
2.0	0.0	16	32	DoubleOcc	0.9991421315356118	1.355807993766039	8.195192948673435e-6	8.682945771750286e-6	4.128236987707701e-5
2.0	0.0	16	32	ZZ up-up r=1	0.9991421315356118	1.355807993766039	0.000260067978289924	0.0003380464845938754	0.000903516485855238
2.0	0.0	16	32	Sz	0.9991421315356118	1.355807993766039	1.0267304367816976e-11	2.3646151009470984e-11	8.60773882727095e-11
2.0	0.0	16	32	ZZ onsite	0.9991421315356118	1.355807993766039	3.27807756123899e-5	3.4731794166173446e-5	0.00016512938013207856
2.0	0.0	16	32	n	0.9991421315356118	1.355807993766039	3.5194125391768694e-11	3.222096200961033e-11	8.130440765086178e-11
2.0	0.0	32	4	SzSz r=1	0.04208372272456051	1.5027169833034202	0.062053625581465266	0.05820233888155732	0.06485110765404543
2.0	0.0	32	4	hop up r=1	0.04208372272456051	1.5027169833034202	0.12407538920367389	0.16006039883594403	0.23061449134629186
2.0	0.0	32	4	DoubleOcc	0.04208372272456051	1.5027169833034202	0.00773487027453254	0.013532463955807896	0.02510122819792837
2.0	0.0	32	4	ZZ up-up r=1	0.04208372272456051	1.5027169833034202	0.20240462108685287	0.2271482108956907	0.30160535106432074
2.0	0.0	32	4	Sz	0.04208372272456051	1.5027169833034202	1.6421019648216184e-9	7.40730211239507e-9	9.225784397548509e-8
2.0	0.0	32	4	ZZ onsite	0.04208372272456051	1.5027169833034202	0.03093948152342771	0.05412985593383609	0.10040494898179286
2.0	0.0	32	4	n	0.04208372272456051	1.5027169833034202	6.104569072462596e-10	4.320056704726349e-9	3.340378817995315e-8
2.0	0.0	32	8	SzSz r=1	0.6488425111857731	1.5027169833034202	0.004261204973524058	0.004113822807782618	0.006274583025917407
2.0	0.0	32	8	hop up r=1	0.6488425111857731	1.5027169833034202	0.013390296981552474	0.0144660850864269	0.02150320962887864
2.0	0.0	32	8	DoubleOcc	0.6488425111857731	1.5027169833034202	0.0012917056489585715	0.0027519612892468173	0.006394124601257073
2.0	0.0	32	8	ZZ up-up r=1	0.6488425111857731	1.5027169833034202	0.026259914056600053	0.028238548430789344	0.042750968011189494
2.0	0.0	32	8	Sz	0.6488425111857731	1.5027169833034202	2.719895871028388e-10	7.424794093349035e-10	6.724654159906418e-9
2.0	0.0	32	8	ZZ onsite	0.6488425111857731	1.5027169833034202	0.005166820880875972	0.011007844985108475	0.025576498757692245
2.0	0.0	32	8	n	0.6488425111857731	1.5027169833034202	4.2972231328874955e-10	5.718130413612244e-10	2.3399410187252556e-9
2.0	0.0	32	16	SzSz r=1	0.9174517526757298	1.5027169833034202	0.0007592563948965597	0.0007171778061289269	0.0011940147269547535
2.0	0.0	32	16	hop up r=1	0.9174517526757298	1.5027169833034202	0.004904403424057624	0.004649784680038874	0.007980167192961463
2.0	0.0	32	16	DoubleOcc	0.9174517526757298	1.5027169833034202	0.0007653995953835202	0.0007707468724927821	0.0012115000564507372
2.0	0.0	32	16	ZZ up-up r=1	0.9174517526757298	1.5027169833034202	0.007544168400223206	0.008452686049309632	0.01622960040430066
2.0	0.0	32	16	Sz	0.9174517526757298	1.5027169833034202	4.5775915002987944e-10	5.74623542541966e-10	3.6133137940042026e-9
2.0	0.0	32	16	ZZ onsite	0.9174517526757298	1.5027169833034202	0.003061597912938918	0.0030829874899706965	0.004846000345049395
2.0	0.0	32	16	n	0.9174517526757298	1.5027169833034202	2.598682935506247e-10	4.4569188617504807e-10	3.2402038829815183e-9
2.0	0.0	32	32	SzSz r=1	0.99174380298639	1.5027169833034202	0.00017594914121284166	0.00022010451381865035	0.0005457034245893444
2.0	0.0	32	32	hop up r=1	0.99174380298639	1.5027169833034202	0.00022823895440338138	0.0005246203799839143	0.0015074955360780962
2.0	0.0	32	32	DoubleOcc	0.99174380298639	1.5027169833034202	8.751553094182851e-6	3.405756406556302e-5	0.0001402270554008711
2.0	0.0	32	32	ZZ up-up r=1	0.99174380298639	1.5027169833034202	0.0007430644874153458	0.0010562898533641397	0.0027999812447795924
2.0	0.0	32	32	Sz	0.99174380298639	1.5027169833034202	1.5416615206653717e-10	2.861706936956726e-10	1.9762758651786783e-9
2.0	0.0	32	32	ZZ onsite	0.99174380298639	1.5027169833034202	3.500596616692886e-5	0.0001362302585079262	0.0005609080517254839
2.0	0.0	32	32	n	0.99174380298639	1.5027169833034202	1.6781470657534214e-10	2.619390780667086e-10	1.0348429890782995e-9
2.0	0.0	64	4	SzSz r=1	0.0008929025456763496	1.628200016097018	0.06628505267305573	0.06326605458857781	0.06863810150647452
2.0	0.0	64	4	hop up r=1	0.0008929025456763496	1.628200016097018	0.13439388603929414	0.17446465925009308	0.24120542066960582
2.0	0.0	64	4	DoubleOcc	0.0008929025456763496	1.628200016097018	0.007714151973612679	0.01414307471605733	0.02544762336156331
2.0	0.0	64	4	ZZ up-up r=1	0.0008929025456763496	1.628200016097018	0.2165337858554729	0.24862502742312922	0.32001926771998046
2.0	0.0	64	4	Sz	0.0008929025456763496	1.628200016097018	1.3187263869368637e-6	1.2804152979809967e-6	2.608936174902654e-6
2.0	0.0	64	4	ZZ onsite	0.0008929025456763496	1.628200016097018	0.030856836513292657	0.05657229191013356	0.10179152736228925
2.0	0.0	64	4	n	0.0008929025456763496	1.628200016097018	3.728076438114236e-7	3.676517929124268e-7	6.360008777406279e-7
2.0	0.0	64	8	SzSz r=1	0.31437034143228226	1.628200016097018	0.005356364951559334	0.0050352031978047425	0.006481434877211964
2.0	0.0	64	8	hop up r=1	0.31437034143228226	1.628200016097018	0.013642240484328938	0.015985139142538927	0.025941615313911592
2.0	0.0	64	8	DoubleOcc	0.31437034143228226	1.628200016097018	0.0022889664388460462	0.003522482093865722	0.006560914679010793
2.0	0.0	64	8	ZZ up-up r=1	0.31437034143228226	1.628200016097018	0.026797111372317606	0.03141014124843847	0.05076355713309444
2.0	0.0	64	8	Sz	0.31437034143228226	1.628200016097018	4.774504566880389e-7	5.511919146677534e-7	1.7356533682025277e-6
2.0	0.0	64	8	ZZ onsite	0.31437034143228226	1.628200016097018	0.009155278621698099	0.014089927864198971	0.026243609667710055
2.0	0.0	64	8	n	0.31437034143228226	1.628200016097018	7.261876061592787e-8	1.9386935278149775e-7	1.1676124336279514e-6
2.0	0.0	64	16	SzSz r=1	0.7503031603503056	1.628200016097018	0.001298030336350245	0.0012509061007171308	0.0022922133952300583
2.0	0.0	64	16	hop up r=1	0.7503031603503056	1.628200016097018	0.006824200299966665	0.006268125491745643	0.008837775993746355
2.0	0.0	64	16	DoubleOcc	0.7503031603503056	1.628200016097018	0.0007554981665048172	0.0008485841513661743	0.0012665158309926317
2.0	0.0	64	16	ZZ up-up r=1	0.7503031603503056	1.628200016097018	0.01331991781335301	0.012130838561874888	0.018323405014886107
2.0	0.0	64	16	Sz	0.7503031603503056	1.628200016097018	2.772565350951661e-7	3.7134609212109444e-7	1.288605748397953e-6
2.0	0.0	64	16	ZZ onsite	0.7503031603503056	1.628200016097018	0.003021970150444142	0.003394336605463297	0.005066089533332319
2.0	0.0	64	16	n	0.7503031603503056	1.628200016097018	1.2976322405489071e-8	1.6170893261599484e-8	7.863631446003438e-8
2.0	0.0	64	32	SzSz r=1	0.9576327140104786	1.628200016097018	0.00032381879087321763	0.0004947479872336967	0.001084774236175673
2.0	0.0	64	32	hop up r=1	0.9576327140104786	1.628200016097018	0.0006270049312375736	0.0012045982959050891	0.0031085956965472006
2.0	0.0	64	32	DoubleOcc	0.9576327140104786	1.628200016097018	0.0001354730332762677	0.00012168494946462275	0.00020018338756080944
2.0	0.0	64	32	ZZ up-up r=1	0.9576327140104786	1.628200016097018	0.0009797856231746893	0.0020620808850921666	0.005198415822253388
2.0	0.0	64	32	Sz	0.9576327140104786	1.628200016097018	1.388301191056207e-7	1.5172968751493883e-7	4.905513702815889e-7
2.0	0.0	64	32	ZZ onsite	0.9576327140104786	1.628200016097018	0.0005418469174068852	0.00048673733151209653	0.0008008108448290252
2.0	0.0	64	32	n	0.9576327140104786	1.628200016097018	9.643726706087818e-9	1.5019154296982973e-8	4.9837662552398854e-8
2.0	0.0	128	4	SzSz r=1	3.452031716652707e-7	1.7313391641577116	0.06885612353300881	0.06682051303909137	0.07105287868267698
2.0	0.0	128	4	hop up r=1	3.452031716652707e-7	1.7313391641577116	0.14103309611293202	0.18475834332344424	0.24806720079160122
2.0	0.0	128	4	DoubleOcc	3.452031716652707e-7	1.7313391641577116	0.007699477721732406	0.01446375677019918	0.02559436125837994
2.0	0.0	128	4	ZZ up-up r=1	3.452031716652707e-7	1.7313391641577116	0.22558760360319957	0.26411555654367797	0.33196069448595933
2.0	0.0	128	4	Sz	3.452031716652707e-7	1.7313391641577116	2.7481152049087937e-5	2.616680489804659e-5	5.184760373210667e-5
2.0	0.0	128	4	ZZ onsite	3.452031716652707e-7	1.7313391641577116	0.030796906737135615	0.05785508113060508	0.10234289195851543
2.0	0.0	128	4	n	3.452031716652707e-7	1.7313391641577116	1.0945512937232671e-5	1.0358917265274395e-5	2.100625070622364e-5
2.0	0.0	128	8	SzSz r=1	0.07455195161572684	1.7313391641577116	0.00565220656668948	0.006322224794401281	0.009310411970846928
2.0	0.0	128	8	hop up r=1	0.07455195161572684	1.7313391641577116	0.01372238463656128	0.014976009764608687	0.027096143477378765
2.0	0.0	128	8	DoubleOcc	0.07455195161572684	1.7313391641577116	0.006243967680603327	0.005335474465534003	0.006656057855969011
2.0	0.0	128	8	ZZ up-up r=1	0.07455195161572684	1.7313391641577116	0.026687575456476598	0.03204226000449312	0.05461413444376312
2.0	0.0	128	8	Sz	0.07455195161572684	1.7313391641577116	1.2890088258190463e-5	1.1730870024817487e-5	4.318172414199961e-5
2.0	0.0	128	8	ZZ onsite	0.07455195161572684	1.7313391641577116	0.024976409080023382	0.02134190169040619	0.02662734556941687
2.0	0.0	128	8	n	0.07455195161572684	1.7313391641577116	5.008594627931018e-7	3.196832236303758e-6	6.622085705887404e-5
2.0	0.0	128	16	SzSz r=1	0.4586724917132606	1.7313391641577116	0.0016076670325163578	0.0020000807676166057	0.004040240153692157
2.0	0.0	128	16	hop up r=1	0.4586724917132606	1.7313391641577116	0.009238792808248908	0.00848780860802407	0.011279406207905573
2.0	0.0	128	16	DoubleOcc	0.4586724917132606	1.7313391641577116	0.001162483628764685	0.0011786349380621284	0.001705056889240525
2.0	0.0	128	16	ZZ up-up r=1	0.4586724917132606	1.7313391641577116	0.017613427245320445	0.015141383830160301	0.021076043105676845
2.0	0.0	128	16	Sz	0.4586724917132606	1.7313391641577116	4.514006533107642e-5	8.13157017245644e-5	0.0005749261215669127
2.0	0.0	128	16	ZZ onsite	0.4586724917132606	1.7313391641577116	0.004659739677489894	0.004714539752237101	0.006957590333864672
2.0	0.0	128	16	n	0.4586724917132606	1.7313391641577116	6.511852214130531e-5	0.0001328449903268171	0.0006354527333587434
2.0	0.0	128	32	SzSz r=1	0.8585298293793526	1.7313391641577116	0.0003304464187610934	0.0006063709247363256	0.0014057697721382295
2.0	0.0	128	32	hop up r=1	0.8585298293793526	1.7313391641577116	0.0010290559802782484	0.0021471209639148977	0.005204493803397603
2.0	0.0	128	32	DoubleOcc	0.8585298293793526	1.7313391641577116	0.00010947335600387798	0.00011202486585814198	0.00020085420654386565
2.0	0.0	128	32	ZZ up-up r=1	0.8585298293793526	1.7313391641577116	0.0013410216721035373	0.002949374543036713	0.006569075031828686
2.0	0.0	128	32	Sz	0.8585298293793526	1.7313391641577116	1.7830494778353634e-5	1.916520928906359e-5	6.352911442610021e-5
2.0	0.0	128	32	ZZ onsite	0.8585298293793526	1.7313391641577116	0.00044494131782571444	0.00044816106789528605	0.0008035211574012879
2.0	0.0	128	32	n	0.8585298293793526	1.7313391641577116	3.7449822898327767e-7	7.472084945203336e-6	9.290457047517187e-5
4.0	0.0	8	4	SzSz r=1	0.7090574719631921	1.0223722285948367	0.04879167996023617	0.050053188396236306	0.06980259492960823
4.0	0.0	8	4	hop up r=1	0.7090574719631921	1.0223722285948367	0.06796154487346484	0.08371996673893456	0.13330368337701515
4.0	0.0	8	4	DoubleOcc	0.7090574719631921	1.0223722285948367	0.008784182300417206	0.008387722306404638	0.014694892560983303
4.0	0.0	8	4	ZZ up-up r=1	0.7090574719631921	1.0223722285948367	0.14815799989596523	0.1893115033555193	0.30287210249857055
4.0	0.0	8	4	Sz	0.7090574719631921	1.0223722285948367	2.8434097090745958e-11	1.017776735286191e-10	3.692702706115103e-10
4.0	0.0	8	4	ZZ onsite	0.7090574719631921	1.0223722285948367	0.03513672761621356	0.03355088921881816	0.05877957042863191
4.0	0.0	8	4	n	0.7090574719631921	1.0223722285948367	7.179501437803992e-11	3.969202327924748e-10	1.5701603350848359e-9
4.0	0.0	8	8	SzSz r=1	0.9910999615936757	1.0223722285948367	0.00091474176254977	0.0010091508441201788	0.002349022078001528
4.0	0.0	8	8	hop up r=1	0.9910999615936757	1.0223722285948367	0.0027174233487373134	0.0034699299859576316	0.005904554441682475
4.0	0.0	8	8	DoubleOcc	0.9910999615936757	1.0223722285948367	0.0004145731600948832	0.0003995953283633981	0.0010692508147050472
4.0	0.0	8	8	ZZ up-up r=1	0.9910999615936757	1.0223722285948367	0.004452835054710169	0.005315988230843061	0.010034542128118606
4.0	0.0	8	8	Sz	0.9910999615936757	1.0223722285948367	4.695443686641987e-12	6.640251716538703e-12	1.655839354519628e-11
4.0	0.0	8	8	ZZ onsite	0.9910999615936757	1.0223722285948367	0.0016582941835231457	0.0015983814768002202	0.004277003268851498
4.0	0.0	8	8	n	0.9910999615936757	1.0223722285948367	2.5500601630312758e-11	3.194964848241e-10	1.2610303912197196e-9
4.0	0.0	8	16	SzSz r=1	0.9994216301235057	1.0223722285948367	5.8526932837255075e-5	0.00017430351261993524	0.0005070847515786236
4.0	0.0	8	16	hop up r=1	0.9994216301235057	1.0223722285948367	0.00016523617975189309	0.0003954326345387203	0.0010854447695747282
4.0	0.0	8	16	DoubleOcc	0.9994216301235057	1.0223722285948367	3.568622141425504e-5	3.2766007023413146e-5	6.025578939755638e-5
4.0	0.0	8	16	ZZ up-up r=1	0.9994216301235057	1.0223722285948367	0.000274188525378416	0.0010122829064618652	0.0030273050584717076
4.0	0.0	8	16	Sz	0.9994216301235057	1.0223722285948367	2.2552602146896916e-12	7.395060258597042e-12	2.5468807618445055e-11
4.0	0.0	8	16	ZZ onsite	0.9994216301235057	1.0223722285948367	0.0001427446172483915	0.0001310640280922648	0.00024102320776009378
4.0	0.0	8	16	n	0.9994216301235057	1.0223722285948367	2.2920165765327738e-11	2.445827151920099e-10	9.328657846197075e-10
4.0	0.0	8	32	SzSz r=1	0.9999943023327048	1.0223722285948367	6.599456160993888e-7	1.993385924896935e-6	9.515011273872331e-6
4.0	0.0	8	32	hop up r=1	0.9999943023327048	1.0223722285948367	2.090956478517647e-6	3.7177601855636107e-6	1.4667077977481568e-5
4.0	0.0	8	32	DoubleOcc	0.9999943023327048	1.0223722285948367	3.678140157448162e-7	7.102518195002683e-7	2.072708902983722e-6
4.0	0.0	8	32	ZZ up-up r=1	0.9999943023327048	1.0223722285948367	1.9448196268978535e-6	3.848211501685953e-6	1.1217371868543768e-5
4.0	0.0	8	32	Sz	0.9999943023327048	1.0223722285948367	5.578593142985255e-13	1.952536656663062e-12	6.769286520214024e-12
4.0	0.0	8	32	ZZ onsite	0.9999943023327048	1.0223722285948367	1.4712165520291975e-6	2.841009101667291e-6	8.290843757530197e-6
4.0	0.0	8	32	n	0.9999943023327048	1.0223722285948367	7.390088541114892e-12	5.469061314933299e-11	2.0355472862831903e-10
4.0	0.0	16	4	SzSz r=1	0.4016684908828102	1.1239828959022855	0.038995830589307445	0.04734513334433315	0.06633867494623252
4.0	0.0	16	4	hop up r=1	0.4016684908828102	1.1239828959022855	0.07398602426256917	0.18905418066373256	0.42271696149785265
4.0	0.0	16	4	DoubleOcc	0.4016684908828102	1.1239828959022855	0.03404134449630411	0.024510533524066756	0.035750283137551075
4.0	0.0	16	4	ZZ up-up r=1	0.4016684908828102	1.1239828959022855	0.1498047592505115	0.21864651890402165	0.3369432649198216
4.0	0.0	16	4	Sz	0.4016684908828102	1.1239828959022855	1.0705567370095093e-9	7.625139072453893e-9	3.2592717868346055e-8
4.0	0.0	16	4	ZZ onsite	0.4016684908828102	1.1239828959022855	0.13616538022052205	0.09804213434215886	0.14300113159480843
4.0	0.0	16	4	n	0.4016684908828102	1.1239828959022855	8.649368443691685e-10	2.7578783493020786e-9	1.1312903058779966e-8
4.0	0.0	16	8	SzSz r=1	0.9531835469788316	1.1239828959022855	0.0012823743468115545	0.0015533065281922072	0.003232292298906869
4.0	0.0	16	8	hop up r=1	0.9531835469788316	1.1239828959022855	0.005203185142070077	0.005666707537336894	0.009464106861883925
4.0	0.0	16	8	DoubleOcc	0.9531835469788316	1.1239828959022855	0.0004806786991845974	0.0004398703836040775	0.0013825352538164581
4.0	0.0	16	8	ZZ up-up r=1	0.9531835469788316	1.1239828959022855	0.006279721824384132	0.006985623733910466	0.012122126440653025
4.0	0.0	16	8	Sz	0.9531835469788316	1.1239828959022855	2.3938196910822107e-10	6.589524891454507e-10	2.181858579225482e-9
4.0	0.0	16	8	ZZ onsite	0.9531835469788316	1.1239828959022855	0.0019227139370676105	0.001759481406592378	0.005530141021638069
4.0	0.0	16	8	n	0.9531835469788316	1.1239828959022855	2.1487694956690007e-10	3.482817506617053e-10	1.1200965710500554e-9
4.0	0.0	16	16	SzSz r=1	0.9951061220759897	1.1239828959022855	0.00014015724584839906	0.00022238864847470748	0.0006604155938858269
4.0	0.0	16	16	hop up r=1	0.9951061220759897	1.1239828959022855	0.0012454399467307642	0.0012288384456625907	0.0022585791487997886
4.0	0.0	16	16	DoubleOcc	0.9951061220759897	1.1239828959022855	0.00018441083344200582	0.00018846602966248252	0.0003963305649155868
4.0	0.0	16	16	ZZ up-up r=1	0.9951061220759897	1.1239828959022855	0.0013452157459854508	0.0018257108890906962	0.003721725502119466
4.0	0.0	16	16	Sz	0.9951061220759897	1.1239828959022855	4.473429959794828e-11	1.9071134320196304e-10	1.0249730786338063e-9
4.0	0.0	16	16	ZZ onsite	0.9951061220759897	1.1239828959022855	0.0007376432492683382	0.0007538641429352885	0.0015853218304560102
4.0	0.0	16	16	n	0.9951061220759897	1.1239828959022855	1.7727486145702187e-11	8.912168225627681e-11	3.642793844349512e-10
4.0	0.0	16	32	SzSz r=1	0.9998374729785937	1.1239828959022855	8.226743660272318e-6	1.4311017945216794e-5	4.321406627635915e-5
4.0	0.0	16	32	hop up r=1	0.9998374729785937	1.1239828959022855	1.6023314029833813e-5	3.333383152230492e-5	0.00010409997822652395
4.0	0.0	16	32	DoubleOcc	0.9998374729785937	1.1239828959022855	2.1355268692013762e-6	1.9092640568124652e-6	3.6956818396383095e-6
4.0	0.0	16	32	ZZ up-up r=1	0.9998374729785937	1.1239828959022855	3.33821871384421e-5	4.940343438929832e-5	0.00014386712423469783
4.0	0.0	16	32	Sz	0.9998374729785937	1.1239828959022855	1.1551466380654851e-11	1.3409878025713584e-11	4.7149395498991e-11
4.0	0.0	16	32	ZZ onsite	0.9998374729785937	1.1239828959022855	8.542083579476945e-6	7.637048250304368e-6	1.478273301958044e-5
4.0	0.0	16	32	n	0.9998374729785937	1.1239828959022855	8.316070054803504e-12	1.0726253218962256e-11	3.3088198847508465e-11
4.0	0.0	32	4	SzSz r=1	0.1445736434769216	1.2258671847579556	0.029735769121835093	0.029449378059966457	0.06646314260427899
4.0	0.0	32	4	hop up r=1	0.1445736434769216	1.2258671847579556	0.07410837655710001	0.20958351740131478	0.44408835072424685
4.0	0.0	32	4	DoubleOcc	0.1445736434769216	1.2258671847579556	0.04037777205124843	0.03380822287567237	0.041901979859344324
4.0	0.0	32	4	ZZ up-up r=1	0.1445736434769216	1.2258671847579556	0.13835133220923929	0.1581012528953955	0.3271535639838641
4.0	0.0	32	4	Sz	0.1445736434769216	1.2258671847579556	1.6064669525195363e-9	3.6756990210882676e-9	1.8747438629285185e-8
4.0	0.0	32	4	ZZ onsite	0.1445736434769216	1.2258671847579556	0.16151108836994077	0.13523289142690315	0.167607921924377
4.0	0.0	32	4	n	0.1445736434769216	1.2258671847579556	2.700503154429157e-10	3.7131741778551053e-10	1.2434958618356973e-9
4.0	0.0	32	8	SzSz r=1	0.8418403365036464	1.2258671847579556	0.002152061341989961	0.0021122711876747	0.0034614407702281136
4.0	0.0	32	8	hop up r=1	0.8418403365036464	1.2258671847579556	0.009383842029213163	0.008818013882664035	0.013327003908721657
4.0	0.0	32	8	DoubleOcc	0.8418403365036464	1.2258671847579556	0.0003418066346631693	0.0003719681350863365	0.0014502086784875245
4.0	0.0	32	8	ZZ up-up r=1	0.8418403365036464	1.2258671847579556	0.00861841989954154	0.008560665608282352	0.012126070329137262
4.0	0.0	32	8	Sz	0.8418403365036464	1.2258671847579556	6.276385296904996e-10	9.192522204591949e-10	3.756280043953897e-9
4.0	0.0	32	8	ZZ onsite	0.8418403365036464	1.2258671847579556	0.001367226857123649	0.0014878724263605557	0.005800834591085491
4.0	0.0	32	8	n	0.8418403365036464	1.2258671847579556	1.938928462230649e-10	3.0263959047149847e-10	1.7421446507626115e-9
4.0	0.0	32	16	SzSz r=1	0.981189281062275	1.2258671847579556	0.00019898397215720176	0.0002844694840161166	0.0006861617459638369
4.0	0.0	32	16	hop up r=1	0.981189281062275	1.2258671847579556	0.002195407801065752	0.002059726518133776	0.0034166298705248233
4.0	0.0	32	16	DoubleOcc	0.981189281062275	1.2258671847579556	0.0004258709559208096	0.00033813595604529484	0.0005264532364573082
4.0	0.0	32	16	ZZ up-up r=1	0.981189281062275	1.2258671847579556	0.003322171267415408	0.00325742800799225	0.005569196477258842
4.0	0.0	32	16	Sz	0.981189281062275	1.2258671847579556	2.0052522316238441e-10	3.5144200884965754e-10	1.4272923502811619e-9
4.0	0.0	32	16	ZZ onsite	0.981189281062275	1.2258671847579556	0.0017034838039502453	0.0013525437691810117	0.0021058133742907215
4.0	0.0	32	16	n	0.981189281062275	1.2258671847579556	5.858596940910843e-11	1.1706666538935373e-10	4.311886403485232e-10
4.0	0.0	32	32	SzSz r=1	0.9985421658590912	1.2258671847579556	3.416292149374667e-5	4.313155333400453e-5	9.112058845102411e-5
4.0	0.0	32	32	hop up r=1	0.9985421658590912	1.2258671847579556	8.949914696515515e-5	0.00013861352592794168	0.00036243946973901764
4.0	0.0	32	32	DoubleOcc	0.9985421658590912	1.2258671847579556	7.3862930193985266e-6	1.090598065647732e-5	2.5929495437199135e-5
4.0	0.0	32	32	ZZ up-up r=1	0.9985421658590912	1.2258671847579556	0.00013719041499526963	0.00019783913972875976	0.0004756160070029658
4.0	0.0	32	32	Sz	0.9985421658590912	1.2258671847579556	2.024792659927055e-10	3.242355828270149e-10	1.8498773624031628e-9
4.0	0.0	32	32	ZZ onsite	0.9985421658590912	1.2258671847579556	2.9545275350428835e-5	4.362392017109862e-5	0.00010371831754740768
4.0	0.0	32	32	n	0.9985421658590912	1.2258671847579556	5.814515535718101e-11	8.268227769114844e-11	2.50781173605219e-10
4.0	0.0	64	4	SzSz r=1	0.014835760605031442	1.3310193453681403	0.029246871569123145	0.026294337220676617	0.06664567826377572
4.0	0.0	64	4	hop up r=1	0.014835760605031442	1.3310193453681403	0.0749877982064876	0.22692799150097673	0.4585063755770663
4.0	0.0	64	4	DoubleOcc	0.014835760605031442	1.3310193453681403	0.042577538897304576	0.038553822043905034	0.04334660249925826
4.0	0.0	64	4	ZZ up-up r=1	0.014835760605031442	1.3310193453681403	0.14425150650792395	0.1518740211876913	0.329032387280508
4.0	0.0	64	4	Sz	0.014835760605031442	1.3310193453681403	1.1266639614315732e-8	1.3108384505893661e-8	4.194941602420066e-8
4.0	0.0	64	4	ZZ onsite	0.014835760605031442	1.3310193453681403	0.1703101554776556	0.15421528807112647	0.17338641066762173
4.0	0.0	64	4	n	0.014835760605031442	1.3310193453681403	5.837489935878182e-10	1.0424653206636547e-9	5.939172598168341e-9
4.0	0.0	64	8	SzSz r=1	0.6394472934689871	1.3310193453681403	0.0034655165713784325	0.0031092724235341103	0.004305305307949384
4.0	0.0	64	8	hop up r=1	0.6394472934689871	1.3310193453681403	0.009012800788017028	0.009357842239062681	0.01509903481707675
4.0	0.0	64	8	DoubleOcc	0.6394472934689871	1.3310193453681403	0.00018315721096696935	0.0003017536506008463	0.0014662391722131407
4.0	0.0	64	8	ZZ up-up r=1	0.6394472934689871	1.3310193453681403	0.011456317481753853	0.011069095466907958	0.017288910333013885
4.0	0.0	64	8	Sz	0.6394472934689871	1.3310193453681403	1.9360826639808204e-9	3.085012246909543e-9	1.3036530788906875e-8
4.0	0.0	64	8	ZZ onsite	0.6394472934689871	1.3310193453681403	0.0007326292256201739	0.0012070146349378221	0.005864956476464789
4.0	0.0	64	8	n	0.6394472934689871	1.3310193453681403	5.622802223825829e-10	1.1321611374098817e-9	7.86311171729892e-9
4.0	0.0	64	16	SzSz r=1	0.9367595371832758	1.3310193453681403	0.0002418474766791856	0.0005118914839074686	0.0012612367059776086
4.0	0.0	64	16	hop up r=1	0.9367595371832758	1.3310193453681403	0.0021746052048526865	0.0027877131563720926	0.005019819340366771
4.0	0.0	64	16	DoubleOcc	0.9367595371832758	1.3310193453681403	0.0004655474381130703	0.00042956002076830055	0.0005722317515483855
4.0	0.0	64	16	ZZ up-up r=1	0.9367595371832758	1.3310193453681403	0.0033692337863115984	0.004609587551114158	0.0086523581006
4.0	0.0	64	16	Sz	0.9367595371832758	1.3310193453681403	1.5457736930735155e-9	2.689737009997032e-9	1.2615918455749497e-8
4.0	0.0	64	16	ZZ onsite	0.9367595371832758	1.3310193453681403	0.0018621895170263802	0.0017182401023774704	0.0022889282732506677
4.0	0.0	64	16	n	0.9367595371832758	1.3310193453681403	3.769983769608132e-10	6.837492880912288e-10	2.9762280417955367e-9
4.0	0.0	64	32	SzSz r=1	0.9916726144556538	1.3310193453681403	5.114328876373864e-5	8.659190682475842e-5	0.00020255366712666756
4.0	0.0	64	32	hop up r=1	0.9916726144556538	1.3310193453681403	0.00022533419316228542	0.0003107136270858272	0.0006707747226819549
4.0	0.0	64	32	DoubleOcc	0.9916726144556538	1.3310193453681403	3.837478033680286e-5	3.0640653109755694e-5	5.143183355546532e-5
4.0	0.0	64	32	ZZ up-up r=1	0.9916726144556538	1.3310193453681403	0.00025696694167498535	0.0004421175879038308	0.0010682848522323707
4.0	0.0	64	32	Sz	0.9916726144556538	1.3310193453681403	1.620590162065838e-9	2.480014951971969e-9	1.058016733945788e-8
4.0	0.0	64	32	ZZ onsite	0.9916726144556538	1.3310193453681403	0.00015349791618002318	0.00012256258376426056	0.00020572821445474787
4.0	0.0	64	32	n	0.9916726144556538	1.3310193453681403	2.2740648253360973e-10	3.6824228041854035e-10	1.4078996857236348e-9
4.0	0.0	128	4	SzSz r=1	0.00013463598795117806	1.4378321340992708	0.029048006382654257	0.025331034373697624	0.06669378347768361
4.0	0.0	128	4	hop up r=1	0.00013463598795117806	1.4378321340992708	0.07522492418253424	0.23813688740072364	0.46810070426300143
4.0	0.0	128	4	DoubleOcc	0.00013463598795117806	1.4378321340992708	0.043699808397331216	0.04132646418753052	0.04411996508956695
4.0	0.0	128	4	ZZ up-up r=1	0.00013463598795117806	1.4378321340992708	0.15035545299089048	0.1518161616632046	0.3295298837000904
4.0	0.0	128	4	Sz	0.00013463598795117806	1.4378321340992708	3.490575708598939e-6	3.3402314323848718e-6	6.1235333745982e-6
4.0	0.0	128	4	ZZ onsite	0.00013463598795117806	1.4378321340992708	0.17479923354839821	0.16530586093277058	0.17647995550246987
4.0	0.0	128	4	n	0.00013463598795117806	1.4378321340992708	3.449974461666727e-8	4.654139992496531e-8	4.537072234578332e-7
4.0	0.0	128	8	SzSz r=1	0.31837528214811023	1.4378321340992708	0.0037675877439318772	0.003740668508177592	0.005815567433285429
4.0	0.0	128	8	hop up r=1	0.31837528214811023	1.4378321340992708	0.010093850850654507	0.011578304030425967	0.01965080367801053
4.0	0.0	128	8	DoubleOcc	0.31837528214811023	1.4378321340992708	0.0004121231644590717	0.0003950401666662528	0.0014704350536333954
4.0	0.0	128	8	ZZ up-up r=1	0.31837528214811023	1.4378321340992708	0.012066562856116847	0.013176877571902992	0.023765927150051158
4.0	0.0	128	8	Sz	0.31837528214811023	1.4378321340992708	2.033745166163392e-6	2.0657426455521384e-6	5.376012802225938e-6
4.0	0.0	128	8	ZZ onsite	0.31837528214811023	1.4378321340992708	0.001648438404047936	0.0015801622711957963	0.0058817779276064686
4.0	0.0	128	8	n	0.31837528214811023	1.4378321340992708	7.588407252567819e-8	6.951807208707694e-8	1.5571985712004022e-7
4.0	0.0	128	16	SzSz r=1	0.8160042635072002	1.4378321340992708	0.00029102293973123916	0.0008465916601297397	0.002106605468434955
4.0	0.0	128	16	hop up r=1	0.8160042635072002	1.4378321340992708	0.002130186173663562	0.0034121787813245	0.006709411600286097
4.0	0.0	128	16	DoubleOcc	0.8160042635072002	1.4378321340992708	0.0004409609839305939	0.0004291960240978899	0.0005754681896986136
4.0	0.0	128	16	ZZ up-up r=1	0.8160042635072002	1.4378321340992708	0.0032836967569748188	0.00570535024990867	0.01173439520460512
4.0	0.0	128	16	Sz	0.8160042635072002	1.4378321340992708	1.1433820879449413e-6	1.324379493346581e-6	4.135602123707394e-6
4.0	0.0	128	16	ZZ onsite	0.8160042635072002	1.4378321340992708	0.0017638386971657316	0.0017167840908900766	0.0023018853770675474
4.0	0.0	128	16	n	0.8160042635072002	1.4378321340992708	7.2268169781786185e-9	1.0222028945516826e-8	3.1758701113382415e-8
4.0	0.0	128	32	SzSz r=1	0.9628429860292504	1.4378321340992708	0.00018060776211428764	0.00021520520493870318	0.0005070501332545274
4.0	0.0	128	32	hop up r=1	0.9628429860292504	1.4378321340992708	0.0009046940382729796	0.0007149153140462598	0.0012927519295645173
4.0	0.0	128	32	DoubleOcc	0.9628429860292504	1.4378321340992708	6.775476727856333e-5	9.866562989046244e-5	0.00020663557950137412
4.0	0.0	128	32	ZZ up-up r=1	0.9628429860292504	1.4378321340992708	0.00048555902533908846	0.0009400343859835853	0.0022953784677469113
4.0	0.0	128	32	Sz	0.9628429860292504	1.4378321340992708	6.063686212726127e-7	8.14125721792429e-7	2.6239622359508497e-6
4.0	0.0	128	32	ZZ onsite	0.9628429860292504	1.4378321340992708	0.00027097226759997817	0.000394662479330659	0.000826449526668771
4.0	0.0	128	32	n	0.9628429860292504	1.4378321340992708	1.0175861042682754e-8	1.8436096620687292e-8	6.12169070990376e-8
8.0	0.0	8	4	SzSz r=1	0.8989015788548055	0.8748160102033097	0.007498781854379383	0.006510073318310944	0.008712940901648869
8.0	0.0	8	4	hop up r=1	0.8989015788548055	0.8748160102033097	0.014850665042274336	0.1100688329310159	0.24940085705279913
8.0	0.0	8	4	DoubleOcc	0.8989015788548055	0.8748160102033097	0.013989265343091292	0.010999843307904662	0.015318968646352127
8.0	0.0	8	4	ZZ up-up r=1	0.8989015788548055	0.8748160102033097	0.03527816138957862	0.03784561248421646	0.04758002683443374
8.0	0.0	8	4	Sz	0.8989015788548055	0.8748160102033097	3.6373612455342652e-12	1.410108618413175e-11	4.895350791400688e-11
8.0	0.0	8	4	ZZ onsite	0.8989015788548055	0.8748160102033097	0.055957061447195644	0.04399937323161772	0.06127587460526407
8.0	0.0	8	4	n	0.8989015788548055	0.8748160102033097	2.2558288570451168e-11	2.26675622716499e-11	4.989486601658655e-11
8.0	0.0	8	8	SzSz r=1	0.9968247838609527	0.8748160102033097	0.0004409543883157896	0.0005875987645819837	0.0015031108366772572
8.0	0.0	8	8	hop up r=1	0.9968247838609527	0.8748160102033097	0.001982303211179648	0.0018294697613409627	0.0034344240161066075
8.0	0.0	8	8	DoubleOcc	0.9968247838609527	0.8748160102033097	5.8430314544596906e-5	6.940345465874381e-5	0.00014827042406731494
8.0	0.0	8	8	ZZ up-up r=1	0.9968247838609527	0.8748160102033097	0.0019840134606433635	0.002433767187136377	0.006143913380910249
8.0	0.0	8	8	Sz	0.9968247838609527	0.8748160102033097	5.602355385159186e-12	6.727073433888953e-12	1.6513648955218674e-11
8.0	0.0	8	8	ZZ onsite	0.9968247838609527	0.8748160102033097	0.00023372123722342764	0.0002776138209641954	0.0005930816803219052
8.0	0.0	8	8	n	0.9968247838609527	0.8748160102033097	9.313605442429207e-12	1.1729284210559854e-11	2.38545849740035e-11
8.0	0.0	8	16	SzSz r=1	0.9999558018337285	0.8748160102033097	5.239250381761096e-6	7.956384184739016e-6	1.8343754972255377e-5
8.0	0.0	8	16	hop up r=1	0.9999558018337285	0.8748160102033097	1.825281535292045e-5	5.449438713364674e-5	0.00014624181866601527
8.0	0.0	8	16	DoubleOcc	0.9999558018337285	0.8748160102033097	5.098686039484157e-6	5.1643774270672405e-6	9.951545921149663e-6
8.0	0.0	8	16	ZZ up-up r=1	0.9999558018337285	0.8748160102033097	2.1625465500663132e-5	7.866413103490328e-5	0.00018912221635569715
8.0	0.0	8	16	Sz	0.9999558018337285	0.8748160102033097	1.3681104860108206e-12	4.238749976015477e-12	1.4350586691191936e-11
8.0	0.0	8	16	ZZ onsite	0.9999558018337285	0.8748160102033097	2.0394786181987534e-5	2.0657509707325272e-5	3.9806186181601255e-5
8.0	0.0	8	16	n	0.9999558018337285	0.8748160102033097	6.737332913786531e-12	1.2253850711907432e-11	3.395861369881459e-11
8.0	0.0	8	32	SzSz r=1	0.9999994651935673	0.8748160102033097	6.265252837367452e-8	2.0103928514980662e-7	9.58268202205792e-7
8.0	0.0	8	32	hop up r=1	0.9999994651935673	0.8748160102033097	1.556286446380284e-7	4.40882464119996e-7	1.9118714638388656e-6
8.0	0.0	8	32	DoubleOcc	0.9999994651935673	0.8748160102033097	3.497328145141143e-8	3.65222772476248e-8	7.192432927016768e-8
8.0	0.0	8	32	ZZ up-up r=1	0.9999994651935673	0.8748160102033097	3.5087177296944105e-7	7.548955339244299e-7	3.031670186837143e-6
8.0	0.0	8	32	Sz	0.9999994651935673	0.8748160102033097	9.471746303946205e-13	3.950384290518638e-12	1.4937918957347307e-11
8.0	0.0	8	32	ZZ onsite	0.9999994651935673	0.8748160102033097	1.398878748393173e-7	1.4608857000497633e-7	2.8769589510702076e-7
8.0	0.0	8	32	n	0.9999994651935673	0.8748160102033097	2.6664226382422385e-12	2.843877910940762e-12	5.70810065880778e-12
8.0	0.0	16	4	SzSz r=1	0.7414529583305992	0.9689924948767649	0.0066022578915651	0.006474198810052789	0.010296839431808036
8.0	0.0	16	4	hop up r=1	0.7414529583305992	0.9689924948767649	0.021807590581374603	0.12916411039970577	0.26916224568903246
8.0	0.0	16	4	DoubleOcc	0.7414529583305992	0.9689924948767649	0.016194176129637944	0.014007651756322886	0.016990442630762076
8.0	0.0	16	4	ZZ up-up r=1	0.7414529583305992	0.9689924948767649	0.040493853659337775	0.03944525579656196	0.05277167797053389
8.0	0.0	16	4	Sz	0.7414529583305992	0.9689924948767649	1.3083828291626798e-10	1.0920892089412958e-9	4.748713252483716e-9
8.0	0.0	16	4	ZZ onsite	0.7414529583305992	0.9689924948767649	0.06477670653337042	0.05603060702529121	0.06796177051748564
8.0	0.0	16	4	n	0.7414529583305992	0.9689924948767649	1.5940415654114304e-11	2.6874213271410596e-10	1.9716693833160548e-9
8.0	0.0	16	8	SzSz r=1	0.9776044899066445	0.9689924948767649	0.00027053395918832934	0.0006702417699170312	0.0022992268909842184
8.0	0.0	16	8	hop up r=1	0.9776044899066445	0.9689924948767649	0.005044898302960399	0.006357887423502521	0.014525107223841649
8.0	0.0	16	8	DoubleOcc	0.9776044899066445	0.9689924948767649	0.00044105691725315754	0.0005097154214888742	0.0014831438689874576
8.0	0.0	16	8	ZZ up-up r=1	0.9776044899066445	0.9689924948767649	0.0011937192049469303	0.0025208963990381787	0.008473903386155057
8.0	0.0	16	8	Sz	0.9776044899066445	0.9689924948767649	1.0674093726958933e-10	3.2928020553268933e-10	1.400727801109669e-9
8.0	0.0	16	8	ZZ onsite	0.9776044899066445	0.9689924948767649	0.0017642278926103816	0.0020388616857159245	0.005932575355055758
8.0	0.0	16	8	n	0.9776044899066445	0.9689924948767649	1.100225466288407e-11	4.2362738317258675e-11	2.3546309346755834e-10
8.0	0.0	16	16	SzSz r=1	0.9995143457464523	0.9689924948767649	3.271530134116296e-5	4.337034907693123e-5	0.00010768899789112552
8.0	0.0	16	16	hop up r=1	0.9995143457464523	0.9689924948767649	0.00019340565923775532	0.00018016315561308522	0.0003358235394890219
8.0	0.0	16	16	DoubleOcc	0.9995143457464523	0.9689924948767649	1.8488275694811263e-5	1.7406195846270817e-5	3.304452606728292e-5
8.0	0.0	16	16	ZZ up-up r=1	0.9995143457464523	0.9689924948767649	0.0003256950681167492	0.0002774323411312933	0.0005918902745010168
8.0	0.0	16	16	Sz	0.9995143457464523	0.9689924948767649	1.5727393345987828e-11	1.0790943773307873e-10	4.519627285273775e-10
8.0	0.0	16	16	ZZ onsite	0.9995143457464523	0.9689924948767649	7.395307360241743e-5	6.962478310994225e-5	0.00013217811193366735
8.0	0.0	16	16	n	0.9995143457464523	0.9689924948767649	6.36346531024401e-12	1.3726970948813033e-11	6.959222087488115e-11
8.0	0.0	16	32	SzSz r=1	0.9999771768849031	0.9689924948767649	1.5141690015707532e-6	2.2622894929944886e-6	6.59161318374013e-6
8.0	0.0	16	32	hop up r=1	0.9999771768849031	0.9689924948767649	4.7852388537772406e-6	7.107145259901045e-6	2.4014621424095495e-5
8.0	0.0	16	32	DoubleOcc	0.9999771768849031	0.9689924948767649	3.09450512769871e-7	6.794361492173939e-7	2.0672804536825407e-6
8.0	0.0	16	32	ZZ up-up r=1	0.9999771768849031	0.9689924948767649	6.095531167815693e-6	9.730240598800528e-6	2.6447665566642353e-5
8.0	0.0	16	32	Sz	0.9999771768849031	0.9689924948767649	3.127622986986989e-11	4.5332079940969133e-11	1.2051440054228202e-10
8.0	0.0	16	32	ZZ onsite	0.9999771768849031	0.9689924948767649	1.2377927755546914e-6	2.7177443914713773e-6	8.269130875371289e-6
8.0	0.0	16	32	n	0.9999771768849031	0.9689924948767649	4.4665937615206985e-12	7.094172471688864e-12	2.224587181132165e-11
8.0	0.0	32	4	SzSz r=1	0.468607662006662	1.0691808030424133	0.006151808719618512	0.006339639968960877	0.011370579928487778
8.0	0.0	32	4	hop up r=1	0.468607662006662	1.0691808030424133	0.0266748784107963	0.14215047370264738	0.28286514619764946
8.0	0.0	32	4	DoubleOcc	0.468607662006662	1.0691808030424133	0.017472832389156367	0.016024426890255728	0.018048427708251935
8.0	0.0	32	4	ZZ up-up r=1	0.468607662006662	1.0691808030424133	0.0404089994372151	0.03999715261607811	0.05827779038796177
8.0	0.0	32	4	Sz	0.468607662006662	1.0691808030424133	1.0660608913068415e-6	1.0593557074267343e-6	2.039112279268035e-6
8.0	0.0	32	4	ZZ onsite	0.468607662006662	1.0691808030424133	0.06989130487905221	0.06409770756102501	0.07219374898754705
8.0	0.0	32	4	n	0.468607662006662	1.0691808030424133	1.4216254173859966e-8	1.3734405231169422e-8	3.2200682564820227e-8
8.0	0.0	32	8	SzSz r=1	0.9083993786433069	1.0691808030424133	0.0013583862955108272	0.0015230962687964697	0.003225508116667136
8.0	0.0	32	8	hop up r=1	0.9083993786433069	1.0691808030424133	0.01706285504148286	0.013817042717477626	0.02068767644449665
8.0	0.0	32	8	DoubleOcc	0.9083993786433069	1.0691808030424133	0.0018353287161325255	0.001419436789445761	0.002184947159385525
8.0	0.0	32	8	ZZ up-up r=1	0.9083993786433069	1.0691808030424133	0.005679745764848088	0.006315971847112901	0.013448668745317027
8.0	0.0	32	8	Sz	0.9083993786433069	1.0691808030424133	3.712100903382337e-7	3.4726215076210537e-7	6.475576566702945e-7
8.0	0.0	32	8	ZZ onsite	0.9083993786433069	1.0691808030424133	0.007341331800218398	0.005677747204679461	0.008739810794915592
8.0	0.0	32	8	n	0.9083993786433069	1.0691808030424133	1.0274912087826493e-8	1.1264544078765093e-8	4.597976277498361e-8
8.0	0.0	32	16	SzSz r=1	0.996134579855717	1.0691808030424133	0.00014601939731714864	0.00014882890179525232	0.00032895782538215623
8.0	0.0	32	16	hop up r=1	0.996134579855717	1.0691808030424133	0.0005515830364462015	0.00048736661666029166	0.0009269214153824756
8.0	0.0	32	16	DoubleOcc	0.996134579855717	1.0691808030424133	4.692969808654801e-5	4.132749759412201e-5	7.894668192548471e-5
8.0	0.0	32	16	ZZ up-up r=1	0.996134579855717	1.0691808030424133	0.0006117099087205591	0.0006385468219789989	0.0013008197742189198
8.0	0.0	32	16	Sz	0.996134579855717	1.0691808030424133	2.1426935370091882e-8	2.0247356185599825e-8	3.617008591250137e-8
8.0	0.0	32	16	ZZ onsite	0.996134579855717	1.0691808030424133	0.00018771938250744524	0.0001653100097839741	0.00031578428274869896
8.0	0.0	32	16	n	0.996134579855717	1.0691808030424133	2.4603835635517157e-10	4.401969344591805e-10	1.2224741219313273e-9
8.0	0.0	32	32	SzSz r=1	0.9997193736607499	1.0691808030424133	6.815274236016133e-6	1.2323345258972413e-5	3.484071080908646e-5
8.0	0.0	32	32	hop up r=1	0.9997193736607499	1.0691808030424133	4.4752819297388946e-5	4.8340177362506166e-5	0.0001327474845910781
8.0	0.0	32	32	DoubleOcc	0.9997193736607499	1.0691808030424133	5.602401777868304e-6	5.287048643620035e-6	1.31230558170492e-5
8.0	0.0	32	32	ZZ up-up r=1	0.9997193736607499	1.0691808030424133	4.450976003778084e-5	7.715948898284931e-5	0.00022055507514978645
8.0	0.0	32	32	Sz	0.9997193736607499	1.0691808030424133	2.1648880622199274e-9	1.8637034101317423e-9	3.6100156058926913e-9
8.0	0.0	32	32	ZZ onsite	0.9997193736607499	1.0691808030424133	2.2409623109953536e-5	2.1148181136167177e-5	5.248917909694839e-5
8.0	0.0	32	32	n	0.9997193736607499	1.0691808030424133	2.352893435642045e-10	4.1790752108861184e-10	1.6415246939516237e-9
8.0	0.0	64	4	SzSz r=1	0.1719609577837056	1.1373223028679893	0.006046609471683534	0.006244604251828964	0.011645771506422486
8.0	0.0	64	4	hop up r=1	0.1719609577837056	1.1373223028679893	0.027932720918631693	0.15049108608389677	0.29084004126034113
8.0	0.0	64	4	DoubleOcc	0.1719609577837056	1.1373223028679893	0.018278613908241356	0.017281475630758894	0.018549276837571765
8.0	0.0	64	4	ZZ up-up r=1	0.1719609577837056	1.1373223028679893	0.04195284433220092	0.04034258033573535	0.06083280183112305
8.0	0.0	64	4	Sz	0.1719609577837056	1.1373223028679893	0.004589767018758902	0.004428035072009504	0.008440175140150268
8.0	0.0	64	4	ZZ onsite	0.1719609577837056	1.1373223028679893	0.07310968251085365	0.06912590252303147	0.07414716360606999
8.0	0.0	64	4	n	0.1719609577837056	1.1373223028679893	2.9007217520804485e-5	2.9042295187554912e-5	5.014877156850339e-5
8.0	0.0	64	8	SzSz r=1	0.7671361470294261	1.1373223028679893	0.0007799505181791955	0.0009466296085058101	0.002194264110833982
8.0	0.0	64	8	hop up r=1	0.7671361470294261	1.1373223028679893	0.021835896131478905	0.019259904260224975	0.025641821651537333
8.0	0.0	64	8	DoubleOcc	0.7671361470294261	1.1373223028679893	0.0022319710632990597	0.001931844985947942	0.0027117673513711305
8.0	0.0	64	8	ZZ up-up r=1	0.7671361470294261	1.1373223028679893	0.002635140803068592	0.0040196238366820465	0.008997121625874183
8.0	0.0	64	8	Sz	0.7671361470294261	1.1373223028679893	0.0030806105953811915	0.0029460937037534734	0.004808822762044602
8.0	0.0	64	8	ZZ onsite	0.7671361470294261	1.1373223028679893	0.009129214847334033	0.007727241733376329	0.010084760229694179
8.0	0.0	64	8	n	0.7671361470294261	1.1373223028679893	0.00035204211430839294	0.00030256837550089906	0.0005345812118707771
8.0	0.0	64	16	SzSz r=1	0.9826037757853577	1.1373223028679893	0.00018371145542286915	0.0002088112225500638	0.00042598680578825876
8.0	0.0	64	16	hop up r=1	0.9826037757853577	1.1373223028679893	0.0010397326200442536	0.0009319681070574211	0.0015826821977693029
8.0	0.0	64	16	DoubleOcc	0.9826037757853577	1.1373223028679893	5.534187820255276e-5	6.265323552386058e-5	0.00011519109998303634
8.0	0.0	64	16	ZZ up-up r=1	0.9826037757853577	1.1373223028679893	0.0004792100580482961	0.0007350846039492254	0.0016379780908158947
8.0	0.0	64	16	Sz	0.9826037757853577	1.1373223028679893	0.0003240836769627213	0.0003248028656288674	0.0005417697829131901
8.0	0.0	64	16	ZZ onsite	0.9826037757853577	1.1373223028679893	0.0001720541460789593	0.000250627757848107	0.0005322535243657001
8.0	0.0	64	16	n	0.9826037757853577	1.1373223028679893	2.8688643830154792e-5	2.2489889449847644e-5	4.805517302253204e-5
8.0	0.0	64	32	SzSz r=1	0.9988782902654243	1.1373223028679893	1.5243259178482349e-5	1.8528608768057807e-5	3.709630529283303e-5
8.0	0.0	64	32	hop up r=1	0.9988782902654243	1.1373223028679893	9.6650156514555e-5	0.00010184144081252516	0.00020126289948296794
8.0	0.0	64	32	DoubleOcc	0.9988782902654243	1.1373223028679893	1.2603511735875816e-5	1.0026718846184186e-5	1.5998434505087866e-5
8.0	0.0	64	32	ZZ up-up r=1	0.9988782902654243	1.1373223028679893	2.5248957848167386e-5	9.996554659622235e-5	0.0002563685290992712
8.0	0.0	64	32	Sz	0.9988782902654243	1.1373223028679893	1.781636925917568e-5	1.9384910597231126e-5	3.3603425000500176e-5
8.0	0.0	64	32	ZZ onsite	0.9988782902654243	1.1373223028679893	5.085323439824041e-5	4.009923424912534e-5	6.35109270535894e-5
8.0	0.0	64	32	n	0.9988782902654243	1.1373223028679893	2.5558878052889256e-7	3.123779172796437e-7	2.4215170768560057e-6
8.0	0.0	128	4	SzSz r=1	0.02043192392449382	1.0997656249439425	0.005252013759341492	0.004682011238707531	0.011751242149870111
8.0	0.0	128	4	hop up r=1	0.02043192392449382	1.0997656249439425	0.027543572089935853	0.1566813571240787	0.30124522857539837
8.0	0.0	128	4	DoubleOcc	0.02043192392449382	1.0997656249439425	0.018763237688800255	0.018114698945863122	0.018979827954761358
8.0	0.0	128	4	ZZ up-up r=1	0.02043192392449382	1.0997656249439425	0.04203470939855708	0.03491992346989102	0.06254414363065824
8.0	0.0	128	4	Sz	0.02043192392449382	1.0997656249439425	0.02018855513213781	0.01775050955507605	0.030602623202678605
8.0	0.0	128	4	ZZ onsite	0.02043192392449382	1.0997656249439425	0.07505470267844855	0.07245879578344348	0.07565919105367691
8.0	0.0	128	4	n	0.02043192392449382	1.0997656249439425	9.099194605044492e-5	8.366246824492891e-5	0.0001308804491113591
8.0	0.0	128	8	SzSz r=1	0.5475786701143363	1.0997656249439425	0.001282116302922895	0.001110418346650595	0.0024671961666287434
8.0	0.0	128	8	hop up r=1	0.5475786701143363	1.0997656249439425	0.01656523844387059	0.017618952732198438	0.03277408134337717
8.0	0.0	128	8	DoubleOcc	0.5475786701143363	1.0997656249439425	0.0022867144955657365	0.0019592457583222688	0.002958422850314252
8.0	0.0	128	8	ZZ up-up r=1	0.5475786701143363	1.0997656249439425	0.004601587912383076	0.0047241046205527	0.00973617833866558
8.0	0.0	128	8	Sz	0.5475786701143363	1.0997656249439425	0.009352570332447959	0.007670625581994596	0.011871465870512035
8.0	0.0	128	8	ZZ onsite	0.5475786701143363	1.0997656249439425	0.007885789459373016	0.00783687061914027	0.010882464372527823
8.0	0.0	128	8	n	0.5475786701143363	1.0997656249439425	0.000541258447811277	0.0005970052189029308	0.0010641691796278163
8.0	0.0	128	16	SzSz r=1	0.9461352013158285	1.0997656249439425	0.0002737301034184819	0.000255012133050025	0.00046629985010275543
8.0	0.0	128	16	hop up r=1	0.9461352013158285	1.0997656249439425	0.001623886884838499	0.0014127268521538043	0.0023840411173073894
8.0	0.0	128	16	DoubleOcc	0.9461352013158285	1.0997656249439425	7.116180515780168e-5	9.77681699884745e-5	0.00029124554865661567
8.0	0.0	128	16	ZZ up-up r=1	0.9461352013158285	1.0997656249439425	0.0009513344688368841	0.0009723343259700653	0.002543544989549007
8.0	0.0	128	16	Sz	0.9461352013158285	1.0997656249439425	0.0011314684772051366	0.0009474867469894112	0.0015212529807080571
8.0	0.0	128	16	ZZ onsite	0.9461352013158285	1.0997656249439425	0.00046282833871569284	0.0003910866962711151	0.0009427059100057811
8.0	0.0	128	16	n	0.9461352013158285	1.0997656249439425	7.018951178183741e-5	8.549566745498852e-5	0.0002033272276696918
8.0	0.0	128	32	SzSz r=1	0.9970116361286264	1.0997656249439425	9.878040829774948e-6	1.5764772370432836e-5	4.783516785167308e-5
8.0	0.0	128	32	hop up r=1	0.9970116361286264	1.0997656249439425	0.00013371105054599264	0.00012342595847873958	0.0001901794272202717
8.0	0.0	128	32	DoubleOcc	0.9970116361286264	1.0997656249439425	1.2400177815924396e-5	1.1203598297021512e-5	1.784215545186374e-5
8.0	0.0	128	32	ZZ up-up r=1	0.9970116361286264	1.0997656249439425	7.257219969181161e-5	0.00011325254503688159	0.00026326436965373734
8.0	0.0	128	32	Sz	0.9970116361286264	1.0997656249439425	7.030518118888301e-5	5.9382672311549445e-5	8.599865472860846e-5
8.0	0.0	128	32	ZZ onsite	0.9970116361286264	1.0997656249439425	5.022915347274726e-5	4.480863523850971e-5	6.856881818928517e-5
8.0	0.0	128	32	n	0.9970116361286264	1.0997656249439425	1.113334072044836e-6	1.3447263120872077e-6	4.247018232539368e-6
4.0	0.125	8	4	SzSz r=1	0.7419358836055774	1.2936235971166425	0.020439821262591105	0.020480629797442258	0.026647999135589864
4.0	0.125	8	4	hop up r=1	0.7419358836055774	1.2936235971166425	0.11332393139664876	0.13289125113645303	0.24523882029938648
4.0	0.125	8	4	DoubleOcc	0.7419358836055774	1.2936235971166425	0.003521777123762164	0.01284841916783001	0.0491978947488195
4.0	0.125	8	4	ZZ up-up r=1	0.7419358836055774	1.2936235971166425	0.10260948226601707	0.1273474408480936	0.21452563393585625
4.0	0.125	8	4	Sz	0.7419358836055774	1.2936235971166425	0.008042722523821447	0.010937732572710761	0.02098126069762611
4.0	0.125	8	4	ZZ onsite	0.7419358836055774	1.2936235971166425	0.04593421491543795	0.0680358981199236	0.2379326710869659
4.0	0.125	8	4	n	0.7419358836055774	1.2936235971166425	0.010412758447809922	0.013188093979050616	0.02654675944135021
4.0	0.125	8	8	SzSz r=1	0.9653992717411763	1.2936235971166425	0.0026725624194349346	0.003048083004603075	0.003917566539466136
4.0	0.125	8	8	hop up r=1	0.9653992717411763	1.2936235971166425	0.016575910880004208	0.01923672168419203	0.04436012131962713
4.0	0.125	8	8	DoubleOcc	0.9653992717411763	1.2936235971166425	0.0015373066208251504	0.0016688596694694694	0.004890157287830002
4.0	0.125	8	8	ZZ up-up r=1	0.9653992717411763	1.2936235971166425	0.022871003398827527	0.02803920408953459	0.06181610288988368
4.0	0.125	8	8	Sz	0.9653992717411763	1.2936235971166425	0.0022282060578128933	0.002211013811377018	0.003169653442632314
4.0	0.125	8	8	ZZ onsite	0.9653992717411763	1.2936235971166425	0.005793242331707332	0.005947347087080702	0.010832852003971605
4.0	0.125	8	8	n	0.9653992717411763	1.2936235971166425	0.002223824892987669	0.002558400059028687	0.004443547234805001
4.0	0.125	8	16	SzSz r=1	0.998823576716097	1.2936235971166425	0.00014315797253811047	0.00016003869366535854	0.00026285301206742384
4.0	0.125	8	16	hop up r=1	0.998823576716097	1.2936235971166425	0.0002752321017577275	0.0006601114243578851	0.0029873083769088593
4.0	0.125	8	16	DoubleOcc	0.998823576716097	1.2936235971166425	3.9103806959463194e-5	7.044756289484137e-5	0.00017732421704337586
4.0	0.125	8	16	ZZ up-up r=1	0.998823576716097	1.2936235971166425	0.0004678600981393721	0.0006099361969674913	0.0016471287625976494
4.0	0.125	8	16	Sz	0.998823576716097	1.2936235971166425	8.607026205234569e-5	7.854782488364402e-5	0.00016217008703024727
4.0	0.125	8	16	ZZ onsite	0.998823576716097	1.2936235971166425	0.00022243516963887933	0.0002954455393232927	0.0008372897252960088
4.0	0.125	8	16	n	0.998823576716097	1.2936235971166425	9.093315531572e-5	9.47752403019364e-5	0.0001461715708716005
4.0	0.125	8	32	SzSz r=1	0.9999826433049921	1.2936235971166425	2.4433334777640425e-6	6.6226379745896025e-6	2.788310528724358e-5
4.0	0.125	8	32	hop up r=1	0.9999826433049921	1.2936235971166425	6.629131981683578e-6	1.7488979173387242e-5	7.311182743091615e-5
4.0	0.125	8	32	DoubleOcc	0.9999826433049921	1.2936235971166425	8.170295114143244e-7	1.258251710252109e-6	3.4191302234060084e-6
4.0	0.125	8	32	ZZ up-up r=1	0.9999826433049921	1.2936235971166425	1.3042058315870797e-5	5.7725238255090794e-5	0.0001974126347523142
4.0	0.125	8	32	Sz	0.9999826433049921	1.2936235971166425	1.1494739026868261e-6	1.3917818494886894e-6	3.166496251344464e-6
4.0	0.125	8	32	ZZ onsite	0.9999826433049921	1.2936235971166425	3.808704482743952e-6	4.9208503155942496e-6	1.0485808319804502e-5
4.0	0.125	8	32	n	0.9999826433049921	1.2936235971166425	1.3197942379528094e-6	1.1657081457894236e-6	2.1739089027805747e-6
4.0	0.125	16	4	SzSz r=1	0.3688295372862062	1.4680260693245748	0.04048837961613939	0.03499446612011678	0.06589556054989895
4.0	0.125	16	4	hop up r=1	0.3688295372862062	1.4680260693245748	0.07805027051464425	0.10264101656665771	0.22342456424803336
4.0	0.125	16	4	DoubleOcc	0.3688295372862062	1.4680260693245748	0.023559621746942698	0.020493273176412842	0.04220390759287708
4.0	0.125	16	4	ZZ up-up r=1	0.3688295372862062	1.4680260693245748	0.1411196402828825	0.15766339220360762	0.31544381690284234
4.0	0.125	16	4	Sz	0.3688295372862062	1.4680260693245748	0.003095654353342619	0.003314037099948453	0.007727693319697124
4.0	0.125	16	4	ZZ onsite	0.3688295372862062	1.4680260693245748	0.06368591422083375	0.0753956774428248	0.17575293413586163
4.0	0.125	16	4	n	0.3688295372862062	1.4680260693245748	0.010958472267812491	0.013203508785965157	0.033912330377212196
4.0	0.125	16	8	SzSz r=1	0.7966425797986785	1.4680260693245748	0.0037418187466455866	0.0037964118566219166	0.008393407761794133
4.0	0.125	16	8	hop up r=1	0.7966425797986785	1.4680260693245748	0.033993163937651394	0.0370545684880953	0.08682691701648199
4.0	0.125	16	8	DoubleOcc	0.7966425797986785	1.4680260693245748	0.00410582699040965	0.004867380830528284	0.012482202316354121
4.0	0.125	16	8	ZZ up-up r=1	0.7966425797986785	1.4680260693245748	0.033947368933802013	0.03453450384938291	0.08013145197585397
4.0	0.125	16	8	Sz	0.7966425797986785	1.4680260693245748	0.0014774753759848117	0.0018177639513959048	0.005290643970762426
4.0	0.125	16	8	ZZ onsite	0.7966425797986785	1.4680260693245748	0.017991130673995964	0.01882529688335669	0.034442156115260136
4.0	0.125	16	8	n	0.7966425797986785	1.4680260693245748	0.00575189449336494	0.005491325008071125	0.010321670556297513
4.0	0.125	16	16	SzSz r=1	0.976132230524944	1.4680260693245748	0.0005883254527604131	0.0006861457535548385	0.0014295713058703474
4.0	0.125	16	16	hop up r=1	0.976132230524944	1.4680260693245748	0.0020534459767727054	0.003439452135552168	0.016469527647589244
4.0	0.125	16	16	DoubleOcc	0.976132230524944	1.4680260693245748	0.0002118027313196616	0.00027979248004396384	0.0010031076567737496
4.0	0.125	16	16	ZZ up-up r=1	0.976132230524944	1.4680260693245748	0.0022110088858767196	0.002531651879787226	0.006855218480755265
4.0	0.125	16	16	Sz	0.976132230524944	1.4680260693245748	8.803418991520581e-5	0.0001146447491909364	0.0003492965343825302
4.0	0.125	16	16	ZZ onsite	0.976132230524944	1.4680260693245748	0.0004982690211573493	0.0007676199088333599	0.0032773972389944506
4.0	0.125	16	16	n	0.976132230524944	1.4680260693245748	0.00045913067032526955	0.0004015072916697601	0.0006693860460071921
4.0	0.125	16	32	SzSz r=1	0.9983502060521044	1.4680260693245748	6.591653087500982e-5	9.743581189790388e-5	0.00032274665620470044
4.0	0.125	16	32	hop up r=1	0.9983502060521044	1.4680260693245748	0.00018894362554389144	0.0002834980610323834	0.0007744642399969415
4.0	0.125	16	32	DoubleOcc	0.9983502060521044	1.4680260693245748	1.1194500565268883e-5	1.869466941888196e-5	6.517383376442032e-5
4.0	0.125	16	32	ZZ up-up r=1	0.9983502060521044	1.4680260693245748	0.000646393519980526	0.0006483494918706552	0.0017667200782195969
4.0	0.125	16	32	Sz	0.9983502060521044	1.4680260693245748	1.6076036203824945e-5	1.5131659201471446e-5	3.585263888759155e-5
4.0	0.125	16	32	ZZ onsite	0.9983502060521044	1.4680260693245748	4.530537639041432e-5	4.698733591300061e-5	0.00013534870813913802
4.0	0.125	16	32	n	0.9983502060521044	1.4680260693245748	2.5783491890529753e-5	3.413754520503742e-5	9.355999689231176e-5
4.0	0.125	32	4	SzSz r=1	0.07364261951854428	1.6865092646396835	0.04163504980086362	0.04101998875521272	0.07558980263904298
4.0	0.125	32	4	hop up r=1	0.07364261951854428	1.6865092646396835	0.09594393643277643	0.10995043893843545	0.22990609186318361
4.0	0.125	32	4	DoubleOcc	0.07364261951854428	1.6865092646396835	0.026062914037432862	0.022272412783900287	0.04705485279948539
4.0	0.125	32	4	ZZ up-up r=1	0.07364261951854428	1.6865092646396835	0.17353264010821998	0.1737117593021555	0.3377882686320589
4.0	0.125	32	4	Sz	0.07364261951854428	1.6865092646396835	0.006657319770404405	0.008660640383021802	0.030186301750648768
4.0	0.125	32	4	ZZ onsite	0.07364261951854428	1.6865092646396835	0.06809604218066945	0.08851013005431231	0.19854573470955897
4.0	0.125	32	4	n	0.07364261951854428	1.6865092646396835	0.011184644623321693	0.011568436352305419	0.026763400352238564
4.0	0.125	32	8	SzSz r=1	0.4730613460140137	1.6865092646396835	0.0035394112752718115	0.004042790264930302	0.009620191072187104
4.0	0.125	32	8	hop up r=1	0.4730613460140137	1.6865092646396835	0.046908174529902924	0.047109604852323496	0.08246883250628612
4.0	0.125	32	8	DoubleOcc	0.4730613460140137	1.6865092646396835	0.005200715338174629	0.006414359673410763	0.014379680657293045
4.0	0.125	32	8	ZZ up-up r=1	0.4730613460140137	1.6865092646396835	0.03795375006406454	0.041028117054370046	0.08881318704598201
4.0	0.125	32	8	Sz	0.4730613460140137	1.6865092646396835	0.0016121948189822197	0.0019345212809755141	0.005372972363857212
4.0	0.125	32	8	ZZ onsite	0.4730613460140137	1.6865092646396835	0.024851324145277187	0.025327141822997157	0.05105817524009448
4.0	0.125	32	8	n	0.4730613460140137	1.6865092646396835	0.009195146184956648	0.009105791216738521	0.020523152907104714
4.0	0.125	32	16	SzSz r=1	0.8709279720720813	1.6865092646396835	0.001293402538234456	0.0011982975370565339	0.0026651407705342023
4.0	0.125	32	16	hop up r=1	0.8709279720720813	1.6865092646396835	0.007016728282213447	0.0077664729154853715	0.02703419965731846
4.0	0.125	32	16	DoubleOcc	0.8709279720720813	1.6865092646396835	0.0003226782158523081	0.0005725325928924632	0.0030616784210797943
4.0	0.125	32	16	ZZ up-up r=1	0.8709279720720813	1.6865092646396835	0.004245674915337172	0.004398717846314313	0.009595541558638565
4.0	0.125	32	16	Sz	0.8709279720720813	1.6865092646396835	0.00026110364810043654	0.00034828849798144057	0.0011583608721529581
4.0	0.125	32	16	ZZ onsite	0.8709279720720813	1.6865092646396835	0.0016443132070868838	0.002435854078830818	0.008670100339576547
4.0	0.125	32	16	n	0.8709279720720813	1.6865092646396835	0.0008823692813794137	0.001188037846817945	0.0038369295224124356
4.0	0.125	32	32	SzSz r=1	0.9809672994612256	1.6865092646396835	0.0001692612420824413	0.0003126791491770055	0.0008760918594289124
4.0	0.125	32	32	hop up r=1	0.9809672994612256	1.6865092646396835	0.0011404927799194553	0.0011705262589641221	0.002840715498396318
4.0	0.125	32	32	DoubleOcc	0.9809672994612256	1.6865092646396835	5.204197238554975e-5	9.462095738591589e-5	0.0004007541774263407
4.0	0.125	32	32	ZZ up-up r=1	0.9809672994612256	1.6865092646396835	0.0018953311361251113	0.002155316699917436	0.005433594439112566
4.0	0.125	32	32	Sz	0.9809672994612256	1.6865092646396835	3.2740862139652924e-5	4.075135412495137e-5	0.00010635904059741463
4.0	0.125	32	32	ZZ onsite	0.9809672994612256	1.6865092646396835	0.0001883758678193348	0.0003012832066024134	0.0009530135597047851
4.0	0.125	32	32	n	0.9809672994612256	1.6865092646396835	0.00011756909322846454	0.00015090976617347998	0.0004435960335745781
4.0	0.125	64	4	SzSz r=1	0.0021622007497012776	1.9042708554590058	0.045772960342759135	0.044835283246612005	0.0792019831204086
4.0	0.125	64	4	hop up r=1	0.0021622007497012776	1.9042708554590058	0.11511262552836732	0.12084976297779174	0.25787583977095185
4.0	0.125	64	4	DoubleOcc	0.0021622007497012776	1.9042708554590058	0.028257601692902264	0.023235628919402895	0.04757618909967888
4.0	0.125	64	4	ZZ up-up r=1	0.0021622007497012776	1.9042708554590058	0.19244091912562097	0.1884607001318735	0.3584415398992284
4.0	0.125	64	4	Sz	0.0021622007497012776	1.9042708554590058	0.009132726829174697	0.01060781299961804	0.031894986890374
4.0	0.125	64	4	ZZ onsite	0.0021622007497012776	1.9042708554590058	0.0802504938283119	0.09506413522135887	0.1972456518199662
4.0	0.125	64	4	n	0.0021622007497012776	1.9042708554590058	0.01491755509994347	0.015380122333061534	0.0360902470994473
4.0	0.125	64	8	SzSz r=1	0.13198247328388035	1.9042708554590058	0.0036126325271693266	0.004500403220591363	0.015109881093234911
4.0	0.125	64	8	hop up r=1	0.13198247328388035	1.9042708554590058	0.051958533531754836	0.05432468171532348	0.10364578051486645
4.0	0.125	64	8	DoubleOcc	0.13198247328388035	1.9042708554590058	0.006771767157199772	0.007646463781445638	0.015545155065388241
4.0	0.125	64	8	ZZ up-up r=1	0.13198247328388035	1.9042708554590058	0.045822007830456535	0.046672801881465345	0.1000105447248894
4.0	0.125	64	8	Sz	0.13198247328388035	1.9042708554590058	0.002016376877131967	0.00238280375711224	0.008425580614014924
4.0	0.125	64	8	ZZ onsite	0.13198247328388035	1.9042708554590058	0.029659372447943033	0.03007180685798315	0.05967918853371912
4.0	0.125	64	8	n	0.13198247328388035	1.9042708554590058	0.00969526895098144	0.009704977265558738	0.022663288484600863
4.0	0.125	64	16	SzSz r=1	0.6003174932632024	1.9042708554590058	0.0017254594684135427	0.0017462364291482714	0.0033653172223388067
4.0	0.125	64	16	hop up r=1	0.6003174932632024	1.9042708554590058	0.010931085346356229	0.011841934036335554	0.03755602191893792
4.0	0.125	64	16	DoubleOcc	0.6003174932632024	1.9042708554590058	0.0006153004511222845	0.0008710067767347699	0.00373663936166696
4.0	0.125	64	16	ZZ up-up r=1	0.6003174932632024	1.9042708554590058	0.006812031471999103	0.006605267567835896	0.013939971312283528
4.0	0.125	64	16	Sz	0.6003174932632024	1.9042708554590058	0.0003482634582581273	0.0005538365814872772	0.0019850811981770022
4.0	0.125	64	16	ZZ onsite	0.6003174932632024	1.9042708554590058	0.0026088841987703393	0.003415728210675522	0.010474009826254627
4.0	0.125	64	16	n	0.6003174932632024	1.9042708554590058	0.001371183597729142	0.0016321345638337665	0.004432118397526219
4.0	0.125	64	32	SzSz r=1	0.8966696660154615	1.9042708554590058	0.0005661871191489087	0.0006244637856548057	0.0018503263411544513
4.0	0.125	64	32	hop up r=1	0.8966696660154615	1.9042708554590058	0.002974548493093976	0.00279539462072291	0.00613203734339296
4.0	0.125	64	32	DoubleOcc	0.8966696660154615	1.9042708554590058	0.00014140011640367822	0.00023815972214045805	0.0009484924805681916
4.0	0.125	64	32	ZZ up-up r=1	0.8966696660154615	1.9042708554590058	0.004421802224918059	0.004350918633844621	0.010791206245290508
4.0	0.125	64	32	Sz	0.8966696660154615	1.9042708554590058	6.848853298024177e-5	7.723216771462934e-5	0.00028204880362026064
4.0	0.125	64	32	ZZ onsite	0.8966696660154615	1.9042708554590058	0.0007118174505759134	0.000814177991729113	0.002481491659116708
4.0	0.125	64	32	n	0.8966696660154615	1.9042708554590058	0.0003060399307913686	0.0004018202318345973	0.0011264165266710036
4.0	0.125	128	4	SzSz r=1	1.9216188943697503e-6	2.0652755606208575	0.04150503908740175	0.04214159879395857	0.08062468552987037
4.0	0.125	128	4	hop up r=1	1.9216188943697503e-6	2.0652755606208575	0.11603090986447628	0.13255638520874677	0.3696073168465408
4.0	0.125	128	4	DoubleOcc	1.9216188943697503e-6	2.0652755606208575	0.021518047038097704	0.02195237153372373	0.047484824305739595
4.0	0.125	128	4	ZZ up-up r=1	1.9216188943697503e-6	2.0652755606208575	0.18718713071970183	0.18981622920434527	0.3621158437184834
4.0	0.125	128	4	Sz	1.9216188943697503e-6	2.0652755606208575	0.016937459217721516	0.02002984248064453	0.06204806366209504
4.0	0.125	128	4	ZZ onsite	1.9216188943697503e-6	2.0652755606208575	0.06825039612845527	0.08510444983526194	0.22525706028549192
4.0	0.125	128	4	n	1.9216188943697503e-6	2.0652755606208575	0.013846509485788139	0.01635833410187139	0.07106152273612643
4.0	0.125	128	8	SzSz r=1	0.008008966533527364	2.0652755606208575	0.003771498507017426	0.004946696935098286	0.015556115220732344
4.0	0.125	128	8	hop up r=1	0.008008966533527364	2.0652755606208575	0.05528225190667335	0.06065896563589924	0.1149522922287815
4.0	0.125	128	8	DoubleOcc	0.008008966533527364	2.0652755606208575	0.007838815636935316	0.008500406849613848	0.016980485423201283
4.0	0.125	128	8	ZZ up-up r=1	0.008008966533527364	2.0652755606208575	0.05012736134531087	0.050503933061331864	0.10767662510677672
4.0	0.125	128	8	Sz	0.008008966533527364	2.0652755606208575	0.002409902637236984	0.0029270941674625125	0.01008312310568359
4.0	0.125	128	8	ZZ onsite	0.008008966533527364	2.0652755606208575	0.034411177016726996	0.03347877297427131	0.0644679622703902
4.0	0.125	128	8	n	0.008008966533527364	2.0652755606208575	0.010800782490351657	0.01016358222311025	0.02383147100656957
4.0	0.125	128	16	SzSz r=1	0.2363322732931318	2.0652755606208575	0.002246773867987689	0.0021662247985028793	0.003992679268701935
4.0	0.125	128	16	hop up r=1	0.2363322732931318	2.0652755606208575	0.014289886168279753	0.015119250258030549	0.03641629144494929
4.0	0.125	128	16	DoubleOcc	0.2363322732931318	2.0652755606208575	0.0007741576791685592	0.001085208017658511	0.004405653251601513
4.0	0.125	128	16	ZZ up-up r=1	0.2363322732931318	2.0652755606208575	0.008821920804270689	0.008778445043062251	0.017610764907006415
4.0	0.125	128	16	Sz	0.2363322732931318	2.0652755606208575	0.0005290625713522193	0.000670406965633651	0.002108082754927798
4.0	0.125	128	16	ZZ onsite	0.2363322732931318	2.0652755606208575	0.0043096368880359	0.004486847109962708	0.011685817965723932
4.0	0.125	128	16	n	0.2363322732931318	2.0652755606208575	0.0018521617309262273	0.0020265328353080304	0.005126616012207652
4.0	0.125	128	32	SzSz r=1	0.6754638490163946	2.0652755606208575	0.0008270335866232964	0.000914637452625426	0.0024766128162781315
4.0	0.125	128	32	hop up r=1	0.6754638490163946	2.0652755606208575	0.0049491383926388854	0.004608358322545723	0.008718272853970754
4.0	0.125	128	32	DoubleOcc	0.6754638490163946	2.0652755606208575	0.00020508521974986482	0.0003881027915645203	0.0014831730041025004
4.0	0.125	128	32	ZZ up-up r=1	0.6754638490163946	2.0652755606208575	0.006454622630963969	0.006443960914482753	0.01469397489836205
4.0	0.125	128	32	Sz	0.6754638490163946	2.0652755606208575	0.00011288458515280875	0.00013119206959393242	0.00045108385866048095
4.0	0.125	128	32	ZZ onsite	0.6754638490163946	2.0652755606208575	0.001311359591288308	0.0014043965054040533	0.0035764154724262642
4.0	0.125	128	32	n	0.6754638490163946	2.0652755606208575	0.0006164760001757807	0.0006405843769844979	0.0016486764047747293
8.0	0.125	8	4	SzSz r=1	0.7493540058696886	1.290054636159193	0.01627008267649238	0.015622419198457124	0.026713738363506948
8.0	0.125	8	4	hop up r=1	0.7493540058696886	1.290054636159193	0.11878959523556665	0.13560302426925233	0.25995842311400097
8.0	0.125	8	4	DoubleOcc	0.7493540058696886	1.290054636159193	0.0026641475289843203	0.003856293630081541	0.007963082638321808
8.0	0.125	8	4	ZZ up-up r=1	0.7493540058696886	1.290054636159193	0.16838243079044513	0.15621935251636115	0.20578133926061604
8.0	0.125	8	4	Sz	0.7493540058696886	1.290054636159193	0.026324987974341105	0.02626632853745445	0.03362508718696028
8.0	0.125	8	4	ZZ onsite	0.7493540058696886	1.290054636159193	0.016727949248764917	0.03643102352827111	0.12444639816599562
8.0	0.125	8	4	n	0.7493540058696886	1.290054636159193	0.016311138240166723	0.018876808155787198	0.04629703380635419
8.0	0.125	8	8	SzSz r=1	0.9765561993258752	1.290054636159193	0.0007934787370664914	0.0011623399616259914	0.002568448449264238
8.0	0.125	8	8	hop up r=1	0.9765561993258752	1.290054636159193	0.019531770918567115	0.018131761279511993	0.030909210182765656
8.0	0.125	8	8	DoubleOcc	0.9765561993258752	1.290054636159193	0.00152585333753405	0.0015635383246017827	0.003268636692443566
8.0	0.125	8	8	ZZ up-up r=1	0.9765561993258752	1.290054636159193	0.009028424754098263	0.011504558105603666	0.03055864023991095
8.0	0.125	8	8	Sz	0.9765561993258752	1.290054636159193	0.0020871684674542146	0.001998214781834781	0.003635986838852648
8.0	0.125	8	8	ZZ onsite	0.9765561993258752	1.290054636159193	0.005656809234812987	0.005942875737608308	0.008328542049655385
8.0	0.125	8	8	n	0.9765561993258752	1.290054636159193	0.0025365990976141117	0.0023372258628080456	0.0038273635794666694
8.0	0.125	8	16	SzSz r=1	0.999406596289484	1.290054636159193	8.168592031462807e-5	9.483590910560771e-5	0.00019993714018919084
8.0	0.125	8	16	hop up r=1	0.999406596289484	1.290054636159193	0.00013963528698535121	0.0004612679833241873	0.0014949877749023122
8.0	0.125	8	16	DoubleOcc	0.999406596289484	1.290054636159193	8.939532834775776e-6	2.8173480047615634e-5	0.00010301544475194158
8.0	0.125	8	16	ZZ up-up r=1	0.999406596289484	1.290054636159193	0.0003502369771413161	0.0004757769802769223	0.0009438332708421315
8.0	0.125	8	16	Sz	0.999406596289484	1.290054636159193	5.929047385686004e-5	5.687086517529739e-5	9.130270944514296e-5
8.0	0.125	8	16	ZZ onsite	0.999406596289484	1.290054636159193	0.00015032823530369832	0.00013688280727153224	0.00020094442551255032
8.0	0.125	8	16	n	0.999406596289484	1.290054636159193	6.573891202249493e-5	7.2117577857439e-5	0.00013311297173090875
8.0	0.125	8	32	SzSz r=1	0.9999940612347221	1.290054636159193	9.630355755352316e-7	2.449236695971952e-6	8.427425161439128e-6
8.0	0.125	8	32	hop up r=1	0.9999940612347221	1.290054636159193	1.1641118335958822e-6	5.8171884472689254e-6	2.4225159968027654e-5
8.0	0.125	8	32	DoubleOcc	0.9999940612347221	1.290054636159193	2.0460420374623922e-7	5.132537328131348e-7	1.5557791363252083e-6
8.0	0.125	8	32	ZZ up-up r=1	0.9999940612347221	1.290054636159193	3.847413006852207e-6	1.1539179016600049e-5	4.4579905862207614e-5
8.0	0.125	8	32	Sz	0.9999940612347221	1.290054636159193	5.342391578150307e-7	5.951376646703976e-7	1.0301471626006364e-6
8.0	0.125	8	32	ZZ onsite	0.9999940612347221	1.290054636159193	1.9869526898252943e-6	2.3985591924985394e-6	6.463860854677428e-6
8.0	0.125	8	32	n	0.9999940612347221	1.290054636159193	5.513588274830283e-7	5.261424545210946e-7	8.409027627553911e-7
8.0	0.125	16	4	SzSz r=1	0.3866182186851509	1.3843887597597262	0.027460533587115782	0.023711946688519378	0.045072181530490835
8.0	0.125	16	4	hop up r=1	0.3866182186851509	1.3843887597597262	0.11315597653400244	0.08145574814798137	0.15374023560949623
8.0	0.125	16	4	DoubleOcc	0.3866182186851509	1.3843887597597262	0.014537240311541369	0.015914777216365826	0.04025993148526154
8.0	0.125	16	4	ZZ up-up r=1	0.3866182186851509	1.3843887597597262	0.10834111692606302	0.10441092784949017	0.17728725492117425
8.0	0.125	16	4	Sz	0.3866182186851509	1.3843887597597262	0.007242510711892459	0.01066565825606373	0.03137495968768168
8.0	0.125	16	4	ZZ onsite	0.3866182186851509	1.3843887597597262	0.04745032209061717	0.07325920919307613	0.20200841921131768
8.0	0.125	16	4	n	0.3866182186851509	1.3843887597597262	0.020110840691628495	0.021397413492119433	0.045746210598713755
8.0	0.125	16	8	SzSz r=1	0.8519612717914199	1.3843887597597262	0.0022456094863808895	0.0020732187678950743	0.004437358820116338
8.0	0.125	16	8	hop up r=1	0.8519612717914199	1.3843887597597262	0.03585387165984266	0.030236134777912017	0.049728049641175
8.0	0.125	16	8	DoubleOcc	0.8519612717914199	1.3843887597597262	0.0011270216015697443	0.002014657942647973	0.004907067022466627
8.0	0.125	16	8	ZZ up-up r=1	0.8519612717914199	1.3843887597597262	0.01370968925195648	0.016302124288172383	0.02815008585679174
8.0	0.125	16	8	Sz	0.8519612717914199	1.3843887597597262	0.0006770137528183395	0.0008261629520334138	0.0018813131643733022
8.0	0.125	16	8	ZZ onsite	0.8519612717914199	1.3843887597597262	0.006945206648394098	0.008789656755097103	0.027308399262094718
8.0	0.125	16	8	n	0.8519612717914199	1.3843887597597262	0.002642881409007425	0.0027896064200697915	0.005811452301123565
8.0	0.125	16	16	SzSz r=1	0.982835614522796	1.3843887597597262	0.0003676610365036803	0.0005319400392323675	0.001651766602209448
8.0	0.125	16	16	hop up r=1	0.982835614522796	1.3843887597597262	0.002631402547357109	0.003127916105010046	0.01215658791760943
8.0	0.125	16	16	DoubleOcc	0.982835614522796	1.3843887597597262	0.00014150411791441497	0.00018944743773999587	0.0006967640060109304
8.0	0.125	16	16	ZZ up-up r=1	0.982835614522796	1.3843887597597262	0.0014694784285597673	0.002291988001661464	0.007914966247034694
8.0	0.125	16	16	Sz	0.982835614522796	1.3843887597597262	5.166562226278058e-5	7.974186364234902e-5	0.00021980788151108877
8.0	0.125	16	16	ZZ onsite	0.982835614522796	1.3843887597597262	0.0004970910865508826	0.0007532291124930854	0.002662745863273419
8.0	0.125	16	16	n	0.982835614522796	1.3843887597597262	0.0001918609809481442	0.00022708722998512204	0.0007383377414066361
8.0	0.125	16	32	SzSz r=1	0.9989818441623017	1.3843887597597262	4.097973385452924e-5	5.257043242318331e-5	0.000138923949611236
8.0	0.125	16	32	hop up r=1	0.9989818441623017	1.3843887597597262	8.80757545627664e-5	0.0002630981042459994	0.0009042406688542504
8.0	0.125	16	32	DoubleOcc	0.9989818441623017	1.3843887597597262	3.520760968711567e-6	1.6074105942105385e-5	4.882716252629926e-5
8.0	0.125	16	32	ZZ up-up r=1	0.9989818441623017	1.3843887597597262	0.0001680160834851563	0.0002977358363563942	0.0008179786242246134
8.0	0.125	16	32	Sz	0.9989818441623017	1.3843887597597262	5.6422128718799924e-6	6.765009957239291e-6	1.8032525917900666e-5
8.0	0.125	16	32	ZZ onsite	0.9989818441623017	1.3843887597597262	3.9731234079909417e-5	6.988701761356103e-5	0.0002450910638368553
8.0	0.125	16	32	n	0.9989818441623017	1.3843887597597262	2.3615194903681136e-5	2.2604795177731674e-5	5.2851664802067155e-5
8.0	0.125	32	4	SzSz r=1	0.10639729342392404	1.5505674553176645	0.008820489560744202	0.012407619819215069	0.041948646675794794
8.0	0.125	32	4	hop up r=1	0.10639729342392404	1.5505674553176645	0.10068525610913104	0.10326756027853155	0.21609424532109645
8.0	0.125	32	4	DoubleOcc	0.10639729342392404	1.5505674553176645	0.01081607926653795	0.011232382873327892	0.026438515543187185
8.0	0.125	32	4	ZZ up-up r=1	0.10639729342392404	1.5505674553176645	0.07558190069432857	0.07783743164344437	0.22253724599709154
8.0	0.125	32	4	Sz	0.10639729342392404	1.5505674553176645	0.01356359375951807	0.01733814786614179	0.04715054761735792
8.0	0.125	32	4	ZZ onsite	0.10639729342392404	1.5505674553176645	0.04368420309222509	0.051625725826959054	0.12930843609169362
8.0	0.125	32	4	n	0.10639729342392404	1.5505674553176645	0.015383011581047767	0.01782012577636328	0.04440711099169081
8.0	0.125	32	8	SzSz r=1	0.5783161055571878	1.5505674553176645	0.0019540935868673504	0.002286752717146196	0.005022270697619666
8.0	0.125	32	8	hop up r=1	0.5783161055571878	1.5505674553176645	0.04441166120488976	0.04297480442214621	0.08402435505986378
8.0	0.125	32	8	DoubleOcc	0.5783161055571878	1.5505674553176645	0.003685077615868698	0.0037139133308179357	0.008035167336387483
8.0	0.125	32	8	ZZ up-up r=1	0.5783161055571878	1.5505674553176645	0.016389567257025672	0.01773791576915745	0.03646526847705622
8.0	0.125	32	8	Sz	0.5783161055571878	1.5505674553176645	0.0021341717517297607	0.0036269287160950628	0.01052462083899005
8.0	0.125	32	8	ZZ onsite	0.5783161055571878	1.5505674553176645	0.011180449328049957	0.015270727702436163	0.04175671291053917
8.0	0.125	32	8	n	0.5783161055571878	1.5505674553176645	0.004215762005660595	0.004554714893170161	0.010987788315610758
8.0	0.125	32	16	SzSz r=1	0.9045056067648455	1.5505674553176645	0.0004638242757835087	0.0005659214110057896	0.0014418335259774595
8.0	0.125	32	16	hop up r=1	0.9045056067648455	1.5505674553176645	0.008169460187702815	0.008614593809116508	0.02150453133473995
8.0	0.125	32	16	DoubleOcc	0.9045056067648455	1.5505674553176645	0.0005370599062236026	0.0006603213857968764	0.0019447698962621607
8.0	0.125	32	16	ZZ up-up r=1	0.9045056067648455	1.5505674553176645	0.003642682764981142	0.003771000594365694	0.009362063145272992
8.0	0.125	32	16	Sz	0.9045056067648455	1.5505674553176645	0.000614066114421441	0.0007928618939876982	0.002299983169554806
8.0	0.125	32	16	ZZ onsite	0.9045056067648455	1.5505674553176645	0.002290258445501625	0.0028571838043387407	0.008691707129510728
8.0	0.125	32	16	n	0.9045056067648455	1.5505674553176645	0.0006394254601563287	0.0006256091259637039	0.001708222467410092
8.0	0.125	32	32	SzSz r=1	0.988317619879212	1.5505674553176645	0.00016560073028284994	0.00014448115312208228	0.00027105808651350927
8.0	0.125	32	32	hop up r=1	0.988317619879212	1.5505674553176645	0.0013180423290278798	0.0012324910229655223	0.0027223492173638064
8.0	0.125	32	32	DoubleOcc	0.988317619879212	1.5505674553176645	6.646205276120143e-5	8.564586278753984e-5	0.00022946770177784126
8.0	0.125	32	32	ZZ up-up r=1	0.988317619879212	1.5505674553176645	0.0008841766366575743	0.0008867511089778564	0.0018730017229978135
8.0	0.125	32	32	Sz	0.988317619879212	1.5505674553176645	8.458478926829695e-5	0.0001071637086702971	0.0002974930522922324
8.0	0.125	32	32	ZZ onsite	0.988317619879212	1.5505674553176645	0.000458686488882476	0.0003916556917247932	0.0010747205400255533
8.0	0.125	32	32	n	0.988317619879212	1.5505674553176645	9.089390003874653e-5	8.679611594070852e-5	0.00022355324166689616
8.0	0.125	64	4	SzSz r=1	0.006296482942529957	1.7265641989238865	0.009725064910849263	0.01241924768627613	0.050206002115778435
8.0	0.125	64	4	hop up r=1	0.006296482942529957	1.7265641989238865	0.08393975870774745	0.11410943672766784	0.26501330904551673
8.0	0.125	64	4	DoubleOcc	0.006296482942529957	1.7265641989238865	0.011205911776155986	0.010955097009790336	0.03580721349235834
8.0	0.125	64	4	ZZ up-up r=1	0.006296482942529957	1.7265641989238865	0.07574873888355188	0.07861221706022915	0.28688581821107484
8.0	0.125	64	4	Sz	0.006296482942529957	1.7265641989238865	0.02268750422518625	0.025752068662293504	0.0697216278972542
8.0	0.125	64	4	ZZ onsite	0.006296482942529957	1.7265641989238865	0.04130475207414913	0.056002834937271664	0.1637528226010901
8.0	0.125	64	4	n	0.006296482942529957	1.7265641989238865	0.013202343153525142	0.016787430803594308	0.0640848092060281
8.0	0.125	64	8	SzSz r=1	0.2170861859479065	1.7265641989238865	0.002405431898029581	0.002451914959701384	0.007089195933896772
8.0	0.125	64	8	hop up r=1	0.2170861859479065	1.7265641989238865	0.05812775288607347	0.057357367850167915	0.09183067057344169
8.0	0.125	64	8	DoubleOcc	0.2170861859479065	1.7265641989238865	0.005642371273139532	0.005264471840084146	0.015460564302482022
8.0	0.125	64	8	ZZ up-up r=1	0.2170861859479065	1.7265641989238865	0.017372504166457803	0.019242207005988186	0.05025190870625834
8.0	0.125	64	8	Sz	0.2170861859479065	1.7265641989238865	0.006152844682001824	0.007058130002930155	0.0199703660228649
8.0	0.125	64	8	ZZ onsite	0.2170861859479065	1.7265641989238865	0.018981512715429805	0.021248246218868623	0.04515770098118177
8.0	0.125	64	8	n	0.2170861859479065	1.7265641989238865	0.004331443043656458	0.0049176433272114135	0.013104594117705926
8.0	0.125	64	16	SzSz r=1	0.6977109445781436	1.7265641989238865	0.0007307646624483549	0.0007506902322076418	0.0023124346101152105
8.0	0.125	64	16	hop up r=1	0.6977109445781436	1.7265641989238865	0.014308300146742947	0.013332870026938866	0.03274028277197821
8.0	0.125	64	16	DoubleOcc	0.6977109445781436	1.7265641989238865	0.0008961873636616907	0.0010474433319870163	0.0030064877189112937
8.0	0.125	64	16	ZZ up-up r=1	0.6977109445781436	1.7265641989238865	0.005955560407102989	0.005543878769383155	0.012699458875587877
8.0	0.125	64	16	Sz	0.6977109445781436	1.7265641989238865	0.0014748151405815126	0.001985841957842893	0.005526153302933531
8.0	0.125	64	16	ZZ onsite	0.6977109445781436	1.7265641989238865	0.00378833478170143	0.00445687778293527	0.013768141399027156
8.0	0.125	64	16	n	0.6977109445781436	1.7265641989238865	0.0007063857014851238	0.0008588734589107458	0.002910906940817859
8.0	0.125	64	32	SzSz r=1	0.9413750028705448	1.7265641989238865	0.0002498882502309091	0.0002456975566439018	0.0005097185821279632
8.0	0.125	64	32	hop up r=1	0.9413750028705448	1.7265641989238865	0.003219863251139543	0.002832339487201035	0.004725041901595395
8.0	0.125	64	32	DoubleOcc	0.9413750028705448	1.7265641989238865	0.0002606345873970989	0.00022761780853954028	0.0004547413722141569
8.0	0.125	64	32	ZZ up-up r=1	0.9413750028705448	1.7265641989238865	0.0016536903799814762	0.001612435331482044	0.003220296106751508
8.0	0.125	64	32	Sz	0.9413750028705448	1.7265641989238865	0.00031783509917958884	0.000367800436315981	0.0009405552194250086
8.0	0.125	64	32	ZZ onsite	0.9413750028705448	1.7265641989238865	0.0009461420786426866	0.0009520162596511599	0.002165585565943262
8.0	0.125	64	32	n	0.9413750028705448	1.7265641989238865	0.00017610507002779885	0.00017381103766023372	0.000388263421378765
8.0	0.125	128	4	SzSz r=1	1.9503129225255624e-5	1.7283690069764233	0.007887092942449811	0.01260702224928884	0.07513975935910494
8.0	0.125	128	4	hop up r=1	1.9503129225255624e-5	1.7283690069764233	0.1156670201157598	0.12480852606734812	0.3454505780825654
8.0	0.125	128	4	DoubleOcc	1.9503129225255624e-5	1.7283690069764233	0.011928766656805354	0.011643396935491077	0.0434196620044985
8.0	0.125	128	4	ZZ up-up r=1	1.9503129225255624e-5	1.7283690069764233	0.06878693457776619	0.0818243273848881	0.3331258059687272
8.0	0.125	128	4	Sz	1.9503129225255624e-5	1.7283690069764233	0.018422756075884464	0.023737735255235794	0.0957132932950905
8.0	0.125	128	4	ZZ onsite	1.9503129225255624e-5	1.7283690069764233	0.05104110427386793	0.056997831685942975	0.19865107458182846
8.0	0.125	128	4	n	1.9503129225255624e-5	1.7283690069764233	0.012833490979430429	0.0160491776624646	0.06774690233783653
8.0	0.125	128	8	SzSz r=1	0.032826242546901876	1.7283690069764233	0.0017270282959059025	0.00215559173801565	0.006650314258017792
8.0	0.125	128	8	hop up r=1	0.032826242546901876	1.7283690069764233	0.0597295527426247	0.0618803272201585	0.09980921663360637
8.0	0.125	128	8	DoubleOcc	0.032826242546901876	1.7283690069764233	0.005921986750237362	0.005755764352287811	0.012840556212581039
8.0	0.125	128	8	ZZ up-up r=1	0.032826242546901876	1.7283690069764233	0.019707707520033257	0.02068062014972769	0.05711786014534331
8.0	0.125	128	8	Sz	0.032826242546901876	1.7283690069764233	0.004287249693982366	0.007142831722343937	0.027041706769727662
8.0	0.125	128	8	ZZ onsite	0.032826242546901876	1.7283690069764233	0.021661808760048307	0.022988264827811244	0.05203042156053206
8.0	0.125	128	8	n	0.032826242546901876	1.7283690069764233	0.0045213439873922345	0.004824521896764101	0.016340480788949563
8.0	0.125	128	16	SzSz r=1	0.4118491817742082	1.7283690069764233	0.0009136715881615243	0.000939831901388916	0.0025085146528083108
8.0	0.125	128	16	hop up r=1	0.4118491817742082	1.7283690069764233	0.0161116798390899	0.01584032475253138	0.03400516814244253
8.0	0.125	128	16	DoubleOcc	0.4118491817742082	1.7283690069764233	0.0011963965437460228	0.0012581378845277305	0.003343606341705413
8.0	0.125	128	16	ZZ up-up r=1	0.4118491817742082	1.7283690069764233	0.0065734645108986856	0.006919874118711646	0.015085593800473085
8.0	0.125	128	16	Sz	0.4118491817742082	1.7283690069764233	0.0010517351035943517	0.0019554929856195856	0.009005364917126852
8.0	0.125	128	16	ZZ onsite	0.4118491817742082	1.7283690069764233	0.005369073997095464	0.005474087013471561	0.01359103002460893
8.0	0.125	128	16	n	0.4118491817742082	1.7283690069764233	0.000800742052645298	0.000912569177853549	0.002867488938989693
8.0	0.125	128	32	SzSz r=1	0.8491295621036783	1.7283690069764233	0.0002812267567561533	0.0002812461073799579	0.0009709912760496181
8.0	0.125	128	32	hop up r=1	0.8491295621036783	1.7283690069764233	0.004263843430747871	0.0037891375950625914	0.006245806715784008
8.0	0.125	128	32	DoubleOcc	0.8491295621036783	1.7283690069764233	0.00036982856957090693	0.00032116868282671307	0.0006820388685087053
8.0	0.125	128	32	ZZ up-up r=1	0.8491295621036783	1.7283690069764233	0.002114617512124939	0.0020329091572794345	0.0052149276670145905
8.0	0.125	128	32	Sz	0.8491295621036783	1.7283690069764233	0.000233430594294844	0.00040560074622452785	0.001811824168132966
8.0	0.125	128	32	ZZ onsite	0.8491295621036783	1.7283690069764233	0.0013296902176059278	0.0013048549908274143	0.0024528385901874117
8.0	0.125	128	32	n	0.8491295621036783	1.7283690069764233	0.00018294142962937965	0.00020244412995663614	0.00046275406725615476
