U	doping	L	chi_prior	observable	prior_fid	S_center	median_absDelta	mean_absDelta	max_absDelta	median_absP	median_relerr	max_relerr	n_relerr
0.0	0.0	8	4	SzSz r=1	0.4378392027406834	1.3037397286954624	0.03210104945770431	0.03809711107023661	0.05315953341455712	0.07184046658680507	0.7399664275610499	1.0000000004582021	7
0.0	0.0	8	4	hop up r=1	0.4378392027406834	1.3037397286954624	0.24189464012272177	0.32542950919429314	0.5287522659022413	0.7581053598772798	0.3190778655909768	1.0	7
0.0	0.0	8	4	DoubleOcc	0.4378392027406834	1.3037397286954624	8.069049595160749e-11	2.464596235429717e-10	8.894457392827348e-10	0.24999999999838438	3.2276198380549353e-10	3.5577829572954784e-9	8
0.0	0.0	8	4	ZZ up-up r=1	0.4378392027406834	1.3037397286954624	0.256808395388865	0.30477688848787254	0.42527626757253767	0.5747237324274639	0.7399664283503586	1.0000000000000002	7
0.0	0.0	8	4	Sz	0.4378392027406834	1.3037397286954624	2.0720890281378246e-11	4.751835513613911e-11	1.495979624899224e-10	8.730446920957036e-13	NaN	NaN	0
0.0	0.0	8	4	ZZ onsite	0.4378392027406834	1.3037397286954624	1.0017016729970274e-11	8.314907659970106e-11	3.0690289198886944e-10	1.0837321057916016e-11	NaN	NaN	0
0.0	0.0	8	4	n	0.4378392027406834	1.3037397286954624	1.5673873310362296e-10	4.898110667062028e-10	1.6421514148490246e-9	1.0000000000017644	1.5673873310304525e-10	1.6421514148589222e-9	8
0.0	0.0	8	8	SzSz r=1	0.9029859428513796	1.3037397286954624	0.00508945246614817	0.009428992880898794	0.01943079877672011	0.07184046658680507	0.0547848219400381	0.5587151153208778	7
0.0	0.0	8	8	hop up r=1	0.9029859428513796	1.3037397286954624	0.029869795963271106	0.051593022105258006	0.09681154291874239	0.7581053598772798	0.03464829397664313	0.18309433199978276	7
0.0	0.0	8	8	DoubleOcc	0.9029859428513796	1.3037397286954624	4.118133611896724e-10	4.963220945342073e-10	1.2794680315231233e-9	0.24999999999838438	1.6472534448268552e-9	5.117872125931332e-9	8
0.0	0.0	8	8	ZZ up-up r=1	0.9029859428513796	1.3037397286954624	0.04071922549566087	0.07547619062871631	0.15548413730488886	0.5747237324274639	0.054789673676368604	0.558722477606366	7
0.0	0.0	8	8	Sz	0.9029859428513796	1.3037397286954624	2.4476497217928994e-12	4.618842634751541e-12	1.3438465618076378e-11	8.730446920957036e-13	NaN	NaN	0
0.0	0.0	8	8	ZZ onsite	0.9029859428513796	1.3037397286954624	2.9954920488517445e-11	3.174484631326274e-10	1.405367524610901e-9	1.0837321057916016e-11	NaN	NaN	0
0.0	0.0	8	8	n	0.9029859428513796	1.3037397286954624	8.820780772467174e-10	1.0200284644712454e-9	2.090065343018921e-9	1.0000000000017644	8.82078077243709e-10	2.0900653430315184e-9	8
0.0	0.0	8	16	SzSz r=1	0.9895169004713881	1.3037397286954624	0.0003403123365799815	0.0006794198913806132	0.0028234440459738996	0.07184046658680507	0.006882406851106373	0.03930158279121153	7
0.0	0.0	8	16	hop up r=1	0.9895169004713881	1.3037397286954624	0.0008986127882467665	0.0014354917122066618	0.003938645726982437	0.7581053598772798	0.0010423706976984393	0.005195380398867007	7
0.0	0.0	8	16	DoubleOcc	0.9895169004713881	1.3037397286954624	3.116729097030202e-12	3.983518376271533e-12	9.236555964520221e-12	0.24999999999838438	1.2466916388192777e-11	3.694622385978956e-11	8
0.0	0.0	8	16	ZZ up-up r=1	0.9895169004713881	1.3037397286954624	0.001529781646820605	0.0021948894217656396	0.006260147332791122	0.5747237324274639	0.002058394682244886	0.010892446195583575	7
0.0	0.0	8	16	Sz	0.9895169004713881	1.3037397286954624	6.718792189275291e-13	9.117125457369646e-13	2.0481394358284888e-12	8.730446920957036e-13	NaN	NaN	0
0.0	0.0	8	16	ZZ onsite	0.9895169004713881	1.3037397286954624	1.2873535570889771e-11	1.2905762613105165e-11	2.8418830656795624e-11	1.0837321057916016e-11	NaN	NaN	0
0.0	0.0	8	16	n	0.9895169004713881	1.3037397286954624	2.95335977895661e-12	3.227793032856141e-12	6.811995412192573e-12	1.0000000000017644	2.9533597789617098e-12	6.811995412265344e-12	8
0.0	0.0	8	32	SzSz r=1	0.9998840694370585	1.3037397286954624	9.97391892525179e-6	3.4226859941918564e-5	9.742806329263165e-5	0.07184046658680507	0.0001073630957373806	0.0013561724735231945	7
0.0	0.0	8	32	hop up r=1	0.9998840694370585	1.3037397286954624	6.111325811986035e-5	8.672274695150004e-5	0.0002269632090117213	0.7581053598772798	7.089000994643224e-5	0.0002993821453108596	7
0.0	0.0	8	32	DoubleOcc	0.9998840694370585	1.3037397286954624	2.8252816752782905e-12	3.512020535501037e-12	9.899192576767746e-12	0.24999999999838438	1.1301126701173815e-11	3.9596770308902245e-11	8
0.0	0.0	8	32	ZZ up-up r=1	0.9998840694370585	1.3037397286954624	7.88936693810749e-5	0.0002837515324371963	0.0007799958593094347	0.5747237324274639	0.00010615522144803056	0.0013571666094507038	7
0.0	0.0	8	32	Sz	0.9998840694370585	1.3037397286954624	4.510766760112972e-13	4.87217904909798e-13	1.1134357325026656e-12	8.730446920957036e-13	NaN	NaN	0
0.0	0.0	8	32	ZZ onsite	0.9998840694370585	1.3037397286954624	4.113479522283026e-12	7.798041075715578e-12	2.3907480162232986e-11	1.0837321057916016e-11	NaN	NaN	0
0.0	0.0	8	32	n	0.9998840694370585	1.3037397286954624	4.642952688982405e-12	4.488090454835003e-12	8.001932449985816e-12	1.0000000000017644	4.642952688935191e-12	8.001932450034046e-12	8
0.0	0.0	16	4	SzSz r=1	0.10208806057459138	1.5181841605311341	0.041248108821226676	0.046856644304029006	0.06420955985597668	0.06079044020114237	1.0000000001283686	1.0562443637587149	15
0.0	0.0	16	4	hop up r=1	0.10208806057459138	1.5181841605311341	0.3026309943410117	0.3914115234641277	0.5787029799833348	0.6973690056589863	0.4339610620564321	1.0	15
0.0	0.0	16	4	DoubleOcc	0.10208806057459138	1.5181841605311341	5.37900209096609e-9	4.612211081458928e-8	1.746684173686841e-7	0.2500000002710457	2.1516008357247248e-8	6.986736732790618e-7	16
0.0	0.0	16	4	ZZ up-up r=1	0.10208806057459138	1.5181841605311341	0.32998487975759944	0.3748531592162844	0.5136764837498193	0.4863235162501788	1.0	1.0562443858576838	15
0.0	0.0	16	4	Sz	0.10208806057459138	1.5181841605311341	4.8260834165786415e-9	2.983875573112516e-8	1.1777594666195768e-7	4.761139954512217e-10	NaN	NaN	0
0.0	0.0	16	4	ZZ onsite	0.10208806057459138	1.5181841605311341	2.4095954100092047e-10	7.159676840539538e-10	2.9303015815445564e-9	1.0825524461230418e-10	NaN	NaN	0
0.0	0.0	16	4	n	0.10208806057459138	1.5181841605311341	1.0877056477731628e-8	9.223061590152293e-8	3.492321813958199e-7	1.0000000004580745	1.0877056476203892e-8	3.492321823658798e-7	16
0.0	0.0	16	8	SzSz r=1	0.6645716389219753	1.5181841605311341	0.0066229106625360495	0.011776124351101118	0.0236185764652537	0.06079044020114237	0.07290799820223375	0.5721724620110252	15
0.0	0.0	16	8	hop up r=1	0.6645716389219753	1.5181841605311341	0.03737723037431118	0.06909284421421188	0.12429008241823158	0.6973690056589863	0.05225922537185807	0.21485495328693152	15
0.0	0.0	16	8	DoubleOcc	0.6645716389219753	1.5181841605311341	4.463912836594197e-9	1.6708499648090958e-8	7.429106088641113e-8	0.2500000002710457	1.785565131820415e-8	2.971642437653063e-7	16
0.0	0.0	16	8	ZZ up-up r=1	0.6645716389219753	1.5181841605311341	0.05299095462899461	0.09437597853576252	0.18909129696729973	0.4863235162501788	0.07291855299512173	0.5723600345996926	15
0.0	0.0	16	8	Sz	0.6645716389219753	1.5181841605311341	4.2289820915975e-9	1.0065870602316007e-8	4.421525769821022e-8	4.761139954512217e-10	NaN	NaN	0
0.0	0.0	16	8	ZZ onsite	0.6645716389219753	1.5181841605311341	3.631144152721477e-10	2.259586195018856e-9	2.4513730894140662e-8	1.0825524461230418e-10	NaN	NaN	0
0.0	0.0	16	8	n	0.6645716389219753	1.5181841605311341	8.937216133819703e-9	3.428314197806426e-8	1.4823776350869622e-7	1.0000000004580745	8.937216127634626e-9	1.4823776356644245e-7	16
0.0	0.0	16	16	SzSz r=1	0.9446329602075015	1.5181841605311341	0.00028970359915306276	0.0005539251069185666	0.003224356582558749	0.06079044020114237	0.00526048446330498	0.04773053046201329	15
0.0	0.0	16	16	hop up r=1	0.9446329602075015	1.5181841605311341	0.0016903057384570763	0.0025045849871678278	0.0058686267662835245	0.6973690056589863	0.002698468195984498	0.008415382270592745	15
0.0	0.0	16	16	DoubleOcc	0.9446329602075015	1.5181841605311341	6.073865715938709e-10	1.628727242138084e-8	1.1360156376705177e-7	0.2500000002710457	2.4295462891586055e-9	4.5440625420060516e-7	16
0.0	0.0	16	16	ZZ up-up r=1	0.9446329602075015	1.5181841605311341	0.0053851822144865835	0.006855793040357406	0.0165244424267893	0.4863235162501788	0.015393940799673688	0.03397829196951408	15
0.0	0.0	16	16	Sz	0.9446329602075015	1.5181841605311341	1.1676828566564712e-9	1.9603153631614356e-8	1.0102001893330659e-7	4.761139954512217e-10	NaN	NaN	0
0.0	0.0	16	16	ZZ onsite	0.9446329602075015	1.5181841605311341	8.571923032496542e-11	3.6543902073252893e-10	2.76410922275816e-9	1.0825524461230418e-10	NaN	NaN	0
0.0	0.0	16	16	n	0.9446329602075015	1.5181841605311341	1.197917709472307e-9	3.2491932137890256e-8	2.2582107206403634e-7	1.0000000004580745	1.1979177102036286e-9	2.2582107186044522e-7	16
0.0	0.0	16	32	SzSz r=1	0.9973413202404258	1.5181841605311341	0.00012903008935204185	0.00018994515666161625	0.0004902385943775719	0.06079044020114237	0.003299037742841225	0.008064402770492841	15
0.0	0.0	16	32	hop up r=1	0.9973413202404258	1.5181841605311341	0.00028467978240109826	0.00042428155312121223	0.0010194344909761899	0.6973690056589863	0.000510244042071992	0.0017746483043387417	15
0.0	0.0	16	32	DoubleOcc	0.9973413202404258	1.5181841605311341	5.467276770199092e-10	2.7177212025969455e-9	1.0380174553237254e-8	0.2500000002710457	2.1869107068255516e-9	4.1520698139052186e-8	16
0.0	0.0	16	32	ZZ up-up r=1	0.9973413202404258	1.5181841605311341	0.0010633075283182358	0.0015572029778021226	0.004289002813599951	0.4863235162501788	0.0034158715152882973	0.008819237956392726	15
0.0	0.0	16	32	Sz	0.9973413202404258	1.5181841605311341	6.670555878496298e-10	3.2894937494407084e-9	1.8812048335759002e-8	4.761139954512217e-10	NaN	NaN	0
0.0	0.0	16	32	ZZ onsite	0.9973413202404258	1.5181841605311341	4.751353772231015e-10	1.78324545906626e-9	1.0363191409179517e-8	1.0825524461230418e-10	NaN	NaN	0
0.0	0.0	16	32	n	0.9973413202404258	1.5181841605311341	9.103237053054158e-10	5.7209269058167145e-9	1.9322297650781195e-8	1.0000000004580745	9.10323705091947e-10	1.9322297635544608e-8	16
0.0	0.0	32	4	SzSz r=1	0.004171985696869481	1.7402096065084742	0.04590338739767597	0.052769742170144726	0.06933843736916068	0.05566156149971799	1.0000000183785234	1.245714915301325	31
0.0	0.0	32	4	hop up r=1	0.004171985696869481	1.7402096065084742	0.3326961707753846	0.4338132881743127	0.6065514360560008	0.6673038292214433	0.4985677531081275	1.0000000000000018	31
0.0	0.0	32	4	DoubleOcc	0.004171985696869481	1.7402096065084742	3.636721019328881e-7	7.193325936858189e-7	2.171858812405336e-6	0.2500000217701118	1.4546887809890647e-6	8.687434997330552e-6	32
0.0	0.0	32	4	ZZ up-up r=1	0.004171985696869481	1.7402096065084742	0.36722777691117225	0.42215829225141294	0.5547068445238994	0.44529315547608955	0.9999999999999976	1.2457115895501	31
0.0	0.0	32	4	Sz	0.004171985696869481	1.7402096065084742	7.693058857588531e-7	8.93651946978736e-7	2.319712004428265e-6	2.130323456910055e-7	NaN	NaN	0
0.0	0.0	32	4	ZZ onsite	0.004171985696869481	1.7402096065084742	6.714385847794699e-9	1.0494380926029412e-8	2.8664480781225567e-8	4.759393362058217e-9	NaN	NaN	0
0.0	0.0	32	4	n	0.004171985696869481	1.7402096065084742	7.290304893103894e-7	1.4377098426325563e-6	4.3336679447225634e-6	1.0000000411015044	7.290305842613064e-7	4.333667911308355e-6	32
0.0	0.0	32	8	SzSz r=1	0.2889342213900489	1.7402096065084742	0.007145886130948825	0.013380748837742117	0.026238496528057945	0.05566156149971799	0.0791625840490861	0.5790465868351804	31
0.0	0.0	32	8	hop up r=1	0.2889342213900489	1.7402096065084742	0.04502593653805631	0.08214645082165635	0.14200264564644133	0.6673038292214433	0.06651514974222908	0.23433024776886416	31
0.0	0.0	32	8	DoubleOcc	0.2889342213900489	1.7402096065084742	7.833934520529162e-8	1.215093497390976e-7	6.896399193656588e-7	0.2500000217701118	3.133572983937088e-7	2.75855780493877e-6	32
0.0	0.0	32	8	ZZ up-up r=1	0.2889342213900489	1.7402096065084742	0.05717687451493536	0.1073926984904987	0.2101662619097719	0.44529315547608955	0.07917619076281474	0.579240595194383	31
0.0	0.0	32	8	Sz	0.2889342213900489	1.7402096065084742	1.856188614236809e-7	2.620335670057341e-7	8.688498993325577e-7	2.130323456910055e-7	NaN	NaN	0
0.0	0.0	32	8	ZZ onsite	0.2889342213900489	1.7402096065084742	8.672978657302266e-9	2.6442230630264888e-8	1.7079249184891176e-7	4.759393362058217e-9	NaN	NaN	0
0.0	0.0	32	8	n	0.2889342213900489	1.7402096065084742	1.5783488732656892e-7	2.4824577705973017e-7	1.3777522890334737e-6	1.0000000411015044	1.5783488761334997e-7	1.3777518293299674e-6	32
0.0	0.0	32	16	SzSz r=1	0.7890075659757023	1.7402096065084742	0.00024266196455997868	0.0005193965735588862	0.00325543563037288	0.05566156149971799	0.005798852141787551	0.04893613180980841	31
0.0	0.0	32	16	hop up r=1	0.7890075659757023	1.7402096065084742	0.004391667115560938	0.004623671441836694	0.009218543864567774	0.6673038292214433	0.006800724902958065	0.013813060660172674	31
0.0	0.0	32	16	DoubleOcc	0.7890075659757023	1.7402096065084742	7.942461063836781e-8	1.2851622484873898e-7	7.084742321417092e-7	0.2500000217701118	3.176984252090068e-7	2.8338950049036755e-6	32
0.0	0.0	32	16	ZZ up-up r=1	0.7890075659757023	1.7402096065084742	0.011277513457385868	0.012866491232025662	0.02617058571811476	0.44529315547608955	0.03007762361699765	0.058771583206048264	31
0.0	0.0	32	16	Sz	0.7890075659757023	1.7402096065084742	1.2867293922025347e-7	1.6187306763645708e-7	8.335165101736042e-7	2.130323456910055e-7	NaN	NaN	0
0.0	0.0	32	16	ZZ onsite	0.7890075659757023	1.7402096065084742	7.932134480498343e-9	1.6667951601996144e-8	9.647621568298348e-8	4.759393362058217e-9	NaN	NaN	0
0.0	0.0	32	16	n	0.7890075659757023	1.7402096065084742	1.641746317226911e-7	2.587047454871705e-7	1.4189354416993538e-6	1.0000000411015044	1.6417462712530357e-7	1.4189349682545968e-6	32
0.0	0.0	32	32	SzSz r=1	0.9763519307531593	1.7402096065084742	0.0005831718047770024	0.0005330585098429761	0.0010761341730761015	0.05566156149971799	0.011285310644217854	0.02034413417652093	31
0.0	0.0	32	32	hop up r=1	0.9763519307531593	1.7402096065084742	0.0009386380077833767	0.0012628717344840674	0.003353531454665548	0.6673038292214433	0.0015623072763691324	0.005533936947083311	31
0.0	0.0	32	32	DoubleOcc	0.9763519307531593	1.7402096065084742	7.252241182183206e-5	7.269232348826662e-5	0.00018578623771958735	0.2500000217701118	0.0002900896545657148	0.0007431444464279048	32
0.0	0.0	32	32	ZZ up-up r=1	0.9763519307531593	1.7402096065084742	0.0034148083728450795	0.003994185525210373	0.00924441959274469	0.44529315547608955	0.009708764154958789	0.02053484242729926	31
0.0	0.0	32	32	Sz	0.9763519307531593	1.7402096065084742	7.253013576385622e-5	7.259172814417679e-5	0.0001849921869690324	2.130323456910055e-7	NaN	NaN	0
0.0	0.0	32	32	ZZ onsite	0.9763519307531593	1.7402096065084742	6.2264540398593304e-9	3.8354401716444607e-8	1.7782815269623553e-7	4.759393362058217e-9	NaN	NaN	0
0.0	0.0	32	32	n	0.9763519307531593	1.7402096065084742	0.00014503293919554405	0.00014537397056152424	0.0003715467778988568	1.0000000411015044	0.00014503294128513172	0.00037154665392783684	32
0.0	0.0	64	4	SzSz r=1	0.0007726985704259113	1.9587237277092293	0.02660621758812149	0.027561973683346456	0.06717289309721297	0.05316622571184207	0.5588247744884508	1.1616156597884713	63
0.0	0.0	64	4	hop up r=1	0.0007726985704259113	1.9587237277092293	0.3035024018965703	0.2622396249631746	0.6049296481796625	0.6521847139792702	0.48921266211133185	0.9999999999999976	63
0.0	0.0	64	4	DoubleOcc	0.0007726985704259113	1.9587237277092293	0.026681077057454372	0.02238562350574039	0.048885426099420454	0.24999998134786	0.10672338968371835	0.19555237946018142	64
0.0	0.0	64	4	ZZ up-up r=1	0.0007726985704259113	1.9587237277092293	0.2718169250073392	0.26763043838721434	0.5490960119921484	0.42533198917095477	0.7349364562742348	1.2177670337717308	63
0.0	0.0	64	4	Sz	0.0007726985704259113	1.9587237277092293	0.026690429168470208	0.022384275167679147	0.0488685013932552	7.740166925965242e-6	NaN	NaN	0
0.0	0.0	64	4	ZZ onsite	0.0007726985704259113	1.9587237277092293	4.767192087717399e-6	7.5315996353432996e-6	2.0612752195819234e-5	7.013933276713014e-8	NaN	NaN	0
0.0	0.0	64	4	n	0.0007726985704259113	1.9587237277092293	0.05335632096083337	0.044770401882556446	0.09777240407422982	0.9999999007655305	0.05335609559493534	0.09777507149214817	64
0.0	0.0	64	8	SzSz r=1	0.09428921239801086	1.9587237277092293	0.0056134894178986525	0.009845430882522968	0.024278209747322227	0.05316622571184207	0.10529716209700961	0.5640163963416831	63
0.0	0.0	64	8	hop up r=1	0.09428921239801086	1.9587237277092293	0.03379191335788001	0.05789869196405553	0.12834978940290231	0.6521847139792702	0.045117573587455564	0.21871801619743766	63
0.0	0.0	64	8	DoubleOcc	0.09428921239801086	1.9587237277092293	0.0016953778328758357	0.0020182286569360216	0.00909133852970423	0.24999998134786	0.006781585659501821	0.0363673393854854	64
0.0	0.0	64	8	ZZ up-up r=1	0.09428921239801086	1.9587237277092293	0.04481399142305409	0.10576910191540603	0.20185409344688587	0.42533198917095477	0.06505357211414443	0.5581623823624785	63
0.0	0.0	64	8	Sz	0.09428921239801086	1.9587237277092293	0.0016969873062120042	0.0020151048159149677	0.009071398712132842	7.740166925965242e-6	NaN	NaN	0
0.0	0.0	64	8	ZZ onsite	0.09428921239801086	1.9587237277092293	1.8672753756398403e-6	3.893199204508166e-6	1.4797700127106017e-5	7.013933276713014e-8	NaN	NaN	0
0.0	0.0	64	8	n	0.09428921239801086	1.9587237277092293	0.0033878457199800205	0.004036249822406747	0.018183395607240915	0.9999999007655305	0.0033878645295320467	0.01818389168500149	64
0.0	0.0	64	16	SzSz r=1	0.4643820094997927	1.9587237277092293	0.0006495417856629271	0.0006975250593910885	0.003260163818573178	0.05316622571184207	0.012959119000984728	0.04919545645413572	63
0.0	0.0	64	16	hop up r=1	0.4643820094997927	1.9587237277092293	0.007358438862084538	0.007087524412089378	0.011719147501982219	0.6521847139792702	0.011847431904505186	0.017925976599395706	63
0.0	0.0	64	16	DoubleOcc	0.4643820094997927	1.9587237277092293	7.1161331290509056e-6	7.566107435156774e-6	2.896756897385888e-5	0.24999998134786	2.8463704438506965e-5	0.0001158766015150308	64
0.0	0.0	64	16	ZZ up-up r=1	0.4643820094997927	1.9587237277092293	0.0174889951384678	0.019069245341014333	0.033162623537673463	0.42533198917095477	0.045125003356008886	0.07782132041593827	63
0.0	0.0	64	16	Sz	0.4643820094997927	1.9587237277092293	3.912568999040605e-6	5.787151960331407e-6	3.1451721673167454e-5	7.740166925965242e-6	NaN	NaN	0
0.0	0.0	64	16	ZZ onsite	0.4643820094997927	1.9587237277092293	2.2841595456908614e-7	3.2760018792560286e-7	1.2304610758420709e-6	7.013933276713014e-8	NaN	NaN	0
0.0	0.0	64	16	n	0.4643820094997927	1.9587237277092293	1.4393322491645932e-5	1.519180556444795e-5	5.789538567668728e-5	0.9999999007655305	1.4393233347461057e-5	5.789696517338276e-5	64
0.0	0.0	64	32	SzSz r=1	0.8906091084494772	1.9587237277092293	0.0012251765014394678	0.0010700932995310998	0.0016882204954288688	0.05316622571184207	0.024434467142971213	0.03500292043992629	63
0.0	0.0	64	32	hop up r=1	0.8906091084494772	1.9587237277092293	0.0016586916404816021	0.0024437933955466238	0.005744592191449072	0.6521847139792702	0.002543284974989978	0.009249071027034188	63
0.0	0.0	64	32	DoubleOcc	0.8906091084494772	1.9587237277092293	0.00010450438317675947	9.186998976882512e-5	0.00014597078750278047	0.24999998134786	0.0004180154573028588	0.0005838765736597367	64
0.0	0.0	64	32	ZZ up-up r=1	0.8906091084494772	1.9587237277092293	0.010173330962751859	0.00873549148156669	0.014214508609605048	0.42533198917095477	0.02443507562722866	0.03683976128421819	63
0.0	0.0	64	32	Sz	0.8906091084494772	1.9587237277092293	0.00018073162456037906	0.0001835413797020362	0.0005252269237643395	7.740166925965242e-6	NaN	NaN	0
0.0	0.0	64	32	ZZ onsite	0.8906091084494772	1.9587237277092293	0.00044065384388559774	0.00036819973130094487	0.0006065406678083356	7.013933276713014e-8	NaN	NaN	0
0.0	0.0	64	32	n	0.8906091084494772	1.9587237277092293	1.1586607373437197e-5	1.9265128420554653e-5	0.00011660294461246501	0.9999999007655305	1.1586638357797565e-5	0.00011659990742361371	64
0.0	0.0	128	4	SzSz r=1	1.915084885336954e-6	2.1247367645221544	0.02491972739829204	0.026200819243834116	0.030956032715836263	0.05203690146782461	0.4393958967155677	0.745917686825609	127
0.0	0.0	128	4	hop up r=1	1.915084885336954e-6	2.1247367645221544	0.12242254730600355	0.17753443692487555	0.2681018346743482	0.6452087114775212	0.17864852503268647	0.49554390739602094	127
0.0	0.0	128	4	DoubleOcc	1.915084885336954e-6	2.1247367645221544	0.00786661878491128	0.007152271159859807	0.008352004664392232	0.24999993986338157	0.031467535997949284	0.03340646551548531	128
0.0	0.0	128	4	ZZ up-up r=1	1.915084885336954e-6	2.1247367645221544	0.18547862789143982	0.18656223934555607	0.23282789754321498	0.4162686570065402	0.39013763105317945	0.7257032728313019	127
0.0	0.0	128	4	Sz	1.915084885336954e-6	2.1247367645221544	0.012162959921205006	0.011506425070353859	0.055528820992115015	2.8159473030388987e-5	NaN	NaN	0
0.0	0.0	128	4	ZZ onsite	1.915084885336954e-6	2.1247367645221544	0.031168051274198243	0.028609191913892062	0.03439334071736379	5.271272655142656e-7	NaN	NaN	0
0.0	0.0	128	4	n	1.915084885336954e-6	2.1247367645221544	0.0005524012550026103	0.0004849180196262251	0.0006764120729829681	0.999999879569783	0.0005524069232448658	0.0006764191793342815	128
0.0	0.0	128	8	SzSz r=1	0.003332233591375469	2.1247367645221544	0.007705553817933614	0.007823341572779592	0.016977831615762412	0.05203690146782461	0.1481480605249906	0.5239490938953789	127
0.0	0.0	128	8	hop up r=1	0.003332233591375469	2.1247367645221544	0.029923599350988095	0.04231998729253686	0.08955662744778448	0.6452087114775212	0.03524660287767715	0.15759118987339307	127
0.0	0.0	128	8	DoubleOcc	0.003332233591375469	2.1247367645221544	0.0025447402193857355	0.0024418457794446726	0.005058404686377221	0.24999993986338157	0.010178960395038794	0.02023414993230202	128
0.0	0.0	128	8	ZZ up-up r=1	0.003332233591375469	2.1247367645221544	0.04117699308907985	0.09510336864391651	0.17771330130023663	0.4162686570065402	0.09308243427349375	0.5328490683145594	127
0.0	0.0	128	8	Sz	0.003332233591375469	2.1247367645221544	0.00013379550687973515	0.0003668112894261301	0.003712681795176004	2.8159473030388987e-5	NaN	NaN	0
0.0	0.0	128	8	ZZ onsite	0.003332233591375469	2.1247367645221544	0.01110037390161648	0.009730482693000907	0.019672546189868235	5.271272655142656e-7	NaN	NaN	0
0.0	0.0	128	8	n	0.003332233591375469	2.1247367645221544	0.0004346576897534815	0.0005693240712445116	0.0019479107682822683	0.999999879569783	0.00043464638596187955	0.0019479462141940096	128
0.0	0.0	128	16	SzSz r=1	0.16338480248873521	2.1247367645221544	0.0020166140328004845	0.0022471994960514678	0.0036098319845173157	0.05203690146782461	0.04079869173305004	0.06807527377778667	127
0.0	0.0	128	16	hop up r=1	0.16338480248873521	2.1247367645221544	0.008157211979699763	0.007885208092499521	0.01185729233805688	0.6452087114775212	0.012732448824886123	0.018885355668531584	127
0.0	0.0	128	16	DoubleOcc	0.16338480248873521	2.1247367645221544	0.00031215493194886035	0.0007458298151403204	0.005933928894770318	0.24999993986338157	0.0012485948763098606	0.02373491030571028	128
0.0	0.0	128	16	ZZ up-up r=1	0.16338480248873521	2.1247367645221544	0.0187842505545725	0.01646033465358151	0.02087856690060963	0.4162686570065402	0.04614884434402563	0.052674340477565744	127
0.0	0.0	128	16	Sz	0.16338480248873521	2.1247367645221544	0.00027337819066676136	0.0006862823281971117	0.0057826387000599125	2.8159473030388987e-5	NaN	NaN	0
0.0	0.0	128	16	ZZ onsite	0.16338480248873521	2.1247367645221544	0.00013274755606412954	0.00015348374604037045	0.0003255420554408098	5.271272655142656e-7	NaN	NaN	0
0.0	0.0	128	16	n	0.16338480248873521	2.1247367645221544	0.0006397286852061757	0.0014375228993864352	0.011868052155878495	0.999999879569783	0.00063971321751572	0.01186785220981298	128
0.0	0.0	128	32	SzSz r=1	0.6603211457404426	2.1247367645221544	0.0018305170077390284	0.0016006398197220138	0.002314179984142295	0.05203690146782461	0.035483892051256925	0.046948787090095145	127
0.0	0.0	128	32	hop up r=1	0.6603211457404426	2.1247367645221544	0.0021013751257490387	0.0037625878253650298	0.008255144918406399	0.6452087114775212	0.0032623818122952996	0.013145905841160597	127
0.0	0.0	128	32	DoubleOcc	0.6603211457404426	2.1247367645221544	0.0001656384675099709	0.0001430431387844022	0.00020327582428930624	0.24999993986338157	0.0006625645916345762	0.0008130737699697828	128
0.0	0.0	128	32	ZZ up-up r=1	0.6603211457404426	2.1247367645221544	0.014544369736944729	0.013088948948452745	0.019513907912077966	0.4162686570065402	0.035441252797326545	0.04948196056907335	127
0.0	0.0	128	32	Sz	0.6603211457404426	2.1247367645221544	0.00012333299429844943	0.00015400138593271826	0.0006294851707801738	2.8159473030388987e-5	NaN	NaN	0
0.0	0.0	128	32	ZZ onsite	0.6603211457404426	2.1247367645221544	0.0006707563939039145	0.0005723512698871015	0.0008037262175167037	5.271272655142656e-7	NaN	NaN	0
0.0	0.0	128	32	n	0.6603211457404426	2.1247367645221544	8.129350171026672e-6	1.2476769574935875e-5	6.096848009751188e-5	0.999999879569783	8.129312828704204e-6	6.09704375777203e-5	128
1.0	0.0	8	4	SzSz r=1	0.565774043884709	1.2737001541698465	0.03659079355725133	0.03643885867990453	0.04265955636492834	0.08957435546288713	0.47624742756427924	1.0000000000000002	7
1.0	0.0	8	4	hop up r=1	0.565774043884709	1.2737001541698465	0.09198534009136816	0.1343946168244268	0.2230285377587496	0.7480602794270776	0.12296514413323353	0.4313884887216215	7
1.0	0.0	8	4	DoubleOcc	0.565774043884709	1.2737001541698465	0.007680111700798575	0.009784464256482876	0.02186218784488944	0.20971986140658516	0.03653762253817129	0.10413455652701056	8
1.0	0.0	8	4	ZZ up-up r=1	0.565774043884709	1.2737001541698465	0.14516634764304104	0.154109740325276	0.20770133203388091	0.5898929973857894	0.24608928768908334	0.7357088585083198	7
1.0	0.0	8	4	Sz	0.565774043884709	1.2737001541698465	1.9336773501854587e-9	2.0080139061934288e-9	4.022917672596993e-9	1.755584913554209e-11	NaN	NaN	0
1.0	0.0	8	4	ZZ onsite	0.565774043884709	1.2737001541698465	0.03072044293618309	0.03913784725292194	0.08744877364327727	0.16112055437416706	0.18253527811436338	0.5457596550570009	8
1.0	0.0	8	4	n	0.565774043884709	1.2737001541698465	2.3217853195589555e-9	7.869938131732646e-9	3.14797556910662e-8	0.9999999999965633	2.321785319566838e-9	3.147975569090256e-8	8
1.0	0.0	8	8	SzSz r=1	0.9593957535166278	1.2737001541698465	0.0022136926804884882	0.002564404402691668	0.00428910456353887	0.08957435546288713	0.04219797597537631	0.06049862475347033	7
1.0	0.0	8	8	hop up r=1	0.9593957535166278	1.2737001541698465	0.011419457601522076	0.016242629269019555	0.026975471750730617	0.7480602794270776	0.013529000576577079	0.05217676674044351	7
1.0	0.0	8	8	DoubleOcc	0.9593957535166278	1.2737001541698465	0.0019211608940735009	0.0017992048954490365	0.002530552999010477	0.20971986140658516	0.00917030646094847	0.012053597561624043	8
1.0	0.0	8	8	ZZ up-up r=1	0.9593957535166278	1.2737001541698465	0.021730482087701564	0.029325811403426605	0.04752934008085391	0.5898929973857894	0.03683800652661393	0.16981234751058005	7
1.0	0.0	8	8	Sz	0.9593957535166278	1.2737001541698465	5.847344830556267e-11	3.0285579166039467e-10	1.1722993339957632e-9	1.755584913554209e-11	NaN	NaN	0
1.0	0.0	8	8	ZZ onsite	0.9593957535166278	1.2737001541698465	0.007684643450820386	0.007196819553265305	0.010122211929824237	0.16112055437416706	0.044439975860480485	0.06317178259305975	8
1.0	0.0	8	8	n	0.9593957535166278	1.2737001541698465	6.424083487388543e-11	6.588603274071403e-11	1.3789702713040697e-10	0.9999999999965633	6.424083487381968e-11	1.378970271297379e-10	8
1.0	0.0	8	16	SzSz r=1	0.9955049489992551	1.2737001541698465	7.35909292633452e-5	0.00012011249187727066	0.0003248159187793642	0.08957435546288713	0.0008215624759175966	0.00279260084039067	7
1.0	0.0	8	16	hop up r=1	0.9955049489992551	1.2737001541698465	0.0006812438601987436	0.0018155509828928931	0.005380497466119349	0.7480602794270776	0.000807091623702858	0.0071925987973056795	7
1.0	0.0	8	16	DoubleOcc	0.9955049489992551	1.2737001541698465	0.0003663241542360973	0.0003528042401508488	0.0005526659502160802	0.20971986140658516	0.0017975165952469488	0.00261188673463402	8
1.0	0.0	8	16	ZZ up-up r=1	0.9955049489992551	1.2737001541698465	0.0012080144817431249	0.0033654312319758573	0.010137559510824734	0.5898929973857894	0.001831919085200637	0.017185421009828977	7
1.0	0.0	8	16	Sz	0.9955049489992551	1.2737001541698465	1.9085556052234054e-11	2.5144774283558657e-11	6.132725577367992e-11	1.755584913554209e-11	NaN	NaN	0
1.0	0.0	8	16	ZZ onsite	0.9955049489992551	1.2737001541698465	0.0014652975187220557	0.001411216960603704	0.0022106634744192	0.16112055437416706	0.00842214091510586	0.01439100838424049	8
1.0	0.0	8	16	n	0.9955049489992551	1.2737001541698465	4.6495696182091706e-11	2.2595528226254658e-10	8.754466040983289e-10	0.9999999999965633	4.6495696182393226e-11	8.75446604093778e-10	8
1.0	0.0	8	32	SzSz r=1	0.999958445924136	1.2737001541698465	3.4559110931864367e-6	1.1428229837562507e-5	4.432727938884218e-5	0.08957435546288713	2.971215283849264e-5	0.0010667695789417853	7
1.0	0.0	8	32	hop up r=1	0.999958445924136	1.2737001541698465	1.9197491478939455e-5	3.216771853897793e-5	9.560212072323715e-5	0.7480602794270776	2.2743888751142392e-5	0.00018491649002331023	7
1.0	0.0	8	32	DoubleOcc	0.999958445924136	1.2737001541698465	2.2366036443732806e-6	2.5853676127625402e-6	4.5918669283329105e-6	0.20971986140658516	1.113848579388738e-5	2.1701058864735817e-5	8
1.0	0.0	8	32	ZZ up-up r=1	0.999958445924136	1.2737001541698465	2.5582036073168446e-5	9.479306921057156e-5	0.0002910654119195333	0.5898929973857894	3.385297066908399e-5	0.0010249620938820377	7
1.0	0.0	8	32	Sz	0.999958445924136	1.2737001541698465	5.9812814423576555e-12	7.397363971373139e-12	2.023463341327414e-11	1.755584913554209e-11	NaN	NaN	0
1.0	0.0	8	32	ZZ onsite	0.999958445924136	1.2737001541698465	8.946412395738346e-6	1.0341470451296492e-5	1.8367479513725637e-5	0.16112055437416706	5.0467956314242046e-5	0.0001195688781374532	8
1.0	0.0	8	32	n	0.999958445924136	1.2737001541698465	5.106637335217101e-12	1.2559980833160012e-11	4.1504133463377e-11	0.9999999999965633	5.106637335260992e-12	4.150413346355729e-11	8
1.0	0.0	16	4	SzSz r=1	0.20016393719005796	1.4755393070565859	0.047135301098601035	0.04475811758571956	0.05160091725981622	0.07564245812243423	0.682168699175474	1.0	15
1.0	0.0	16	4	hop up r=1	0.20016393719005796	1.4755393070565859	0.12017641861308415	0.16453348545402885	0.25109066355033305	0.6917982118181316	0.17371599987819886	0.4467220780717221	15
1.0	0.0	16	4	DoubleOcc	0.20016393719005796	1.4755393070565859	0.009224872339641046	0.01281983614320404	0.023971813378918683	0.2130530459604848	0.04357322719597103	0.11216442938478491	16
1.0	0.0	16	4	ZZ up-up r=1	0.20016393719005796	1.4755393070565859	0.1779463316093337	0.18947993390332687	0.24830570786662198	0.5029588602893178	0.35379897484059747	0.7431722394931802	15
1.0	0.0	16	4	Sz	0.20016393719005796	1.4755393070565859	7.411497110476617e-10	7.243587756521064e-10	1.4518553789755195e-9	2.6710560846465725e-11	NaN	NaN	0
1.0	0.0	16	4	ZZ onsite	0.20016393719005796	1.4755393070565859	0.03689948664192476	0.051279344716809776	0.09588725663453235	0.14778781615116404	0.22720823315516261	0.6607497215649862	16
1.0	0.0	16	4	n	0.20016393719005796	1.4755393070565859	8.393962747099692e-10	9.586849439302547e-10	2.6894533267096676e-9	0.9999999999981818	8.393962747137893e-10	2.68945332665689e-9	16
1.0	0.0	16	8	SzSz r=1	0.8121925028445524	1.4755393070565859	0.0051226669403540565	0.004768980094941513	0.007700483176220255	0.07564245812243423	0.0857030225148439	0.12234947933256066	15
1.0	0.0	16	8	hop up r=1	0.8121925028445524	1.4755393070565859	0.016414882857580193	0.020534391889666513	0.03457282762489755	0.6917982118181316	0.019646095153408243	0.06278281450347295	15
1.0	0.0	16	8	DoubleOcc	0.8121925028445524	1.4755393070565859	0.0019192325289943551	0.003235308080244045	0.008311314331229863	0.2130530459604848	0.009122587944095057	0.03888874883499824	16
1.0	0.0	16	8	ZZ up-up r=1	0.8121925028445524	1.4755393070565859	0.035841734304274286	0.04377945180010453	0.07561566932679087	0.5029588602893178	0.07126176141654407	0.23212270337997135	15
1.0	0.0	16	8	Sz	0.8121925028445524	1.4755393070565859	1.3367952925169568e-10	3.293454363395565e-10	1.2511517308300135e-9	2.6710560846465725e-11	NaN	NaN	0
1.0	0.0	16	8	ZZ onsite	0.8121925028445524	1.4755393070565859	0.007676929682903344	0.012941232319248529	0.0332452621713472	0.14778781615116404	0.04637941488334443	0.22908985472496712	16
1.0	0.0	16	8	n	0.8121925028445524	1.4755393070565859	2.2800644705611717e-10	5.255469878728825e-10	2.423213851798778e-9	0.9999999999981818	2.2800644705279392e-10	2.423213851751225e-9	16
1.0	0.0	16	16	SzSz r=1	0.9634722825627104	1.4755393070565859	0.000268016199694493	0.00030091603236664054	0.0007795186819329059	0.07564245812243423	0.004516642746291707	0.008871487132802138	15
1.0	0.0	16	16	hop up r=1	0.9634722825627104	1.4755393070565859	0.0021874581783341007	0.004455090255129076	0.01165683104231996	0.6917982118181316	0.003898389671544711	0.016850045061094273	15
1.0	0.0	16	16	DoubleOcc	0.9634722825627104	1.4755393070565859	0.0010230218653461132	0.000977147218243801	0.0015864952007332567	0.2130530459604848	0.004792080009942702	0.0074161255211494005	16
1.0	0.0	16	16	ZZ up-up r=1	0.9634722825627104	1.4755393070565859	0.004368915329906076	0.008048588988682426	0.019929381127787804	0.5029588602893178	0.013152783183927135	0.039624276857005356	15
1.0	0.0	16	16	Sz	0.9634722825627104	1.4755393070565859	4.368182204839144e-11	6.013543092306395e-11	2.4787267377535116e-10	2.6710560846465725e-11	NaN	NaN	0
1.0	0.0	16	16	ZZ onsite	0.9634722825627104	1.4755393070565859	0.004092087267767899	0.003908588872974831	0.006345980357681774	0.14778781615116404	0.028016855157932938	0.04397777804051115	16
1.0	0.0	16	16	n	0.9634722825627104	1.4755393070565859	5.1499360331774824e-11	8.134418139071897e-11	3.762585798483542e-10	0.9999999999981818	5.14993603320773e-11	3.762585798409706e-10	16
1.0	0.0	16	32	SzSz r=1	0.9984087467313655	1.4755393070565859	9.756124155635426e-5	0.0001234087770693578	0.0003342774016414085	0.07564245812243423	0.0012546641802451217	0.006739406498830727	15
1.0	0.0	16	32	hop up r=1	0.9984087467313655	1.4755393070565859	0.00017259388407697696	0.00027698412308632496	0.0008634824529203389	0.6917982118181316	0.00023183142022571693	0.0015388596189914883	15
1.0	0.0	16	32	DoubleOcc	0.9984087467313655	1.4755393070565859	1.2129326651899586e-5	1.835442623776551e-5	3.696612096978913e-5	0.2130530459604848	5.956764897425512e-5	0.00017345874288586646	16
1.0	0.0	16	32	ZZ up-up r=1	0.9984087467313655	1.4755393070565859	0.0007356204493685903	0.0007230980519353929	0.0019144574834275008	0.5029588602893178	0.0014251792637913136	0.005763545935990943	15
1.0	0.0	16	32	Sz	0.9984087467313655	1.4755393070565859	2.7605619179471574e-11	3.2808272591722254e-11	8.649744809297033e-11	2.6710560846465725e-11	NaN	NaN	0
1.0	0.0	16	32	ZZ onsite	0.9984087467313655	1.4755393070565859	4.851729915679448e-5	7.34177092771935e-5	0.00014786453309775793	0.14778781615116404	0.000306146369022157	0.0010021152018074165	16
1.0	0.0	16	32	n	0.9984087467313655	1.4755393070565859	1.1691037027361517e-11	1.548004086027177e-11	4.9339976548878894e-11	0.9999999999981818	1.1691037027199755e-11	4.9339976547910654e-11	16
1.0	0.0	32	4	SzSz r=1	0.01972068543571763	1.6818171833583362	0.053537221861761436	0.05050373061972798	0.05591151959319546	0.06897571483393203	0.810597175075455	1.0000000000000038	31
1.0	0.0	32	4	hop up r=1	0.01972068543571763	1.6818171833583362	0.1357793421759893	0.1849908492184865	0.26850258363726814	0.6628890379774988	0.20447975150408498	0.4548317659510478	31
1.0	0.0	32	4	DoubleOcc	0.01972068543571763	1.6818171833583362	0.010027886295734145	0.01487788656949715	0.024598719353316534	0.21449607433614454	0.04721703128744474	0.1145516396632403	32
1.0	0.0	32	4	ZZ up-up r=1	0.01972068543571763	1.6818171833583362	0.1952228652095485	0.21408155000971513	0.27393831984609146	0.46116415910482045	0.42167588736411404	0.7474292581347397	31
1.0	0.0	32	4	Sz	0.01972068543571763	1.6818171833583362	1.3138141487928356e-8	3.0916862065475184e-8	9.471112468600884e-8	1.5718516176155273e-9	NaN	NaN	0
1.0	0.0	32	4	ZZ onsite	0.01972068543571763	1.6818171833583362	0.040111534269740956	0.059511531652650995	0.09839473931943135	0.14201570270815833	0.2671903219237056	0.6989256639816435	32
1.0	0.0	32	4	n	0.01972068543571763	1.6818171833583362	3.067340870188673e-8	4.1559734244300817e-8	1.9462788125590436e-7	1.0000000050218203	3.067340924532578e-8	1.9462787907258058e-7	32
1.0	0.0	32	8	SzSz r=1	0.494692741950791	1.6818171833583362	0.00719339414219191	0.0067026132022084736	0.00954545515955385	0.06897571483393203	0.12893716175193998	0.14248105024014993	31
1.0	0.0	32	8	hop up r=1	0.494692741950791	1.6818171833583362	0.018335251332493585	0.024350208027959497	0.04180682883655462	0.6628890379774988	0.02504360249966038	0.07117995535157716	31
1.0	0.0	32	8	DoubleOcc	0.494692741950791	1.6818171833583362	0.001959091831220186	0.004551451927598383	0.010829190179352938	0.21449607433614454	0.0093050081676335	0.05042541703465796	32
1.0	0.0	32	8	ZZ up-up r=1	0.494692741950791	1.6818171833583362	0.04507683010179303	0.056561239639958974	0.09340659990076416	0.46116415910482045	0.09600675842953292	0.25543399428841607	31
1.0	0.0	32	8	Sz	0.494692741950791	1.6818171833583362	4.625404614877482e-9	6.007409506479655e-9	2.0276888841597174e-8	1.5718516176155273e-9	NaN	NaN	0
1.0	0.0	32	8	ZZ onsite	0.494692741950791	1.6818171833583362	0.007836347045757697	0.01820580145385219	0.043316803819026445	0.14201570270815833	0.046356588773725095	0.3072687894045417	32
1.0	0.0	32	8	n	0.494692741950791	1.6818171833583362	9.453803351266998e-9	1.187097954311045e-8	3.699014072822138e-8	1.0000000050218203	9.45380334564712e-9	3.699014107310375e-8	32
1.0	0.0	32	16	SzSz r=1	0.8403885085030819	1.6818171833583362	0.0005256818006731528	0.0006051636582297339	0.0011660983223826527	0.06897571483393203	0.007406544009309218	0.02142141182931676	31
1.0	0.0	32	16	hop up r=1	0.8403885085030819	1.6818171833583362	0.005845824623223472	0.007691617866783455	0.015967858050069395	0.6628890379774988	0.009868348638100159	0.024047132337403843	31
1.0	0.0	32	16	DoubleOcc	0.8403885085030819	1.6818171833583362	0.0016919845449933774	0.0016041304362933483	0.0025005070583719313	0.21449607433614454	0.007883690271929507	0.0116399998704553	32
1.0	0.0	32	16	ZZ up-up r=1	0.8403885085030819	1.6818171833583362	0.009888335979751195	0.013089664864333323	0.026646343423463503	0.46116415910482045	0.026597027386858783	0.057580122383357864	31
1.0	0.0	32	16	Sz	0.8403885085030819	1.6818171833583362	1.4469731558774956e-9	2.535969773152097e-9	1.2363668977499742e-8	1.5718516176155273e-9	NaN	NaN	0
1.0	0.0	32	16	ZZ onsite	0.8403885085030819	1.6818171833583362	0.006767936955173429	0.006416521745173913	0.010002080627529941	0.14201570270815833	0.04782245868846115	0.07107827511709784	32
1.0	0.0	32	16	n	0.8403885085030819	1.6818171833583362	1.0958751406331402e-8	1.0677670914116533e-8	2.6197020996931997e-8	1.0000000050218203	1.0958751478982642e-8	2.6197020703055405e-8	32
1.0	0.0	32	32	SzSz r=1	0.9832556584286686	1.6818171833583362	0.00041384802296394463	0.0004615621520453504	0.0011372033667711584	0.06897571483393203	0.005977740274311278	0.020825249716990863	31
1.0	0.0	32	32	hop up r=1	0.9832556584286686	1.6818171833583362	0.00042254133689934026	0.0009595478629156974	0.0028072915996129044	0.6628890379774988	0.0005564797292544964	0.004734459870150037	31
1.0	0.0	32	32	DoubleOcc	0.9832556584286686	1.6818171833583362	3.7575909282189235e-5	8.696943300187839e-5	0.0003379217600388007	0.21449607433614454	0.00017651501871419407	0.001572873373297465	32
1.0	0.0	32	32	ZZ up-up r=1	0.9832556584286686	1.6818171833583362	0.0019279210050359707	0.002154174831617384	0.004850365975763493	0.46116415910482045	0.004258630681418265	0.013125418151099383	31
1.0	0.0	32	32	Sz	0.9832556584286686	1.6818171833583362	8.761793027223241e-10	9.99162031540754e-10	4.204153816744771e-9	1.5718516176155273e-9	NaN	NaN	0
1.0	0.0	32	32	ZZ onsite	0.9832556584286686	1.6818171833583362	0.00015029912881962815	0.000347876255883243	0.0013516806549503657	0.14201570270815833	0.0010338880761729928	0.009611907847202979	32
1.0	0.0	32	32	n	0.9832556584286686	1.6818171833583362	4.324334890171144e-9	5.629339657614585e-9	1.9480546953332123e-8	1.0000000050218203	4.324334993217081e-9	1.948054715682991e-8	32
1.0	0.0	64	4	SzSz r=1	0.00014638142399441099	1.8824032750998758	0.05672343411036512	0.05436001035728654	0.058145324878352264	0.06558509555957436	0.8862380921144183	1.0000000001375455	63
1.0	0.0	64	4	hop up r=1	0.00014638142399441099	1.8824032750998758	0.14405990888164155	0.1985731880576467	0.27787202807347533	0.6475375992984972	0.2222906217533277	0.45828116250762024	63
1.0	0.0	64	4	DoubleOcc	0.00014638142399441099	1.8824032750998758	0.010458634441819256	0.016195791125743333	0.02481102409324018	0.21505202645041674	0.04916502566699629	0.11531138230224687	64
1.0	0.0	64	4	ZZ up-up r=1	0.00014638142399441099	1.8824032750998758	0.20346920942326663	0.23075047866263998	0.28886969008990326	0.43981186174362386	0.4609558919542348	0.7485683924981429	63
1.0	0.0	64	4	Sz	0.00014638142399441099	1.8824032750998758	9.680842409653945e-8	2.8341594999765473e-7	1.333721071930527e-6	2.4241156464099856e-8	NaN	NaN	0
1.0	0.0	64	4	ZZ onsite	0.00014638142399441099	1.8824032750998758	0.041833961072472385	0.06478233890566258	0.09924337547810827	0.1397914586534818	0.2944236111413492	0.7125341608225261	64
1.0	0.0	64	4	n	0.00014638142399441099	1.8824032750998758	6.4437174807086e-7	6.07687302667595e-7	1.8430267415547874e-6	1.0000000805234945	6.443717069637013e-7	1.8430273032814265e-6	64
1.0	0.0	64	8	SzSz r=1	0.14723359646098244	1.8824032750998758	0.008389008818926146	0.008020722169093155	0.010537826375079551	0.06558509555957436	0.14370040470636364	0.15852333520597744	63
1.0	0.0	64	8	hop up r=1	0.14723359646098244	1.8824032750998758	0.019241389622580707	0.027307140416607232	0.045563102747477435	0.6475375992984972	0.029375647655458872	0.07594621486649726	63
1.0	0.0	64	8	DoubleOcc	0.14723359646098244	1.8824032750998758	0.0027200729659351414	0.005901921629183102	0.011868682846278872	0.21505202645041674	0.012702582995685979	0.055164637319273464	64
1.0	0.0	64	8	ZZ up-up r=1	0.14723359646098244	1.8824032750998758	0.04935175183380219	0.06494527406167398	0.10088248888039286	0.43981186174362386	0.10976267053263424	0.2615391654698625	63
1.0	0.0	64	8	Sz	0.14723359646098244	1.8824032750998758	7.553098231236066e-8	1.4653559477352356e-7	5.454589291770118e-7	2.4241156464099856e-8	NaN	NaN	0
1.0	0.0	64	8	ZZ onsite	0.14723359646098244	1.8824032750998758	0.010880907272064144	0.02360781772900708	0.047474424938525356	0.1397914586534818	0.07812845829198053	0.3405629312994767	64
1.0	0.0	64	8	n	0.14723359646098244	1.8824032750998758	2.495154314274828e-7	3.0728387570393145e-7	7.30790341352261e-7	1.0000000805234945	2.4951539575628443e-7	7.30790135922355e-7	64
1.0	0.0	64	16	SzSz r=1	0.5560353123093759	1.8824032750998758	0.00079498033034478	0.000993283144479566	0.001994431456108739	0.06558509555957436	0.012232551870344291	0.03477289743835995	63
1.0	0.0	64	16	hop up r=1	0.5560353123093759	1.8824032750998758	0.010152143406389702	0.01082011157041641	0.018350852403376305	0.6475375992984972	0.016576078243330704	0.028226984338624223	63
1.0	0.0	64	16	DoubleOcc	0.5560353123093759	1.8824032750998758	0.001978623228026208	0.0020811156485460794	0.003041759637907121	0.21505202645041674	0.009196120431434316	0.014136234837187556	64
1.0	0.0	64	16	ZZ up-up r=1	0.5560353123093759	1.8824032750998758	0.01613189621005312	0.018093269783264285	0.030872400095859287	0.43981186174362386	0.041243096422501915	0.06983365857755794	63
1.0	0.0	64	16	Sz	0.5560353123093759	1.8824032750998758	3.2336895751383654e-8	6.962059094527996e-8	2.66801376942738e-7	2.4241156464099856e-8	NaN	NaN	0
1.0	0.0	64	16	ZZ onsite	0.5560353123093759	1.8824032750998758	0.007914465132716542	0.008324462594175262	0.012167078740300152	0.1397914586534818	0.05678936005107614	0.08734340135712462	64
1.0	0.0	64	16	n	0.5560353123093759	1.8824032750998758	2.3768942236657153e-7	2.446579034972446e-7	5.721079340270663e-7	1.0000000805234945	2.3768927656765716e-7	5.721083599306608e-7	64
1.0	0.0	64	32	SzSz r=1	0.909871933398683	1.8824032750998758	0.0008740245644841271	0.0010336457101051022	0.0022854893319639927	0.06558509555957436	0.013692307685676816	0.0397511897353622	63
1.0	0.0	64	32	hop up r=1	0.909871933398683	1.8824032750998758	0.0008479652192953102	0.0020851318482681333	0.0056664325750763744	0.6475375992984972	0.0012710916451178374	0.00931879745395623	63
1.0	0.0	64	32	DoubleOcc	0.909871933398683	1.8824032750998758	0.0001854280162007088	0.0002835368529429086	0.0007916536408221486	0.21505202645041674	0.0008618767681869591	0.0036789208564776948	64
1.0	0.0	64	32	ZZ up-up r=1	0.909871933398683	1.8824032750998758	0.0035837744488969037	0.004573553785198501	0.01022376904854605	0.43981186174362386	0.008377661632903117	0.026334797776375513	63
1.0	0.0	64	32	Sz	0.909871933398683	1.8824032750998758	2.1147070716071026e-8	2.2455885536048353e-8	8.627876946221136e-8	2.4241156464099856e-8	NaN	NaN	0
1.0	0.0	64	32	ZZ onsite	0.909871933398683	1.8824032750998758	0.0007418876247812373	0.0011342042592797836	0.003166521857947052	0.1397914586534818	0.005321143060548554	0.02273917939149238	64
1.0	0.0	64	32	n	0.909871933398683	1.8824032750998758	1.5318475654613195e-7	1.525646973407624e-7	3.617626032070831e-7	1.0000000805234945	1.5318480202830792e-7	3.61762708353817e-7	64
1.0	0.0	128	4	SzSz r=1	1.6419374099607098e-6	2.0354706014503803	0.04081249685803971	0.03858867469644191	0.056065416070225714	0.06396425172360587	0.6973965658521696	0.9999580438333094	127
1.0	0.0	128	4	hop up r=1	1.6419374099607098e-6	2.0354706014503803	0.18163300037917307	0.18168240182899412	0.39726055723467985	0.6400132258770079	0.2829917104281561	0.6473878967924765	127
1.0	0.0	128	4	DoubleOcc	1.6419374099607098e-6	2.0354706014503803	0.011570263861156324	0.010550001309036574	0.022047056828446515	0.21524851844351156	0.05377047724371176	0.1024236077369036	128
1.0	0.0	128	4	ZZ up-up r=1	1.6419374099607098e-6	2.0354706014503803	0.20786868810456927	0.20795181235847465	0.297538758750744	0.4295736873302358	0.5657922372966664	0.7530199623735447	127
1.0	0.0	128	4	Sz	1.6419374099607098e-6	2.0354706014503803	0.037228370885410846	0.03435465437311103	0.06844321991308261	5.758259014392031e-5	NaN	NaN	0
1.0	0.0	128	4	ZZ onsite	1.6419374099607098e-6	2.0354706014503803	0.04592162798999526	0.04020434837199244	0.05623192547828913	0.13899940559411544	0.32992181478498317	0.40506314700426965	128
1.0	0.0	128	4	n	1.6419374099607098e-6	2.0354706014503803	0.0009183219039188839	0.008904686898148474	0.03732284415033027	1.0000014154544323	0.0009183125113992517	0.037323481515257266	128
1.0	0.0	128	8	SzSz r=1	0.010337883291534315	2.0354706014503803	0.008874659561380824	0.008852284359430588	0.010912668268485484	0.06396425172360587	0.14984741490073125	0.1681795179730305	127
1.0	0.0	128	8	hop up r=1	0.010337883291534315	2.0354706014503803	0.020164594828706472	0.029251748085394567	0.046567204077959334	0.6400132258770079	0.03104118929597457	0.07716014712693309	127
1.0	0.0	128	8	DoubleOcc	0.010337883291534315	2.0354706014503803	0.0035861797755459834	0.006923572315273891	0.012322309717231528	0.21524851844351156	0.016656994431493603	0.057238692629839175	128
1.0	0.0	128	8	ZZ up-up r=1	0.010337883291534315	2.0354706014503803	0.05064412944094265	0.06984109237332706	0.10320734514682295	0.4295736873302358	0.11457653763388512	0.2639615839217278	127
1.0	0.0	128	8	Sz	0.010337883291534315	2.0354706014503803	5.025779273900091e-5	5.111569580922331e-5	0.00010908120944577021	5.758259014392031e-5	NaN	NaN	0
1.0	0.0	128	8	ZZ onsite	0.010337883291534315	2.0354706014503803	0.01430129575066768	0.0276935519765104	0.04931048703988454	0.13899940559411544	0.103021196847829	0.3551223950704251	128
1.0	0.0	128	8	n	0.010337883291534315	2.0354706014503803	1.072026438336815e-5	1.1363550370865547e-5	2.8852661337563923e-5	1.0000014154544323	1.0720230594414395e-5	2.885284920546941e-5	128
1.0	0.0	128	16	SzSz r=1	0.20394288251811546	2.0354706014503803	0.0009502032682605632	0.001355024448164553	0.0026319074590435976	0.06396425172360587	0.014649123777457192	0.04466203830488682	127
1.0	0.0	128	16	hop up r=1	0.20394288251811546	2.0354706014503803	0.012824491092433998	0.013169300001638492	0.019214968579994718	0.6400132258770079	0.020779912838913586	0.029811737580716556	127
1.0	0.0	128	16	DoubleOcc	0.20394288251811546	2.0354706014503803	0.00210751074145811	0.0023239120002959642	0.003068241707590208	0.21524851844351156	0.009788800474439655	0.014251895460218248	128
1.0	0.0	128	16	ZZ up-up r=1	0.20394288251811546	2.0354706014503803	0.02075000177045877	0.022292504586000978	0.03287869560688211	0.4295736873302358	0.05205491188266322	0.07598343656550403	127
1.0	0.0	128	16	Sz	0.20394288251811546	2.0354706014503803	3.3461874121946955e-5	3.405939301302792e-5	7.200930491528534e-5	5.758259014392031e-5	NaN	NaN	0
1.0	0.0	128	16	ZZ onsite	0.20394288251811546	2.0354706014503803	0.008295586020768006	0.009295648001177345	0.012421286645389829	0.13899940559411544	0.05975525637813325	0.08947067606607573	128
1.0	0.0	128	16	n	0.20394288251811546	2.0354706014503803	5.0606881627168754e-5	4.447427095876158e-5	7.54593860882169e-5	1.0000014154544323	5.060688996160283e-5	7.546003164468108e-5	128
1.0	0.0	128	32	SzSz r=1	0.7109614767510126	2.0354706014503803	0.0011659532332694844	0.0015959482491697558	0.0031561749907646694	0.06396425172360587	0.018215836161314794	0.05352999855090938	127
1.0	0.0	128	32	hop up r=1	0.7109614767510126	2.0354706014503803	0.0010948858088329905	0.0032472928696961373	0.008163351614919434	0.6400132258770079	0.001642680219565299	0.013260859671154656	127
1.0	0.0	128	32	DoubleOcc	0.7109614767510126	2.0354706014503803	0.0004159005882701655	0.0005239614713076701	0.0011036049160765282	0.21524851844351156	0.001931757558205229	0.005125945442907586	128
1.0	0.0	128	32	ZZ up-up r=1	0.7109614767510126	2.0354706014503803	0.004599679391980804	0.006964918259339991	0.01430872246886239	0.4295736873302358	0.010730832623681675	0.0359836741617414	127
1.0	0.0	128	32	Sz	0.7109614767510126	2.0354706014503803	1.0263838637229045e-5	9.692516166589737e-6	1.970642806312789e-5	5.758259014392031e-5	NaN	NaN	0
1.0	0.0	128	32	ZZ onsite	0.7109614767510126	2.0354706014503803	0.0016814769560351134	0.0020956774410274695	0.004393768533303921	0.13899940559411544	0.012062556052402652	0.03165220019249415	128
1.0	0.0	128	32	n	0.7109614767510126	2.0354706014503803	5.43496452531933e-6	6.845393281836899e-6	4.9314880438688924e-5	1.0000014154544323	5.434910574316359e-6	4.9315135903201146e-5	128
2.0	0.0	8	4	SzSz r=1	0.6217257234767389	1.1949492625038898	0.0448620431591117	0.04134759146773471	0.05014023803652123	0.11065484709400777	0.41758791329916817	1.0	7
2.0	0.0	8	4	hop up r=1	0.6217257234767389	1.1949492625038898	0.07915057639862577	0.11212649531461102	0.18646651988514018	0.7142089987706979	0.11082270950579137	0.3849761470686471	7
2.0	0.0	8	4	DoubleOcc	0.6217257234767389	1.1949492625038898	0.007551114179808277	0.0102975007166025	0.0218409713743187	0.1684660154185446	0.04974593493044452	0.1275083170738461	8
2.0	0.0	8	4	ZZ up-up r=1	0.6217257234767389	1.1949492625038898	0.13679929210468134	0.1582544425389385	0.2320620952930571	0.6275456283501335	0.21799098868921163	0.779493041112808	7
2.0	0.0	8	4	Sz	0.6217257234767389	1.1949492625038898	4.303640777081341e-12	4.0597126355068625e-12	7.547344693659142e-12	6.446579381425011e-13	NaN	NaN	0
2.0	0.0	8	4	ZZ onsite	0.6217257234767389	1.1949492625038898	0.03020445664766952	0.04119000286641075	0.08736388550396151	0.3261359383344966	0.07968528620563711	0.27748859745325133	8
2.0	0.0	8	4	n	0.6217257234767389	1.1949492625038898	1.317046471882577e-11	2.1807625150138676e-11	8.722778055414437e-11	0.9999999999964102	1.3170464718729513e-11	8.722778055169713e-11	8
2.0	0.0	8	8	SzSz r=1	0.9756447781930129	1.1949492625038898	0.0016508083217106617	0.0018498897819720955	0.003404866809159121	0.11065484709400777	0.020783470252599075	0.03077015511027307	7
2.0	0.0	8	8	hop up r=1	0.9756447781930129	1.1949492625038898	0.010358673736194257	0.009925007810493753	0.013135061159573858	0.7142089987706979	0.014956122980338066	0.027791084501820006	7
2.0	0.0	8	8	DoubleOcc	0.9756447781930129	1.1949492625038898	0.0009698842916639611	0.0010516305733552014	0.001789073259572893	0.1684660154185446	0.006295338480208591	0.010612775031474012	8
2.0	0.0	8	8	ZZ up-up r=1	0.9756447781930129	1.1949492625038898	0.017735518876542122	0.01687340540176941	0.021842600328596085	0.6275456283501335	0.029695129421514588	0.08139920764917592	7
2.0	0.0	8	8	Sz	0.9756447781930129	1.1949492625038898	8.395575901154473e-13	2.303912269296937e-12	7.60806001531833e-12	6.446579381425011e-13	NaN	NaN	0
2.0	0.0	8	8	ZZ onsite	0.9756447781930129	1.1949492625038898	0.003879537140548145	0.004206522289779635	0.007156293024261351	0.3261359383344966	0.011501590246354266	0.02197266702940113	8
2.0	0.0	8	8	n	0.9756447781930129	1.1949492625038898	5.689837490052696e-12	8.159931064177783e-12	2.8271607277474686e-11	0.9999999999964102	5.689837490076971e-12	2.8271607276681504e-11	8
2.0	0.0	8	16	SzSz r=1	0.9978491706970873	1.1949492625038898	0.00018286019376026474	0.00012633072403075787	0.00022685978183242805	0.11065484709400777	0.0013016903047452866	0.0020501567512871566	7
2.0	0.0	8	16	hop up r=1	0.9978491706970873	1.1949492625038898	0.0003359419490304161	0.0010909983891322361	0.0031650014946228433	0.7142089987706979	0.0005198983084975672	0.004431478040840243	7
2.0	0.0	8	16	DoubleOcc	0.9978491706970873	1.1949492625038898	0.00019916749906137565	0.0001941570542022021	0.00030360151739083907	0.1684660154185446	0.0011819768651070682	0.0017724357527548647	8
2.0	0.0	8	16	ZZ up-up r=1	0.9978491706970873	1.1949492625038898	0.0006884732477179245	0.0020931519959622963	0.006320924922165405	0.6275456283501335	0.0009717055005011057	0.010072454713426354	7
2.0	0.0	8	16	Sz	0.9978491706970873	1.1949492625038898	1.3665249487537778e-12	1.6691882251396173e-12	3.02727287682103e-12	6.446579381425011e-13	NaN	NaN	0
2.0	0.0	8	16	ZZ onsite	0.9978491706970873	1.1949492625038898	0.0007966700068724464	0.0007766282168097174	0.0012144060687094838	0.3261359383344966	0.0024438905675447215	0.0038572441564611484	8
2.0	0.0	8	16	n	0.9978491706970873	1.1949492625038898	6.10045347571031e-12	7.960535008955105e-12	3.141176208032448e-11	0.9999999999964102	6.1004534758099095e-12	3.1411762079443196e-11	8
2.0	0.0	8	32	SzSz r=1	0.9999779046880856	1.1949492625038898	2.5162164995762293e-6	8.56945724230249e-6	3.426361692714097e-5	0.11065484709400777	1.7911687355115593e-5	0.000683355689340445	7
2.0	0.0	8	32	hop up r=1	0.9999779046880856	1.1949492625038898	9.052796098640847e-6	1.4869782394415815e-5	5.702682030572781e-5	0.7142089987706979	1.1417511821515965e-5	0.00011773676890842605	7
2.0	0.0	8	32	DoubleOcc	0.9999779046880856	1.1949492625038898	9.762628670334506e-7	1.1960904458922783e-6	2.1932742587105203e-6	0.1684660154185446	6.169235603132471e-6	1.2804408044940652e-5	8
2.0	0.0	8	32	ZZ up-up r=1	0.9999779046880856	1.1949492625038898	1.3363313950187639e-5	4.748428889496591e-5	0.00018451851665002295	0.6275456283501335	1.7029074874844706e-5	0.0006179615407697755	7
2.0	0.0	8	32	Sz	0.9999779046880856	1.1949492625038898	1.6369544608707542e-13	2.642001201147437e-13	6.781658568044691e-13	6.446579381425011e-13	NaN	NaN	0
2.0	0.0	8	32	ZZ onsite	0.9999779046880856	1.1949492625038898	3.905052769342943e-6	4.784360822095157e-6	8.773094905045742e-6	0.3261359383344966	1.1973208965245534e-5	2.786544791605626e-5	8
2.0	0.0	8	32	n	0.9999779046880856	1.1949492625038898	3.552769189951732e-12	5.354397480950013e-12	1.8956614056264698e-11	0.9999999999964102	3.5527691899642223e-12	1.8956614055732856e-11	8
2.0	0.0	16	4	SzSz r=1	0.26706933361940177	1.355807993766039	0.055183587699573766	0.051135244793061536	0.05898378343541303	0.09556666964946062	0.6013347999326266	1.0000000000000002	15
2.0	0.0	16	4	hop up r=1	0.26706933361940177	1.355807993766039	0.10760303748198796	0.14001106924748666	0.21326159818450519	0.6677515772473634	0.16114231868047418	0.40631063138775714	15
2.0	0.0	16	4	DoubleOcc	0.26706933361940177	1.355807993766039	0.0077492156896116215	0.012401637236890329	0.02429273785749078	0.17294502144189566	0.05074224026294556	0.13944521616002753	16
2.0	0.0	16	4	ZZ up-up r=1	0.26706933361940177	1.355807993766039	0.1789723671240413	0.19788138451881468	0.2735322041759668	0.547268553345903	0.3270284132895592	0.7882169560306861	15
2.0	0.0	16	4	Sz	0.26706933361940177	1.355807993766039	2.442694449489302e-10	2.5770657786569617e-10	6.029466509405168e-10	3.1149492707438498e-12	NaN	NaN	0
2.0	0.0	16	4	ZZ onsite	0.26706933361940177	1.355807993766039	0.030996862591808172	0.049606548947560336	0.09717095165631023	0.30821991429422413	0.08426679892870922	0.3205265529809575	16
2.0	0.0	16	4	n	0.26706933361940177	1.355807993766039	2.892096007123257e-10	3.560286371273591e-10	1.1243461717214132e-9	0.9999999999797015	2.892096007203964e-10	1.1243461717773455e-9	16
2.0	0.0	16	8	SzSz r=1	0.8792061060566334	1.355807993766039	0.0023603581069107094	0.0029371195350878323	0.005429228426095306	0.09556666964946062	0.0355244340416231	0.056810898975280036	15
2.0	0.0	16	8	hop up r=1	0.8792061060566334	1.355807993766039	0.013108851548019218	0.012652958185492117	0.017538728847322382	0.6677515772473634	0.02031796615836999	0.03445166841325137	15
2.0	0.0	16	8	DoubleOcc	0.8792061060566334	1.355807993766039	0.0010756803418217054	0.001873795629493179	0.005025458272133243	0.17294502144189566	0.0069469081082582235	0.028977958059706783	16
2.0	0.0	16	8	ZZ up-up r=1	0.8792061060566334	1.355807993766039	0.0247032756709073	0.022902607452700677	0.030941696159688392	0.547268553345903	0.04680351116146994	0.08975426589284358	15
2.0	0.0	16	8	Sz	0.8792061060566334	1.355807993766039	3.5255060676364636e-10	4.887635561036385e-10	1.7347801389844264e-9	3.1149492707438498e-12	NaN	NaN	0
2.0	0.0	16	8	ZZ onsite	0.8792061060566334	1.355807993766039	0.004302721075407384	0.007495182217941397	0.02010183241970176	0.30821991429422413	0.011959185527400521	0.06597131449224647	16
2.0	0.0	16	8	n	0.8792061060566334	1.355807993766039	1.602399879452321e-10	2.3911475577342856e-10	1.062847365673747e-9	0.9999999999797015	1.6023998792137708e-10	1.0628473655459378e-9	16
2.0	0.0	16	16	SzSz r=1	0.9817031041516385	1.355807993766039	0.0003713573843123624	0.0003295868315186616	0.0006531454669945203	0.09556666964946062	0.004030061897696016	0.007315355967516411	15
2.0	0.0	16	16	hop up r=1	0.9817031041516385	1.355807993766039	0.0020595993886505237	0.002772349212103442	0.006561358058691735	0.6677515772473634	0.003933108844470215	0.009826046515291316	15
2.0	0.0	16	16	DoubleOcc	0.9817031041516385	1.355807993766039	0.000560954327368024	0.0005187690883067912	0.0008526786647520268	0.17294502144189566	0.0032296265253062705	0.004894547552013671	16
2.0	0.0	16	16	ZZ up-up r=1	0.9817031041516385	1.355807993766039	0.0030159507115445905	0.0050844650122028245	0.012456890030960177	0.547268553345903	0.008773160409017556	0.02276193279296053	15
2.0	0.0	16	16	Sz	0.9817031041516385	1.355807993766039	3.621830266253845e-11	8.499500409042682e-11	2.622780465033614e-10	3.1149492707438498e-12	NaN	NaN	0
2.0	0.0	16	16	ZZ onsite	0.9817031041516385	1.355807993766039	0.0022438174405728373	0.002075076353225083	0.0034107151239436417	0.30821991429422413	0.007351353364065297	0.011250530593801418	16
2.0	0.0	16	16	n	0.9817031041516385	1.355807993766039	9.373751774788275e-11	1.22865932705718e-10	4.607519921151493e-10	0.9999999999797015	9.373751775528542e-11	4.6075199212956595e-10	16
2.0	0.0	16	32	SzSz r=1	0.9991421315356118	1.355807993766039	6.15586799658785e-5	6.833393276112441e-5	0.0002092975592052071	0.09556666964946062	0.0006283400858971351	0.0035975123965497125	15
2.0	0.0	16	32	hop up r=1	0.9991421315356118	1.355807993766039	8.215286494561713e-5	0.00016025508385812958	0.0005540858986647912	0.6677515772473634	0.00011128534916454679	0.0010504538965793047	15
2.0	0.0	16	32	DoubleOcc	0.9991421315356118	1.355807993766039	8.195192948673435e-6	8.682945771750286e-6	4.128236987707701e-5	0.17294502144189566	4.848654675823088e-5	0.00023710468614692769	16
2.0	0.0	16	32	ZZ up-up r=1	0.9991421315356118	1.355807993766039	0.000260067978289924	0.0003380464845938754	0.000903516485855238	0.547268553345903	0.00046435783256035696	0.0026282574951433024	15
2.0	0.0	16	32	Sz	0.9991421315356118	1.355807993766039	1.0267304367816976e-11	2.3646151009470984e-11	8.60773882727095e-11	3.1149492707438498e-12	NaN	NaN	0
2.0	0.0	16	32	ZZ onsite	0.9991421315356118	1.355807993766039	3.27807756123899e-5	3.4731794166173446e-5	0.00016512938013207856	0.30821991429422413	0.0001012005913023826	0.0005439782904586713	16
2.0	0.0	16	32	n	0.9991421315356118	1.355807993766039	3.5194125391768694e-11	3.222096200961033e-11	8.130440765086178e-11	0.9999999999797015	3.5194125395304904e-11	8.1304407654303e-11	16
2.0	0.0	32	4	SzSz r=1	0.04208372272456051	1.5027169833034202	0.062053625581465266	0.05820233888155732	0.06485110765404543	0.0880446027048521	0.7213010771919995	1.0000000000000002	31
2.0	0.0	32	4	hop up r=1	0.04208372272456051	1.5027169833034202	0.12407538920367389	0.16006039883594403	0.23061449134629186	0.642165419703823	0.19321405846623224	0.41784873514015175	31
2.0	0.0	32	4	DoubleOcc	0.04208372272456051	1.5027169833034202	0.00773487027453254	0.013532463955807896	0.02510122819792837	0.17469836871767613	0.05056520541991482	0.14325530736168168	32
2.0	0.0	32	4	ZZ up-up r=1	0.04208372272456051	1.5027169833034202	0.20240462108685287	0.2271482108956907	0.30160535106432074	0.5069297351801081	0.3988887749940824	0.793611784243407	31
2.0	0.0	32	4	Sz	0.04208372272456051	1.5027169833034202	1.6421019648216184e-9	7.40730211239507e-9	9.225784397548509e-8	7.163401469223452e-10	NaN	NaN	0
2.0	0.0	32	4	ZZ onsite	0.04208372272456051	1.5027169833034202	0.03093948152342771	0.05412985593383609	0.10040494898179286	0.3012065248211707	0.08679638134187961	0.33566883119059765	32
2.0	0.0	32	4	n	0.04208372272456051	1.5027169833034202	6.104569072462596e-10	4.320056704726349e-9	3.340378817995315e-8	0.999999999785621	6.104569073705335e-10	3.340378817918461e-8	32
2.0	0.0	32	8	SzSz r=1	0.6488425111857731	1.5027169833034202	0.004261204973524058	0.004113822807782618	0.006274583025917407	0.0880446027048521	0.059415439090034064	0.07145198020955275	31
2.0	0.0	32	8	hop up r=1	0.6488425111857731	1.5027169833034202	0.013390296981552474	0.0144660850864269	0.02150320962887864	0.642165419703823	0.02070878305963703	0.03926754606507143	31
2.0	0.0	32	8	DoubleOcc	0.6488425111857731	1.5027169833034202	0.0012917056489585715	0.0027519612892468173	0.006394124601257073	0.17469836871767613	0.00737237185756472	0.03668211143378732	32
2.0	0.0	32	8	ZZ up-up r=1	0.6488425111857731	1.5027169833034202	0.026259914056600053	0.028238548430789344	0.042750968011189494	0.5069297351801081	0.05191907436438938	0.1123921958252242	31
2.0	0.0	32	8	Sz	0.6488425111857731	1.5027169833034202	2.719895871028388e-10	7.424794093349035e-10	6.724654159906418e-9	7.163401469223452e-10	NaN	NaN	0
2.0	0.0	32	8	ZZ onsite	0.6488425111857731	1.5027169833034202	0.005166820880875972	0.011007844985108475	0.025576498757692245	0.3012065248211707	0.017270857127288142	0.08471692630728649	32
2.0	0.0	32	8	n	0.6488425111857731	1.5027169833034202	4.2972231328874955e-10	5.718130413612244e-10	2.3399410187252556e-9	0.999999999785621	4.2972231314502826e-10	2.339941019897355e-9	32
2.0	0.0	32	16	SzSz r=1	0.9174517526757298	1.5027169833034202	0.0007592563948965597	0.0007171778061289269	0.0011940147269547535	0.0880446027048521	0.009965205913530202	0.018448212386121234	31
2.0	0.0	32	16	hop up r=1	0.9174517526757298	1.5027169833034202	0.004904403424057624	0.004649784680038874	0.007980167192961463	0.642165419703823	0.008518518546760407	0.012406384266652656	31
2.0	0.0	32	16	DoubleOcc	0.9174517526757298	1.5027169833034202	0.0007653995953835202	0.0007707468724927821	0.0012115000564507372	0.17469836871767613	0.004401908422877104	0.006915046509543195	32
2.0	0.0	32	16	ZZ up-up r=1	0.9174517526757298	1.5027169833034202	0.007544168400223206	0.008452686049309632	0.01622960040430066	0.5069297351801081	0.019001410489089102	0.03191132131635948	31
2.0	0.0	32	16	Sz	0.9174517526757298	1.5027169833034202	4.5775915002987944e-10	5.74623542541966e-10	3.6133137940042026e-9	7.163401469223452e-10	NaN	NaN	0
2.0	0.0	32	16	ZZ onsite	0.9174517526757298	1.5027169833034202	0.003061597912938918	0.0030829874899706965	0.004846000345049395	0.3012065248211707	0.01010246618238729	0.016196021378319034	32
2.0	0.0	32	16	n	0.9174517526757298	1.5027169833034202	2.598682935506247e-10	4.4569188617504807e-10	3.2402038829815183e-9	0.999999999785621	2.5986829349504383e-10	3.240203884604568e-9	32
2.0	0.0	32	32	SzSz r=1	0.99174380298639	1.5027169833034202	0.00017594914121284166	0.00022010451381865035	0.0005457034245893444	0.0880446027048521	0.002350724511987307	0.00841471247492722	31
2.0	0.0	32	32	hop up r=1	0.99174380298639	1.5027169833034202	0.00022823895440338138	0.0005246203799839143	0.0015074955360780962	0.642165419703823	0.0003501440530556022	0.0027533191849676963	31
2.0	0.0	32	32	DoubleOcc	0.99174380298639	1.5027169833034202	8.751553094182851e-6	3.405756406556302e-5	0.0001402270554008711	0.17469836871767613	5.089182586507664e-5	0.0008006750730291846	32
2.0	0.0	32	32	ZZ up-up r=1	0.99174380298639	1.5027169833034202	0.0007430644874153458	0.0010562898533641397	0.0027999812447795924	0.5069297351801081	0.001577255269705398	0.007353386366250814	31
2.0	0.0	32	32	Sz	0.99174380298639	1.5027169833034202	1.5416615206653717e-10	2.861706936956726e-10	1.9762758651786783e-9	7.163401469223452e-10	NaN	NaN	0
2.0	0.0	32	32	ZZ onsite	0.99174380298639	1.5027169833034202	3.500596616692886e-5	0.0001362302585079262	0.0005609080517254839	0.3012065248211707	0.00011617720725582128	0.0018730908545151674	32
2.0	0.0	32	32	n	0.99174380298639	1.5027169833034202	1.6781470657534214e-10	2.619390780667086e-10	1.0348429890782995e-9	0.999999999785621	1.6781470661980512e-10	1.0348429889531407e-9	32
2.0	0.0	64	4	SzSz r=1	0.0008929025456763496	1.628200016097018	0.06628505267305573	0.06326605458857781	0.06863810150647452	0.08388352960648439	0.7996316233383687	1.0000000000014873	63
2.0	0.0	64	4	hop up r=1	0.0008929025456763496	1.628200016097018	0.13439388603929414	0.17446465925009308	0.24120542066960582	0.6269397161233375	0.21430870545810377	0.42483040915060943	63
2.0	0.0	64	4	DoubleOcc	0.0008929025456763496	1.628200016097018	0.007714151973612679	0.01414307471605733	0.02544762336156331	0.17531708448213448	0.05040987275222782	0.14504248223364563	64
2.0	0.0	64	4	ZZ up-up r=1	0.0008929025456763496	1.628200016097018	0.2165337858554729	0.24862502742312922	0.32001926771998046	0.48443687820671155	0.4467115494067097	0.7976226142188746	63
2.0	0.0	64	4	Sz	0.0008929025456763496	1.628200016097018	1.3187263869368637e-6	1.2804152979809967e-6	2.608936174902654e-6	4.777965389585193e-7	NaN	NaN	0
2.0	0.0	64	4	ZZ onsite	0.0008929025456763496	1.628200016097018	0.030856836513292657	0.05657229191013356	0.10179152736228925	0.2987316571893297	0.08722482752732989	0.34135065195266195	64
2.0	0.0	64	4	n	0.0008929025456763496	1.628200016097018	3.728076438114236e-7	3.676517929124268e-7	6.360008777406279e-7	1.0000000024115245	3.728076433283747e-7	6.360008707046116e-7	64
2.0	0.0	64	8	SzSz r=1	0.31437034143228226	1.628200016097018	0.005356364951559334	0.0050352031978047425	0.006481434877211964	0.08388352960648439	0.06860509879394601	0.0940807571679495	63
2.0	0.0	64	8	hop up r=1	0.31437034143228226	1.628200016097018	0.013642240484328938	0.015985139142538927	0.025941615313911592	0.6269397161233375	0.021282346765431243	0.04585544368922557	63
2.0	0.0	64	8	DoubleOcc	0.31437034143228226	1.628200016097018	0.0022889664388460462	0.003522482093865722	0.006560914679010793	0.17531708448213448	0.013058976952862022	0.037732270631921055	64
2.0	0.0	64	8	ZZ up-up r=1	0.31437034143228226	1.628200016097018	0.026797111372317606	0.03141014124843847	0.05076355713309444	0.48443687820671155	0.0529075115738979	0.12768123042560361	63
2.0	0.0	64	8	Sz	0.31437034143228226	1.628200016097018	4.774504566880389e-7	5.511919146677534e-7	1.7356533682025277e-6	4.777965389585193e-7	NaN	NaN	0
2.0	0.0	64	8	ZZ onsite	0.31437034143228226	1.628200016097018	0.009155278621698099	0.014089927864198971	0.026243609667710055	0.2987316571893297	0.030631812107038588	0.0868376002921423	64
2.0	0.0	64	8	n	0.31437034143228226	1.628200016097018	7.261876061592787e-8	1.9386935278149775e-7	1.1676124336279514e-6	1.0000000024115245	7.261876015928748e-8	1.167612460597437e-6	64
2.0	0.0	64	16	SzSz r=1	0.7503031603503056	1.628200016097018	0.001298030336350245	0.0012509061007171308	0.0022922133952300583	0.08388352960648439	0.016010061509650838	0.03343671468782277	63
2.0	0.0	64	16	hop up r=1	0.7503031603503056	1.628200016097018	0.006824200299966665	0.006268125491745643	0.008837775993746355	0.6269397161233375	0.011362837712082116	0.015570386004637574	63
2.0	0.0	64	16	DoubleOcc	0.7503031603503056	1.628200016097018	0.0007554981665048172	0.0008485841513661743	0.0012665158309926317	0.17531708448213448	0.0043234556001227956	0.007219328004242022	64
2.0	0.0	64	16	ZZ up-up r=1	0.7503031603503056	1.628200016097018	0.01331991781335301	0.012130838561874888	0.018323405014886107	0.48443687820671155	0.0305235745622516	0.03751589261290552	63
2.0	0.0	64	16	Sz	0.7503031603503056	1.628200016097018	2.772565350951661e-7	3.7134609212109444e-7	1.288605748397953e-6	4.777965389585193e-7	NaN	NaN	0
2.0	0.0	64	16	ZZ onsite	0.7503031603503056	1.628200016097018	0.003021970150444142	0.003394336605463297	0.005066089533332319	0.2987316571893297	0.00992242044781044	0.016985264417488617	64
2.0	0.0	64	16	n	0.7503031603503056	1.628200016097018	1.2976322405489071e-8	1.6170893261599484e-8	7.863631446003438e-8	1.0000000024115245	1.2976322602146468e-8	7.863631514801093e-8	64
2.0	0.0	64	32	SzSz r=1	0.9576327140104786	1.628200016097018	0.00032381879087321763	0.0004947479872336967	0.001084774236175673	0.08388352960648439	0.0038736233077866305	0.01580906794314005	63
2.0	0.0	64	32	hop up r=1	0.9576327140104786	1.628200016097018	0.0006270049312375736	0.0012045982959050891	0.0031085956965472006	0.6269397161233375	0.0009876671376055795	0.005470109043149979	63
2.0	0.0	64	32	DoubleOcc	0.9576327140104786	1.628200016097018	0.0001354730332762677	0.00012168494946462275	0.00020018338756080944	0.17531708448213448	0.0007736185076047113	0.0011410049905866931	64
2.0	0.0	64	32	ZZ up-up r=1	0.9576327140104786	1.628200016097018	0.0009797856231746893	0.0020620808850921666	0.005198415822253388	0.48443687820671155	0.0019984510744321194	0.012950619298112536	63
2.0	0.0	64	32	Sz	0.9576327140104786	1.628200016097018	1.388301191056207e-7	1.5172968751493883e-7	4.905513702815889e-7	4.777965389585193e-7	NaN	NaN	0
2.0	0.0	64	32	ZZ onsite	0.9576327140104786	1.628200016097018	0.0005418469174068852	0.00048673733151209653	0.0008008108448290252	0.2987316571893297	0.0018090022325681716	0.002685439161012198	64
2.0	0.0	64	32	n	0.9576327140104786	1.628200016097018	9.643726706087818e-9	1.5019154296982973e-8	4.9837662552398854e-8	1.0000000024115245	9.643726658592676e-9	4.983766392578465e-8	64
2.0	0.0	128	4	SzSz r=1	3.452031716652707e-7	1.7313391641577116	0.06885612353300881	0.06682051303909137	0.07105287868267698	0.08141875287230232	0.851025141398734	1.0000682047754088	127
2.0	0.0	128	4	hop up r=1	3.452031716652707e-7	1.7313391641577116	0.14103309611293202	0.18475834332344424	0.24806720079160122	0.6175472342048202	0.22834696187235987	0.4295394548416621	127
2.0	0.0	128	4	DoubleOcc	3.452031716652707e-7	1.7313391641577116	0.007699477721732406	0.01446375677019918	0.02559436125837994	0.1754295873656928	0.05030849170412866	0.14586553785421816	128
2.0	0.0	128	4	ZZ up-up r=1	3.452031716652707e-7	1.7313391641577116	0.22558760360319957	0.26411555654367797	0.33196069448595933	0.4710443696121731	0.4788397410047633	0.8007193316382919	127
2.0	0.0	128	4	Sz	3.452031716652707e-7	1.7313391641577116	2.7481152049087937e-5	2.616680489804659e-5	5.184760373210667e-5	1.3141240788112907e-5	NaN	NaN	0
2.0	0.0	128	4	ZZ onsite	3.452031716652707e-7	1.7313391641577116	0.030796906737135615	0.05785508113060508	0.10234289195851543	0.29828166157179586	0.08723922161459358	0.3432903745098861	128
2.0	0.0	128	4	n	3.452031716652707e-7	1.7313391641577116	1.0945512937232671e-5	1.0358917265274395e-5	2.100625070622364e-5	1.000000008006883	1.094551471058028e-5	2.100624704192922e-5	128
2.0	0.0	128	8	SzSz r=1	0.07455195161572684	1.7313391641577116	0.00565220656668948	0.006322224794401281	0.009310411970846928	0.08141875287230232	0.07099750082391702	0.13111574496197534	127
2.0	0.0	128	8	hop up r=1	0.07455195161572684	1.7313391641577116	0.01372238463656128	0.014976009764608687	0.027096143477378765	0.6175472342048202	0.021551401582162916	0.04700345234503074	127
2.0	0.0	128	8	DoubleOcc	0.07455195161572684	1.7313391641577116	0.006243967680603327	0.005335474465534003	0.006656057855969011	0.1754295873656928	0.035592683089749555	0.037934169748671524	128
2.0	0.0	128	8	ZZ up-up r=1	0.07455195161572684	1.7313391641577116	0.026687575456476598	0.03204226000449312	0.05461413444376312	0.4710443696121731	0.053045063436793036	0.13254524468347534	127
2.0	0.0	128	8	Sz	0.07455195161572684	1.7313391641577116	1.2890088258190463e-5	1.1730870024817487e-5	4.318172414199961e-5	1.3141240788112907e-5	NaN	NaN	0
2.0	0.0	128	8	ZZ onsite	0.07455195161572684	1.7313391641577116	0.024976409080023382	0.02134190169040619	0.02662734556941687	0.29828166157179586	0.08376360871041436	0.08930933949465854	128
2.0	0.0	128	8	n	0.07455195161572684	1.7313391641577116	5.008594627931018e-7	3.196832236303758e-6	6.622085705887404e-5	1.000000008006883	5.00859642281873e-7	6.622082996655586e-5	128
2.0	0.0	128	16	SzSz r=1	0.4586724917132606	1.7313391641577116	0.0016076670325163578	0.0020000807676166057	0.004040240153692157	0.08141875287230232	0.01970891802716042	0.0568651615243651	127
2.0	0.0	128	16	hop up r=1	0.4586724917132606	1.7313391641577116	0.009238792808248908	0.00848780860802407	0.011279406207905573	0.6175472342048202	0.01590006608727344	0.019527920079307946	127
2.0	0.0	128	16	DoubleOcc	0.4586724917132606	1.7313391641577116	0.001162483628764685	0.0011786349380621284	0.001705056889240525	0.1754295873656928	0.006635279676116717	0.009717131493085457	128
2.0	0.0	128	16	ZZ up-up r=1	0.4586724917132606	1.7313391641577116	0.017613427245320445	0.015141383830160301	0.021076043105676845	0.4710443696121731	0.03818333435785129	0.05082893127269708	127
2.0	0.0	128	16	Sz	0.4586724917132606	1.7313391641577116	4.514006533107642e-5	8.13157017245644e-5	0.0005749261215669127	1.3141240788112907e-5	NaN	NaN	0
2.0	0.0	128	16	ZZ onsite	0.4586724917132606	1.7313391641577116	0.004659739677489894	0.004714539752237101	0.006957590333864672	0.29828166157179586	0.015561565310863584	0.02333801473765641	128
2.0	0.0	128	16	n	0.4586724917132606	1.7313391641577116	6.511852214130531e-5	0.0001328449903268171	0.0006354527333587434	1.000000008006883	6.511853307004286e-5	0.0006354530090731909	128
2.0	0.0	128	32	SzSz r=1	0.8585298293793526	1.7313391641577116	0.0003304464187610934	0.0006063709247363256	0.0014057697721382295	0.08141875287230232	0.004008489990613338	0.01979342926098538	127
2.0	0.0	128	32	hop up r=1	0.8585298293793526	1.7313391641577116	0.0010290559802782484	0.0021471209639148977	0.005204493803397603	0.6175472342048202	0.0016314726955658197	0.009019052999695527	127
2.0	0.0	128	32	DoubleOcc	0.8585298293793526	1.7313391641577116	0.00010947335600387798	0.00011202486585814198	0.00020085420654386565	0.1754295873656928	0.0006242333883594805	0.0011450424938568174	128
2.0	0.0	128	32	ZZ up-up r=1	0.8585298293793526	1.7313391641577116	0.0013410216721035373	0.002949374543036713	0.006569075031828686	0.4710443696121731	0.002897258150783862	0.01584471689932316	127
2.0	0.0	128	32	Sz	0.8585298293793526	1.7313391641577116	1.7830494778353634e-5	1.916520928906359e-5	6.352911442610021e-5	1.3141240788112907e-5	NaN	NaN	0
2.0	0.0	128	32	ZZ onsite	0.8585298293793526	1.7313391641577116	0.00044494131782571444	0.00044816106789528605	0.0008035211574012879	0.29828166157179586	0.0014846387471535816	0.0026932029422641114	128
2.0	0.0	128	32	n	0.8585298293793526	1.7313391641577116	3.7449822898327767e-7	7.472084945203336e-6	9.290457047517187e-5	1.000000008006883	3.7449827676023427e-7	9.29045542690576e-5	128
4.0	0.0	8	4	SzSz r=1	0.7090574719631921	1.0223722285948367	0.04879167996023617	0.050053188396236306	0.06980259492960823	0.147859374630188	0.32998705751508384	1.0	7
4.0	0.0	8	4	hop up r=1	0.7090574719631921	1.0223722285948367	0.06796154487346484	0.08371996673893456	0.13330368337701515	0.5891219490305066	0.11536074147397599	0.3409548642185976	7
4.0	0.0	8	4	DoubleOcc	0.7090574719631921	1.0223722285948367	0.008784182300417206	0.008387722306404638	0.014694892560983303	0.09843803076390287	0.08825861943840835	0.14684770738210773	8
4.0	0.0	8	4	ZZ up-up r=1	0.7090574719631921	1.0223722285948367	0.14815799989596523	0.1893115033555193	0.30287210249857055	0.7025056481297928	0.21089937156679833	0.8818808664829343	7
4.0	0.0	8	4	Sz	0.7090574719631921	1.0223722285948367	2.8434097090745958e-11	1.017776735286191e-10	3.692702706115103e-10	1.1012527695308805e-12	NaN	NaN	0
4.0	0.0	8	4	ZZ onsite	0.7090574719631921	1.0223722285948367	0.03513672761621356	0.03355088921881816	0.05877957042863191	0.6062478768329674	0.058379182711419966	0.09801098829714379	8
4.0	0.0	8	4	n	0.7090574719631921	1.0223722285948367	7.179501437803992e-11	3.969202327924748e-10	1.5701603350848359e-9	1.0000000000010836	7.179501438093456e-11	1.5701603350788566e-9	8
4.0	0.0	8	8	SzSz r=1	0.9910999615936757	1.0223722285948367	0.00091474176254977	0.0010091508441201788	0.002349022078001528	0.147859374630188	0.005163690542564562	0.015886866038473918	7
4.0	0.0	8	8	hop up r=1	0.9910999615936757	1.0223722285948367	0.0027174233487373134	0.0034699299859576316	0.005904554441682475	0.5891219490305066	0.006950435917608952	0.010022635296683798	7
4.0	0.0	8	8	DoubleOcc	0.9910999615936757	1.0223722285948367	0.0004145731600948832	0.0003995953283633981	0.0010692508147050472	0.09843803076390287	0.004209915609633935	0.01092742851663126	8
4.0	0.0	8	8	ZZ up-up r=1	0.9910999615936757	1.0223722285948367	0.004452835054710169	0.005315988230843061	0.010034542128118606	0.7025056481297928	0.00612788511526483	0.014283930890566527	7
4.0	0.0	8	8	Sz	0.9910999615936757	1.0223722285948367	4.695443686641987e-12	6.640251716538703e-12	1.655839354519628e-11	1.1012527695308805e-12	NaN	NaN	0
4.0	0.0	8	8	ZZ onsite	0.9910999615936757	1.0223722285948367	0.0016582941835231457	0.0015983814768002202	0.004277003268851498	0.6062478768329674	0.002736119019396387	0.007027617884713711	8
4.0	0.0	8	8	n	0.9910999615936757	1.0223722285948367	2.5500601630312758e-11	3.194964848241e-10	1.2610303912197196e-9	1.0000000000010836	2.5500601629978325e-11	1.2610303912149176e-9	8
4.0	0.0	8	16	SzSz r=1	0.9994216301235057	1.0223722285948367	5.8526932837255075e-5	0.00017430351261993524	0.0005070847515786236	0.147859374630188	0.00033038282690559645	0.0034295069409491044	7
4.0	0.0	8	16	hop up r=1	0.9994216301235057	1.0223722285948367	0.00016523617975189309	0.0003954326345387203	0.0010854447695747282	0.5891219490305066	0.0002766217575787495	0.0018424789152076226	7
4.0	0.0	8	16	DoubleOcc	0.9994216301235057	1.0223722285948367	3.568622141425504e-5	3.2766007023413146e-5	6.025578939755638e-5	0.09843803076390287	0.00036308273102119055	0.0006021428529290251	8
4.0	0.0	8	16	ZZ up-up r=1	0.9994216301235057	1.0223722285948367	0.000274188525378416	0.0010122829064618652	0.0030273050584717076	0.7025056481297928	0.00032825068158406776	0.0043092963918316225	7
4.0	0.0	8	16	Sz	0.9994216301235057	1.0223722285948367	2.2552602146896916e-12	7.395060258597042e-12	2.5468807618445055e-11	1.1012527695308805e-12	NaN	NaN	0
4.0	0.0	8	16	ZZ onsite	0.9994216301235057	1.0223722285948367	0.0001427446172483915	0.0001310640280922648	0.00024102320776009378	0.6062478768329674	0.00023522948398403608	0.00040189002100529095	8
4.0	0.0	8	16	n	0.9994216301235057	1.0223722285948367	2.2920165765327738e-11	2.445827151920099e-10	9.328657846197075e-10	1.0000000000010836	2.2920165765407503e-11	9.328657846161552e-10	8
4.0	0.0	8	32	SzSz r=1	0.9999943023327048	1.0223722285948367	6.599456160993888e-7	1.993385924896935e-6	9.515011273872331e-6	0.147859374630188	6.5597003147534715e-6	0.00013631314542772593	7
4.0	0.0	8	32	hop up r=1	0.9999943023327048	1.0223722285948367	2.090956478517647e-6	3.7177601855636107e-6	1.4667077977481568e-5	0.5891219490305066	3.2600053213731488e-6	3.751442911110193e-5	7
4.0	0.0	8	32	DoubleOcc	0.9999943023327048	1.0223722285948367	3.678140157448162e-7	7.102518195002683e-7	2.072708902983722e-6	0.09843803076390287	3.738621183421546e-6	2.0712812238028105e-5	8
4.0	0.0	8	32	ZZ up-up r=1	0.9999943023327048	1.0223722285948367	1.9448196268978535e-6	3.848211501685953e-6	1.1217371868543768e-5	0.7025056481297928	6.0666258596988026e-6	3.265504946358364e-5	7
4.0	0.0	8	32	Sz	0.9999943023327048	1.0223722285948367	5.578593142985255e-13	1.952536656663062e-12	6.769286520214024e-12	1.1012527695308805e-12	NaN	NaN	0
4.0	0.0	8	32	ZZ onsite	0.9999943023327048	1.0223722285948367	1.4712165520291975e-6	2.841009101667291e-6	8.290843757530197e-6	0.6062478768329674	2.425957064392585e-6	1.3824425469038817e-5	8
4.0	0.0	8	32	n	0.9999943023327048	1.0223722285948367	7.390088541114892e-12	5.469061314933299e-11	2.0355472862831903e-10	1.0000000000010836	7.390088541181432e-12	2.0355472862754388e-10	8
4.0	0.0	16	4	SzSz r=1	0.4016684908828102	1.1239828959022855	0.038995830589307445	0.04734513334433315	0.06633867494623252	0.13280813089518462	0.2733895787537324	1.0000000000000004	15
4.0	0.0	16	4	hop up r=1	0.4016684908828102	1.1239828959022855	0.07398602426256917	0.18905418066373256	0.42271696149785265	0.5534715307575693	0.13223851825333835	1.0	15
4.0	0.0	16	4	DoubleOcc	0.4016684908828102	1.1239828959022855	0.03404134449630411	0.024510533524066756	0.035750283137551075	0.09977808874405016	0.3405758392626506	0.35622974803275703	16
4.0	0.0	16	4	ZZ up-up r=1	0.4016684908828102	1.1239828959022855	0.1498047592505115	0.21864651890402165	0.3369432649198216	0.6334932221034824	0.23017508240054277	0.8836098158172948	15
4.0	0.0	16	4	Sz	0.4016684908828102	1.1239828959022855	1.0705567370095093e-9	7.625139072453893e-9	3.2592717868346055e-8	1.8422058843670097e-10	NaN	NaN	0
4.0	0.0	16	4	ZZ onsite	0.4016684908828102	1.1239828959022855	0.13616538022052205	0.09804213434215886	0.14300113159480843	0.6008876450070635	0.2261698406196447	0.23890441233526633	16
4.0	0.0	16	4	n	0.4016684908828102	1.1239828959022855	8.649368443691685e-10	2.7578783493020786e-9	1.1312903058779966e-8	0.9999999999990099	8.649368443624954e-10	1.131290305889825e-8	16
4.0	0.0	16	8	SzSz r=1	0.9531835469788316	1.1239828959022855	0.0012823743468115545	0.0015533065281922072	0.003232292298906869	0.13280813089518462	0.00991841848419839	0.024338060306396996	15
4.0	0.0	16	8	hop up r=1	0.9531835469788316	1.1239828959022855	0.005203185142070077	0.005666707537336894	0.009464106861883925	0.5534715307575693	0.012393150285408156	0.017099536897135465	15
4.0	0.0	16	8	DoubleOcc	0.9531835469788316	1.1239828959022855	0.0004806786991845974	0.0004398703836040775	0.0013825352538164581	0.09977808874405016	0.004812181423851017	0.014210002758057887	16
4.0	0.0	16	8	ZZ up-up r=1	0.9531835469788316	1.1239828959022855	0.006279721824384132	0.006985623733910466	0.012122126440653025	0.6334932221034824	0.01097399836607392	0.019344824392469373	15
4.0	0.0	16	8	Sz	0.9531835469788316	1.1239828959022855	2.3938196910822107e-10	6.589524891454507e-10	2.181858579225482e-9	1.8422058843670097e-10	NaN	NaN	0
4.0	0.0	16	8	ZZ onsite	0.9531835469788316	1.1239828959022855	0.0019227139370676105	0.001759481406592378	0.005530141021638069	0.6008876450070635	0.0032023246123186397	0.009053521990461956	16
4.0	0.0	16	8	n	0.9531835469788316	1.1239828959022855	2.1487694956690007e-10	3.482817506617053e-10	1.1200965710500554e-9	0.9999999999990099	2.1487694956795307e-10	1.1200965710481798e-9	16
4.0	0.0	16	16	SzSz r=1	0.9951061220759897	1.1239828959022855	0.00014015724584839906	0.00022238864847470748	0.0006604155938858269	0.13280813089518462	0.0008001029747648643	0.004833234172314721	15
4.0	0.0	16	16	hop up r=1	0.9951061220759897	1.1239828959022855	0.0012454399467307642	0.0012288384456625907	0.0022585791487997886	0.5534715307575693	0.002161212696024105	0.005162593068113658	15
4.0	0.0	16	16	DoubleOcc	0.9951061220759897	1.1239828959022855	0.00018441083344200582	0.00018846602966248252	0.0003963305649155868	0.09977808874405016	0.0018437460888304058	0.003949192145173067	16
4.0	0.0	16	16	ZZ up-up r=1	0.9951061220759897	1.1239828959022855	0.0013452157459854508	0.0018257108890906962	0.003721725502119466	0.6334932221034824	0.003424498366219902	0.006123793384122979	15
4.0	0.0	16	16	Sz	0.9951061220759897	1.1239828959022855	4.473429959794828e-11	1.9071134320196304e-10	1.0249730786338063e-9	1.8422058843670097e-10	NaN	NaN	0
4.0	0.0	16	16	ZZ onsite	0.9951061220759897	1.1239828959022855	0.0007376432492683382	0.0007538641429352885	0.0015853218304560102	0.6008876450070635	0.0012296187506640182	0.00264851316859783	16
4.0	0.0	16	16	n	0.9951061220759897	1.1239828959022855	1.7727486145702187e-11	8.912168225627681e-11	3.642793844349512e-10	0.9999999999990099	1.7727486145447086e-11	3.6427938443643984e-10	16
4.0	0.0	16	32	SzSz r=1	0.9998374729785937	1.1239828959022855	8.226743660272318e-6	1.4311017945216794e-5	4.321406627635915e-5	0.13280813089518462	5.767555017570228e-5	0.0005298823742809812	15
4.0	0.0	16	32	hop up r=1	0.9998374729785937	1.1239828959022855	1.6023314029833813e-5	3.333383152230492e-5	0.00010409997822652395	0.5534715307575693	2.764321110411349e-5	0.0002462640199192782	15
4.0	0.0	16	32	DoubleOcc	0.9998374729785937	1.1239828959022855	2.1355268692013762e-6	1.9092640568124652e-6	3.6956818396383095e-6	0.09977808874405016	2.126817968989692e-5	3.673997875952011e-5	16
4.0	0.0	16	32	ZZ up-up r=1	0.9998374729785937	1.1239828959022855	3.33821871384421e-5	4.940343438929832e-5	0.00014386712423469783	0.6334932221034824	4.413803107937723e-5	0.0003616525048535273	15
4.0	0.0	16	32	Sz	0.9998374729785937	1.1239828959022855	1.1551466380654851e-11	1.3409878025713584e-11	4.7149395498991e-11	1.8422058843670097e-10	NaN	NaN	0
4.0	0.0	16	32	ZZ onsite	0.9998374729785937	1.1239828959022855	8.542083579476945e-6	7.637048250304368e-6	1.478273301958044e-5	0.6008876450070635	1.4275954984085784e-5	2.473521331211057e-5	16
4.0	0.0	16	32	n	0.9998374729785937	1.1239828959022855	8.316070054803504e-12	1.0726253218962256e-11	3.3088198847508465e-11	0.9999999999990099	8.316070054743032e-12	3.308819884726675e-11	16
4.0	0.0	32	4	SzSz r=1	0.1445736434769216	1.2258671847579556	0.029735769121835093	0.029449378059966457	0.06646314260427899	0.12393321667396846	0.23079066550100913	0.9999999999999998	31
4.0	0.0	32	4	hop up r=1	0.1445736434769216	1.2258671847579556	0.07410837655710001	0.20958351740131478	0.44408835072424685	0.5309640537306005	0.1293630428498354	1.0	31
4.0	0.0	32	4	DoubleOcc	0.1445736434769216	1.2258671847579556	0.04037777205124843	0.03380822287567237	0.041901979859344324	0.10020537774434636	0.40283905914628915	0.41766163747692425	32
4.0	0.0	32	4	ZZ up-up r=1	0.1445736434769216	1.2258671847579556	0.13835133220923929	0.1581012528953955	0.3271535639838641	0.5926890848872224	0.24301641692311168	0.8843201056369916	31
4.0	0.0	32	4	Sz	0.1445736434769216	1.2258671847579556	1.6064669525195363e-9	3.6756990210882676e-9	1.8747438629285185e-8	1.4449886114042965e-9	NaN	NaN	0
4.0	0.0	32	4	ZZ onsite	0.1445736434769216	1.2258671847579556	0.16151108836994077	0.13523289142690315	0.167607921924377	0.5991784889375897	0.2696054557223201	0.2799534423888175	32
4.0	0.0	32	4	n	0.1445736434769216	1.2258671847579556	2.700503154429157e-10	3.7131741778551053e-10	1.2434958618356973e-9	0.9999999999953924	2.7005031542886365e-10	1.2434958619540292e-9	32
4.0	0.0	32	8	SzSz r=1	0.8418403365036464	1.2258671847579556	0.002152061341989961	0.0021122711876747	0.0034614407702281136	0.12393321667396846	0.020660169324473326	0.0273563650764875	31
4.0	0.0	32	8	hop up r=1	0.8418403365036464	1.2258671847579556	0.009383842029213163	0.008818013882664035	0.013327003908721657	0.5309640537306005	0.020020298047020102	0.025054066208220684	31
4.0	0.0	32	8	DoubleOcc	0.8418403365036464	1.2258671847579556	0.0003418066346631693	0.0003719681350863365	0.0014502086784875245	0.10020537774434636	0.0033989734275854102	0.014931782102448823	32
4.0	0.0	32	8	ZZ up-up r=1	0.8418403365036464	1.2258671847579556	0.00861841989954154	0.008560665608282352	0.012126070329137262	0.5926890848872224	0.017372669763610828	0.024120959836996254	31
4.0	0.0	32	8	Sz	0.8418403365036464	1.2258671847579556	6.276385296904996e-10	9.192522204591949e-10	3.756280043953897e-9	1.4449886114042965e-9	NaN	NaN	0
4.0	0.0	32	8	ZZ onsite	0.8418403365036464	1.2258671847579556	0.001367226857123649	0.0014878724263605557	0.005800834591085491	0.5991784889375897	0.0022872769156125263	0.009486069129470252	32
4.0	0.0	32	8	n	0.8418403365036464	1.2258671847579556	1.938928462230649e-10	3.0263959047149847e-10	1.7421446507626115e-9	0.9999999999953924	1.938928462255019e-10	1.74214465071882e-9	32
4.0	0.0	32	16	SzSz r=1	0.981189281062275	1.2258671847579556	0.00019898397215720176	0.0002844694840161166	0.0006861617459638369	0.12393321667396846	0.001141024532552776	0.006598778219538463	31
4.0	0.0	32	16	hop up r=1	0.981189281062275	1.2258671847579556	0.002195407801065752	0.002059726518133776	0.0034166298705248233	0.5309640537306005	0.004139776134609213	0.007693581389722949	31
4.0	0.0	32	16	DoubleOcc	0.981189281062275	1.2258671847579556	0.0004258709559208096	0.00033813595604529484	0.0005264532364573082	0.10020537774434636	0.0042409733972678726	0.005252392460087483	32
4.0	0.0	32	16	ZZ up-up r=1	0.981189281062275	1.2258671847579556	0.003322171267415408	0.00325742800799225	0.005569196477258842	0.5926890848872224	0.005553693374662663	0.012768859458870081	31
4.0	0.0	32	16	Sz	0.981189281062275	1.2258671847579556	2.0052522316238441e-10	3.5144200884965754e-10	1.4272923502811619e-9	1.4449886114042965e-9	NaN	NaN	0
4.0	0.0	32	16	ZZ onsite	0.981189281062275	1.2258671847579556	0.0017034838039502453	0.0013525437691810117	0.0021058133742907215	0.5991784889375897	0.002847077946861455	0.0035151052894227385	32
4.0	0.0	32	16	n	0.981189281062275	1.2258671847579556	5.858596940910843e-11	1.1706666538935373e-10	4.311886403485232e-10	0.9999999999953924	5.858596941267951e-11	4.311886403376846e-10	32
4.0	0.0	32	32	SzSz r=1	0.9985421658590912	1.2258671847579556	3.416292149374667e-5	4.313155333400453e-5	9.112058845102411e-5	0.12393321667396846	0.0002894128319486093	0.0010137131847642357	31
4.0	0.0	32	32	hop up r=1	0.9985421658590912	1.2258671847579556	8.949914696515515e-5	0.00013861352592794168	0.00036243946973901764	0.5309640537306005	0.00016932990454398249	0.0008161427093233336	31
4.0	0.0	32	32	DoubleOcc	0.9985421658590912	1.2258671847579556	7.3862930193985266e-6	1.090598065647732e-5	2.5929495437199135e-5	0.10020537774434636	7.370594561927894e-5	0.0002585778637098148	32
4.0	0.0	32	32	ZZ up-up r=1	0.9985421658590912	1.2258671847579556	0.00013719041499526963	0.00019783913972875976	0.0004756160070029658	0.5926890848872224	0.0002535532211927572	0.0010904757938795158	31
4.0	0.0	32	32	Sz	0.9985421658590912	1.2258671847579556	2.024792659927055e-10	3.242355828270149e-10	1.8498773624031628e-9	1.4449886114042965e-9	NaN	NaN	0
4.0	0.0	32	32	ZZ onsite	0.9985421658590912	1.2258671847579556	2.9545275350428835e-5	4.362392017109862e-5	0.00010371831754740768	0.5991784889375897	4.93125360936595e-5	0.00017318404640792796	32
4.0	0.0	32	32	n	0.9985421658590912	1.2258671847579556	5.814515535718101e-11	8.268227769114844e-11	2.50781173605219e-10	0.9999999999953924	5.81451553494994e-11	2.507811735989152e-10	32
4.0	0.0	64	4	SzSz r=1	0.014835760605031442	1.3310193453681403	0.029246871569123145	0.026294337220676617	0.06664567826377572	0.11817385428127361	0.23132054751153103	1.0000000000000002	63
4.0	0.0	64	4	hop up r=1	0.014835760605031442	1.3310193453681403	0.0749877982064876	0.22692799150097673	0.4585063755770663	0.5162699355296668	0.1311077904402199	1.0	63
4.0	0.0	64	4	DoubleOcc	0.014835760605031442	1.3310193453681403	0.042577538897304576	0.038553822043905034	0.04334660249925826	0.10023778660515434	0.42445997349076225	0.4322640167199168	64
4.0	0.0	64	4	ZZ up-up r=1	0.014835760605031442	1.3310193453681403	0.14425150650792395	0.1518740211876913	0.329032387280508	0.5662088202151803	0.26020373595560287	0.8846071143852345	63
4.0	0.0	64	4	Sz	0.014835760605031442	1.3310193453681403	1.1266639614315732e-8	1.3108384505893661e-8	4.194941602420066e-8	2.1483464937577246e-9	NaN	NaN	0
4.0	0.0	64	4	ZZ onsite	0.014835760605031442	1.3310193453681403	0.1703101554776556	0.15421528807112647	0.17338641066762173	0.599048853264008	0.28416882620022277	0.2895269809640983	64
4.0	0.0	64	4	n	0.014835760605031442	1.3310193453681403	5.837489935878182e-10	1.0424653206636547e-9	5.939172598168341e-9	0.999999999999589	5.837489935058837e-10	5.939172594154992e-9	64
4.0	0.0	64	8	SzSz r=1	0.6394472934689871	1.3310193453681403	0.0034655165713784325	0.0031092724235341103	0.004305305307949384	0.11817385428127361	0.031042219740926098	0.04531215811354643	63
4.0	0.0	64	8	hop up r=1	0.6394472934689871	1.3310193453681403	0.009012800788017028	0.009357842239062681	0.01509903481707675	0.5162699355296668	0.017795712629980892	0.03238387822278066	63
4.0	0.0	64	8	DoubleOcc	0.6394472934689871	1.3310193453681403	0.00018315721096696935	0.0003017536506008463	0.0014662391722131407	0.10023778660515434	0.0018213583899964116	0.015103924522999041	64
4.0	0.0	64	8	ZZ up-up r=1	0.6394472934689871	1.3310193453681403	0.011456317481753853	0.011069095466907958	0.017288910333013885	0.5662088202151803	0.021060528437224495	0.03766859923397931	63
4.0	0.0	64	8	Sz	0.6394472934689871	1.3310193453681403	1.9360826639808204e-9	3.085012246909543e-9	1.3036530788906875e-8	2.1483464937577246e-9	NaN	NaN	0
4.0	0.0	64	8	ZZ onsite	0.6394472934689871	1.3310193453681403	0.0007326292256201739	0.0012070146349378221	0.005864956476464789	0.599048853264008	0.0012252476807878155	0.009588068879550162	64
4.0	0.0	64	8	n	0.6394472934689871	1.3310193453681403	5.622802223825829e-10	1.1321611374098817e-9	7.86311171729892e-9	0.999999999999589	5.622802221535035e-10	7.86311171938129e-9	64
4.0	0.0	64	16	SzSz r=1	0.9367595371832758	1.3310193453681403	0.0002418474766791856	0.0005118914839074686	0.0012612367059776086	0.11817385428127361	0.0015582593198008804	0.013205811247711138	63
4.0	0.0	64	16	hop up r=1	0.9367595371832758	1.3310193453681403	0.0021746052048526865	0.0027877131563720926	0.005019819340366771	0.5162699355296668	0.004165958593338466	0.010950101766368002	63
4.0	0.0	64	16	DoubleOcc	0.9367595371832758	1.3310193453681403	0.0004655474381130703	0.00042956002076830055	0.0005722317515483855	0.10023778660515434	0.004644430544168381	0.005712162930857104	64
4.0	0.0	64	16	ZZ up-up r=1	0.9367595371832758	1.3310193453681403	0.0033692337863115984	0.004609587551114158	0.0086523581006	0.5662088202151803	0.005896138642373521	0.01873382909469456	63
4.0	0.0	64	16	Sz	0.9367595371832758	1.3310193453681403	1.5457736930735155e-9	2.689737009997032e-9	1.2615918455749497e-8	2.1483464937577246e-9	NaN	NaN	0
4.0	0.0	64	16	ZZ onsite	0.9367595371832758	1.3310193453681403	0.0018621895170263802	0.0017182401023774704	0.0022889282732506677	0.599048853264008	0.003108577054927431	0.003819406985430813	64
4.0	0.0	64	16	n	0.9367595371832758	1.3310193453681403	3.769983769608132e-10	6.837492880912288e-10	2.9762280417955367e-9	0.999999999999589	3.769983770109706e-10	2.976228045438344e-9	64
4.0	0.0	64	32	SzSz r=1	0.9916726144556538	1.3310193453681403	5.114328876373864e-5	8.659190682475842e-5	0.00020255366712666756	0.11817385428127361	0.0004263488644577033	0.0021208433618597625	63
4.0	0.0	64	32	hop up r=1	0.9916726144556538	1.3310193453681403	0.00022533419316228542	0.0003107136270858272	0.0006707747226819549	0.5162699355296668	0.00044964023723836666	0.001484148664662696	63
4.0	0.0	64	32	DoubleOcc	0.9916726144556538	1.3310193453681403	3.837478033680286e-5	3.0640653109755694e-5	5.143183355546532e-5	0.10023778660515434	0.0003824471542276911	0.0005130381405290946	64
4.0	0.0	64	32	ZZ up-up r=1	0.9916726144556538	1.3310193453681403	0.00025696694167498535	0.0004421175879038308	0.0010682848522323707	0.5662088202151803	0.00045383775695247646	0.0023123517380348305	63
4.0	0.0	64	32	Sz	0.9916726144556538	1.3310193453681403	1.620590162065838e-9	2.480014951971969e-9	1.058016733945788e-8	2.1483464937577246e-9	NaN	NaN	0
4.0	0.0	64	32	ZZ onsite	0.9916726144556538	1.3310193453681403	0.00015349791618002318	0.00012256258376426056	0.00020572821445474787	0.599048853264008	0.0002564112096633928	0.00034345170597757397	64
4.0	0.0	64	32	n	0.9916726144556538	1.3310193453681403	2.2740648253360973e-10	3.6824228041854035e-10	1.4078996857236348e-9	0.999999999999589	2.2740648248312752e-10	1.4078996845559688e-9	64
4.0	0.0	128	4	SzSz r=1	0.00013463598795117806	1.4378321340992708	0.029048006382654257	0.025331034373697624	0.06669378347768361	0.11438894662026988	0.23143819399084417	1.0000000000000149	127
4.0	0.0	128	4	hop up r=1	0.00013463598795117806	1.4378321340992708	0.07522492418253424	0.23813688740072364	0.46810070426300143	0.5066114884980689	0.13157772529749154	1.0	127
4.0	0.0	128	4	DoubleOcc	0.00013463598795117806	1.4378321340992708	0.043699808397331216	0.04132646418753052	0.04411996508956695	0.10024103472932827	0.43594180972297003	0.44007615835196423	128
4.0	0.0	128	4	ZZ up-up r=1	0.00013463598795117806	1.4378321340992708	0.15035545299089048	0.1518161616632046	0.3295298837000904	0.5488074297127792	0.27511481442776825	0.8846841083650233	127
4.0	0.0	128	4	Sz	0.00013463598795117806	1.4378321340992708	3.490575708598939e-6	3.3402314323848718e-6	6.1235333745982e-6	3.2823536135744708e-6	NaN	NaN	0
4.0	0.0	128	4	ZZ onsite	0.00013463598795117806	1.4378321340992708	0.17479923354839821	0.16530586093277058	0.17647995550246987	0.5990358614265936	0.2917748400786978	0.2946371495599568	128
4.0	0.0	128	4	n	0.00013463598795117806	1.4378321340992708	3.449974461666727e-8	4.654139992496531e-8	4.537072234578332e-7	1.0000000000059748	3.449974461475974e-8	4.537072240602105e-7	128
4.0	0.0	128	8	SzSz r=1	0.31837528214811023	1.4378321340992708	0.0037675877439318772	0.003740668508177592	0.005815567433285429	0.11438894662026988	0.03333760420093466	0.05873392914505967	127
4.0	0.0	128	8	hop up r=1	0.31837528214811023	1.4378321340992708	0.010093850850654507	0.011578304030425967	0.01965080367801053	0.5066114884980689	0.019774149382708613	0.042000523765671656	127
4.0	0.0	128	8	DoubleOcc	0.31837528214811023	1.4378321340992708	0.0004121231644590717	0.0003950401666662528	0.0014704350536333954	0.10024103472932827	0.004112177748917751	0.01514900796196264	128
4.0	0.0	128	8	ZZ up-up r=1	0.31837528214811023	1.4378321340992708	0.012066562856116847	0.013176877571902992	0.023765927150051158	0.5488074297127792	0.02246737006274346	0.04973321439878118	127
4.0	0.0	128	8	Sz	0.31837528214811023	1.4378321340992708	2.033745166163392e-6	2.0657426455521384e-6	5.376012802225938e-6	3.2823536135744708e-6	NaN	NaN	0
4.0	0.0	128	8	ZZ onsite	0.31837528214811023	1.4378321340992708	0.001648438404047936	0.0015801622711957963	0.0058817779276064686	0.5990358614265936	0.0027514360980754773	0.009614818851273932	128
4.0	0.0	128	8	n	0.31837528214811023	1.4378321340992708	7.588407252567819e-8	6.951807208707694e-8	1.5571985712004022e-7	1.0000000000059748	7.588407254087388e-8	1.5571985733660277e-7	128
4.0	0.0	128	16	SzSz r=1	0.8160042635072002	1.4378321340992708	0.00029102293973123916	0.0008465916601297397	0.002106605468434955	0.11438894662026988	0.0023297596620261546	0.02123318302918696	127
4.0	0.0	128	16	hop up r=1	0.8160042635072002	1.4378321340992708	0.002130186173663562	0.0034121787813245	0.006709411600286097	0.5066114884980689	0.00410414564762227	0.01435402357529741	127
4.0	0.0	128	16	DoubleOcc	0.8160042635072002	1.4378321340992708	0.0004409609839305939	0.0004291960240978899	0.0005754681896986136	0.10024103472932827	0.004400769926998423	0.005745672918599525	128
4.0	0.0	128	16	ZZ up-up r=1	0.8160042635072002	1.4378321340992708	0.0032836967569748188	0.00570535024990867	0.01173439520460512	0.5488074297127792	0.005845313358965269	0.02453153542662688	127
4.0	0.0	128	16	Sz	0.8160042635072002	1.4378321340992708	1.1433820879449413e-6	1.324379493346581e-6	4.135602123707394e-6	3.2823536135744708e-6	NaN	NaN	0
4.0	0.0	128	16	ZZ onsite	0.8160042635072002	1.4378321340992708	0.0017638386971657316	0.0017167840908900766	0.0023018853770675474	0.5990358614265936	0.0029426079373663983	0.003840490113499623	128
4.0	0.0	128	16	n	0.8160042635072002	1.4378321340992708	7.2268169781786185e-9	1.0222028945516826e-8	3.1758701113382415e-8	1.0000000000059748	7.226816981117942e-9	3.175870116400879e-8	128
4.0	0.0	128	32	SzSz r=1	0.9628429860292504	1.4378321340992708	0.00018060776211428764	0.00021520520493870318	0.0005070501332545274	0.11438894662026988	0.0015940142936283358	0.005107458276027641	127
4.0	0.0	128	32	hop up r=1	0.9628429860292504	1.4378321340992708	0.0009046940382729796	0.0007149153140462598	0.0012927519295645173	0.5066114884980689	0.0018391663614973684	0.0027624075787452537	127
4.0	0.0	128	32	DoubleOcc	0.9628429860292504	1.4378321340992708	6.775476727856333e-5	9.866562989046244e-5	0.00020663557950137412	0.10024103472932827	0.0006756633543959689	0.002061320216936527	128
4.0	0.0	128	32	ZZ up-up r=1	0.9628429860292504	1.4378321340992708	0.00048555902533908846	0.0009400343859835853	0.0022953784677469113	0.5488074297127792	0.0008818169789648634	0.004788764727663836	127
4.0	0.0	128	32	Sz	0.9628429860292504	1.4378321340992708	6.063686212726127e-7	8.14125721792429e-7	2.6239622359508497e-6	3.2823536135744708e-6	NaN	NaN	0
4.0	0.0	128	32	ZZ onsite	0.9628429860292504	1.4378321340992708	0.00027097226759997817	0.000394662479330659	0.000826449526668771	0.5990358614265936	0.00045246167164368536	0.0013796628030683078	128
4.0	0.0	128	32	n	0.9628429860292504	1.4378321340992708	1.0175861042682754e-8	1.8436096620687292e-8	6.12169070990376e-8	1.0000000000059748	1.0175861038920545e-8	6.121690719662315e-8	128
8.0	0.0	8	4	SzSz r=1	0.8989015788548055	0.8748160102033097	0.007498781854379383	0.006510073318310944	0.008712940901648869	0.178673106607933	0.04644547437837114	0.059606329041195984	7
8.0	0.0	8	4	hop up r=1	0.8989015788548055	0.8748160102033097	0.014850665042274336	0.1100688329310159	0.24940085705279913	0.3758117643674437	0.03951623246087194	1.0	7
8.0	0.0	8	4	DoubleOcc	0.8989015788548055	0.8748160102033097	0.013989265343091292	0.010999843307904662	0.015318968646352127	0.03653936271188331	0.3802228973439564	0.4152000094316893	8
8.0	0.0	8	4	ZZ up-up r=1	0.8989015788548055	0.8748160102033097	0.03527816138957862	0.03784561248421646	0.04758002683443374	0.7576153234051547	0.04656474107069217	0.133478384590552	7
8.0	0.0	8	4	Sz	0.8989015788548055	0.8748160102033097	3.6373612455342652e-12	1.410108618413175e-11	4.895350791400688e-11	1.084752079827389e-12	NaN	NaN	0
8.0	0.0	8	4	ZZ onsite	0.8989015788548055	0.8748160102033097	0.055957061447195644	0.04399937323161772	0.06127587460526407	0.8538425491627205	0.06561737192107314	0.07188473802539051	8
8.0	0.0	8	4	n	0.8989015788548055	0.8748160102033097	2.2558288570451168e-11	2.26675622716499e-11	4.989486601658655e-11	0.9999999999973073	2.2558288570583485e-11	4.9894866017019396e-11	8
8.0	0.0	8	8	SzSz r=1	0.9968247838609527	0.8748160102033097	0.0004409543883157896	0.0005875987645819837	0.0015031108366772572	0.178673106607933	0.002150592603511604	0.008412630558753154	7
8.0	0.0	8	8	hop up r=1	0.9968247838609527	0.8748160102033097	0.001982303211179648	0.0018294697613409627	0.0034344240161066075	0.3758117643674437	0.007948261423816947	0.011366743787576723	7
8.0	0.0	8	8	DoubleOcc	0.9968247838609527	0.8748160102033097	5.8430314544596906e-5	6.940345465874381e-5	0.00014827042406731494	0.03653936271188331	0.0016784799798982629	0.0040186701136599905	8
8.0	0.0	8	8	ZZ up-up r=1	0.9968247838609527	0.8748160102033097	0.0019840134606433635	0.002433767187136377	0.006143913380910249	0.7576153234051547	0.002286845804130885	0.00810954212107435	7
8.0	0.0	8	8	Sz	0.9968247838609527	0.8748160102033097	5.602355385159186e-12	6.727073433888953e-12	1.6513648955218674e-11	1.084752079827389e-12	NaN	NaN	0
8.0	0.0	8	8	ZZ onsite	0.9968247838609527	0.8748160102033097	0.00023372123722342764	0.0002776138209641954	0.0005930816803219052	0.8538425491627205	0.00027262174176564155	0.0006957635691410599	8
8.0	0.0	8	8	n	0.9968247838609527	0.8748160102033097	9.313605442429207e-12	1.1729284210559854e-11	2.38545849740035e-11	0.9999999999973073	9.313605442369036e-12	2.3854584974534632e-11	8
8.0	0.0	8	16	SzSz r=1	0.9999558018337285	0.8748160102033097	5.239250381761096e-6	7.956384184739016e-6	1.8343754972255377e-5	0.178673106607933	2.5707537055007236e-5	0.00020284099690536978	7
8.0	0.0	8	16	hop up r=1	0.9999558018337285	0.8748160102033097	1.825281535292045e-5	5.449438713364674e-5	0.00014624181866601527	0.3758117643674437	7.675520667508166e-5	0.00038913581886444027	7
8.0	0.0	8	16	DoubleOcc	0.9999558018337285	0.8748160102033097	5.098686039484157e-6	5.1643774270672405e-6	9.951545921149663e-6	0.03653936271188331	0.00013859061765418844	0.00026972324658173233	8
8.0	0.0	8	16	ZZ up-up r=1	0.9999558018337285	0.8748160102033097	2.1625465500663132e-5	7.866413103490328e-5	0.00018912221635569715	0.7576153234051547	2.4926295113514123e-5	0.00048626199636931365	7
8.0	0.0	8	16	Sz	0.9999558018337285	0.8748160102033097	1.3681104860108206e-12	4.238749976015477e-12	1.4350586691191936e-11	1.084752079827389e-12	NaN	NaN	0
8.0	0.0	8	16	ZZ onsite	0.9999558018337285	0.8748160102033097	2.0394786181987534e-5	2.0657509707325272e-5	3.9806186181601255e-5	0.8538425491627205	2.3915392906245435e-5	4.6697942447940005e-5	8
8.0	0.0	8	16	n	0.9999558018337285	0.8748160102033097	6.737332913786531e-12	1.2253850711907432e-11	3.395861369881459e-11	0.9999999999973073	6.737332913869125e-12	3.3958613698059023e-11	8
8.0	0.0	8	32	SzSz r=1	0.9999994651935673	0.8748160102033097	6.265252837367452e-8	2.0103928514980662e-7	9.58268202205792e-7	0.178673106607933	6.52626159226565e-7	1.059630799321785e-5	7
8.0	0.0	8	32	hop up r=1	0.9999994651935673	0.8748160102033097	1.556286446380284e-7	4.40882464119996e-7	1.9118714638388656e-6	0.3758117643674437	3.813857052611994e-7	7.665857633496884e-6	7
8.0	0.0	8	32	DoubleOcc	0.9999994651935673	0.8748160102033097	3.497328145141143e-8	3.65222772476248e-8	7.192432927016768e-8	0.03653936271188331	9.431242310594694e-7	1.9877753099292307e-6	8
8.0	0.0	8	32	ZZ up-up r=1	0.9999994651935673	0.8748160102033097	3.5087177296944105e-7	7.548955339244299e-7	3.031670186837143e-6	0.7576153234051547	6.659360233874119e-7	7.794885369850683e-6	7
8.0	0.0	8	32	Sz	0.9999994651935673	0.8748160102033097	9.471746303946205e-13	3.950384290518638e-12	1.4937918957347307e-11	1.084752079827389e-12	NaN	NaN	0
8.0	0.0	8	32	ZZ onsite	0.9999994651935673	0.8748160102033097	1.398878748393173e-7	1.4608857000497633e-7	2.8769589510702076e-7	0.8538425491627205	1.642529308571167e-7	3.3638150689494236e-7	8
8.0	0.0	8	32	n	0.9999994651935673	0.8748160102033097	2.6664226382422385e-12	2.843877910940762e-12	5.70810065880778e-12	0.9999999999973073	2.6664226382792903e-12	5.708100658680777e-12	8
8.0	0.0	16	4	SzSz r=1	0.7414529583305992	0.9689924948767649	0.0066022578915651	0.006474198810052789	0.010296839431808036	0.16236577100782867	0.045054478090456485	0.07021432440683782	15
8.0	0.0	16	4	hop up r=1	0.7414529583305992	0.9689924948767649	0.021807590581374603	0.12916411039970577	0.26916224568903246	0.3525235657598678	0.06138795132279613	1.0	15
8.0	0.0	16	4	DoubleOcc	0.7414529583305992	0.9689924948767649	0.016194176129637944	0.014007651756322886	0.016990442630762076	0.036648695072333703	0.44067249487591875	0.462941512387218	16
8.0	0.0	16	4	ZZ up-up r=1	0.7414529583305992	0.9689924948767649	0.040493853659337775	0.03944525579656196	0.05277167797053389	0.689474769741161	0.05698951439849211	0.1429171541556847	15
8.0	0.0	16	4	Sz	0.7414529583305992	0.9689924948767649	1.3083828291626798e-10	1.0920892089412958e-9	4.748713252483716e-9	8.688705813858499e-10	NaN	NaN	0
8.0	0.0	16	4	ZZ onsite	0.7414529583305992	0.9689924948767649	0.06477670653337042	0.05603060702529121	0.06796177051748564	0.8534052197136276	0.07594055608240399	0.07965554050924527	16
8.0	0.0	16	4	n	0.7414529583305992	0.9689924948767649	1.5940415654114304e-11	2.6874213271410596e-10	1.9716693833160548e-9	0.9999999999991125	1.594041565329089e-11	1.971669383317768e-9	16
8.0	0.0	16	8	SzSz r=1	0.9776044899066445	0.9689924948767649	0.00027053395918832934	0.0006702417699170312	0.0022992268909842184	0.16236577100782867	0.002264741134770033	0.01416078571572031	15
8.0	0.0	16	8	hop up r=1	0.9776044899066445	0.9689924948767649	0.005044898302960399	0.006357887423502521	0.014525107223841649	0.3525235657598678	0.018253260049196734	0.054626130341774146	15
8.0	0.0	16	8	DoubleOcc	0.9776044899066445	0.9689924948767649	0.00044105691725315754	0.0005097154214888742	0.0014831438689874576	0.036648695072333703	0.012104599753436987	0.040411476070302176	16
8.0	0.0	16	8	ZZ up-up r=1	0.9776044899066445	0.9689924948767649	0.0011937192049469303	0.0025208963990381787	0.008473903386155057	0.689474769741161	0.0023681419228533786	0.012290374871601334	15
8.0	0.0	16	8	Sz	0.9776044899066445	0.9689924948767649	1.0674093726958933e-10	3.2928020553268933e-10	1.400727801109669e-9	8.688705813858499e-10	NaN	NaN	0
8.0	0.0	16	8	ZZ onsite	0.9776044899066445	0.9689924948767649	0.0017642278926103816	0.0020388616857159245	0.005932575355055758	0.8534052197136276	0.0020652325020298432	0.006953357643871419	16
8.0	0.0	16	8	n	0.9776044899066445	0.9689924948767649	1.100225466288407e-11	4.2362738317258675e-11	2.3546309346755834e-10	0.9999999999991125	1.100225466251329e-11	2.354630934677629e-10	16
8.0	0.0	16	16	SzSz r=1	0.9995143457464523	0.9689924948767649	3.271530134116296e-5	4.337034907693123e-5	0.00010768899789112552	0.16236577100782867	0.00019815406062795228	0.0010334270149757827	15
8.0	0.0	16	16	hop up r=1	0.9995143457464523	0.9689924948767649	0.00019340565923775532	0.00018016315561308522	0.0003358235394890219	0.3525235657598678	0.0006402175824297756	0.0011355463709045925	15
8.0	0.0	16	16	DoubleOcc	0.9995143457464523	0.9689924948767649	1.8488275694811263e-5	1.7406195846270817e-5	3.304452606728292e-5	0.036648695072333703	0.0005041568251885067	0.0009029463559143281	16
8.0	0.0	16	16	ZZ up-up r=1	0.9995143457464523	0.9689924948767649	0.0003256950681167492	0.0002774323411312933	0.0005918902745010168	0.689474769741161	0.00046467978378492104	0.0013256625900175617	15
8.0	0.0	16	16	Sz	0.9995143457464523	0.9689924948767649	1.5727393345987828e-11	1.0790943773307873e-10	4.519627285273775e-10	8.688705813858499e-10	NaN	NaN	0
8.0	0.0	16	16	ZZ onsite	0.9995143457464523	0.9689924948767649	7.395307360241743e-5	6.962478310994225e-5	0.00013217811193366735	0.8534052197136276	8.66669955844452e-5	0.00015484517459898672	16
8.0	0.0	16	16	n	0.9995143457464523	0.9689924948767649	6.36346531024401e-12	1.3726970948813033e-11	6.959222087488115e-11	0.9999999999991125	6.363465310413535e-12	6.959222087494161e-11	16
8.0	0.0	16	32	SzSz r=1	0.9999771768849031	0.9689924948767649	1.5141690015707532e-6	2.2622894929944886e-6	6.59161318374013e-6	0.16236577100782867	7.464133745922826e-6	6.325577607505011e-5	15
8.0	0.0	16	32	hop up r=1	0.9999771768849031	0.9689924948767649	4.7852388537772406e-6	7.107145259901045e-6	2.4014621424095495e-5	0.3525235657598678	1.6045455270746066e-5	6.812203139230761e-5	15
8.0	0.0	16	32	DoubleOcc	0.9999771768849031	0.9689924948767649	3.09450512769871e-7	6.794361492173939e-7	2.0672804536825407e-6	0.036648695072333703	8.439871292647489e-6	5.632754605366062e-5	16
8.0	0.0	16	32	ZZ up-up r=1	0.9999771768849031	0.9689924948767649	6.095531167815693e-6	9.730240598800528e-6	2.6447665566642353e-5	0.689474769741161	7.258770689448681e-6	5.923510208805291e-5	15
8.0	0.0	16	32	Sz	0.9999771768849031	0.9689924948767649	3.127622986986989e-11	4.5332079940969133e-11	1.2051440054228202e-10	8.688705813858499e-10	NaN	NaN	0
8.0	0.0	16	32	ZZ onsite	0.9999771768849031	0.9689924948767649	1.2377927755546914e-6	2.7177443914713773e-6	8.269130875371289e-6	0.8534052197136276	1.450549091249088e-6	9.691950112599237e-6	16
8.0	0.0	16	32	n	0.9999771768849031	0.9689924948767649	4.4665937615206985e-12	7.094172471688864e-12	2.224587181132165e-11	0.9999999999991125	4.4665937615634114e-12	2.2245871811340975e-11	16
8.0	0.0	32	4	SzSz r=1	0.468607662006662	1.0691808030424133	0.006151808719618512	0.006339639968960877	0.011370579928487778	0.15224764297819113	0.04514385639231432	0.07622560374774226	31
8.0	0.0	32	4	hop up r=1	0.468607662006662	1.0691808030424133	0.0266748784107963	0.14215047370264738	0.28286514619764946	0.3380213982163198	0.07825872665832945	1.0	31
8.0	0.0	32	4	DoubleOcc	0.468607662006662	1.0691808030424133	0.017472832389156367	0.016024426890255728	0.018048427708251935	0.0366452122080585	0.47728060794146954	0.4921535797040612	32
8.0	0.0	32	4	ZZ up-up r=1	0.468607662006662	1.0691808030424133	0.0404089994372151	0.03999715261607811	0.05827779038796177	0.6472019574289244	0.06365125385330217	0.14828721840042294	31
8.0	0.0	32	4	Sz	0.468607662006662	1.0691808030424133	1.0660608913068415e-6	1.0593557074267343e-6	2.039112279268035e-6	7.797174002685883e-6	NaN	NaN	0
8.0	0.0	32	4	ZZ onsite	0.468607662006662	1.0691808030424133	0.06989130487905221	0.06409770756102501	0.07219374898754705	0.853419151317037	0.08188195760108571	0.08460430302903113	32
8.0	0.0	32	4	n	0.468607662006662	1.0691808030424133	1.4216254173859966e-8	1.3734405231169422e-8	3.2200682564820227e-8	0.9999999999951864	1.4216254178562496e-8	3.2200683398995253e-8	32
8.0	0.0	32	8	SzSz r=1	0.9083993786433069	1.0691808030424133	0.0013583862955108272	0.0015230962687964697	0.003225508116667136	0.15224764297819113	0.01127450902411788	0.02112610914465529	31
8.0	0.0	32	8	hop up r=1	0.9083993786433069	1.0691808030424133	0.01706285504148286	0.013817042717477626	0.02068767644449665	0.3380213982163198	0.057390750415600295	0.06553826206010605	31
8.0	0.0	32	8	DoubleOcc	0.9083993786433069	1.0691808030424133	0.0018353287161325255	0.001419436789445761	0.002184947159385525	0.0366452122080585	0.05005708835787125	0.059610057408445744	32
8.0	0.0	32	8	ZZ up-up r=1	0.9083993786433069	1.0691808030424133	0.005679745764848088	0.006315971847112901	0.013448668745317027	0.6472019574289244	0.010882371583932491	0.02072203815199811	31
8.0	0.0	32	8	Sz	0.9083993786433069	1.0691808030424133	3.712100903382337e-7	3.4726215076210537e-7	6.475576566702945e-7	7.797174002685883e-6	NaN	NaN	0
8.0	0.0	32	8	ZZ onsite	0.9083993786433069	1.0691808030424133	0.007341331800218398	0.005677747204679461	0.008739810794915592	0.853419151317037	0.008603059670855381	0.010241357790762162	32
8.0	0.0	32	8	n	0.9083993786433069	1.0691808030424133	1.0274912087826493e-8	1.1264544078765093e-8	4.597976277498361e-8	0.9999999999951864	1.0274912087293787e-8	4.597976276987188e-8	32
8.0	0.0	32	16	SzSz r=1	0.996134579855717	1.0691808030424133	0.00014601939731714864	0.00014882890179525232	0.00032895782538215623	0.15224764297819113	0.0010351072357029328	0.0028915265326731132	31
8.0	0.0	32	16	hop up r=1	0.996134579855717	1.0691808030424133	0.0005515830364462015	0.00048736661666029166	0.0009269214153824756	0.3380213982163198	0.0016524395435026744	0.0032769021841057705	31
8.0	0.0	32	16	DoubleOcc	0.996134579855717	1.0691808030424133	4.692969808654801e-5	4.132749759412201e-5	7.894668192548471e-5	0.0366452122080585	0.0012848285091408697	0.0021538352639648858	32
8.0	0.0	32	16	ZZ up-up r=1	0.996134579855717	1.0691808030424133	0.0006117099087205591	0.0006385468219789989	0.0013008197742189198	0.6472019574289244	0.0009671305083426144	0.0026742041561657686	31
8.0	0.0	32	16	Sz	0.996134579855717	1.0691808030424133	2.1426935370091882e-8	2.0247356185599825e-8	3.617008591250137e-8	7.797174002685883e-6	NaN	NaN	0
8.0	0.0	32	16	ZZ onsite	0.996134579855717	1.0691808030424133	0.00018771938250744524	0.0001653100097839741	0.00031578428274869896	0.853419151317037	0.00021983876894991563	0.0003700377388272584	32
8.0	0.0	32	16	n	0.996134579855717	1.0691808030424133	2.4603835635517157e-10	4.401969344591805e-10	1.2224741219313273e-9	0.9999999999951864	2.46038356370869e-10	1.2224741221027251e-9	32
8.0	0.0	32	32	SzSz r=1	0.9997193736607499	1.0691808030424133	6.815274236016133e-6	1.2323345258972413e-5	3.484071080908646e-5	0.15224764297819113	4.2061428319087604e-5	0.00030862424315274134	31
8.0	0.0	32	32	hop up r=1	0.9997193736607499	1.0691808030424133	4.4752819297388946e-5	4.8340177362506166e-5	0.0001327474845910781	0.3380213982163198	0.00013075945437896792	0.00046979841602915747	31
8.0	0.0	32	32	DoubleOcc	0.9997193736607499	1.0691808030424133	5.602401777868304e-6	5.287048643620035e-6	1.31230558170492e-5	0.0366452122080585	0.00015283769108063295	0.00035819697991831237	32
8.0	0.0	32	32	ZZ up-up r=1	0.9997193736607499	1.0691808030424133	4.450976003778084e-5	7.715948898284931e-5	0.00022055507514978645	0.6472019574289244	7.182385101180568e-5	0.00045684990117512655	31
8.0	0.0	32	32	Sz	0.9997193736607499	1.0691808030424133	2.1648880622199274e-9	1.8637034101317423e-9	3.6100156058926913e-9	7.797174002685883e-6	NaN	NaN	0
8.0	0.0	32	32	ZZ onsite	0.9997193736607499	1.0691808030424133	2.2409623109953536e-5	2.1148181136167177e-5	5.248917909694839e-5	0.853419151317037	2.625999679449098e-5	6.150203757789524e-5	32
8.0	0.0	32	32	n	0.9997193736607499	1.0691808030424133	2.352893435642045e-10	4.1790752108861184e-10	1.6415246939516237e-9	0.9999999999951864	2.352893435953098e-10	1.6415246936263422e-9	32
8.0	0.0	64	4	SzSz r=1	0.1719609577837056	1.1373223028679893	0.006046609471683534	0.006244604251828964	0.011645771506422486	0.14653851950693764	0.046176615159485644	0.07763529180262228	63
8.0	0.0	64	4	hop up r=1	0.1719609577837056	1.1373223028679893	0.027932720918631693	0.15049108608389677	0.29084004126034113	0.3298122305502315	0.08322730632552487	1.0	63
8.0	0.0	64	4	DoubleOcc	0.1719609577837056	1.1373223028679893	0.018278613908241356	0.017281475630758894	0.018549276837571765	0.03664052807918462	0.4992110613320472	0.5063122070883929	64
8.0	0.0	64	4	ZZ up-up r=1	0.1719609577837056	1.1373223028679893	0.04195284433220092	0.04034258033573535	0.06083280183112305	0.6233430295153699	0.06536255739031586	0.14955863905497804	63
8.0	0.0	64	4	Sz	0.1719609577837056	1.1373223028679893	0.004589767018758902	0.004428035072009504	0.008440175140150268	0.019688553071927226	0.24494087674197224	0.38940370684782655	64
8.0	0.0	64	4	ZZ onsite	0.1719609577837056	1.1373223028679893	0.07310968251085365	0.06912590252303147	0.07414716360606999	0.8534388230081933	0.08566486767784226	0.08688172215611704	64
8.0	0.0	64	4	n	0.1719609577837056	1.1373223028679893	2.9007217520804485e-5	2.9042295187554912e-5	5.014877156850339e-5	0.9999999858890728	2.9007222899841642e-5	5.014869690953888e-5	64
8.0	0.0	64	8	SzSz r=1	0.7671361470294261	1.1373223028679893	0.0007799505181791955	0.0009466296085058101	0.002194264110833982	0.14653851950693764	0.0052524884141094	0.01843024012898499	63
8.0	0.0	64	8	hop up r=1	0.7671361470294261	1.1373223028679893	0.021835896131478905	0.019259904260224975	0.025641821651537333	0.3298122305502315	0.07242776868493853	0.07927579242989348	63
8.0	0.0	64	8	DoubleOcc	0.7671361470294261	1.1373223028679893	0.0022319710632990597	0.001931844985947942	0.0027117673513711305	0.03664052807918462	0.06087924041691745	0.07401703272005382	64
8.0	0.0	64	8	ZZ up-up r=1	0.7671361470294261	1.1373223028679893	0.002635140803068592	0.0040196238366820465	0.008997121625874183	0.6233430295153699	0.004226399573877659	0.017686823118614903	63
8.0	0.0	64	8	Sz	0.7671361470294261	1.1373223028679893	0.0030806105953811915	0.0029460937037534734	0.004808822762044602	0.019688553071927226	0.16660897239492112	0.22411556248974038	64
8.0	0.0	64	8	ZZ onsite	0.7671361470294261	1.1373223028679893	0.009129214847334033	0.007727241733376329	0.010084760229694179	0.8534388230081933	0.010696762782845357	0.011816680769923784	64
8.0	0.0	64	8	n	0.7671361470294261	1.1373223028679893	0.00035204211430839294	0.00030256837550089906	0.0005345812118707771	0.9999999858890728	0.00035204210345828697	0.0005345855032152367	64
8.0	0.0	64	16	SzSz r=1	0.9826037757853577	1.1373223028679893	0.00018371145542286915	0.0002088112225500638	0.00042598680578825876	0.14653851950693764	0.0012651637482622336	0.0035718530190044224	63
8.0	0.0	64	16	hop up r=1	0.9826037757853577	1.1373223028679893	0.0010397326200442536	0.0009319681070574211	0.0015826821977693029	0.3298122305502315	0.0032342290578203235	0.0054417617014178195	63
8.0	0.0	64	16	DoubleOcc	0.9826037757853577	1.1373223028679893	5.534187820255276e-5	6.265323552386058e-5	0.00011519109998303634	0.03664052807918462	0.0015101129165827113	0.003143653159596413	64
8.0	0.0	64	16	ZZ up-up r=1	0.9826037757853577	1.1373223028679893	0.0004792100580482961	0.0007350846039492254	0.0016379780908158947	0.6233430295153699	0.0007642741256197926	0.003389274913114779	63
8.0	0.0	64	16	Sz	0.9826037757853577	1.1373223028679893	0.0003240836769627213	0.0003248028656288674	0.0005417697829131901	0.019688553071927226	0.017212623731513443	0.02495698234492976	64
8.0	0.0	64	16	ZZ onsite	0.9826037757853577	1.1373223028679893	0.0001720541460789593	0.000250627757848107	0.0005322535243657001	0.8534388230081933	0.00020159484338717535	0.0006236594036486345	64
8.0	0.0	64	16	n	0.9826037757853577	1.1373223028679893	2.8688643830154792e-5	2.2489889449847644e-5	4.805517302253204e-5	0.9999999858890728	2.86886440231574e-5	4.8055176116820895e-5	64
8.0	0.0	64	32	SzSz r=1	0.9988782902654243	1.1373223028679893	1.5243259178482349e-5	1.8528608768057807e-5	3.709630529283303e-5	0.14653851950693764	0.00010470541905107999	0.0003113877012404335	63
8.0	0.0	64	32	hop up r=1	0.9988782902654243	1.1373223028679893	9.6650156514555e-5	0.00010184144081252516	0.00020126289948296794	0.3298122305502315	0.00029999805637075273	0.0006925268875232399	63
8.0	0.0	64	32	DoubleOcc	0.9988782902654243	1.1373223028679893	1.2603511735875816e-5	1.0026718846184186e-5	1.5998434505087866e-5	0.03664052807918462	0.00034429799835831906	0.00043659026760539015	64
8.0	0.0	64	32	ZZ up-up r=1	0.9988782902654243	1.1373223028679893	2.5248957848167386e-5	9.996554659622235e-5	0.0002563685290992712	0.6233430295153699	3.882440679633436e-5	0.0005038166664117961	63
8.0	0.0	64	32	Sz	0.9988782902654243	1.1373223028679893	1.781636925917568e-5	1.9384910597231126e-5	3.3603425000500176e-5	0.019688553071927226	0.0010084525698201556	0.0015213805677682219	64
8.0	0.0	64	32	ZZ onsite	0.9988782902654243	1.1373223028679893	5.085323439824041e-5	4.009923424912534e-5	6.35109270535894e-5	0.8534388230081933	5.9586010591946396e-5	7.44192845487615e-5	64
8.0	0.0	64	32	n	0.9988782902654243	1.1373223028679893	2.5558878052889256e-7	3.123779172796437e-7	2.4215170768560057e-6	0.9999999858890728	2.555890011507033e-7	2.421515191444399e-6	64
8.0	0.0	128	4	SzSz r=1	0.02043192392449382	1.0997656249439425	0.005252013759341492	0.004682011238707531	0.011751242149870111	0.1393280294886513	0.04214725901711107	0.07798040232147473	127
8.0	0.0	128	4	hop up r=1	0.02043192392449382	1.0997656249439425	0.027543572089935853	0.1566813571240787	0.30124522857539837	0.31934736032932964	0.08257416777215802	1.0	127
8.0	0.0	128	4	DoubleOcc	0.02043192392449382	1.0997656249439425	0.018763237688800255	0.018114698945863122	0.018979827954761358	0.03663418434630318	0.5120821980053283	0.5179704126758037	128
8.0	0.0	128	4	ZZ up-up r=1	0.02043192392449382	1.0997656249439425	0.04203470939855708	0.03491992346989102	0.06254414363065824	0.5932068457994786	0.0660807689097564	0.14975409587493885	127
8.0	0.0	128	4	Sz	0.02043192392449382	1.0997656249439425	0.02018855513213781	0.01775050955507605	0.030602623202678605	0.05590615994568979	0.3556220675060943	0.46474262694522317	128
8.0	0.0	128	4	ZZ onsite	0.02043192392449382	1.0997656249439425	0.07505470267844855	0.07245879578344348	0.07565919105367691	0.8534618405399145	0.08794281884125991	0.08865345362421874	128
8.0	0.0	128	4	n	0.02043192392449382	1.0997656249439425	9.099194605044492e-5	8.366246824492891e-5	0.0001308804491113591	0.9999999806823748	9.09919185804865e-5	0.00013088041514805194	128
8.0	0.0	128	8	SzSz r=1	0.5475786701143363	1.0997656249439425	0.001282116302922895	0.001110418346650595	0.0024671961666287434	0.1393280294886513	0.009722112273331503	0.020076826250631487	127
8.0	0.0	128	8	hop up r=1	0.5475786701143363	1.0997656249439425	0.01656523844387059	0.017618952732198438	0.03277408134337717	0.31934736032932964	0.05170295366189089	0.10170215587594666	127
8.0	0.0	128	8	DoubleOcc	0.5475786701143363	1.0997656249439425	0.0022867144955657365	0.0019592457583222688	0.002958422850314252	0.03663418434630318	0.0624169986754346	0.0806979145219709	128
8.0	0.0	128	8	ZZ up-up r=1	0.5475786701143363	1.0997656249439425	0.004601587912383076	0.0047241046205527	0.00973617833866558	0.5932068457994786	0.007508201737177087	0.018640688225937948	127
8.0	0.0	128	8	Sz	0.5475786701143363	1.0997656249439425	0.009352570332447959	0.007670625581994596	0.011871465870512035	0.05590615994568979	0.1559007153075448	0.1850615364769477	128
8.0	0.0	128	8	ZZ onsite	0.5475786701143363	1.0997656249439425	0.007885789459373016	0.00783687061914027	0.010882464372527823	0.8534618405399145	0.00923981448309602	0.012749844784626959	128
8.0	0.0	128	8	n	0.5475786701143363	1.0997656249439425	0.000541258447811277	0.0005970052189029308	0.0010641691796278163	0.9999999806823748	0.0005412582281066828	0.0010641684471878752	128
8.0	0.0	128	16	SzSz r=1	0.9461352013158285	1.0997656249439425	0.0002737301034184819	0.000255012133050025	0.00046629985010275543	0.1393280294886513	0.0020626515357646917	0.003848768405844592	127
8.0	0.0	128	16	hop up r=1	0.9461352013158285	1.0997656249439425	0.001623886884838499	0.0014127268521538043	0.0023840411173073894	0.31934736032932964	0.005080412136953326	0.00793244321007642	127
8.0	0.0	128	16	DoubleOcc	0.9461352013158285	1.0997656249439425	7.116180515780168e-5	9.77681699884745e-5	0.00029124554865661567	0.03663418434630318	0.0019412972386591305	0.007951754519831997	128
8.0	0.0	128	16	ZZ up-up r=1	0.9461352013158285	1.0997656249439425	0.0009513344688368841	0.0009723343259700653	0.002543544989549007	0.5932068457994786	0.0016771962499668783	0.00479959616780551	127
8.0	0.0	128	16	Sz	0.9461352013158285	1.0997656249439425	0.0011314684772051366	0.0009474867469894112	0.0015212529807080571	0.05590615994568979	0.01952084629233938	0.02298631235160376	128
8.0	0.0	128	16	ZZ onsite	0.9461352013158285	1.0997656249439425	0.00046282833871569284	0.0003910866962711151	0.0009427059100057811	0.8534618405399145	0.000542341250894528	0.0011045237386542643	128
8.0	0.0	128	16	n	0.9461352013158285	1.0997656249439425	7.018951178183741e-5	8.549566745498852e-5	0.0002033272276696918	0.9999999806823748	7.01894663434725e-5	0.0002033267735742611	128
8.0	0.0	128	32	SzSz r=1	0.9970116361286264	1.0997656249439425	9.878040829774948e-6	1.5764772370432836e-5	4.783516785167308e-5	0.1393280294886513	7.47163425815866e-5	0.00039273678726385586	127
8.0	0.0	128	32	hop up r=1	0.9970116361286264	1.0997656249439425	0.00013371105054599264	0.00012342595847873958	0.0001901794272202717	0.31934736032932964	0.0004247099585218177	0.0006399445187110542	127
8.0	0.0	128	32	DoubleOcc	0.9970116361286264	1.0997656249439425	1.2400177815924396e-5	1.1203598297021512e-5	1.784215545186374e-5	0.03663418434630318	0.00033853482912232183	0.0004867407056211703	128
8.0	0.0	128	32	ZZ up-up r=1	0.9970116361286264	1.0997656249439425	7.257219969181161e-5	0.00011325254503688159	0.00026326436965373734	0.5932068457994786	0.00012240858593069417	0.0005000242279036057	127
8.0	0.0	128	32	Sz	0.9970116361286264	1.0997656249439425	7.030518118888301e-5	5.9382672311549445e-5	8.599865472860846e-5	0.05590615994568979	0.0011667848994621989	0.001376233514122107	128
8.0	0.0	128	32	ZZ onsite	0.9970116361286264	1.0997656249439425	5.022915347274726e-5	4.480863523850971e-5	6.856881818928517e-5	0.8534618405399145	5.88460778423246e-5	8.035112053946967e-5	128
8.0	0.0	128	32	n	0.9970116361286264	1.0997656249439425	1.113334072044836e-6	1.3447263120872077e-6	4.247018232539368e-6	0.9999999806823748	1.113334170092304e-6	4.247025285984615e-6	128
4.0	0.125	8	4	SzSz r=1	0.7419358836055774	1.2936235971166425	0.020439821262591105	0.020480629797442258	0.026647999135589864	0.0798397001291373	0.2560107469032395	0.3960356086214258	7
4.0	0.125	8	4	hop up r=1	0.7419358836055774	1.2936235971166425	0.11332393139664876	0.13289125113645303	0.24523882029938648	0.651270260222979	0.17400446214659487	0.5943364973221583	7
4.0	0.125	8	4	DoubleOcc	0.7419358836055774	1.2936235971166425	0.003521777123762164	0.01284841916783001	0.0491978947488195	0.07170986204252847	0.048946581394415115	0.6543968992129183	8
4.0	0.125	8	4	ZZ up-up r=1	0.7419358836055774	1.2936235971166425	0.10260948226601707	0.1273474408480936	0.21452563393585625	0.5869187031080839	0.14838709181741264	0.7578632250671047	7
4.0	0.125	8	4	Sz	0.7419358836055774	1.2936235971166425	0.008042722523821447	0.010937732572710761	0.02098126069762611	0.09095524319204773	0.1601058020722612	0.3116379712178485	8
4.0	0.125	8	4	ZZ onsite	0.7419358836055774	1.2936235971166425	0.04593421491543795	0.0680358981199236	0.2379326710869659	0.4398656676572525	0.0871767028313781	0.6333040919880818	8
4.0	0.125	8	4	n	0.7419358836055774	1.2936235971166425	0.010412758447809922	0.013188093979050616	0.02654675944135021	0.8734383384829429	0.011911728286643851	0.02901175798663534	8
4.0	0.125	8	8	SzSz r=1	0.9653992717411763	1.2936235971166425	0.0026725624194349346	0.003048083004603075	0.003917566539466136	0.0798397001291373	0.03347410384709827	0.05822185151230721	7
4.0	0.125	8	8	hop up r=1	0.9653992717411763	1.2936235971166425	0.016575910880004208	0.01923672168419203	0.04436012131962713	0.651270260222979	0.03218430738008295	0.10750679301794529	7
4.0	0.125	8	8	DoubleOcc	0.9653992717411763	1.2936235971166425	0.0015373066208251504	0.0016688596694694694	0.004890157287830002	0.07170986204252847	0.019418382393454947	0.07166198469685199	8
4.0	0.125	8	8	ZZ up-up r=1	0.9653992717411763	1.2936235971166425	0.022871003398827527	0.02803920408953459	0.06181610288988368	0.5869187031080839	0.044177472628094495	0.22688153952078194	7
4.0	0.125	8	8	Sz	0.9653992717411763	1.2936235971166425	0.0022282060578128933	0.002211013811377018	0.003169653442632314	0.09095524319204773	0.03048443026075817	0.1525107169695612	8
4.0	0.125	8	8	ZZ onsite	0.9653992717411763	1.2936235971166425	0.005793242331707332	0.005947347087080702	0.010832852003971605	0.4398656676572525	0.012433802024792466	0.02686580635045278	8
4.0	0.125	8	8	n	0.9653992717411763	1.2936235971166425	0.002223824892987669	0.002558400059028687	0.004443547234805001	0.8734383384829429	0.0024393065342118705	0.005302000351220018	8
4.0	0.125	8	16	SzSz r=1	0.998823576716097	1.2936235971166425	0.00014315797253811047	0.00016003869366535854	0.00026285301206742384	0.0798397001291373	0.001116627493961883	0.003341999844853266	7
4.0	0.125	8	16	hop up r=1	0.998823576716097	1.2936235971166425	0.0002752321017577275	0.0006601114243578851	0.0029873083769088593	0.651270260222979	0.0005089781448170605	0.004586895117682908	7
4.0	0.125	8	16	DoubleOcc	0.998823576716097	1.2936235971166425	3.9103806959463194e-5	7.044756289484137e-5	0.00017732421704337586	0.07170986204252847	0.0005034461046450019	0.0025573739743157873	8
4.0	0.125	8	16	ZZ up-up r=1	0.998823576716097	1.2936235971166425	0.0004678600981393721	0.0006099361969674913	0.0016471287625976494	0.5869187031080839	0.0010044136785279975	0.0028064001901813547	7
4.0	0.125	8	16	Sz	0.998823576716097	1.2936235971166425	8.607026205234569e-5	7.854782488364402e-5	0.00016217008703024727	0.09095524319204773	0.0006975828553633736	0.002677956128030372	8
4.0	0.125	8	16	ZZ onsite	0.998823576716097	1.2936235971166425	0.00022243516963887933	0.0002954455393232927	0.0008372897252960088	0.4398656676572525	0.0004985038042465409	0.0022286094933147947	8
4.0	0.125	8	16	n	0.998823576716097	1.2936235971166425	9.093315531572e-5	9.47752403019364e-5	0.0001461715708716005	0.8734383384829429	0.00010277167158329723	0.00017441059566017278	8
4.0	0.125	8	32	SzSz r=1	0.9999826433049921	1.2936235971166425	2.4433334777640425e-6	6.6226379745896025e-6	2.788310528724358e-5	0.0798397001291373	2.0279040604019367e-5	0.00036234671225204287	7
4.0	0.125	8	32	hop up r=1	0.9999826433049921	1.2936235971166425	6.629131981683578e-6	1.7488979173387242e-5	7.311182743091615e-5	0.651270260222979	1.1157066636752919e-5	0.00016291429286900908	7
4.0	0.125	8	32	DoubleOcc	0.9999826433049921	1.2936235971166425	8.170295114143244e-7	1.258251710252109e-6	3.4191302234060084e-6	0.07170986204252847	1.1428920682251979e-5	4.547894229266289e-5	8
4.0	0.125	8	32	ZZ up-up r=1	0.9999826433049921	1.2936235971166425	1.3042058315870797e-5	5.7725238255090794e-5	0.0001974126347523142	0.5869187031080839	2.3500574341944174e-5	0.0006974074533541178	7
4.0	0.125	8	32	Sz	0.9999826433049921	1.2936235971166425	1.1494739026868261e-6	1.3917818494886894e-6	3.166496251344464e-6	0.09095524319204773	9.52464762082983e-6	5.2289162004550386e-5	8
4.0	0.125	8	32	ZZ onsite	0.9999826433049921	1.2936235971166425	3.808704482743952e-6	4.9208503155942496e-6	1.0485808319804502e-5	0.4398656676572525	8.788950931421166e-6	2.7910018791086873e-5	8
4.0	0.125	8	32	n	0.9999826433049921	1.2936235971166425	1.3197942379528094e-6	1.1657081457894236e-6	2.1739089027805747e-6	0.8734383384829429	1.448191528912741e-6	2.5935094757929893e-6	8
4.0	0.125	16	4	SzSz r=1	0.3688295372862062	1.4680260693245748	0.04048837961613939	0.03499446612011678	0.06589556054989895	0.07703851440569257	0.5022235295142057	0.930906775339416	15
4.0	0.125	16	4	hop up r=1	0.3688295372862062	1.4680260693245748	0.07805027051464425	0.10264101656665771	0.22342456424803336	0.5198745072936407	0.1518731173705304	0.4674769099769624	15
4.0	0.125	16	4	DoubleOcc	0.3688295372862062	1.4680260693245748	0.023559621746942698	0.020493273176412842	0.04220390759287708	0.07584372958766306	0.33833325993178637	0.520557790809643	16
4.0	0.125	16	4	ZZ up-up r=1	0.3688295372862062	1.4680260693245748	0.1411196402828825	0.15766339220360762	0.31544381690284234	0.38322015453245073	0.368246916593038	0.9064119912409924	15
4.0	0.125	16	4	Sz	0.3688295372862062	1.4680260693245748	0.003095654353342619	0.003314037099948453	0.007727693319697124	6.191823963275223e-10	NaN	NaN	0
4.0	0.125	16	4	ZZ onsite	0.3688295372862062	1.4680260693245748	0.06368591422083375	0.0753956774428248	0.17575293413586163	0.41949759688250077	0.15413888436659945	0.4678154743884562	16
4.0	0.125	16	4	n	0.3688295372862062	1.4680260693245748	0.010958472267812491	0.013203508785965157	0.033912330377212196	0.8748490478604968	0.011874851427845771	0.04103816681994647	16
4.0	0.125	16	8	SzSz r=1	0.7966425797986785	1.4680260693245748	0.0037418187466455866	0.0037964118566219166	0.008393407761794133	0.07703851440569257	0.043257920172072944	0.11857369654434044	15
4.0	0.125	16	8	hop up r=1	0.7966425797986785	1.4680260693245748	0.033993163937651394	0.0370545684880953	0.08682691701648199	0.5198745072936407	0.06901056607728007	0.1689510423589824	15
4.0	0.125	16	8	DoubleOcc	0.7966425797986785	1.4680260693245748	0.00410582699040965	0.004867380830528284	0.012482202316354121	0.07584372958766306	0.055793511410406005	0.15395985899980869	16
4.0	0.125	16	8	ZZ up-up r=1	0.7966425797986785	1.4680260693245748	0.033947368933802013	0.03453450384938291	0.08013145197585397	0.38322015453245073	0.09671236289443928	0.23025370798516182	15
4.0	0.125	16	8	Sz	0.7966425797986785	1.4680260693245748	0.0014774753759848117	0.0018177639513959048	0.005290643970762426	6.191823963275223e-10	NaN	NaN	0
4.0	0.125	16	8	ZZ onsite	0.7966425797986785	1.4680260693245748	0.017991130673995964	0.01882529688335669	0.034442156115260136	0.41949759688250077	0.0430934573265243	0.07769215585232511	16
4.0	0.125	16	8	n	0.7966425797986785	1.4680260693245748	0.00575189449336494	0.005491325008071125	0.010321670556297513	0.8748490478604968	0.0065207348223917634	0.011825077970077076	16
4.0	0.125	16	16	SzSz r=1	0.976132230524944	1.4680260693245748	0.0005883254527604131	0.0006861457535548385	0.0014295713058703474	0.07703851440569257	0.005982162418574833	0.015154143436518379	15
4.0	0.125	16	16	hop up r=1	0.976132230524944	1.4680260693245748	0.0020534459767727054	0.003439452135552168	0.016469527647589244	0.5198745072936407	0.003949887818404443	0.029573168096826075	15
4.0	0.125	16	16	DoubleOcc	0.976132230524944	1.4680260693245748	0.0002118027313196616	0.00027979248004396384	0.0010031076567737496	0.07584372958766306	0.0030501987566888588	0.012825585516270385	16
4.0	0.125	16	16	ZZ up-up r=1	0.976132230524944	1.4680260693245748	0.0022110088858767196	0.002531651879787226	0.006855218480755265	0.38322015453245073	0.004362247172320726	0.01425965754499644	15
4.0	0.125	16	16	Sz	0.976132230524944	1.4680260693245748	8.803418991520581e-5	0.0001146447491909364	0.0003492965343825302	6.191823963275223e-10	NaN	NaN	0
4.0	0.125	16	16	ZZ onsite	0.976132230524944	1.4680260693245748	0.0004982690211573493	0.0007676199088333599	0.0032773972389944506	0.41949759688250077	0.0008551731904947609	0.007392918614904017	16
4.0	0.125	16	16	n	0.976132230524944	1.4680260693245748	0.00045913067032526955	0.0004015072916697601	0.0006693860460071921	0.8748490478604968	0.0004989063731818831	0.0008100409472728705	16
4.0	0.125	16	32	SzSz r=1	0.9983502060521044	1.4680260693245748	6.591653087500982e-5	9.743581189790388e-5	0.00032274665620470044	0.07703851440569257	0.0008556308670217436	0.004559442949902299	15
4.0	0.125	16	32	hop up r=1	0.9983502060521044	1.4680260693245748	0.00018894362554389144	0.0002834980610323834	0.0007744642399969415	0.5198745072936407	0.00036344083717942174	0.00162043126954492	15
4.0	0.125	16	32	DoubleOcc	0.9983502060521044	1.4680260693245748	1.1194500565268883e-5	1.869466941888196e-5	6.517383376442032e-5	0.07584372958766306	0.0001666728959970711	0.0009410265692225385	16
4.0	0.125	16	32	ZZ up-up r=1	0.9983502060521044	1.4680260693245748	0.000646393519980526	0.0006483494918706552	0.0017667200782195969	0.38322015453245073	0.001686741989374516	0.005076581559871549	15
4.0	0.125	16	32	Sz	0.9983502060521044	1.4680260693245748	1.6076036203824945e-5	1.5131659201471446e-5	3.585263888759155e-5	6.191823963275223e-10	NaN	NaN	0
4.0	0.125	16	32	ZZ onsite	0.9983502060521044	1.4680260693245748	4.530537639041432e-5	4.698733591300061e-5	0.00013534870813913802	0.41949759688250077	7.704691225878514e-5	0.0003242538381479675	16
4.0	0.125	16	32	n	0.9983502060521044	1.4680260693245748	2.5783491890529753e-5	3.413754520503742e-5	9.355999689231176e-5	0.8748490478604968	3.053165936302657e-5	0.00011321931350940752	16
4.0	0.125	32	4	SzSz r=1	0.07364261951854428	1.6865092646396835	0.04163504980086362	0.04101998875521272	0.07558980263904298	0.0840360065808164	0.5011295630717153	0.9837935174614897	31
4.0	0.125	32	4	hop up r=1	0.07364261951854428	1.6865092646396835	0.09594393643277643	0.10995043893843545	0.22990609186318361	0.5248780968034705	0.17603699357658972	0.47036932818034366	31
4.0	0.125	32	4	DoubleOcc	0.07364261951854428	1.6865092646396835	0.026062914037432862	0.022272412783900287	0.04705485279948539	0.07790852445469151	0.3472999350437367	0.5860173859307181	32
4.0	0.125	32	4	ZZ up-up r=1	0.07364261951854428	1.6865092646396835	0.17353264010821998	0.1737117593021555	0.3377882686320589	0.4126187960609654	0.41011652351111	0.913422254149508	31
4.0	0.125	32	4	Sz	0.07364261951854428	1.6865092646396835	0.006657319770404405	0.008660640383021802	0.030186301750648768	6.915466347137689e-8	NaN	NaN	0
4.0	0.125	32	4	ZZ onsite	0.07364261951854428	1.6865092646396835	0.06809604218066945	0.08851013005431231	0.19854573470955897	0.42945999193244455	0.16149611448707468	0.5111904071352792	32
4.0	0.125	32	4	n	0.07364261951854428	1.6865092646396835	0.011184644623321693	0.011568436352305419	0.026763400352238564	0.8743842481149127	0.012762754925590519	0.03054850148016053	32
4.0	0.125	32	8	SzSz r=1	0.4730613460140137	1.6865092646396835	0.0035394112752718115	0.004042790264930302	0.009620191072187104	0.0840360065808164	0.0411906696069628	0.12700458206770626	31
4.0	0.125	32	8	hop up r=1	0.4730613460140137	1.6865092646396835	0.046908174529902924	0.047109604852323496	0.08246883250628612	0.5248780968034705	0.08949400157674009	0.16118184229432936	31
4.0	0.125	32	8	DoubleOcc	0.4730613460140137	1.6865092646396835	0.005200715338174629	0.006414359673410763	0.014379680657293045	0.07790852445469151	0.06675666209943756	0.1842033257548281	32
4.0	0.125	32	8	ZZ up-up r=1	0.4730613460140137	1.6865092646396835	0.03795375006406454	0.041028117054370046	0.08881318704598201	0.4126187960609654	0.09680019219273042	0.2401621358894776	31
4.0	0.125	32	8	Sz	0.4730613460140137	1.6865092646396835	0.0016121948189822197	0.0019345212809755141	0.005372972363857212	6.915466347137689e-8	NaN	NaN	0
4.0	0.125	32	8	ZZ onsite	0.4730613460140137	1.6865092646396835	0.024851324145277187	0.025327141822997157	0.05105817524009448	0.42945999193244455	0.059293847969482366	0.11760734083539187	32
4.0	0.125	32	8	n	0.4730613460140137	1.6865092646396835	0.009195146184956648	0.009105791216738521	0.020523152907104714	0.8743842481149127	0.010465451045891527	0.024028153366708015	32
4.0	0.125	32	16	SzSz r=1	0.8709279720720813	1.6865092646396835	0.001293402538234456	0.0011982975370565339	0.0026651407705342023	0.0840360065808164	0.016128674803034395	0.02864145319127538	31
4.0	0.125	32	16	hop up r=1	0.8709279720720813	1.6865092646396835	0.007016728282213447	0.0077664729154853715	0.02703419965731846	0.5248780968034705	0.013776789053974942	0.05010696871857054	31
4.0	0.125	32	16	DoubleOcc	0.8709279720720813	1.6865092646396835	0.0003226782158523081	0.0005725325928924632	0.0030616784210797943	0.07790852445469151	0.004124672396660835	0.03856908956266507	32
4.0	0.125	32	16	ZZ up-up r=1	0.8709279720720813	1.6865092646396835	0.004245674915337172	0.004398717846314313	0.009595541558638565	0.4126187960609654	0.009315090557805748	0.023086977515672624	31
4.0	0.125	32	16	Sz	0.8709279720720813	1.6865092646396835	0.00026110364810043654	0.00034828849798144057	0.0011583608721529581	6.915466347137689e-8	NaN	NaN	0
4.0	0.125	32	16	ZZ onsite	0.8709279720720813	1.6865092646396835	0.0016443132070868838	0.002435854078830818	0.008670100339576547	0.42945999193244455	0.0036280777626825473	0.019970696916645526	32
4.0	0.125	32	16	n	0.8709279720720813	1.6865092646396835	0.0008823692813794137	0.001188037846817945	0.0038369295224124356	0.8743842481149127	0.000999321582399824	0.004401213326994363	32
4.0	0.125	32	32	SzSz r=1	0.9809672994612256	1.6865092646396835	0.0001692612420824413	0.0003126791491770055	0.0008760918594289124	0.0840360065808164	0.00195970674979421	0.011186521795485736	31
4.0	0.125	32	32	hop up r=1	0.9809672994612256	1.6865092646396835	0.0011404927799194553	0.0011705262589641221	0.002840715498396318	0.5248780968034705	0.002110130104687441	0.005748946881816539	31
4.0	0.125	32	32	DoubleOcc	0.9809672994612256	1.6865092646396835	5.204197238554975e-5	9.462095738591589e-5	0.0004007541774263407	0.07790852445469151	0.0006534423088838424	0.005385630745116043	32
4.0	0.125	32	32	ZZ up-up r=1	0.9809672994612256	1.6865092646396835	0.0018953311361251113	0.002155316699917436	0.005433594439112566	0.4126187960609654	0.004169623787286416	0.014114571077095442	31
4.0	0.125	32	32	Sz	0.9809672994612256	1.6865092646396835	3.2740862139652924e-5	4.075135412495137e-5	0.00010635904059741463	6.915466347137689e-8	NaN	NaN	0
4.0	0.125	32	32	ZZ onsite	0.9809672994612256	1.6865092646396835	0.0001883758678193348	0.0003012832066024134	0.0009530135597047851	0.42945999193244455	0.00042668026458938667	0.002292109708747926	32
4.0	0.125	32	32	n	0.9809672994612256	1.6865092646396835	0.00011756909322846454	0.00015090976617347998	0.0004435960335745781	0.8743842481149127	0.00013719028562552403	0.0005193545833741489	32
4.0	0.125	64	4	SzSz r=1	0.0021622007497012776	1.9042708554590058	0.045772960342759135	0.044835283246612005	0.0792019831204086	0.08462370411072336	0.528334943675048	0.9886938385775058	63
4.0	0.125	64	4	hop up r=1	0.0021622007497012776	1.9042708554590058	0.11511262552836732	0.12084976297779174	0.25787583977095185	0.5213140570951221	0.22273404769595137	0.5096506827443427	63
4.0	0.125	64	4	DoubleOcc	0.0021622007497012776	1.9042708554590058	0.028257601692902264	0.023235628919402895	0.04757618909967888	0.07844513283169315	0.3754827356967785	0.5974917114570382	64
4.0	0.125	64	4	ZZ up-up r=1	0.0021622007497012776	1.9042708554590058	0.19244091912562097	0.1884607001318735	0.3584415398992284	0.4148635444663744	0.45472583104370995	0.9072776853792011	63
4.0	0.125	64	4	Sz	0.0021622007497012776	1.9042708554590058	0.009132726829174697	0.01060781299961804	0.031894986890374	1.984708027081422e-6	NaN	NaN	0
4.0	0.125	64	4	ZZ onsite	0.0021622007497012776	1.9042708554590058	0.0802504938283119	0.09506413522135887	0.1972456518199662	0.43301070759933946	0.18486172646491075	0.47413011123427423	64
4.0	0.125	64	4	n	0.0021622007497012776	1.9042708554590058	0.01491755509994347	0.015380122333061534	0.0360902470994473	0.8748888389104346	0.016976893235034922	0.04146341469336039	64
4.0	0.125	64	8	SzSz r=1	0.13198247328388035	1.9042708554590058	0.0036126325271693266	0.004500403220591363	0.015109881093234911	0.08462370411072336	0.04057107863926382	0.18813247040509073	63
4.0	0.125	64	8	hop up r=1	0.13198247328388035	1.9042708554590058	0.051958533531754836	0.05432468171532348	0.10364578051486645	0.5213140570951221	0.0976986235101985	0.20054658743747794	63
4.0	0.125	64	8	DoubleOcc	0.13198247328388035	1.9042708554590058	0.006771767157199772	0.007646463781445638	0.015545155065388241	0.07844513283169315	0.08597342343096054	0.20180325030183088	64
4.0	0.125	64	8	ZZ up-up r=1	0.13198247328388035	1.9042708554590058	0.045822007830456535	0.046672801881465345	0.1000105447248894	0.4148635444663744	0.11417556648568461	0.2572845562798745	63
4.0	0.125	64	8	Sz	0.13198247328388035	1.9042708554590058	0.002016376877131967	0.00238280375711224	0.008425580614014924	1.984708027081422e-6	NaN	NaN	0
4.0	0.125	64	8	ZZ onsite	0.13198247328388035	1.9042708554590058	0.029659372447943033	0.03007180685798315	0.05967918853371912	0.43301070759933946	0.0691979326656696	0.1366724993183156	64
4.0	0.125	64	8	n	0.13198247328388035	1.9042708554590058	0.00969526895098144	0.009704977265558738	0.022663288484600863	0.8748888389104346	0.011029356402790859	0.026207443359055217	64
4.0	0.125	64	16	SzSz r=1	0.6003174932632024	1.9042708554590058	0.0017254594684135427	0.0017462364291482714	0.0033653172223388067	0.08462370411072336	0.019677896510901852	0.03792063986176961	63
4.0	0.125	64	16	hop up r=1	0.6003174932632024	1.9042708554590058	0.010931085346356229	0.011841934036335554	0.03755602191893792	0.5213140570951221	0.020820530837151952	0.07033535831513286	63
4.0	0.125	64	16	DoubleOcc	0.6003174932632024	1.9042708554590058	0.0006153004511222845	0.0008710067767347699	0.00373663936166696	0.07844513283169315	0.007598414080974919	0.0472109014311934	64
4.0	0.125	64	16	ZZ up-up r=1	0.6003174932632024	1.9042708554590058	0.006812031471999103	0.006605267567835896	0.013939971312283528	0.4148635444663744	0.016122037489980017	0.03411637002796153	63
4.0	0.125	64	16	Sz	0.6003174932632024	1.9042708554590058	0.0003482634582581273	0.0005538365814872772	0.0019850811981770022	1.984708027081422e-6	NaN	NaN	0
4.0	0.125	64	16	ZZ onsite	0.6003174932632024	1.9042708554590058	0.0026088841987703393	0.003415728210675522	0.010474009826254627	0.43301070759933946	0.006078694545777396	0.024157198694207113	64
4.0	0.125	64	16	n	0.6003174932632024	1.9042708554590058	0.001371183597729142	0.0016321345638337665	0.004432118397526219	0.8748888389104346	0.0015184921952932657	0.005062292700109201	64
4.0	0.125	64	32	SzSz r=1	0.8966696660154615	1.9042708554590058	0.0005661871191489087	0.0006244637856548057	0.0018503263411544513	0.08462370411072336	0.006619641564785972	0.022688237662099216	63
4.0	0.125	64	32	hop up r=1	0.8966696660154615	1.9042708554590058	0.002974548493093976	0.00279539462072291	0.00613203734339296	0.5213140570951221	0.005781217602532656	0.01176259633784365	63
4.0	0.125	64	32	DoubleOcc	0.8966696660154615	1.9042708554590058	0.00014140011640367822	0.00023815972214045805	0.0009484924805681916	0.07844513283169315	0.001779891824476527	0.012336489841017003	64
4.0	0.125	64	32	ZZ up-up r=1	0.8966696660154615	1.9042708554590058	0.004421802224918059	0.004350918633844621	0.010791206245290508	0.4148635444663744	0.010518120120470313	0.026967406075573578	63
4.0	0.125	64	32	Sz	0.8966696660154615	1.9042708554590058	6.848853298024177e-5	7.723216771462934e-5	0.00028204880362026064	1.984708027081422e-6	NaN	NaN	0
4.0	0.125	64	32	ZZ onsite	0.8966696660154615	1.9042708554590058	0.0007118174505759134	0.000814177991729113	0.002481491659116708	0.43301070759933946	0.001656358606767046	0.005758413905488504	64
4.0	0.125	64	32	n	0.8966696660154615	1.9042708554590058	0.0003060399307913686	0.0004018202318345973	0.0011264165266710036	0.8748888389104346	0.0003573614732281619	0.0013048578281631546	64
4.0	0.125	128	4	SzSz r=1	1.9216188943697503e-6	2.0652755606208575	0.04150503908740175	0.04214159879395857	0.08062468552987037	0.08499052103808788	0.4689669320270285	0.985974710099857	127
4.0	0.125	128	4	hop up r=1	1.9216188943697503e-6	2.0652755606208575	0.11603090986447628	0.13255638520874677	0.3696073168465408	0.5209037048264189	0.21881881536522688	0.7221346375084492	127
4.0	0.125	128	4	DoubleOcc	1.9216188943697503e-6	2.0652755606208575	0.021518047038097704	0.02195237153372373	0.047484824305739595	0.07869865495043407	0.27685624973476797	0.6466340881352526	128
4.0	0.125	128	4	ZZ up-up r=1	1.9216188943697503e-6	2.0652755606208575	0.18718713071970183	0.18981622920434527	0.3621158437184834	0.41643239827019596	0.43834214791337933	0.9064148285206329	127
4.0	0.125	128	4	Sz	1.9216188943697503e-6	2.0652755606208575	0.016937459217721516	0.02002984248064453	0.06204806366209504	2.919292663564055e-6	NaN	NaN	0
4.0	0.125	128	4	ZZ onsite	1.9216188943697503e-6	2.0652755606208575	0.06825039612845527	0.08510444983526194	0.22525706028549192	0.43372387581553384	0.1573254725415958	0.5679282843377753	128
4.0	0.125	128	4	n	1.9216188943697503e-6	2.0652755606208575	0.013846509485788139	0.01635833410187139	0.07106152273612643	0.8751424101209617	0.015866845575362012	0.08183125240432251	128
4.0	0.125	128	8	SzSz r=1	0.008008966533527364	2.0652755606208575	0.003771498507017426	0.004946696935098286	0.015556115220732344	0.08499052103808788	0.04278860033282448	0.18893640888095367	127
4.0	0.125	128	8	hop up r=1	0.008008966533527364	2.0652755606208575	0.05528225190667335	0.06065896563589924	0.1149522922287815	0.5209037048264189	0.10548132537992749	0.2224814219619157	127
4.0	0.125	128	8	DoubleOcc	0.008008966533527364	2.0652755606208575	0.007838815636935316	0.008500406849613848	0.016980485423201283	0.07869865495043407	0.09951277840557443	0.21814225121156267	128
4.0	0.125	128	8	ZZ up-up r=1	0.008008966533527364	2.0652755606208575	0.05012736134531087	0.050503933061331864	0.10767662510677672	0.41643239827019596	0.12006033902239918	0.26593903044404643	127
4.0	0.125	128	8	Sz	0.008008966533527364	2.0652755606208575	0.002409902637236984	0.0029270941674625125	0.01008312310568359	2.919292663564055e-6	NaN	NaN	0
4.0	0.125	128	8	ZZ onsite	0.008008966533527364	2.0652755606208575	0.034411177016726996	0.03347877297427131	0.0644679622703902	0.43372387581553384	0.07923285832124072	0.14798337776305323	128
4.0	0.125	128	8	n	0.008008966533527364	2.0652755606208575	0.010800782490351657	0.01016358222311025	0.02383147100656957	0.8751424101209617	0.012357860274395803	0.027415842408519932	128
4.0	0.125	128	16	SzSz r=1	0.2363322732931318	2.0652755606208575	0.002246773867987689	0.0021662247985028793	0.003992679268701935	0.08499052103808788	0.0269045996687711	0.04489957906773411	127
4.0	0.125	128	16	hop up r=1	0.2363322732931318	2.0652755606208575	0.014289886168279753	0.015119250258030549	0.03641629144494929	0.5209037048264189	0.027581919006625016	0.06901434678635976	127
4.0	0.125	128	16	DoubleOcc	0.2363322732931318	2.0652755606208575	0.0007741576791685592	0.001085208017658511	0.004405653251601513	0.07869865495043407	0.009892879629005697	0.055655335524135215	128
4.0	0.125	128	16	ZZ up-up r=1	0.2363322732931318	2.0652755606208575	0.008821920804270689	0.008778445043062251	0.017610764907006415	0.41643239827019596	0.021082302822406102	0.042581067858011634	127
4.0	0.125	128	16	Sz	0.2363322732931318	2.0652755606208575	0.0005290625713522193	0.000670406965633651	0.002108082754927798	2.919292663564055e-6	NaN	NaN	0
4.0	0.125	128	16	ZZ onsite	0.2363322732931318	2.0652755606208575	0.0043096368880359	0.004486847109962708	0.011685817965723932	0.43372387581553384	0.010008336313959884	0.026949734527593208	128
4.0	0.125	128	16	n	0.2363322732931318	2.0652755606208575	0.0018521617309262273	0.0020265328353080304	0.005126616012207652	0.8751424101209617	0.0021143275555202175	0.005855784803265962	128
4.0	0.125	128	32	SzSz r=1	0.6754638490163946	2.0652755606208575	0.0008270335866232964	0.000914637452625426	0.0024766128162781315	0.08499052103808788	0.009915769533053951	0.029795516496869505	127
4.0	0.125	128	32	hop up r=1	0.6754638490163946	2.0652755606208575	0.0049491383926388854	0.004608358322545723	0.008718272853970754	0.5209037048264189	0.009576963467136506	0.016977008428779083	127
4.0	0.125	128	32	DoubleOcc	0.6754638490163946	2.0652755606208575	0.00020508521974986482	0.0003881027915645203	0.0014831730041025004	0.07869865495043407	0.0025995842413637565	0.01912592083997739	128
4.0	0.125	128	32	ZZ up-up r=1	0.6754638490163946	2.0652755606208575	0.006454622630963969	0.006443960914482753	0.01469397489836205	0.41643239827019596	0.01568868136002273	0.03605436415606541	127
4.0	0.125	128	32	Sz	0.6754638490163946	2.0652755606208575	0.00011288458515280875	0.00013119206959393242	0.00045108385866048095	2.919292663564055e-6	NaN	NaN	0
4.0	0.125	128	32	ZZ onsite	0.6754638490163946	2.0652755606208575	0.001311359591288308	0.0014043965054040533	0.0035764154724262642	0.43372387581553384	0.003026960622253566	0.008254273979822434	128
4.0	0.125	128	32	n	0.6754638490163946	2.0652755606208575	0.0006164760001757807	0.0006405843769844979	0.0016486764047747293	0.8751424101209617	0.0007039797614122943	0.0018960594039033616	128
8.0	0.125	8	4	SzSz r=1	0.7493540058696886	1.290054636159193	0.01627008267649238	0.015622419198457124	0.026713738363506948	0.09012521875364667	0.11455477732192247	0.33062247365827185	7
8.0	0.125	8	4	hop up r=1	0.7493540058696886	1.290054636159193	0.11878959523556665	0.13560302426925233	0.25995842311400097	0.4459822012139875	0.2262259102444953	0.8463523718077014	7
8.0	0.125	8	4	DoubleOcc	0.7493540058696886	1.290054636159193	0.0026641475289843203	0.003856293630081541	0.007963082638321808	0.027529247002116022	0.09849402611736385	0.2793934675735668	8
8.0	0.125	8	4	ZZ up-up r=1	0.7493540058696886	1.290054636159193	0.16838243079044513	0.15621935251636115	0.20578133926061604	0.582088896222618	0.308374248963047	0.7178577434362994	7
8.0	0.125	8	4	Sz	0.7493540058696886	1.290054636159193	0.026324987974341105	0.02626632853745445	0.03362508718696028	0.11405699409877686	0.21452967155632696	8.349036551321433	8
8.0	0.125	8	4	ZZ onsite	0.7493540058696886	1.290054636159193	0.016727949248764917	0.03643102352827111	0.12444639816599562	0.6210489475851575	0.029008207164602614	0.245055955183954	8
8.0	0.125	8	4	n	0.7493540058696886	1.290054636159193	0.016311138240166723	0.018876808155787198	0.04629703380635419	0.8702190181296441	0.019849148059082472	0.057092205586739345	8
8.0	0.125	8	8	SzSz r=1	0.9765561993258752	1.290054636159193	0.0007934787370664914	0.0011623399616259914	0.002568448449264238	0.09012521875364667	0.00880418097405394	0.022221746695794665	7
8.0	0.125	8	8	hop up r=1	0.9765561993258752	1.290054636159193	0.019531770918567115	0.018131761279511993	0.030909210182765656	0.4459822012139875	0.05160052631166853	0.08840585093358642	7
8.0	0.125	8	8	DoubleOcc	0.9765561993258752	1.290054636159193	0.00152585333753405	0.0015635383246017827	0.003268636692443566	0.027529247002116022	0.055617549857710266	0.11468369491038759	8
8.0	0.125	8	8	ZZ up-up r=1	0.9765561993258752	1.290054636159193	0.009028424754098263	0.011504558105603666	0.03055864023991095	0.582088896222618	0.016910587074298246	0.10660226337297724	7
8.0	0.125	8	8	Sz	0.9765561993258752	1.290054636159193	0.0020871684674542146	0.001998214781834781	0.003635986838852648	0.11405699409877686	0.022984493783464184	0.5480587104462797	8
8.0	0.125	8	8	ZZ onsite	0.9765561993258752	1.290054636159193	0.005656809234812987	0.005942875737608308	0.008328542049655385	0.6210489475851575	0.008738621671948991	0.014789079684836842	8
8.0	0.125	8	8	n	0.9765561993258752	1.290054636159193	0.0025365990976141117	0.0023372258628080456	0.0038273635794666694	0.8702190181296441	0.002703550659516934	0.004719797584615867	8
8.0	0.125	8	16	SzSz r=1	0.999406596289484	1.290054636159193	8.168592031462807e-5	9.483590910560771e-5	0.00019993714018919084	0.09012521875364667	0.0004982130666625681	0.0022991224648971284	7
8.0	0.125	8	16	hop up r=1	0.999406596289484	1.290054636159193	0.00013963528698535121	0.0004612679833241873	0.0014949877749023122	0.4459822012139875	0.0004546136836515378	0.0030119658750979847	7
8.0	0.125	8	16	DoubleOcc	0.999406596289484	1.290054636159193	8.939532834775776e-6	2.8173480047615634e-5	0.00010301544475194158	0.027529247002116022	0.0003670699805986125	0.003614409599054432	8
8.0	0.125	8	16	ZZ up-up r=1	0.999406596289484	1.290054636159193	0.0003502369771413161	0.0004757769802769223	0.0009438332708421315	0.582088896222618	0.0004548003978922739	0.0034219714686477003	7
8.0	0.125	8	16	Sz	0.999406596289484	1.290054636159193	5.929047385686004e-5	5.687086517529739e-5	9.130270944514296e-5	0.11405699409877686	0.0007340963620842825	0.011598165471771837	8
8.0	0.125	8	16	ZZ onsite	0.999406596289484	1.290054636159193	0.00015032823530369832	0.00013688280727153224	0.00020094442551255032	0.6210489475851575	0.00024149839994772073	0.0003956934781445866	8
8.0	0.125	8	16	n	0.999406596289484	1.290054636159193	6.573891202249493e-5	7.2117577857439e-5	0.00013311297173090875	0.8702190181296441	7.093858035578436e-5	0.0001641511890040276	8
8.0	0.125	8	32	SzSz r=1	0.9999940612347221	1.290054636159193	9.630355755352316e-7	2.449236695971952e-6	8.427425161439128e-6	0.09012521875364667	6.3591231260308905e-6	9.690887091597757e-5	7
8.0	0.125	8	32	hop up r=1	0.9999940612347221	1.290054636159193	1.1641118335958822e-6	5.8171884472689254e-6	2.4225159968027654e-5	0.4459822012139875	2.764202387150258e-6	6.893768943902374e-5	7
8.0	0.125	8	32	DoubleOcc	0.9999940612347221	1.290054636159193	2.0460420374623922e-7	5.132537328131348e-7	1.5557791363252083e-6	0.027529247002116022	6.776255036283454e-6	5.458621333803894e-5	8
8.0	0.125	8	32	ZZ up-up r=1	0.9999940612347221	1.290054636159193	3.847413006852207e-6	1.1539179016600049e-5	4.4579905862207614e-5	0.582088896222618	4.996060040988391e-6	0.000166605306976011	7
8.0	0.125	8	32	Sz	0.9999940612347221	1.290054636159193	5.342391578150307e-7	5.951376646703976e-7	1.0301471626006364e-6	0.11405699409877686	7.709676041070452e-6	7.088918860551141e-5	8
8.0	0.125	8	32	ZZ onsite	0.9999940612347221	1.290054636159193	1.9869526898252943e-6	2.3985591924985394e-6	6.463860854677428e-6	0.6210489475851575	3.2790961854487662e-6	1.272843262742807e-5	8
8.0	0.125	8	32	n	0.9999940612347221	1.290054636159193	5.513588274830283e-7	5.261424545210946e-7	8.409027627553911e-7	0.8702190181296441	6.271899852451079e-7	1.0074410539249994e-6	8
8.0	0.125	16	4	SzSz r=1	0.3866182186851509	1.3843887597597262	0.027460533587115782	0.023711946688519378	0.045072181530490835	0.08820065532888106	0.25605063501258485	0.5110201667986587	15
8.0	0.125	16	4	hop up r=1	0.3866182186851509	1.3843887597597262	0.11315597653400244	0.08145574814798137	0.15374023560949623	0.4044334601075336	0.27402315305474934	0.42496244284899265	15
8.0	0.125	16	4	DoubleOcc	0.3866182186851509	1.3843887597597262	0.014537240311541369	0.015914777216365826	0.04025993148526154	0.0294909658121794	0.5137797818720049	1.312813504233029	16
8.0	0.125	16	4	ZZ up-up r=1	0.3866182186851509	1.3843887597597262	0.10834111692606302	0.10441092784949017	0.17728725492117425	0.39111229112862733	0.2510447396016206	0.4842351493553257	15
8.0	0.125	16	4	Sz	0.3866182186851509	1.3843887597597262	0.007242510711892459	0.01066565825606373	0.03137495968768168	0.002540322284739563	2.1736572999603614	22.624439753741584	14
8.0	0.125	16	4	ZZ onsite	0.3866182186851509	1.3843887597597262	0.04745032209061717	0.07325920919307613	0.20200841921131768	0.602823229072843	0.05706451080873623	0.3486723396727709	16
8.0	0.125	16	4	n	0.3866182186851509	1.3843887597597262	0.020110840691628495	0.021397413492119433	0.045746210598713755	0.857840114372216	0.02363572732278537	0.0557052138071544	16
8.0	0.125	16	8	SzSz r=1	0.8519612717914199	1.3843887597597262	0.0022456094863808895	0.0020732187678950743	0.004437358820116338	0.08820065532888106	0.019194745360005625	0.04263904608461669	15
8.0	0.125	16	8	hop up r=1	0.8519612717914199	1.3843887597597262	0.03585387165984266	0.030236134777912017	0.049728049641175	0.4044334601075336	0.08622270955130353	0.13003574434661097	15
8.0	0.125	16	8	DoubleOcc	0.8519612717914199	1.3843887597597262	0.0011270216015697443	0.002014657942647973	0.004907067022466627	0.0294909658121794	0.039342935504371096	0.16216062268885828	16
8.0	0.125	16	8	ZZ up-up r=1	0.8519612717914199	1.3843887597597262	0.01370968925195648	0.016302124288172383	0.02815008585679174	0.39111229112862733	0.02436582987783993	0.07530803135373824	15
8.0	0.125	16	8	Sz	0.8519612717914199	1.3843887597597262	0.0006770137528183395	0.0008261629520334138	0.0018813131643733022	0.002540322284739563	0.194058988851798	0.783186878713709	14
8.0	0.125	16	8	ZZ onsite	0.8519612717914199	1.3843887597597262	0.006945206648394098	0.008789656755097103	0.027308399262094718	0.602823229072843	0.010870191107109843	0.04303492369910108	16
8.0	0.125	16	8	n	0.8519612717914199	1.3843887597597262	0.002642881409007425	0.0027896064200697915	0.005811452301123565	0.857840114372216	0.0028598303649260684	0.006828903852658562	16
8.0	0.125	16	16	SzSz r=1	0.982835614522796	1.3843887597597262	0.0003676610365036803	0.0005319400392323675	0.001651766602209448	0.08820065532888106	0.0033841983698913317	0.013786464063115601	15
8.0	0.125	16	16	hop up r=1	0.982835614522796	1.3843887597597262	0.002631402547357109	0.003127916105010046	0.01215658791760943	0.4044334601075336	0.006488523901430708	0.03005831395448129	15
8.0	0.125	16	16	DoubleOcc	0.982835614522796	1.3843887597597262	0.00014150411791441497	0.00018944743773999587	0.0006967640060109304	0.0294909658121794	0.004792552371658532	0.023000829933505162	16
8.0	0.125	16	16	ZZ up-up r=1	0.982835614522796	1.3843887597597262	0.0014694784285597673	0.002291988001661464	0.007914966247034694	0.39111229112862733	0.0033128398948024606	0.01534768529021718	15
8.0	0.125	16	16	Sz	0.982835614522796	1.3843887597597262	5.166562226278058e-5	7.974186364234902e-5	0.00021980788151108877	0.002540322284739563	0.01662567558116283	0.08605527651752234	14
8.0	0.125	16	16	ZZ onsite	0.982835614522796	1.3843887597597262	0.0004970910865508826	0.0007532291124930854	0.002662745863273419	0.602823229072843	0.0008221036895250165	0.004198326441941969	16
8.0	0.125	16	16	n	0.982835614522796	1.3843887597597262	0.0001918609809481442	0.00022708722998512204	0.0007383377414066361	0.857840114372216	0.00021256272673565138	0.0008990747257239395	16
8.0	0.125	16	32	SzSz r=1	0.9989818441623017	1.3843887597597262	4.097973385452924e-5	5.257043242318331e-5	0.000138923949611236	0.08820065532888106	0.00029435165116739213	0.0016232141151471086	15
8.0	0.125	16	32	hop up r=1	0.9989818441623017	1.3843887597597262	8.80757545627664e-5	0.0002630981042459994	0.0009042406688542504	0.4044334601075336	0.0002178344118998939	0.002235820618338118	15
8.0	0.125	16	32	DoubleOcc	0.9989818441623017	1.3843887597597262	3.520760968711567e-6	1.6074105942105385e-5	4.882716252629926e-5	0.0294909658121794	0.00014403040672942148	0.0016256752561761957	16
8.0	0.125	16	32	ZZ up-up r=1	0.9989818441623017	1.3843887597597262	0.0001680160834851563	0.0002977358363563942	0.0008179786242246134	0.39111229112862733	0.00039309970340860914	0.0022097392858282804	15
8.0	0.125	16	32	Sz	0.9989818441623017	1.3843887597597262	5.6422128718799924e-6	6.765009957239291e-6	1.8032525917900666e-5	0.002540322284739563	0.0019680126043518397	0.00654595406730653	14
8.0	0.125	16	32	ZZ onsite	0.9989818441623017	1.3843887597597262	3.9731234079909417e-5	6.988701761356103e-5	0.0002450910638368553	0.602823229072843	5.753192414809316e-5	0.00038623557281114413	16
8.0	0.125	16	32	n	0.9989818441623017	1.3843887597597262	2.3615194903681136e-5	2.2604795177731674e-5	5.2851664802067155e-5	0.857840114372216	2.678785029952758e-5	6.435753364773752e-5	16
8.0	0.125	32	4	SzSz r=1	0.10639729342392404	1.5505674553176645	0.008820489560744202	0.012407619819215069	0.041948646675794794	0.09838625411929455	0.08810364864224557	0.5453692120544512	31
8.0	0.125	32	4	hop up r=1	0.10639729342392404	1.5505674553176645	0.10068525610913104	0.10326756027853155	0.21609424532109645	0.38982630850453526	0.23871159712851367	0.5484559993439764	31
8.0	0.125	32	4	DoubleOcc	0.10639729342392404	1.5505674553176645	0.01081607926653795	0.011232382873327892	0.026438515543187185	0.03000773801539898	0.3578194704753038	0.8645563847270351	32
8.0	0.125	32	4	ZZ up-up r=1	0.10639729342392404	1.5505674553176645	0.07558190069432857	0.07783743164344437	0.22253724599709154	0.4389364483996579	0.1499046174755615	0.5987215561798349	31
8.0	0.125	32	4	Sz	0.10639729342392404	1.5505674553176645	0.01356359375951807	0.01733814786614179	0.04715054761735792	0.016595348857459724	0.7041520615287403	8.353897369046217	31
8.0	0.125	32	4	ZZ onsite	0.10639729342392404	1.5505674553176645	0.04368420309222509	0.051625725826959054	0.12930843609169362	0.6142130697362493	0.06514051146855529	0.21597082469295928	32
8.0	0.125	32	4	n	0.10639729342392404	1.5505674553176645	0.015383011581047767	0.01782012577636328	0.04440711099169081	0.867386344900898	0.01776882466840115	0.053036459828939696	32
8.0	0.125	32	8	SzSz r=1	0.5783161055571878	1.5505674553176645	0.0019540935868673504	0.002286752717146196	0.005022270697619666	0.09838625411929455	0.0200640451282164	0.054115586185920904	31
8.0	0.125	32	8	hop up r=1	0.5783161055571878	1.5505674553176645	0.04441166120488976	0.04297480442214621	0.08402435505986378	0.38982630850453526	0.11276537083480971	0.2253510617861472	31
8.0	0.125	32	8	DoubleOcc	0.5783161055571878	1.5505674553176645	0.003685077615868698	0.0037139133308179357	0.008035167336387483	0.03000773801539898	0.12324047382353331	0.2639049000440756	32
8.0	0.125	32	8	ZZ up-up r=1	0.5783161055571878	1.5505674553176645	0.016389567257025672	0.01773791576915745	0.03646526847705622	0.4389364483996579	0.03684005236316368	0.09810736261822851	31
8.0	0.125	32	8	Sz	0.5783161055571878	1.5505674553176645	0.0021341717517297607	0.0036269287160950628	0.01052462083899005	0.016595348857459724	0.13398856287398458	1.184841004762887	31
8.0	0.125	32	8	ZZ onsite	0.5783161055571878	1.5505674553176645	0.011180449328049957	0.015270727702436163	0.04175671291053917	0.6142130697362493	0.018577433282694327	0.06552364190835848	32
8.0	0.125	32	8	n	0.5783161055571878	1.5505674553176645	0.004215762005660595	0.004554714893170161	0.010987788315610758	0.867386344900898	0.004703420661623235	0.012491797767851146	32
8.0	0.125	32	16	SzSz r=1	0.9045056067648455	1.5505674553176645	0.0004638242757835087	0.0005659214110057896	0.0014418335259774595	0.09838625411929455	0.004756524782916707	0.014394936156365844	31
8.0	0.125	32	16	hop up r=1	0.9045056067648455	1.5505674553176645	0.008169460187702815	0.008614593809116508	0.02150453133473995	0.38982630850453526	0.020734422819495387	0.055448698820159896	31
8.0	0.125	32	16	DoubleOcc	0.9045056067648455	1.5505674553176645	0.0005370599062236026	0.0006603213857968764	0.0019447698962621607	0.03000773801539898	0.017891803701572118	0.06432347972372457	32
8.0	0.125	32	16	ZZ up-up r=1	0.9045056067648455	1.5505674553176645	0.003642682764981142	0.003771000594365694	0.009362063145272992	0.4389364483996579	0.008612322229596008	0.020917315795010046	31
8.0	0.125	32	16	Sz	0.9045056067648455	1.5505674553176645	0.000614066114421441	0.0007928618939876982	0.002299983169554806	0.016595348857459724	0.03200684607759433	0.30853087849023014	31
8.0	0.125	32	16	ZZ onsite	0.9045056067648455	1.5505674553176645	0.002290258445501625	0.0028571838043387407	0.008691707129510728	0.6142130697362493	0.003833751999556741	0.01381408298881664	32
8.0	0.125	32	16	n	0.9045056067648455	1.5505674553176645	0.0006394254601563287	0.0006256091259637039	0.001708222467410092	0.867386344900898	0.0007054230254136	0.0020401703747095763	32
8.0	0.125	32	32	SzSz r=1	0.988317619879212	1.5505674553176645	0.00016560073028284994	0.00014448115312208228	0.00027105808651350927	0.09838625411929455	0.0016306301490998246	0.0027862503106414562	31
8.0	0.125	32	32	hop up r=1	0.988317619879212	1.5505674553176645	0.0013180423290278798	0.0012324910229655223	0.0027223492173638064	0.38982630850453526	0.0033985270823560956	0.006993152565500016	31
8.0	0.125	32	32	DoubleOcc	0.988317619879212	1.5505674553176645	6.646205276120143e-5	8.564586278753984e-5	0.00022946770177784126	0.03000773801539898	0.0021892677679793736	0.007705270079445258	32
8.0	0.125	32	32	ZZ up-up r=1	0.988317619879212	1.5505674553176645	0.0008841766366575743	0.0008867511089778564	0.0018730017229978135	0.4389364483996579	0.002076467396098168	0.00451031024100712	31
8.0	0.125	32	32	Sz	0.988317619879212	1.5505674553176645	8.458478926829695e-5	0.0001071637086702971	0.0002974930522922324	0.016595348857459724	0.0037467891651533454	0.036420942311533956	31
8.0	0.125	32	32	ZZ onsite	0.988317619879212	1.5505674553176645	0.000458686488882476	0.0003916556917247932	0.0010747205400255533	0.6142130697362493	0.0007269165311560733	0.0017081014699027344	32
8.0	0.125	32	32	n	0.988317619879212	1.5505674553176645	9.089390003874653e-5	8.679611594070852e-5	0.00022355324166689616	0.867386344900898	0.00010545439287432481	0.0002669949081694168	32
8.0	0.125	64	4	SzSz r=1	0.006296482942529957	1.7265641989238865	0.009725064910849263	0.01241924768627613	0.050206002115778435	0.10007668467392333	0.09381741980712077	0.6540534585593698	63
8.0	0.125	64	4	hop up r=1	0.006296482942529957	1.7265641989238865	0.08393975870774745	0.11410943672766784	0.26501330904551673	0.3881486363265399	0.2110290326294885	0.7180552388342597	63
8.0	0.125	64	4	DoubleOcc	0.006296482942529957	1.7265641989238865	0.011205911776155986	0.010955097009790336	0.03580721349235834	0.03038138870098331	0.3718214528346657	1.1520603887646204	64
8.0	0.125	64	4	ZZ up-up r=1	0.006296482942529957	1.7265641989238865	0.07574873888355188	0.07861221706022915	0.28688581821107484	0.44112494961787047	0.16050137896182512	0.8028963114269965	63
8.0	0.125	64	4	Sz	0.006296482942529957	1.7265641989238865	0.02268750422518625	0.025752068662293504	0.0697216278972542	0.017410232018665418	1.3616738216736395	14.547416778386001	63
8.0	0.125	64	4	ZZ onsite	0.006296482942529957	1.7265641989238865	0.04130475207414913	0.056002834937271664	0.1637528226010901	0.6202884650712347	0.06755059217158361	0.26871200434350817	64
8.0	0.125	64	4	n	0.006296482942529957	1.7265641989238865	0.013202343153525142	0.016787430803594308	0.0640848092060281	0.871153349598619	0.015240213701111458	0.07610601568598713	64
8.0	0.125	64	8	SzSz r=1	0.2170861859479065	1.7265641989238865	0.002405431898029581	0.002451914959701384	0.007089195933896772	0.10007668467392333	0.025255654714603757	0.07138861239821344	63
8.0	0.125	64	8	hop up r=1	0.2170861859479065	1.7265641989238865	0.05812775288607347	0.057357367850167915	0.09183067057344169	0.3881486363265399	0.14965027828161134	0.24028424402551987	63
8.0	0.125	64	8	DoubleOcc	0.2170861859479065	1.7265641989238865	0.005642371273139532	0.005264471840084146	0.015460564302482022	0.03038138870098331	0.18419247287397067	0.5060491781165027	64
8.0	0.125	64	8	ZZ up-up r=1	0.2170861859479065	1.7265641989238865	0.017372504166457803	0.019242207005988186	0.05025190870625834	0.44112494961787047	0.03909099800660415	0.12438584644185803	63
8.0	0.125	64	8	Sz	0.2170861859479065	1.7265641989238865	0.006152844682001824	0.007058130002930155	0.0199703660228649	0.017410232018665418	0.35531194104304165	4.466064594639732	63
8.0	0.125	64	8	ZZ onsite	0.2170861859479065	1.7265641989238865	0.018981512715429805	0.021248246218868623	0.04515770098118177	0.6202884650712347	0.031201542342070725	0.07186699795971511	64
8.0	0.125	64	8	n	0.2170861859479065	1.7265641989238865	0.004331443043656458	0.0049176433272114135	0.013104594117705926	0.871153349598619	0.00492693071658655	0.015165182688487835	64
8.0	0.125	64	16	SzSz r=1	0.6977109445781436	1.7265641989238865	0.0007307646624483549	0.0007506902322076418	0.0023124346101152105	0.10007668467392333	0.007303080894715458	0.02322797734632845	63
8.0	0.125	64	16	hop up r=1	0.6977109445781436	1.7265641989238865	0.014308300146742947	0.013332870026938866	0.03274028277197821	0.3881486363265399	0.038109181532501604	0.08441999430413498	63
8.0	0.125	64	16	DoubleOcc	0.6977109445781436	1.7265641989238865	0.0008961873636616907	0.0010474433319870163	0.0030064877189112937	0.03038138870098331	0.029737452852239665	0.09869137860993024	64
8.0	0.125	64	16	ZZ up-up r=1	0.6977109445781436	1.7265641989238865	0.005955560407102989	0.005543878769383155	0.012699458875587877	0.44112494961787047	0.013701044745082236	0.03070669459622432	63
8.0	0.125	64	16	Sz	0.6977109445781436	1.7265641989238865	0.0014748151405815126	0.001985841957842893	0.005526153302933531	0.017410232018665418	0.09515586378741958	1.0786798720551614	63
8.0	0.125	64	16	ZZ onsite	0.6977109445781436	1.7265641989238865	0.00378833478170143	0.00445687778293527	0.013768141399027156	0.6202884650712347	0.006197008455320229	0.021887161041501076	64
8.0	0.125	64	16	n	0.6977109445781436	1.7265641989238865	0.0007063857014851238	0.0008588734589107458	0.002910906940817859	0.871153349598619	0.0008031553699071382	0.0033097306987364514	64
8.0	0.125	64	32	SzSz r=1	0.9413750028705448	1.7265641989238865	0.0002498882502309091	0.0002456975566439018	0.0005097185821279632	0.10007668467392333	0.0024066755054190096	0.005163956128283715	63
8.0	0.125	64	32	hop up r=1	0.9413750028705448	1.7265641989238865	0.003219863251139543	0.002832339487201035	0.004725041901595395	0.3881486363265399	0.008414881027152488	0.01226842744788552	63
8.0	0.125	64	32	DoubleOcc	0.9413750028705448	1.7265641989238865	0.0002606345873970989	0.00022761780853954028	0.0004547413722141569	0.03038138870098331	0.008592870410340306	0.014928874321955197	64
8.0	0.125	64	32	ZZ up-up r=1	0.9413750028705448	1.7265641989238865	0.0016536903799814762	0.001612435331482044	0.003220296106751508	0.44112494961787047	0.003772923033673054	0.007771554617453127	63
8.0	0.125	64	32	Sz	0.9413750028705448	1.7265641989238865	0.00031783509917958884	0.000367800436315981	0.0009405552194250086	0.017410232018665418	0.018580781542425873	0.3001191582997239	63
8.0	0.125	64	32	ZZ onsite	0.9413750028705448	1.7265641989238865	0.0009461420786426866	0.0009520162596511599	0.002165585565943262	0.6202884650712347	0.0015066424930359667	0.0034475894868459746	64
8.0	0.125	64	32	n	0.9413750028705448	1.7265641989238865	0.00017610507002779885	0.00017381103766023372	0.000388263421378765	0.871153349598619	0.00020276618910090605	0.0004502016393161946	64
8.0	0.125	128	4	SzSz r=1	1.9503129225255624e-5	1.7283690069764233	0.007887092942449811	0.01260702224928884	0.07513975935910494	0.10051314812216744	0.07895015618254436	0.8096132749586314	127
8.0	0.125	128	4	hop up r=1	1.9503129225255624e-5	1.7283690069764233	0.1156670201157598	0.12480852606734812	0.3454505780825654	0.38842994879576703	0.2972892914256299	0.9210090909575956	127
8.0	0.125	128	4	DoubleOcc	1.9503129225255624e-5	1.7283690069764233	0.011928766656805354	0.011643396935491077	0.0434196620044985	0.030449606723886705	0.39087536157618574	1.4028973716665467	128
8.0	0.125	128	4	ZZ up-up r=1	1.9503129225255624e-5	1.7283690069764233	0.06878693457776619	0.0818243273848881	0.3331258059687272	0.44412984525244803	0.14766840808053103	0.8001227775884714	127
8.0	0.125	128	4	Sz	1.9503129225255624e-5	1.7283690069764233	0.018422756075884464	0.023737735255235794	0.0957132932950905	0.014835917931699085	0.9287953477634165	27.475028193445976	126
8.0	0.125	128	4	ZZ onsite	1.9503129225255624e-5	1.7283690069764233	0.05104110427386793	0.056997831685942975	0.19865107458182846	0.6243183416703841	0.08198029024183268	0.31879025097668434	128
8.0	0.125	128	4	n	1.9503129225255624e-5	1.7283690069764233	0.012833490979430429	0.0160491776624646	0.06774690233783653	0.8733888151707505	0.014816722930658697	0.08021886329174877	128
8.0	0.125	128	8	SzSz r=1	0.032826242546901876	1.7283690069764233	0.0017270282959059025	0.00215559173801565	0.006650314258017792	0.10051314812216744	0.017178820287442595	0.07029746080283054	127
8.0	0.125	128	8	hop up r=1	0.032826242546901876	1.7283690069764233	0.0597295527426247	0.0618803272201585	0.09980921663360637	0.38842994879576703	0.15235610152816334	0.26348478414599796	127
8.0	0.125	128	8	DoubleOcc	0.032826242546901876	1.7283690069764233	0.005921986750237362	0.005755764352287811	0.012840556212581039	0.030449606723886705	0.19487010358149853	0.419133249202066	128
8.0	0.125	128	8	ZZ up-up r=1	0.032826242546901876	1.7283690069764233	0.019707707520033257	0.02068062014972769	0.05711786014534331	0.44412984525244803	0.04477391321451667	0.13598184098465033	127
8.0	0.125	128	8	Sz	0.032826242546901876	1.7283690069764233	0.004287249693982366	0.007142831722343937	0.027041706769727662	0.014835917931699085	0.2836326758285914	7.933668713031681	126
8.0	0.125	128	8	ZZ onsite	0.032826242546901876	1.7283690069764233	0.021661808760048307	0.022988264827811244	0.05203042156053206	0.6243183416703841	0.03488774788039512	0.0823824920080204	128
8.0	0.125	128	8	n	0.032826242546901876	1.7283690069764233	0.0045213439873922345	0.004824521896764101	0.016340480788949563	0.8733888151707505	0.005185861582334216	0.01861147644906586	128
8.0	0.125	128	16	SzSz r=1	0.4118491817742082	1.7283690069764233	0.0009136715881615243	0.000939831901388916	0.0025085146528083108	0.10051314812216744	0.008977518274615097	0.025110344847020606	127
8.0	0.125	128	16	hop up r=1	0.4118491817742082	1.7283690069764233	0.0161116798390899	0.01584032475253138	0.03400516814244253	0.38842994879576703	0.041421185016369926	0.08792320268443808	127
8.0	0.125	128	16	DoubleOcc	0.4118491817742082	1.7283690069764233	0.0011963965437460228	0.0012581378845277305	0.003343606341705413	0.030449606723886705	0.039419287876650055	0.1095886501333361	128
8.0	0.125	128	16	ZZ up-up r=1	0.4118491817742082	1.7283690069764233	0.0065734645108986856	0.006919874118711646	0.015085593800473085	0.44412984525244803	0.015707927664904597	0.035502614517903736	127
8.0	0.125	128	16	Sz	0.4118491817742082	1.7283690069764233	0.0010517351035943517	0.0019554929856195856	0.009005364917126852	0.014835917931699085	0.06304765037474244	2.7094373083697074	126
8.0	0.125	128	16	ZZ onsite	0.4118491817742082	1.7283690069764233	0.005369073997095464	0.005474087013471561	0.01359103002460893	0.6243183416703841	0.008602655177639397	0.021537428494062576	128
8.0	0.125	128	16	n	0.4118491817742082	1.7283690069764233	0.000800742052645298	0.000912569177853549	0.002867488938989693	0.8733888151707505	0.0009049961246252918	0.0033086972547993008	128
8.0	0.125	128	32	SzSz r=1	0.8491295621036783	1.7283690069764233	0.0002812267567561533	0.0002812461073799579	0.0009709912760496181	0.10051314812216744	0.00278405409151968	0.010379320818931078	127
8.0	0.125	128	32	hop up r=1	0.8491295621036783	1.7283690069764233	0.004263843430747871	0.0037891375950625914	0.006245806715784008	0.38842994879576703	0.010938638045100662	0.016638145633488106	127
8.0	0.125	128	32	DoubleOcc	0.8491295621036783	1.7283690069764233	0.00036982856957090693	0.00032116868282671307	0.0006820388685087053	0.030449606723886705	0.012089919181658752	0.02274308081407718	128
8.0	0.125	128	32	ZZ up-up r=1	0.8491295621036783	1.7283690069764233	0.002114617512124939	0.0020329091572794345	0.0052149276670145905	0.44412984525244803	0.004709838039410342	0.012525545409851525	127
8.0	0.125	128	32	Sz	0.8491295621036783	1.7283690069764233	0.000233430594294844	0.00040560074622452785	0.001811824168132966	0.014835917931699085	0.015280841361618506	0.593562687771532	126
8.0	0.125	128	32	ZZ onsite	0.8491295621036783	1.7283690069764233	0.0013296902176059278	0.0013048549908274143	0.0024528385901874117	0.6243183416703841	0.0021389843445949845	0.003907995775601208	128
8.0	0.125	128	32	n	0.8491295621036783	1.7283690069764233	0.00018294142962937965	0.00020244412995663614	0.00046275406725615476	0.8733888151707505	0.00021002945624332573	0.0005328666276663876	128
