L	rho	site	prior	observable	true	Delta	G	G_max
14	ED	1	chi2	n	0.9999999999997996	-2.000621890374532e-13	1.0000000218815794	0.9999999999897157
14	ED	1	chi4	n	0.9999999999997996	3.438049844817215e-10	0.9999999998578745	0.9999999999897157
14	ED	1	chi8	n	0.9999999999997996	5.16019227347897e-10	0.9999999987291643	0.9999999999897157
14	ED	1	chi16	n	0.9999999999997996	-8.085343505825904e-11	0.9999999987168954	0.9999999999897157
14	ED	1	chi32	n	0.9999999999997996	3.942179915839006e-11	1.0000000001538814	0.9999999999897157
14	ED	1	exact	n	0.9999999999997996	-2.8873570201426446e-12	0.9999999999897157	0.9999999999897157
14	ED	1	UHF	n	0.9999999999997996	-1.9895196601282805e-13	0.014650737725099467	0.9999999999897157
14	ED	1	UHFsym	n	0.9999999999997996	-1.9906298831529057e-13	1.0000000000000038	0.9999999999897157
14	ED	1	chi2	Sz	2.5904278722066465e-13	1.6823259091358553e-8	1.0000000298833678	0.9999999999931931
14	ED	1	chi4	Sz	2.5904278722066465e-13	-5.231816577189186e-10	0.9999999988789331	0.9999999999931931
14	ED	1	chi8	Sz	2.5904278722066465e-13	-1.5982932199953837e-9	0.9999999968734186	0.9999999999931931
14	ED	1	chi16	Sz	2.5904278722066465e-13	-8.891109237740835e-10	0.9999999984650132	0.9999999999931931
14	ED	1	chi32	Sz	2.5904278722066465e-13	7.08604841470617e-11	1.0000000001033835	0.9999999999931931
14	ED	1	exact	Sz	2.5904278722066465e-13	-4.413906740108331e-12	0.9999999999931931	0.9999999999931931
14	ED	1	UHF	Sz	2.5904278722066465e-13	0.4377960183864402	0.02157588457634625	0.9999999999931931
14	ED	1	UHFsym	Sz	2.5904278722066465e-13	2.5902717470938086e-13	0.9999999999999991	0.9999999999931931
14	ED	1	chi2	DoubleOcc	0.07125451111705669	0.07125451111705669	6.1001777216644415	51.459537072987075
14	ED	1	chi4	DoubleOcc	0.07125451111705669	-8.902669252197626e-5	51.432127810501	51.459537072987075
14	ED	1	chi8	DoubleOcc	0.07125451111705669	1.2578157027071102e-5	51.463309914715644	51.459537072987075
14	ED	1	chi16	DoubleOcc	0.07125451111705669	-1.4282678352517397e-6	51.45910692936671	51.459537072987075
14	ED	1	chi32	DoubleOcc	0.07125451111705669	1.3362452036536077e-7	51.45957722821609	51.459537072987075
14	ED	1	exact	DoubleOcc	0.07125451111705669	2.0204987682959086e-10	51.459537072987075	51.459537072987075
14	ED	1	UHF	DoubleOcc	0.07125451111705669	0.012919864831850925	1.5321670299241148	51.459537072987075
14	ED	1	UHFsym	DoubleOcc	0.07125451111705669	0.012919864831850814	43.51371675263087	51.459537072987075
14	ED	1	chi2	ZZ onsite	-0.714981955531573	0.2850180444684267	6.10307934504693	106.06508918075592
14	ED	1	chi4	ZZ onsite	-0.714981955531573	-0.0003561074578983803	106.03230718825782	106.06508918075592
14	ED	1	chi8	ZZ onsite	-0.714981955531573	5.031159586876832e-5	106.06927887869803	106.06508918075592
14	ED	1	chi16	ZZ onsite	-0.714981955531573	-5.71290983508721e-6	106.06460644339919	106.06508918075592
14	ED	1	chi32	ZZ onsite	-0.714981955531573	5.344190372458257e-7	106.06513419159735	106.06508918075592
14	ED	1	exact	ZZ onsite	-0.714981955531573	8.137734930357965e-10	106.06508918075592	106.06508918075592
14	ED	1	UHF	ZZ onsite	-0.714981955531573	0.05167945932760121	70.48277597312624	106.06508918075592
14	ED	1	UHFsym	ZZ onsite	-0.714981955531573	0.05167945932760076	70.48277597312662	106.06508918075592
14	ED	1	chi2	ZZ up-up r=1	-0.8272710909225026	0.17272890907749705	20.26793947960651	222.58891182475418
14	ED	1	chi4	ZZ up-up r=1	-0.8272710909225026	0.09720469515151575	52.659343161743315	222.58891182475418
14	ED	1	chi8	ZZ up-up r=1	-0.8272710909225026	0.007594599524827439	216.00042079695768	222.58891182475418
14	ED	1	chi16	ZZ up-up r=1	-0.8272710909225026	0.0006409660533744921	222.33925011129008	222.58891182475418
14	ED	1	chi32	ZZ up-up r=1	-0.8272710909225026	2.823012197739061e-5	222.5791589320014	222.58891182475418
14	ED	1	exact	ZZ up-up r=1	-0.8272710909225026	3.2717015763239488e-9	222.58891182475418	222.58891182475418
14	ED	1	UHF	ZZ up-up r=1	-0.8272710909225026	0.05859306841405665	100.791386489559	222.58891182475418
14	ED	1	UHFsym	ZZ up-up r=1	-0.8272710909225026	-0.3864882444383285	4.5383217708849255	222.58891182475418
14	ED	1	chi2	SzSz r=1	-0.17539199440446396	0.07460800559553596	5.054643094375905	99.02344713755019
14	ED	1	chi4	SzSz r=1	-0.17539199440446396	0.02949570986399766	25.92390215425293	99.02344713755019
14	ED	1	chi8	SzSz r=1	-0.17539199440446396	0.0016347463843445764	98.3305070283273	99.02344713755019
14	ED	1	chi16	SzSz r=1	-0.17539199440446396	0.0001382372481937011	99.02717463790822	99.02344713755019
14	ED	1	chi32	SzSz r=1	-0.17539199440446396	6.274970224595666e-6	99.02389011349891	99.02344713755019
14	ED	1	exact	SzSz r=1	-0.17539199440446396	7.056386586157259e-10	99.02344713755019	99.02344713755019
14	ED	1	UHF	SzSz r=1	-0.17539199440446396	0.018783585813016312	46.76717795334532	99.02344713755019
14	ED	1	UHFsym	SzSz r=1	-0.17539199440446396	-0.09248674240007983	3.5256536322458847	99.02344713755019
14	ED	1	chi2	hop up r=1	0.637166992025662	0.637166992025662	1.0	69.80435539739564
14	ED	1	chi4	hop up r=1	0.637166992025662	-0.046760810279487974	48.86182296409498	69.80435539739564
14	ED	1	chi8	hop up r=1	0.637166992025662	-0.003465150539878392	69.38366292552814	69.80435539739564
14	ED	1	chi16	hop up r=1	0.637166992025662	-0.00034658483819516306	69.77495859889808	69.80435539739564
14	ED	1	chi32	hop up r=1	0.637166992025662	-1.2114218240322217e-5	69.80337603922531	69.80435539739564
14	ED	1	exact	hop up r=1	0.637166992025662	-1.5806096431703054e-9	69.80435539739564	69.80435539739564
14	ED	1	UHF	hop up r=1	0.637166992025662	0.1699157994822127	12.142110344410694	69.80435539739564
14	ED	1	UHFsym	hop up r=1	0.637166992025662	0.16991579948221236	12.142110344410737	69.80435539739564
14	DMRG	1	chi2	n	1.000000000002687	2.6872948311051914e-12	1.0000000218815794	0.9999999999897157
14	DMRG	1	chi4	n	1.000000000002687	3.466923415018641e-10	0.9999999998578745	0.9999999999897157
14	DMRG	1	chi8	n	1.000000000002687	5.189065843680396e-10	0.9999999987291643	0.9999999999897157
14	DMRG	1	chi16	n	1.000000000002687	-7.796607803811639e-11	0.9999999987168954	0.9999999999897157
14	DMRG	1	chi32	n	1.000000000002687	4.23091561785327e-11	1.0000000001538814	0.9999999999897157
14	DMRG	1	exact	n	1.000000000002687	0.0	0.9999999999897157	0.9999999999897157
14	DMRG	1	UHF	n	1.000000000002687	2.6884050541298166e-12	0.014650737725099467	0.9999999999897157
14	DMRG	1	UHFsym	n	1.000000000002687	2.688294031827354e-12	1.0000000000000038	0.9999999999897157
14	DMRG	1	chi2	Sz	4.672949527328996e-12	1.682767299809866e-8	1.0000000298833678	0.9999999999931931
14	DMRG	1	chi4	Sz	4.672949527328996e-12	-5.187677509788102e-10	0.9999999988789331	0.9999999999931931
14	DMRG	1	chi8	Sz	4.672949527328996e-12	-1.5938793132552753e-9	0.9999999968734186	0.9999999999931931
14	DMRG	1	chi16	Sz	4.672949527328996e-12	-8.846970170339752e-10	0.9999999984650132	0.9999999999931931
14	DMRG	1	chi32	Sz	4.672949527328996e-12	7.527439088717003e-11	1.0000000001033835	0.9999999999931931
14	DMRG	1	exact	Sz	4.672949527328996e-12	0.0	0.9999999999931931	0.9999999999931931
14	DMRG	1	UHF	Sz	4.672949527328996e-12	0.43779601839085414	0.02157588457634625	0.9999999999931931
14	DMRG	1	UHFsym	Sz	4.672949527328996e-12	4.672933914817712e-12	0.9999999999999991	0.9999999999931931
14	DMRG	1	chi2	DoubleOcc	0.07125451091500681	0.07125451091500681	6.1001777216644415	51.459537072987075
14	DMRG	1	chi4	DoubleOcc	0.07125451091500681	-8.902689457185309e-5	51.432127810501	51.459537072987075
14	DMRG	1	chi8	DoubleOcc	0.07125451091500681	1.2577954977194272e-5	51.463309914715644	51.459537072987075
14	DMRG	1	chi16	DoubleOcc	0.07125451091500681	-1.4284698851285693e-6	51.45910692936671	51.459537072987075
14	DMRG	1	chi32	DoubleOcc	0.07125451091500681	1.3342247048853118e-7	51.45957722821609	51.459537072987075
14	DMRG	1	exact	DoubleOcc	0.07125451091500681	0.0	51.459537072987075	51.459537072987075
14	DMRG	1	UHF	DoubleOcc	0.07125451091500681	0.012919864629801048	1.5321670299241148	51.459537072987075
14	DMRG	1	UHFsym	DoubleOcc	0.07125451091500681	0.012919864629800937	43.51371675263087	51.459537072987075
14	DMRG	1	chi2	ZZ onsite	-0.7149819563453464	0.2850180436546532	6.10307934504693	106.06508918075592
14	DMRG	1	chi4	ZZ onsite	-0.7149819563453464	-0.0003561082716718733	106.03230718825782	106.06508918075592
14	DMRG	1	chi8	ZZ onsite	-0.7149819563453464	5.0310782095275286e-5	106.06927887869803	106.06508918075592
14	DMRG	1	chi16	ZZ onsite	-0.7149819563453464	-5.713723608580246e-6	106.06460644339919	106.06508918075592
14	DMRG	1	chi32	ZZ onsite	-0.7149819563453464	5.336052637527899e-7	106.06513419159735	106.06508918075592
14	DMRG	1	exact	ZZ onsite	-0.7149819563453464	0.0	106.06508918075592	106.06508918075592
14	DMRG	1	UHF	ZZ onsite	-0.7149819563453464	0.051679458513827714	70.48277597312624	106.06508918075592
14	DMRG	1	UHFsym	ZZ onsite	-0.7149819563453464	0.05167945851382727	70.48277597312662	106.06508918075592
14	DMRG	1	chi2	ZZ up-up r=1	-0.8272710941942042	0.17272890580579547	20.26793947960651	222.58891182475418
14	DMRG	1	chi4	ZZ up-up r=1	-0.8272710941942042	0.09720469187981418	52.659343161743315	222.58891182475418
14	DMRG	1	chi8	ZZ up-up r=1	-0.8272710941942042	0.007594596253125863	216.00042079695768	222.58891182475418
14	DMRG	1	chi16	ZZ up-up r=1	-0.8272710941942042	0.0006409627816729158	222.33925011129008	222.58891182475418
14	DMRG	1	chi32	ZZ up-up r=1	-0.8272710941942042	2.8226850275814286e-5	222.5791589320014	222.58891182475418
14	DMRG	1	exact	ZZ up-up r=1	-0.8272710941942042	0.0	222.58891182475418	222.58891182475418
14	DMRG	1	UHF	ZZ up-up r=1	-0.8272710941942042	0.05859306514235507	100.791386489559	222.58891182475418
14	DMRG	1	UHFsym	ZZ up-up r=1	-0.8272710941942042	-0.3864882477100301	4.5383217708849255	222.58891182475418
14	DMRG	1	chi2	SzSz r=1	-0.17539199511010262	0.0746080048898973	5.054643094375905	99.02344713755019
14	DMRG	1	chi4	SzSz r=1	-0.17539199511010262	0.029495709158359	25.92390215425293	99.02344713755019
14	DMRG	1	chi8	SzSz r=1	-0.17539199511010262	0.0016347456787059178	98.3305070283273	99.02344713755019
14	DMRG	1	chi16	SzSz r=1	-0.17539199511010262	0.00013823654255504247	99.02717463790822	99.02344713755019
14	DMRG	1	chi32	SzSz r=1	-0.17539199511010262	6.2742645859370505e-6	99.02389011349891	99.02344713755019
14	DMRG	1	exact	SzSz r=1	-0.17539199511010262	0.0	99.02344713755019	99.02344713755019
14	DMRG	1	UHF	SzSz r=1	-0.17539199511010262	0.018783585107377654	46.76717795334532	99.02344713755019
14	DMRG	1	UHFsym	SzSz r=1	-0.17539199511010262	-0.09248674310571849	3.5256536322458847	99.02344713755019
14	DMRG	1	chi2	hop up r=1	0.6371669936062716	0.6371669936062716	1.0	69.80435539739564
14	DMRG	1	chi4	hop up r=1	0.6371669936062716	-0.04676080869887833	48.86182296409498	69.80435539739564
14	DMRG	1	chi8	hop up r=1	0.6371669936062716	-0.003465148959268749	69.38366292552814	69.80435539739564
14	DMRG	1	chi16	hop up r=1	0.6371669936062716	-0.0003465832575855199	69.77495859889808	69.80435539739564
14	DMRG	1	chi32	hop up r=1	0.6371669936062716	-1.2112637630679046e-5	69.80337603922531	69.80435539739564
14	DMRG	1	exact	hop up r=1	0.6371669936062716	0.0	69.80435539739564	69.80435539739564
14	DMRG	1	UHF	hop up r=1	0.6371669936062716	0.16991580106282234	12.142110344410694	69.80435539739564
14	DMRG	1	UHFsym	hop up r=1	0.6371669936062716	0.169915801062822	12.142110344410737	69.80435539739564
14	ED	2	chi2	n	0.9999999999998602	-1.397770788003072e-13	1.0000000014088264	0.9999999999974214
14	ED	2	chi4	n	0.9999999999998602	-7.828437564860735e-9	0.9999999964044279	0.9999999999974214
14	ED	2	chi8	n	0.9999999999998602	-1.221546308549648e-9	0.9999999992866947	0.9999999999974214
14	ED	2	chi16	n	0.9999999999998602	-2.2958634993131e-11	0.9999999999263288	0.9999999999974214
14	ED	2	chi32	n	0.9999999999998602	-3.1476932171869976e-11	0.9999999999924457	0.9999999999974214
14	ED	2	exact	n	0.9999999999998602	-6.32771612885108e-12	0.9999999999974214	0.9999999999974214
14	ED	2	UHF	n	0.9999999999998602	-1.3877787807814457e-13	0.020637591456279733	0.9999999999974214
14	ED	2	UHFsym	n	0.9999999999998602	-1.3877787807814457e-13	1.0000000000000018	0.9999999999974214
14	ED	2	chi2	Sz	-1.97834804094299e-13	-1.6823197883375496e-8	1.000000030385206	1.0000000000107894
14	ED	2	chi4	Sz	-1.97834804094299e-13	-3.218903289747832e-9	1.0000000064865016	1.0000000000107894
14	ED	2	chi8	Sz	-1.97834804094299e-13	1.31624925889251e-9	0.9999999977272637	1.0000000000107894
14	ED	2	chi16	Sz	-1.97834804094299e-13	7.44953009002014e-10	0.9999999986560881	1.0000000000107894
14	ED	2	chi32	Sz	-1.97834804094299e-13	-9.472159168133487e-11	1.00000000017342	1.0000000000107894
14	ED	2	exact	Sz	-1.97834804094299e-13	-5.877062725367921e-12	1.0000000000107894	1.0000000000107894
14	ED	2	UHF	Sz	-1.97834804094299e-13	-0.38119378338817517	0.023978688729286986	1.0000000000107894
14	ED	2	UHFsym	Sz	-1.97834804094299e-13	-1.9781615581693224e-13	0.9999999999999998	1.0000000000107894
14	ED	2	chi2	DoubleOcc	0.09922776386984944	0.09922776386984944	2.2958345161315177	27.997171130469972
14	ED	2	chi4	DoubleOcc	0.09922776386984944	0.009003168492623809	26.23057793345243	27.997171130469972
14	ED	2	chi8	DoubleOcc	0.09922776386984944	0.0005350009306600012	28.033258168665352	27.997171130469972
14	ED	2	chi16	DoubleOcc	0.09922776386984944	3.362506514398289e-5	27.99998762635847	27.997171130469972
14	ED	2	chi32	DoubleOcc	0.09922776386984944	1.6389282495865576e-6	27.99731011066595	27.997171130469972
14	ED	2	exact	DoubleOcc	0.09922776386984944	4.196329395078635e-11	27.997171130469972	27.997171130469972
14	ED	2	UHF	DoubleOcc	0.09922776386984944	-0.005463535636509864	1.3469374783831076	27.997171130469972
14	ED	2	UHFsym	DoubleOcc	0.09922776386984944	-0.005463535636510003	26.62823329694495	27.997171130469972
14	ED	2	chi2	ZZ onsite	-0.6030889445204751	0.3969110554795249	2.3682592876673336	46.368833604543305
14	ED	2	chi4	ZZ onsite	-0.6030889445204751	0.03601268962721771	42.16742576378006	46.368833604543305
14	ED	2	chi8	ZZ onsite	-0.6030889445204751	0.002140006165578634	46.5048808766598	46.368833604543305
14	ED	2	chi16	ZZ onsite	-0.6030889445204751	0.00013450030634054588	46.3788877760552	46.368833604543305
14	ED	2	chi32	ZZ onsite	-0.6030889445204751	6.555775799110819e-6	46.36932829460558	46.368833604543305
14	ED	2	exact	ZZ onsite	-0.6030889445204751	1.803568405733813e-10	46.368833604543305	46.368833604543305
14	ED	2	UHF	ZZ onsite	-0.6030889445204751	-0.021854142545914335	42.38979071953231	46.368833604543305
14	ED	2	UHFsym	ZZ onsite	-0.6030889445204751	-0.02185414254591489	42.38979071953216	46.368833604543305
14	ED	2	chi2	ZZ up-up r=1	-0.32342553005972235	-0.3234255300597221	1.0000000000000018	11.36049769532172
14	ED	2	chi4	ZZ up-up r=1	-0.32342553005972235	-0.2856634230967315	1.2530114097579674	11.36049769532172
14	ED	2	chi8	ZZ up-up r=1	-0.32342553005972235	-0.005908546632588774	11.352561146809123	11.36049769532172
14	ED	2	chi16	ZZ up-up r=1	-0.32342553005972235	-4.7342336616296166e-5	11.360750912114652	11.36049769532172
14	ED	2	chi32	ZZ up-up r=1	-0.32342553005972235	-2.109622422974411e-6	11.360509076319937	11.36049769532172
14	ED	2	exact	ZZ up-up r=1	-0.32342553005972235	-2.193539960781976e-9	11.36049769532172	11.36049769532172
14	ED	2	UHF	ZZ up-up r=1	-0.32342553005972235	0.4535410468977938	0.5189421642760095	11.36049769532172
14	ED	2	UHFsym	ZZ up-up r=1	-0.32342553005972235	0.06156990409801727	8.055261047692936	11.36049769532172
14	ED	2	chi2	SzSz r=1	-0.06553632932872176	-0.06553632932872169	1.0000000000000022	8.78384373698834
14	ED	2	chi4	SzSz r=1	-0.06553632932872176	-0.06553632932872178	1.0027438052812596	8.78384373698834
14	ED	2	chi8	SzSz r=1	-0.06553632932872176	-0.0005235028871321407	8.807125278962744	8.78384373698834
14	ED	2	chi16	SzSz r=1	-0.06553632932872176	-1.850335467042108e-5	8.784821942702006	8.78384373698834
14	ED	2	chi32	SzSz r=1	-0.06553632932872176	-4.5527729865268984e-7	8.783865141748448	8.78384373698834
14	ED	2	exact	SzSz r=1	-0.06553632932872176	-3.534512127423284e-10	8.78384373698834	8.78384373698834
14	ED	2	UHF	SzSz r=1	-0.06553632932872176	0.10507011165346557	0.3890802000468366	8.78384373698834
14	ED	2	UHFsym	SzSz r=1	-0.06553632932872176	0.007077325953522617	7.486179515543736	8.78384373698834
14	ED	2	chi2	hop up r=1	0.37584775009788196	0.37584775009788196	1.0	16.1970709216833
14	ED	2	chi4	hop up r=1	0.37584775009788196	0.1270588210196419	6.076492249128575	16.1970709216833
14	ED	2	chi8	hop up r=1	0.37584775009788196	0.0033848032115287308	16.223177420916485	16.1970709216833
14	ED	2	chi16	hop up r=1	0.37584775009788196	1.878994141457646e-5	16.197328117996584	16.1970709216833
14	ED	2	chi32	hop up r=1	0.37584775009788196	4.820493022139605e-6	16.197137011586697	16.1970709216833
14	ED	2	exact	hop up r=1	0.37584775009788196	1.1685239442726925e-9	16.1970709216833	16.1970709216833
14	ED	2	UHF	hop up r=1	0.37584775009788196	-0.058987421038866394	11.309642851220445	16.1970709216833
14	ED	2	UHFsym	hop up r=1	0.37584775009788196	-0.05898742103886484	11.30964285122061	16.1970709216833
14	DMRG	2	chi2	n	1.000000000006188	6.1879390500507725e-12	1.0000000014088264	0.9999999999974214
14	DMRG	2	chi4	n	1.000000000006188	-7.822109848731884e-9	0.9999999964044279	0.9999999999974214
14	DMRG	2	chi8	n	1.000000000006188	-1.215218592420797e-9	0.9999999992866947	0.9999999999974214
14	DMRG	2	chi16	n	1.000000000006188	-1.663091886427992e-11	0.9999999999263288	0.9999999999974214
14	DMRG	2	chi32	n	1.000000000006188	-2.5149216043018896e-11	0.9999999999924457	0.9999999999974214
14	DMRG	2	exact	n	1.000000000006188	0.0	0.9999999999974214	0.9999999999974214
14	DMRG	2	UHF	n	1.000000000006188	6.188938250772935e-12	0.020637591456279733	0.9999999999974214
14	DMRG	2	UHFsym	n	1.000000000006188	6.188938250772935e-12	1.0000000000000018	0.9999999999974214
14	DMRG	2	chi2	Sz	5.679227921273622e-12	-1.6817320820650128e-8	1.000000030385206	1.0000000000107894
14	DMRG	2	chi4	Sz	5.679227921273622e-12	-3.213026227022464e-9	1.0000000064865016	1.0000000000107894
14	DMRG	2	chi8	Sz	5.679227921273622e-12	1.322126321617878e-9	0.9999999977272637	1.0000000000107894
14	DMRG	2	chi16	Sz	5.679227921273622e-12	7.508300717273819e-10	0.9999999986560881	1.0000000000107894
14	DMRG	2	chi32	Sz	5.679227921273622e-12	-8.884452895596695e-11	1.00000000017342	1.0000000000107894
14	DMRG	2	exact	Sz	5.679227921273622e-12	0.0	1.0000000000107894	1.0000000000107894
14	DMRG	2	UHF	Sz	5.679227921273622e-12	-0.3811937833822981	0.023978688729286986	1.0000000000107894
14	DMRG	2	UHFsym	Sz	5.679227921273622e-12	5.679246569550989e-12	0.9999999999999998	1.0000000000107894
14	DMRG	2	chi2	DoubleOcc	0.09922776382788615	0.09922776382788615	2.2958345161315177	27.997171130469972
14	DMRG	2	chi4	DoubleOcc	0.09922776382788615	0.009003168450660515	26.23057793345243	27.997171130469972
14	DMRG	2	chi8	DoubleOcc	0.09922776382788615	0.0005350008886967073	28.033258168665352	27.997171130469972
14	DMRG	2	chi16	DoubleOcc	0.09922776382788615	3.362502318068894e-5	27.99998762635847	27.997171130469972
14	DMRG	2	chi32	DoubleOcc	0.09922776382788615	1.6388862862926068e-6	27.99731011066595	27.997171130469972
14	DMRG	2	exact	DoubleOcc	0.09922776382788615	0.0	27.997171130469972	27.997171130469972
14	DMRG	2	UHF	DoubleOcc	0.09922776382788615	-0.005463535678473158	1.3469374783831076	27.997171130469972
14	DMRG	2	UHFsym	DoubleOcc	0.09922776382788615	-0.005463535678473297	26.62823329694495	27.997171130469972
14	DMRG	2	chi2	ZZ onsite	-0.603088944700832	0.39691105529916804	2.3682592876673336	46.368833604543305
14	DMRG	2	chi4	ZZ onsite	-0.603088944700832	0.03601268944686087	42.16742576378006	46.368833604543305
14	DMRG	2	chi8	ZZ onsite	-0.603088944700832	0.0021400059852217934	46.5048808766598	46.368833604543305
14	DMRG	2	chi16	ZZ onsite	-0.603088944700832	0.0001345001259837053	46.3788877760552	46.368833604543305
14	DMRG	2	chi32	ZZ onsite	-0.603088944700832	6.555595442270246e-6	46.36932829460558	46.368833604543305
14	DMRG	2	exact	ZZ onsite	-0.603088944700832	0.0	46.368833604543305	46.368833604543305
14	DMRG	2	UHF	ZZ onsite	-0.603088944700832	-0.021854142726271175	42.38979071953231	46.368833604543305
14	DMRG	2	UHFsym	ZZ onsite	-0.603088944700832	-0.02185414272627173	42.38979071953216	46.368833604543305
14	DMRG	2	chi2	ZZ up-up r=1	-0.3234255278661824	-0.3234255278661821	1.0000000000000018	11.36049769532172
14	DMRG	2	chi4	ZZ up-up r=1	-0.3234255278661824	-0.2856634209031915	1.2530114097579674	11.36049769532172
14	DMRG	2	chi8	ZZ up-up r=1	-0.3234255278661824	-0.005908544439048813	11.352561146809123	11.36049769532172
14	DMRG	2	chi16	ZZ up-up r=1	-0.3234255278661824	-4.7340143076335384e-5	11.360750912114652	11.36049769532172
14	DMRG	2	chi32	ZZ up-up r=1	-0.3234255278661824	-2.107428883013629e-6	11.360509076319937	11.36049769532172
14	DMRG	2	exact	ZZ up-up r=1	-0.3234255278661824	0.0	11.36049769532172	11.36049769532172
14	DMRG	2	UHF	ZZ up-up r=1	-0.3234255278661824	0.45354104909133375	0.5189421642760095	11.36049769532172
14	DMRG	2	UHFsym	ZZ up-up r=1	-0.3234255278661824	0.06156990629155723	8.055261047692936	11.36049769532172
14	DMRG	2	chi2	SzSz r=1	-0.06553632897527055	-0.06553632897527048	1.0000000000000022	8.78384373698834
14	DMRG	2	chi4	SzSz r=1	-0.06553632897527055	-0.06553632897527056	1.0027438052812596	8.78384373698834
14	DMRG	2	chi8	SzSz r=1	-0.06553632897527055	-0.0005235025336809279	8.807125278962744	8.78384373698834
14	DMRG	2	chi16	SzSz r=1	-0.06553632897527055	-1.8503001219208337e-5	8.784821942702006	8.78384373698834
14	DMRG	2	chi32	SzSz r=1	-0.06553632897527055	-4.549238474399475e-7	8.783865141748448	8.78384373698834
14	DMRG	2	exact	SzSz r=1	-0.06553632897527055	0.0	8.78384373698834	8.78384373698834
14	DMRG	2	UHF	SzSz r=1	-0.06553632897527055	0.10507011200691678	0.3890802000468366	8.78384373698834
14	DMRG	2	UHFsym	SzSz r=1	-0.06553632897527055	0.00707732630697383	7.486179515543736	8.78384373698834
14	DMRG	2	chi2	hop up r=1	0.375847748929358	0.375847748929358	1.0	16.1970709216833
14	DMRG	2	chi4	hop up r=1	0.375847748929358	0.12705881985111794	6.076492249128575	16.1970709216833
14	DMRG	2	chi8	hop up r=1	0.375847748929358	0.0033848020430047865	16.223177420916485	16.1970709216833
14	DMRG	2	chi16	hop up r=1	0.375847748929358	1.8788772890632188e-5	16.197328117996584	16.1970709216833
14	DMRG	2	chi32	hop up r=1	0.375847748929358	4.819324498195332e-6	16.197137011586697	16.1970709216833
14	DMRG	2	exact	hop up r=1	0.375847748929358	0.0	16.1970709216833	16.1970709216833
14	DMRG	2	UHF	hop up r=1	0.375847748929358	-0.05898742220739034	11.309642851220445	16.1970709216833
14	DMRG	2	UHFsym	hop up r=1	0.375847748929358	-0.058987422207388784	11.30964285122061	16.1970709216833
14	ED	3	chi2	n	0.9999999999998391	-1.6042722705833512e-13	0.9999999874244675	1.000000000063453
14	ED	3	chi4	n	0.9999999999998391	1.502872326586413e-8	0.9999999831883332	1.000000000063453
14	ED	3	chi8	n	0.9999999999998391	-3.115457891667006e-10	0.9999999995933327	1.000000000063453
14	ED	3	chi16	n	0.9999999999998391	2.4412694088482567e-12	1.000000000071825	1.000000000063453
14	ED	3	chi32	n	0.9999999999998391	6.4288574463944315e-12	1.0000000000698106	1.000000000063453
14	ED	3	exact	n	0.9999999999998391	1.1794232257500425e-11	1.000000000063453	1.000000000063453
14	ED	3	UHF	n	0.9999999999998391	-1.5509815654013437e-13	0.015770467560409313	1.000000000063453
14	ED	3	UHFsym	n	0.9999999999998391	-1.5509815654013437e-13	0.9999999999999954	1.000000000063453
14	ED	3	chi2	Sz	1.574226859979433e-13	4.678001118413468e-9	0.9999999962756452	1.0000000000180622
14	ED	3	chi4	Sz	1.574226859979433e-13	4.410404541577151e-10	0.9999999941037899	1.0000000000180622
14	ED	3	chi8	Sz	1.574226859979433e-13	2.718633998477493e-10	0.9999999998985669	1.0000000000180622
14	ED	3	chi16	Sz	1.574226859979433e-13	-2.7566102178688823e-11	1.0000000000211124	1.0000000000180622
14	ED	3	chi32	Sz	1.574226859979433e-13	-2.8359481429873767e-11	1.000000000020273	1.0000000000180622
14	ED	3	exact	Sz	1.574226859979433e-13	-2.8069276070130655e-11	1.0000000000180622	1.0000000000180622
14	ED	3	UHF	Sz	1.574226859979433e-13	0.3855551798846366	0.030307062365209622	1.0000000000180622
14	ED	3	UHFsym	Sz	1.574226859979433e-13	1.5741791550838435e-13	0.9999999999999979	1.0000000000180622
14	ED	3	chi2	DoubleOcc	0.09735999981809185	0.09735999981809185	2.218203892671466	27.522116433057963
14	ED	3	chi4	DoubleOcc	0.09735999981809185	0.013277947863978123	21.9029393378586	27.522116433057963
14	ED	3	chi8	DoubleOcc	0.09735999981809185	-0.0005613171409734607	27.571901526856887	27.522116433057963
14	ED	3	chi16	DoubleOcc	0.09735999981809185	9.28197185155466e-5	27.51195798697587	27.522116433057963
14	ED	3	chi32	DoubleOcc	0.09735999981809185	2.614609511009114e-6	27.521837754523474	27.522116433057963
14	ED	3	exact	DoubleOcc	0.09735999981809185	2.014083344548112e-10	27.522116433057963	27.522116433057963
14	ED	3	UHF	DoubleOcc	0.09735999981809185	-0.003987203446152138	1.035332205370352	27.522116433057963
14	ED	3	UHFsym	DoubleOcc	0.09735999981809185	-0.003987203446152138	27.437891594989694	27.522116433057963
14	ED	3	chi2	ZZ onsite	-0.6105600007274751	0.3894399992725245	2.3286869826127803	49.47740323850943
14	ED	3	chi4	ZZ onsite	-0.6105600007274751	0.05311176139830165	34.983988815732175	49.47740323850943
14	ED	3	chi8	ZZ onsite	-0.6105600007274751	-0.002245267940968243	49.53602103209503	49.47740323850943
14	ED	3	chi16	ZZ onsite	-0.6105600007274751	0.00037127886901522356	49.46141157732498	49.47740323850943
14	ED	3	chi32	ZZ onsite	-0.6105600007274751	1.045842502178651e-5	49.47697719519477	49.47740323850943
14	ED	3	exact	ZZ onsite	-0.6105600007274751	7.818803382519945e-10	49.47740323850943	49.47740323850943
14	ED	3	UHF	ZZ onsite	-0.6105600007274751	-0.015948813784462557	48.49252177176357	49.47740323850943
14	ED	3	UHFsym	ZZ onsite	-0.6105600007274751	-0.015948813784462557	48.49252177176357	49.47740323850943
14	ED	3	chi2	ZZ up-up r=1	-0.6809703343228245	0.31902966567717506	4.415471006007083	70.14440381340621
14	ED	3	chi4	ZZ up-up r=1	-0.6809703343228245	0.14800399092127448	16.88332881513744	70.14440381340621
14	ED	3	chi8	ZZ up-up r=1	-0.6809703343228245	-0.00729117037048177	69.28568775641082	70.14440381340621
14	ED	3	chi16	ZZ up-up r=1	-0.6809703343228245	-0.0034568205572534927	69.87108677914834	70.14440381340621
14	ED	3	chi32	ZZ up-up r=1	-0.6809703343228245	3.5438986178970566e-5	70.14593016320093	70.14440381340621
14	ED	3	exact	ZZ up-up r=1	-0.6809703343228245	2.735513260354594e-9	70.14440381340621	70.14440381340621
14	ED	3	UHF	ZZ up-up r=1	-0.6809703343228245	0.10492139631857378	27.33114076258637	70.14440381340621
14	ED	3	UHFsym	ZZ up-up r=1	-0.6809703343228245	-0.2903805414500388	5.128994118302819	70.14440381340621
14	ED	3	chi2	SzSz r=1	-0.14316569453282663	0.10683430546717326	1.6999527853678318	53.37287908003859
14	ED	3	chi4	SzSz r=1	-0.14316569453282663	0.038611038016735794	10.54740192280356	53.37287908003859
14	ED	3	chi8	SzSz r=1	-0.14316569453282663	-0.0017514098605344586	53.66072727408087	53.37287908003859
14	ED	3	chi16	SzSz r=1	-0.14316569453282663	-0.0006088104650895376	53.398955561242026	53.37287908003859
14	ED	3	chi32	SzSz r=1	-0.14316569453282663	5.458125632740174e-6	53.37320798094535	53.37287908003859
14	ED	3	exact	SzSz r=1	-0.14316569453282663	5.271213465718461e-10	53.37287908003859	53.37287908003859
14	ED	3	UHF	SzSz r=1	-0.14316569453282663	0.02918083848996139	16.106901038943622	53.37287908003859
14	ED	3	UHFsym	SzSz r=1	-0.14316569453282663	-0.0696446459521909	4.061522541019726	53.37287908003859
14	ED	3	chi2	hop up r=1	0.5776047738059102	0.5776047738059102	1.0	45.001180972365
14	ED	3	chi4	hop up r=1	0.5776047738059102	-0.07181047538773533	27.914501676573366	45.001180972365
14	ED	3	chi8	hop up r=1	0.5776047738059102	0.00492283118858361	44.67473957642135	45.001180972365
14	ED	3	chi16	hop up r=1	0.5776047738059102	0.0010790275912040403	44.95350051316484	45.001180972365
14	ED	3	chi32	hop up r=1	0.5776047738059102	-1.6913878955304718e-5	45.00182033279774	45.001180972365
14	ED	3	exact	hop up r=1	0.5776047738059102	-9.857104021904206e-10	45.001180972365	45.001180972365
14	ED	3	UHF	hop up r=1	0.5776047738059102	0.1382743775202842	12.464876452629934	45.001180972365
14	ED	3	UHFsym	hop up r=1	0.5776047738059102	0.1382743775202836	12.464876452630017	45.001180972365
14	DMRG	3	chi2	n	0.9999999999880449	-1.195465948455876e-11	0.9999999874244675	1.000000000063453
14	DMRG	3	chi4	n	0.9999999999880449	1.501692903360663e-8	0.9999999831883332	1.000000000063453
14	DMRG	3	chi8	n	0.9999999999880449	-3.2334002142420104e-10	0.9999999995933327	1.000000000063453
14	DMRG	3	chi16	n	0.9999999999880449	-9.352962848652169e-12	1.000000000071825	1.000000000063453
14	DMRG	3	chi32	n	0.9999999999880449	-5.365374811105994e-12	1.0000000000698106	1.000000000063453
14	DMRG	3	exact	n	0.9999999999880449	0.0	1.000000000063453	1.000000000063453
14	DMRG	3	UHF	n	0.9999999999880449	-1.194933041404056e-11	0.015770467560409313	1.000000000063453
14	DMRG	3	UHFsym	n	0.9999999999880449	-1.194933041404056e-11	0.9999999999999954	1.000000000063453
14	DMRG	3	chi2	Sz	2.82266987561286e-11	4.706070394483599e-9	0.9999999962756452	1.0000000000180622
14	DMRG	3	chi4	Sz	2.82266987561286e-11	4.691097302278457e-10	0.9999999941037899	1.0000000000180622
14	DMRG	3	chi8	Sz	2.82266987561286e-11	2.9993267591788e-10	0.9999999998985669	1.0000000000180622
14	DMRG	3	chi16	Sz	2.82266987561286e-11	5.031738914418327e-13	1.0000000000211124	1.0000000000180622
14	DMRG	3	chi32	Sz	2.82266987561286e-11	-2.90205359743112e-13	1.000000000020273	1.0000000000180622
14	DMRG	3	exact	Sz	2.82266987561286e-11	0.0	1.0000000000180622	1.0000000000180622
14	DMRG	3	UHF	Sz	2.82266987561286e-11	0.3855551799127059	0.030307062365209622	1.0000000000180622
14	DMRG	3	UHFsym	Sz	2.82266987561286e-11	2.822669398563904e-11	0.9999999999999979	1.0000000000180622
14	DMRG	3	chi2	DoubleOcc	0.09735999961668351	0.09735999961668351	2.218203892671466	27.522116433057963
14	DMRG	3	chi4	DoubleOcc	0.09735999961668351	0.013277947662569789	21.9029393378586	27.522116433057963
14	DMRG	3	chi8	DoubleOcc	0.09735999961668351	-0.0005613173423817952	27.571901526856887	27.522116433057963
14	DMRG	3	chi16	DoubleOcc	0.09735999961668351	9.281951710721215e-5	27.51195798697587	27.522116433057963
14	DMRG	3	chi32	DoubleOcc	0.09735999961668351	2.614408102674659e-6	27.521837754523474	27.522116433057963
14	DMRG	3	exact	DoubleOcc	0.09735999961668351	0.0	27.522116433057963	27.522116433057963
14	DMRG	3	UHF	DoubleOcc	0.09735999961668351	-0.003987203647560472	1.035332205370352	27.522116433057963
14	DMRG	3	UHFsym	DoubleOcc	0.09735999961668351	-0.003987203647560472	27.437891594989694	27.522116433057963
14	DMRG	3	chi2	ZZ onsite	-0.6105600015093554	0.38943999849064415	2.3286869826127803	49.47740323850943
14	DMRG	3	chi4	ZZ onsite	-0.6105600015093554	0.05311176061642131	34.983988815732175	49.47740323850943
14	DMRG	3	chi8	ZZ onsite	-0.6105600015093554	-0.0022452687228485813	49.53602103209503	49.47740323850943
14	DMRG	3	chi16	ZZ onsite	-0.6105600015093554	0.0003712780871348853	49.46141157732498	49.47740323850943
14	DMRG	3	chi32	ZZ onsite	-0.6105600015093554	1.0457643141448258e-5	49.47697719519477	49.47740323850943
14	DMRG	3	exact	ZZ onsite	-0.6105600015093554	0.0	49.47740323850943	49.47740323850943
14	DMRG	3	UHF	ZZ onsite	-0.6105600015093554	-0.015948814566342895	48.49252177176357	49.47740323850943
14	DMRG	3	UHFsym	ZZ onsite	-0.6105600015093554	-0.015948814566342895	48.49252177176357	49.47740323850943
14	DMRG	3	chi2	ZZ up-up r=1	-0.6809703370583378	0.3190296629416618	4.415471006007083	70.14440381340621
14	DMRG	3	chi4	ZZ up-up r=1	-0.6809703370583378	0.14800398818576121	16.88332881513744	70.14440381340621
14	DMRG	3	chi8	ZZ up-up r=1	-0.6809703370583378	-0.00729117310599503	69.28568775641082	70.14440381340621
14	DMRG	3	chi16	ZZ up-up r=1	-0.6809703370583378	-0.003456823292766753	69.87108677914834	70.14440381340621
14	DMRG	3	chi32	ZZ up-up r=1	-0.6809703370583378	3.543625066571021e-5	70.14593016320093	70.14440381340621
14	DMRG	3	exact	ZZ up-up r=1	-0.6809703370583378	0.0	70.14440381340621	70.14440381340621
14	DMRG	3	UHF	ZZ up-up r=1	-0.6809703370583378	0.10492139358306052	27.33114076258637	70.14440381340621
14	DMRG	3	UHFsym	ZZ up-up r=1	-0.6809703370583378	-0.29038054418555204	5.128994118302819	70.14440381340621
14	DMRG	3	chi2	SzSz r=1	-0.14316569505994797	0.10683430494005192	1.6999527853678318	53.37287908003859
14	DMRG	3	chi4	SzSz r=1	-0.14316569505994797	0.03861103748961445	10.54740192280356	53.37287908003859
14	DMRG	3	chi8	SzSz r=1	-0.14316569505994797	-0.0017514103876558051	53.66072727408087	53.37287908003859
14	DMRG	3	chi16	SzSz r=1	-0.14316569505994797	-0.0006088109922108842	53.398955561242026	53.37287908003859
14	DMRG	3	chi32	SzSz r=1	-0.14316569505994797	5.457598511393602e-6	53.37320798094535	53.37287908003859
14	DMRG	3	exact	SzSz r=1	-0.14316569505994797	0.0	53.37287908003859	53.37287908003859
14	DMRG	3	UHF	SzSz r=1	-0.14316569505994797	0.029180837962840045	16.106901038943622	53.37287908003859
14	DMRG	3	UHFsym	SzSz r=1	-0.14316569505994797	-0.06964464647931225	4.061522541019726	53.37287908003859
14	DMRG	3	chi2	hop up r=1	0.5776047747916206	0.5776047747916206	1.0	45.001180972365
14	DMRG	3	chi4	hop up r=1	0.5776047747916206	-0.07181047440202493	27.914501676573366	45.001180972365
14	DMRG	3	chi8	hop up r=1	0.5776047747916206	0.004922832174294012	44.67473957642135	45.001180972365
14	DMRG	3	chi16	hop up r=1	0.5776047747916206	0.0010790285769144425	44.95350051316484	45.001180972365
14	DMRG	3	chi32	hop up r=1	0.5776047747916206	-1.6912893244902527e-5	45.00182033279774	45.001180972365
14	DMRG	3	exact	hop up r=1	0.5776047747916206	0.0	45.001180972365	45.001180972365
14	DMRG	3	UHF	hop up r=1	0.5776047747916206	0.1382743785059946	12.464876452629934	45.001180972365
14	DMRG	3	UHFsym	hop up r=1	0.5776047747916206	0.138274378505994	12.464876452630017	45.001180972365
14	ED	4	chi2	n	0.99999999999995	-4.973799150320701e-14	0.9999999997072646	1.0000000000053386
14	ED	4	chi4	n	0.99999999999995	-7.54464268837296e-9	1.000000007143094	1.0000000000053386
14	ED	4	chi8	n	0.99999999999995	9.168349413002375e-10	0.9999999991554355	1.0000000000053386
14	ED	4	chi16	n	0.99999999999995	7.755396325137554e-11	0.9999999999367567	1.0000000000053386
14	ED	4	chi32	n	0.99999999999995	-3.61710661422876e-13	1.0000000000011502	1.0000000000053386
14	ED	4	exact	n	0.99999999999995	-5.806466418789569e-12	1.0000000000053386	1.0000000000053386
14	ED	4	UHF	n	0.99999999999995	-4.907185768843192e-14	0.018884396581647287	1.0000000000053386
14	ED	4	UHFsym	n	0.99999999999995	-4.907185768843192e-14	0.9999999999999998	1.0000000000053386
14	ED	4	chi2	Sz	-1.5322465518607942e-13	-4.677997142432666e-9	0.9999999960462831	0.9999999999991146
14	ED	4	chi4	Sz	-1.5322465518607942e-13	3.1617781379167376e-9	1.0000000008481709	0.9999999999991146
14	ED	4	chi8	Sz	-1.5322465518607942e-13	-8.424261288553225e-12	1.0000000002147131	0.9999999999991146
14	ED	4	chi16	Sz	-1.5322465518607942e-13	1.3082801161856672e-10	1.0000000001294704	0.9999999999991146
14	ED	4	chi32	Sz	-1.5322465518607942e-13	1.3649734120768642e-11	1.0000000000115912	0.9999999999991146
14	ED	4	exact	Sz	-1.5322465518607942e-13	4.462749614297934e-13	0.9999999999991146	0.9999999999991146
14	ED	4	UHF	Sz	-1.5322465518607942e-13	-0.38443299719043167	0.030734440585009216	0.9999999999991146
14	ED	4	UHFsym	Sz	-1.5322465518607942e-13	-1.5321468052609255e-13	1.0000000000000004	0.9999999999991146
14	ED	4	chi2	DoubleOcc	0.10070316390566583	0.10070316390566583	2.1024004737861857	29.629242593660393
14	ED	4	chi4	DoubleOcc	0.10070316390566583	0.03017561688212861	13.565976298665047	29.629242593660393
14	ED	4	chi8	DoubleOcc	0.10070316390566583	-0.00043121243875998694	29.627268784847686	29.629242593660393
14	ED	4	chi16	DoubleOcc	0.10070316390566583	0.00013935069207660078	29.626848547825148	29.629242593660393
14	ED	4	chi32	DoubleOcc	0.10070316390566583	-2.313787998975414e-6	29.629269849547523	29.629242593660393
14	ED	4	exact	DoubleOcc	0.10070316390566583	2.176651914265193e-10	29.629242593660393	29.629242593660393
14	ED	4	UHF	DoubleOcc	0.10070316390566583	-0.0015081067656330105	1.1849324383600737	29.629242593660393
14	ED	4	UHFsym	DoubleOcc	0.10070316390566583	-0.0015081067656329272	29.560562989744813	29.629242593660393
14	ED	4	chi2	ZZ onsite	-0.5971873443772879	0.40281265562271185	2.1843009059734477	54.29911171886748
14	ED	4	chi4	ZZ onsite	-0.5971873443772879	0.12070248261774819	17.553815364840112	54.29911171886748
14	ED	4	chi8	ZZ onsite	-0.5971873443772879	-0.001724851588762788	54.22097206351496	54.29911171886748
14	ED	4	chi16	ZZ onsite	-0.5971873443772879	0.000557402613145408	54.314147403896236	54.29911171886748
14	ED	4	chi32	ZZ onsite	-0.5971873443772879	-9.255151324993882e-6	54.29881982463773	54.29911171886748
14	ED	4	exact	ZZ onsite	-0.5971873443772879	8.822234054406408e-10	54.29911171886748	54.29911171886748
14	ED	4	UHF	ZZ onsite	-0.5971873443772879	-0.0060324270624851906	53.82019519456436	54.29911171886748
14	ED	4	UHFsym	ZZ onsite	-0.5971873443772879	-0.0060324270624848575	53.820195194564384	54.29911171886748
14	ED	4	chi2	ZZ up-up r=1	-0.3716397042764686	-0.055990294194652235	11.606416541391994	16.162446562178353
14	ED	4	chi4	ZZ up-up r=1	-0.3716397042764686	-0.3199880210909703	1.315524471837845	16.162446562178353
14	ED	4	chi8	ZZ up-up r=1	-0.3716397042764686	-0.0034231949480440504	16.086233415407843	16.162446562178353
14	ED	4	chi16	ZZ up-up r=1	-0.3716397042764686	-0.000992163599529472	16.144445622234905	16.162446562178353
14	ED	4	chi32	ZZ up-up r=1	-0.3716397042764686	-5.09463841432134e-5	16.161604258120825	16.162446562178353
14	ED	4	exact	ZZ up-up r=1	-0.3716397042764686	-3.1659227461844353e-9	16.162446562178353	16.162446562178353
14	ED	4	UHF	ZZ up-up r=1	-0.3716397042764686	0.41219186244976197	0.8612037164831192	16.162446562178353
14	ED	4	UHFsym	ZZ up-up r=1	-0.3716397042764686	0.01795666461929485	15.904127975744721	16.162446562178353
14	ED	4	chi2	SzSz r=1	-0.07588793579900746	0.0030244167214466267	9.628164500417329	11.570051352918952
14	ED	4	chi4	SzSz r=1	-0.07588793579900746	-0.06297501500263289	1.3788279544952138	11.570051352918952
14	ED	4	chi8	SzSz r=1	-0.07588793579900746	-0.00047654896028290206	11.515572780556505	11.570051352918952
14	ED	4	chi16	SzSz r=1	-0.07588793579900746	-0.00022901923969274873	11.552189875703082	11.570051352918952
14	ED	4	chi32	SzSz r=1	-0.07588793579900746	-2.055390854295569e-5	11.568828826488572	11.570051352918952
14	ED	4	exact	SzSz r=1	-0.07588793579900746	-6.779040107041112e-10	11.570051352918952	11.570051352918952
14	ED	4	UHF	SzSz r=1	-0.07588793579900746	0.09600108740874372	0.704434823001867	11.570051352918952
14	ED	4	UHFsym	SzSz r=1	-0.07588793579900746	-0.002557712048873756	11.146358840597832	11.570051352918952
14	ED	4	chi2	hop up r=1	0.40740091376551246	0.40740091376551246	1.0	18.510537504164763
14	ED	4	chi4	hop up r=1	0.40740091376551246	0.40740091376551246	1.0	18.510537504164763
14	ED	4	chi8	hop up r=1	0.40740091376551246	0.003928202912573009	18.53909217547093	18.510537504164763
14	ED	4	chi16	hop up r=1	0.40740091376551246	0.0003469327399704958	18.515529180407707	18.510537504164763
14	ED	4	chi32	hop up r=1	0.40740091376551246	4.357422727974125e-5	18.51119057827775	18.510537504164763
14	ED	4	exact	hop up r=1	0.40740091376551246	2.299203438749231e-9	18.510537504164763	18.510537504164763
14	ED	4	UHF	hop up r=1	0.40740091376551246	-0.03140536215867651	16.357809233131867	18.510537504164763
14	ED	4	UHFsym	hop up r=1	0.40740091376551246	-0.03140536215867856	16.35780923313165	18.510537504164763
14	DMRG	4	chi2	n	1.0000000000057565	5.756728427286362e-12	0.9999999997072646	1.0000000000053386
14	DMRG	4	chi4	n	1.0000000000057565	-7.53883622195417e-9	1.000000007143094	1.0000000000053386
14	DMRG	4	chi8	n	1.0000000000057565	9.22641407719027e-10	0.9999999991554355	1.0000000000053386
14	DMRG	4	chi16	n	1.0000000000057565	8.33604296701651e-11	0.9999999999367567	1.0000000000053386
14	DMRG	4	chi32	n	1.0000000000057565	5.444755757366693e-12	1.0000000000011502	1.0000000000053386
14	DMRG	4	exact	n	1.0000000000057565	0.0	1.0000000000053386	1.0000000000053386
14	DMRG	4	UHF	n	1.0000000000057565	5.757394561101137e-12	0.018884396581647287	1.0000000000053386
14	DMRG	4	UHFsym	n	1.0000000000057565	5.757394561101137e-12	0.9999999999999998	1.0000000000053386
14	DMRG	4	chi2	Sz	-5.994996166158728e-13	-4.678443417394096e-9	0.9999999960462831	0.9999999999991146
14	DMRG	4	chi4	Sz	-5.994996166158728e-13	3.1613318629553078e-9	1.0000000008481709	0.9999999999991146
14	DMRG	4	chi8	Sz	-5.994996166158728e-13	-8.870536249983019e-12	1.0000000002147131	0.9999999999991146
14	DMRG	4	chi16	Sz	-5.994996166158728e-13	1.3038173665713693e-10	1.0000000001294704	0.9999999999991146
14	DMRG	4	chi32	Sz	-5.994996166158728e-13	1.3203459159338848e-11	1.0000000000115912	0.9999999999991146
14	DMRG	4	exact	Sz	-5.994996166158728e-13	0.0	0.9999999999991146	0.9999999999991146
14	DMRG	4	UHF	Sz	-5.994996166158728e-13	-0.384432997190878	0.030734440585009216	0.9999999999991146
14	DMRG	4	UHFsym	Sz	-5.994996166158728e-13	-5.994896419558859e-13	1.0000000000000004	0.9999999999991146
14	DMRG	4	chi2	DoubleOcc	0.10070316368800064	0.10070316368800064	2.1024004737861857	29.629242593660393
14	DMRG	4	chi4	DoubleOcc	0.10070316368800064	0.030175616664463417	13.565976298665047	29.629242593660393
14	DMRG	4	chi8	DoubleOcc	0.10070316368800064	-0.00043121265642517836	29.627268784847686	29.629242593660393
14	DMRG	4	chi16	DoubleOcc	0.10070316368800064	0.00013935047441140935	29.626848547825148	29.629242593660393
14	DMRG	4	chi32	DoubleOcc	0.10070316368800064	-2.3140056641668405e-6	29.629269849547523	29.629242593660393
14	DMRG	4	exact	DoubleOcc	0.10070316368800064	0.0	29.629242593660393	29.629242593660393
14	DMRG	4	UHF	DoubleOcc	0.10070316368800064	-0.001508106983298202	1.1849324383600737	29.629242593660393
14	DMRG	4	UHFsym	DoubleOcc	0.10070316368800064	-0.0015081069832981187	29.560562989744813	29.629242593660393
14	DMRG	4	chi2	ZZ onsite	-0.5971873452595113	0.40281265474048844	2.1843009059734477	54.29911171886748
14	DMRG	4	chi4	ZZ onsite	-0.5971873452595113	0.12070248173552478	17.553815364840112	54.29911171886748
14	DMRG	4	chi8	ZZ onsite	-0.5971873452595113	-0.0017248524709861934	54.22097206351496	54.29911171886748
14	DMRG	4	chi16	ZZ onsite	-0.5971873452595113	0.0005574017309220025	54.314147403896236	54.29911171886748
14	DMRG	4	chi32	ZZ onsite	-0.5971873452595113	-9.256033548399323e-6	54.29881982463773	54.29911171886748
14	DMRG	4	exact	ZZ onsite	-0.5971873452595113	0.0	54.29911171886748	54.29911171886748
14	DMRG	4	UHF	ZZ onsite	-0.5971873452595113	-0.006032427944708596	53.82019519456436	54.29911171886748
14	DMRG	4	UHFsym	ZZ onsite	-0.5971873452595113	-0.006032427944708263	53.820195194564384	54.29911171886748
14	DMRG	4	chi2	ZZ up-up r=1	-0.37163970111054584	-0.05599029102872949	11.606416541391994	16.162446562178353
14	DMRG	4	chi4	ZZ up-up r=1	-0.37163970111054584	-0.31998801792504755	1.315524471837845	16.162446562178353
14	DMRG	4	chi8	ZZ up-up r=1	-0.37163970111054584	-0.0034231917821213043	16.086233415407843	16.162446562178353
14	DMRG	4	chi16	ZZ up-up r=1	-0.37163970111054584	-0.0009921604336067258	16.144445622234905	16.162446562178353
14	DMRG	4	chi32	ZZ up-up r=1	-0.37163970111054584	-5.094321822046721e-5	16.161604258120825	16.162446562178353
14	DMRG	4	exact	ZZ up-up r=1	-0.37163970111054584	0.0	16.162446562178353	16.162446562178353
14	DMRG	4	UHF	ZZ up-up r=1	-0.37163970111054584	0.4121918656156847	0.8612037164831192	16.162446562178353
14	DMRG	4	UHFsym	ZZ up-up r=1	-0.37163970111054584	0.017956667785217595	15.904127975744721	16.162446562178353
14	DMRG	4	chi2	SzSz r=1	-0.07588793512110345	0.0030244173993506374	9.628164500417329	11.570051352918952
14	DMRG	4	chi4	SzSz r=1	-0.07588793512110345	-0.06297501432472888	1.3788279544952138	11.570051352918952
14	DMRG	4	chi8	SzSz r=1	-0.07588793512110345	-0.00047654828237889135	11.515572780556505	11.570051352918952
14	DMRG	4	chi16	SzSz r=1	-0.07588793512110345	-0.00022901856178873803	11.552189875703082	11.570051352918952
14	DMRG	4	chi32	SzSz r=1	-0.07588793512110345	-2.0553230638944986e-5	11.568828826488572	11.570051352918952
14	DMRG	4	exact	SzSz r=1	-0.07588793512110345	0.0	11.570051352918952	11.570051352918952
14	DMRG	4	UHF	SzSz r=1	-0.07588793512110345	0.09600108808664773	0.704434823001867	11.570051352918952
14	DMRG	4	UHFsym	SzSz r=1	-0.07588793512110345	-0.002557711370969745	11.146358840597832	11.570051352918952
14	DMRG	4	chi2	hop up r=1	0.407400911466309	0.407400911466309	1.0	18.510537504164763
14	DMRG	4	chi4	hop up r=1	0.407400911466309	0.407400911466309	1.0	18.510537504164763
14	DMRG	4	chi8	hop up r=1	0.407400911466309	0.00392820061336957	18.53909217547093	18.510537504164763
14	DMRG	4	chi16	hop up r=1	0.407400911466309	0.00034693044076705704	18.515529180407707	18.510537504164763
14	DMRG	4	chi32	hop up r=1	0.407400911466309	4.35719280763025e-5	18.51119057827775	18.510537504164763
14	DMRG	4	exact	hop up r=1	0.407400911466309	0.0	18.510537504164763	18.510537504164763
14	DMRG	4	UHF	hop up r=1	0.407400911466309	-0.03140536445787995	16.357809233131867	18.510537504164763
14	DMRG	4	UHFsym	hop up r=1	0.407400911466309	-0.031405364457882	16.35780923313165	18.510537504164763
14	ED	5	chi2	n	0.9999999999999748	-2.5424107263916085e-14	0.99999999987485	1.00000000000114
14	ED	5	chi4	n	0.9999999999999748	5.0152761943422774e-9	1.0000000001200424	1.00000000000114
14	ED	5	chi8	n	0.9999999999999748	-5.778154621438603e-10	0.9999999999905957	1.00000000000114
14	ED	5	chi16	n	0.9999999999999748	-4.8591908274886464e-11	1.00000000000228	1.00000000000114
14	ED	5	chi32	n	0.9999999999999748	-1.1415646206103247e-11	1.0000000000012181	1.00000000000114
14	ED	5	exact	n	0.9999999999999748	-7.489897591028694e-12	1.00000000000114	1.00000000000114
14	ED	5	UHF	n	0.9999999999999748	-2.5646151868841116e-14	0.019095796533012348	1.00000000000114
14	ED	5	UHFsym	n	0.9999999999999748	-2.5646151868841116e-14	1.000000000000002	1.00000000000114
14	ED	5	chi2	Sz	6.4698246760031e-14	4.2044191461698316e-9	1.0000000017980524	0.9999999999707199
14	ED	5	chi4	Sz	6.4698246760031e-14	-7.543195096326727e-10	1.0000000069626096	0.9999999999707199
14	ED	5	chi8	Sz	6.4698246760031e-14	-6.164214277903923e-11	0.9999999991343137	0.9999999999707199
14	ED	5	chi16	Sz	6.4698246760031e-14	-1.0822290286149894e-10	0.999999999883143	0.9999999999707199
14	ED	5	chi32	Sz	6.4698246760031e-14	-4.823864224734464e-11	0.9999999999627976	0.9999999999707199
14	ED	5	exact	Sz	6.4698246760031e-14	-4.304503975482987e-11	0.9999999999707199	0.9999999999707199
14	ED	5	UHF	Sz	6.4698246760031e-14	0.38451474200796554	0.02583340771988967	0.9999999999707199
14	ED	5	UHFsym	Sz	6.4698246760031e-14	6.470128252611396e-14	0.9999999999999993	0.9999999999707199
14	ED	5	chi2	DoubleOcc	0.09957371970568282	0.09957371970568282	2.1789940851406775	28.295081410673188
14	ED	5	chi4	DoubleOcc	0.09957371970568282	0.03359772617737375	11.949136733415118	28.295081410673188
14	ED	5	chi8	DoubleOcc	0.09957371970568282	-0.00026896559872419123	28.293783784003573	28.295081410673188
14	ED	5	chi16	DoubleOcc	0.09957371970568282	0.00015506567487816314	28.293583533496072	28.295081410673188
14	ED	5	chi32	DoubleOcc	0.09957371970568282	-1.3274454942202585e-6	28.29508714323017	28.295081410673188
14	ED	5	exact	DoubleOcc	0.09957371970568282	2.465338488910618e-10	28.295081410673188	28.295081410673188
14	ED	5	UHF	DoubleOcc	0.09957371970568282	-0.0025746934729148074	1.2319630667210084	28.295081410673188
14	ED	5	UHFsym	DoubleOcc	0.09957371970568282	-0.002574693472914835	28.081491966895015	28.295081410673188
14	ED	5	chi2	ZZ onsite	-0.6017051211772433	0.39829487882275694	2.2129758272871083	52.87930835587521
14	ED	5	chi4	ZZ onsite	-0.6017051211772433	0.13439089467891785	14.573146929802975	52.87930835587521
14	ED	5	chi8	ZZ onsite	-0.6017051211772433	-0.001075861239292819	52.884538570242306	52.87930835587521
14	ED	5	chi16	ZZ onsite	-0.6017051211772433	0.0006202627966699348	52.868301207809054	52.87930835587521
14	ED	5	chi32	ZZ onsite	-0.6017051211772433	-5.309759171456818e-6	52.87937737451561	52.87930835587521
14	ED	5	exact	ZZ onsite	-0.6017051211772433	1.0010902107282504e-9	52.87930835587521	52.87930835587521
14	ED	5	UHF	ZZ onsite	-0.6017051211772433	-0.010298773891632917	52.21601356289632	52.87930835587521
14	ED	5	UHFsym	ZZ onsite	-0.6017051211772433	-0.010298773891633028	52.216013562896315	52.87930835587521
14	ED	5	chi2	ZZ up-up r=1	-0.649600025597798	0.3503999744022023	3.2182049977204135	57.76707132783096
14	ED	5	chi4	ZZ up-up r=1	-0.649600025597798	0.14597007325045908	14.406162611755697	57.76707132783096
14	ED	5	chi8	ZZ up-up r=1	-0.649600025597798	-0.01079087716885807	57.35722377716431	57.76707132783096
14	ED	5	chi16	ZZ up-up r=1	-0.649600025597798	-0.0029542120693830665	57.83571115375347	57.76707132783096
14	ED	5	chi32	ZZ up-up r=1	-0.649600025597798	1.7330251408820274e-5	57.76626536127514	57.76707132783096
14	ED	5	exact	ZZ up-up r=1	-0.649600025597798	1.639785418561246e-9	57.76707132783096	57.76707132783096
14	ED	5	UHF	ZZ up-up r=1	-0.649600025597798	0.13439662311759326	16.226361864966165	57.76707132783096
14	ED	5	UHFsym	ZZ up-up r=1	-0.649600025597798	-0.2598882593734474	5.799361065389128	57.76707132783096
14	ED	5	chi2	SzSz r=1	-0.13631499495469576	0.1136850050453043	1.2423221915554297	36.777086763333855
14	ED	5	chi4	SzSz r=1	-0.13631499495469576	0.029589531739388664	11.63119721300006	36.777086763333855
14	ED	5	chi8	SzSz r=1	-0.13631499495469576	-0.0027246562760031567	36.892813999171395	36.777086763333855
14	ED	5	chi16	SzSz r=1	-0.13631499495469576	-6.871726274962353e-5	36.77122186409679	36.777086763333855
14	ED	5	chi32	SzSz r=1	-0.13631499495469576	-1.7328154045537225e-6	36.777713727184754	36.777086763333855
14	ED	5	exact	SzSz r=1	-0.13631499495469576	4.273968956525209e-10	36.777086763333855	36.777086763333855
14	ED	5	UHF	SzSz r=1	-0.13631499495469576	0.03560397823850556	9.064573131562591	36.777086763333855
14	ED	5	UHFsym	SzSz r=1	-0.13631499495469576	-0.06296724238425558	4.495853450516969	36.777086763333855
14	ED	5	chi2	hop up r=1	0.562070720809759	0.562070720809759	1.0	42.347215795882015
14	ED	5	chi4	hop up r=1	0.562070720809759	-0.0722874383802431	23.80370407380038	42.347215795882015
14	ED	5	chi8	hop up r=1	0.562070720809759	0.007743350658734771	42.39200441854536	42.347215795882015
14	ED	5	chi16	hop up r=1	0.562070720809759	0.0021603109380367025	42.427756641927246	42.347215795882015
14	ED	5	chi32	hop up r=1	0.562070720809759	4.2827611590467995e-6	42.34742716832829	42.347215795882015
14	ED	5	exact	hop up r=1	0.562070720809759	-3.4637803736359274e-10	42.347215795882015	42.347215795882015
14	ED	5	UHF	hop up r=1	0.562070720809759	0.12316126330721544	14.73917946708011	42.347215795882015
14	ED	5	UHFsym	hop up r=1	0.562070720809759	0.12316126330721261	14.739179467080568	42.347215795882015
14	DMRG	5	chi2	n	1.0000000000074647	7.464473483764777e-12	0.99999999987485	1.00000000000114
14	DMRG	5	chi4	n	1.0000000000074647	5.022766091933306e-9	1.0000000001200424	1.00000000000114
14	DMRG	5	chi8	n	1.0000000000074647	-5.703255645528316e-10	0.9999999999905957	1.00000000000114
14	DMRG	5	chi16	n	1.0000000000074647	-4.110201068385777e-11	1.00000000000228	1.00000000000114
14	DMRG	5	chi32	n	1.0000000000074647	-3.9257486150745535e-12	1.0000000000012181	1.00000000000114
14	DMRG	5	exact	n	1.0000000000074647	0.0	1.00000000000114	1.00000000000114
14	DMRG	5	UHF	n	1.0000000000074647	7.464251439159852e-12	0.019095796533012348	1.00000000000114
14	DMRG	5	UHFsym	n	1.0000000000074647	7.464251439159852e-12	1.000000000000002	1.00000000000114
14	DMRG	5	chi2	Sz	4.3109738001589903e-11	4.2474641859246614e-9	1.0000000017980524	0.9999999999707199
14	DMRG	5	chi4	Sz	4.3109738001589903e-11	-7.112744698778428e-10	1.0000000069626096	0.9999999999707199
14	DMRG	5	chi8	Sz	4.3109738001589903e-11	-1.859710302420936e-11	0.9999999991343137	0.9999999999707199
14	DMRG	5	chi16	Sz	4.3109738001589903e-11	-6.517786310666907e-11	0.999999999883143	0.9999999999707199
14	DMRG	5	chi32	Sz	4.3109738001589903e-11	-5.1936024925147706e-12	0.9999999999627976	0.9999999999707199
14	DMRG	5	exact	Sz	4.3109738001589903e-11	0.0	0.9999999999707199	0.9999999999707199
14	DMRG	5	UHF	Sz	4.3109738001589903e-11	0.38451474205101055	0.02583340771988967	0.9999999999707199
14	DMRG	5	UHFsym	Sz	4.3109738001589903e-11	4.3109741037355986e-11	0.9999999999999993	0.9999999999707199
14	DMRG	5	chi2	DoubleOcc	0.09957371945914897	0.09957371945914897	2.1789940851406775	28.295081410673188
14	DMRG	5	chi4	DoubleOcc	0.09957371945914897	0.0335977259308399	11.949136733415118	28.295081410673188
14	DMRG	5	chi8	DoubleOcc	0.09957371945914897	-0.0002689658452580401	28.293783784003573	28.295081410673188
14	DMRG	5	chi16	DoubleOcc	0.09957371945914897	0.00015506542834431425	28.293583533496072	28.295081410673188
14	DMRG	5	chi32	DoubleOcc	0.09957371945914897	-1.3276920280691495e-6	28.29508714323017	28.295081410673188
14	DMRG	5	exact	DoubleOcc	0.09957371945914897	0.0	28.295081410673188	28.295081410673188
14	DMRG	5	UHF	DoubleOcc	0.09957371945914897	-0.0025746937194486563	1.2319630667210084	28.295081410673188
14	DMRG	5	UHFsym	DoubleOcc	0.09957371945914897	-0.002574693719448684	28.081491966895015	28.295081410673188
14	DMRG	5	chi2	ZZ onsite	-0.6017051221783335	0.3982948778216667	2.2129758272871083	52.87930835587521
14	DMRG	5	chi4	ZZ onsite	-0.6017051221783335	0.13439089367782764	14.573146929802975	52.87930835587521
14	DMRG	5	chi8	ZZ onsite	-0.6017051221783335	-0.0010758622403830298	52.884538570242306	52.87930835587521
14	DMRG	5	chi16	ZZ onsite	-0.6017051221783335	0.000620261795579724	52.868301207809054	52.87930835587521
14	DMRG	5	chi32	ZZ onsite	-0.6017051221783335	-5.3107602616675464e-6	52.87937737451561	52.87930835587521
14	DMRG	5	exact	ZZ onsite	-0.6017051221783335	0.0	52.87930835587521	52.87930835587521
14	DMRG	5	UHF	ZZ onsite	-0.6017051221783335	-0.010298774892723128	52.21601356289632	52.87930835587521
14	DMRG	5	UHFsym	ZZ onsite	-0.6017051221783335	-0.01029877489272324	52.216013562896315	52.87930835587521
14	DMRG	5	chi2	ZZ up-up r=1	-0.6496000272375834	0.35039997276241686	3.2182049977204135	57.76707132783096
14	DMRG	5	chi4	ZZ up-up r=1	-0.6496000272375834	0.14597007161067366	14.406162611755697	57.76707132783096
14	DMRG	5	chi8	ZZ up-up r=1	-0.6496000272375834	-0.01079087880864349	57.35722377716431	57.76707132783096
14	DMRG	5	chi16	ZZ up-up r=1	-0.6496000272375834	-0.002954213709168485	57.83571115375347	57.76707132783096
14	DMRG	5	chi32	ZZ up-up r=1	-0.6496000272375834	1.7328611623401713e-5	57.76626536127514	57.76707132783096
14	DMRG	5	exact	ZZ up-up r=1	-0.6496000272375834	0.0	57.76707132783096	57.76707132783096
14	DMRG	5	UHF	ZZ up-up r=1	-0.6496000272375834	0.13439662147780784	16.226361864966165	57.76707132783096
14	DMRG	5	UHFsym	ZZ up-up r=1	-0.6496000272375834	-0.2598882610132328	5.799361065389128	57.76707132783096
14	DMRG	5	chi2	SzSz r=1	-0.13631499538209266	0.1136850046179074	1.2423221915554297	36.777086763333855
14	DMRG	5	chi4	SzSz r=1	-0.13631499538209266	0.029589531311991768	11.63119721300006	36.777086763333855
14	DMRG	5	chi8	SzSz r=1	-0.13631499538209266	-0.0027246567034000524	36.892813999171395	36.777086763333855
14	DMRG	5	chi16	SzSz r=1	-0.13631499538209266	-6.871769014651918e-5	36.77122186409679	36.777086763333855
14	DMRG	5	chi32	SzSz r=1	-0.13631499538209266	-1.733242801449375e-6	36.777713727184754	36.777086763333855
14	DMRG	5	exact	SzSz r=1	-0.13631499538209266	0.0	36.777086763333855	36.777086763333855
14	DMRG	5	UHF	SzSz r=1	-0.13631499538209266	0.03560397781110866	9.064573131562591	36.777086763333855
14	DMRG	5	UHFsym	SzSz r=1	-0.13631499538209266	-0.06296724281165247	4.495853450516969	36.777086763333855
14	DMRG	5	chi2	hop up r=1	0.562070721156137	0.562070721156137	1.0	42.347215795882015
14	DMRG	5	chi4	hop up r=1	0.562070721156137	-0.07228743803386506	23.80370407380038	42.347215795882015
14	DMRG	5	chi8	hop up r=1	0.562070721156137	0.0077433510051128085	42.39200441854536	42.347215795882015
14	DMRG	5	chi16	hop up r=1	0.562070721156137	0.00216031128441474	42.427756641927246	42.347215795882015
14	DMRG	5	chi32	hop up r=1	0.562070721156137	4.283107537084163e-6	42.34742716832829	42.347215795882015
14	DMRG	5	exact	hop up r=1	0.562070721156137	0.0	42.347215795882015	42.347215795882015
14	DMRG	5	UHF	hop up r=1	0.562070721156137	0.12316126365359348	14.73917946708011	42.347215795882015
14	DMRG	5	UHFsym	hop up r=1	0.562070721156137	0.12316126365359065	14.739179467080568	42.347215795882015
14	ED	6	chi2	n	0.9999999999999951	-4.6629367034256575e-15	0.9999999996055186	1.0000000000001898
14	ED	6	chi4	n	0.9999999999999951	-5.015306614453152e-9	0.9999999984523579	1.0000000000001898
14	ED	6	chi8	n	0.9999999999999951	1.1713960912373977e-9	1.000000000394338	1.0000000000001898
14	ED	6	chi16	n	0.9999999999999951	8.875811197128769e-11	1.0000000000521674	1.0000000000001898
14	ED	6	chi32	n	0.9999999999999951	-1.269784277724284e-11	1.0000000000012073	1.0000000000001898
14	ED	6	exact	n	0.9999999999999951	-9.552136859269922e-12	1.0000000000001898	1.0000000000001898
14	ED	6	UHF	n	0.9999999999999951	-3.552713678800501e-15	0.02207171158648144	1.0000000000001898
14	ED	6	UHFsym	n	0.9999999999999951	-3.552713678800501e-15	1.0000000000000004	1.0000000000001898
14	ED	6	chi2	Sz	-1.154319695384487e-13	-4.204470032548313e-9	1.0000000077157367	0.9999999999398376
14	ED	6	chi4	Sz	-1.154319695384487e-13	8.97526646753688e-10	1.0000000006188519	0.9999999999398376
14	ED	6	chi8	Sz	-1.154319695384487e-13	1.4047141921880169e-10	0.9999999992126944	0.9999999999398376
14	ED	6	chi16	Sz	-1.154319695384487e-13	2.480673340354844e-10	0.9999999995044317	0.9999999999398376
14	ED	6	chi32	Sz	-1.154319695384487e-13	5.676896105977214e-11	0.9999999999013415	0.9999999999398376
14	ED	6	exact	Sz	-1.154319695384487e-13	3.501816198125951e-11	0.9999999999398376	0.9999999999398376
14	ED	6	UHF	Sz	-1.154319695384487e-13	-0.384481446499548	0.030065694469948598	0.9999999999398376
14	ED	6	UHFsym	Sz	-1.154319695384487e-13	-1.154475820497325e-13	0.9999999999999992	0.9999999999398376
14	ED	6	chi2	DoubleOcc	0.1005169532267183	0.1005169532267183	2.032750823791462	29.361903527835928
14	ED	6	chi4	DoubleOcc	0.1005169532267183	0.034540954683108055	10.991976054361393	29.361903527835928
14	ED	6	chi8	DoubleOcc	0.1005169532267183	-0.0006359417943411494	29.415527215188902	29.361903527835928
14	ED	6	chi16	DoubleOcc	0.1005169532267183	0.00019912511380809628	29.338844218364134	29.361903527835928
14	ED	6	chi32	DoubleOcc	0.1005169532267183	-3.513693623030667e-6	29.36228372920938	29.361903527835928
14	ED	6	exact	DoubleOcc	0.1005169532267183	2.872507787188283e-10	29.361903527835928	29.361903527835928
14	ED	6	UHF	DoubleOcc	0.1005169532267183	-0.001657064070985037	1.3967723965179768	29.361903527835928
14	ED	6	UHFsym	DoubleOcc	0.1005169532267183	-0.0016570640709852313	29.437282108935854	29.361903527835928
14	ED	6	chi2	ZZ onsite	-0.597932187093122	0.4020678129068779	2.0702776746876146	52.3641319948716
14	ED	6	chi4	ZZ onsite	-0.597932187093122	0.13816382876303956	13.0495264206575	52.3641319948716
14	ED	6	chi8	ZZ onsite	-0.597932187093122	-0.0025437695201632193	52.52668443095028	52.3641319948716
14	ED	6	chi16	ZZ onsite	-0.597932187093122	0.0007965002777098329	52.293102736770024	52.3641319948716
14	ED	6	chi32	ZZ onsite	-0.597932187093122	-1.4054749103431519e-5	52.36529989024002	52.3641319948716
14	ED	6	exact	ZZ onsite	-0.597932187093122	1.1681023925902423e-9	52.3641319948716	52.3641319948716
14	ED	6	UHF	ZZ onsite	-0.597932187093122	-0.006628256283937928	52.57982923373822	52.3641319948716
14	ED	6	UHFsym	ZZ onsite	-0.597932187093122	-0.006628256283938705	52.57982923373819	52.3641319948716
14	ED	6	chi2	ZZ up-up r=1	-0.3869951526422753	-0.05483464000289179	13.986048405504436	18.32335298343888
14	ED	6	chi4	ZZ up-up r=1	-0.3869951526422753	-0.32960168932466144	1.3545823520610767	18.32335298343888
14	ED	6	chi8	ZZ up-up r=1	-0.3869951526422753	-0.0035114407647700574	18.348303629033403	18.32335298343888
14	ED	6	chi16	ZZ up-up r=1	-0.3869951526422753	-0.0014771848869883364	18.340333431314527	18.32335298343888
14	ED	6	chi32	ZZ up-up r=1	-0.3869951526422753	-9.741574853971979e-5	18.32476178991862	18.32335298343888
14	ED	6	exact	ZZ up-up r=1	-0.3869951526422753	-3.5101392903413853e-9	18.32335298343888	18.32335298343888
14	ED	6	UHF	ZZ up-up r=1	-0.3869951526422753	0.39694191660993877	0.92220198982226	18.32335298343888
14	ED	6	UHFsym	ZZ up-up r=1	-0.3869951526422753	0.0026894024546579853	18.26845662827929	18.32335298343888
14	ED	6	chi2	SzSz r=1	-0.0792087013407982	0.003831426819047676	9.665133647600191	11.939069598943082
14	ED	6	chi4	SzSz r=1	-0.0792087013407982	-0.06486033551139474	1.4202791988412806	11.939069598943082
14	ED	6	chi8	SzSz r=1	-0.0792087013407982	-0.0005693763323178641	11.877044776297085	11.939069598943082
14	ED	6	chi16	SzSz r=1	-0.0792087013407982	-0.00038843932585500007	11.94287013495604	11.939069598943082
14	ED	6	chi32	SzSz r=1	-0.0792087013407982	-3.339534309236558e-5	11.938755109322907	11.939069598943082
14	ED	6	exact	SzSz r=1	-0.0792087013407982	-6.894296245008036e-10	11.939069598943082	11.939069598943082
14	ED	6	UHF	SzSz r=1	-0.0792087013407982	0.0926967560973138	0.7546955376084257	11.939069598943082
14	ED	6	UHFsym	SzSz r=1	-0.0792087013407982	-0.005866372441508019	11.29398973164418	11.939069598943082
14	ED	6	chi2	hop up r=1	0.4165784531867712	0.4165784531867712	1.0	18.960401539200337
14	ED	6	chi4	hop up r=1	0.4165784531867712	0.4165784531867712	1.0	18.960401539200337
14	ED	6	chi8	hop up r=1	0.4165784531867712	0.004675436259338583	18.85133892090015	18.960401539200337
14	ED	6	chi16	hop up r=1	0.4165784531867712	0.0005823538341776513	18.951337662222247	18.960401539200337
14	ED	6	chi32	hop up r=1	0.4165784531867712	7.301168737511299e-5	18.959336404070562	18.960401539200337
14	ED	6	exact	hop up r=1	0.4165784531867712	2.6067505376481392e-9	18.960401539200337	18.960401539200337
14	ED	6	UHF	hop up r=1	0.4165784531867712	-0.02231843561462099	18.343454508541257	18.960401539200337
14	ED	6	UHFsym	hop up r=1	0.4165784531867712	-0.022318435614624932	18.343454508541004	18.960401539200337
14	DMRG	6	chi2	n	1.0000000000095473	9.547473922566496e-12	0.9999999996055186	1.0000000000001898
14	DMRG	6	chi4	n	1.0000000000095473	-5.005754477593882e-9	0.9999999984523579	1.0000000000001898
14	DMRG	6	chi8	n	1.0000000000095473	1.1809482280966677e-9	1.000000000394338	1.0000000000001898
14	DMRG	6	chi16	n	1.0000000000095473	9.831024883055761e-11	1.0000000000521674	1.0000000000001898
14	DMRG	6	chi32	n	1.0000000000095473	-3.1457059179729185e-12	1.0000000000012073	1.0000000000001898
14	DMRG	6	exact	n	1.0000000000095473	0.0	1.0000000000001898	1.0000000000001898
14	DMRG	6	UHF	n	1.0000000000095473	9.548584145591121e-12	0.02207171158648144	1.0000000000001898
14	DMRG	6	UHFsym	n	1.0000000000095473	9.548584145591121e-12	1.0000000000000004	1.0000000000001898
14	DMRG	6	chi2	Sz	-3.513359395079796e-11	-4.239488194529573e-9	1.0000000077157367	0.9999999999398376
14	DMRG	6	chi4	Sz	-3.513359395079796e-11	8.625084847724285e-10	1.0000000006188519	0.9999999999398376
14	DMRG	6	chi8	Sz	-3.513359395079796e-11	1.0545325723754218e-10	0.9999999992126944	0.9999999999398376
14	DMRG	6	chi16	Sz	-3.513359395079796e-11	2.130491720542249e-10	0.9999999995044317	0.9999999999398376
14	DMRG	6	chi32	Sz	-3.513359395079796e-11	2.1750799078512628e-11	0.9999999999013415	0.9999999999398376
14	DMRG	6	exact	Sz	-3.513359395079796e-11	0.0	0.9999999999398376	0.9999999999398376
14	DMRG	6	UHF	Sz	-3.513359395079796e-11	-0.38448144653456623	0.030065694469948598	0.9999999999398376
14	DMRG	6	UHFsym	Sz	-3.513359395079796e-11	-3.513360956330924e-11	0.9999999999999992	0.9999999999398376
14	DMRG	6	chi2	DoubleOcc	0.10051695293946752	0.10051695293946752	2.032750823791462	29.361903527835928
14	DMRG	6	chi4	DoubleOcc	0.10051695293946752	0.034540954395857276	10.991976054361393	29.361903527835928
14	DMRG	6	chi8	DoubleOcc	0.10051695293946752	-0.0006359420815919281	29.415527215188902	29.361903527835928
14	DMRG	6	chi16	DoubleOcc	0.10051695293946752	0.00019912482655731756	29.338844218364134	29.361903527835928
14	DMRG	6	chi32	DoubleOcc	0.10051695293946752	-3.513980873809386e-6	29.36228372920938	29.361903527835928
14	DMRG	6	exact	DoubleOcc	0.10051695293946752	0.0	29.361903527835928	29.361903527835928
14	DMRG	6	UHF	DoubleOcc	0.10051695293946752	-0.0016570643582358158	1.3967723965179768	29.361903527835928
14	DMRG	6	UHFsym	DoubleOcc	0.10051695293946752	-0.00165706435823601	29.437282108935854	29.361903527835928
14	DMRG	6	chi2	ZZ onsite	-0.5979321882612244	0.4020678117387755	2.0702776746876146	52.3641319948716
14	DMRG	6	chi4	ZZ onsite	-0.5979321882612244	0.13816382759493717	13.0495264206575	52.3641319948716
14	DMRG	6	chi8	ZZ onsite	-0.5979321882612244	-0.002543770688265612	52.52668443095028	52.3641319948716
14	DMRG	6	chi16	ZZ onsite	-0.5979321882612244	0.0007964991096074403	52.293102736770024	52.3641319948716
14	DMRG	6	chi32	ZZ onsite	-0.5979321882612244	-1.4055917205824109e-5	52.36529989024002	52.3641319948716
14	DMRG	6	exact	ZZ onsite	-0.5979321882612244	0.0	52.3641319948716	52.3641319948716
14	DMRG	6	UHF	ZZ onsite	-0.5979321882612244	-0.00662825745204032	52.57982923373822	52.3641319948716
14	DMRG	6	UHFsym	ZZ onsite	-0.5979321882612244	-0.0066282574520410975	52.57982923373819	52.3641319948716
14	DMRG	6	chi2	ZZ up-up r=1	-0.386995149132136	-0.0548346364927525	13.986048405504436	18.32335298343888
14	DMRG	6	chi4	ZZ up-up r=1	-0.386995149132136	-0.32960168581452215	1.3545823520610767	18.32335298343888
14	DMRG	6	chi8	ZZ up-up r=1	-0.386995149132136	-0.003511437254630767	18.348303629033403	18.32335298343888
14	DMRG	6	chi16	ZZ up-up r=1	-0.386995149132136	-0.001477181376849046	18.340333431314527	18.32335298343888
14	DMRG	6	chi32	ZZ up-up r=1	-0.386995149132136	-9.741223840042945e-5	18.32476178991862	18.32335298343888
14	DMRG	6	exact	ZZ up-up r=1	-0.386995149132136	0.0	18.32335298343888	18.32335298343888
14	DMRG	6	UHF	ZZ up-up r=1	-0.386995149132136	0.39694192012007806	0.92220198982226	18.32335298343888
14	DMRG	6	UHFsym	ZZ up-up r=1	-0.386995149132136	0.0026894059647972757	18.26845662827929	18.32335298343888
14	DMRG	6	chi2	SzSz r=1	-0.07920870065136858	0.0038314275084773003	9.665133647600191	11.939069598943082
14	DMRG	6	chi4	SzSz r=1	-0.07920870065136858	-0.06486033482196511	1.4202791988412806	11.939069598943082
14	DMRG	6	chi8	SzSz r=1	-0.07920870065136858	-0.0005693756428882396	11.877044776297085	11.939069598943082
14	DMRG	6	chi16	SzSz r=1	-0.07920870065136858	-0.00038843863642537557	11.94287013495604	11.939069598943082
14	DMRG	6	chi32	SzSz r=1	-0.07920870065136858	-3.339465366274108e-5	11.938755109322907	11.939069598943082
14	DMRG	6	exact	SzSz r=1	-0.07920870065136858	0.0	11.939069598943082	11.939069598943082
14	DMRG	6	UHF	SzSz r=1	-0.07920870065136858	0.09269675678674343	0.7546955376084257	11.939069598943082
14	DMRG	6	UHFsym	SzSz r=1	-0.07920870065136858	-0.005866371752078395	11.29398973164418	11.939069598943082
14	DMRG	6	chi2	hop up r=1	0.4165784505800207	0.4165784505800207	1.0	18.960401539200337
14	DMRG	6	chi4	hop up r=1	0.4165784505800207	0.4165784505800207	1.0	18.960401539200337
14	DMRG	6	chi8	hop up r=1	0.4165784505800207	0.004675433652588046	18.85133892090015	18.960401539200337
14	DMRG	6	chi16	hop up r=1	0.4165784505800207	0.0005823512274271136	18.951337662222247	18.960401539200337
14	DMRG	6	chi32	hop up r=1	0.4165784505800207	7.300908062457534e-5	18.959336404070562	18.960401539200337
14	DMRG	6	exact	hop up r=1	0.4165784505800207	0.0	18.960401539200337	18.960401539200337
14	DMRG	6	UHF	hop up r=1	0.4165784505800207	-0.022318438221371528	18.343454508541257	18.960401539200337
14	DMRG	6	UHFsym	hop up r=1	0.4165784505800207	-0.02231843822137547	18.343454508541004	18.960401539200337
14	ED	7	chi2	n	0.9999999999999973	-2.886579864025407e-15	1.0000000063698868	0.9999999999431896
14	ED	7	chi4	n	0.9999999999999973	-1.2020273665314107e-10	0.9999999989767993	0.9999999999431896
14	ED	7	chi8	n	0.9999999999999973	-5.428639759941234e-10	0.9999999994648102	0.9999999999431896
14	ED	7	chi16	n	0.9999999999999973	-3.966427186696819e-11	0.9999999995618355	0.9999999999431896
14	ED	7	chi32	n	0.9999999999999973	-7.065459328714496e-12	0.999999999895648	0.9999999999431896
14	ED	7	exact	n	0.9999999999999973	-5.943023850818463e-12	0.9999999999431896	0.9999999999431896
14	ED	7	UHF	n	0.9999999999999973	-5.329070518200751e-15	0.020452085574863912	0.9999999999431896
14	ED	7	UHFsym	n	0.9999999999999973	-5.329070518200751e-15	1.0000000000000004	0.9999999999431896
14	ED	7	chi2	Sz	-3.828187766785618e-14	3.210205261339194e-9	1.0000000021737556	0.9999999999795295
14	ED	7	chi4	Sz	-3.828187766785618e-14	-4.874136233512516e-10	0.9999999996289092	0.9999999999795295
14	ED	7	chi8	Sz	-3.828187766785618e-14	-1.4199385417468235e-10	0.9999999997183763	0.9999999999795295
14	ED	7	chi16	Sz	-3.828187766785618e-14	-2.115272748626218e-10	0.9999999998432418	0.9999999999795295
14	ED	7	chi32	Sz	-3.828187766785618e-14	-5.096700839146706e-11	0.9999999999631011	0.9999999999795295
14	ED	7	exact	Sz	-3.828187766785618e-14	-2.7271906954950964e-11	0.9999999999795295	0.9999999999795295
14	ED	7	UHF	Sz	-3.828187766785618e-14	0.3844831757398528	0.03129071904694757	0.9999999999795295
14	ED	7	UHFsym	Sz	-3.828187766785618e-14	-3.8282311348725173e-14	0.9999999999999991	0.9999999999795295
14	ED	7	chi2	DoubleOcc	0.10018641599445377	0.10018641599445377	2.1937328185117524	25.364755604706964
14	ED	7	chi4	DoubleOcc	0.10018641599445377	0.03499521007017434	11.30714308256358	25.364755604706964
14	ED	7	chi8	DoubleOcc	0.10018641599445377	-8.100246543715772e-5	25.36047461698762	25.364755604706964
14	ED	7	chi16	DoubleOcc	0.10018641599445377	0.00022714600601420054	25.374862644063576	25.364755604706964
14	ED	7	chi32	DoubleOcc	0.10018641599445377	-3.226041074000374e-6	25.364591887698975	25.364755604706964
14	ED	7	exact	DoubleOcc	0.10018641599445377	3.176025276108163e-10	25.364755604706964	25.364755604706964
14	ED	7	UHF	DoubleOcc	0.10018641599445377	-0.001986271578515608	0.974367312770276	25.364755604706964
14	ED	7	UHFsym	DoubleOcc	0.10018641599445377	-0.0019862715785155527	25.158529214377513	25.364755604706964
14	ED	7	chi2	ZZ onsite	-0.5992543360221806	0.40074566397781963	2.2228827806627476	53.47311901496011
14	ED	7	chi4	ZZ onsite	-0.5992543360221806	0.13998084052110094	14.232607961534683	53.47311901496011
14	ED	7	chi8	ZZ onsite	-0.5992543360221806	-0.00032400877602301037	53.46165985558355	53.47311901496011
14	ED	7	chi16	ZZ onsite	-0.5992543360221806	0.0009085841033827924	53.49658063201925	53.47311901496011
14	ED	7	chi32	ZZ onsite	-0.5992543360221806	-1.2904150165859996e-5	53.47269364912859	53.47311901496011
14	ED	7	exact	ZZ onsite	-0.5992543360221806	1.282295380988785e-9	53.47311901496011	53.47311901496011
14	ED	7	UHF	ZZ onsite	-0.5992543360221806	-0.007945086314052774	52.732671508403214	53.47311901496011
14	ED	7	UHFsym	ZZ onsite	-0.5992543360221806	-0.007945086314052552	52.732671508403264	53.47311901496011
14	ED	7	chi2	ZZ up-up r=1	-0.6420201790763402	0.35797982092366	3.1651962922630457	60.50752198210267
14	ED	7	chi4	ZZ up-up r=1	-0.6420201790763402	0.14194130812978967	15.968473073747992	60.50752198210267
14	ED	7	chi8	ZZ up-up r=1	-0.6420201790763402	-0.011986445686796743	58.81082922994567	60.50752198210267
14	ED	7	chi16	ZZ up-up r=1	-0.6420201790763402	-0.0030985146964322974	60.29579331731355	60.50752198210267
14	ED	7	chi32	ZZ up-up r=1	-0.6420201790763402	-6.586846466372087e-6	60.50724682823178	60.50752198210267
14	ED	7	exact	ZZ up-up r=1	-0.6420201790763402	1.519616321665751e-9	60.50752198210267	60.50752198210267
14	ED	7	UHF	ZZ up-up r=1	-0.6420201790763402	0.14192264978678715	15.971617899956879	60.50752198210267
14	ED	7	UHFsym	ZZ up-up r=1	-0.6420201790763402	-0.252331637555231	5.875807964117368	60.50752198210267
14	ED	7	chi2	SzSz r=1	-0.13466351805192955	0.1153364819480705	1.3540731195991083	40.24473187776367
14	ED	7	chi4	SzSz r=1	-0.13466351805192955	0.028731250817512988	15.290023601967839	40.24473187776367
14	ED	7	chi8	SzSz r=1	-0.13466351805192955	-0.003108557461353051	38.058583108792234	40.24473187776367
14	ED	7	chi16	SzSz r=1	-0.13466351805192955	-6.895799904613198e-5	40.22779761199614	40.24473187776367
14	ED	7	chi32	SzSz r=1	-0.13466351805192955	-6.168432573977478e-6	40.24275502047541	40.24473187776367
14	ED	7	exact	SzSz r=1	-0.13466351805192955	3.8099254306978025e-10	40.24473187776367	40.24473187776367
14	ED	7	UHF	SzSz r=1	-0.13466351805192955	0.03724299176947729	10.620563094207638	40.24473187776367
14	ED	7	UHFsym	SzSz r=1	-0.13466351805192955	-0.06132058006602688	4.334326408378751	40.24473187776367
14	ED	7	chi2	hop up r=1	0.5581257391586406	0.5581257391586406	1.0	38.69803295893266
14	ED	7	chi4	hop up r=1	0.5581257391586406	-0.07051451668806796	25.16191022003171	38.69803295893266
14	ED	7	chi8	hop up r=1	0.5581257391586406	0.008793750824293345	38.07702702815107	38.69803295893266
14	ED	7	chi16	hop up r=1	0.5581257391586406	0.0023423093006074147	38.60009994957455	38.69803295893266
14	ED	7	chi32	hop up r=1	0.5581257391586406	1.3235752248430543e-5	38.69762081251483	38.69803295893266
14	ED	7	exact	hop up r=1	0.5581257391586406	-2.2509438757367661e-10	38.69803295893266	38.69803295893266
14	ED	7	UHF	hop up r=1	0.5581257391586406	0.11922531861316304	13.842757241623469	38.69803295893266
14	ED	7	UHFsym	hop up r=1	0.5581257391586406	0.11922531861316371	13.84275724162337	38.69803295893266
14	DMRG	7	chi2	n	1.0000000000059404	5.9401372709544376e-12	1.0000000063698868	0.9999999999431896
14	DMRG	7	chi4	n	1.0000000000059404	-1.1425971280232261e-10	0.9999999989767993	0.9999999999431896
14	DMRG	7	chi8	n	1.0000000000059404	-5.369209521433049e-10	0.9999999994648102	0.9999999999431896
14	DMRG	7	chi16	n	1.0000000000059404	-3.372124801614973e-11	0.9999999995618355	0.9999999999431896
14	DMRG	7	chi32	n	1.0000000000059404	-1.1224354778960333e-12	0.999999999895648	0.9999999999431896
14	DMRG	7	exact	n	1.0000000000059404	0.0	0.9999999999431896	0.9999999999431896
14	DMRG	7	UHF	n	1.0000000000059404	5.937694780300262e-12	0.020452085574863912	0.9999999999431896
14	DMRG	7	UHFsym	n	1.0000000000059404	5.937694780300262e-12	1.0000000000000004	0.9999999999431896
14	DMRG	7	chi2	Sz	2.7233625077283108e-11	3.237477168294145e-9	1.0000000021737556	0.9999999999795295
14	DMRG	7	chi4	Sz	2.7233625077283108e-11	-4.6014171639630064e-10	0.9999999996289092	0.9999999999795295
14	DMRG	7	chi8	Sz	2.7233625077283108e-11	-1.1472194721973139e-10	0.9999999997183763	0.9999999999795295
14	DMRG	7	chi16	Sz	2.7233625077283108e-11	-1.8425536790767083e-10	0.9999999998432418	0.9999999999795295
14	DMRG	7	chi32	Sz	2.7233625077283108e-11	-2.3695101436516097e-11	0.9999999999631011	0.9999999999795295
14	DMRG	7	exact	Sz	2.7233625077283108e-11	0.0	0.9999999999795295	0.9999999999795295
14	DMRG	7	UHF	Sz	2.7233625077283108e-11	0.3844831757671247	0.03129071904694757	0.9999999999795295
14	DMRG	7	UHFsym	Sz	2.7233625077283108e-11	2.723362464360224e-11	0.9999999999999991	0.9999999999795295
14	DMRG	7	chi2	DoubleOcc	0.10018641567685124	0.10018641567685124	2.1937328185117524	25.364755604706964
14	DMRG	7	chi4	DoubleOcc	0.10018641567685124	0.03499520975257181	11.30714308256358	25.364755604706964
14	DMRG	7	chi8	DoubleOcc	0.10018641567685124	-8.100278303968533e-5	25.36047461698762	25.364755604706964
14	DMRG	7	chi16	DoubleOcc	0.10018641567685124	0.00022714568841167293	25.374862644063576	25.364755604706964
14	DMRG	7	chi32	DoubleOcc	0.10018641567685124	-3.226358676527985e-6	25.364591887698975	25.364755604706964
14	DMRG	7	exact	DoubleOcc	0.10018641567685124	0.0	25.364755604706964	25.364755604706964
14	DMRG	7	UHF	DoubleOcc	0.10018641567685124	-0.001986271896118136	0.974367312770276	25.364755604706964
14	DMRG	7	UHFsym	DoubleOcc	0.10018641567685124	-0.0019862718961180803	25.158529214377513	25.364755604706964
14	DMRG	7	chi2	ZZ onsite	-0.599254337304476	0.40074566269552425	2.2228827806627476	53.47311901496011
14	DMRG	7	chi4	ZZ onsite	-0.599254337304476	0.13998083923880555	14.232607961534683	53.47311901496011
14	DMRG	7	chi8	ZZ onsite	-0.599254337304476	-0.00032401005831839136	53.46165985558355	53.47311901496011
14	DMRG	7	chi16	ZZ onsite	-0.599254337304476	0.0009085828210874114	53.49658063201925	53.47311901496011
14	DMRG	7	chi32	ZZ onsite	-0.599254337304476	-1.2905432461240984e-5	53.47269364912859	53.47311901496011
14	DMRG	7	exact	ZZ onsite	-0.599254337304476	0.0	53.47311901496011	53.47311901496011
14	DMRG	7	UHF	ZZ onsite	-0.599254337304476	-0.007945087596348155	52.732671508403214	53.47311901496011
14	DMRG	7	UHFsym	ZZ onsite	-0.599254337304476	-0.007945087596347933	52.732671508403264	53.47311901496011
14	DMRG	7	chi2	ZZ up-up r=1	-0.6420201805959566	0.35797981940404366	3.1651962922630457	60.50752198210267
14	DMRG	7	chi4	ZZ up-up r=1	-0.6420201805959566	0.14194130661017335	15.968473073747992	60.50752198210267
14	DMRG	7	chi8	ZZ up-up r=1	-0.6420201805959566	-0.011986447206413064	58.81082922994567	60.50752198210267
14	DMRG	7	chi16	ZZ up-up r=1	-0.6420201805959566	-0.003098516216048619	60.29579331731355	60.50752198210267
14	DMRG	7	chi32	ZZ up-up r=1	-0.6420201805959566	-6.588366082693753e-6	60.50724682823178	60.50752198210267
14	DMRG	7	exact	ZZ up-up r=1	-0.6420201805959566	0.0	60.50752198210267	60.50752198210267
14	DMRG	7	UHF	ZZ up-up r=1	-0.6420201805959566	0.14192264826717083	15.971617899956879	60.50752198210267
14	DMRG	7	UHFsym	ZZ up-up r=1	-0.6420201805959566	-0.25233163907484735	5.875807964117368	60.50752198210267
14	DMRG	7	chi2	SzSz r=1	-0.1346635184329221	0.11533648156707796	1.3540731195991083	40.24473187776367
14	DMRG	7	chi4	SzSz r=1	-0.1346635184329221	0.028731250436520445	15.290023601967839	40.24473187776367
14	DMRG	7	chi8	SzSz r=1	-0.1346635184329221	-0.003108557842345594	38.058583108792234	40.24473187776367
14	DMRG	7	chi16	SzSz r=1	-0.1346635184329221	-6.895838003867505e-5	40.22779761199614	40.24473187776367
14	DMRG	7	chi32	SzSz r=1	-0.1346635184329221	-6.168813566520548e-6	40.24275502047541	40.24473187776367
14	DMRG	7	exact	SzSz r=1	-0.1346635184329221	0.0	40.24473187776367	40.24473187776367
14	DMRG	7	UHF	SzSz r=1	-0.1346635184329221	0.03724299138848475	10.620563094207638	40.24473187776367
14	DMRG	7	UHFsym	SzSz r=1	-0.1346635184329221	-0.06132058044701942	4.334326408378751	40.24473187776367
14	DMRG	7	chi2	hop up r=1	0.558125739383735	0.558125739383735	1.0	38.69803295893266
14	DMRG	7	chi4	hop up r=1	0.558125739383735	-0.07051451646297358	25.16191022003171	38.69803295893266
14	DMRG	7	chi8	hop up r=1	0.558125739383735	0.008793751049387732	38.07702702815107	38.69803295893266
14	DMRG	7	chi16	hop up r=1	0.558125739383735	0.0023423095257018023	38.60009994957455	38.69803295893266
14	DMRG	7	chi32	hop up r=1	0.558125739383735	1.3235977342818117e-5	38.69762081251483	38.69803295893266
14	DMRG	7	exact	hop up r=1	0.558125739383735	0.0	38.69803295893266	38.69803295893266
14	DMRG	7	UHF	hop up r=1	0.558125739383735	0.11922531883825743	13.842757241623469	38.69803295893266
14	DMRG	7	UHFsym	hop up r=1	0.558125739383735	0.1192253188382581	13.84275724162337	38.69803295893266
14	ED	8	chi2	n	0.9999999999999988	-1.2212453270876722e-15	0.9999999939537759	1.0000000000637832
14	ED	8	chi4	n	0.9999999999999988	1.2019862882794996e-10	1.000000000808512	1.0000000000637832
14	ED	8	chi8	n	0.9999999999999988	3.6104674805415016e-11	1.000000000117978	1.0000000000637832
14	ED	8	chi16	n	0.9999999999999988	8.220091274324659e-12	1.0000000001482543	1.0000000000637832
14	ED	8	chi32	n	0.9999999999999988	2.259414877414656e-12	1.0000000000854687	1.0000000000637832
14	ED	8	exact	n	0.9999999999999988	4.5677905902152816e-12	1.0000000000637832	1.0000000000637832
14	ED	8	UHF	n	0.9999999999999988	-5.88418203051333e-15	0.019344465524098808	1.0000000000637832
14	ED	8	UHFsym	n	0.9999999999999988	-5.662137425588298e-15	0.9999999999999993	1.0000000000637832
14	ED	8	chi2	Sz	-3.301525719479059e-14	-3.210276530718481e-9	0.9999999982494902	1.0000000000197238
14	ED	8	chi4	Sz	-3.301525719479059e-14	4.1038828585415743e-10	1.0000000002671703	1.0000000000197238
14	ED	8	chi8	Sz	-3.301525719479059e-14	5.694189911253922e-11	1.0000000000440965	1.0000000000197238
14	ED	8	chi16	Sz	-3.301525719479059e-14	7.739143700891127e-11	1.000000000045186	1.0000000000197238
14	ED	8	chi32	Sz	-3.301525719479059e-14	4.4991517456072216e-11	1.0000000000253662	1.0000000000197238
14	ED	8	exact	Sz	-3.301525719479059e-14	3.311527441152151e-11	1.0000000000197238	1.0000000000197238
14	ED	8	UHF	Sz	-3.301525719479059e-14	-0.3844831757399248	0.02724041476287273	1.0000000000197238
14	ED	8	UHFsym	Sz	-3.301525719479059e-14	-3.302306345043249e-14	0.9999999999999982	1.0000000000197238
14	ED	8	chi2	DoubleOcc	0.1001864159944513	0.1001864159944513	2.1934794071814725	26.922561389224494
14	ED	8	chi4	DoubleOcc	0.1001864159944513	0.034995210190371134	11.544392200524845	26.922561389224494
14	ED	8	chi8	DoubleOcc	0.1001864159944513	-0.0007462771036248206	26.867209585537548	26.922561389224494
14	ED	8	chi16	DoubleOcc	0.1001864159944513	0.0002253270446669342	26.932579628675335	26.922561389224494
14	ED	8	chi32	DoubleOcc	0.1001864159944513	-2.6015839514059724e-6	26.92242751209046	26.922561389224494
14	ED	8	exact	DoubleOcc	0.1001864159944513	3.295614892095955e-10	26.922561389224494	26.922561389224494
14	ED	8	UHF	DoubleOcc	0.1001864159944513	-0.001986271578518467	1.1762633680701817	26.922561389224494
14	ED	8	UHFsym	DoubleOcc	0.1001864159944513	-0.0019862715785184393	26.70103139541859	26.922561389224494
14	ED	8	chi2	ZZ onsite	-0.5992543360221925	0.40074566397780775	2.2159012027383067	48.238430568814
14	ED	8	chi4	ZZ onsite	-0.5992543360221925	0.13998084052108783	13.839651572226533	48.238430568814
14	ED	8	chi8	ZZ onsite	-0.5992543360221925	-0.002985108486709853	48.10587758460232	48.238430568814
14	ED	8	chi16	ZZ onsite	-0.5992543360221925	0.0009013081622245567	48.256492814549915	48.238430568814
14	ED	8	chi32	ZZ onsite	-0.5992543360221925	-1.0406340323010355e-5	48.238162274309786	48.238430568814
14	ED	8	exact	ZZ onsite	-0.5992543360221925	1.3091115969032785e-9	48.238430568814	48.238430568814
14	ED	8	UHF	ZZ onsite	-0.5992543360221925	-0.007945086314062655	47.64371327707435	48.238430568814
14	ED	8	UHFsym	ZZ onsite	-0.5992543360221925	-0.007945086314062544	47.643713277074355	48.238430568814
14	ED	8	chi2	ZZ up-up r=1	-0.38699515264221257	-0.04974078348510691	11.550393787551307	14.781800137205508
14	ED	8	chi4	ZZ up-up r=1	-0.38699515264221257	-0.3286707067505526	1.343773015660951	14.781800137205508
14	ED	8	chi8	ZZ up-up r=1	-0.38699515264221257	-0.0035161134169890973	14.703512607276526	14.781800137205508
14	ED	8	chi16	ZZ up-up r=1	-0.38699515264221257	-0.0015330416685275239	14.751542604607385	14.781800137205508
14	ED	8	chi32	ZZ up-up r=1	-0.38699515264221257	-9.967664027932255e-5	14.780016853184884	14.781800137205508
14	ED	8	exact	ZZ up-up r=1	-0.38699515264221257	-3.5992779312543632e-9	14.781800137205508	14.781800137205508
14	ED	8	UHF	ZZ up-up r=1	-0.38699515264221257	0.39694191661001593	1.017110347558311	14.781800137205508
14	ED	8	UHFsym	ZZ up-up r=1	-0.38699515264221257	0.002689402454723877	14.820163332057527	14.781800137205508
14	ED	8	chi2	SzSz r=1	-0.07920870134078396	0.005104890948492452	9.832257410786955	10.968450576029682
14	ED	8	chi4	SzSz r=1	-0.07920870134078396	-0.06462758986786897	1.4075977480313242	10.968450576029682
14	ED	8	chi8	SzSz r=1	-0.07920870134078396	-0.0005044317168278745	10.869793684467092	10.968450576029682
14	ED	8	chi16	SzSz r=1	-0.07920870134078396	-0.00039846189817119293	10.931417030339631	10.968450576029682
14	ED	8	chi32	SzSz r=1	-0.07920870134078396	-3.3158482541928436e-5	10.964257157682935	10.968450576029682
14	ED	8	exact	SzSz r=1	-0.07920870134078396	-6.991706935632891e-10	10.968450576029682	10.968450576029682
14	ED	8	UHF	SzSz r=1	-0.07920870134078396	0.09269675609732984	0.8668087858296953	10.968450576029682
14	ED	8	UHFsym	SzSz r=1	-0.07920870134078396	-0.005866372441493087	9.727427596098341	10.968450576029682
14	ED	8	chi2	hop up r=1	0.41657845318674197	0.41657845318674197	1.0	19.401821049960088
14	ED	8	chi4	hop up r=1	0.41657845318674197	0.41657845318674197	1.0	19.401821049960088
14	ED	8	chi8	hop up r=1	0.41657845318674197	0.005001483034612952	19.441023260443853	19.401821049960088
14	ED	8	chi16	hop up r=1	0.41657845318674197	0.0005777551855827845	19.411716166406123	19.401821049960088
14	ED	8	chi32	hop up r=1	0.41657845318674197	7.67240613443465e-5	19.403215258787682	19.401821049960088
14	ED	8	exact	hop up r=1	0.41657845318674197	2.5486801003005155e-9	19.401821049960088	19.401821049960088
14	ED	8	UHF	hop up r=1	0.41657845318674197	-0.02231843561465574	18.047576957550817	19.401821049960088
14	ED	8	UHFsym	hop up r=1	0.41657845318674197	-0.022318435614655463	18.047576957550838	19.401821049960088
14	DMRG	8	chi2	n	0.999999999995431	-4.569011835542369e-12	0.9999999939537759	1.0000000000637832
14	DMRG	8	chi4	n	0.999999999995431	1.1563083823773468e-10	1.000000000808512	1.0000000000637832
14	DMRG	8	chi8	n	0.999999999995431	3.1536884215199734e-11	1.000000000117978	1.0000000000637832
14	DMRG	8	chi16	n	0.999999999995431	3.6523006841093775e-12	1.0000000001482543	1.0000000000637832
14	DMRG	8	chi32	n	0.999999999995431	-2.3083757128006255e-12	1.0000000000854687	1.0000000000637832
14	DMRG	8	exact	n	0.999999999995431	0.0	1.0000000000637832	1.0000000000637832
14	DMRG	8	UHF	n	0.999999999995431	-4.573674772245795e-12	0.019344465524098808	1.0000000000637832
14	DMRG	8	UHFsym	n	0.999999999995431	-4.57345272764087e-12	0.9999999999999993	1.0000000000637832
14	DMRG	8	chi2	Sz	-3.31482896687163e-11	-3.2433918051300026e-9	0.9999999982494902	1.0000000000197238
14	DMRG	8	chi4	Sz	-3.31482896687163e-11	3.772730114426359e-10	1.0000000002671703	1.0000000000197238
14	DMRG	8	chi8	Sz	-3.31482896687163e-11	2.3826624701017707e-11	1.0000000000440965	1.0000000000197238
14	DMRG	8	chi16	Sz	-3.31482896687163e-11	4.4276162597389757e-11	1.000000000045186	1.0000000000197238
14	DMRG	8	chi32	Sz	-3.31482896687163e-11	1.1876243044550705e-11	1.0000000000253662	1.0000000000197238
14	DMRG	8	exact	Sz	-3.31482896687163e-11	0.0	1.0000000000197238	1.0000000000197238
14	DMRG	8	UHF	Sz	-3.31482896687163e-11	-0.38448317577304003	0.02724041476287273	1.0000000000197238
14	DMRG	8	UHFsym	Sz	-3.31482896687163e-11	-3.3148297474971944e-11	0.9999999999999982	1.0000000000197238
14	DMRG	8	chi2	DoubleOcc	0.10018641566488981	0.10018641566488981	2.1934794071814725	26.922561389224494
14	DMRG	8	chi4	DoubleOcc	0.10018641566488981	0.034995209860809645	11.544392200524845	26.922561389224494
14	DMRG	8	chi8	DoubleOcc	0.10018641566488981	-0.0007462774331863098	26.867209585537548	26.922561389224494
14	DMRG	8	chi16	DoubleOcc	0.10018641566488981	0.000225326715105445	26.932579628675335	26.922561389224494
14	DMRG	8	chi32	DoubleOcc	0.10018641566488981	-2.601913512895182e-6	26.92242751209046	26.922561389224494
14	DMRG	8	exact	DoubleOcc	0.10018641566488981	0.0	26.922561389224494	26.922561389224494
14	DMRG	8	UHF	DoubleOcc	0.10018641566488981	-0.0019862719080799562	1.1762633680701817	26.922561389224494
14	DMRG	8	UHFsym	DoubleOcc	0.10018641566488981	-0.0019862719080799285	26.70103139541859	26.922561389224494
14	DMRG	8	chi2	ZZ onsite	-0.5992543373313041	0.40074566266869616	2.2159012027383067	48.238430568814
14	DMRG	8	chi4	ZZ onsite	-0.5992543373313041	0.13998083921197624	13.839651572226533	48.238430568814
14	DMRG	8	chi8	ZZ onsite	-0.5992543373313041	-0.00298510979582145	48.10587758460232	48.238430568814
14	DMRG	8	chi16	ZZ onsite	-0.5992543373313041	0.0009013068531129598	48.256492814549915	48.238430568814
14	DMRG	8	chi32	ZZ onsite	-0.5992543373313041	-1.0407649434607258e-5	48.238162274309786	48.238430568814
14	DMRG	8	exact	ZZ onsite	-0.5992543373313041	0.0	48.238430568814	48.238430568814
14	DMRG	8	UHF	ZZ onsite	-0.5992543373313041	-0.007945087623174252	47.64371327707435	48.238430568814
14	DMRG	8	UHFsym	ZZ onsite	-0.5992543373313041	-0.00794508762317414	47.643713277074355	48.238430568814
14	DMRG	8	chi2	ZZ up-up r=1	-0.38699514904293464	-0.04974077988582898	11.550393787551307	14.781800137205508
14	DMRG	8	chi4	ZZ up-up r=1	-0.38699514904293464	-0.32867070315127467	1.343773015660951	14.781800137205508
14	DMRG	8	chi8	ZZ up-up r=1	-0.38699514904293464	-0.003516109817711166	14.703512607276526	14.781800137205508
14	DMRG	8	chi16	ZZ up-up r=1	-0.38699514904293464	-0.0015330380692495926	14.751542604607385	14.781800137205508
14	DMRG	8	chi32	ZZ up-up r=1	-0.38699514904293464	-9.96730410013913e-5	14.780016853184884	14.781800137205508
14	DMRG	8	exact	ZZ up-up r=1	-0.38699514904293464	0.0	14.781800137205508	14.781800137205508
14	DMRG	8	UHF	ZZ up-up r=1	-0.38699514904293464	0.39694192020929386	1.017110347558311	14.781800137205508
14	DMRG	8	UHFsym	ZZ up-up r=1	-0.38699514904293464	0.0026894060540018083	14.820163332057527	14.781800137205508
14	DMRG	8	chi2	SzSz r=1	-0.07920870064161327	0.005104891647663146	9.832257410786955	10.968450576029682
14	DMRG	8	chi4	SzSz r=1	-0.07920870064161327	-0.06462758916869828	1.4075977480313242	10.968450576029682
14	DMRG	8	chi8	SzSz r=1	-0.07920870064161327	-0.0005044310176571809	10.869793684467092	10.968450576029682
14	DMRG	8	chi16	SzSz r=1	-0.07920870064161327	-0.00039846119900049937	10.931417030339631	10.968450576029682
14	DMRG	8	chi32	SzSz r=1	-0.07920870064161327	-3.315778337123487e-5	10.964257157682935	10.968450576029682
14	DMRG	8	exact	SzSz r=1	-0.07920870064161327	0.0	10.968450576029682	10.968450576029682
14	DMRG	8	UHF	SzSz r=1	-0.07920870064161327	0.09269675679650054	0.8668087858296953	10.968450576029682
14	DMRG	8	UHFsym	SzSz r=1	-0.07920870064161327	-0.005866371742322393	9.727427596098341	10.968450576029682
14	DMRG	8	chi2	hop up r=1	0.41657845063806187	0.41657845063806187	1.0	19.401821049960088
14	DMRG	8	chi4	hop up r=1	0.41657845063806187	0.41657845063806187	1.0	19.401821049960088
14	DMRG	8	chi8	hop up r=1	0.41657845063806187	0.005001480485932852	19.441023260443853	19.401821049960088
14	DMRG	8	chi16	hop up r=1	0.41657845063806187	0.0005777526369026842	19.411716166406123	19.401821049960088
14	DMRG	8	chi32	hop up r=1	0.41657845063806187	7.67215126642462e-5	19.403215258787682	19.401821049960088
14	DMRG	8	exact	hop up r=1	0.41657845063806187	0.0	19.401821049960088	19.401821049960088
14	DMRG	8	UHF	hop up r=1	0.41657845063806187	-0.02231843816333584	18.047576957550817	19.401821049960088
14	DMRG	8	UHFsym	hop up r=1	0.41657845063806187	-0.022318438163335563	18.047576957550838	19.401821049960088
14	ED	9	chi2	n	1.0000000000000002	4.440892098500626e-16	0.9999999991943939	1.0000000000210023
14	ED	9	chi4	n	1.0000000000000002	-5.089928478696493e-12	1.0000000000059004	1.0000000000210023
14	ED	9	chi8	n	1.0000000000000002	1.342692623751418e-11	1.0000000000427736	1.0000000000210023
14	ED	9	chi16	n	1.0000000000000002	1.6390222512541186e-11	1.000000000020096	1.0000000000210023
14	ED	9	chi32	n	1.0000000000000002	1.5037859846245283e-11	1.000000000021771	1.0000000000210023
14	ED	9	exact	n	1.0000000000000002	1.5093148952871616e-11	1.0000000000210023	1.0000000000210023
14	ED	9	UHF	n	1.0000000000000002	-4.6629367034256575e-15	0.02156511903113967	1.0000000000210023
14	ED	9	UHFsym	n	1.0000000000000002	-4.6629367034256575e-15	1.0000000000000024	1.0000000000210023
14	ED	9	chi2	Sz	-1.8654522371264193e-13	1.0346190570942256e-9	1.0000000006816463	0.9999999999932193
14	ED	9	chi4	Sz	-1.8654522371264193e-13	-7.591628714553877e-12	0.9999999999913034	0.9999999999932193
14	ED	9	chi8	Sz	-1.8654522371264193e-13	-5.5576751534225366e-11	0.9999999999735859	0.9999999999932193
14	ED	9	chi16	Sz	-1.8654522371264193e-13	-2.6545467213257012e-11	0.9999999999949335	0.9999999999932193
14	ED	9	chi32	Sz	-1.8654522371264193e-13	-2.865245540828454e-11	0.9999999999925298	0.9999999999932193
14	ED	9	exact	Sz	-1.8654522371264193e-13	-2.7667285129595598e-11	0.9999999999932193	0.9999999999932193
14	ED	9	UHF	Sz	-1.8654522371264193e-13	0.38448144649924987	0.02683254045083333	0.9999999999932193
14	ED	9	UHFsym	Sz	-1.8654522371264193e-13	-1.8654825947872489e-13	0.9999999999999964	0.9999999999932193
14	ED	9	chi2	DoubleOcc	0.10051695322672019	0.10051695322672019	2.046155687148616	24.9699363758391
14	ED	9	chi4	DoubleOcc	0.10051695322672019	0.03517420971950516	10.31161388106624	24.9699363758391
14	ED	9	chi8	DoubleOcc	0.10051695322672019	3.2506920150110474e-6	24.96975985458729	24.9699363758391
14	ED	9	chi16	DoubleOcc	0.10051695322672019	0.00018661649432777372	24.958877514511336	24.9699363758391
14	ED	9	chi32	DoubleOcc	0.10051695322672019	-3.882061824916905e-6	24.970146469607705	24.9699363758391
14	ED	9	exact	DoubleOcc	0.10051695322672019	3.0031696574006617e-10	24.9699363758391	24.9699363758391
14	ED	9	UHF	DoubleOcc	0.10051695322672019	-0.001657064070983233	1.1710030012300479	24.9699363758391
14	ED	9	UHFsym	DoubleOcc	0.10051695322672019	-0.001657064070983122	24.985246203859393	24.9699363758391
14	ED	9	chi2	ZZ onsite	-0.5979321870931195	0.4020678129068803	2.1398865876334168	50.54171615108693
14	ED	9	chi4	ZZ onsite	-0.5979321870931195	0.1406968388882014	13.302553593014984	50.54171615108693
14	ED	9	chi8	ZZ onsite	-0.5979321870931195	1.300274120641376e-5	50.54150196631503	50.54171615108693
14	ED	9	chi16	ZZ onsite	-0.5979321870931195	0.0007464659445290955	50.5255747065851	50.54171615108693
14	ED	9	chi32	ZZ onsite	-0.5979321870931195	-1.5528277375054245e-5	50.54196886667106	50.54171615108693
14	ED	9	exact	ZZ onsite	-0.5979321870931195	1.1710830083444534e-9	50.54171615108693	50.54171615108693
14	ED	9	UHF	ZZ onsite	-0.5979321870931195	-0.006628256283923384	50.34219827166441	50.54171615108693
14	ED	9	UHFsym	ZZ onsite	-0.5979321870931195	-0.00662825628392294	50.342198271664465	50.54171615108693
14	ED	9	chi2	ZZ up-up r=1	-0.649600025597889	0.3503999744021108	3.2422110863053617	79.6604628381494
14	ED	9	chi4	ZZ up-up r=1	-0.649600025597889	0.14219514450086002	15.969143952843062	79.6604628381494
14	ED	9	chi8	ZZ up-up r=1	-0.649600025597889	-0.011747086010296393	78.78387206733379	79.6604628381494
14	ED	9	chi16	ZZ up-up r=1	-0.649600025597889	-0.003116233116813971	79.82925099653467	79.6604628381494
14	ED	9	chi32	ZZ up-up r=1	-0.649600025597889	4.214159455395716e-6	79.66003789884752	79.6604628381494
14	ED	9	exact	ZZ up-up r=1	-0.649600025597889	1.4136694037603093e-9	79.6604628381494	79.6604628381494
14	ED	9	UHF	ZZ up-up r=1	-0.649600025597889	0.13439662311751022	17.422614122778985	79.6604628381494
14	ED	9	UHFsym	ZZ up-up r=1	-0.649600025597889	-0.2598882593735374	5.947897407920772	79.6604628381494
14	ED	9	chi2	SzSz r=1	-0.1363149949547155	0.11368500504528445	1.4090142803136316	49.589331710379035
14	ED	9	chi4	SzSz r=1	-0.1363149949547155	0.028962425817636944	14.631425329040724	49.589331710379035
14	ED	9	chi8	SzSz r=1	-0.1363149949547155	-0.0030819536266294967	47.442921691930124	49.589331710379035
14	ED	9	chi16	SzSz r=1	-0.1363149949547155	-7.945199830325378e-5	49.61797671044377	49.589331710379035
14	ED	9	chi32	SzSz r=1	-0.1363149949547155	-1.8300061734033424e-6	49.58673902345379	49.589331710379035
14	ED	9	exact	SzSz r=1	-0.1363149949547155	4.142323706268769e-10	49.589331710379035	49.589331710379035
14	ED	9	UHF	SzSz r=1	-0.1363149949547155	0.035603978238487405	11.127905508736623	49.589331710379035
14	ED	9	UHFsym	SzSz r=1	-0.1363149949547155	-0.06296724238427488	4.502127283941727	49.589331710379035
14	ED	9	chi2	hop up r=1	0.5620707208098141	0.5620707208098141	1.0	41.87743151724827
14	ED	9	chi4	hop up r=1	0.5620707208098141	-0.06892381940005965	27.052589852534982	41.87743151724827
14	ED	9	chi8	hop up r=1	0.5620707208098141	0.008183624952885937	41.233616434941	41.87743151724827
14	ED	9	chi16	hop up r=1	0.5620707208098141	0.0022752189161939773	41.76790778911896	41.87743151724827
14	ED	9	chi32	hop up r=1	0.5620707208098141	7.530578403303068e-6	41.87715948639061	41.87743151724827
14	ED	9	exact	hop up r=1	0.5620707208098141	-3.800776360307623e-10	41.87743151724827	41.87743151724827
14	ED	9	UHF	hop up r=1	0.5620707208098141	0.1231612633072664	13.750387211713427	41.87743151724827
14	ED	9	UHFsym	hop up r=1	0.5620707208098141	0.1231612633072689	13.750387211713063	41.87743151724827
14	DMRG	9	chi2	n	0.9999999999849071	-1.5092704863661766e-11	0.9999999991943939	1.0000000000210023
14	DMRG	9	chi4	n	0.9999999999849071	-2.0183077431568108e-11	1.0000000000059004	1.0000000000210023
14	DMRG	9	chi8	n	0.9999999999849071	-1.666222715357435e-12	1.0000000000427736	1.0000000000210023
14	DMRG	9	chi16	n	0.9999999999849071	1.2970735596695704e-12	1.000000000020096	1.0000000000210023
14	DMRG	9	chi32	n	0.9999999999849071	-5.5289106626332796e-14	1.000000000021771	1.0000000000210023
14	DMRG	9	exact	n	0.9999999999849071	0.0	1.0000000000210023	1.0000000000210023
14	DMRG	9	UHF	n	0.9999999999849071	-1.509781188957504e-11	0.02156511903113967	1.0000000000210023
14	DMRG	9	UHFsym	n	0.9999999999849071	-1.509781188957504e-11	1.0000000000000024	1.0000000000210023
14	DMRG	9	chi2	Sz	2.7480739905882956e-11	1.0622863422238212e-9	1.0000000006816463	0.9999999999932193
14	DMRG	9	chi4	Sz	2.7480739905882956e-11	2.007565641504172e-11	0.9999999999913034	0.9999999999932193
14	DMRG	9	chi8	Sz	2.7480739905882956e-11	-2.7909466404629768e-11	0.9999999999735859	0.9999999999932193
14	DMRG	9	chi16	Sz	2.7480739905882956e-11	1.1218179163385855e-12	0.9999999999949335	0.9999999999932193
14	DMRG	9	chi32	Sz	2.7480739905882956e-11	-9.851702786889405e-13	0.9999999999925298	0.9999999999932193
14	DMRG	9	exact	Sz	2.7480739905882956e-11	0.0	0.9999999999932193	0.9999999999932193
14	DMRG	9	UHF	Sz	2.7480739905882956e-11	0.3844814465269171	0.02683254045083333	0.9999999999932193
14	DMRG	9	UHFsym	Sz	2.7480739905882956e-11	2.7480736870116873e-11	0.9999999999999964	0.9999999999932193
14	DMRG	9	chi2	DoubleOcc	0.10051695292640322	0.10051695292640322	2.046155687148616	24.9699363758391
14	DMRG	9	chi4	DoubleOcc	0.10051695292640322	0.035174209419188196	10.31161388106624	24.9699363758391
14	DMRG	9	chi8	DoubleOcc	0.10051695292640322	3.2503916980453074e-6	24.96975985458729	24.9699363758391
14	DMRG	9	chi16	DoubleOcc	0.10051695292640322	0.00018661619401080798	24.958877514511336	24.9699363758391
14	DMRG	9	chi32	DoubleOcc	0.10051695292640322	-3.882362141882645e-6	24.970146469607705	24.9699363758391
14	DMRG	9	exact	DoubleOcc	0.10051695292640322	0.0	24.9699363758391	24.9699363758391
14	DMRG	9	UHF	DoubleOcc	0.10051695292640322	-0.0016570643713001987	1.1710030012300479	24.9699363758391
14	DMRG	9	UHFsym	DoubleOcc	0.10051695292640322	-0.0016570643713000877	24.985246203859393	24.9699363758391
14	DMRG	9	chi2	ZZ onsite	-0.5979321882642025	0.4020678117357973	2.1398865876334168	50.54171615108693
14	DMRG	9	chi4	ZZ onsite	-0.5979321882642025	0.14069683771711838	13.302553593014984	50.54171615108693
14	DMRG	9	chi8	ZZ onsite	-0.5979321882642025	1.3001570123405415e-5	50.54150196631503	50.54171615108693
14	DMRG	9	chi16	ZZ onsite	-0.5979321882642025	0.0007464647734460872	50.5255747065851	50.54171615108693
14	DMRG	9	chi32	ZZ onsite	-0.5979321882642025	-1.552944845806259e-5	50.54196886667106	50.54171615108693
14	DMRG	9	exact	ZZ onsite	-0.5979321882642025	0.0	50.54171615108693	50.54171615108693
14	DMRG	9	UHF	ZZ onsite	-0.5979321882642025	-0.006628257455006392	50.34219827166441	50.54171615108693
14	DMRG	9	UHFsym	ZZ onsite	-0.5979321882642025	-0.006628257455005948	50.342198271664465	50.54171615108693
14	DMRG	9	chi2	ZZ up-up r=1	-0.6496000270115584	0.3503999729884414	3.2422110863053617	79.6604628381494
14	DMRG	9	chi4	ZZ up-up r=1	-0.6496000270115584	0.1421951430871906	15.969143952843062	79.6604628381494
14	DMRG	9	chi8	ZZ up-up r=1	-0.6496000270115584	-0.011747087423965796	78.78387206733379	79.6604628381494
14	DMRG	9	chi16	ZZ up-up r=1	-0.6496000270115584	-0.003116234530483375	79.82925099653467	79.6604628381494
14	DMRG	9	chi32	ZZ up-up r=1	-0.6496000270115584	4.212745785991956e-6	79.66003789884752	79.6604628381494
14	DMRG	9	exact	ZZ up-up r=1	-0.6496000270115584	0.0	79.6604628381494	79.6604628381494
14	DMRG	9	UHF	ZZ up-up r=1	-0.6496000270115584	0.1343966217038408	17.422614122778985	79.6604628381494
14	DMRG	9	UHFsym	ZZ up-up r=1	-0.6496000270115584	-0.2598882607872068	5.947897407920772	79.6604628381494
14	DMRG	9	chi2	SzSz r=1	-0.13631499536894787	0.11368500463105208	1.4090142803136316	49.589331710379035
14	DMRG	9	chi4	SzSz r=1	-0.13631499536894787	0.028962425403404574	14.631425329040724	49.589331710379035
14	DMRG	9	chi8	SzSz r=1	-0.13631499536894787	-0.0030819540408618673	47.442921691930124	49.589331710379035
14	DMRG	9	chi16	SzSz r=1	-0.13631499536894787	-7.94524125356244e-5	49.61797671044377	49.589331710379035
14	DMRG	9	chi32	SzSz r=1	-0.13631499536894787	-1.8304204057739693e-6	49.58673902345379	49.589331710379035
14	DMRG	9	exact	SzSz r=1	-0.13631499536894787	0.0	49.589331710379035	49.589331710379035
14	DMRG	9	UHF	SzSz r=1	-0.13631499536894787	0.035603977824255034	11.127905508736623	49.589331710379035
14	DMRG	9	UHFsym	SzSz r=1	-0.13631499536894787	-0.06296724279850725	4.502127283941727	49.589331710379035
14	DMRG	9	chi2	hop up r=1	0.5620707211898918	0.5620707211898918	1.0	41.87743151724827
14	DMRG	9	chi4	hop up r=1	0.5620707211898918	-0.06892381901998201	27.052589852534982	41.87743151724827
14	DMRG	9	chi8	hop up r=1	0.5620707211898918	0.008183625332963573	41.233616434941	41.87743151724827
14	DMRG	9	chi16	hop up r=1	0.5620707211898918	0.0022752192962716133	41.76790778911896	41.87743151724827
14	DMRG	9	chi32	hop up r=1	0.5620707211898918	7.530958480939098e-6	41.87715948639061	41.87743151724827
14	DMRG	9	exact	hop up r=1	0.5620707211898918	0.0	41.87743151724827	41.87743151724827
14	DMRG	9	UHF	hop up r=1	0.5620707211898918	0.12316126368734404	13.750387211713427	41.87743151724827
14	DMRG	9	UHFsym	hop up r=1	0.5620707211898918	0.12316126368734653	13.750387211713063	41.87743151724827
14	ED	10	chi2	n	0.9999999999999997	3.3306690738754696e-16	0.9999999988804049	1.000000000025918
14	ED	10	chi4	n	0.9999999999999997	5.090483590208805e-12	1.000000000066462	1.000000000025918
14	ED	10	chi8	n	0.9999999999999997	1.5508705430988812e-12	1.0000000000534137	1.000000000025918
14	ED	10	chi16	n	0.9999999999999997	3.4271474547153957e-12	1.0000000000331475	1.000000000025918
14	ED	10	chi32	n	0.9999999999999997	5.965894445125741e-12	1.0000000000295213	1.000000000025918
14	ED	10	exact	n	0.9999999999999997	7.584044503516907e-12	1.000000000025918	1.000000000025918
14	ED	10	UHF	n	0.9999999999999997	-2.220446049250313e-16	0.020050412412122246	1.000000000025918
14	ED	10	UHFsym	n	0.9999999999999997	-1.1102230246251565e-16	1.0000000000000002	1.000000000025918
14	ED	10	chi2	Sz	7.819786485008251e-14	-1.0347274044530952e-9	0.999999999006027	1.0000000000279583
14	ED	10	chi4	Sz	7.819786485008251e-14	6.689529138959038e-11	1.000000000062327	1.0000000000279583
14	ED	10	chi8	Sz	7.819786485008251e-14	5.1088733937776354e-11	1.0000000000484328	1.0000000000279583
14	ED	10	chi16	Sz	7.819786485008251e-14	3.434497131138414e-11	1.000000000031666	1.0000000000279583
14	ED	10	chi32	Sz	7.819786485008251e-14	3.3678265037861976e-11	1.0000000000301021	1.0000000000279583
14	ED	10	exact	Sz	7.819786485008251e-14	3.20593863956109e-11	1.0000000000279583	1.0000000000279583
14	ED	10	UHF	Sz	7.819786485008251e-14	-0.3845147420078234	0.02600133194095009	1.0000000000279583
14	ED	10	UHFsym	Sz	7.819786485008251e-14	7.82212836170082e-14	1.0	1.0000000000279583
14	ED	10	chi2	DoubleOcc	0.09957371970568474	0.09957371970568474	2.1963370074418265	26.164818478840434
14	ED	10	chi4	DoubleOcc	0.09957371970568474	0.03423097620356047	11.504575937987617	26.164818478840434
14	ED	10	chi8	DoubleOcc	0.09957371970568474	-0.0010206732759092396	26.116399553967423	26.164818478840434
14	ED	10	chi16	DoubleOcc	0.09957371970568474	0.00015563924592881806	26.166910138615634	26.164818478840434
14	ED	10	chi32	DoubleOcc	0.09957371970568474	-7.961938716660732e-7	26.164804166252587	26.164818478840434
14	ED	10	exact	DoubleOcc	0.09957371970568474	2.222917960814641e-10	26.164818478840434	26.164818478840434
14	ED	10	UHF	DoubleOcc	0.09957371970568474	-0.0025746934729120596	1.102798609318614	26.164818478840434
14	ED	10	UHFsym	DoubleOcc	0.09957371970568474	-0.002574693472912004	25.9286565468574	26.164818478840434
14	ED	10	chi2	ZZ onsite	-0.6017051211772619	0.3982948788227374	2.28354453924532	53.25905245394525
14	ED	10	chi4	ZZ onsite	-0.6017051211772619	0.13692390480405925	14.96014376962645	53.25905245394525
14	ED	10	chi8	ZZ onsite	-0.6017051211772619	-0.004082693106740476	52.945065243080414	53.25905245394525
14	ED	10	chi16	ZZ onsite	-0.6017051211772619	0.0006225569768577577	53.28493418551165	53.25905245394525
14	ED	10	chi32	ZZ onsite	-0.6017051211772619	-3.184787419785451e-6	53.258904909122926	53.25905245394525
14	ED	10	exact	ZZ onsite	-0.6017051211772619	8.739990953188226e-10	53.25905245394525	53.25905245394525
14	ED	10	UHF	ZZ onsite	-0.6017051211772619	-0.01029877389164957	52.005317452739305	53.25905245394525
14	ED	10	UHFsym	ZZ onsite	-0.6017051211772619	-0.010298773891649238	52.00531745273935	53.25905245394525
14	ED	10	chi2	ZZ up-up r=1	-0.3716397042763705	-0.04105019658798398	13.756090612239852	16.983354724530937
14	ED	10	chi4	ZZ up-up r=1	-0.3716397042763705	-0.31876701850873757	1.325977184931156	16.983354724530937
14	ED	10	chi8	ZZ up-up r=1	-0.3716397042763705	-0.003369860549072845	16.899949192084154	16.983354724530937
14	ED	10	chi16	ZZ up-up r=1	-0.3716397042763705	-0.0010630505652644562	16.961639853143925	16.983354724530937
14	ED	10	chi32	ZZ up-up r=1	-0.3716397042763705	-5.0139223810141686e-5	16.98242663930105	16.983354724530937
14	ED	10	exact	ZZ up-up r=1	-0.3716397042763705	-3.866613695890919e-9	16.983354724530937	16.983354724530937
14	ED	10	UHF	ZZ up-up r=1	-0.3716397042763705	0.41219186244986716	0.861266663491521	16.983354724530937
14	ED	10	UHFsym	ZZ up-up r=1	-0.3716397042763705	0.017956664619391716	16.701082082607257	16.983354724530937
14	ED	10	chi2	SzSz r=1	-0.07588793579898412	0.006759441123112511	9.201843522955787	11.439062310850233
14	ED	10	chi4	SzSz r=1	-0.07588793579898412	-0.0626697643570759	1.402184597848731	11.439062310850233
14	ED	10	chi8	SzSz r=1	-0.07588793579898412	-0.00036311998220456276	11.390394654992484	11.439062310850233
14	ED	10	chi16	SzSz r=1	-0.07588793579898412	-0.00022387660930126008	11.436894405619407	11.439062310850233
14	ED	10	chi32	SzSz r=1	-0.07588793579898412	-1.986715632076863e-5	11.438152260772567	11.439062310850233
14	ED	10	exact	SzSz r=1	-0.07588793579898412	-6.64095528568609e-10	11.439062310850233	11.439062310850233
14	ED	10	UHF	SzSz r=1	-0.07588793579898412	0.09600108740876695	0.6539465562388407	11.439062310850233
14	ED	10	UHFsym	SzSz r=1	-0.07588793579898412	-0.0025577120488505523	10.915233761198536	11.439062310850233
14	ED	10	chi2	hop up r=1	0.4074009137654904	0.4074009137654904	1.0	20.65126247854987
14	ED	10	chi4	hop up r=1	0.4074009137654904	0.4074009137654904	1.0	20.65126247854987
14	ED	10	chi8	hop up r=1	0.4074009137654904	0.004795866227846779	20.607143780330652	20.65126247854987
14	ED	10	chi16	hop up r=1	0.4074009137654904	0.0003981618923685759	20.651884067403184	20.65126247854987
14	ED	10	chi32	hop up r=1	0.4074009137654904	4.918601398828937e-5	20.651381334293674	20.65126247854987
14	ED	10	exact	hop up r=1	0.4074009137654904	2.346276284370674e-9	20.65126247854987	20.65126247854987
14	ED	10	UHF	hop up r=1	0.4074009137654904	-0.03140536215870399	18.42329815595608	20.65126247854987
14	ED	10	UHFsym	hop up r=1	0.4074009137654904	-0.03140536215869899	18.423298155956708	20.65126247854987
14	DMRG	10	chi2	n	0.9999999999924156	-7.58371143660952e-12	0.9999999988804049	1.000000000025918
14	DMRG	10	chi4	n	0.9999999999924156	-2.4935609133081016e-12	1.000000000066462	1.000000000025918
14	DMRG	10	chi8	n	0.9999999999924156	-6.033173960418026e-12	1.0000000000534137	1.000000000025918
14	DMRG	10	chi16	n	0.9999999999924156	-4.156897048801511e-12	1.0000000000331475	1.000000000025918
14	DMRG	10	chi32	n	0.9999999999924156	-1.6181500583911657e-12	1.0000000000295213	1.000000000025918
14	DMRG	10	exact	n	0.9999999999924156	0.0	1.000000000025918	1.000000000025918
14	DMRG	10	UHF	n	0.9999999999924156	-7.584266548121832e-12	0.020050412412122246	1.000000000025918
14	DMRG	10	UHFsym	n	0.9999999999924156	-7.58415552581937e-12	1.0000000000000002	1.000000000025918
14	DMRG	10	chi2	Sz	-3.198118853076082e-11	-1.066786790848706e-9	0.999999999006027	1.0000000000279583
14	DMRG	10	chi4	Sz	-3.198118853076082e-11	3.483590499397948e-11	1.000000000062327	1.0000000000279583
14	DMRG	10	chi8	Sz	-3.198118853076082e-11	1.9029347542165453e-11	1.0000000000484328	1.0000000000279583
14	DMRG	10	chi16	Sz	-3.198118853076082e-11	2.285584915773242e-12	1.000000000031666	1.0000000000279583
14	DMRG	10	chi32	Sz	-3.198118853076082e-11	1.618878642251076e-12	1.0000000000301021	1.0000000000279583
14	DMRG	10	exact	Sz	-3.198118853076082e-11	0.0	1.0000000000279583	1.0000000000279583
14	DMRG	10	UHF	Sz	-3.198118853076082e-11	-0.3845147420398828	0.02600133194095009	1.0000000000279583
14	DMRG	10	UHFsym	Sz	-3.198118853076082e-11	-3.198116511199389e-11	1.0	1.0000000000279583
14	DMRG	10	chi2	DoubleOcc	0.09957371948339294	0.09957371948339294	2.1963370074418265	26.164818478840434
14	DMRG	10	chi4	DoubleOcc	0.09957371948339294	0.034230975981268674	11.504575937987617	26.164818478840434
14	DMRG	10	chi8	DoubleOcc	0.09957371948339294	-0.0010206734982010357	26.116399553967423	26.164818478840434
14	DMRG	10	chi16	DoubleOcc	0.09957371948339294	0.00015563902363702198	26.166910138615634	26.164818478840434
14	DMRG	10	chi32	DoubleOcc	0.09957371948339294	-7.964161634621547e-7	26.164804166252587	26.164818478840434
14	DMRG	10	exact	DoubleOcc	0.09957371948339294	0.0	26.164818478840434	26.164818478840434
14	DMRG	10	UHF	DoubleOcc	0.09957371948339294	-0.0025746936952038557	1.102798609318614	26.164818478840434
14	DMRG	10	UHFsym	DoubleOcc	0.09957371948339294	-0.0025746936952038	25.9286565468574	26.164818478840434
14	DMRG	10	chi2	ZZ onsite	-0.601705122051261	0.3982948779487383	2.28354453924532	53.25905245394525
14	DMRG	10	chi4	ZZ onsite	-0.601705122051261	0.13692390393006015	14.96014376962645	53.25905245394525
14	DMRG	10	chi8	ZZ onsite	-0.601705122051261	-0.004082693980739571	52.945065243080414	53.25905245394525
14	DMRG	10	chi16	ZZ onsite	-0.601705122051261	0.0006225561028586624	53.28493418551165	53.25905245394525
14	DMRG	10	chi32	ZZ onsite	-0.601705122051261	-3.1856614188807697e-6	53.258904909122926	53.25905245394525
14	DMRG	10	exact	ZZ onsite	-0.601705122051261	0.0	53.25905245394525	53.25905245394525
14	DMRG	10	UHF	ZZ onsite	-0.601705122051261	-0.010298774765648666	52.005317452739305	53.25905245394525
14	DMRG	10	UHFsym	ZZ onsite	-0.601705122051261	-0.010298774765648333	52.00531745273935	53.25905245394525
14	DMRG	10	chi2	ZZ up-up r=1	-0.3716397004097568	-0.04105019272137028	13.756090612239852	16.983354724530937
14	DMRG	10	chi4	ZZ up-up r=1	-0.3716397004097568	-0.31876701464212387	1.325977184931156	16.983354724530937
14	DMRG	10	chi8	ZZ up-up r=1	-0.3716397004097568	-0.003369856682459149	16.899949192084154	16.983354724530937
14	DMRG	10	chi16	ZZ up-up r=1	-0.3716397004097568	-0.0010630466986507603	16.961639853143925	16.983354724530937
14	DMRG	10	chi32	ZZ up-up r=1	-0.3716397004097568	-5.0135357196445796e-5	16.98242663930105	16.983354724530937
14	DMRG	10	exact	ZZ up-up r=1	-0.3716397004097568	0.0	16.983354724530937	16.983354724530937
14	DMRG	10	UHF	ZZ up-up r=1	-0.3716397004097568	0.41219186631648086	0.861266663491521	16.983354724530937
14	DMRG	10	UHFsym	ZZ up-up r=1	-0.3716397004097568	0.01795666848600541	16.701082082607257	16.983354724530937
14	DMRG	10	chi2	SzSz r=1	-0.07588793513488859	0.00675944178720804	9.201843522955787	11.439062310850233
14	DMRG	10	chi4	SzSz r=1	-0.07588793513488859	-0.06266976369298037	1.402184597848731	11.439062310850233
14	DMRG	10	chi8	SzSz r=1	-0.07588793513488859	-0.0003631193181090342	11.390394654992484	11.439062310850233
14	DMRG	10	chi16	SzSz r=1	-0.07588793513488859	-0.0002238759452057315	11.436894405619407	11.439062310850233
14	DMRG	10	chi32	SzSz r=1	-0.07588793513488859	-1.9866492225240062e-5	11.438152260772567	11.439062310850233
14	DMRG	10	exact	SzSz r=1	-0.07588793513488859	0.0	11.439062310850233	11.439062310850233
14	DMRG	10	UHF	SzSz r=1	-0.07588793513488859	0.09600108807286248	0.6539465562388407	11.439062310850233
14	DMRG	10	UHFsym	SzSz r=1	-0.07588793513488859	-0.0025577113847550237	10.915233761198536	11.439062310850233
14	DMRG	10	chi2	hop up r=1	0.40740091141921414	0.40740091141921414	1.0	20.65126247854987
14	DMRG	10	chi4	hop up r=1	0.40740091141921414	0.40740091141921414	1.0	20.65126247854987
14	DMRG	10	chi8	hop up r=1	0.40740091141921414	0.004795863881570495	20.607143780330652	20.65126247854987
14	DMRG	10	chi16	hop up r=1	0.40740091141921414	0.00039815954609229154	20.651884067403184	20.65126247854987
14	DMRG	10	chi32	hop up r=1	0.40740091141921414	4.9183667712005e-5	20.651381334293674	20.65126247854987
14	DMRG	10	exact	hop up r=1	0.40740091141921414	0.0	20.65126247854987	20.65126247854987
14	DMRG	10	UHF	hop up r=1	0.40740091141921414	-0.03140536450498027	18.42329815595608	20.65126247854987
14	DMRG	10	UHFsym	hop up r=1	0.40740091141921414	-0.031405364504975275	18.423298155956708	20.65126247854987
14	ED	11	chi2	n	1.000000000000001	2.4424906541753444e-15	0.9999999998838245	1.000000000023359
14	ED	11	chi4	n	1.000000000000001	4.031774913926256e-12	1.0000000000144607	1.000000000023359
14	ED	11	chi8	n	1.000000000000001	1.2903789148310807e-11	1.000000000025429	1.000000000023359
14	ED	11	chi16	n	1.000000000000001	1.175382013940407e-11	1.0000000000208984	1.000000000023359
14	ED	11	chi32	n	1.000000000000001	1.1837086866250957e-11	1.0000000000211153	1.000000000023359
14	ED	11	exact	n	1.000000000000001	1.4088730182493236e-11	1.000000000023359	1.000000000023359
14	ED	11	UHF	n	1.000000000000001	2.55351295663786e-15	0.018921839040533146	1.000000000023359
14	ED	11	UHFsym	n	1.000000000000001	2.6645352591003757e-15	1.000000000000002	1.000000000023359
14	ED	11	chi2	Sz	-1.788499903732088e-13	3.211565804961332e-10	1.0000000002992837	0.9999999999708288
14	ED	11	chi4	Sz	-1.788499903732088e-13	-2.5993977803562274e-11	0.999999999971619	0.9999999999708288
14	ED	11	chi8	Sz	-1.788499903732088e-13	-2.5117234681015788e-11	0.9999999999628905	0.9999999999708288
14	ED	11	chi16	Sz	-1.788499903732088e-13	-1.6627407783964543e-11	0.9999999999720336	0.9999999999708288
14	ED	11	chi32	Sz	-1.788499903732088e-13	-1.6935793045735892e-11	0.9999999999716576	0.9999999999708288
14	ED	11	exact	Sz	-1.788499903732088e-13	-1.5226452043659577e-11	0.9999999999708288	0.9999999999708288
14	ED	11	UHF	Sz	-1.788499903732088e-13	0.38443299719009916	0.03103474747148603	0.9999999999708288
14	ED	11	UHFsym	Sz	-1.788499903732088e-13	-1.7886993969318254e-13	0.9999999999999981	0.9999999999708288
14	ED	11	chi2	DoubleOcc	0.10070316390566936	0.10070316390566936	2.2372755285417045	28.310495554941276
14	ED	11	chi4	DoubleOcc	0.10070316390566936	0.034391892499718774	12.550965083254	28.310495554941276
14	ED	11	chi8	DoubleOcc	0.10070316390566936	0.00012324149477341284	28.325953372682076	28.310495554941276
14	ED	11	chi16	DoubleOcc	0.10070316390566936	0.00012893910750025328	28.326643542759665	28.310495554941276
14	ED	11	chi32	DoubleOcc	0.10070316390566936	-2.481234929518905e-6	28.310173937590964	28.310495554941276
14	ED	11	exact	DoubleOcc	0.10070316390566936	2.0282769908064324e-10	28.310495554941276	28.310495554941276
14	ED	11	UHF	DoubleOcc	0.10070316390566936	-0.0015081067656296243	1.2142202515764327	28.310495554941276
14	ED	11	UHFsym	DoubleOcc	0.10070316390566936	-0.0015081067656296798	28.040828488384292	28.310495554941276
14	ED	11	chi2	ZZ onsite	-0.5971873443773248	0.4028126556226739	2.2106126453433568	45.99135390548326
14	ED	11	chi4	ZZ onsite	-0.5971873443773248	0.13756756999081088	14.280341031645284	45.99135390548326
14	ED	11	chi8	ZZ onsite	-0.5971873443773248	0.000492965953285629	46.01232495580083	45.99135390548326
14	ED	11	chi16	ZZ onsite	-0.5971873443773248	0.0005157564064920406	46.013227567521206	45.99135390548326
14	ED	11	chi32	ZZ onsite	-0.5971873443773248	-9.924963393137531e-6	45.9909032723151	45.99135390548326
14	ED	11	exact	ZZ onsite	-0.5971873443773248	7.831342241360062e-10	45.99135390548326	45.99135390548326
14	ED	11	UHF	ZZ onsite	-0.5971873443773248	-0.006032427062523715	45.51444063620031	45.99135390548326
14	ED	11	UHFsym	ZZ onsite	-0.5971873443773248	-0.006032427062523937	45.514440636200284	45.99135390548326
14	ED	11	chi2	ZZ up-up r=1	-0.6809703343229709	0.31902966567702773	4.23515496949562	70.43924620554291
14	ED	11	chi4	ZZ up-up r=1	-0.6809703343229709	0.1429333243049875	16.75675754063403	70.43924620554291
14	ED	11	chi8	ZZ up-up r=1	-0.6809703343229709	-0.008749612341484636	70.14095016481008	70.43924620554291
14	ED	11	chi16	ZZ up-up r=1	-0.6809703343229709	-0.0035633276670468117	70.51385031592888	70.43924620554291
14	ED	11	chi32	ZZ up-up r=1	-0.6809703343229709	2.441830334687367e-5	70.43780398434492	70.43924620554291
14	ED	11	exact	ZZ up-up r=1	-0.6809703343229709	1.2136618376956676e-9	70.43924620554291	70.43924620554291
14	ED	11	UHF	ZZ up-up r=1	-0.6809703343229709	0.10492139631842423	25.618503229916833	70.43924620554291
14	ED	11	UHFsym	ZZ up-up r=1	-0.6809703343229709	-0.2903805414501847	5.22257065426434	70.43924620554291
14	ED	11	chi2	SzSz r=1	-0.14316569453285882	0.10683430546714084	1.7573922181646113	49.48457470935304
14	ED	11	chi4	SzSz r=1	-0.14316569453285882	0.038448455649744695	10.977868135310995	49.48457470935304
14	ED	11	chi8	SzSz r=1	-0.14316569453285882	-0.0023046359576457953	48.44156441352883	49.48457470935304
14	ED	11	chi16	SzSz r=1	-0.14316569453285882	-0.0006253502410443479	49.391282756218494	49.48457470935304
14	ED	11	chi32	SzSz r=1	-0.14316569453285882	4.894297360474864e-6	49.48521844709554	49.48457470935304
14	ED	11	exact	SzSz r=1	-0.14316569453285882	4.929550101451241e-10	49.48457470935304	49.48457470935304
14	ED	11	UHF	SzSz r=1	-0.14316569453285882	0.02918083848992939	17.036384571990002	49.48457470935304
14	ED	11	UHFsym	SzSz r=1	-0.14316569453285882	-0.069644645952223	3.9622317845862307	49.48457470935304
14	ED	11	chi2	hop up r=1	0.5776047738060353	0.5776047738060353	1.0	41.81622231057467
14	ED	11	chi4	hop up r=1	0.5776047738060353	-0.06436962413510894	25.77091096696504	41.81622231057467
14	ED	11	chi8	hop up r=1	0.5776047738060353	0.005469290021546502	42.030648560647926	41.81622231057467
14	ED	11	chi16	hop up r=1	0.5776047738060353	0.0012077270932411288	41.8903944149348	41.81622231057467
14	ED	11	chi32	hop up r=1	0.5776047738060353	-2.671774032569907e-6	41.81604162874764	41.81622231057467
14	ED	11	exact	hop up r=1	0.5776047738060353	-5.255912371993077e-10	41.81622231057467	41.81622231057467
14	ED	11	UHF	hop up r=1	0.5776047738060353	0.13827437752040805	13.195211229224963	41.81622231057467
14	ED	11	UHFsym	hop up r=1	0.5776047738060353	0.13827437752040878	13.195211229224864	41.81622231057467
14	DMRG	11	chi2	n	0.9999999999859124	-1.4086287691839061e-11	0.9999999998838245	1.000000000023359
14	DMRG	11	chi4	n	0.9999999999859124	-1.005695526856698e-11	1.0000000000144607	1.000000000023359
14	DMRG	11	chi8	n	0.9999999999859124	-1.1849410341824296e-12	1.000000000025429	1.000000000023359
14	DMRG	11	chi16	n	0.9999999999859124	-2.3349100430891667e-12	1.0000000000208984	1.000000000023359
14	DMRG	11	chi32	n	0.9999999999859124	-2.25164331624228e-12	1.0000000000211153	1.000000000023359
14	DMRG	11	exact	n	0.9999999999859124	0.0	1.000000000023359	1.000000000023359
14	DMRG	11	UHF	n	0.9999999999859124	-1.4086176669536599e-11	0.018921839040533146	1.000000000023359
14	DMRG	11	UHFsym	n	0.9999999999859124	-1.4086065647234136e-11	1.000000000000002	1.000000000023359
14	DMRG	11	chi2	Sz	1.504760205328637e-11	3.3638303253979276e-10	1.0000000002992837	0.9999999999708288
14	DMRG	11	chi4	Sz	1.504760205328637e-11	-1.0767525759902696e-11	0.999999999971619	0.9999999999708288
14	DMRG	11	chi8	Sz	1.504760205328637e-11	-9.89078263735621e-12	0.9999999999628905	0.9999999999708288
14	DMRG	11	chi16	Sz	1.504760205328637e-11	-1.4009557403049655e-12	0.9999999999720336	0.9999999999708288
14	DMRG	11	chi32	Sz	1.504760205328637e-11	-1.7093410020763145e-12	0.9999999999716576	0.9999999999708288
14	DMRG	11	exact	Sz	1.504760205328637e-11	0.0	0.9999999999708288	0.9999999999708288
14	DMRG	11	UHF	Sz	1.504760205328637e-11	0.38443299720532564	0.03103474747148603	0.9999999999708288
14	DMRG	11	UHFsym	Sz	1.504760205328637e-11	1.5047582103966395e-11	0.9999999999999981	0.9999999999708288
14	DMRG	11	chi2	DoubleOcc	0.10070316370284166	0.10070316370284166	2.2372755285417045	28.310495554941276
14	DMRG	11	chi4	DoubleOcc	0.10070316370284166	0.034391892296891075	12.550965083254	28.310495554941276
14	DMRG	11	chi8	DoubleOcc	0.10070316370284166	0.00012324129194571376	28.325953372682076	28.310495554941276
14	DMRG	11	chi16	DoubleOcc	0.10070316370284166	0.0001289389046725542	28.326643542759665	28.310495554941276
14	DMRG	11	chi32	DoubleOcc	0.10070316370284166	-2.4814377572179858e-6	28.310173937590964	28.310495554941276
14	DMRG	11	exact	DoubleOcc	0.10070316370284166	0.0	28.310495554941276	28.310495554941276
14	DMRG	11	UHF	DoubleOcc	0.10070316370284166	-0.0015081069684573234	1.2142202515764327	28.310495554941276
14	DMRG	11	UHFsym	DoubleOcc	0.10070316370284166	-0.001508106968457379	28.040828488384292	28.310495554941276
14	DMRG	11	chi2	ZZ onsite	-0.597187345160459	0.40281265483953965	2.2106126453433568	45.99135390548326
14	DMRG	11	chi4	ZZ onsite	-0.597187345160459	0.13756756920767665	14.280341031645284	45.99135390548326
14	DMRG	11	chi8	ZZ onsite	-0.597187345160459	0.0004929651701514048	46.01232495580083	45.99135390548326
14	DMRG	11	chi16	ZZ onsite	-0.597187345160459	0.0005157556233578164	46.013227567521206	45.99135390548326
14	DMRG	11	chi32	ZZ onsite	-0.597187345160459	-9.925746527361667e-6	45.9909032723151	45.99135390548326
14	DMRG	11	exact	ZZ onsite	-0.597187345160459	0.0	45.99135390548326	45.99135390548326
14	DMRG	11	UHF	ZZ onsite	-0.597187345160459	-0.0060324278456579394	45.51444063620031	45.99135390548326
14	DMRG	11	UHFsym	ZZ onsite	-0.597187345160459	-0.0060324278456581615	45.514440636200284	45.99135390548326
14	DMRG	11	chi2	ZZ up-up r=1	-0.6809703355366328	0.3190296644633659	4.23515496949562	70.43924620554291
14	DMRG	11	chi4	ZZ up-up r=1	-0.6809703355366328	0.14293332309132567	16.75675754063403	70.43924620554291
14	DMRG	11	chi8	ZZ up-up r=1	-0.6809703355366328	-0.008749613555146474	70.14095016481008	70.43924620554291
14	DMRG	11	chi16	ZZ up-up r=1	-0.6809703355366328	-0.0035633288807086494	70.51385031592888	70.43924620554291
14	DMRG	11	chi32	ZZ up-up r=1	-0.6809703355366328	2.4417089685035975e-5	70.43780398434492	70.43924620554291
14	DMRG	11	exact	ZZ up-up r=1	-0.6809703355366328	0.0	70.43924620554291	70.43924620554291
14	DMRG	11	UHF	ZZ up-up r=1	-0.6809703355366328	0.1049213951047624	25.618503229916833	70.43924620554291
14	DMRG	11	UHFsym	ZZ up-up r=1	-0.6809703355366328	-0.29038054266384655	5.22257065426434	70.43924620554291
14	DMRG	11	chi2	SzSz r=1	-0.14316569502581383	0.10683430497418583	1.7573922181646113	49.48457470935304
14	DMRG	11	chi4	SzSz r=1	-0.14316569502581383	0.038448455156789685	10.977868135310995	49.48457470935304
14	DMRG	11	chi8	SzSz r=1	-0.14316569502581383	-0.0023046364506008055	48.44156441352883	49.48457470935304
14	DMRG	11	chi16	SzSz r=1	-0.14316569502581383	-0.000625350733999358	49.391282756218494	49.48457470935304
14	DMRG	11	chi32	SzSz r=1	-0.14316569502581383	4.893804405464719e-6	49.48521844709554	49.48457470935304
14	DMRG	11	exact	SzSz r=1	-0.14316569502581383	0.0	49.48457470935304	49.48457470935304
14	DMRG	11	UHF	SzSz r=1	-0.14316569502581383	0.02918083799697438	17.036384571990002	49.48457470935304
14	DMRG	11	UHFsym	SzSz r=1	-0.14316569502581383	-0.06964464644517801	3.9622317845862307	49.48457470935304
14	DMRG	11	chi2	hop up r=1	0.5776047743316265	0.5776047743316265	1.0	41.81622231057467
14	DMRG	11	chi4	hop up r=1	0.5776047743316265	-0.0643696236095177	25.77091096696504	41.81622231057467
14	DMRG	11	chi8	hop up r=1	0.5776047743316265	0.0054692905471377395	42.030648560647926	41.81622231057467
14	DMRG	11	chi16	hop up r=1	0.5776047743316265	0.001207727618832366	41.8903944149348	41.81622231057467
14	DMRG	11	chi32	hop up r=1	0.5776047743316265	-2.6712484413327076e-6	41.81604162874764	41.81622231057467
14	DMRG	11	exact	hop up r=1	0.5776047743316265	0.0	41.81622231057467	41.81622231057467
14	DMRG	11	UHF	hop up r=1	0.5776047743316265	0.1382743780459993	13.195211229224963	41.81622231057467
14	DMRG	11	UHFsym	hop up r=1	0.5776047743316265	0.138274378046	13.195211229224864	41.81622231057467
14	ED	12	chi2	n	0.9999999999999909	-7.66053886991358e-15	0.999999999604837	1.0000000000371567
14	ED	12	chi4	n	0.9999999999999909	-7.743139462945692e-12	1.0000000000568217	1.0000000000371567
14	ED	12	chi8	n	0.9999999999999909	-3.959499395023158e-12	1.0000000000476854	1.0000000000371567
14	ED	12	chi16	n	0.9999999999999909	-5.8548721426632255e-12	1.0000000000366236	1.0000000000371567
14	ED	12	chi32	n	0.9999999999999909	-5.947686787521889e-12	1.0000000000388123	1.0000000000371567
14	ED	12	exact	n	0.9999999999999909	-4.384936858059518e-12	1.0000000000371567	1.0000000000371567
14	ED	12	UHF	n	0.9999999999999909	-6.439293542825908e-15	0.01798399270672136	1.0000000000371567
14	ED	12	UHFsym	n	0.9999999999999909	-6.439293542825908e-15	0.9999999999999974	1.0000000000371567
14	ED	12	chi2	Sz	2.0573820425084932e-13	-3.2112976167120166e-10	0.9999999992942619	1.000000000057087
14	ED	12	chi4	Sz	2.0573820425084932e-13	3.778599655390735e-11	1.0000000000850997	1.000000000057087
14	ED	12	chi8	Sz	2.0573820425084932e-13	3.457620995073185e-11	1.0000000000767961	1.000000000057087
14	ED	12	chi16	Sz	2.0573820425084932e-13	2.346839389488764e-11	1.0000000000530282	1.000000000057087
14	ED	12	chi32	Sz	2.0573820425084932e-13	2.5144761273132588e-11	1.0000000000567408	1.000000000057087
14	ED	12	exact	Sz	2.0573820425084932e-13	2.553789818504626e-11	1.000000000057087	1.000000000057087
14	ED	12	UHF	Sz	2.0573820425084932e-13	-0.3855551798842745	0.03476157245451473	1.000000000057087
14	ED	12	UHFsym	Sz	2.0573820425084932e-13	2.0573386744215938e-13	0.999999999999999	1.000000000057087
14	ED	12	chi2	DoubleOcc	0.09735999981810564	0.09735999981810567	2.3075312119996045	31.567730440646717
14	ED	12	chi4	DoubleOcc	0.09735999981810564	0.01101909517611735	26.811683447564803	31.567730440646717
14	ED	12	chi8	DoubleOcc	0.09735999981810564	-0.0013535185677255868	31.556688216812848	31.567730440646717
14	ED	12	chi16	DoubleOcc	0.09735999981810564	8.106726382836604e-5	31.563539172393902	31.567730440646717
14	ED	12	chi32	DoubleOcc	0.09735999981810564	2.497434817005928e-6	31.56760950898759	31.567730440646717
14	ED	12	exact	DoubleOcc	0.09735999981810564	3.48524542559403e-10	31.567730440646717	31.567730440646717
14	ED	12	UHF	DoubleOcc	0.09735999981810564	-0.003987203446139093	1.1839158915303716	31.567730440646717
14	ED	12	UHFsym	DoubleOcc	0.09735999981810564	-0.00398720344613912	31.103871183636162	31.567730440646717
14	ED	12	chi2	ZZ onsite	-0.6105600007275667	0.3894399992724319	2.436816668333905	53.39825062115669
14	ED	12	chi4	ZZ onsite	-0.6105600007275667	0.044076380719946906	42.95607204570846	53.39825062115669
14	ED	12	chi8	ZZ onsite	-0.6105600007275667	-0.005414074262992119	52.99947433571839	53.39825062115669
14	ED	12	chi16	ZZ onsite	-0.6105600007275667	0.00032426906701377156	53.408453431323984	53.39825062115669
14	ED	12	chi32	ZZ onsite	-0.6105600007275667	9.989751153738347e-6	53.39858822525453	53.39825062115669
14	ED	12	exact	ZZ onsite	-0.6105600007275667	1.4028612715932809e-9	53.39825062115669	53.39825062115669
14	ED	12	UHF	ZZ onsite	-0.6105600007275667	-0.015948813784551152	51.06916681582587	53.39825062115669
14	ED	12	UHFsym	ZZ onsite	-0.6105600007275667	-0.015948813784551263	51.06916681582584	53.39825062115669
14	ED	12	chi2	ZZ up-up r=1	-0.32342553005978025	-0.027486426050377544	11.831579035974883	12.495458374628344
14	ED	12	chi4	ZZ up-up r=1	-0.32342553005978025	-0.2833662635994689	1.2767910098133064	12.495458374628344
14	ED	12	chi8	ZZ up-up r=1	-0.32342553005978025	-0.003052659350088749	12.523158859439063	12.495458374628344
14	ED	12	chi16	ZZ up-up r=1	-0.32342553005978025	-6.761993056803028e-5	12.496356196112968	12.495458374628344
14	ED	12	chi32	ZZ up-up r=1	-0.32342553005978025	-8.143412205674494e-8	12.495459459024369	12.495458374628344
14	ED	12	exact	ZZ up-up r=1	-0.32342553005978025	-3.4030872564372316e-10	12.495458374628344	12.495458374628344
14	ED	12	UHF	ZZ up-up r=1	-0.32342553005978025	0.4535410468977308	0.5044323525727527	12.495458374628344
14	ED	12	UHFsym	ZZ up-up r=1	-0.32342553005978025	0.061569904097961536	8.35800371831192	12.495458374628344
14	ED	12	chi2	SzSz r=1	-0.06553632932873207	0.008448446673618604	5.649759520401577	7.675891811646392
14	ED	12	chi4	SzSz r=1	-0.06553632932873207	-0.06553632932873207	1.019316063813794	7.675891811646392
14	ED	12	chi8	SzSz r=1	-0.06553632932873207	-0.0004847726445764422	7.658596161637777	7.675891811646392
14	ED	12	chi16	SzSz r=1	-0.06553632932873207	6.252744164311763e-6	7.676121752587622	7.675891811646392
14	ED	12	chi32	SzSz r=1	-0.06553632932873207	-1.1979770940528933e-7	7.6758960227735225	7.675891811646392
14	ED	12	exact	SzSz r=1	-0.06553632932873207	-1.9958916464002385e-10	7.675891811646392	7.675891811646392
14	ED	12	UHF	SzSz r=1	-0.06553632932873207	0.10507011165345603	0.3964062679069452	7.675891811646392
14	ED	12	UHFsym	SzSz r=1	-0.06553632932873207	0.007077325953512681	6.7987710820328395	7.675891811646392
14	ED	12	chi2	hop up r=1	0.3758477500979692	0.3758477500979692	1.0	15.13112468531454
14	ED	12	chi4	hop up r=1	0.3758477500979692	0.11839189038735515	6.56033643769247	15.13112468531454
14	ED	12	chi8	hop up r=1	0.3758477500979692	0.003952815063475779	15.177453907400393	15.13112468531454
14	ED	12	chi16	hop up r=1	0.3758477500979692	7.408756044924303e-5	15.132439080252482	15.13112468531454
14	ED	12	chi32	hop up r=1	0.3758477500979692	2.4526396966706443e-6	15.1311684310196	15.13112468531454
14	ED	12	exact	hop up r=1	0.3758477500979692	2.169650625827302e-9	15.13112468531454	15.13112468531454
14	ED	12	UHF	hop up r=1	0.3758477500979692	-0.05898742103877741	10.591516319214644	15.13112468531454
14	ED	12	UHFsym	hop up r=1	0.3758477500979692	-0.05898742103877924	10.591516319214463	15.13112468531454
14	DMRG	12	chi2	n	1.0000000000043758	4.377276319189605e-12	0.999999999604837	1.0000000000371567
14	DMRG	12	chi4	n	1.0000000000043758	-3.3582026048861735e-12	1.0000000000568217	1.0000000000371567
14	DMRG	12	chi8	n	1.0000000000043758	4.2543746303636e-13	1.0000000000476854	1.0000000000371567
14	DMRG	12	chi16	n	1.0000000000043758	-1.4699352846037073e-12	1.0000000000366236	1.0000000000371567
14	DMRG	12	chi32	n	1.0000000000043758	-1.5627499294623703e-12	1.0000000000388123	1.0000000000371567
14	DMRG	12	exact	n	1.0000000000043758	0.0	1.0000000000371567	1.0000000000371567
14	DMRG	12	UHF	n	1.0000000000043758	4.378497564516692e-12	0.01798399270672136	1.0000000000371567
14	DMRG	12	UHFsym	n	1.0000000000043758	4.378497564516692e-12	0.9999999999999974	1.0000000000371567
14	DMRG	12	chi2	Sz	-2.533215998079541e-11	-3.466676598562479e-10	0.9999999992942619	1.000000000057087
14	DMRG	12	chi4	Sz	-2.533215998079541e-11	1.2248098368861093e-11	1.0000000000850997	1.000000000057087
14	DMRG	12	chi8	Sz	-2.533215998079541e-11	9.038311765685592e-12	1.0000000000767961	1.000000000057087
14	DMRG	12	chi16	Sz	-2.533215998079541e-11	-2.069504290158619e-12	1.0000000000530282	1.000000000057087
14	DMRG	12	chi32	Sz	-2.533215998079541e-11	-3.9313691191367184e-13	1.0000000000567408	1.000000000057087
14	DMRG	12	exact	Sz	-2.533215998079541e-11	0.0	1.000000000057087	1.000000000057087
14	DMRG	12	UHF	Sz	-2.533215998079541e-11	-0.3855551799098124	0.03476157245451473	1.000000000057087
14	DMRG	12	UHFsym	Sz	-2.533215998079541e-11	-2.53321643176041e-11	0.999999999999999	1.000000000057087
14	DMRG	12	chi2	DoubleOcc	0.0973599994695811	0.09735999946958113	2.3075312119996045	31.567730440646717
14	DMRG	12	chi4	DoubleOcc	0.0973599994695811	0.011019094827592807	26.811683447564803	31.567730440646717
14	DMRG	12	chi8	DoubleOcc	0.0973599994695811	-0.0013535189162501293	31.556688216812848	31.567730440646717
14	DMRG	12	chi16	DoubleOcc	0.0973599994695811	8.106691530382348e-5	31.563539172393902	31.567730440646717
14	DMRG	12	chi32	DoubleOcc	0.0973599994695811	2.4970862924633686e-6	31.56760950898759	31.567730440646717
14	DMRG	12	exact	DoubleOcc	0.0973599994695811	0.0	31.567730440646717	31.567730440646717
14	DMRG	12	UHF	DoubleOcc	0.0973599994695811	-0.003987203794663635	1.1839158915303716	31.567730440646717
14	DMRG	12	UHFsym	DoubleOcc	0.0973599994695811	-0.003987203794663663	31.103871183636162	31.567730440646717
14	DMRG	12	chi2	ZZ onsite	-0.6105600021304279	0.3894399978695706	2.436816668333905	53.39825062115669
14	DMRG	12	chi4	ZZ onsite	-0.6105600021304279	0.044076379317085634	42.95607204570846	53.39825062115669
14	DMRG	12	chi8	ZZ onsite	-0.6105600021304279	-0.005414075665853391	52.99947433571839	53.39825062115669
14	DMRG	12	chi16	ZZ onsite	-0.6105600021304279	0.00032426766415249997	53.408453431323984	53.39825062115669
14	DMRG	12	chi32	ZZ onsite	-0.6105600021304279	9.988348292466753e-6	53.39858822525453	53.39825062115669
14	DMRG	12	exact	ZZ onsite	-0.6105600021304279	0.0	53.39825062115669	53.39825062115669
14	DMRG	12	UHF	ZZ onsite	-0.6105600021304279	-0.015948815187412424	51.06916681582587	53.39825062115669
14	DMRG	12	UHFsym	ZZ onsite	-0.6105600021304279	-0.015948815187412535	51.06916681582584	53.39825062115669
14	DMRG	12	chi2	ZZ up-up r=1	-0.3234255297194715	-0.027486425710068818	11.831579035974883	12.495458374628344
14	DMRG	12	chi4	ZZ up-up r=1	-0.3234255297194715	-0.2833662632591602	1.2767910098133064	12.495458374628344
14	DMRG	12	chi8	ZZ up-up r=1	-0.3234255297194715	-0.0030526590097800232	12.523158859439063	12.495458374628344
14	DMRG	12	chi16	ZZ up-up r=1	-0.3234255297194715	-6.761959025930464e-5	12.496356196112968	12.495458374628344
14	DMRG	12	chi32	ZZ up-up r=1	-0.3234255297194715	-8.109381333110122e-8	12.495459459024369	12.495458374628344
14	DMRG	12	exact	ZZ up-up r=1	-0.3234255297194715	0.0	12.495458374628344	12.495458374628344
14	DMRG	12	UHF	ZZ up-up r=1	-0.3234255297194715	0.4535410472380395	0.5044323525727527	12.495458374628344
14	DMRG	12	UHFsym	ZZ up-up r=1	-0.3234255297194715	0.06156990443827026	8.35800371831192	12.495458374628344
14	DMRG	12	chi2	SzSz r=1	-0.06553632912914291	0.008448446873207768	5.649759520401577	7.675891811646392
14	DMRG	12	chi4	SzSz r=1	-0.06553632912914291	-0.06553632912914292	1.019316063813794	7.675891811646392
14	DMRG	12	chi8	SzSz r=1	-0.06553632912914291	-0.00048477244498727756	7.658596161637777	7.675891811646392
14	DMRG	12	chi16	SzSz r=1	-0.06553632912914291	6.252943753476403e-6	7.676121752587622	7.675891811646392
14	DMRG	12	chi32	SzSz r=1	-0.06553632912914291	-1.195981202406493e-7	7.6758960227735225	7.675891811646392
14	DMRG	12	exact	SzSz r=1	-0.06553632912914291	0.0	7.675891811646392	7.675891811646392
14	DMRG	12	UHF	SzSz r=1	-0.06553632912914291	0.1050701118530452	0.3964062679069452	7.675891811646392
14	DMRG	12	UHFsym	SzSz r=1	-0.06553632912914291	0.0070773261531018455	6.7987710820328395	7.675891811646392
14	DMRG	12	chi2	hop up r=1	0.3758477479283186	0.3758477479283186	1.0	15.13112468531454
14	DMRG	12	chi4	hop up r=1	0.3758477479283186	0.11839188821770452	6.56033643769247	15.13112468531454
14	DMRG	12	chi8	hop up r=1	0.3758477479283186	0.003952812893825153	15.177453907400393	15.13112468531454
14	DMRG	12	chi16	hop up r=1	0.3758477479283186	7.40853907986172e-5	15.132439080252482	15.13112468531454
14	DMRG	12	chi32	hop up r=1	0.3758477479283186	2.450470046044817e-6	15.1311684310196	15.13112468531454
14	DMRG	12	exact	hop up r=1	0.3758477479283186	0.0	15.13112468531454	15.13112468531454
14	DMRG	12	UHF	hop up r=1	0.3758477479283186	-0.058987423208428036	10.591516319214644	15.13112468531454
14	DMRG	12	UHFsym	hop up r=1	0.3758477479283186	-0.05898742320842987	10.591516319214463	15.13112468531454
14	ED	13	chi2	n	0.9999999999998073	-1.921796055626146e-13	1.0000000000219553	1.000000000005115
14	ED	13	chi4	n	0.9999999999998073	6.874945057688819e-12	0.9999999999895468	1.000000000005115
14	ED	13	chi8	n	0.9999999999998073	-4.184874669022065e-12	1.0000000000041664	1.000000000005115
14	ED	13	chi16	n	0.9999999999998073	-3.893330102755499e-12	1.0000000000048668	1.000000000005115
14	ED	13	chi32	n	0.9999999999998073	-4.511058193656936e-12	1.000000000005736	1.000000000005115
14	ED	13	exact	n	0.9999999999998073	-3.6279867998700865e-12	1.000000000005115	1.000000000005115
14	ED	13	UHF	n	0.9999999999998073	-1.9317880628477724e-13	0.01953779891805493	1.000000000005115
14	ED	13	UHFsym	n	0.9999999999998073	-1.929567616798522e-13	1.0000000000000002	1.000000000005115
14	ED	13	chi2	Sz	-1.0457607002578584e-13	9.741702583497575e-11	1.0000000002069058	1.0000000000034377
14	ED	13	chi4	Sz	-1.0457607002578584e-13	-8.235780113441393e-12	0.9999999999935814	1.0000000000034377
14	ED	13	chi8	Sz	-1.0457607002578584e-13	-3.2173777531063763e-12	0.9999999999872805	1.0000000000034377
14	ED	13	chi16	Sz	-1.0457607002578584e-13	1.474063926476532e-12	0.9999999999976821	1.0000000000034377
14	ED	13	chi32	Sz	-1.0457607002578584e-13	1.9915943894055488e-12	0.999999999997833	1.0000000000034377
14	ED	13	exact	Sz	-1.0457607002578584e-13	3.998044950659363e-12	1.0000000000034377	1.0000000000034377
14	ED	13	UHF	Sz	-1.0457607002578584e-13	0.38119378338787335	0.03705601778348169	1.0000000000034377
14	ED	13	UHFsym	Sz	-1.0457607002578584e-13	-1.0458951413272466e-13	0.9999999999999996	1.0000000000034377
14	ED	13	chi2	DoubleOcc	0.09922776386983992	0.09922776386983992	2.1477581330961097	30.547011198769066
14	ED	13	chi4	DoubleOcc	0.09922776386983992	0.012884770993210864	24.400453044155086	30.547011198769066
14	ED	13	chi8	DoubleOcc	0.09922776386983992	0.0005838597670683454	30.487357298325207	30.547011198769066
14	ED	13	chi16	DoubleOcc	0.09922776386983992	3.132809120556801e-5	30.544500634398283	30.547011198769066
14	ED	13	chi32	DoubleOcc	0.09922776386983992	1.412913711168473e-6	30.546899664986622	30.547011198769066
14	ED	13	exact	DoubleOcc	0.09922776386983992	3.409056370529129e-11	30.547011198769066	30.547011198769066
14	ED	13	UHF	DoubleOcc	0.09922776386983992	-0.005463535636519579	1.1522474718025264	30.547011198769066
14	ED	13	UHFsym	DoubleOcc	0.09922776386983992	-0.005463535636519551	29.796116090035564	30.547011198769066
14	ED	13	chi2	ZZ onsite	-0.6030889445204345	0.39691105547956496	2.238680448270697	52.3299071408904
14	ED	13	chi4	ZZ onsite	-0.6030889445204345	0.0515390839589126	37.72920961799287	52.3299071408904
14	ED	13	chi8	ZZ onsite	-0.6030889445204345	0.0023354390764617206	52.26314062762279	52.3299071408904
14	ED	13	chi16	ZZ onsite	-0.6030889445204345	0.00012531237242685567	52.32837068849664	52.3299071408904
14	ED	13	chi32	ZZ onsite	-0.6030889445204345	5.651663684935748e-6	52.32984285269125	52.3299071408904
14	ED	13	exact	ZZ onsite	-0.6030889445204345	1.4343992660315052e-10	52.3299071408904	52.3299071408904
14	ED	13	UHF	ZZ onsite	-0.6030889445204345	-0.021854142545872035	49.23588665669433	52.3299071408904
14	ED	13	UHFsym	ZZ onsite	-0.6030889445204345	-0.021854142545871924	49.23588665669437	52.3299071408904
14	ED	13	chi2	ZZ up-up r=1	-0.827271090922484	0.17272890907751548	19.585991128617206	192.08020588335717
14	ED	13	chi4	ZZ up-up r=1	-0.827271090922484	0.09261037615689494	52.91677021732216	192.08020588335717
14	ED	13	chi8	ZZ up-up r=1	-0.827271090922484	0.005942125793780062	187.66469480659413	192.08020588335717
14	ED	13	chi16	ZZ up-up r=1	-0.827271090922484	0.0004976936973714041	191.84871015722766	192.08020588335717
14	ED	13	chi32	ZZ up-up r=1	-0.827271090922484	2.3916786899724762e-5	192.06968363756485	192.08020588335717
14	ED	13	exact	ZZ up-up r=1	-0.827271090922484	3.5598441971984585e-9	192.08020588335717	192.08020588335717
14	ED	13	UHF	ZZ up-up r=1	-0.827271090922484	0.05859306841407863	91.3857558232531	192.08020588335717
14	ED	13	UHFsym	ZZ up-up r=1	-0.827271090922484	-0.3864882444383078	4.547885979836719	192.08020588335717
14	ED	13	chi2	SzSz r=1	-0.17539199440445843	0.07460800559554143	4.692070309761073	92.0578825481547
14	ED	13	chi4	SzSz r=1	-0.17539199440445843	0.02999259239054672	24.460518205996973	92.0578825481547
14	ED	13	chi8	SzSz r=1	-0.17539199440445843	0.0012385290571495788	91.54098059346771	92.0578825481547
14	ED	13	chi16	SzSz r=1	-0.17539199440445843	0.00010083899214774483	92.04679632769965	92.0578825481547
14	ED	13	chi32	SzSz r=1	-0.17539199440445843	5.191619754846277e-6	92.05748071279022	92.0578825481547
14	ED	13	exact	SzSz r=1	-0.17539199440445843	5.762821053689748e-10	92.0578825481547	92.0578825481547
14	ED	13	UHF	SzSz r=1	-0.17539199440445843	0.01878358581302267	43.50845940530128	92.0578825481547
14	ED	13	UHFsym	SzSz r=1	-0.17539199440445843	-0.09248674240007394	3.4830967017039964	92.0578825481547
14	ED	13	chi2	hop up r=1	0.6371669920256581	0.6371669920256581	1.0	73.16328525412065
14	ED	13	chi4	hop up r=1	0.6371669920256581	-0.03723012462207376	61.83166935751175	73.16328525412065
14	ED	13	chi8	hop up r=1	0.6371669920256581	-0.002951224274602815	73.3981831632814	73.16328525412065
14	ED	13	chi16	hop up r=1	0.6371669920256581	-0.00032642278207595243	73.20018641626726	73.16328525412065
14	ED	13	chi32	hop up r=1	0.6371669920256581	-1.0692819538360432e-5	73.16453647362184	73.16328525412065
14	ED	13	exact	hop up r=1	0.6371669920256581	-2.373795604526663e-9	73.16328525412065	73.16328525412065
14	ED	13	UHF	hop up r=1	0.6371669920256581	0.16991579948220842	11.555532581477298	73.16328525412065
14	ED	13	UHFsym	hop up r=1	0.6371669920256581	0.16991579948220753	11.555532581477394	73.16328525412065
14	DMRG	13	chi2	n	1.0000000000034353	3.435807194307472e-12	1.0000000000219553	1.000000000005115
14	DMRG	13	chi4	n	1.0000000000034353	1.0502931857558906e-11	0.9999999999895468	1.000000000005115
14	DMRG	13	chi8	n	1.0000000000034353	-5.568878691519785e-13	1.0000000000041664	1.000000000005115
14	DMRG	13	chi16	n	1.0000000000034353	-2.653433028854124e-13	1.0000000000048668	1.000000000005115
14	DMRG	13	chi32	n	1.0000000000034353	-8.830713937868495e-13	1.000000000005736	1.000000000005115
14	DMRG	13	exact	n	1.0000000000034353	0.0	1.000000000005115	1.000000000005115
14	DMRG	13	UHF	n	1.0000000000034353	3.4348079935853093e-12	0.01953779891805493	1.000000000005115
14	DMRG	13	UHFsym	n	1.0000000000034353	3.4350300381902343e-12	1.0000000000000002	1.000000000005115
14	DMRG	13	chi2	Sz	-4.102621020685149e-12	9.341898088431639e-11	1.0000000002069058	1.0000000000034377
14	DMRG	13	chi4	Sz	-4.102621020685149e-12	-1.2233825064100756e-11	0.9999999999935814	1.0000000000034377
14	DMRG	13	chi8	Sz	-4.102621020685149e-12	-7.215422703765739e-12	0.9999999999872805	1.0000000000034377
14	DMRG	13	chi16	Sz	-4.102621020685149e-12	-2.523981024182831e-12	0.9999999999976821	1.0000000000034377
14	DMRG	13	chi32	Sz	-4.102621020685149e-12	-2.006450561253814e-12	0.999999999997833	1.0000000000034377
14	DMRG	13	exact	Sz	-4.102621020685149e-12	0.0	1.0000000000034377	1.0000000000034377
14	DMRG	13	UHF	Sz	-4.102621020685149e-12	0.38119378338387533	0.03705601778348169	1.0000000000034377
14	DMRG	13	UHFsym	Sz	-4.102621020685149e-12	-4.102634464792088e-12	0.9999999999999996	1.0000000000034377
14	DMRG	13	chi2	DoubleOcc	0.09922776383574936	0.09922776383574936	2.1477581330961097	30.547011198769066
14	DMRG	13	chi4	DoubleOcc	0.09922776383574936	0.0128847709591203	24.400453044155086	30.547011198769066
14	DMRG	13	chi8	DoubleOcc	0.09922776383574936	0.0005838597329777817	30.487357298325207	30.547011198769066
14	DMRG	13	chi16	DoubleOcc	0.09922776383574936	3.1328057115004304e-5	30.544500634398283	30.547011198769066
14	DMRG	13	chi32	DoubleOcc	0.09922776383574936	1.4128796206047678e-6	30.546899664986622	30.547011198769066
14	DMRG	13	exact	DoubleOcc	0.09922776383574936	0.0	30.547011198769066	30.547011198769066
14	DMRG	13	UHF	DoubleOcc	0.09922776383574936	-0.005463535670610142	1.1522474718025264	30.547011198769066
14	DMRG	13	UHFsym	DoubleOcc	0.09922776383574936	-0.005463535670610115	29.796116090035564	30.547011198769066
14	DMRG	13	chi2	ZZ onsite	-0.6030889446638744	0.39691105533612503	2.238680448270697	52.3299071408904
14	DMRG	13	chi4	ZZ onsite	-0.6030889446638744	0.051539083815472675	37.72920961799287	52.3299071408904
14	DMRG	13	chi8	ZZ onsite	-0.6030889446638744	0.002335438933021794	52.26314062762279	52.3299071408904
14	DMRG	13	chi16	ZZ onsite	-0.6030889446638744	0.00012531222898692906	52.32837068849664	52.3299071408904
14	DMRG	13	chi32	ZZ onsite	-0.6030889446638744	5.651520245009145e-6	52.32984285269125	52.3299071408904
14	DMRG	13	exact	ZZ onsite	-0.6030889446638744	0.0	52.3299071408904	52.3299071408904
14	DMRG	13	UHF	ZZ onsite	-0.6030889446638744	-0.02185414268931196	49.23588665669433	52.3299071408904
14	DMRG	13	UHFsym	ZZ onsite	-0.6030889446638744	-0.02185414268931185	49.23588665669437	52.3299071408904
14	DMRG	13	chi2	ZZ up-up r=1	-0.8272710944823282	0.17272890551767128	19.585991128617206	192.08020588335717
14	DMRG	13	chi4	ZZ up-up r=1	-0.8272710944823282	0.09261037259705074	52.91677021732216	192.08020588335717
14	DMRG	13	chi8	ZZ up-up r=1	-0.8272710944823282	0.005942122233935865	187.66469480659413	192.08020588335717
14	DMRG	13	chi16	ZZ up-up r=1	-0.8272710944823282	0.0004976901375272069	191.84871015722766	192.08020588335717
14	DMRG	13	chi32	ZZ up-up r=1	-0.8272710944823282	2.3913227055527564e-5	192.06968363756485	192.08020588335717
14	DMRG	13	exact	ZZ up-up r=1	-0.8272710944823282	0.0	192.08020588335717	192.08020588335717
14	DMRG	13	UHF	ZZ up-up r=1	-0.8272710944823282	0.05859306485423443	91.3857558232531	192.08020588335717
14	DMRG	13	UHFsym	ZZ up-up r=1	-0.8272710944823282	-0.386488247998152	4.547885979836719	192.08020588335717
14	DMRG	13	chi2	SzSz r=1	-0.17539199498074054	0.07460800501925932	4.692070309761073	92.0578825481547
14	DMRG	13	chi4	SzSz r=1	-0.17539199498074054	0.029992591814264613	24.460518205996973	92.0578825481547
14	DMRG	13	chi8	SzSz r=1	-0.17539199498074054	0.0012385284808674735	91.54098059346771	92.0578825481547
14	DMRG	13	chi16	SzSz r=1	-0.17539199498074054	0.00010083841586563946	92.04679632769965	92.0578825481547
14	DMRG	13	chi32	SzSz r=1	-0.17539199498074054	5.191043472740908e-6	92.05748071279022	92.0578825481547
14	DMRG	13	exact	SzSz r=1	-0.17539199498074054	0.0	92.0578825481547	92.0578825481547
14	DMRG	13	UHF	SzSz r=1	-0.17539199498074054	0.018783585236740563	43.50845940530128	92.0578825481547
14	DMRG	13	UHFsym	SzSz r=1	-0.17539199498074054	-0.09248674297635605	3.4830967017039964	92.0578825481547
14	DMRG	13	chi2	hop up r=1	0.6371669943994537	0.6371669943994537	1.0	73.16328525412065
14	DMRG	13	chi4	hop up r=1	0.6371669943994537	-0.03723012224827815	61.83166935751175	73.16328525412065
14	DMRG	13	chi8	hop up r=1	0.6371669943994537	-0.0029512219008072105	73.3981831632814	73.16328525412065
14	DMRG	13	chi16	hop up r=1	0.6371669943994537	-0.0003264204082803479	73.20018641626726	73.16328525412065
14	DMRG	13	chi32	hop up r=1	0.6371669943994537	-1.0690445742755905e-5	73.16453647362184	73.16328525412065
14	DMRG	13	exact	hop up r=1	0.6371669943994537	0.0	73.16328525412065	73.16328525412065
14	DMRG	13	UHF	hop up r=1	0.6371669943994537	0.16991580185600402	11.555532581477298	73.16328525412065
14	DMRG	13	UHFsym	hop up r=1	0.6371669943994537	0.16991580185600313	11.555532581477394	73.16328525412065
