U	nhole	site	x	y	observable	prior	true	Delta	relerr	G	dens	Sz
8.0	0	1	1	1	n	chi8	0.9999999592653909	-1.4804336608831292e-6	1.480433721188018e-6	0.9993823742262211	0.9999999592653909	-0.000941788642144184
8.0	0	1	1	1	n	chi32	0.9999999592653909	4.8880272200957364e-6	4.888027419207623e-6	0.9991262193825103	0.9999999592653909	-0.000941788642144184
8.0	0	1	1	1	n	exact	0.9999999592653909	0.0	0.0	0.9995958092283959	0.9999999592653909	-0.000941788642144184
8.0	0	1	1	1	n	UHF	0.9999999592653909	-4.073460868614376e-8	4.073461034545219e-8	0.01574678396683442	0.9999999592653909	-0.000941788642144184
8.0	0	1	1	1	Sz	chi8	-0.000941788642144184	0.0002731067769783731	NaN	1.0026489713500464	0.9999999592653909	-0.000941788642144184
8.0	0	1	1	1	Sz	chi32	-0.000941788642144184	0.0005329218543125326	NaN	1.0031257799698163	0.9999999592653909	-0.000941788642144184
8.0	0	1	1	1	Sz	exact	-0.000941788642144184	0.0	NaN	1.0021138241450307	0.9999999592653909	-0.000941788642144184
8.0	0	1	1	1	Sz	UHF	-0.000941788642144184	-0.45955898277299806	NaN	0.019151388317668713	0.9999999592653909	-0.000941788642144184
8.0	0	1	1	1	DoubleOcc	chi8	0.0446334392173767	0.029663286054022187	0.664597812181896	29.929862287654238	0.9999999592653909	-0.000941788642144184
8.0	0	1	1	1	DoubleOcc	chi32	0.0446334392173767	0.003492355523582208	0.07824527047027476	68.83148536854465	0.9999999592653909	-0.000941788642144184
8.0	0	1	1	1	DoubleOcc	exact	0.0446334392173767	0.0	0.0	69.42153958210325	0.9999999592653909	-0.000941788642144184
8.0	0	1	1	1	DoubleOcc	UHF	0.0446334392173767	0.004963169969834258	0.11119846592287685	1.7780671666927759	0.9999999592653909	-0.000941788642144184
8.0	0	1	1	1	ZZ onsite	chi8	-0.821466161661274	0.11865610508341062	0.1444443004730092	43.3997165475338	0.9999999592653909	-0.000941788642144184
8.0	0	1	1	1	ZZ onsite	chi32	-0.821466161661274	0.013959646039889417	0.0169935740404187	194.72350334983318	0.9999999592653909	-0.000941788642144184
8.0	0	1	1	1	ZZ onsite	exact	-0.821466161661274	0.0	0.0	194.27036934968748	0.9999999592653909	-0.000941788642144184
8.0	0	1	1	1	ZZ onsite	UHF	-0.821466161661274	0.019852761348555403	0.02416747308057901	188.68243425050588	0.9999999592653909	-0.000941788642144184
8.0	0	1	1	1	ZZ up-up nb	chi8	-0.49052947128841656	0.06497098518765149	0.13245072720503373	21.194920835825613	0.9999999592653909	-0.000941788642144184
8.0	0	1	1	1	ZZ up-up nb	chi32	-0.49052947128841656	0.021527077944636985	0.043885391611831845	30.252935499210928	0.9999999592653909	-0.000941788642144184
8.0	0	1	1	1	ZZ up-up nb	exact	-0.49052947128841656	0.0	0.0	31.617587065397625	0.9999999592653909	-0.000941788642144184
8.0	0	1	1	1	ZZ up-up nb	UHF	-0.49052947128841656	0.4010932446982231	0.8176741015065175	1.5040949218889297	0.9999999592653909	-0.000941788642144184
8.0	0	1	1	1	SzSz nb	chi8	-0.11581159033122515	0.015831103379038813	0.13669705539628038	17.498356899266422	0.9999999592653909	-0.000941788642144184
8.0	0	1	1	1	SzSz nb	chi32	-0.11581159033122515	0.0051907831503204965	0.04482092971415622	23.980344705606637	0.9999999592653909	-0.000941788642144184
8.0	0	1	1	1	SzSz nb	exact	-0.11581159033122515	0.0	0.0	24.978463589742496	0.9999999592653909	-0.000941788642144184
8.0	0	1	1	1	SzSz nb	UHF	-0.11581159033122515	0.10080611454333246	0.8704320030061197	1.3114453036694425	0.9999999592653909	-0.000941788642144184
8.0	0	2	1	2	n	chi8	0.9999995378877103	5.5886840951702155e-6	5.588686677771012e-6	1.0040991381293556	0.9999995378877103	0.0009200066600990181
8.0	0	2	1	2	n	chi32	0.9999995378877103	-3.102309956604099e-5	3.1023113902203185e-5	1.004211032257075	0.9999995378877103	0.0009200066600990181
8.0	0	2	1	2	n	exact	0.9999995378877103	0.0	0.0	1.0033211304885201	0.9999995378877103	0.0009200066600990181
8.0	0	2	1	2	n	UHF	0.9999995378877103	-4.6211228421633166e-7	4.621124977641961e-7	0.01089339682091812	0.9999995378877103	0.0009200066600990181
8.0	0	2	1	2	Sz	chi8	0.0009200066600990181	-0.00024931867467231053	NaN	0.9971185827936675	0.9999995378877103	0.0009200066600990181
8.0	0	2	1	2	Sz	chi32	0.0009200066600990181	-0.00028329838748463896	NaN	0.9969846466864032	0.9999995378877103	0.0009200066600990181
8.0	0	2	1	2	Sz	exact	0.0009200066600990181	0.0	NaN	0.997778512905166	0.9999995378877103	0.0009200066600990181
8.0	0	2	1	2	Sz	UHF	0.0009200066600990181	0.45953720079095084	NaN	0.0209738374654568	0.9999995378877103	0.0009200066600990181
8.0	0	2	1	2	DoubleOcc	chi8	0.04464082607285863	0.015500387601804166	0.3472244795942142	55.541569284516356	0.9999995378877103	0.0009200066600990181
8.0	0	2	1	2	DoubleOcc	chi32	0.04464082607285863	0.00397154181851922	0.08896658435570247	81.79985281550715	0.9999995378877103	0.0009200066600990181
8.0	0	2	1	2	DoubleOcc	exact	0.04464082607285863	0.0	0.0	85.499016581916	0.9999995378877103	0.0009200066600990181
8.0	0	2	1	2	DoubleOcc	UHF	0.04464082607285863	0.004970556825316774	0.11134553866015585	1.507704908540635	0.9999995378877103	0.0009200066600990181
8.0	0	2	1	2	ZZ onsite	chi8	-0.8214357714839855	0.061990373039026436	0.07546587961105732	95.12151966455619	0.9999995378877103	0.0009200066600990181
8.0	0	2	1	2	ZZ onsite	chi32	-0.8214357714839855	0.015948213473209405	0.019415046223757407	184.02059568024805	0.9999995378877103	0.0009200066600990181
8.0	0	2	1	2	ZZ onsite	exact	-0.8214357714839855	0.0	0.0	195.02313897264813	0.9999995378877103	0.0009200066600990181
8.0	0	2	1	2	ZZ onsite	UHF	-0.8214357714839855	0.019883151525836196	0.024205363603676266	177.78495757835987	0.9999995378877103	0.0009200066600990181
8.0	0	2	1	2	ZZ up-up nb	chi8	-0.4898002512977515	0.06195060249799422	0.12648136119541148	17.568810722857805	0.9999995378877103	0.0009200066600990181
8.0	0	2	1	2	ZZ up-up nb	chi32	-0.4898002512977515	0.027047490637898908	0.05522147154117451	24.499403749185394	0.9999995378877103	0.0009200066600990181
8.0	0	2	1	2	ZZ up-up nb	exact	-0.4898002512977515	0.0	0.0	28.26730489762898	0.9999995378877103	0.0009200066600990181
8.0	0	2	1	2	ZZ up-up nb	UHF	-0.4898002512977515	0.4018224646888888	0.8203802746614342	1.335750327360654	0.9999995378877103	0.0009200066600990181
8.0	0	2	1	2	SzSz nb	chi8	-0.11563756232166486	0.016611126484613686	0.14364818966355508	14.665920491157934	0.9999995378877103	0.0009200066600990181
8.0	0	2	1	2	SzSz nb	chi32	-0.11563756232166486	0.006818857798221195	0.05896749863382127	20.618675102890595	0.9999995378877103	0.0009200066600990181
8.0	0	2	1	2	SzSz nb	exact	-0.11563756232166486	0.0	0.0	23.19792560651508	0.9999995378877103	0.0009200066600990181
8.0	0	2	1	2	SzSz nb	UHF	-0.11563756232166486	0.10098014255289281	0.8732468976819139	1.2220448813820128	0.9999995378877103	0.0009200066600990181
8.0	0	3	1	3	n	chi8	1.0000002813131499	-4.4320630227412394e-5	4.432061775943981e-5	1.0023879470040846	1.0000002813131499	-0.0009421723667395474
8.0	0	3	1	3	n	chi32	1.0000002813131499	2.171200844558463e-6	2.171200233771286e-6	1.0025933619241798	1.0000002813131499	-0.0009421723667395474
8.0	0	3	1	3	n	exact	1.0000002813131499	0.0	0.0	1.0018651242667405	1.0000002813131499	-0.0009421723667395474
8.0	0	3	1	3	n	UHF	1.0000002813131499	2.813131501078203e-7	2.813130709707542e-7	0.012179215930038147	1.0000002813131499	-0.0009421723667395474
8.0	0	3	1	3	Sz	chi8	-0.0009421723667395474	0.0002887259362643888	NaN	1.0017798661877817	1.0000002813131499	-0.0009421723667395474
8.0	0	3	1	3	Sz	chi32	-0.0009421723667395474	0.0005129347996033476	NaN	1.0019778241808783	1.0000002813131499	-0.0009421723667395474
8.0	0	3	1	3	Sz	exact	-0.0009421723667395474	0.0	NaN	1.001393073507763	1.0000002813131499	-0.0009421723667395474
8.0	0	3	1	3	Sz	UHF	-0.0009421723667395474	-0.45955936649759366	NaN	0.01985771243178515	1.0000002813131499	-0.0009421723667395474
8.0	0	3	1	3	DoubleOcc	chi8	0.04459593766787734	0.018956573656696202	0.4250740010866665	40.497282803791556	1.0000002813131499	-0.0009421723667395474
8.0	0	3	1	3	DoubleOcc	chi32	0.04459593766787734	0.005456562222824479	0.12235558905525304	63.06689915480049	1.0000002813131499	-0.0009421723667395474
8.0	0	3	1	3	DoubleOcc	exact	0.04459593766787734	0.0	0.0	67.78379104937021	1.0000002813131499	-0.0009421723667395474
8.0	0	3	1	3	DoubleOcc	UHF	0.04459593766787734	0.004925668420334928	0.110451056260286	1.4744504455839726	1.0000002813131499	-0.0009421723667395474
8.0	0	3	1	3	ZZ onsite	chi8	-0.8216168119547893	0.07591493588723985	0.09239700890080763	67.78819617660153	1.0000002813131499	-0.0009421723667395474
8.0	0	3	1	3	ZZ onsite	chi32	-0.8216168119547893	0.021821906489610243	0.026559712717771196	144.7057037149062	1.0000002813131499	-0.0009421723667395474
8.0	0	3	1	3	ZZ onsite	exact	-0.8216168119547893	0.0	0.0	161.6008786683261	1.0000002813131499	-0.0009421723667395474
8.0	0	3	1	3	ZZ onsite	UHF	-0.8216168119547893	0.019702111055040716	0.023979683434380422	147.51742659568265	1.0000002813131499	-0.0009421723667395474
8.0	0	3	1	3	ZZ up-up nb	chi8	-0.48986474991142526	0.05961601161437957	0.12169892123317512	15.403867558211076	1.0000002813131499	-0.0009421723667395474
8.0	0	3	1	3	ZZ up-up nb	chi32	-0.48986474991142526	0.029731613267076296	0.060693514429140304	19.407495523841096	1.0000002813131499	-0.0009421723667395474
8.0	0	3	1	3	ZZ up-up nb	exact	-0.48986474991142526	0.0	0.0	21.960396967655406	1.0000002813131499	-0.0009421723667395474
8.0	0	3	1	3	ZZ up-up nb	UHF	-0.48986474991142526	0.4017579660752153	0.8201405921692856	1.3424533921035338	1.0000002813131499	-0.0009421723667395474
8.0	0	3	1	3	SzSz nb	chi8	-0.11564830470191628	0.017435339884712076	0.15076174207353663	17.18966795015472	1.0000002813131499	-0.0009421723667395474
8.0	0	3	1	3	SzSz nb	chi32	-0.11564830470191628	0.00765433149779654	0.06618628364268368	21.973115146553674	1.0000002813131499	-0.0009421723667395474
8.0	0	3	1	3	SzSz nb	exact	-0.11564830470191628	0.0	0.0	22.485759270846703	1.0000002813131499	-0.0009421723667395474
8.0	0	3	1	3	SzSz nb	UHF	-0.11564830470191628	0.10096940017264433	0.8730728948677038	1.4209088119972784	1.0000002813131499	-0.0009421723667395474
8.0	0	4	1	4	n	chi8	0.9999998493902974	4.627178245253383e-5	4.6271789421514274e-5	1.0072955179265397	0.9999998493902974	0.0009357418356181167
8.0	0	4	1	4	n	chi32	0.9999998493902974	3.090803463212666e-5	3.090803928717726e-5	1.006603815987606	0.9999998493902974	0.0009357418356181167
8.0	0	4	1	4	n	exact	0.9999998493902974	0.0	0.0	1.0056275560389674	0.9999998493902974	0.0009357418356181167
8.0	0	4	1	4	n	UHF	0.9999998493902974	-1.5060971014779767e-7	1.5060973283108475e-7	0.011197855421844238	0.9999998493902974	0.0009357418356181167
8.0	0	4	1	4	Sz	chi8	0.0009357418356181167	-0.0003075651468005796	NaN	1.0034110296651622	0.9999998493902974	0.0009357418356181167
8.0	0	4	1	4	Sz	chi32	0.0009357418356181167	-0.00017897531252187085	NaN	1.0030775105797871	0.9999998493902974	0.0009357418356181167
8.0	0	4	1	4	Sz	exact	0.0009357418356181167	0.0	NaN	1.00258615709173	0.9999998493902974	0.0009357418356181167
8.0	0	4	1	4	Sz	UHF	0.0009357418356181167	0.459552935966476	NaN	0.0184805556822579	0.9999998493902974	0.0009357418356181167
8.0	0	4	1	4	DoubleOcc	chi8	0.04458751548627535	0.03263452361162872	0.7319206566168522	27.577202926377524	0.9999998493902974	0.0009357418356181167
8.0	0	4	1	4	DoubleOcc	chi32	0.04458751548627535	0.00584936395119412	0.1311883805904062	73.65660018121669	0.9999998493902974	0.0009357418356181167
8.0	0	4	1	4	DoubleOcc	exact	0.04458751548627535	0.0	0.0	76.61923099211123	0.9999998493902974	0.0009357418356181167
8.0	0	4	1	4	DoubleOcc	UHF	0.04458751548627535	0.004917246238732492	0.11028302844651859	1.4644363692529754	0.9999998493902974	0.0009357418356181167
8.0	0	4	1	4	ZZ onsite	chi8	-0.8216496368354923	0.13044555088161014	0.1587605532012515	34.76762042508779	0.9999998493902974	0.0009357418356181167
8.0	0	4	1	4	ZZ onsite	chi32	-0.8216496368354923	0.023335639735514446	0.02840096154048033	172.91571396419715	0.9999998493902974	0.0009357418356181167
8.0	0	4	1	4	ZZ onsite	exact	-0.8216496368354923	0.0	0.0	191.4048320855383	0.9999998493902974	0.0009357418356181167
8.0	0	4	1	4	ZZ onsite	UHF	-0.8216496368354923	0.01966928617435182	0.02393877547382149	178.8900688062063	0.9999998493902974	0.0009357418356181167
8.0	0	4	1	4	ZZ up-up nb	chi8	0.24096153302454326	-0.059169809583412336	0.24555707643753066	4.56104822671117	0.9999998493902974	0.0009357418356181167
8.0	0	4	1	4	ZZ up-up nb	chi32	0.24096153302454326	-0.02079693885102124	0.08630812806500097	5.792855109298845	0.9999998493902974	0.0009357418356181167
8.0	0	4	1	4	ZZ up-up nb	exact	0.24096153302454326	0.0	0.0	6.049608353982165	0.9999998493902974	0.0009357418356181167
8.0	0	4	1	4	ZZ up-up nb	UHF	0.24096153302454326	-0.5764064718926754	2.392109913385906	0.19850847521968476	0.9999998493902974	0.0009357418356181167
8.0	0	4	1	4	SzSz nb	chi8	0.06074450233562473	-0.014907742423986209	0.2454171464212209	4.746852749363328	0.9999998493902974	0.0009357418356181167
8.0	0	4	1	4	SzSz nb	chi32	0.06074450233562473	-0.005664872706526158	0.09325737290967795	5.865968421775015	0.9999998493902974	0.0009357418356181167
8.0	0	4	1	4	SzSz nb	exact	0.06074450233562473	0.0	0.0	6.068208965536036	0.9999998493902974	0.0009357418356181167
8.0	0	4	1	4	SzSz nb	UHF	0.06074450233562473	-0.14386092255499575	2.3682953522301866	0.21088971736255543	0.9999998493902974	0.0009357418356181167
8.0	0	5	2	1	n	chi8	1.000000914020015	1.6427916070926862e-5	1.6427901055496493e-5	1.0012617084478974	1.000000914020015	0.0009971136183986318
8.0	0	5	2	1	n	chi32	1.000000914020015	-2.0096101287503387e-6	2.0096082919281375e-6	1.0011782268870582	1.000000914020015	0.0009971136183986318
8.0	0	5	2	1	n	exact	1.000000914020015	0.0	0.0	1.0010756030222265	1.000000914020015	0.0009971136183986318
8.0	0	5	2	1	n	UHF	1.000000914020015	9.140200170065782e-7	9.140191815747522e-7	0.011940667724489195	1.000000914020015	0.0009971136183986318
8.0	0	5	2	1	Sz	chi8	0.0009971136183986318	-0.0003897506490766131	NaN	0.9987630639973476	1.000000914020015	0.0009971136183986318
8.0	0	5	2	1	Sz	chi32	0.0009971136183986318	-0.00016905686177521792	NaN	0.9990132286810383	1.000000914020015	0.0009971136183986318
8.0	0	5	2	1	Sz	exact	0.0009971136183986318	0.0	NaN	0.9991880282429021	1.000000914020015	0.0009971136183986318
8.0	0	5	2	1	Sz	UHF	0.0009971136183986318	0.4477070302411048	NaN	0.025633590211098876	1.000000914020015	0.0009971136183986318
8.0	0	5	2	1	DoubleOcc	chi8	0.054163285520586024	0.0435064465862017	0.8032460765266181	14.700532359942512	1.000000914020015	0.0009971136183986318
8.0	0	5	2	1	DoubleOcc	chi32	0.054163285520586024	0.008217004062777478	0.15170800633307988	48.65839617867395	1.000000914020015	0.0009971136183986318
8.0	0	5	2	1	DoubleOcc	exact	0.054163285520586024	0.0	0.0	53.5421880472064	1.000000914020015	0.0009971136183986318
8.0	0	5	2	1	DoubleOcc	UHF	0.054163285520586024	0.0037130351296521535	0.06855261998906857	1.280022584503817	1.000000914020015	0.0009971136183986318
8.0	0	5	2	1	ZZ onsite	chi8	-0.7833486859576846	0.17399293051266518	0.22211428145813478	17.204046599584405	1.000000914020015	0.0009971136183986318
8.0	0	5	2	1	ZZ onsite	chi32	-0.7833486859576846	0.032872035471369854	0.04196347815555735	89.33371054916593	1.000000914020015	0.0009971136183986318
8.0	0	5	2	1	ZZ onsite	exact	-0.7833486859576846	0.0	0.0	105.41453219655139	1.000000914020015	0.0009971136183986318
8.0	0	5	2	1	ZZ onsite	UHF	-0.7833486859576846	0.014850312478575933	0.018957474167995383	101.7691195220786	1.000000914020015	0.0009971136183986318
8.0	0	5	2	1	ZZ up-up nb	chi8	-0.40176063346210017	0.11915521035048243	0.29658259278337895	7.064360262884583	1.000000914020015	0.0009971136183986318
8.0	0	5	2	1	ZZ up-up nb	chi32	-0.40176063346210017	0.039304775998353636	0.09783132722499908	15.125523536862833	1.000000914020015	0.0009971136183986318
8.0	0	5	2	1	ZZ up-up nb	exact	-0.40176063346210017	0.0	0.0	17.696273052205818	1.000000914020015	0.0009971136183986318
8.0	0	5	2	1	ZZ up-up nb	UHF	-0.40176063346210017	0.4422028184206565	1.1006623884725915	0.8251710240622501	1.000000914020015	0.0009971136183986318
8.0	0	5	2	1	SzSz nb	chi8	-0.09460754395841701	0.029563904602692884	0.3124899280303392	6.820561807579464	1.000000914020015	0.0009971136183986318
8.0	0	5	2	1	SzSz nb	chi32	-0.09460754395841701	0.009330076719943223	0.09861873936864997	15.003269432130747	1.000000914020015	0.0009971136183986318
8.0	0	5	2	1	SzSz nb	exact	-0.09460754395841701	0.0	0.0	17.014842011441004	1.000000914020015	0.0009971136183986318
8.0	0	5	2	1	SzSz nb	UHF	-0.09460754395841701	0.11066276233146012	1.1697033629802278	0.7566462056533573	1.000000914020015	0.0009971136183986318
8.0	0	6	2	2	n	chi8	0.9999982100095285	-4.065671669828408e-5	4.065678947354984e-5	1.0007914952039358	0.9999982100095285	-0.0009833753215765136
8.0	0	6	2	2	n	chi32	0.9999982100095285	0.0002635050898225355	0.0002635055614949798	1.0011010383865717	0.9999982100095285	-0.0009833753215765136
8.0	0	6	2	2	n	exact	0.9999982100095285	0.0	0.0	1.0007358779442792	0.9999982100095285	-0.0009833753215765136
8.0	0	6	2	2	n	UHF	0.9999982100095285	-1.7899904759532959e-6	1.789993680024927e-6	0.014270839907820316	0.9999982100095285	-0.0009833753215765136
8.0	0	6	2	2	Sz	chi8	-0.0009833753215765136	0.00035951316064261607	NaN	1.0036870963897977	0.9999982100095285	-0.0009833753215765136
8.0	0	6	2	2	Sz	chi32	-0.0009833753215765136	0.00020572526594447556	NaN	1.003133697657494	0.9999982100095285	-0.0009833753215765136
8.0	0	6	2	2	Sz	exact	-0.0009833753215765136	0.0	NaN	1.0027571278200855	0.9999982100095285	-0.0009833753215765136
8.0	0	6	2	2	Sz	UHF	-0.0009833753215765136	-0.4476932919442856	NaN	0.022100264036751388	0.9999982100095285	-0.0009833753215765136
8.0	0	6	2	2	DoubleOcc	chi8	0.054174203806233834	0.03135874006213141	0.5788500404047092	24.640524170482845	0.9999982100095285	-0.0009833753215765136
8.0	0	6	2	2	DoubleOcc	chi32	0.054174203806233834	0.009751007861415667	0.17999356107368608	49.67283604193814	0.9999982100095285	-0.0009833753215765136
8.0	0	6	2	2	DoubleOcc	exact	0.054174203806233834	0.0	0.0	53.596979878943934	0.9999982100095285	-0.0009833753215765136
8.0	0	6	2	2	DoubleOcc	UHF	0.054174203806233834	0.003723953415299408	0.06874034417965719	1.305010733838466	0.9999982100095285	-0.0009833753215765136
8.0	0	6	2	2	ZZ onsite	chi8	-0.7832996047941203	0.12551627368192264	0.1602404404568963	32.26021144377465	0.9999982100095285	-0.0009833753215765136
8.0	0	6	2	2	ZZ onsite	chi32	-0.7832996047941203	0.03847702126601915	0.04912171668480838	103.58737111707599	0.9999982100095285	-0.0009833753215765136
8.0	0	6	2	2	ZZ onsite	exact	-0.7832996047941203	0.0	0.0	126.17677083555768	0.9999982100095285	-0.0009833753215765136
8.0	0	6	2	2	ZZ onsite	UHF	-0.7832996047941203	0.014899393642150427	0.019021321536433725	124.47073274005605	0.9999982100095285	-0.0009833753215765136
8.0	0	6	2	2	ZZ up-up nb	chi8	-0.4015967745008609	0.10922542914192984	0.27197785459727514	7.317422443921864	0.9999982100095285	-0.0009833753215765136
8.0	0	6	2	2	ZZ up-up nb	chi32	-0.4015967745008609	0.03626715739572872	0.09030739213681353	14.946646943323449	0.9999982100095285	-0.0009833753215765136
8.0	0	6	2	2	ZZ up-up nb	exact	-0.4015967745008609	0.0	0.0	17.803297049822888	0.9999982100095285	-0.0009833753215765136
8.0	0	6	2	2	ZZ up-up nb	UHF	-0.4015967745008609	0.4423666773818958	1.101519497838864	0.7856795674165135	0.9999982100095285	-0.0009833753215765136
8.0	0	6	2	2	SzSz nb	chi8	-0.09456993744787702	0.029555392882961967	0.31252418771294693	6.370420908902693	0.9999982100095285	-0.0009833753215765136
8.0	0	6	2	2	SzSz nb	chi32	-0.09456993744787702	0.010066956338527625	0.10644985721890858	14.611335157167813	0.9999982100095285	-0.0009833753215765136
8.0	0	6	2	2	SzSz nb	exact	-0.09456993744787702	0.0	0.0	18.189339258911854	0.9999982100095285	-0.0009833753215765136
8.0	0	6	2	2	SzSz nb	UHF	-0.09456993744787702	0.11070036884200012	1.1705661633012447	0.7095260299793564	0.9999982100095285	-0.0009833753215765136
8.0	0	7	2	3	n	chi8	0.9999983067930539	6.999092112924821e-5	6.999103963856268e-5	0.9970886351675666	0.9999983067930539	0.000982147704245824
8.0	0	7	2	3	n	chi32	0.9999983067930539	-2.6147764648709604e-5	2.6147808922361297e-5	0.9966775245068703	0.9999983067930539	0.000982147704245824
8.0	0	7	2	3	n	exact	0.9999983067930539	0.0	0.0	0.9981737301979636	0.9999983067930539	0.000982147704245824
8.0	0	7	2	3	n	UHF	0.9999983067930539	-1.6932069443198472e-6	1.6932098112744608e-6	0.012811348970015728	0.9999983067930539	0.000982147704245824
8.0	0	7	2	3	Sz	chi8	0.000982147704245824	-0.00043921807862463773	NaN	1.0032945475049673	0.9999983067930539	0.000982147704245824
8.0	0	7	2	3	Sz	chi32	0.000982147704245824	-0.0006102237680262294	NaN	1.003673164088391	0.9999983067930539	0.000982147704245824
8.0	0	7	2	3	Sz	exact	0.000982147704245824	0.0	NaN	1.0023952440378439	0.9999983067930539	0.000982147704245824
8.0	0	7	2	3	Sz	UHF	0.000982147704245824	0.44769206432695213	NaN	0.020587913611531915	0.9999983067930539	0.000982147704245824
8.0	0	7	2	3	DoubleOcc	chi8	0.05414515175775916	0.02720545447031772	0.5024541179980919	29.19700938924406	0.9999983067930539	0.000982147704245824
8.0	0	7	2	3	DoubleOcc	chi32	0.05414515175775916	0.010939351764530814	0.2020375123053039	52.58604169843222	0.9999983067930539	0.000982147704245824
8.0	0	7	2	3	DoubleOcc	exact	0.05414515175775916	0.0	0.0	61.34457494895522	0.9999983067930539	0.000982147704245824
8.0	0	7	2	3	DoubleOcc	UHF	0.05414515175775916	0.003694901366825293	0.0682406687741124	1.2005795566096709	0.9999983067930539	0.000982147704245824
8.0	0	7	2	3	ZZ onsite	chi8	-0.7834160065550692	0.10868183603901405	0.13872812800560821	39.128492580743675	0.9999983067930539	0.000982147704245824
8.0	0	7	2	3	ZZ onsite	chi32	-0.7834160065550692	0.04380970258742378	0.0559213779407815	95.62330979326083	0.9999983067930539	0.000982147704245824
8.0	0	7	2	3	ZZ onsite	exact	-0.7834160065550692	0.0	0.0	126.78088178526627	0.9999983067930539	0.000982147704245824
8.0	0	7	2	3	ZZ onsite	UHF	-0.7834160065550692	0.01478299188119181	0.018869912993222278	123.95377638859956	0.9999983067930539	0.000982147704245824
8.0	0	7	2	3	ZZ up-up nb	chi8	-0.4019038872480523	0.1320740346285208	0.3286209435118143	6.225399927857735	0.9999983067930539	0.000982147704245824
8.0	0	7	2	3	ZZ up-up nb	chi32	-0.4019038872480523	0.05263653404465851	0.13096796451777437	13.599097518675546	0.9999983067930539	0.000982147704245824
8.0	0	7	2	3	ZZ up-up nb	exact	-0.4019038872480523	0.0	0.0	17.657678734294116	0.9999983067930539	0.000982147704245824
8.0	0	7	2	3	ZZ up-up nb	UHF	-0.4019038872480523	0.4420595646346845	1.0999136327383874	0.8270183737833638	0.9999983067930539	0.000982147704245824
8.0	0	7	2	3	SzSz nb	chi8	-0.09463643220755935	0.032059488677938425	0.3387647645847915	6.00138473869363	0.9999983067930539	0.000982147704245824
8.0	0	7	2	3	SzSz nb	chi32	-0.09463643220755935	0.012266221098171465	0.12961415400010892	12.460761183912874	0.9999983067930539	0.000982147704245824
8.0	0	7	2	3	SzSz nb	exact	-0.09463643220755935	0.0	0.0	14.865610971743987	0.9999983067930539	0.000982147704245824
8.0	0	7	2	3	SzSz nb	UHF	-0.09463643220755935	0.1106338740823154	1.1690410500648418	0.7714670579899172	0.9999983067930539	0.000982147704245824
8.0	0	8	2	4	n	chi8	1.0000000674181533	-5.7055681930151536e-5	5.705567808356308e-5	1.007181472285978	1.0000000674181533	-0.001002099551981113
8.0	0	8	2	4	n	chi32	1.0000000674181533	-0.00019312467966714486	0.00019312466664703649	1.005654903443936	1.0000000674181533	-0.001002099551981113
8.0	0	8	2	4	n	exact	1.0000000674181533	0.0	0.0	1.00528090888815	1.0000000674181533	-0.001002099551981113
8.0	0	8	2	4	n	UHF	1.0000000674181533	6.741816005462198e-8	6.741815550941444e-8	0.01246741207338883	1.0000000674181533	-0.001002099551981113
8.0	0	8	2	4	Sz	chi8	-0.001002099551981113	0.00042837487665964616	0.42747736570958966	0.9983204274514254	1.0000000674181533	-0.001002099551981113
8.0	0	8	2	4	Sz	chi32	-0.001002099551981113	0.00017171880686846913	0.1713590296782266	0.9988759006484952	1.0000000674181533	-0.001002099551981113
8.0	0	8	2	4	Sz	exact	-0.001002099551981113	0.0	0.0	0.9988502698691346	1.0000000674181533	-0.001002099551981113
8.0	0	8	2	4	Sz	UHF	-0.001002099551981113	-0.4477120161746849	446.7739909568617	0.02587273025975839	1.0000000674181533	-0.001002099551981113
8.0	0	8	2	4	DoubleOcc	chi8	0.05412922527567332	0.03874541234676174	0.715794695923251	18.044416600567622	1.0000000674181533	-0.001002099551981113
8.0	0	8	2	4	DoubleOcc	chi32	0.05412922527567332	0.01229428211082445	0.22712835900035927	49.16158040037582	1.0000000674181533	-0.001002099551981113
8.0	0	8	2	4	DoubleOcc	exact	0.05412922527567332	0.0	0.0	61.60875486518716	1.0000000674181533	-0.001002099551981113
8.0	0	8	2	4	DoubleOcc	UHF	0.05412922527567332	0.003678974884739672	0.06796651653525644	1.3532127786840595	1.0000000674181533	-0.001002099551981113
8.0	0	8	2	4	ZZ onsite	chi8	-0.7834832337336122	0.15509576075090836	0.1979567067591412	20.67501583087247	1.0000000674181533	-0.001002099551981113
8.0	0	8	2	4	ZZ onsite	chi32	-0.7834832337336122	0.04956337780263431	0.06326029156545561	77.6698787766502	1.0000000674181533	-0.001002099551981113
8.0	0	8	2	4	ZZ onsite	exact	-0.7834832337336122	0.0	0.0	115.40246122541281	1.0000000674181533	-0.001002099551981113
8.0	0	8	2	4	ZZ onsite	UHF	-0.7834832337336122	0.014715764702639689	0.018782488340577705	110.0832155341472	1.0000000674181533	-0.001002099551981113
8.0	0	8	2	4	ZZ up-up nb	chi8	0.21805852671493828	-0.07176896999767499	0.32912709756815206	3.8161477203728924	1.0000000674181533	-0.001002099551981113
8.0	0	8	2	4	ZZ up-up nb	chi32	0.21805852671493828	-0.03466647831538158	0.1589778617586465	5.329678143079427	1.0000000674181533	-0.001002099551981113
8.0	0	8	2	4	ZZ up-up nb	exact	0.21805852671493828	0.0	0.0	6.1383569429395894	1.0000000674181533	-0.001002099551981113
8.0	0	8	2	4	ZZ up-up nb	UHF	0.21805852671493828	-0.5782867203485665	2.651979397735473	0.160323472579175	1.0000000674181533	-0.001002099551981113
8.0	0	8	2	4	SzSz nb	chi8	0.05495297998534715	-0.018076973483636544	0.32895347055713176	3.311654655209242	1.0000000674181533	-0.001002099551981113
8.0	0	8	2	4	SzSz nb	chi32	0.05495297998534715	-0.007997660954771293	0.1455364378220038	4.550062058555411	1.0000000674181533	-0.001002099551981113
8.0	0	8	2	4	SzSz nb	exact	0.05495297998534715	0.0	0.0	5.133347037727914	1.0000000674181533	-0.001002099551981113
8.0	0	8	2	4	SzSz nb	UHF	0.05495297998534715	-0.1443769767476061	2.6272820288563654	0.16171366864754208	1.0000000674181533	-0.001002099551981113
8.0	0	9	3	1	n	chi8	0.9999990411515248	-2.0283788565556016e-5	2.02838080146544e-5	0.9982084964443253	0.9999990411515248	-0.0011544035941775596
8.0	0	9	3	1	n	chi32	0.9999990411515248	-6.0590246277469895e-5	6.059030437439085e-5	0.9984596659935826	0.9999990411515248	-0.0011544035941775596
8.0	0	9	3	1	n	exact	0.9999990411515248	0.0	0.0	0.9989736484959756	0.9999990411515248	-0.0011544035941775596
8.0	0	9	3	1	n	UHF	0.9999990411515248	-9.58848474286178e-7	9.588493936774571e-7	0.011957906570918928	0.9999990411515248	-0.0011544035941775596
8.0	0	9	3	1	Sz	chi8	-0.0011544035941775596	0.00048447912260538364	0.4196791529833591	1.0012271424073842	0.9999990411515248	-0.0011544035941775596
8.0	0	9	3	1	Sz	chi32	-0.0011544035941775596	0.0003288003111858464	0.28482266760447505	1.001119845373784	0.9999990411515248	-0.0011544035941775596
8.0	0	9	3	1	Sz	exact	-0.0011544035941775596	0.0	0.0	1.0010225727463642	0.9999990411515248	-0.0011544035941775596
8.0	0	9	3	1	Sz	UHF	-0.0011544035941775596	-0.44791771525038754	388.0079007979015	0.019238970850366556	0.9999990411515248	-0.0011544035941775596
8.0	0	9	3	1	DoubleOcc	chi8	0.05376879961972744	0.04233188241767588	0.7872945410175118	17.184324800277658	0.9999990411515248	-0.0011544035941775596
8.0	0	9	3	1	DoubleOcc	chi32	0.05376879961972744	0.012013257937794064	0.22342432828622183	55.32615076302756	0.9999990411515248	-0.0011544035941775596
8.0	0	9	3	1	DoubleOcc	exact	0.05376879961972744	0.0	0.0	66.47463727944778	0.9999990411515248	-0.0011544035941775596
8.0	0	9	3	1	DoubleOcc	UHF	0.05376879961972744	0.0033662562617516045	0.06260612633272448	1.6611826452099032	0.9999990411515248	-0.0011544035941775596
8.0	0	9	3	1	ZZ onsite	chi8	-0.784922883824139	0.16936809724783575	0.21577673519043747	18.62559416661037	0.9999990411515248	-0.0011544035941775596
8.0	0	9	3	1	ZZ onsite	chi32	-0.784922883824139	0.04817421224373164	0.06137445249274324	89.37751308715289	0.9999990411515248	-0.0011544035941775596
8.0	0	9	3	1	ZZ onsite	exact	-0.784922883824139	0.0	0.0	134.3927113916299	0.9999990411515248	-0.0011544035941775596
8.0	0	9	3	1	ZZ onsite	UHF	-0.784922883824139	0.01346694274395599	0.01715702653277878	129.27552371352505	0.9999990411515248	-0.0011544035941775596
8.0	0	9	3	1	ZZ up-up nb	chi8	-0.41005946810241206	0.12201191153047447	0.29754687068950225	7.459114294014223	0.9999990411515248	-0.0011544035941775596
8.0	0	9	3	1	ZZ up-up nb	chi32	-0.41005946810241206	0.050703528822285404	0.12364920887431438	16.234749740088585	0.9999990411515248	-0.0011544035941775596
8.0	0	9	3	1	ZZ up-up nb	exact	-0.41005946810241206	0.0	0.0	21.946930907005488	0.9999990411515248	-0.0011544035941775596
8.0	0	9	3	1	ZZ up-up nb	UHF	-0.41005946810241206	0.43421470481215946	1.0589066674195526	0.8784700855700475	0.9999990411515248	-0.0011544035941775596
8.0	0	9	3	1	SzSz nb	chi8	-0.096637297049069	0.030082767420269982	0.3112956212444044	6.465681644231826	0.9999990411515248	-0.0011544035941775596
8.0	0	9	3	1	SzSz nb	chi32	-0.096637297049069	0.012304103057426866	0.12732250831870098	12.951055518493325	0.9999990411515248	-0.0011544035941775596
8.0	0	9	3	1	SzSz nb	exact	-0.096637297049069	0.0	0.0	16.411592664944155	0.9999990411515248	-0.0011544035941775596
8.0	0	9	3	1	SzSz nb	UHF	-0.096637297049069	0.10869570288626647	1.1247800404752075	0.790961868049334	0.9999990411515248	-0.0011544035941775596
8.0	0	10	3	2	n	chi8	1.0000025683495881	3.738348543191883e-5	3.738338941830601e-5	0.9983656726740806	1.0000025683495881	0.0011334331713537676
8.0	0	10	3	2	n	chi32	1.0000025683495881	-8.656925034378204e-6	8.656902800425463e-6	0.9984162186129856	1.0000025683495881	0.0011334331713537676
8.0	0	10	3	2	n	exact	1.0000025683495881	0.0	0.0	0.9990394411567569	1.0000025683495881	0.0011334331713537676
8.0	0	10	3	2	n	UHF	1.0000025683495881	2.5683495787909294e-6	2.5683429823882883e-6	0.012832158756216678	1.0000025683495881	0.0011334331713537676
8.0	0	10	3	2	Sz	chi8	0.0011334331713537676	-0.00044447422519010293	0.3921485945741511	0.9972939549852784	1.0000025683495881	0.0011334331713537676
8.0	0	10	3	2	Sz	chi32	0.0011334331713537676	-0.0004336036219599565	0.38255773072360516	0.9972724948633642	1.0000025683495881	0.0011334331713537676
8.0	0	10	3	2	Sz	exact	0.0011334331713537676	0.0	0.0	0.9981246655941233	1.0000025683495881	0.0011334331713537676
8.0	0	10	3	2	Sz	UHF	0.0011334331713537676	0.44789674482756825	395.1681988384038	0.025933905118476177	1.0000025683495881	0.0011334331713537676
8.0	0	10	3	2	DoubleOcc	chi8	0.053787840138413034	0.02984481848841508	0.5548618128486843	23.649949536557582	1.0000025683495881	0.0011334331713537676
8.0	0	10	3	2	DoubleOcc	chi32	0.053787840138413034	0.011140568240691012	0.20712057245694984	48.21940988727563	1.0000025683495881	0.0011334331713537676
8.0	0	10	3	2	DoubleOcc	exact	0.053787840138413034	0.0	0.0	60.57831410019707	1.0000025683495881	0.0011334331713537676
8.0	0	10	3	2	DoubleOcc	UHF	0.053787840138413034	0.0033852967804361145	0.06293795719859137	1.3880238308495103	1.0000025683495881	0.0011334331713537676
8.0	0	10	3	2	ZZ onsite	chi8	-0.7848537761455219	0.11930450698279971	0.15200857867909287	30.456659378428444	1.0000025683495881	0.0011334331713537676
8.0	0	10	3	2	ZZ onsite	chi32	-0.7848537761455219	0.04457958681283458	0.05679986281236794	88.94162183405261	1.0000025683495881	0.0011334331713537676
8.0	0	10	3	2	ZZ onsite	exact	-0.7848537761455219	0.0	0.0	141.34691841219404	1.0000025683495881	0.0011334331713537676
8.0	0	10	3	2	ZZ onsite	UHF	-0.7848537761455219	0.013536050422589319	0.017246588898464525	130.68108932144133	1.0000025683495881	0.0011334331713537676
8.0	0	10	3	2	ZZ up-up nb	chi8	-0.40952135495572256	0.11187117143863506	0.27317542805730016	8.541825732965572	1.0000025683495881	0.0011334331713537676
8.0	0	10	3	2	ZZ up-up nb	chi32	-0.40952135495572256	0.04762848175909723	0.11630280370665119	16.401643015786206	1.0000025683495881	0.0011334331713537676
8.0	0	10	3	2	ZZ up-up nb	exact	-0.40952135495572256	0.0	0.0	20.287104500658796	1.0000025683495881	0.0011334331713537676
8.0	0	10	3	2	ZZ up-up nb	UHF	-0.40952135495572256	0.4347528179588492	1.0616120812694974	0.9084096907444851	1.0000025683495881	0.0011334331713537676
8.0	0	10	3	2	SzSz nb	chi8	-0.09651090157982994	0.02990386114022081	0.30984956777639816	6.934682715107466	1.0000025683495881	0.0011334331713537676
8.0	0	10	3	2	SzSz nb	chi32	-0.09651090157982994	0.012738492264436962	0.1319901902885053	12.807229533255098	1.0000025683495881	0.0011334331713537676
8.0	0	10	3	2	SzSz nb	exact	-0.09651090157982994	0.0	0.0	15.16417081283951	1.0000025683495881	0.0011334331713537676
8.0	0	10	3	2	SzSz nb	UHF	-0.09651090157982994	0.10882209835550555	1.1275627579283598	0.838855676855098	1.0000025683495881	0.0011334331713537676
8.0	0	11	3	3	n	chi8	1.0000025323243757	-8.348842145178281e-5	8.348821003255345e-5	0.9994150098179686	1.0000025323243757	-0.001129472467849224
8.0	0	11	3	3	n	chi32	1.0000025323243757	1.752638400409623e-5	1.7526339621719187e-5	0.9994688697821145	1.0000025323243757	-0.001129472467849224
8.0	0	11	3	3	n	exact	1.0000025323243757	0.0	0.0	0.9997791802208523	1.0000025323243757	-0.001129472467849224
8.0	0	11	3	3	n	UHF	1.0000025323243757	2.5323243765251746e-6	2.5323179638746677e-6	0.013076944427343641	1.0000025323243757	-0.001129472467849224
8.0	0	11	3	3	Sz	chi8	-0.001129472467849224	0.0005278379979525654	0.46733144275547556	0.9977151147417355	1.0000025323243757	-0.001129472467849224
8.0	0	11	3	3	Sz	chi32	-0.001129472467849224	0.0003843937423687249	0.3403303341255402	0.998009297969464	1.0000025323243757	-0.001129472467849224
8.0	0	11	3	3	Sz	exact	-0.001129472467849224	0.0	0.0	0.9986029873641562	1.0000025323243757	-0.001129472467849224
8.0	0	11	3	3	Sz	UHF	-0.001129472467849224	-0.4478927841240592	396.55042231967843	0.022298024768509027	1.0000025323243757	-0.001129472467849224
8.0	0	11	3	3	DoubleOcc	chi8	0.05376819239070263	0.027268104263891174	0.5071419188829985	25.15878650142893	1.0000025323243757	-0.001129472467849224
8.0	0	11	3	3	DoubleOcc	chi32	0.05376819239070263	0.012591149758161974	0.2341746895017282	46.5241561958521	1.0000025323243757	-0.001129472467849224
8.0	0	11	3	3	DoubleOcc	exact	0.05376819239070263	0.0	0.0	66.74375523653733	1.0000025323243757	-0.001129472467849224
8.0	0	11	3	3	DoubleOcc	UHF	0.05376819239070263	0.003365649032726792	0.06259553991085566	1.2653944725534956	1.0000025323243757	-0.001129472467849224
8.0	0	11	3	3	ZZ onsite	chi8	-0.7849322950859388	0.10923939389847226	0.1391704667808478	32.17435216474417	1.0000025323243757	-0.001129472467849224
8.0	0	11	3	3	ZZ onsite	chi32	-0.7849322950859388	0.050329546264641145	0.06411960188124351	74.96368662650103	1.0000025323243757	-0.001129472467849224
8.0	0	11	3	3	ZZ onsite	exact	-0.7849322950859388	0.0	0.0	137.02813297678506	1.0000025323243757	-0.001129472467849224
8.0	0	11	3	3	ZZ onsite	UHF	-0.7849322950859388	0.01345753148215656	0.017144830919058	123.59875216798662	1.0000025323243757	-0.001129472467849224
8.0	0	11	3	3	ZZ up-up nb	chi8	-0.40997375103546535	0.12888399524885946	0.3143713345631003	6.4422296251892766	1.0000025323243757	-0.001129472467849224
8.0	0	11	3	3	ZZ up-up nb	chi32	-0.40997375103546535	0.05778582004276728	0.14095004837948377	13.937784519224937	1.0000025323243757	-0.001129472467849224
8.0	0	11	3	3	ZZ up-up nb	exact	-0.40997375103546535	0.0	0.0	21.028256942069312	1.0000025323243757	-0.001129472467849224
8.0	0	11	3	3	ZZ up-up nb	UHF	-0.40997375103546535	0.4343004218791063	1.0593371423955786	0.8418385359972905	1.0000025323243757	-0.001129472467849224
8.0	0	11	3	3	SzSz nb	chi8	-0.09661730600992739	0.0318501976075443	0.329653132786291	6.028626400938667	1.0000025323243757	-0.001129472467849224
8.0	0	11	3	3	SzSz nb	chi32	-0.09661730600992739	0.013654320711114429	0.14132375735783248	12.459475557933395	1.0000025323243757	-0.001129472467849224
8.0	0	11	3	3	SzSz nb	exact	-0.09661730600992739	0.0	0.0	16.715245831437702	1.0000025323243757	-0.001129472467849224
8.0	0	11	3	3	SzSz nb	UHF	-0.09661730600992739	0.10871569392540482	1.1252196776655554	0.7886242190898194	1.0000025323243757	-0.001129472467849224
8.0	0	12	3	4	n	chi8	1.000000425251283	7.595620757872013e-5	7.595617527825913e-5	0.9927085442395324	1.000000425251283	0.0011358802724379218
8.0	0	12	3	4	n	chi32	1.000000425251283	-8.557759669125531e-5	8.557756029928799e-5	0.9934625902238143	1.000000425251283	0.0011358802724379218
8.0	0	12	3	4	n	exact	1.000000425251283	0.0	0.0	0.9952876187012009	1.000000425251283	0.0011358802724379218
8.0	0	12	3	4	n	UHF	1.000000425251283	4.2525128873815987e-7	4.252511078995806e-7	0.013222789543923912	1.000000425251283	0.0011358802724379218
8.0	0	12	3	4	Sz	chi8	0.0011358802724379218	-0.0005174907075863981	0.45558561068739756	1.0002455964311738	1.000000425251283	0.0011358802724379218
8.0	0	12	3	4	Sz	chi32	0.0011358802724379218	-0.0004170129118018853	0.36712752384268205	1.0001707583310333	1.000000425251283	0.0011358802724379218
8.0	0	12	3	4	Sz	exact	0.0011358802724379218	0.0	0.0	1.000277224080271	1.000000425251283	0.0011358802724379218
8.0	0	12	3	4	Sz	UHF	0.0011358802724379218	0.4478991919286455	394.3190165344862	0.020425201241784766	1.000000425251283	0.0011358802724379218
8.0	0	12	3	4	DoubleOcc	chi8	0.05374780545820934	0.039391924982795756	0.7329029463988861	17.73367327002584	1.000000425251283	0.0011358802724379218
8.0	0	12	3	4	DoubleOcc	chi32	0.05374780545820934	0.012326432382459701	0.22933833814003626	56.231239782661916	1.000000425251283	0.0011358802724379218
8.0	0	12	3	4	DoubleOcc	exact	0.05374780545820934	0.0	0.0	78.28466182890168	1.000000425251283	0.0011358802724379218
8.0	0	12	3	4	DoubleOcc	UHF	0.05374780545820934	0.003345262100233809	0.062239975599280205	1.6400499209920714	1.000000425251283	0.0011358802724379218
8.0	0	12	3	4	ZZ onsite	chi8	-0.7850096286697275	0.15741578751602825	0.2005272059946374	22.87095502047236	1.000000425251283	0.0011358802724379218
8.0	0	12	3	4	ZZ onsite	chi32	-0.7850096286697275	0.049476884723222425	0.06302710554909455	114.35731648311227	1.000000425251283	0.0011358802724379218
8.0	0	12	3	4	ZZ onsite	exact	-0.7850096286697275	0.0	0.0	192.09299165497865	1.000000425251283	0.0011358802724379218
8.0	0	12	3	4	ZZ onsite	UHF	-0.7850096286697275	0.013380197898359092	0.017044629020707802	185.59919931611296	1.000000425251283	0.0011358802724379218
8.0	0	12	3	4	ZZ up-up nb	chi8	0.22288842161834474	-0.07127618508324687	0.3197841528318334	4.2035835204188015	1.000000425251283	0.0011358802724379218
8.0	0	12	3	4	ZZ up-up nb	chi32	0.22288842161834474	-0.03522880060300257	0.1580557677568617	5.434039497652424	1.000000425251283	0.0011358802724379218
8.0	0	12	3	4	ZZ up-up nb	exact	0.22288842161834474	0.0	0.0	5.843809199986785	1.000000425251283	0.0011358802724379218
8.0	0	12	3	4	ZZ up-up nb	UHF	0.22288842161834474	-0.5735322449409366	2.5731809699967485	0.18984747100746316	1.000000425251283	0.0011358802724379218
8.0	0	12	3	4	SzSz nb	chi8	0.05616659266641718	-0.017933690891678157	0.3192946205262861	3.727534634867287	1.000000425251283	0.0011358802724379218
8.0	0	12	3	4	SzSz nb	chi32	0.05616659266641718	-0.008147688794370563	0.14506289962720462	4.948733784923258	1.000000425251283	0.0011358802724379218
8.0	0	12	3	4	SzSz nb	exact	0.05616659266641718	0.0	0.0	5.4401031080041315	1.000000425251283	0.0011358802724379218
8.0	0	12	3	4	SzSz nb	UHF	0.05616659266641718	-0.14318239413955822	2.5492447973467516	0.18102989164278335	1.000000425251283	0.0011358802724379218
8.0	0	13	4	1	n	chi8	1.0000015982494646	2.2865863999466107e-5	2.286582745416962e-5	0.9959195260946754	1.0000015982494646	0.0012214387181228477
8.0	0	13	4	1	n	chi32	1.0000015982494646	-0.0002263215244378003	0.00022632116272012316	0.9966482124466197	1.0000015982494646	0.0012214387181228477
8.0	0	13	4	1	n	exact	1.0000015982494646	0.0	0.0	0.9973742734401084	1.0000015982494646	0.0012214387181228477
8.0	0	13	4	1	n	UHF	1.0000015982494646	1.598249462775314e-6	1.5982469083780485e-6	0.014858836234985691	1.0000015982494646	0.0012214387181228477
8.0	0	13	4	1	Sz	chi8	0.0012214387181228477	-0.0005251273870197628	0.4299252833795854	1.0006438406376168	1.0000015982494646	0.0012214387181228477
8.0	0	13	4	1	Sz	chi32	0.0012214387181228477	-0.0003574683389823588	0.29266170596894897	1.0007469382471086	1.0000015982494646	0.0012214387181228477
8.0	0	13	4	1	Sz	exact	0.0012214387181228477	0.0	0.0	1.0005880892888352	1.0000015982494646	0.0012214387181228477
8.0	0	13	4	1	Sz	UHF	0.0012214387181228477	0.4479743429174757	366.75957317444403	0.023897835495163385	1.0000015982494646	0.0012214387181228477
8.0	0	13	4	1	DoubleOcc	chi8	0.05394935673646112	0.04281042362762691	0.7935298253277212	15.73451724544213	1.0000015982494646	0.0012214387181228477
8.0	0	13	4	1	DoubleOcc	chi32	0.05394935673646112	0.01116145274886926	0.20688759651745592	50.5899453143882	1.0000015982494646	0.0012214387181228477
8.0	0	13	4	1	DoubleOcc	exact	0.05394935673646112	0.0	0.0	60.66193582215559	1.0000015982494646	0.0012214387181228477
8.0	0	13	4	1	DoubleOcc	UHF	0.05394935673646112	0.0035375141470162796	0.06557101624578754	1.5382804317756447	1.0000015982494646	0.0012214387181228477
8.0	0	13	4	1	ZZ onsite	chi8	-0.7842057695530835	0.17119596278250993	0.21830490086814075	18.49430342380583	1.0000015982494646	0.0012214387181228477
8.0	0	13	4	1	ZZ onsite	chi32	-0.7842057695530835	0.0450984540443542	0.057508444588536586	91.5227047019408	1.0000015982494646	0.0012214387181228477
8.0	0	13	4	1	ZZ onsite	exact	-0.7842057695530835	0.0	0.0	126.60419525804187	1.0000015982494646	0.0012214387181228477
8.0	0	13	4	1	ZZ onsite	UHF	-0.7842057695530835	0.0141468600891409	0.018039729670955053	122.77549924788494	1.0000015982494646	0.0012214387181228477
8.0	0	13	4	1	ZZ up-up nb	chi8	-0.40710918683684644	0.12322138383889397	0.30267404377753904	7.227222921973148	1.0000015982494646	0.0012214387181228477
8.0	0	13	4	1	ZZ up-up nb	chi32	-0.40710918683684644	0.04945050321292055	0.12146742154639313	14.5820132300562	1.0000015982494646	0.0012214387181228477
8.0	0	13	4	1	ZZ up-up nb	exact	-0.40710918683684644	0.0	0.0	17.823276726842803	1.0000015982494646	0.0012214387181228477
8.0	0	13	4	1	ZZ up-up nb	UHF	-0.40710918683684644	0.4371305451190622	1.0737427679180502	0.8924145192542424	1.0000015982494646	0.0012214387181228477
8.0	0	13	4	1	SzSz nb	chi8	-0.09590663495529106	0.030446640283957438	0.3174612507064896	6.319802591684494	1.0000015982494646	0.0012214387181228477
8.0	0	13	4	1	SzSz nb	chi32	-0.09590663495529106	0.01203830336006001	0.12552106916973912	11.994131055606159	1.0000015982494646	0.0012214387181228477
8.0	0	13	4	1	SzSz nb	exact	-0.09590663495529106	0.0	0.0	14.084257533894103	1.0000015982494646	0.0012214387181228477
8.0	0	13	4	1	SzSz nb	UHF	-0.09590663495529106	0.10941741024447565	1.1408742502068072	0.8059026699980479	1.0000015982494646	0.0012214387181228477
8.0	0	14	4	2	n	chi8	1.000000930832929	-3.533856363779897e-5	3.533853074353089e-5	1.0072537246913977	1.000000930832929	-0.0011805572806766612
8.0	0	14	4	2	n	chi32	1.000000930832929	-0.00036771276481695203	0.0003677124225381207	1.0072964164505196	1.000000930832929	-0.0011805572806766612
8.0	0	14	4	2	n	exact	1.000000930832929	0.0	0.0	1.0053241994031692	1.000000930832929	-0.0011805572806766612
8.0	0	14	4	2	n	UHF	1.000000930832929	9.308329371737756e-7	9.308320707246328e-7	0.013495140578465244	1.000000930832929	-0.0011805572806766612
8.0	0	14	4	2	Sz	chi8	-0.0011805572806766612	0.0004748620100598726	0.4022354678018634	0.9988949197308999	1.000000930832929	-0.0011805572806766612
8.0	0	14	4	2	Sz	chi32	-0.0011805572806766612	0.0003517192407159926	0.2979264508998643	0.9990399245236414	1.000000930832929	-0.0011805572806766612
8.0	0	14	4	2	Sz	exact	-0.0011805572806766612	0.0	0.0	0.9993592970746609	1.000000930832929	-0.0011805572806766612
8.0	0	14	4	2	Sz	UHF	-0.0011805572806766612	-0.4479334614800248	379.42543645428395	0.018495110616630058	1.000000930832929	-0.0011805572806766612
8.0	0	14	4	2	DoubleOcc	chi8	0.05397271225284089	0.030303253522900697	0.5614550808738663	20.59041519478459	1.000000930832929	-0.0011805572806766612
8.0	0	14	4	2	DoubleOcc	chi32	0.05397271225284089	0.010844914553622964	0.200933288340575	42.66633069572712	1.000000930832929	-0.0011805572806766612
8.0	0	14	4	2	DoubleOcc	exact	0.05397271225284089	0.0	0.0	55.49398560174961	1.000000930832929	-0.0011805572806766612
8.0	0	14	4	2	DoubleOcc	UHF	0.05397271225284089	0.0035608696633968318	0.06597537004839706	1.351943594630775	1.000000930832929	-0.0011805572806766612
8.0	0	14	4	2	ZZ onsite	chi8	-0.7841110126544912	0.12128369121888127	0.15467668386430816	30.89760597528318	1.000000930832929	-0.0011805572806766612
8.0	0	14	4	2	ZZ onsite	chi32	-0.7841110126544912	0.044115083744128425	0.056261272998555864	87.98141405643211	1.000000930832929	-0.0011805572806766612
8.0	0	14	4	2	ZZ onsite	exact	-0.7841110126544912	0.0	0.0	124.63116191296716	1.000000930832929	-0.0011805572806766612
8.0	0	14	4	2	ZZ onsite	UHF	-0.7841110126544912	0.014241616987716199	0.01816275598464473	118.85085259967549	1.000000930832929	-0.0011805572806766612
8.0	0	14	4	2	ZZ up-up nb	chi8	-0.40667684320005537	0.11135398310162348	0.2738144179181735	8.198368236089587	1.000000930832929	-0.0011805572806766612
8.0	0	14	4	2	ZZ up-up nb	chi32	-0.40667684320005537	0.04682115441689888	0.11513110520007229	16.49718317598609	1.000000930832929	-0.0011805572806766612
8.0	0	14	4	2	ZZ up-up nb	exact	-0.40667684320005537	0.0	0.0	21.498329309396915	1.000000930832929	-0.0011805572806766612
8.0	0	14	4	2	ZZ up-up nb	UHF	-0.40667684320005537	0.43756288875585314	1.0759473918228584	0.8505035024531968	1.000000930832929	-0.0011805572806766612
8.0	0	14	4	2	SzSz nb	chi8	-0.09580743601724206	0.029795230602339268	0.31099079404418195	7.468784949540946	1.000000930832929	-0.0011805572806766612
8.0	0	14	4	2	SzSz nb	chi32	-0.09580743601724206	0.012527065412514984	0.13075253793724884	15.23708679743495	1.000000930832929	-0.0011805572806766612
8.0	0	14	4	2	SzSz nb	exact	-0.09580743601724206	0.0	0.0	18.63972550399987	1.000000930832929	-0.0011805572806766612
8.0	0	14	4	2	SzSz nb	UHF	-0.09580743601724206	0.10951660918252479	1.1430909095909376	0.8196703266857045	1.000000930832929	-0.0011805572806766612
8.0	0	15	4	3	n	chi8	0.9999977594063191	8.715090432642736e-5	8.71510995966304e-5	0.9940540098432569	0.9999977594063191	0.001192134452835357
8.0	0	15	4	3	n	chi32	0.9999977594063191	0.0003280947519714861	0.0003280954871001612	0.9946489043945914	0.9999977594063191	0.001192134452835357
8.0	0	15	4	3	n	exact	0.9999977594063191	0.0	0.0	0.9962390554151384	0.9999977594063191	0.001192134452835357
8.0	0	15	4	3	n	UHF	0.9999977594063191	-2.240593683588976e-6	2.2405987038602736e-6	0.01369099316515637	0.9999977594063191	0.001192134452835357
8.0	0	15	4	3	Sz	chi8	0.001192134452835357	-0.0005627050560874404	0.47201475869530496	0.9982376246734662	0.9999977594063191	0.001192134452835357
8.0	0	15	4	3	Sz	chi32	0.001192134452835357	-0.000364257347736055	0.3055505583868582	0.9986426211332525	0.9999977594063191	0.001192134452835357
8.0	0	15	4	3	Sz	exact	0.001192134452835357	0.0	0.0	0.9989404348191749	0.9999977594063191	0.001192134452835357
8.0	0	15	4	3	Sz	UHF	0.001192134452835357	0.44794503865218843	375.75043451416224	0.01953492070250616	0.9999977594063191	0.001192134452835357
8.0	0	15	4	3	DoubleOcc	chi8	0.053963347792195526	0.02741227143283917	0.5079794444629264	31.14956587816747	0.9999977594063191	0.001192134452835357
8.0	0	15	4	3	DoubleOcc	chi32	0.053963347792195526	0.012594252609811951	0.23338530919746608	54.470310847435705	0.9999977594063191	0.001192134452835357
8.0	0	15	4	3	DoubleOcc	exact	0.053963347792195526	0.0	0.0	64.69338846213684	0.9999977594063191	0.001192134452835357
8.0	0	15	4	3	DoubleOcc	UHF	0.053963347792195526	0.0035515052027506044	0.06581328527701616	1.6077459824728189	0.9999977594063191	0.001192134452835357
8.0	0	15	4	3	ZZ onsite	chi8	-0.7841421276438536	0.1094747839227056	0.13961089458571663	40.46048340931245	0.9999977594063191	0.001192134452835357
8.0	0	15	4	3	ZZ onsite	chi32	-0.7841421276438536	0.049720820935308385	0.06340791953712106	91.60205566081969	0.9999977594063191	0.001192134452835357
8.0	0	15	4	3	ZZ onsite	exact	-0.7841421276438536	0.0	0.0	123.96753109793103	0.9999977594063191	0.001192134452835357
8.0	0	15	4	3	ZZ onsite	UHF	-0.7841421276438536	0.014210501998372038	0.018122354988209802	123.74691588635967	0.9999977594063191	0.001192134452835357
8.0	0	15	4	3	ZZ up-up nb	chi8	-0.407127023208989	0.1311768526585822	0.3222012914412848	7.2213692244956995	0.9999977594063191	0.001192134452835357
8.0	0	15	4	3	ZZ up-up nb	chi32	-0.407127023208989	0.05733356341261897	0.14082475528328697	15.854596902816235	0.9999977594063191	0.001192134452835357
8.0	0	15	4	3	ZZ up-up nb	exact	-0.407127023208989	0.0	0.0	21.286729548907182	0.9999977594063191	0.001192134452835357
8.0	0	15	4	3	ZZ up-up nb	UHF	-0.407127023208989	0.4371127087469466	1.0736519165483278	0.9035953263137975	0.9999977594063191	0.001192134452835357
8.0	0	15	4	3	SzSz nb	chi8	-0.09591392844549072	0.03227784678423169	0.3365292956650781	6.651747555967322	0.9999977594063191	0.001192134452835357
8.0	0	15	4	3	SzSz nb	chi32	-0.09591392844549072	0.013617577789165003	0.14197706224601225	14.13930302680732	0.9999977594063191	0.001192134452835357
8.0	0	15	4	3	SzSz nb	exact	-0.09591392844549072	0.0	0.0	17.72506386962995	0.9999977594063191	0.001192134452835357
8.0	0	15	4	3	SzSz nb	UHF	-0.09591392844549072	0.10941011675427935	1.1407114537745027	0.825962162699653	0.9999977594063191	0.001192134452835357
8.0	0	16	4	4	n	chi8	0.9999990632706635	-8.072166673045444e-5	8.072174234487859e-5	0.9961199403779851	0.9999990632706635	-0.001196374900631167
8.0	0	16	4	4	n	chi32	0.9999990632706635	0.0002588507263916462	0.0002588509688649425	0.9969208019481554	0.9999990632706635	-0.001196374900631167
8.0	0	16	4	4	n	exact	0.9999990632706635	0.0	0.0	0.9975472600077685	0.9999990632706635	-0.001196374900631167
8.0	0	16	4	4	n	UHF	0.9999990632706635	-9.367293436479684e-7	9.36730221110647e-7	0.016588918299335235	0.9999990632706635	-0.001196374900631167
8.0	0	16	4	4	Sz	chi8	-0.001196374900631167	0.0005473843518932877	0.457535803872604	1.0004349994614408	0.9999990632706635	-0.001196374900631167
8.0	0	16	4	4	Sz	chi32	-0.001196374900631167	0.00028079366050288643	0.23470373739431444	1.0004562655574023	0.9999990632706635	-0.001196374900631167
8.0	0	16	4	4	Sz	exact	-0.001196374900631167	0.0	0.0	1.000415357857332	0.9999990632706635	-0.001196374900631167
8.0	0	16	4	4	Sz	UHF	-0.001196374900631167	-0.44794927909998616	374.4221638749386	0.02803400237245137	0.9999990632706635	-0.001196374900631167
8.0	0	16	4	4	DoubleOcc	chi8	0.053945587798336	0.03928966137779852	0.7283202015459445	17.553684460634344	0.9999990632706635	-0.001196374900631167
8.0	0	16	4	4	DoubleOcc	chi32	0.053945587798336	0.012621323424278935	0.23396396145429066	46.121381200451786	0.9999990632706635	-0.001196374900631167
8.0	0	16	4	4	DoubleOcc	exact	0.053945587798336	0.0	0.0	56.26597831768481	0.9999990632706635	-0.001196374900631167
8.0	0	16	4	4	DoubleOcc	UHF	0.053945587798336	0.0035337452088905486	0.06550573185152225	1.6910404245128483	0.9999990632706635	-0.001196374900631167
8.0	0	16	4	4	ZZ onsite	chi8	-0.7842157753479799	0.15732008884465865	0.2006081665149506	22.784899264989168	0.9999990632706635	-0.001196374900631167
8.0	0	16	4	4	ZZ onsite	chi32	-0.7842157753479799	0.049967592244337555	0.0637166374549982	93.9018002605023	0.9999990632706635	-0.001196374900631167
8.0	0	16	4	4	ZZ onsite	exact	-0.7842157753479799	0.0	0.0	130.45972676712478	0.9999990632706635	-0.001196374900631167
8.0	0	16	4	4	ZZ onsite	UHF	-0.7842157753479799	0.014136854294252488	0.018026740520463956	129.7881360729332	0.9999990632706635	-0.001196374900631167
8.0	0	16	4	4	ZZ up-up nb	chi8	0.22166279807329795	-0.07168286583717762	0.323386993488524	3.6288908029674176	0.9999990632706635	-0.001196374900631167
8.0	0	16	4	4	ZZ up-up nb	chi32	0.22166279807329795	-0.03525443046215096	0.1590453191450433	4.793811730019567	0.9999990632706635	-0.001196374900631167
8.0	0	16	4	4	ZZ up-up nb	exact	0.22166279807329795	0.0	0.0	5.371450161698979	0.9999990632706635	-0.001196374900631167
8.0	0	16	4	4	ZZ up-up nb	UHF	0.22166279807329795	-0.5747390084219424	2.5928528080381428	0.17388948374977428	0.9999990632706635	-0.001196374900631167
8.0	0	16	4	4	SzSz nb	chi8	0.0558583500285361	-0.01802896262246919	0.32276217634890425	3.9933257249808154	0.9999990632706635	-0.001196374900631167
8.0	0	16	4	4	SzSz nb	chi32	0.0558583500285361	-0.008124471431777962	0.14544775181557368	5.06241535484329	0.9999990632706635	-0.001196374900631167
8.0	0	16	4	4	SzSz nb	exact	0.0558583500285361	0.0	0.0	5.282083401885915	0.9999990632706635	-0.001196374900631167
8.0	0	16	4	4	SzSz nb	UHF	0.0558583500285361	-0.1434859544886465	2.5687467391239536	0.19851026424353632	0.9999990632706635	-0.001196374900631167
8.0	0	17	5	1	n	chi8	0.9999982017193653	-2.2659468678409844e-5	2.265950942656684e-5	0.9978976719047008	0.9999982017193653	-0.0012173520360353879
8.0	0	17	5	1	n	chi32	0.9999982017193653	7.869458424669684e-5	7.869472576189824e-5	0.9982765658310392	0.9999982017193653	-0.0012173520360353879
8.0	0	17	5	1	n	exact	0.9999982017193653	0.0	0.0	0.9987732930171855	0.9999982017193653	-0.0012173520360353879
8.0	0	17	5	1	n	UHF	0.9999982017193653	-1.7982806349570168e-6	1.7982838687760738e-6	0.013996338201944165	0.9999982017193653	-0.0012173520360353879
8.0	0	17	5	1	Sz	chi8	-0.0012173520360353879	0.0005335913867619054	0.43832134909773474	0.9967414052729714	0.9999982017193653	-0.0012173520360353879
8.0	0	17	5	1	Sz	chi32	-0.0012173520360353879	0.00033863876458018263	0.278176529513225	0.9971718896823542	0.9999982017193653	-0.0012173520360353879
8.0	0	17	5	1	Sz	exact	-0.0012173520360353879	0.0	0.0	0.9978681969832705	0.9999982017193653	-0.0012173520360353879
8.0	0	17	5	1	Sz	UHF	-0.0012173520360353879	-0.44797025623538766	367.98743746658124	0.02381690038970773	0.9999982017193653	-0.0012173520360353879
8.0	0	17	5	1	DoubleOcc	chi8	0.053944490184129	0.042720096577304856	0.791926968472371	14.704051541675662	0.9999982017193653	-0.0012173520360353879
8.0	0	17	5	1	DoubleOcc	chi32	0.053944490184129	0.011498238309633396	0.2131494480786898	45.414107071118146	0.9999982017193653	-0.0012173520360353879
8.0	0	17	5	1	DoubleOcc	exact	0.053944490184129	0.0	0.0	56.07962872458418	0.9999982017193653	-0.0012173520360353879
8.0	0	17	5	1	DoubleOcc	UHF	0.053944490184129	0.003532647594684468	0.06548671759852516	1.3456678082910944	0.9999982017193653	-0.0012173520360353879
8.0	0	17	5	1	ZZ onsite	chi8	-0.7842184427022117	0.17092570524657968	0.21795675278639762	16.37381436179899	0.9999982017193653	-0.0012173520360353879
8.0	0	17	5	1	ZZ onsite	chi32	-0.7842184427022117	0.045835564070044965	0.0584474447095475	79.99286670779433	0.9999982017193653	-0.0012173520360353879
8.0	0	17	5	1	ZZ onsite	exact	-0.7842184427022117	0.0	0.0	130.7780763837393	0.9999982017193653	-0.0012173520360353879
8.0	0	17	5	1	ZZ onsite	UHF	-0.7842184427022117	0.014134186940010784	0.01802327791642858	119.00116115083948	0.9999982017193653	-0.0012173520360353879
8.0	0	17	5	1	ZZ up-up nb	chi8	-0.4071531105912738	0.12370819839250058	0.3038370460018092	6.865200324402631	0.9999982017193653	-0.0012173520360353879
8.0	0	17	5	1	ZZ up-up nb	chi32	-0.4071531105912738	0.05033943412569797	0.1236376017184157	13.897377832133614	0.9999982017193653	-0.0012173520360353879
8.0	0	17	5	1	ZZ up-up nb	exact	-0.4071531105912738	0.0	0.0	17.5542882880686	0.9999982017193653	-0.0012173520360353879
8.0	0	17	5	1	ZZ up-up nb	UHF	-0.4071531105912738	0.43708662136465026	1.0735190521568325	0.8673305133840123	0.9999982017193653	-0.0012173520360353879
8.0	0	17	5	1	SzSz nb	chi8	-0.095916224356074	0.030562136323041666	0.3186336464786657	5.946097262128974	0.9999982017193653	-0.0012173520360353879
8.0	0	17	5	1	SzSz nb	chi32	-0.095916224356074	0.01219205871631579	0.1271115371582463	12.379499996646949	0.9999982017193653	-0.0012173520360353879
8.0	0	17	5	1	SzSz nb	exact	-0.095916224356074	0.0	0.0	16.141655760906744	0.9999982017193653	-0.0012173520360353879
8.0	0	17	5	1	SzSz nb	UHF	-0.095916224356074	0.10940782084369308	1.1406602123696366	0.7402017392901983	0.9999982017193653	-0.0012173520360353879
8.0	0	18	5	2	n	chi8	0.9999999907440215	3.522483860118886e-5	3.522483892722921e-5	1.0066055888420917	0.9999999907440215	0.001194594640398547
8.0	0	18	5	2	n	chi32	0.9999999907440215	8.606381214582015e-6	8.606381294242496e-6	1.0060337249533253	0.9999999907440215	0.001194594640398547
8.0	0	18	5	2	n	exact	0.9999999907440215	0.0	0.0	1.0049138403658153	0.9999999907440215	0.001194594640398547
8.0	0	18	5	2	n	UHF	0.9999999907440215	-9.255973654198613e-9	9.255973739871707e-9	0.013724300705371584	0.9999999907440215	0.001194594640398547
8.0	0	18	5	2	Sz	chi8	0.001194594640398547	-0.00046756556473464064	0.391401023345165	1.0002135656089888	0.9999999907440215	0.001194594640398547
8.0	0	18	5	2	Sz	chi32	0.001194594640398547	-0.0003084281393941372	0.2581864416294701	1.000240719279193	0.9999999907440215	0.001194594640398547
8.0	0	18	5	2	Sz	exact	0.001194594640398547	0.0	0.0	1.0002677748349582	0.9999999907440215	0.001194594640398547
8.0	0	18	5	2	Sz	UHF	0.001194594640398547	0.447947498839748	374.9786611216516	0.02324627464958593	0.9999999907440215	0.001194594640398547
8.0	0	18	5	2	DoubleOcc	chi8	0.05396856098818681	0.030278530434315137	0.5610401663468999	24.671807781673294	0.9999999907440215	0.001194594640398547
8.0	0	18	5	2	DoubleOcc	chi32	0.05396856098818681	0.011207409975030086	0.2076655328550131	56.77562908468066	0.9999999907440215	0.001194594640398547
8.0	0	18	5	2	DoubleOcc	exact	0.05396856098818681	0.0	0.0	76.62373447914052	0.9999999907440215	0.001194594640398547
8.0	0	18	5	2	DoubleOcc	UHF	0.05396856098818681	0.003556718398742359	0.06590352482292218	1.7047739317579085	0.9999999907440215	0.001194594640398547
8.0	0	18	5	2	ZZ onsite	chi8	-0.7841257375352921	0.12104367206006172	0.1543676814391184	31.186681845638102	0.9999999907440215	0.001194594640398547
8.0	0	18	5	2	ZZ onsite	chi32	-0.7841257375352921	0.04481242713769551	0.057149542468217455	101.96540795643881	0.9999999907440215	0.001194594640398547
8.0	0	18	5	2	ZZ onsite	exact	-0.7841257375352921	0.0	0.0	177.587383962982	0.9999999907440215	0.001194594640398547
8.0	0	18	5	2	ZZ onsite	UHF	-0.7841257375352921	0.014226892106920186	0.01814363618727648	160.19786123901054	0.9999999907440215	0.001194594640398547
8.0	0	18	5	2	ZZ up-up nb	chi8	-0.4066736947717757	0.11154968454385722	0.27429776250086363	7.460561619966547	0.9999999907440215	0.001194594640398547
8.0	0	18	5	2	ZZ up-up nb	chi32	-0.4066736947717757	0.04606065347194371	0.11326194456170283	14.662597001248795	0.9999999907440215	0.001194594640398547
8.0	0	18	5	2	ZZ up-up nb	exact	-0.4066736947717757	0.0	0.0	19.13192485922439	0.9999999907440215	0.001194594640398547
8.0	0	18	5	2	ZZ up-up nb	UHF	-0.4066736947717757	0.43756603718414827	1.0759634636061457	0.8221545899839491	0.9999999907440215	0.001194594640398547
8.0	0	18	5	2	SzSz nb	chi8	-0.09580584986850513	0.029777882157836583	0.3108148635882584	6.866963527050539	0.9999999907440215	0.001194594640398547
8.0	0	18	5	2	SzSz nb	chi32	-0.09580584986850513	0.012425003837756243	0.12968940680354837	14.350003778792601	0.9999999907440215	0.001194594640398547
8.0	0	18	5	2	SzSz nb	exact	-0.09580584986850513	0.0	0.0	18.72824667867839	0.9999999907440215	0.001194594640398547
8.0	0	18	5	2	SzSz nb	UHF	-0.09580584986850513	0.10951819533126192	1.1431263903151758	0.7699744146546026	0.9999999907440215	0.001194594640398547
8.0	0	19	5	3	n	chi8	1.0000024007412023	-8.588953495758389e-5	8.58893287595335e-5	1.003607108578213	1.0000024007412023	-0.0011881967467724658
8.0	0	19	5	3	n	chi32	1.0000024007412023	4.232186291308615e-6	4.2321761309490025e-6	1.0032317716121073	1.0000024007412023	-0.0011881967467724658
8.0	0	19	5	3	n	exact	1.0000024007412023	0.0	0.0	1.002665509776906	1.0000024007412023	-0.0011881967467724658
8.0	0	19	5	3	n	UHF	1.0000024007412023	2.400741202057688e-6	2.4007354385132047e-6	0.014723166647599576	1.0000024007412023	-0.0011881967467724658
8.0	0	19	5	3	Sz	chi8	-0.0011881967467724658	0.0005573751943453214	0.4690933516350186	1.0000291907543348	1.0000024007412023	-0.0011881967467724658
8.0	0	19	5	3	Sz	chi32	-0.0011881967467724658	0.00032400964474085456	0.2726902304866358	1.0000492370104461	1.0000024007412023	-0.0011881967467724658
8.0	0	19	5	3	Sz	exact	-0.0011881967467724658	0.0	0.0	1.000111581261826	1.0000024007412023	-0.0011881967467724658
8.0	0	19	5	3	Sz	UHF	-0.0011881967467724658	-0.44794110094612466	376.99236440672	0.026406525880854712	1.0000024007412023	-0.0011881967467724658
8.0	0	19	5	3	DoubleOcc	chi8	0.053968082488927205	0.027513966081531033	0.5098192267100866	28.641415600082397	1.0000024007412023	-0.0011881967467724658
8.0	0	19	5	3	DoubleOcc	chi32	0.053968082488927205	0.01261526796856019	0.2337542374448546	50.92908516692396	1.0000024007412023	-0.0011881967467724658
8.0	0	19	5	3	DoubleOcc	exact	0.053968082488927205	0.0	0.0	64.00580546618055	1.0000024007412023	-0.0011881967467724658
8.0	0	19	5	3	DoubleOcc	UHF	0.053968082488927205	0.0035562398994826716	0.06589524280786363	1.7303552403384452	1.0000024007412023	-0.0011881967467724658
8.0	0	19	5	3	ZZ onsite	chi8	-0.7841324715266933	0.11022764339604263	0.14057273152000857	38.7448164914413	1.0000024007412023	-0.0011881967467724658
8.0	0	19	5	3	ZZ onsite	chi32	-0.7841324715266933	0.050452607501660474	0.06434194391086759	97.18577799140168	1.0000024007412023	-0.0011881967467724658
8.0	0	19	5	3	ZZ onsite	exact	-0.7841324715266933	0.0	0.0	161.85893400901648	1.0000024007412023	-0.0011881967467724658
8.0	0	19	5	3	ZZ onsite	UHF	-0.7841324715266933	0.014220158115529014	0.018134892549268613	153.7452807233714	1.0000024007412023	-0.0011881967467724658
8.0	0	19	5	3	ZZ up-up nb	chi8	-0.4071063767851576	0.13078451767342136	0.3212539157607947	6.526238785663323	1.0000024007412023	-0.0011881967467724658
8.0	0	19	5	3	ZZ up-up nb	chi32	-0.4071063767851576	0.057239469560920075	0.1406007688037937	14.603926194240572	1.0000024007412023	-0.0011881967467724658
8.0	0	19	5	3	ZZ up-up nb	exact	-0.4071063767851576	0.0	0.0	21.519106377182137	1.0000024007412023	-0.0011881967467724658
8.0	0	19	5	3	ZZ up-up nb	UHF	-0.4071063767851576	0.43713335517076624	1.0737570819271514	0.8405861365849245	1.0000024007412023	-0.0011881967467724658
8.0	0	19	5	3	SzSz nb	chi8	-0.09590879761344234	0.0323048436559904	0.3368287838014	5.688316565045093	1.0000024007412023	-0.0011881967467724658
8.0	0	19	5	3	SzSz nb	chi32	-0.09590879761344234	0.013509429894665304	0.14085704576460933	12.022469473127257	1.0000024007412023	-0.0011881967467724658
8.0	0	19	5	3	SzSz nb	exact	-0.09590879761344234	0.0	0.0	16.281476135103585	1.0000024007412023	-0.0011881967467724658
8.0	0	19	5	3	SzSz nb	UHF	-0.09590879761344234	0.10941524758632526	1.140825975395086	0.7508886544786656	1.0000024007412023	-0.0011881967467724658
8.0	0	20	5	4	n	chi8	1.000001901264849	8.125295203664784e-5	8.125279755355998e-5	1.005376118113251	1.000001901264849	0.001200101237686449
8.0	0	20	5	4	n	chi32	1.000001901264849	1.7333439989886124e-5	1.733340703448862e-5	1.0047663368218223	1.000001901264849	0.001200101237686449
8.0	0	20	5	4	n	exact	1.000001901264849	0.0	0.0	1.0039415858482017	1.000001901264849	0.001200101237686449
8.0	0	20	5	4	n	UHF	1.000001901264849	1.9012648508898167e-6	1.90126123608866e-6	0.012561974125946196	1.000001901264849	0.001200101237686449
8.0	0	20	5	4	Sz	chi8	0.001200101237686449	-0.000537250073020722	0.4476706265684976	1.0012623614405534	1.000001901264849	0.001200101237686449
8.0	0	20	5	4	Sz	chi32	0.001200101237686449	-0.0003017018997339277	0.25139704073261987	1.0011272496778802	1.000001901264849	0.001200101237686449
8.0	0	20	5	4	Sz	exact	0.001200101237686449	0.0	0.0	1.000959793552543	1.000001901264849	0.001200101237686449
8.0	0	20	5	4	Sz	UHF	0.001200101237686449	0.4479530054370371	373.26268098898004	0.026027089837973853	1.000001901264849	0.001200101237686449
8.0	0	20	5	4	DoubleOcc	chi8	0.05394953105231581	0.03959332911630903	0.7338957048192816	21.192719170944553	1.000001901264849	0.001200101237686449
8.0	0	20	5	4	DoubleOcc	chi32	0.05394953105231581	0.012481974646200489	0.23136391369364262	62.44312873441494	1.000001901264849	0.001200101237686449
8.0	0	20	5	4	DoubleOcc	exact	0.05394953105231581	0.0	0.0	71.65305674447563	1.000001901264849	0.001200101237686449
8.0	0	20	5	4	DoubleOcc	UHF	0.05394953105231581	0.003537688462870947	0.06557403547104772	1.603958155858797	1.000001901264849	0.001200101237686449
8.0	0	20	5	4	ZZ onsite	chi8	-0.7842056783204341	0.15821081056116348	0.20174657610234364	23.810907532638428	1.000001901264849	0.001200101237686449
8.0	0	20	5	4	ZZ onsite	chi32	-0.7842056783204341	0.049893231704822294	0.0636226350868572	111.3057999225048	1.000001901264849	0.001200101237686449
8.0	0	20	5	4	ZZ onsite	exact	-0.7842056783204341	0.0	0.0	159.17897187213114	1.000001901264849	0.001200101237686449
8.0	0	20	5	4	ZZ onsite	UHF	-0.7842056783204341	0.014146951321782564	0.018039848107299705	160.06955317393044	1.000001901264849	0.001200101237686449
8.0	0	20	5	4	ZZ up-up nb	chi8	0.222897072094927	-0.07194224089089032	0.32275991880347216	4.722974706035894	1.000001901264849	0.001200101237686449
8.0	0	20	5	4	ZZ up-up nb	chi32	0.222897072094927	-0.03458700407199636	0.15517029338665564	6.249153113595295	1.000001901264849	0.001200101237686449
8.0	0	20	5	4	ZZ up-up nb	exact	0.222897072094927	0.0	0.0	6.606847770768455	1.000001901264849	0.001200101237686449
8.0	0	20	5	4	ZZ up-up nb	UHF	0.222897072094927	-0.573523594464353	2.573042297388733	0.19356746143609896	1.000001901264849	0.001200101237686449
8.0	0	20	5	4	SzSz nb	chi8	0.056168409395601374	-0.0180971813748345	0.3221950126337691	3.25217738203351	1.000001901264849	0.001200101237686449
8.0	0	20	5	4	SzSz nb	chi32	0.056168409395601374	-0.00793670995912664	0.1413020244747784	4.258928575562488	1.000001901264849	0.001200101237686449
8.0	0	20	5	4	SzSz nb	exact	0.056168409395601374	0.0	0.0	4.6986931870240936	1.000001901264849	0.001200101237686449
8.0	0	20	5	4	SzSz nb	UHF	0.056168409395601374	-0.14318057741037382	2.549129999426092	0.17776001193468158	1.000001901264849	0.001200101237686449
8.0	0	21	6	1	n	chi8	1.0000037543368128	2.3993756981699477e-5	2.3993666901392554e-5	1.007971798471993	1.0000037543368128	0.0011597191976962518
8.0	0	21	6	1	n	chi32	1.0000037543368128	-1.0689251617179707e-6	1.0689211486279524e-6	1.0070112534861788	1.0000037543368128	0.0011597191976962518
8.0	0	21	6	1	n	exact	1.0000037543368128	0.0	0.0	1.0057421927544719	1.0000037543368128	0.0011597191976962518
8.0	0	21	6	1	n	UHF	1.0000037543368128	3.7543368140990907e-6	3.7543227191070994e-6	0.013616433808601357	1.0000037543368128	0.0011597191976962518
8.0	0	21	6	1	Sz	chi8	0.0011597191976962518	-0.00049903408561827	0.4303059625205711	1.000289274574167	1.0000037543368128	0.0011597191976962518
8.0	0	21	6	1	Sz	chi32	0.0011597191976962518	-0.00028375452004796974	0.2446751943156928	1.0003157238981066	1.0000037543368128	0.0011597191976962518
8.0	0	21	6	1	Sz	exact	0.0011597191976962518	0.0	0.0	1.0003183595554102	1.0000037543368128	0.0011597191976962518
8.0	0	21	6	1	Sz	UHF	0.0011597191976962518	0.44792303085390556	386.2340398811122	0.024706554834105228	1.0000037543368128	0.0011597191976962518
8.0	0	21	6	1	DoubleOcc	chi8	0.05374871255362018	0.04260922909018286	0.7927488318473772	17.38723756458314	1.0000037543368128	0.0011597191976962518
8.0	0	21	6	1	DoubleOcc	chi32	0.05374871255362018	0.011130092666236407	0.2070764514616593	57.9126549854766	1.0000037543368128	0.0011597191976962518
8.0	0	21	6	1	DoubleOcc	exact	0.05374871255362018	0.0	0.0	66.72451604491383	1.0000037543368128	0.0011597191976962518
8.0	0	21	6	1	DoubleOcc	UHF	0.05374871255362018	0.003346169195644011	0.06225580179815179	1.5621145366210412	1.0000037543368128	0.0011597191976962518
8.0	0	21	6	1	ZZ onsite	chi8	-0.7850126584591428	0.17038892884677126	0.21705246025104627	19.480774522883262	1.0000037543368128	0.0011597191976962518
8.0	0	21	6	1	ZZ onsite	chi32	-0.7850126584591428	0.0445225085152704	0.056715656792925	112.43144127983349	1.0000037543368128	0.0011597191976962518
8.0	0	21	6	1	ZZ onsite	exact	-0.7850126584591428	0.0	0.0	165.37965770733442	1.0000037543368128	0.0011597191976962518
8.0	0	21	6	1	ZZ onsite	UHF	-0.7850126584591428	0.013377168108949955	0.01704070369413819	160.40482835181044	1.0000037543368128	0.0011597191976962518
8.0	0	21	6	1	ZZ up-up nb	chi8	-0.410019520964235	0.12268250199667718	0.2992113685420809	6.460665569214914	1.0000037543368128	0.0011597191976962518
8.0	0	21	6	1	ZZ up-up nb	chi32	-0.410019520964235	0.04768023149427525	0.11628771084397779	12.569894073885775	1.0000037543368128	0.0011597191976962518
8.0	0	21	6	1	ZZ up-up nb	exact	-0.410019520964235	0.0	0.0	15.425362197582754	1.0000037543368128	0.0011597191976962518
8.0	0	21	6	1	ZZ up-up nb	UHF	-0.410019520964235	0.4342546519503476	1.0591072613545798	0.870493446234515	1.0000037543368128	0.0011597191976962518
8.0	0	21	6	1	SzSz nb	chi8	-0.09662473955842807	0.030286627650594727	0.3134458916940282	6.705325475414909	1.0000037543368128	0.0011597191976962518
8.0	0	21	6	1	SzSz nb	chi32	-0.09662473955842807	0.01164382359426866	0.12050561427105062	12.177379069099011	1.0000037543368128	0.0011597191976962518
8.0	0	21	6	1	SzSz nb	exact	-0.09662473955842807	0.0	0.0	13.610748231634453	1.0000037543368128	0.0011597191976962518
8.0	0	21	6	1	SzSz nb	UHF	-0.09662473955842807	0.10870826037690631	1.1250561799565986	0.8669920908619624	1.0000037543368128	0.0011597191976962518
8.0	0	22	6	2	n	chi8	1.0000008949557573	-3.4708140083550276e-5	3.470810902132828e-5	0.9950447004718104	1.0000008949557573	-0.0011507066241242328
8.0	0	22	6	2	n	chi32	1.0000008949557573	-4.894416887335495e-6	4.894412507052844e-6	0.9956660741190909	1.0000008949557573	-0.0011507066241242328
8.0	0	22	6	2	n	exact	1.0000008949557573	0.0	0.0	0.9965554137438407	1.0000008949557573	-0.0011507066241242328
8.0	0	22	6	2	n	UHF	1.0000008949557573	8.949557515069984e-7	8.949549505619128e-7	0.013983322542627076	1.0000008949557573	-0.0011507066241242328
8.0	0	22	6	2	Sz	chi8	-0.0011507066241242328	0.00042790534326415247	0.3718631094088104	1.0004086562154595	1.0000008949557573	-0.0011507066241242328
8.0	0	22	6	2	Sz	chi32	-0.0011507066241242328	0.0002556198758293482	0.2221416566745608	1.0003887213331377	1.0000008949557573	-0.0011507066241242328
8.0	0	22	6	2	Sz	exact	-0.0011507066241242328	0.0	0.0	1.0003735287624276	1.0000008949557573	-0.0011507066241242328
8.0	0	22	6	2	Sz	UHF	-0.0011507066241242328	-0.447914018280337	389.25127299169804	0.024222289598890823	1.0000008949557573	-0.0011507066241242328
8.0	0	22	6	2	DoubleOcc	chi8	0.05377002655361998	0.0300715800766283	0.5592628831350982	24.72193485860701	1.0000008949557573	-0.0011507066241242328
8.0	0	22	6	2	DoubleOcc	chi32	0.05377002655361998	0.0108401577616149	0.20160223932203178	49.808496840178066	1.0000008949557573	-0.0011507066241242328
8.0	0	22	6	2	DoubleOcc	exact	0.05377002655361998	0.0	0.0	59.046768617378575	1.0000008949557573	-0.0011507066241242328
8.0	0	22	6	2	DoubleOcc	UHF	0.05377002655361998	0.0033674831956434226	0.06262751595045869	1.6101908769796298	1.0000008949557573	-0.0011507066241242328
8.0	0	22	6	2	ZZ onsite	chi8	-0.7849216836970335	0.12035573658668275	0.15333470725359402	33.25616120335796	1.0000008949557573	-0.0011507066241242328
8.0	0	22	6	2	ZZ onsite	chi32	-0.7849216836970335	0.04337041988023249	0.055254455038055414	100.89052406614015	1.0000008949557573	-0.0011507066241242328
8.0	0	22	6	2	ZZ onsite	exact	-0.7849216836970335	0.0	0.0	143.72437258275954	1.0000008949557573	-0.0011507066241242328
8.0	0	22	6	2	ZZ onsite	UHF	-0.7849216836970335	0.013468142871071787	0.017158581742366875	138.37324229950053	1.0000008949557573	-0.0011507066241242328
8.0	0	22	6	2	ZZ up-up nb	chi8	-0.409520698031706	0.11221956897179797	0.27402661089210606	6.61564339897529	1.0000008949557573	-0.0011507066241242328
8.0	0	22	6	2	ZZ up-up nb	chi32	-0.409520698031706	0.046504466388224974	0.11355828072119689	11.941447832255069	1.0000008949557573	-0.0011507066241242328
8.0	0	22	6	2	ZZ up-up nb	exact	-0.409520698031706	0.0	0.0	15.061805468990345	1.0000008949557573	-0.0011507066241242328
8.0	0	22	6	2	ZZ up-up nb	UHF	-0.409520698031706	0.4347534748828765	1.0616153883611934	0.8261117757456119	1.0000008949557573	-0.0011507066241242328
8.0	0	22	6	2	SzSz nb	chi8	-0.09651005370631308	0.030185791550772112	0.3127735442219275	7.08900396165428	1.0000008949557573	-0.0011507066241242328
8.0	0	22	6	2	SzSz nb	chi32	-0.09651005370631308	0.012319296155755374	0.12764780126683864	12.612635016456752	1.0000008949557573	-0.0011507066241242328
8.0	0	22	6	2	SzSz nb	exact	-0.09651005370631308	0.0	0.0	13.990090451701413	1.0000008949557573	-0.0011507066241242328
8.0	0	22	6	2	SzSz nb	UHF	-0.09651005370631308	0.1088229462290213	1.1275814492879388	0.8854559351167386	1.0000008949557573	-0.0011507066241242328
8.0	0	23	6	3	n	chi8	0.999997386542116	8.061383347468531e-5	8.061404415609458e-5	0.9996899748409107	0.999997386542116	0.0011440133978047398
8.0	0	23	6	3	n	chi32	0.999997386542116	-4.218358016339074e-6	4.218369040868902e-6	0.999969775402194	0.999997386542116	0.0011440133978047398
8.0	0	23	6	3	n	exact	0.999997386542116	0.0	0.0	1.0000864318583536	0.999997386542116	0.0011440133978047398
8.0	0	23	6	3	n	UHF	0.999997386542116	-2.6134578825498522e-6	2.6134647127298103e-6	0.01302537635911302	0.999997386542116	0.0011440133978047398
8.0	0	23	6	3	Sz	chi8	0.0011440133978047398	-0.000521726555463727	0.4560493403878608	1.0014490434118666	0.999997386542116	0.0011440133978047398
8.0	0	23	6	3	Sz	chi32	0.0011440133978047398	-0.0002682227266280271	0.23445767955403557	1.0012620979891533	0.999997386542116	0.0011440133978047398
8.0	0	23	6	3	Sz	exact	0.0011440133978047398	0.0	0.0	1.0010798830299381	0.999997386542116	0.0011440133978047398
8.0	0	23	6	3	Sz	UHF	0.0011440133978047398	0.44790732505401404	391.522796772755	0.026406567575502683	0.999997386542116	0.0011440133978047398
8.0	0	23	6	3	DoubleOcc	chi8	0.05378598230937473	0.026778900592871246	0.4978788049057118	30.82119482015887	0.999997386542116	0.0011440133978047398
8.0	0	23	6	3	DoubleOcc	chi32	0.05378598230937473	0.012261138881346889	0.22796160551314892	58.248190049192786	0.999997386542116	0.0011440133978047398
8.0	0	23	6	3	DoubleOcc	exact	0.05378598230937473	0.0	0.0	78.59900924123079	0.999997386542116	0.0011440133978047398
8.0	0	23	6	3	DoubleOcc	UHF	0.05378598230937473	0.003383438951398643	0.06290559000925637	1.5519626614286484	0.999997386542116	0.0011440133978047398
8.0	0	23	6	3	ZZ onsite	chi8	-0.784850843846731	0.10695437470454039	0.1362735041225577	41.62337730248138	0.999997386542116	0.0011440133978047398
8.0	0	23	6	3	ZZ onsite	chi32	-0.784850843846731	0.049052992241420124	0.06249976365063245	104.55316672415894	0.999997386542116	0.0011440133978047398
8.0	0	23	6	3	ZZ onsite	exact	-0.784850843846731	0.0	0.0	173.30055701490062	0.999997386542116	0.0011440133978047398
8.0	0	23	6	3	ZZ onsite	UHF	-0.784850843846731	0.01353898272136167	0.017250389456172414	165.49352034517605	0.999997386542116	0.0011440133978047398
8.0	0	23	6	3	ZZ up-up nb	chi8	-0.41006636083137205	0.13218929048019712	0.3223607276934285	5.049015800308596	0.999997386542116	0.0011440133978047398
8.0	0	23	6	3	ZZ up-up nb	chi32	-0.41006636083137205	0.05623399070733237	0.1371338789978361	10.014584711455752	0.999997386542116	0.0011440133978047398
8.0	0	23	6	3	ZZ up-up nb	exact	-0.41006636083137205	0.0	0.0	14.018295827715052	0.999997386542116	0.0011440133978047398
8.0	0	23	6	3	ZZ up-up nb	UHF	-0.41006636083137205	0.4342078120831968	1.0588720596414691	0.7891954116372927	0.999997386542116	0.0011440133978047398
8.0	0	23	6	3	SzSz nb	chi8	-0.09663889221423014	0.032227835021862106	0.33348721496536915	5.047745640386356	0.999997386542116	0.0011440133978047398
8.0	0	23	6	3	SzSz nb	chi32	-0.09663889221423014	0.0134792440131013	0.13948053112219422	9.67607221012915	0.999997386542116	0.0011440133978047398
8.0	0	23	6	3	SzSz nb	exact	-0.09663889221423014	0.0	0.0	12.538012123487478	0.999997386542116	0.0011440133978047398
8.0	0	23	6	3	SzSz nb	UHF	-0.09663889221423014	0.1086941077211026	1.1247449678970691	0.7558945347730848	0.999997386542116	0.0011440133978047398
8.0	0	24	6	4	n	chi8	1.0000001609651223	-7.289023853274124e-5	7.289022679995696e-5	1.0038877652258218	1.0000001609651223	-0.001154262778262971
8.0	0	24	6	4	n	chi32	1.0000001609651223	-2.0869591468963833e-5	2.086958810968803e-5	1.0034669475750435	1.0000001609651223	-0.001154262778262971
8.0	0	24	6	4	n	exact	1.0000001609651223	0.0	0.0	1.002928290052076	1.0000001609651223	-0.001154262778262971
8.0	0	24	6	4	n	UHF	1.0000001609651223	1.6096512456265089e-7	1.609650986528841e-7	0.013896789866256429	1.0000001609651223	-0.001154262778262971
8.0	0	24	6	4	Sz	chi8	-0.001154262778262971	0.0004996712993144724	0.4328921530904935	0.9999570379342053	1.0000001609651223	-0.001154262778262971
8.0	0	24	6	4	Sz	chi32	-0.001154262778262971	0.00026632952917515773	0.2307356125404582	1.0000490342633412	1.0000001609651223	-0.001154262778262971
8.0	0	24	6	4	Sz	exact	-0.001154262778262971	0.0	0.0	1.0001055320672962	1.0000001609651223	-0.001154262778262971
8.0	0	24	6	4	Sz	UHF	-0.001154262778262971	-0.44791757443447217	388.05511437225334	0.027227448340420405	1.0000001609651223	-0.001154262778262971
8.0	0	24	6	4	DoubleOcc	chi8	0.053770654064070944	0.038572335284453335	0.7173491927119223	18.91746920645891	1.0000001609651223	-0.001154262778262971
8.0	0	24	6	4	DoubleOcc	chi32	0.053770654064070944	0.012631442925953557	0.23491332113800287	48.65217999229529	1.0000001609651223	-0.001154262778262971
8.0	0	24	6	4	DoubleOcc	exact	0.053770654064070944	0.0	0.0	58.28411986962107	1.0000001609651223	-0.001154262778262971
8.0	0	24	6	4	DoubleOcc	UHF	0.053770654064070944	0.00336811070609519	0.06263845520796316	1.390418681953132	1.0000001609651223	-0.001154262778262971
8.0	0	24	6	4	ZZ onsite	chi8	-0.7849177056739587	0.1544351216148837	0.19675326534044754	22.75829997673742	1.0000001609651223	-0.001154262778262971
8.0	0	24	6	4	ZZ onsite	chi32	-0.7849177056739587	0.05056751088675304	0.06442396511279351	89.4557289665237	1.0000001609651223	-0.001154262778262971
8.0	0	24	6	4	ZZ onsite	exact	-0.7849177056739587	0.0	0.0	130.02849544229	1.0000001609651223	-0.001154262778262971
8.0	0	24	6	4	ZZ onsite	UHF	-0.7849177056739587	0.013472120894133743	0.01716373677998013	127.83722243051362	1.0000001609651223	-0.001154262778262971
8.0	0	24	6	4	ZZ up-up nb	chi8	0.218084732838123	-0.07268124638966864	0.3332706762358165	3.2381270858194773	1.0000001609651223	-0.001154262778262971
8.0	0	24	6	4	ZZ up-up nb	chi32	0.218084732838123	-0.03215849053384459	0.1474586969722212	4.472952301464925	1.0000001609651223	-0.001154262778262971
8.0	0	24	6	4	ZZ up-up nb	exact	0.218084732838123	0.0	0.0	5.056586635711561	1.0000001609651223	-0.001154262778262971
8.0	0	24	6	4	ZZ up-up nb	UHF	0.218084732838123	-0.5782605142253938	2.651540558112416	0.15831744777336784	1.0000001609651223	-0.001154262778262971
8.0	0	24	6	4	SzSz nb	chi8	0.05495804449641434	-0.01829635011828966	0.33291486780399143	3.1863509614331718	1.0000001609651223	-0.001154262778262971
8.0	0	24	6	4	SzSz nb	chi32	0.05495804449641434	-0.007437081552891009	0.13532289259994015	4.568611015360652	1.0000001609651223	-0.001154262778262971
8.0	0	24	6	4	SzSz nb	exact	0.05495804449641434	0.0	0.0	5.16005809110144	1.0000001609651223	-0.001154262778262971
8.0	0	24	6	4	SzSz nb	UHF	0.05495804449641434	-0.14437191223654033	2.626947766417702	0.15582384192390294	1.0000001609651223	-0.001154262778262971
8.0	0	25	7	1	n	chi8	0.9999984040328963	-1.9603444330384967e-5	1.960347561688717e-5	1.0032482884115674	0.9999984040328963	-0.0010241207253816678
8.0	0	25	7	1	n	chi32	0.9999984040328963	9.238308873560364e-6	9.23832361762095e-6	1.0028697942208502	0.9999984040328963	-0.0010241207253816678
8.0	0	25	7	1	n	exact	0.9999984040328963	0.0	0.0	1.0024400416339247	0.9999984040328963	-0.0010241207253816678
8.0	0	25	7	1	n	UHF	0.9999984040328963	-1.5959671054721625e-6	1.5959696525872264e-6	0.012783636493402223	0.9999984040328963	-0.0010241207253816678
8.0	0	25	7	1	Sz	chi8	-0.0010241207253816678	0.0004403891604669195	0.4300168423042077	0.9978694470641234	0.9999984040328963	-0.0010241207253816678
8.0	0	25	7	1	Sz	chi32	-0.0010241207253816678	0.0002255071782902014	0.22019589361025743	0.9982350658714654	0.9999984040328963	-0.0010241207253816678
8.0	0	25	7	1	Sz	exact	-0.0010241207253816678	0.0	0.0	0.9985884996570678	0.9999984040328963	-0.0010241207253816678
8.0	0	25	7	1	Sz	UHF	-0.0010241207253816678	-0.4477340373480894	437.18872809768453	0.029951748305966953	0.9999984040328963	-0.0010241207253816678
8.0	0	25	7	1	DoubleOcc	chi8	0.05412981544212961	0.04268739357119655	0.7886114745178433	15.94383842076066	0.9999984040328963	-0.0010241207253816678
8.0	0	25	7	1	DoubleOcc	chi32	0.05412981544212961	0.011649995783978767	0.21522326815309065	47.99005195038658	0.9999984040328963	-0.0010241207253816678
8.0	0	25	7	1	DoubleOcc	exact	0.05412981544212961	0.0	0.0	56.24513052946807	0.9999984040328963	-0.0010241207253816678
8.0	0	25	7	1	DoubleOcc	UHF	0.05412981544212961	0.0036795650511952105	0.06797667830826151	1.2503261840673243	0.9999984040328963	-0.0010241207253816678
8.0	0	25	7	1	ZZ onsite	chi8	-0.7834775462972694	0.17078878117345464	0.21798809931516971	18.872266051704386	0.9999984040328963	-0.0010241207253816678
8.0	0	25	7	1	ZZ onsite	chi32	-0.7834775462972694	0.04658150651817261	0.05945480727344101	98.46233181843391	0.9999984040328963	-0.0010241207253816678
8.0	0	25	7	1	ZZ onsite	exact	-0.7834775462972694	0.0	0.0	144.72627247682863	0.9999984040328963	-0.0010241207253816678
8.0	0	25	7	1	ZZ onsite	UHF	-0.7834775462972694	0.01472145213899656	0.018789883907420753	139.27534013445438	0.9999984040328963	-0.0010241207253816678
8.0	0	25	7	1	ZZ up-up nb	chi8	-0.4019376739926054	0.12673124329364305	0.31530073315788404	6.14098889682004	0.9999984040328963	-0.0010241207253816678
8.0	0	25	7	1	ZZ up-up nb	chi32	-0.4019376739926054	0.04471326828048472	0.11124428281710992	12.49976569135738	0.9999984040328963	-0.0010241207253816678
8.0	0	25	7	1	ZZ up-up nb	exact	-0.4019376739926054	0.0	0.0	14.7613730423431	0.9999984040328963	-0.0010241207253816678
8.0	0	25	7	1	ZZ up-up nb	UHF	-0.4019376739926054	0.4420257778901465	1.0997371147106718	0.8273437746712091	0.9999984040328963	-0.0010241207253816678
8.0	0	25	7	1	SzSz nb	chi8	-0.09464007162495573	0.03127287343360437	0.33044008628326094	6.086135076193092	0.9999984040328963	-0.0010241207253816678
8.0	0	25	7	1	SzSz nb	chi32	-0.09464007162495573	0.010704400389940652	0.11310642739536979	13.136836581404857	0.9999984040328963	-0.0010241207253816678
8.0	0	25	7	1	SzSz nb	exact	-0.09464007162495573	0.0	0.0	15.45124165088638	0.9999984040328963	-0.0010241207253816678
8.0	0	25	7	1	SzSz nb	UHF	-0.09464007162495573	0.11063023466492099	1.1689576388248293	0.7540373888594417	0.9999984040328963	-0.0010241207253816678
8.0	0	26	7	2	n	chi8	0.9999971709936064	2.357288836996041e-5	2.3572955058000984e-5	0.9983135532313032	0.9999971709936064	0.0010205818210983764
8.0	0	26	7	2	n	chi32	0.9999971709936064	3.0665162908949384e-7	3.066524966113674e-7	0.9986275236269232	0.9999971709936064	0.0010205818210983764
8.0	0	26	7	2	n	exact	0.9999971709936064	0.0	0.0	0.9989279999322196	0.9999971709936064	0.0010205818210983764
8.0	0	26	7	2	n	UHF	0.9999971709936064	-2.8290063925906495e-6	2.829014395890463e-6	0.012859257836921363	0.9999971709936064	0.0010205818210983764
8.0	0	26	7	2	Sz	chi8	0.0010205818210983764	-0.00038616583942606766	0.3783781284781911	1.0002587197136903	0.9999971709936064	0.0010205818210983764
8.0	0	26	7	2	Sz	chi32	0.0010205818210983764	-0.00019789410944999605	0.19390322790290085	1.000263339957842	0.9999971709936064	0.0010205818210983764
8.0	0	26	7	2	Sz	exact	0.0010205818210983764	0.0	0.0	1.0002548524808437	0.9999971709936064	0.0010205818210983764
8.0	0	26	7	2	Sz	UHF	0.0010205818210983764	0.4477304984438049	438.7012282483592	0.028529089766945084	0.9999971709936064	0.0010205818210983764
8.0	0	26	7	2	DoubleOcc	chi8	0.054149182931518935	0.030175217897545153	0.557260816579762	23.05163421029411	0.9999971709936064	0.0010205818210983764
8.0	0	26	7	2	DoubleOcc	chi32	0.054149182931518935	0.010597898853766996	0.19571669007766715	49.669275100226244	0.9999971709936064	0.0010205818210983764
8.0	0	26	7	2	DoubleOcc	exact	0.054149182931518935	0.0	0.0	62.74453693378398	0.9999971709936064	0.0010205818210983764
8.0	0	26	7	2	DoubleOcc	UHF	0.054149182931518935	0.0036989325405848428	0.06831003424858297	1.4074576129023904	0.9999971709936064	0.0010205818210983764
8.0	0	26	7	2	ZZ onsite	chi8	-0.7833976102611356	0.12065372581344358	0.1540133952836864	29.85626169436	0.9999971709936064	0.0010205818210983764
8.0	0	26	7	2	ZZ onsite	chi32	-0.7833976102611356	0.04239098211181114	0.05411170720533682	91.61445342104491	0.9999971709936064	0.0010205818210983764
8.0	0	26	7	2	ZZ onsite	exact	-0.7833976102611356	0.0	0.0	140.9638350108169	0.9999971709936064	0.0010205818210983764
8.0	0	26	7	2	ZZ onsite	UHF	-0.7833976102611356	0.014801388175126107	0.01889383881346313	128.91696375492617	0.9999971709936064	0.0010205818210983764
8.0	0	26	7	2	ZZ up-up nb	chi8	-0.4016110276268042	0.11381714573198826	0.28340144543479145	8.62345580054515	0.9999971709936064	0.0010205818210983764
8.0	0	26	7	2	ZZ up-up nb	chi32	-0.4016110276268042	0.03829368873005928	0.09535019233994635	17.433466563023558	0.9999971709936064	0.0010205818210983764
8.0	0	26	7	2	ZZ up-up nb	exact	-0.4016110276268042	0.0	0.0	19.110065776396766	0.9999971709936064	0.0010205818210983764
8.0	0	26	7	2	ZZ up-up nb	UHF	-0.4016110276268042	0.44235242425594806	1.1014449151705135	0.8907809917097237	0.9999971709936064	0.0010205818210983764
8.0	0	26	7	2	SzSz nb	chi8	-0.09456844305840272	0.02985978661070554	0.3157478926904296	7.1353538437023785	0.9999971709936064	0.0010205818210983764
8.0	0	26	7	2	SzSz nb	chi32	-0.09456844305840272	0.010162021231056681	0.10745678899229538	16.370258171830184	0.9999971709936064	0.0010205818210983764
8.0	0	26	7	2	SzSz nb	exact	-0.09456844305840272	0.0	0.0	19.05229177031563	0.9999971709936064	0.0010205818210983764
8.0	0	26	7	2	SzSz nb	UHF	-0.09456844305840272	0.110701863231474	1.1706004630224034	0.7711454981203528	0.9999971709936064	0.0010205818210983764
8.0	0	27	7	3	n	chi8	0.9999998730900879	-6.969890201991014e-5	6.969891086539279e-5	1.0063752001733584	0.9999998730900879	-0.0010158938778073237
8.0	0	27	7	3	n	chi32	0.9999998730900879	1.2760063892613971e-5	1.2760065511992764e-5	1.005343326682932	0.9999998730900879	-0.0010158938778073237
8.0	0	27	7	3	n	exact	0.9999998730900879	0.0	0.0	1.0045809749148154	0.9999998730900879	-0.0010158938778073237
8.0	0	27	7	3	n	UHF	0.9999998730900879	-1.2690991413322195e-7	1.2690993023935004e-7	0.012486790357337865	0.9999998730900879	-0.0010158938778073237
8.0	0	27	7	3	Sz	chi8	-0.0010158938778073237	0.00042385767513975956	0.417226330819713	0.9977252930591521	0.9999998730900879	-0.0010158938778073237
8.0	0	27	7	3	Sz	chi32	-0.0010158938778073237	0.00019252682578167323	0.18951470226124173	0.9982029277301507	0.9999998730900879	-0.0010158938778073237
8.0	0	27	7	3	Sz	exact	-0.0010158938778073237	0.0	0.0	0.9985116957342938	0.9999998730900879	-0.0010158938778073237
8.0	0	27	7	3	Sz	UHF	-0.0010158938778073237	-0.4477258105005152	440.72104407881045	0.02945407792294094	0.9999998730900879	-0.0010158938778073237
8.0	0	27	7	3	DoubleOcc	chi8	0.0541754951680983	0.029008154080771065	0.5354478808317891	25.125176135916345	0.9999998730900879	-0.0010158938778073237
8.0	0	27	7	3	DoubleOcc	chi32	0.0541754951680983	0.010987238391866772	0.20280826890045112	47.17135391796268	0.9999998730900879	-0.0010158938778073237
8.0	0	27	7	3	DoubleOcc	exact	0.0541754951680983	0.0	0.0	55.3936302274406	0.9999998730900879	-0.0010158938778073237
8.0	0	27	7	3	DoubleOcc	UHF	0.0541754951680983	0.0037252447771638775	0.06876254228235498	1.25649652209448	0.9999998730900879	-0.0010158938778073237
8.0	0	27	7	3	ZZ onsite	chi8	-0.7832977655077806	0.11617201412712774	0.14831143307528533	36.8168615637977	0.9999998730900879	-0.0010158938778073237
8.0	0	27	7	3	ZZ onsite	chi32	-0.7832977655077806	0.0439234334396833	0.056075014348099785	101.77712138279423	0.9999998730900879	-0.0010158938778073237
8.0	0	27	7	3	ZZ onsite	exact	-0.7832977655077806	0.0	0.0	134.45066579812433	0.9999998730900879	-0.0010158938778073237
8.0	0	27	7	3	ZZ onsite	UHF	-0.7832977655077806	0.014901232928485664	0.019023714332729893	132.3305439495287	0.9999998730900879	-0.0010158938778073237
8.0	0	27	7	3	ZZ up-up nb	chi8	-0.40176739698734554	0.12468467740873268	0.31034045655192843	6.930477119447192	0.9999998730900879	-0.0010158938778073237
8.0	0	27	7	3	ZZ up-up nb	chi32	-0.40176739698734554	0.04185146939267692	0.10416840616361689	16.71795940412505	0.9999998730900879	-0.0010158938778073237
8.0	0	27	7	3	ZZ up-up nb	exact	-0.40176739698734554	0.0	0.0	20.72498965989707	0.9999998730900879	-0.0010158938778073237
8.0	0	27	7	3	ZZ up-up nb	UHF	-0.40176739698734554	0.4421960548954068	1.1006270250179973	0.8156237083614685	0.9999998730900879	-0.0010158938778073237
8.0	0	27	7	3	SzSz nb	chi8	-0.0946091783548923	0.031621005664780016	0.33422767446690205	5.768047050816015	0.9999998730900879	-0.0010158938778073237
8.0	0	27	7	3	SzSz nb	chi32	-0.0946091783548923	0.009068499575246886	0.09585221786019187	13.972018079388794	0.9999998730900879	-0.0010158938778073237
8.0	0	27	7	3	SzSz nb	exact	-0.0946091783548923	0.0	0.0	16.322954951860588	0.9999998730900879	-0.0010158938778073237
8.0	0	27	7	3	SzSz nb	UHF	-0.0946091783548923	0.11066112793498478	1.1696658808290181	0.7210501214744812	0.9999998730900879	-0.0010158938778073237
8.0	0	28	7	4	n	chi8	1.0000003018372023	6.620883068819694e-5	6.620881070391475e-5	1.005849091683648	1.0000003018372023	0.0010170096921325589
8.0	0	28	7	4	n	chi32	1.0000003018372023	5.051468176087148e-6	5.051466651366587e-6	1.0049639755726947	1.0000003018372023	0.0010170096921325589
8.0	0	28	7	4	n	exact	1.0000003018372023	0.0	0.0	1.004259595379312	1.0000003018372023	0.0010170096921325589
8.0	0	28	7	4	n	UHF	1.0000003018372023	3.0183720123311275e-7	3.0183711012744384e-7	0.01234101058853626	1.0000003018372023	0.0010170096921325589
8.0	0	28	7	4	Sz	chi8	0.0010170096921325589	-0.0004225400991305359	0.41547303078746006	1.0019130275859767	1.0000003018372023	0.0010170096921325589
8.0	0	28	7	4	Sz	chi32	0.0010170096921325589	-0.0001876101622610843	0.1844723444746	1.001688015662848	1.0000003018372023	0.0010170096921325589
8.0	0	28	7	4	Sz	exact	0.0010170096921325589	0.0	0.0	1.0014601316894105	1.0000003018372023	0.0010170096921325589
8.0	0	28	7	4	Sz	UHF	0.0010170096921325589	0.4477269263148399	440.2386032093806	0.028534292605139455	1.0000003018372023	0.0010170096921325589
8.0	0	28	7	4	DoubleOcc	chi8	0.05416330161352384	0.04136655988646282	0.7637377828558026	16.13834216068078	1.0000003018372023	0.0010170096921325589
8.0	0	28	7	4	DoubleOcc	chi32	0.05416330161352384	0.009845146499285029	0.1817678429120508	54.75516867663564	1.0000003018372023	0.0010170096921325589
8.0	0	28	7	4	DoubleOcc	exact	0.05416330161352384	0.0	0.0	65.88763851019334	1.0000003018372023	0.0010170096921325589
8.0	0	28	7	4	DoubleOcc	UHF	0.05416330161352384	0.003713051222589414	0.06855289673963147	1.4247114777328853	1.0000003018372023	0.0010170096921325589
8.0	0	28	7	4	ZZ onsite	chi8	-0.7833473972203064	0.1653338218844792	0.2110606641078571	18.22440690635299	1.0000003018372023	0.0010170096921325589
8.0	0	28	7	4	ZZ onsite	chi32	-0.7833473972203064	0.03937048306078961	0.05025928879127579	98.01573002292898	1.0000003018372023	0.0010170096921325589
8.0	0	28	7	4	ZZ onsite	exact	-0.7833473972203064	0.0	0.0	144.32277573053204	1.0000003018372023	0.0010170096921325589
8.0	0	28	7	4	ZZ onsite	UHF	-0.7833473972203064	0.014851601215958077	0.018959150523329374	132.17261379859227	1.0000003018372023	0.0010170096921325589
8.0	0	28	7	4	ZZ up-up nb	chi8	0.2410054754838907	-0.06591052628204044	0.2734814474638193	4.172441063871517	1.0000003018372023	0.0010170096921325589
8.0	0	28	7	4	ZZ up-up nb	chi32	0.2410054754838907	-0.017979094359396347	0.07460035637488288	5.6262643798385445	1.0000003018372023	0.0010170096921325589
8.0	0	28	7	4	ZZ up-up nb	exact	0.2410054754838907	0.0	0.0	5.822244265257335	1.0000003018372023	0.0010170096921325589
8.0	0	28	7	4	ZZ up-up nb	UHF	0.2410054754838907	-0.5763625294333272	2.391491430956524	0.19811270903941142	1.0000003018372023	0.0010170096921325589
8.0	0	28	7	4	SzSz nb	chi8	0.06075344771561146	-0.01674623289915865	0.2756425113114275	4.745103653400236	1.0000003018372023	0.0010170096921325589
8.0	0	28	7	4	SzSz nb	chi32	0.06075344771561146	-0.004256509865756278	0.0700620298239059	5.902680202037086	1.0000003018372023	0.0010170096921325589
8.0	0	28	7	4	SzSz nb	exact	0.06075344771561146	0.0	0.0	5.863371586514893	1.0000003018372023	0.0010170096921325589
8.0	0	28	7	4	SzSz nb	UHF	0.06075344771561146	-0.1438519771750082	2.3677994020748123	0.23333781361724049	1.0000003018372023	0.0010170096921325589
8.0	0	29	8	1	n	chi8	0.9999993275324056	2.635122094307718e-6	2.6351238663431254e-6	1.0012424151098485	0.9999993275324056	0.0009726410221478749
8.0	0	29	8	1	n	chi32	0.9999993275324056	-9.164939120398508e-6	9.164945283527215e-6	1.0011335347329717	0.9999993275324056	0.0009726410221478749
8.0	0	29	8	1	n	exact	0.9999993275324056	0.0	0.0	1.0010416163005824	0.9999993275324056	0.0009726410221478749
8.0	0	29	8	1	n	UHF	0.9999993275324056	-6.724675961633508e-7	6.724680483763216e-7	0.012673439155733691	0.9999993275324056	0.0009726410221478749
8.0	0	29	8	1	Sz	chi8	0.0009726410221478749	-0.0003361220127267848	NaN	1.001453203533588	0.9999993275324056	0.0009726410221478749
8.0	0	29	8	1	Sz	chi32	0.0009726410221478749	-0.000153399199359422	NaN	1.001294365757011	0.9999993275324056	0.0009726410221478749
8.0	0	29	8	1	Sz	exact	0.0009726410221478749	0.0	NaN	1.00115052095515	0.9999993275324056	0.0009726410221478749
8.0	0	29	8	1	Sz	UHF	0.0009726410221478749	0.4595898351530029	NaN	0.02117875291897325	0.9999993275324056	0.0009726410221478749
8.0	0	29	8	1	DoubleOcc	chi8	0.04458730553721488	0.03284761399766273	0.7367032746629286	25.87888801084903	0.9999993275324056	0.0009726410221478749
8.0	0	29	8	1	DoubleOcc	chi32	0.04458730553721488	0.006022579332849554	0.13507385701571037	77.8476794878083	0.9999993275324056	0.0009726410221478749
8.0	0	29	8	1	DoubleOcc	exact	0.04458730553721488	0.0	0.0	85.27738523493528	0.9999993275324056	0.0009726410221478749
8.0	0	29	8	1	DoubleOcc	UHF	0.04458730553721488	0.004917036289672383	0.11027883901996208	2.1583332407969396	0.9999993275324056	0.0009726410221478749
8.0	0	29	8	1	ZZ onsite	chi8	-0.8216494329159488	0.13138518574646652	0.15990418843252174	31.239213170321023	0.9999993275324056	0.0009726410221478749
8.0	0	29	8	1	ZZ onsite	chi32	-0.8216494329159488	0.024108647209641454	0.029341768208957876	166.14586602438007	0.9999993275324056	0.0009726410221478749
8.0	0	29	8	1	ZZ onsite	exact	-0.8216494329159488	0.0	0.0	204.54690309779397	0.9999993275324056	0.0009726410221478749
8.0	0	29	8	1	ZZ onsite	UHF	-0.8216494329159488	0.019669490093884745	0.023939029598158135	176.02925919117354	0.9999993275324056	0.0009726410221478749
8.0	0	29	8	1	ZZ up-up nb	chi8	-0.48988233855002855	0.07496017740797384	0.15301669709065993	17.643796246329725	0.9999993275324056	0.0009726410221478749
8.0	0	29	8	1	ZZ up-up nb	chi32	-0.48988233855002855	0.027587632328344214	0.05631481308348263	25.975301885724168	0.9999993275324056	0.0009726410221478749
8.0	0	29	8	1	ZZ up-up nb	exact	-0.48988233855002855	0.0	0.0	27.686157835382463	0.9999993275324056	0.0009726410221478749
8.0	0	29	8	1	ZZ up-up nb	UHF	-0.48988233855002855	0.4017403774366132	0.8200752422014211	1.4984783070682832	0.9999993275324056	0.0009726410221478749
8.0	0	29	8	1	SzSz nb	chi8	-0.1156494502390253	0.01856635592809676	0.16053994108682446	15.531562793851826	0.9999993275324056	0.0009726410221478749
8.0	0	29	8	1	SzSz nb	chi32	-0.1156494502390253	0.00692565489666655	0.05988489251226483	23.74625045864273	0.9999993275324056	0.0009726410221478749
8.0	0	29	8	1	SzSz nb	exact	-0.1156494502390253	0.0	0.0	26.196172518503364	0.9999993275324056	0.0009726410221478749
8.0	0	29	8	1	SzSz nb	UHF	-0.1156494502390253	0.10096825463553415	0.8730543416060523	1.2728338359035742	0.9999993275324056	0.0009726410221478749
8.0	0	30	8	2	n	chi8	0.999999643867713	-1.3653713708761117e-5	1.3653718571291138e-5	1.0006724254486197	0.999999643867713	-0.0009547593260769184
8.0	0	30	8	2	n	chi32	0.999999643867713	2.047351389644625e-6	2.0473521187728174e-6	1.0006553701595475	0.999999643867713	-0.0009547593260769184
8.0	0	30	8	2	n	exact	0.999999643867713	0.0	0.0	1.0006209089223317	0.999999643867713	-0.0009547593260769184
8.0	0	30	8	2	n	UHF	0.999999643867713	-3.561322874379158e-7	3.5613241426816695e-7	0.012443161692795213	0.999999643867713	-0.0009547593260769184
8.0	0	30	8	2	Sz	chi8	-0.0009547593260769184	0.00027509093678410555	NaN	1.0017281214850848	0.999999643867713	-0.0009547593260769184
8.0	0	30	8	2	Sz	chi32	-0.0009547593260769184	0.00014468439822891768	NaN	1.001563858574729	0.999999643867713	-0.0009547593260769184
8.0	0	30	8	2	Sz	exact	-0.0009547593260769184	0.0	NaN	1.0013832897669224	0.999999643867713	-0.0009547593260769184
8.0	0	30	8	2	Sz	UHF	-0.0009547593260769184	-0.45957195345693147	NaN	0.025447891815651384	0.999999643867713	-0.0009547593260769184
8.0	0	30	8	2	DoubleOcc	chi8	0.04460020770244222	0.022638526291656608	0.5075879117580201	35.21038896965662	0.999999643867713	-0.0009547593260769184
8.0	0	30	8	2	DoubleOcc	chi32	0.04460020770244222	0.005465365709705627	0.12254126138086023	54.61787754227869	0.999999643867713	-0.0009547593260769184
8.0	0	30	8	2	DoubleOcc	exact	0.04460020770244222	0.0	0.0	55.72796771226348	0.999999643867713	-0.0009547593260769184
8.0	0	30	8	2	DoubleOcc	UHF	0.04460020770244222	0.004929938454900001	0.11053622188916505	1.4137308225666385	0.999999643867713	-0.0009547593260769184
8.0	0	30	8	2	ZZ onsite	chi8	-0.8215984569256547	0.09058141259404906	0.11025022239330429	49.50650777899881	0.999999643867713	-0.0009547593260769184
8.0	0	30	8	2	ZZ onsite	chi32	-0.8215984569256547	0.021857368136046107	0.02660346785196549	114.77855824027489	0.999999643867713	-0.0009547593260769184
8.0	0	30	8	2	ZZ onsite	exact	-0.8215984569256547	0.0	0.0	125.42722853248893	0.999999643867713	-0.0009547593260769184
8.0	0	30	8	2	ZZ onsite	UHF	-0.8215984569256547	0.01972046608417688	0.02400255978810992	116.57597456523311	0.999999643867713	-0.0009547593260769184
8.0	0	30	8	2	ZZ up-up nb	chi8	-0.4898190839780634	0.05357147633022585	0.10936992469779935	21.937578882443717	0.999999643867713	-0.0009547593260769184
8.0	0	30	8	2	ZZ up-up nb	chi32	-0.4898190839780634	0.031066495968290253	0.06342442951790252	25.898411173102208	0.999999643867713	-0.0009547593260769184
8.0	0	30	8	2	ZZ up-up nb	exact	-0.4898190839780634	0.0	0.0	28.097431464266613	0.999999643867713	-0.0009547593260769184
8.0	0	30	8	2	ZZ up-up nb	UHF	-0.4898190839780634	0.40180363200857827	0.8203102842488944	1.5024818699827978	0.999999643867713	-0.0009547593260769184
8.0	0	30	8	2	SzSz nb	chi8	-0.1156381449880326	0.017358077586749954	0.15010684915904127	13.643893079305004	0.999999643867713	-0.0009547593260769184
8.0	0	30	8	2	SzSz nb	chi32	-0.1156381449880326	0.007346651213339217	0.0635313824352641	18.677610628463057	0.999999643867713	-0.0009547593260769184
8.0	0	30	8	2	SzSz nb	exact	-0.1156381449880326	0.0	0.0	20.665234716091007	0.999999643867713	-0.0009547593260769184
8.0	0	30	8	2	SzSz nb	UHF	-0.1156381449880326	0.10097955988652674	0.8732374589455505	1.244050954776797	0.999999643867713	-0.0009547593260769184
8.0	0	31	8	3	n	chi8	1.000000113172145	5.266067100717642e-6	5.2660665047456e-6	1.0000172749297462	1.000000113172145	0.0009693416789319856
8.0	0	31	8	3	n	chi32	1.000000113172145	-2.5958009928217507e-6	2.5958006990494175e-6	1.0000596801901604	1.000000113172145	0.0009693416789319856
8.0	0	31	8	3	n	exact	1.000000113172145	0.0	0.0	1.0000916692201907	1.000000113172145	0.0009693416789319856
8.0	0	31	8	3	n	UHF	1.000000113172145	1.1317214365647033e-7	1.1317213084853753e-7	0.015109036467498825	1.000000113172145	0.0009693416789319856
8.0	0	31	8	3	Sz	chi8	0.0009693416789319856	-0.000266420981585155	NaN	0.9954081262373646	1.000000113172145	0.0009693416789319856
8.0	0	31	8	3	Sz	chi32	0.0009693416789319856	-0.00012663976874433686	NaN	0.9959523012374902	1.000000113172145	0.0009693416789319856
8.0	0	31	8	3	Sz	exact	0.0009693416789319856	0.0	NaN	0.9964390643797851	1.000000113172145	0.0009693416789319856
8.0	0	31	8	3	Sz	UHF	0.0009693416789319856	0.4595865358097868	NaN	0.02811826453767689	1.000000113172145	0.0009693416789319856
8.0	0	31	8	3	DoubleOcc	chi8	0.04464317834325171	0.023441127185774513	0.5250774710873131	31.99557811333873	1.000000113172145	0.0009693416789319856
8.0	0	31	8	3	DoubleOcc	chi32	0.04464317834325171	0.005155563488856207	0.11548379125733832	56.047590751245295	1.000000113172145	0.0009693416789319856
8.0	0	31	8	3	DoubleOcc	exact	0.04464317834325171	0.0	0.0	59.13179592138474	1.000000113172145	0.0009693416789319856
8.0	0	31	8	3	DoubleOcc	UHF	0.04464317834325171	0.004972909095709271	0.11139236228822358	1.6804938443130115	1.000000113172145	0.0009693416789319856
8.0	0	31	8	3	ZZ onsite	chi8	-0.8214275129712802	0.09375397660890206	0.11413542294167105	53.132295477507746	1.000000113172145	0.0009693416789319856
8.0	0	31	8	3	ZZ onsite	chi32	-0.8214275129712802	0.020627445557414248	0.025111705210360356	157.7278458447184	1.000000113172145	0.0009693416789319856
8.0	0	31	8	3	ZZ onsite	exact	-0.8214275129712802	0.0	0.0	176.25224778680476	1.000000113172145	0.0009693416789319856
8.0	0	31	8	3	ZZ onsite	UHF	-0.8214275129712802	0.019891410038552437	0.02421566081540284	158.8650832714768	1.000000113172145	0.0009693416789319856
8.0	0	31	8	3	ZZ up-up nb	chi8	-0.490532323803935	0.09778818187359567	0.19935114798404488	13.769403833763237	1.000000113172145	0.0009693416789319856
8.0	0	31	8	3	ZZ up-up nb	chi32	-0.490532323803935	0.0227970700680577	0.04647414443817499	28.115455899052723	1.000000113172145	0.0009693416789319856
8.0	0	31	8	3	ZZ up-up nb	exact	-0.490532323803935	0.0	0.0	30.03547899936703	1.000000113172145	0.0009693416789319856
8.0	0	31	8	3	ZZ up-up nb	UHF	-0.490532323803935	0.4010903921827002	0.8176635314720165	1.4592490242976668	1.000000113172145	0.0009693416789319856
8.0	0	31	8	3	SzSz nb	chi8	-0.11581277713542151	0.02337950023085375	0.20187323721212358	15.603151893303298	1.000000113172145	0.0009693416789319856
8.0	0	31	8	3	SzSz nb	chi32	-0.11581277713542151	0.005521344055740854	0.04767474014792572	28.13436818977069	1.000000113172145	0.0009693416789319856
8.0	0	31	8	3	SzSz nb	exact	-0.11581277713542151	0.0	0.0	28.128795424881645	1.000000113172145	0.0009693416789319856
8.0	0	31	8	3	SzSz nb	UHF	-0.11581277713542151	0.10080492773913699	0.8704128355480533	1.4402120117334283	1.000000113172145	0.0009693416789319856
8.0	0	32	8	4	n	chi8	0.9999994292713146	2.0452908714441165e-6	2.045292038750953e-6	1.0040159536821658	0.9999994292713146	-0.0009603359106897663
8.0	0	32	8	4	n	chi32	0.9999994292713146	-2.3840761054216841e-7	2.3840774660830823e-7	1.0034572844097063	0.9999994292713146	-0.0009603359106897663
8.0	0	32	8	4	n	exact	0.9999994292713146	0.0	0.0	1.0031017627592194	0.9999994292713146	-0.0009603359106897663
8.0	0	32	8	4	n	UHF	0.9999994292713146	-5.707286827583147e-7	5.707290084897315e-7	0.012511881513951635	0.9999994292713146	-0.0009603359106897663
8.0	0	32	8	4	Sz	chi8	-0.0009603359106897663	0.0003303368588110922	NaN	0.99860005376243	0.9999994292713146	-0.0009603359106897663
8.0	0	32	8	4	Sz	chi32	-0.0009603359106897663	0.00012525013999027668	NaN	0.9988625029398771	0.9999994292713146	-0.0009603359106897663
8.0	0	32	8	4	Sz	exact	-0.0009603359106897663	0.0	NaN	0.9990177988604341	0.9999994292713146	-0.0009603359106897663
8.0	0	32	8	4	Sz	UHF	-0.0009603359106897663	-0.45957753004154256	NaN	0.023764417880503742	0.9999994292713146	-0.0009603359106897663
8.0	0	32	8	4	DoubleOcc	chi8	0.04463598516619746	0.023437104480061866	0.525071965876775	38.89294153004844	0.9999994292713146	-0.0009603359106897663
8.0	0	32	8	4	DoubleOcc	chi32	0.04463598516619746	0.003831576309218848	0.08584052295367452	73.36805609981447	0.9999994292713146	-0.0009603359106897663
8.0	0	32	8	4	DoubleOcc	exact	0.04463598516619746	0.0	0.0	74.83358418097171	0.9999994292713146	-0.0009603359106897663
8.0	0	32	8	4	DoubleOcc	UHF	0.04463598516619746	0.004965715918655134	0.11124916141462557	1.4577414777243356	0.9999994292713146	-0.0009603359106897663
8.0	0	32	8	4	ZZ onsite	chi8	-0.821454917877837	0.09374432733850968	0.11411986866021893	52.93253676419399	0.9999994292713146	-0.0009603359106897663
8.0	0	32	8	4	ZZ onsite	chi32	-0.821454917877837	0.01532678205209892	0.018658092755344913	164.02752306498266	0.9999994292713146	-0.0009603359106897663
8.0	0	32	8	4	ZZ onsite	exact	-0.821454917877837	0.0	0.0	174.93101272318725	0.9999994292713146	-0.0009603359106897663
8.0	0	32	8	4	ZZ onsite	UHF	-0.821454917877837	0.019864005131988383	0.024181491521537726	157.6772706422695	0.9999994292713146	-0.0009603359106897663
