geometry	rho	U	site	observable	prior	true	Delta	relerr	G	G_max	F_supp	infid_supp	D_supp	nsupp
cylinder	ED	8.0	1	n	chi4	1.0000000000011666	-1.8825496717056467e-10	1.8825496717034505e-10	1.0000000011709027	0.9999999961997978	0.9837280831037644	0.01627191689623564	0.05855281522346811	2
cylinder	ED	8.0	1	n	chi8	1.0000000000011666	8.940557183478859e-10	8.940557183468428e-10	0.9999999991745199	0.9999999961997978	0.9835625128690757	0.0164374871309243	0.058775597263373947	2
cylinder	ED	8.0	1	n	chi32	1.0000000000011666	1.3742267324090562e-9	1.374226732407453e-9	1.0000000006083967	0.9999999961997978	0.9998491484502217	0.00015085154977834137	0.006858967899260104	2
cylinder	ED	8.0	1	n	chi128	1.0000000000011666	4.735386527343621e-10	4.735386527338097e-10	0.9999999973220265	0.9999999961997978	0.9999995898762263	4.101237737197394e-7	0.00036379650366581695	2
cylinder	ED	8.0	1	n	exact	1.0000000000011666	5.198124153338313e-10	5.198124153332248e-10	0.9999999961997978	0.9999999961997978	0.9999999999999227	7.72715225139109e-14	1.576038426570614e-7	2
cylinder	ED	8.0	1	n	UHF	1.0000000000011666	1.1661782650662644e-12	1.166178265064904e-12	0.012440266395125597	0.9999999961997978	0.5759242038627427	0.4240757961372573	0.4633140002880627	2
cylinder	ED	8.0	1	n	UHFsym	1.0000000000011666	1.1718404024918527e-12	1.1718404024904855e-12	1.000000000000034	0.9999999961997978	0.9997144890690026	0.0002855109309973791	0.009371365770212492	2
cylinder	ED	8.0	1	Sz	chi4	1.45561576680997e-10	7.710148769435321e-10	NaN	0.9999999984832691	1.000000004916643	0.9837280831037644	0.01627191689623564	0.05855281522346811	2
cylinder	ED	8.0	1	Sz	chi8	1.45561576680997e-10	-5.379691258439179e-10	NaN	1.0000000011177992	1.000000004916643	0.9835625128690757	0.0164374871309243	0.058775597263373947	2
cylinder	ED	8.0	1	Sz	chi32	1.45561576680997e-10	4.918183915680885e-13	NaN	0.9999999993058054	1.000000004916643	0.9998491484502217	0.00015085154977834137	0.006858967899260104	2
cylinder	ED	8.0	1	Sz	chi128	1.45561576680997e-10	-1.2974706586899032e-9	NaN	1.000000003471554	1.000000004916643	0.9999995898762263	4.101237737197394e-7	0.00036379650366581695	2
cylinder	ED	8.0	1	Sz	exact	1.45561576680997e-10	-1.8537273452357006e-9	NaN	1.000000004916643	1.000000004916643	0.9999999999999227	7.72715225139109e-14	1.576038426570614e-7	2
cylinder	ED	8.0	1	Sz	UHF	1.45561576680997e-10	0.4586283174029572	NaN	0.01643111482419659	1.000000004916643	0.5759242038627427	0.4240757961372573	0.4633140002880627	2
cylinder	ED	8.0	1	Sz	UHFsym	1.45561576680997e-10	1.4556164552783496e-10	NaN	1.0000000000000002	1.000000004916643	0.9997144890690026	0.0002855109309973791	0.009371365770212492	2
cylinder	ED	8.0	1	DoubleOcc	chi4	0.04434574949533898	0.029276407517606767	0.6601852004031165	28.28558972566036	75.18541684676839	0.9837280831037644	0.01627191689623564	0.05855281522346811	2
cylinder	ED	8.0	1	DoubleOcc	chi8	0.04434574949533898	0.029387799078714916	0.6626970885181174	28.157156842349238	75.18541684676839	0.9835625128690757	0.0164374871309243	0.058775597263373947	2
cylinder	ED	8.0	1	DoubleOcc	chi32	0.04434574949533898	0.003429484636743807	0.07733513754467647	72.51998748942991	75.18541684676839	0.9998491484502217	0.00015085154977834137	0.006858967899260104	2
cylinder	ED	8.0	1	DoubleOcc	chi128	0.04434574949533898	0.00018189848860236668	0.004101824654502352	75.11783821488773	75.18541684676839	0.9999995898762263	4.101237737197394e-7	0.00036379650366581695	2
cylinder	ED	8.0	1	DoubleOcc	exact	0.04434574949533898	7.906182780681448e-8	1.7828501875951916e-6	75.18541684676839	75.18541684676839	0.9999999999999227	7.72715225139109e-14	1.576038426570614e-7	2
cylinder	ED	8.0	1	DoubleOcc	UHF	0.04434574949533898	0.004685682885689074	0.1056625029233426	1.5530983206571845	75.18541684676839	0.5759242038627427	0.4240757961372573	0.4633140002880627	2
cylinder	ED	8.0	1	DoubleOcc	UHFsym	0.04434574949533898	0.0046856828856917665	0.10566250292340332	70.8845366455715	75.18541684676839	0.9997144890690026	0.0002855109309973791	0.009371365770212492	2
cylinder	ED	8.0	1	ZZ onsite	chi4	-0.822617002020978	0.11710563044693634	0.14235741561289778	38.30233543473471	203.39657018368064	0.9837280831037644	0.01627191689623564	0.05855281522346811	2
cylinder	ED	8.0	1	ZZ onsite	chi8	-0.822617002020978	0.117551194526748	0.14289905780934767	38.07173356258265	203.39657018368064	0.9835625128690757	0.0164374871309243	0.058775597263373947	2
cylinder	ED	8.0	1	ZZ onsite	chi32	-0.822617002020978	0.01371793579852032	0.016675969211453878	188.67420835945538	203.39657018368064	0.9998491484502217	0.00015085154977834137	0.006858967899260104	2
cylinder	ED	8.0	1	ZZ onsite	chi128	-0.822617002020978	0.0007275930073316061	0.0008844857394681607	203.13384019749404	203.39657018368064	0.9999995898762263	4.101237737197394e-7	0.00036379650366581695	2
cylinder	ED	8.0	1	ZZ onsite	exact	-0.822617002020978	3.1520768550841183e-7	3.831767210427454e-7	203.39657018368064	203.39657018368064	0.9999999999999227	7.72715225139109e-14	1.576038426570614e-7	2
cylinder	ED	8.0	1	ZZ onsite	UHF	-0.822617002020978	0.018742731540423274	0.0227842744489559	179.2104010045987	203.39657018368064	0.5759242038627427	0.4240757961372573	0.4633140002880627	2
cylinder	ED	8.0	1	ZZ onsite	UHFsym	-0.822617002020978	0.018742731540428492	0.022784274448962246	179.2104010045882	203.39657018368064	0.9997144890690026	0.0002855109309973791	0.009371365770212492	2
cylinder	ED	8.0	1	ZZ up-up nb	chi4	-0.49466751759057626	0.15209211673261447	0.30746331894486195	7.903511851428768	30.332448288069422	0.9913873736677381	0.008612626332261897	0.07604605836630729	2
cylinder	ED	8.0	1	ZZ up-up nb	chi8	-0.49466751759057626	0.06462948448051942	0.1306523719109683	19.895745573967613	30.332448288069422	0.9985534550503974	0.0014465449496026128	0.03231474224025981	2
cylinder	ED	8.0	1	ZZ up-up nb	chi32	-0.49466751759057626	0.01909714843112309	0.03860602880120646	28.88268057199941	30.332448288069422	0.9998777377165391	0.0001222622834609055	0.009548574215561642	2
cylinder	ED	8.0	1	ZZ up-up nb	chi128	-0.49466751759057626	0.0017873842403504092	0.0036133042433357868	30.30309353566739	30.332448288069422	0.9999989413233374	1.058676662557545e-6	0.0008936921201753018	2
cylinder	ED	8.0	1	ZZ up-up nb	exact	-0.49466751759057626	2.187977717338363e-7	4.4231279385304144e-7	30.332448288069422	30.332448288069422	0.9999999999999836	1.6431300764452317e-14	1.0939888597794045e-7	2
cylinder	ED	8.0	1	ZZ up-up nb	UHF	-0.49466751759057626	0.39699279517637553	0.8025447013582897	1.5071218070110393	30.332448288069422	0.5527317199202864	0.44726828007971364	0.5692696389910031	2
cylinder	ED	8.0	1	ZZ up-up nb	UHFsym	-0.49466751759057626	-0.16418757398616685	0.3319150098755034	7.2294770134951545	30.332448288069422	0.9917860642463937	0.008213935753606294	0.08250460717548652	2
cylinder	ED	8.0	1	SzSz nb	chi4	-0.11684564818716607	0.03730958945212094	0.31930662400329685	7.5433518834313835	27.880016711603417	0.8717842064315086	0.12821579356849144	0.16437270435162626	4
cylinder	ED	8.0	1	SzSz nb	chi8	-0.11684564818716607	0.015735194757974066	0.13466650236531758	18.924591263353502	27.880016711603417	0.9333046142266811	0.0666953857733189	0.09023155652217758	4
cylinder	ED	8.0	1	SzSz nb	chi32	-0.11684564818716607	0.004599233793646823	0.03936161821174258	26.80177730332753	27.880016711603417	0.9992743550166532	0.0007256449833468182	0.016186272432264406	4
cylinder	ED	8.0	1	SzSz nb	chi128	-0.11684564818716607	0.0004627981663848091	0.0039607651082005915	27.8808921285199	27.880016711603417	0.9999937167811236	6.2832188764128105e-6	0.001710116145767356	4
cylinder	ED	8.0	1	SzSz nb	exact	-0.11684564818716607	4.7916755716026493e-8	4.100859249740506e-7	27.880016711603417	27.880016711603417	0.9999999999996874	3.126388037344441e-13	3.377554426286446e-7	4
cylinder	ED	8.0	1	SzSz nb	UHF	-0.11684564818716607	0.09978185760387813	0.8539629772436645	1.3644475403711196	27.880016711603417	0.4486271143018005	0.5513728856981994	0.6445555026632819	4
cylinder	ED	8.0	1	SzSz nb	UHFsym	-0.11684564818716607	-0.04051323468675666	0.34672437797479305	6.555509245299232	27.880016711603417	0.9801028544240836	0.019897145575916375	0.1334241528112325	4
cylinder	ED	8.0	1	SxSx nb	chi4	-0.11684564832240864	0.04367137329598543	0.37375267220465364	6.1754237373025544	34.679336467743454	0.8717842064315086	0.12821579356849144	0.16437270435162626	4
cylinder	ED	8.0	1	SxSx nb	chi8	-0.11684564832240864	0.017095678987949267	0.14630993309034224	20.23045201063199	34.679336467743454	0.9333046142266811	0.0666953857733189	0.09023155652217758	4
cylinder	ED	8.0	1	SxSx nb	chi32	-0.11684564832240864	0.003647508025935345	0.031216464440942525	33.59644963629741	34.679336467743454	0.9992743550166532	0.0007256449833468182	0.016186272432264406	4
cylinder	ED	8.0	1	SxSx nb	chi128	-0.11684564832240864	0.000454104818521317	0.0038863648329317273	34.66359289517134	34.679336467743454	0.9999937167811236	6.2832188764128105e-6	0.001710116145767356	4
cylinder	ED	8.0	1	SxSx nb	exact	-0.11684564832240864	5.688982386564678e-8	4.868801250404501e-7	34.679336467743454	34.679336467743454	0.9999999999996874	3.126388037344441e-13	3.377554426286446e-7	4
cylinder	ED	8.0	1	SxSx nb	UHF	-0.11684564832240864	-0.11055807592171575	0.9461890751520007	1.1303666517686308	34.679336467743454	0.4486271143018005	0.5513728856981994	0.6445555026632819	4
cylinder	ED	8.0	1	SxSx nb	UHFsym	-0.11684564832240864	-0.04041052977639843	0.34584539823763816	6.972740545132744	34.679336467743454	0.9801028544240836	0.019897145575916375	0.1334241528112325	4
cylinder	DMRG	8.0	1	n	chi4	0.9999999994813542	-7.080673825043959e-10	7.080673828716321e-10	1.0000000011709027	0.9999999961997978	0.9837281532411712	0.016271846758828756	0.058552657619625456	2
cylinder	DMRG	8.0	1	n	chi8	0.9999999994813542	3.742433030140546e-10	3.7424330320815436e-10	0.9999999991745199	0.9999999961997978	0.9835625833564788	0.016437416643521163	0.05877543965953129	2
cylinder	DMRG	8.0	1	n	chi32	0.9999999994813542	8.54414317075225e-10	8.544143175183634e-10	1.0000000006083967	0.9999999961997978	0.9998491552583944	0.0001508447416056491	0.006858810295417447	2
cylinder	DMRG	8.0	1	n	chi128	0.9999999994813542	-4.627376259946914e-11	4.627376262346883e-11	0.9999999973220265	0.9999999961997978	0.9999995902311685	4.0976883153298616e-7	0.0003636388998231599	2
cylinder	DMRG	8.0	1	n	exact	0.9999999994813542	0.0	0.0	0.9999999961997978	0.9999999961997978	1.0000000000000004	-4.440892098500626e-16	0.0	2
cylinder	DMRG	8.0	1	n	UHF	0.9999999994813542	-5.18646237068765e-10	5.186462373377587e-10	0.012440266395125597	0.9999999961997978	0.575924177434761	0.424075822565239	0.463313923339869	2
cylinder	DMRG	8.0	1	n	UHFsym	0.9999999994813542	-5.186405749313394e-10	5.186405752003302e-10	1.000000000000034	0.9999999961997978	0.9997144984346781	0.0002855015653219217	0.009371208166369834	2
cylinder	DMRG	8.0	1	Sz	chi4	1.9992889219166976e-9	2.6247422221792327e-9	NaN	0.9999999984832691	1.000000004916643	0.9837281532411712	0.016271846758828756	0.058552657619625456	2
cylinder	DMRG	8.0	1	Sz	chi8	1.9992889219166976e-9	1.3157582193917827e-9	NaN	1.0000000011177992	1.000000004916643	0.9835625833564788	0.016437416643521163	0.05877543965953129	2
cylinder	DMRG	8.0	1	Sz	chi32	1.9992889219166976e-9	1.8542191636272687e-9	NaN	0.9999999993058054	1.000000004916643	0.9998491552583944	0.0001508447416056491	0.006858810295417447	2
cylinder	DMRG	8.0	1	Sz	chi128	1.9992889219166976e-9	5.562566865457974e-10	NaN	1.000000003471554	1.000000004916643	0.9999995902311685	4.0976883153298616e-7	0.0003636388998231599	2
cylinder	DMRG	8.0	1	Sz	exact	1.9992889219166976e-9	0.0	NaN	1.000000004916643	1.000000004916643	1.0000000000000004	-4.440892098500626e-16	0.0	2
cylinder	DMRG	8.0	1	Sz	UHF	1.9992889219166976e-9	0.4586283192566845	NaN	0.01643111482419659	1.000000004916643	0.575924177434761	0.424075822565239	0.463313923339869	2
cylinder	DMRG	8.0	1	Sz	UHFsym	1.9992889219166976e-9	1.9992889907635356e-9	NaN	1.0000000000000002	1.000000004916643	0.9997144984346781	0.0002855015653219217	0.009371208166369834	2
cylinder	DMRG	8.0	1	DoubleOcc	chi4	0.044345670433511175	0.02927632845577896	0.6601845945631571	28.28558972566036	75.18541684676839	0.9837281532411712	0.016271846758828756	0.058552657619625456	2
cylinder	DMRG	8.0	1	DoubleOcc	chi8	0.044345670433511175	0.02938772001688711	0.6626964871564862	28.157156842349238	75.18541684676839	0.9835625833564788	0.016437416643521163	0.05877543965953129	2
cylinder	DMRG	8.0	1	DoubleOcc	chi32	0.044345670433511175	0.003429405574916	0.0773334925685206	72.51998748942991	75.18541684676839	0.9998491552583944	0.0001508447416056491	0.006858810295417447	2
cylinder	DMRG	8.0	1	DoubleOcc	chi128	0.044345670433511175	0.00018181942677455987	0.004100049114088089	75.11783821488773	75.18541684676839	0.9999995902311685	4.0976883153298616e-7	0.0003636388998231599	2
cylinder	DMRG	8.0	1	DoubleOcc	exact	0.044345670433511175	0.0	0.0	75.18541684676839	75.18541684676839	1.0000000000000004	-4.440892098500626e-16	0.0	2
cylinder	DMRG	8.0	1	DoubleOcc	UHF	0.044345670433511175	0.004685603823861267	0.10566090845072547	1.5530983206571845	75.18541684676839	0.575924177434761	0.424075822565239	0.463313923339869	2
cylinder	DMRG	8.0	1	DoubleOcc	UHFsym	0.044345670433511175	0.00468560382386396	0.10566090845078618	70.8845366455715	75.18541684676839	0.9997144984346781	0.0002855015653219217	0.009371208166369834	2
cylinder	DMRG	8.0	1	ZZ onsite	chi4	-0.8226173172286635	0.11710531523925083	0.14235697788829674	38.30233543473471	203.39657018368064	0.9837281532411712	0.016271846758828756	0.058552657619625456	2
cylinder	DMRG	8.0	1	ZZ onsite	chi8	-0.8226173172286635	0.1175508793190625	0.142898619877202	38.07173356258265	203.39657018368064	0.9835625833564788	0.016437416643521163	0.05877543965953129	2
cylinder	DMRG	8.0	1	ZZ onsite	chi32	-0.8226173172286635	0.013717620590834811	0.016675579645038904	188.67420835945538	203.39657018368064	0.9998491552583944	0.0001508447416056491	0.006858810295417447	2
cylinder	DMRG	8.0	1	ZZ onsite	chi128	-0.8226173172286635	0.0007272777996460977	0.0008841022239797267	203.13384019749404	203.39657018368064	0.9999995902311685	4.0976883153298616e-7	0.0003636388998231599	2
cylinder	DMRG	8.0	1	ZZ onsite	exact	-0.8226173172286635	0.0	0.0	203.39657018368064	203.39657018368064	1.0000000000000004	-4.440892098500626e-16	0.0	2
cylinder	DMRG	8.0	1	ZZ onsite	UHF	-0.8226173172286635	0.018742416332737766	0.022783882541981455	179.2104010045987	203.39657018368064	0.575924177434761	0.424075822565239	0.463313923339869	2
cylinder	DMRG	8.0	1	ZZ onsite	UHFsym	-0.8226173172286635	0.018742416332742984	0.022783882541987797	179.2104010045882	203.39657018368064	0.9997144984346781	0.0002855015653219217	0.009371208166369834	2
cylinder	DMRG	8.0	1	ZZ up-up nb	chi4	-0.494667736388348	0.15209189793484273	0.3074627406373643	7.904828275892371	30.340450117404263	0.9913873969310343	0.008612603068965718	0.07604594896742131	2
cylinder	DMRG	8.0	1	ZZ up-up nb	chi8	-0.494667736388348	0.06462926568274768	0.13065187180918	19.90104978237988	30.340450117404263	0.9985534646186581	0.0014465353813418735	0.032314632841373835	2
cylinder	DMRG	8.0	1	ZZ up-up nb	chi32	-0.494667736388348	0.019096929633351356	0.038605569412675345	28.891023612500298	30.340450117404263	0.9998777405000917	0.00012225949990829488	0.009548464816675664	2
cylinder	DMRG	8.0	1	ZZ up-up nb	chi128	-0.494667736388348	0.0017871654425786754	0.0036128603325275865	30.311189151349428	30.340450117404263	0.9999989415823606	1.0584176394212719e-6	0.0008935827212893238	2
cylinder	DMRG	8.0	1	ZZ up-up nb	exact	-0.494667736388348	0.0	0.0	30.340450117404263	30.340450117404263	1.0000000000000004	-4.440892098500626e-16	0.0	2
cylinder	DMRG	8.0	1	ZZ up-up nb	UHF	-0.494667736388348	0.3969925763786038	0.8025439040700595	1.507236724762906	30.340450117404263	0.5527317519925563	0.4472682480074437	0.5692695829001779	2
cylinder	DMRG	8.0	1	ZZ up-up nb	UHFsym	-0.494667736388348	-0.16418779278393858	0.33191530537791114	7.229500880734414	30.340450117404263	0.991786041523327	0.008213958476672945	0.0825047165743725	2
cylinder	DMRG	8.0	1	SzSz nb	chi4	-0.11684569610392179	0.037309541535365226	0.3193060829744415	7.541692262309214	27.876427504356126	0.8717845398467801	0.12821546015321994	0.16437245374464812	4
cylinder	DMRG	8.0	1	SzSz nb	chi8	-0.11684569610392179	0.01573514684121835	0.13466603705474625	18.91968511451398	27.876427504356126	0.9333048549341503	0.06669514506584973	0.09023122448066913	4
cylinder	DMRG	8.0	1	SzSz nb	chi32	-0.11684569610392179	0.004599185876891107	0.03936119198434679	26.796667253723935	27.876427504356126	0.9992743816014747	0.0007256183985252518	0.01618599901169453	4
cylinder	DMRG	8.0	1	SzSz nb	chi128	-0.11684569610392179	0.00046275024962909306	0.003960353398190431	27.87711136773662	27.876427504356126	0.9999937190626338	6.280937366209827e-6	0.0017098533337194183	4
cylinder	DMRG	8.0	1	SzSz nb	exact	-0.11684569610392179	0.0	0.0	27.876427504356126	27.876427504356126	0.999999999999996	3.9968028886505635e-15	0.0	4
cylinder	DMRG	8.0	1	SzSz nb	UHF	-0.11684569610392179	0.09978180968712241	0.8539622169598539	1.364269843155005	27.876427504356126	0.44862712359592033	0.5513728764040797	0.6445555736039152	4
cylinder	DMRG	8.0	1	SzSz nb	UHFsym	-0.11684569610392179	-0.04051328260351238	0.3467246458738209	6.555921611494394	27.876427504356126	0.9801028593387481	0.019897140661251922	0.1334240827617173	4
cylinder	DMRG	8.0	1	SxSx nb	chi4	-0.1168457052122325	0.043671316406161564	0.37375200335210645	6.1754237373025544	34.679336467743454	0.8717845398467801	0.12821546015321994	0.16437245374464812	4
cylinder	DMRG	8.0	1	SxSx nb	chi8	-0.1168457052122325	0.0170956220981254	0.14630937497509042	20.23045201063199	34.679336467743454	0.9333048549341503	0.06669514506584973	0.09023122448066913	4
cylinder	DMRG	8.0	1	SxSx nb	chi32	-0.1168457052122325	0.003647451136111479	0.031215962362385826	33.59644963629741	34.679336467743454	0.9992743816014747	0.0007256183985252518	0.01618599901169453	4
cylinder	DMRG	8.0	1	SxSx nb	chi128	-0.1168457052122325	0.00045404792869745136	0.0038858760608508646	34.66359289517134	34.679336467743454	0.9999937190626338	6.280937366209827e-6	0.0017098533337194183	4
cylinder	DMRG	8.0	1	SxSx nb	exact	-0.1168457052122325	0.0	0.0	34.679336467743454	34.679336467743454	0.999999999999996	3.9968028886505635e-15	0.0	4
cylinder	DMRG	8.0	1	SxSx nb	UHF	-0.1168457052122325	-0.11055813281153962	0.9461891013514577	1.1303666517686308	34.679336467743454	0.44862712359592033	0.5513728764040797	0.6445555736039152	4
cylinder	DMRG	8.0	1	SxSx nb	UHFsym	-0.1168457052122325	-0.0404105866662223	0.34584571673235737	6.972740545132744	34.679336467743454	0.9801028593387481	0.019897140661251922	0.1334240827617173	4
cylinder	ED	8.0	2	n	chi4	0.9999999999995015	1.889230993867841e-10	1.8892309938687826e-10	1.0000000036006085	1.0000000074856124	0.9837280831079628	0.01627191689203722	0.0585528152140251	2
cylinder	ED	8.0	2	n	chi8	0.9999999999995015	-1.33294264514916e-9	1.3329426451498244e-9	1.0000000052878468	1.0000000074856124	0.9965850111919095	0.0034149888080905466	0.030361539761521127	2
cylinder	ED	8.0	2	n	chi32	0.9999999999995015	-1.1850853631756308e-10	1.1850853631762215e-10	1.0000000054228853	1.0000000074856124	0.9998342154767205	0.00016578452327953297	0.007184105112047673	2
cylinder	ED	8.0	2	n	chi128	0.9999999999995015	-6.470550761861205e-10	6.470550761864431e-10	1.0000000066484285	1.0000000074856124	0.9999978084553057	2.1915446942744055e-6	0.0008399380273541798	2
cylinder	ED	8.0	2	n	exact	0.9999999999995015	3.578715102037222e-11	3.5787151020390063e-11	1.0000000074856124	1.0000000074856124	0.9999999999999207	7.926992395823618e-14	1.54325996561816e-7	2
cylinder	ED	8.0	2	n	UHF	0.9999999999995015	-5.027089855502709e-13	5.027089855505215e-13	0.011411600136146768	1.0000000074856124	0.5759242033545793	0.4240757966454207	0.4633140007746874	2
cylinder	ED	8.0	2	n	UHFsym	0.9999999999995015	-4.969358258222201e-13	4.969358258224678e-13	1.0000000000000364	1.0000000074856124	0.9997144890695583	0.0002855109304417125	0.00937136576077165	2
cylinder	ED	8.0	2	Sz	chi4	-6.369048344279093e-10	-2.6076323097340426e-9	NaN	0.9999999946429545	0.9999999889056268	0.9837280831079628	0.01627191689203722	0.0585528152140251	2
cylinder	ED	8.0	2	Sz	chi8	-6.369048344279093e-10	-2.739741961077513e-9	NaN	0.9999999923259483	0.9999999889056268	0.9965850111919095	0.0034149888080905466	0.030361539761521127	2
cylinder	ED	8.0	2	Sz	chi32	-6.369048344279093e-10	-3.4068725340841155e-9	NaN	0.9999999919801194	0.9999999889056268	0.9998342154767205	0.00016578452327953297	0.007184105112047673	2
cylinder	ED	8.0	2	Sz	chi128	-6.369048344279093e-10	-3.7862784227349344e-9	NaN	0.9999999902278957	0.9999999889056268	0.9999978084553057	2.1915446942744055e-6	0.0008399380273541798	2
cylinder	ED	8.0	2	Sz	exact	-6.369048344279093e-10	-4.558375066299192e-9	NaN	0.9999999889056268	0.9999999889056268	0.9999999999999207	7.926992395823618e-14	1.54325996561816e-7	2
cylinder	ED	8.0	2	Sz	UHF	-6.369048344279093e-10	-0.4586283178943026	NaN	0.025600872466690877	0.9999999889056268	0.5759242033545793	0.4240757966454207	0.4633140007746874	2
cylinder	ED	8.0	2	Sz	UHFsym	-6.369048344279093e-10	-6.369048401741809e-10	NaN	0.9999999999999946	0.9999999889056268	0.9997144890695583	0.0002855109304417125	0.00937136576077165	2
cylinder	ED	8.0	2	DoubleOcc	chi4	0.04434574948978606	0.02927640770147552	0.6601852046320383	26.192409698760393	75.91267206833508	0.9837280831079628	0.01627191689203722	0.0585528152140251	2
cylinder	ED	8.0	2	DoubleOcc	chi8	0.04434574948978606	0.01518076921429079	0.34232749223885145	47.639807235257365	75.91267206833508	0.9965850111919095	0.0034149888080905466	0.030361539761521127	2
cylinder	ED	8.0	2	DoubleOcc	chi32	0.04434574948978606	0.0035920524967710254	0.08100105507515135	71.32016718547393	75.91267206833508	0.9998342154767205	0.00016578452327953297	0.007184105112047673	2
cylinder	ED	8.0	2	DoubleOcc	chi128	0.04434574948978606	0.0004199686901508737	0.009470325679073324	75.5278921964423	75.91267206833508	0.9999978084553057	2.1915446942744055e-6	0.0008399380273541798	2
cylinder	ED	8.0	2	DoubleOcc	exact	0.04434574948978606	7.718089334307621e-8	1.7404349736123616e-6	75.91267206833508	75.91267206833508	0.9999999999999207	7.926992395823618e-14	1.54325996561816e-7	2
cylinder	ED	8.0	2	DoubleOcc	UHF	0.04434574948978606	0.0046856828801363215	0.10566250281135854	1.3132286610552495	75.91267206833508	0.5759242033545793	0.4240757966454207	0.4633140007746874	2
cylinder	ED	8.0	2	DoubleOcc	UHFsym	0.04434574948978606	0.004685682880139291	0.10566250281142552	69.4307688627444	75.91267206833508	0.9997144890695583	0.0002855109304417125	0.00937136576077165	2
cylinder	ED	8.0	2	ZZ onsite	chi4	-0.8226170020398644	0.11710563042805011	0.1423574155866707	35.712574725181106	182.97763229312085	0.9837280831079628	0.01627191689203722	0.0585528152140251	2
cylinder	ED	8.0	2	ZZ onsite	chi8	-0.8226170020398644	0.060723079523042345	0.07381695171928829	83.02192221284128	182.97763229312085	0.9965850111919095	0.0034149888080905466	0.030361539761521127	2
cylinder	ED	8.0	2	ZZ onsite	chi32	-0.8226170020398644	0.01436821022409529	0.01746646396617876	165.8708910665759	182.97763229312085	0.9998342154767205	0.00016578452327953297	0.007184105112047673	2
cylinder	ED	8.0	2	ZZ onsite	chi128	-0.8226170020398644	0.001679876054708429	0.002042112004180314	181.8428169733244	182.97763229312085	0.9999978084553057	2.1915446942744055e-6	0.0008399380273541798	2
cylinder	ED	8.0	2	ZZ onsite	exact	-0.8226170020398644	3.0865199318608205e-7	3.75207408089925e-7	182.97763229312085	182.97763229312085	0.9999999999999207	7.926992395823618e-14	1.54325996561816e-7	2
cylinder	ED	8.0	2	ZZ onsite	UHF	-0.8226170020398644	0.01874273152154482	0.022784274425483534	158.16114646628188	182.97763229312085	0.5759242033545793	0.4240757966454207	0.4633140007746874	2
cylinder	ED	8.0	2	ZZ onsite	UHFsym	-0.8226170020398644	0.018742731521550926	0.02278427442549096	158.16114646627074	182.97763229312085	0.9997144890695583	0.0002855109304417125	0.00937136576077165	2
cylinder	ED	8.0	2	ZZ up-up nb	chi4	-0.4946675175928226	0.13006566287603155	0.26293552386250063	10.971810217611841	38.6474240457597	0.9938239799483252	0.006176020051674835	0.06503283143801575	2
cylinder	ED	8.0	2	ZZ up-up nb	chi8	-0.4946675175928226	0.061159051602463876	0.1236366840905166	25.065228616317416	38.6474240457597	0.9987079844679422	0.001292015532057822	0.030579525801232056	2
cylinder	ED	8.0	2	ZZ up-up nb	chi32	-0.4946675175928226	0.024746646284886264	0.05002682691863357	35.73459733304739	38.6474240457597	0.9997939048698105	0.00020609513018954306	0.01237332314244307	2
cylinder	ED	8.0	2	ZZ up-up nb	chi128	-0.4946675175928226	0.0020587568320396543	0.00416190018309285	38.66128656546472	38.6474240457597	0.9999985951981114	1.4048018885937097e-6	0.001029378416019841	2
cylinder	ED	8.0	2	ZZ up-up nb	exact	-0.4946675175928226	6.137738366440715e-7	1.2407805542414637e-6	38.6474240457597	38.6474240457597	0.9999999999998694	1.305622276959184e-13	3.0688691833591353e-7	2
cylinder	ED	8.0	2	ZZ up-up nb	UHF	-0.4946675175928226	0.39699279517412817	0.802544701350102	1.5522341794914916	38.6474240457597	0.5527317200324227	0.44726827996757734	0.5692696388902021	2
cylinder	ED	8.0	2	ZZ up-up nb	UHFsym	-0.4946675175928226	-0.16418757398841222	0.3319150098785352	7.430529059675889	38.6474240457597	0.9917860642461556	0.008213935753844437	0.0825046071766095	2
cylinder	ED	8.0	2	SzSz nb	chi4	-0.11684564818647872	0.04071713601925686	0.348469426557288	6.220732190415966	23.856992231592674	0.9351203333483672	0.0648796666516328	0.22152770633851146	4
cylinder	ED	8.0	2	SzSz nb	chi8	-0.11684564818647872	0.016560964640834536	0.14173368797102498	15.76063005371171	23.856992231592674	0.9829597341397144	0.01704026586028562	0.07386238784507522	4
cylinder	ED	8.0	2	SzSz nb	chi32	-0.11684564818647872	0.006220719451325019	0.05323877737746056	22.063312606263963	23.856992231592674	0.9987527978349544	0.0012472021650455911	0.021959135795215863	4
cylinder	ED	8.0	2	SzSz nb	chi128	-0.11684564818647872	0.000522302221949475	0.004470018610499824	23.81512102653932	23.856992231592674	0.9999844472680124	1.5552731987611423e-5	0.0021466755148334864	4
cylinder	ED	8.0	2	SzSz nb	exact	-0.11684564818647872	1.499884201561219e-7	1.2836457538987614e-6	23.856992231592674	23.856992231592674	0.9999999999995395	4.605205106145149e-13	5.616726682154694e-7	4
cylinder	ED	8.0	2	SzSz nb	UHF	-0.11684564818647872	0.0997818576045651	0.8539629772545673	1.3162705747704615	23.856992231592674	0.44862711441357217	0.5513728855864278	0.6445555025796658	4
cylinder	ED	8.0	2	SzSz nb	UHFsym	-0.11684564818647872	-0.040513234686069266	0.34672437797094974	6.499909274909675	23.856992231592674	0.9801028544158376	0.019897145584162446	0.13342415283668463	4
cylinder	ED	8.0	2	SxSx nb	chi4	-0.11684564833702221	0.04768372434051235	0.4080915722507391	5.06266987060634	29.386084970140253	0.9351203333483672	0.0648796666516328	0.22152770633851146	4
cylinder	ED	8.0	2	SxSx nb	chi8	-0.11684564833702221	0.017565637373497228	0.15033197747195526	17.857017475105955	29.386084970140253	0.9829597341397144	0.01704026586028562	0.07386238784507522	4
cylinder	ED	8.0	2	SxSx nb	chi32	-0.11684564833702221	0.005284229083825115	0.04522401269565143	27.763752783120054	29.386084970140253	0.9987527978349544	0.0012472021650455911	0.021959135795215863	4
cylinder	ED	8.0	2	SxSx nb	chi128	-0.11684564833702221	0.000527949579154835	0.004518350376490278	29.366936648116962	29.386084970140253	0.9999844472680124	1.5552731987611423e-5	0.0021466755148334864	4
cylinder	ED	8.0	2	SxSx nb	exact	-0.11684564833702221	1.5822228636996893e-7	1.3541136415590126e-6	29.386084970140253	29.386084970140253	0.9999999999995395	4.605205106145149e-13	5.616726682154694e-7	4
cylinder	ED	8.0	2	SxSx nb	UHF	-0.11684564833702221	-0.11055807593632917	0.9461890751587294	1.120221924954871	29.386084970140253	0.44862711441357217	0.5513728855864278	0.6445555025796658	4
cylinder	ED	8.0	2	SxSx nb	UHFsym	-0.11684564833702221	-0.040410529791011965	0.34584539831945116	6.730651774511311	29.386084970140253	0.9801028544158376	0.019897145584162446	0.13342415283668463	4
cylinder	DMRG	8.0	2	n	chi4	0.9999999999637144	1.5313594836641187e-10	1.531359483719685e-10	1.0000000036006085	1.0000000074856124	0.9837281517866567	0.016271848213343265	0.05855266088802854	2
cylinder	DMRG	8.0	2	n	chi8	0.9999999999637144	-1.3687297961695322e-9	1.3687297962191973e-9	1.0000000052878468	1.0000000074856124	0.9965850428596037	0.003414957140396302	0.030361385435524565	2
cylinder	DMRG	8.0	2	n	chi32	0.9999999999637144	-1.542956873379353e-10	1.5429568734353403e-10	1.0000000054228853	1.0000000074856124	0.9998342224654356	0.00016577753456437083	0.007183950786051111	2
cylinder	DMRG	8.0	2	n	chi128	0.9999999999637144	-6.828422272064927e-10	6.8284222723127e-10	1.0000000066484285	1.0000000074856124	0.999997809258839	2.1907411610344596e-6	0.000839783701357618	2
cylinder	DMRG	8.0	2	n	exact	0.9999999999637144	0.0	0.0	1.0000000074856124	1.0000000074856124	1.0000000000000004	-4.440892098500626e-16	0.0	2
cylinder	DMRG	8.0	2	n	UHF	0.9999999999637144	-3.628986000592249e-11	3.628986000723929e-11	0.011411600136146768	1.0000000074856124	0.5759241840488494	0.4240758159511506	0.46331391905331554	2
cylinder	DMRG	8.0	2	n	UHFsym	0.9999999999637144	-3.628408684619444e-11	3.6284086847511035e-11	1.0000000000000364	1.0000000074856124	0.9997144982404531	0.00028550175954689117	0.009371211434775088	2
cylinder	DMRG	8.0	2	Sz	chi4	3.921470231871282e-9	1.950742756565149e-9	NaN	0.9999999946429545	0.9999999889056268	0.9837281517866567	0.016271848213343265	0.05855266088802854	2
cylinder	DMRG	8.0	2	Sz	chi8	3.921470231871282e-9	1.8186331052216786e-9	NaN	0.9999999923259483	0.9999999889056268	0.9965850428596037	0.003414957140396302	0.030361385435524565	2
cylinder	DMRG	8.0	2	Sz	chi32	3.921470231871282e-9	1.1515025322150763e-9	NaN	0.9999999919801194	0.9999999889056268	0.9998342224654356	0.00016577753456437083	0.007183950786051111	2
cylinder	DMRG	8.0	2	Sz	chi128	3.921470231871282e-9	7.720966435642573e-10	NaN	0.9999999902278957	0.9999999889056268	0.999997809258839	2.1907411610344596e-6	0.000839783701357618	2
cylinder	DMRG	8.0	2	Sz	exact	3.921470231871282e-9	0.0	NaN	0.9999999889056268	0.9999999889056268	1.0000000000000004	-4.440892098500626e-16	0.0	2
cylinder	DMRG	8.0	2	Sz	UHF	3.921470231871282e-9	-0.4586283133359276	NaN	0.025600872466690877	0.9999999889056268	0.5759241840488494	0.4240758159511506	0.46331391905331554	2
cylinder	DMRG	8.0	2	Sz	UHFsym	3.921470231871282e-9	3.921470226125011e-9	NaN	0.9999999999999946	0.9999999889056268	0.9997144982404531	0.00028550175954689117	0.009371211434775088	2
cylinder	DMRG	8.0	2	DoubleOcc	chi4	0.04434567230889272	0.029276330520582178	0.6601846132054546	26.192409698760393	75.91267206833508	0.9837281517866567	0.016271848213343265	0.05855266088802854	2
cylinder	DMRG	8.0	2	DoubleOcc	chi8	0.04434567230889272	0.015180692033397447	0.34232634760062564	47.639807235257365	75.91267206833508	0.9965850428596037	0.003414957140396302	0.030361385435524565	2
cylinder	DMRG	8.0	2	DoubleOcc	chi32	0.04434567230889272	0.0035919753158776824	0.08099945561446313	71.32016718547393	75.91267206833508	0.9998342224654356	0.00016577753456437083	0.007183950786051111	2
cylinder	DMRG	8.0	2	DoubleOcc	chi128	0.04434567230889272	0.0004198915092575306	0.009468601723585301	75.5278921964423	75.91267206833508	0.999997809258839	2.1907411610344596e-6	0.000839783701357618	2
cylinder	DMRG	8.0	2	DoubleOcc	exact	0.04434567230889272	0.0	0.0	75.91267206833508	75.91267206833508	1.0000000000000004	-4.440892098500626e-16	0.0	2
cylinder	DMRG	8.0	2	DoubleOcc	UHF	0.04434567230889272	0.004685605699242978	0.10566094627239117	1.3132286610552495	75.91267206833508	0.5759241840488494	0.4240758159511506	0.46331391905331554	2
cylinder	DMRG	8.0	2	DoubleOcc	UHFsym	0.04434567230889272	0.004685605699245948	0.10566094627245814	69.4307688627444	75.91267206833508	0.9997144982404531	0.00028550175954689117	0.009371211434775088	2
cylinder	DMRG	8.0	2	ZZ onsite	chi4	-0.8226173106918576	0.11710532177605693	0.1423569869658665	35.712574725181106	182.97763229312085	0.9837281517866567	0.016271848213343265	0.05855266088802854	2
cylinder	DMRG	8.0	2	ZZ onsite	chi8	-0.8226173106918576	0.06072277087104916	0.07381654881536424	83.02192221284128	182.97763229312085	0.9965850428596037	0.003414957140396302	0.030361385435524565	2
cylinder	DMRG	8.0	2	ZZ onsite	chi32	-0.8226173106918576	0.014367901572102104	0.017466082205367234	165.8708910665759	182.97763229312085	0.9998342224654356	0.00016577753456437083	0.007183950786051111	2
cylinder	DMRG	8.0	2	ZZ onsite	chi128	-0.8226173106918576	0.001679567402715243	0.00204173603069774	181.8428169733244	182.97763229312085	0.999997809258839	2.1907411610344596e-6	0.000839783701357618	2
cylinder	DMRG	8.0	2	ZZ onsite	exact	-0.8226173106918576	0.0	0.0	182.97763229312085	182.97763229312085	1.0000000000000004	-4.440892098500626e-16	0.0	2
cylinder	DMRG	8.0	2	ZZ onsite	UHF	-0.8226173106918576	0.018742422869551634	0.02278389066939088	158.16114646628188	182.97763229312085	0.5759241840488494	0.4240758159511506	0.46331391905331554	2
cylinder	DMRG	8.0	2	ZZ onsite	UHFsym	-0.8226173106918576	0.01874242286955774	0.022783890669398302	158.16114646627074	182.97763229312085	0.9997144982404531	0.00028550175954689117	0.009371211434775088	2
cylinder	DMRG	8.0	2	ZZ up-up nb	chi4	-0.49466813136665927	0.1300650491021949	0.26293395683860565	10.971810217611841	38.6474240457597	0.9938240352776941	0.00617596472230586	0.06503252455109743	2
cylinder	DMRG	8.0	2	ZZ up-up nb	chi8	-0.49466813136665927	0.06115843782862723	0.12363528990569883	25.065228616317416	38.6474240457597	0.998708009836668	0.0012919901633320352	0.03057921891431372	2
cylinder	DMRG	8.0	2	ZZ up-up nb	chi32	-0.49466813136665927	0.02474603251104962	0.05002552406738185	35.73459733304739	38.6474240457597	0.9997939150073272	0.0002060849926728281	0.012373016255524734	2
cylinder	DMRG	8.0	2	ZZ up-up nb	chi128	-0.49466813136665927	0.0020581430582030102	0.004160654240079735	38.66128656546472	38.6474240457597	0.9999985960350491	1.4039649508523766e-6	0.0010290715291015051	2
cylinder	DMRG	8.0	2	ZZ up-up nb	exact	-0.49466813136665927	0.0	0.0	38.6474240457597	38.6474240457597	1.0000000000000004	-4.440892098500626e-16	0.0	2
cylinder	DMRG	8.0	2	ZZ up-up nb	UHF	-0.49466813136665927	0.3969921814002915	0.8025424647904635	1.5522341794914916	38.6474240457597	0.5527318073913493	0.4472681926086507	0.569269483883653	2
cylinder	DMRG	8.0	2	ZZ up-up nb	UHFsym	-0.49466813136665927	-0.16418818776224886	0.331915838824371	7.430529059675889	38.6474240457597	0.9917860005030822	0.008213999496917812	0.08250491406352783	2
cylinder	DMRG	8.0	2	SzSz nb	chi4	-0.11684579817489887	0.040716986030836705	0.34846769560245633	6.220732190415966	23.856992231592674	0.9351205266099435	0.06487947339005651	0.22152735138477547	4
cylinder	DMRG	8.0	2	SzSz nb	chi8	-0.11684579817489887	0.01656081465241438	0.14173222239130562	15.76063005371171	23.856992231592674	0.9829598483880612	0.017040151611938836	0.07386191053676505	4
cylinder	DMRG	8.0	2	SzSz nb	chi32	-0.11684579817489887	0.0062205694629048625	0.0532374253937116	22.063312606263963	23.856992231592674	0.9987528323822925	0.0012471676177074897	0.02195860632715689	4
cylinder	DMRG	8.0	2	SzSz nb	chi128	-0.11684579817489887	0.0005221522335293188	0.004468729228480626	23.81512102653932	23.856992231592674	0.9999844507751193	1.554922488067323e-5	0.00214614616372714	4
cylinder	DMRG	8.0	2	SzSz nb	exact	-0.11684579817489887	0.0	0.0	23.856992231592674	23.856992231592674	1.0000000000000044	-4.440892098500626e-15	0.0	4
cylinder	DMRG	8.0	2	SzSz nb	UHF	-0.11684579817489887	0.09978170761614494	0.8539605974259185	1.3162705747704615	23.856992231592674	0.44862721737935385	0.5513727826206462	0.6445555173033539	4
cylinder	DMRG	8.0	2	SzSz nb	UHFsym	-0.11684579817489887	-0.04051338467448942	0.3467252165443517	6.499909274909675	23.856992231592674	0.9801027553555299	0.01989724464447007	0.133424469216972	4
cylinder	DMRG	8.0	2	SxSx nb	chi4	-0.11684580655930858	0.04768356611822598	0.40808966553731446	5.06266987060634	29.386084970140253	0.9351205266099435	0.06487947339005651	0.22152735138477547	4
cylinder	DMRG	8.0	2	SxSx nb	chi8	-0.11684580655930858	0.017565479151210858	0.1503304197938415	17.857017475105955	29.386084970140253	0.9829598483880612	0.017040151611938836	0.07386191053676505	4
cylinder	DMRG	8.0	2	SxSx nb	chi32	-0.11684580655930858	0.005284070861538745	0.045222597345473896	27.763752783120054	29.386084970140253	0.9987528323822925	0.0012471676177074897	0.02195860632715689	4
cylinder	DMRG	8.0	2	SxSx nb	chi128	-0.11684580655930858	0.000527791356868465	0.004516990146330744	29.366936648116962	29.386084970140253	0.9999844507751193	1.554922488067323e-5	0.00214614616372714	4
cylinder	DMRG	8.0	2	SxSx nb	exact	-0.11684580655930858	0.0	0.0	29.386084970140253	29.386084970140253	1.0000000000000044	-4.440892098500626e-15	0.0	4
cylinder	DMRG	8.0	2	SxSx nb	UHF	-0.11684580655930858	-0.11055823415861554	0.9461891480247381	1.120221924954871	29.386084970140253	0.44862721737935385	0.5513727826206462	0.6445555173033539	4
cylinder	DMRG	8.0	2	SxSx nb	UHFsym	-0.11684580655930858	-0.040410688013298335	0.3458462841179215	6.730651774511311	29.386084970140253	0.9801027553555299	0.01989724464447007	0.133424469216972	4
cylinder	ED	8.0	3	n	chi4	1.0000000000009324	3.5419700505912033e-10	3.541970050587901e-10	0.9999999992827702	1.0000000019291375	0.9761253141121875	0.023874685887812497	0.06716139667388024	2
cylinder	ED	8.0	3	n	chi8	1.0000000000009324	7.87271026148062e-10	7.87271026147328e-10	1.0000000014161359	1.0000000019291375	0.9948289807188214	0.005171019281178579	0.03652799464571157	2
cylinder	ED	8.0	3	n	chi32	1.0000000000009324	-1.074916600174447e-9	1.0749166001734449e-9	0.9999999991555636	1.0000000019291375	0.9995931738931408	0.00040682610685915943	0.011131544249512546	2
cylinder	ED	8.0	3	n	chi128	1.0000000000009324	8.816491980923047e-11	8.816491980914827e-11	1.000000001229041	1.0000000019291375	0.9999947203646804	5.279635319599407e-6	0.0013021421600799311	2
cylinder	ED	8.0	3	n	exact	1.0000000000009324	-7.885692099307562e-12	7.88569209930021e-12	1.0000000019291375	1.0000000019291375	0.9999999999999762	2.375877272697835e-14	8.257954773813192e-8	2
cylinder	ED	8.0	3	n	UHF	1.0000000000009324	9.316991622654314e-13	9.316991622645626e-13	0.011729410372031067	1.0000000019291375	0.5759242040700062	0.4240757959299938	0.4633140000857817	2
cylinder	ED	8.0	3	n	UHFsym	1.0000000000009324	9.373612996910197e-13	9.373612996901456e-13	1.000000000000027	1.0000000019291375	0.9997144890691197	0.0002855109308802506	0.009371365768222274	2
cylinder	ED	8.0	3	Sz	chi4	-5.572323852343075e-11	7.468749854688816e-10	NaN	0.9999999988039119	1.000000001653781	0.9761253141121875	0.023874685887812497	0.06716139667388024	2
cylinder	ED	8.0	3	Sz	chi8	-5.572323852343075e-11	-1.6016462635326523e-10	NaN	0.9999999998974254	1.000000001653781	0.9948289807188214	0.005171019281178579	0.03652799464571157	2
cylinder	ED	8.0	3	Sz	chi32	-5.572323852343075e-11	-5.988790852118342e-10	NaN	1.000000001069055	1.000000001653781	0.9995931738931408	0.00040682610685915943	0.011131544249512546	2
cylinder	ED	8.0	3	Sz	chi128	-5.572323852343075e-11	-7.401182583466337e-10	NaN	1.0000000008994117	1.000000001653781	0.9999947203646804	5.279635319599407e-6	0.0013021421600799311	2
cylinder	ED	8.0	3	Sz	exact	-5.572323852343075e-11	-1.2753636965956439e-9	NaN	1.000000001653781	1.000000001653781	0.9999999999999762	2.375877272697835e-14	8.257954773813192e-8	2
cylinder	ED	8.0	3	Sz	UHF	-5.572323852343075e-11	0.45862831720167124	NaN	0.01707889872153082	1.000000001653781	0.5759242040700062	0.4240757959299938	0.4633140000857817	2
cylinder	ED	8.0	3	Sz	UHFsym	-5.572323852343075e-11	-5.5723183662800824e-11	NaN	1.0	1.000000001653781	0.9997144890691197	0.0002855109308802506	0.009371365768222274	2
cylinder	ED	8.0	3	DoubleOcc	chi4	0.044345749494228176	0.03358069851403886	0.7572472874409205	28.225833777247395	76.60027282603127	0.9761253141121875	0.023874685887812497	0.06716139667388024	2
cylinder	ED	8.0	3	DoubleOcc	chi8	0.044345749494228176	0.01826399771649173	0.4118545277686395	53.09897453842389	76.60027282603127	0.9948289807188214	0.005171019281178579	0.03652799464571157	2
cylinder	ED	8.0	3	DoubleOcc	chi32	0.044345749494228176	0.005565771587298568	0.1255085696098784	75.75191108304007	76.60027282603127	0.9995931738931408	0.00040682610685915943	0.011131544249512546	2
cylinder	ED	8.0	3	DoubleOcc	chi128	0.044345749494228176	0.0006510711241231315	0.014681703016607527	76.93023637569955	76.60027282603127	0.9999947203646804	5.279635319599407e-6	0.0013021421600799311	2
cylinder	ED	8.0	3	DoubleOcc	exact	0.044345749494228176	4.128583100393435e-8	9.309986069647534e-7	76.60027282603127	76.60027282603127	0.9999999999999762	2.375877272697835e-14	8.257954773813192e-8	2
cylinder	ED	8.0	3	DoubleOcc	UHF	0.044345749494228176	0.00468568288457713	0.1056625029009149	1.473274133288364	76.60027282603127	0.5759242040700062	0.4240757959299938	0.4633140000857817	2
cylinder	ED	8.0	3	DoubleOcc	UHFsym	0.044345749494228176	0.004685682884576631	0.10566250290090363	76.43120830193875	76.60027282603127	0.9997144890691197	0.0002855109308802506	0.009371365768222274	2
cylinder	ED	8.0	3	ZZ onsite	chi4	-0.8226170020249534	0.13432279334776054	0.16328715917263034	33.61251323429283	181.80945368187076	0.9761253141121875	0.023874685887812497	0.06716139667388024	2
cylinder	ED	8.0	3	ZZ onsite	chi8	-0.8226170020249534	0.0730559892914232	0.08880923821363848	82.02979342067994	181.80945368187076	0.9948289807188214	0.005171019281178579	0.03652799464571157	2
cylinder	ED	8.0	3	ZZ onsite	chi32	-0.8226170020249534	0.02226308849902503	0.027063734938886783	169.5729999304922	181.80945368187076	0.9995931738931408	0.00040682610685915943	0.011131544249512546	2
cylinder	ED	8.0	3	ZZ onsite	chi128	-0.8226170020249534	0.002604284320160022	0.0031658527768686005	182.73664827498104	181.80945368187076	0.9999947203646804	5.279635319599407e-6	0.0013021421600799311	2
cylinder	ED	8.0	3	ZZ onsite	exact	-0.8226170020249534	1.65159095399936e-7	2.0077277152475638e-7	181.80945368187076	181.80945368187076	0.9999999999999762	2.375877272697835e-14	8.257954773813192e-8	2
cylinder	ED	8.0	3	ZZ onsite	UHF	-0.8226170020249534	0.01874273153644379	0.022784274444008205	174.25852046353157	181.80945368187076	0.5759242040700062	0.4240757959299938	0.4633140000857817	2
cylinder	ED	8.0	3	ZZ onsite	UHFsym	-0.8226170020249534	0.01874273153643602	0.022784274443998758	174.25852046354098	181.80945368187076	0.9997144890691197	0.0002855109308802506	0.009371365768222274	2
cylinder	ED	8.0	3	ZZ up-up nb	chi4	-0.494667517530583	0.01277259154669308	0.025820558443891372	32.42200321935563	32.98604856932529	0.9999455427112459	5.4457288754083955e-5	0.006386295773346484	2
cylinder	ED	8.0	3	ZZ up-up nb	chi8	-0.494667517530583	0.060611581350285215	0.12252994021694154	22.59587025063036	32.98604856932529	0.9987315280024144	0.0012684719975856185	0.0303057906751426	2
cylinder	ED	8.0	3	ZZ up-up nb	chi32	-0.494667517530583	0.028473193181156153	0.057560264565776315	30.070757368236546	32.98604856932529	0.9997264567814947	0.00027354321850525665	0.014236596590577966	2
cylinder	ED	8.0	3	ZZ up-up nb	chi128	-0.494667517530583	0.0030510583407818426	0.006167897087750884	32.97626731837078	32.98604856932529	0.9999969126228785	3.0873771215134127e-6	0.0015255291703909352	2
cylinder	ED	8.0	3	ZZ up-up nb	exact	-0.494667517530583	5.745686666447369e-7	1.1615249562231747e-6	32.98604856932529	32.98604856932529	0.9999999999998879	1.1213252548714081e-13	2.8728433323910174e-7	2
cylinder	ED	8.0	3	ZZ up-up nb	UHF	-0.494667517530583	0.3969927952363522	0.8025447015768687	1.5423438152487001	32.98604856932529	0.5527317207025679	0.44726827929743207	0.5692696382972773	2
cylinder	ED	8.0	3	ZZ up-up nb	UHFsym	-0.494667517530583	-0.16418757392617472	0.3319150097944803	7.239000988935975	32.98604856932529	0.9917860642526234	0.00821393574737661	0.08250460714549053	2
cylinder	ED	8.0	3	SzSz nb	chi4	-0.11684564817230167	0.004631853518606649	0.039640787577954764	31.320962573717555	31.895301009792867	0.8801091083234085	0.1198908916765915	0.13158703396291035	4
cylinder	ED	8.0	3	SzSz nb	chi8	-0.11684564817230167	0.01741288570850233	0.14902468325414334	20.112488686894398	31.895301009792867	0.9451128542734892	0.054887145726510767	0.09777215682538103	4
cylinder	ED	8.0	3	SzSz nb	chi32	-0.11684564817230167	0.007340105749914755	0.06281882008212207	29.43607329319317	31.895301009792867	0.9987842806724511	0.0012157193275489364	0.025383631123755163	4
cylinder	ED	8.0	3	SzSz nb	chi128	-0.11684564817230167	0.0007612590862814267	0.006515082916557295	31.963965007385273	31.895301009792867	0.9999651771347042	3.482286529576939e-5	0.003080227511805411	4
cylinder	ED	8.0	3	SzSz nb	exact	-0.11684564817230167	1.3309540408679155e-7	1.1390702706405278e-6	31.895301009792867	31.895301009792867	0.9999999999996523	3.4772185131259903e-13	5.05501875012183e-7	4
cylinder	ED	8.0	3	SzSz nb	UHF	-0.11684564817230167	0.0997818576187399	0.853962977479492	1.407018748453354	31.895301009792867	0.4486271150535067	0.5513728849464933	0.6445555019985076	4
cylinder	ED	8.0	3	SzSz nb	UHFsym	-0.11684564817230167	-0.04051323467189287	0.34672437789169247	6.5882577465357794	31.895301009792867	0.9801028544345326	0.0198971455654674	0.13342415277773845	4
cylinder	ED	8.0	3	SxSx nb	chi4	-0.11684564831382147	0.012065309991798112	0.10325853094154921	20.832828254162095	28.61872431767234	0.8801091083234085	0.1198908916765915	0.13158703396291035	4
cylinder	ED	8.0	3	SxSx nb	chi8	-0.11684564831382147	0.015292790054349137	0.13088027046823428	18.645765250130633	28.61872431767234	0.9451128542734892	0.054887145726510767	0.09777215682538103	4
cylinder	ED	8.0	3	SxSx nb	chi32	-0.11684564831382147	0.005965118286416979	0.05105126611472937	26.14318632666586	28.61872431767234	0.9987842806724511	0.0012157193275489364	0.025383631123755163	4
cylinder	ED	8.0	3	SxSx nb	chi128	-0.11684564831382147	0.0007507397131104876	0.0064250549673374865	28.52649495386293	28.61872431767234	0.9999651771347042	3.482286529576939e-5	0.003080227511805411	4
cylinder	ED	8.0	3	SxSx nb	exact	-0.11684564831382147	1.410870373586004e-7	1.207465056633277e-6	28.61872431767234	28.61872431767234	0.9999999999996523	3.4772185131259903e-13	5.05501875012183e-7	4
cylinder	ED	8.0	3	SxSx nb	UHF	-0.11684564831382147	-0.11055807591312833	0.946189075148044	1.1268801167416527	28.61872431767234	0.4486271150535067	0.5513728849464933	0.6445555019985076	4
cylinder	ED	8.0	3	SxSx nb	UHFsym	-0.11684564831382147	-0.040410529767811856	0.3458453981895684	6.8406231995166795	28.61872431767234	0.9801028544345326	0.0198971455654674	0.13342415277773845	4
cylinder	DMRG	8.0	3	n	chi4	1.000000000008818	3.620826971584279e-10	3.62082697155235e-10	0.9999999992827702	1.0000000019291375	0.9761253584547018	0.02387464154529817	0.06716131409433251	2
cylinder	DMRG	8.0	3	n	chi8	1.000000000008818	7.951567182473696e-10	7.951567182403579e-10	1.0000000014161359	1.0000000019291375	0.9948290015522502	0.005170998447749819	0.036527912066163834	2
cylinder	DMRG	8.0	3	n	chi32	1.000000000008818	-1.0670309080751395e-9	1.0670309080657303e-9	0.9999999991555636	1.0000000019291375	0.999593179750656	0.00040682024934401984	0.011131461669964808	2
cylinder	DMRG	8.0	3	n	chi128	1.000000000008818	9.605061190853803e-11	9.605061190769105e-11	1.000000001229041	1.0000000019291375	0.9999947210320808	5.278967919242206e-6	0.001302059580532193	2
cylinder	DMRG	8.0	3	n	exact	1.000000000008818	0.0	0.0	1.0000000019291375	1.0000000019291375	0.9999999999999978	2.220446049250313e-15	0.0	2
cylinder	DMRG	8.0	3	n	UHF	1.000000000008818	8.817391261572993e-12	8.817391261495241e-12	0.011729410372031067	1.0000000019291375	0.5759241899090094	0.4240758100909906	0.46331396007137177	2
cylinder	DMRG	8.0	3	n	UHFsym	1.000000000008818	8.823053398998582e-12	8.82305339892078e-12	1.000000000000027	1.0000000019291375	0.9997144939764631	0.0002855060235369411	0.009371283188674535	2
cylinder	DMRG	8.0	3	Sz	chi4	1.2196404580722131e-9	2.0222386820645255e-9	NaN	0.9999999988039119	1.000000001653781	0.9761253584547018	0.02387464154529817	0.06716131409433251	2
cylinder	DMRG	8.0	3	Sz	chi8	1.2196404580722131e-9	1.1151990702423786e-9	NaN	0.9999999998974254	1.000000001653781	0.9948290015522502	0.005170998447749819	0.036527912066163834	2
cylinder	DMRG	8.0	3	Sz	chi32	1.2196404580722131e-9	6.764846113838097e-10	NaN	1.000000001069055	1.000000001653781	0.999593179750656	0.00040682024934401984	0.011131461669964808	2
cylinder	DMRG	8.0	3	Sz	chi128	1.2196404580722131e-9	5.352454382490102e-10	NaN	1.0000000008994117	1.000000001653781	0.9999947210320808	5.278967919242206e-6	0.001302059580532193	2
cylinder	DMRG	8.0	3	Sz	exact	1.2196404580722131e-9	0.0	NaN	1.000000001653781	1.000000001653781	0.9999999999999978	2.220446049250313e-15	0.0	2
cylinder	DMRG	8.0	3	Sz	UHF	1.2196404580722131e-9	0.45862831847703495	NaN	0.01707889872153082	1.000000001653781	0.5759241899090094	0.4240758100909906	0.46331396007137177	2
cylinder	DMRG	8.0	3	Sz	UHFsym	1.2196404580722131e-9	1.219640512932843e-9	NaN	1.0	1.000000001653781	0.9997144939764631	0.0002855060235369411	0.009371283188674535	2
cylinder	DMRG	8.0	3	DoubleOcc	chi4	0.04434570820839717	0.033580657228207855	0.7572470614382729	28.225833777247395	76.60027282603127	0.9761253584547018	0.02387464154529817	0.06716131409433251	2
cylinder	DMRG	8.0	3	DoubleOcc	chi8	0.04434570820839717	0.018263956430660727	0.4118539802055144	53.09897453842389	76.60027282603127	0.9948290015522502	0.005170998447749819	0.036527912066163834	2
cylinder	DMRG	8.0	3	DoubleOcc	chi32	0.04434570820839717	0.005565730301467564	0.12550775545881696	75.75191108304007	76.60027282603127	0.999593179750656	0.00040682024934401984	0.011131461669964808	2
cylinder	DMRG	8.0	3	DoubleOcc	chi128	0.04434570820839717	0.0006510298382921276	0.014680785685791585	76.93023637569955	76.60027282603127	0.9999947210320808	5.278967919242206e-6	0.001302059580532193	2
cylinder	DMRG	8.0	3	DoubleOcc	exact	0.04434570820839717	0.0	0.0	76.60027282603127	76.60027282603127	0.9999999999999978	2.220446049250313e-15	0.0	2
cylinder	DMRG	8.0	3	DoubleOcc	UHF	0.04434570820839717	0.004685641598746126	0.10566167027317577	1.473274133288364	76.60027282603127	0.5759241899090094	0.4240758100909906	0.46331396007137177	2
cylinder	DMRG	8.0	3	DoubleOcc	UHFsym	0.04434570820839717	0.004685641598745627	0.1056616702731645	76.43120830193875	76.60027282603127	0.9997144939764631	0.0002855060235369411	0.009371283188674535	2
cylinder	DMRG	8.0	3	ZZ onsite	chi4	-0.8226171671840488	0.13432262818866514	0.1632869256162902	33.61251323429283	181.80945368187076	0.9761253584547018	0.02387464154529817	0.06716131409433251	2
cylinder	DMRG	8.0	3	ZZ onsite	chi8	-0.8226171671840488	0.0730558241323278	0.08880901961043394	82.02979342067994	181.80945368187076	0.9948290015522502	0.005170998447749819	0.036527912066163834	2
cylinder	DMRG	8.0	3	ZZ onsite	chi32	-0.8226171671840488	0.02226292333992963	0.02706352873249559	169.5729999304922	181.80945368187076	0.999593179750656	0.00040682024934401984	0.011131461669964808	2
cylinder	DMRG	8.0	3	ZZ onsite	chi128	-0.8226171671840488	0.002604119161064622	0.003165651368520477	182.73664827498104	181.80945368187076	0.9999947210320808	5.278967919242206e-6	0.001302059580532193	2
cylinder	DMRG	8.0	3	ZZ onsite	exact	-0.8226171671840488	0.0	0.0	181.80945368187076	181.80945368187076	0.9999999999999978	2.220446049250313e-15	0.0	2
cylinder	DMRG	8.0	3	ZZ onsite	UHF	-0.8226171671840488	0.01874256637734839	0.022784069096815983	174.25852046353157	181.80945368187076	0.5759241899090094	0.4240758100909906	0.46331396007137177	2
cylinder	DMRG	8.0	3	ZZ onsite	UHFsym	-0.8226171671840488	0.01874256637734062	0.022784069096806536	174.25852046354098	181.80945368187076	0.9997144939764631	0.0002855060235369411	0.009371283188674535	2
cylinder	DMRG	8.0	3	ZZ up-up nb	chi4	-0.49466809209924967	0.012772016978026435	0.02581936692909611	32.42200321935563	32.98604856932529	0.9999455475897604	5.445241023960268e-5	0.006386008489013245	2
cylinder	DMRG	8.0	3	ZZ up-up nb	chi8	-0.49466809209924967	0.06061100678161857	0.12252863637191631	22.59587025063036	32.98604856932529	0.9987315515336066	0.0012684484663934015	0.03030550339080936	2
cylinder	DMRG	8.0	3	ZZ up-up nb	chi32	-0.49466809209924967	0.02847261861248951	0.05755903618456311	30.070757368236546	32.98604856932529	0.9997264677142687	0.00027353228573134825	0.014236309306244727	2
cylinder	DMRG	8.0	3	ZZ up-up nb	chi128	-0.49466809209924967	0.003050483772115198	0.006166728399985727	32.97626731837078	32.98604856932529	0.9999969137844196	3.0862155804278757e-6	0.001525241886057696	2
cylinder	DMRG	8.0	3	ZZ up-up nb	exact	-0.49466809209924967	0.0	0.0	32.98604856932529	32.98604856932529	0.9999999999999978	2.220446049250313e-15	0.0	2
cylinder	DMRG	8.0	3	ZZ up-up nb	UHF	-0.49466809209924967	0.3969922206676856	0.802542607878645	1.5423438152487001	32.98604856932529	0.5527317998809335	0.44726820011906654	0.5692694955228728	2
cylinder	DMRG	8.0	3	ZZ up-up nb	UHFsym	-0.49466809209924967	-0.16418814849484137	0.331915785790968	7.239000988935975	32.98604856932529	0.9917860045811799	0.008213995418820064	0.08250489442982378	2
cylinder	DMRG	8.0	3	SzSz nb	chi4	-0.11684578126770576	0.004631720423202562	0.0396396033553904	31.320962573717555	31.895301009792867	0.8801092973379685	0.1198907026620315	0.13158693056795231	4
cylinder	DMRG	8.0	3	SzSz nb	chi8	-0.11684578126770576	0.017412752613098242	0.14902337443577726	20.112488686894398	31.895301009792867	0.9451129844046302	0.05488701559536979	0.09777204201068339	4
cylinder	DMRG	8.0	3	SzSz nb	chi32	-0.11684578126770576	0.007339972654510668	0.06281760945818003	29.43607329319317	31.895301009792867	0.9987843089240583	0.0012156910759416606	0.025383256431920107	4
cylinder	DMRG	8.0	3	SzSz nb	chi128	-0.11684578126770576	0.0007611259908773399	0.006513936426455326	31.963965007385273	31.895301009792867	0.9999651826298579	3.4817370142103954e-5	0.003079726179596652	4
cylinder	DMRG	8.0	3	SzSz nb	exact	-0.11684578126770576	0.0	0.0	31.895301009792867	31.895301009792867	1.000000000000015	-1.509903313490213e-14	0.0	4
cylinder	DMRG	8.0	3	SzSz nb	UHF	-0.11684578126770576	0.09978172452333581	0.853960865687787	1.407018748453354	31.895301009792867	0.44862723804140847	0.5513727619585915	0.6445555394607398	4
cylinder	DMRG	8.0	3	SzSz nb	UHFsym	-0.11684578126770576	-0.04051336776729696	0.3467251220176845	6.5882577465357794	31.895301009792867	0.9801027551815167	0.019897244818483317	0.1334244310512249	4
cylinder	DMRG	8.0	3	SxSx nb	chi4	-0.11684578940085882	0.012065168904760754	0.1032571987970332	20.839036339524174	28.6155207604384	0.8801092973379685	0.1198907026620315	0.13158693056795231	4
cylinder	DMRG	8.0	3	SxSx nb	chi8	-0.11684578940085882	0.015292648967311778	0.13087890497147325	18.65389112173253	28.6155207604384	0.9451129844046302	0.05488701559536979	0.09777204201068339	4
cylinder	DMRG	8.0	3	SxSx nb	chi32	-0.11684578940085882	0.00596497719937962	0.05104999700858521	26.147373995512584	28.6155207604384	0.9987843089240583	0.0012156910759416606	0.025383256431920107	4
cylinder	DMRG	8.0	3	SxSx nb	chi128	-0.11684578940085882	0.000750598626073129	0.006423839745718831	28.524374927400704	28.6155207604384	0.9999651826298579	3.4817370142103954e-5	0.003079726179596652	4
cylinder	DMRG	8.0	3	SxSx nb	exact	-0.11684578940085882	0.0	0.0	28.6155207604384	28.6155207604384	1.000000000000015	-1.509903313490213e-14	0.0	4
cylinder	DMRG	8.0	3	SxSx nb	UHF	-0.11684578940085882	-0.11055821700016569	0.9461891401227769	1.1268745553795512	28.6155207604384	0.44862723804140847	0.5513727619585915	0.6445555394607398	4
cylinder	DMRG	8.0	3	SxSx nb	UHFsym	-0.11684578940085882	-0.040410670854849215	0.345846188057438	6.838415679864993	28.6155207604384	0.9801027551815167	0.019897244818483317	0.1334244310512249	4
cylinder	ED	8.0	5	n	chi4	0.9999999999996856	-4.0451197946822504e-11	4.045119794683522e-11	0.9999999975745111	1.000000002343617	0.9626463402769003	0.037353659723099675	0.0887366658082534	2
cylinder	ED	8.0	5	n	chi8	0.9999999999996856	3.180266050506475e-10	3.180266050507475e-10	0.9999999985347474	1.000000002343617	0.9651146259716362	0.03488537402836378	0.08685051175434977	2
cylinder	ED	8.0	5	n	chi32	0.9999999999996856	5.381374235113867e-10	5.381374235115559e-10	1.0000000005893375	1.000000002343617	0.9991663662250331	0.0008336337749669243	0.017303613018860083	2
cylinder	ED	8.0	5	n	chi128	0.9999999999996856	-2.5068236375602737e-10	2.506823637561062e-10	1.0000000025815998	1.000000002343617	0.9999898086952691	1.0191304730899908e-5	0.001978215888870736	2
cylinder	ED	8.0	5	n	exact	0.9999999999996856	-1.4314749385846426e-10	1.4314749385850926e-10	1.000000002343617	1.000000002343617	0.9999999999999831	1.687538997430238e-14	8.971843037594573e-8	2
cylinder	ED	8.0	5	n	UHF	0.9999999999996856	-3.136380044566067e-13	3.136380044567053e-13	0.015749871734904792	1.000000002343617	0.5964814106528353	0.40351858934716467	0.4504587082830222	2
cylinder	ED	8.0	5	n	UHFsym	0.9999999999996856	-3.076428001236309e-13	3.076428001237276e-13	1.00000000000003	1.000000002343617	0.999846708993976	0.00015329100602401446	0.007582534314969715	2
cylinder	ED	8.0	5	Sz	chi4	-7.351577333003512e-11	-7.280483126093085e-10	NaN	0.9999999992880843	1.000000000619224	0.9626463402769003	0.037353659723099675	0.0887366658082534	2
cylinder	ED	8.0	5	Sz	chi8	-7.351577333003512e-11	-3.194334198194926e-10	NaN	0.9999999996994079	1.000000000619224	0.9651146259716362	0.03488537402836378	0.08685051175434977	2
cylinder	ED	8.0	5	Sz	chi32	-7.351577333003512e-11	3.1621572374462836e-10	NaN	1.000000000372795	1.000000000619224	0.9991663662250331	0.0008336337749669243	0.017303613018860083	2
cylinder	ED	8.0	5	Sz	chi128	-7.351577333003512e-11	4.952346067954583e-10	NaN	1.000000000646943	1.000000000619224	0.9999898086952691	1.0191304730899908e-5	0.001978215888870736	2
cylinder	ED	8.0	5	Sz	exact	-7.351577333003512e-11	4.796562105835456e-10	NaN	1.000000000619224	1.000000000619224	0.9999999999999831	1.687538997430238e-14	8.971843037594573e-8	2
cylinder	ED	8.0	5	Sz	UHF	-7.351577333003512e-11	-0.44666744112553586	NaN	0.02151379842395379	1.000000000619224	0.5964814106528353	0.40351858934716467	0.4504587082830222	2
cylinder	ED	8.0	5	Sz	UHFsym	-7.351577333003512e-11	-7.351573711768256e-11	NaN	0.9999999999999998	1.000000000619224	0.999846708993976	0.00015329100602401446	0.007582534314969715	2
cylinder	ED	8.0	5	DoubleOcc	chi4	0.05427946426136679	0.04436833288389955	0.8174055047827461	13.529853919366543	52.84247526768237	0.9626463402769003	0.037353659723099675	0.0887366658082534	2
cylinder	ED	8.0	5	DoubleOcc	chi8	0.05427946426136679	0.043425256036187077	0.8000310361776147	13.951783580561894	52.84247526768237	0.9651146259716362	0.03488537402836378	0.08685051175434977	2
cylinder	ED	8.0	5	DoubleOcc	chi32	0.05427946426136679	0.008651806778497861	0.15939373934933534	46.296794130860604	52.84247526768237	0.9991663662250331	0.0008336337749669243	0.017303613018860083	2
cylinder	ED	8.0	5	DoubleOcc	chi128	0.05427946426136679	0.0009891078190932545	0.01822250518779067	52.54118871666579	52.84247526768237	0.9999898086952691	1.0191304730899908e-5	0.001978215888870736	2
cylinder	ED	8.0	5	DoubleOcc	exact	0.05427946426136679	4.4787640068877366e-8	8.251304738973779e-7	52.84247526768237	52.84247526768237	0.9999999999999831	1.687538997430238e-14	8.971843037594573e-8	2
cylinder	ED	8.0	5	DoubleOcc	UHF	0.05427946426136679	0.0037912671573270273	0.06984717349219395	1.1727166972174148	52.84247526768237	0.5964814106528353	0.40351858934716467	0.4504587082830222	2
cylinder	ED	8.0	5	DoubleOcc	UHFsym	0.05427946426136679	0.0037912671573272216	0.06984717349219753	50.97678859314735	52.84247526768237	0.999846708993976	0.00015329100602401446	0.007582534314969715	2
cylinder	ED	8.0	5	ZZ onsite	chi4	-0.7828821429538995	0.1774733316165067	0.22669227190044278	15.910129499678243	114.49734990627127	0.9626463402769003	0.037353659723099675	0.0887366658082534	2
cylinder	ED	8.0	5	ZZ onsite	chi8	-0.7828821429538995	0.17370102350869954	0.2218737840325578	16.493288637351817	114.49734990627127	0.9651146259716362	0.03488537402836378	0.08685051175434977	2
cylinder	ED	8.0	5	ZZ onsite	chi32	-0.7828821429538995	0.03460722603772015	0.04420489897386511	89.29801026634239	114.49734990627127	0.9991663662250331	0.0008336337749669243	0.017303613018860083	2
cylinder	ED	8.0	5	ZZ onsite	chi128	-0.7828821429538995	0.003956431777741409	0.005053674826217599	113.41469854728764	114.49734990627127	0.9999898086952691	1.0191304730899908e-5	0.001978215888870736	2
cylinder	ED	8.0	5	ZZ onsite	exact	-0.7828821429538995	1.794368607033192e-7	2.292003493990608e-7	114.49734990627127	114.49734990627127	0.9999999999999831	1.687538997430238e-14	8.971843037594573e-8	2
cylinder	ED	8.0	5	ZZ onsite	UHF	-0.7828821429538995	0.015165068629939937	0.01937081943486472	107.16407145597893	114.49734990627127	0.5964814106528353	0.40351858934716467	0.4504587082830222	2
cylinder	ED	8.0	5	ZZ onsite	UHFsym	-0.7828821429538995	0.015165068629934386	0.01937081943485763	107.16407145598309	114.49734990627127	0.999846708993976	0.00015329100602401446	0.007582534314969715	2
cylinder	ED	8.0	5	ZZ up-up nb	chi4	-0.3955175455900057	0.12223345616611253	0.30904686158428984	6.126607133191844	12.812704144722577	0.9952747916537316	0.004725208346268439	0.061116728083056196	2
cylinder	ED	8.0	5	ZZ up-up nb	chi8	-0.3955175455900057	0.12370795226089465	0.3127748784857463	6.048997094317074	12.812704144722577	0.995155801164426	0.004844198835573965	0.06185397613044732	2
cylinder	ED	8.0	5	ZZ up-up nb	chi32	-0.3955175455900057	0.03138369189182577	0.07934841890518347	12.013098694914682	12.812704144722577	0.9997036383932429	0.00029636160675705625	0.015691845945912816	2
cylinder	ED	8.0	5	ZZ up-up nb	chi128	-0.3955175455900057	0.0026385262224866146	0.0066710725021076975	12.81381762876073	12.812704144722577	0.9999979342274442	2.0657725557926554e-6	0.0013192631112432657	2
cylinder	ED	8.0	5	ZZ up-up nb	exact	-0.3955175455900057	4.091502318059881e-7	1.034467968281018e-6	12.812704144722577	12.812704144722577	0.9999999999999545	4.551914400963142e-14	2.0457511587523847e-7	2
cylinder	ED	8.0	5	ZZ up-up nb	UHF	-0.3955175455900057	0.44817149422957964	1.133126707592778	0.8034702626778895	12.812704144722577	0.5740835538230111	0.42591644617698887	0.5687899440334443	2
cylinder	ED	8.0	5	ZZ up-up nb	UHFsym	-0.3955175455900057	-0.0841197611530004	0.21268275476253873	8.268327399232364	12.812704144722577	0.997940813881565	0.00205918611843503	0.04244955206653163	2
cylinder	ED	8.0	5	SzSz nb	chi4	-0.09309695926588725	0.03138522549444327	0.3371240665853143	6.051773247275347	15.307630406916891	0.8357162826716461	0.1642837173283539	0.1736276956284148	4
cylinder	ED	8.0	5	SzSz nb	chi8	-0.09309695926588725	0.03067482502713116	0.3294933075045243	6.223308936152933	15.307630406916891	0.912989144607094	0.08701085539290598	0.14205430874684996	4
cylinder	ED	8.0	5	SzSz nb	chi32	-0.09309695926588725	0.0074287320191385176	0.07979564614910646	14.220858118221583	15.307630406916891	0.996952191387726	0.00304780861227405	0.032213992103125186	4
cylinder	ED	8.0	5	SzSz nb	chi128	-0.09309695926588725	0.0006258320361436503	0.006722368174842943	15.315705374008214	15.307630406916891	0.9999700091743201	2.9990825679893085e-5	0.003125644599338148	4
cylinder	ED	8.0	5	SzSz nb	exact	-0.09309695926588725	9.391305084982537e-8	1.0087660390884234e-6	15.307630406916891	15.307630406916891	0.9999999999997751	2.2493118478905672e-13	3.7616654866970415e-7	4
cylinder	ED	8.0	5	SzSz nb	UHF	-0.09309695926588725	0.11212007215954138	1.2043365652719509	0.7231425496898086	15.307630406916891	0.44926380708344	0.55073619291656	0.6372169659277575	4
cylinder	ED	8.0	5	SzSz nb	UHFsym	-0.09309695926588725	-0.020952741686104018	0.22506365246863178	8.717444967533226	15.307630406916891	0.9936285327869705	0.0063714672130295025	0.07717118558913248	4
cylinder	ED	8.0	5	SxSx nb	chi4	-0.0930969594021816	0.03745699317588355	0.4023438941122474	5.895239490822822	18.519023068535596	0.8357162826716461	0.1642837173283539	0.1736276956284148	4
cylinder	ED	8.0	5	SxSx nb	chi8	-0.0930969594021816	0.03241864095587671	0.3482244872877881	7.27189743706552	18.519023068535596	0.912989144607094	0.08701085539290598	0.14205430874684996	4
cylinder	ED	8.0	5	SxSx nb	chi32	-0.0930969594021816	0.0067977307634841805	0.07301775275084747	18.54669747211054	18.519023068535596	0.996952191387726	0.00304780861227405	0.032213992103125186	4
cylinder	ED	8.0	5	SxSx nb	chi128	-0.0930969594021816	0.0006968854052752382	0.007485587174385286	18.668394727233593	18.519023068535596	0.9999700091743201	2.9990825679893085e-5	0.003125644599338148	4
cylinder	ED	8.0	5	SxSx nb	exact	-0.0930969594021816	1.0083368216784461e-7	1.0831039253628052e-6	18.519023068535596	18.519023068535596	0.9999999999997751	2.2493118478905672e-13	3.7616654866970415e-7	4
cylinder	ED	8.0	5	SxSx nb	UHF	-0.0930969594021816	-0.08739173087271357	0.9387173483849104	1.1275828647744535	18.519023068535596	0.44926380708344	0.55073619291656	0.6372169659277575	4
cylinder	ED	8.0	5	SxSx nb	UHFsym	-0.0930969594021816	-0.02085532394989076	0.2240172405609419	8.889487379623606	18.519023068535596	0.9936285327869705	0.0063714672130295025	0.07717118558913248	4
cylinder	DMRG	8.0	5	n	chi4	1.000000000142833	1.0269629591164176e-10	1.0269629589697332e-10	0.9999999975745111	1.000000002343617	0.9626463949662082	0.037353605033791815	0.08873657608982302	2
cylinder	DMRG	8.0	5	n	chi8	1.000000000142833	4.6117409890911176e-10	4.6117409884324084e-10	0.9999999985347474	1.000000002343617	0.9651146788908767	0.034885321109123346	0.0868504220359194	2
cylinder	DMRG	8.0	5	n	chi32	1.000000000142833	6.81284917369851e-10	6.812849172725409e-10	1.0000000005893375	1.000000002343617	0.9991663745485686	0.0008336254514313968	0.017303523300429707	2
cylinder	DMRG	8.0	5	n	chi128	1.000000000142833	-1.0753486989756311e-10	1.0753486988220357e-10	1.0000000025815998	1.000000002343617	0.9999898096159369	1.019038406313566e-5	0.00197812617044036	2
cylinder	DMRG	8.0	5	n	exact	1.000000000142833	0.0	0.0	1.000000002343617	1.000000002343617	0.9999999999999982	1.7763568394002505e-15	0.0	2
cylinder	DMRG	8.0	5	n	UHF	1.000000000142833	1.4283385585400765e-10	1.4283385583360625e-10	0.015749871734904792	1.000000002343617	0.5964813952235055	0.4035186047764945	0.4504586639034618	2
cylinder	DMRG	8.0	5	n	UHFsym	1.000000000142833	1.4283985105834063e-10	1.4283985103793837e-10	1.00000000000003	1.000000002343617	0.9998467125644382	0.00015328743556175528	0.0075824445965393394	2
cylinder	DMRG	8.0	5	Sz	chi4	-5.531719839135807e-10	-1.207704523192854e-9	NaN	0.9999999992880843	1.000000000619224	0.9626463949662082	0.037353605033791815	0.08873657608982302	2
cylinder	DMRG	8.0	5	Sz	chi8	-5.531719839135807e-10	-7.990896304030382e-10	NaN	0.9999999996994079	1.000000000619224	0.9651146788908767	0.034885321109123346	0.0868504220359194	2
cylinder	DMRG	8.0	5	Sz	chi32	-5.531719839135807e-10	-1.634404868389172e-10	NaN	1.000000000372795	1.000000000619224	0.9991663745485686	0.0008336254514313968	0.017303523300429707	2
cylinder	DMRG	8.0	5	Sz	chi128	-5.531719839135807e-10	1.5578396211912704e-11	NaN	1.000000000646943	1.000000000619224	0.9999898096159369	1.019038406313566e-5	0.00197812617044036	2
cylinder	DMRG	8.0	5	Sz	exact	-5.531719839135807e-10	0.0	NaN	1.000000000619224	1.000000000619224	0.9999999999999982	1.7763568394002505e-15	0.0	2
cylinder	DMRG	8.0	5	Sz	UHF	-5.531719839135807e-10	-0.4466674416051921	NaN	0.02151379842395379	1.000000000619224	0.5964813952235055	0.4035186047764945	0.4504586639034618	2
cylinder	DMRG	8.0	5	Sz	UHFsym	-5.531719839135807e-10	-5.531719477012281e-10	NaN	0.9999999999999998	1.000000000619224	0.9998467125644382	0.00015328743556175528	0.0075824445965393394	2
cylinder	DMRG	8.0	5	DoubleOcc	chi4	0.05427941947372672	0.04436828809625948	0.8174053541183394	13.529853919366543	52.84247526768237	0.9626463949662082	0.037353605033791815	0.08873657608982302	2
cylinder	DMRG	8.0	5	DoubleOcc	chi8	0.05427941947372672	0.04342521124854701	0.8000308711769927	13.951783580561894	52.84247526768237	0.9651146788908767	0.034885321109123346	0.0868504220359194	2
cylinder	DMRG	8.0	5	DoubleOcc	chi32	0.05427941947372672	0.008651761990857793	0.15939304573892082	46.296794130860604	52.84247526768237	0.9991663745485686	0.0008336254514313968	0.017303523300429707	2
cylinder	DMRG	8.0	5	DoubleOcc	chi128	0.05427941947372672	0.0009890630314531856	0.01822169509259268	52.54118871666579	52.84247526768237	0.9999898096159369	1.019038406313566e-5	0.00197812617044036	2
cylinder	DMRG	8.0	5	DoubleOcc	exact	0.05427941947372672	0.0	0.0	52.84247526768237	52.84247526768237	0.9999999999999982	1.7763568394002505e-15	0.0	2
cylinder	DMRG	8.0	5	DoubleOcc	UHF	0.05427941947372672	0.0037912223696869585	0.06984640599411814	1.1727166972174148	52.84247526768237	0.5964813952235055	0.4035186047764945	0.4504586639034618	2
cylinder	DMRG	8.0	5	DoubleOcc	UHFsym	0.05427941947372672	0.0037912223696871528	0.06984640599412172	50.97678859314735	52.84247526768237	0.9998467125644382	0.00015328743556175528	0.0075824445965393394	2
cylinder	DMRG	8.0	5	ZZ onsite	chi4	-0.7828823223907602	0.177473152179646	0.2266919907422099	15.910129499678243	114.49734990627127	0.9626463949662082	0.037353605033791815	0.08873657608982302	2
cylinder	DMRG	8.0	5	ZZ onsite	chi8	-0.7828823223907602	0.17370084407183883	0.22187350397872377	16.493288637351817	114.49734990627127	0.9651146788908767	0.034885321109123346	0.0868504220359194	2
cylinder	DMRG	8.0	5	ZZ onsite	chi32	-0.7828823223907602	0.03460704660085945	0.04420465964179228	89.29801026634239	114.49734990627127	0.9991663745485686	0.0008336254514313968	0.017303523300429707	2
cylinder	DMRG	8.0	5	ZZ onsite	chi128	-0.7828823223907602	0.003956252340880706	0.005053444467616962	113.41469854728764	114.49734990627127	0.9999898096159369	1.019038406313566e-5	0.00197812617044036	2
cylinder	DMRG	8.0	5	ZZ onsite	exact	-0.7828823223907602	0.0	0.0	114.49734990627127	114.49734990627127	0.9999999999999982	1.7763568394002505e-15	0.0	2
cylinder	DMRG	8.0	5	ZZ onsite	UHF	-0.7828823223907602	0.015164889193079234	0.01937058579477029	107.16407145597893	114.49734990627127	0.5964813952235055	0.4035186047764945	0.4504586639034618	2
cylinder	DMRG	8.0	5	ZZ onsite	UHFsym	-0.7828823223907602	0.015164889193073683	0.0193705857947632	107.16407145598309	114.49734990627127	0.9998467125644382	0.00015328743556175528	0.0075824445965393394	2
cylinder	DMRG	8.0	5	ZZ up-up nb	chi4	-0.3955179547402375	0.12223304701588072	0.3090455074186434	6.126607133191844	12.812704144722577	0.9952748222032627	0.004725177796737312	0.06111652350794032	2
cylinder	DMRG	8.0	5	ZZ up-up nb	chi8	-0.3955179547402375	0.12370754311066284	0.31277352046358975	6.048997094317074	12.812704144722577	0.9951558320943674	0.004844167905632579	0.06185377155533144	2
cylinder	DMRG	8.0	5	ZZ up-up nb	chi32	-0.3955179547402375	0.031383282741593965	0.07934730235497253	12.013098694914682	12.812704144722577	0.9997036460609732	0.0002963539390268277	0.01569164137079694	2
cylinder	DMRG	8.0	5	ZZ up-up nb	chi128	-0.3955179547402375	0.0026381170722548086	0.006670031134205861	12.81381762876073	12.812704144722577	0.9999979348676603	2.065132339690301e-6	0.0013190585361273904	2
cylinder	DMRG	8.0	5	ZZ up-up nb	exact	-0.3955179547402375	0.0	0.0	12.812704144722577	12.812704144722577	0.9999999999999982	1.7763568394002505e-15	0.0	2
cylinder	DMRG	8.0	5	ZZ up-up nb	UHF	-0.3955179547402375	0.44817108507934783	1.1331245009438096	0.8034702626778895	12.812704144722577	0.574083610248636	0.42591638975136403	0.5687898408085145	2
cylinder	DMRG	8.0	5	ZZ up-up nb	UHFsym	-0.3955179547402375	-0.08412017030323221	0.21268356921616727	8.268327399232364	12.812704144722577	0.9979407936874551	0.002059206312544859	0.04244975664164749	2
cylinder	DMRG	8.0	5	SzSz nb	chi4	-0.0930970531789381	0.03138513158139242	0.33712271774132657	6.051773247275347	15.307630406916891	0.8357164920944202	0.16428350790557977	0.17362749298750826	4
cylinder	DMRG	8.0	5	SzSz nb	chi8	-0.0930970531789381	0.03067473111408031	0.3294919663581794	6.223308936152933	15.307630406916891	0.9129893007372439	0.08701069926275606	0.1420541342186864	4
cylinder	DMRG	8.0	5	SzSz nb	chi32	-0.0930970531789381	0.007428638106087668	0.07979455688902828	14.220858118221583	15.307630406916891	0.9969522215793909	0.003047778420609104	0.03221381355464854	4
cylinder	DMRG	8.0	5	SzSz nb	chi128	-0.0930970531789381	0.0006257381230928005	0.006721352628531587	15.315705374008214	15.307630406916891	0.9999700130856274	2.9986914372615026e-5	0.0031253773819927043	4
cylinder	DMRG	8.0	5	SzSz nb	exact	-0.0930970531789381	0.0	0.0	15.307630406916891	15.307630406916891	0.9999999999999978	2.220446049250313e-15	0.0	4
cylinder	DMRG	8.0	5	SzSz nb	UHF	-0.0930970531789381	0.11211997824649053	1.2043343416143284	0.7231425496898086	15.307630406916891	0.4492638913400886	0.5507361086599114	0.6372169848283493	4
cylinder	DMRG	8.0	5	SzSz nb	UHFsym	-0.0930970531789381	-0.020952835599154868	0.22506443419731306	8.717444967533226	15.307630406916891	0.993628495652744	0.006371504347255974	0.0771714772866553	4
cylinder	DMRG	8.0	5	SxSx nb	chi4	-0.09309706023586377	0.037456892342201384	0.4023423752297161	5.895239490822822	18.519023068535596	0.8357164920944202	0.16428350790557977	0.17362749298750826	4
cylinder	DMRG	8.0	5	SxSx nb	chi8	-0.09309706023586377	0.03241854012219454	0.34822302702213526	7.27189743706552	18.519023068535596	0.9129893007372439	0.08701069926275606	0.1420541342186864	4
cylinder	DMRG	8.0	5	SxSx nb	chi32	-0.09309706023586377	0.006797629929802013	0.07301659056236624	18.54669747211054	18.519023068535596	0.9969522215793909	0.003047778420609104	0.03221381355464854	4
cylinder	DMRG	8.0	5	SxSx nb	chi128	-0.09309706023586377	0.0006967845715930704	0.007484495963972965	18.668394727233593	18.519023068535596	0.9999700130856274	2.9986914372615026e-5	0.0031253773819927043	4
cylinder	DMRG	8.0	5	SxSx nb	exact	-0.09309706023586377	0.0	0.0	18.519023068535596	18.519023068535596	0.9999999999999978	2.220446049250313e-15	0.0	4
cylinder	DMRG	8.0	5	SxSx nb	UHF	-0.09309706023586377	-0.08739183170639574	0.9387174147603191	1.1275828647744535	18.519023068535596	0.4492638913400886	0.5507361086599114	0.6372169848283493	4
cylinder	DMRG	8.0	5	SxSx nb	UHFsym	-0.09309706023586377	-0.020855424783572926	0.22401808103000437	8.889487379623606	18.519023068535596	0.993628495652744	0.006371504347255974	0.0771714772866553	4
cylinder	ED	8.0	6	n	chi4	1.0000000000017126	4.1852077359294526e-11	4.185207735922285e-11	0.9999999940630071	0.9999999899063015	0.9626463402782458	0.037353659721754195	0.08873666580604274	2
cylinder	ED	8.0	6	n	chi8	1.0000000000017126	2.388322872803883e-11	2.3883228727997927e-11	0.999999992985489	0.9999999899063015	0.9857687155131315	0.0142312844868685	0.06255029506098225	2
cylinder	ED	8.0	6	n	chi32	1.0000000000017126	4.535716247033861e-11	4.535716247026093e-11	0.9999999888725837	0.9999999899063015	0.9989483701540377	0.0010516298459622986	0.019342340214474965	2
cylinder	ED	8.0	6	n	chi128	1.0000000000017126	1.525950477088145e-10	1.5259504770855315e-10	0.9999999891165875	0.9999999899063015	0.999993395716722	6.604283278033307e-6	0.0015937266775194192	2
cylinder	ED	8.0	6	n	exact	1.0000000000017126	-1.6339751773841726e-10	1.6339751773813742e-10	0.9999999899063015	0.9999999899063015	0.9999999999999791	2.0872192862952943e-14	8.677470400911269e-8	2
cylinder	ED	8.0	6	n	UHF	1.0000000000017126	1.7117418593670664e-12	1.7117418593641349e-12	0.011656263043365603	0.9999999899063015	0.5964814106853059	0.4035185893146941	0.45045870825013734	2
cylinder	ED	8.0	6	n	UHFsym	1.0000000000017126	1.7178480860025047e-12	1.7178480859995627e-12	1.0000000000000373	0.9999999899063015	0.999846708994059	0.00015329100594096978	0.0075825343127623466	2
cylinder	ED	8.0	6	Sz	chi4	4.17344700465172e-11	1.3458123244297626e-9	NaN	0.9999999984554858	0.999999997431422	0.9626463402782458	0.037353659721754195	0.08873666580604274	2
cylinder	ED	8.0	6	Sz	chi8	4.17344700465172e-11	1.59771685291632e-9	NaN	0.9999999981813703	0.999999997431422	0.9857687155131315	0.0142312844868685	0.06255029506098225	2
cylinder	ED	8.0	6	Sz	chi32	4.17344700465172e-11	2.5049403142018978e-9	NaN	0.999999997112955	0.999999997431422	0.9989483701540377	0.0010516298459622986	0.019342340214474965	2
cylinder	ED	8.0	6	Sz	chi128	4.17344700465172e-11	2.385693545492451e-9	NaN	0.9999999971496951	0.999999997431422	0.999993395716722	6.604283278033307e-6	0.0015937266775194192	2
cylinder	ED	8.0	6	Sz	exact	4.17344700465172e-11	2.3995360767803398e-9	NaN	0.999999997431422	0.999999997431422	0.9999999999999791	2.0872192862952943e-14	8.677470400911269e-8	2
cylinder	ED	8.0	6	Sz	UHF	4.17344700465172e-11	0.44666744109375617	NaN	0.019300025648483606	0.999999997431422	0.5964814106853059	0.4035185893146941	0.45045870825013734	2
cylinder	ED	8.0	6	Sz	UHFsym	4.17344700465172e-11	4.1734495958949125e-11	NaN	1.0000000000000004	0.999999997431422	0.999846708994059	0.00015329100594096978	0.0075825343127623466	2
cylinder	ED	8.0	6	DoubleOcc	chi4	0.054279464261275695	0.044368332923946874	0.8174055055219168	16.72167100377769	87.28953469669271	0.9626463402782458	0.037353659721754195	0.08873666580604274	2
cylinder	ED	8.0	6	DoubleOcc	chi8	0.054279464261275695	0.03127514754243249	0.5761874765728842	28.52055449752484	87.28953469669271	0.9857687155131315	0.0142312844868685	0.06255029506098225	2
cylinder	ED	8.0	6	DoubleOcc	chi32	0.054279464261275695	0.009671170129916001	0.17817364746570744	74.55907980971054	87.28953469669271	0.9989483701540377	0.0010516298459622986	0.019342340214474965	2
cylinder	ED	8.0	6	DoubleOcc	chi128	0.054279464261275695	0.000796863415056831	0.014680753133839108	87.43981501914527	87.28953469669271	0.999993395716722	6.604283278033307e-6	0.0015937266775194192	2
cylinder	ED	8.0	6	DoubleOcc	exact	0.054279464261275695	4.330565245291851e-8	7.978275585857951e-7	87.28953469669271	87.28953469669271	0.9999999999999791	2.0872192862952943e-14	8.677470400911269e-8	2
cylinder	ED	8.0	6	DoubleOcc	UHF	0.054279464261275695	0.003791267157236572	0.06984717349064469	1.6318377536364723	87.28953469669271	0.5964814106853059	0.4035185893146941	0.45045870825013734	2
cylinder	ED	8.0	6	DoubleOcc	UHFsym	0.054279464261275695	0.003791267157239625	0.06984717349070095	85.81632833485438	87.28953469669271	0.999846708994059	0.00015329100594096978	0.0075825343127623466	2
cylinder	ED	8.0	6	ZZ onsite	chi4	-0.7828821429583214	0.17747333161208545	0.22669227189351498	19.992098244142174	195.00294902018337	0.9626463402782458	0.037353659721754195	0.08873666580604274	2
cylinder	ED	8.0	6	ZZ onsite	chi8	-0.7828821429583214	0.12510059012196462	0.15979492091777683	37.91215415013619	195.00294902018337	0.9857687155131315	0.0142312844868685	0.06255029506098225	2
cylinder	ED	8.0	6	ZZ onsite	chi32	-0.7828821429583214	0.0386846804289499	0.04941315979282641	156.37815911231291	195.00294902018337	0.9989483701540377	0.0010516298459622986	0.019342340214474965	2
cylinder	ED	8.0	6	ZZ onsite	chi128	-0.7828821429583214	0.003187453355038894	0.004071434485648481	197.90316503548308	195.00294902018337	0.999993395716722	6.604283278033307e-6	0.0015937266775194192	2
cylinder	ED	8.0	6	ZZ onsite	exact	-0.7828821429583214	1.7354940817781994e-7	2.2168012099754747e-7	195.00294902018337	195.00294902018337	0.9999999999999791	2.0872192862952943e-14	8.677470400911269e-8	2
cylinder	ED	8.0	6	ZZ onsite	UHF	-0.7828821429583214	0.015165068625523914	0.019370819429114585	197.6770358870753	195.00294902018337	0.5964814106853059	0.4035185893146941	0.45045870825013734	2
cylinder	ED	8.0	6	ZZ onsite	UHFsym	-0.7828821429583214	0.015165068625529576	0.01937081942912182	197.677035887071	195.00294902018337	0.999846708994059	0.00015329100594096978	0.0075825343127623466	2
cylinder	ED	8.0	6	ZZ up-up nb	chi4	-0.3955175455299565	0.23679454105672265	0.5986954149895932	2.3523111747690924	16.303268516304918	0.9808164551432523	0.01918354485674767	0.11839727052836126	2
cylinder	ED	8.0	6	ZZ up-up nb	chi8	-0.3955175455299565	0.11182735530783267	0.2827367750727581	6.8153117280441755	16.303268516304918	0.9960695034316773	0.003930496568322672	0.05591367765391638	2
cylinder	ED	8.0	6	ZZ up-up nb	chi32	-0.3955175455299565	0.031077706682637984	0.07857478646363657	14.377689574679174	16.303268516304918	0.9997094335140424	0.0002905664859575996	0.015538853341318992	2
cylinder	ED	8.0	6	ZZ up-up nb	chi128	-0.3955175455299565	0.0024661320468591374	0.006235202647090539	16.246169949057013	16.303268516304918	0.9999981954993284	1.8045006715539103e-6	0.0012330660234296104	2
cylinder	ED	8.0	6	ZZ up-up nb	exact	-0.3955175455299565	5.610485783180685e-7	1.4185175465890292e-6	16.303268516304918	16.303268516304918	0.9999999999999054	9.459100169806334e-14	2.805242891451565e-7	2
cylinder	ED	8.0	6	ZZ up-up nb	UHF	-0.3955175455299565	0.44817149428962827	1.1331267079166372	0.7487466174761991	16.303268516304918	0.5740835538374289	0.42591644616257107	0.568789944028783	2
cylinder	ED	8.0	6	ZZ up-up nb	UHFsym	-0.3955175455299565	-0.08411976109295105	0.21268275464300437	10.099360841762884	16.303268516304918	0.9979408138845244	0.0020591861154756197	0.04244955203650709	2
cylinder	ED	8.0	6	SzSz nb	chi4	-0.09309695925155154	0.06468319673756434	0.6947938714387853	1.888764781223107	13.458061697027016	0.896024758659828	0.103975241340172	0.27754479900458184	4
cylinder	ED	8.0	6	SzSz nb	chi8	-0.09309695925155154	0.02970248509486248	0.3190489284897612	5.816350085383916	13.458061697027016	0.9569994721402266	0.043000527859773374	0.12050112126322582	4
cylinder	ED	8.0	6	SzSz nb	chi32	-0.09309695925155154	0.008503103924139388	0.09133600057939247	12.096513972183795	13.458061697027016	0.9972860269627027	0.002713973037297257	0.03378636828268429	4
cylinder	ED	8.0	6	SzSz nb	chi128	-0.09309695925155154	0.0005685708149143487	0.006107297375610826	13.441222395940205	13.458061697027016	0.9999753703382417	2.462966175831305e-5	0.0030463577956250237	4
cylinder	ED	8.0	6	SzSz nb	exact	-0.09309695925155154	1.4091252095727036e-7	1.5136103487173984e-6	13.458061697027016	13.458061697027016	0.9999999999996789	3.2107649872159527e-13	4.877519621097976e-7	4
cylinder	ED	8.0	6	SzSz nb	UHF	-0.09309695925155154	0.11212007217387676	1.2043365656113865	0.697190770053289	13.458061697027016	0.4492638070888125	0.5507361929111876	0.6372169659160192	4
cylinder	ED	8.0	6	SzSz nb	UHFsym	-0.09309695925155154	-0.020952741671768346	0.22506365234930217	8.368567286860848	13.458061697027016	0.9936285327926302	0.0063714672073698075	0.07717118555360465	4
cylinder	ED	8.0	6	SxSx nb	chi4	-0.09309695939251214	0.06981224596411792	0.7498874981488705	1.6042965743135593	14.385671834499547	0.896024758659828	0.103975241340172	0.27754479900458184	4
cylinder	ED	8.0	6	SxSx nb	chi8	-0.09309695939251214	0.030427380830760936	0.326835387850575	5.6804514335107985	14.385671834499547	0.9569994721402266	0.043000527859773374	0.12050112126322582	4
cylinder	ED	8.0	6	SxSx nb	chi32	-0.09309695939251214	0.00789336404433752	0.08478648600173712	12.894151500361005	14.385671834499547	0.9972860269627027	0.002713973037297257	0.03378636828268429	4
cylinder	ED	8.0	6	SxSx nb	chi128	-0.09309695939251214	0.0007586641958702844	0.008149183397833984	14.34599941235818	14.385671834499547	0.9999753703382417	2.462966175831305e-5	0.0030463577956250237	4
cylinder	ED	8.0	6	SxSx nb	exact	-0.09309695939251214	1.4806747382356544e-7	1.5904651966052783e-6	14.385671834499547	14.385671834499547	0.9999999999996789	3.2107649872159527e-13	4.877519621097976e-7	4
cylinder	ED	8.0	6	SxSx nb	UHF	-0.09309695939251214	-0.08739173086304403	0.9387173483785445	1.1206947583209854	14.385671834499547	0.4492638070888125	0.5507361929111876	0.6372169659160192	4
cylinder	ED	8.0	6	SxSx nb	UHFsym	-0.09309695939251214	-0.020855323940221326	0.22401724048034521	8.794638972452912	14.385671834499547	0.9936285327926302	0.0063714672073698075	0.07717118555360465	4
cylinder	DMRG	8.0	6	n	chi4	1.0000000001651101	2.052495950977118e-10	2.05249595063823e-10	0.9999999940630071	0.9999999899063015	0.9626463931731597	0.0373536068268403	0.08873657903133873	2
cylinder	DMRG	8.0	6	n	chi8	1.0000000001651101	1.872807464664561e-10	1.8728074643553414e-10	0.999999992985489	0.9999999899063015	0.9857687485518658	0.014231251448134197	0.06255020828627825	2
cylinder	DMRG	8.0	6	n	chi32	1.0000000001651101	2.0875468020875587e-10	2.0875468017428837e-10	0.9999999888725837	0.9999999899063015	0.9989483791950282	0.0010516208049717868	0.019342253439770956	2
cylinder	DMRG	8.0	6	n	chi128	1.0000000001651101	3.1599256544723175e-10	3.1599256539505816e-10	0.9999999891165875	0.9999999899063015	0.9999933964335445	6.603566455543053e-6	0.00159363990281541	2
cylinder	DMRG	8.0	6	n	exact	1.0000000001651101	0.0	0.0	0.9999999899063015	0.9999999899063015	0.9999999999999951	4.884981308350689e-15	0.0	2
cylinder	DMRG	8.0	6	n	UHF	1.0000000001651101	1.6510925959778433e-10	1.6510925957052312e-10	0.011656263043365603	0.9999999899063015	0.5964813987214076	0.4035186012785924	0.4504586624632486	2
cylinder	DMRG	8.0	6	n	UHFsym	1.0000000001651101	1.6511536582441977e-10	1.6511536579715755e-10	1.0000000000000373	0.9999999899063015	0.9998467124473747	0.00015328755262533633	0.007582447538058337	2
cylinder	DMRG	8.0	6	Sz	chi4	-2.3578016067338226e-9	-1.0537237523505771e-9	NaN	0.9999999984554858	0.999999997431422	0.9626463931731597	0.0373536068268403	0.08873657903133873	2
cylinder	DMRG	8.0	6	Sz	chi8	-2.3578016067338226e-9	-8.018192238640198e-10	NaN	0.9999999981813703	0.999999997431422	0.9857687485518658	0.014231251448134197	0.06255020828627825	2
cylinder	DMRG	8.0	6	Sz	chi32	-2.3578016067338226e-9	1.0540423742155802e-10	NaN	0.999999997112955	0.999999997431422	0.9989483791950282	0.0010516208049717868	0.019342253439770956	2
cylinder	DMRG	8.0	6	Sz	chi128	-2.3578016067338226e-9	-1.3842531287888704e-11	NaN	0.9999999971496951	0.999999997431422	0.9999933964335445	6.603566455543053e-6	0.00159363990281541	2
cylinder	DMRG	8.0	6	Sz	exact	-2.3578016067338226e-9	0.0	NaN	0.999999997431422	0.999999997431422	0.9999999999999951	4.884981308350689e-15	0.0	2
cylinder	DMRG	8.0	6	Sz	UHF	-2.3578016067338226e-9	0.4466674386942201	NaN	0.019300025648483606	0.999999997431422	0.5964813987214076	0.4035186012785924	0.4504586624632486	2
cylinder	DMRG	8.0	6	Sz	UHFsym	-2.3578016067338226e-9	-2.3578015808213906e-9	NaN	1.0000000000000004	0.999999997431422	0.9998467124473747	0.00015328755262533633	0.007582447538058337	2
cylinder	DMRG	8.0	6	DoubleOcc	chi4	0.05427942095562324	0.04436828961829442	0.8174053598428808	16.72167100377769	87.28953469669271	0.9626463931731597	0.0373536068268403	0.08873657903133873	2
cylinder	DMRG	8.0	6	DoubleOcc	chi8	0.05427942095562324	0.03127510423678004	0.5761871384433035	28.52055449752484	87.28953469669271	0.9857687485518658	0.014231251448134197	0.06255020828627825	2
cylinder	DMRG	8.0	6	DoubleOcc	chi32	0.05427942095562324	0.009671126824263548	0.17817299178947188	74.55907980971054	87.28953469669271	0.9989483791950282	0.0010516208049717868	0.019342253439770956	2
cylinder	DMRG	8.0	6	DoubleOcc	chi128	0.05427942095562324	0.0007968201094043781	0.014679967018362768	87.43981501914527	87.28953469669271	0.9999933964335445	6.603566455543053e-6	0.00159363990281541	2
cylinder	DMRG	8.0	6	DoubleOcc	exact	0.05427942095562324	0.0	0.0	87.28953469669271	87.28953469669271	0.9999999999999951	4.884981308350689e-15	0.0	2
cylinder	DMRG	8.0	6	DoubleOcc	UHF	0.05427942095562324	0.003791223851584119	0.06984643138849395	1.6318377536364723	87.28953469669271	0.5964813987214076	0.4035186012785924	0.4504586624632486	2
cylinder	DMRG	8.0	6	DoubleOcc	UHFsym	0.05427942095562324	0.003791223851587172	0.06984643138855019	85.81632833485438	87.28953469669271	0.9998467124473747	0.00015328755262533633	0.007582447538058337	2
cylinder	DMRG	8.0	6	ZZ onsite	chi4	-0.7828823165077295	0.17747315806267727	0.226691999960284	19.992098244142174	195.00294902018337	0.9626463931731597	0.0373536068268403	0.08873657903133873	2
cylinder	DMRG	8.0	6	ZZ onsite	chi8	-0.7828823165077295	0.12510041657255644	0.15979466381435542	37.91215415013619	195.00294902018337	0.9857687485518658	0.014231251448134197	0.06255020828627825	2
cylinder	DMRG	8.0	6	ZZ onsite	chi32	-0.7828823165077295	0.038684506879541725	0.04941292715884174	156.37815911231291	195.00294902018337	0.9989483791950282	0.0010516208049717868	0.019342253439770956	2
cylinder	DMRG	8.0	6	ZZ onsite	chi128	-0.7828823165077295	0.003187279805630716	0.004071211903020736	197.90316503548308	195.00294902018337	0.9999933964335445	6.603566455543053e-6	0.00159363990281541	2
cylinder	DMRG	8.0	6	ZZ onsite	exact	-0.7828823165077295	0.0	0.0	195.00294902018337	195.00294902018337	0.9999999999999951	4.884981308350689e-15	0.0	2
cylinder	DMRG	8.0	6	ZZ onsite	UHF	-0.7828823165077295	0.015164895076115736	0.019370593454918088	197.6770358870753	195.00294902018337	0.5964813987214076	0.4035186012785924	0.4504586624632486	2
cylinder	DMRG	8.0	6	ZZ onsite	UHFsym	-0.7828823165077295	0.015164895076121399	0.019370593454925318	197.677035887071	195.00294902018337	0.9998467124473747	0.00015328755262533633	0.007582447538058337	2
cylinder	DMRG	8.0	6	ZZ up-up nb	chi4	-0.3955181065785348	0.23679398000814433	0.5986931472153123	2.3523111747690924	16.303268516304918	0.980816538934536	0.01918346106546398	0.11839699000407211	2
cylinder	DMRG	8.0	6	ZZ up-up nb	chi8	-0.3955181065785348	0.11182679425925435	0.2827349554907161	6.8153117280441755	16.303268516304918	0.9960695416532428	0.003930458346757204	0.055913397129627236	2
cylinder	DMRG	8.0	6	ZZ up-up nb	chi32	-0.3955181065785348	0.031077145634059666	0.07857325648854696	14.377689574679174	16.303268516304918	0.9997094439251437	0.0002905560748562852	0.015538572817029847	2
cylinder	DMRG	8.0	6	ZZ up-up nb	chi128	-0.3955181065785348	0.0024655709982808194	0.006233775286824324	16.246169949057013	16.303268516304918	0.9999981963198086	1.8036801914256273e-6	0.0012327854991404652	2
cylinder	DMRG	8.0	6	ZZ up-up nb	exact	-0.3955181065785348	0.0	0.0	16.303268516304918	16.303268516304918	0.9999999999999951	4.884981308350689e-15	0.0	2
cylinder	DMRG	8.0	6	ZZ up-up nb	UHF	-0.3955181065785348	0.44817093324104995	1.133123682043265	0.7487466174761991	16.303268516304918	0.5740836303757496	0.4259163696242504	0.5687898032103501	2
cylinder	DMRG	8.0	6	ZZ up-up nb	UHFsym	-0.3955181065785348	-0.08412032214152937	0.21268387146474743	10.099360841762884	16.303268516304918	0.9979407861932641	0.0020592138067359045	0.04244983256079625	2
cylinder	DMRG	8.0	6	SzSz nb	chi4	-0.0930971001640725	0.06468305582504338	0.6947913061851254	1.888764781223107	13.458061697027016	0.8960249951044769	0.10397500489552314	0.27754442347112823	4
cylinder	DMRG	8.0	6	SzSz nb	chi8	-0.0930971001640725	0.029702344182341522	0.31904693196667455	5.816350085383916	13.458061697027016	0.9569996003169635	0.04300039968303648	0.12050066883578187	4
cylinder	DMRG	8.0	6	SzSz nb	chi32	-0.0930971001640725	0.00850296301161843	0.09133434872442833	12.096513972183795	13.458061697027016	0.997286058158399	0.0027139418416010086	0.03378602918426984	4
cylinder	DMRG	8.0	6	SzSz nb	chi128	-0.0930971001640725	0.0005684299023933914	0.0061057745234986026	13.441222395940205	13.458061697027016	0.9999753734977928	2.4626502207247825e-5	0.0030460766009732733	4
cylinder	DMRG	8.0	6	SzSz nb	exact	-0.0930971001640725	0.0	0.0	13.458061697027016	13.458061697027016	0.9999999999999907	9.325873406851315e-15	0.0	4
cylinder	DMRG	8.0	6	SzSz nb	UHF	-0.0930971001640725	0.1121199312613558	1.2043332291097988	0.697190770053289	13.458061697027016	0.44926392301339313	0.5507360769866069	0.6372169504206378	4
cylinder	DMRG	8.0	6	SzSz nb	UHFsym	-0.0930971001640725	-0.020952882584289304	0.2250648252992022	8.368567286860848	13.458061697027016	0.993628482546672	0.0063715174533279795	0.07717153088118442	4
cylinder	DMRG	8.0	6	SxSx nb	chi4	-0.09309710745998596	0.0698120978966441	0.7498847150181331	1.6042965743135593	14.385671834499547	0.8960249951044769	0.10397500489552314	0.27754442347112823	4
cylinder	DMRG	8.0	6	SxSx nb	chi8	-0.09309710745998596	0.030427232763287113	0.32683327756842534	5.6804514335107985	14.385671834499547	0.9569996003169635	0.04300039968303648	0.12050066883578187	4
cylinder	DMRG	8.0	6	SxSx nb	chi32	-0.09309710745998596	0.007893215976863696	0.08478476068932944	12.894151500361005	14.385671834499547	0.997286058158399	0.0027139418416010086	0.03378602918426984	4
cylinder	DMRG	8.0	6	SxSx nb	chi128	-0.09309710745998596	0.0007585161283964609	0.008147579974194992	14.34599941235818	14.385671834499547	0.9999753734977928	2.4626502207247825e-5	0.0030460766009732733	4
cylinder	DMRG	8.0	6	SxSx nb	exact	-0.09309710745998596	0.0	0.0	14.385671834499547	14.385671834499547	0.9999999999999907	9.325873406851315e-15	0.0	4
cylinder	DMRG	8.0	6	SxSx nb	UHF	-0.09309710745998596	-0.08739187893051785	0.938717445846314	1.1206947583209854	14.385671834499547	0.44926392301339313	0.5507360769866069	0.6372169504206378	4
cylinder	DMRG	8.0	6	SxSx nb	UHFsym	-0.09309710745998596	-0.02085547200769515	0.2240184746519545	8.794638972452912	14.385671834499547	0.993628482546672	0.0063715174533279795	0.07717153088118442	4
cylinder	ED	8.0	7	n	chi4	0.9999999999999533	1.6475265596227473e-11	1.6475265596228242e-11	1.0000000000457088	0.9999999954577045	0.9659658765004477	0.03403412349955226	0.08616520621181468	2
cylinder	ED	8.0	7	n	chi8	0.9999999999999533	-3.2988534126587865e-10	3.2988534126589406e-10	0.9999999938483283	0.9999999954577045	0.9885261808807995	0.011473819119200535	0.05727822849412168	2
cylinder	ED	8.0	7	n	chi32	0.9999999999999533	-1.229621959808469e-10	1.2296219598085264e-10	0.9999999988632344	0.9999999954577045	0.9989649351370293	0.0010350648629706694	0.01919602229852024	2
cylinder	ED	8.0	7	n	chi128	0.9999999999999533	4.4160120005187764e-11	4.4160120005189826e-11	0.9999999972159664	0.9999999954577045	0.999992473359947	7.52664005299053e-6	0.0017010073332594869	2
cylinder	ED	8.0	7	n	exact	0.9999999999999533	1.8641699295329772e-10	1.8641699295330643e-10	0.9999999954577045	0.9999999954577045	0.999999999999978	2.19824158875781e-14	9.88031925615307e-8	2
cylinder	ED	8.0	7	n	UHF	0.9999999999999533	-4.651834473179406e-14	4.6518344731796236e-14	0.01488757263348514	0.9999999954577045	0.5964814106900291	0.40351858930997087	0.45045870824625955	2
cylinder	ED	8.0	7	n	UHFsym	0.9999999999999533	-4.0745185003743245e-14	4.074518500374515e-14	1.0000000000000309	0.9999999954577045	0.9998467089940213	0.00015329100597871737	0.0075825343138013835	2
cylinder	ED	8.0	7	Sz	chi4	-3.73383754470602e-11	-4.9578501026825705e-11	NaN	1.0000000000021687	1.0000000007008067	0.9659658765004477	0.03403412349955226	0.08616520621181468	2
cylinder	ED	8.0	7	Sz	chi8	-3.73383754470602e-11	1.1048265184665507e-9	NaN	1.0000000006573615	1.0000000007008067	0.9885261808807995	0.011473819119200535	0.05727822849412168	2
cylinder	ED	8.0	7	Sz	chi32	-3.73383754470602e-11	1.9028166889367704e-10	NaN	1.0000000000904359	1.0000000007008067	0.9989649351370293	0.0010350648629706694	0.01919602229852024	2
cylinder	ED	8.0	7	Sz	chi128	-3.73383754470602e-11	4.278764981213712e-10	NaN	1.0000000003944287	1.0000000007008067	0.999992473359947	7.52664005299053e-6	0.0017010073332594869	2
cylinder	ED	8.0	7	Sz	exact	-3.73383754470602e-11	6.911326927427908e-10	NaN	1.0000000007008067	1.0000000007008067	0.999999999999978	2.19824158875781e-14	9.88031925615307e-8	2
cylinder	ED	8.0	7	Sz	UHF	-3.73383754470602e-11	-0.4466674410893575	NaN	0.030218092281914227	1.0000000007008067	0.5964814106900291	0.40351858930997087	0.45045870824625955	2
cylinder	ED	8.0	7	Sz	UHFsym	-3.73383754470602e-11	-3.733837349549629e-11	NaN	1.0000000000000002	1.0000000007008067	0.9998467089940213	0.00015329100597871737	0.0075825343138013835	2
cylinder	ED	8.0	7	DoubleOcc	chi4	0.05427946426091726	0.04308260311414347	0.7937182818726558	15.026949448296369	73.24502458135947	0.9659658765004477	0.03403412349955226	0.08616520621181468	2
cylinder	ED	8.0	7	DoubleOcc	chi8	0.05427946426091726	0.028639114082117084	0.5276233741816433	26.344798888418833	73.24502458135947	0.9885261808807995	0.011473819119200535	0.05727822849412168	2
cylinder	ED	8.0	7	DoubleOcc	chi32	0.05427946426091726	0.009598011087778024	0.17682582572372332	58.816541004551	73.24502458135947	0.9989649351370293	0.0010350648629706694	0.01919602229852024	2
cylinder	ED	8.0	7	DoubleOcc	chi128	0.05427946426091726	0.0008505036887085649	0.015668977214297074	72.70439001235894	73.24502458135947	0.999992473359947	7.52664005299053e-6	0.0017010073332594869	2
cylinder	ED	8.0	7	DoubleOcc	exact	0.05427946426091726	4.9494803144867205e-8	9.118513570242596e-7	73.24502458135947	73.24502458135947	0.999999999999978	2.19824158875781e-14	9.88031925615307e-8	2
cylinder	ED	8.0	7	DoubleOcc	UHF	0.05427946426091726	0.003791267156876388	0.0698471734844702	1.7469391548419795	73.24502458135947	0.5964814106900291	0.40351858930997087	0.45045870824625955	2
cylinder	ED	8.0	7	DoubleOcc	UHFsym	0.05427946426091726	0.0037912671568767764	0.06984717348447736	69.45415988320704	73.24502458135947	0.9998467089940213	0.00015329100597871737	0.0075825343138013835	2
cylinder	ED	8.0	7	ZZ onsite	chi4	-0.7828821429562325	0.17233041242362945	0.22012305935717796	18.59664445507743	161.3086585122423	0.9659658765004477	0.03403412349955226	0.08616520621181468	2
cylinder	ED	8.0	7	ZZ onsite	chi8	-0.7828821429562325	0.11455645698824357	0.14632656782241604	36.87882579435317	161.3086585122423	0.9885261808807995	0.011473819119200535	0.05727822849412168	2
cylinder	ED	8.0	7	ZZ onsite	chi32	-0.7828821429562325	0.0383920445970406	0.049039366835049815	117.95006080498038	161.3086585122423	0.9989649351370293	0.0010350648629706694	0.01919602229852024	2
cylinder	ED	8.0	7	ZZ onsite	chi128	-0.7828821429562325	0.0034020146665191264	0.004345500401468881	161.06591688111624	161.3086585122423	0.999992473359947	7.52664005299053e-6	0.0017010073332594869	2
cylinder	ED	8.0	7	ZZ onsite	exact	-0.7828821429562325	1.9760638547694498e-7	2.5240885522150975e-7	161.3086585122423	161.3086585122423	0.999999999999978	2.19824158875781e-14	9.88031925615307e-8	2
cylinder	ED	8.0	7	ZZ onsite	UHF	-0.7828821429562325	0.015165068627603584	0.0193708194318227	153.14965211149539	161.3086585122423	0.5964814106900291	0.40351858930997087	0.45045870824625955	2
cylinder	ED	8.0	7	ZZ onsite	UHFsym	-0.7828821429562325	0.015165068627599365	0.01937081943181731	153.14965211150002	161.3086585122423	0.9998467089940213	0.00015329100597871737	0.0075825343138013835	2
cylinder	ED	8.0	7	ZZ up-up nb	chi4	-0.39551754548693835	0.13293065997353376	0.3360929533729716	5.432064757537992	16.519460395829554	0.9943750449038891	0.00562495509611094	0.06646532998676692	2
cylinder	ED	8.0	7	ZZ up-up nb	chi8	-0.39551754548693835	0.12756154439766537	0.32251804212786306	5.720221530533226	16.519460395829554	0.9948372544318007	0.0051627455681992895	0.0637807721988328	2
cylinder	ED	8.0	7	ZZ up-up nb	chi32	-0.39551754548693835	0.03447560751491008	0.08716581074163399	14.014968320898108	16.519460395829554	0.99964181302314	0.00035818697685996437	0.01723780375745511	2
cylinder	ED	8.0	7	ZZ up-up nb	chi128	-0.39551754548693835	0.00241663963002281	0.0061100693448316755	16.44509526023426	16.519460395829554	0.999998267241439	1.7327585609683283e-6	0.0012083198150114743	2
cylinder	ED	8.0	7	ZZ up-up nb	exact	-0.39551754548693835	4.0776988602386766e-7	1.0309779949757853e-6	16.519460395829554	16.519460395829554	0.9999999999999536	4.6407322429331543e-14	2.038849430396894e-7	2
cylinder	ED	8.0	7	ZZ up-up nb	UHF	-0.39551754548693835	0.4481714943326434	1.1331267081486374	0.7349466918275105	16.519460395829554	0.5740835538089435	0.4259164461910565	0.5687899440593194	2
cylinder	ED	8.0	7	ZZ up-up nb	UHFsym	-0.39551754548693835	-0.08411976104993396	0.21268275455737512	10.359661679453417	16.519460395829554	0.9979408138866516	0.0020591861133484324	0.042449552014998365	2
cylinder	ED	8.0	7	SzSz nb	chi4	-0.09309695924063524	0.033416661546965654	0.3589447154830364	5.539516017510961	12.885804318505363	0.8353977248769355	0.16460227512306447	0.17414248046200065	4
cylinder	ED	8.0	7	SzSz nb	chi8	-0.09309695924063524	0.03181901024676381	0.34178356099170376	5.881506150345163	12.885804318505363	0.9102775366546302	0.08972246334536982	0.13946989907203095	4
cylinder	ED	8.0	7	SzSz nb	chi32	-0.09309695924063524	0.00773768717104989	0.08311428465724281	12.344150131816118	12.885804318505363	0.9965994061241238	0.003400593875876212	0.03596305098645502	4
cylinder	ED	8.0	7	SzSz nb	chi128	-0.09309695924063524	0.0005843181539517545	0.006276447251530741	12.914519565174793	12.885804318505363	0.9999693400594623	3.065994053774723e-5	0.0031689133735696637	4
cylinder	ED	8.0	7	SzSz nb	exact	-0.09309695924063524	9.395292770164598e-8	1.0091943761428152e-6	12.885804318505363	12.885804318505363	0.9999999999997624	2.375877272697835e-13	3.774557607000904e-7	4
cylinder	ED	8.0	7	SzSz nb	UHF	-0.09309695924063524	0.1121200721847917	1.2043365658698462	0.750640217265173	12.885804318505363	0.44926380705871916	0.5507361929412808	0.6372169659473308	4
cylinder	ED	8.0	7	SzSz nb	UHFsym	-0.09309695924063524	-0.020952741660852522	0.22506365225844033	7.663762919027287	12.885804318505363	0.993628532793292	0.006371467206708004	0.0771711855506233	4
cylinder	ED	8.0	7	SxSx nb	chi4	-0.09309695939585504	0.039644217525657624	0.42583794124883856	4.289489155693902	13.128821640479185	0.8353977248769355	0.16460227512306447	0.17414248046200065	4
cylinder	ED	8.0	7	SxSx nb	chi8	-0.09309695939585504	0.027897533251984977	0.2996610569563571	6.610411046670242	13.128821640479185	0.9102775366546302	0.08972246334536982	0.13946989907203095	4
cylinder	ED	8.0	7	SxSx nb	chi32	-0.09309695939585504	0.00905415491339659	0.09725510878285148	12.11708149794165	13.128821640479185	0.9965994061241238	0.003400593875876212	0.03596305098645502	4
cylinder	ED	8.0	7	SxSx nb	chi128	-0.09309695939585504	0.0006778929567788083	0.007281579991204205	13.14537414502017	13.128821640479185	0.9999693400594623	3.065994053774723e-5	0.0031689133735696637	4
cylinder	ED	8.0	7	SxSx nb	exact	-0.09309695939585504	1.0111800885503897e-7	1.08615801752534e-6	13.128821640479185	13.128821640479185	0.9999999999997624	2.375877272697835e-13	3.774557607000904e-7	4
cylinder	ED	8.0	7	SxSx nb	UHF	-0.09309695939585504	-0.0873917308663867	0.9387173483807426	1.1072407141292704	13.128821640479185	0.44926380705871916	0.5507361929412808	0.6372169659473308	4
cylinder	ED	8.0	7	SxSx nb	UHFsym	-0.09309695939585504	-0.020855323943564555	0.22401724050821253	7.864978243293786	13.128821640479185	0.993628532793292	0.006371467206708004	0.0771711855506233	4
cylinder	DMRG	8.0	7	n	chi4	0.9999999998135363	-1.6994172735707025e-10	1.6994172738875822e-10	1.0000000000457088	0.9999999954577045	0.9659659340881745	0.03403406591182545	0.08616510740862213	2
cylinder	DMRG	8.0	7	n	chi8	0.9999999998135363	-5.163023342191764e-10	5.16302334315448e-10	0.9999999938483283	0.9999999954577045	0.9885262147059449	0.011473785294055072	0.05727812969092912	2
cylinder	DMRG	8.0	7	n	chi32	0.9999999998135363	-3.093791889341446e-10	3.093791889918326e-10	0.9999999988632344	0.9999999954577045	0.9989649453499405	0.001035054650059486	0.01919592349532768	2
cylinder	DMRG	8.0	7	n	chi128	0.9999999998135363	-1.4225687294810996e-10	1.422568729746357e-10	0.9999999972159664	0.9999999954577045	0.999992474231262	7.525768737970395e-6	0.0017009085300669254	2
cylinder	DMRG	8.0	7	n	exact	0.9999999998135363	0.0	0.0	0.9999999954577045	0.9999999954577045	0.9999999999999967	3.3306690738754696e-15	0.0	2
cylinder	DMRG	8.0	7	n	UHF	0.9999999998135363	-1.8646351129802952e-10	1.864635113327982e-10	0.01488757263348514	0.9999999954577045	0.596481393529992	0.40351860647000803	0.45045865953579434	2
cylinder	DMRG	8.0	7	n	UHFsym	0.9999999998135363	-1.8645773813830147e-10	1.8645773817306908e-10	1.0000000000000309	0.9999999954577045	0.9998467129260218	0.0001532870739782144	0.00758243551060882	2
cylinder	DMRG	8.0	7	Sz	chi4	-7.28471068189851e-10	-7.407111937696165e-10	NaN	1.0000000000021687	1.0000000007008067	0.9659659340881745	0.03403406591182545	0.08616510740862213	2
cylinder	DMRG	8.0	7	Sz	chi8	-7.28471068189851e-10	4.136938257237599e-10	NaN	1.0000000006573615	1.0000000007008067	0.9885262147059449	0.011473785294055072	0.05727812969092912	2
cylinder	DMRG	8.0	7	Sz	chi32	-7.28471068189851e-10	-5.008510238491137e-10	NaN	1.0000000000904359	1.0000000007008067	0.9989649453499405	0.001035054650059486	0.01919592349532768	2
cylinder	DMRG	8.0	7	Sz	chi128	-7.28471068189851e-10	-2.632561946214196e-10	NaN	1.0000000003944287	1.0000000007008067	0.999992474231262	7.525768737970395e-6	0.0017009085300669254	2
cylinder	DMRG	8.0	7	Sz	exact	-7.28471068189851e-10	0.0	NaN	1.0000000007008067	1.0000000007008067	0.9999999999999967	3.3306690738754696e-15	0.0	2
cylinder	DMRG	8.0	7	Sz	UHF	-7.28471068189851e-10	-0.4466674417804902	NaN	0.030218092281914227	1.0000000007008067	0.596481393529992	0.40351860647000803	0.45045865953579434	2
cylinder	DMRG	8.0	7	Sz	UHFsym	-7.28471068189851e-10	-7.284710662382871e-10	NaN	1.0000000000000002	1.0000000007008067	0.9998467129260218	0.0001532870739782144	0.00758243551060882	2
cylinder	DMRG	8.0	7	DoubleOcc	chi4	0.054279414766114115	0.043082553619340325	0.7937180937742196	15.026949448296369	73.24502458135947	0.9659659340881745	0.03403406591182545	0.08616510740862213	2
cylinder	DMRG	8.0	7	DoubleOcc	chi8	0.054279414766114115	0.02863906458731394	0.5276229434439833	26.344798888418833	73.24502458135947	0.9885262147059449	0.011473785294055072	0.05727812969092912	2
cylinder	DMRG	8.0	7	DoubleOcc	chi32	0.054279414766114115	0.00959796159297488	0.176825075110551	58.816541004551	73.24502458135947	0.9989649453499405	0.001035054650059486	0.01919592349532768	2
cylinder	DMRG	8.0	7	DoubleOcc	chi128	0.054279414766114115	0.00085045419390542	0.01566807964989974	72.70439001235894	73.24502458135947	0.999992474231262	7.525768737970395e-6	0.0017009085300669254	2
cylinder	DMRG	8.0	7	DoubleOcc	exact	0.054279414766114115	0.0	0.0	73.24502458135947	73.24502458135947	0.9999999999999967	3.3306690738754696e-15	0.0	2
cylinder	DMRG	8.0	7	DoubleOcc	UHF	0.054279414766114115	0.003791217662073243	0.0698463253225797	1.7469391548419795	73.24502458135947	0.596481393529992	0.40351860647000803	0.45045865953579434	2
cylinder	DMRG	8.0	7	DoubleOcc	UHFsym	0.054279414766114115	0.0037912176620736315	0.06984632532258686	69.45415988320704	73.24502458135947	0.9998467129260218	0.0001532870739782144	0.00758243551060882	2
cylinder	DMRG	8.0	7	ZZ onsite	chi4	-0.782882340562618	0.17233021481724398	0.22012275138739107	18.59664445507743	161.3086585122423	0.9659659340881745	0.03403406591182545	0.08616510740862213	2
cylinder	DMRG	8.0	7	ZZ onsite	chi8	-0.782882340562618	0.1145562593818581	0.14632627847951238	36.87882579435317	161.3086585122423	0.9885262147059449	0.011473785294055072	0.05727812969092912	2
cylinder	DMRG	8.0	7	ZZ onsite	chi32	-0.782882340562618	0.03839184699065512	0.04903910204829099	117.95006080498038	161.3086585122423	0.9989649453499405	0.001035054650059486	0.01919592349532768	2
cylinder	DMRG	8.0	7	ZZ onsite	chi128	-0.782882340562618	0.0034018170601336495	0.004345246895834865	161.06591688111624	161.3086585122423	0.999992474231262	7.525768737970395e-6	0.0017009085300669254	2
cylinder	DMRG	8.0	7	ZZ onsite	exact	-0.782882340562618	0.0	0.0	161.3086585122423	161.3086585122423	0.9999999999999967	3.3306690738754696e-15	0.0	2
cylinder	DMRG	8.0	7	ZZ onsite	UHF	-0.782882340562618	0.015164871021218107	0.019370562133666065	153.14965211149539	161.3086585122423	0.596481393529992	0.40351860647000803	0.45045865953579434	2
cylinder	DMRG	8.0	7	ZZ onsite	UHFsym	-0.782882340562618	0.015164871021213888	0.019370562133660674	153.14965211150002	161.3086585122423	0.9998467129260218	0.0001532870739782144	0.00758243551060882	2
cylinder	DMRG	8.0	7	ZZ up-up nb	chi4	-0.3955179532568244	0.13293025220364774	0.33609157589195765	5.432064757537992	16.519460395829554	0.9943750781078285	0.005624921892171453	0.06646512610182388	2
cylinder	DMRG	8.0	7	ZZ up-up nb	chi8	-0.3955179532568244	0.12756113662777935	0.3225166786422694	5.720221530533226	16.519460395829554	0.9948372862496869	0.005162713750313075	0.06378056831388976	2
cylinder	DMRG	8.0	7	ZZ up-up nb	chi32	-0.3955179532568244	0.034475199745024054	0.08716468989876178	14.014968320898108	16.519460395829554	0.9996418214241195	0.00035817857588049673	0.01723759987251207	2
cylinder	DMRG	8.0	7	ZZ up-up nb	chi128	-0.3955179532568244	0.002416231860136786	0.006109032068559067	16.44509526023426	16.519460395829554	0.9999982678258021	1.7321741978548744e-6	0.0012081159300684347	2
cylinder	DMRG	8.0	7	ZZ up-up nb	exact	-0.3955179532568244	0.0	0.0	16.519460395829554	16.519460395829554	0.9999999999999967	3.3306690738754696e-15	0.0	2
cylinder	DMRG	8.0	7	ZZ up-up nb	UHF	-0.3955179532568244	0.4481710865627574	1.1331245089442081	0.7349466918275105	16.519460395829554	0.5740836088490137	0.42591639115098634	0.5687898422256129	2
cylinder	DMRG	8.0	7	ZZ up-up nb	UHFsym	-0.3955179532568244	-0.08412016881981998	0.2126835662632934	10.359661679453417	16.519460395829554	0.9979407937606695	0.0020592062393305355	0.04244975589994142	2
cylinder	DMRG	8.0	7	SzSz nb	chi4	-0.09309705319356294	0.03341656759403795	0.3589433440450561	5.539516017510961	12.885804318505363	0.8353979455058416	0.16460205449415843	0.174142252972485	4
cylinder	DMRG	8.0	7	SzSz nb	chi8	-0.09309705319356294	0.03181891629383611	0.34178220687264654	5.881506150345163	12.885804318505363	0.9102777000483298	0.08972229995167025	0.13946968035067453	4
cylinder	DMRG	8.0	7	SzSz nb	chi32	-0.09309705319356294	0.007737593218122188	0.08311319158550115	12.344150131816118	12.885804318505363	0.9965994498340036	0.0034005501659963855	0.035962797178498034	4
cylinder	DMRG	8.0	7	SzSz nb	chi128	-0.09309705319356294	0.0005842242010240528	0.0062754317240241945	12.914519565174793	12.885804318505363	0.9999693443367554	3.065566324456093e-5	0.003168635241479683	4
cylinder	DMRG	8.0	7	SzSz nb	exact	-0.09309705319356294	0.0	0.0	12.885804318505363	12.885804318505363	0.9999999999999971	2.886579864025407e-15	0.0	4
cylinder	DMRG	8.0	7	SzSz nb	UHF	-0.09309705319356294	0.112119978231864	1.2043343412680259	0.750640217265173	12.885804318505363	0.4492638873357508	0.5507361126642492	0.6372169855162472	4
cylinder	DMRG	8.0	7	SzSz nb	UHFsym	-0.09309705319356294	-0.020952835613780224	0.2250644343190551	7.663762919027287	12.885804318505363	0.9936284971512832	0.006371502848716792	0.07717147118450979	4
cylinder	DMRG	8.0	7	SxSx nb	chi4	-0.09309706051386389	0.03964411640764877	0.42583639256520905	4.289489155693902	13.128821640479185	0.8353979455058416	0.16460205449415843	0.174142252972485	4
cylinder	DMRG	8.0	7	SxSx nb	chi8	-0.09309706051386389	0.02789743213397612	0.29965964532061323	6.610411046670242	13.128821640479185	0.9102777000483298	0.08972229995167025	0.13946968035067453	4
cylinder	DMRG	8.0	7	SxSx nb	chi32	-0.09309706051386389	0.009054053795387734	0.09725391699171228	12.11708149794165	13.128821640479185	0.9965994498340036	0.0034005501659963855	0.035962797178498034	4
cylinder	DMRG	8.0	7	SxSx nb	chi128	-0.09309706051386389	0.0006777918387699533	0.00728048592542852	13.14537414502017	13.128821640479185	0.9999693443367554	3.065566324456093e-5	0.003168635241479683	4
cylinder	DMRG	8.0	7	SxSx nb	exact	-0.09309706051386389	0.0	0.0	13.128821640479185	13.128821640479185	0.9999999999999971	2.886579864025407e-15	0.0	4
cylinder	DMRG	8.0	7	SxSx nb	UHF	-0.09309706051386389	-0.08739183198439555	0.9387174149433137	1.1072407141292704	13.128821640479185	0.4492638873357508	0.5507361126642492	0.6372169855162472	4
cylinder	DMRG	8.0	7	SxSx nb	UHFsym	-0.09309706051386389	-0.02085542506157341	0.22401808334719278	7.864978243293786	13.128821640479185	0.9936284971512832	0.006371502848716792	0.07717147118450979	4
cylinder	ED	8.0	9	n	chi4	0.999999999999733	-3.5085157001901734e-11	3.5085157001911105e-11	0.9999999990745215	0.9999999990160572	0.9761543867205686	0.023845613279431355	0.06713373843063422	2
cylinder	ED	8.0	9	n	chi8	0.999999999999733	1.883138089908698e-11	1.8831380899092008e-11	0.999999999399687	0.9999999990160572	0.9786502793585983	0.021349720641401726	0.0646263318519299	2
cylinder	ED	8.0	9	n	chi32	0.999999999999733	-5.300949679210021e-10	5.300949679211436e-10	0.9999999999180605	0.9999999990160572	0.9994926569283553	0.0005073430716446836	0.012386612911843835	2
cylinder	ED	8.0	9	n	chi128	0.999999999999733	2.7383506573386285e-10	2.7383506573393595e-10	0.9999999988288071	0.9999999990160572	0.9999898141868871	1.0185813112850717e-5	0.0018062980145733612	2
cylinder	ED	8.0	9	n	exact	0.999999999999733	-3.793465541690466e-11	3.793465541691479e-11	0.9999999990160572	0.9999999990160572	0.9999999999999694	3.064215547965432e-14	9.458129783881941e-8	2
cylinder	ED	8.0	9	n	UHF	0.999999999999733	-2.65898414397725e-13	2.65898414397796e-13	0.010434755085044732	0.9999999990160572	0.5759242039429655	0.4240757960570345	0.4633140002044371	2
cylinder	ED	8.0	9	n	UHFsym	0.999999999999733	-2.601252546696742e-13	2.6012525466974365e-13	1.0000000000000324	0.9999999990160572	0.9997144890695325	0.00028551093046746967	0.009371365761256821	2
cylinder	ED	8.0	9	Sz	chi4	6.64080943013623e-11	1.39097724310977e-9	NaN	1.0000000059935004	1.0000000063778762	0.9761543867205686	0.023845613279431355	0.06713373843063422	2
cylinder	ED	8.0	9	Sz	chi8	6.64080943013623e-11	8.408771092621725e-10	NaN	1.000000003516595	1.0000000063778762	0.9786502793585983	0.021349720641401726	0.0646263318519299	2
cylinder	ED	8.0	9	Sz	chi32	6.64080943013623e-11	1.254433584785275e-9	NaN	1.0000000052211813	1.0000000063778762	0.9994926569283553	0.0005073430716446836	0.012386612911843835	2
cylinder	ED	8.0	9	Sz	chi128	6.64080943013623e-11	1.0959006827016005e-9	NaN	1.0000000047516258	1.0000000063778762	0.9999898141868871	1.0185813112850717e-5	0.0018062980145733612	2
cylinder	ED	8.0	9	Sz	exact	6.64080943013623e-11	1.4759668418018457e-9	NaN	1.0000000063778762	1.0000000063778762	0.9999999999999694	3.064215547965432e-14	9.458129783881941e-8	2
cylinder	ED	8.0	9	Sz	UHF	6.64080943013623e-11	0.45862831732380893	NaN	0.03503008897189029	1.0000000063778762	0.5759242039429655	0.4240757960570345	0.4633140002044371	2
cylinder	ED	8.0	9	Sz	UHFsym	6.64080943013623e-11	6.640812747794878e-11	NaN	1.0000000000000007	1.0000000063778762	0.9997144890695325	0.00028551093046746967	0.009371365761256821	2
cylinder	ED	8.0	9	DoubleOcc	chi4	0.04434574949014078	0.033566869197774934	0.7569354353845734	22.589476781022658	73.76470914148771	0.9761543867205686	0.023845613279431355	0.06713373843063422	2
cylinder	ED	8.0	9	DoubleOcc	chi8	0.04434574949014078	0.03231316593538147	0.7286643321377516	23.72248253439567	73.76470914148771	0.9786502793585983	0.021349720641401726	0.0646263318519299	2
cylinder	ED	8.0	9	DoubleOcc	chi32	0.04434574949014078	0.006193306190875242	0.13965952232360343	65.89597085880627	73.76470914148771	0.9994926569283553	0.0005073430716446836	0.012386612911843835	2
cylinder	ED	8.0	9	DoubleOcc	chi128	0.04434574949014078	0.000903149144204779	0.02036608140776993	73.10685846347691	73.76470914148771	0.9999898141868871	1.0185813112850717e-5	0.0018062980145733612	2
cylinder	ED	8.0	9	DoubleOcc	exact	0.04434574949014078	4.7271682152016936e-8	1.0659800024921593e-6	73.76470914148771	73.76470914148771	0.9999999999999694	3.064215547965432e-14	9.458129783881941e-8	2
cylinder	ED	8.0	9	DoubleOcc	UHF	0.04434574949014078	0.00468568288049645	0.10566250281863429	1.1743163404238028	73.76470914148771	0.5759242039429655	0.4240757960570345	0.4633140002044371	2
cylinder	ED	8.0	9	DoubleOcc	UHFsym	0.04434574949014078	0.0046856828804974215	0.10566250281865619	68.43359978913095	73.76470914148771	0.9997144890695325	0.00028551093046746967	0.009371365761256821	2
cylinder	ED	8.0	9	ZZ onsite	chi4	-0.8226170020389055	0.1342674768612685	0.1632199146485892	28.103789114263876	169.56529613135905	0.9761543867205686	0.023845613279431355	0.06713373843063422	2
cylinder	ED	8.0	9	ZZ onsite	chi8	-0.8226170020389055	0.1292526637038598	0.15712374456581776	29.84600720290077	169.56529613135905	0.9786502793585983	0.021349720641401726	0.0646263318519299	2
cylinder	ED	8.0	9	ZZ onsite	chi32	-0.8226170020389055	0.024773225823687572	0.03011513956347322	136.57320617486909	169.56529613135905	0.9994926569283553	0.0005073430716446836	0.012386612911843835	2
cylinder	ED	8.0	9	ZZ onsite	chi128	-0.8226170020389055	0.003612596029146542	0.004391589306071363	166.9177245801084	169.56529613135905	0.9999898141868871	1.0185813112850717e-5	0.0018062980145733612	2
cylinder	ED	8.0	9	ZZ onsite	exact	-0.8226170020389055	1.891625956984555e-7	2.2995220768547777e-7	169.56529613135905	169.56529613135905	0.9999999999999694	3.064215547965432e-14	9.458129783881941e-8	2
cylinder	ED	8.0	9	ZZ onsite	UHF	-0.8226170020389055	0.018742731522514933	0.022784274426689396	146.92009549284816	169.56529613135905	0.5759242039429655	0.4240757960570345	0.4633140002044371	2
cylinder	ED	8.0	9	ZZ onsite	UHFsym	-0.8226170020389055	0.018742731522513156	0.022784274426687234	146.92009549285123	169.56529613135905	0.9997144890695325	0.00028551093046746967	0.009371365761256821	2
cylinder	ED	8.0	9	ZZ up-up nb	chi4	-0.4946675176205149	0.05276240888029543	0.10666236815810536	23.13240640470361	32.46237965626104	0.9990443263182102	0.000955673681789837	0.02638120444014773	2
cylinder	ED	8.0	9	ZZ up-up nb	chi8	-0.4946675176205149	0.07511362648847758	0.15184669260232514	18.108174767616436	32.46237965626104	0.9980304984503625	0.001969501549637487	0.03755681324423873	2
cylinder	ED	8.0	9	ZZ up-up nb	chi32	-0.4946675176205149	0.02801498379565376	0.05663396685194418	28.88314077443925	32.46237965626104	0.9997352741484443	0.0002647258515556805	0.014007491897826858	2
cylinder	ED	8.0	9	ZZ up-up nb	chi128	-0.4946675176205149	0.0034452987238087762	0.0069648776220067946	32.32588497005183	32.46237965626104	0.9999960621851912	3.9378148087854115e-6	0.001722649361904402	2
cylinder	ED	8.0	9	ZZ up-up nb	exact	-0.4946675176205149	5.607048746414378e-7	1.1334984705253753e-6	32.46237965626104	32.46237965626104	0.9999999999998925	1.0746958878371515e-13	2.803524373484745e-7	2
cylinder	ED	8.0	9	ZZ up-up nb	UHF	-0.4946675176205149	0.3969927951464403	0.8025447012492016	1.4877039194989632	32.46237965626104	0.5527317204606799	0.44726827953932013	0.5692696385028567	2
cylinder	ED	8.0	9	ZZ up-up nb	UHFsym	-0.4946675176205149	-0.1641875740161069	0.33191500991594053	7.410028522988989	32.46237965626104	0.9917860642432822	0.008213935756717805	0.08250460719045727	2
cylinder	ED	8.0	9	SzSz nb	chi4	-0.11684564819412242	0.014622393293602085	0.12514281464132115	16.679619306246927	21.962201299965983	0.8808429535810877	0.11915704641891234	0.13047552503267826	4
cylinder	ED	8.0	9	SzSz nb	chi8	-0.11684564819412242	0.01852955337380273	0.15858145904602722	14.402062225815934	21.962201299965983	0.9348851696102596	0.06511483038974042	0.1041838985052709	4
cylinder	ED	8.0	9	SzSz nb	chi32	-0.11684564819412242	0.006938691684398188	0.05938339845460516	20.503484735502163	21.962201299965983	0.9986826825818809	0.001317317418119135	0.02495188622596532	4
cylinder	ED	8.0	9	SzSz nb	chi128	-0.11684564819412242	0.0008144350699866437	0.0069701788861967345	21.94831096964088	21.962201299965983	0.9999639607342222	3.6039265777776386e-5	0.003307239425432896	4
cylinder	ED	8.0	9	SzSz nb	exact	-0.11684564819412242	1.3000969104060012e-7	1.1126618153943356e-6	21.962201299965983	21.962201299965983	0.999999999999639	3.610445276081009e-13	4.945095922039759e-7	4
cylinder	ED	8.0	9	SzSz nb	UHF	-0.11684564819412242	0.09978185759692466	0.8539629771333144	1.355774455564068	21.962201299965983	0.4486271148272897	0.5513728851727103	0.6445555022040719	4
cylinder	ED	8.0	9	SzSz nb	UHFsym	-0.11684564819412242	-0.04051323469371239	0.34672437801368017	6.197119180371994	21.962201299965983	0.9801028544211602	0.019897145578839814	0.13342415282000536	4
cylinder	ED	8.0	9	SxSx nb	chi4	-0.11684564832475412	0.019682896551548104	0.16845211468075033	14.803644676209329	25.19887156901489	0.8808429535810877	0.11915704641891234	0.13047552503267826	4
cylinder	ED	8.0	9	SxSx nb	chi8	-0.11684564832475412	0.019043277267879535	0.16297806157873965	15.355685223055357	25.19887156901489	0.9348851696102596	0.06511483038974042	0.1041838985052709	4
cylinder	ED	8.0	9	SxSx nb	chi32	-0.11684564832475412	0.005085904382498133	0.043526690599231053	24.035615731276703	25.19887156901489	0.9986826825818809	0.001317317418119135	0.02495188622596532	4
cylinder	ED	8.0	9	SxSx nb	chi128	-0.11684564832475412	0.0008072865741312468	0.006908999913180512	25.172690091234987	25.19887156901489	0.9999639607342222	3.6039265777776386e-5	0.003307239425432896	4
cylinder	ED	8.0	9	SxSx nb	exact	-0.11684564832475412	1.3699127883459727e-7	1.172412330272254e-6	25.19887156901489	25.19887156901489	0.999999999999639	3.610445276081009e-13	4.945095922039759e-7	4
cylinder	ED	8.0	9	SxSx nb	UHF	-0.11684564832475412	-0.11055807592406229	0.9461890751530899	1.1298828044113456	25.19887156901489	0.4486271148272897	0.5513728851727103	0.6445555022040719	4
cylinder	ED	8.0	9	SxSx nb	UHFsym	-0.11684564832475412	-0.04041052977874364	0.3458453982507669	6.547905952610587	25.19887156901489	0.9801028544211602	0.019897145578839814	0.13342415282000536	4
cylinder	DMRG	8.0	9	n	chi4	1.0000000000376676	2.8494984150029268e-12	2.849498414895593e-12	0.9999999990745215	0.9999999990160572	0.976154437477453	0.023845562522546992	0.06713364384933637	2
cylinder	DMRG	8.0	9	n	chi8	1.0000000000376676	5.676603631599164e-11	5.67660363138534e-11	0.999999999399687	0.9999999990160572	0.9786503274471061	0.021349672552893884	0.06462623727063205	2
cylinder	DMRG	8.0	9	n	chi32	1.0000000000376676	-4.921603125040974e-10	4.921603124855589e-10	0.9999999999180605	0.9999999990160572	0.9994926644198907	0.0005073355801092916	0.012386518330545996	2
cylinder	DMRG	8.0	9	n	chi128	1.0000000000376676	3.117697211507675e-10	3.1176972113902387e-10	0.9999999988288071	0.9999999990160572	0.9999898152486237	1.018475137626318e-5	0.0018062034332755224	2
cylinder	DMRG	8.0	9	n	exact	1.0000000000376676	0.0	0.0	0.9999999990160572	0.9999999990160572	0.9999999999999987	1.3322676295501878e-15	0.0	2
cylinder	DMRG	8.0	9	n	UHF	1.0000000000376676	3.7668757002506936e-11	3.7668757001088044e-11	0.010434755085044732	0.9999999990160572	0.57592419075227	0.42407580924773003	0.4633139514378219	2
cylinder	DMRG	8.0	9	n	UHFsym	1.0000000000376676	3.767453016223499e-11	3.7674530160815875e-11	1.0000000000000324	0.9999999990160572	0.9997144946900858	0.0002855053099142246	0.009371271179958984	2
cylinder	DMRG	8.0	9	Sz	chi4	-1.4095587475004834e-9	-8.498959869207567e-11	NaN	1.0000000059935004	1.0000000063778762	0.976154437477453	0.023845562522546992	0.06713364384933637	2
cylinder	DMRG	8.0	9	Sz	chi8	-1.4095587475004834e-9	-6.350897325396732e-10	NaN	1.000000003516595	1.0000000063778762	0.9786503274471061	0.021349672552893884	0.06462623727063205	2
cylinder	DMRG	8.0	9	Sz	chi32	-1.4095587475004834e-9	-2.2153325701657067e-10	NaN	1.0000000052211813	1.0000000063778762	0.9994926644198907	0.0005073355801092916	0.012386518330545996	2
cylinder	DMRG	8.0	9	Sz	chi128	-1.4095587475004834e-9	-3.800661591002452e-10	NaN	1.0000000047516258	1.0000000063778762	0.9999898152486237	1.018475137626318e-5	0.0018062034332755224	2
cylinder	DMRG	8.0	9	Sz	exact	-1.4095587475004834e-9	0.0	NaN	1.0000000063778762	1.0000000063778762	0.9999999999999987	1.3322676295501878e-15	0.0	2
cylinder	DMRG	8.0	9	Sz	UHF	-1.4095587475004834e-9	0.4586283158478421	NaN	0.03503008897189029	1.0000000063778762	0.57592419075227	0.42407580924773003	0.4633139514378219	2
cylinder	DMRG	8.0	9	Sz	UHFsym	-1.4095587475004834e-9	-1.409558714323897e-9	NaN	1.0000000000000007	1.0000000063778762	0.9997144946900858	0.0002855053099142246	0.009371271179958984	2
cylinder	DMRG	8.0	9	DoubleOcc	chi4	0.04434570221845863	0.03356682192609278	0.756935176282332	22.589476781022658	73.76470914148771	0.976154437477453	0.023845562522546992	0.06713364384933637	2
cylinder	DMRG	8.0	9	DoubleOcc	chi8	0.04434570221845863	0.03231311866369932	0.7286640428990474	23.72248253439567	73.76470914148771	0.9786503274471061	0.021349672552893884	0.06462623727063205	2
cylinder	DMRG	8.0	9	DoubleOcc	chi32	0.04434570221845863	0.00619325891919309	0.13965860521688128	65.89597085880627	73.76470914148771	0.9994926644198907	0.0005073355801092916	0.012386518330545996	2
cylinder	DMRG	8.0	9	DoubleOcc	chi128	0.04434570221845863	0.000903101872522627	0.020365037136489777	73.10685846347691	73.76470914148771	0.9999898152486237	1.018475137626318e-5	0.0018062034332755224	2
cylinder	DMRG	8.0	9	DoubleOcc	exact	0.04434570221845863	0.0	0.0	73.76470914148771	73.76470914148771	0.9999999999999987	1.3322676295501878e-15	0.0	2
cylinder	DMRG	8.0	9	DoubleOcc	UHF	0.04434570221845863	0.004685635608814298	0.10566154947173056	1.1743163404238028	73.76470914148771	0.57592419075227	0.42407580924773003	0.4633139514378219	2
cylinder	DMRG	8.0	9	DoubleOcc	UHFsym	0.04434570221845863	0.0046856356088152695	0.10566154947175248	68.43359978913095	73.76470914148771	0.9997144946900858	0.0002855053099142246	0.009371271179958984	2
cylinder	DMRG	8.0	9	ZZ onsite	chi4	-0.8226171912015012	0.1342672876986728	0.16321964716366333	28.103789114263876	169.56529613135905	0.976154437477453	0.023845562522546992	0.06713364384933637	2
cylinder	DMRG	8.0	9	ZZ onsite	chi8	-0.8226171912015012	0.1292524745412641	0.15712347848271935	29.84600720290077	169.56529613135905	0.9786503274471061	0.021349672552893884	0.06462623727063205	2
cylinder	DMRG	8.0	9	ZZ onsite	chi32	-0.8226171912015012	0.024773036661091874	0.030114902686277176	136.57320617486909	169.56529613135905	0.9994926644198907	0.0005073355801092916	0.012386518330545996	2
cylinder	DMRG	8.0	9	ZZ onsite	chi128	-0.8226171912015012	0.0036124068665508435	0.004391358344061132	166.9177245801084	169.56529613135905	0.9999898152486237	1.018475137626318e-5	0.0018062034332755224	2
cylinder	DMRG	8.0	9	ZZ onsite	exact	-0.8226171912015012	0.0	0.0	169.56529613135905	169.56529613135905	0.9999999999999987	1.3322676295501878e-15	0.0	2
cylinder	DMRG	8.0	9	ZZ onsite	UHF	-0.8226171912015012	0.018742542359919234	0.022784039235241586	146.92009549284816	169.56529613135905	0.57592419075227	0.42407580924773003	0.4633139514378219	2
cylinder	DMRG	8.0	9	ZZ onsite	UHFsym	-0.8226171912015012	0.018742542359917458	0.022784039235239428	146.92009549285123	169.56529613135905	0.9997144946900858	0.0002855053099142246	0.009371271179958984	2
cylinder	DMRG	8.0	9	ZZ up-up nb	chi4	-0.49466807832538956	0.05276184817542079	0.10666111375942552	23.11797917373886	32.43955418627501	0.9990443462533134	0.0009556537466866022	0.02638092408771038	2
cylinder	DMRG	8.0	9	ZZ up-up nb	chi8	-0.49466807832538956	0.07511306578360294	0.1518453869873407	18.09853997012328	32.43955418627501	0.9980305270540513	0.001969472945948736	0.03755653289180138	2
cylinder	DMRG	8.0	9	ZZ up-up nb	chi32	-0.49466807832538956	0.028014423090779117	0.05663276916031643	28.86278384559511	32.43955418627501	0.9997352846441102	0.00026471535588978856	0.01400721154538951	2
cylinder	DMRG	8.0	9	ZZ up-up nb	chi128	-0.49466807832538956	0.0034447380189341348	0.0069637362301519035	32.30290806156634	32.43955418627501	0.9999960634653559	3.9365346441444515e-6	0.0017223690094670535	2
cylinder	DMRG	8.0	9	ZZ up-up nb	exact	-0.49466807832538956	0.0	0.0	32.43955418627501	32.43955418627501	0.9999999999999991	8.881784197001252e-16	0.0	2
cylinder	DMRG	8.0	9	ZZ up-up nb	UHF	-0.49466807832538956	0.3969922344415657	0.8025426580698556	1.487536335225746	32.43955418627501	0.5527318005070287	0.44726819949297125	0.5692694966828763	2
cylinder	DMRG	8.0	9	ZZ up-up nb	UHFsym	-0.49466807832538956	-0.16418813472098154	0.3319157671883966	7.409541955805202	32.43955418627501	0.9917860060116578	0.008213993988342216	0.08250488754289464	2
cylinder	DMRG	8.0	9	SzSz nb	chi4	-0.11684577820381346	0.014622263283911044	0.12514156273926738	16.67606682697312	21.95653968082562	0.880843152694342	0.11915684730565801	0.1304753600280406	4
cylinder	DMRG	8.0	9	SzSz nb	chi8	-0.11684577820381346	0.01852942336411169	0.15858016993811205	14.399409580184967	21.95653968082562	0.9348853249180153	0.06511467508198465	0.10418374931299591	4
cylinder	DMRG	8.0	9	SzSz nb	chi32	-0.11684577820381346	0.006938561674707147	0.05938221972046137	20.498376594875577	21.95653968082562	0.9986827107773006	0.0013172892226993582	0.024951533713926215	4
cylinder	DMRG	8.0	9	SzSz nb	chi128	-0.11684577820381346	0.0008143050602956031	0.006969058470176091	21.94262215905188	21.95653968082562	0.9999639668500495	3.603314995048734e-5	0.003306748722241048	4
cylinder	DMRG	8.0	9	SzSz nb	exact	-0.11684577820381346	0.0	0.0	21.95653968082562	21.95653968082562	1.0000000000000218	-2.1760371282653068e-14	0.0	4
cylinder	DMRG	8.0	9	SzSz nb	UHF	-0.11684577820381346	0.09978172758723362	0.8539609143017978	1.3557354041019527	21.95653968082562	0.4486272335060526	0.5513727664939474	0.6445555350181015	4
cylinder	DMRG	8.0	9	SzSz nb	UHFsym	-0.11684577820381346	-0.04051336470340343	0.3467251048877109	6.196813691632863	21.95653968082562	0.9801027618954288	0.019897238104571224	0.1334244136234835	4
cylinder	DMRG	8.0	9	SxSx nb	chi4	-0.11684578531603296	0.01968275956026927	0.16845074477468985	14.803644676209329	25.19887156901489	0.880843152694342	0.11915684730565801	0.1304753600280406	4
cylinder	DMRG	8.0	9	SxSx nb	chi8	-0.11684578531603296	0.0190431402766007	0.16297669809051898	15.355685223055357	25.19887156901489	0.9348853249180153	0.06511467508198465	0.10418374931299591	4
cylinder	DMRG	8.0	9	SxSx nb	chi32	-0.11684578531603296	0.005085767391219298	0.0435254671571064	24.035615731276703	25.19887156901489	0.9986827107773006	0.0013172892226993582	0.024951533713926215	4
cylinder	DMRG	8.0	9	SxSx nb	chi128	-0.11684578531603296	0.0008071495828524122	0.006907819402037597	25.172690091234987	25.19887156901489	0.9999639668500495	3.603314995048734e-5	0.003306748722241048	4
cylinder	DMRG	8.0	9	SxSx nb	exact	-0.11684578531603296	0.0	0.0	25.19887156901489	25.19887156901489	1.0000000000000218	-2.1760371282653068e-14	0.0	4
cylinder	DMRG	8.0	9	SxSx nb	UHF	-0.11684578531603296	-0.11055821291534113	0.9461891382416078	1.1298828044113456	25.19887156901489	0.4486272335060526	0.5513727664939474	0.6445555350181015	4
cylinder	DMRG	8.0	9	SxSx nb	UHFsym	-0.11684578531603296	-0.040410666770022474	0.3458461651887887	6.547905952610587	25.19887156901489	0.9801027618954288	0.019897238104571224	0.1334244136234835	4
cylinder	ED	8.0	10	n	chi4	0.9999999999986258	3.344668986215993e-11	3.3446689862205895e-11	1.000000012440824	1.0000000106024725	0.9761543867172988	0.023845613282701184	0.06713373843673068	2
cylinder	ED	8.0	10	n	chi8	0.9999999999986258	1.9418544550120487e-10	1.9418544550147174e-10	1.0000000140917793	1.0000000106024725	0.9917988665778803	0.0082011334221197	0.04453413128737356	2
cylinder	ED	8.0	10	n	chi32	0.9999999999986258	4.672843223474388e-10	4.67284322348081e-10	1.0000000150142292	1.0000000106024725	0.9995962077162347	0.00040379228376530296	0.011091223801516815	2
cylinder	ED	8.0	10	n	chi128	0.9999999999986258	1.1419687417912883e-10	1.1419687417928576e-10	1.0000000126548263	1.0000000106024725	0.9999932913464734	6.708653526588115e-6	0.0014672004792652786	2
cylinder	ED	8.0	10	n	exact	0.9999999999986258	3.13431391951724e-10	3.134313919521547e-10	1.0000000106024725	1.0000000106024725	0.9999999999999725	2.7533531010703882e-14	9.250944084035484e-8	2
cylinder	ED	8.0	10	n	UHF	0.9999999999986258	-1.3726797476465435e-12	1.37267974764843e-12	0.012498122030064151	1.0000000106024725	0.5759242042476642	0.4240757957523358	0.4633139999129361	2
cylinder	ED	8.0	10	n	UHFsym	0.9999999999986258	-1.3670176102209552e-12	1.3670176102228338e-12	1.000000000000038	1.0000000106024725	0.9997144890691728	0.00028551093082718193	0.009371365767353474	2
cylinder	ED	8.0	10	Sz	chi4	2.2814224814871054e-10	-2.2030385762178417e-9	NaN	1.0000000022081055	1.0000000012185337	0.9761543867172988	0.023845613282701184	0.06713373843673068	2
cylinder	ED	8.0	10	Sz	chi8	2.2814224814871054e-10	-2.5174483418016758e-9	NaN	1.000000002137958	1.0000000012185337	0.9917988665778803	0.0082011334221197	0.04453413128737356	2
cylinder	ED	8.0	10	Sz	chi32	2.2814224814871054e-10	-2.6834714242363056e-9	NaN	1.0000000016723918	1.0000000012185337	0.9995962077162347	0.00040379228376530296	0.011091223801516815	2
cylinder	ED	8.0	10	Sz	chi128	2.2814224814871054e-10	-2.2406387092943625e-9	NaN	1.0000000020596334	1.0000000012185337	0.9999932913464734	6.708653526588115e-6	0.0014672004792652786	2
cylinder	ED	8.0	10	Sz	exact	2.2814224814871054e-10	-1.8287752770462795e-9	NaN	1.0000000012185337	1.0000000012185337	0.9999999999999725	2.7533531010703882e-14	9.250944084035484e-8	2
cylinder	ED	8.0	10	Sz	UHF	2.2814224814871054e-10	-0.45862831702925894	NaN	0.023864818607071746	1.0000000012185337	0.5759242042476642	0.4240757957523358	0.4633139999129361	2
cylinder	ED	8.0	10	Sz	UHFsym	2.2814224814871054e-10	2.2814219046915496e-10	NaN	0.9999999999999966	1.0000000012185337	0.9997144890691728	0.00028551093082718193	0.009371365767353474	2
cylinder	ED	8.0	10	DoubleOcc	chi4	0.04434574949263487	0.0335668692350885	0.7569354361834257	29.4048513521252	87.49373096417105	0.9761543867172988	0.023845613282701184	0.06713373843673068	2
cylinder	ED	8.0	10	DoubleOcc	chi8	0.04434574949263487	0.0222670657407798	0.5021240140383243	48.44075427300243	87.49373096417105	0.9917988665778803	0.0082011334221197	0.04453413128737356	2
cylinder	ED	8.0	10	DoubleOcc	chi32	0.04434574949263487	0.00554561213440119	0.1250539724291328	86.20581071933	87.49373096417105	0.9995962077162347	0.00040379228376530296	0.011091223801516815	2
cylinder	ED	8.0	10	DoubleOcc	chi128	0.04434574949263487	0.0007336002967312238	0.01654274209195773	87.9420675311205	87.49373096417105	0.9999932913464734	6.708653526588115e-6	0.0014672004792652786	2
cylinder	ED	8.0	10	DoubleOcc	exact	0.04434574949263487	4.6411436083193536e-8	1.046581388615424e-6	87.49373096417105	87.49373096417105	0.9999999999999725	2.7533531010703882e-14	9.250944084035484e-8	2
cylinder	ED	8.0	10	DoubleOcc	UHF	0.04434574949263487	0.00468568288299101	0.10566250286894414	1.7643844075223478	87.49373096417105	0.5759242042476642	0.4240757957523358	0.4633139999129361	2
cylinder	ED	8.0	10	DoubleOcc	UHFsym	0.04434574949263487	0.004685682882991843	0.10566250286896292	87.09760379966218	87.49373096417105	0.9997144890691728	0.00028551093082718193	0.009371365767353474	2
cylinder	ED	8.0	10	ZZ onsite	chi4	-0.8226170020267126	0.1342674768734614	0.16321991466583058	32.088881196711135	221.7163188508691	0.9761543867172988	0.023845613282701184	0.06713373843673068	2
cylinder	ED	8.0	10	ZZ onsite	chi8	-0.8226170020267126	0.08906826257474709	0.10827427874126871	61.48354889928545	221.7163188508691	0.9917988665778803	0.0082011334221197	0.04453413128737356	2
cylinder	ED	8.0	10	ZZ onsite	chi32	-0.8226170020267126	0.022182447603033673	0.026965705241177775	190.3501263507484	221.7163188508691	0.9995962077162347	0.00040379228376530296	0.011091223801516815	2
cylinder	ED	8.0	10	ZZ onsite	chi128	-0.8226170020267126	0.002934400958530481	0.0035671533062177005	220.97323270328212	221.7163188508691	0.9999932913464734	6.708653526588115e-6	0.0014672004792652786	2
cylinder	ED	8.0	10	ZZ onsite	exact	-0.8226170020267126	1.850188815488707e-7	2.2491497391013397e-7	221.7163188508691	221.7163188508691	0.9999999999999725	2.7533531010703882e-14	9.250944084035484e-8	2
cylinder	ED	8.0	10	ZZ onsite	UHF	-0.8226170020267126	0.018742731534708956	0.022784274441850556	198.28193926469706	221.7163188508691	0.5759242042476642	0.4240757957523358	0.4633139999129361	2
cylinder	ED	8.0	10	ZZ onsite	UHFsym	-0.8226170020267126	0.018742731534706403	0.022784274441847455	198.28193926470271	221.7163188508691	0.9997144890691728	0.00028551093082718193	0.009371365767353474	2
cylinder	ED	8.0	10	ZZ up-up nb	chi4	-0.4946675176188369	0.11933818703600857	0.2412492892407055	12.729124398484894	31.28819051387478	0.9948483586569801	0.00515164134301993	0.059669093518004285	2
cylinder	ED	8.0	10	ZZ up-up nb	chi8	-0.4946675176188369	0.05306275586509307	0.1072695375684244	25.486918276295437	31.28819051387478	0.9990332031099208	0.000966796890079169	0.026531377932546625	2
cylinder	ED	8.0	10	ZZ up-up nb	chi32	-0.4946675176188369	0.030342118973857024	0.06133840992817515	29.863935593408893	31.28819051387478	0.9996889647298037	0.0003110352701962693	0.015171059486928401	2
cylinder	ED	8.0	10	ZZ up-up nb	chi128	-0.4946675176188369	0.0027614630546349272	0.005582462879163123	31.438117098168444	31.28819051387478	0.9999974713758408	2.528624159170434e-6	0.0013807315273174081	2
cylinder	ED	8.0	10	ZZ up-up nb	exact	-0.4946675176188369	6.165747284403444e-7	1.2464427246169869e-6	31.28819051387478	31.28819051387478	0.999999999999873	1.270095140171179e-13	3.082873642479278e-7	2
cylinder	ED	8.0	10	ZZ up-up nb	UHF	-0.4946675176188369	0.39699279514811797	0.8025447012553154	1.6436809175164864	31.28819051387478	0.5527317204756858	0.44726827952431425	0.5692696384896165	2
cylinder	ED	8.0	10	ZZ up-up nb	UHFsym	-0.4946675176188369	-0.1641875740144289	0.3319150099136743	6.8576942223658905	31.28819051387478	0.9917860642434586	0.00821393575654139	0.08250460718961831	2
cylinder	ED	8.0	10	SzSz nb	chi4	-0.11684564819476798	0.035148279427369755	0.30080948644986505	8.196847124407691	28.080133220322693	0.9412561591567324	0.05874384084326756	0.20365408118445133	4
cylinder	ED	8.0	10	SzSz nb	chi8	-0.11684564819476798	0.01721657484277092	0.1473445961296985	17.884168972103527	28.080133220322693	0.9832819443316129	0.016718055668387133	0.0961789881129243	4
cylinder	ED	8.0	10	SzSz nb	chi32	-0.11684564819476798	0.007291717471875542	0.0624046987160455	25.66682032827136	28.080133220322693	0.9983841686027074	0.0016158313972925997	0.026428287501716816	4
cylinder	ED	8.0	10	SzSz nb	chi128	-0.11684564819476798	0.0006456891520662533	0.005526000857044888	28.077418258066153	28.080133220322693	0.9999749685759659	2.5031424034094307e-5	0.002648080480844598	4
cylinder	ED	8.0	10	SzSz nb	exact	-0.11684564819476798	1.5117053238367095e-7	1.293762623762311e-6	28.080133220322693	28.080133220322693	0.9999999999996096	3.9035441545820504e-13	5.390565311273993e-7	4
cylinder	ED	8.0	10	SzSz nb	UHF	-0.11684564819476798	0.099781857596279	0.8539629771230706	1.375473286429698	28.080133220322693	0.4486271148429565	0.5513728851570435	0.644555502209245	4
cylinder	ED	8.0	10	SzSz nb	UHFsym	-0.11684564819476798	-0.04051323469435797	0.34672437801728967	6.564512109459971	28.080133220322693	0.9801028544090719	0.019897145590928145	0.13342415285836962	4
cylinder	ED	8.0	10	SxSx nb	chi4	-0.11684564834430473	0.03950457387646482	0.33809195666455766	6.0600135362495084	24.654868992667605	0.9412561591567324	0.05874384084326756	0.20365408118445133	4
cylinder	ED	8.0	10	SxSx nb	chi8	-0.11684564834430473	0.018357075398294023	0.15710534075006294	14.148176231155658	24.654868992667605	0.9832819443316129	0.016718055668387133	0.0961789881129243	4
cylinder	ED	8.0	10	SxSx nb	chi32	-0.11684564834430473	0.00645107972890957	0.055210269447950794	22.81363515572575	24.654868992667605	0.9983841686027074	0.0016158313972925997	0.026428287501716816	4
cylinder	ED	8.0	10	SxSx nb	chi128	-0.11684564834430473	0.0006514703906332769	0.005575478418448356	24.6165677322451	24.654868992667605	0.9999749685759659	2.5031424034094307e-5	0.002648080480844598	4
cylinder	ED	8.0	10	SxSx nb	exact	-0.11684564834430473	1.5889491969400815e-7	1.3598702386057064e-6	24.654868992667605	24.654868992667605	0.9999999999996096	3.9035441545820504e-13	5.390565311273993e-7	4
cylinder	ED	8.0	10	SxSx nb	UHF	-0.11684564834430473	-0.11055807594361286	0.9461890751620932	1.1056278860467006	24.654868992667605	0.4486271148429565	0.5513728851570435	0.644555502209245	4
cylinder	ED	8.0	10	SxSx nb	UHFsym	-0.11684564834430473	-0.04041052979829428	0.3458453983602202	6.485728417871456	24.654868992667605	0.9801028544090719	0.019897145590928145	0.13342415285836962	4
cylinder	DMRG	8.0	10	n	chi4	0.9999999996851944	-2.7998470208956405e-10	2.799847021777048e-10	1.000000012440824	1.0000000106024725	0.9761544363623236	0.023845563637676426	0.06713364592728985	2
cylinder	DMRG	8.0	10	n	chi8	0.9999999996851944	-1.1924594645051911e-10	1.192459464880584e-10	1.0000000140917793	1.0000000106024725	0.9917988959246842	0.008201104075315824	0.04453403877793273	2
cylinder	DMRG	8.0	10	n	chi32	0.9999999996851944	1.538529303957148e-10	1.5385293044414857e-10	1.0000000150142292	1.0000000106024725	0.9995962142535885	0.00040378574641153353	0.011091131292075975	2
cylinder	DMRG	8.0	10	n	chi128	0.9999999996851944	-1.9923451777259515e-10	1.992345178353153e-10	1.0000000126548263	1.0000000106024725	0.9999932921892553	6.707810744743803e-6	0.0014671079698244383	2
cylinder	DMRG	8.0	10	n	exact	0.9999999996851944	0.0	0.0	1.0000000106024725	1.0000000106024725	0.9999999999999991	8.881784197001252e-16	0.0	2
cylinder	DMRG	8.0	10	n	UHF	0.9999999996851944	-3.148040716993705e-10	3.148040717984726e-10	0.012498122030064151	1.0000000106024725	0.5759241917430863	0.4240758082569137	0.46331395182944035	2
cylinder	DMRG	8.0	10	n	UHFsym	0.9999999996851944	-3.1479840956194494e-10	3.1479840966104526e-10	1.000000000000038	1.0000000106024725	0.9997144945666031	0.00028550543339689316	0.009371273257912632	2
cylinder	DMRG	8.0	10	Sz	chi4	2.05691752519499e-9	-3.742632991715622e-10	NaN	1.0000000022081055	1.0000000012185337	0.9761544363623236	0.023845563637676426	0.06713364592728985	2
cylinder	DMRG	8.0	10	Sz	chi8	2.05691752519499e-9	-6.886730647553962e-10	NaN	1.000000002137958	1.0000000012185337	0.9917988959246842	0.008201104075315824	0.04453403877793273	2
cylinder	DMRG	8.0	10	Sz	chi32	2.05691752519499e-9	-8.546961471900261e-10	NaN	1.0000000016723918	1.0000000012185337	0.9995962142535885	0.00040378574641153353	0.011091131292075975	2
cylinder	DMRG	8.0	10	Sz	chi128	2.05691752519499e-9	-4.1186343224808297e-10	NaN	1.0000000020596334	1.0000000012185337	0.9999932921892553	6.707810744743803e-6	0.0014671079698244383	2
cylinder	DMRG	8.0	10	Sz	exact	2.05691752519499e-9	0.0	NaN	1.0000000012185337	1.0000000012185337	0.9999999999999991	8.881784197001252e-16	0.0	2
cylinder	DMRG	8.0	10	Sz	UHF	2.05691752519499e-9	-0.45862831520048364	NaN	0.023864818607071746	1.0000000012185337	0.5759241917430863	0.4240758082569137	0.46331395182944035	2
cylinder	DMRG	8.0	10	Sz	UHFsym	2.05691752519499e-9	2.0569174675154345e-9	NaN	0.9999999999999966	1.0000000012185337	0.9997144945666031	0.00028550543339689316	0.009371273257912632	2
cylinder	DMRG	8.0	10	DoubleOcc	chi4	0.044345703081198784	0.03356682282365242	0.7569351817963108	29.4048513521252	87.49373096417105	0.9761544363623236	0.023845563637676426	0.06713364592728985	2
cylinder	DMRG	8.0	10	DoubleOcc	chi8	0.044345703081198784	0.022267019329343718	0.5021234929700382	48.44075427300243	87.49373096417105	0.9917988959246842	0.008201104075315824	0.04453403877793273	2
cylinder	DMRG	8.0	10	DoubleOcc	chi32	0.044345703081198784	0.005545565722965107	0.12505305672594594	86.20581071933	87.49373096417105	0.9995962142535885	0.00040378574641153353	0.011091131292075975	2
cylinder	DMRG	8.0	10	DoubleOcc	chi128	0.044345703081198784	0.0007335538852951407	0.016541712822817887	87.9420675311205	87.49373096417105	0.9999932921892553	6.707810744743803e-6	0.0014671079698244383	2
cylinder	DMRG	8.0	10	DoubleOcc	exact	0.044345703081198784	0.0	0.0	87.49373096417105	87.49373096417105	0.9999999999999991	8.881784197001252e-16	0.0	2
cylinder	DMRG	8.0	10	DoubleOcc	UHF	0.044345703081198784	0.004685636471554927	0.10566156687098491	1.7643844075223478	87.49373096417105	0.5759241917430863	0.4240758082569137	0.46331395182944035	2
cylinder	DMRG	8.0	10	DoubleOcc	UHFsym	0.044345703081198784	0.00468563647155576	0.10566156687100368	87.09760379966218	87.49373096417105	0.9997144945666031	0.00028550543339689316	0.009371273257912632	2
cylinder	DMRG	8.0	10	ZZ onsite	chi4	-0.8226171870455942	0.13426729185457986	0.16321965304031266	32.088881196711135	221.7163188508691	0.9761544363623236	0.023845563637676426	0.06713364592728985	2
cylinder	DMRG	8.0	10	ZZ onsite	chi8	-0.8226171870455942	0.08906807755586554	0.10827402947384429	61.48354889928545	221.7163188508691	0.9917988959246842	0.008201104075315824	0.04453403877793273	2
cylinder	DMRG	8.0	10	ZZ onsite	chi32	-0.8226171870455942	0.022182262584152124	0.026965474261264926	190.3501263507484	221.7163188508691	0.9995962142535885	0.00040378574641153353	0.011091131292075975	2
cylinder	DMRG	8.0	10	ZZ onsite	chi128	-0.8226171870455942	0.002934215939648932	0.0035669275889883647	220.97323270328212	221.7163188508691	0.9999932921892553	6.707810744743803e-6	0.0014671079698244383	2
cylinder	DMRG	8.0	10	ZZ onsite	exact	-0.8226171870455942	0.0	0.0	221.7163188508691	221.7163188508691	0.9999999999999991	8.881784197001252e-16	0.0	2
cylinder	DMRG	8.0	10	ZZ onsite	UHF	-0.8226171870455942	0.018742546515827407	0.022784044402403895	198.28193926469706	221.7163188508691	0.5759241917430863	0.4240758082569137	0.46331395182944035	2
cylinder	DMRG	8.0	10	ZZ onsite	UHFsym	-0.8226171870455942	0.018742546515824854	0.02278404440240079	198.28193926470271	221.7163188508691	0.9997144945666031	0.00028550543339689316	0.009371273257912632	2
cylinder	DMRG	8.0	10	ZZ up-up nb	chi4	-0.49466813419356537	0.11933757046128013	0.24124774209648792	12.729124398484894	31.28819051387478	0.9948484094466149	0.005151590553385099	0.05966878523064004	2
cylinder	DMRG	8.0	10	ZZ up-up nb	chi8	-0.49466813419356537	0.05306213929036463	0.10726815742208538	25.486918276295437	31.28819051387478	0.9990332251584694	0.0009667748415306265	0.026531069645182377	2
cylinder	DMRG	8.0	10	ZZ up-up nb	chi32	-0.49466813419356537	0.030341502399128584	0.06133708703228465	29.863935593408893	31.28819051387478	0.9996889772398182	0.00031102276018180053	0.015170751199564153	2
cylinder	DMRG	8.0	10	ZZ up-up nb	chi128	-0.49466813419356537	0.002760846479906487	0.005581209479780556	31.438117098168444	31.28819051387478	0.9999974725038637	2.527496136273122e-6	0.0013804232399531602	2
cylinder	DMRG	8.0	10	ZZ up-up nb	exact	-0.49466813419356537	0.0	0.0	31.28819051387478	31.28819051387478	0.9999999999999991	8.881784197001252e-16	0.0	2
cylinder	DMRG	8.0	10	ZZ up-up nb	UHF	-0.49466813419356537	0.39699217857338953	0.8025424544893872	1.6436809175164864	31.28819051387478	0.5527318074160379	0.4472681925839621	0.5692694835082569	2
cylinder	DMRG	8.0	10	ZZ up-up nb	UHFsym	-0.49466813419356537	-0.16418819058915735	0.33191584264231166	6.8576942223658905	31.28819051387478	0.9917860002094935	0.008213999790506521	0.08250491547698258	2
cylinder	DMRG	8.0	10	SzSz nb	chi4	-0.11684579936530036	0.03514812825683737	0.3008078035133482	8.196847124407691	28.080133220322693	0.9412563247015443	0.0587436752984557	0.20365373825440108	4
cylinder	DMRG	8.0	10	SzSz nb	chi8	-0.11684579936530036	0.017216423672238537	0.1473431117400639	17.884168972103527	28.080133220322693	0.9832820171226313	0.016717982877368698	0.09617885167501046	4
cylinder	DMRG	8.0	10	SzSz nb	chi32	-0.11684579936530036	0.007291566301343158	0.06240332421833327	25.66682032827136	28.080133220322693	0.9983842077838584	0.0016157922161416094	0.02642775902297505	4
cylinder	DMRG	8.0	10	SzSz nb	chi128	-0.11684579936530036	0.0006455379815338697	0.005524699946770828	28.077418258066153	28.080133220322693	0.9999749729536206	2.502704637941111e-5	0.0026475521071381907	4
cylinder	DMRG	8.0	10	SzSz nb	exact	-0.11684579936530036	0.0	0.0	28.080133220322693	28.080133220322693	1.0000000000000067	-6.661338147750939e-15	0.0	4
cylinder	DMRG	8.0	10	SzSz nb	UHF	-0.11684579936530036	0.09978170642574662	0.8539605785381682	1.375473286429698	28.080133220322693	0.44862722349338163	0.5513727765066183	0.6445555192135836	4
cylinder	DMRG	8.0	10	SzSz nb	UHFsym	-0.11684579936530036	-0.04051338586489035	0.34672522319977894	6.564512109459971	28.080133220322693	0.9801027515451871	0.019897248454812888	0.1334244767794461	4
cylinder	DMRG	8.0	10	SxSx nb	chi4	-0.11684580723922443	0.039504414981545125	0.3380901370356037	6.058198112876003	24.650682232388633	0.9412563247015443	0.0587436752984557	0.20365373825440108	4
cylinder	DMRG	8.0	10	SxSx nb	chi8	-0.11684580723922443	0.01835691650337433	0.1571037672390869	14.143482695203565	24.650682232388633	0.9832820171226313	0.016717982877368698	0.09617885167501046	4
cylinder	DMRG	8.0	10	SxSx nb	chi32	-0.11684580723922443	0.006450920833989876	0.05520883450086125	22.80703632073869	24.650682232388633	0.9983842077838584	0.0016157922161416094	0.02642775902297505	4
cylinder	DMRG	8.0	10	SxSx nb	chi128	-0.11684580723922443	0.0006513114957135829	0.005574110968142138	24.612055232449777	24.650682232388633	0.9999749729536206	2.502704637941111e-5	0.0026475521071381907	4
cylinder	DMRG	8.0	10	SxSx nb	exact	-0.11684580723922443	0.0	0.0	24.650682232388633	24.650682232388633	1.0000000000000067	-6.661338147750939e-15	0.0	4
cylinder	DMRG	8.0	10	SxSx nb	UHF	-0.11684580723922443	-0.11055823483853255	0.9461891483378688	1.1056301173254723	24.650682232388633	0.44862722349338163	0.5513727765066183	0.6445555192135836	4
cylinder	DMRG	8.0	10	SxSx nb	UHFsym	-0.11684580723922443	-0.04041068869321397	0.34584628792438477	6.486399644675763	24.650682232388633	0.9801027515451871	0.019897248454812888	0.1334244767794461	4
cylinder	ED	8.0	11	n	chi4	0.9999999999988465	-1.8953771885321657e-10	1.895377188534352e-10	1.0000000001362317	1.00000000053017	0.9857107165549537	0.014289283445046319	0.0557267279272954	2
cylinder	ED	8.0	11	n	chi8	0.9999999999988465	-1.1232148544593201e-10	1.1232148544606158e-10	1.0000000000627927	1.00000000053017	0.9908935358047443	0.009106464195255737	0.046521095909720825	2
cylinder	ED	8.0	11	n	chi32	0.9999999999988465	-3.039188900544332e-10	3.0391889005478375e-10	1.0000000003087357	1.00000000053017	0.9996494139342859	0.0003505860657141424	0.01035609264924989	2
cylinder	ED	8.0	11	n	chi128	0.9999999999988465	-4.515228191337428e-10	4.515228191342637e-10	1.0000000004822889	1.00000000053017	0.9999956320168756	4.367983124420327e-6	0.0011847537059915016	2
cylinder	ED	8.0	11	n	exact	0.9999999999988465	-4.742619630349054e-10	4.742619630354525e-10	1.00000000053017	1.00000000053017	0.9999999999999449	5.5067062021407764e-14	1.3515814270212423e-7	2
cylinder	ED	8.0	11	n	UHF	0.9999999999988465	-1.1524114995609125e-12	1.152411499562242e-12	0.012631829215399208	1.00000000053017	0.5759242039670259	0.4240757960329741	0.4633140001805578	2
cylinder	ED	8.0	11	n	UHFsym	0.9999999999988465	-1.1464162952279366e-12	1.146416295229259e-12	1.0000000000000335	1.00000000053017	0.9997144890695869	0.00028551093041306874	0.009371365760410528	2
cylinder	ED	8.0	11	Sz	chi4	4.2951399381596644e-11	-1.4696372105382771e-9	NaN	1.00000000034446	0.999999999914138	0.9857107165549537	0.014289283445046319	0.0557267279272954	2
cylinder	ED	8.0	11	Sz	chi8	4.2951399381596644e-11	-1.2224675577376942e-9	NaN	1.0000000002923235	0.999999999914138	0.9908935358047443	0.009106464195255737	0.046521095909720825	2
cylinder	ED	8.0	11	Sz	chi32	4.2951399381596644e-11	-4.870772535303658e-10	NaN	1.0000000000995355	0.999999999914138	0.9996494139342859	0.0003505860657141424	0.01035609264924989	2
cylinder	ED	8.0	11	Sz	chi128	4.2951399381596644e-11	-2.576397567510824e-10	NaN	1.0000000000315343	0.999999999914138	0.9999956320168756	4.367983124420327e-6	0.0011847537059915016	2
cylinder	ED	8.0	11	Sz	exact	4.2951399381596644e-11	2.2532556723242614e-10	NaN	0.999999999914138	0.999999999914138	0.9999999999999449	5.5067062021407764e-14	1.3515814270212423e-7	2
cylinder	ED	8.0	11	Sz	UHF	4.2951399381596644e-11	0.4586283173003519	NaN	0.02971246511484708	0.999999999914138	0.5759242039670259	0.4240757960329741	0.4633140001805578	2
cylinder	ED	8.0	11	Sz	UHFsym	4.2951399381596644e-11	4.295140263420316e-11	NaN	1.0000000000000002	0.999999999914138	0.9997144890695869	0.00028551093041306874	0.009371365760410528	2
cylinder	ED	8.0	11	DoubleOcc	chi4	0.044345749489273306	0.027863363868877805	0.6283209595006983	26.768145563958	66.04867754090012	0.9857107165549537	0.014289283445046319	0.0557267279272954	2
cylinder	ED	8.0	11	DoubleOcc	chi8	0.044345749489273306	0.023260547898699163	0.5245271117658211	32.12701224549343	66.04867754090012	0.9908935358047443	0.009106464195255737	0.046521095909720825	2
cylinder	ED	8.0	11	DoubleOcc	chi32	0.044345749489273306	0.005178046172665179	0.11676533224266929	60.75657372710908	66.04867754090012	0.9996494139342859	0.0003505860657141424	0.01035609264924989	2
cylinder	ED	8.0	11	DoubleOcc	chi128	0.044345749489273306	0.0005923766272337427	0.01335813768074957	65.67615141264709	66.04867754090012	0.9999956320168756	4.367983124420327e-6	0.0011847537059915016	2
cylinder	ED	8.0	11	DoubleOcc	exact	0.044345749489273306	6.734193960800106e-8	1.5185658238630118e-6	66.04867754090012	66.04867754090012	0.9999999999999449	5.5067062021407764e-14	1.3515814270212423e-7	2
cylinder	ED	8.0	11	DoubleOcc	UHF	0.044345749489273306	0.004685682879628672	0.10566250280113275	1.5109579361869692	66.04867754090012	0.5759242039670259	0.4240757960329741	0.4633140001805578	2
cylinder	ED	8.0	11	DoubleOcc	UHFsym	0.044345749489273306	0.00468568287963006	0.10566250280116404	61.43058858113873	66.04867754090012	0.9997144890695869	0.00028551093041306874	0.009371365760410528	2
cylinder	ED	8.0	11	ZZ onsite	chi4	-0.8226170020405974	0.11145345585459077	0.1354864482233135	38.501800849649065	148.10388926891105	0.9857107165549537	0.014289283445046319	0.0557267279272954	2
cylinder	ED	8.0	11	ZZ onsite	chi8	-0.8226170020405974	0.09304219181944151	0.11310511646202243	49.341121104235214	148.10388926891105	0.9908935358047443	0.009106464195255737	0.046521095909720825	2
cylinder	ED	8.0	11	ZZ onsite	chi32	-0.8226170020405974	0.02071218529849972	0.0251784065331992	132.49447889943127	148.10388926891105	0.9996494139342859	0.0003505860657141424	0.01035609264924989	2
cylinder	ED	8.0	11	ZZ onsite	chi128	-0.8226170020405974	0.0023695074119831627	0.0028804503263430287	147.5184961652269	148.10388926891105	0.9999956320168756	4.367983124420327e-6	0.0011847537059915016	2
cylinder	ED	8.0	11	ZZ onsite	exact	-0.8226170020405974	2.703162853556762e-7	3.286052740037285e-7	148.10388926891105	148.10388926891105	0.9999999999999449	5.5067062021407764e-14	1.3515814270212423e-7	2
cylinder	ED	8.0	11	ZZ onsite	UHF	-0.8226170020405974	0.018742731520821843	0.022784274424584357	134.81967322017772	148.10388926891105	0.5759242039670259	0.4240757960329741	0.4633140001805578	2
cylinder	ED	8.0	11	ZZ onsite	UHFsym	-0.8226170020405974	0.018742731520821176	0.02278427442458355	134.81967322017852	148.10388926891105	0.9997144890695869	0.00028551093041306874	0.009371365760410528	2
cylinder	ED	8.0	11	ZZ up-up nb	chi4	-0.4946675175209968	0.18952284302544753	0.38313177298406903	5.461118345477896	32.347595962907214	0.9861357425065512	0.013864257493448773	0.09476142151272379	2
cylinder	ED	8.0	11	ZZ up-up nb	chi8	-0.4946675175209968	0.09701838900167792	0.1961284813845895	13.775116146455593	32.347595962907214	0.9966573241233121	0.003342675876687906	0.04850919450083888	2
cylinder	ED	8.0	11	ZZ up-up nb	chi32	-0.4946675175209968	0.022176278316219156	0.044830674201844785	29.637509201387772	32.347595962907214	0.9998347864014518	0.00016521359854815287	0.011088139158109606	2
cylinder	ED	8.0	11	ZZ up-up nb	chi128	-0.4946675175209968	0.002147870585194611	0.004342048970505613	32.2431758743949	32.347595962907214	0.9999984708621185	1.5291378815396328e-6	0.001073935292597361	2
cylinder	ED	8.0	11	ZZ up-up nb	exact	-0.4946675175209968	1.79348852158423e-7	3.6256444137917404e-7	32.347595962907214	32.347595962907214	0.9999999999999911	8.881784197001252e-15	8.967442612084486e-8	2
cylinder	ED	8.0	11	ZZ up-up nb	UHF	-0.4946675175209968	0.3969927952459611	0.8025447016118462	1.4657736448935286	32.347595962907214	0.5527317201305509	0.44726827986944906	0.5692696388112184	2
cylinder	ED	8.0	11	ZZ up-up nb	UHFsym	-0.4946675175209968	-0.16418757391658872	0.3319150097815339	7.489856214260436	32.347595962907214	0.991786064253622	0.008213935746377965	0.08250460714069793	2
cylinder	ED	8.0	11	SzSz nb	chi4	-0.11684564816846724	0.045960749205042534	0.39334583637018855	5.370151483642226	24.695389134949057	0.8677952523772102	0.13220474762278978	0.1847310320610602	4
cylinder	ED	8.0	11	SzSz nb	chi8	-0.11684564816846724	0.023206944127772383	0.19861196793835895	12.948597117199371	24.695389134949057	0.9363760474633597	0.06362395253664033	0.09881137368904512	4
cylinder	ED	8.0	11	SzSz nb	chi32	-0.11684564816846724	0.005481444708902022	0.046911843058107854	23.614828488897945	24.695389134949057	0.9989019138253458	0.0010980861746542336	0.020179513160478366	4
cylinder	ED	8.0	11	SzSz nb	chi128	-0.11684564816846724	0.0005058763069025474	0.004329440718007558	24.6926987563827	24.695389134949057	0.9999885933289818	1.140667101817705e-5	0.002011208861410134	4
cylinder	ED	8.0	11	SzSz nb	exact	-0.11684564816846724	3.979480597826601e-8	3.405758502951701e-7	24.695389134949057	24.695389134949057	0.9999999999997731	2.26929586233382e-13	2.8994309632071253e-7	4
cylinder	ED	8.0	11	SzSz nb	UHF	-0.11684564816846724	0.09978185762257982	0.8539629775403791	1.3696593867853137	24.695389134949057	0.4486271144944474	0.5513728855055526	0.6445555024963222	4
cylinder	ED	8.0	11	SzSz nb	UHFsym	-0.11684564816846724	-0.0405132346680573	0.3467243778702447	6.40635726060114	24.695389134949057	0.9801028544306131	0.01989714556938693	0.13342415279093822	4
cylinder	ED	8.0	11	SxSx nb	chi4	-0.11684564832175043	0.04923877692334386	0.4214001773327336	4.420784989322429	24.456526451651406	0.8677952523772102	0.13220474762278978	0.1847310320610602	4
cylinder	ED	8.0	11	SxSx nb	chi8	-0.11684564832175043	0.023548164988253906	0.20153223784090635	11.735699127639759	24.456526451651406	0.9363760474633597	0.06362395253664033	0.09881137368904512	4
cylinder	ED	8.0	11	SxSx nb	chi32	-0.11684564832175043	0.004808745216325405	0.041154679574235145	23.008666637084044	24.456526451651406	0.9989019138253458	0.0010980861746542336	0.020179513160478366	4
cylinder	ED	8.0	11	SxSx nb	chi128	-0.11684564832175043	0.0005144025966561799	0.004402411249751486	24.386826909121947	24.456526451651406	0.9999885933289818	1.140667101817705e-5	0.002011208861410134	4
cylinder	ED	8.0	11	SxSx nb	exact	-0.11684564832175043	4.84991510008026e-8	4.150702375090048e-7	24.456526451651406	24.456526451651406	0.9999999999997731	2.26929586233382e-13	2.8994309632071253e-7	4
cylinder	ED	8.0	11	SxSx nb	UHF	-0.11684564832175043	-0.11055807592105849	0.9461890751517057	1.1069711870071832	24.456526451651406	0.4486271144944474	0.5513728855055526	0.6445555024963222	4
cylinder	ED	8.0	11	SxSx nb	UHFsym	-0.11684564832175043	-0.0404105297757399	0.3458453982339505	6.6241448485997045	24.456526451651406	0.9801028544306131	0.01989714556938693	0.13342415279093822	4
cylinder	DMRG	8.0	11	n	chi4	1.0000000004731084	2.8472424418168885e-10	2.847242440469834e-10	1.000000000145908	1.0000000005289076	0.9857107729769153	0.01428922702308466	0.05572659276915269	2
cylinder	DMRG	8.0	11	n	chi8	1.0000000004731084	3.619404775889734e-10	3.619404774177363e-10	1.000000000070896	1.0000000005289076	0.9908935809650107	0.009106419034989321	0.04652096075157812	2
cylinder	DMRG	8.0	11	n	chi32	1.0000000004731084	1.7034307298047224e-10	1.703430728998815e-10	1.0000000003120808	1.0000000005289076	0.9996494228342235	0.0003505771657764667	0.010355957491107189	2
cylinder	DMRG	8.0	11	n	chi128	1.0000000004731084	2.2739143901162606e-11	2.2739143890404525e-11	1.0000000004841316	1.0000000005289076	0.9999956330104088	4.3669895911646606e-6	0.0011846185478487994	2
cylinder	DMRG	8.0	11	n	exact	1.0000000004731084	0.0	0.0	1.0000000005289076	1.0000000005289076	0.9999999999999991	8.881784197001252e-16	0.0	2
cylinder	DMRG	8.0	11	n	UHF	1.0000000004731084	4.731095515353445e-10	4.731095513115124e-10	0.012634411289493996	1.0000000005289076	0.5759241831746145	0.42407581682538553	0.46331393237616036	2
cylinder	DMRG	8.0	11	n	UHFsym	1.0000000004731084	4.731155467396775e-10	4.731155465158425e-10	1.0000000000000338	1.0000000005289076	0.999714497101423	0.00028550289857698363	0.009371230602267824	2
cylinder	DMRG	8.0	11	Sz	chi4	-1.823741678508295e-10	-1.6949627777707033e-9	NaN	1.0000000003441334	0.9999999999134294	0.9857107729769153	0.01428922702308466	0.05572659276915269	2
cylinder	DMRG	8.0	11	Sz	chi8	-1.823741678508295e-10	-1.4477931249701204e-9	NaN	1.0000000002921208	0.9999999999134294	0.9908935809650107	0.009106419034989321	0.04652096075157812	2
cylinder	DMRG	8.0	11	Sz	chi32	-1.823741678508295e-10	-7.124028207627919e-10	NaN	1.0000000000990639	0.9999999999134294	0.9996494228342235	0.0003505771657764667	0.010355957491107189	2
cylinder	DMRG	8.0	11	Sz	chi128	-1.823741678508295e-10	-4.829653239835086e-10	NaN	1.0000000000308467	0.9999999999134294	0.9999956330104088	4.3669895911646606e-6	0.0011846185478487994	2
cylinder	DMRG	8.0	11	Sz	exact	-1.823741678508295e-10	0.0	NaN	0.9999999999134294	0.9999999999134294	0.9999999999999991	8.881784197001252e-16	0.0	2
cylinder	DMRG	8.0	11	Sz	UHF	-1.823741678508295e-10	0.4586283170750263	NaN	0.029707382898746776	0.9999999999134294	0.5759241831746145	0.42407581682538553	0.46331393237616036	2
cylinder	DMRG	8.0	11	Sz	UHFsym	-1.823741678508295e-10	-1.8237416459822298e-10	NaN	1.0000000000000002	0.9999999999134294	0.999714497101423	0.00028550289857698363	0.009371230602267824	2
cylinder	DMRG	8.0	11	DoubleOcc	chi4	0.0443456821473337	0.027863296526938197	0.6283203950807529	26.770014669606265	66.05841649306588	0.9857107729769153	0.01428922702308466	0.05572659276915269	2
cylinder	DMRG	8.0	11	DoubleOcc	chi8	0.0443456821473337	0.023260480556759555	0.5245263897278464	32.12963926149143	66.05841649306588	0.9908935809650107	0.009106419034989321	0.04652096075157812	2
cylinder	DMRG	8.0	11	DoubleOcc	chi32	0.0443456821473337	0.005177978830725571	0.1167639909906516	60.765067687013364	66.05841649306588	0.9996494228342235	0.0003505771657764667	0.010355957491107189	2
cylinder	DMRG	8.0	11	DoubleOcc	chi128	0.0443456821473337	0.0005923092852941347	0.013356639397861818	65.68581452398686	66.05841649306588	0.9999956330104088	4.3669895911646606e-6	0.0011846185478487994	2
cylinder	DMRG	8.0	11	DoubleOcc	exact	0.0443456821473337	0.0	0.0	66.05841649306588	66.05841649306588	0.9999999999999991	8.881784197001252e-16	0.0	2
cylinder	DMRG	8.0	11	DoubleOcc	UHF	0.0443456821473337	0.004685615537689064	0.10566114468871213	1.5110746876061338	66.05841649306588	0.5759241831746145	0.42407581682538553	0.46331393237616036	2
cylinder	DMRG	8.0	11	DoubleOcc	UHFsym	0.0443456821473337	0.004685615537690452	0.10566114468874342	61.43924734303019	66.05841649306588	0.999714497101423	0.00028550289857698363	0.009371230602267824	2
cylinder	DMRG	8.0	11	ZZ onsite	chi4	-0.8226172723568828	0.11145318553830541	0.13548607509660066	38.49887755996438	148.04594518938114	0.9857107729769153	0.01428922702308466	0.05572659276915269	2
cylinder	DMRG	8.0	11	ZZ onsite	chi8	-0.8226172723568828	0.09304192150315616	0.11310475068993084	49.33600944283174	148.04594518938114	0.9908935809650107	0.009106419034989321	0.04652096075157812	2
cylinder	DMRG	8.0	11	ZZ onsite	chi32	-0.8226172723568828	0.020711914982214363	0.025178069654278722	132.44996349589357	148.04594518938114	0.9996494228342235	0.0003505771657764667	0.010355957491107189	2
cylinder	DMRG	8.0	11	ZZ onsite	chi128	-0.8226172723568828	0.002369237095697807	0.0028801207746461488	147.46126357110896	148.04594518938114	0.9999956330104088	4.3669895911646606e-6	0.0011846185478487994	2
cylinder	DMRG	8.0	11	ZZ onsite	exact	-0.8226172723568828	0.0	0.0	148.04594518938114	148.04594518938114	0.9999999999999991	8.881784197001252e-16	0.0	2
cylinder	DMRG	8.0	11	ZZ onsite	UHF	-0.8226172723568828	0.018742461204536487	0.022783938332388055	134.77339217378568	148.04594518938114	0.5759241831746145	0.42407581682538553	0.46331393237616036	2
cylinder	DMRG	8.0	11	ZZ onsite	UHFsym	-0.8226172723568828	0.01874246120453582	0.022783938332387246	134.7733921737865	148.04594518938114	0.999714497101423	0.00028550289857698363	0.009371230602267824	2
cylinder	DMRG	8.0	11	ZZ up-up nb	chi4	-0.49466769686984896	0.18952266367659537	0.3831312715098522	5.461118345477896	32.347595962907214	0.9861357666363751	0.013864233363624856	0.09476133183829767	2
cylinder	DMRG	8.0	11	ZZ up-up nb	chi8	-0.49466769686984896	0.09701820965282576	0.19612804771109205	13.775116146455593	32.347595962907214	0.9966573360345615	0.003342663965438475	0.04850910482641276	2
cylinder	DMRG	8.0	11	ZZ up-up nb	chi32	-0.49466769686984896	0.022176098967366997	0.044830295383532406	29.637509201387772	32.347595962907214	0.9998347890537517	0.00016521094624832866	0.011088049483683485	2
cylinder	DMRG	8.0	11	ZZ up-up nb	chi128	-0.49466769686984896	0.0021476912363424527	0.004341684831923698	32.2431758743949	32.347595962907214	0.9999984711172938	1.5288827062143184e-6	0.0010738456181712402	2
cylinder	DMRG	8.0	11	ZZ up-up nb	exact	-0.49466769686984896	0.0	0.0	32.347595962907214	32.347595962907214	0.9999999999999991	8.881784197001252e-16	0.0	2
cylinder	DMRG	8.0	11	ZZ up-up nb	UHF	-0.49466769686984896	0.39699261589710894	0.8025440480734704	1.4657736448935286	32.347595962907214	0.5527317435179114	0.44726825648208857	0.5692695954350866	2
cylinder	DMRG	8.0	11	ZZ up-up nb	UHFsym	-0.49466769686984896	-0.16418775326544088	0.3319152520053073	7.489856214260436	32.347595962907214	0.9917860456274907	0.008213954372509269	0.08250469681512405	2
cylinder	DMRG	8.0	11	SzSz nb	chi4	-0.11684568796327321	0.045960709410236555	0.3933453618304072	5.370286124190827	24.694535649994027	0.8677955394043295	0.13220446059567048	0.18473081639430375	4
cylinder	DMRG	8.0	11	SzSz nb	chi8	-0.11684568796327321	0.023206904332966405	0.1986115597202078	12.948790188537334	24.694535649994027	0.936376285721421	0.06362371427857905	0.09881109540395129	4
cylinder	DMRG	8.0	11	SzSz nb	chi32	-0.11684568796327321	0.005481404914096044	0.046911486505338156	23.614327902569737	24.694535649994027	0.9989019430140365	0.001098056985963547	0.02017928085967459	4
cylinder	DMRG	8.0	11	SzSz nb	chi128	-0.11684568796327321	0.0005058365120965691	0.004329098667770804	24.69187418907624	24.694535649994027	0.9999885960781455	1.1403921854502563e-5	0.002010986237811354	4
cylinder	DMRG	8.0	11	SzSz nb	exact	-0.11684568796327321	0.0	0.0	24.694535649994027	24.694535649994027	1.0000000000000022	-2.220446049250313e-15	0.0	4
cylinder	DMRG	8.0	11	SzSz nb	UHF	-0.11684568796327321	0.09978181782777384	0.8539623461255766	1.3696906003170195	24.694535649994027	0.44862711594508936	0.5513728840549106	0.6445555670807824	4
cylinder	DMRG	8.0	11	SzSz nb	UHFsym	-0.11684568796327321	-0.04051327446286328	0.3467246003600694	6.406204228800055	24.694535649994027	0.980102860289853	0.01989713971014695	0.13342408859150254	4
cylinder	DMRG	8.0	11	SxSx nb	chi4	-0.11684569682090143	0.04923872842419286	0.4213995873520693	4.420784989322429	24.456526451651406	0.8677955394043295	0.13220446059567048	0.18473081639430375	4
cylinder	DMRG	8.0	11	SxSx nb	chi8	-0.11684569682090143	0.023548116489102905	0.20153173912084202	11.735699127639759	24.456526451651406	0.936376285721421	0.06362371427857905	0.09881109540395129	4
cylinder	DMRG	8.0	11	SxSx nb	chi32	-0.11684569682090143	0.004808696717174404	0.041154247422094385	23.008666637084044	24.456526451651406	0.9989019430140365	0.001098056985963547	0.02017928085967459	4
cylinder	DMRG	8.0	11	SxSx nb	chi128	-0.11684569682090143	0.0005143540975051791	0.0044019943523771355	24.386826909121947	24.456526451651406	0.9999885960781455	1.1403921854502563e-5	0.002010986237811354	4
cylinder	DMRG	8.0	11	SxSx nb	exact	-0.11684569682090143	0.0	0.0	24.456526451651406	24.456526451651406	1.0000000000000022	-2.220446049250313e-15	0.0	4
cylinder	DMRG	8.0	11	SxSx nb	UHF	-0.11684569682090143	-0.11055812442020949	0.9461890974870097	1.1069711870071832	24.456526451651406	0.44862711594508936	0.5513728840549106	0.6445555670807824	4
cylinder	DMRG	8.0	11	SxSx nb	UHFsym	-0.11684569682090143	-0.040410578274890904	0.3458456697539437	6.6241448485997045	24.456526451651406	0.980102860289853	0.01989713971014695	0.13342408859150254	4
torus	ED	8.0	1	n	chi4	1.000000000351494	6.288847321789248e-7	6.288847319578757e-7	0.9999953553501896	1.0000490591347053	0.9778183038759233	0.022181696124076722	0.06962536721562809	2
torus	ED	8.0	1	n	chi8	1.000000000351494	-0.006537208528097249	0.00653720852579946	1.0199591345414016	1.0000490591347053	0.9856956797622513	0.014304320237748747	0.05830690757332005	2
torus	ED	8.0	1	n	chi32	1.000000000351494	-0.0011843644587847812	0.0011843644583684843	0.9981439352986811	1.0000490591347053	0.9991603896797943	0.0008396103202057414	0.01647579352878365	2
torus	ED	8.0	1	n	chi128	1.000000000351494	-0.00020158053329688563	0.0002015805332260313	1.000438430526387	1.0000490591347053	0.9999468156007476	5.318439925239282e-5	0.004284066519604595	2
torus	ED	8.0	1	n	exact	1.000000000351494	-2.071658607860627e-5	2.0716586071324514e-5	1.0000490591347053	1.0000490591347053	0.9999999958346568	4.1653431814836495e-9	3.2888083004438406e-5	2
torus	ED	8.0	1	n	UHF	1.000000000351494	-0.006397027120306875	0.006397027118058359	0.012815801282784853	1.0000490591347053	0.5778066546640214	0.42219334533597863	0.46675480138658504	2
torus	ED	8.0	1	n	UHFsym	1.000000000351494	-0.006397027120301324	0.0063970271180528076	1.0101628420898303	1.0000490591347053	0.9989273609077852	0.0010726390922147777	0.017374146579352035	2
torus	ED	8.0	1	Sz	chi4	-3.364909600955812e-10	-6.40135478367776e-7	NaN	1.000001801446308	0.999984698895203	0.9778183038759233	0.022181696124076722	0.06962536721562809	2
torus	ED	8.0	1	Sz	chi8	-3.364909600955812e-10	0.0021271148997628244	NaN	0.9879795596055699	0.999984698895203	0.9856956797622513	0.014304320237748747	0.05830690757332005	2
torus	ED	8.0	1	Sz	chi32	-3.364909600955812e-10	-0.0008054168072178652	NaN	1.0006952441492842	0.999984698895203	0.9991603896797943	0.0008396103202057414	0.01647579352878365	2
torus	ED	8.0	1	Sz	chi128	-3.364909600955812e-10	-1.2282700694518645e-6	NaN	0.9998641716372634	0.999984698895203	0.9999468156007476	5.318439925239282e-5	0.004284066519604595	2
torus	ED	8.0	1	Sz	exact	-3.364909600955812e-10	5.899752313007212e-7	NaN	0.999984698895203	0.999984698895203	0.9999999958346568	4.1653431814836495e-9	3.2888083004438406e-5	2
torus	ED	8.0	1	Sz	UHF	-3.364909600955812e-10	0.45806772809690977	NaN	0.019786328532721078	0.999984698895203	0.5778066546640214	0.42219334533597863	0.46675480138658504	2
torus	ED	8.0	1	Sz	UHFsym	-3.364909600955812e-10	-3.364909594450599e-10	NaN	0.9935200699520645	0.999984698895203	0.9989273609077852	0.0010726390922147777	0.017374146579352035	2
torus	ED	8.0	1	DoubleOcc	chi4	0.0488712601234057	0.03481299805018054	0.7123409128856839	21.70078878907432	72.5605790941839	0.9778183038759233	0.022181696124076722	0.06962536721562809	2
torus	ED	8.0	1	DoubleOcc	chi8	0.0488712601234057	0.025884849522611775	0.5296538181591691	28.333695117560424	72.5605790941839	0.9856956797622513	0.014304320237748747	0.05830690757332005	2
torus	ED	8.0	1	DoubleOcc	chi32	0.0488712601234057	0.007645714534999848	0.15644602810923058	62.56346728846889	72.5605790941839	0.9991603896797943	0.0008396103202057414	0.01647579352878365	2
torus	ED	8.0	1	DoubleOcc	chi128	0.0488712601234057	0.0020412429931540854	0.04176775855584051	71.26695904569016	72.5605790941839	0.9999468156007476	5.318439925239282e-5	0.004284066519604595	2
torus	ED	8.0	1	DoubleOcc	exact	0.0488712601234057	6.0857484630860714e-6	0.00012452612123605648	72.5605790941839	72.5605790941839	0.9999999958346568	4.1653431814836495e-9	3.2888083004438406e-5	2
torus	ED	8.0	1	DoubleOcc	UHF	0.0488712601234057	0.00548855972952228	0.11230649088366083	1.6777894093623942	72.5605790941839	0.5778066546640214	0.42219334533597863	0.46675480138658504	2
torus	ED	8.0	1	DoubleOcc	UHFsym	0.0488712601234057	0.0054885597295254995	0.11230649088372671	63.388204622508056	72.5605790941839	0.9989273609077852	0.0010726390922147777	0.017374146579352035	2
torus	ED	8.0	1	ZZ onsite	chi4	-0.804514960209366	0.13925073443125624	0.17308656932248692	27.890451553642023	191.7484645747168	0.9778183038759233	0.022181696124076722	0.06962536721562809	2
torus	ED	8.0	1	ZZ onsite	chi8	-0.804514960209366	0.11661381514664004	0.14494921898816227	37.31389696831706	191.7484645747168	0.9856956797622513	0.014304320237748747	0.05830690757332005	2
torus	ED	8.0	1	ZZ onsite	chi32	-0.804514960209366	0.03295158705756718	0.04095832729945991	141.65477996714606	191.7484645747168	0.9991603896797943	0.0008396103202057414	0.01647579352878365	2
torus	ED	8.0	1	ZZ onsite	chi128	-0.804514960209366	0.008568133039209003	0.010650060549500835	186.14956268236404	191.7484645747168	0.9999468156007476	5.318439925239282e-5	0.004284066519604595	2
torus	ED	8.0	1	ZZ onsite	exact	-0.804514960209366	6.577616600866865e-5	8.17587854320958e-5	191.7484645747168	191.7484645747168	0.9999999958346568	4.1653431814836495e-9	3.2888083004438406e-5	2
torus	ED	8.0	1	ZZ onsite	UHF	-0.804514960209366	0.03474829315870198	0.04319160597045844	137.81038830994058	191.7484645747168	0.5778066546640214	0.42219334533597863	0.46675480138658504	2
torus	ED	8.0	1	ZZ onsite	UHFsym	-0.804514960209366	0.03474829315870953	0.04319160597046782	137.8103883099245	191.7484645747168	0.9989273609077852	0.0010726390922147777	0.017374146579352035	2
torus	ED	8.0	1	ZZ up-up nb	chi4	-0.5132034714743405	0.1542031802188496	0.3004718182748293	9.318254269820587	41.75320814935829	0.9908305324484405	0.009169467551559451	0.07710159010942474	2
torus	ED	8.0	1	ZZ up-up nb	chi8	-0.5132034714743405	0.08208179095456991	0.15994005402723369	21.43023301498277	41.75320814935829	0.9975454380864109	0.0024545619135890595	0.04104089547728493	2
torus	ED	8.0	1	ZZ up-up nb	chi32	-0.5132034714743405	0.04177452280573157	0.08139953279295041	34.07214229441541	41.75320814935829	0.9993868673986008	0.0006131326013991689	0.02088726140286562	2
torus	ED	8.0	1	ZZ up-up nb	chi128	-0.5132034714743405	0.00986393401411878	0.01922031818253584	41.53457954677575	41.75320814935829	0.9999667283747933	3.327162520672111e-5	0.004931967007059342	2
torus	ED	8.0	1	ZZ up-up nb	exact	-0.5132034714743405	0.00017614734548121458	0.0003432310092820986	41.75320814935829	41.75320814935829	0.9999999890308353	1.0969164687679722e-8	8.80736727405032e-5	2
torus	ED	8.0	1	ZZ up-up nb	UHF	-0.5132034714743405	0.37632163791229023	0.7332796031780268	1.8751356019166332	41.75320814935829	0.5553317095615545	0.44466829043844547	0.5636274742300836	2
torus	ED	8.0	1	ZZ up-up nb	UHFsym	-0.5132034714743405	-0.18348768996797538	0.3575339999958467	6.599781016469069	41.75320814935829	0.9896281660297747	0.010371833970225341	0.09215366147584798	2
torus	ED	8.0	1	SzSz nb	chi4	-0.12175392872607255	0.038068446027302694	0.3126670853714363	7.040744998305746	24.15777612589132	0.8556763152802315	0.14432368471976853	0.16765314016462704	4
torus	ED	8.0	1	SzSz nb	chi8	-0.12175392872607255	0.020263388630967827	0.16642903307504195	13.921661826116605	24.15777612589132	0.9236559024816898	0.07634409751831017	0.12064665872182076	4
torus	ED	8.0	1	SzSz nb	chi32	-0.12175392872607255	0.010264738778993893	0.08430724894379353	20.091792642675717	24.15777612589132	0.9966326637840114	0.0033673362159886144	0.03810037612346551	4
torus	ED	8.0	1	SzSz nb	chi128	-0.12175392872607255	0.0023948855246493095	0.019669882932791684	23.75077411896488	24.15777612589132	0.9998014329553763	0.00019856704462373198	0.009636893646058744	4
torus	ED	8.0	1	SzSz nb	exact	-0.12175392872607255	4.093294550043536e-5	0.0003361940425965895	24.15777612589132	24.15777612589132	0.9999999661735496	3.382645041849486e-8	0.00015188313437553	4
torus	ED	8.0	1	SzSz nb	UHF	-0.12175392872607255	0.09435484710838349	0.7749634701371095	1.566934928728229	24.15777612589132	0.4565342465408258	0.5434657534591743	0.6403905895389821	4
torus	ED	8.0	1	SzSz nb	UHFsym	-0.12175392872607255	-0.04559748486168333	0.3745052446255808	5.858782214468325	24.15777612589132	0.9706090862535318	0.029390913746468184	0.16045448267910664	4
torus	ED	8.0	1	SxSx nb	chi4	-0.12175392868773074	0.042326382762475995	0.34763874331343253	6.429576856883724	26.94885642988486	0.8556763152802315	0.14432368471976853	0.16765314016462704	4
torus	ED	8.0	1	SxSx nb	chi8	-0.12175392868773074	0.030586621862345426	0.2512167138424969	10.135579461812325	26.94885642988486	0.9236559024816898	0.07634409751831017	0.12064665872182076	4
torus	ED	8.0	1	SxSx nb	chi32	-0.12175392868773074	0.00921292123765255	0.0756683692834377	23.377716039281946	26.94885642988486	0.9966326637840114	0.0033673362159886144	0.03810037612346551	4
torus	ED	8.0	1	SxSx nb	chi128	-0.12175392868773074	0.002425620099028858	0.019922314829363613	26.645670443126814	26.94885642988486	0.9998014329553763	0.00019856704462373198	0.009636893646058744	4
torus	ED	8.0	1	SxSx nb	exact	-0.12175392868773074	4.094438379040333e-5	0.0003362879886645443	26.94885642988486	26.94885642988486	0.9999999661735496	3.382645041849486e-8	0.00015188313437553	4
torus	ED	8.0	1	SxSx nb	UHF	-0.12175392868773074	-0.11547119668541006	0.9483981168407767	1.1041491798493543	26.94885642988486	0.4565342465408258	0.5434657534591743	0.6403905895389821	4
torus	ED	8.0	1	SxSx nb	UHFsym	-0.12175392868773074	-0.045495030700376665	0.37366375927844075	5.837220267769739	26.94885642988486	0.9706090862535318	0.029390913746468184	0.16045448267910664	4
torus	DMRG	8.0	1	n	chi4	1.0000207169375726	2.1345470810785194e-5	2.1345028607160057e-5	0.9999953498279914	1.0000493376779638	0.9778346116142064	0.022165388385793627	0.06959247913262365	2
torus	DMRG	8.0	1	n	chi8	1.0000207169375726	-0.006516491942018643	0.006516356943058653	1.0200401070180865	1.0000493376779638	0.9857097886849286	0.014290211315071355	0.058274019490315604	2
torus	DMRG	8.0	1	n	chi32	1.0000207169375726	-0.001163647872706175	0.0011636237659852571	0.9981636705381178	1.0000493376779638	0.9991637204838038	0.0008362795161962477	0.016442905445779213	2
torus	DMRG	8.0	1	n	chi128	1.0000207169375726	-0.00018086394721827936	0.00018086020034879937	1.0004411751951519	1.0000493376779638	0.9999476401725048	5.235982749518531e-5	0.004251178436600157	2
torus	DMRG	8.0	1	n	exact	1.0000207169375726	0.0	0.0	1.0000493376779638	1.0000493376779638	0.9999999999999998	2.220446049250313e-16	0.0	2
torus	DMRG	8.0	1	n	UHF	1.0000207169375726	-0.006376310534228269	0.0063761784393375895	0.012813379903577678	1.0000493376779638	0.5778037892804995	0.42219621071950053	0.4667377673698519	2
torus	DMRG	8.0	1	n	UHFsym	1.0000207169375726	-0.006376310534222718	0.006376178439332038	1.0102508048078915	1.0000493376779638	0.9989315079320343	0.001068492067965665	0.017341258496347597	2
torus	DMRG	8.0	1	Sz	chi4	-5.903117222608167e-7	-1.2301107096684971e-6	NaN	1.0000017914478332	0.9999847750130074	0.9778346116142064	0.022165388385793627	0.06959247913262365	2
torus	DMRG	8.0	1	Sz	chi8	-5.903117222608167e-7	0.0021265249245315237	NaN	0.9880337384125687	0.9999847750130074	0.9857097886849286	0.014290211315071355	0.058274019490315604	2
torus	DMRG	8.0	1	Sz	chi32	-5.903117222608167e-7	-0.000806006782449166	NaN	1.0006897684267813	0.9999847750130074	0.9991637204838038	0.0008362795161962477	0.016442905445779213	2
torus	DMRG	8.0	1	Sz	chi128	-5.903117222608167e-7	-1.8182453007525856e-6	NaN	0.999864830544061	0.9999847750130074	0.9999476401725048	5.235982749518531e-5	0.004251178436600157	2
torus	DMRG	8.0	1	Sz	exact	-5.903117222608167e-7	0.0	NaN	0.9999847750130074	0.9999847750130074	0.9999999999999998	2.220446049250313e-16	0.0	2
torus	DMRG	8.0	1	Sz	UHF	-5.903117222608167e-7	0.45806713812167843	NaN	0.01983362309665324	0.9999847750130074	0.5778037892804995	0.42219621071950053	0.4667377673698519	2
torus	DMRG	8.0	1	Sz	UHFsym	-5.903117222608167e-7	-5.903117222601662e-7	NaN	0.9935461583183605	0.9999847750130074	0.9989315079320343	0.001068492067965665	0.017341258496347597	2
torus	DMRG	8.0	1	DoubleOcc	chi4	0.048865174374942616	0.03480691230171745	0.7123050873541128	21.73458669136121	72.76020907324737	0.9778346116142064	0.022165388385793627	0.06959247913262365	2
torus	DMRG	8.0	1	DoubleOcc	chi8	0.048865174374942616	0.02587876377414869	0.5295952404790549	28.385436598789376	72.76020907324737	0.9857097886849286	0.014290211315071355	0.058274019490315604	2
torus	DMRG	8.0	1	DoubleOcc	chi32	0.048865174374942616	0.007639628786536762	0.15634097052264398	62.739675662659955	72.76020907324737	0.9991637204838038	0.0008362795161962477	0.016442905445779213	2
torus	DMRG	8.0	1	DoubleOcc	chi128	0.048865174374942616	0.0020351572446909993	0.04164841875064708	71.46874849522669	72.76020907324737	0.9999476401725048	5.235982749518531e-5	0.004251178436600157	2
torus	DMRG	8.0	1	DoubleOcc	exact	0.048865174374942616	0.0	0.0	72.76020907324737	72.76020907324737	0.9999999999999998	2.220446049250313e-16	0.0	2
torus	DMRG	8.0	1	DoubleOcc	UHF	0.048865174374942616	0.005482473981059194	0.11219593608716416	1.6781285921581421	72.76020907324737	0.5778037892804995	0.42219621071950053	0.4667377673698519	2
torus	DMRG	8.0	1	DoubleOcc	UHFsym	0.048865174374942616	0.0054824739810624135	0.11219593608723005	63.567073502827434	72.76020907324737	0.9989315079320343	0.001068492067965665	0.017341258496347597	2
torus	DMRG	8.0	1	ZZ onsite	chi4	-0.8045807363753746	0.13918495826524757	0.17299066703022736	27.928385121544643	192.00664917545603	0.9778346116142064	0.022165388385793627	0.06959247913262365	2
torus	DMRG	8.0	1	ZZ onsite	chi8	-0.8045807363753746	0.11654803898063137	0.14485561698342259	37.371218554511216	192.00664917545603	0.9857097886849286	0.014290211315071355	0.058274019490315604	2
torus	DMRG	8.0	1	ZZ onsite	chi32	-0.8045807363753746	0.03288581089155851	0.04087322676865052	141.97223336902064	192.00664917545603	0.9991637204838038	0.0008362795161962477	0.016442905445779213	2
torus	DMRG	8.0	1	ZZ onsite	chi128	-0.8045807363753746	0.008502356873200334	0.010567437783190456	186.46948895421028	192.00664917545603	0.9999476401725048	5.235982749518531e-5	0.004251178436600157	2
torus	DMRG	8.0	1	ZZ onsite	exact	-0.8045807363753746	0.0	0.0	192.00664917545603	192.00664917545603	0.9999999999999998	2.220446049250313e-16	0.0	2
torus	DMRG	8.0	1	ZZ onsite	UHF	-0.8045807363753746	0.03468251699269331	0.0431063228644245	138.12033530516425	192.00664917545603	0.5778037892804995	0.42219621071950053	0.4667377673698519	2
torus	DMRG	8.0	1	ZZ onsite	UHFsym	-0.8045807363753746	0.03468251699270086	0.04310632286443388	138.1203353051482	192.00664917545603	0.9989315079320343	0.001068492067965665	0.017341258496347597	2
torus	DMRG	8.0	1	ZZ up-up nb	chi4	-0.5133796188198217	0.15402703287336839	0.30002560917290033	9.32234824568759	41.741776874485176	0.9908500868290309	0.009149913170969137	0.07701351643668425	2
torus	DMRG	8.0	1	ZZ up-up nb	chi8	-0.5133796188198217	0.0819056436090887	0.15954206323456466	21.438866776225797	41.741776874485176	0.9975553990483712	0.0024446009516287948	0.040952821804544424	2
torus	DMRG	8.0	1	ZZ up-up nb	chi32	-0.5133796188198217	0.04159837546025036	0.08102849029316439	34.078422261220474	41.741776874485176	0.9993919560046269	0.0006080439953730643	0.020799187730125117	2
torus	DMRG	8.0	1	ZZ up-up nb	chi128	-0.5133796188198217	0.009687786668637566	0.018870610194670855	41.527785011032485	41.741776874485176	0.9999679059411916	3.209405880844063e-5	0.004843893334318838	2
torus	DMRG	8.0	1	ZZ up-up nb	exact	-0.5133796188198217	0.0	0.0	41.741776874485176	41.741776874485176	1.0	0.0	0.0	2
torus	DMRG	8.0	1	ZZ up-up nb	UHF	-0.5133796188198217	0.376145490566809	0.73268489199378	1.8757327747314303	41.741776874485176	0.5553568218109404	0.44464317818905963	0.5635822515587056	2
torus	DMRG	8.0	1	ZZ up-up nb	UHFsym	-0.5133796188198217	-0.1836638373134566	0.357754438588097	6.598169879143896	41.741776874485176	0.9896076216608591	0.010392378339140862	0.09224173514858851	2
torus	DMRG	8.0	1	SzSz nb	chi4	-0.12179486167157298	0.03802751308180226	0.3122259228336388	7.037509716514102	24.0629819431571	0.8557673853174922	0.1442326146825078	0.16751626477723758	4
torus	DMRG	8.0	1	SzSz nb	chi8	-0.12179486167157298	0.02022245568546739	0.16603701837601684	13.896919334673608	24.0629819431571	0.9237241224636329	0.07627587753636711	0.12054605894116933	4
torus	DMRG	8.0	1	SzSz nb	chi32	-0.12179486167157298	0.010223805833493457	0.0839428338205478	20.03475644381962	24.0629819431571	0.9966503640260567	0.0033496359739433323	0.03794972839190472	4
torus	DMRG	8.0	1	SzSz nb	chi128	-0.12179486167157298	0.002353952579148874	0.0193271912036523	23.66161338972156	24.0629819431571	0.9998058256927487	0.0001941743072513269	0.00948633988852365	4
torus	DMRG	8.0	1	SzSz nb	exact	-0.12179486167157298	0.0	0.0	24.0629819431571	24.0629819431571	1.0000000000000036	-3.552713678800501e-15	0.0	4
torus	DMRG	8.0	1	SzSz nb	UHF	-0.12179486167157298	0.09431391416288305	0.7743669385429911	1.5674284236806153	24.0629819431571	0.456573115431576	0.543426884568424	0.6404011576438204	4
torus	DMRG	8.0	1	SzSz nb	UHFsym	-0.12179486167157298	-0.045638417807183765	0.3747154615623313	5.8527490840283525	24.0629819431571	0.9705845861122689	0.029415413887731057	0.1605270395555668	4
torus	DMRG	8.0	1	SxSx nb	chi4	-0.12179487307152115	0.04228543837868559	0.3471857009437045	6.433937418503206	26.872208382503178	0.8557673853174922	0.1442326146825078	0.16751626477723758	4
torus	DMRG	8.0	1	SxSx nb	chi8	-0.12179487307152115	0.030545677478555022	0.2507960861424585	10.140294937380505	26.872208382503178	0.9237241224636329	0.07627587753636711	0.12054605894116933	4
torus	DMRG	8.0	1	SxSx nb	chi32	-0.12179487307152115	0.009171976853862146	0.07530675653708445	23.341765272113683	26.872208382503178	0.9966503640260567	0.0033496359739433323	0.03794972839190472	4
torus	DMRG	8.0	1	SxSx nb	chi128	-0.12179487307152115	0.0023846757152384546	0.019579442509358422	26.577491125073475	26.872208382503178	0.9998058256927487	0.0001941743072513269	0.00948633988852365	4
torus	DMRG	8.0	1	SxSx nb	exact	-0.12179487307152115	0.0	0.0	26.872208382503178	26.872208382503178	1.0000000000000036	-3.552713678800501e-15	0.0	4
torus	DMRG	8.0	1	SxSx nb	UHF	-0.12179487307152115	-0.11551214106920046	0.9484154641006005	1.1041879566718484	26.872208382503178	0.456573115431576	0.543426884568424	0.6404011576438204	4
torus	DMRG	8.0	1	SxSx nb	UHFsym	-0.12179487307152115	-0.04553597508416707	0.3738743178247507	5.830981005434946	26.872208382503178	0.9705845861122689	0.029415413887731057	0.1605270395555668	4
torus	ED	8.0	2	n	chi4	1.0000000003356293	-6.281976105970699e-7	6.281976103862284e-7	0.999696793586638	1.0000204226225644	0.9778182980224143	0.022181701977585733	0.06962536720329462	2
torus	ED	8.0	2	n	chi8	1.0000000003356293	0.005130417572078105	0.005130417570356187	0.9980737629396813	1.0000204226225644	0.9916433700029862	0.00835662999701381	0.04690389746096198	2
torus	ED	8.0	2	n	chi32	1.0000000003356293	0.0007936232965375378	0.0007936232962711746	0.9996977542472625	1.0000204226225644	0.9991094776256831	0.00089052237431686	0.016979790673967526	2
torus	ED	8.0	2	n	chi128	1.0000000003356293	-2.364503335017254e-5	2.3645033342236573e-5	0.9999685526685135	1.0000204226225644	0.9999438764720461	5.612352795392184e-5	0.004404137354953257	2
torus	ED	8.0	2	n	exact	1.0000000003356293	-2.0634635929939193e-5	2.0634635923013605e-5	1.0000204226225644	1.0000204226225644	0.9999999958467629	4.153237087578532e-9	3.287172414628836e-5	2
torus	ED	8.0	2	n	UHF	1.0000000003356293	-0.006397027136170186	0.006397027134023156	0.012623781816299754	1.0000204226225644	0.5778066504828924	0.42219334951710763	0.46675480541069103	2
torus	ED	8.0	2	n	UHFsym	1.0000000003356293	-0.006397027136164857	0.006397027134017827	1.0029462488561602	1.0000204226225644	0.9989273609084875	0.0010726390915124506	0.017374146567015	2
torus	ED	8.0	2	Sz	chi4	-3.6937839315021037e-9	-7.731461843815506e-5	NaN	1.0001267307133372	1.0000060066928353	0.9778182980224143	0.022181701977585733	0.06962536720329462	2
torus	ED	8.0	2	Sz	chi8	-3.6937839315021037e-9	0.0015165354620017175	NaN	0.9940884211253389	1.0000060066928353	0.9916433700029862	0.00835662999701381	0.04690389746096198	2
torus	ED	8.0	2	Sz	chi32	-3.6937839315021037e-9	0.00013808748840395121	NaN	0.9994993554248208	1.0000060066928353	0.9991094776256831	0.00089052237431686	0.016979790673967526	2
torus	ED	8.0	2	Sz	chi128	-3.6937839315021037e-9	-1.4031143942036528e-5	NaN	1.0000300549221388	1.0000060066928353	0.9999438764720461	5.612352795392184e-5	0.004404137354953257	2
torus	ED	8.0	2	Sz	exact	-3.6937839315021037e-9	3.965848382331272e-9	NaN	1.0000060066928353	1.0000060066928353	0.9999999958467629	4.153237087578532e-9	3.287172414628836e-5	2
torus	ED	8.0	2	Sz	UHF	-3.6937839315021037e-9	-0.4580677321271839	NaN	0.02150877789421167	1.0000060066928353	0.5778066504828924	0.42219334951710763	0.46675480541069103	2
torus	ED	8.0	2	Sz	UHFsym	-3.6937839315021037e-9	-3.6937839733523076e-9	NaN	0.9993928723452616	1.0000060066928353	0.9989273609084875	0.0010726390915124506	0.017374146567015	2
torus	ED	8.0	2	DoubleOcc	chi4	0.048871260109307146	0.03481236950284311	0.7123280518034641	19.937753284764806	63.55487915104036	0.9778182980224143	0.022181701977585733	0.06962536720329462	2
torus	ED	8.0	2	DoubleOcc	chi8	0.048871260109307146	0.02601715751652109	0.5323610944004762	30.42706486213416	63.55487915104036	0.9916433700029862	0.00835662999701381	0.04690389746096198	2
torus	ED	8.0	2	DoubleOcc	chi32	0.048871260109307146	0.008886706985253512	0.18183912109851877	53.80020933181592	63.55487915104036	0.9991094776256831	0.00089052237431686	0.016979790673967526	2
torus	ED	8.0	2	DoubleOcc	chi128	0.048871260109307146	0.0021902461608025448	0.04481665002915342	62.037833723936	63.55487915104036	0.9999438764720461	5.612352795392184e-5	0.004404137354953257	2
torus	ED	8.0	2	DoubleOcc	exact	0.048871260109307146	6.11854410895174e-6	0.0001251971832784093	63.55487915104036	63.55487915104036	0.9999999958467629	4.153237087578532e-9	3.287172414628836e-5	2
torus	ED	8.0	2	DoubleOcc	UHF	0.048871260109307146	0.005488559715423669	0.11230649062757471	1.3742467158363147	63.55487915104036	0.5778066504828924	0.42219334951710763	0.46675480541069103	2
torus	ED	8.0	2	DoubleOcc	UHFsym	0.048871260109307146	0.005488559715423114	0.11230649062756334	54.470294301383454	63.55487915104036	0.9989273609084875	0.0010726390915124506	0.017374146567015	2
torus	ED	8.0	2	ZZ onsite	chi4	-0.8045149602340333	0.1392507344065892	0.17308656928651914	26.636321880854048	178.7925492918269	0.9778182980224143	0.022181701977585733	0.06962536720329462	2
torus	ED	8.0	2	ZZ onsite	chi8	-0.8045149602340333	0.0938077949219237	0.1166016787240787	48.78861740749149	178.7925492918269	0.9916433700029862	0.00835662999701381	0.04690389746096198	2
torus	ED	8.0	2	ZZ onsite	chi32	-0.8045149602340333	0.033959581347934975	0.04221124904632741	127.68412876277696	178.7925492918269	0.9991094776256831	0.00089052237431686	0.016979790673967526	2
torus	ED	8.0	2	ZZ onsite	chi128	-0.8045149602340333	0.008808274709906527	0.010948553035414284	171.55319147755304	178.7925492918269	0.9999438764720461	5.612352795392184e-5	0.004404137354953257	2
torus	ED	8.0	2	ZZ onsite	exact	-0.8045149602340333	6.574344829257672e-5	8.171811780038492e-5	178.7925492918269	178.7925492918269	0.9999999958467629	4.153237087578532e-9	3.287172414628836e-5	2
torus	ED	8.0	2	ZZ onsite	UHF	-0.8045149602340333	0.034748293134031716	0.04319160593846936	126.1606941052393	178.7925492918269	0.5778066504828924	0.42219334951710763	0.46675480541069103	2
torus	ED	8.0	2	ZZ onsite	UHFsym	-0.8045149602340333	0.03474829313402461	0.043191605938460526	126.16069410525294	178.7925492918269	0.9989273609084875	0.0010726390915124506	0.017374146567015	2
torus	ED	8.0	2	ZZ up-up nb	chi4	-0.5132034631169993	0.10392015922441489	0.20249309814326671	13.237178789758845	38.28559083636034	0.9960255596380149	0.003974440361985132	0.05196007961220736	2
torus	ED	8.0	2	ZZ up-up nb	chi8	-0.5132034631169993	0.09094932415747359	0.1772188433902659	15.423675419055424	38.28559083636034	0.9959373185473611	0.004062681452638883	0.05178533184536066	2
torus	ED	8.0	2	ZZ up-up nb	chi32	-0.5132034631169993	0.04562588055737815	0.08890407769321003	26.612842541134068	38.28559083636034	0.9992683337810044	0.0007316662189955636	0.02281294027868907	2
torus	ED	8.0	2	ZZ up-up nb	chi128	-0.5132034631169993	0.01057180271956959	0.020599632464209323	36.5904997083627	38.28559083636034	0.9999617713271058	3.822867289415832e-5	0.0052859013597847185	2
torus	ED	8.0	2	ZZ up-up nb	exact	-0.5132034631169993	0.00032247350894498705	0.0006283541170716342	38.28559083636034	38.28559083636034	0.9999999641904774	3.580952256942993e-8	0.00016123675447253516	2
torus	ED	8.0	2	ZZ up-up nb	UHF	-0.5132034631169993	0.3763216462696315	0.7332796314038869	1.6682312702875246	38.28559083636034	0.5577307323009657	0.4422692676990343	0.563410393670241	2
torus	ED	8.0	2	ZZ up-up nb	UHFsym	-0.5132034631169993	-0.1834876816106341	0.3575339895335096	7.0615628221436175	38.28559083636034	0.9896281670648005	0.010371832935199499	0.09215365729717732	2
torus	ED	8.0	2	SzSz nb	chi4	-0.121753926677518	0.03312517762180189	0.272066606192821	9.748204208877633	28.59874696556679	0.9361135717205858	0.06388642827941415	0.20339303974428902	4
torus	ED	8.0	2	SzSz nb	chi8	-0.121753926677518	0.023800027426130327	0.1954764669657675	14.95579915337256	28.59874696556679	0.9709985099695463	0.029001490030453714	0.1200276544361694	4
torus	ED	8.0	2	SzSz nb	chi32	-0.121753926677518	0.011189703460831868	0.091904251190759	24.40581717356268	28.59874696556679	0.9955418338337607	0.004458166166239286	0.042596332615327435	4
torus	ED	8.0	2	SzSz nb	chi128	-0.121753926677518	0.0025435450921971192	0.020890867026687753	28.61903701973673	28.59874696556679	0.9997239404079195	0.0002760595920805464	0.010429592115900327	4
torus	ED	8.0	2	SzSz nb	exact	-0.121753926677518	7.574233196688818e-5	0.0006220935458410484	28.59874696556679	28.59874696556679	0.9999999164026521	8.359734793295104e-8	0.0002646413993968078	4
torus	ED	8.0	2	SzSz nb	UHF	-0.121753926677518	0.09435484915693809	0.7749635000015225	1.711346794278572	28.59874696556679	0.4565342420585718	0.5434657579414282	0.6403905917773277	4
torus	ED	8.0	2	SzSz nb	UHFsym	-0.121753926677518	-0.04559748281312878	0.37450523410140174	5.6962788811071166	28.59874696556679	0.9706090884689127	0.029390911531087305	0.16045447681692124	4
torus	ED	8.0	2	SxSx nb	chi4	-0.1217539266912952	0.03845906709488653	0.3158753737150406	7.311810152608985	30.387866492382273	0.9361135717205858	0.06388642827941415	0.20339303974428902	4
torus	ED	8.0	2	SxSx nb	chi8	-0.1217539266912952	0.02977993262304951	0.24459114734390433	10.779299674391197	30.387866492382273	0.9709985099695463	0.029001490030453714	0.1200276544361694	4
torus	ED	8.0	2	SxSx nb	chi32	-0.1217539266912952	0.010268008247673988	0.08433410343888399	25.425742950197012	30.387866492382273	0.9955418338337607	0.004458166166239286	0.042596332615327435	4
torus	ED	8.0	2	SxSx nb	chi128	-0.1217539266912952	0.0025697027583833493	0.021105707456144575	30.091735491090326	30.387866492382273	0.9997239404079195	0.0002760595920805464	0.010429592115900327	4
torus	ED	8.0	2	SxSx nb	exact	-0.1217539266912952	7.56865479053237e-5	0.0006216353752370182	30.387866492382273	30.387866492382273	0.9999999164026521	8.359734793295104e-8	0.0002646413993968078	4
torus	ED	8.0	2	SxSx nb	UHF	-0.1217539266912952	-0.11547119468897453	0.9483981159946453	1.0950424594117887	30.387866492382273	0.4565342420585718	0.5434657579414282	0.6403905917773277	4
torus	ED	8.0	2	SxSx nb	UHFsym	-0.1217539266912952	-0.04549502870394112	0.37366374900821814	5.862439117849708	30.387866492382273	0.9706090884689127	0.029390911531087305	0.16045447681692124	4
torus	DMRG	8.0	2	n	chi4	1.0000206349715592	2.0006438319342124e-5	2.000602549557501e-5	0.9996985787375546	1.0000206424104268	0.9778345978997238	0.022165402100276177	0.06959249547914834	2
torus	DMRG	8.0	2	n	chi8	1.0000206349715592	0.0051510522080080445	0.005150945918385516	0.9979846210214764	1.0000206424104268	0.9916526145958199	0.008347385404180119	0.04687102573681569	2
torus	DMRG	8.0	2	n	chi32	1.0000206349715592	0.000814257932467477	0.0008142411306249042	0.9996861255164508	1.0000206424104268	0.9991126797890579	0.0008873202109420664	0.016946918949821237	2
torus	DMRG	8.0	2	n	chi128	1.0000206349715592	-3.010397420233346e-6	3.0103353020500043e-6	0.999969127546734	1.0000206424104268	0.9999447041793004	5.529582069963013e-5	0.004371265630806968	2
torus	DMRG	8.0	2	n	exact	1.0000206349715592	0.0	0.0	1.0000206424104268	1.0000206424104268	0.9999999999999998	2.220446049250313e-16	0.0	2
torus	DMRG	8.0	2	n	UHF	1.0000206349715592	-0.006376392500240247	0.0063762609262773785	0.012625904882279807	1.0000206424104268	0.577803168996725	0.422196831003275	0.466738373514467	2
torus	DMRG	8.0	2	n	UHFsym	1.0000206349715592	-0.0063763925002349175	0.006376260926272049	1.0030149646736957	1.0000206424104268	0.9989315032923912	0.0010684967076087792	0.017341274842868713	2
torus	DMRG	8.0	2	Sz	chi4	-7.659632313833376e-9	-7.731858428653739e-5	NaN	1.0001255855382072	1.0000059840552236	0.9778345978997238	0.022165402100276177	0.06959249547914834	2
torus	DMRG	8.0	2	Sz	chi8	-7.659632313833376e-9	0.0015165314961533352	NaN	0.9941166136994367	1.0000059840552236	0.9916526145958199	0.008347385404180119	0.04687102573681569	2
torus	DMRG	8.0	2	Sz	chi32	-7.659632313833376e-9	0.00013808352255556888	NaN	0.9995022806445021	1.0000059840552236	0.9991126797890579	0.0008873202109420664	0.016946918949821237	2
torus	DMRG	8.0	2	Sz	chi128	-7.659632313833376e-9	-1.403510979041886e-5	NaN	1.000029821190563	1.0000059840552236	0.9999447041793004	5.529582069963013e-5	0.004371265630806968	2
torus	DMRG	8.0	2	Sz	exact	-7.659632313833376e-9	0.0	NaN	1.0000059840552236	1.0000059840552236	0.9999999999999998	2.220446049250313e-16	0.0	2
torus	DMRG	8.0	2	Sz	UHF	-7.659632313833376e-9	-0.45806773609303225	NaN	0.021510280035403166	1.0000059840552236	0.577803168996725	0.422196831003275	0.466738373514467	2
torus	DMRG	8.0	2	Sz	UHFsym	-7.659632313833376e-9	-7.65963235568358e-9	NaN	0.9993863640258944	1.0000059840552236	0.9989315032923912	0.0010684967076087792	0.017341274842868713	2
torus	DMRG	8.0	2	DoubleOcc	chi4	0.048865141565198195	0.03480625095873416	0.7122920315762107	19.957437349239363	63.64672979759224	0.9778345978997238	0.022165402100276177	0.06959249547914834	2
torus	DMRG	8.0	2	DoubleOcc	chi8	0.048865141565198195	0.026011038972412137	0.5323025399958572	30.46325824288736	63.64672979759224	0.9916526145958199	0.008347385404180119	0.04687102573681569	2
torus	DMRG	8.0	2	DoubleOcc	chi32	0.048865141565198195	0.00888058844114456	0.18173667683527853	53.88298031785063	63.64672979759224	0.9991126797890579	0.0008873202109420664	0.016946918949821237	2
torus	DMRG	8.0	2	DoubleOcc	chi128	0.048865141565198195	0.002184127616693593	0.044697048790484445	62.13111270107036	63.64672979759224	0.9999447041793004	5.529582069963013e-5	0.004371265630806968	2
torus	DMRG	8.0	2	DoubleOcc	exact	0.048865141565198195	0.0	0.0	63.64672979759224	63.64672979759224	0.9999999999999998	2.220446049250313e-16	0.0	2
torus	DMRG	8.0	2	DoubleOcc	UHF	0.048865141565198195	0.005482441171314717	0.11219533998483937	1.3754291112798867	63.64672979759224	0.577803168996725	0.422196831003275	0.466738373514467	2
torus	DMRG	8.0	2	DoubleOcc	UHFsym	0.048865141565198195	0.005482441171314162	0.112195339984828	54.55272721392751	63.64672979759224	0.9989315032923912	0.0010684967076087792	0.017341274842868713	2
torus	DMRG	8.0	2	ZZ onsite	chi4	-0.8045807036823259	0.13918499095829662	0.17299071469311708	26.694029305802697	179.87445030892977	0.9778345978997238	0.022165402100276177	0.06959249547914834	2
torus	DMRG	8.0	2	ZZ onsite	chi8	-0.8045807036823259	0.09374205147363113	0.11651043959245072	48.942137983787234	179.87445030892977	0.9916526145958199	0.008347385404180119	0.04687102573681569	2
torus	DMRG	8.0	2	ZZ onsite	chi32	-0.8045807036823259	0.0338938378996424	0.042126088463867464	128.40683995114168	179.87445030892977	0.9991126797890579	0.0008873202109420664	0.016946918949821237	2
torus	DMRG	8.0	2	ZZ onsite	chi128	-0.8045807036823259	0.00874253126161395	0.010865946972879155	172.6271329710027	179.87445030892977	0.9999447041793004	5.529582069963013e-5	0.004371265630806968	2
torus	DMRG	8.0	2	ZZ onsite	exact	-0.8045807036823259	0.0	0.0	179.87445030892977	179.87445030892977	0.9999999999999998	2.220446049250313e-16	0.0	2
torus	DMRG	8.0	2	ZZ onsite	UHF	-0.8045807036823259	0.03468254968573914	0.043106365249635556	126.8702643705735	179.87445030892977	0.577803168996725	0.422196831003275	0.466738373514467	2
torus	DMRG	8.0	2	ZZ onsite	UHFsym	-0.8045807036823259	0.034682549685732034	0.04310636524962673	126.87026437058739	179.87445030892977	0.9989315032923912	0.0010684967076087792	0.017341274842868713	2
torus	DMRG	8.0	2	ZZ up-up nb	chi4	-0.5135259366259443	0.1035976857154699	0.20173798113517907	13.340692026085547	38.518650510720526	0.99604916826522	0.003950831734779947	0.051798842857734825	2
torus	DMRG	8.0	2	ZZ up-up nb	chi8	-0.5135259366259443	0.0906268506485286	0.1764795975914685	15.549654499140614	38.518650510720526	0.9959577217194663	0.004042278280533718	0.051702159283377	2
torus	DMRG	8.0	2	ZZ up-up nb	chi32	-0.5135259366259443	0.045303407048433164	0.08822028999371159	26.84783453828105	38.518650510720526	0.9992784782779374	0.0007215217220626347	0.022651703524216533	2
torus	DMRG	8.0	2	ZZ up-up nb	chi128	-0.5135259366259443	0.010249329210624603	0.01995873719245126	36.85272716136563	38.518650510720526	0.9999640626938896	3.593730611040069e-5	0.005124664605312183	2
torus	DMRG	8.0	2	ZZ up-up nb	exact	-0.5135259366259443	0.0	0.0	38.518650510720526	38.518650510720526	0.9999999999999998	2.220446049250313e-16	0.0	2
torus	DMRG	8.0	2	ZZ up-up nb	UHF	-0.5135259366259443	0.3759991727606865	0.7321912019305985	1.6747878141877994	38.518650510720526	0.557774189532766	0.44222581046723397	0.5633299198180423	2
torus	DMRG	8.0	2	ZZ up-up nb	UHFsym	-0.5135259366259443	-0.1838101551195791	0.3579374321914097	7.047918333206602	38.518650510720526	0.989590360319941	0.010409639680059035	0.09231489405164986	2
torus	DMRG	8.0	2	SzSz nb	chi4	-0.12182966900948489	0.033049435289835005	0.27127575375142804	9.797460399035174	28.785254324737174	0.9361671059512888	0.06383289404871118	0.2032566145271048	4
torus	DMRG	8.0	2	SzSz nb	chi8	-0.12182966900948489	0.02372428509416344	0.19473323113367744	15.051048596941431	28.785254324737174	0.9710511350188454	0.028948864981154565	0.11989174444933971	4
torus	DMRG	8.0	2	SzSz nb	chi32	-0.12182966900948489	0.01111396112886498	0.09122540690806373	24.593889298532464	28.785254324737174	0.9955689015324873	0.004431098467512662	0.042333269693524196	4
torus	DMRG	8.0	2	SzSz nb	chi128	-0.12182966900948489	0.002467802760230231	0.02025617224682851	28.82097868786631	28.785254324737174	0.9997306296147125	0.0002693703852875151	0.010166428391449782	4
torus	DMRG	8.0	2	SzSz nb	exact	-0.12182966900948489	0.0	0.0	28.785254324737174	28.785254324737174	0.9999999999999987	1.3322676295501878e-15	0.0	4
torus	DMRG	8.0	2	SzSz nb	UHF	-0.12182966900948489	0.0942791068249712	0.7738599931485591	1.7151843866926795	28.785254324737174	0.45661017216297234	0.5433898278370277	0.6404002923726843	4
torus	DMRG	8.0	2	SzSz nb	UHFsym	-0.12182966900948489	-0.04567322514509567	0.3748941084420072	5.695868763463175	28.785254324737174	0.9705471529419658	0.029452847058034193	0.1606267534490314	4
torus	DMRG	8.0	2	SxSx nb	chi4	-0.12182961323920052	0.038383380546981205	0.3150578872118653	7.340104738060624	30.36590810820294	0.9361671059512888	0.06383289404871118	0.2032566145271048	4
torus	DMRG	8.0	2	SxSx nb	chi8	-0.12182961323920052	0.029704246075144186	0.24381794610824878	10.823109904731933	30.36590810820294	0.9710511350188454	0.028948864981154565	0.11989174444933971	4
torus	DMRG	8.0	2	SxSx nb	chi32	-0.12182961323920052	0.010192321699768664	0.0836604617611076	25.487252388657804	30.36590810820294	0.9955689015324873	0.004431098467512662	0.042333269693524196	4
torus	DMRG	8.0	2	SxSx nb	chi128	-0.12182961323920052	0.0024940162104780256	0.020471346367826587	30.09492713421228	30.36590810820294	0.9997306296147125	0.0002693703852875151	0.010166428391449782	4
torus	DMRG	8.0	2	SxSx nb	exact	-0.12182961323920052	0.0	0.0	30.36590810820294	30.36590810820294	0.9999999999999987	1.3322676295501878e-15	0.0	4
torus	DMRG	8.0	2	SxSx nb	UHF	-0.12182961323920052	-0.11554688123687985	0.9484301736230161	1.0949851162092876	30.36590810820294	0.45661017216297234	0.5433898278370277	0.6404002923726843	4
torus	DMRG	8.0	2	SxSx nb	UHFsym	-0.12182961323920052	-0.045570715251846444	0.37405285989353676	5.851354268919451	30.36590810820294	0.9705471529419658	0.029452847058034193	0.1606267534490314	4
torus	ED	8.0	3	n	chi4	1.0000000003075868	-2.6301743065504368e-5	2.63017430574143e-5	0.9995036535188796	1.0000122856029117	0.9746992686422437	0.025300731357756345	0.07291449463202317	2
torus	ED	8.0	3	n	chi8	1.0000000003075868	-0.004234179204987365	0.0042341792036849875	0.9817571642400357	1.0000122856029117	0.9896216776537157	0.01037832234628433	0.051535126454018365	2
torus	ED	8.0	3	n	chi32	1.0000000003075868	-0.0004790135216181657	0.00047901352147082743	1.0052390895174654	1.0000122856029117	0.9985226964715503	0.0014773035284496583	0.021611530357394788	2
torus	ED	8.0	3	n	chi128	1.0000000003075868	-4.740009665904488e-5	4.740009664446523e-5	1.000233565436456	1.0000122856029117	0.9999046670119328	9.533298806718715e-5	0.005721878660974629	2
torus	ED	8.0	3	n	exact	1.0000000003075868	-2.4788349861859515e-5	2.4788349854234945e-5	1.0000122856029117	1.0000122856029117	0.9999999952834826	4.716517398861697e-9	3.329790673819652e-5	2
torus	ED	8.0	3	n	UHF	1.0000000003075868	-0.006397027164214197	0.006397027162246556	0.009230963340289545	1.0000122856029117	0.5778066501238401	0.42219334987615986	0.46675480578827666	2
torus	ED	8.0	3	n	UHFsym	1.0000000003075868	-0.006397027164208424	0.006397027162240783	1.0012593837764328	1.0000122856029117	0.9989273609021094	0.0010726390978905709	0.017374146618863155	2
torus	ED	8.0	3	Sz	chi4	4.045445676365e-9	8.294949292440498e-5	NaN	0.9997820975293198	0.9999665379443845	0.9746992686422437	0.025300731357756345	0.07291449463202317	2
torus	ED	8.0	3	Sz	chi8	4.045445676365e-9	0.002650627893882965	NaN	0.9861365117302204	0.9999665379443845	0.9896216776537157	0.01037832234628433	0.051535126454018365	2
torus	ED	8.0	3	Sz	chi32	4.045445676365e-9	-0.0008557951671079762	NaN	1.0011284042695974	0.9999665379443845	0.9985226964715503	0.0014773035284496583	0.021611530357394788	2
torus	ED	8.0	3	Sz	chi128	4.045445676365e-9	-3.2958872005512535e-5	NaN	1.0000111552649555	0.9999665379443845	0.9999046670119328	9.533298806718715e-5	0.005721878660974629	2
torus	ED	8.0	3	Sz	exact	4.045445676365e-9	6.621936956482943e-7	NaN	0.9999665379443845	0.9999665379443845	0.9999999952834826	4.716517398861697e-9	3.329790673819652e-5	2
torus	ED	8.0	3	Sz	UHF	4.045445676365e-9	0.45806773247884647	NaN	0.02559508344439238	0.9999665379443845	0.5778066501238401	0.42219334987615986	0.46675480578827666	2
torus	ED	8.0	3	Sz	UHFsym	4.045445676365e-9	4.045445676581841e-9	NaN	0.9887836694981615	0.9999665379443845	0.9989273609021094	0.0010726390978905709	0.017374146618863155	2
torus	ED	8.0	3	DoubleOcc	chi4	0.04887126012120849	0.036444096444479906	0.7457163239518023	20.283566303931707	63.14046106607635	0.9746992686422437	0.025300731357756345	0.07291449463202317	2
torus	ED	8.0	3	DoubleOcc	chi8	0.04887126012120849	0.02365047362451661	0.48393418884349776	31.05206539117309	63.14046106607635	0.9896216776537157	0.01037832234628433	0.051535126454018365	2
torus	ED	8.0	3	DoubleOcc	chi32	0.04887126012120849	0.010566258417889302	0.21620597446604206	52.83243211663948	63.14046106607635	0.9985226964715503	0.0014773035284496583	0.021611530357394788	2
torus	ED	8.0	3	DoubleOcc	chi128	0.04887126012120849	0.0028372392821590375	0.05805537395848262	62.071281623387165	63.14046106607635	0.9999046670119328	9.533298806718715e-5	0.005721878660974629	2
torus	ED	8.0	3	DoubleOcc	exact	0.04887126012120849	4.254778439238827e-6	8.706095215646783e-5	63.14046106607635	63.14046106607635	0.9999999952834826	4.716517398861697e-9	3.329790673819652e-5	2
torus	ED	8.0	3	DoubleOcc	UHF	0.04887126012120849	0.005488559727325065	0.11230649084375081	1.0449423980919226	63.14046106607635	0.5778066501238401	0.42219334987615986	0.46675480578827666	2
torus	ED	8.0	3	DoubleOcc	UHFsym	0.04887126012120849	0.005488559727328313	0.11230649084381726	56.753881297759904	63.14046106607635	0.9989273609021094	0.0010726390978905709	0.017374146618863155	2
torus	ED	8.0	3	ZZ onsite	chi4	-0.8045149601303435	0.14582898926404642	0.181263241196186	26.223274827863715	187.70972062559326	0.9746992686422437	0.025300731357756345	0.07291449463202317	2
torus	ED	8.0	3	ZZ onsite	chi8	-0.8045149601303435	0.10307025290803695	0.1281147747598603	46.00253960999019	187.70972062559326	0.9896216776537157	0.01037832234628433	0.051535126454018365	2
torus	ED	8.0	3	ZZ onsite	chi32	-0.8045149601303435	0.04322306071478976	0.05372561463342705	121.4838988771261	187.70972062559326	0.9985226964715503	0.0014773035284496583	0.021611530357394788	2
torus	ED	8.0	3	ZZ onsite	chi128	-0.8045149601303435	0.011443757321949577	0.014224418300556544	180.60237627566005	187.70972062559326	0.9999046670119328	9.533298806718715e-5	0.005721878660974629	2
torus	ED	8.0	3	ZZ onsite	exact	-0.8045149601303435	6.659581347667753e-5	8.277759491991052e-5	187.70972062559326	187.70972062559326	0.9999999952834826	4.716517398861697e-9	3.329790673819652e-5	2
torus	ED	8.0	3	ZZ onsite	UHF	-0.8045149601303435	0.03474829323772466	0.043191606072924875	138.709964953367	187.70972062559326	0.5778066501238401	0.42219334987615986	0.46675480578827666	2
torus	ED	8.0	3	ZZ onsite	UHFsym	-0.8045149601303435	0.0347482932377321	0.043191606072934124	138.70996495335157	187.70972062559326	0.9989273609021094	0.0010726390978905709	0.017374146618863155	2
torus	ED	8.0	3	ZZ up-up nb	chi4	-0.5132034716836517	0.10915272150783184	0.21268897723886726	13.669234380049307	32.2675242207584	0.9955950714537017	0.004404928546298259	0.054576360753915885	2
torus	ED	8.0	3	ZZ up-up nb	chi8	-0.5132034716836517	0.07788125646555977	0.15175512396682939	19.165562150156667	32.2675242207584	0.9977726020189971	0.00222739798100291	0.0389406282327799	2
torus	ED	8.0	3	ZZ up-up nb	chi32	-0.5132034716836517	0.04500375857782368	0.08769184360772378	26.436127501161668	32.2675242207584	0.999287948357778	0.0007120516422219891	0.022501879288911827	2
torus	ED	8.0	3	ZZ up-up nb	chi128	-0.5132034716836517	0.01166244176013398	0.022724791244831892	31.9047587568974	32.2675242207584	0.9999534515551869	4.654844481311038e-5	0.005831220880067087	2
torus	ED	8.0	3	ZZ up-up nb	exact	-0.5132034716836517	0.0002142730630867451	0.0004175206811906118	32.2675242207584	32.2675242207584	0.9999999837809791	1.621902090409577e-8	0.00010713653154348357	2
torus	ED	8.0	3	ZZ up-up nb	UHF	-0.5132034716836517	0.3763216377029851	0.7332796024711168	1.8389351127527185	32.2675242207584	0.5553317101226081	0.44466828987739193	0.5636274738722753	2
torus	ED	8.0	3	ZZ up-up nb	UHFsym	-0.5132034716836517	-0.1834876901772856	0.3575340002578761	6.3958950690274	32.2675242207584	0.9896281661096432	0.010371833890356785	0.0921536615805026	2
torus	ED	8.0	3	SzSz nb	chi4	-0.12175392875847527	0.027628113213694322	0.2269176321077946	11.100509459223396	24.042624916938205	0.8618239236890886	0.13817607631091144	0.15151635932792512	4
torus	ED	8.0	3	SzSz nb	chi8	-0.12175392875847527	0.021821711393281623	0.17922798562475642	13.893214305689437	24.042624916938205	0.9343189838691279	0.06568101613087207	0.11657620392443248	4
torus	ED	8.0	3	SzSz nb	chi32	-0.12175392875847527	0.01147807402548598	0.09427271992393094	20.09968789709648	24.042624916938205	0.9960632212597889	0.003936778740211144	0.042303252261152065	4
torus	ED	8.0	3	SzSz nb	chi128	-0.12175392875847527	0.002758570270044919	0.02265693023768562	23.791692521692685	24.042624916938205	0.9996456838301544	0.0003543161698456032	0.01153760346222797	4
torus	ED	8.0	3	SzSz nb	exact	-0.12175392875847527	5.009610690609456e-5	0.0004114537199491181	24.042624916938205	24.042624916938205	0.9999999549997197	4.500028027987213e-8	0.00018159188420525143	4
torus	ED	8.0	3	SzSz nb	UHF	-0.12175392875847527	0.0943548470759816	0.7749634696647403	1.6279397451709172	24.042624916938205	0.45653424696790734	0.5434657530320927	0.6403905892780164	4
torus	ED	8.0	3	SzSz nb	UHFsym	-0.12175392875847527	-0.04559748489408576	0.3745052447920431	5.65527091471566	24.042624916938205	0.9706090861128465	0.029390913887153536	0.16045448303906065	4
torus	ED	8.0	3	SxSx nb	chi4	-0.12175392881971724	0.0322860850384714	0.26517489292914614	7.823996617634778	24.062640983477213	0.8618239236890886	0.13817607631091144	0.15151635932792512	4
torus	ED	8.0	3	SxSx nb	chi8	-0.12175392881971724	0.02880072519624581	0.2365486311237763	9.028045015976591	24.062640983477213	0.9343189838691279	0.06568101613087207	0.11657620392443248	4
torus	ED	8.0	3	SxSx nb	chi32	-0.12175392881971724	0.010366109206186067	0.0851398333234512	18.852240975728424	24.062640983477213	0.9960632212597889	0.003936778740211144	0.042303252261152065	4
torus	ED	8.0	3	SxSx nb	chi128	-0.12175392881971724	0.0028217137495871875	0.023175545766291772	23.170897719889343	24.062640983477213	0.9996456838301544	0.0003543161698456032	0.01153760346222797	4
torus	ED	8.0	3	SxSx nb	exact	-0.12175392881971724	5.0012002692625956e-5	0.0004107629476719346	24.062640983477213	24.062640983477213	0.9999999549997197	4.500028027987213e-8	0.00018159188420525143	4
torus	ED	8.0	3	SxSx nb	UHF	-0.12175392881971724	-0.11547119681739655	0.9483981168967154	1.0919568608758026	24.062640983477213	0.45653424696790734	0.5434657530320927	0.6403905892780164	4
torus	ED	8.0	3	SxSx nb	UHFsym	-0.12175392881971724	-0.04549503083236288	0.3736637599574139	6.009688867539832	24.062640983477213	0.9706090861128465	0.029390913887153536	0.16045448303906065	4
torus	DMRG	8.0	3	n	chi4	1.0000247886574487	-1.5133932036448527e-6	1.5133556895890655e-6	0.9995067877138185	1.0000123791827407	0.9747168809282695	0.02528311907173053	0.07288119672528498	2
torus	DMRG	8.0	3	n	chi8	1.0000247886574487	-0.0042093908551255055	0.004209286512564042	0.9818575984679097	1.0000123791827407	0.9896337619076095	0.010366238092390456	0.051501828547280165	2
torus	DMRG	8.0	3	n	chi32	1.0000247886574487	-0.00045422517175630617	0.00045421391240322315	1.005208038835431	1.0000123791827407	0.9985270640611478	0.0014729359388522267	0.02157823245065659	2
torus	DMRG	8.0	3	n	chi128	1.0000247886574487	-2.261174679718536e-5	2.2611186296233754e-5	1.0002324775397087	1.0000123791827407	0.9999057632707555	9.423672924446791e-5	0.005688580754236432	2
torus	DMRG	8.0	3	n	exact	1.0000247886574487	0.0	0.0	1.0000123791827407	1.0000123791827407	1.0000000000000004	-4.440892098500626e-16	0.0	2
torus	DMRG	8.0	3	n	UHF	1.0000247886574487	-0.006372238814352338	0.0063720808590226885	0.009222439425055327	1.0000123791827407	0.5778039206690638	0.42219607933093617	0.46673749464121295	2
torus	DMRG	8.0	3	n	UHFsym	1.0000247886574487	-0.006372238814346565	0.006372080859016915	1.001273974340654	1.0000123791827407	0.9989316968373189	0.001068303162681139	0.01734084871212496	2
torus	DMRG	8.0	3	Sz	chi4	-6.581482499719293e-7	8.228729922875669e-5	NaN	0.9997831252598576	0.999967140046002	0.9747168809282695	0.02528311907173053	0.07288119672528498	2
torus	DMRG	8.0	3	Sz	chi8	-6.581482499719293e-7	0.0026499657001873168	NaN	0.98624770993441	0.999967140046002	0.9896337619076095	0.010366238092390456	0.051501828547280165	2
torus	DMRG	8.0	3	Sz	chi32	-6.581482499719293e-7	-0.0008564573608036245	NaN	1.0011359163333295	0.999967140046002	0.9985270640611478	0.0014729359388522267	0.02157823245065659	2
torus	DMRG	8.0	3	Sz	chi128	-6.581482499719293e-7	-3.362106570116083e-5	NaN	1.0000121445716774	0.999967140046002	0.9999057632707555	9.423672924446791e-5	0.005688580754236432	2
torus	DMRG	8.0	3	Sz	exact	-6.581482499719293e-7	0.0	NaN	0.999967140046002	0.999967140046002	1.0000000000000004	-4.440892098500626e-16	0.0	2
torus	DMRG	8.0	3	Sz	UHF	-6.581482499719293e-7	0.4580670702851508	NaN	0.025591845379967712	0.999967140046002	0.5778039206690638	0.42219607933093617	0.46673749464121295	2
torus	DMRG	8.0	3	Sz	UHFsym	-6.581482499719293e-7	-6.581482499717125e-7	NaN	0.9889342389531233	0.999967140046002	0.9989316968373189	0.001068303162681139	0.01734084871212496	2
torus	DMRG	8.0	3	DoubleOcc	chi4	0.04886700534276925	0.03643984166604067	0.7456941838453089	20.29816672577652	63.07464556088694	0.9747168809282695	0.02528311907173053	0.07288119672528498	2
torus	DMRG	8.0	3	DoubleOcc	chi8	0.04886700534276925	0.02364621884607737	0.48388925575068525	31.06956029027227	63.07464556088694	0.9896337619076095	0.010366238092390456	0.051501828547280165	2
torus	DMRG	8.0	3	DoubleOcc	chi32	0.04886700534276925	0.010562003639450063	0.2161377306705147	52.82432197650182	63.07464556088694	0.9985270640611478	0.0014729359388522267	0.02157823245065659	2
torus	DMRG	8.0	3	DoubleOcc	chi128	0.04886700534276925	0.0028329845037197987	0.05797336022226682	62.020944151877565	63.07464556088694	0.9999057632707555	9.423672924446791e-5	0.005688580754236432	2
torus	DMRG	8.0	3	DoubleOcc	exact	0.04886700534276925	0.0	0.0	63.07464556088694	63.07464556088694	1.0000000000000004	-4.440892098500626e-16	0.0	2
torus	DMRG	8.0	3	DoubleOcc	UHF	0.04886700534276925	0.005484304948885826	0.11222920067266466	1.0451944792591825	63.07464556088694	0.5778039206690638	0.42219607933093617	0.46673749464121295	2
torus	DMRG	8.0	3	DoubleOcc	UHFsym	0.04886700534276925	0.005484304948889074	0.11222920067273112	56.734614935869004	63.07464556088694	0.9989316968373189	0.001068303162681139	0.01734084871212496	2
torus	DMRG	8.0	3	ZZ onsite	chi4	-0.8045815559438202	0.14576239345056974	0.18116546715961207	26.252442175667607	186.71965536452555	0.9747168809282695	0.02528311907173053	0.07288119672528498	2
torus	DMRG	8.0	3	ZZ onsite	chi8	-0.8045815559438202	0.10300365709456027	0.1280213998613616	46.0433034192213	186.71965536452555	0.9896337619076095	0.010366238092390456	0.051501828547280165	2
torus	DMRG	8.0	3	ZZ onsite	chi32	-0.8045815559438202	0.043156464901313085	0.05363839698100969	121.34000953322371	186.71965536452555	0.9985270640611478	0.0014729359388522267	0.02157823245065659	2
torus	DMRG	8.0	3	ZZ onsite	chi128	-0.8045815559438202	0.0113771615084729	0.014140470191523143	179.83678070345914	186.71965536452555	0.9999057632707555	9.423672924446791e-5	0.005688580754236432	2
torus	DMRG	8.0	3	ZZ onsite	exact	-0.8045815559438202	0.0	0.0	186.71965536452555	186.71965536452555	1.0000000000000004	-4.440892098500626e-16	0.0	2
torus	DMRG	8.0	3	ZZ onsite	UHF	-0.8045815559438202	0.03468169742424798	0.0431052603282266	138.4497029439314	186.71965536452555	0.5778039206690638	0.42219607933093617	0.46673749464121295	2
torus	DMRG	8.0	3	ZZ onsite	UHFsym	-0.8045815559438202	0.03468169742425542	0.04310526032823584	138.44970294391615	186.71965536452555	0.9989316968373189	0.001068303162681139	0.01734084871212496	2
torus	DMRG	8.0	3	ZZ up-up nb	chi4	-0.5134177447467384	0.1089384484447451	0.21218286582300125	13.666757044869945	32.294794360578415	0.9956115827922597	0.004388417207740303	0.0544692242223724	2
torus	DMRG	8.0	3	ZZ up-up nb	chi8	-0.5134177447467384	0.07766698340247302	0.1512744430771185	19.165440610921006	32.294794360578415	0.9977839465252205	0.002216053474779489	0.038833491701236414	2
torus	DMRG	8.0	3	ZZ up-up nb	chi32	-0.5134177447467384	0.04478948551473694	0.08723789929939205	26.444421444374633	32.294794360578415	0.9992946074883855	0.0007053925116144999	0.022394742757368344	2
torus	DMRG	8.0	3	ZZ up-up nb	chi128	-0.5134177447467384	0.011448168697047234	0.022297960703899028	31.927949398118592	32.294794360578415	0.9999551389500851	4.4861049914857176e-5	0.005724084348523603	2
torus	DMRG	8.0	3	ZZ up-up nb	exact	-0.5134177447467384	0.0	0.0	32.294794360578415	32.294794360578415	1.0000000000000009	-8.881784197001252e-16	0.0	2
torus	DMRG	8.0	3	ZZ up-up nb	UHF	-0.5134177447467384	0.37610736463989836	0.7325562244160975	1.8383379960340873	32.294794360578415	0.5553621780823709	0.44463782191762913	0.563572532557001	2
torus	DMRG	8.0	3	ZZ up-up nb	UHFsym	-0.5134177447467384	-0.18370196324037236	0.3578021311495377	6.398227324400942	32.294794360578415	0.9896031701213529	0.010396829878647096	0.09226079811204604	2
torus	DMRG	8.0	3	SzSz nb	chi4	-0.12180402486538136	0.027578017106788227	0.2264130199085592	11.112864977558912	24.146185850258522	0.8619074361592395	0.13809256384076052	0.1514309420241342	4
torus	DMRG	8.0	3	SzSz nb	chi8	-0.12180402486538136	0.02177161528637553	0.17874298743771125	13.917706994675756	24.146185850258522	0.9343744042428835	0.06562559575711646	0.11647940618642612	4
torus	DMRG	8.0	3	SzSz nb	chi32	-0.12180402486538136	0.011427977918579885	0.09382266252047224	20.161015049273608	24.146185850258522	0.9960817834413962	0.003918216558603804	0.042165427425449986	4
torus	DMRG	8.0	3	SzSz nb	chi128	-0.12180402486538136	0.0027084741631388243	0.02223632729815167	23.89032193555494	24.146185850258522	0.9996517706911738	0.00034822930882616454	0.01135823148155664	4
torus	DMRG	8.0	3	SzSz nb	exact	-0.12180402486538136	0.0	0.0	24.146185850258522	24.146185850258522	1.0	0.0	0.0	4
torus	DMRG	8.0	3	SzSz nb	UHF	-0.12180402486538136	0.09430475096907551	0.7742334547097418	1.6272897792787278	24.146185850258522	0.4565830066696663	0.5434169933303337	0.6404000281865273	4
torus	DMRG	8.0	3	SzSz nb	UHFsym	-0.12180402486538136	-0.04564758100099185	0.37476250108682263	5.662191734896483	24.146185850258522	0.9705751265056244	0.029424873494375614	0.16055387074541436	4
torus	DMRG	8.0	3	SxSx nb	chi4	-0.12180394082240986	0.03223607303577877	0.2646554193413082	7.839387006781852	24.02645389108611	0.8619074361592395	0.13809256384076052	0.1514309420241342	4
torus	DMRG	8.0	3	SxSx nb	chi8	-0.12180394082240986	0.028750713193553185	0.2360409113156012	9.045684312407023	24.02645389108611	0.9343744042428835	0.06562559575711646	0.11647940618642612	4
torus	DMRG	8.0	3	SxSx nb	chi32	-0.12180394082240986	0.01031609720349344	0.08469428110322234	18.86092117830618	24.02645389108611	0.9960817834413962	0.003918216558603804	0.042165427425449986	4
torus	DMRG	8.0	3	SxSx nb	chi128	-0.12180394082240986	0.0027717017468945615	0.02275543572876433	23.150070319236605	24.02645389108611	0.9996517706911738	0.00034822930882616454	0.01135823148155664	4
torus	DMRG	8.0	3	SxSx nb	exact	-0.12180394082240986	0.0	0.0	24.02645389108611	24.02645389108611	1.0	0.0	0.0	4
torus	DMRG	8.0	3	SxSx nb	UHF	-0.12180394082240986	-0.11552120882008918	0.9484193043353096	1.0919941869974874	24.02645389108611	0.4565830066696663	0.5434169933303337	0.6404000281865273	4
torus	DMRG	8.0	3	SxSx nb	UHFsym	-0.12180394082240986	-0.045545042835055505	0.37392093004166566	6.0000199961039025	24.02645389108611	0.9705751265056244	0.029424873494375614	0.16055387074541436	4
torus	ED	8.0	5	n	chi4	0.9999999997496211	0.00014553823158025558	0.0001455382316166953	1.0004792331137091	1.000102361086848	0.9758772966484605	0.024122703351539543	0.07171962003238297	2
torus	ED	8.0	5	n	chi8	0.9999999997496211	0.0005089063515297809	0.0005089063516572004	0.9297825307108601	1.000102361086848	0.9776368849224616	0.02236311507753841	0.06967512902226661	2
torus	ED	8.0	5	n	chi32	0.9999999997496211	0.0016500984670998475	0.0016500984675129975	0.9991095592798759	1.000102361086848	0.9991119937141083	0.0008880062858916959	0.01685550789019499	2
torus	ED	8.0	5	n	chi128	0.9999999997496211	0.00015015021336373113	0.00015015021340132557	1.000251661616424	1.000102361086848	0.9999213938751543	7.860612484567042e-5	0.005200207174567217	2
torus	ED	8.0	5	n	exact	0.9999999997496211	4.548187966346706e-5	4.548187967485477e-5	1.000102361086848	1.000102361086848	0.9999999946932132	5.30678678778429e-9	2.391547115703635e-5	2
torus	ED	8.0	5	n	UHF	0.9999999997496211	0.01279405469322259	0.01279405469642595	0.011409605518529839	1.000102361086848	0.5952963089285181	0.40470369107148185	0.45195485160270354	2
torus	ED	8.0	5	n	UHFsym	0.9999999997496211	0.012794054693227142	0.012794054696430503	1.0117888831856638	1.000102361086848	0.9995337164558094	0.00046628354419064877	0.009044925099062521	2
torus	ED	8.0	5	Sz	chi4	-1.2048593886482273e-8	-0.00010542013535846939	NaN	1.0000090193375546	1.00002737878947	0.9758772966484605	0.024122703351539543	0.07171962003238297	2
torus	ED	8.0	5	Sz	chi8	-1.2048593886482273e-8	0.011638130577539561	NaN	0.9795063732977708	1.00002737878947	0.9776368849224616	0.02236311507753841	0.06967512902226661	2
torus	ED	8.0	5	Sz	chi32	-1.2048593886482273e-8	0.0019104925007546558	NaN	1.0014887117647604	1.00002737878947	0.9991119937141083	0.0008880062858916959	0.01685550789019499	2
torus	ED	8.0	5	Sz	chi128	-1.2048593886482273e-8	5.532705830696427e-5	NaN	1.0001285808003941	1.00002737878947	0.9999213938751543	7.860612484567042e-5	0.005200207174567217	2
torus	ED	8.0	5	Sz	exact	-1.2048593886482273e-8	-6.813754212242618e-8	NaN	1.00002737878947	1.00002737878947	0.9999999946932132	5.30678678778429e-9	2.391547115703635e-5	2
torus	ED	8.0	5	Sz	UHF	-1.2048593886482273e-8	-0.4455578242560908	NaN	0.022254852541548673	1.00002737878947	0.5952963089285181	0.40470369107148185	0.45195485160270354	2
torus	ED	8.0	5	Sz	UHFsym	-1.2048593886482273e-8	-1.204859392030938e-8	NaN	0.9983890518907255	1.00002737878947	0.9995337164558094	0.00046628354419064877	0.009044925099062521	2
torus	ED	8.0	5	DoubleOcc	chi4	0.048871260063704625	0.0359325791319825	0.7352496965526097	26.777329281172833	74.87391398314269	0.9758772966484605	0.024122703351539543	0.07171962003238297	2
torus	ED	8.0	5	DoubleOcc	chi8	0.048871260063704625	0.03509201768689879	0.7180501923043456	27.967791122588523	74.87391398314269	0.9776368849224616	0.02236311507753841	0.06967512902226661	2
torus	ED	8.0	5	DoubleOcc	chi32	0.048871260063704625	0.009252803178648211	0.18933015368515166	73.44352946560926	74.87391398314269	0.9991119937141083	0.0008880062858916959	0.01685550789019499	2
torus	ED	8.0	5	DoubleOcc	chi128	0.048871260063704625	0.0026751786939667177	0.05473930261833992	76.56668912816976	74.87391398314269	0.9999213938751543	7.860612484567042e-5	0.005200207174567217	2
torus	ED	8.0	5	DoubleOcc	exact	0.048871260063704625	2.3915471155128154e-5	0.0004893565486945472	74.87391398314269	74.87391398314269	0.9999999946932132	5.30678678778429e-9	2.391547115703635e-5	2
torus	ED	8.0	5	DoubleOcc	UHF	0.048871260063704625	0.0037491295941615432	0.07671440411551658	1.7103784864614369	74.87391398314269	0.5952963089285181	0.40470369107148185	0.45195485160270354	2
torus	ED	8.0	5	DoubleOcc	UHFsym	0.048871260063704625	0.003749129594163292	0.07671440411555236	72.6507563944494	74.87391398314269	0.9995337164558094	0.00046628354419064877	0.009044925099062521	2
torus	ED	8.0	5	ZZ onsite	chi4	-0.8045149592444263	0.14343924006476594	0.17829281906638417	26.892796955491168	159.1556837165188	0.9758772966484605	0.024122703351539543	0.07171962003238297	2
torus	ED	8.0	5	ZZ onsite	chi8	-0.8045149592444263	0.13935025804453327	0.17321027588524446	28.223202880079604	159.1556837165188	0.9776368849224616	0.02236311507753841	0.06967512902226661	2
torus	ED	8.0	5	ZZ onsite	chi32	-0.8045149592444263	0.03371101578038982	0.04190228583449845	126.82057484672661	159.1556837165188	0.9991119937141083	0.0008880062858916959	0.01685550789019499	2
torus	ED	8.0	5	ZZ onsite	chi128	-0.8045149592444263	0.010400414349134302	0.012927558685673197	156.09343856854616	159.1556837165188	0.9999213938751543	7.860612484567042e-5	0.005200207174567217	2
torus	ED	8.0	5	ZZ onsite	exact	-0.8045149592444263	4.698125290136801e-6	5.83969910832873e-6	159.1556837165188	159.1556837165188	0.9999999946932132	5.30678678778429e-9	2.391547115703635e-5	2
torus	ED	8.0	5	ZZ onsite	UHF	-0.8045149592444263	-0.010591591009801893	0.013165188400908249	153.8958810469886	159.1556837165188	0.5952963089285181	0.40470369107148185	0.45195485160270354	2
torus	ED	8.0	5	ZZ onsite	UHFsym	-0.8045149592444263	-0.010591591009798007	0.013165188400903418	153.89588104699186	159.1556837165188	0.9995337164558094	0.00046628354419064877	0.009044925099062521	2
torus	ED	8.0	5	ZZ up-up nb	chi4	-0.5132034699487471	0.12232181264209252	0.23834954322173352	9.91374252528885	30.37978428858787	0.9944018093550465	0.005598190644953482	0.06116090632104625	2
torus	ED	8.0	5	ZZ up-up nb	chi8	-0.5132034699487471	0.10263069521755763	0.19998051694351796	12.170138114148147	30.37978428858787	0.9958636909974727	0.004136309002527261	0.051315347608778886	2
torus	ED	8.0	5	ZZ up-up nb	chi32	-0.5132034699487471	0.04555875424722633	0.08877327788094694	22.328819358448854	30.37978428858787	0.9991981286830617	0.0008018713169383185	0.02277937712361314	2
torus	ED	8.0	5	ZZ up-up nb	chi128	-0.5132034699487471	0.009684653918402453	0.01887098292490042	29.334573972720072	30.37978428858787	0.999967524681224	3.2475318776037376e-5	0.004842326959201233	2
torus	ED	8.0	5	ZZ up-up nb	exact	-0.5132034699487471	0.00023577138650998641	0.00045941113089810665	30.37978428858787	30.37978428858787	0.9999999788211721	2.117882791363712e-8	0.000117885693254903	2
torus	ED	8.0	5	ZZ up-up nb	UHF	-0.5132034699487471	0.32627763980172464	0.635766628456954	2.1289429319551414	30.37978428858787	0.5878539131833505	0.41214608681664955	0.5374972705642025	2
torus	ED	8.0	5	ZZ up-up nb	UHFsym	-0.5132034699487471	-0.20337222279618988	0.39627990593380125	5.740375704841846	30.37978428858787	0.987326246688656	0.012673753311344016	0.10207384921844516	2
torus	ED	8.0	5	SzSz nb	chi4	-0.12175392840029506	0.030621667161063765	0.25150455154422396	9.7974191213094	31.67356211499813	0.8611337596256591	0.13886624037434092	0.15287819763751287	4
torus	ED	8.0	5	SzSz nb	chi8	-0.12175392840029506	0.02829066750596601	0.232359381563063	10.71433470191339	31.67356211499813	0.9138646749910866	0.08613532500891341	0.14828030816970197	4
torus	ED	8.0	5	SzSz nb	chi32	-0.12175392840029506	0.011718435448404813	0.09624687763566579	22.931446932366114	31.67356211499813	0.9966339937508116	0.003366006249188369	0.04215429535797036	4
torus	ED	8.0	5	SzSz nb	chi128	-0.12175392840029506	0.002407746022783902	0.019775509952072043	30.732158298860966	31.67356211499813	0.9997881791548154	0.00021182084518456268	0.010671576141496313	4
torus	ED	8.0	5	SzSz nb	exact	-0.12175392840029506	5.497425969384906e-5	0.0004515193917448649	31.67356211499813	31.67356211499813	0.9999999397469783	6.025302168310986e-8	0.00021686777596058575	4
torus	ED	8.0	5	SzSz nb	UHF	-0.12175392840029506	0.0824625533083174	0.6772886459745437	1.9623706376853256	31.67356211499813	0.4727537977079253	0.5272462022920748	0.6393888672150234	4
torus	ED	8.0	5	SzSz nb	UHFsym	-0.12175392840029506	-0.04994991234116179	0.4102529831886783	5.353561025784313	31.67356211499813	0.9718305152149448	0.02816948478505521	0.16151662847690101	4
torus	ED	8.0	5	SxSx nb	chi4	-0.12175392761921205	0.036026401639183914	0.2958951907642539	8.273146259486223	32.72525602794642	0.8611337596256591	0.13886624037434092	0.15287819763751287	4
torus	ED	8.0	5	SxSx nb	chi8	-0.12175392761921205	0.03736485143682433	0.3068882636269746	7.841650225515425	32.72525602794642	0.9138646749910866	0.08613532500891341	0.14828030816970197	4
torus	ED	8.0	5	SxSx nb	chi32	-0.12175392761921205	0.008630614971758765	0.07088572122906124	27.345215335177496	32.72525602794642	0.9966339937508116	0.003366006249188369	0.04215429535797036	4
torus	ED	8.0	5	SxSx nb	chi128	-0.12175392761921205	0.0026340090524343274	0.021633873370165483	31.909986481039194	32.72525602794642	0.9997881791548154	0.00021182084518456268	0.010671576141496313	4
torus	ED	8.0	5	SxSx nb	exact	-0.12175392761921205	5.3425885253616245e-5	0.0004388021503561414	32.72525602794642	32.72525602794642	0.9999999397469783	6.025302168310986e-8	0.00021686777596058575	4
torus	ED	8.0	5	SxSx nb	UHF	-0.12175392761921205	-0.11605920992973112	0.9532276469364399	1.1035420529187738	32.72525602794642	0.4727537977079253	0.5272462022920748	0.6393888672150234	4
torus	ED	8.0	5	SxSx nb	UHFsym	-0.12175392761921205	-0.049852977104991425	0.4094568288663972	5.303660120134653	32.72525602794642	0.9718305152149448	0.02816948478505521	0.16151662847690101	4
torus	DMRG	8.0	5	n	chi4	0.9999545178699576	0.00010005635191678852	0.00010006090289978636	1.0004863755108038	1.000104061854827	0.9758785724452852	0.024121427554714803	0.07171727096973787	2
torus	DMRG	8.0	5	n	chi8	0.9999545178699576	0.00046342447186631386	0.00046344555035710276	0.9296288620759564	1.000104061854827	0.9776382648206674	0.022361735179332598	0.06967277995962153	2
torus	DMRG	8.0	5	n	chi32	0.9999545178699576	0.0016046165874363805	0.0016046895721361781	0.9991401117113098	1.000104061854827	0.9991126444323809	0.000887355567619097	0.016853158827549907	2
torus	DMRG	8.0	5	n	chi128	0.9999545178699576	0.00010466833370026407	0.00010467309445555805	1.0002563825921602	1.000104061854827	0.9999214947051425	7.850529485753377e-5	0.005197858111922134	2
torus	DMRG	8.0	5	n	exact	0.9999545178699576	0.0	0.0	1.000104061854827	1.000104061854827	1.0000000000000018	-1.7763568394002505e-15	0.0	2
torus	DMRG	8.0	5	n	UHF	0.9999545178699576	0.012748572813559123	0.012749152672178889	0.011408816411405325	1.000104061854827	0.5952981071532351	0.40470189284676494	0.45193204252532787	2
torus	DMRG	8.0	5	n	UHFsym	0.9999545178699576	0.012748572813563674	0.01274915267218344	1.0122757741144934	1.000104061854827	0.9995365501698636	0.0004634498301363532	0.00902335869055244	2
torus	DMRG	8.0	5	Sz	chi4	5.60889482359439e-8	-0.00010535199781634697	NaN	1.0000120850959722	1.0000283654282334	0.9758785724452852	0.024121427554714803	0.07171727096973787	2
torus	DMRG	8.0	5	Sz	chi8	5.60889482359439e-8	0.011638198715081684	NaN	0.9795710550582619	1.0000283654282334	0.9776382648206674	0.022361735179332598	0.06967277995962153	2
torus	DMRG	8.0	5	Sz	chi32	5.60889482359439e-8	0.0019105606382967782	NaN	1.0015277279343906	1.0000283654282334	0.9991126444323809	0.000887355567619097	0.016853158827549907	2
torus	DMRG	8.0	5	Sz	chi128	5.60889482359439e-8	5.53951958490867e-5	NaN	1.0001318919253852	1.0000283654282334	0.9999214947051425	7.850529485753377e-5	0.005197858111922134	2
torus	DMRG	8.0	5	Sz	exact	5.60889482359439e-8	0.0	NaN	1.0000283654282334	1.0000283654282334	1.0000000000000018	-1.7763568394002505e-15	0.0	2
torus	DMRG	8.0	5	Sz	UHF	5.60889482359439e-8	-0.44555775611854864	NaN	0.022288254061095088	1.0000283654282334	0.5952981071532351	0.40470189284676494	0.45193204252532787	2
torus	DMRG	8.0	5	Sz	UHFsym	5.60889482359439e-8	5.6088948202116795e-8	NaN	0.9986801602273718	1.0000283654282334	0.9995365501698636	0.0004634498301363532	0.00902335869055244	2
torus	DMRG	8.0	5	DoubleOcc	chi4	0.048847344592549496	0.03590866366082737	0.735120075827098	26.87840978749918	74.65417365290702	0.9758785724452852	0.024121427554714803	0.07171727096973787	2
torus	DMRG	8.0	5	DoubleOcc	chi8	0.048847344592549496	0.03506810221574366	0.7179121507680167	28.08085787852505	74.65417365290702	0.9776382648206674	0.022361735179332598	0.06967277995962153	2
torus	DMRG	8.0	5	DoubleOcc	chi32	0.048847344592549496	0.009228887707493083	0.18893325286101081	73.44539181924986	74.65417365290702	0.9991126444323809	0.000887355567619097	0.016853158827549907	2
torus	DMRG	8.0	5	DoubleOcc	chi128	0.048847344592549496	0.0026512632228115895	0.054276506633606794	76.40243220660298	74.65417365290702	0.9999214947051425	7.850529485753377e-5	0.005197858111922134	2
torus	DMRG	8.0	5	DoubleOcc	exact	0.048847344592549496	0.0	0.0	74.65417365290702	74.65417365290702	1.0000000000000018	-1.7763568394002505e-15	0.0	2
torus	DMRG	8.0	5	DoubleOcc	UHF	0.048847344592549496	0.003725214123006415	0.07626236705555962	1.710781858618181	74.65417365290702	0.5952981071532351	0.40470189284676494	0.45193204252532787	2
torus	DMRG	8.0	5	DoubleOcc	UHFsym	0.048847344592549496	0.0037252141230081637	0.07626236705559541	72.42336753448723	74.65417365290702	0.9995365501698636	0.0004634498301363532	0.00902335869055244	2
torus	DMRG	8.0	5	ZZ onsite	chi4	-0.8045196573697164	0.1434345419394758	0.17828593823104133	26.977685489357913	158.54310648013376	0.9758785724452852	0.024121427554714803	0.07171727096973787	2
torus	DMRG	8.0	5	ZZ onsite	chi8	-0.8045196573697164	0.13934555991924313	0.17320342473025116	28.31299447144722	158.54310648013376	0.9776382648206674	0.022361735179332598	0.06967277995962153	2
torus	DMRG	8.0	5	ZZ onsite	chi32	-0.8045196573697164	0.03370631765509968	0.041896201474179724	126.90044876444978	158.54310648013376	0.9991126444323809	0.000887355567619097	0.016853158827549907	2
torus	DMRG	8.0	5	ZZ onsite	chi128	-0.8045196573697164	0.010395716223844165	0.01292164352805468	155.71625043894494	158.54310648013376	0.9999214947051425	7.850529485753377e-5	0.005197858111922134	2
torus	DMRG	8.0	5	ZZ onsite	exact	-0.8045196573697164	0.0	0.0	158.54310648013376	158.54310648013376	1.0000000000000018	-1.7763568394002505e-15	0.0	2
torus	DMRG	8.0	5	ZZ onsite	UHF	-0.8045196573697164	-0.01059628913509203	0.013170951185624682	153.11905179990316	158.54310648013376	0.5952981071532351	0.40470189284676494	0.45193204252532787	2
torus	DMRG	8.0	5	ZZ onsite	UHFsym	-0.8045196573697164	-0.010596289135088144	0.013170951185619853	153.11905179990646	158.54310648013376	0.9995365501698636	0.0004634498301363532	0.00902335869055244	2
torus	DMRG	8.0	5	ZZ up-up nb	chi4	-0.5134392413352571	0.12208604125558253	0.2377808929019214	9.943692003057109	30.485693071301142	0.9944222893872205	0.005577710612779452	0.06104302062779135	2
torus	DMRG	8.0	5	ZZ up-up nb	chi8	-0.5134392413352571	0.10239492383104765	0.19942948568706592	12.210116722749659	30.485693071301142	0.9958820882202928	0.004117911779707217	0.05119746191552398	2
torus	DMRG	8.0	5	ZZ up-up nb	chi32	-0.5134392413352571	0.04532298286071634	0.08827331300749194	22.417624356950416	30.485693071301142	0.9992061069637527	0.0007938930362473284	0.022661491430358238	2
torus	DMRG	8.0	5	ZZ up-up nb	chi128	-0.5134392413352571	0.009448882531892466	0.018403117197118735	29.44408733992945	30.485693071301142	0.9999690935990758	3.0906400924179955e-5	0.00472444126594633	2
torus	DMRG	8.0	5	ZZ up-up nb	exact	-0.5134392413352571	0.0	0.0	30.485693071301142	30.485693071301142	1.0000000000000018	-1.7763568394002505e-15	0.0	2
torus	DMRG	8.0	5	ZZ up-up nb	UHF	-0.5134392413352571	0.32604186841521465	0.6350154841443473	2.132390357310234	30.485693071301142	0.5878812977858957	0.4121187022141043	0.5374360491878036	2
torus	DMRG	8.0	5	ZZ up-up nb	UHFsym	-0.5134392413352571	-0.20360799418269987	0.3965571343031634	5.73830293378304	30.485693071301142	0.9872966976612552	0.012703302338744837	0.10219173491170006	2
torus	DMRG	8.0	5	SzSz nb	chi4	-0.12180890265998891	0.030566692901369916	0.25093972799912834	9.852686358337683	31.83045290662874	0.861171498750367	0.13882850124963297	0.15283065638219145	4
torus	DMRG	8.0	5	SzSz nb	chi8	-0.12180890265998891	0.02823569324627216	0.2318031985321124	10.776679048482269	31.83045290662874	0.9139022315005981	0.08609776849940187	0.14817908666763185	4
torus	DMRG	8.0	5	SzSz nb	chi32	-0.12180890265998891	0.011663461188710963	0.09575212430299736	23.08675057980157	31.83045290662874	0.9966444076263877	0.0033555923736122706	0.04205950930627715	4
torus	DMRG	8.0	5	SzSz nb	chi128	-0.12180890265998891	0.002352771763090053	0.019315269341662642	30.90502723734904	31.83045290662874	0.9997904536800932	0.00020954631990677264	0.010565954121631409	4
torus	DMRG	8.0	5	SzSz nb	exact	-0.12180890265998891	0.0	0.0	31.83045290662874	31.83045290662874	1.0000000000000036	-3.552713678800501e-15	0.0	4
torus	DMRG	8.0	5	SzSz nb	UHF	-0.12180890265998891	0.08240757904862354	0.6765316594194417	1.968590252299817	31.83045290662874	0.47281387778843	0.52718612221157	0.6393908875128158	4
torus	DMRG	8.0	5	SzSz nb	UHFsym	-0.12180890265998891	-0.05000488660085564	0.4105191452256713	5.347873487313937	31.83045290662874	0.9717745479136458	0.028225452086354186	0.16166858870609918	4
torus	DMRG	8.0	5	SxSx nb	chi4	-0.12180735350446567	0.0359729757539303	0.29532679857962324	8.280478025831416	32.659215091685255	0.861171498750367	0.13882850124963297	0.15283065638219145	4
torus	DMRG	8.0	5	SxSx nb	chi8	-0.12180735350446567	0.037311425551570715	0.30631504977409113	7.848699471871753	32.659215091685255	0.9139022315005981	0.08609776849940187	0.14817908666763185	4
torus	DMRG	8.0	5	SxSx nb	chi32	-0.12180735350446567	0.00857718908650515	0.07041602037754391	27.324470065206523	32.659215091685255	0.9966444076263877	0.0033555923736122706	0.04205950930627715	4
torus	DMRG	8.0	5	SxSx nb	chi128	-0.12180735350446567	0.002580583167180711	0.02118577485624546	31.85676285290257	32.659215091685255	0.9997904536800932	0.00020954631990677264	0.010565954121631409	4
torus	DMRG	8.0	5	SxSx nb	exact	-0.12180735350446567	0.0	0.0	32.659215091685255	32.659215091685255	1.0000000000000036	-3.552713678800501e-15	0.0	4
torus	DMRG	8.0	5	SxSx nb	UHF	-0.12180735350446567	-0.11611263581498474	0.9532481617435998	1.1034972059097807	32.659215091685255	0.47281387778843	0.52718612221157	0.6393908875128158	4
torus	DMRG	8.0	5	SxSx nb	UHFsym	-0.12180735350446567	-0.04990640299024504	0.40971584682213286	5.2993111576397585	32.659215091685255	0.9717745479136458	0.028225452086354186	0.16166858870609918	4
torus	ED	8.0	6	n	chi4	0.9999999997899587	-0.00014553869200129022	0.00014553869203185935	1.000158930655051	0.9999683435911926	0.975877307034588	0.02412269296541203	0.07171962015931967	2
torus	ED	8.0	6	n	chi8	0.9999999997899587	0.0037890087779894888	0.003789008778785337	0.9917614000792447	0.9999683435911926	0.9855510971943514	0.014448902805648589	0.059010378972797164	2
torus	ED	8.0	6	n	chi32	0.9999999997899587	-0.0007741577552988765	0.0007741577554614816	1.0040101775628913	0.9999683435911926	0.9987014123586208	0.0012985876413792452	0.020289896418894993	2
torus	ED	8.0	6	n	chi128	0.9999999997899587	-2.170941500634349e-5	2.1709415010903364e-5	1.0003125169156086	0.9999683435911926	0.9999276136144898	7.23863855102147e-5	0.0049941442872360915	2
torus	ED	8.0	6	n	exact	0.9999999997899587	4.4974186145019246e-5	4.497418615446568e-5	0.9999683435911926	0.9999683435911926	0.9999999948214344	5.178565576358096e-9	2.382230242377818e-5	2
torus	ED	8.0	6	n	UHF	0.9999999997899587	0.012794054733558213	0.012794054736245494	0.012596339211620714	0.9999683435911926	0.5952963088437006	0.40470369115629945	0.4519548517305938	2
torus	ED	8.0	6	n	UHFsym	0.9999999997899587	0.012794054733563986	0.012794054736251267	0.9747206051152599	0.9999683435911926	0.9995337164567504	0.00046628354324962373	0.009044925055759833	2
torus	ED	8.0	6	Sz	chi4	1.2156317130002092e-8	2.0159250104364798e-5	NaN	1.0000139282938265	1.000003595391378	0.975877307034588	0.02412269296541203	0.07171962015931967	2
torus	ED	8.0	6	Sz	chi8	1.2156317130002092e-8	-0.0013939837134700605	NaN	0.9975488115788219	1.000003595391378	0.9855510971943514	0.014448902805648589	0.059010378972797164	2
torus	ED	8.0	6	Sz	chi32	1.2156317130002092e-8	0.002191271463037863	NaN	1.001365781072647	1.000003595391378	0.9987014123586208	0.0012985876413792452	0.020289896418894993	2
torus	ED	8.0	6	Sz	chi128	1.2156317130002092e-8	0.00012444211162888907	NaN	1.0001337272262891	1.000003595391378	0.9999276136144898	7.23863855102147e-5	0.0049941442872360915	2
torus	ED	8.0	6	Sz	exact	1.2156317130002092e-8	1.3352092623139522e-6	NaN	1.000003595391378	1.000003595391378	0.9999999948214344	5.178565576358096e-9	2.382230242377818e-5	2
torus	ED	8.0	6	Sz	UHF	1.2156317130002092e-8	0.44555782436381497	NaN	0.02318642286012217	1.000003595391378	0.5952963088437006	0.40470369115629945	0.4519548517305938	2
torus	ED	8.0	6	Sz	UHFsym	1.2156317130002092e-8	1.2156317151686136e-8	NaN	0.9917992906316807	1.000003595391378	0.9995337164567504	0.00046628354324962373	0.009044925055759833	2
torus	ED	8.0	6	DoubleOcc	chi4	0.048871260147341195	0.03578704073365904	0.7322716996812698	23.515137481167276	76.12887869167679	0.975877307034588	0.02412269296541203	0.07171962015931967	2
torus	ED	8.0	6	DoubleOcc	chi8	0.048871260147341195	0.03139969387539304	0.6424981426860408	29.843855990820707	76.12887869167679	0.9855510971943514	0.014448902805648589	0.059010378972797164	2
torus	ED	8.0	6	DoubleOcc	chi32	0.048871260147341195	0.009757869331798008	0.1996647784890171	66.41751453140354	76.12887869167679	0.9987014123586208	0.0012985876413792452	0.020289896418894993	2
torus	ED	8.0	6	DoubleOcc	chi128	0.048871260147341195	0.00248621743611524	0.05087279166977856	75.95071439800122	76.12887869167679	0.9999276136144898	7.23863855102147e-5	0.0049941442872360915	2
torus	ED	8.0	6	DoubleOcc	exact	0.048871260147341195	2.3003868470289346e-5	0.00047070340320538786	76.12887869167679	76.12887869167679	0.9999999948214344	5.178565576358096e-9	2.382230242377818e-5	2
torus	ED	8.0	6	DoubleOcc	UHF	0.048871260147341195	0.003749129677797919	0.07671440569559138	1.669042588698046	76.12887869167679	0.5952963088437006	0.40470369115629945	0.4519548517305938	2
torus	ED	8.0	6	DoubleOcc	UHFsym	0.048871260147341195	0.0037491296777997785	0.07671440569562941	74.62694182751167	76.12887869167679	0.9995337164567504	0.00046628354324962373	0.009044925055759833	2
torus	ED	8.0	6	ZZ onsite	chi4	-0.8045149589905523	0.1434392403186393	0.17829281943820732	28.048154225384913	179.1565451681147	0.975877307034588	0.02412269296541203	0.07171962015931967	2
torus	ED	8.0	6	ZZ onsite	chi8	-0.8045149589905523	0.1180207579455943	0.14669802795671855	38.83635132251176	179.1565451681147	0.9855510971943514	0.014448902805648589	0.059010378972797164	2
torus	ED	8.0	6	ZZ onsite	chi32	-0.8045149589905523	0.040579792837789896	0.0504400724738624	129.47640238422903	179.1565451681147	0.9987014123586208	0.0012985876413792452	0.020289896418894993	2
torus	ED	8.0	6	ZZ onsite	chi128	-0.8045149589905523	0.009988288574472204	0.012415292547207317	177.21418867890213	179.1565451681147	0.9999276136144898	7.23863855102147e-5	0.0049941442872360915	2
torus	ED	8.0	6	ZZ onsite	exact	-0.8045149589905523	2.067101586900044e-6	2.569376198416118e-6	179.1565451681147	179.1565451681147	0.9999999948214344	5.178565576358096e-9	2.382230242377818e-5	2
torus	ED	8.0	6	ZZ onsite	UHF	-0.8045149589905523	-0.010591590755924418	0.013165188089496791	170.96063389773553	179.1565451681147	0.5952963088437006	0.40470369115629945	0.4519548517305938	2
torus	ED	8.0	6	ZZ onsite	UHFsym	-0.8045149589905523	-0.010591590755922642	0.013165188089494583	170.9606338977377	179.1565451681147	0.9995337164567504	0.00046628354324962373	0.009044925055759833	2
torus	ED	8.0	6	ZZ up-up nb	chi4	-0.513203461028541	0.08768197883063111	0.1708522749532954	16.553070071901942	37.40569089103763	0.9972096444335604	0.002790355566439584	0.04384098941531545	2
torus	ED	8.0	6	ZZ up-up nb	chi8	-0.513203461028541	0.03157236723069057	0.06152017596961359	31.091995267007636	37.40569089103763	0.9991412212572586	0.0008587787427414284	0.02644075721484358	2
torus	ED	8.0	6	ZZ up-up nb	chi32	-0.513203461028541	0.011138248300101017	0.021703377209846178	35.95863118340886	37.40569089103763	0.9999535871051515	4.641289484852429e-5	0.005569124150050529	2
torus	ED	8.0	6	ZZ up-up nb	chi128	-0.513203461028541	-0.003326095649617389	0.006481046801499286	37.53201403438351	37.40569089103763	0.9999959631625859	4.0368374141230845e-6	0.001663047824808743	2
torus	ED	8.0	6	ZZ up-up nb	exact	-0.513203461028541	-0.000782010802783395	0.0015237831818517387	37.40569089103763	37.40569089103763	0.9999997902943368	2.0970566316780292e-7	0.00039100540139171835	2
torus	ED	8.0	6	ZZ up-up nb	UHF	-0.513203461028541	0.3262776487219323	0.6357666568889077	2.235407553510109	37.40569089103763	0.5917960018569656	0.40820399814303443	0.5368350225110348	2
torus	ED	8.0	6	ZZ up-up nb	UHFsym	-0.513203461028541	-0.20337221387598375	0.39627989544028724	5.768720613192178	37.40569089103763	0.9873262478821637	0.012673752117836279	0.10207384475834198	2
torus	ED	8.0	6	SzSz nb	chi4	-0.1217539261766413	0.02820185511968873	0.23162994414466204	9.89026074694629	32.01609897298473	0.939289073711012	0.060710926288988	0.1932108432821511	4
torus	ED	8.0	6	SzSz nb	chi8	-0.1217539261766413	0.012780262283925065	0.10496796846931561	20.047809010379435	32.01609897298473	0.9593472848177684	0.04065271518223157	0.15807005843220592	4
torus	ED	8.0	6	SzSz nb	chi32	-0.1217539261766413	0.003247756411445979	0.026674757138707095	29.088937449627473	32.01609897298473	0.9957151776377736	0.0042848223622263815	0.046031942915986654	4
torus	ED	8.0	6	SzSz nb	chi128	-0.1217539261766413	-0.00032295490503338187	0.002652521484726801	31.745709841324025	32.01609897298473	0.9995024705268922	0.0004975294731077717	0.0150002419717787	4
torus	ED	8.0	6	SzSz nb	exact	-0.1217539261766413	-0.0001807658750396235	0.0014846821019748253	32.01609897298473	32.01609897298473	0.9999995209209819	4.79079018123052e-7	0.0006379107356951099	4
torus	ED	8.0	6	SzSz nb	UHF	-0.1217539261766413	0.08246255553197135	0.6772886766077194	1.9167094303120158	32.01609897298473	0.472753795271464	0.527246204728536	0.6393888676073235	4
torus	ED	8.0	6	SzSz nb	UHFsym	-0.1217539261766413	-0.04994991011750799	0.4102529724178288	5.441520397585557	32.01609897298473	0.9718305176899846	0.02816948231001537	0.1615166218818308	4
torus	ED	8.0	6	SxSx nb	chi4	-0.12175392541935975	0.034548006247188096	0.28375270964113586	8.69443032106404	26.172297414758813	0.939289073711012	0.060710926288988	0.1932108432821511	4
torus	ED	8.0	6	SxSx nb	chi8	-0.12175392541935975	0.020469468836030957	0.1681216335779525	15.257333305202236	26.172297414758813	0.9593472848177684	0.04065271518223157	0.15807005843220592	4
torus	ED	8.0	6	SxSx nb	chi32	-0.12175392541935975	-0.0013353214942328773	0.010967379405909089	26.244221526901946	26.172297414758813	0.9957151776377736	0.0042848223622263815	0.046031942915986654	4
torus	ED	8.0	6	SxSx nb	chi128	-0.12175392541935975	-6.845297916305282e-5	0.0005622240016268773	26.286357541994906	26.172297414758813	0.9995024705268922	0.0004975294731077717	0.0150002419717787	4
torus	ED	8.0	6	SxSx nb	exact	-0.12175392541935975	-0.00018231981096684946	0.0014974450338162098	26.172297414758813	26.172297414758813	0.9999995209209819	4.79079018123052e-7	0.0006379107356951099	4
torus	ED	8.0	6	SxSx nb	UHF	-0.12175392541935975	-0.11605920772987884	0.9532276460913562	1.094430233768612	26.172297414758813	0.472753795271464	0.527246204728536	0.6393888676073235	4
torus	ED	8.0	6	SxSx nb	UHFsym	-0.12175392541935975	-0.04985297490513908	0.40945681819645136	4.9703581937518875	26.172297414758813	0.9718305176899846	0.02816948231001537	0.1615166218818308	4
torus	DMRG	8.0	6	n	chi4	0.9999550256038137	-0.00019051287814630946	0.00019052144673333685	1.0001580637044714	0.9999686268955149	0.9758777743358119	0.02412222566418809	0.07171858660852616	2
torus	DMRG	8.0	6	n	chi8	0.9999550256038137	0.0037440345918444695	0.0037442029851129243	0.9917764198921446	0.9999686268955149	0.9855528803465429	0.01444711965345713	0.059009345422003645	2
torus	DMRG	8.0	6	n	chi32	0.9999550256038137	-0.0008191319414438958	0.0008191687830652888	1.0040055578580127	0.9999686268955149	0.9987013391996502	0.0012986608003497935	0.02028886286810148	2
torus	DMRG	8.0	6	n	chi128	0.9999550256038137	-6.668360115136274e-5	6.668660034094679e-5	1.0003126576417187	0.9999686268955149	0.9999276334164349	7.236658356513104e-5	0.004993110736442579	2
torus	DMRG	8.0	6	n	exact	0.9999550256038137	0.0	0.0	0.9999686268955149	0.9999686268955149	1.0000000000000089	-8.881784197001252e-15	0.0	2
torus	DMRG	8.0	6	n	UHF	0.9999550256038137	0.012749080547413194	0.012749653955401423	0.01256445674757579	0.9999686268955149	0.5952996645168797	0.40470033548312034	0.451931029428257	2
torus	DMRG	8.0	6	n	UHFsym	0.9999550256038137	0.012749080547418967	0.012749653955407196	0.9747575485917616	0.9999686268955149	0.9995365542750819	0.0004634457249180768	0.009022954738083015	2
torus	DMRG	8.0	6	Sz	chi4	-1.3230529451839501e-6	1.8824040842050846e-5	14.22773057614384	1.0000112500677725	1.000004414243984	0.9758777743358119	0.02412222566418809	0.07171858660852616	2
torus	DMRG	8.0	6	Sz	chi8	-1.3230529451839501e-6	-0.0013953189227323744	1054.6206240736471	0.9976208190234217	1.000004414243984	0.9855528803465429	0.01444711965345713	0.059009345422003645	2
torus	DMRG	8.0	6	Sz	chi32	-1.3230529451839501e-6	0.002189936253775549	1655.2143750158632	1.0013502955663476	1.000004414243984	0.9987013391996502	0.0012986608003497935	0.02028886286810148	2
torus	DMRG	8.0	6	Sz	chi128	-1.3230529451839501e-6	0.00012310690236657512	93.0476008648762	1.0001331804245563	1.000004414243984	0.9999276334164349	7.236658356513104e-5	0.004993110736442579	2
torus	DMRG	8.0	6	Sz	exact	-1.3230529451839501e-6	0.0	0.0	1.000004414243984	1.000004414243984	1.0000000000000089	-8.881784197001252e-15	0.0	2
torus	DMRG	8.0	6	Sz	UHF	-1.3230529451839501e-6	0.44555648915455265	336763.9146841587	0.02321768780945579	1.000004414243984	0.5952996645168797	0.40470033548312034	0.451931029428257	2
torus	DMRG	8.0	6	Sz	UHFsym	-1.3230529451839501e-6	-1.323052945162266e-6	0.9999999999836106	0.9920409062021646	1.000004414243984	0.9995365542750819	0.0004634457249180768	0.009022954738083015	2
torus	DMRG	8.0	6	DoubleOcc	chi4	0.048848256278870905	0.03576403686518875	0.7321456197129053	23.498330250787255	75.84091148148163	0.9758777743358119	0.02412222566418809	0.07171858660852616	2
torus	DMRG	8.0	6	DoubleOcc	chi8	0.048848256278870905	0.03137669000692275	0.6423297860991325	29.81205573098359	75.84091148148163	0.9855528803465429	0.01444711965345713	0.059009345422003645	2
torus	DMRG	8.0	6	DoubleOcc	chi32	0.048848256278870905	0.009734865463327719	0.19928788056941332	66.22099801980721	75.84091148148163	0.9987013391996502	0.0012986608003497935	0.02028886286810148	2
torus	DMRG	8.0	6	DoubleOcc	chi128	0.048848256278870905	0.0024632135676449507	0.05042582387347985	75.6704579208863	75.84091148148163	0.9999276334164349	7.236658356513104e-5	0.004993110736442579	2
torus	DMRG	8.0	6	DoubleOcc	exact	0.048848256278870905	0.0	0.0	75.84091148148163	75.84091148148163	1.0000000000000089	-8.881784197001252e-15	0.0	2
torus	DMRG	8.0	6	DoubleOcc	UHF	0.048848256278870905	0.0037261258093276295	0.076279607363167	1.6693140976083283	75.84091148148163	0.5952996645168797	0.40470033548312034	0.451931029428257	2
torus	DMRG	8.0	6	DoubleOcc	UHFsym	0.048848256278870905	0.003726125809329489	0.07627960736320506	74.32379556487939	75.84091148148163	0.9995365542750819	0.0004634457249180768	0.009022954738083015	2
torus	DMRG	8.0	6	ZZ onsite	chi4	-0.8045170260921392	0.1434371732170524	0.178289791968461	28.048294106700144	178.35563777223945	0.9758777743358119	0.02412222566418809	0.07171858660852616	2
torus	DMRG	8.0	6	ZZ onsite	chi8	-0.8045170260921392	0.1180186908440074	0.14669508166566886	38.82888547617955	178.35563777223945	0.9855528803465429	0.01444711965345713	0.059009345422003645	2
torus	DMRG	8.0	6	ZZ onsite	chi32	-0.8045170260921392	0.040577725736202996	0.050437373505076995	129.16140561850443	178.35563777223945	0.9987013391996502	0.0012986608003497935	0.02028886286810148	2
torus	DMRG	8.0	6	ZZ onsite	chi128	-0.8045170260921392	0.009986221472885304	0.012412691278135372	176.47616690932705	178.35563777223945	0.9999276334164349	7.236658356513104e-5	0.004993110736442579	2
torus	DMRG	8.0	6	ZZ onsite	exact	-0.8045170260921392	0.0	0.0	178.35563777223945	178.35563777223945	1.0000000000000089	-8.881784197001252e-15	0.0	2
torus	DMRG	8.0	6	ZZ onsite	UHF	-0.8045170260921392	-0.010593657857511318	0.013167723632859517	170.18749836387792	178.35563777223945	0.5952996645168797	0.40470033548312034	0.451931029428257	2
torus	DMRG	8.0	6	ZZ onsite	UHFsym	-0.8045170260921392	-0.010593657857509542	0.013167723632857311	170.18749836388	178.35563777223945	0.9995365542750819	0.0004634457249180768	0.009022954738083015	2
torus	DMRG	8.0	6	ZZ up-up nb	chi4	-0.5124214502257576	0.08846398963341451	0.17263912272688803	16.318232425530997	36.96646751093042	0.9971613842234679	0.002838615776532105	0.04423199481670717	2
torus	DMRG	8.0	6	ZZ up-up nb	chi8	-0.5124214502257576	0.03235437803347396	0.06314017108225971	30.613726066436026	36.96646751093042	0.9991255438164398	0.0008744561835601905	0.026622304491805096	2
torus	DMRG	8.0	6	ZZ up-up nb	chi32	-0.5124214502257576	0.011920259102884412	0.023262607561866704	35.469551503575055	36.96646751093042	0.9999474597304668	5.2540269533163375e-5	0.0059601295514422475	2
torus	DMRG	8.0	6	ZZ up-up nb	chi128	-0.5124214502257576	-0.002544084846833994	0.004964828942490885	37.10869686129581	36.96646751093042	0.999997552189344	2.447810655947791e-6	0.0012720424234170247	2
torus	DMRG	8.0	6	ZZ up-up nb	exact	-0.5124214502257576	0.0	0.0	36.96646751093042	36.96646751093042	1.0000000000000089	-8.881784197001252e-15	0.0	2
torus	DMRG	8.0	6	ZZ up-up nb	UHF	-0.5124214502257576	0.3270596595247157	0.6382630145178798	2.2200874482234503	36.96646751093042	0.5917178263022644	0.40828217369773556	0.537031763168908	2
torus	DMRG	8.0	6	ZZ up-up nb	UHFsym	-0.5124214502257576	-0.20259020307320036	0.39535855297225586	5.781885648391512	36.96646751093042	0.9874284750403997	0.012571524959600344	0.10168283935695027	2
torus	DMRG	8.0	6	SzSz nb	chi4	-0.12157316030160167	0.028382620994728353	0.23346124197410062	9.74103555147392	31.52798256021987	0.9392332154215218	0.06076678457847817	0.19346637802402383	4
torus	DMRG	8.0	6	SzSz nb	chi8	-0.12157316030160167	0.012961028158964688	0.10661093391675146	19.674659876527375	31.52798256021987	0.9593224267555605	0.04067757324443955	0.15794316811291104	4
torus	DMRG	8.0	6	SzSz nb	chi32	-0.12157316030160167	0.0034285222864856024	0.028201309219732712	28.580906001149888	31.52798256021987	0.9957398585333552	0.0042601414666447734	0.04570949190868324	4
torus	DMRG	8.0	6	SzSz nb	chi128	-0.12157316030160167	-0.00014218902999375838	0.0011695758310552456	31.261048253173048	31.52798256021987	0.9995141685892853	0.0004858314107146766	0.014636488806402333	4
torus	DMRG	8.0	6	SzSz nb	exact	-0.12157316030160167	0.0	0.0	31.52798256021987	31.52798256021987	1.0000000000000102	-1.021405182655144e-14	0.0	4
torus	DMRG	8.0	6	SzSz nb	UHF	-0.12157316030160167	0.08264332140701097	0.6797826197985427	1.9015915240778871	31.52798256021987	0.47259375347039767	0.5274062465296023	0.6393561399025605	4
torus	DMRG	8.0	6	SzSz nb	UHFsym	-0.12157316030160167	-0.049769144242468366	0.4093760836602409	5.4544001232779635	31.52798256021987	0.9720462212297584	0.027953778770241633	0.16090543246202313	4
torus	DMRG	8.0	6	SxSx nb	chi4	-0.1215716056083929	0.034730326058154945	0.2856779416900066	8.591643111178024	26.246231207726428	0.9392332154215218	0.06076678457847817	0.19346637802402383	4
torus	DMRG	8.0	6	SxSx nb	chi8	-0.1215716056083929	0.020651788646997807	0.16987345477299573	15.096632823740734	26.246231207726428	0.9593224267555605	0.04067757324443955	0.15794316811291104	4
torus	DMRG	8.0	6	SxSx nb	chi32	-0.1215716056083929	-0.0011530016832660278	0.009484136344962679	26.34479421794902	26.246231207726428	0.9957398585333552	0.0042601414666447734	0.04570949190868324	4
torus	DMRG	8.0	6	SxSx nb	chi128	-0.1215716056083929	0.00011386683180379664	0.000936623574509537	26.358559200468942	26.246231207726428	0.9995141685892853	0.0004858314107146766	0.014636488806402333	4
torus	DMRG	8.0	6	SxSx nb	exact	-0.1215716056083929	0.0	0.0	26.246231207726428	26.246231207726428	1.0000000000000102	-1.021405182655144e-14	0.0	4
torus	DMRG	8.0	6	SxSx nb	UHF	-0.1215716056083929	-0.11587688791891199	0.9531575020253925	1.094652588313798	26.246231207726428	0.47259375347039767	0.5274062465296023	0.6393561399025605	4
torus	DMRG	8.0	6	SxSx nb	UHFsym	-0.1215716056083929	-0.049670655094172234	0.40857118605615533	4.99647858380245	26.246231207726428	0.9720462212297584	0.027953778770241633	0.16090543246202313	4
torus	ED	8.0	7	n	chi4	0.9999999997906713	7.755379474760904e-5	7.755379476384327e-5	1.000543910968942	1.0001008179495614	0.9784292292716958	0.021570770728304156	0.06893072217232377	2
torus	ED	8.0	7	n	chi8	0.9999999997906713	-0.004787091055063031	0.004787091056065106	0.9180579153454331	1.0001008179495614	0.98379409438907	0.01620590561093005	0.06142998910757666	2
torus	ED	8.0	7	n	chi32	0.9999999997906713	-0.0006756745892669835	0.0006756745894084216	1.003047115453919	1.0001008179495614	0.998878329561634	0.0011216704383659737	0.018950012117730328	2
torus	ED	8.0	7	n	chi128	0.9999999997906713	0.0002685359393805875	0.00026853593943679976	1.0007027354018507	1.0001008179495614	0.9999152023394839	8.479766051605608e-5	0.005394454021744696	2
torus	ED	8.0	7	n	exact	0.9999999997906713	4.392060977809198e-5	4.3920609787285824e-5	1.0001008179495614	1.0001008179495614	0.9999999950449971	4.9550028524691925e-9	2.36750045229389e-5	2
torus	ED	8.0	7	n	UHF	0.9999999997906713	0.012794054734271976	0.012794054736950139	0.013184669472275591	1.0001008179495614	0.5952963082052647	0.4047036917947353	0.45195485233164534	2
torus	ED	8.0	7	n	UHFsym	0.9999999997906713	0.012794054734277305	0.012794054736955468	1.0110098688558742	1.0001008179495614	0.9995337164537326	0.00046628354626743196	0.009044925109821574	2
torus	ED	8.0	7	Sz	chi4	-1.2757012592123917e-8	-9.691132226642696e-5	NaN	0.9999974923951186	0.9999857430073713	0.9784292292716958	0.021570770728304156	0.06893072217232377	2
torus	ED	8.0	7	Sz	chi8	-1.2757012592123917e-8	0.00982638271578255	NaN	0.9739820105895022	0.9999857430073713	0.98379409438907	0.01620590561093005	0.06142998910757666	2
torus	ED	8.0	7	Sz	chi32	-1.2757012592123917e-8	-0.0013186327506638923	NaN	1.000130973697608	0.9999857430073713	0.998878329561634	0.0011216704383659737	0.018950012117730328	2
torus	ED	8.0	7	Sz	chi128	-1.2757012592123917e-8	-3.3936687639266744e-5	NaN	0.9999152431315385	0.9999857430073713	0.9999152023394839	8.479766051605608e-5	0.005394454021744696	2
torus	ED	8.0	7	Sz	exact	-1.2757012592123917e-8	-1.71469930893009e-6	NaN	0.9999857430073713	0.9999857430073713	0.9999999950449971	4.9550028524691925e-9	2.36750045229389e-5	2
torus	ED	8.0	7	Sz	UHF	-1.2757012592123917e-8	-0.44555782496451	NaN	0.01999939838469993	0.9999857430073713	0.5952963082052647	0.4047036917947353	0.45195485233164534	2
torus	ED	8.0	7	Sz	UHFsym	-1.2757012592123917e-8	-1.2757012625083664e-8	NaN	0.9863186244153714	0.9999857430073713	0.9995337164537326	0.00046628354626743196	0.009044925109821574	2
torus	ED	8.0	7	DoubleOcc	chi4	0.04887126009399215	0.03450413798353527	0.7060210421661901	26.000279463057677	84.009959863338	0.9784292292716958	0.021570770728304156	0.06893072217232377	2
torus	ED	8.0	7	DoubleOcc	chi8	0.04887126009399215	0.028321449026256273	0.5795113318499822	30.996082576200873	84.009959863338	0.98379409438907	0.01620590561093005	0.06142998910757666	2
torus	ED	8.0	7	DoubleOcc	chi32	0.04887126009399215	0.009137168764231346	0.18696405099148647	74.40470462011601	84.009959863338	0.998878329561634	0.0011216704383659737	0.018950012117730328	2
torus	ED	8.0	7	DoubleOcc	chi128	0.04887126009399215	0.0028314949805630374	0.05793783452927827	83.91647462267277	84.009959863338	0.9999152023394839	8.479766051605608e-5	0.005394454021744696	2
torus	ED	8.0	7	DoubleOcc	exact	0.04887126009399215	2.3207147387988014e-5	0.00047486288144309424	84.009959863338	84.009959863338	0.9999999950449971	4.9550028524691925e-9	2.36750045229389e-5	2
torus	ED	8.0	7	DoubleOcc	UHF	0.04887126009399215	0.00374912962444901	0.07671440468771336	2.1576637821224565	84.009959863338	0.5952963082052647	0.4047036917947353	0.45195485233164534	2
torus	ED	8.0	7	DoubleOcc	UHFsym	0.04887126009399215	0.0037491296244509253	0.07671440468775255	82.58802394963632	84.009959863338	0.9995337164537326	0.00046628354626743196	0.009044925109821574	2
torus	ED	8.0	7	ZZ onsite	chi4	-0.8045149592053726	0.13786144434464753	0.17135970284606597	27.784637372524678	224.30051462420747	0.9784292292716958	0.021570770728304156	0.06893072217232377	2
torus	ED	8.0	7	ZZ onsite	chi8	-0.8045149592053726	0.12285997821515326	0.15271310596449728	33.678723584169475	224.30051462420747	0.98379409438907	0.01620590561093005	0.06142998910757666	2
torus	ED	8.0	7	ZZ onsite	chi32	-0.8045149592053726	0.03790002423546057	0.04710916037272296	138.2598833326916	224.30051462420747	0.998878329561634	0.0011216704383659737	0.018950012117730328	2
torus	ED	8.0	7	ZZ onsite	chi128	-0.8045149592053726	0.01078890804348931	0.013410450508149183	208.63879552149712	224.30051462420747	0.9999152023394839	8.479766051605608e-5	0.005394454021744696	2
torus	ED	8.0	7	ZZ onsite	exact	-0.8045149592053726	4.987369992659474e-6	6.199225925625483e-6	224.30051462420747	224.30051462420747	0.9999999950449971	4.9550028524691925e-9	2.36750045229389e-5	2
torus	ED	8.0	7	ZZ onsite	UHF	-0.8045149592053726	-0.010591590970746467	0.01316518835300202	223.117749173361	224.30051462420747	0.5952963082052647	0.4047036917947353	0.45195485233164534	2
torus	ED	8.0	7	ZZ onsite	UHFsym	-0.8045149592053726	-0.01059159097074358	0.013165188352998432	223.11774917336365	224.30051462420747	0.9995337164537326	0.00046628354626743196	0.009044925109821574	2
torus	ED	8.0	7	ZZ up-up nb	chi4	-0.5132034694083496	0.13800458009359018	0.2689081199172129	10.15842367511235	31.327325230501533	0.9927699638762211	0.007230036123778927	0.06900229004679512	2
torus	ED	8.0	7	ZZ up-up nb	chi8	-0.5132034694083496	0.07296512460111415	0.14217582099597365	20.066556730051825	31.327325230501533	0.9979153462676391	0.002084653732360886	0.03648256230055709	2
torus	ED	8.0	7	ZZ up-up nb	chi32	-0.5132034694083496	0.04369836852026188	0.08514823286491002	26.315951105455085	31.327325230501533	0.9993040793728202	0.0006959206271798246	0.021849184260130893	2
torus	ED	8.0	7	ZZ up-up nb	chi128	-0.5132034694083496	0.009261194767901992	0.01804585377916254	31.198331201756055	31.327325230501533	0.9999706654776002	2.933452239983758e-5	0.004630597383951038	2
torus	ED	8.0	7	ZZ up-up nb	exact	-0.5132034694083496	0.00023749750200263708	0.00046277454491186086	31.327325230501533	31.327325230501533	0.9999999789248416	2.1075158396222093e-8	0.00011874875100131854	2
torus	ED	8.0	7	ZZ up-up nb	UHF	-0.5132034694083496	0.3262776403421239	0.6357666301794014	2.423715995840008	31.327325230501533	0.587853913106962	0.412146086893038	0.537497270760114	2
torus	ED	8.0	7	ZZ up-up nb	UHFsym	-0.5132034694083496	-0.20337222225579377	0.3962799052980934	5.364939253842018	31.327325230501533	0.9873262467863643	0.01267375321363573	0.10207384894824673	2
torus	ED	8.0	7	SzSz nb	chi4	-0.12175392820880457	0.0338451346104329	0.277979816407972	9.786487504632454	31.35310879584386	0.8595009019937188	0.14049909800628124	0.156158970004865	4
torus	ED	8.0	7	SzSz nb	chi8	-0.12175392820880457	0.021035658728099982	0.1727719100120073	17.07155139965352	31.35310879584386	0.9016944289712334	0.09830557102876658	0.1387428351193255	4
torus	ED	8.0	7	SzSz nb	chi32	-0.12175392820880457	0.012118944472700316	0.09953637349520802	24.801569392550633	31.35310879584386	0.99628193496673	0.0037180650332699905	0.04228052839343878	4
torus	ED	8.0	7	SzSz nb	chi128	-0.12175392820880457	0.002349703062133765	0.01929878646793301	31.23745055881395	31.35310879584386	0.9997568638743992	0.00024313612560078468	0.011125179367621819	4
torus	ED	8.0	7	SzSz nb	exact	-0.12175392820880457	5.5577011010832233e-5	0.0004564699622300417	31.35310879584386	31.35310879584386	0.9999999404462865	5.955371351618055e-8	0.00021702204605686	4
torus	ED	8.0	7	SzSz nb	UHF	-0.12175392820880457	0.08246255349980741	0.6772886486125231	2.1506959102941865	31.35310879584386	0.4727537974224197	0.5272462025775804	0.6393888674392476	4
torus	ED	8.0	7	SzSz nb	UHFsym	-0.12175392820880457	-0.04994991214967154	0.4102529822611459	5.045688435096169	31.35310879584386	0.9718305153461608	0.028169484653839172	0.16151662813963075	4
torus	ED	8.0	7	SxSx nb	chi4	-0.12175392754771668	0.039567345803511275	0.324977983055244	7.652931621035537	33.663137394500296	0.8595009019937188	0.14049909800628124	0.156158970004865	4
torus	ED	8.0	7	SxSx nb	chi8	-0.12175392754771668	0.030284960821988463	0.24873908737046252	11.299236889884613	33.663137394500296	0.9016944289712334	0.09830557102876658	0.1387428351193255	4
torus	ED	8.0	7	SxSx nb	chi32	-0.12175392754771668	0.008517019696378289	0.06995273062579749	29.118007457406026	33.663137394500296	0.99628193496673	0.0037180650332699905	0.04228052839343878	4
torus	ED	8.0	7	SxSx nb	chi128	-0.12175392754771668	0.002666848145121206	0.021903590289323847	33.23101559950832	33.663137394500296	0.9997568638743992	0.00024313612560078468	0.011125179367621819	4
torus	ED	8.0	7	SxSx nb	exact	-0.12175392754771668	5.4096438495798704e-5	0.00044430959711420996	33.663137394500296	33.663137394500296	0.9999999404462865	5.955371351618055e-8	0.00021702204605686	4
torus	ED	8.0	7	SxSx nb	UHF	-0.12175392754771668	-0.11605920985823576	0.9532276469089747	1.0942076812676458	33.663137394500296	0.4727537974224197	0.5272462025775804	0.6393888674392476	4
torus	ED	8.0	7	SxSx nb	UHFsym	-0.12175392754771668	-0.04985297703349621	0.4094568285196245	5.154237236364256	33.663137394500296	0.9718305153461608	0.028169484653839172	0.16151662813963075	4
torus	DMRG	8.0	7	n	chi4	0.9999560791808932	3.363318496951706e-5	3.3634662231432645e-5	1.0005474342563143	1.0001017618688064	0.9784304786259937	0.02156952137400625	0.06892822848732738	2
torus	DMRG	8.0	7	n	chi8	0.9999560791808932	-0.004831011664841123	0.004831223856150173	0.9177388160217322	1.0001017618688064	0.983793353270292	0.016206646729707952	0.06142749542258026	2
torus	DMRG	8.0	7	n	chi32	0.9999560791808932	-0.0007195951990450755	0.0007196268056438305	1.0030578411051183	1.0001017618688064	0.9988784417410818	0.0011215582589182427	0.01894751843273394	2
torus	DMRG	8.0	7	n	chi128	0.9999560791808932	0.00022461532960249553	0.00022462519532506623	1.0007089664297535	1.0001017618688064	0.999915336953784	8.466304621601584e-5	0.0053919603367483075	2
torus	DMRG	8.0	7	n	exact	0.9999560791808932	0.0	0.0	1.0001017618688064	1.0001017618688064	1.0000000000000089	-8.881784197001252e-15	0.0	2
torus	DMRG	8.0	7	n	UHF	0.9999560791808932	0.012750134124493884	0.01275069414542493	0.013158305096614932	1.0001017618688064	0.5952996846343114	0.4047003153656886	0.4519311773274456	2
torus	DMRG	8.0	7	n	UHFsym	0.9999560791808932	0.012750134124499213	0.01275069414543026	1.0112453698968207	1.0001017618688064	0.9995364468353518	0.0004635531646481894	0.00902421164742987	2
torus	DMRG	8.0	7	Sz	chi4	1.701942296337966e-6	-9.519662295749687e-5	55.934107262231784	1.0000019854780688	0.9999866388117351	0.9784304786259937	0.02156952137400625	0.06892822848732738	2
torus	DMRG	8.0	7	Sz	chi8	1.701942296337966e-6	0.00982809741509148	5774.636094442446	0.9736552428747257	0.9999866388117351	0.983793353270292	0.016206646729707952	0.06142749542258026	2
torus	DMRG	8.0	7	Sz	chi32	1.701942296337966e-6	-0.0013169180513549622	773.7736198157526	1.0001597255107684	0.9999866388117351	0.9988784417410818	0.0011215582589182427	0.01894751843273394	2
torus	DMRG	8.0	7	Sz	chi128	1.701942296337966e-6	-3.2221988330336654e-5	18.932479908201376	0.9999214550631512	0.9999866388117351	0.999915336953784	8.466304621601584e-5	0.0053919603367483075	2
torus	DMRG	8.0	7	Sz	exact	1.701942296337966e-6	0.0	0.0	0.9999866388117351	0.9999866388117351	1.0000000000000089	-8.881784197001252e-15	0.0	2
torus	DMRG	8.0	7	Sz	UHF	1.701942296337966e-6	-0.4455561102652011	261792.7242444676	0.0200444900443665	0.9999866388117351	0.5952996846343114	0.4047003153656886	0.4519311773274456	2
torus	DMRG	8.0	7	Sz	UHFsym	1.701942296337966e-6	1.7019422963050063e-6	0.999999999980634	0.9865763147651982	0.9999866388117351	0.9995364468353518	0.0004635531646481894	0.00902421164742987	2
torus	DMRG	8.0	7	DoubleOcc	chi4	0.04884805294660416	0.03448093083614728	0.705881376148982	25.972616589873105	84.00169089094577	0.9784304786259937	0.02156952137400625	0.06892822848732738	2
torus	DMRG	8.0	7	DoubleOcc	chi8	0.04884805294660416	0.028298241878868285	0.5793115625263736	30.962118877637536	84.00169089094577	0.983793353270292	0.016206646729707952	0.06142749542258026	2
torus	DMRG	8.0	7	DoubleOcc	chi32	0.04884805294660416	0.009113961616843358	0.1865777869755799	74.34527644171621	84.00169089094577	0.9988784417410818	0.0011215582589182427	0.01894751843273394	2
torus	DMRG	8.0	7	DoubleOcc	chi128	0.04884805294660416	0.0028082878331750494	0.057490271643882936	83.88893980031611	84.00169089094577	0.999915336953784	8.466304621601584e-5	0.0053919603367483075	2
torus	DMRG	8.0	7	DoubleOcc	exact	0.04884805294660416	0.0	0.0	84.00169089094577	84.00169089094577	1.0000000000000089	-8.881784197001252e-15	0.0	2
torus	DMRG	8.0	7	DoubleOcc	UHF	0.04884805294660416	0.003725922477061022	0.07627576233455673	2.1573200591520605	84.00169089094577	0.5952996846343114	0.4047003153656886	0.4519311773274456	2
torus	DMRG	8.0	7	DoubleOcc	UHFsym	0.04884805294660416	0.0037259224770629373	0.07627576233459593	82.58012110218432	84.00169089094577	0.9995364468353518	0.0004635531646481894	0.00902421164742987	2
torus	DMRG	8.0	7	ZZ onsite	chi4	-0.8045199465753653	0.13785645697465487	0.17135244136764338	27.703019281537053	223.42204719914443	0.9784304786259937	0.02156952137400625	0.06892822848732738	2
torus	DMRG	8.0	7	ZZ onsite	chi8	-0.8045199465753653	0.1228549908451606	0.15270596007982493	33.571096432297104	223.42204719914443	0.983793353270292	0.016206646729707952	0.06142749542258026	2
torus	DMRG	8.0	7	ZZ onsite	chi32	-0.8045199465753653	0.03789503686546791	0.047102669146709596	137.51144841750585	223.42204719914443	0.9988784417410818	0.0011215582589182427	0.01894751843273394	2
torus	DMRG	8.0	7	ZZ onsite	chi128	-0.8045199465753653	0.01078392067349665	0.013404168186756623	207.61862537041074	223.42204719914443	0.999915336953784	8.466304621601584e-5	0.0053919603367483075	2
torus	DMRG	8.0	7	ZZ onsite	exact	-0.8045199465753653	0.0	0.0	223.42204719914443	223.42204719914443	1.0000000000000089	-8.881784197001252e-15	0.0	2
torus	DMRG	8.0	7	ZZ onsite	UHF	-0.8045199465753653	-0.010596578340739127	0.013171305927026469	222.533770881495	223.42204719914443	0.5952996846343114	0.4047003153656886	0.4519311773274456	2
torus	DMRG	8.0	7	ZZ onsite	UHFsym	-0.8045199465753653	-0.01059657834073624	0.01317130592702288	222.53377088149756	223.42204719914443	0.9995364468353518	0.0004635531646481894	0.00902421164742987	2
torus	DMRG	8.0	7	ZZ up-up nb	chi4	-0.5134409669103522	0.13776708259158754	0.26832117316350007	10.193674960600541	31.289564134972366	0.992793405401244	0.007206594598756055	0.0688835412957938	2
torus	DMRG	8.0	7	ZZ up-up nb	chi8	-0.5134409669103522	0.07272762709911151	0.14164749559574957	20.12349323302651	31.289564134972366	0.9979268813767429	0.0020731186232570975	0.03636381354955577	2
torus	DMRG	8.0	7	ZZ up-up nb	chi32	-0.5134409669103522	0.04346087101825924	0.08464628617343577	26.35981757559695	31.289564134972366	0.9993108428567042	0.0006891571432957599	0.021730435509129578	2
torus	DMRG	8.0	7	ZZ up-up nb	chi128	-0.5134409669103522	0.009023697265899355	0.017574945996615243	31.180098376230788	31.289564134972366	0.9999721566155454	2.7843384454606657e-5	0.004511848632949719	2
torus	DMRG	8.0	7	ZZ up-up nb	exact	-0.5134409669103522	0.0	0.0	31.289564134972366	31.289564134972366	1.0000000000000093	-9.325873406851315e-15	0.0	2
torus	DMRG	8.0	7	ZZ up-up nb	UHF	-0.5134409669103522	0.3260401428401213	0.6350099891757343	2.430340660356217	31.289564134972366	0.5878816774595752	0.4121183225404248	0.5374352983478184	2
torus	DMRG	8.0	7	ZZ up-up nb	UHFsym	-0.5134409669103522	-0.2036097197577964	0.39655916235711486	5.356405099009549	31.289564134972366	0.9872963824278331	0.01270361757216687	0.10219259769924804	2
torus	DMRG	8.0	7	SzSz nb	chi4	-0.1218095052198154	0.033789557599422065	0.277396723173992	9.847462079370821	31.469369120508464	0.8595457707343787	0.14045422926562134	0.15599783883965365	4
torus	DMRG	8.0	7	SzSz nb	chi8	-0.1218095052198154	0.02098008171708915	0.17223681911546102	17.19360784946723	31.469369120508464	0.9017259756058583	0.09827402439414168	0.13869221052680603	4
torus	DMRG	8.0	7	SzSz nb	chi32	-0.1218095052198154	0.012063367461689484	0.09903469716850201	24.974408576702707	31.469369120508464	0.9962909556411238	0.003709044358876201	0.042185713382315485	4
torus	DMRG	8.0	7	SzSz nb	chi128	-0.1218095052198154	0.0022941260511229328	0.018833719478483977	31.381040480641577	31.469369120508464	0.9997590069786754	0.0002409930213246314	0.011097055928232555	4
torus	DMRG	8.0	7	SzSz nb	exact	-0.1218095052198154	0.0	0.0	31.469369120508464	31.469369120508464	1.000000000000008	-7.993605777301127e-15	0.0	4
torus	DMRG	8.0	7	SzSz nb	UHF	-0.1218095052198154	0.08240697648879658	0.6765233660549423	2.1588559529969995	31.469369120508464	0.47281388114018347	0.5271861188598166	0.639391301731802	4
torus	DMRG	8.0	7	SzSz nb	UHFsym	-0.1218095052198154	-0.05000548916068237	0.4105220612335901	5.0390806675973225	31.469369120508464	0.9717738894329717	0.028226110567028284	0.16167043152000915	4
torus	DMRG	8.0	7	SxSx nb	chi4	-0.12180802398621247	0.039513249365015476	0.32438954407049575	7.67935386295374	33.87828217468226	0.8595457707343787	0.14045422926562134	0.15599783883965365	4
torus	DMRG	8.0	7	SxSx nb	chi8	-0.12180802398621247	0.030230864383492664	0.24818450701502648	11.347889559524551	33.87828217468226	0.9017259756058583	0.09827402439414168	0.13869221052680603	4
torus	DMRG	8.0	7	SxSx nb	chi32	-0.12180802398621247	0.00846292325788249	0.06947755148577416	29.318723811311543	33.87828217468226	0.9962909556411238	0.003709044358876201	0.042185713382315485	4
torus	DMRG	8.0	7	SxSx nb	chi128	-0.12180802398621247	0.0026127517066254075	0.021449750362267976	33.456294468436234	33.87828217468226	0.9997590069786754	0.0002409930213246314	0.011097055928232555	4
torus	DMRG	8.0	7	SxSx nb	exact	-0.12180802398621247	0.0	0.0	33.87828217468226	33.87828217468226	1.000000000000008	-7.993605777301127e-15	0.0	4
torus	DMRG	8.0	7	SxSx nb	UHF	-0.12180802398621247	-0.11611330629673156	0.9532484190850554	1.0942038362975157	33.87828217468226	0.47281388114018347	0.5271861188598166	0.639391301731802	4
torus	DMRG	8.0	7	SxSx nb	UHFsym	-0.12180802398621247	-0.04990707347199201	0.4097190959902693	5.154226859573701	33.87828217468226	0.9717738894329717	0.028226110567028284	0.16167043152000915	4
torus	ED	8.0	9	n	chi4	0.9999999998929185	0.0002451452496418094	0.0002451452496680599	1.0008315170541648	0.9999578526389887	0.9747235847437405	0.025276415256259455	0.07288922680553611	2
torus	ED	8.0	9	n	chi8	0.9999999998929185	0.0003762251970855779	0.0003762251971258646	1.0106064861493487	0.9999578526389887	0.9802152568332367	0.019784743166763263	0.06676547483688872	2
torus	ED	8.0	9	n	chi32	0.9999999998929185	0.0005973508410791473	0.0005973508411431125	0.9996012555085622	0.9999578526389887	0.9989818733850401	0.0010181266149599244	0.018111047501450525	2
torus	ED	8.0	9	n	chi128	0.9999999998929185	6.550774100544388e-5	6.550774101245854e-5	1.0001461269955256	0.9999578526389887	0.999901948547513	9.805145248698022e-5	0.005801648756962249	2
torus	ED	8.0	9	n	exact	0.9999999998929185	-2.398713883589032e-5	2.3987138838458897e-5	0.9999578526389887	0.9999578526389887	0.9999999949432004	5.056799645686283e-9	3.555530310906871e-5	2
torus	ED	8.0	9	n	UHF	0.9999999998929185	-0.006397027578881165	0.006397027579566168	0.010059902295923935	0.9999578526389887	0.5778066445289616	0.4221933554710384	0.4667548114211637	2
torus	ED	8.0	9	n	UHFsym	0.9999999998929185	-0.006397027578875836	0.006397027579560839	0.9848209929228402	0.9999578526389887	0.9989273608456078	0.001072639154392152	0.017374147020321355	2
torus	ED	8.0	9	Sz	chi4	9.47760200528669e-9	-9.769223704593835e-5	NaN	1.0003074687758189	0.99998561850201	0.9747235847437405	0.025276415256259455	0.07288922680553611	2
torus	ED	8.0	9	Sz	chi8	9.47760200528669e-9	-0.004589814141927492	NaN	1.0040346649788896	0.99998561850201	0.9802152568332367	0.019784743166763263	0.06676547483688872	2
torus	ED	8.0	9	Sz	chi32	9.47760200528669e-9	0.00031793525179240126	NaN	0.999770300632762	0.99998561850201	0.9989818733850401	0.0010181266149599244	0.018111047501450525	2
torus	ED	8.0	9	Sz	chi128	9.47760200528669e-9	-7.706780432960997e-6	NaN	1.000051705394685	0.99998561850201	0.999901948547513	9.805145248698022e-5	0.005801648756962249	2
torus	ED	8.0	9	Sz	exact	9.47760200528669e-9	1.1621695669011833e-7	NaN	0.99998561850201	0.99998561850201	0.9999999949432004	5.056799645686283e-9	3.555530310906871e-5	2
torus	ED	8.0	9	Sz	UHF	9.47760200528669e-9	0.4580677379110022	NaN	0.023645246478200273	0.99998561850201	0.5778066445289616	0.4221933554710384	0.4667548114211637	2
torus	ED	8.0	9	Sz	UHFsym	9.47760200528669e-9	9.47760197059222e-9	NaN	0.9941048748977311	0.99998561850201	0.9989273608456078	0.001072639154392152	0.017374147020321355	2
torus	ED	8.0	9	DoubleOcc	chi4	0.04887126011460377	0.036567186027589016	0.7482349737215384	22.224404383730942	91.69851592254085	0.9747235847437405	0.025276415256259455	0.07288922680553611	2
torus	ED	8.0	9	DoubleOcc	chi8	0.04887126011460377	0.03357085001698662	0.6869241746225189	25.257044726156153	91.69851592254085	0.9802152568332367	0.019784743166763263	0.06676547483688872	2
torus	ED	8.0	9	DoubleOcc	chi32	0.04887126011460377	0.009354199171264815	0.19140491056152617	75.23536785753961	91.69851592254085	0.9989818733850401	0.0010181266149599244	0.018111047501450525	2
torus	ED	8.0	9	DoubleOcc	chi128	0.04887126011460377	0.002933578248984131	0.06002665456353796	89.14267819751295	91.69851592254085	0.999901948547513	9.805145248698022e-5	0.005801648756962249	2
torus	ED	8.0	9	DoubleOcc	exact	0.04887126011460377	5.7840821376664575e-6	0.00011835344789765409	91.69851592254085	91.69851592254085	0.9999999949432004	5.056799645686283e-9	3.555530310906871e-5	2
torus	ED	8.0	9	DoubleOcc	UHF	0.04887126011460377	0.005488559720720404	0.11230649072378442	1.6547666473004292	91.69851592254085	0.5778066445289616	0.4221933554710384	0.4667548114211637	2
torus	ED	8.0	9	DoubleOcc	UHFsym	0.04887126011460377	0.005488559720719682	0.11230649072376965	78.11946318948812	91.69851592254085	0.9989273608456078	0.001072639154392152	0.017374147020321355	2
torus	ED	8.0	9	ZZ onsite	chi4	-0.8045149593274211	0.14577845361107222	0.18120042632015668	24.331085507117688	172.8766127198328	0.9747235847437405	0.025276415256259455	0.07288922680553611	2
torus	ED	8.0	9	ZZ onsite	chi8	-0.8045149593274211	0.13353094967377732	0.16597696304542295	28.09863196759185	172.8766127198328	0.9802152568332367	0.019784743166763263	0.06676547483688872	2
torus	ED	8.0	9	ZZ onsite	chi32	-0.8045149593274211	0.03622209500290108	0.04502351955417081	119.2425102385265	172.8766127198328	0.9989818733850401	0.0010181266149599244	0.018111047501450525	2
torus	ED	8.0	9	ZZ onsite	chi128	-0.8045149593274211	0.011603297513924526	0.01442272437497613	161.99932291680364	172.8766127198328	0.999901948547513	9.805145248698022e-5	0.005801648756962249	2
torus	ED	8.0	9	ZZ onsite	exact	-0.8045149593274211	7.111060621822762e-5	8.838941450843434e-5	172.8766127198328	172.8766127198328	0.9999999949432004	5.056799645686283e-9	3.555530310906871e-5	2
torus	ED	8.0	9	ZZ onsite	UHF	-0.8045149593274211	0.034748294040645056	0.043191607114048965	121.94065586821014	172.8766127198328	0.5778066445289616	0.4221933554710384	0.4667548114211637	2
torus	ED	8.0	9	ZZ onsite	UHFsym	-0.8045149593274211	0.03474829404063706	0.04319160711403903	121.94065586822471	172.8766127198328	0.9989273608456078	0.001072639154392152	0.017374147020321355	2
torus	ED	8.0	9	ZZ up-up nb	chi4	-0.5132034687424594	0.14085814165180233	0.2744684130778724	9.049850347449459	27.179635985318956	0.9924466105588596	0.007553389441140368	0.07042907082590114	2
torus	ED	8.0	9	ZZ up-up nb	chi8	-0.5132034687424594	0.11767835330216114	0.22930155478199937	11.31736689552113	27.179635985318956	0.9947114183380051	0.005288581661994862	0.05883917665108054	2
torus	ED	8.0	9	ZZ up-up nb	chi32	-0.5132034687424594	0.04736269557352191	0.09228833875495472	22.062855053177014	27.179635985318956	0.9992113594610829	0.0007886405389171403	0.023681347786760967	2
torus	ED	8.0	9	ZZ up-up nb	chi128	-0.5132034687424594	0.01241724261093935	0.02419555472094965	26.712348114069	27.179635985318956	0.9999472060517758	5.279394822421679e-5	0.006208621305469661	2
torus	ED	8.0	9	ZZ up-up nb	exact	-0.5132034687424594	0.00021247608295538178	0.0004140191871189564	27.179635985318956	27.179635985318956	0.9999999840472765	1.5952723475542996e-8	0.00010623804147777416	2
torus	ED	8.0	9	ZZ up-up nb	UHF	-0.5132034687424594	0.37632164064416973	0.7332796124046056	1.7893093588782851	27.179635985318956	0.5553316992004635	0.44466830079953645	0.5636274839331159	2
torus	ED	8.0	9	ZZ up-up nb	UHFsym	-0.5132034687424594	-0.18348768723609504	0.35753399657587775	6.282783465525256	27.179635985318956	0.9896281663657741	0.010371833634225891	0.09215366010990751	2
torus	ED	8.0	9	SzSz nb	chi4	-0.12175392807270781	0.03554815114316916	0.29196718090229384	9.353113504161074	21.918453596834038	0.8590158938292211	0.14098410617077894	0.15914259664490524	4
torus	ED	8.0	9	SzSz nb	chi8	-0.12175392807270781	0.02783049506025452	0.22857985365067632	12.320855733521947	21.918453596834038	0.9195180946030334	0.08048190539696665	0.12327084750928581	4
torus	ED	8.0	9	SzSz nb	chi32	-0.12175392807270781	0.011640754359789937	0.09560886079041676	20.412537160349196	21.918453596834038	0.9962769546944062	0.003723045305593753	0.041935302737717485	4
torus	ED	8.0	9	SzSz nb	chi128	-0.12175392807270781	0.0029338536493261486	0.024096583130970024	22.247926505338377	21.918453596834038	0.999654910280812	0.00034508971918800757	0.011894273807048569	4
torus	ED	8.0	9	SzSz nb	exact	-0.12175392807270781	4.994446726247492e-5	0.00041020826229647047	21.918453596834038	21.918453596834038	0.9999999556829833	4.431701672302779e-8	0.00017938564799041464	4
torus	ED	8.0	9	SzSz nb	UHF	-0.12175392807270781	0.09435484776174778	0.7749634796620433	1.8414208559171927	21.918453596834038	0.456534236161198	0.5434657638388021	0.6403905987056874	4
torus	ED	8.0	9	SzSz nb	UHFsym	-0.12175392807270781	-0.045597484208318745	0.37450524126900686	5.25305370403225	21.918453596834038	0.9706090862989362	0.029390913701063837	0.16045448239546173	4
torus	ED	8.0	9	SxSx nb	chi4	-0.12175392858827283	0.04074037693734184	0.3346124220361781	5.896603171298527	22.248993169565328	0.8590158938292211	0.14098410617077894	0.15914259664490524	4
torus	ED	8.0	9	SxSx nb	chi8	-0.12175392858827283	0.02954626360250981	0.2426719527254389	8.762223350425087	22.248993169565328	0.9195180946030334	0.08048190539696665	0.12327084750928581	4
torus	ED	8.0	9	SxSx nb	chi32	-0.12175392858827283	0.010138483932340125	0.08327028170585578	18.01983413583005	22.248993169565328	0.9962769546944062	0.003723045305593753	0.041935302737717485	4
torus	ED	8.0	9	SxSx nb	chi128	-0.12175392858827283	0.0029230084992678818	0.024007508695283463	21.47533812083879	22.248993169565328	0.999654910280812	0.00034508971918800757	0.011894273807048569	4
torus	ED	8.0	9	SxSx nb	exact	-0.12175392858827283	4.9939339601179356e-5	0.00041016614560385894	22.248993169565328	22.248993169565328	0.9999999556829833	4.431701672302779e-8	0.00017938564799041464	4
torus	ED	8.0	9	SxSx nb	UHF	-0.12175392858827283	-0.11547119658595215	0.9483981167986244	1.1267527249760958	22.248993169565328	0.456534236161198	0.5434657638388021	0.6403905987056874	4
torus	ED	8.0	9	SxSx nb	UHFsym	-0.12175392858827283	-0.04549503060091886	0.37366375876680236	6.035476409983598	22.248993169565328	0.9706090862989362	0.029390913701063837	0.16045448239546173	4
torus	DMRG	8.0	9	n	chi4	1.0000239870317544	0.0002691323884776997	0.0002691259329454002	1.0008335563947783	0.9999575568215456	0.9747423159609804	0.025257684039019623	0.07285367150242704	2
torus	DMRG	8.0	9	n	chi8	1.0000239870317544	0.0004002123359214682	0.0004002027362457257	1.010557708400626	0.9999575568215456	0.9802318353084014	0.01976816469159859	0.06672991953377963	2
torus	DMRG	8.0	9	n	chi32	1.0000239870317544	0.0006213379799150376	0.0006213230762186785	0.9996118188679094	0.9999575568215456	0.9989856037433685	0.0010143962566314668	0.018075492198341456	2
torus	DMRG	8.0	9	n	chi128	1.0000239870317544	8.94948798413342e-5	8.949273317630171e-5	1.0001468594036647	0.9999575568215456	0.9999031207742591	9.68792257408646e-5	0.005766093453853181	2
torus	DMRG	8.0	9	n	exact	1.0000239870317544	0.0	0.0	0.9999575568215456	0.9999575568215456	1.0000000000000098	-9.769962616701378e-15	0.0	2
torus	DMRG	8.0	9	n	UHF	1.0000239870317544	-0.0063730404400452745	0.0063728875733886844	0.010054508053647125	0.9999575568215456	0.5778030492000854	0.4221969507999146	0.46673691755265345	2
torus	DMRG	8.0	9	n	UHFsym	1.0000239870317544	-0.006373040440039945	0.006372887573383355	0.9847416986599404	0.9999575568215456	0.9989319011218546	0.001068098878145407	0.017338591717212287	2
torus	DMRG	8.0	9	Sz	chi4	-1.0673935468483164e-7	-9.780845400262847e-5	NaN	1.000307067412495	0.999986017304708	0.9747423159609804	0.025257684039019623	0.07285367150242704	2
torus	DMRG	8.0	9	Sz	chi8	-1.0673935468483164e-7	-0.004589930358884182	NaN	1.0042014357387974	0.999986017304708	0.9802318353084014	0.01976816469159859	0.06672991953377963	2
torus	DMRG	8.0	9	Sz	chi32	-1.0673935468483164e-7	0.00031781903483571114	NaN	0.9997481441916501	0.999986017304708	0.9989856037433685	0.0010143962566314668	0.018075492198341456	2
torus	DMRG	8.0	9	Sz	chi128	-1.0673935468483164e-7	-7.822997389651115e-6	NaN	1.000050898648678	0.999986017304708	0.9999031207742591	9.68792257408646e-5	0.005766093453853181	2
torus	DMRG	8.0	9	Sz	exact	-1.0673935468483164e-7	0.0	NaN	0.999986017304708	0.999986017304708	1.0000000000000098	-9.769962616701378e-15	0.0	2
torus	DMRG	8.0	9	Sz	UHF	-1.0673935468483164e-7	0.4580676216940455	NaN	0.023618675470377142	0.999986017304708	0.5778030492000854	0.4221969507999146	0.46673691755265345	2
torus	DMRG	8.0	9	Sz	UHFsym	-1.0673935468483164e-7	-1.0673935471952611e-7	NaN	0.9942094834921167	0.999986017304708	0.9989319011218546	0.001068098878145407	0.017338591717212287	2
torus	DMRG	8.0	9	DoubleOcc	chi4	0.048865476032466104	0.03656140194545135	0.7482051729355924	22.25519146396996	92.07096254181094	0.9747423159609804	0.025257684039019623	0.07285367150242704	2
torus	DMRG	8.0	9	DoubleOcc	chi8	0.048865476032466104	0.03356506593484895	0.6868871166331911	25.297654933424052	92.07096254181094	0.9802318353084014	0.01976816469159859	0.06672991953377963	2
torus	DMRG	8.0	9	DoubleOcc	chi32	0.048865476032466104	0.009348415089127149	0.19130919921697037	75.5085349160816	92.07096254181094	0.9989856037433685	0.0010143962566314668	0.018075492198341456	2
torus	DMRG	8.0	9	DoubleOcc	chi128	0.048865476032466104	0.0029277941668464647	0.05991539230890221	89.5051887270922	92.07096254181094	0.9999031207742591	9.68792257408646e-5	0.005766093453853181	2
torus	DMRG	8.0	9	DoubleOcc	exact	0.048865476032466104	0.0	0.0	92.07096254181094	92.07096254181094	1.0000000000000098	-9.769962616701378e-15	0.0	2
torus	DMRG	8.0	9	DoubleOcc	UHF	0.048865476032466104	0.0054827756385827375	0.11220141670041227	1.654150408836946	92.07096254181094	0.5778030492000854	0.4221969507999146	0.46673691755265345	2
torus	DMRG	8.0	9	DoubleOcc	UHFsym	0.048865476032466104	0.005482775638582016	0.1122014167003975	78.4153260216627	92.07096254181094	0.9989319011218546	0.001068098878145407	0.017338591717212287	2
torus	DMRG	8.0	9	ZZ onsite	chi4	-0.8045860699336393	0.145707343004854	0.1810960299335926	24.332035489585877	173.3840472776476	0.9747423159609804	0.025257684039019623	0.07285367150242704	2
torus	DMRG	8.0	9	ZZ onsite	chi8	-0.8045860699336393	0.1334598390675591	0.16587391213293887	28.101087499998297	173.3840472776476	0.9802318353084014	0.01976816469159859	0.06672991953377963	2
torus	DMRG	8.0	9	ZZ onsite	chi32	-0.8045860699336393	0.03615098439668285	0.04493115870085162	119.43695638650148	173.3840472776476	0.9989856037433685	0.0010143962566314668	0.018075492198341456	2
torus	DMRG	8.0	9	ZZ onsite	chi128	-0.8045860699336393	0.011532186907706299	0.014333068068972969	162.41825076395176	173.3840472776476	0.9999031207742591	9.68792257408646e-5	0.005766093453853181	2
torus	DMRG	8.0	9	ZZ onsite	exact	-0.8045860699336393	0.0	0.0	173.3840472776476	173.3840472776476	1.0000000000000098	-9.769962616701378e-15	0.0	2
torus	DMRG	8.0	9	ZZ onsite	UHF	-0.8045860699336393	0.03467718343442683	0.04309940816808689	122.14610258634387	173.3840472776476	0.5778030492000854	0.4221969507999146	0.46673691755265345	2
torus	DMRG	8.0	9	ZZ onsite	UHFsym	-0.8045860699336393	0.034677183434418835	0.04309940816807696	122.14610258635857	173.3840472776476	0.9989319011218546	0.001068098878145407	0.017338591717212287	2
torus	DMRG	8.0	9	ZZ up-up nb	chi4	-0.5134159448254147	0.14064566556884694	0.27394097707010834	9.09927920170121	27.269690217106728	0.9924680211780238	0.007531978821976204	0.07032283278442336	2
torus	DMRG	8.0	9	ZZ up-up nb	chi8	-0.5134159448254147	0.11746587721920576	0.22879281098125928	11.382830210135246	27.269690217106728	0.9947296770552171	0.0052703229447829125	0.05873293860960276	2
torus	DMRG	8.0	9	ZZ up-up nb	chi32	-0.5134159448254147	0.047150219490566525	0.09183629757856428	22.190465477188408	27.269690217106728	0.9992182865277943	0.0007817134722056807	0.023575109745283193	2
torus	DMRG	8.0	9	ZZ up-up nb	chi128	-0.5134159448254147	0.012204766527983968	0.023771693596571403	26.8237350193525	27.269690217106728	0.9999489909201171	5.1009079882868846e-5	0.006102383263991887	2
torus	DMRG	8.0	9	ZZ up-up nb	exact	-0.5134159448254147	0.0	0.0	27.269690217106728	27.269690217106728	1.0000000000000098	-9.769962616701378e-15	0.0	2
torus	DMRG	8.0	9	ZZ up-up nb	UHF	-0.5134159448254147	0.37610916456121435	0.7325622983702014	1.7951895295260556	27.269690217106728	0.5553617044237867	0.44463829557621326	0.5635731915295411	2
torus	DMRG	8.0	9	ZZ up-up nb	UHFsym	-0.5134159448254147	-0.18370016331905042	0.35779987974763233	6.274297286644309	27.269690217106728	0.9896033812041034	0.010396618795896595	0.09225989815138527	2
torus	DMRG	8.0	9	SzSz nb	chi4	-0.12180387253997028	0.03549820667590668	0.29143742260130395	9.363678756975526	21.873404134967938	0.8591087885986495	0.14089121140135052	0.1589835042418495	4
torus	DMRG	8.0	9	SzSz nb	chi8	-0.12180387253997028	0.027780550592992045	0.22807608669318605	12.330960610879407	21.873404134967938	0.9195871929331664	0.08041280706683362	0.1231381987947137	4
torus	DMRG	8.0	9	SzSz nb	chi32	-0.12180387253997028	0.011590809892527462	0.09515961726688045	20.397300063105305	21.873404134967938	0.9962958620764963	0.0037041379235036587	0.04179552307606224	4
torus	DMRG	8.0	9	SzSz nb	chi128	-0.12180387253997028	0.0028839091820636736	0.02367666250608995	22.2081186116722	21.873404134967938	0.9996611752385056	0.0003388247614943829	0.01171553228465905	4
torus	DMRG	8.0	9	SzSz nb	exact	-0.12180387253997028	0.0	0.0	21.873404134967938	21.873404134967938	1.0000000000000049	-4.884981308350689e-15	0.0	4
torus	DMRG	8.0	9	SzSz nb	UHF	-0.12180387253997028	0.0943049032944853	0.7742356735295004	1.8438980042119135	21.873404134967938	0.45658165403458395	0.543418345965416	0.6404000612714769	4
torus	DMRG	8.0	9	SzSz nb	UHFsym	-0.12180387253997028	-0.04564742867558122	0.3747617191777042	5.247280034622254	21.873404134967938	0.9705759036577384	0.02942409634226162	0.1605523175381725	4
torus	DMRG	8.0	9	SxSx nb	chi4	-0.12180386792787401	0.04069043759774066	0.33406523364131135	5.910262511266686	22.35169392579529	0.8591087885986495	0.14089121140135052	0.1589835042418495	4
torus	DMRG	8.0	9	SxSx nb	chi8	-0.12180386792787401	0.02949632426290863	0.24216245973711473	8.789508720264898	22.35169392579529	0.9195871929331664	0.08041280706683362	0.1231381987947137	4
torus	DMRG	8.0	9	SxSx nb	chi32	-0.12180386792787401	0.010088544592738946	0.0828261430803894	18.100750140278393	22.35169392579529	0.9962958620764963	0.0037041379235036587	0.04179552307606224	4
torus	DMRG	8.0	9	SxSx nb	chi128	-0.12180386792787401	0.0028730691596667024	0.023587667686940667	21.5770720769659	22.35169392579529	0.9996611752385056	0.0003388247614943829	0.01171553228465905	4
torus	DMRG	8.0	9	SxSx nb	exact	-0.12180386792787401	0.0	0.0	22.35169392579529	22.35169392579529	1.0000000000000049	-4.884981308350689e-15	0.0	4
torus	DMRG	8.0	9	SxSx nb	UHF	-0.12180386792787401	-0.11552113592555333	0.9484192734664141	1.1268163744335373	22.35169392579529	0.45658165403458395	0.543418345965416	0.6404000612714769	4
torus	DMRG	8.0	9	SxSx nb	UHFsym	-0.12180386792787401	-0.04554496994052004	0.3739205553594524	6.037999411930907	22.35169392579529	0.9705759036577384	0.02942409634226162	0.1605523175381725	4
torus	ED	8.0	10	n	chi4	0.9999999998770134	-0.00024514547971221656	0.00024514547974236617	0.9997964120499616	0.9999701859629667	0.9747235890705339	0.025276410929466087	0.07288922676009553	2
torus	ED	8.0	10	n	chi8	0.9999999998770134	0.00010530398245955919	0.00010530398247251017	0.9861279117661798	0.9999701859629667	0.9916641810399192	0.008335818960080843	0.04723785769918994	2
torus	ED	8.0	10	n	chi32	0.9999999998770134	-0.0009943511364799429	0.0009943511366022348	0.9987560567930693	0.9999701859629667	0.9984311236671518	0.0015688763328481903	0.022219587496140076	2
torus	ED	8.0	10	n	chi128	0.9999999998770134	-8.818221138173765e-5	8.818221139258289e-5	0.9998676347952667	0.9999701859629667	0.9999083915654291	9.160843457090007e-5	0.005610036514840922	2
torus	ED	8.0	10	n	exact	0.9999999998770134	-2.3731776277347016e-5	2.373177628026571e-5	0.9999701859629667	0.9999701859629667	0.9999999950285217	4.971478340110025e-9	3.528433694405253e-5	2
torus	ED	8.0	10	n	UHF	0.9999999998770134	-0.006397027594785221	0.00639702759557197	0.014284805154274714	0.9999701859629667	0.5778066423715266	0.42219335762847343	0.4667548134731997	2
torus	ED	8.0	10	n	UHFsym	0.9999999998770134	-0.0063970275947796695	0.006397027595566419	0.9892334713404707	0.9999701859629667	0.9989273608497328	0.0010726391502672294	0.017374146974880263	2
torus	ED	8.0	10	Sz	chi4	-1.1552360176109167e-8	7.158877143199557e-5	NaN	0.9999803511560058	0.9999785896393727	0.9747235890705339	0.025276410929466087	0.07288922676009553	2
torus	ED	8.0	10	Sz	chi8	-1.1552360176109167e-8	-0.004751967261718667	NaN	0.9833515666359585	0.9999785896393727	0.9916641810399192	0.008335818960080843	0.04723785769918994	2
torus	ED	8.0	10	Sz	chi32	-1.1552360176109167e-8	3.188930408732499e-5	NaN	0.9991957558257742	0.9999785896393727	0.9984311236671518	0.0015688763328481903	0.022219587496140076	2
torus	ED	8.0	10	Sz	chi128	-1.1552360176109167e-8	-1.6638802239919703e-5	NaN	0.9998808382134494	0.9999785896393727	0.9999083915654291	9.160843457090007e-5	0.005610036514840922	2
torus	ED	8.0	10	Sz	exact	-1.1552360176109167e-8	-5.288609325436455e-7	NaN	0.9999785896393727	0.9999785896393727	0.9999999950285217	4.971478340110025e-9	3.528433694405253e-5	2
torus	ED	8.0	10	Sz	UHF	-1.1552360176109167e-8	-0.45806773998575967	NaN	0.023649118383349613	0.9999785896393727	0.5778066423715266	0.42219335762847343	0.4667548134731997	2
torus	ED	8.0	10	Sz	UHFsym	-1.1552360176109167e-8	-1.1552360194974284e-8	NaN	0.9925334367001587	0.9999785896393727	0.9989273608497328	0.0010726391502672294	0.017374146974880263	2
torus	ED	8.0	10	DoubleOcc	chi4	0.048871260083931445	0.03632204064019234	0.7432188279535439	22.859745649490716	75.41583840628324	0.9747235890705339	0.025276410929466087	0.07288922676009553	2
torus	ED	8.0	10	DoubleOcc	chi8	0.048871260083931445	0.023671580840824852	0.4843660834644187	38.31302930110169	75.41583840628324	0.9916641810399192	0.008335818960080843	0.04723785769918994	2
torus	ED	8.0	10	DoubleOcc	chi32	0.048871260083931445	0.010612618179830474	0.2171545845473265	63.617788259077585	75.41583840628324	0.9984311236671518	0.0015688763328481903	0.022219587496140076	2
torus	ED	8.0	10	DoubleOcc	chi128	0.048871260083931445	0.0027609271517305967	0.056493881004684214	75.02079536169876	75.41583840628324	0.9999083915654291	9.160843457090007e-5	0.005610036514840922	2
torus	ED	8.0	10	DoubleOcc	exact	0.048871260083931445	5.776280334740536e-6	0.00011819380807493726	75.41583840628324	75.41583840628324	0.9999999950285217	4.971478340110025e-9	3.528433694405253e-5	2
torus	ED	8.0	10	DoubleOcc	UHF	0.048871260083931445	0.005488559690047995	0.11230649016665314	1.5371150359011059	75.41583840628324	0.5778066423715266	0.42219335762847343	0.4667548134731997	2
torus	ED	8.0	10	DoubleOcc	UHFsym	0.048871260083931445	0.005488559690047801	0.11230649016664916	68.78979510948018	75.41583840628324	0.9989273608497328	0.0010726391502672294	0.017374146974880263	2
torus	ED	8.0	10	ZZ onsite	chi4	-0.804514959418302	0.14577845352019125	0.18120042618672397	27.930933280209896	202.05521136504126	0.9747235890705339	0.025276410929466087	0.07288922676009553	2
torus	ED	8.0	10	ZZ onsite	chi8	-0.804514959418302	0.09447571539838018	0.11743189395345748	56.957159857511286	202.05521136504126	0.9916641810399192	0.008335818960080843	0.04723785769918994	2
torus	ED	8.0	10	ZZ onsite	chi32	-0.804514959418302	0.04443917499228034	0.05523722644562349	133.4983018689016	202.05521136504126	0.9984311236671518	0.0015688763328481903	0.022219587496140076	2
torus	ED	8.0	10	ZZ onsite	chi128	-0.804514959418302	0.011220073029681976	0.013946382100582144	199.07299332159582	202.05521136504126	0.9999083915654291	9.160843457090007e-5	0.005610036514840922	2
torus	ED	8.0	10	ZZ onsite	exact	-0.804514959418302	7.056867388821608e-5	8.771580075930494e-5	202.05521136504126	202.05521136504126	0.9999999950285217	4.971478340110025e-9	3.528433694405253e-5	2
torus	ED	8.0	10	ZZ onsite	UHF	-0.804514959418302	0.03474829394976142	0.0431916069962029	155.68146380884514	202.05521136504126	0.5778066423715266	0.42219335762847343	0.4667548134731997	2
torus	ED	8.0	10	ZZ onsite	UHFsym	-0.804514959418302	0.03474829394975554	0.043191606996195585	155.68146380885855	202.05521136504126	0.9989273608497328	0.0010726391502672294	0.017374146974880263	2
torus	ED	8.0	10	ZZ up-up nb	chi4	-0.5132034566319507	0.08791638045770023	0.1713090185219668	19.13784277796277	42.72264836362438	0.9971941662702181	0.002805833729781937	0.043958190228850114	2
torus	ED	8.0	10	ZZ up-up nb	chi8	-0.5132034566319507	0.07796143445518688	0.151911358833847	21.689325272554917	42.72264836362438	0.9977333653717864	0.0022666346282136374	0.03898071722759352	2
torus	ED	8.0	10	ZZ up-up nb	chi32	-0.5132034566319507	0.05265645398999941	0.10260346712310348	29.592633537464852	42.72264836362438	0.9990215746958817	0.000978425304118291	0.026328226994999746	2
torus	ED	8.0	10	ZZ up-up nb	chi128	-0.5132034566319507	0.012247852770376544	0.023865491574738596	41.69308250104988	42.72264836362438	0.9999486299868878	5.137001311217304e-5	0.006123926385188265	2
torus	ED	8.0	10	ZZ up-up nb	exact	-0.5132034566319507	0.00032239786953747185	0.0006282067382267904	42.72264836362438	42.72264836362438	0.9999999641538003	3.584619967522684e-8	0.00016119893476877062	2
torus	ED	8.0	10	ZZ up-up nb	UHF	-0.5132034566319507	0.37632165275467844	0.7332796533063134	1.8191652458139749	42.72264836362438	0.5577307217349934	0.4422692782650066	0.5634104040410871	2
torus	ED	8.0	10	ZZ up-up nb	UHFsym	-0.5132034566319507	-0.18348767512558628	0.35753398141504805	6.75536151503338	42.72264836362438	0.9896281678429303	0.010371832157069716	0.09215365405465298	2
torus	ED	8.0	10	SzSz nb	chi4	-0.12175392508748356	0.027575678289639416	0.22648697583938693	12.608259419921406	30.36584976598436	0.9405293097524937	0.059470690247506286	0.19091083938388498	4
torus	ED	8.0	10	SzSz nb	chi8	-0.12175392508748356	0.02340161191372439	0.19220416834126444	14.800973522900941	30.36584976598436	0.9795568649523521	0.020443135047647942	0.1106446482023606	4
torus	ED	8.0	10	SzSz nb	chi32	-0.12175392508748356	0.012653097393376112	0.10392352759292574	23.2788138650493	30.36584976598436	0.994981220203298	0.005018779796701955	0.0474322282287832	4
torus	ED	8.0	10	SzSz nb	chi128	-0.12175392508748356	0.0028683921019725805	0.023558929208331983	29.95088802521302	30.36584976598436	0.9996913942719461	0.0003086057280539123	0.01146206791373681	4
torus	ED	8.0	10	SzSz nb	exact	-0.12175392508748356	7.589969092880455e-5	0.0006233859883717796	30.36584976598436	30.36584976598436	0.999999917015312	8.298468801015702e-8	0.0002643522016461165	4
torus	ED	8.0	10	SzSz nb	UHF	-0.12175392508748356	0.0943548507469722	0.774963523181496	1.6372336241736998	30.36584976598436	0.456534230979279	0.543465769020721	0.6403906006930199	4
torus	ED	8.0	10	SzSz nb	UHFsym	-0.12175392508748356	-0.04559748122309443	0.37450522593280977	5.917805931782095	30.36584976598436	0.9706090895935121	0.02939091040648789	0.160454473701341	4
torus	ED	8.0	10	SxSx nb	chi4	-0.12175392561726954	0.03366918771976919	0.27653471992030426	7.84845397703198	34.01977228734294	0.9405293097524937	0.059470690247506286	0.19091083938388498	4
torus	ED	8.0	10	SxSx nb	chi8	-0.12175392561726954	0.02559586524057829	0.21022620101004594	11.300726578830044	34.01977228734294	0.9795568649523521	0.020443135047647942	0.1106446482023606	4
torus	ED	8.0	10	SxSx nb	chi32	-0.12175392561726954	0.011628621342225656	0.09550921075662021	22.520486320979607	34.01977228734294	0.994981220203298	0.005018779796701955	0.0474322282287832	4
torus	ED	8.0	10	SxSx nb	chi128	-0.12175392561726954	0.0028466524693386702	0.023380375252023102	31.94421737586948	34.01977228734294	0.9996913942719461	0.0003086057280539123	0.01146206791373681	4
torus	ED	8.0	10	SxSx nb	exact	-0.12175392561726954	7.587739417148909e-5	0.0006232028559802483	34.01977228734294	34.01977228734294	0.999999917015312	8.298468801015702e-8	0.0002643522016461165	4
torus	ED	8.0	10	SxSx nb	UHF	-0.12175392561726954	-0.11547119361494886	0.9483981155394504	1.1087824951710008	34.01977228734294	0.456534230979279	0.543465769020721	0.6403906006930199	4
torus	ED	8.0	10	SxSx nb	UHFsym	-0.12175392561726954	-0.04549502762991556	0.37366374348313053	6.602910026979548	34.01977228734294	0.9706090895935121	0.02939091040648789	0.160454473701341	4
torus	DMRG	8.0	10	n	chi4	1.0000237316532907	-0.00022141370343486955	0.00022140844904632113	0.9997968416972484	0.9999703616155979	0.9747422942436408	0.025257705756359217	0.07285394242315149	2
torus	DMRG	8.0	10	n	chi8	1.0000237316532907	0.0001290357587369062	0.00012903269657768785	0.9862051680372954	0.9999703616155979	0.9916749523193704	0.008325047680629583	0.0472025733622459	2
torus	DMRG	8.0	10	n	chi32	1.0000237316532907	-0.0009706193602025959	0.0009705963263470938	0.9987623895806274	0.9999703616155979	0.998435954057163	0.001564045942836989	0.022184303159196023	2
torus	DMRG	8.0	10	n	chi128	1.0000237316532907	-6.445043510439064e-5	6.444890562530737e-5	0.9998685507888966	0.9999703616155979	0.9999095348057769	9.046519422306609e-5	0.00557475217789687	2
torus	DMRG	8.0	10	n	exact	1.0000237316532907	0.0	0.0	0.9999703616155979	0.9999703616155979	1.0000000000000084	-8.43769498715119e-15	0.0	2
torus	DMRG	8.0	10	n	UHF	1.0000237316532907	-0.006373295818507874	0.0063731445732504895	0.014276882673788564	0.9999703616155979	0.5778035012795617	0.4221964987204383	0.46673664244379653	2
torus	DMRG	8.0	10	n	UHFsym	1.0000237316532907	-0.0063732958185023225	0.006373144573244938	0.9892753062471977	0.9999703616155979	0.9989318639464237	0.0010681360535762519	0.017338862637936207	2
torus	DMRG	8.0	10	Sz	chi4	5.173085723675364e-7	7.211763236453922e-5	NaN	0.9999795950859444	0.9999784892941025	0.9747422942436408	0.025257705756359217	0.07285394242315149	2
torus	DMRG	8.0	10	Sz	chi8	5.173085723675364e-7	-0.004751438400786123	NaN	0.983328093246782	0.9999784892941025	0.9916749523193704	0.008325047680629583	0.0472025733622459	2
torus	DMRG	8.0	10	Sz	chi32	5.173085723675364e-7	3.241816501986863e-5	NaN	0.9991916753846444	0.9999784892941025	0.998435954057163	0.001564045942836989	0.022184303159196023	2
torus	DMRG	8.0	10	Sz	chi128	5.173085723675364e-7	-1.6109941307376058e-5	NaN	0.9998804100456693	0.9999784892941025	0.9999095348057769	9.046519422306609e-5	0.00557475217789687	2
torus	DMRG	8.0	10	Sz	exact	5.173085723675364e-7	0.0	NaN	0.9999784892941025	0.9999784892941025	1.0000000000000084	-8.43769498715119e-15	0.0	2
torus	DMRG	8.0	10	Sz	UHF	5.173085723675364e-7	-0.4580672111248271	NaN	0.023612012337761126	0.9999784892941025	0.5778035012795617	0.4221964987204383	0.46673664244379653	2
torus	DMRG	8.0	10	Sz	UHFsym	5.173085723675364e-7	5.173085723486712e-7	NaN	0.9925039222622684	0.9999784892941025	0.9989318639464237	0.0010681360535762519	0.017338862637936207	2
torus	DMRG	8.0	10	DoubleOcc	chi4	0.048865483803596704	0.0363162643598576	0.7431884744213783	22.864018936374567	75.48581333429433	0.9747422942436408	0.025257705756359217	0.07285394242315149	2
torus	DMRG	8.0	10	DoubleOcc	chi8	0.048865483803596704	0.02366580456049011	0.4843051315241088	38.32706722640157	75.48581333429433	0.9916749523193704	0.008325047680629583	0.0472025733622459	2
torus	DMRG	8.0	10	DoubleOcc	chi32	0.048865483803596704	0.010606841899495734	0.2170620461290721	63.66364786472152	75.48581333429433	0.998435954057163	0.001564045942836989	0.022184303159196023	2
torus	DMRG	8.0	10	DoubleOcc	chi128	0.048865483803596704	0.002755150871395856	0.05638235124141072	75.0886674141416	75.48581333429433	0.9999095348057769	9.046519422306609e-5	0.00557475217789687	2
torus	DMRG	8.0	10	DoubleOcc	exact	0.048865483803596704	0.0	0.0	75.48581333429433	75.48581333429433	1.0000000000000084	-8.43769498715119e-15	0.0	2
torus	DMRG	8.0	10	DoubleOcc	UHF	0.048865483803596704	0.005482783409713254	0.11220155788797692	1.5370407889972293	75.48581333429433	0.5778035012795617	0.4221964987204383	0.46673664244379653	2
torus	DMRG	8.0	10	DoubleOcc	UHFsym	0.048865483803596704	0.00548278340971306	0.11220155788797295	68.8467560794713	75.48581333429433	0.9989318639464237	0.0010681360535762519	0.017338862637936207	2
torus	DMRG	8.0	10	ZZ onsite	chi4	-0.8045855280921902	0.14570788484630304	0.18109682533291563	27.938099766685514	202.27597520369727	0.9747422942436408	0.025257705756359217	0.07285394242315149	2
torus	DMRG	8.0	10	ZZ onsite	chi8	-0.8045855280921902	0.09440514672449196	0.11733388611692122	56.98232590393065	202.27597520369727	0.9916749523193704	0.008325047680629583	0.0472025733622459	2
torus	DMRG	8.0	10	ZZ onsite	chi32	-0.8045855280921902	0.04436860631839212	0.05514467358566301	133.6135687999509	202.27597520369727	0.998435954057163	0.001564045942836989	0.022184303159196023	2
torus	DMRG	8.0	10	ZZ onsite	chi128	-0.8045855280921902	0.01114950435579376	0.013857450782430975	199.29757353719046	202.27597520369727	0.9999095348057769	9.046519422306609e-5	0.00557475217789687	2
torus	DMRG	8.0	10	ZZ onsite	exact	-0.8045855280921902	0.0	0.0	202.27597520369727	202.27597520369727	1.0000000000000084	-8.43769498715119e-15	0.0	2
torus	DMRG	8.0	10	ZZ onsite	UHF	-0.8045855280921902	0.034677725275873206	0.043100110634726456	155.83245201398634	202.27597520369727	0.5778035012795617	0.4221964987204383	0.46673664244379653	2
torus	DMRG	8.0	10	ZZ onsite	UHFsym	-0.8045855280921902	0.03467772527586732	0.04310011063471914	155.83245201399984	202.27597520369727	0.9989318639464237	0.0010681360535762519	0.017338862637936207	2
torus	DMRG	8.0	10	ZZ up-up nb	chi4	-0.5135258545014881	0.08759398258816276	0.17057365626351131	19.105254964556966	42.24057419983642	0.9972140004605257	0.0027859995394743375	0.04379699129408134	2
torus	DMRG	8.0	10	ZZ up-up nb	chi8	-0.5135258545014881	0.07763903658564941	0.1511881746655551	21.636466116133295	42.24057419983642	0.9977512571225697	0.0022487428774302654	0.03881951829282475	2
torus	DMRG	8.0	10	ZZ up-up nb	chi32	-0.5135258545014881	0.052334056120461936	0.10191123905779953	29.445705663750683	42.24057419983642	0.9990332920743554	0.0009667079256445721	0.026167028060230975	2
torus	DMRG	8.0	10	ZZ up-up nb	chi128	-0.5135258545014881	0.011925454900839072	0.0232226961822903	41.26855719166993	42.24057419983642	0.9999512913246833	4.870867531669987e-5	0.005962727450419494	2
torus	DMRG	8.0	10	ZZ up-up nb	exact	-0.5135258545014881	0.0	0.0	42.24057419983642	42.24057419983642	1.0000000000000084	-8.43769498715119e-15	0.0	2
torus	DMRG	8.0	10	ZZ up-up nb	UHF	-0.5135258545014881	0.37599925488514097	0.7321914789473397	1.8223391400352216	42.24057419983642	0.5577741775676534	0.44222582243234665	0.5633299448243344	2
torus	DMRG	8.0	10	ZZ up-up nb	UHFsym	-0.5135258545014881	-0.18381007299512375	0.35793732951101315	6.7358477751701376	42.24057419983642	0.9895903835495775	0.010409616450422488	0.09231485298942176	2
torus	DMRG	8.0	10	SzSz nb	chi4	-0.12182982477841237	0.02749977859871061	0.2257228773720065	12.65190736614459	30.321702878843467	0.9405753002718891	0.05942469972811093	0.19077839571879052	4
torus	DMRG	8.0	10	SzSz nb	chi8	-0.12182982477841237	0.023325712222795586	0.19146142798137541	14.844602880949486	30.321702878843467	0.9796032854900727	0.020396714509927305	0.1105213592244671	4
torus	DMRG	8.0	10	SzSz nb	chi32	-0.12182982477841237	0.012577197702447307	0.10323578586214895	23.325570855918993	30.321702878843467	0.9950110836195616	0.004988916380438413	0.047169302809602846	4
torus	DMRG	8.0	10	SzSz nb	chi128	-0.12182982477841237	0.002792492411043776	0.022921254431111943	29.932391255259553	30.321702878843467	0.9996988063572998	0.00030119364270020377	0.011198856106243826	4
torus	DMRG	8.0	10	SzSz nb	exact	-0.12182982477841237	0.0	0.0	30.321702878843467	30.321702878843467	1.000000000000007	-7.105427357601002e-15	0.0	4
torus	DMRG	8.0	10	SzSz nb	UHF	-0.12182982477841237	0.09427895105604339	0.7738577251302847	1.6414167104748627	30.321702878843467	0.4566095776756074	0.5433904223243926	0.640400068150504	4
torus	DMRG	8.0	10	SzSz nb	UHFsym	-0.12182982477841237	-0.04567338091402323	0.37489490768861655	5.907052519178413	30.321702878843467	0.9705473298227502	0.02945267017724984	0.16062651817683404	4
torus	DMRG	8.0	10	SxSx nb	chi4	-0.12182980301144103	0.0335933103255977	0.27573967531116306	7.890716114108003	34.27430425403459	0.9405753002718891	0.05942469972811093	0.19077839571879052	4
torus	DMRG	8.0	10	SxSx nb	chi8	-0.12182980301144103	0.0255199878464068	0.20947245432228287	11.371839812476628	34.27430425403459	0.9796032854900727	0.020396714509927305	0.1105213592244671	4
torus	DMRG	8.0	10	SxSx nb	chi32	-0.12182980301144103	0.011552743948054167	0.09482691149857025	22.701366726833285	34.27430425403459	0.9950110836195616	0.004988916380438413	0.047169302809602846	4
torus	DMRG	8.0	10	SxSx nb	chi128	-0.12182980301144103	0.002770775075167181	0.022742998894178443	32.20031180993149	34.27430425403459	0.9996988063572998	0.00030119364270020377	0.011198856106243826	4
torus	DMRG	8.0	10	SxSx nb	exact	-0.12182980301144103	0.0	0.0	34.27430425403459	34.27430425403459	1.000000000000007	-7.105427357601002e-15	0.0	4
torus	DMRG	8.0	10	SxSx nb	UHF	-0.12182980301144103	-0.11554707100912034	0.9484302539524695	1.1087221946178114	34.27430425403459	0.4566095776756074	0.5433904223243926	0.640400068150504	4
torus	DMRG	8.0	10	SxSx nb	UHFsym	-0.12182980301144103	-0.04557090502408705	0.37405383492089767	6.597482964144362	34.27430425403459	0.9705473298227502	0.02945267017724984	0.16062651817683404	4
torus	ED	8.0	11	n	chi4	0.9999999998943179	9.808754766249539e-5	9.808754767286149e-5	1.000167676997311	0.9999906054535118	0.9815128333889919	0.018487166611008132	0.0651321903135797	2
torus	ED	8.0	11	n	chi8	0.9999999998943179	-0.00019280739047999873	0.00019280739050037504	1.0056265410018794	0.9999906054535118	0.9876273641264539	0.01237263587354609	0.05568656544783811	2
torus	ED	8.0	11	n	chi32	0.9999999998943179	0.0004759495228829902	0.00047594952293328953	0.9999215213057071	0.9999906054535118	0.9989284414151962	0.001071558584803789	0.01856305914201307	2
torus	ED	8.0	11	n	chi128	0.9999999998943179	-0.00012177394483359194	0.00012177394484646127	0.9999449119571656	0.9999906054535118	0.9999279442798843	7.20557201157046e-5	0.00498207936032468	2
torus	ED	8.0	11	n	exact	0.9999999998943179	-1.9745485427380416e-5	1.974548542946716e-5	0.9999906054535118	0.9999906054535118	0.9999999957613424	4.238657647093191e-9	3.380909980669686e-5	2
torus	ED	8.0	11	n	UHF	0.9999999998943179	-0.006397027577482728	0.006397027578158779	0.011905631244263234	0.9999906054535118	0.5778066405023684	0.4221933594976316	0.46675481528761686	2
torus	ED	8.0	11	n	UHFsym	0.9999999998943179	-0.006397027577476955	0.006397027578153006	0.9926666328986784	0.9999906054535118	0.9989273608484504	0.001072639151549648	0.017374146993308942	2
torus	ED	8.0	11	Sz	chi4	1.3357562753807395e-8	-4.0184426537092505e-5	NaN	1.0000916634530175	0.9999919090480843	0.9815128333889919	0.018487166611008132	0.0651321903135797	2
torus	ED	8.0	11	Sz	chi8	1.3357562753807395e-8	-0.002705598057468881	NaN	1.001619920823399	0.9999919090480843	0.9876273641264539	0.01237263587354609	0.05568656544783811	2
torus	ED	8.0	11	Sz	chi32	1.3357562753807395e-8	8.270216767497507e-5	NaN	1.0000617187040908	0.9999919090480843	0.9989284414151962	0.001071558584803789	0.01856305914201307	2
torus	ED	8.0	11	Sz	chi128	1.3357562753807395e-8	2.9715447956435437e-8	NaN	0.9999511984226135	0.9999919090480843	0.9999279442798843	7.20557201157046e-5	0.00498207936032468	2
torus	ED	8.0	11	Sz	exact	1.3357562753807395e-8	2.3445814388914354e-7	NaN	0.9999919090480843	0.9999919090480843	0.9999999957613424	4.238657647093191e-9	3.380909980669686e-5	2
torus	ED	8.0	11	Sz	UHF	1.3357562753807395e-8	0.4580677417909633	NaN	0.017333034608835986	0.9999919090480843	0.5778066405023684	0.4221933594976316	0.46675481528761686	2
torus	ED	8.0	11	Sz	UHFsym	1.3357562753807395e-8	1.3357562738194884e-8	NaN	0.9951389422402704	0.9999919090480843	0.9989273608484504	0.001072639151549648	0.017374146993308942	2
torus	ED	8.0	11	DoubleOcc	chi4	0.04887126010179629	0.03261513893062168	0.6673684873826875	23.12321348651632	78.880649625512	0.9815128333889919	0.018487166611008132	0.0651321903135797	2
torus	ED	8.0	11	DoubleOcc	chi8	0.04887126010179629	0.02774687902867909	0.5677545242517542	28.10973776688267	78.880649625512	0.9876273641264539	0.01237263587354609	0.05568656544783811	2
torus	ED	8.0	11	DoubleOcc	chi32	0.04887126010179629	0.009519504332448386	0.1947873722228515	62.45395786764082	78.880649625512	0.9989284414151962	0.001071558584803789	0.01856305914201307	2
torus	ED	8.0	11	DoubleOcc	chi128	0.04887126010179629	0.0024301527077462692	0.049725599517679464	76.14138087674534	78.880649625512	0.9999279442798843	7.20557201157046e-5	0.00498207936032468	2
torus	ED	8.0	11	DoubleOcc	exact	0.04887126010179629	7.031807190943651e-6	0.0001438843028867429	78.880649625512	78.880649625512	0.9999999957613424	4.238657647093191e-9	3.380909980669686e-5	2
torus	ED	8.0	11	DoubleOcc	UHF	0.04887126010179629	0.005488559707912899	0.11230649049114991	1.6158885975824893	78.880649625512	0.5778066405023684	0.4221933594976316	0.46675481528761686	2
torus	ED	8.0	11	DoubleOcc	UHFsym	0.04887126010179629	0.005488559707916313	0.11230649049121975	65.83287791181891	78.880649625512	0.9989273608484504	0.001072639151549648	0.017374146993308942	2
torus	ED	8.0	11	ZZ onsite	chi4	-0.8045149593814518	0.1302643806271595	0.16191666681662795	27.767912767629113	163.77630051312943	0.9815128333889919	0.018487166611008132	0.0651321903135797	2
torus	ED	8.0	11	ZZ onsite	chi8	-0.8045149593814518	0.11137313089567624	0.13843512739813446	35.238575969754436	163.77630051312943	0.9876273641264539	0.01237263587354609	0.05568656544783811	2
torus	ED	8.0	11	ZZ onsite	chi32	-0.8045149593814518	0.03712611828402612	0.04614720689913634	108.58829466314396	163.77630051312943	0.9989284414151962	0.001071558584803789	0.01856305914201307	2
torus	ED	8.0	11	ZZ onsite	chi128	-0.8045149593814518	0.009964158720649263	0.012385299495624256	153.5314099608179	163.77630051312943	0.9999279442798843	7.20557201157046e-5	0.00498207936032468	2
torus	ED	8.0	11	ZZ onsite	exact	-0.8045149593814518	6.761819961331739e-5	8.404840559497536e-5	163.77630051312943	163.77630051312943	0.9999999957613424	4.238657647093191e-9	3.380909980669686e-5	2
torus	ED	8.0	11	ZZ onsite	UHF	-0.8045149593814518	0.03474829398661561	0.04319160704399046	112.60320401158593	163.77630051312943	0.5778066405023684	0.4221933594976316	0.46675481528761686	2
torus	ED	8.0	11	ZZ onsite	UHFsym	-0.8045149593814518	0.03474829398662371	0.04319160704400053	112.60320401157205	163.77630051312943	0.9989273608484504	0.001072639151549648	0.017374146993308942	2
torus	ED	8.0	11	ZZ up-up nb	chi4	-0.513203468944997	0.17139071238224735	0.3339624978267952	6.3135063057378	23.369701105011245	0.9884736966890637	0.011526303310936292	0.08569535619112363	2
torus	ED	8.0	11	ZZ up-up nb	chi8	-0.513203468944997	0.12925855183677482	0.2518660914402903	9.110110785025963	23.369701105011245	0.9936181688424702	0.0063818311575297715	0.06462927591838731	2
torus	ED	8.0	11	ZZ up-up nb	chi32	-0.513203468944997	0.04863905079685449	0.09477537417438504	18.711761768027525	23.369701105011245	0.9991678017675525	0.0008321982324475119	0.02431952539842719	2
torus	ED	8.0	11	ZZ up-up nb	chi128	-0.513203468944997	0.011521180054808067	0.022449536591193343	22.87186155491045	23.369701105011245	0.9999545269319211	4.547306807889395e-5	0.005760590027403978	2
torus	ED	8.0	11	ZZ up-up nb	exact	-0.513203468944997	0.00017519963658085835	0.00034138435763308436	23.369701105011245	23.369701105011245	0.9999999891440172	1.0855982779389706e-8	8.759981829035979e-5	2
torus	ED	8.0	11	ZZ up-up nb	UHF	-0.513203468944997	0.3763216404416381	0.7332796117205721	1.7160891868802866	23.369701105011245	0.55533169704479	0.44466830295521	0.5636274859167761	2
torus	ED	8.0	11	ZZ up-up nb	UHFsym	-0.513203468944997	-0.18348768743863147	0.35753399682942694	6.227308674610329	23.369701105011245	0.9896281663839794	0.010371833616020565	0.0921536602111754	2
torus	ED	8.0	11	SzSz nb	chi4	-0.12175392805788994	0.04124203477499748	0.3387326834776802	8.388696781987749	35.90819630428166	0.8535961343655569	0.14640386563444308	0.17866815395675129	4
torus	ED	8.0	11	SzSz nb	chi8	-0.12175392805788994	0.030882282702952443	0.2536450625910726	13.105853522586639	35.90819630428166	0.9195355954812748	0.08046440451872516	0.13181604636768046	4
torus	ED	8.0	11	SzSz nb	chi32	-0.12175392805788994	0.01152992991627498	0.09469862779944876	31.28973821069373	35.90819630428166	0.9957339679900917	0.004266032009908272	0.04335990116348886	4
torus	ED	8.0	11	SzSz nb	chi128	-0.12175392805788994	0.002672499935350639	0.02195000997487288	36.5679630791737	35.90819630428166	0.9997513585999264	0.0002486414000736348	0.010643217837606644	4
torus	ED	8.0	11	SzSz nb	exact	-0.12175392805788994	4.090690390386176e-5	0.0003359801573252888	35.90819630428166	35.90819630428166	0.9999999670776523	3.2922347736885627e-8	0.0001508356986480037	4
torus	ED	8.0	11	SzSz nb	UHF	-0.12175392805788994	0.09435484777656665	0.7749634798780707	1.816606748221061	35.90819630428166	0.4565342339914591	0.5434657660085409	0.640390600662409	4
torus	ED	8.0	11	SzSz nb	UHFsym	-0.12175392805788994	-0.04559748419350047	0.3745052411928787	5.715795157283298	35.90819630428166	0.9706090862424658	0.02939091375753422	0.16045448254755862	4
torus	ED	8.0	11	SxSx nb	chi4	-0.12175392866193033	0.0460257175987083	0.3780224433373828	5.932750542021214	32.681317547742246	0.8535961343655569	0.14640386563444308	0.17866815395675129	4
torus	ED	8.0	11	SxSx nb	chi8	-0.12175392866193033	0.0332599543574387	0.2731735618140947	9.753586370039283	32.681317547742246	0.9195355954812748	0.08046440451872516	0.13181604636768046	4
torus	ED	8.0	11	SxSx nb	chi32	-0.12175392866193033	0.010587145587613422	0.08695526874545759	26.451657474254244	32.681317547742246	0.9957339679900917	0.004266032009908272	0.04335990116348886	4
torus	ED	8.0	11	SxSx nb	chi128	-0.12175392866193033	0.0026683083541896996	0.0219155832055218	32.221140512130425	32.681317547742246	0.9997513585999264	0.0002486414000736348	0.010643217837606644	4
torus	ED	8.0	11	SxSx nb	exact	-0.12175392866193033	4.091334841017924e-5	0.00033603308624054206	32.681317547742246	32.681317547742246	0.9999999670776523	3.2922347736885627e-8	0.0001508356986480037	4
torus	ED	8.0	11	SxSx nb	UHF	-0.12175392866193033	-0.11547119665960964	0.948398116829842	1.103017261803008	32.681317547742246	0.4565342339914591	0.5434657660085409	0.640390600662409	4
torus	ED	8.0	11	SxSx nb	UHFsym	-0.12175392866193033	-0.045495030674576095	0.373663759145715	5.987885887695162	32.681317547742246	0.9706090862424658	0.02939091375753422	0.16045448254755862	4
torus	DMRG	8.0	11	n	chi4	1.0000197453797453	0.0001178330330898758	0.00011783070647783075	1.0001642432896356	0.9999911277500242	0.9815281497493802	0.018471850250619815	0.06509838121377301	2
torus	DMRG	8.0	11	n	chi8	1.0000197453797453	-0.00017306190505261831	0.00017305848794705567	1.0055712835462476	0.9999911277500242	0.9876399704711083	0.012360029528891703	0.05565275634803142	2
torus	DMRG	8.0	11	n	chi32	1.0000197453797453	0.0004956950083103706	0.0004956852208174515	0.999910798842392	0.9999911277500242	0.998932107752323	0.0010678922476770047	0.018529250042206374	2
torus	DMRG	8.0	11	n	chi128	1.0000197453797453	-0.00010202845940621152	0.0001020264448553138	0.999948103071893	0.9999911277500242	0.9999289188756799	7.108112432008262e-5	0.004948270260517983	2
torus	DMRG	8.0	11	n	exact	1.0000197453797453	0.0	0.0	0.9999911277500242	0.9999911277500242	1.000000000000008	-7.993605777301127e-15	0.0	2
torus	DMRG	8.0	11	n	UHF	1.0000197453797453	-0.0063772820920553475	0.006377156172685023	0.011899689249171213	0.9999911277500242	0.5778032665376943	0.4221967334623057	0.46673767627957097	2
torus	DMRG	8.0	11	n	UHFsym	1.0000197453797453	-0.006377282092049574	0.00637715617267925	0.9928290248547057	0.9999911277500242	0.9989315680443963	0.001068431955603688	0.017340337893502245	2
torus	DMRG	8.0	11	Sz	chi4	-2.2110058113533615e-7	-4.041888468098165e-5	NaN	1.0000906197632669	0.999991991766686	0.9815281497493802	0.018471850250619815	0.06509838121377301	2
torus	DMRG	8.0	11	Sz	chi8	-2.2110058113533615e-7	-0.00270583251561277	NaN	1.0015782619888747	0.999991991766686	0.9876399704711083	0.012360029528891703	0.05565275634803142	2
torus	DMRG	8.0	11	Sz	chi32	-2.2110058113533615e-7	8.246770953108593e-5	NaN	1.0000611625361864	0.999991991766686	0.998932107752323	0.0010678922476770047	0.018529250042206374	2
torus	DMRG	8.0	11	Sz	chi128	-2.2110058113533615e-7	-2.047426959327081e-7	NaN	0.9999516872653156	0.999991991766686	0.9999289188756799	7.108112432008262e-5	0.004948270260517983	2
torus	DMRG	8.0	11	Sz	exact	-2.2110058113533615e-7	0.0	NaN	0.999991991766686	0.999991991766686	1.000000000000008	-7.993605777301127e-15	0.0	2
torus	DMRG	8.0	11	Sz	UHF	-2.2110058113533615e-7	0.4580675073328194	NaN	0.017348586924326045	0.999991991766686	0.5778032665376943	0.4221967334623057	0.46673767627957097	2
torus	DMRG	8.0	11	Sz	UHFsym	-2.2110058113533615e-7	-2.2110058115094866e-7	NaN	0.9951661781732417	0.999991991766686	0.9989315680443963	0.001068431955603688	0.017340337893502245	2
torus	DMRG	8.0	11	DoubleOcc	chi4	0.04886422829460535	0.032608107123430735	0.6673206200420174	23.15317942363265	79.0347369512699	0.9815281497493802	0.018471850250619815	0.06509838121377301	2
torus	DMRG	8.0	11	DoubleOcc	chi8	0.04886422829460535	0.027739847221488145	0.5676923219628672	28.14935449543353	79.0347369512699	0.9876399704711083	0.012360029528891703	0.05565275634803142	2
torus	DMRG	8.0	11	DoubleOcc	chi32	0.04886422829460535	0.009512472525257443	0.19467149809275977	62.58229793661552	79.0347369512699	0.998932107752323	0.0010678922476770047	0.018529250042206374	2
torus	DMRG	8.0	11	DoubleOcc	chi128	0.04886422829460535	0.0024231209005553256	0.049588850271945054	76.2972741096514	79.0347369512699	0.9999289188756799	7.108112432008262e-5	0.004948270260517983	2
torus	DMRG	8.0	11	DoubleOcc	exact	0.04886422829460535	0.0	0.0	79.0347369512699	79.0347369512699	1.000000000000008	-7.993605777301127e-15	0.0	2
torus	DMRG	8.0	11	DoubleOcc	UHF	0.04886422829460535	0.005481527900721955	0.11217874694906663	1.6166165333568572	79.0347369512699	0.5778032665376943	0.4221967334623057	0.46673767627957097	2
torus	DMRG	8.0	11	DoubleOcc	UHFsym	0.04886422829460535	0.005481527900725369	0.1121787469491365	65.9753054791228	79.0347369512699	0.9989315680443963	0.001068431955603688	0.017340337893502245	2
torus	DMRG	8.0	11	ZZ onsite	chi4	-0.8045825775810651	0.1301967624275462	0.16181901778059357	27.82572581756911	163.79176905582372	0.9815281497493802	0.018471850250619815	0.06509838121377301	2
torus	DMRG	8.0	11	ZZ onsite	chi8	-0.8045825775810651	0.11130551269606292	0.1383394517821863	35.316692654479006	163.79176905582372	0.9876399704711083	0.012360029528891703	0.05565275634803142	2
torus	DMRG	8.0	11	ZZ onsite	chi32	-0.8045825775810651	0.037058500084412804	0.04605928728388231	108.81997973171028	163.79176905582372	0.998932107752323	0.0010678922476770047	0.018529250042206374	2
torus	DMRG	8.0	11	ZZ onsite	chi128	-0.8045825775810651	0.009896540521035946	0.01230021727637873	153.6610444085241	163.79176905582372	0.9999289188756799	7.108112432008262e-5	0.004948270260517983	2
torus	DMRG	8.0	11	ZZ onsite	exact	-0.8045825775810651	0.0	0.0	163.79176905582372	163.79176905582372	1.000000000000008	-7.993605777301127e-15	0.0	2
torus	DMRG	8.0	11	ZZ onsite	UHF	-0.8045825775810651	0.03468067578700229	0.04310393582131483	112.8361694987703	163.79176905582372	0.5778032665376943	0.4221967334623057	0.46673767627957097	2
torus	DMRG	8.0	11	ZZ onsite	UHFsym	-0.8045825775810651	0.034680675787010395	0.04310393582132491	112.83616949875648	163.79176905582372	0.9989315680443963	0.001068431955603688	0.017340337893502245	2
torus	DMRG	8.0	11	ZZ up-up nb	chi4	-0.5133786685815779	0.1712155127456665	0.33350725930767744	6.33527394716695	23.498522696312875	0.9884954704084311	0.01150452959156889	0.08560775637283329	2
torus	DMRG	8.0	11	ZZ up-up nb	chi8	-0.5133786685815779	0.12908335220019396	0.2514388697856115	9.148221870838235	23.498522696312875	0.9936346723440043	0.006365327655995734	0.06454167610009695	2
torus	DMRG	8.0	11	ZZ up-up nb	chi32	-0.5133786685815779	0.04846385116027363	0.09440176253169065	18.821106498436794	23.498522696312875	0.9991736706390257	0.000826329360974265	0.02423192558013683	2
torus	DMRG	8.0	11	ZZ up-up nb	chi128	-0.5133786685815779	0.011345980418227208	0.02210060743188882	23.00419855108465	23.498522696312875	0.9999559014465955	4.409855340448132e-5	0.005672990209113618	2
torus	DMRG	8.0	11	ZZ up-up nb	exact	-0.5133786685815779	0.0	0.0	23.498522696312875	23.498522696312875	1.0000000000000084	-8.43769498715119e-15	0.0	2
torus	DMRG	8.0	11	ZZ up-up nb	UHF	-0.5133786685815779	0.3761464408050572	0.7326880991068799	1.7192372672501794	23.498522696312875	0.5553568139215295	0.44464318607847053	0.5635823830926986	2
torus	DMRG	8.0	11	ZZ up-up nb	UHFsym	-0.5133786685815779	-0.18366288707521233	0.35775324982367784	6.228515252731457	23.498522696312875	0.989607733876035	0.010392266123965044	0.09224126002946574	2
torus	DMRG	8.0	11	SzSz nb	chi4	-0.1217948349617938	0.04120112787109362	0.3382830469290272	8.411620391502321	35.93909403341305	0.8536909077362328	0.1463090922637672	0.1785269357782177	4
torus	DMRG	8.0	11	SzSz nb	chi8	-0.1217948349617938	0.03084137579904858	0.25322400419298	13.146413217739415	35.93909403341305	0.9196133453124851	0.08038665468751494	0.13168970321300236	4
torus	DMRG	8.0	11	SzSz nb	chi32	-0.1217948349617938	0.011489023012371119	0.09433095431325265	31.38122744844307	35.93909403341305	0.995753901277578	0.004246098722421987	0.043210105434413684	4
torus	DMRG	8.0	11	SzSz nb	chi128	-0.1217948349617938	0.0026315930314467773	0.0216067703714389	36.61990400659449	35.93909403341305	0.9997563384283057	0.00024366157169430913	0.010493157608639732	4
torus	DMRG	8.0	11	SzSz nb	exact	-0.1217948349617938	0.0	0.0	35.93909403341305	35.93909403341305	1.0000000000000089	-8.881784197001252e-15	0.0	4
torus	DMRG	8.0	11	SzSz nb	UHF	-0.1217948349617938	0.09431394087266279	0.7743673276641692	1.8196741343044973	35.93909403341305	0.4565723215045853	0.5434276784954146	0.640400772994514	4
torus	DMRG	8.0	11	SzSz nb	UHFsym	-0.1217948349617938	-0.045638391097404335	0.3747153244365476	5.71137404264353	35.93909403341305	0.9705849268888949	0.02941507311110514	0.160526482665739	4
torus	DMRG	8.0	11	SxSx nb	chi4	-0.1217948420103405	0.04598480425029812	0.377559537754431	5.94052356204121	32.66044858673247	0.8536909077362328	0.1463090922637672	0.1785269357782177	4
torus	DMRG	8.0	11	SxSx nb	chi8	-0.1217948420103405	0.03321904100902852	0.27274587708901654	9.76634525182641	32.66044858673247	0.9196133453124851	0.08038665468751494	0.13168970321300236	4
torus	DMRG	8.0	11	SxSx nb	chi32	-0.1217948420103405	0.010546232239203243	0.0865901385077363	26.467114056305466	32.66044858673247	0.995753901277578	0.004246098722421987	0.043210105434413684	4
torus	DMRG	8.0	11	SxSx nb	chi128	-0.1217948420103405	0.0026273950057795203	0.02157230111236116	32.21092074183367	32.66044858673247	0.9997563384283057	0.00024366157169430913	0.010493157608639732	4
torus	DMRG	8.0	11	SxSx nb	exact	-0.1217948420103405	0.0	0.0	32.66044858673247	32.66044858673247	1.0000000000000089	-8.881784197001252e-15	0.0	4
torus	DMRG	8.0	11	SxSx nb	UHF	-0.1217948420103405	-0.11551211000801982	0.9484154509450632	1.1029537740565087	32.66044858673247	0.4565723215045853	0.5434276784954146	0.640400772994514	4
torus	DMRG	8.0	11	SxSx nb	UHFsym	-0.1217948420103405	-0.045535944022986274	0.3738741581447285	5.983258842073654	32.66044858673247	0.9705849268888949	0.02941507311110514	0.160526482665739	4
