L	rho	site	prior	observable	true	Delta	G	G_max
4	ED	1	chi2	n	0.9999999999999999	-3.3306690738754696e-16	1.0000000000000022	1.0000000000000029
4	ED	1	chi4	n	0.9999999999999999	-1.1102230246251565e-16	1.0000000000000027	1.0000000000000029
4	ED	1	chi8	n	0.9999999999999999	-1.1102230246251565e-16	1.000000000000003	1.0000000000000029
4	ED	1	chi16	n	0.9999999999999999	-7.771561172376096e-16	1.0000000000000018	1.0000000000000029
4	ED	1	chi32	n	0.9999999999999999	-7.771561172376096e-16	1.0000000000000018	1.0000000000000029
4	ED	1	exact	n	0.9999999999999999	-1.2212453270876722e-15	1.0000000000000029	1.0000000000000029
4	ED	1	UHF	n	0.9999999999999999	1.1102230246251565e-16	0.016406612933412494	1.0000000000000029
4	ED	1	UHFsym	n	0.9999999999999999	1.1102230246251565e-16	0.9999999999999993	1.0000000000000029
4	ED	1	chi2	Sz	3.344546861683284e-15	4.2049697057677804e-15	1.0000000000000002	1.0000000000000002
4	ED	1	chi4	Sz	3.344546861683284e-15	4.2396641752873165e-15	1.0	1.0000000000000002
4	ED	1	chi8	Sz	3.344546861683284e-15	4.427014310692812e-15	1.0000000000000002	1.0000000000000002
4	ED	1	chi16	Sz	3.344546861683284e-15	4.0314973581701e-15	1.0000000000000002	1.0000000000000002
4	ED	1	chi32	Sz	3.344546861683284e-15	4.0314973581701e-15	1.0000000000000002	1.0000000000000002
4	ED	1	exact	Sz	3.344546861683284e-15	4.524158825347513e-15	1.0000000000000002	1.0000000000000002
4	ED	1	UHF	Sz	3.344546861683284e-15	0.4377135050583568	0.026860749393850424	1.0000000000000002
4	ED	1	UHFsym	Sz	3.344546861683284e-15	3.359725692098081e-15	0.9999999999999999	1.0000000000000002
4	ED	1	chi2	DoubleOcc	0.07280979568578072	0.07280979568578072	5.3333713342914	40.588724188532034
4	ED	1	chi4	DoubleOcc	0.07280979568578072	0.001186953852412631	40.55168939094067	40.588724188532034
4	ED	1	chi8	DoubleOcc	0.07280979568578072	9.260803958219266e-5	40.59100220767763	40.588724188532034
4	ED	1	chi16	DoubleOcc	0.07280979568578072	-1.942890293094024e-16	40.588724188532005	40.588724188532034
4	ED	1	chi32	DoubleOcc	0.07280979568578072	-1.942890293094024e-16	40.588724188532005	40.588724188532034
4	ED	1	exact	DoubleOcc	0.07280979568578072	-2.7755575615628914e-16	40.588724188532034	40.588724188532034
4	ED	1	UHF	DoubleOcc	0.07280979568578072	0.014402908196250092	1.2468228545397506	40.588724188532034
4	ED	1	UHFsym	DoubleOcc	0.07280979568578072	0.01440290819625023	32.462609903058805	40.588724188532034
4	ED	1	chi2	ZZ onsite	-0.7087608172568773	0.2912391827431229	5.51340519946084	88.07585370666267
4	ED	1	chi4	ZZ onsite	-0.7087608172568773	0.004747815409650524	87.45729588749207	88.07585370666267
4	ED	1	chi8	ZZ onsite	-0.7087608172568773	0.0003704321583289927	88.05214721400733	88.07585370666267
4	ED	1	chi16	ZZ onsite	-0.7087608172568773	-1.1102230246251565e-16	88.07585370666267	88.07585370666267
4	ED	1	chi32	ZZ onsite	-0.7087608172568773	-1.1102230246251565e-16	88.07585370666267	88.07585370666267
4	ED	1	exact	ZZ onsite	-0.7087608172568773	0.0	88.07585370666267	88.07585370666267
4	ED	1	UHF	ZZ onsite	-0.7087608172568773	0.0576116327849997	54.48260101718518	88.07585370666267
4	ED	1	UHFsym	ZZ onsite	-0.7087608172568773	0.057611632785000255	54.48260101718477	88.07585370666267
4	ED	1	chi2	ZZ up-up r=1	-0.8671968044083973	0.13280319559160292	38.684755694904744	276.02173316461494
4	ED	1	chi4	ZZ up-up r=1	-0.8671968044083973	0.0636960332061487	117.79511663900374	276.02173316461494
4	ED	1	chi8	ZZ up-up r=1	-0.8671968044083973	0.0002503060123143497	276.15748604533627	276.02173316461494
4	ED	1	chi16	ZZ up-up r=1	-0.8671968044083973	5.551115123125783e-16	276.02173316461494	276.02173316461494
4	ED	1	chi32	ZZ up-up r=1	-0.8671968044083973	5.551115123125783e-16	276.02173316461494	276.02173316461494
4	ED	1	exact	ZZ up-up r=1	-0.8671968044083973	6.661338147750939e-16	276.02173316461494	276.02173316461494
4	ED	1	UHF	ZZ up-up r=1	-0.8671968044083973	0.02082671375582945	247.59710304828957	276.02173316461494
4	ED	1	UHFsym	ZZ up-up r=1	-0.8671968044083973	-0.4253675967961418	4.082241977732944	276.02173316461494
4	ED	1	chi2	SzSz r=1	-0.18413237307250108	0.06586762692749898	6.728381123779015	116.87901021119542
4	ED	1	chi4	SzSz r=1	-0.18413237307250108	0.021417810712633156	42.24248047960783	116.87901021119542
4	ED	1	chi8	SzSz r=1	-0.18413237307250108	4.513375055537061e-5	116.85589275852702	116.87901021119542
4	ED	1	chi16	SzSz r=1	-0.18413237307250108	1.1102230246251565e-16	116.87901021119545	116.87901021119542
4	ED	1	chi32	SzSz r=1	-0.18413237307250108	1.1102230246251565e-16	116.87901021119545	116.87901021119542
4	ED	1	exact	SzSz r=1	-0.18413237307250108	1.3877787807814457e-16	116.87901021119542	116.87901021119542
4	ED	1	UHF	SzSz r=1	-0.18413237307250108	0.010521788595723919	81.14945898419855	116.87901021119542
4	ED	1	UHFsym	SzSz r=1	-0.18413237307250108	-0.10102678904226899	3.293866873492729	116.87901021119542
4	ED	1	chi2	hop up r=1	0.6566802317489985	0.6566802317489985	1.0	61.174974437812594
4	ED	1	chi4	hop up r=1	0.6566802317489985	-0.029691989182178524	50.65091244268152	61.174974437812594
4	ED	1	chi8	hop up r=1	0.6566802317489985	-0.0002121035983978503	61.1391648590937	61.174974437812594
4	ED	1	chi16	hop up r=1	0.6566802317489985	-1.1102230246251565e-15	61.174974437812615	61.174974437812594
4	ED	1	chi32	hop up r=1	0.6566802317489985	-1.1102230246251565e-15	61.174974437812615	61.174974437812594
4	ED	1	exact	hop up r=1	0.6566802317489985	-1.2212453270876722e-15	61.174974437812594	61.174974437812594
4	ED	1	UHF	hop up r=1	0.6566802317489985	0.18890491925094188	10.900515519805404	61.174974437812594
4	ED	1	UHFsym	hop up r=1	0.6566802317489985	0.18890491925094266	10.900515519805323	61.174974437812594
4	DMRG	1	chi2	n	1.000000000000001	8.881784197001252e-16	1.0000000000000022	1.0000000000000029
4	DMRG	1	chi4	n	1.000000000000001	1.1102230246251565e-15	1.0000000000000027	1.0000000000000029
4	DMRG	1	chi8	n	1.000000000000001	1.1102230246251565e-15	1.000000000000003	1.0000000000000029
4	DMRG	1	chi16	n	1.000000000000001	4.440892098500626e-16	1.0000000000000018	1.0000000000000029
4	DMRG	1	chi32	n	1.000000000000001	4.440892098500626e-16	1.0000000000000018	1.0000000000000029
4	DMRG	1	exact	n	1.000000000000001	0.0	1.0000000000000029	1.0000000000000029
4	DMRG	1	UHF	n	1.000000000000001	1.3322676295501878e-15	0.016406612933412494	1.0000000000000029
4	DMRG	1	UHFsym	n	1.000000000000001	1.3322676295501878e-15	0.9999999999999993	1.0000000000000029
4	DMRG	1	chi2	Sz	-1.1796119636642288e-15	-3.191891195797325e-16	1.0000000000000002	1.0000000000000002
4	DMRG	1	chi4	Sz	-1.1796119636642288e-15	-2.8449465006019636e-16	1.0	1.0000000000000002
4	DMRG	1	chi8	Sz	-1.1796119636642288e-15	-9.71445146547012e-17	1.0000000000000002	1.0000000000000002
4	DMRG	1	chi16	Sz	-1.1796119636642288e-15	-4.926614671774132e-16	1.0000000000000002	1.0000000000000002
4	DMRG	1	chi32	Sz	-1.1796119636642288e-15	-4.926614671774132e-16	1.0000000000000002	1.0000000000000002
4	DMRG	1	exact	Sz	-1.1796119636642288e-15	0.0	1.0000000000000002	1.0000000000000002
4	DMRG	1	UHF	Sz	-1.1796119636642288e-15	0.4377135050583523	0.026860749393850424	1.0000000000000002
4	DMRG	1	UHFsym	Sz	-1.1796119636642288e-15	-1.1644331332494318e-15	0.9999999999999999	1.0000000000000002
4	DMRG	1	chi2	DoubleOcc	0.072809795685781	0.072809795685781	5.3333713342914	40.588724188532034
4	DMRG	1	chi4	DoubleOcc	0.072809795685781	0.0011869538524129086	40.55168939094067	40.588724188532034
4	DMRG	1	chi8	DoubleOcc	0.072809795685781	9.260803958247021e-5	40.59100220767763	40.588724188532034
4	DMRG	1	chi16	DoubleOcc	0.072809795685781	8.326672684688674e-17	40.588724188532005	40.588724188532034
4	DMRG	1	chi32	DoubleOcc	0.072809795685781	8.326672684688674e-17	40.588724188532005	40.588724188532034
4	DMRG	1	exact	DoubleOcc	0.072809795685781	0.0	40.588724188532034	40.588724188532034
4	DMRG	1	UHF	DoubleOcc	0.072809795685781	0.014402908196250369	1.2468228545397506	40.588724188532034
4	DMRG	1	UHFsym	DoubleOcc	0.072809795685781	0.014402908196250508	32.462609903058805	40.588724188532034
4	DMRG	1	chi2	ZZ onsite	-0.7087608172568773	0.2912391827431229	5.51340519946084	88.07585370666267
4	DMRG	1	chi4	ZZ onsite	-0.7087608172568773	0.004747815409650524	87.45729588749207	88.07585370666267
4	DMRG	1	chi8	ZZ onsite	-0.7087608172568773	0.0003704321583289927	88.05214721400733	88.07585370666267
4	DMRG	1	chi16	ZZ onsite	-0.7087608172568773	-1.1102230246251565e-16	88.07585370666267	88.07585370666267
4	DMRG	1	chi32	ZZ onsite	-0.7087608172568773	-1.1102230246251565e-16	88.07585370666267	88.07585370666267
4	DMRG	1	exact	ZZ onsite	-0.7087608172568773	0.0	88.07585370666267	88.07585370666267
4	DMRG	1	UHF	ZZ onsite	-0.7087608172568773	0.0576116327849997	54.48260101718518	88.07585370666267
4	DMRG	1	UHFsym	ZZ onsite	-0.7087608172568773	0.057611632785000255	54.48260101718477	88.07585370666267
4	DMRG	1	chi2	ZZ up-up r=1	-0.867196804408398	0.13280319559160225	38.684755694904744	276.02173316461494
4	DMRG	1	chi4	ZZ up-up r=1	-0.867196804408398	0.06369603320614803	117.79511663900374	276.02173316461494
4	DMRG	1	chi8	ZZ up-up r=1	-0.867196804408398	0.00025030601231368355	276.15748604533627	276.02173316461494
4	DMRG	1	chi16	ZZ up-up r=1	-0.867196804408398	-1.1102230246251565e-16	276.02173316461494	276.02173316461494
4	DMRG	1	chi32	ZZ up-up r=1	-0.867196804408398	-1.1102230246251565e-16	276.02173316461494	276.02173316461494
4	DMRG	1	exact	ZZ up-up r=1	-0.867196804408398	0.0	276.02173316461494	276.02173316461494
4	DMRG	1	UHF	ZZ up-up r=1	-0.867196804408398	0.020826713755828785	247.59710304828957	276.02173316461494
4	DMRG	1	UHFsym	ZZ up-up r=1	-0.867196804408398	-0.42536759679614244	4.082241977732944	276.02173316461494
4	DMRG	1	chi2	SzSz r=1	-0.18413237307250122	0.06586762692749884	6.728381123779015	116.87901021119542
4	DMRG	1	chi4	SzSz r=1	-0.18413237307250122	0.021417810712633018	42.24248047960783	116.87901021119542
4	DMRG	1	chi8	SzSz r=1	-0.18413237307250122	4.513375055523183e-5	116.85589275852702	116.87901021119542
4	DMRG	1	chi16	SzSz r=1	-0.18413237307250122	-2.7755575615628914e-17	116.87901021119545	116.87901021119542
4	DMRG	1	chi32	SzSz r=1	-0.18413237307250122	-2.7755575615628914e-17	116.87901021119545	116.87901021119542
4	DMRG	1	exact	SzSz r=1	-0.18413237307250122	0.0	116.87901021119542	116.87901021119542
4	DMRG	1	UHF	SzSz r=1	-0.18413237307250122	0.01052178859572378	81.14945898419855	116.87901021119542
4	DMRG	1	UHFsym	SzSz r=1	-0.18413237307250122	-0.10102678904226912	3.293866873492729	116.87901021119542
4	DMRG	1	chi2	hop up r=1	0.6566802317489997	0.6566802317489997	1.0	61.174974437812594
4	DMRG	1	chi4	hop up r=1	0.6566802317489997	-0.029691989182177303	50.65091244268152	61.174974437812594
4	DMRG	1	chi8	hop up r=1	0.6566802317489997	-0.00021210359839662907	61.1391648590937	61.174974437812594
4	DMRG	1	chi16	hop up r=1	0.6566802317489997	1.1102230246251565e-16	61.174974437812615	61.174974437812594
4	DMRG	1	chi32	hop up r=1	0.6566802317489997	1.1102230246251565e-16	61.174974437812615	61.174974437812594
4	DMRG	1	exact	hop up r=1	0.6566802317489997	0.0	61.174974437812594	61.174974437812594
4	DMRG	1	UHF	hop up r=1	0.6566802317489997	0.1889049192509431	10.900515519805404	61.174974437812594
4	DMRG	1	UHFsym	hop up r=1	0.6566802317489997	0.18890491925094388	10.900515519805323	61.174974437812594
4	ED	2	chi2	n	0.9999999999999998	-1.1102230246251565e-15	1.0000000000000009	1.0000000000000004
4	ED	2	chi4	n	0.9999999999999998	-1.1102230246251565e-16	1.0000000000000004	1.0000000000000004
4	ED	2	chi8	n	0.9999999999999998	3.3306690738754696e-16	1.000000000000001	1.0000000000000004
4	ED	2	chi16	n	0.9999999999999998	-6.661338147750939e-16	0.9999999999999998	1.0000000000000004
4	ED	2	chi32	n	0.9999999999999998	-6.661338147750939e-16	0.9999999999999998	1.0000000000000004
4	ED	2	exact	n	0.9999999999999998	-4.440892098500626e-16	1.0000000000000004	1.0000000000000004
4	ED	2	UHF	n	0.9999999999999998	6.661338147750939e-16	0.019992923662381798	1.0000000000000004
4	ED	2	UHFsym	n	0.9999999999999998	6.661338147750939e-16	0.9999999999999998	1.0000000000000004
4	ED	2	chi2	Sz	-2.3002433291452462e-15	-3.0635216585750413e-15	0.9999999999999993	0.9999999999999994
4	ED	2	chi4	Sz	-2.3002433291452462e-15	-3.112093915902392e-15	0.9999999999999993	0.9999999999999994
4	ED	2	chi8	Sz	-2.3002433291452462e-15	-3.299444051307887e-15	0.9999999999999991	0.9999999999999994
4	ED	2	chi16	Sz	-2.3002433291452462e-15	-2.806782584130474e-15	0.9999999999999997	0.9999999999999994
4	ED	2	chi32	Sz	-2.3002433291452462e-15	-2.806782584130474e-15	0.9999999999999997	0.9999999999999994
4	ED	2	exact	Sz	-2.3002433291452462e-15	-3.049643870767227e-15	0.9999999999999994	0.9999999999999994
4	ED	2	UHF	Sz	-2.3002433291452462e-15	-0.3822190584982988	0.02995568830988088	0.9999999999999994
4	ED	2	UHFsym	Sz	-2.3002433291452462e-15	-2.297641243931281e-15	1.0000000000000002	0.9999999999999994
4	ED	2	chi2	DoubleOcc	0.09698302948389981	0.09698302948389981	2.4121533942209257	31.966195372413427
4	ED	2	chi4	DoubleOcc	0.09698302948389981	0.008083397054168467	29.69848817869565	31.966195372413427
4	ED	2	chi8	DoubleOcc	0.09698302948389981	4.674673129259621e-5	31.967869804299635	31.966195372413427
4	ED	2	chi16	DoubleOcc	0.09698302948389981	-3.608224830031759e-16	31.966195372413416	31.966195372413427
4	ED	2	chi32	DoubleOcc	0.09698302948389981	-3.608224830031759e-16	31.966195372413416	31.966195372413427
4	ED	2	exact	DoubleOcc	0.09698302948389981	-3.885780586188048e-16	31.966195372413427	31.966195372413427
4	ED	2	UHF	DoubleOcc	0.09698302948389981	-0.00692556183677559	1.4086478925730688	31.966195372413427
4	ED	2	UHFsym	DoubleOcc	0.09698302948389981	-0.006925561836775618	29.8401276759135	31.966195372413427
4	ED	2	chi2	ZZ onsite	-0.6120678820644003	0.38793211793560056	2.431567544027356	58.09591446289405
4	ED	2	chi4	ZZ onsite	-0.6120678820644003	0.03233358821667387	50.21282217117345	58.09591446289405
4	ED	2	chi8	ZZ onsite	-0.6120678820644003	0.0001869869251697187	58.0963525734793	58.09591446289405
4	ED	2	chi16	ZZ onsite	-0.6120678820644003	-7.771561172376096e-16	58.09591446289405	58.09591446289405
4	ED	2	chi32	ZZ onsite	-0.6120678820644003	-7.771561172376096e-16	58.09591446289405	58.09591446289405
4	ED	2	exact	ZZ onsite	-0.6120678820644003	-1.2212453270876722e-15	58.09591446289405	58.09591446289405
4	ED	2	UHF	ZZ onsite	-0.6120678820644003	-0.02770224734710358	51.927943172833444	58.09591446289405
4	ED	2	UHFsym	ZZ onsite	-0.6120678820644003	-0.02770224734710358	51.927943172833444	58.09591446289405
4	ED	2	chi2	ZZ up-up r=1	-0.2721633911304254	-0.2721633911304255	0.9999999999999999	7.607096747004034
4	ED	2	chi4	ZZ up-up r=1	-0.2721633911304254	-0.23760980993769837	1.2633630122364519	7.607096747004034
4	ED	2	chi8	ZZ up-up r=1	-0.2721633911304254	-0.003814654860921418	7.611097529264532	7.607096747004034
4	ED	2	chi16	ZZ up-up r=1	-0.2721633911304254	1.9984014443252818e-15	7.607096747004034	7.607096747004034
4	ED	2	chi32	ZZ up-up r=1	-0.2721633911304254	1.9984014443252818e-15	7.607096747004034	7.607096747004034
4	ED	2	exact	ZZ up-up r=1	-0.2721633911304254	1.942890293094024e-15	7.607096747004034	7.607096747004034
4	ED	2	UHF	ZZ up-up r=1	-0.2721633911304254	0.497852852821567	0.31974511884335327	7.607096747004034
4	ED	2	UHFsym	ZZ up-up r=1	-0.2721633911304254	0.10822820721294019	3.5914057892727174	7.607096747004034
4	ED	2	chi2	SzSz r=1	-0.05454263119646576	-0.054542631196465775	0.9999999999999994	5.112865951130018
4	ED	2	chi4	SzSz r=1	-0.05454263119646576	-0.05454263119646575	1.0173627168320742	5.112865951130018
4	ED	2	chi8	SzSz r=1	-0.05454263119646576	-0.0002588232083433825	5.1116575729346465	5.112865951130018
4	ED	2	chi16	SzSz r=1	-0.05454263119646576	3.885780586188048e-16	5.112865951130018	5.112865951130018
4	ED	2	chi32	SzSz r=1	-0.05454263119646576	3.885780586188048e-16	5.112865951130018	5.112865951130018
4	ED	2	exact	SzSz r=1	-0.05454263119646576	3.677613769070831e-16	5.112865951130018	5.112865951130018
4	ED	2	UHF	SzSz r=1	-0.05454263119646576	0.11475510363719554	0.2623884940686669	5.112865951130018
4	ED	2	UHFsym	SzSz r=1	-0.05454263119646576	0.01734894223503864	3.398315467368543	5.112865951130018
4	ED	2	chi2	hop up r=1	0.3423834915230012	0.3423834915230012	1.0	13.736863681365087
4	ED	2	chi4	hop up r=1	0.3423834915230012	0.10401411488917947	6.488808910450055	13.736863681365087
4	ED	2	chi8	hop up r=1	0.3423834915230012	0.001864108494477823	13.752264136491014	13.736863681365087
4	ED	2	chi16	hop up r=1	0.3423834915230012	-1.4988010832439613e-15	13.736863681365087	13.736863681365087
4	ED	2	chi32	hop up r=1	0.3423834915230012	-1.4988010832439613e-15	13.736863681365087	13.736863681365087
4	ED	2	exact	hop up r=1	0.3423834915230012	-1.609823385706477e-15	13.736863681365087	13.736863681365087
4	ED	2	UHF	hop up r=1	0.3423834915230012	-0.0884884259126747	7.078278336838174	13.736863681365087
4	ED	2	UHFsym	hop up r=1	0.3423834915230012	-0.08848842591267542	7.07827833683812	13.736863681365087
4	DMRG	2	chi2	n	1.0000000000000002	-6.661338147750939e-16	1.0000000000000009	1.0000000000000004
4	DMRG	2	chi4	n	1.0000000000000002	3.3306690738754696e-16	1.0000000000000004	1.0000000000000004
4	DMRG	2	chi8	n	1.0000000000000002	7.771561172376096e-16	1.000000000000001	1.0000000000000004
4	DMRG	2	chi16	n	1.0000000000000002	-2.220446049250313e-16	0.9999999999999998	1.0000000000000004
4	DMRG	2	chi32	n	1.0000000000000002	-2.220446049250313e-16	0.9999999999999998	1.0000000000000004
4	DMRG	2	exact	n	1.0000000000000002	0.0	1.0000000000000004	1.0000000000000004
4	DMRG	2	UHF	n	1.0000000000000002	1.1102230246251565e-15	0.019992923662381798	1.0000000000000004
4	DMRG	2	UHFsym	n	1.0000000000000002	1.1102230246251565e-15	0.9999999999999998	1.0000000000000004
4	DMRG	2	chi2	Sz	7.494005416219807e-16	-1.3877787807814457e-17	0.9999999999999993	0.9999999999999994
4	DMRG	2	chi4	Sz	7.494005416219807e-16	-6.245004513516506e-17	0.9999999999999993	0.9999999999999994
4	DMRG	2	chi8	Sz	7.494005416219807e-16	-2.498001805406602e-16	0.9999999999999991	0.9999999999999994
4	DMRG	2	chi16	Sz	7.494005416219807e-16	2.42861286636753e-16	0.9999999999999997	0.9999999999999994
4	DMRG	2	chi32	Sz	7.494005416219807e-16	2.42861286636753e-16	0.9999999999999997	0.9999999999999994
4	DMRG	2	exact	Sz	7.494005416219807e-16	0.0	0.9999999999999994	0.9999999999999994
4	DMRG	2	UHF	Sz	7.494005416219807e-16	-0.38221905849829574	0.02995568830988088	0.9999999999999994
4	DMRG	2	UHFsym	Sz	7.494005416219807e-16	7.520026268359459e-16	1.0000000000000002	0.9999999999999994
4	DMRG	2	chi2	DoubleOcc	0.0969830294839002	0.0969830294839002	2.4121533942209257	31.966195372413427
4	DMRG	2	chi4	DoubleOcc	0.0969830294839002	0.008083397054168856	29.69848817869565	31.966195372413427
4	DMRG	2	chi8	DoubleOcc	0.0969830294839002	4.674673129298479e-5	31.967869804299635	31.966195372413427
4	DMRG	2	chi16	DoubleOcc	0.0969830294839002	2.7755575615628914e-17	31.966195372413416	31.966195372413427
4	DMRG	2	chi32	DoubleOcc	0.0969830294839002	2.7755575615628914e-17	31.966195372413416	31.966195372413427
4	DMRG	2	exact	DoubleOcc	0.0969830294839002	0.0	31.966195372413427	31.966195372413427
4	DMRG	2	UHF	DoubleOcc	0.0969830294839002	-0.006925561836775201	1.4086478925730688	31.966195372413427
4	DMRG	2	UHFsym	DoubleOcc	0.0969830294839002	-0.006925561836775229	29.8401276759135	31.966195372413427
4	DMRG	2	chi2	ZZ onsite	-0.6120678820643991	0.3879321179356018	2.431567544027356	58.09591446289405
4	DMRG	2	chi4	ZZ onsite	-0.6120678820643991	0.03233358821667509	50.21282217117345	58.09591446289405
4	DMRG	2	chi8	ZZ onsite	-0.6120678820643991	0.00018698692517093995	58.0963525734793	58.09591446289405
4	DMRG	2	chi16	ZZ onsite	-0.6120678820643991	4.440892098500626e-16	58.09591446289405	58.09591446289405
4	DMRG	2	chi32	ZZ onsite	-0.6120678820643991	4.440892098500626e-16	58.09591446289405	58.09591446289405
4	DMRG	2	exact	ZZ onsite	-0.6120678820643991	0.0	58.09591446289405	58.09591446289405
4	DMRG	2	UHF	ZZ onsite	-0.6120678820643991	-0.02770224734710236	51.927943172833444	58.09591446289405
4	DMRG	2	UHFsym	ZZ onsite	-0.6120678820643991	-0.02770224734710236	51.927943172833444	58.09591446289405
4	DMRG	2	chi2	ZZ up-up r=1	-0.27216339113042737	-0.2721633911304274	0.9999999999999999	7.607096747004034
4	DMRG	2	chi4	ZZ up-up r=1	-0.27216339113042737	-0.2376098099377003	1.2633630122364519	7.607096747004034
4	DMRG	2	chi8	ZZ up-up r=1	-0.27216339113042737	-0.003814654860923361	7.611097529264532	7.607096747004034
4	DMRG	2	chi16	ZZ up-up r=1	-0.27216339113042737	5.551115123125783e-17	7.607096747004034	7.607096747004034
4	DMRG	2	chi32	ZZ up-up r=1	-0.27216339113042737	5.551115123125783e-17	7.607096747004034	7.607096747004034
4	DMRG	2	exact	ZZ up-up r=1	-0.27216339113042737	0.0	7.607096747004034	7.607096747004034
4	DMRG	2	UHF	ZZ up-up r=1	-0.27216339113042737	0.49785285282156505	0.31974511884335327	7.607096747004034
4	DMRG	2	UHFsym	ZZ up-up r=1	-0.27216339113042737	0.10822820721293824	3.5914057892727174	7.607096747004034
4	DMRG	2	chi2	SzSz r=1	-0.05454263119646613	-0.05454263119646614	0.9999999999999994	5.112865951130018
4	DMRG	2	chi4	SzSz r=1	-0.05454263119646613	-0.054542631196466115	1.0173627168320742	5.112865951130018
4	DMRG	2	chi8	SzSz r=1	-0.05454263119646613	-0.0002588232083437503	5.1116575729346465	5.112865951130018
4	DMRG	2	chi16	SzSz r=1	-0.05454263119646613	2.0816681711721685e-17	5.112865951130018	5.112865951130018
4	DMRG	2	chi32	SzSz r=1	-0.05454263119646613	2.0816681711721685e-17	5.112865951130018	5.112865951130018
4	DMRG	2	exact	SzSz r=1	-0.05454263119646613	0.0	5.112865951130018	5.112865951130018
4	DMRG	2	UHF	SzSz r=1	-0.05454263119646613	0.11475510363719518	0.2623884940686669	5.112865951130018
4	DMRG	2	UHFsym	SzSz r=1	-0.05454263119646613	0.017348942235038273	3.398315467368543	5.112865951130018
4	DMRG	2	chi2	hop up r=1	0.3423834915230028	0.3423834915230028	1.0	13.736863681365087
4	DMRG	2	chi4	hop up r=1	0.3423834915230028	0.10401411488918108	6.488808910450055	13.736863681365087
4	DMRG	2	chi8	hop up r=1	0.3423834915230028	0.0018641084944794328	13.752264136491014	13.736863681365087
4	DMRG	2	chi16	hop up r=1	0.3423834915230028	1.1102230246251565e-16	13.736863681365087	13.736863681365087
4	DMRG	2	chi32	hop up r=1	0.3423834915230028	1.1102230246251565e-16	13.736863681365087	13.736863681365087
4	DMRG	2	exact	hop up r=1	0.3423834915230028	0.0	13.736863681365087	13.736863681365087
4	DMRG	2	UHF	hop up r=1	0.3423834915230028	-0.08848842591267309	7.078278336838174	13.736863681365087
4	DMRG	2	UHFsym	hop up r=1	0.3423834915230028	-0.08848842591267381	7.07827833683812	13.736863681365087
4	ED	3	chi2	n	1.0	-8.881784197001252e-16	1.0000000000000016	1.0000000000000009
4	ED	3	chi4	n	1.0	1.1102230246251565e-16	1.0000000000000013	1.0000000000000009
4	ED	3	chi8	n	1.0	1.1102230246251565e-16	1.000000000000001	1.0000000000000009
4	ED	3	chi16	n	1.0	-8.881784197001252e-16	1.000000000000001	1.0000000000000009
4	ED	3	chi32	n	1.0	-8.881784197001252e-16	1.000000000000001	1.0000000000000009
4	ED	3	exact	n	1.0	-6.661338147750939e-16	1.0000000000000009	1.0000000000000009
4	ED	3	UHF	n	1.0	1.1102230246251565e-16	0.01884151891060608	1.0000000000000009
4	ED	3	UHFsym	n	1.0	0.0	1.0000000000000004	1.0000000000000009
4	ED	3	chi2	Sz	1.8041124150158794e-15	3.774758283725532e-15	1.0000000000000033	1.000000000000002
4	ED	3	chi4	Sz	1.8041124150158794e-15	3.733124920302089e-15	1.000000000000003	1.000000000000002
4	ED	3	chi8	Sz	1.8041124150158794e-15	3.5110803153770576e-15	1.0000000000000024	1.000000000000002
4	ED	3	chi16	Sz	1.8041124150158794e-15	3.164135620181696e-15	1.0000000000000022	1.000000000000002
4	ED	3	chi32	Sz	1.8041124150158794e-15	3.164135620181696e-15	1.0000000000000022	1.000000000000002
4	ED	3	exact	Sz	1.8041124150158794e-15	3.1363800445660672e-15	1.000000000000002	1.000000000000002
4	ED	3	UHF	Sz	1.8041124150158794e-15	0.3822190584982986	0.03134000464498036	1.000000000000002
4	ED	3	UHFsym	Sz	1.8041124150158794e-15	1.785897818518123e-15	1.0000000000000002	1.000000000000002
4	ED	3	chi2	DoubleOcc	0.09698302948389995	0.09698302948389995	2.443687632350606	29.079163603455832
4	ED	3	chi4	DoubleOcc	0.09698302948389995	0.011622227866994711	25.68827467013894	29.079163603455832
4	ED	3	chi8	DoubleOcc	0.09698302948389995	4.67467312925407e-5	29.082348473336694	29.079163603455832
4	ED	3	chi16	DoubleOcc	0.09698302948389995	-3.3306690738754696e-16	29.07916360345584	29.079163603455832
4	ED	3	chi32	DoubleOcc	0.09698302948389995	-3.3306690738754696e-16	29.07916360345584	29.079163603455832
4	ED	3	exact	DoubleOcc	0.09698302948389995	-3.0531133177191805e-16	29.079163603455832	29.079163603455832
4	ED	3	UHF	DoubleOcc	0.09698302948389995	-0.00692556183677559	1.291325466584545	29.079163603455832
4	ED	3	UHFsym	DoubleOcc	0.09698302948389995	-0.0069255618367755345	27.091329041428832	29.079163603455832
4	ED	3	chi2	ZZ onsite	-0.6120678820644002	0.3879321179356007	2.4444253004721905	55.33019549993499
4	ED	3	chi4	ZZ onsite	-0.6120678820644002	0.046488911467979066	42.61221872050112	55.33019549993499
4	ED	3	chi8	ZZ onsite	-0.6120678820644002	0.0001869869251701628	55.33301275630879	55.33019549993499
4	ED	3	chi16	ZZ onsite	-0.6120678820644002	-2.220446049250313e-16	55.33019549993499	55.33019549993499
4	ED	3	chi32	ZZ onsite	-0.6120678820644002	-2.220446049250313e-16	55.33019549993499	55.33019549993499
4	ED	3	exact	ZZ onsite	-0.6120678820644002	-3.3306690738754696e-16	55.33019549993499	55.33019549993499
4	ED	3	UHF	ZZ onsite	-0.6120678820644002	-0.027702247347102582	49.436807840539274	55.33019549993499
4	ED	3	UHFsym	ZZ onsite	-0.6120678820644002	-0.02770224734710225	49.4368078405394	55.33019549993499
4	ED	3	chi2	ZZ up-up r=1	-0.8671968044083973	0.13280319559160358	34.85565452493826	225.62854150034033
4	ED	3	chi4	ZZ up-up r=1	-0.8671968044083973	0.06369603320614858	97.9507208424576	225.62854150034033
4	ED	3	chi8	ZZ up-up r=1	-0.8671968044083973	0.0002503060123143497	225.54864483400655	225.62854150034033
4	ED	3	chi16	ZZ up-up r=1	-0.8671968044083973	4.440892098500626e-16	225.6285415003401	225.62854150034033
4	ED	3	chi32	ZZ up-up r=1	-0.8671968044083973	4.440892098500626e-16	225.6285415003401	225.62854150034033
4	ED	3	exact	ZZ up-up r=1	-0.8671968044083973	-2.220446049250313e-16	225.62854150034033	225.62854150034033
4	ED	3	UHF	ZZ up-up r=1	-0.8671968044083973	0.020826713755832005	194.81990602806493	225.62854150034033
4	ED	3	UHFsym	ZZ up-up r=1	-0.8671968044083973	-0.42536759679614067	4.120697224432069	225.62854150034033
4	ED	3	chi2	SzSz r=1	-0.1841323730725011	0.06586762692749912	7.370975078735125	131.34611215976395
4	ED	3	chi4	SzSz r=1	-0.1841323730725011	0.021923629329133637	48.30190590656505	131.34611215976395
4	ED	3	chi8	SzSz r=1	-0.1841323730725011	4.513375055545388e-5	131.41385580568786	131.34611215976395
4	ED	3	chi16	SzSz r=1	-0.1841323730725011	1.6653345369377348e-16	131.34611215976412	131.34611215976395
4	ED	3	chi32	SzSz r=1	-0.1841323730725011	1.6653345369377348e-16	131.34611215976412	131.34611215976395
4	ED	3	exact	SzSz r=1	-0.1841323730725011	5.551115123125783e-17	131.34611215976395	131.34611215976395
4	ED	3	UHF	SzSz r=1	-0.1841323730725011	0.010521788595724252	98.09573763574394	131.34611215976395
4	ED	3	UHFsym	SzSz r=1	-0.1841323730725011	-0.10102678904226883	3.2521849587385256	131.34611215976395
4	ED	3	chi2	hop up r=1	0.6566802317489987	0.6566802317489987	1.0	78.27929753194935
4	ED	3	chi4	hop up r=1	0.6566802317489987	-0.025665429504076687	70.32105342860349	78.27929753194935
4	ED	3	chi8	hop up r=1	0.6566802317489987	-0.0002121035983967401	78.2817032811985	78.27929753194935
4	ED	3	chi16	hop up r=1	0.6566802317489987	0.0	78.27929753194935	78.27929753194935
4	ED	3	chi32	hop up r=1	0.6566802317489987	0.0	78.27929753194935	78.27929753194935
4	ED	3	exact	hop up r=1	0.6566802317489987	2.220446049250313e-16	78.27929753194935	78.27929753194935
4	ED	3	UHF	hop up r=1	0.6566802317489987	0.18890491925094166	10.550307237644585	78.27929753194935
4	ED	3	UHFsym	hop up r=1	0.6566802317489987	0.18890491925094227	10.550307237644525	78.27929753194935
4	DMRG	3	chi2	n	1.0000000000000007	-2.220446049250313e-16	1.0000000000000016	1.0000000000000009
4	DMRG	3	chi4	n	1.0000000000000007	7.771561172376096e-16	1.0000000000000013	1.0000000000000009
4	DMRG	3	chi8	n	1.0000000000000007	7.771561172376096e-16	1.000000000000001	1.0000000000000009
4	DMRG	3	chi16	n	1.0000000000000007	-2.220446049250313e-16	1.000000000000001	1.0000000000000009
4	DMRG	3	chi32	n	1.0000000000000007	-2.220446049250313e-16	1.000000000000001	1.0000000000000009
4	DMRG	3	exact	n	1.0000000000000007	0.0	1.0000000000000009	1.0000000000000009
4	DMRG	3	UHF	n	1.0000000000000007	7.771561172376096e-16	0.01884151891060608	1.0000000000000009
4	DMRG	3	UHFsym	n	1.0000000000000007	6.661338147750939e-16	1.0000000000000004	1.0000000000000009
4	DMRG	3	chi2	Sz	-1.3322676295501878e-15	6.383782391594646e-16	1.0000000000000033	1.000000000000002
4	DMRG	3	chi4	Sz	-1.3322676295501878e-15	5.967448757360216e-16	1.000000000000003	1.000000000000002
4	DMRG	3	chi8	Sz	-1.3322676295501878e-15	3.7470027081099033e-16	1.0000000000000024	1.000000000000002
4	DMRG	3	chi16	Sz	-1.3322676295501878e-15	2.7755575615628914e-17	1.0000000000000022	1.000000000000002
4	DMRG	3	chi32	Sz	-1.3322676295501878e-15	2.7755575615628914e-17	1.0000000000000022	1.000000000000002
4	DMRG	3	exact	Sz	-1.3322676295501878e-15	0.0	1.000000000000002	1.000000000000002
4	DMRG	3	UHF	Sz	-1.3322676295501878e-15	0.38221905849829546	0.03134000464498036	1.000000000000002
4	DMRG	3	UHFsym	Sz	-1.3322676295501878e-15	-1.3504822260479443e-15	1.0000000000000002	1.000000000000002
4	DMRG	3	chi2	DoubleOcc	0.09698302948390025	0.09698302948390025	2.443687632350606	29.079163603455832
4	DMRG	3	chi4	DoubleOcc	0.09698302948390025	0.011622227866995016	25.68827467013894	29.079163603455832
4	DMRG	3	chi8	DoubleOcc	0.09698302948390025	4.674673129284601e-5	29.082348473336694	29.079163603455832
4	DMRG	3	chi16	DoubleOcc	0.09698302948390025	-2.7755575615628914e-17	29.07916360345584	29.079163603455832
4	DMRG	3	chi32	DoubleOcc	0.09698302948390025	-2.7755575615628914e-17	29.07916360345584	29.079163603455832
4	DMRG	3	exact	DoubleOcc	0.09698302948390025	0.0	29.079163603455832	29.079163603455832
4	DMRG	3	UHF	DoubleOcc	0.09698302948390025	-0.006925561836775285	1.291325466584545	29.079163603455832
4	DMRG	3	UHFsym	DoubleOcc	0.09698302948390025	-0.006925561836775229	27.091329041428832	29.079163603455832
4	DMRG	3	chi2	ZZ onsite	-0.6120678820643999	0.387932117935601	2.4444253004721905	55.33019549993499
4	DMRG	3	chi4	ZZ onsite	-0.6120678820643999	0.0464889114679794	42.61221872050112	55.33019549993499
4	DMRG	3	chi8	ZZ onsite	-0.6120678820643999	0.00018698692517049587	55.33301275630879	55.33019549993499
4	DMRG	3	chi16	ZZ onsite	-0.6120678820643999	1.1102230246251565e-16	55.33019549993499	55.33019549993499
4	DMRG	3	chi32	ZZ onsite	-0.6120678820643999	1.1102230246251565e-16	55.33019549993499	55.33019549993499
4	DMRG	3	exact	ZZ onsite	-0.6120678820643999	0.0	55.33019549993499	55.33019549993499
4	DMRG	3	UHF	ZZ onsite	-0.6120678820643999	-0.02770224734710225	49.436807840539274	55.33019549993499
4	DMRG	3	UHFsym	ZZ onsite	-0.6120678820643999	-0.027702247347101916	49.4368078405394	55.33019549993499
4	DMRG	3	chi2	ZZ up-up r=1	-0.8671968044083971	0.1328031955916038	34.85565452493826	225.62854150034033
4	DMRG	3	chi4	ZZ up-up r=1	-0.8671968044083971	0.0636960332061488	97.9507208424576	225.62854150034033
4	DMRG	3	chi8	ZZ up-up r=1	-0.8671968044083971	0.0002503060123145717	225.54864483400655	225.62854150034033
4	DMRG	3	chi16	ZZ up-up r=1	-0.8671968044083971	6.661338147750939e-16	225.6285415003401	225.62854150034033
4	DMRG	3	chi32	ZZ up-up r=1	-0.8671968044083971	6.661338147750939e-16	225.6285415003401	225.62854150034033
4	DMRG	3	exact	ZZ up-up r=1	-0.8671968044083971	0.0	225.62854150034033	225.62854150034033
4	DMRG	3	UHF	ZZ up-up r=1	-0.8671968044083971	0.020826713755832227	194.81990602806493	225.62854150034033
4	DMRG	3	UHFsym	ZZ up-up r=1	-0.8671968044083971	-0.42536759679614045	4.120697224432069	225.62854150034033
4	DMRG	3	chi2	SzSz r=1	-0.18413237307250116	0.06586762692749906	7.370975078735125	131.34611215976395
4	DMRG	3	chi4	SzSz r=1	-0.18413237307250116	0.02192362932913358	48.30190590656505	131.34611215976395
4	DMRG	3	chi8	SzSz r=1	-0.18413237307250116	4.5133750555398366e-5	131.41385580568786	131.34611215976395
4	DMRG	3	chi16	SzSz r=1	-0.18413237307250116	1.1102230246251565e-16	131.34611215976412	131.34611215976395
4	DMRG	3	chi32	SzSz r=1	-0.18413237307250116	1.1102230246251565e-16	131.34611215976412	131.34611215976395
4	DMRG	3	exact	SzSz r=1	-0.18413237307250116	0.0	131.34611215976395	131.34611215976395
4	DMRG	3	UHF	SzSz r=1	-0.18413237307250116	0.010521788595724196	98.09573763574394	131.34611215976395
4	DMRG	3	UHFsym	SzSz r=1	-0.18413237307250116	-0.10102678904226889	3.2521849587385256	131.34611215976395
4	DMRG	3	chi2	hop up r=1	0.6566802317489985	0.6566802317489985	1.0	78.27929753194935
4	DMRG	3	chi4	hop up r=1	0.6566802317489985	-0.02566542950407691	70.32105342860349	78.27929753194935
4	DMRG	3	chi8	hop up r=1	0.6566802317489985	-0.00021210359839696213	78.2817032811985	78.27929753194935
4	DMRG	3	chi16	hop up r=1	0.6566802317489985	-2.220446049250313e-16	78.27929753194935	78.27929753194935
4	DMRG	3	chi32	hop up r=1	0.6566802317489985	-2.220446049250313e-16	78.27929753194935	78.27929753194935
4	DMRG	3	exact	hop up r=1	0.6566802317489985	0.0	78.27929753194935	78.27929753194935
4	DMRG	3	UHF	hop up r=1	0.6566802317489985	0.18890491925094144	10.550307237644585	78.27929753194935
4	DMRG	3	UHFsym	hop up r=1	0.6566802317489985	0.18890491925094205	10.550307237644525	78.27929753194935
6	ED	1	chi2	n	1.0	-2.220446049250313e-16	0.9999999999999661	0.9999999999999605
6	ED	1	chi4	n	1.0	0.0	0.999999999999968	0.9999999999999605
6	ED	1	chi8	n	1.0	-6.661338147750939e-16	0.999999999999961	0.9999999999999605
6	ED	1	chi16	n	1.0	-8.881784197001252e-16	0.9999999999999616	0.9999999999999605
6	ED	1	chi32	n	1.0	3.3306690738754696e-16	0.9999999999999614	0.9999999999999605
6	ED	1	exact	n	1.0	-4.440892098500626e-16	0.9999999999999605	0.9999999999999605
6	ED	1	UHF	n	1.0	-4.440892098500626e-16	0.014516066114904502	0.9999999999999605
6	ED	1	UHFsym	n	1.0	-4.440892098500626e-16	0.9999999999999988	0.9999999999999605
6	ED	1	chi2	Sz	1.6653345369377348e-15	-2.1621593404574924e-14	0.9999999999999897	0.9999999999999879
6	ED	1	chi4	Sz	1.6653345369377348e-15	-2.1073420786166253e-14	0.99999999999999	0.9999999999999879
6	ED	1	chi8	Sz	1.6653345369377348e-15	-2.6048607715267735e-14	0.999999999999988	0.9999999999999879
6	ED	1	chi16	Sz	1.6653345369377348e-15	-2.5091040356528538e-14	0.9999999999999883	0.9999999999999879
6	ED	1	chi32	Sz	1.6653345369377348e-15	-2.5757174171303632e-14	0.999999999999988	0.9999999999999879
6	ED	1	exact	Sz	1.6653345369377348e-15	-2.5830032557294658e-14	0.9999999999999879	0.9999999999999879
6	ED	1	UHF	Sz	1.6653345369377348e-15	0.437794456917032	0.021749842772979124	0.9999999999999879
6	ED	1	UHFsym	Sz	1.6653345369377348e-15	1.6536251534748914e-15	1.0000000000000002	0.9999999999999879
6	ED	1	chi2	DoubleOcc	0.07209753530399929	0.07209753530399929	5.46383241411812	44.206965634383735
6	ED	1	chi4	DoubleOcc	0.07209753530399929	0.0006274373299134106	44.18471387795726	44.206965634383735
6	ED	1	chi8	DoubleOcc	0.07209753530399929	0.00012924420947940662	44.20626477489047	44.206965634383735
6	ED	1	chi16	DoubleOcc	0.07209753530399929	6.160900269863712e-6	44.206977978656745	44.206965634383735
6	ED	1	chi32	DoubleOcc	0.07209753530399929	1.511229896777877e-8	44.20696567024374	44.206965634383735
6	ED	1	exact	DoubleOcc	0.07209753530399929	9.97840698957475e-12	44.206965634383735	44.206965634383735
6	ED	1	UHF	DoubleOcc	0.07209753530399929	0.013761521811276545	1.3095668014772444	44.206965634383735
6	ED	1	UHFsym	DoubleOcc	0.07209753530399929	0.013761521811276684	35.14792574451194	44.206965634383735
6	ED	1	chi2	ZZ onsite	-0.7116098587840031	0.28839014121599715	5.749449673918931	100.8701213757022
6	ED	1	chi4	ZZ onsite	-0.7116098587840031	0.0025097493196536425	100.65642889960067	100.8701213757022
6	ED	1	chi8	ZZ onsite	-0.7116098587840031	0.0005169768379182926	100.84656129952805	100.8701213757022
6	ED	1	chi16	ZZ onsite	-0.7116098587840031	2.4643601080343025e-5	100.86924001294928	100.8701213757022
6	ED	1	chi32	ZZ onsite	-0.7116098587840031	6.044919564907048e-8	100.87011924479692	100.8701213757022
6	ED	1	exact	ZZ onsite	-0.7116098587840031	3.991429409211378e-11	100.8701213757022	100.8701213757022
6	ED	1	UHF	ZZ onsite	-0.7116098587840031	0.055046087245106845	62.32976896802636	100.8701213757022
6	ED	1	UHFsym	ZZ onsite	-0.7116098587840031	0.05504608724510762	62.32976896802569	100.8701213757022
6	ED	1	chi2	ZZ up-up r=1	-0.8438679973683166	0.1561320026316836	27.355246397234254	216.36400826712045
6	ED	1	chi4	ZZ up-up r=1	-0.8438679973683166	0.0827585650575845	76.07895804541505	216.36400826712045
6	ED	1	chi8	ZZ up-up r=1	-0.8438679973683166	0.003043930203930789	217.4167501105102	216.36400826712045
6	ED	1	chi16	ZZ up-up r=1	-0.8438679973683166	0.00011664629804808424	216.4262970197479	216.36400826712045
6	ED	1	chi32	ZZ up-up r=1	-0.8438679973683166	5.3209396000397646e-8	216.36403706226358	216.36400826712045
6	ED	1	exact	ZZ up-up r=1	-0.8438679973683166	2.272781962631143e-11	216.36400826712045	216.36400826712045
6	ED	1	UHF	ZZ up-up r=1	-0.8438679973683166	0.04205983582862394	151.88597268417155	216.36400826712045
6	ED	1	UHFsym	ZZ up-up r=1	-0.8438679973683166	-0.4030562277937437	4.271088660194642	216.36400826712045
6	ED	1	chi2	SzSz r=1	-0.17902281089515815	0.07097718910484191	5.701381063178289	117.86439117972644
6	ED	1	chi4	SzSz r=1	-0.17902281089515815	0.026070460421036556	31.99350296420897	117.86439117972644
6	ED	1	chi8	SzSz r=1	-0.17902281089515815	0.000644229486146175	117.7525060625144	117.86439117972644
6	ED	1	chi16	SzSz r=1	-0.17902281089515815	2.4523936059811513e-5	117.86799584980118	117.86439117972644
6	ED	1	chi32	SzSz r=1	-0.17902281089515815	1.0614615492121615e-8	117.86439296205945	117.86439117972644
6	ED	1	exact	SzSz r=1	-0.17902281089515815	4.93932672540609e-12	117.86439117972644	117.86439117972644
6	ED	1	UHF	SzSz r=1	-0.17902281089515815	0.015167243528956431	62.33585472194693	117.86439117972644
6	ED	1	UHFsym	SzSz r=1	-0.17902281089515815	-0.09611177237663521	3.427287075027609	117.86439117972644
6	ED	1	chi2	hop up r=1	0.6457325306712769	0.6457325306712769	1.0	66.40434041079745
6	ED	1	chi4	hop up r=1	0.6457325306712769	-0.03914494613272401	53.21967993349148	66.40434041079745
6	ED	1	chi8	hop up r=1	0.6457325306712769	-0.0013918770216136966	66.36770446741379	66.40434041079745
6	ED	1	chi16	hop up r=1	0.6457325306712769	-6.617815273124439e-5	66.40351298569638	66.40434041079745
6	ED	1	chi32	hop up r=1	0.6457325306712769	-6.0555150671604e-8	66.40433969559699	66.40434041079745
6	ED	1	exact	hop up r=1	0.6457325306712769	-1.3016809852217648e-11	66.40434041079745	66.40434041079745
6	ED	1	UHF	hop up r=1	0.6457325306712769	0.17846897441960113	11.117277335138734	66.40434041079745
6	ED	1	UHFsym	hop up r=1	0.6457325306712769	0.17846897441960125	11.117277335138722	66.40434041079745
6	DMRG	1	chi2	n	1.0000000000000004	2.220446049250313e-16	0.9999999999999661	0.9999999999999605
6	DMRG	1	chi4	n	1.0000000000000004	4.440892098500626e-16	0.999999999999968	0.9999999999999605
6	DMRG	1	chi8	n	1.0000000000000004	-2.220446049250313e-16	0.999999999999961	0.9999999999999605
6	DMRG	1	chi16	n	1.0000000000000004	-4.440892098500626e-16	0.9999999999999616	0.9999999999999605
6	DMRG	1	chi32	n	1.0000000000000004	7.771561172376096e-16	0.9999999999999614	0.9999999999999605
6	DMRG	1	exact	n	1.0000000000000004	0.0	0.9999999999999605	0.9999999999999605
6	DMRG	1	UHF	n	1.0000000000000004	0.0	0.014516066114904502	0.9999999999999605
6	DMRG	1	UHFsym	n	1.0000000000000004	0.0	0.9999999999999988	0.9999999999999605
6	DMRG	1	chi2	Sz	2.7495367094232392e-14	4.208439152719734e-15	0.9999999999999897	0.9999999999999879
6	DMRG	1	chi4	Sz	2.7495367094232392e-14	4.756611771128405e-15	0.99999999999999	0.9999999999999879
6	DMRG	1	chi8	Sz	2.7495367094232392e-14	-2.185751579730777e-16	0.999999999999988	0.9999999999999879
6	DMRG	1	chi16	Sz	2.7495367094232392e-14	7.389922007661198e-16	0.9999999999999883	0.9999999999999879
6	DMRG	1	chi32	Sz	2.7495367094232392e-14	7.28583859910259e-17	0.999999999999988	0.9999999999999879
6	DMRG	1	exact	Sz	2.7495367094232392e-14	0.0	0.9999999999999879	0.9999999999999879
6	DMRG	1	UHF	Sz	2.7495367094232392e-14	0.4377944569170578	0.021749842772979124	0.9999999999999879
6	DMRG	1	UHFsym	Sz	2.7495367094232392e-14	2.748365771076955e-14	1.0000000000000002	0.9999999999999879
6	DMRG	1	chi2	DoubleOcc	0.07209753529402088	0.07209753529402088	5.46383241411812	44.206965634383735
6	DMRG	1	chi4	DoubleOcc	0.07209753529402088	0.0006274373199350036	44.18471387795726	44.206965634383735
6	DMRG	1	chi8	DoubleOcc	0.07209753529402088	0.00012924419950099963	44.20626477489047	44.206965634383735
6	DMRG	1	chi16	DoubleOcc	0.07209753529402088	6.160890291456722e-6	44.206977978656745	44.206965634383735
6	DMRG	1	chi32	DoubleOcc	0.07209753529402088	1.5102320560789195e-8	44.20696567024374	44.206965634383735
6	DMRG	1	exact	DoubleOcc	0.07209753529402088	0.0	44.206965634383735	44.206965634383735
6	DMRG	1	UHF	DoubleOcc	0.07209753529402088	0.013761521801298138	1.3095668014772444	44.206965634383735
6	DMRG	1	UHFsym	DoubleOcc	0.07209753529402088	0.013761521801298277	35.14792574451194	44.206965634383735
6	DMRG	1	chi2	ZZ onsite	-0.7116098588239174	0.28839014117608286	5.749449673918931	100.8701213757022
6	DMRG	1	chi4	ZZ onsite	-0.7116098588239174	0.0025097492797393484	100.65642889960067	100.8701213757022
6	DMRG	1	chi8	ZZ onsite	-0.7116098588239174	0.0005169767980039985	100.84656129952805	100.8701213757022
6	DMRG	1	chi16	ZZ onsite	-0.7116098588239174	2.4643561166048933e-5	100.86924001294928	100.8701213757022
6	DMRG	1	chi32	ZZ onsite	-0.7116098588239174	6.040928135497836e-8	100.87011924479692	100.8701213757022
6	DMRG	1	exact	ZZ onsite	-0.7116098588239174	0.0	100.8701213757022	100.8701213757022
6	DMRG	1	UHF	ZZ onsite	-0.7116098588239174	0.05504608720519255	62.32976896802636	100.8701213757022
6	DMRG	1	UHFsym	ZZ onsite	-0.7116098588239174	0.05504608720519333	62.32976896802569	100.8701213757022
6	DMRG	1	chi2	ZZ up-up r=1	-0.8438679973910445	0.15613200260895577	27.355246397234254	216.36400826712045
6	DMRG	1	chi4	ZZ up-up r=1	-0.8438679973910445	0.08275856503485668	76.07895804541505	216.36400826712045
6	DMRG	1	chi8	ZZ up-up r=1	-0.8438679973910445	0.0030439301812029695	217.4167501105102	216.36400826712045
6	DMRG	1	chi16	ZZ up-up r=1	-0.8438679973910445	0.00011664627532026461	216.4262970197479	216.36400826712045
6	DMRG	1	chi32	ZZ up-up r=1	-0.8438679973910445	5.3186668180771335e-8	216.36403706226358	216.36400826712045
6	DMRG	1	exact	ZZ up-up r=1	-0.8438679973910445	0.0	216.36400826712045	216.36400826712045
6	DMRG	1	UHF	ZZ up-up r=1	-0.8438679973910445	0.04205983580589612	151.88597268417155	216.36400826712045
6	DMRG	1	UHFsym	ZZ up-up r=1	-0.8438679973910445	-0.40305622781647155	4.271088660194642	216.36400826712045
6	DMRG	1	chi2	SzSz r=1	-0.17902281090009747	0.07097718909990258	5.701381063178289	117.86439117972644
6	DMRG	1	chi4	SzSz r=1	-0.17902281090009747	0.02607046041609723	31.99350296420897	117.86439117972644
6	DMRG	1	chi8	SzSz r=1	-0.17902281090009747	0.0006442294812068483	117.7525060625144	117.86439117972644
6	DMRG	1	chi16	SzSz r=1	-0.17902281090009747	2.4523931120484788e-5	117.86799584980118	117.86439117972644
6	DMRG	1	chi32	SzSz r=1	-0.17902281090009747	1.0609676165396209e-8	117.86439296205945	117.86439117972644
6	DMRG	1	exact	SzSz r=1	-0.17902281090009747	0.0	117.86439117972644	117.86439117972644
6	DMRG	1	UHF	SzSz r=1	-0.17902281090009747	0.015167243524017104	62.33585472194693	117.86439117972644
6	DMRG	1	UHFsym	SzSz r=1	-0.17902281090009747	-0.09611177238157453	3.427287075027609	117.86439117972644
6	DMRG	1	chi2	hop up r=1	0.6457325306842937	0.6457325306842937	1.0	66.40434041079745
6	DMRG	1	chi4	hop up r=1	0.6457325306842937	-0.0391449461197072	53.21967993349148	66.40434041079745
6	DMRG	1	chi8	hop up r=1	0.6457325306842937	-0.0013918770085968868	66.36770446741379	66.40434041079745
6	DMRG	1	chi16	hop up r=1	0.6457325306842937	-6.617813971443454e-5	66.40351298569638	66.40434041079745
6	DMRG	1	chi32	hop up r=1	0.6457325306842937	-6.054213386175178e-8	66.40433969559699	66.40434041079745
6	DMRG	1	exact	hop up r=1	0.6457325306842937	0.0	66.40434041079745	66.40434041079745
6	DMRG	1	UHF	hop up r=1	0.6457325306842937	0.17846897443261794	11.117277335138734	66.40434041079745
6	DMRG	1	UHFsym	hop up r=1	0.6457325306842937	0.17846897443261805	11.117277335138722	66.40434041079745
6	ED	2	chi2	n	0.9999999999999998	-4.440892098500626e-16	1.000000000000031	1.0000000000000144
6	ED	2	chi4	n	0.9999999999999998	-7.105427357601002e-15	1.0000000000000249	1.0000000000000144
6	ED	2	chi8	n	0.9999999999999998	-2.886579864025407e-15	1.0000000000000144	1.0000000000000144
6	ED	2	chi16	n	0.9999999999999998	-3.3306690738754696e-15	1.0000000000000133	1.0000000000000144
6	ED	2	chi32	n	0.9999999999999998	-2.886579864025407e-15	1.0000000000000135	1.0000000000000144
6	ED	2	exact	n	0.9999999999999998	-3.1086244689504383e-15	1.0000000000000144	1.0000000000000144
6	ED	2	UHF	n	0.9999999999999998	-1.1102230246251565e-15	0.017910192500147623	1.0000000000000144
6	ED	2	UHFsym	n	0.9999999999999998	-1.1102230246251565e-15	1.0000000000000007	1.0000000000000144
6	ED	2	chi2	Sz	-1.2490009027033011e-15	2.1940782524154656e-14	1.0000000000000178	1.0000000000000062
6	ED	2	chi4	Sz	-1.2490009027033011e-15	1.8582357874663558e-14	1.0000000000000115	1.0000000000000062
6	ED	2	chi8	Sz	-1.2490009027033011e-15	9.652001420334955e-15	1.0000000000000064	1.0000000000000062
6	ED	2	chi16	Sz	-1.2490009027033011e-15	8.756884106730922e-15	1.0000000000000056	1.0000000000000062
6	ED	2	chi32	Sz	-1.2490009027033011e-15	8.982398158607907e-15	1.000000000000006	1.0000000000000062
6	ED	2	exact	Sz	-1.2490009027033011e-15	9.481998519689228e-15	1.0000000000000062	1.0000000000000062
6	ED	2	UHF	Sz	-1.2490009027033011e-15	-0.3812249056881617	0.030820676898637808	1.0000000000000062
6	ED	2	UHFsym	Sz	-1.2490009027033011e-15	-1.2468324983583301e-15	0.999999999999999	1.0000000000000062
6	ED	2	chi2	DoubleOcc	0.098669821600112	0.098669821600112	2.1834517675503315	27.65268220831045
6	ED	2	chi4	DoubleOcc	0.098669821600112	0.00885636423249836	24.90134561357942	27.65268220831045
6	ED	2	chi8	DoubleOcc	0.098669821600112	0.00031935523059459237	27.631287787639277	27.65268220831045
6	ED	2	chi16	DoubleOcc	0.098669821600112	1.5426769006537944e-5	27.651800607022956	27.65268220831045
6	ED	2	chi32	DoubleOcc	0.098669821600112	1.1523426490800404e-8	27.652681555305488	27.65268220831045
6	ED	2	exact	DoubleOcc	0.098669821600112	-4.10432798858551e-12	27.65268220831045	27.65268220831045
6	ED	2	UHF	DoubleOcc	0.098669821600112	-0.005997749682941644	1.0569199144244559	27.65268220831045
6	ED	2	UHFsym	DoubleOcc	0.098669821600112	-0.0059977496829417	26.845519649269992	27.65268220831045
6	ED	2	chi2	ZZ onsite	-0.6053207135995518	0.39467928640044847	2.224273376283061	50.09695821342819
6	ED	2	chi4	ZZ onsite	-0.6053207135995518	0.035425456930006316	41.55473833574938	50.09695821342819
6	ED	2	chi8	ZZ onsite	-0.6053207135995518	0.0012774209223843647	50.022140320434694	50.09695821342819
6	ED	2	chi16	ZZ onsite	-0.6053207135995518	6.170707603259107e-5	50.09384861323162	50.09695821342819
6	ED	2	chi32	ZZ onsite	-0.6053207135995518	4.609371173636134e-8	50.09695590898075	50.09695821342819
6	ED	2	exact	ZZ onsite	-0.6053207135995518	-1.6411316750009064e-11	50.09695821342819	50.09695821342819
6	ED	2	UHF	ZZ onsite	-0.6053207135995518	-0.023990998731764357	47.52412203347626	50.09695821342819
6	ED	2	UHFsym	ZZ onsite	-0.6053207135995518	-0.023990998731764357	47.52412203347626	50.09695821342819
6	ED	2	chi2	ZZ up-up r=1	-0.3028339762681887	-0.3028339762681887	1.0	9.772822107872198
6	ED	2	chi4	ZZ up-up r=1	-0.3028339762681887	-0.266147257481139	1.2641458331775588	9.772822107872198
6	ED	2	chi8	ZZ up-up r=1	-0.3028339762681887	-0.0040392717054691385	9.812378321112993	9.772822107872198
6	ED	2	chi16	ZZ up-up r=1	-0.3028339762681887	3.9380331977700855e-5	9.772280614352056	9.772822107872198
6	ED	2	chi32	ZZ up-up r=1	-0.3028339762681887	1.5040056422499504e-9	9.772822087128795	9.772822107872198
6	ED	2	exact	ZZ up-up r=1	-0.3028339762681887	-8.729461598022681e-12	9.772822107872198	9.772822107872198
6	ED	2	UHF	ZZ up-up r=1	-0.3028339762681887	0.47402506663450966	0.4038190883954273	9.772822107872198
6	ED	2	UHFsym	ZZ up-up r=1	-0.3028339762681887	0.08207315099863316	5.457437023670556	9.772822107872198
6	ED	2	chi2	SzSz r=1	-0.06109184737779984	-0.06109184737779984	1.0	6.640054545327532
6	ED	2	chi4	SzSz r=1	-0.06109184737779984	-0.06109184737779983	1.0076977457223526	6.640054545327532
6	ED	2	chi8	SzSz r=1	-0.06109184737779984	-9.349375902766716e-5	6.662273291820571	6.640054545327532
6	ED	2	chi16	SzSz r=1	-0.06109184737779984	2.0313374942265705e-6	6.639833405180497	6.640054545327532
6	ED	2	chi32	SzSz r=1	-0.06109184737779984	3.032573706041042e-10	6.640054526285006	6.640054545327532
6	ED	2	exact	SzSz r=1	-0.06109184737779984	7.649852973301563e-13	6.640054545327532	6.640054545327532
6	ED	2	UHF	SzSz r=1	-0.06109184737779984	0.10949754719432618	0.3076215339841695	6.640054545327532
6	ED	2	UHFsym	SzSz r=1	-0.06109184737779984	0.01150956828535743	4.757287975030232	6.640054545327532
6	ED	2	chi2	hop up r=1	0.36370117700294696	0.36370117700294696	1.0	16.43553362739227
6	ED	2	chi4	hop up r=1	0.36370117700294696	0.11835735018200061	6.444260801129531	16.43553362739227
6	ED	2	chi8	hop up r=1	0.36370117700294696	0.0021469240341233653	16.463747041675703	16.43553362739227
6	ED	2	chi16	hop up r=1	0.36370117700294696	-5.340796987918228e-5	16.43460205174701	16.43553362739227
6	ED	2	chi32	hop up r=1	0.36370117700294696	2.8270191188006777e-9	16.435533676072343	16.43553362739227
6	ED	2	exact	hop up r=1	0.36370117700294696	1.941219407441963e-11	16.43553362739227	16.43553362739227
6	ED	2	UHF	hop up r=1	0.36370117700294696	-0.07104349430239043	9.791563130928175	16.43553362739227
6	ED	2	UHFsym	hop up r=1	0.36370117700294696	-0.07104349430239071	9.791563130928145	16.43553362739227
6	DMRG	2	chi2	n	1.0000000000000029	2.6645352591003757e-15	1.000000000000031	1.0000000000000144
6	DMRG	2	chi4	n	1.0000000000000029	-3.9968028886505635e-15	1.0000000000000249	1.0000000000000144
6	DMRG	2	chi8	n	1.0000000000000029	2.220446049250313e-16	1.0000000000000144	1.0000000000000144
6	DMRG	2	chi16	n	1.0000000000000029	-2.220446049250313e-16	1.0000000000000133	1.0000000000000144
6	DMRG	2	chi32	n	1.0000000000000029	2.220446049250313e-16	1.0000000000000135	1.0000000000000144
6	DMRG	2	exact	n	1.0000000000000029	0.0	1.0000000000000144	1.0000000000000144
6	DMRG	2	UHF	n	1.0000000000000029	1.9984014443252818e-15	0.017910192500147623	1.0000000000000144
6	DMRG	2	UHFsym	n	1.0000000000000029	1.9984014443252818e-15	1.0000000000000007	1.0000000000000144
6	DMRG	2	chi2	Sz	-1.0730999422392529e-14	1.2458784004465429e-14	1.0000000000000178	1.0000000000000062
6	DMRG	2	chi4	Sz	-1.0730999422392529e-14	9.10035935497433e-15	1.0000000000000115	1.0000000000000062
6	DMRG	2	chi8	Sz	-1.0730999422392529e-14	1.700029006457271e-16	1.0000000000000064	1.0000000000000062
6	DMRG	2	chi16	Sz	-1.0730999422392529e-14	-7.251144129583054e-16	1.0000000000000056	1.0000000000000062
6	DMRG	2	chi32	Sz	-1.0730999422392529e-14	-4.996003610813204e-16	1.000000000000006	1.0000000000000062
6	DMRG	2	exact	Sz	-1.0730999422392529e-14	0.0	1.0000000000000062	1.0000000000000062
6	DMRG	2	UHF	Sz	-1.0730999422392529e-14	-0.38122490568817113	0.030820676898637808	1.0000000000000062
6	DMRG	2	UHFsym	Sz	-1.0730999422392529e-14	-1.0728831018047558e-14	0.999999999999999	1.0000000000000062
6	DMRG	2	chi2	DoubleOcc	0.09866982160421633	0.09866982160421633	2.1834517675503315	27.65268220831045
6	DMRG	2	chi4	DoubleOcc	0.09866982160421633	0.008856364236602687	24.90134561357942	27.65268220831045
6	DMRG	2	chi8	DoubleOcc	0.09866982160421633	0.00031935523469892035	27.631287787639277	27.65268220831045
6	DMRG	2	chi16	DoubleOcc	0.09866982160421633	1.5426773110865932e-5	27.651800607022956	27.65268220831045
6	DMRG	2	chi32	DoubleOcc	0.09866982160421633	1.1527530818788989e-8	27.652681555305488	27.65268220831045
6	DMRG	2	exact	DoubleOcc	0.09866982160421633	0.0	27.65268220831045	27.65268220831045
6	DMRG	2	UHF	DoubleOcc	0.09866982160421633	-0.005997749678837316	1.0569199144244559	27.65268220831045
6	DMRG	2	UHFsym	DoubleOcc	0.09866982160421633	-0.005997749678837372	26.845519649269992	27.65268220831045
6	DMRG	2	chi2	ZZ onsite	-0.6053207135831404	0.3946792864168598	2.224273376283061	50.09695821342819
6	DMRG	2	chi4	ZZ onsite	-0.6053207135831404	0.03542545694641763	41.55473833574938	50.09695821342819
6	DMRG	2	chi8	ZZ onsite	-0.6053207135831404	0.0012774209387956814	50.022140320434694	50.09695821342819
6	DMRG	2	chi16	ZZ onsite	-0.6053207135831404	6.170709244390782e-5	50.09384861323162	50.09695821342819
6	DMRG	2	chi32	ZZ onsite	-0.6053207135831404	4.611012305311135e-8	50.09695590898075	50.09695821342819
6	DMRG	2	exact	ZZ onsite	-0.6053207135831404	0.0	50.09695821342819	50.09695821342819
6	DMRG	2	UHF	ZZ onsite	-0.6053207135831404	-0.02399099871535304	47.52412203347626	50.09695821342819
6	DMRG	2	UHFsym	ZZ onsite	-0.6053207135831404	-0.02399099871535304	47.52412203347626	50.09695821342819
6	DMRG	2	chi2	ZZ up-up r=1	-0.30283397625945924	-0.30283397625945924	1.0	9.772822107872198
6	DMRG	2	chi4	ZZ up-up r=1	-0.30283397625945924	-0.2661472574724095	1.2641458331775588	9.772822107872198
6	DMRG	2	chi8	ZZ up-up r=1	-0.30283397625945924	-0.004039271696739677	9.812378321112993	9.772822107872198
6	DMRG	2	chi16	ZZ up-up r=1	-0.30283397625945924	3.938034070716245e-5	9.772280614352056	9.772822107872198
6	DMRG	2	chi32	ZZ up-up r=1	-0.30283397625945924	1.512735103847973e-9	9.772822087128795	9.772822107872198
6	DMRG	2	exact	ZZ up-up r=1	-0.30283397625945924	0.0	9.772822107872198	9.772822107872198
6	DMRG	2	UHF	ZZ up-up r=1	-0.30283397625945924	0.4740250666432391	0.4038190883954273	9.772822107872198
6	DMRG	2	UHFsym	ZZ up-up r=1	-0.30283397625945924	0.08207315100736262	5.457437023670556	9.772822107872198
6	DMRG	2	chi2	SzSz r=1	-0.06109184737856482	-0.06109184737856482	1.0	6.640054545327532
6	DMRG	2	chi4	SzSz r=1	-0.06109184737856482	-0.061091847378564816	1.0076977457223526	6.640054545327532
6	DMRG	2	chi8	SzSz r=1	-0.06109184737856482	-9.349375979265245e-5	6.662273291820571	6.640054545327532
6	DMRG	2	chi16	SzSz r=1	-0.06109184737856482	2.031336729241273e-6	6.639833405180497	6.640054545327532
6	DMRG	2	chi32	SzSz r=1	-0.06109184737856482	3.02492385306774e-10	6.640054526285006	6.640054545327532
6	DMRG	2	exact	SzSz r=1	-0.06109184737856482	0.0	6.640054545327532	6.640054545327532
6	DMRG	2	UHF	SzSz r=1	-0.06109184737856482	0.1094975471935612	0.3076215339841695	6.640054545327532
6	DMRG	2	UHFsym	SzSz r=1	-0.06109184737856482	0.011509568284592445	4.757287975030232	6.640054545327532
6	DMRG	2	chi2	hop up r=1	0.36370117698353477	0.36370117698353477	1.0	16.43553362739227
6	DMRG	2	chi4	hop up r=1	0.36370117698353477	0.11835735016258842	6.444260801129531	16.43553362739227
6	DMRG	2	chi8	hop up r=1	0.36370117698353477	0.0021469240147111712	16.463747041675703	16.43553362739227
6	DMRG	2	chi16	hop up r=1	0.36370117698353477	-5.3407989291376357e-5	16.43460205174701	16.43553362739227
6	DMRG	2	chi32	hop up r=1	0.36370117698353477	2.807606924726258e-9	16.435533676072343	16.43553362739227
6	DMRG	2	exact	hop up r=1	0.36370117698353477	0.0	16.43553362739227	16.43553362739227
6	DMRG	2	UHF	hop up r=1	0.36370117698353477	-0.07104349432180262	9.791563130928175	16.43553362739227
6	DMRG	2	UHFsym	hop up r=1	0.36370117698353477	-0.0710434943218029	9.791563130928145	16.43553362739227
6	ED	3	chi2	n	1.0	0.0	0.9999999999999867	1.000000000000002
6	ED	3	chi4	n	1.0	3.4416913763379853e-15	0.9999999999999911	1.000000000000002
6	ED	3	chi8	n	1.0	2.7755575615628914e-15	1.0000000000000027	1.000000000000002
6	ED	3	chi16	n	1.0	2.886579864025407e-15	1.0000000000000036	1.000000000000002
6	ED	3	chi32	n	1.0	3.3306690738754696e-15	1.0000000000000033	1.000000000000002
6	ED	3	exact	n	1.0	2.55351295663786e-15	1.000000000000002	1.000000000000002
6	ED	3	UHF	n	1.0	5.551115123125783e-16	0.01639440278406534	1.000000000000002
6	ED	3	UHFsym	n	1.0	6.661338147750939e-16	1.0000000000000013	1.000000000000002
6	ED	3	chi2	Sz	9.159339953157541e-16	-7.882583474838613e-15	1.000000000000016	1.0
6	ED	3	chi4	Sz	9.159339953157541e-16	-6.328271240363392e-15	1.0000000000000135	1.0
6	ED	3	chi8	Sz	9.159339953157541e-16	1.5126788710517758e-15	0.9999999999999989	1.0
6	ED	3	chi16	Sz	9.159339953157541e-16	1.970645868709653e-15	0.9999999999999984	1.0
6	ED	3	chi32	Sz	9.159339953157541e-16	1.790234627208065e-15	0.9999999999999986	1.0
6	ED	3	exact	Sz	9.159339953157541e-16	1.0894063429134349e-15	1.0	1.0
6	ED	3	UHF	Sz	9.159339953157541e-16	0.38550479317002917	0.030895843214236354	1.0
6	ED	3	UHFsym	Sz	9.159339953157541e-16	9.08995101411847e-16	1.0000000000000002	1.0
6	ED	3	chi2	DoubleOcc	0.0981287752125915	0.09812877521259153	2.4136766581512257	31.93843494324264
6	ED	3	chi4	DoubleOcc	0.0981287752125915	0.01353989258752994	26.987383092931488	31.93843494324264
6	ED	3	chi8	DoubleOcc	0.0981287752125915	-0.0002507564444781951	31.901922215813734	31.93843494324264
6	ED	3	chi16	DoubleOcc	0.0981287752125915	2.812070319224702e-5	31.942205753859607	31.93843494324264
6	ED	3	chi32	DoubleOcc	0.0981287752125915	3.227626527158023e-9	31.93843537944619	31.93843494324264
6	ED	3	exact	DoubleOcc	0.0981287752125915	2.6398883079536972e-12	31.93843494324264	31.93843494324264
6	ED	3	UHF	DoubleOcc	0.0981287752125915	-0.0032572792303419695	1.1785966809995456	31.93843494324264
6	ED	3	UHFsym	DoubleOcc	0.0981287752125915	-0.0032572792303417752	31.076670511800767	31.93843494324264
6	ED	3	chi2	ZZ onsite	-0.6074848991496339	0.3925151008503661	2.3864439951767706	54.62850001192629
6	ED	3	chi4	ZZ onsite	-0.6074848991496339	0.05415957035011176	39.562967029916976	54.62850001192629
6	ED	3	chi8	ZZ onsite	-0.6074848991496339	-0.0010030257779176655	54.578399887956245	54.62850001192629
6	ED	3	chi16	ZZ onsite	-0.6074848991496339	0.00011248281276343697	54.633136561000754	54.62850001192629
6	ED	3	chi32	ZZ onsite	-0.6074848991496339	1.2910500113427759e-8	54.628500555035075	54.62850001192629
6	ED	3	exact	ZZ onsite	-0.6074848991496339	1.0554224161296588e-11	54.62850001192629	54.62850001192629
6	ED	3	UHF	ZZ onsite	-0.6074848991496339	-0.013029116921368877	52.80691270435307	54.62850001192629
6	ED	3	UHFsym	ZZ onsite	-0.6074848991496339	-0.013029116921368322	52.80691270435317	54.62850001192629
6	ED	3	chi2	ZZ up-up r=1	-0.7308862699617787	0.26911373003822125	6.798349279667953	93.59883423975778
6	ED	3	chi4	ZZ up-up r=1	-0.7308862699617787	0.1258806072926214	24.422118199171297	93.59883423975778
6	ED	3	chi8	ZZ up-up r=1	-0.7308862699617787	-0.009719278775434326	92.59869474846849	93.59883423975778
6	ED	3	chi16	ZZ up-up r=1	-0.7308862699617787	-0.0021659010936501133	93.64021979962995	93.59883423975778
6	ED	3	chi32	ZZ up-up r=1	-0.7308862699617787	-1.6182993549662683e-6	93.59892222896657	93.59883423975778
6	ED	3	exact	ZZ up-up r=1	-0.7308862699617787	-1.1570122637749591e-10	93.59883423975778	93.59883423975778
6	ED	3	UHF	ZZ up-up r=1	-0.7308862699617787	0.056961544585926394	58.56813683911698	93.59883423975778
6	ED	3	UHFsym	ZZ up-up r=1	-0.7308862699617787	-0.33939068716831733	4.4867827175471575	93.59883423975778
6	ED	3	chi2	SzSz r=1	-0.15406481779285844	0.09593518220714156	2.3800955923592477	54.46727117352985
6	ED	3	chi4	SzSz r=1	-0.15406481779285844	0.043251160939091454	9.45956222702857	54.46727117352985
6	ED	3	chi8	SzSz r=1	-0.15406481779285844	-0.0021417253080155685	54.154556554163605	54.46727117352985
6	ED	3	chi16	SzSz r=1	-0.15406481779285844	-0.00032941825436308414	54.558574152712204	54.46727117352985
6	ED	3	chi32	SzSz r=1	-0.15406481779285844	-1.0354672849710589e-7	54.46737401001541	54.46727117352985
6	ED	3	exact	SzSz r=1	-0.15406481779285844	-2.0167173486740353e-11	54.46727117352985	54.46727117352985
6	ED	3	UHF	SzSz r=1	-0.15406481779285844	0.018723131804137816	29.612839318287843	54.46727117352985
6	ED	3	UHFsym	SzSz r=1	-0.15406481779285844	-0.08036492613442346	3.5345606607555142	54.46727117352985
6	ED	3	chi2	hop up r=1	0.6029997728710602	0.6029997728710602	1.0	56.91517950960305
6	ED	3	chi4	hop up r=1	0.6029997728710602	-0.05642580071526726	40.409228346299514	56.91517950960305
6	ED	3	chi8	hop up r=1	0.6029997728710602	0.00547635917272149	56.254320824254364	56.91517950960305
6	ED	3	chi16	hop up r=1	0.6029997728710602	0.0008667120623530034	56.843921566577656	56.91517950960305
6	ED	3	chi32	hop up r=1	0.6029997728710602	4.7072110864743166e-7	56.91514428069321	56.91517950960305
6	ED	3	exact	hop up r=1	0.6029997728710602	3.145905758117351e-11	56.91517950960305	56.91517950960305
6	ED	3	UHF	hop up r=1	0.6029997728710602	0.16323616328126916	10.83246650906483	56.91517950960305
6	ED	3	UHFsym	hop up r=1	0.6029997728710602	0.16323616328126822	10.832466509064934	56.91517950960305
6	DMRG	3	chi2	n	0.9999999999999974	-2.55351295663786e-15	0.9999999999999867	1.000000000000002
6	DMRG	3	chi4	n	0.9999999999999974	8.881784197001252e-16	0.9999999999999911	1.000000000000002
6	DMRG	3	chi8	n	0.9999999999999974	2.220446049250313e-16	1.0000000000000027	1.000000000000002
6	DMRG	3	chi16	n	0.9999999999999974	3.3306690738754696e-16	1.0000000000000036	1.000000000000002
6	DMRG	3	chi32	n	0.9999999999999974	7.771561172376096e-16	1.0000000000000033	1.000000000000002
6	DMRG	3	exact	n	0.9999999999999974	0.0	1.000000000000002	1.000000000000002
6	DMRG	3	UHF	n	0.9999999999999974	-1.9984014443252818e-15	0.01639440278406534	1.000000000000002
6	DMRG	3	UHFsym	n	0.9999999999999974	-1.887379141862766e-15	1.0000000000000013	1.000000000000002
6	DMRG	3	chi2	Sz	-1.734723475976807e-16	-8.971989817752048e-15	1.000000000000016	1.0
6	DMRG	3	chi4	Sz	-1.734723475976807e-16	-7.417677583276827e-15	1.0000000000000135	1.0
6	DMRG	3	chi8	Sz	-1.734723475976807e-16	4.2327252813834093e-16	0.9999999999999989	1.0
6	DMRG	3	chi16	Sz	-1.734723475976807e-16	8.81239525796218e-16	0.9999999999999984	1.0
6	DMRG	3	chi32	Sz	-1.734723475976807e-16	7.008282842946301e-16	0.9999999999999986	1.0
6	DMRG	3	exact	Sz	-1.734723475976807e-16	0.0	1.0	1.0
6	DMRG	3	UHF	Sz	-1.734723475976807e-16	0.38550479317002806	0.030895843214236354	1.0
6	DMRG	3	UHFsym	Sz	-1.734723475976807e-16	-1.8041124150158794e-16	1.0000000000000002	1.0
6	DMRG	3	chi2	DoubleOcc	0.09812877520995161	0.09812877520995164	2.4136766581512257	31.93843494324264
6	DMRG	3	chi4	DoubleOcc	0.09812877520995161	0.013539892584890051	26.987383092931488	31.93843494324264
6	DMRG	3	chi8	DoubleOcc	0.09812877520995161	-0.0002507564471180834	31.901922215813734	31.93843494324264
6	DMRG	3	chi16	DoubleOcc	0.09812877520995161	2.8120700552358713e-5	31.942205753859607	31.93843494324264
6	DMRG	3	chi32	DoubleOcc	0.09812877520995161	3.224986638850069e-9	31.93843537944619	31.93843494324264
6	DMRG	3	exact	DoubleOcc	0.09812877520995161	0.0	31.93843494324264	31.93843494324264
6	DMRG	3	UHF	DoubleOcc	0.09812877520995161	-0.003257279232981858	1.1785966809995456	31.93843494324264
6	DMRG	3	UHFsym	DoubleOcc	0.09812877520995161	-0.0032572792329816636	31.076670511800767	31.93843494324264
6	DMRG	3	chi2	ZZ onsite	-0.6074848991601881	0.3925151008398119	2.3864439951767706	54.62850001192629
6	DMRG	3	chi4	ZZ onsite	-0.6074848991601881	0.05415957033955754	39.562967029916976	54.62850001192629
6	DMRG	3	chi8	ZZ onsite	-0.6074848991601881	-0.0010030257884718896	54.578399887956245	54.62850001192629
6	DMRG	3	chi16	ZZ onsite	-0.6074848991601881	0.0001124828022092128	54.633136561000754	54.62850001192629
6	DMRG	3	chi32	ZZ onsite	-0.6074848991601881	1.2899945889266462e-8	54.628500555035075	54.62850001192629
6	DMRG	3	exact	ZZ onsite	-0.6074848991601881	0.0	54.62850001192629	54.62850001192629
6	DMRG	3	UHF	ZZ onsite	-0.6074848991601881	-0.013029116931923101	52.80691270435307	54.62850001192629
6	DMRG	3	UHFsym	ZZ onsite	-0.6074848991601881	-0.013029116931922546	52.80691270435317	54.62850001192629
6	DMRG	3	chi2	ZZ up-up r=1	-0.7308862698460775	0.2691137301539225	6.798349279667953	93.59883423975778
6	DMRG	3	chi4	ZZ up-up r=1	-0.7308862698460775	0.12588060740832263	24.422118199171297	93.59883423975778
6	DMRG	3	chi8	ZZ up-up r=1	-0.7308862698460775	-0.0097192786597331	92.59869474846849	93.59883423975778
6	DMRG	3	chi16	ZZ up-up r=1	-0.7308862698460775	-0.002165900977948887	93.64021979962995	93.59883423975778
6	DMRG	3	chi32	ZZ up-up r=1	-0.7308862698460775	-1.6181836537398908e-6	93.59892222896657	93.59883423975778
6	DMRG	3	exact	ZZ up-up r=1	-0.7308862698460775	0.0	93.59883423975778	93.59883423975778
6	DMRG	3	UHF	ZZ up-up r=1	-0.7308862698460775	0.05696154470162762	58.56813683911698	93.59883423975778
6	DMRG	3	UHFsym	ZZ up-up r=1	-0.7308862698460775	-0.3393906870526161	4.4867827175471575	93.59883423975778
6	DMRG	3	chi2	SzSz r=1	-0.15406481777269126	0.09593518222730874	2.3800955923592477	54.46727117352985
6	DMRG	3	chi4	SzSz r=1	-0.15406481777269126	0.04325116095925863	9.45956222702857	54.46727117352985
6	DMRG	3	chi8	SzSz r=1	-0.15406481777269126	-0.002141725287848395	54.154556554163605	54.46727117352985
6	DMRG	3	chi16	SzSz r=1	-0.15406481777269126	-0.00032941823419591065	54.558574152712204	54.46727117352985
6	DMRG	3	chi32	SzSz r=1	-0.15406481777269126	-1.0352656132361915e-7	54.46737401001541	54.46727117352985
6	DMRG	3	exact	SzSz r=1	-0.15406481777269126	0.0	54.46727117352985	54.46727117352985
6	DMRG	3	UHF	SzSz r=1	-0.15406481777269126	0.01872313182430499	29.612839318287843	54.46727117352985
6	DMRG	3	UHFsym	SzSz r=1	-0.15406481777269126	-0.08036492611425629	3.5345606607555142	54.46727117352985
6	DMRG	3	chi2	hop up r=1	0.6029997728396012	0.6029997728396012	1.0	56.91517950960305
6	DMRG	3	chi4	hop up r=1	0.6029997728396012	-0.05642580074672632	40.409228346299514	56.91517950960305
6	DMRG	3	chi8	hop up r=1	0.6029997728396012	0.005476359141262432	56.254320824254364	56.91517950960305
6	DMRG	3	chi16	hop up r=1	0.6029997728396012	0.0008667120308939458	56.843921566577656	56.91517950960305
6	DMRG	3	chi32	hop up r=1	0.6029997728396012	4.706896495898505e-7	56.91514428069321	56.91517950960305
6	DMRG	3	exact	hop up r=1	0.6029997728396012	0.0	56.91517950960305	56.91517950960305
6	DMRG	3	UHF	hop up r=1	0.6029997728396012	0.1632361632498101	10.83246650906483	56.91517950960305
6	DMRG	3	UHFsym	hop up r=1	0.6029997728396012	0.16323616324980916	10.832466509064934	56.91517950960305
6	ED	4	chi2	n	1.0000000000000002	1.1102230246251565e-15	1.000000000000019	1.0000000000000284
6	ED	4	chi4	n	1.0000000000000002	-1.3322676295501878e-15	1.0000000000000215	1.0000000000000284
6	ED	4	chi8	n	1.0000000000000002	2.6645352591003757e-15	1.000000000000028	1.0000000000000284
6	ED	4	chi16	n	1.0000000000000002	1.4432899320127035e-15	1.0000000000000262	1.0000000000000284
6	ED	4	chi32	n	1.0000000000000002	1.6653345369377348e-15	1.0000000000000275	1.0000000000000284
6	ED	4	exact	n	1.0000000000000002	-2.220446049250313e-16	1.0000000000000284	1.0000000000000284
6	ED	4	UHF	n	1.0000000000000002	1.5543122344752192e-15	0.022562489236819312	1.0000000000000284
6	ED	4	UHFsym	n	1.0000000000000002	1.5543122344752192e-15	1.0000000000000013	1.0000000000000284
6	ED	4	chi2	Sz	-1.0512424264419451e-15	7.74727504371242e-15	0.9999999999999912	0.9999999999999872
6	ED	4	chi4	Sz	-1.0512424264419451e-15	8.72565908416334e-15	0.9999999999999905	0.9999999999999872
6	ED	4	chi8	Sz	-1.0512424264419451e-15	1.1945305855576294e-14	0.9999999999999877	0.9999999999999872
6	ED	4	chi16	Sz	-1.0512424264419451e-15	1.1313866510320736e-14	0.999999999999988	0.9999999999999872
6	ED	4	chi32	Sz	-1.0512424264419451e-15	1.1705914015891494e-14	0.9999999999999875	0.9999999999999872
6	ED	4	exact	Sz	-1.0512424264419451e-15	1.211530875622202e-14	0.9999999999999872	0.9999999999999872
6	ED	4	UHF	Sz	-1.0512424264419451e-15	-0.38550479317002834	0.03346685621334942	0.9999999999999872
6	ED	4	UHFsym	Sz	-1.0512424264419451e-15	-1.049074022096974e-15	1.0000000000000007	0.9999999999999872
6	ED	4	chi2	DoubleOcc	0.09812877521259161	0.09812877521259161	2.3123156934152553	30.286878393138117
6	ED	4	chi4	DoubleOcc	0.09812877521259161	0.007789853451854151	28.291684789660163	30.286878393138117
6	ED	4	chi8	DoubleOcc	0.09812877521259161	-0.0007286820700166119	30.248995079015682	30.286878393138117
6	ED	4	chi16	DoubleOcc	0.09812877521259161	3.098876947321694e-5	30.28758991075844	30.286878393138117
6	ED	4	chi32	DoubleOcc	0.09812877521259161	3.22679299946671e-9	30.286878470996662	30.286878393138117
6	ED	4	exact	DoubleOcc	0.09812877521259161	2.3890056599640275e-12	30.286878393138117	30.286878393138117
6	ED	4	UHF	DoubleOcc	0.09812877521259161	-0.0032572792303421916	1.4018812437223072	30.286878393138117
6	ED	4	UHFsym	DoubleOcc	0.09812877521259161	-0.003257279230342247	29.80953156569306	30.286878393138117
6	ED	4	chi2	ZZ onsite	-0.6074848991496338	0.39251510085036534	2.34060765653643	52.20026885591822
6	ED	4	chi4	ZZ onsite	-0.6074848991496338	0.031159413807417713	46.15473858063375	52.20026885591822
6	ED	4	chi8	ZZ onsite	-0.6074848991496338	-0.0029147282800704444	52.121665131363415	52.20026885591822
6	ED	4	chi16	ZZ onsite	-0.6074848991496338	0.00012395507789075833	52.20089250132333	52.20026885591822
6	ED	4	chi32	ZZ onsite	-0.6074848991496338	1.2907169444353883e-8	52.20026893236978	52.20026885591822
6	ED	4	exact	ZZ onsite	-0.6074848991496338	9.55557855064626e-12	52.20026885591822	52.20026885591822
6	ED	4	UHF	ZZ onsite	-0.6074848991496338	-0.013029116921371653	50.9270919896501	52.20026885591822
6	ED	4	UHFsym	ZZ onsite	-0.6074848991496338	-0.013029116921371875	50.927091989650044	52.20026885591822
6	ED	4	chi2	ZZ up-up r=1	-0.30283397626818875	-0.027253031105772207	10.261556807480298	10.66226056200505
6	ED	4	chi4	ZZ up-up r=1	-0.30283397626818875	-0.26513827014219016	1.276252188530208	10.66226056200505
6	ED	4	chi8	ZZ up-up r=1	-0.30283397626818875	-0.001710511104172252	10.687701343242725	10.66226056200505
6	ED	4	chi16	ZZ up-up r=1	-0.30283397626818875	-2.184593490256459e-5	10.662628214504643	10.66226056200505
6	ED	4	chi32	ZZ up-up r=1	-0.30283397626818875	1.4988959518014155e-9	10.662260536495968	10.66226056200505
6	ED	4	exact	ZZ up-up r=1	-0.30283397626818875	-1.4590106900413957e-11	10.66226056200505	10.66226056200505
6	ED	4	UHF	ZZ up-up r=1	-0.30283397626818875	0.47402506663450505	0.40089320916640564	10.66226056200505
6	ED	4	UHFsym	ZZ up-up r=1	-0.30283397626818875	0.08207315099863283	5.6877687054281765	10.66226056200505
6	ED	4	chi2	SzSz r=1	-0.06109184737779987	0.007803388912804264	6.095708856198651	7.542737409434903
6	ED	4	chi4	SzSz r=1	-0.06109184737779987	-0.061091847377799866	1.0066139255526192	7.542737409434903
6	ED	4	chi8	SzSz r=1	-0.06109184737779987	-0.0001321295270049136	7.5562432603922804	7.542737409434903
6	ED	4	chi16	SzSz r=1	-0.06109184737779987	3.2132102109269645e-6	7.542781884681542	7.542737409434903
6	ED	4	chi32	SzSz r=1	-0.06109184737779987	3.0160218073005396e-10	7.542737388364781	7.542737409434903
6	ED	4	exact	SzSz r=1	-0.06109184737779987	-8.359701819671272e-13	7.542737409434903	7.542737409434903
6	ED	4	UHF	SzSz r=1	-0.06109184737779987	0.10949754719432564	0.30857515822741105	7.542737409434903
6	ED	4	UHFsym	SzSz r=1	-0.06109184737779987	0.01150956828535727	5.312808683642628	7.542737409434903
6	ED	4	chi2	hop up r=1	0.3637011770029472	0.3637011770029472	1.0	15.35393601657208
6	ED	4	chi4	hop up r=1	0.3637011770029472	0.11516575806579069	6.273517407569805	15.35393601657208
6	ED	4	chi8	hop up r=1	0.3637011770029472	0.0024048500848655174	15.340491855873111	15.35393601657208
6	ED	4	chi16	hop up r=1	0.3637011770029472	3.227373618924778e-5	15.353882674236237	15.35393601657208
6	ED	4	chi32	hop up r=1	0.3637011770029472	2.821524180962598e-9	15.353936012081705	15.35393601657208
6	ED	4	exact	hop up r=1	0.3637011770029472	1.3617773575447245e-11	15.35393601657208	15.35393601657208
6	ED	4	UHF	hop up r=1	0.3637011770029472	-0.07104349430239015	9.97760842664527	15.35393601657208
6	ED	4	UHFsym	hop up r=1	0.3637011770029472	-0.07104349430239099	9.977608426645189	15.35393601657208
6	DMRG	4	chi2	n	1.0000000000000004	1.3322676295501878e-15	1.000000000000019	1.0000000000000284
6	DMRG	4	chi4	n	1.0000000000000004	-1.1102230246251565e-15	1.0000000000000215	1.0000000000000284
6	DMRG	4	chi8	n	1.0000000000000004	2.886579864025407e-15	1.000000000000028	1.0000000000000284
6	DMRG	4	chi16	n	1.0000000000000004	1.6653345369377348e-15	1.0000000000000262	1.0000000000000284
6	DMRG	4	chi32	n	1.0000000000000004	1.887379141862766e-15	1.0000000000000275	1.0000000000000284
6	DMRG	4	exact	n	1.0000000000000004	0.0	1.0000000000000284	1.0000000000000284
6	DMRG	4	UHF	n	1.0000000000000004	1.7763568394002505e-15	0.022562489236819312	1.0000000000000284
6	DMRG	4	UHFsym	n	1.0000000000000004	1.7763568394002505e-15	1.0000000000000013	1.0000000000000284
6	DMRG	4	chi2	Sz	-1.3166551182663966e-14	-4.3680337125096e-15	0.9999999999999912	0.9999999999999872
6	DMRG	4	chi4	Sz	-1.3166551182663966e-14	-3.389649672058681e-15	0.9999999999999905	0.9999999999999872
6	DMRG	4	chi8	Sz	-1.3166551182663966e-14	-1.700029006457271e-16	0.9999999999999877	0.9999999999999872
6	DMRG	4	chi16	Sz	-1.3166551182663966e-14	-8.014422459012849e-16	0.999999999999988	0.9999999999999872
6	DMRG	4	chi32	Sz	-1.3166551182663966e-14	-4.0939474033052647e-16	0.9999999999999875	0.9999999999999872
6	DMRG	4	exact	Sz	-1.3166551182663966e-14	0.0	0.9999999999999872	0.9999999999999872
6	DMRG	4	UHF	Sz	-1.3166551182663966e-14	-0.38550479317004044	0.03346685621334942	0.9999999999999872
6	DMRG	4	UHFsym	Sz	-1.3166551182663966e-14	-1.3164382778318995e-14	1.0000000000000007	0.9999999999999872
6	DMRG	4	chi2	DoubleOcc	0.0981287752102026	0.0981287752102026	2.3123156934152553	30.286878393138117
6	DMRG	4	chi4	DoubleOcc	0.0981287752102026	0.007789853449465145	28.291684789660163	30.286878393138117
6	DMRG	4	chi8	DoubleOcc	0.0981287752102026	-0.0007286820724056176	30.248995079015682	30.286878393138117
6	DMRG	4	chi16	DoubleOcc	0.0981287752102026	3.098876708421128e-5	30.28758991075844	30.286878393138117
6	DMRG	4	chi32	DoubleOcc	0.0981287752102026	3.224403993806746e-9	30.286878470996662	30.286878393138117
6	DMRG	4	exact	DoubleOcc	0.0981287752102026	0.0	30.286878393138117	30.286878393138117
6	DMRG	4	UHF	DoubleOcc	0.0981287752102026	-0.0032572792327311972	1.4018812437223072	30.286878393138117
6	DMRG	4	UHFsym	DoubleOcc	0.0981287752102026	-0.0032572792327312527	29.80953156569306	30.286878393138117
6	DMRG	4	chi2	ZZ onsite	-0.6074848991591894	0.39251510084080976	2.34060765653643	52.20026885591822
6	DMRG	4	chi4	ZZ onsite	-0.6074848991591894	0.031159413797862134	46.15473858063375	52.20026885591822
6	DMRG	4	chi8	ZZ onsite	-0.6074848991591894	-0.002914728289626023	52.121665131363415	52.20026885591822
6	DMRG	4	chi16	ZZ onsite	-0.6074848991591894	0.00012395506833517977	52.20089250132333	52.20026885591822
6	DMRG	4	chi32	ZZ onsite	-0.6074848991591894	1.2897613865803237e-8	52.20026893236978	52.20026885591822
6	DMRG	4	exact	ZZ onsite	-0.6074848991591894	0.0	52.20026885591822	52.20026885591822
6	DMRG	4	UHF	ZZ onsite	-0.6074848991591894	-0.013029116930927231	50.9270919896501	52.20026885591822
6	DMRG	4	UHFsym	ZZ onsite	-0.6074848991591894	-0.013029116930927453	50.927091989650044	52.20026885591822
6	DMRG	4	chi2	ZZ up-up r=1	-0.30283397625359865	-0.0272530310911821	10.261556807480298	10.66226056200505
6	DMRG	4	chi4	ZZ up-up r=1	-0.30283397625359865	-0.26513827012760005	1.276252188530208	10.66226056200505
6	DMRG	4	chi8	ZZ up-up r=1	-0.30283397625359865	-0.0017105110895821451	10.687701343242725	10.66226056200505
6	DMRG	4	chi16	ZZ up-up r=1	-0.30283397625359865	-2.184592031245769e-5	10.662628214504643	10.66226056200505
6	DMRG	4	chi32	ZZ up-up r=1	-0.30283397625359865	1.5134860587018295e-9	10.662260536495968	10.66226056200505
6	DMRG	4	exact	ZZ up-up r=1	-0.30283397625359865	0.0	10.66226056200505	10.66226056200505
6	DMRG	4	UHF	ZZ up-up r=1	-0.30283397625359865	0.47402506664909516	0.40089320916640564	10.66226056200505
6	DMRG	4	UHFsym	ZZ up-up r=1	-0.30283397625359865	0.08207315101322293	5.6877687054281765	10.66226056200505
6	DMRG	4	chi2	SzSz r=1	-0.0610918473769639	0.007803388913640234	6.095708856198651	7.542737409434903
6	DMRG	4	chi4	SzSz r=1	-0.0610918473769639	-0.061091847376963895	1.0066139255526192	7.542737409434903
6	DMRG	4	chi8	SzSz r=1	-0.0610918473769639	-0.0001321295261689434	7.5562432603922804	7.542737409434903
6	DMRG	4	chi16	SzSz r=1	-0.0610918473769639	3.2132110468971464e-6	7.542781884681542	7.542737409434903
6	DMRG	4	chi32	SzSz r=1	-0.0610918473769639	3.024381509120211e-10	7.542737388364781	7.542737409434903
6	DMRG	4	exact	SzSz r=1	-0.0610918473769639	0.0	7.542737409434903	7.542737409434903
6	DMRG	4	UHF	SzSz r=1	-0.0610918473769639	0.10949754719516161	0.30857515822741105	7.542737409434903
6	DMRG	4	UHFsym	SzSz r=1	-0.0610918473769639	0.01150956828619324	5.312808683642628	7.542737409434903
6	DMRG	4	chi2	hop up r=1	0.3637011769893294	0.3637011769893294	1.0	15.35393601657208
6	DMRG	4	chi4	hop up r=1	0.3637011769893294	0.11516575805217291	6.273517407569805	15.35393601657208
6	DMRG	4	chi8	hop up r=1	0.3637011769893294	0.002404850071247744	15.340491855873111	15.35393601657208
6	DMRG	4	chi16	hop up r=1	0.3637011769893294	3.2273722571474206e-5	15.353882674236237	15.35393601657208
6	DMRG	4	chi32	hop up r=1	0.3637011769893294	2.8079064073871507e-9	15.353936012081705	15.35393601657208
6	DMRG	4	exact	hop up r=1	0.3637011769893294	0.0	15.35393601657208	15.35393601657208
6	DMRG	4	UHF	hop up r=1	0.3637011769893294	-0.07104349431600793	9.97760842664527	15.35393601657208
6	DMRG	4	UHFsym	hop up r=1	0.3637011769893294	-0.07104349431600876	9.977608426645189	15.35393601657208
6	ED	5	chi2	n	1.0	1.1102230246251565e-15	1.0000000000000002	0.9999999999999999
6	ED	5	chi4	n	1.0	-8.881784197001252e-16	0.9999999999999977	0.9999999999999999
6	ED	5	chi8	n	1.0	9.992007221626409e-16	0.9999999999999992	0.9999999999999999
6	ED	5	chi16	n	1.0	6.661338147750939e-16	0.9999999999999998	0.9999999999999999
6	ED	5	chi32	n	1.0	1.5543122344752192e-15	0.9999999999999999	0.9999999999999999
6	ED	5	exact	n	1.0	-1.1102230246251565e-15	0.9999999999999999	0.9999999999999999
6	ED	5	UHF	n	1.0	0.0	0.017870047994713763	0.9999999999999999
6	ED	5	UHFsym	n	1.0	0.0	0.9999999999999996	0.9999999999999999
6	ED	5	chi2	Sz	1.033895191682177e-15	1.2281842209915755e-15	0.9999999999999999	1.0000000000000002
6	ED	5	chi4	Sz	1.033895191682177e-15	-7.91033905045424e-16	1.0000000000000029	1.0000000000000002
6	ED	5	chi8	Sz	1.033895191682177e-15	8.951173136040325e-16	1.0000000000000002	1.0000000000000002
6	ED	5	chi16	Sz	1.033895191682177e-15	1.061650767297806e-15	0.9999999999999999	1.0000000000000002
6	ED	5	chi32	Sz	1.033895191682177e-15	1.0755285551056204e-15	1.0	1.0000000000000002
6	ED	5	exact	Sz	1.033895191682177e-15	7.7021722333370235e-16	1.0000000000000002	1.0000000000000002
6	ED	5	UHF	Sz	1.033895191682177e-15	0.38122490568816103	0.026915107762491404	1.0000000000000002
6	ED	5	UHFsym	Sz	1.033895191682177e-15	1.0291247021232408e-15	1.0	1.0000000000000002
6	ED	5	chi2	DoubleOcc	0.09866982160011212	0.09866982160011212	2.1207060592629157	27.921013307461134
6	ED	5	chi4	DoubleOcc	0.09866982160011212	0.012651759412245	22.358036882304745	27.921013307461134
6	ED	5	chi8	DoubleOcc	0.09866982160011212	0.0003847790020957975	27.86860570324566	27.921013307461134
6	ED	5	chi16	DoubleOcc	0.09866982160011212	1.8831281734243976e-5	27.918675637253408	27.921013307461134
6	ED	5	chi32	DoubleOcc	0.09866982160011212	1.1521763737531998e-8	27.921011883636705	27.921013307461134
6	ED	5	exact	DoubleOcc	0.09866982160011212	-5.790562473961813e-12	27.921013307461134	27.921013307461134
6	ED	5	UHF	DoubleOcc	0.09866982160011212	-0.005997749682941478	1.0865168253831103	27.921013307461134
6	ED	5	UHFsym	DoubleOcc	0.09866982160011212	-0.005997749682941644	27.45949495782197	27.921013307461134
6	ED	5	chi2	ZZ onsite	-0.6053207135995515	0.39467928640044736	2.2198687173917424	50.86434903080235
6	ED	5	chi4	ZZ onsite	-0.6053207135995515	0.050607037648980224	36.109044780068736	50.86434903080235
6	ED	5	chi8	ZZ onsite	-0.6053207135995515	0.001539116008382413	50.76213938439329	50.86434903080235
6	ED	5	chi16	ZZ onsite	-0.6053207135995515	7.532512693630977e-5	50.860110495684516	50.86434903080235
6	ED	5	chi32	ZZ onsite	-0.6053207135995515	4.608705339581576e-8	50.86434646031816	50.86434903080235
6	ED	5	exact	ZZ onsite	-0.6053207135995515	-2.3161139672822628e-11	50.86434903080235	50.86434903080235
6	ED	5	UHF	ZZ onsite	-0.6053207135995515	-0.02399099873176569	48.300726661291485	50.86434903080235
6	ED	5	UHFsym	ZZ onsite	-0.6053207135995515	-0.023990998731766133	48.30072666129138	50.86434903080235
6	ED	5	chi2	ZZ up-up r=1	-0.8438679973683165	0.15613200263168237	24.08578604185091	177.2449071956673
6	ED	5	chi4	ZZ up-up r=1	-0.8438679973683165	0.08074059037968773	64.00716276988906	177.2449071956673
6	ED	5	chi8	ZZ up-up r=1	-0.8438679973683165	0.0028236331079658505	176.01985897587448	177.2449071956673
6	ED	5	chi16	ZZ up-up r=1	-0.8438679973683165	0.00012592536276956334	177.20493035369776	177.2449071956673
6	ED	5	chi32	ZZ up-up r=1	-0.8438679973683165	5.320981377732181e-8	177.244890603437	177.2449071956673
6	ED	5	exact	ZZ up-up r=1	-0.8438679973683165	2.413658162225829e-11	177.2449071956673	177.2449071956673
6	ED	5	UHF	ZZ up-up r=1	-0.8438679973683165	0.04205983582862127	116.9512155294044	177.2449071956673
6	ED	5	UHFsym	ZZ up-up r=1	-0.8438679973683165	-0.40305622779374434	4.340391191726493	177.2449071956673
6	ED	5	chi2	SzSz r=1	-0.17902281089515812	0.0709771891048416	5.70145420542932	106.23659420408084
6	ED	5	chi4	SzSz r=1	-0.17902281089515812	0.026598914583395084	29.836560195379587	106.23659420408084
6	ED	5	chi8	SzSz r=1	-0.17902281089515812	0.0006169820501880918	105.79537284554357	106.23659420408084
6	ED	5	chi16	SzSz r=1	-0.17902281089515812	2.4750352231400763e-5	106.22370708936528	106.23659420408084
6	ED	5	chi32	SzSz r=1	-0.17902281089515812	1.0613869283471189e-8	106.23658863588521	106.23659420408084
6	ED	5	exact	SzSz r=1	-0.17902281089515812	4.224287586396258e-12	106.23659420408084	106.23659420408084
6	ED	5	UHF	SzSz r=1	-0.17902281089515812	0.015167243528956181	58.36151566112361	106.23659420408084
6	ED	5	UHFsym	SzSz r=1	-0.17902281089515812	-0.09611177237663532	3.4479465625716155	106.23659420408084
6	ED	5	chi2	hop up r=1	0.6457325306712769	0.6457325306712769	1.0	63.808291887740076
6	ED	5	chi4	hop up r=1	0.6457325306712769	-0.03249449193024945	55.030793660436586	63.808291887740076
6	ED	5	chi8	hop up r=1	0.6457325306712769	-0.0013828153003823118	63.788746735757385	63.808291887740076
6	ED	5	chi16	hop up r=1	0.6457325306712769	-8.09399384859022e-5	63.80816043849626	63.808291887740076
6	ED	5	chi32	hop up r=1	0.6457325306712769	-6.055948476024753e-8	63.808291836486866	63.808291887740076
6	ED	5	exact	hop up r=1	0.6457325306712769	-1.6917134360028285e-11	63.808291887740076	63.808291887740076
6	ED	5	UHF	hop up r=1	0.6457325306712769	0.17846897441960308	11.008960920450493	63.808291887740076
6	ED	5	UHFsym	hop up r=1	0.6457325306712769	0.17846897441960274	11.00896092045053	63.808291887740076
6	DMRG	5	chi2	n	1.000000000000001	2.220446049250313e-15	1.0000000000000002	0.9999999999999999
6	DMRG	5	chi4	n	1.000000000000001	2.220446049250313e-16	0.9999999999999977	0.9999999999999999
6	DMRG	5	chi8	n	1.000000000000001	2.1094237467877974e-15	0.9999999999999992	0.9999999999999999
6	DMRG	5	chi16	n	1.000000000000001	1.7763568394002505e-15	0.9999999999999998	0.9999999999999999
6	DMRG	5	chi32	n	1.000000000000001	2.6645352591003757e-15	0.9999999999999999	0.9999999999999999
6	DMRG	5	exact	n	1.000000000000001	0.0	0.9999999999999999	0.9999999999999999
6	DMRG	5	UHF	n	1.000000000000001	1.1102230246251565e-15	0.017870047994713763	0.9999999999999999
6	DMRG	5	UHFsym	n	1.000000000000001	1.1102230246251565e-15	0.9999999999999996	0.9999999999999999
6	DMRG	5	chi2	Sz	2.636779683484747e-16	4.57966997657873e-16	0.9999999999999999	1.0000000000000002
6	DMRG	5	chi4	Sz	2.636779683484747e-16	-1.5612511283791264e-15	1.0000000000000029	1.0000000000000002
6	DMRG	5	chi8	Sz	2.636779683484747e-16	1.249000902703301e-16	1.0000000000000002	1.0000000000000002
6	DMRG	5	chi16	Sz	2.636779683484747e-16	2.914335439641036e-16	0.9999999999999999	1.0000000000000002
6	DMRG	5	chi32	Sz	2.636779683484747e-16	3.0531133177191805e-16	1.0	1.0000000000000002
6	DMRG	5	exact	Sz	2.636779683484747e-16	0.0	1.0000000000000002	1.0000000000000002
6	DMRG	5	UHF	Sz	2.636779683484747e-16	0.38122490568816025	0.026915107762491404	1.0000000000000002
6	DMRG	5	UHFsym	Sz	2.636779683484747e-16	2.5890747878953846e-16	1.0	1.0000000000000002
6	DMRG	5	chi2	DoubleOcc	0.09866982160590268	0.09866982160590268	2.1207060592629157	27.921013307461134
6	DMRG	5	chi4	DoubleOcc	0.09866982160590268	0.012651759418035563	22.358036882304745	27.921013307461134
6	DMRG	5	chi8	DoubleOcc	0.09866982160590268	0.00038477900788636	27.86860570324566	27.921013307461134
6	DMRG	5	chi16	DoubleOcc	0.09866982160590268	1.883128752480645e-5	27.918675637253408	27.921013307461134
6	DMRG	5	chi32	DoubleOcc	0.09866982160590268	1.152755430000596e-8	27.921011883636705	27.921013307461134
6	DMRG	5	exact	DoubleOcc	0.09866982160590268	0.0	27.921013307461134	27.921013307461134
6	DMRG	5	UHF	DoubleOcc	0.09866982160590268	-0.005997749677150915	1.0865168253831103	27.921013307461134
6	DMRG	5	UHFsym	DoubleOcc	0.09866982160590268	-0.005997749677151082	27.45949495782197	27.921013307461134
6	DMRG	5	chi2	ZZ onsite	-0.6053207135763904	0.3946792864236085	2.2198687173917424	50.86434903080235
6	DMRG	5	chi4	ZZ onsite	-0.6053207135763904	0.050607037672141364	36.109044780068736	50.86434903080235
6	DMRG	5	chi8	ZZ onsite	-0.6053207135763904	0.0015391160315435526	50.76213938439329	50.86434903080235
6	DMRG	5	chi16	ZZ onsite	-0.6053207135763904	7.532515009744944e-5	50.860110495684516	50.86434903080235
6	DMRG	5	chi32	ZZ onsite	-0.6053207135763904	4.611021453548858e-8	50.86434646031816	50.86434903080235
6	DMRG	5	exact	ZZ onsite	-0.6053207135763904	0.0	50.86434903080235	50.86434903080235
6	DMRG	5	UHF	ZZ onsite	-0.6053207135763904	-0.02399099870860455	48.300726661291485	50.86434903080235
6	DMRG	5	UHFsym	ZZ onsite	-0.6053207135763904	-0.023990998708604994	48.30072666129138	50.86434903080235
6	DMRG	5	chi2	ZZ up-up r=1	-0.8438679973924531	0.15613200260754578	24.08578604185091	177.2449071956673
6	DMRG	5	chi4	ZZ up-up r=1	-0.8438679973924531	0.08074059035555115	64.00716276988906	177.2449071956673
6	DMRG	5	chi8	ZZ up-up r=1	-0.8438679973924531	0.002823633083829269	176.01985897587448	177.2449071956673
6	DMRG	5	chi16	ZZ up-up r=1	-0.8438679973924531	0.00012592533863298172	177.20493035369776	177.2449071956673
6	DMRG	5	chi32	ZZ up-up r=1	-0.8438679973924531	5.3185677195699554e-8	177.244890603437	177.2449071956673
6	DMRG	5	exact	ZZ up-up r=1	-0.8438679973924531	0.0	177.2449071956673	177.2449071956673
6	DMRG	5	UHF	ZZ up-up r=1	-0.8438679973924531	0.04205983580448469	116.9512155294044	177.2449071956673
6	DMRG	5	UHFsym	ZZ up-up r=1	-0.8438679973924531	-0.4030562278178809	4.340391191726493	177.2449071956673
6	DMRG	5	chi2	SzSz r=1	-0.1790228108993824	0.07097718910061732	5.70145420542932	106.23659420408084
6	DMRG	5	chi4	SzSz r=1	-0.1790228108993824	0.026598914579170796	29.836560195379587	106.23659420408084
6	DMRG	5	chi8	SzSz r=1	-0.1790228108993824	0.0006169820459638042	105.79537284554357	106.23659420408084
6	DMRG	5	chi16	SzSz r=1	-0.1790228108993824	2.4750348007113177e-5	106.22370708936528	106.23659420408084
6	DMRG	5	chi32	SzSz r=1	-0.1790228108993824	1.0609644995884793e-8	106.23658863588521	106.23659420408084
6	DMRG	5	exact	SzSz r=1	-0.1790228108993824	0.0	106.23659420408084	106.23659420408084
6	DMRG	5	UHF	SzSz r=1	-0.1790228108993824	0.015167243524731894	58.36151566112361	106.23659420408084
6	DMRG	5	UHFsym	SzSz r=1	-0.1790228108993824	-0.0961117723808596	3.4479465625716155	106.23659420408084
6	DMRG	5	chi2	hop up r=1	0.645732530688194	0.645732530688194	1.0	63.808291887740076
6	DMRG	5	chi4	hop up r=1	0.645732530688194	-0.03249449191333231	55.030793660436586	63.808291887740076
6	DMRG	5	chi8	hop up r=1	0.645732530688194	-0.0013828152834651775	63.788746735757385	63.808291887740076
6	DMRG	5	chi16	hop up r=1	0.645732530688194	-8.093992156876784e-5	63.80816043849626	63.808291887740076
6	DMRG	5	chi32	hop up r=1	0.645732530688194	-6.05425676258875e-8	63.808291836486866	63.808291887740076
6	DMRG	5	exact	hop up r=1	0.645732530688194	0.0	63.808291887740076	63.808291887740076
6	DMRG	5	UHF	hop up r=1	0.645732530688194	0.1784689744365202	11.008960920450493	63.808291887740076
6	DMRG	5	UHFsym	hop up r=1	0.645732530688194	0.17846897443651988	11.00896092045053	63.808291887740076
8	ED	1	chi2	n	0.9999999999999991	-1.1102230246251565e-15	1.0000000000050007	1.0000000000055322
8	ED	1	chi4	n	0.9999999999999991	-8.690335118188841e-10	1.0000000001115528	1.0000000000055322
8	ED	1	chi8	n	0.9999999999999991	9.10487685246153e-10	0.9999999998790697	1.0000000000055322
8	ED	1	chi16	n	0.9999999999999991	6.362643745205787e-10	0.9999999999099087	1.0000000000055322
8	ED	1	chi32	n	0.9999999999999991	1.2723366804578973e-10	0.9999999999788775	1.0000000000055322
8	ED	1	exact	n	0.9999999999999991	-4.0806469314702554e-11	1.0000000000055322	1.0000000000055322
8	ED	1	UHF	n	0.9999999999999991	-1.7763568394002505e-15	0.01398573031599911	1.0000000000055322
8	ED	1	UHFsym	n	0.9999999999999991	-1.7763568394002505e-15	0.9999999999999993	1.0000000000055322
8	ED	1	chi2	Sz	3.191891195797325e-16	6.8987177082036055e-12	1.000000000000635	1.000000000016944
8	ED	1	chi4	Sz	3.191891195797325e-16	-2.060081272237113e-11	1.0000000003600613	1.000000000016944
8	ED	1	chi8	Sz	3.191891195797325e-16	1.5993671664826792e-11	0.9999999996222476	1.000000000016944
8	ED	1	chi16	Sz	3.191891195797325e-16	3.476198495722116e-12	0.9999999997353115	1.000000000016944
8	ED	1	chi32	Sz	3.191891195797325e-16	-3.588841029911194e-12	0.9999999999466757	1.000000000016944
8	ED	1	exact	Sz	3.191891195797325e-16	-5.595593433049828e-13	1.000000000016944	1.000000000016944
8	ED	1	UHF	Sz	3.191891195797325e-16	0.4377959965797699	0.02321545621116104	1.000000000016944
8	ED	1	UHFsym	Sz	3.191891195797325e-16	3.48245737802344e-16	1.0000000000000004	1.000000000016944
8	ED	1	chi2	DoubleOcc	0.0717017836106919	0.0717017836106919	5.890252520342844	48.65007713893383
8	ED	1	chi4	DoubleOcc	0.0717017836106919	0.00026494174092620004	48.70235533724589	48.65007713893383
8	ED	1	chi8	DoubleOcc	0.0717017836106919	0.00010993872741763	48.672979533860314	48.65007713893383
8	ED	1	chi16	DoubleOcc	0.0717017836106919	5.07279412334527e-6	48.65117147376085	48.65007713893383
8	ED	1	chi32	DoubleOcc	0.0717017836106919	1.1319806611509442e-7	48.65010154428585	48.65007713893383
8	ED	1	exact	DoubleOcc	0.0717017836106919	1.8310195026849385e-10	48.65007713893383	48.65007713893383
8	ED	1	UHF	DoubleOcc	0.0717017836106919	0.013367118231965014	1.4263161938774085	48.65007713893383
8	ED	1	UHFsym	DoubleOcc	0.0717017836106919	0.013367118231964903	40.40729960679815	48.65007713893383
8	ED	1	chi2	ZZ onsite	-0.7131928655572314	0.28680713444276884	5.989876359793638	92.27588220886759
8	ED	1	chi4	ZZ onsite	-0.7131928655572314	0.0010597687017706026	92.34400988549466	92.27588220886759
8	ED	1	chi8	ZZ onsite	-0.7131928655572314	0.0004397530886935952	92.30862625441367	92.27588220886759
8	ED	1	chi16	ZZ onsite	-0.7131928655572314	2.0289903963854883e-5	92.27753238237669	92.27588220886759
8	ED	1	chi32	ZZ onsite	-0.7131928655572314	4.525377964581523e-7	92.27591909565446	92.27588220886759
8	ED	1	exact	ZZ onsite	-0.7131928655572314	8.140201845918682e-10	92.27588220886759	92.27588220886759
8	ED	1	UHF	ZZ onsite	-0.7131928655572314	0.05346847292786305	63.10946176380642	92.27588220886759
8	ED	1	UHFsym	ZZ onsite	-0.7131928655572314	0.05346847292786239	63.10946176380695	92.27588220886759
8	ED	1	chi2	ZZ up-up r=1	-0.8353022262678369	0.16469777373216332	23.450008902946095	227.5392478898258
8	ED	1	chi4	ZZ up-up r=1	-0.8353022262678369	0.09061838843389702	62.97376908245232	227.5392478898258
8	ED	1	chi8	ZZ up-up r=1	-0.8353022262678369	0.004920338288377568	226.35043556766664	227.5392478898258
8	ED	1	chi16	ZZ up-up r=1	-0.8353022262678369	0.00027418937020651235	227.56658727483037	227.5392478898258
8	ED	1	chi32	ZZ up-up r=1	-0.8353022262678369	5.532424161680538e-6	227.53990895609314	227.5392478898258
8	ED	1	exact	ZZ up-up r=1	-0.8353022262678369	8.448066690647238e-10	227.5392478898258	227.5392478898258
8	ED	1	UHF	ZZ up-up r=1	-0.8353022262678369	0.05056427250897344	126.27989195822329	227.5392478898258
8	ED	1	UHFsym	ZZ up-up r=1	-0.8353022262678369	-0.3945183794674446	4.405873334602495	227.5392478898258
8	ED	1	chi2	SzSz r=1	-0.17714883466526662	0.07285116533473343	5.504918897708752	119.65827613875685
8	ED	1	chi4	SzSz r=1	-0.17714883466526662	0.027872821454825364	29.383166586157103	119.65827613875685
8	ED	1	chi8	SzSz r=1	-0.17714883466526662	0.001050300965909634	118.68043222070865	119.65827613875685
8	ED	1	chi16	SzSz r=1	-0.17714883466526662	5.8527106917477534e-5	119.63389572219319	119.65827613875685
8	ED	1	chi32	SzSz r=1	-0.17714883466526662	1.2115025132264368e-6	119.65774920194796	119.65827613875685
8	ED	1	exact	SzSz r=1	-0.17714883466526662	1.740770305680428e-10	119.65827613875685	119.65827613875685
8	ED	1	UHF	SzSz r=1	-0.17714883466526662	0.017027289037354232	55.26085236918433	119.65827613875685
8	ED	1	UHFsym	SzSz r=1	-0.17714883466526662	-0.09424337395674967	3.532592300341337	119.65827613875685
8	ED	1	chi2	hop up r=1	0.6413966447146374	0.6413966447146374	1.0	70.68678888671951
8	ED	1	chi4	hop up r=1	0.6413966447146374	-0.04320191301783727	57.612982619602846	70.68678888671951
8	ED	1	chi8	hop up r=1	0.6413966447146374	-0.0021988288800661726	70.93154675621251	70.68678888671951
8	ED	1	chi16	hop up r=1	0.6413966447146374	-0.00015838495928843788	70.7081654986014	70.68678888671951
8	ED	1	chi32	hop up r=1	0.6413966447146374	-2.287962772240526e-6	70.68710174875845	70.68678888671951
8	ED	1	exact	hop up r=1	0.6413966447146374	-3.249563951257528e-10	70.68678888671951	70.68678888671951
8	ED	1	UHF	hop up r=1	0.6413966447146374	0.17414509797278854	11.074893601254931	70.68678888671951
8	ED	1	UHFsym	hop up r=1	0.6413966447146374	0.17414509797278943	11.074893601254837	70.68678888671951
8	DMRG	1	chi2	n	1.0000000000408056	4.080535909167793e-11	1.0000000000050007	1.0000000000055322
8	DMRG	1	chi4	n	1.0000000000408056	-8.282270425041816e-10	1.0000000001115528	1.0000000000055322
8	DMRG	1	chi8	n	1.0000000000408056	9.512941545608555e-10	0.9999999998790697	1.0000000000055322
8	DMRG	1	chi16	n	1.0000000000408056	6.770708438352813e-10	0.9999999999099087	1.0000000000055322
8	DMRG	1	chi32	n	1.0000000000408056	1.6804013736049228e-10	0.9999999999788775	1.0000000000055322
8	DMRG	1	exact	n	1.0000000000408056	0.0	1.0000000000055322	1.0000000000055322
8	DMRG	1	UHF	n	1.0000000000408056	4.0804692957863153e-11	0.01398573031599911	1.0000000000055322
8	DMRG	1	UHFsym	n	1.0000000000408056	4.0804692957863153e-11	0.9999999999999993	1.0000000000055322
8	DMRG	1	chi2	Sz	5.598785324245625e-13	7.458277051508588e-12	1.000000000000635	1.000000000016944
8	DMRG	1	chi4	Sz	5.598785324245625e-13	-2.004125337906615e-11	1.0000000003600613	1.000000000016944
8	DMRG	1	chi8	Sz	5.598785324245625e-13	1.6553231008131775e-11	0.9999999996222476	1.000000000016944
8	DMRG	1	chi16	Sz	5.598785324245625e-13	4.035757839027099e-12	0.9999999997353115	1.000000000016944
8	DMRG	1	chi32	Sz	5.598785324245625e-13	-3.029281686606211e-12	0.9999999999466757	1.000000000016944
8	DMRG	1	exact	Sz	5.598785324245625e-13	0.0	1.000000000016944	1.000000000016944
8	DMRG	1	UHF	Sz	5.598785324245625e-13	0.43779599658032947	0.02321545621116104	1.000000000016944
8	DMRG	1	UHFsym	Sz	5.598785324245625e-13	5.599075890427851e-13	1.0000000000000004	1.000000000016944
8	DMRG	1	chi2	DoubleOcc	0.07170178342758995	0.07170178342758995	5.890252520342844	48.65007713893383
8	DMRG	1	chi4	DoubleOcc	0.07170178342758995	0.0002649415578242498	48.70235533724589	48.65007713893383
8	DMRG	1	chi8	DoubleOcc	0.07170178342758995	0.00010993854431567973	48.672979533860314	48.65007713893383
8	DMRG	1	chi16	DoubleOcc	0.07170178342758995	5.0726110213950015e-6	48.65117147376085	48.65007713893383
8	DMRG	1	chi32	DoubleOcc	0.07170178342758995	1.1301496416482593e-7	48.65010154428585	48.65007713893383
8	DMRG	1	exact	DoubleOcc	0.07170178342758995	0.0	48.65007713893383	48.65007713893383
8	DMRG	1	UHF	DoubleOcc	0.07170178342758995	0.013367118048863064	1.4263161938774085	48.65007713893383
8	DMRG	1	UHFsym	DoubleOcc	0.07170178342758995	0.013367118048862953	40.40729960679815	48.65007713893383
8	DMRG	1	chi2	ZZ onsite	-0.7131928663712516	0.28680713362874866	5.989876359793638	92.27588220886759
8	DMRG	1	chi4	ZZ onsite	-0.7131928663712516	0.001059767887750418	92.34400988549466	92.27588220886759
8	DMRG	1	chi8	ZZ onsite	-0.7131928663712516	0.0004397522746734106	92.30862625441367	92.27588220886759
8	DMRG	1	chi16	ZZ onsite	-0.7131928663712516	2.028908994367029e-5	92.27753238237669	92.27588220886759
8	DMRG	1	chi32	ZZ onsite	-0.7131928663712516	4.517237762735604e-7	92.27591909565446	92.27588220886759
8	DMRG	1	exact	ZZ onsite	-0.7131928663712516	0.0	92.27588220886759	92.27588220886759
8	DMRG	1	UHF	ZZ onsite	-0.7131928663712516	0.05346847211384287	63.10946176380642	92.27588220886759
8	DMRG	1	UHFsym	ZZ onsite	-0.7131928663712516	0.0534684721138422	63.10946176380695	92.27588220886759
8	DMRG	1	chi2	ZZ up-up r=1	-0.8353022271126436	0.16469777288735665	23.450008902946095	227.5392478898258
8	DMRG	1	chi4	ZZ up-up r=1	-0.8353022271126436	0.09061838758909035	62.97376908245232	227.5392478898258
8	DMRG	1	chi8	ZZ up-up r=1	-0.8353022271126436	0.004920337443570899	226.35043556766664	227.5392478898258
8	DMRG	1	chi16	ZZ up-up r=1	-0.8353022271126436	0.0002741885253998433	227.56658727483037	227.5392478898258
8	DMRG	1	chi32	ZZ up-up r=1	-0.8353022271126436	5.531579355011473e-6	227.53990895609314	227.5392478898258
8	DMRG	1	exact	ZZ up-up r=1	-0.8353022271126436	0.0	227.5392478898258	227.5392478898258
8	DMRG	1	UHF	ZZ up-up r=1	-0.8353022271126436	0.05056427166416677	126.27989195822329	227.5392478898258
8	DMRG	1	UHFsym	ZZ up-up r=1	-0.8353022271126436	-0.3945183803122513	4.405873334602495	227.5392478898258
8	DMRG	1	chi2	SzSz r=1	-0.17714883483934366	0.0728511651606564	5.504918897708752	119.65827613875685
8	DMRG	1	chi4	SzSz r=1	-0.17714883483934366	0.027872821280748333	29.383166586157103	119.65827613875685
8	DMRG	1	chi8	SzSz r=1	-0.17714883483934366	0.0010503007918326035	118.68043222070865	119.65827613875685
8	DMRG	1	chi16	SzSz r=1	-0.17714883483934366	5.8526932840446966e-5	119.63389572219319	119.65827613875685
8	DMRG	1	chi32	SzSz r=1	-0.17714883483934366	1.2113284361958687e-6	119.65774920194796	119.65827613875685
8	DMRG	1	exact	SzSz r=1	-0.17714883483934366	0.0	119.65827613875685	119.65827613875685
8	DMRG	1	UHF	SzSz r=1	-0.17714883483934366	0.0170272888632772	55.26085236918433	119.65827613875685
8	DMRG	1	UHFsym	SzSz r=1	-0.17714883483934366	-0.0942433741308267	3.532592300341337	119.65827613875685
8	DMRG	1	chi2	hop up r=1	0.6413966450395938	0.6413966450395938	1.0	70.68678888671951
8	DMRG	1	chi4	hop up r=1	0.6413966450395938	-0.04320191269288087	57.612982619602846	70.68678888671951
8	DMRG	1	chi8	hop up r=1	0.6413966450395938	-0.0021988285551097775	70.93154675621251	70.68678888671951
8	DMRG	1	chi16	hop up r=1	0.6413966450395938	-0.00015838463433204275	70.7081654986014	70.68678888671951
8	DMRG	1	chi32	hop up r=1	0.6413966450395938	-2.2876378158454003e-6	70.68710174875845	70.68678888671951
8	DMRG	1	exact	hop up r=1	0.6413966450395938	0.0	70.68678888671951	70.68678888671951
8	DMRG	1	UHF	hop up r=1	0.6413966450395938	0.17414509829774494	11.074893601254931	70.68678888671951
8	DMRG	1	UHFsym	hop up r=1	0.6413966450395938	0.17414509829774583	11.074893601254837	70.68678888671951
8	ED	2	chi2	n	1.0000000000000007	4.440892098500626e-16	0.9999999999900141	1.0000000000002995
8	ED	2	chi4	n	1.0000000000000007	1.5664864960740488e-9	1.000000000473104	1.0000000000002995
8	ED	2	chi8	n	1.0000000000000007	-1.2648331271236657e-9	1.0000000000328904	1.0000000000002995
8	ED	2	chi16	n	1.0000000000000007	-9.366740716387767e-10	1.0000000000688185	1.0000000000002995
8	ED	2	chi32	n	1.0000000000000007	-2.0736234951357346e-10	1.0000000000024458	1.0000000000002995
8	ED	2	exact	n	1.0000000000000007	-3.807176796044587e-12	1.0000000000002995	1.0000000000002995
8	ED	2	UHF	n	1.0000000000000007	-1.5543122344752192e-15	0.01857669142986057	1.0000000000002995
8	ED	2	UHFsym	n	1.0000000000000007	-1.5543122344752192e-15	1.000000000000001	1.0000000000002995
8	ED	2	chi2	Sz	-1.8041124150158794e-16	-6.898634441476759e-12	0.9999999999968606	1.0000000000002867
8	ED	2	chi4	Sz	-1.8041124150158794e-16	3.693279224115109e-10	1.0000000000694376	1.0000000000002867
8	ED	2	chi8	Sz	-1.8041124150158794e-16	-1.163218826816248e-11	1.0000000000743516	1.0000000000002867
8	ED	2	chi16	Sz	-1.8041124150158794e-16	2.20962553809656e-11	1.0000000000690374	1.0000000000002867
8	ED	2	chi32	Sz	-1.8041124150158794e-16	-3.942610127261048e-12	1.0000000000112634	1.0000000000002867
8	ED	2	exact	Sz	-1.8041124150158794e-16	1.0283440765590512e-13	1.0000000000002867	1.0000000000002867
8	ED	2	UHF	Sz	-1.8041124150158794e-16	-0.38119494927960595	0.02971279805018013	1.0000000000002867
8	ED	2	UHFsym	Sz	-1.8041124150158794e-16	-1.734723475976807e-16	1.0000000000000002	1.0000000000002867
8	ED	2	chi2	DoubleOcc	0.09902588447566993	0.09902588447566993	2.179198949104258	29.258277155234175
8	ED	2	chi4	DoubleOcc	0.09902588447566993	0.00906919749909696	26.17644586002603	29.258277155234175
8	ED	2	chi8	DoubleOcc	0.09902588447566993	0.00044339800953252517	29.229842284004484	29.258277155234175
8	ED	2	chi16	DoubleOcc	0.09902588447566993	2.1873044564912902e-5	29.25721048298781	29.258277155234175
8	ED	2	chi32	DoubleOcc	0.09902588447566993	3.12997884777122e-7	29.258262133786623	29.258277155234175
8	ED	2	exact	DoubleOcc	0.09902588447566993	-2.3521684600069648e-11	29.258277155234175	29.258277155234175
8	ED	2	UHF	DoubleOcc	0.09902588447566993	-0.005664526168050049	1.0627449420553274	29.258277155234175
8	ED	2	UHFsym	DoubleOcc	0.09902588447566993	-0.005664526168050021	28.382890675546584	29.258277155234175
8	ED	2	chi2	ZZ onsite	-0.6038964620973212	0.39610353790267905	2.271569906076687	51.0982727992185
8	ED	2	chi4	ZZ onsite	-0.6038964620973212	0.036276786863414845	43.40138848853952	51.0982727992185
8	ED	2	chi8	ZZ onsite	-0.6038964620973212	0.001773594567796577	51.0843271058739	51.0982727992185
8	ED	2	chi16	ZZ onsite	-0.6038964620973212	8.749405160801693e-5	51.098619073600595	51.0982727992185
8	ED	2	chi32	ZZ onsite	-0.6038964620973212	1.2524062642516043e-6	51.09827851356346	51.0982727992185
8	ED	2	exact	ZZ onsite	-0.6038964620973212	-8.647194071897957e-11	51.0982727992185	51.0982727992185
8	ED	2	UHF	ZZ onsite	-0.6038964620973212	-0.022658104672196422	47.64513443806498	51.0982727992185
8	ED	2	UHFsym	ZZ onsite	-0.6038964620973212	-0.02265810467219609	47.64513443806506	51.0982727992185
8	ED	2	chi2	ZZ up-up r=1	-0.31357910974493713	-0.3135791097449372	0.9999999999999996	12.073259675423927
8	ED	2	chi4	ZZ up-up r=1	-0.31357910974493713	-0.276539417095804	1.2610920302307145	12.073259675423927
8	ED	2	chi8	ZZ up-up r=1	-0.31357910974493713	-0.004452835756426687	12.108337529202156	12.073259675423927
8	ED	2	chi16	ZZ up-up r=1	-0.31357910974493713	2.301039880808764e-5	12.072934272834386	12.073259675423927
8	ED	2	chi32	ZZ up-up r=1	-0.31357910974493713	1.7971508922132173e-6	12.073234304719422	12.073259675423927
8	ED	2	exact	ZZ up-up r=1	-0.31357910974493713	-7.019119174778155e-10	12.073259675423927	12.073259675423927
8	ED	2	UHF	ZZ up-up r=1	-0.31357910974493713	0.46338593307535075	0.45521077433049334	12.073259675423927
8	ED	2	UHFsym	ZZ up-up r=1	-0.31357910974493713	0.07141418741481953	7.20027215504106	12.073259675423927
8	ED	2	chi2	SzSz r=1	-0.06340708055575749	-0.0634070805557575	0.9999999999999996	7.250104861606787
8	ED	2	chi4	SzSz r=1	-0.06340708055575749	-0.06340708055575749	1.0048555284596385	7.250104861606787
8	ED	2	chi8	SzSz r=1	-0.06340708055575749	-0.0001709165063969592	7.258012364213334	7.250104861606787
8	ED	2	chi16	SzSz r=1	-0.06340708055575749	-4.227735027187429e-6	7.250115032184583	7.250104861606787
8	ED	2	chi32	SzSz r=1	-0.06340708055575749	4.082359445489736e-7	7.250094320851849	7.250104861606787
8	ED	2	exact	SzSz r=1	-0.06340708055575749	-7.161521375920188e-11	7.250104861606787	7.250104861606787
8	ED	2	UHF	SzSz r=1	-0.06340708055575749	0.10719928168187264	0.36515576272117456	7.250104861606787
8	ED	2	UHFsym	SzSz r=1	-0.06340708055575749	0.009206345266739802	6.018315549329929	7.250104861606787
8	ED	2	chi2	hop up r=1	0.3702408792301867	0.3702408792301867	1.0	15.168091524581465
8	ED	2	chi4	hop up r=1	0.3702408792301867	0.12376265903043795	5.844929334794896	15.168091524581465
8	ED	2	chi8	hop up r=1	0.3702408792301867	0.0024941407262490944	15.152910488064174	15.168091524581465
8	ED	2	chi16	hop up r=1	0.3702408792301867	-5.74306682224468e-5	15.16821257443741	15.168091524581465
8	ED	2	chi32	hop up r=1	0.3702408792301867	-7.107344168200136e-7	15.168093086348863	15.168091524581465
8	ED	2	exact	hop up r=1	0.3702408792301867	3.518206281860614e-10	15.168091524581465	15.168091524581465
8	ED	2	UHF	hop up r=1	0.3702408792301867	-0.06459148817078675	10.680066800059238	15.168091524581465
8	ED	2	UHFsym	hop up r=1	0.3702408792301867	-0.06459148817078625	10.68006680005929	15.168091524581465
8	DMRG	2	chi2	n	1.0000000000038078	3.807620885254437e-12	0.9999999999900141	1.0000000000002995
8	DMRG	2	chi4	n	1.0000000000038078	1.5702936728700934e-9	1.000000000473104	1.0000000000002995
8	DMRG	2	chi8	n	1.0000000000038078	-1.2610259503276211e-9	1.0000000000328904	1.0000000000002995
8	DMRG	2	chi16	n	1.0000000000038078	-9.328668948427321e-10	1.0000000000688185	1.0000000000002995
8	DMRG	2	chi32	n	1.0000000000038078	-2.0355517271752888e-10	1.0000000000024458	1.0000000000002995
8	DMRG	2	exact	n	1.0000000000038078	0.0	1.0000000000002995	1.0000000000002995
8	DMRG	2	UHF	n	1.0000000000038078	3.8056224838101116e-12	0.01857669142986057	1.0000000000002995
8	DMRG	2	UHFsym	n	1.0000000000038078	3.8056224838101116e-12	1.000000000000001	1.0000000000002995
8	DMRG	2	chi2	Sz	-1.0301481889740671e-13	-7.001468849132664e-12	0.9999999999968606	1.0000000000002867
8	DMRG	2	chi4	Sz	-1.0301481889740671e-13	3.69225088003855e-10	1.0000000000694376	1.0000000000002867
8	DMRG	2	chi8	Sz	-1.0301481889740671e-13	-1.1735022675818385e-11	1.0000000000743516	1.0000000000002867
8	DMRG	2	chi16	Sz	-1.0301481889740671e-13	2.1993420973309696e-11	1.0000000000690374	1.0000000000002867
8	DMRG	2	chi32	Sz	-1.0301481889740671e-13	-4.045444534916953e-12	1.0000000000112634	1.0000000000002867
8	DMRG	2	exact	Sz	-1.0301481889740671e-13	0.0	1.0000000000002867	1.0000000000002867
8	DMRG	2	UHF	Sz	-1.0301481889740671e-13	-0.3811949492797088	0.02971279805018013	1.0000000000002867
8	DMRG	2	UHFsym	Sz	-1.0301481889740671e-13	-1.030078800035028e-13	1.0000000000000002	1.0000000000002867
8	DMRG	2	chi2	DoubleOcc	0.09902588449919161	0.09902588449919161	2.179198949104258	29.258277155234175
8	DMRG	2	chi4	DoubleOcc	0.09902588449919161	0.009069197522618644	26.17644586002603	29.258277155234175
8	DMRG	2	chi8	DoubleOcc	0.09902588449919161	0.00044339803305420977	29.229842284004484	29.258277155234175
8	DMRG	2	chi16	DoubleOcc	0.09902588449919161	2.1873068086597502e-5	29.25721048298781	29.258277155234175
8	DMRG	2	chi32	DoubleOcc	0.09902588449919161	3.1302140646172205e-7	29.258262133786623	29.258277155234175
8	DMRG	2	exact	DoubleOcc	0.09902588449919161	0.0	29.258277155234175	29.258277155234175
8	DMRG	2	UHF	DoubleOcc	0.09902588449919161	-0.0056645261445283646	1.0627449420553274	29.258277155234175
8	DMRG	2	UHFsym	DoubleOcc	0.09902588449919161	-0.005664526144528337	28.382890675546584	29.258277155234175
8	DMRG	2	chi2	ZZ onsite	-0.6038964620108492	0.396103537989151	2.271569906076687	51.0982727992185
8	DMRG	2	chi4	ZZ onsite	-0.6038964620108492	0.036276786949886786	43.40138848853952	51.0982727992185
8	DMRG	2	chi8	ZZ onsite	-0.6038964620108492	0.0017735946542685177	51.0843271058739	51.0982727992185
8	DMRG	2	chi16	ZZ onsite	-0.6038964620108492	8.749413807995765e-5	51.098619073600595	51.0982727992185
8	DMRG	2	chi32	ZZ onsite	-0.6038964620108492	1.2524927361923233e-6	51.09827851356346	51.0982727992185
8	DMRG	2	exact	ZZ onsite	-0.6038964620108492	0.0	51.0982727992185	51.0982727992185
8	DMRG	2	UHF	ZZ onsite	-0.6038964620108492	-0.02265810458572448	47.64513443806498	51.0982727992185
8	DMRG	2	UHFsym	ZZ onsite	-0.6038964620108492	-0.022658104585724148	47.64513443806506	51.0982727992185
8	DMRG	2	chi2	ZZ up-up r=1	-0.3135791090430252	-0.3135791090430253	0.9999999999999996	12.073259675423927
8	DMRG	2	chi4	ZZ up-up r=1	-0.3135791090430252	-0.27653941639389207	1.2610920302307145	12.073259675423927
8	DMRG	2	chi8	ZZ up-up r=1	-0.3135791090430252	-0.00445283505451477	12.108337529202156	12.073259675423927
8	DMRG	2	chi16	ZZ up-up r=1	-0.3135791090430252	2.3011100720005118e-5	12.072934272834386	12.073259675423927
8	DMRG	2	chi32	ZZ up-up r=1	-0.3135791090430252	1.7978528041306951e-6	12.073234304719422	12.073259675423927
8	DMRG	2	exact	ZZ up-up r=1	-0.3135791090430252	0.0	12.073259675423927	12.073259675423927
8	DMRG	2	UHF	ZZ up-up r=1	-0.3135791090430252	0.46338593377726267	0.45521077433049334	12.073259675423927
8	DMRG	2	UHFsym	ZZ up-up r=1	-0.3135791090430252	0.07141418811673145	7.20027215504106	12.073259675423927
8	DMRG	2	chi2	SzSz r=1	-0.06340708048414227	-0.06340708048414229	0.9999999999999996	7.250104861606787
8	DMRG	2	chi4	SzSz r=1	-0.06340708048414227	-0.06340708048414227	1.0048555284596385	7.250104861606787
8	DMRG	2	chi8	SzSz r=1	-0.06340708048414227	-0.00017091643478174545	7.258012364213334	7.250104861606787
8	DMRG	2	chi16	SzSz r=1	-0.06340708048414227	-4.22766341197367e-6	7.250115032184583	7.250104861606787
8	DMRG	2	chi32	SzSz r=1	-0.06340708048414227	4.083075597627328e-7	7.250094320851849	7.250104861606787
8	DMRG	2	exact	SzSz r=1	-0.06340708048414227	0.0	7.250104861606787	7.250104861606787
8	DMRG	2	UHF	SzSz r=1	-0.06340708048414227	0.10719928175348785	0.36515576272117456	7.250104861606787
8	DMRG	2	UHFsym	SzSz r=1	-0.06340708048414227	0.009206345338355015	6.018315549329929	7.250104861606787
8	DMRG	2	chi2	hop up r=1	0.3702408788783661	0.3702408788783661	1.0	15.168091524581465
8	DMRG	2	chi4	hop up r=1	0.3702408788783661	0.12376265867861733	5.844929334794896	15.168091524581465
8	DMRG	2	chi8	hop up r=1	0.3702408788783661	0.0024941403744284663	15.152910488064174	15.168091524581465
8	DMRG	2	chi16	hop up r=1	0.3702408788783661	-5.743102004307499e-5	15.16821257443741	15.168091524581465
8	DMRG	2	chi32	hop up r=1	0.3702408788783661	-7.110862374481997e-7	15.168093086348863	15.168091524581465
8	DMRG	2	exact	hop up r=1	0.3702408788783661	0.0	15.168091524581465	15.168091524581465
8	DMRG	2	UHF	hop up r=1	0.3702408788783661	-0.06459148852260738	10.680066800059238	15.168091524581465
8	DMRG	2	UHFsym	hop up r=1	0.3702408788783661	-0.06459148852260688	10.68006680005929	15.168091524581465
8	ED	3	chi2	n	1.0	-2.220446049250313e-16	0.9999999999964316	0.9999999999992906
8	ED	3	chi4	n	1.0	-6.00783645055003e-10	0.9999999997664606	0.9999999999992906
8	ED	3	chi8	n	1.0	2.837555745927034e-10	0.9999999999560358	0.9999999999992906
8	ED	3	chi16	n	1.0	2.744444671520796e-10	0.9999999999414998	0.9999999999992906
8	ED	3	chi32	n	1.0	4.682498833119553e-11	1.0000000000000255	0.9999999999992906
8	ED	3	exact	n	1.0	1.6399104296738187e-12	0.9999999999992906	0.9999999999992906
8	ED	3	UHF	n	1.0	-2.4424906541753444e-15	0.020553658771533683	0.9999999999992906
8	ED	3	UHFsym	n	1.0	-2.4424906541753444e-15	1.0000000000000013	0.9999999999992906
8	ED	3	chi2	Sz	2.220446049250313e-16	-3.8049563499953365e-12	0.9999999999997424	1.0000000000000484
8	ED	3	chi4	Sz	2.220446049250313e-16	-3.285977601130696e-10	0.9999999999465975	1.0000000000000484
8	ED	3	chi8	Sz	2.220446049250313e-16	-9.27592724853099e-12	1.0000000000140905	1.0000000000000484
8	ED	3	chi16	Sz	2.220446049250313e-16	-2.600648862927102e-11	1.0000000000124754	1.0000000000000484
8	ED	3	chi32	Sz	2.220446049250313e-16	6.23103652008794e-12	1.0000000000028504	1.0000000000000484
8	ED	3	exact	Sz	2.220446049250313e-16	-5.395475732861144e-13	1.0000000000000484	1.0000000000000484
8	ED	3	UHF	Sz	2.220446049250313e-16	0.3855545936480522	0.03118408201053683	1.0000000000000484
8	ED	3	UHFsym	Sz	2.220446049250313e-16	2.402592014227878e-16	0.9999999999999999	1.0000000000000484
8	ED	3	chi2	DoubleOcc	0.09785017716770036	0.09785017716770036	2.4041663817926886	27.43479086679307
8	ED	3	chi4	DoubleOcc	0.09785017716770036	0.013358243276330284	23.720580982810873	27.43479086679307
8	ED	3	chi8	DoubleOcc	0.09785017716770036	-0.00038574820829101464	27.39590733793809	27.43479086679307
8	ED	3	chi16	DoubleOcc	0.09785017716770036	4.4670673290142515e-5	27.43870952365618	27.43479086679307
8	ED	3	chi32	DoubleOcc	0.09785017716770036	4.006076486651189e-7	27.434826541353452	27.43479086679307
8	ED	3	exact	DoubleOcc	0.09785017716770036	7.883740882341783e-11	27.43479086679307	27.43479086679307
8	ED	3	UHF	DoubleOcc	0.09785017716770036	-0.003497478149186356	1.2267026480594336	27.43479086679307
8	ED	3	UHFsym	DoubleOcc	0.09785017716770036	-0.003497478149186467	26.763978605519377	27.43479086679307
8	ED	3	chi2	ZZ onsite	-0.6085992913291984	0.3914007086708018	2.4727978754915796	52.776739067657104
8	ED	3	chi4	ZZ onsite	-0.6085992913291984	0.053432974306888315	40.528009967371624	52.776739067657104
8	ED	3	chi8	ZZ onsite	-0.6085992913291984	-0.001542993400675985	52.62422885946437	52.776739067657104
8	ED	3	chi16	ZZ onsite	-0.6085992913291984	0.00017868214427152473	52.79223067321721	52.776739067657104
8	ED	3	chi32	ZZ onsite	-0.6085992913291984	1.6023369446838132e-6	52.776879973768644	52.776739067657104
8	ED	3	exact	ZZ onsite	-0.6085992913291984	3.1206903727820645e-10	52.776739067657104	52.776739067657104
8	ED	3	UHF	ZZ onsite	-0.6085992913291984	-0.013989912596740428	50.25681353437414	52.776739067657104
8	ED	3	UHFsym	ZZ onsite	-0.6085992913291984	-0.013989912596740872	50.256813534374004	52.776739067657104
8	ED	3	chi2	ZZ up-up r=1	-0.70250564905846	0.2974943509415402	4.922587425061065	82.05751550164064
8	ED	3	chi4	ZZ up-up r=1	-0.70250564905846	0.1481579998363899	16.135663972645304	82.05751550164064
8	ED	3	chi8	ZZ up-up r=1	-0.70250564905846	-0.009955769594386599	82.88539439331888	82.05751550164064
8	ED	3	chi16	ZZ up-up r=1	-0.70250564905846	-0.003027305118154855	82.59953917259124	82.05751550164064
8	ED	3	chi32	ZZ up-up r=1	-0.70250564905846	2.184408867123011e-7	82.0574675145257	82.05751550164064
8	ED	3	exact	ZZ up-up r=1	-0.70250564905846	-5.969735816790944e-11	82.05751550164064	82.05751550164064
8	ED	3	UHF	ZZ up-up r=1	-0.70250564905846	0.08344415523576743	34.28369231389784	82.05751550164064
8	ED	3	UHFsym	ZZ up-up r=1	-0.70250564905846	-0.31189085969238406	4.96926883486965	82.05751550164064
8	ED	3	chi2	SzSz r=1	-0.14785937468255284	0.10214062531744722	1.8084407780564198	50.974686341214394
8	ED	3	chi4	SzSz r=1	-0.14785937468255284	0.04879167990790284	7.018842481411525	50.974686341214394
8	ED	3	chi8	SzSz r=1	-0.14785937468255284	-0.0022677621282501392	51.32348862901739	50.974686341214394
8	ED	3	chi16	SzSz r=1	-0.14785937468255284	-0.0005070848039420983	51.14893778379139	50.974686341214394
8	ED	3	chi32	SzSz r=1	-0.14785937468255284	-5.723881094654715e-7	50.97528804148505	50.974686341214394
8	ED	3	exact	SzSz r=1	-0.14785937468255284	-5.2365223268679983e-11	50.974686341214394	50.974686341214394
8	ED	3	UHF	SzSz r=1	-0.14785937468255284	0.024500618757270665	18.999456807594907	50.974686341214394
8	ED	3	UHFsym	SzSz r=1	-0.14785937468255284	-0.07433313497476793	3.8136175872787206	50.974686341214394
8	ED	3	chi2	hop up r=1	0.5891219492938936	0.5891219492938936	1.0	43.737872754741964
8	ED	3	chi4	hop up r=1	0.5891219492938936	-0.06796154473750682	27.64800727111302	43.737872754741964
8	ED	3	chi8	hop up r=1	0.5891219492938936	0.0059045545776234	43.59506774096054	43.737872754741964
8	ED	3	chi16	hop up r=1	0.5891219492938936	0.001068026943288447	43.73984535217847	43.737872754741964
8	ED	3	chi32	hop up r=1	0.5891219492938936	-1.2774633884049535e-6	43.73786301958962	43.737872754741964
8	ED	3	exact	hop up r=1	0.5891219492938936	1.358592127687075e-10	43.737872754741964	43.737872754741964
8	ED	3	UHF	hop up r=1	0.5891219492938936	0.1497819203073792	11.68468850752709	43.737872754741964
8	ED	3	UHFsym	hop up r=1	0.5891219492938936	0.1497819203073778	11.684688507527248	43.737872754741964
8	DMRG	3	chi2	n	0.9999999999983601	-1.6401324742787438e-12	0.9999999999964316	0.9999999999992906
8	DMRG	3	chi4	n	0.9999999999983601	-6.024235554846769e-10	0.9999999997664606	0.9999999999992906
8	DMRG	3	chi8	n	0.9999999999983601	2.821156641630296e-10	0.9999999999560358	0.9999999999992906
8	DMRG	3	chi16	n	0.9999999999983601	2.728045567224058e-10	0.9999999999414998	0.9999999999992906
8	DMRG	3	chi32	n	0.9999999999983601	4.518507790152171e-11	1.0000000000000255	0.9999999999992906
8	DMRG	3	exact	n	0.9999999999983601	0.0	0.9999999999992906	0.9999999999992906
8	DMRG	3	UHF	n	0.9999999999983601	-1.642352920327994e-12	0.020553658771533683	0.9999999999992906
8	DMRG	3	UHFsym	n	0.9999999999983601	-1.642352920327994e-12	1.0000000000000013	0.9999999999992906
8	DMRG	3	chi2	Sz	5.397696178910394e-13	-3.265408776709222e-12	0.9999999999997424	1.0000000000000484
8	DMRG	3	chi4	Sz	5.397696178910394e-13	-3.280582125397835e-10	0.9999999999465975	1.0000000000000484
8	DMRG	3	chi8	Sz	5.397696178910394e-13	-8.736379675244876e-12	1.0000000000140905	1.0000000000000484
8	DMRG	3	chi16	Sz	5.397696178910394e-13	-2.5466941055984904e-11	1.0000000000124754	1.0000000000000484
8	DMRG	3	chi32	Sz	5.397696178910394e-13	6.770584093374055e-12	1.0000000000028504	1.0000000000000484
8	DMRG	3	exact	Sz	5.397696178910394e-13	0.0	1.0000000000000484	1.0000000000000484
8	DMRG	3	UHF	Sz	5.397696178910394e-13	0.3855545936485918	0.03118408201053683	1.0000000000000484
8	DMRG	3	UHFsym	Sz	5.397696178910394e-13	5.397878324875371e-13	0.9999999999999999	1.0000000000000484
8	DMRG	3	chi2	DoubleOcc	0.09785017708886296	0.09785017708886296	2.4041663817926886	27.43479086679307
8	DMRG	3	chi4	DoubleOcc	0.09785017708886296	0.013358243197492875	23.720580982810873	27.43479086679307
8	DMRG	3	chi8	DoubleOcc	0.09785017708886296	-0.00038574828712842346	27.39590733793809	27.43479086679307
8	DMRG	3	chi16	DoubleOcc	0.09785017708886296	4.467059445273369e-5	27.43870952365618	27.43479086679307
8	DMRG	3	chi32	DoubleOcc	0.09785017708886296	4.0052881125629547e-7	27.434826541353452	27.43479086679307
8	DMRG	3	exact	DoubleOcc	0.09785017708886296	0.0	27.43479086679307	27.43479086679307
8	DMRG	3	UHF	DoubleOcc	0.09785017708886296	-0.003497478228023765	1.2267026480594336	27.43479086679307
8	DMRG	3	UHFsym	DoubleOcc	0.09785017708886296	-0.003497478228023876	26.763978605519377	27.43479086679307
8	DMRG	3	chi2	ZZ onsite	-0.6085992916412675	0.39140070835873275	2.4727978754915796	52.776739067657104
8	DMRG	3	chi4	ZZ onsite	-0.6085992916412675	0.05343297399481928	40.528009967371624	52.776739067657104
8	DMRG	3	chi8	ZZ onsite	-0.6085992916412675	-0.0015429937127450222	52.62422885946437	52.776739067657104
8	DMRG	3	chi16	ZZ onsite	-0.6085992916412675	0.00017868183220248746	52.79223067321721	52.776739067657104
8	DMRG	3	chi32	ZZ onsite	-0.6085992916412675	1.602024875646535e-6	52.776879973768644	52.776739067657104
8	DMRG	3	exact	ZZ onsite	-0.6085992916412675	0.0	52.776739067657104	52.776739067657104
8	DMRG	3	UHF	ZZ onsite	-0.6085992916412675	-0.013989912908809465	50.25681353437414	52.776739067657104
8	DMRG	3	UHFsym	ZZ onsite	-0.6085992916412675	-0.01398991290880991	50.256813534374004	52.776739067657104
8	DMRG	3	chi2	ZZ up-up r=1	-0.7025056489987627	0.29749435100123756	4.922587425061065	82.05751550164064
8	DMRG	3	chi4	ZZ up-up r=1	-0.7025056489987627	0.14815799989608724	16.135663972645304	82.05751550164064
8	DMRG	3	chi8	ZZ up-up r=1	-0.7025056489987627	-0.00995576953468924	82.88539439331888	82.05751550164064
8	DMRG	3	chi16	ZZ up-up r=1	-0.7025056489987627	-0.0030273050584574968	82.59953917259124	82.05751550164064
8	DMRG	3	chi32	ZZ up-up r=1	-0.7025056489987627	2.1850058407046902e-7	82.0574675145257	82.05751550164064
8	DMRG	3	exact	ZZ up-up r=1	-0.7025056489987627	0.0	82.05751550164064	82.05751550164064
8	DMRG	3	UHF	ZZ up-up r=1	-0.7025056489987627	0.08344415529546478	34.28369231389784	82.05751550164064
8	DMRG	3	UHFsym	ZZ up-up r=1	-0.7025056489987627	-0.3118908596326867	4.96926883486965	82.05751550164064
8	DMRG	3	chi2	SzSz r=1	-0.1478593746301876	0.10214062536981244	1.8084407780564198	50.974686341214394
8	DMRG	3	chi4	SzSz r=1	-0.1478593746301876	0.048791679960268064	7.018842481411525	50.974686341214394
8	DMRG	3	chi8	SzSz r=1	-0.1478593746301876	-0.002267762075884916	51.32348862901739	50.974686341214394
8	DMRG	3	chi16	SzSz r=1	-0.1478593746301876	-0.000507084751576875	51.14893778379139	50.974686341214394
8	DMRG	3	chi32	SzSz r=1	-0.1478593746301876	-5.723357442422028e-7	50.97528804148505	50.974686341214394
8	DMRG	3	exact	SzSz r=1	-0.1478593746301876	0.0	50.974686341214394	50.974686341214394
8	DMRG	3	UHF	SzSz r=1	-0.1478593746301876	0.024500618809635888	18.999456807594907	50.974686341214394
8	DMRG	3	UHFsym	SzSz r=1	-0.1478593746301876	-0.0743331349224027	3.8136175872787206	50.974686341214394
8	DMRG	3	chi2	hop up r=1	0.5891219491580344	0.5891219491580344	1.0	43.737872754741964
8	DMRG	3	chi4	hop up r=1	0.5891219491580344	-0.06796154487336603	27.64800727111302	43.737872754741964
8	DMRG	3	chi8	hop up r=1	0.5891219491580344	0.005904554441764187	43.59506774096054	43.737872754741964
8	DMRG	3	chi16	hop up r=1	0.5891219491580344	0.0010680268074292343	43.73984535217847	43.737872754741964
8	DMRG	3	chi32	hop up r=1	0.5891219491580344	-1.2775992476177223e-6	43.73786301958962	43.737872754741964
8	DMRG	3	exact	hop up r=1	0.5891219491580344	0.0	43.737872754741964	43.737872754741964
8	DMRG	3	UHF	hop up r=1	0.5891219491580344	0.14978192017151998	11.68468850752709	43.737872754741964
8	DMRG	3	UHFsym	hop up r=1	0.5891219491580344	0.1497819201715186	11.684688507527248	43.737872754741964
8	ED	4	chi2	n	1.0	0.0	0.9999999999924379	0.999999999994938
8	ED	4	chi4	n	1.0	2.0219048657565963e-11	0.9999999999068453	0.999999999994938
8	ED	4	chi8	n	1.0	4.0223602226774346e-11	0.9999999999752403	0.999999999994938
8	ED	4	chi16	n	1.0	-2.0196067040956223e-11	1.000000000018073	0.999999999994938
8	ED	4	chi32	n	1.0	4.466538250369467e-12	0.999999999994639	0.999999999994938
8	ED	4	exact	n	1.0	4.888867088936877e-12	0.999999999994938	0.999999999994938
8	ED	4	UHF	n	1.0	-4.440892098500626e-16	0.02084390202949984	0.999999999994938
8	ED	4	UHFsym	n	1.0	-8.881784197001252e-16	1.0000000000000013	0.999999999994938
8	ED	4	chi2	Sz	-1.734723475976807e-16	3.804991044464856e-12	0.9999999999964374	0.9999999999994316
8	ED	4	chi4	Sz	-1.734723475976807e-16	3.8315829675728e-11	0.9999999999636295	0.9999999999994316
8	ED	4	chi8	Sz	-1.734723475976807e-16	-4.561646199663372e-12	1.0000000000032798	0.9999999999994316
8	ED	4	chi16	Sz	-1.734723475976807e-16	-5.481101683635359e-13	1.0000000000010103	0.9999999999994316
8	ED	4	chi32	Sz	-1.734723475976807e-16	8.079092950197264e-13	0.9999999999991335	0.9999999999994316
8	ED	4	exact	Sz	-1.734723475976807e-16	4.780967288731119e-13	0.9999999999994316	0.9999999999994316
8	ED	4	UHF	Sz	-1.734723475976807e-16	-0.38446574946374884	0.028665579129361567	0.9999999999994316
8	ED	4	UHFsym	Sz	-1.734723475976807e-16	-1.5135462327897642e-16	0.9999999999999999	0.9999999999994316
8	ED	4	chi2	DoubleOcc	0.10006892739325282	0.10006892739325282	2.156638247318688	28.740300061561214
8	ED	4	chi4	DoubleOcc	0.10006892739325282	0.008499167132450941	26.42844165799234	28.740300061561214
8	ED	4	chi8	DoubleOcc	0.10006892739325282	-0.0006125585936747335	28.723750086990805	28.740300061561214
8	ED	4	chi16	DoubleOcc	0.10006892739325282	6.0255843478435045e-5	28.740492571208524	28.740300061561214
8	ED	4	chi32	DoubleOcc	0.10006892739325282	-1.934182359747405e-6	28.740289619988108	28.740300061561214
8	ED	4	exact	DoubleOcc	0.10006892739325282	5.4080684375179544e-11	28.740300061561214	28.740300061561214
8	ED	4	UHF	DoubleOcc	0.10006892739325282	-0.0021171600960255554	1.2417218050609309	28.740300061561214
8	ED	4	UHFsym	DoubleOcc	0.10006892739325282	-0.002117160096025389	28.571202059140038	28.740300061561214
8	ED	4	chi2	ZZ onsite	-0.5997242904269887	0.4002757095730113	2.1182364822289403	49.4053136007677
8	ED	4	chi4	ZZ onsite	-0.5997242904269887	0.03399666848936522	41.29156959493895	49.4053136007677
8	ED	4	chi8	ZZ onsite	-0.5997242904269887	-0.002450234455147804	49.50302033755405	49.4053136007677
8	ED	4	chi16	ZZ onsite	-0.5997242904269887	0.00024102341430631835	49.39135146388677	49.4053136007677
8	ED	4	chi32	ZZ onsite	-0.5997242904269887	-7.736738372177143e-6	49.405748943777354	49.4053136007677
8	ED	4	exact	ZZ onsite	-0.5997242904269887	2.065438930998198e-10	49.4053136007677	49.4053136007677
8	ED	4	UHF	ZZ onsite	-0.5997242904269887	-0.00846864038410089	49.39867132050245	49.4053136007677
8	ED	4	UHFsym	ZZ onsite	-0.5997242904269887	-0.008468640384100223	49.39867132050249	49.4053136007677
8	ED	4	chi2	ZZ up-up r=1	-0.3435110985596783	-0.03991758115165722	10.191014111956052	12.090393899403672
8	ED	4	chi4	ZZ up-up r=1	-0.3435110985596783	-0.3028721039137244	1.2517601572656152	12.090393899403672
8	ED	4	chi8	ZZ up-up r=1	-0.3435110985596783	-0.001647095913568819	12.066786216552266	12.090393899403672
8	ED	4	chi16	ZZ up-up r=1	-0.3435110985596783	-0.00040911427199624706	12.08507800225585	12.090393899403672
8	ED	4	chi32	ZZ up-up r=1	-0.3435110985596783	-1.1218787042799327e-5	12.09025299034994	12.090393899403672
8	ED	4	exact	ZZ up-up r=1	-0.3435110985596783	-1.4151733118694665e-9	12.090393899403672	12.090393899403672
8	ED	4	UHF	ZZ up-up r=1	-0.3435110985596783	0.4402134344537274	0.6653693099209118	12.090393899403672
8	ED	4	UHFsym	ZZ up-up r=1	-0.3435110985596783	0.045994884583822226	10.562087443540033	12.090393899403672
8	ED	4	chi2	SzSz r=1	-0.06980259515682843	0.00609578419517684	7.561306770877204	8.847733250939191
8	ED	4	chi4	SzSz r=1	-0.06980259515682843	-0.06980259515682843	1.0044382919150232	8.847733250939191
8	ED	4	chi8	SzSz r=1	-0.06980259515682843	6.104992528689623e-5	8.834991126592453	8.847733250939191
8	ED	4	chi16	SzSz r=1	-0.06980259515682843	-8.858191223981571e-5	8.842061193727098	8.847733250939191
8	ED	4	chi32	SzSz r=1	-0.06980259515682843	-9.515238494101075e-6	8.846902232243627	8.847733250939191
8	ED	4	exact	SzSz r=1	-0.06980259515682843	-2.2722129733310226e-10	8.847733250939191	8.847733250939191
8	ED	4	UHF	SzSz r=1	-0.06980259515682843	0.1020699277252077	0.5563967530241314	8.847733250939191
8	ED	4	UHFsym	SzSz r=1	-0.06980259515682843	0.0035152902577320205	8.725160582367545	8.847733250939191
8	ED	4	chi2	hop up r=1	0.3909716436766613	0.3909716436766613	1.0	18.917397784229184
8	ED	4	chi4	hop up r=1	0.3909716436766613	0.1333036842746736	5.762799421388708	18.917397784229184
8	ED	4	chi8	hop up r=1	0.3909716436766613	0.002717424246461708	18.785861095067446	18.917397784229184
8	ED	4	chi16	hop up r=1	0.3909716436766613	0.00016523707747645444	18.910234960650147	18.917397784229184
8	ED	4	chi32	hop up r=1	0.3909716436766613	1.466797569804612e-5	18.916766415233653	18.917397784229184
8	ED	4	exact	hop up r=1	0.3909716436766613	8.977209531302321e-10	18.917397784229184	18.917397784229184
8	ED	4	UHF	hop up r=1	0.3909716436766613	-0.04774111311360851	16.516815856692496	18.917397784229184
8	ED	4	UHFsym	hop up r=1	0.3909716436766613	-0.04774111311360768	16.5168158566926	18.917397784229184
8	DMRG	4	chi2	n	0.9999999999951111	-4.888867088936877e-12	0.9999999999924379	0.999999999994938
8	DMRG	4	chi4	n	0.9999999999951111	1.5330181568629087e-11	0.9999999999068453	0.999999999994938
8	DMRG	4	chi8	n	0.9999999999951111	3.533473513783747e-11	0.9999999999752403	0.999999999994938
8	DMRG	4	chi16	n	0.9999999999951111	-2.50849341298931e-11	1.000000000018073	0.999999999994938
8	DMRG	4	chi32	n	0.9999999999951111	-4.2232883856740955e-13	0.999999999994639	0.999999999994938
8	DMRG	4	exact	n	0.9999999999951111	0.0	0.999999999994938	0.999999999994938
8	DMRG	4	UHF	n	0.9999999999951111	-4.889311178146727e-12	0.02084390202949984	0.999999999994938
8	DMRG	4	UHFsym	n	0.9999999999951111	-4.889755267356577e-12	1.0000000000000013	0.999999999994938
8	DMRG	4	chi2	Sz	-4.782702012207096e-13	3.326894315591744e-12	0.9999999999964374	0.9999999999994316
8	DMRG	4	chi4	Sz	-4.782702012207096e-13	3.7837732946854885e-11	0.9999999999636295	0.9999999999994316
8	DMRG	4	chi8	Sz	-4.782702012207096e-13	-5.039742928536484e-12	1.0000000000032798	0.9999999999994316
8	DMRG	4	chi16	Sz	-4.782702012207096e-13	-1.0262068972366478e-12	1.0000000000010103	0.9999999999994316
8	DMRG	4	chi32	Sz	-4.782702012207096e-13	3.2981256614661447e-13	0.9999999999991335	0.9999999999994316
8	DMRG	4	exact	Sz	-4.782702012207096e-13	0.0	0.9999999999994316	0.9999999999994316
8	DMRG	4	UHF	Sz	-4.782702012207096e-13	-0.38446574946422696	0.028665579129361567	0.9999999999994316
8	DMRG	4	UHFsym	Sz	-4.782702012207096e-13	-4.782480834963909e-13	0.9999999999999999	0.9999999999994316
8	DMRG	4	chi2	DoubleOcc	0.10006892733917214	0.10006892733917214	2.156638247318688	28.740300061561214
8	DMRG	4	chi4	DoubleOcc	0.10006892733917214	0.008499167078370257	26.42844165799234	28.740300061561214
8	DMRG	4	chi8	DoubleOcc	0.10006892733917214	-0.0006125586477554179	28.723750086990805	28.740300061561214
8	DMRG	4	chi16	DoubleOcc	0.10006892733917214	6.025578939775067e-5	28.740492571208524	28.740300061561214
8	DMRG	4	chi32	DoubleOcc	0.10006892733917214	-1.9342364404317802e-6	28.740289619988108	28.740300061561214
8	DMRG	4	exact	DoubleOcc	0.10006892733917214	0.0	28.740300061561214	28.740300061561214
8	DMRG	4	UHF	DoubleOcc	0.10006892733917214	-0.00211716015010624	1.2417218050609309	28.740300061561214
8	DMRG	4	UHFsym	DoubleOcc	0.10006892733917214	-0.0021171601501060733	28.571202059140038	28.740300061561214
8	DMRG	4	chi2	ZZ onsite	-0.5997242906335326	0.4002757093664674	2.1182364822289403	49.4053136007677
8	DMRG	4	chi4	ZZ onsite	-0.5997242906335326	0.03399666828282133	41.29156959493895	49.4053136007677
8	DMRG	4	chi8	ZZ onsite	-0.5997242906335326	-0.002450234661691697	49.50302033755405	49.4053136007677
8	DMRG	4	chi16	ZZ onsite	-0.5997242906335326	0.00024102320776242525	49.39135146388677	49.4053136007677
8	DMRG	4	chi32	ZZ onsite	-0.5997242906335326	-7.736944916070243e-6	49.405748943777354	49.4053136007677
8	DMRG	4	exact	ZZ onsite	-0.5997242906335326	0.0	49.4053136007677	49.4053136007677
8	DMRG	4	UHF	ZZ onsite	-0.5997242906335326	-0.008468640590644783	49.39867132050245	49.4053136007677
8	DMRG	4	UHFsym	ZZ onsite	-0.5997242906335326	-0.008468640590644116	49.39867132050249	49.4053136007677
8	DMRG	4	chi2	ZZ up-up r=1	-0.343511097144505	-0.03991757973648391	10.191014111956052	12.090393899403672
8	DMRG	4	chi4	ZZ up-up r=1	-0.343511097144505	-0.30287210249855107	1.2517601572656152	12.090393899403672
8	DMRG	4	chi8	ZZ up-up r=1	-0.343511097144505	-0.0016470944983955071	12.066786216552266	12.090393899403672
8	DMRG	4	chi16	ZZ up-up r=1	-0.343511097144505	-0.0004091128568229352	12.08507800225585	12.090393899403672
8	DMRG	4	chi32	ZZ up-up r=1	-0.343511097144505	-1.1217371869487458e-5	12.09025299034994	12.090393899403672
8	DMRG	4	exact	ZZ up-up r=1	-0.343511097144505	0.0	12.090393899403672	12.090393899403672
8	DMRG	4	UHF	ZZ up-up r=1	-0.343511097144505	0.4402134358689007	0.6653693099209118	12.090393899403672
8	DMRG	4	UHFsym	ZZ up-up r=1	-0.343511097144505	0.04599488599899554	10.562087443540033	12.090393899403672
8	DMRG	4	chi2	SzSz r=1	-0.06980259492960714	0.006095784422398137	7.561306770877204	8.847733250939191
8	DMRG	4	chi4	SzSz r=1	-0.06980259492960714	-0.06980259492960714	1.0044382919150232	8.847733250939191
8	DMRG	4	chi8	SzSz r=1	-0.06980259492960714	6.105015250819357e-5	8.834991126592453	8.847733250939191
8	DMRG	4	chi16	SzSz r=1	-0.06980259492960714	-8.858168501851837e-5	8.842061193727098	8.847733250939191
8	DMRG	4	chi32	SzSz r=1	-0.06980259492960714	-9.515011272803742e-6	8.846902232243627	8.847733250939191
8	DMRG	4	exact	SzSz r=1	-0.06980259492960714	0.0	8.847733250939191	8.847733250939191
8	DMRG	4	UHF	SzSz r=1	-0.06980259492960714	0.102069927952429	0.5563967530241314	8.847733250939191
8	DMRG	4	UHFsym	SzSz r=1	-0.06980259492960714	0.003515290484953318	8.725160582367545	8.847733250939191
8	DMRG	4	chi2	hop up r=1	0.39097164277894036	0.39097164277894036	1.0	18.917397784229184
8	DMRG	4	chi4	hop up r=1	0.39097164277894036	0.13330368337695264	5.762799421388708	18.917397784229184
8	DMRG	4	chi8	hop up r=1	0.39097164277894036	0.002717423348740755	18.785861095067446	18.917397784229184
8	DMRG	4	chi16	hop up r=1	0.39097164277894036	0.0001652361797555013	18.910234960650147	18.917397784229184
8	DMRG	4	chi32	hop up r=1	0.39097164277894036	1.466707797709299e-5	18.916766415233653	18.917397784229184
8	DMRG	4	exact	hop up r=1	0.39097164277894036	0.0	18.917397784229184	18.917397784229184
8	DMRG	4	UHF	hop up r=1	0.39097164277894036	-0.047741114011329466	16.516815856692496	18.917397784229184
8	DMRG	4	UHFsym	hop up r=1	0.39097164277894036	-0.047741114011328634	16.5168158566926	18.917397784229184
8	ED	5	chi2	n	1.0000000000000002	0.0	0.999999999999891	0.9999999999995175
8	ED	5	chi4	n	1.0000000000000002	-9.05793218208828e-11	1.0000000000312215	0.9999999999995175
8	ED	5	chi8	n	1.0000000000000002	5.994316154556145e-12	0.999999999998325	0.9999999999995175
8	ED	5	chi16	n	1.0000000000000002	2.2531754240162627e-11	0.9999999999921927	0.9999999999995175
8	ED	5	chi32	n	1.0000000000000002	5.8482108045154746e-12	0.999999999998057	0.9999999999995175
8	ED	5	exact	n	1.0000000000000002	1.7755796832830129e-12	0.9999999999995175	0.9999999999995175
8	ED	5	UHF	n	1.0000000000000002	1.5543122344752192e-15	0.022505620492720306	0.9999999999995175
8	ED	5	UHFsym	n	1.0000000000000002	1.5543122344752192e-15	1.0000000000000018	0.9999999999995175
8	ED	5	chi2	Sz	3.191891195797325e-16	-1.5979856327064113e-12	1.0000000000017595	0.9999999999974765
8	ED	5	chi4	Sz	3.191891195797325e-16	-1.3249235042422924e-11	1.0000000000265215	0.9999999999974765
8	ED	5	chi8	Sz	3.191891195797325e-16	6.435456334497047e-12	0.9999999999921249	0.9999999999974765
8	ED	5	chi16	Sz	3.191891195797325e-16	2.6650764928248805e-12	0.999999999994097	0.9999999999974765
8	ED	5	chi32	Sz	3.191891195797325e-16	1.860921139407168e-12	0.9999999999971806	0.9999999999974765
8	ED	5	exact	Sz	3.191891195797325e-16	2.0795934418949003e-12	0.9999999999974765	0.9999999999974765
8	ED	5	UHF	Sz	3.191891195797325e-16	0.3844657494637477	0.03183880669510075	0.9999999999974765
8	ED	5	UHFsym	Sz	3.191891195797325e-16	3.122502256758253e-16	0.9999999999999999	0.9999999999974765
8	ED	5	chi2	DoubleOcc	0.1000689273932528	0.1000689273932528	2.0653824669964744	28.592929407100186
8	ED	5	chi4	DoubleOcc	0.1000689273932528	0.01469489260797785	21.68668058405946	28.592929407100186
8	ED	5	chi8	DoubleOcc	0.1000689273932528	-1.2344170120498488e-5	28.594092003792483	28.592929407100186
8	ED	5	chi16	DoubleOcc	0.1000689273932528	5.096902522822022e-5	28.588014819536607	28.592929407100186
8	ED	5	chi32	DoubleOcc	0.1000689273932528	-2.072661900359707e-6	28.593125372103525	28.592929407100186
8	ED	5	exact	DoubleOcc	0.1000689273932528	4.700423383852126e-11	28.592929407100186	28.592929407100186
8	ED	5	UHF	DoubleOcc	0.1000689273932528	-0.002117160096025583	1.383588896397257	28.592929407100186
8	ED	5	UHFsym	DoubleOcc	0.1000689273932528	-0.0021171600960258052	28.633161295674796	28.592929407100186
8	ED	5	chi2	ZZ onsite	-0.599724290426989	0.4002757095730112	2.207850599747046	50.985233749806675
8	ED	5	chi4	ZZ onsite	-0.599724290426989	0.058779570613069376	34.84180780965108	50.985233749806675
8	ED	5	chi8	ZZ onsite	-0.599724290426989	-4.9376692473290795e-5	50.9845600245899	50.985233749806675
8	ED	5	chi16	ZZ onsite	-0.599724290426989	0.0002038760558498165	50.98765099033757	50.985233749806675
8	ED	5	chi32	ZZ onsite	-0.599724290426989	-8.290659298193503e-6	50.98512302983471	50.985233749806675
8	ED	5	exact	ZZ onsite	-0.599724290426989	1.8446444371988946e-10	50.985233749806675	50.985233749806675
8	ED	5	UHF	ZZ onsite	-0.599724290426989	-0.00846864038410522	50.37348292031402	50.985233749806675
8	ED	5	UHFsym	ZZ onsite	-0.599724290426989	-0.008468640384106108	50.37348292031391	50.985233749806675
8	ED	5	chi2	ZZ up-up r=1	-0.70250564905846	0.2974943509415402	5.488334819930532	90.92435465578151
8	ED	5	chi4	ZZ up-up r=1	-0.70250564905846	0.14499653852276362	19.76732551358432	90.92435465578151
8	ED	5	chi8	ZZ up-up r=1	-0.70250564905846	-0.010034543056788192	88.15495514994309	90.92435465578151
8	ED	5	chi16	ZZ up-up r=1	-0.70250564905846	-0.0030272956879102697	90.41332295559033	90.92435465578151
8	ED	5	chi32	ZZ up-up r=1	-0.70250564905846	1.1589615052098878e-6	90.9244939657601	90.92435465578151
8	ED	5	exact	ZZ up-up r=1	-0.70250564905846	-9.286915680917218e-10	90.92435465578151	90.92435465578151
8	ED	5	UHF	ZZ up-up r=1	-0.70250564905846	0.0834441552357642	42.38119651737407	90.92435465578151
8	ED	5	UHFsym	ZZ up-up r=1	-0.70250564905846	-0.3118908596923862	4.797110829636829	90.92435465578151
8	ED	5	chi2	SzSz r=1	-0.14785937468255284	0.10214062531744722	2.0197576680958806	58.76017652742848
8	ED	5	chi4	SzSz r=1	-0.14785937468255284	0.048718515587136246	8.016106009173711	58.76017652742848
8	ED	5	chi8	SzSz r=1	-0.14785937468255284	-0.0023490220850961863	57.35075842382515	58.76017652742848
8	ED	5	chi16	SzSz r=1	-0.14785937468255284	-0.0005047454029454557	58.63193412766581	58.76017652742848
8	ED	5	chi32	SzSz r=1	-0.14785937468255284	-6.599527111461612e-7	58.760258889004945	58.76017652742848
8	ED	5	exact	SzSz r=1	-0.14785937468255284	-7.093020615300816e-12	58.76017652742848	58.76017652742848
8	ED	5	UHF	SzSz r=1	-0.14785937468255284	0.024500618757269083	22.808827448834414	58.76017652742848
8	ED	5	UHFsym	SzSz r=1	-0.14785937468255284	-0.07433313497476847	3.789458324076598	58.76017652742848
8	ED	5	chi2	hop up r=1	0.5891219492938934	0.5891219492938934	1.0	42.41696637024304
8	ED	5	chi4	hop up r=1	0.5891219492938934	-0.06458046797730266	29.62367013492821	42.41696637024304
8	ED	5	chi8	hop up r=1	0.5891219492938934	0.0058892376014201275	42.017965687891405	42.41696637024304
8	ED	5	chi16	hop up r=1	0.5891219492938934	0.0010854450329623733	42.36883164818621	42.41696637024304
8	ED	5	chi32	hop up r=1	0.5891219492938934	4.1234798781042414e-6	42.41680558985471	42.41696637024304
8	ED	5	exact	hop up r=1	0.5891219492938934	2.63389754451282e-10	42.41696637024304	42.41696637024304
8	ED	5	UHF	hop up r=1	0.5891219492938934	0.14978192030737686	11.221810209413992	42.41696637024304
8	ED	5	UHFsym	hop up r=1	0.5891219492938934	0.1497819203073767	11.221810209414013	42.41696637024304
8	DMRG	5	chi2	n	0.9999999999982246	-1.7755796832830129e-12	0.999999999999891	0.9999999999995175
8	DMRG	5	chi4	n	0.9999999999982246	-9.235490150416581e-11	1.0000000000312215	0.9999999999995175
8	DMRG	5	chi8	n	0.9999999999982246	4.218736471273132e-12	0.999999999998325	0.9999999999995175
8	DMRG	5	chi16	n	0.9999999999982246	2.0756174556879614e-11	0.9999999999921927	0.9999999999995175
8	DMRG	5	chi32	n	0.9999999999982246	4.072631121232462e-12	0.999999999998057	0.9999999999995175
8	DMRG	5	exact	n	0.9999999999982246	0.0	0.9999999999995175	0.9999999999995175
8	DMRG	5	UHF	n	0.9999999999982246	-1.7740253710485376e-12	0.022505620492720306	0.9999999999995175
8	DMRG	5	UHFsym	n	0.9999999999982246	-1.7740253710485376e-12	1.0000000000000018	0.9999999999995175
8	DMRG	5	chi2	Sz	-2.0792742527753205e-12	-3.6775790746013115e-12	1.0000000000017595	0.9999999999974765
8	DMRG	5	chi4	Sz	-2.0792742527753205e-12	-1.5328828484317825e-11	1.0000000000265215	0.9999999999974765
8	DMRG	5	chi8	Sz	-2.0792742527753205e-12	4.355862892602147e-12	0.9999999999921249	0.9999999999974765
8	DMRG	5	chi16	Sz	-2.0792742527753205e-12	5.854830509299802e-13	0.999999999994097	0.9999999999974765
8	DMRG	5	chi32	Sz	-2.0792742527753205e-12	-2.186723024877324e-13	0.9999999999971806	0.9999999999974765
8	DMRG	5	exact	Sz	-2.0792742527753205e-12	0.0	0.9999999999974765	0.9999999999974765
8	DMRG	5	UHF	Sz	-2.0792742527753205e-12	0.38446574946166806	0.03183880669510075	0.9999999999974765
8	DMRG	5	UHFsym	Sz	-2.0792742527753205e-12	-2.0792811916692244e-12	0.9999999999999999	0.9999999999974765
8	DMRG	5	chi2	DoubleOcc	0.10006892734624856	0.10006892734624856	2.0653824669964744	28.592929407100186
8	DMRG	5	chi4	DoubleOcc	0.10006892734624856	0.014694892560973616	21.68668058405946	28.592929407100186
8	DMRG	5	chi8	DoubleOcc	0.10006892734624856	-1.2344217124732326e-5	28.594092003792483	28.592929407100186
8	DMRG	5	chi16	DoubleOcc	0.10006892734624856	5.096897822398638e-5	28.588014819536607	28.592929407100186
8	DMRG	5	chi32	DoubleOcc	0.10006892734624856	-2.0727089045935454e-6	28.593125372103525	28.592929407100186
8	DMRG	5	exact	DoubleOcc	0.10006892734624856	0.0	28.592929407100186	28.592929407100186
8	DMRG	5	UHF	DoubleOcc	0.10006892734624856	-0.002117160143029817	1.383588896397257	28.592929407100186
8	DMRG	5	UHFsym	DoubleOcc	0.10006892734624856	-0.002117160143030039	28.633161295674796	28.592929407100186
8	DMRG	5	chi2	ZZ onsite	-0.5997242906114535	0.40027570938854673	2.207850599747046	50.985233749806675
8	DMRG	5	chi4	ZZ onsite	-0.5997242906114535	0.05877957042860493	34.84180780965108	50.985233749806675
8	DMRG	5	chi8	ZZ onsite	-0.5997242906114535	-4.9376876937734515e-5	50.9845600245899	50.985233749806675
8	DMRG	5	chi16	ZZ onsite	-0.5997242906114535	0.00020387587138537278	50.98765099033757	50.985233749806675
8	DMRG	5	chi32	ZZ onsite	-0.5997242906114535	-8.290843762637223e-6	50.98512302983471	50.985233749806675
8	DMRG	5	exact	ZZ onsite	-0.5997242906114535	0.0	50.985233749806675	50.985233749806675
8	DMRG	5	UHF	ZZ onsite	-0.5997242906114535	-0.008468640568569663	50.37348292031402	50.985233749806675
8	DMRG	5	UHFsym	ZZ onsite	-0.5997242906114535	-0.008468640568570551	50.37348292031391	50.985233749806675
8	DMRG	5	chi2	ZZ up-up r=1	-0.7025056481297685	0.29749435187023177	5.488334819930532	90.92435465578151
8	DMRG	5	chi4	ZZ up-up r=1	-0.7025056481297685	0.1449965394514552	19.76732551358432	90.92435465578151
8	DMRG	5	chi8	ZZ up-up r=1	-0.7025056481297685	-0.010034542128096624	88.15495514994309	90.92435465578151
8	DMRG	5	chi16	ZZ up-up r=1	-0.7025056481297685	-0.0030272947592187016	90.41332295559033	90.92435465578151
8	DMRG	5	chi32	ZZ up-up r=1	-0.7025056481297685	1.1598901967779796e-6	90.9244939657601	90.92435465578151
8	DMRG	5	exact	ZZ up-up r=1	-0.7025056481297685	0.0	90.92435465578151	90.92435465578151
8	DMRG	5	UHF	ZZ up-up r=1	-0.7025056481297685	0.08344415616445577	42.38119651737407	90.92435465578151
8	DMRG	5	UHFsym	ZZ up-up r=1	-0.7025056481297685	-0.31189085876369466	4.797110829636829	90.92435465578151
8	DMRG	5	chi2	SzSz r=1	-0.14785937467545981	0.10214062532454024	2.0197576680958806	58.76017652742848
8	DMRG	5	chi4	SzSz r=1	-0.14785937467545981	0.04871851559422927	8.016106009173711	58.76017652742848
8	DMRG	5	chi8	SzSz r=1	-0.14785937467545981	-0.0023490220780031656	57.35075842382515	58.76017652742848
8	DMRG	5	chi16	SzSz r=1	-0.14785937467545981	-0.000504745395852435	58.63193412766581	58.76017652742848
8	DMRG	5	chi32	SzSz r=1	-0.14785937467545981	-6.599456181255459e-7	58.760258889004945	58.76017652742848
8	DMRG	5	exact	SzSz r=1	-0.14785937467545981	0.0	58.76017652742848	58.76017652742848
8	DMRG	5	UHF	SzSz r=1	-0.14785937467545981	0.024500618764362103	22.808827448834414	58.76017652742848
8	DMRG	5	UHFsym	SzSz r=1	-0.14785937467545981	-0.07433313496767545	3.789458324076598	58.76017652742848
8	DMRG	5	chi2	hop up r=1	0.5891219490305036	0.5891219490305036	1.0	42.41696637024304
8	DMRG	5	chi4	hop up r=1	0.5891219490305036	-0.06458046824069241	29.62367013492821	42.41696637024304
8	DMRG	5	chi8	hop up r=1	0.5891219490305036	0.005889237338030373	42.017965687891405	42.41696637024304
8	DMRG	5	chi16	hop up r=1	0.5891219490305036	0.0010854447695726188	42.36883164818621	42.41696637024304
8	DMRG	5	chi32	hop up r=1	0.5891219490305036	4.12321648834979e-6	42.41680558985471	42.41696637024304
8	DMRG	5	exact	hop up r=1	0.5891219490305036	0.0	42.41696637024304	42.41696637024304
8	DMRG	5	UHF	hop up r=1	0.5891219490305036	0.1497819200439871	11.221810209413992	42.41696637024304
8	DMRG	5	UHFsym	hop up r=1	0.5891219490305036	0.14978192004398694	11.221810209414013	42.41696637024304
8	ED	6	chi2	n	1.0000000000000004	4.440892098500626e-16	1.000000000001131	0.9999999999616672
8	ED	6	chi4	n	1.0000000000000004	-1.7487788994685616e-11	0.999999999939652	0.9999999999616672
8	ED	6	chi8	n	1.0000000000000004	-1.4703127604320798e-11	0.9999999999735205	0.9999999999616672
8	ED	6	chi16	n	1.0000000000000004	-1.2011946992629419e-11	0.999999999977639	0.9999999999616672
8	ED	6	chi32	n	1.0000000000000004	-1.8249846078788323e-11	0.9999999999647323	0.9999999999616672
8	ED	6	exact	n	1.0000000000000004	-1.971756091734278e-11	0.9999999999616672	0.9999999999616672
8	ED	6	UHF	n	1.0000000000000004	2.1094237467877974e-15	0.018762413397364366	0.9999999999616672
8	ED	6	UHFsym	n	1.0000000000000004	2.1094237467877974e-15	1.000000000000004	0.9999999999616672
8	ED	6	chi2	Sz	-3.95516952522712e-16	1.597937060449084e-12	1.0000000000017066	0.9999999999778505
8	ED	6	chi4	Sz	-3.95516952522712e-16	-4.078404974849903e-11	0.9999999999405829	0.9999999999778505
8	ED	6	chi8	Sz	-3.95516952522712e-16	-7.195632978351796e-15	0.9999999999866567	0.9999999999778505
8	ED	6	chi16	Sz	-3.95516952522712e-16	-1.0271540562545312e-12	0.9999999999880057	0.9999999999778505
8	ED	6	chi32	Sz	-3.95516952522712e-16	-3.393695047204659e-12	0.9999999999798209	0.9999999999778505
8	ED	6	exact	Sz	-3.95516952522712e-16	-3.992202401992273e-12	0.9999999999778505	0.9999999999778505
8	ED	6	UHF	Sz	-3.95516952522712e-16	-0.38555459364804967	0.029220219992435507	0.9999999999778505
8	ED	6	UHFsym	Sz	-3.95516952522712e-16	-3.86843335142828e-16	1.0000000000000016	0.9999999999778505
8	ED	6	chi2	DoubleOcc	0.09785017716770045	0.09785017716770045	2.3162610292666415	25.890305379068256
8	ED	6	chi4	DoubleOcc	0.09785017716770045	0.007660226082392002	24.48865887896791	25.890305379068256
8	ED	6	chi8	DoubleOcc	0.09785017716770045	-0.0010692506651092393	25.838579657084505	25.890305379068256
8	ED	6	chi16	DoubleOcc	0.09785017716770045	5.0231874492601136e-5	25.891181849181	25.890305379068256
8	ED	6	chi32	DoubleOcc	0.09785017716770045	4.718820627303e-7	25.890314260356693	25.890305379068256
8	ED	6	exact	DoubleOcc	0.09785017716770045	1.4959425365113077e-10	25.890305379068256	25.890305379068256
8	ED	6	UHF	DoubleOcc	0.09785017716770045	-0.0034974781491863005	1.2141478451751344	25.890305379068256
8	ED	6	UHFsym	DoubleOcc	0.09785017716770045	-0.003497478149186245	25.491648268101873	25.890305379068256
8	ED	6	chi2	ZZ onsite	-0.6085992913291987	0.39140070867080134	2.2856051031534674	45.663810424920996
8	ED	6	chi4	ZZ onsite	-0.6085992913291987	0.030640904364543586	40.10765226533442	45.663810424920996
8	ED	6	chi8	ZZ onsite	-0.6085992913291987	-0.0042770026310335885	45.71570510328156	45.663810424920996
8	ED	6	chi16	ZZ onsite	-0.6085992913291987	0.00020092752199496466	45.65636908920561	45.663810424920996
8	ED	6	chi32	ZZ onsite	-0.6085992913291987	1.8875647501692683e-6	45.66374262142759	45.663810424920996
8	ED	6	exact	ZZ onsite	-0.6085992913291987	6.37811026216184e-10	45.663810424920996	45.663810424920996
8	ED	6	UHF	ZZ onsite	-0.6085992913291987	-0.013989912596748977	45.08456465200269	45.663810424920996
8	ED	6	UHFsym	ZZ onsite	-0.6085992913291987	-0.013989912596748755	45.08456465200272	45.663810424920996
8	ED	6	chi2	ZZ up-up r=1	-0.3135791097449369	-0.027429089887950064	9.540279271446783	10.101359262085252
8	ED	6	chi4	ZZ up-up r=1	-0.3135791097449369	-0.27481884151538977	1.2665077810435723	10.101359262085252
8	ED	6	chi8	ZZ up-up r=1	-0.3135791097449369	-0.001921577137002084	10.106252227597878	10.101359262085252
8	ED	6	chi16	ZZ up-up r=1	-0.3135791097449369	-5.3318599985641146e-5	10.101589488176117	10.101359262085252
8	ED	6	chi32	ZZ up-up r=1	-0.3135791097449369	1.9444393723477837e-6	10.101350762641593	10.101359262085252
8	ED	6	exact	ZZ up-up r=1	-0.3135791097449369	-3.80256159893122e-10	10.101359262085252	10.101359262085252
8	ED	6	UHF	ZZ up-up r=1	-0.3135791097449369	0.46338593307534276	0.47266448748495965	10.101359262085252
8	ED	6	UHFsym	ZZ up-up r=1	-0.3135791097449369	0.07141418741481648	6.689819854120214	10.101359262085252
8	ED	6	chi2	SzSz r=1	-0.06340708055575744	0.008130424408489267	5.895560192967888	7.334231693388772
8	ED	6	chi4	SzSz r=1	-0.06340708055575744	-0.06340708055575746	1.0135640540484288	7.334231693388772
8	ED	6	chi8	SzSz r=1	-0.06340708055575744	-0.000250262671749546	7.2901928388506665	7.334231693388772
8	ED	6	chi16	SzSz r=1	-0.06340708055575744	2.8399443188498186e-6	7.335093570007219	7.334231693388772
8	ED	6	chi32	SzSz r=1	-0.06340708055575744	4.246710821609323e-7	7.334232917062416	7.334231693388772
8	ED	6	exact	SzSz r=1	-0.06340708055575744	-5.849541684366244e-11	7.334231693388772	7.334231693388772
8	ED	6	UHF	SzSz r=1	-0.06340708055575744	0.10719928168187065	0.4020836697419345	7.334231693388772
8	ED	6	UHFsym	SzSz r=1	-0.06340708055575744	0.009206345266739094	6.559394099950633	7.334231693388772
8	ED	6	chi2	hop up r=1	0.37024087923018656	0.37024087923018656	1.0	14.924694886477683
8	ED	6	chi4	hop up r=1	0.37024087923018656	0.11817463857558225	6.04742508245411	14.924694886477683
8	ED	6	chi8	hop up r=1	0.37024087923018656	0.0029853800476182246	14.88419783441697	14.924694886477683
8	ED	6	chi16	hop up r=1	0.37024087923018656	5.608157924280599e-5	14.924177089779755	14.924694886477683
8	ED	6	chi32	hop up r=1	0.37024087923018656	-8.65930975535445e-7	14.924702815869038	14.924694886477683
8	ED	6	exact	hop up r=1	0.37024087923018656	8.160739861651223e-10	14.924694886477683	14.924694886477683
8	ED	6	UHF	hop up r=1	0.37024087923018656	-0.06459148817078547	10.83620000080581	14.924694886477683
8	ED	6	UHFsym	hop up r=1	0.37024087923018656	-0.0645914881707857	10.83620000080579	14.924694886477683
8	DMRG	6	chi2	n	1.000000000019718	1.971800500655263e-11	1.000000000001131	0.9999999999616672
8	DMRG	6	chi4	n	1.000000000019718	2.2297719226571644e-12	0.999999999939652	0.9999999999616672
8	DMRG	6	chi8	n	1.000000000019718	5.014433313021982e-12	0.9999999999735205	0.9999999999616672
8	DMRG	6	chi16	n	1.000000000019718	7.705613924713361e-12	0.999999999977639	0.9999999999616672
8	DMRG	6	chi32	n	1.000000000019718	1.467714838554457e-12	0.9999999999647323	0.9999999999616672
8	DMRG	6	exact	n	1.000000000019718	0.0	0.9999999999616672	0.9999999999616672
8	DMRG	6	UHF	n	1.000000000019718	1.9719670341089568e-11	0.018762413397364366	0.9999999999616672
8	DMRG	6	UHFsym	n	1.000000000019718	1.9719670341089568e-11	1.000000000000004	0.9999999999616672
8	DMRG	6	chi2	Sz	3.99180688503975e-12	5.590139462441357e-12	1.0000000000017066	0.9999999999778505
8	DMRG	6	chi4	Sz	3.99180688503975e-12	-3.6791847346506756e-11	0.9999999999405829	0.9999999999778505
8	DMRG	6	chi8	Sz	3.99180688503975e-12	3.985006769013921e-12	0.9999999999866567	0.9999999999778505
8	DMRG	6	chi16	Sz	3.99180688503975e-12	2.965048345737742e-12	0.9999999999880057	0.9999999999778505
8	DMRG	6	chi32	Sz	3.99180688503975e-12	5.985073547876141e-13	0.9999999999798209	0.9999999999778505
8	DMRG	6	exact	Sz	3.99180688503975e-12	0.0	0.9999999999778505	0.9999999999778505
8	DMRG	6	UHF	Sz	3.99180688503975e-12	-0.3855545936440575	0.029220219992435507	0.9999999999778505
8	DMRG	6	UHFsym	Sz	3.99180688503975e-12	3.99181555865713e-12	1.0000000000000016	0.9999999999778505
8	DMRG	6	chi2	DoubleOcc	0.0978501770181062	0.0978501770181062	2.3162610292666415	25.890305379068256
8	DMRG	6	chi4	DoubleOcc	0.0978501770181062	0.0076602259327977484	24.48865887896791	25.890305379068256
8	DMRG	6	chi8	DoubleOcc	0.0978501770181062	-0.001069250814703493	25.838579657084505	25.890305379068256
8	DMRG	6	chi16	DoubleOcc	0.0978501770181062	5.0231724898347485e-5	25.891181849181	25.890305379068256
8	DMRG	6	chi32	DoubleOcc	0.0978501770181062	4.7173246847664885e-7	25.890314260356693	25.890305379068256
8	DMRG	6	exact	DoubleOcc	0.0978501770181062	0.0	25.890305379068256	25.890305379068256
8	DMRG	6	UHF	DoubleOcc	0.0978501770181062	-0.003497478298780554	1.2141478451751344	25.890305379068256
8	DMRG	6	UHFsym	DoubleOcc	0.0978501770181062	-0.0034974782987804987	25.491648268101873	25.890305379068256
8	DMRG	6	chi2	ZZ onsite	-0.6085992919670097	0.3914007080329903	2.2856051031534674	45.663810424920996
8	DMRG	6	chi4	ZZ onsite	-0.6085992919670097	0.03064090372673256	40.10765226533442	45.663810424920996
8	DMRG	6	chi8	ZZ onsite	-0.6085992919670097	-0.004277003268844615	45.71570510328156	45.663810424920996
8	DMRG	6	chi16	ZZ onsite	-0.6085992919670097	0.00020092688418393845	45.65636908920561	45.663810424920996
8	DMRG	6	chi32	ZZ onsite	-0.6085992919670097	1.886926939143052e-6	45.66374262142759	45.663810424920996
8	DMRG	6	exact	ZZ onsite	-0.6085992919670097	0.0	45.663810424920996	45.663810424920996
8	DMRG	6	UHF	ZZ onsite	-0.6085992919670097	-0.013989913234560003	45.08456465200269	45.663810424920996
8	DMRG	6	UHFsym	ZZ onsite	-0.6085992919670097	-0.013989913234559781	45.08456465200272	45.663810424920996
8	DMRG	6	chi2	ZZ up-up r=1	-0.31357910936468075	-0.027429089507693905	9.540279271446783	10.101359262085252
8	DMRG	6	chi4	ZZ up-up r=1	-0.31357910936468075	-0.2748188411351336	1.2665077810435723	10.101359262085252
8	DMRG	6	chi8	ZZ up-up r=1	-0.31357910936468075	-0.001921576756745924	10.106252227597878	10.101359262085252
8	DMRG	6	chi16	ZZ up-up r=1	-0.31357910936468075	-5.331821972948125e-5	10.101589488176117	10.101359262085252
8	DMRG	6	chi32	ZZ up-up r=1	-0.31357910936468075	1.944819628507677e-6	10.101350762641593	10.101359262085252
8	DMRG	6	exact	ZZ up-up r=1	-0.31357910936468075	0.0	10.101359262085252	10.101359262085252
8	DMRG	6	UHF	ZZ up-up r=1	-0.31357910936468075	0.4633859334555989	0.47266448748495965	10.101359262085252
8	DMRG	6	UHFsym	ZZ up-up r=1	-0.31357910936468075	0.07141418779507264	6.689819854120214	10.101359262085252
8	DMRG	6	chi2	SzSz r=1	-0.06340708049726203	0.008130424466984684	5.895560192967888	7.334231693388772
8	DMRG	6	chi4	SzSz r=1	-0.06340708049726203	-0.06340708049726204	1.0135640540484288	7.334231693388772
8	DMRG	6	chi8	SzSz r=1	-0.06340708049726203	-0.00025026261325412913	7.2901928388506665	7.334231693388772
8	DMRG	6	chi16	SzSz r=1	-0.06340708049726203	2.8400028142666622e-6	7.335093570007219	7.334231693388772
8	DMRG	6	chi32	SzSz r=1	-0.06340708049726203	4.2472957757777596e-7	7.334232917062416	7.334231693388772
8	DMRG	6	exact	SzSz r=1	-0.06340708049726203	0.0	7.334231693388772	7.334231693388772
8	DMRG	6	UHF	SzSz r=1	-0.06340708049726203	0.10719928174036607	0.4020836697419345	7.334231693388772
8	DMRG	6	UHFsym	SzSz r=1	-0.06340708049726203	0.00920634532523451	6.559394099950633	7.334231693388772
8	DMRG	6	chi2	hop up r=1	0.3702408784141126	0.3702408784141126	1.0	14.924694886477683
8	DMRG	6	chi4	hop up r=1	0.3702408784141126	0.11817463775950826	6.04742508245411	14.924694886477683
8	DMRG	6	chi8	hop up r=1	0.3702408784141126	0.0029853792315442385	14.88419783441697	14.924694886477683
8	DMRG	6	chi16	hop up r=1	0.3702408784141126	5.6080763168819825e-5	14.924177089779755	14.924694886477683
8	DMRG	6	chi32	hop up r=1	0.3702408784141126	-8.667470495216101e-7	14.924702815869038	14.924694886477683
8	DMRG	6	exact	hop up r=1	0.3702408784141126	0.0	14.924694886477683	14.924694886477683
8	DMRG	6	UHF	hop up r=1	0.3702408784141126	-0.06459148898685946	10.83620000080581	14.924694886477683
8	DMRG	6	UHFsym	hop up r=1	0.3702408784141126	-0.06459148898685968	10.83620000080579	14.924694886477683
8	ED	7	chi2	n	1.0	-2.220446049250313e-16	0.9999999999868359	1.0000000000402935
8	ED	7	chi4	n	1.0	5.854006168704018e-11	1.0000000000310252	1.0000000000402935
8	ED	7	chi8	n	1.0	1.0848111298145113e-10	1.0000000000419649	1.0000000000402935
8	ED	7	chi16	n	1.0	1.0538547812188881e-10	1.0000000000416644	1.0000000000402935
8	ED	7	chi32	n	1.0	1.0410672324212555e-10	1.0000000000375153	1.0000000000402935
8	ED	7	exact	n	1.0	1.0978096209868227e-10	1.0000000000402935	1.0000000000402935
8	ED	7	UHF	n	1.0	2.4424906541753444e-15	0.019473496724134017	1.0000000000402935
8	ED	7	UHFsym	n	1.0	2.4424906541753444e-15	1.0000000000000009	1.0000000000402935
8	ED	7	chi2	Sz	-2.0816681711721685e-17	6.102320038170461e-12	1.0000000000089158	0.9999999999138068
8	ED	7	chi4	Sz	-2.0816681711721685e-17	-2.2465362903290043e-12	0.9999999999475778	0.9999999999138068
8	ED	7	chi8	Sz	-2.0816681711721685e-17	3.0360575165033765e-12	0.9999999999133725	0.9999999999138068
8	ED	7	chi16	Sz	-2.0816681711721685e-17	2.5326823971383305e-12	0.999999999915238	0.9999999999138068
8	ED	7	chi32	Sz	-2.0816681711721685e-17	4.191431923761257e-12	0.9999999999187339	0.9999999999138068
8	ED	7	exact	Sz	-2.0816681711721685e-17	4.079646342969312e-12	0.9999999999138068	0.9999999999138068
8	ED	7	UHF	Sz	-2.0816681711721685e-17	0.3811949492796035	0.030174438323147694	0.9999999999138068
8	ED	7	UHFsym	Sz	-2.0816681711721685e-17	-1.9081958235744878e-17	0.9999999999999978	0.9999999999138068
8	ED	7	chi2	DoubleOcc	0.09902588447566996	0.09902588447566996	2.2622218315187874	29.315045810378923
8	ED	7	chi4	DoubleOcc	0.09902588447566996	0.012874217979601227	24.699291649496992	29.315045810378923
8	ED	7	chi8	DoubleOcc	0.09902588447566996	0.0005021554168590514	29.325973717343125	29.315045810378923
8	ED	7	chi16	DoubleOcc	0.09902588447566996	2.670188510142668e-5	29.316085690794072	29.315045810378923
8	ED	7	chi32	DoubleOcc	0.09902588447566996	3.351359462167025e-7	29.315059179527957	29.315045810378923
8	ED	7	exact	DoubleOcc	0.09902588447566996	3.6726260921327025e-11	29.315045810378923	29.315045810378923
8	ED	7	UHF	DoubleOcc	0.09902588447566996	-0.005664526168049355	1.10914498860086	29.315045810378923
8	ED	7	UHFsym	DoubleOcc	0.09902588447566996	-0.0056645261680492165	27.99154187276495	29.315045810378923
8	ED	7	chi2	ZZ onsite	-0.6038964620973202	0.39610353790268005	2.267642935002554	52.73123240156126
8	ED	7	chi4	ZZ onsite	-0.6038964620973202	0.05149687180132456	38.32233851611462	52.73123240156126
8	ED	7	chi8	ZZ onsite	-0.6038964620973202	0.002008621450471537	52.70141844797862	52.73123240156126
8	ED	7	chi16	ZZ onsite	-0.6038964620973202	0.00010680732963508355	52.731165481162776	52.73123240156126
8	ED	7	chi32	ZZ onsite	-0.6038964620973202	1.340335570421125e-6	52.73123261910896	52.73123240156126
8	ED	7	exact	ZZ onsite	-0.6038964620973202	-7.265854584659337e-11	52.73123240156126	52.73123240156126
8	ED	7	UHF	ZZ onsite	-0.6038964620973202	-0.022658104672202306	49.14853295450555	52.73123240156126
8	ED	7	UHFsym	ZZ onsite	-0.6038964620973202	-0.022658104672201973	49.14853295450562	52.73123240156126
8	ED	7	chi2	ZZ up-up r=1	-0.8353022262678377	0.16469777373216254	22.435155441949007	198.22811556170367
8	ED	7	chi4	ZZ up-up r=1	-0.8353022262678377	0.08717723727306825	61.36488416747661	198.22811556170367
8	ED	7	chi8	ZZ up-up r=1	-0.8353022262678377	0.004279762947921206	196.4904011739537	198.22811556170367
8	ED	7	chi16	ZZ up-up r=1	-0.8353022262678377	0.00027175057312300854	198.17806419123127	198.22811556170367
8	ED	7	chi32	ZZ up-up r=1	-0.8353022262678377	5.06821435664051e-6	198.2272579917445	198.22811556170367
8	ED	7	exact	ZZ up-up r=1	-0.8353022262678377	7.482646724454867e-10	198.22811556170367	198.22811556170367
8	ED	7	UHF	ZZ up-up r=1	-0.8353022262678377	0.05056427250896489	112.09321577279336	198.22811556170367
8	ED	7	UHFsym	ZZ up-up r=1	-0.8353022262678377	-0.39451837946744756	4.4228732649361	198.22811556170367
8	ED	7	chi2	SzSz r=1	-0.1771488346652668	0.07285116533473326	5.634980570731048	110.90353131978253
8	ED	7	chi4	SzSz r=1	-0.1771488346652668	0.028372546097622103	30.020129777623264	110.90353131978253
8	ED	7	chi8	SzSz r=1	-0.1771488346652668	0.0009147418327316859	111.15582562282552	110.90353131978253
8	ED	7	chi16	SzSz r=1	-0.1771488346652668	5.4118227005184316e-5	110.93504200882765	110.90353131978253
8	ED	7	chi32	SzSz r=1	-0.1771488346652668	1.1621134488604135e-6	110.90429194587104	110.90353131978253
8	ED	7	exact	SzSz r=1	-0.1771488346652668	7.018172154538149e-11	110.90353131978253	110.90353131978253
8	ED	7	UHF	SzSz r=1	-0.1771488346652668	0.017027289037352622	57.42980215871167	110.90353131978253
8	ED	7	UHFsym	SzSz r=1	-0.1771488346652668	-0.09424337395675034	3.4783148087265245	110.90353131978253
8	ED	7	chi2	hop up r=1	0.6413966447146378	0.6413966447146378	1.0	69.52517622466905
8	ED	7	chi4	hop up r=1	0.6413966447146378	-0.0350548626663425	58.70455970976899	69.52517622466905
8	ED	7	chi8	hop up r=1	0.6413966447146378	-0.0020999477276294476	69.55480633300878	69.52517622466905
8	ED	7	chi16	hop up r=1	0.6413966447146378	-0.00017742538312504053	69.53160906937707	69.52517622466905
8	ED	7	chi32	hop up r=1	0.6413966447146378	-2.0920721289785504e-6	69.52525625303866	69.52517622466905
8	ED	7	exact	hop up r=1	0.6413966447146378	-1.1156493506803145e-9	69.52517622466905	69.52517622466905
8	ED	7	UHF	hop up r=1	0.6413966447146378	0.17414509797279176	11.357780942133576	69.52517622466905
8	ED	7	UHFsym	hop up r=1	0.6413966447146378	0.17414509797279104	11.357780942133655	69.52517622466905
8	DMRG	7	chi2	n	0.999999999890219	-1.0978118414328719e-10	0.9999999999868359	1.0000000000402935
8	DMRG	7	chi4	n	0.999999999890219	-5.124090041164209e-11	1.0000000000310252	1.0000000000402935
8	DMRG	7	chi8	n	0.999999999890219	-1.2998491172311333e-12	1.0000000000419649	1.0000000000402935
8	DMRG	7	chi16	n	0.999999999890219	-4.395483976793457e-12	1.0000000000416644	1.0000000000402935
8	DMRG	7	chi32	n	0.999999999890219	-5.6742388565567126e-12	1.0000000000375153	1.0000000000402935
8	DMRG	7	exact	n	0.999999999890219	0.0	1.0000000000402935	1.0000000000402935
8	DMRG	7	UHF	n	0.999999999890219	-1.0977851960802809e-10	0.019473496724134017	1.0000000000402935
8	DMRG	7	UHFsym	n	0.999999999890219	-1.0977851960802809e-10	1.0000000000000009	1.0000000000402935
8	DMRG	7	chi2	Sz	-4.079667159651024e-12	2.0226736952011493e-12	1.0000000000089158	0.9999999999138068
8	DMRG	7	chi4	Sz	-4.079667159651024e-12	-6.326182633298316e-12	0.9999999999475778	0.9999999999138068
8	DMRG	7	chi8	Sz	-4.079667159651024e-12	-1.0435888264659354e-12	0.9999999999133725	0.9999999999138068
8	DMRG	7	chi16	Sz	-4.079667159651024e-12	-1.5469639458309814e-12	0.999999999915238	0.9999999999138068
8	DMRG	7	chi32	Sz	-4.079667159651024e-12	1.1178558079194545e-13	0.9999999999187339	0.9999999999138068
8	DMRG	7	exact	Sz	-4.079667159651024e-12	0.0	0.9999999999138068	0.9999999999138068
8	DMRG	7	UHF	Sz	-4.079667159651024e-12	0.38119494927552383	0.030174438323147694	0.9999999999138068
8	DMRG	7	UHFsym	Sz	-4.079667159651024e-12	-4.079665424927548e-12	0.9999999999999978	0.9999999999138068
8	DMRG	7	chi2	DoubleOcc	0.0990258844389437	0.0990258844389437	2.2622218315187874	29.315045810378923
8	DMRG	7	chi4	DoubleOcc	0.0990258844389437	0.012874217942874966	24.699291649496992	29.315045810378923
8	DMRG	7	chi8	DoubleOcc	0.0990258844389437	0.0005021553801327905	29.325973717343125	29.315045810378923
8	DMRG	7	chi16	DoubleOcc	0.0990258844389437	2.670184837516576e-5	29.316085690794072	29.315045810378923
8	DMRG	7	chi32	DoubleOcc	0.0990258844389437	3.350992199557812e-7	29.315059179527957	29.315045810378923
8	DMRG	7	exact	DoubleOcc	0.0990258844389437	0.0	29.315045810378923	29.315045810378923
8	DMRG	7	UHF	DoubleOcc	0.0990258844389437	-0.005664526204775616	1.10914498860086	29.315045810378923
8	DMRG	7	UHFsym	DoubleOcc	0.0990258844389437	-0.005664526204775477	27.99154187276495	29.315045810378923
8	DMRG	7	chi2	ZZ onsite	-0.6038964620246616	0.3961035379753386	2.267642935002554	52.73123240156126
8	DMRG	7	chi4	ZZ onsite	-0.6038964620246616	0.05149687187398311	38.32233851611462	52.73123240156126
8	DMRG	7	chi8	ZZ onsite	-0.6038964620246616	0.002008621523130083	52.70141844797862	52.73123240156126
8	DMRG	7	chi16	ZZ onsite	-0.6038964620246616	0.0001068074022936294	52.731165481162776	52.73123240156126
8	DMRG	7	chi32	ZZ onsite	-0.6038964620246616	1.3404082289669716e-6	52.73123261910896	52.73123240156126
8	DMRG	7	exact	ZZ onsite	-0.6038964620246616	0.0	52.73123240156126	52.73123240156126
8	DMRG	7	UHF	ZZ onsite	-0.6038964620246616	-0.02265810459954376	49.14853295450555	52.73123240156126
8	DMRG	7	UHFsym	ZZ onsite	-0.6038964620246616	-0.022658104599543427	49.14853295450562	52.73123240156126
8	DMRG	7	chi2	ZZ up-up r=1	-0.8353022270161023	0.16469777298389787	22.435155441949007	198.22811556170367
8	DMRG	7	chi4	ZZ up-up r=1	-0.8353022270161023	0.08717723652480358	61.36488416747661	198.22811556170367
8	DMRG	7	chi8	ZZ up-up r=1	-0.8353022270161023	0.004279762199656534	196.4904011739537	198.22811556170367
8	DMRG	7	chi16	ZZ up-up r=1	-0.8353022270161023	0.0002717498248583361	198.17806419123127	198.22811556170367
8	DMRG	7	chi32	ZZ up-up r=1	-0.8353022270161023	5.067466091968065e-6	198.2272579917445	198.22811556170367
8	DMRG	7	exact	ZZ up-up r=1	-0.8353022270161023	0.0	198.22811556170367	198.22811556170367
8	DMRG	7	UHF	ZZ up-up r=1	-0.8353022270161023	0.05056427176070022	112.09321577279336	198.22811556170367
8	DMRG	7	UHFsym	ZZ up-up r=1	-0.8353022270161023	-0.3945183802157122	4.4228732649361	198.22811556170367
8	DMRG	7	chi2	SzSz r=1	-0.1771488347354485	0.07285116526455154	5.634980570731048	110.90353131978253
8	DMRG	7	chi4	SzSz r=1	-0.1771488347354485	0.028372546027440382	30.020129777623264	110.90353131978253
8	DMRG	7	chi8	SzSz r=1	-0.1771488347354485	0.0009147417625499643	111.15582562282552	110.90353131978253
8	DMRG	7	chi16	SzSz r=1	-0.1771488347354485	5.411815682346277e-5	110.93504200882765	110.90353131978253
8	DMRG	7	chi32	SzSz r=1	-0.1771488347354485	1.162043267138868e-6	110.90429194587104	110.90353131978253
8	DMRG	7	exact	SzSz r=1	-0.1771488347354485	0.0	110.90353131978253	110.90353131978253
8	DMRG	7	UHF	SzSz r=1	-0.1771488347354485	0.0170272889671709	57.42980215871167	110.90353131978253
8	DMRG	7	UHFsym	SzSz r=1	-0.1771488347354485	-0.09424337402693206	3.4783148087265245	110.90353131978253
8	DMRG	7	chi2	hop up r=1	0.6413966458302871	0.6413966458302871	1.0	69.52517622466905
8	DMRG	7	chi4	hop up r=1	0.6413966458302871	-0.03505486155069315	58.70455970976899	69.52517622466905
8	DMRG	7	chi8	hop up r=1	0.6413966458302871	-0.002099946611980097	69.55480633300878	69.52517622466905
8	DMRG	7	chi16	hop up r=1	0.6413966458302871	-0.00017742426747568985	69.53160906937707	69.52517622466905
8	DMRG	7	chi32	hop up r=1	0.6413966458302871	-2.09095647962787e-6	69.52525625303866	69.52517622466905
8	DMRG	7	exact	hop up r=1	0.6413966458302871	0.0	69.52517622466905	69.52517622466905
8	DMRG	7	UHF	hop up r=1	0.6413966458302871	0.1741450990884411	11.357780942133576	69.52517622466905
8	DMRG	7	UHFsym	hop up r=1	0.6413966458302871	0.1741450990884404	11.357780942133655	69.52517622466905
10	ED	1	chi2	n	1.0	-2.220446049250313e-16	1.0000000355802634	1.0000000000161393
10	ED	1	chi4	n	1.0	2.45516607044749e-10	1.0000000009092511	1.0000000000161393
10	ED	1	chi8	n	1.0	-5.352287502091713e-10	1.000000001233042	1.0000000000161393
10	ED	1	chi16	n	1.0	4.8588799650417513e-11	1.000000000885643	1.0000000000161393
10	ED	1	chi32	n	1.0	-4.047495671954948e-11	0.9999999999394176	1.0000000000161393
10	ED	1	exact	n	1.0	-6.000533403494046e-12	1.0000000000161393	1.0000000000161393
10	ED	1	UHF	n	1.0	4.773959005888173e-15	0.015140341574886714	1.0000000000161393
10	ED	1	UHFsym	n	1.0	4.6629367034256575e-15	1.0000000000000053	1.0000000000161393
10	ED	1	chi2	Sz	6.765421556309548e-15	2.5956602166254907e-8	0.9999999429252409	0.9999999999591133
10	ED	1	chi4	Sz	6.765421556309548e-15	4.963683006287134e-10	0.999999999155224	0.9999999999591133
10	ED	1	chi8	Sz	6.765421556309548e-15	1.2634881751960592e-9	0.9999999966841019	0.9999999999591133
10	ED	1	chi16	Sz	6.765421556309548e-15	6.130575769258684e-10	0.9999999987008066	0.9999999999591133
10	ED	1	chi32	Sz	6.765421556309548e-15	-1.6667070501519277e-11	0.999999999996002	0.9999999999591133
10	ED	1	exact	Sz	6.765421556309548e-15	1.5859973057086307e-11	0.9999999999591133	0.9999999999591133
10	ED	1	UHF	Sz	6.765421556309548e-15	0.43779601880216673	0.024549052703634194	0.9999999999591133
10	ED	1	UHFsym	Sz	6.765421556309548e-15	6.748941683287768e-15	1.0000000000000047	0.9999999999591133
10	ED	1	chi2	DoubleOcc	0.07147748712461016	0.07147748712461016	5.8399426399807215	48.14587427994223
10	ED	1	chi4	DoubleOcc	0.07147748712461016	5.138433230097994e-5	48.15343999141492	48.14587427994223
10	ED	1	chi8	DoubleOcc	0.07147748712461016	7.510176643277244e-5	48.156807570876815	48.14587427994223
10	ED	1	chi16	DoubleOcc	0.07147748712461016	-1.2094552663821645e-6	48.14569181734863	48.14587427994223
10	ED	1	chi32	DoubleOcc	0.07147748712461016	1.855328098099296e-7	48.145902271664774	48.14587427994223
10	ED	1	exact	DoubleOcc	0.07147748712461016	-7.401385060390453e-11	48.14587427994223	48.14587427994223
10	ED	1	UHF	DoubleOcc	0.07147748712461016	0.013142841203633737	1.3309655916331078	48.14587427994223
10	ED	1	UHFsym	DoubleOcc	0.07147748712461016	0.013142841203633543	39.74655538285426	48.14587427994223
10	ED	1	chi2	ZZ onsite	-0.7140900515015596	0.28590994849844065	6.019251831115782	97.80998305001371
10	ED	1	chi4	ZZ onsite	-0.7140900515015596	0.00020553683816992852	97.82275081442202	97.80998305001371
10	ED	1	chi8	ZZ onsite	-0.7140900515015596	0.0003004081361872579	97.82811845337157	97.80998305001371
10	ED	1	chi16	ZZ onsite	-0.7140900515015596	-4.83791824368307e-6	97.80966377676492	97.80998305001371
10	ED	1	chi32	ZZ onsite	-0.7140900515015596	7.422121889311128e-7	97.81003197676743	97.80998305001371
10	ED	1	exact	ZZ onsite	-0.7140900515015596	-2.840550017424448e-10	97.80998305001371	97.80998305001371
10	ED	1	UHF	ZZ onsite	-0.7140900515015596	0.05257136481452518	65.79136083404366	97.80998305001371
10	ED	1	UHFsym	ZZ onsite	-0.7140900515015596	0.05257136481452451	65.79136083404424	97.80998305001371
10	ED	1	chi2	ZZ up-up r=1	-0.8311294549335135	0.1688705450664867	20.269353343594638	187.0811429932867
10	ED	1	chi4	ZZ up-up r=1	-0.8311294549335135	0.09459566351894644	50.636936358756344	187.0811429932867
10	ED	1	chi8	ZZ up-up r=1	-0.8311294549335135	0.0061360218347360496	182.19695040883303	187.0811429932867
10	ED	1	chi16	ZZ up-up r=1	-0.8311294549335135	0.0004417542246439865	186.84867594306158	187.0811429932867
10	ED	1	chi32	ZZ up-up r=1	-0.8311294549335135	1.2857734400184562e-5	187.07465491255758	187.0811429932867
10	ED	1	exact	ZZ up-up r=1	-0.8311294549335135	1.0324279209328324e-8	187.0811429932867	187.0811429932867
10	ED	1	UHF	ZZ up-up r=1	-0.8311294549335135	0.05473480200603742	95.23974609077462	187.0811429932867
10	ED	1	UHFsym	ZZ up-up r=1	-0.8311294549335135	-0.39034656879243645	4.509348550915477	187.0811429932867
10	ED	1	chi2	SzSz r=1	-0.17623608465410315	0.07376391534589691	5.2597294041126545	106.74678754141517
10	ED	1	chi4	SzSz r=1	-0.17623608465410315	0.028766503694920537	25.240494170816937	106.74678754141517
10	ED	1	chi8	SzSz r=1	-0.17623608465410315	0.0013153053621832167	104.82237431852391	106.74678754141517
10	ED	1	chi16	SzSz r=1	-0.17623608465410315	9.483701417184465e-5	106.64826645309506	106.74678754141517
10	ED	1	chi32	SzSz r=1	-0.17623608465410315	3.157379901308488e-6	106.74386800727027	106.74678754141517
10	ED	1	exact	SzSz r=1	-0.17623608465410315	2.3226126300013306e-9	106.74678754141517	106.74678754141517
10	ED	1	UHF	SzSz r=1	-0.17623608465410315	0.017939518627315465	48.04872823658514	106.74678754141517
10	ED	1	UHFsym	SzSz r=1	-0.17623608465410315	-0.09333082407230195	3.5839817963273544	106.74678754141517
10	ED	1	chi2	hop up r=1	0.6392160926092451	0.6392160926092451	1.0	70.4468955441819
10	ED	1	chi4	hop up r=1	0.6392160926092451	-0.045299174674637066	54.84554858994243	70.4468955441819
10	ED	1	chi8	hop up r=1	0.6392160926092451	-0.002755159328957757	70.61482483981035	70.4468955441819
10	ED	1	chi16	hop up r=1	0.6392160926092451	-0.0002566556929310959	70.47009336853468	70.4468955441819
10	ED	1	chi32	hop up r=1	0.6392160926092451	-4.638087360508969e-6	70.44732808006161	70.4468955441819
10	ED	1	exact	hop up r=1	0.6392160926092451	-4.002398079627767e-9	70.4468955441819	70.4468955441819
10	ED	1	UHF	hop up r=1	0.6392160926092451	0.1719648886217685	11.37558952553587	70.4468955441819
10	ED	1	UHFsym	hop up r=1	0.6392160926092451	0.1719648886217705	11.37558952553565	70.4468955441819
10	DMRG	1	chi2	n	1.0000000000060005	6.000311358889121e-12	1.0000000355802634	1.0000000000161393
10	DMRG	1	chi4	n	1.0000000000060005	2.5151714044824303e-10	1.0000000009092511	1.0000000000161393
10	DMRG	1	chi8	n	1.0000000000060005	-5.292282168056772e-10	1.000000001233042	1.0000000000161393
10	DMRG	1	chi16	n	1.0000000000060005	5.458933305391156e-11	1.000000000885643	1.0000000000161393
10	DMRG	1	chi32	n	1.0000000000060005	-3.4474423316055436e-11	0.9999999999394176	1.0000000000161393
10	DMRG	1	exact	n	1.0000000000060005	0.0	1.0000000000161393	1.0000000000161393
10	DMRG	1	UHF	n	1.0000000000060005	6.005307362499934e-12	0.015140341574886714	1.0000000000161393
10	DMRG	1	UHFsym	n	1.0000000000060005	6.005196340197472e-12	1.0000000000000053	1.0000000000161393
10	DMRG	1	chi2	Sz	-1.5853207635529998e-11	2.594074219319782e-8	0.9999999429252409	0.9999999999591133
10	DMRG	1	chi4	Sz	-1.5853207635529998e-11	4.805083275716271e-10	0.999999999155224	0.9999999999591133
10	DMRG	1	chi8	Sz	-1.5853207635529998e-11	1.2476282021389729e-9	0.9999999966841019	0.9999999999591133
10	DMRG	1	chi16	Sz	-1.5853207635529998e-11	5.971976038687821e-10	0.9999999987008066	0.9999999999591133
10	DMRG	1	chi32	Sz	-1.5853207635529998e-11	-3.2527043558605584e-11	0.999999999996002	0.9999999999591133
10	DMRG	1	exact	Sz	-1.5853207635529998e-11	0.0	0.9999999999591133	0.9999999999591133
10	DMRG	1	UHF	Sz	-1.5853207635529998e-11	0.43779601878630675	0.024549052703634194	0.9999999999591133
10	DMRG	1	UHFsym	Sz	-1.5853207635529998e-11	-1.585322411540302e-11	1.0000000000000047	0.9999999999591133
10	DMRG	1	chi2	DoubleOcc	0.07147748719862401	0.07147748719862401	5.8399426399807215	48.14587427994223
10	DMRG	1	chi4	DoubleOcc	0.07147748719862401	5.1384406314830544e-5	48.15343999141492	48.14587427994223
10	DMRG	1	chi8	DoubleOcc	0.07147748719862401	7.510184044662305e-5	48.156807570876815	48.14587427994223
10	DMRG	1	chi16	DoubleOcc	0.07147748719862401	-1.2093812525315606e-6	48.14569181734863	48.14587427994223
10	DMRG	1	chi32	DoubleOcc	0.07147748719862401	1.856068236605335e-7	48.145902271664774	48.14587427994223
10	DMRG	1	exact	DoubleOcc	0.07147748719862401	0.0	48.14587427994223	48.14587427994223
10	DMRG	1	UHF	DoubleOcc	0.07147748719862401	0.013142841277647588	1.3309655916331078	48.14587427994223
10	DMRG	1	UHFsym	DoubleOcc	0.07147748719862401	0.013142841277647394	39.74655538285426	48.14587427994223
10	DMRG	1	chi2	ZZ onsite	-0.7140900512175046	0.28590994878249565	6.019251831115782	97.80998305001371
10	DMRG	1	chi4	ZZ onsite	-0.7140900512175046	0.00020553712222493026	97.82275081442202	97.80998305001371
10	DMRG	1	chi8	ZZ onsite	-0.7140900512175046	0.00030040842024225967	97.82811845337157	97.80998305001371
10	DMRG	1	chi16	ZZ onsite	-0.7140900512175046	-4.837634188681328e-6	97.80966377676492	97.80998305001371
10	DMRG	1	chi32	ZZ onsite	-0.7140900512175046	7.424962439328553e-7	97.81003197676743	97.80998305001371
10	DMRG	1	exact	ZZ onsite	-0.7140900512175046	0.0	97.80998305001371	97.80998305001371
10	DMRG	1	UHF	ZZ onsite	-0.7140900512175046	0.05257136509858018	65.79136083404366	97.80998305001371
10	DMRG	1	UHFsym	ZZ onsite	-0.7140900512175046	0.052571365098579514	65.79136083404424	97.80998305001371
10	DMRG	1	chi2	ZZ up-up r=1	-0.8311294652577927	0.16887053474220748	20.269353343594638	187.0811429932867
10	DMRG	1	chi4	ZZ up-up r=1	-0.8311294652577927	0.09459565319466723	50.636936358756344	187.0811429932867
10	DMRG	1	chi8	ZZ up-up r=1	-0.8311294652577927	0.00613601151045684	182.19695040883303	187.0811429932867
10	DMRG	1	chi16	ZZ up-up r=1	-0.8311294652577927	0.0004417439003647772	186.84867594306158	187.0811429932867
10	DMRG	1	chi32	ZZ up-up r=1	-0.8311294652577927	1.2847410120975233e-5	187.07465491255758	187.0811429932867
10	DMRG	1	exact	ZZ up-up r=1	-0.8311294652577927	0.0	187.0811429932867	187.0811429932867
10	DMRG	1	UHF	ZZ up-up r=1	-0.8311294652577927	0.05473479168175821	95.23974609077462	187.0811429932867
10	DMRG	1	UHFsym	ZZ up-up r=1	-0.8311294652577927	-0.39034657911671566	4.509348550915477	187.0811429932867
10	DMRG	1	chi2	SzSz r=1	-0.17623608697671578	0.07376391302328428	5.2597294041126545	106.74678754141517
10	DMRG	1	chi4	SzSz r=1	-0.17623608697671578	0.028766501372307907	25.240494170816937	106.74678754141517
10	DMRG	1	chi8	SzSz r=1	-0.17623608697671578	0.0013153030395705867	104.82237431852391	106.74678754141517
10	DMRG	1	chi16	SzSz r=1	-0.17623608697671578	9.483469155921465e-5	106.64826645309506	106.74678754141517
10	DMRG	1	chi32	SzSz r=1	-0.17623608697671578	3.1550572886784867e-6	106.74386800727027	106.74678754141517
10	DMRG	1	exact	SzSz r=1	-0.17623608697671578	0.0	106.74678754141517	106.74678754141517
10	DMRG	1	UHF	SzSz r=1	-0.17623608697671578	0.017939516304702835	48.04872823658514	106.74678754141517
10	DMRG	1	UHFsym	SzSz r=1	-0.17623608697671578	-0.09333082639491458	3.5839817963273544	106.74678754141517
10	DMRG	1	chi2	hop up r=1	0.6392160966116431	0.6392160966116431	1.0	70.4468955441819
10	DMRG	1	chi4	hop up r=1	0.6392160966116431	-0.045299170672238986	54.84554858994243	70.4468955441819
10	DMRG	1	chi8	hop up r=1	0.6392160966116431	-0.0027551553265596773	70.61482483981035	70.4468955441819
10	DMRG	1	chi16	hop up r=1	0.6392160966116431	-0.0002566516905330163	70.47009336853468	70.4468955441819
10	DMRG	1	chi32	hop up r=1	0.6392160966116431	-4.634084962429341e-6	70.44732808006161	70.4468955441819
10	DMRG	1	exact	hop up r=1	0.6392160966116431	0.0	70.4468955441819	70.4468955441819
10	DMRG	1	UHF	hop up r=1	0.6392160966116431	0.1719648926241666	11.37558952553587	70.4468955441819
10	DMRG	1	UHFsym	hop up r=1	0.6392160966116431	0.17196489262416859	11.37558952553565	70.4468955441819
10	ED	2	chi2	n	1.0	-8.881784197001252e-16	0.9999999969971765	1.0000000000004194
10	ED	2	chi4	n	1.0	4.8781864103730754e-9	0.9999999974390924	1.0000000000004194
10	ED	2	chi8	n	1.0	7.685798664169852e-10	0.9999999994368637	1.0000000000004194
10	ED	2	chi16	n	1.0	-2.809530386116421e-12	0.9999999999378131	1.0000000000004194
10	ED	2	chi32	n	1.0	2.1986634735071675e-11	0.9999999999901273	1.0000000000004194
10	ED	2	exact	n	1.0	-1.6411316750009064e-12	1.0000000000004194	1.0000000000004194
10	ED	2	UHF	n	1.0	1.5543122344752192e-15	0.020851471790654396	1.0000000000004194
10	ED	2	UHFsym	n	1.0	1.4432899320127035e-15	0.9999999999999996	1.0000000000004194
10	ED	2	chi2	Sz	-4.017619570362285e-15	-2.5956599598864205e-8	1.0000000152331365	1.000000000002594
10	ED	2	chi4	Sz	-4.017619570362285e-15	2.065486719160514e-9	0.9999999989642369	1.000000000002594
10	ED	2	chi8	Sz	-4.017619570362285e-15	-1.0547369713731491e-9	1.000000000646793	1.000000000002594
10	ED	2	chi16	Sz	-4.017619570362285e-15	-5.515343529105543e-10	1.000000000323578	1.000000000002594
10	ED	2	chi32	Sz	-4.017619570362285e-15	2.3732786569308217e-11	0.9999999999868647	1.000000000002594
10	ED	2	exact	Sz	-4.017619570362285e-15	-4.525067820448925e-12	1.000000000002594	1.000000000002594
10	ED	2	UHF	Sz	-4.017619570362285e-15	-0.3811938326542154	0.02939067070315475	1.000000000002594
10	ED	2	UHFsym	Sz	-4.017619570362285e-15	-4.021522698183233e-15	1.0000000000000002	1.000000000002594
10	ED	2	chi2	DoubleOcc	0.09914498727616741	0.09914498727616741	2.1347244100206626	29.426744285305997
10	ED	2	chi4	DoubleOcc	0.09914498727616741	0.009150166413308014	25.938447861159336	29.426744285305997
10	ED	2	chi8	DoubleOcc	0.09914498727616741	0.0004957112575552647	29.372723557625978	29.426744285305997
10	ED	2	chi16	DoubleOcc	0.09914498727616741	2.4317815345287208e-5	29.424517784049787	29.426744285305997
10	ED	2	chi32	DoubleOcc	0.09914498727616741	7.801081398084442e-7	29.426673555000825	29.426744285305997
10	ED	2	exact	DoubleOcc	0.09914498727616741	1.5694398558530054e-10	29.426744285305997	29.426744285305997
10	ED	2	UHF	DoubleOcc	0.09914498727616741	-0.005546274670224921	1.323656022296253	29.426744285305997
10	ED	2	UHFsym	DoubleOcc	0.09914498727616741	-0.005546274670224921	28.794249709280063	29.426744285305997
10	ED	2	chi2	ZZ onsite	-0.6034200508953306	0.3965799491046703	2.226902590226796	46.36411900389834
10	ED	2	chi4	ZZ onsite	-0.6034200508953306	0.036600655896858236	39.28440198951596	46.36411900389834
10	ED	2	chi8	ZZ onsite	-0.6034200508953306	0.0019828434930603267	46.30982664513999	46.36411900389834
10	ED	2	chi16	ZZ onsite	-0.6034200508953306	9.727126699954347e-5	46.36251684650749	46.36411900389834
10	ED	2	chi32	ZZ onsite	-0.6034200508953306	3.1203885851871505e-6	46.364069320665145	46.36411900389834
10	ED	2	exact	ZZ onsite	-0.6034200508953306	6.310573175127843e-10	46.36411900389834	46.36411900389834
10	ED	2	UHF	ZZ onsite	-0.6034200508953306	-0.022185098680902793	43.98925517671923	46.36411900389834
10	ED	2	UHFsym	ZZ onsite	-0.6034200508953306	-0.022185098680902793	43.98925517671923	46.36411900389834
10	ED	2	chi2	ZZ up-up r=1	-0.3187327480095343	-0.31873274800952855	1.0000000000000326	10.509578826536261
10	ED	2	chi4	ZZ up-up r=1	-0.3187327480095343	-0.2815953072357639	1.2445962683013208	10.509578826536261
10	ED	2	chi8	ZZ up-up r=1	-0.3187327480095343	-0.004974316070805673	10.451800469146976	10.509578826536261
10	ED	2	chi16	ZZ up-up r=1	-0.3187327480095343	-5.387280761542934e-5	10.509204692519528	10.509578826536261
10	ED	2	chi32	ZZ up-up r=1	-0.3187327480095343	2.6385804849371475e-6	10.509597029422183	10.509578826536261
10	ED	2	exact	ZZ up-up r=1	-0.3187327480095343	-2.9516558641695667e-9	10.509578826536261	10.509578826536261
10	ED	2	UHF	ZZ up-up r=1	-0.3187327480095343	0.45823383516183697	0.5275171656954429	10.509578826536261
10	ED	2	UHFsym	ZZ up-up r=1	-0.3187327480095343	0.06626262807362115	7.736143131063075	10.509578826536261
10	ED	2	chi2	SzSz r=1	-0.06452081887205578	-0.06452081887205435	1.0000000000000373	7.782600348623473
10	ED	2	chi4	SzSz r=1	-0.06452081887205578	-0.06452081887205578	0.999583695467139	7.782600348623473
10	ED	2	chi8	SzSz r=1	-0.06452081887205578	-0.00029923250414748415	7.758888380389645	7.782600348623473
10	ED	2	chi16	SzSz r=1	-0.06452081887205578	-2.1837279695263723e-5	7.782197016744887	7.782600348623473
10	ED	2	chi32	SzSz r=1	-0.06452081887205578	7.001119221167196e-7	7.782618550891357	7.782600348623473
10	ED	2	exact	SzSz r=1	-0.06452081887205578	-4.902022676667173e-10	7.782600348623473	7.782600348623473
10	ED	2	UHF	SzSz r=1	-0.06452081887205578	0.1060856349394773	0.4212388727520543	7.782600348623473
10	ED	2	UHFsym	SzSz r=1	-0.06452081887205578	0.008092833167422306	7.17187255825413	7.782600348623473
10	ED	2	chi2	hop up r=1	0.373212605222741	0.373212605222741	1.0	15.747168872828802
10	ED	2	chi4	hop up r=1	0.373212605222741	0.12642084712241144	5.602438418844331	15.747168872828802
10	ED	2	chi8	hop up r=1	0.373212605222741	0.002838138197303719	15.671162363535766	15.747168872828802
10	ED	2	chi16	hop up r=1	0.373212605222741	-2.0352130580159056e-5	15.747623125336322	15.747168872828802
10	ED	2	chi32	hop up r=1	0.373212605222741	2.3108270613692028e-7	15.74716377580513	15.747168872828802
10	ED	2	exact	hop up r=1	0.373212605222741	3.015515448456796e-9	15.747168872828802	15.747168872828802
10	ED	2	UHF	hop up r=1	0.373212605222741	-0.06162246218843842	12.111810840633401	15.747168872828802
10	ED	2	UHFsym	hop up r=1	0.373212605222741	-0.06162246218843892	12.111810840633346	15.747168872828802
10	DMRG	2	chi2	n	1.0000000000016411	1.6402434965812063e-12	0.9999999969971765	1.0000000000004194
10	DMRG	2	chi4	n	1.0000000000016411	4.879827542048076e-9	0.9999999974390924	1.0000000000004194
10	DMRG	2	chi8	n	1.0000000000016411	7.702209980919861e-10	0.9999999994368637	1.0000000000004194
10	DMRG	2	chi16	n	1.0000000000016411	-1.1683987111155147e-12	0.9999999999378131	1.0000000000004194
10	DMRG	2	chi32	n	1.0000000000016411	2.362776641007258e-11	0.9999999999901273	1.0000000000004194
10	DMRG	2	exact	n	1.0000000000016411	0.0	1.0000000000004194	1.0000000000004194
10	DMRG	2	UHF	n	1.0000000000016411	1.6426859872353816e-12	0.020851471790654396	1.0000000000004194
10	DMRG	2	UHFsym	n	1.0000000000016411	1.6425749649329191e-12	0.9999999999999996	1.0000000000004194
10	DMRG	2	chi2	Sz	4.5210502008785625e-12	-2.5952074531043756e-8	1.0000000152331365	1.000000000002594
10	DMRG	2	chi4	Sz	4.5210502008785625e-12	2.070011786980963e-9	0.9999999989642369	1.000000000002594
10	DMRG	2	chi8	Sz	4.5210502008785625e-12	-1.0502119035527002e-9	1.000000000646793	1.000000000002594
10	DMRG	2	chi16	Sz	4.5210502008785625e-12	-5.470092850901054e-10	1.000000000323578	1.000000000002594
10	DMRG	2	chi32	Sz	4.5210502008785625e-12	2.8257854389757142e-11	0.9999999999868647	1.000000000002594
10	DMRG	2	exact	Sz	4.5210502008785625e-12	0.0	1.000000000002594	1.000000000002594
10	DMRG	2	UHF	Sz	4.5210502008785625e-12	-0.38119383264969037	0.02939067070315475	1.000000000002594
10	DMRG	2	UHFsym	Sz	4.5210502008785625e-12	4.5210462977507415e-12	1.0000000000000002	1.000000000002594
10	DMRG	2	chi2	DoubleOcc	0.09914498711922343	0.09914498711922343	2.1347244100206626	29.426744285305997
10	DMRG	2	chi4	DoubleOcc	0.09914498711922343	0.009150166256364028	25.938447861159336	29.426744285305997
10	DMRG	2	chi8	DoubleOcc	0.09914498711922343	0.0004957111006112791	29.372723557625978	29.426744285305997
10	DMRG	2	chi16	DoubleOcc	0.09914498711922343	2.4317658401301623e-5	29.424517784049787	29.426744285305997
10	DMRG	2	chi32	DoubleOcc	0.09914498711922343	7.799511958228589e-7	29.426673555000825	29.426744285305997
10	DMRG	2	exact	DoubleOcc	0.09914498711922343	0.0	29.426744285305997	29.426744285305997
10	DMRG	2	UHF	DoubleOcc	0.09914498711922343	-0.005546274827168907	1.323656022296253	29.426744285305997
10	DMRG	2	UHFsym	DoubleOcc	0.09914498711922343	-0.005546274827168907	28.794249709280063	29.426744285305997
10	DMRG	2	chi2	ZZ onsite	-0.6034200515263879	0.396579948473613	2.226902590226796	46.36411900389834
10	DMRG	2	chi4	ZZ onsite	-0.6034200515263879	0.03660065526580092	39.28440198951596	46.36411900389834
10	DMRG	2	chi8	ZZ onsite	-0.6034200515263879	0.001982842862003009	46.30982664513999	46.36411900389834
10	DMRG	2	chi16	ZZ onsite	-0.6034200515263879	9.727063594222596e-5	46.36251684650749	46.36411900389834
10	DMRG	2	chi32	ZZ onsite	-0.6034200515263879	3.1197575278696377e-6	46.364069320665145	46.36411900389834
10	DMRG	2	exact	ZZ onsite	-0.6034200515263879	0.0	46.36411900389834	46.36411900389834
10	DMRG	2	UHF	ZZ onsite	-0.6034200515263879	-0.02218509931196011	43.98925517671923	46.36411900389834
10	DMRG	2	UHFsym	ZZ onsite	-0.6034200515263879	-0.02218509931196011	43.98925517671923	46.36411900389834
10	DMRG	2	chi2	ZZ up-up r=1	-0.3187327450578784	-0.31873274505787275	1.0000000000000326	10.509578826536261
10	DMRG	2	chi4	ZZ up-up r=1	-0.3187327450578784	-0.28159530428410806	1.2445962683013208	10.509578826536261
10	DMRG	2	chi8	ZZ up-up r=1	-0.3187327450578784	-0.004974313119149809	10.451800469146976	10.509578826536261
10	DMRG	2	chi16	ZZ up-up r=1	-0.3187327450578784	-5.386985595956517e-5	10.509204692519528	10.509578826536261
10	DMRG	2	chi32	ZZ up-up r=1	-0.3187327450578784	2.641532140801317e-6	10.509597029422183	10.509578826536261
10	DMRG	2	exact	ZZ up-up r=1	-0.3187327450578784	0.0	10.509578826536261	10.509578826536261
10	DMRG	2	UHF	ZZ up-up r=1	-0.3187327450578784	0.45823383811349283	0.5275171656954429	10.509578826536261
10	DMRG	2	UHFsym	ZZ up-up r=1	-0.3187327450578784	0.06626263102527702	7.736143131063075	10.509578826536261
10	DMRG	2	chi2	SzSz r=1	-0.06452081838185351	-0.06452081838185209	1.0000000000000373	7.782600348623473
10	DMRG	2	chi4	SzSz r=1	-0.06452081838185351	-0.06452081838185351	0.999583695467139	7.782600348623473
10	DMRG	2	chi8	SzSz r=1	-0.06452081838185351	-0.0002992320139452165	7.758888380389645	7.782600348623473
10	DMRG	2	chi16	SzSz r=1	-0.06452081838185351	-2.1836789492996056e-5	7.782197016744887	7.782600348623473
10	DMRG	2	chi32	SzSz r=1	-0.06452081838185351	7.006021243843863e-7	7.782618550891357	7.782600348623473
10	DMRG	2	exact	SzSz r=1	-0.06452081838185351	0.0	7.782600348623473	7.782600348623473
10	DMRG	2	UHF	SzSz r=1	-0.06452081838185351	0.10608563542967957	0.4212388727520543	7.782600348623473
10	DMRG	2	UHFsym	SzSz r=1	-0.06452081838185351	0.008092833657624574	7.17187255825413	7.782600348623473
10	DMRG	2	chi2	hop up r=1	0.3732126022072256	0.3732126022072256	1.0	15.747168872828802
10	DMRG	2	chi4	hop up r=1	0.3732126022072256	0.126420844106896	5.602438418844331	15.747168872828802
10	DMRG	2	chi8	hop up r=1	0.3732126022072256	0.0028381351817882705	15.671162363535766	15.747168872828802
10	DMRG	2	chi16	hop up r=1	0.3732126022072256	-2.0355146095607513e-5	15.747623125336322	15.747168872828802
10	DMRG	2	chi32	hop up r=1	0.3732126022072256	2.2806719068846348e-7	15.74716377580513	15.747168872828802
10	DMRG	2	exact	hop up r=1	0.3732126022072256	0.0	15.747168872828802	15.747168872828802
10	DMRG	2	UHF	hop up r=1	0.3732126022072256	-0.06162246520395387	12.111810840633401	15.747168872828802
10	DMRG	2	UHFsym	hop up r=1	0.3732126022072256	-0.06162246520395437	12.111810840633346	15.747168872828802
10	ED	3	chi2	n	1.0000000000000013	6.661338147750939e-16	0.9999997316587796	0.9999999998107875
10	ED	3	chi4	n	1.0000000000000013	-4.669183706340618e-9	1.0000000054210623	0.9999999998107875
10	ED	3	chi8	n	1.0000000000000013	-1.1356870999179591e-10	1.0000000001415446	0.9999999998107875
10	ED	3	chi16	n	1.0000000000000013	-3.236944046136614e-11	1.0000000000529108	0.9999999998107875
10	ED	3	chi32	n	1.0000000000000013	3.503863865716994e-12	0.999999999741595	0.9999999998107875
10	ED	3	exact	n	1.0000000000000013	-1.4994672170587364e-11	0.9999999998107875	0.9999999998107875
10	ED	3	UHF	n	1.0000000000000013	-1.1102230246251565e-15	0.017207003400709173	0.9999999998107875
10	ED	3	UHFsym	n	1.0000000000000013	-8.881784197001252e-16	1.0000000000000022	0.9999999998107875
10	ED	3	chi2	Sz	5.599687380453133e-15	5.404052543650506e-8	0.9999998718714416	0.9999999999258707
10	ED	3	chi4	Sz	5.599687380453133e-15	-1.0222848956242814e-9	1.0000000076380549	0.9999999999258707
10	ED	3	chi8	Sz	5.599687380453133e-15	-2.681030397688744e-11	1.000000000190407	0.9999999999258707
10	ED	3	chi16	Sz	5.599687380453133e-15	-1.016817879895271e-11	1.0000000000602698	0.9999999999258707
10	ED	3	chi32	Sz	5.599687380453133e-15	5.1993562233398904e-11	0.9999999998728261	0.9999999999258707
10	ED	3	exact	Sz	5.599687380453133e-15	3.833423856125506e-11	0.9999999999258707	0.9999999999258707
10	ED	3	UHF	Sz	5.599687380453133e-15	0.385555193290719	0.028307210277498034	0.9999999999258707
10	ED	3	UHFsym	Sz	5.599687380453133e-15	5.591881124811238e-15	1.0000000000000024	0.9999999999258707
10	ED	3	chi2	DoubleOcc	0.09761326601614581	0.09761326601614581	2.382807088986944	26.97117542186428
10	ED	3	chi4	DoubleOcc	0.09761326601614581	0.013150963668183996	23.184595935879077	26.97117542186428
10	ED	3	chi8	DoubleOcc	0.09761326601614581	-0.00046186276452722663	26.93861151136845	26.97117542186428
10	ED	3	chi16	DoubleOcc	0.09761326601614581	4.95935585717866e-5	26.97392086645302	26.97117542186428
10	ED	3	chi32	DoubleOcc	0.09761326601614581	1.4138743632541306e-6	26.971255690300758	26.97117542186428
10	ED	3	exact	DoubleOcc	0.09761326601614581	4.0914127641400455e-10	26.97117542186428	26.97117542186428
10	ED	3	UHF	DoubleOcc	0.09761326601614581	-0.0037339269104160744	1.101600281638248	26.97117542186428
10	ED	3	UHFsym	DoubleOcc	0.09761326601614581	-0.00373392691041588	26.35788099259461	26.97117542186428
10	ED	3	chi2	ZZ onsite	-0.6095469359354181	0.3904530640645826	2.4485503698646203	55.36756083707009
10	ED	3	chi4	ZZ onsite	-0.6095469359354181	0.052603864011104506	41.2315179236486	55.36756083707009
10	ED	3	chi8	ZZ onsite	-0.6095469359354181	-0.0018474508309703763	55.229489380288946	55.36756083707009
10	ED	3	chi16	ZZ onsite	-0.6095469359354181	0.00019837429902580528	55.37917798517753	55.36756083707009
10	ED	3	chi32	ZZ onsite	-0.6095469359354181	5.655490445510836e-6	55.36790059055389	55.36756083707009
10	ED	3	exact	ZZ onsite	-0.6095469359354181	1.6665555602202176e-9	55.36756083707009	55.36756083707009
10	ED	3	UHF	ZZ onsite	-0.6095469359354181	-0.014935707641660745	52.80811095843169	55.36756083707009
10	ED	3	UHFsym	ZZ onsite	-0.6095469359354181	-0.014935707641660412	52.80811095843176	55.36756083707009
10	ED	3	chi2	ZZ up-up r=1	-0.6908265012086583	0.30917349879134237	4.508398678458384	71.81138226611169
10	ED	3	chi4	ZZ up-up r=1	-0.6908265012086583	0.15855654511111394	14.206388438448544	71.81138226611169
10	ED	3	chi8	ZZ up-up r=1	-0.6908265012086583	-0.009042273023559089	72.00794070890262	71.81138226611169
10	ED	3	chi16	ZZ up-up r=1	-0.6908265012086583	-0.003319631987781735	72.09012938104547	71.81138226611169
10	ED	3	chi32	ZZ up-up r=1	-0.6908265012086583	9.828616643114962e-6	71.81020649853659	71.81138226611169
10	ED	3	exact	ZZ up-up r=1	-0.6908265012086583	5.560083393696402e-9	71.81138226611169	71.81138226611169
10	ED	3	UHF	ZZ up-up r=1	-0.6908265012086583	0.09506737013798583	28.484102730886576	71.81138226611169
10	ED	3	UHFsym	ZZ up-up r=1	-0.6908265012086583	-0.3002358453270734	5.095826942209971	71.81138226611169
10	ED	3	chi2	SzSz r=1	-0.14531278893565203	0.10468721106434814	1.7365770735883004	43.51983636338247
10	ED	3	chi4	SzSz r=1	-0.14531278893565203	0.051208743018405695	6.0687983575728355	43.51983636338247
10	ED	3	chi8	SzSz r=1	-0.14531278893565203	-0.002106512458888432	43.680073867562164	43.51983636338247
10	ED	3	chi16	SzSz r=1	-0.14531278893565203	-0.0005733857488681715	43.74381030305778	43.51983636338247
10	ED	3	chi32	SzSz r=1	-0.14531278893565203	1.4708442898081486e-6	43.51962599094484	43.51983636338247
10	ED	3	exact	SzSz r=1	-0.14531278893565203	1.234372104530479e-9	43.51983636338247	43.51983636338247
10	ED	3	UHF	SzSz r=1	-0.14531278893565203	0.027034251214137467	15.995800301492855	43.51983636338247
10	ED	3	UHFsym	SzSz r=1	-0.14531278893565203	-0.07179155265212855	3.946897978519668	43.51983636338247
10	ED	3	chi2	hop up r=1	0.5829732318410498	0.5829732318410498	1.0	56.013944284171586
10	ED	3	chi4	hop up r=1	0.5829732318410498	-0.07353886974665647	33.57830158737008	56.013944284171586
10	ED	3	chi8	hop up r=1	0.5829732318410498	0.005656994379589886	54.958760181829874	56.013944284171586
10	ED	3	chi16	hop up r=1	0.5829732318410498	0.001054248612910258	55.856795654258164	56.013944284171586
10	ED	3	chi32	hop up r=1	0.5829732318410498	-5.073395710764039e-6	56.01465504007543	56.013944284171586
10	ED	3	exact	hop up r=1	0.5829732318410498	-1.3801150222647607e-9	56.013944284171586	56.013944284171586
10	ED	3	UHF	hop up r=1	0.5829732318410498	0.14364258017310444	12.148259727903545	56.013944284171586
10	ED	3	UHFsym	hop up r=1	0.5829732318410498	0.14364258017310427	12.148259727903561	56.013944284171586
10	DMRG	3	chi2	n	1.000000000014996	1.499533830440214e-11	0.9999997316587796	0.9999999998107875
10	DMRG	3	chi4	n	1.000000000014996	-4.654189034170031e-9	1.0000000054210623	0.9999999998107875
10	DMRG	3	chi8	n	1.000000000014996	-9.857403782120855e-11	1.0000000001415446	0.9999999998107875
10	DMRG	3	chi16	n	1.000000000014996	-1.7374768290778775e-11	1.0000000000529108	0.9999999998107875
10	DMRG	3	chi32	n	1.000000000014996	1.8498536036304358e-11	0.999999999741595	0.9999999998107875
10	DMRG	3	exact	n	1.000000000014996	0.0	0.9999999998107875	0.9999999998107875
10	DMRG	3	UHF	n	1.000000000014996	1.499356194756274e-11	0.017207003400709173	0.9999999998107875
10	DMRG	3	UHFsym	n	1.000000000014996	1.4993783992167664e-11	1.0000000000000022	0.9999999998107875
10	DMRG	3	chi2	Sz	-3.832863887387461e-11	5.4002191197943805e-8	0.9999998718714416	0.9999999999258707
10	DMRG	3	chi4	Sz	-3.832863887387461e-11	-1.0606191341855364e-9	1.0000000076380549	0.9999999999258707
10	DMRG	3	chi8	Sz	-3.832863887387461e-11	-6.51445425381425e-11	1.000000000190407	0.9999999999258707
10	DMRG	3	chi16	Sz	-3.832863887387461e-11	-4.850241736020777e-11	1.0000000000602698	0.9999999999258707
10	DMRG	3	chi32	Sz	-3.832863887387461e-11	1.3659323672143842e-11	0.9999999998728261	0.9999999999258707
10	DMRG	3	exact	Sz	-3.832863887387461e-11	0.0	0.9999999999258707	0.9999999999258707
10	DMRG	3	UHF	Sz	-3.832863887387461e-11	0.3855551932523848	0.028307210277498034	0.9999999999258707
10	DMRG	3	UHFsym	Sz	-3.832863887387461e-11	-3.832864668013025e-11	1.0000000000000024	0.9999999999258707
10	DMRG	3	chi2	DoubleOcc	0.09761326560700453	0.09761326560700453	2.382807088986944	26.97117542186428
10	DMRG	3	chi4	DoubleOcc	0.09761326560700453	0.01315096325904272	23.184595935879077	26.97117542186428
10	DMRG	3	chi8	DoubleOcc	0.09761326560700453	-0.00046186317366850305	26.93861151136845	26.97117542186428
10	DMRG	3	chi16	DoubleOcc	0.09761326560700453	4.9593149430510186e-5	26.97392086645302	26.97117542186428
10	DMRG	3	chi32	DoubleOcc	0.09761326560700453	1.4134652219777166e-6	26.971255690300758	26.97117542186428
10	DMRG	3	exact	DoubleOcc	0.09761326560700453	0.0	26.97117542186428	26.97117542186428
10	DMRG	3	UHF	DoubleOcc	0.09761326560700453	-0.003733927319557351	1.101600281638248	26.97117542186428
10	DMRG	3	UHFsym	DoubleOcc	0.09761326560700453	-0.0037339273195571565	26.35788099259461	26.97117542186428
10	DMRG	3	chi2	ZZ onsite	-0.6095469376019736	0.390453062398027	2.4485503698646203	55.36756083707009
10	DMRG	3	chi4	ZZ onsite	-0.6095469376019736	0.052603862344548946	41.2315179236486	55.36756083707009
10	DMRG	3	chi8	ZZ onsite	-0.6095469376019736	-0.0018474524975259365	55.229489380288946	55.36756083707009
10	DMRG	3	chi16	ZZ onsite	-0.6095469376019736	0.00019837263247024506	55.37917798517753	55.36756083707009
10	DMRG	3	chi32	ZZ onsite	-0.6095469376019736	5.6538238899506155e-6	55.36790059055389	55.36756083707009
10	DMRG	3	exact	ZZ onsite	-0.6095469376019736	0.0	55.36756083707009	55.36756083707009
10	DMRG	3	UHF	ZZ onsite	-0.6095469376019736	-0.014935709308216305	52.80811095843169	55.36756083707009
10	DMRG	3	UHFsym	ZZ onsite	-0.6095469376019736	-0.014935709308215972	52.80811095843176	55.36756083707009
10	DMRG	3	chi2	ZZ up-up r=1	-0.6908265067687417	0.309173493231259	4.508398678458384	71.81138226611169
10	DMRG	3	chi4	ZZ up-up r=1	-0.6908265067687417	0.15855653955103055	14.206388438448544	71.81138226611169
10	DMRG	3	chi8	ZZ up-up r=1	-0.6908265067687417	-0.009042278583642482	72.00794070890262	71.81138226611169
10	DMRG	3	chi16	ZZ up-up r=1	-0.6908265067687417	-0.0033196375478651285	72.09012938104547	71.81138226611169
10	DMRG	3	chi32	ZZ up-up r=1	-0.6908265067687417	9.823056559721266e-6	71.81020649853659	71.81138226611169
10	DMRG	3	exact	ZZ up-up r=1	-0.6908265067687417	0.0	71.81138226611169	71.81138226611169
10	DMRG	3	UHF	ZZ up-up r=1	-0.6908265067687417	0.09506736457790244	28.484102730886576	71.81138226611169
10	DMRG	3	UHFsym	ZZ up-up r=1	-0.6908265067687417	-0.3002358508871568	5.095826942209971	71.81138226611169
10	DMRG	3	chi2	SzSz r=1	-0.14531279017002413	0.10468720982997604	1.7365770735883004	43.51983636338247
10	DMRG	3	chi4	SzSz r=1	-0.14531279017002413	0.05120874178403359	6.0687983575728355	43.51983636338247
10	DMRG	3	chi8	SzSz r=1	-0.14531279017002413	-0.0021065136932605366	43.680073867562164	43.51983636338247
10	DMRG	3	chi16	SzSz r=1	-0.14531279017002413	-0.000573386983240276	43.74381030305778	43.51983636338247
10	DMRG	3	chi32	SzSz r=1	-0.14531279017002413	1.4696099177036182e-6	43.51962599094484	43.51983636338247
10	DMRG	3	exact	SzSz r=1	-0.14531279017002413	0.0	43.51983636338247	43.51983636338247
10	DMRG	3	UHF	SzSz r=1	-0.14531279017002413	0.027034249979765362	15.995800301492855	43.51983636338247
10	DMRG	3	UHFsym	SzSz r=1	-0.14531279017002413	-0.07179155388650066	3.946897978519668	43.51983636338247
10	DMRG	3	chi2	hop up r=1	0.5829732332211648	0.5829732332211648	1.0	56.013944284171586
10	DMRG	3	chi4	hop up r=1	0.5829732332211648	-0.07353886836654144	33.57830158737008	56.013944284171586
10	DMRG	3	chi8	hop up r=1	0.5829732332211648	0.005656995759704908	54.958760181829874	56.013944284171586
10	DMRG	3	chi16	hop up r=1	0.5829732332211648	0.0010542499930252802	55.856795654258164	56.013944284171586
10	DMRG	3	chi32	hop up r=1	0.5829732332211648	-5.0720155957417745e-6	56.01465504007543	56.013944284171586
10	DMRG	3	exact	hop up r=1	0.5829732332211648	0.0	56.013944284171586	56.013944284171586
10	DMRG	3	UHF	hop up r=1	0.5829732332211648	0.14364258155321946	12.148259727903545	56.013944284171586
10	DMRG	3	UHFsym	hop up r=1	0.5829732332211648	0.1436425815532193	12.148259727903561	56.013944284171586
10	ED	4	chi2	n	1.0000000000000002	-4.440892098500626e-16	1.0000000887813776	1.0000000000082594
10	ED	4	chi4	n	1.0000000000000002	-3.1259328459043445e-10	1.0000000029414864	1.0000000000082594
10	ED	4	chi8	n	1.0000000000000002	-3.163513895287906e-11	1.0000000000764886	1.0000000000082594
10	ED	4	chi16	n	1.0000000000000002	-9.005463041944495e-12	1.0000000000073248	1.0000000000082594
10	ED	4	chi32	n	1.0000000000000002	-3.5211833449011465e-12	1.0000000000331672	1.0000000000082594
10	ED	4	exact	n	1.0000000000000002	1.2222445278098348e-12	1.0000000000082594	1.0000000000082594
10	ED	4	UHF	n	1.0000000000000002	3.3306690738754696e-15	0.019386495311179724	1.0000000000082594
10	ED	4	UHFsym	n	1.0000000000000002	3.3306690738754696e-15	0.9999999999999964	1.0000000000082594
10	ED	4	chi2	Sz	-4.871103520542874e-15	-5.4040524624654473e-8	1.0000000882448032	1.0000000000117488
10	ED	4	chi4	Sz	-4.871103520542874e-15	-1.468603814946956e-9	1.0000000020189443	1.0000000000117488
10	ED	4	chi8	Sz	-4.871103520542874e-15	-1.3991065250795742e-11	0.9999999999844629	1.0000000000117488
10	ED	4	chi16	Sz	-4.871103520542874e-15	4.808677761536373e-12	0.9999999999812161	1.0000000000117488
10	ED	4	chi32	Sz	-4.871103520542874e-15	-1.656737941280184e-11	1.0000000000227751	1.0000000000117488
10	ED	4	exact	Sz	-4.871103520542874e-15	-6.290870602221332e-12	1.0000000000117488	1.0000000000117488
10	ED	4	UHF	Sz	-4.871103520542874e-15	-0.38443422638884917	0.027359387598588403	1.0000000000117488
10	ED	4	UHFsym	Sz	-4.871103520542874e-15	-4.873271924887845e-15	1.000000000000004	1.0000000000117488
10	ED	4	chi2	DoubleOcc	0.10049459437843147	0.10049459437843147	1.996371679486537	27.48425094520223
10	ED	4	chi4	DoubleOcc	0.10049459437843147	0.008697260471791535	24.247568881338726	27.48425094520223
10	ED	4	chi8	DoubleOcc	0.10049459437843147	-0.0005067174899157645	27.542153981026498	27.48425094520223
10	ED	4	chi16	DoubleOcc	0.10049459437843147	6.89024556329576e-5	27.475070742019415	27.48425094520223
10	ED	4	chi32	DoubleOcc	0.10049459437843147	1.3121741654076313e-6	27.484079084136848	27.48425094520223
10	ED	4	exact	DoubleOcc	0.10049459437843147	4.4598946757901103e-10	27.48425094520223	27.48425094520223
10	ED	4	UHF	DoubleOcc	0.10049459437843147	-0.0017157312023777793	1.1735490470221932	27.48425094520223
10	ED	4	UHFsym	DoubleOcc	0.10049459437843147	-0.001715731202377807	27.611110273814102	27.48425094520223
10	ED	4	chi2	ZZ onsite	-0.5980216224862746	0.4019783775137261	2.10899052871498	51.530202847703684
10	ED	4	chi4	ZZ onsite	-0.5980216224862746	0.034789042512353374	42.79880125181977	51.530202847703684
10	ED	4	chi8	ZZ onsite	-0.5980216224862746	-0.002026869896393224	51.59370268970189	51.530202847703684
10	ED	4	chi16	ZZ onsite	-0.5980216224862746	0.0002756098405416463	51.51691308749648	51.530202847703684
10	ED	4	chi32	ZZ onsite	-0.5980216224862746	5.248703703109037e-6	51.52996021602137	51.530202847703684
10	ED	4	exact	ZZ onsite	-0.5980216224862746	1.7815121600150974e-9	51.530202847703684	51.530202847703684
10	ED	4	UHF	ZZ onsite	-0.5980216224862746	-0.006862924809517779	51.500753289800265	51.530202847703684
10	ED	4	UHFsym	ZZ onsite	-0.5980216224862746	-0.00686292480951789	51.500753289800244	51.530202847703684
10	ED	4	chi2	ZZ up-up r=1	-0.35907147407190854	-0.047620656705851305	12.030513215187588	15.359567346524587
10	ED	4	chi4	ZZ up-up r=1	-0.35907147407190854	-0.3178378126907043	1.2515606348084982	15.359567346524587
10	ED	4	chi8	ZZ up-up r=1	-0.35907147407190854	-0.002071695401837381	15.333768476861865	15.359567346524587
10	ED	4	chi16	ZZ up-up r=1	-0.35907147407190854	-0.000694995281942834	15.352514071216504	15.359567346524587
10	ED	4	chi32	ZZ up-up r=1	-0.35907147407190854	-3.899360507997329e-5	15.359214602212433	15.359567346524587
10	ED	4	exact	ZZ up-up r=1	-0.35907147407190854	-5.238026845599819e-9	15.359567346524587	15.359567346524587
10	ED	4	UHF	ZZ up-up r=1	-0.35907147407190854	0.42475860442906377	0.7473634911542312	15.359567346524587
10	ED	4	UHFsym	ZZ up-up r=1	-0.35907147407190854	0.03052269557873749	14.164210905515551	15.359567346524587
10	ED	4	chi2	SzSz r=1	-0.07316394374602467	0.00469876059548964	8.363178481242121	10.18601851663852
10	ED	4	chi4	SzSz r=1	-0.07316394374602467	-0.07316394374602467	1.0101670421589357	10.18601851663852
10	ED	4	chi8	SzSz r=1	-0.07316394374602467	-8.191734471943435e-5	10.201773126704376	10.18601851663852
10	ED	4	chi16	SzSz r=1	-0.07316394374602467	-0.00015735583297118994	10.19285386970642	10.18601851663852
10	ED	4	chi32	SzSz r=1	-0.07316394374602467	-6.415792793132424e-6	10.186407330978197	10.18601851663852
10	ED	4	exact	SzSz r=1	-0.07316394374602467	-1.042538055884279e-9	10.18601851663852	10.18601851663852
10	ED	4	UHF	SzSz r=1	-0.07316394374602467	0.09872502673352096	0.5500596819455841	10.18601851663852
10	ED	4	UHFsym	SzSz r=1	-0.07316394374602467	0.00016604952093861314	9.824465592224673	10.18601851663852
10	ED	4	chi2	hop up r=1	0.4002651894600152	0.4002651894600152	1.0	19.845231858718975
10	ED	4	chi4	hop up r=1	0.4002651894600152	0.14079117908484845	5.840444940465146	19.845231858718975
10	ED	4	chi8	hop up r=1	0.4002651894600152	0.003088769258699997	19.779009998323367	19.845231858718975
10	ED	4	chi16	hop up r=1	0.4002651894600152	0.0002476932565423362	19.84152177033608	19.845231858718975
10	ED	4	chi32	hop up r=1	0.4002651894600152	3.3587981265847944e-5	19.844745269292662	19.845231858718975
10	ED	4	exact	hop up r=1	0.4002651894600152	5.157386517851137e-9	19.845231858718975	19.845231858718975
10	ED	4	UHF	hop up r=1	0.4002651894600152	-0.038538175574467315	17.346996671813233	19.845231858718975
10	ED	4	UHFsym	hop up r=1	0.4002651894600152	-0.038538175574467814	17.346996671813166	19.845231858718975
10	DMRG	4	chi2	n	0.999999999998778	-1.2226886170196849e-12	1.0000000887813776	1.0000000000082594
10	DMRG	4	chi4	n	0.999999999998778	-3.138155291182443e-10	1.0000000029414864	1.0000000000082594
10	DMRG	4	chi8	n	0.999999999998778	-3.2857383480688895e-11	1.0000000000764886	1.0000000000082594
10	DMRG	4	chi16	n	0.999999999998778	-1.022770756975433e-11	1.0000000000073248	1.0000000000082594
10	DMRG	4	chi32	n	0.999999999998778	-4.743427872710981e-12	1.0000000000331672	1.0000000000082594
10	DMRG	4	exact	n	0.999999999998778	0.0	1.0000000000082594	1.0000000000082594
10	DMRG	4	UHF	n	0.999999999998778	-1.2189138587359594e-12	0.019386495311179724	1.0000000000082594
10	DMRG	4	UHFsym	n	0.999999999998778	-1.2189138587359594e-12	0.9999999999999964	1.0000000000082594
10	DMRG	4	chi2	Sz	6.2859994987007894e-12	-5.403423375405225e-8	1.0000000882448032	1.0000000000117488
10	DMRG	4	chi4	Sz	6.2859994987007894e-12	-1.4623129443447347e-9	1.0000000020189443	1.0000000000117488
10	DMRG	4	chi8	Sz	6.2859994987007894e-12	-7.70019464857441e-12	0.9999999999844629	1.0000000000117488
10	DMRG	4	chi16	Sz	6.2859994987007894e-12	1.1099548363757705e-11	0.9999999999812161	1.0000000000117488
10	DMRG	4	chi32	Sz	6.2859994987007894e-12	-1.0276508810580509e-11	1.0000000000227751	1.0000000000117488
10	DMRG	4	exact	Sz	6.2859994987007894e-12	0.0	1.0000000000117488	1.0000000000117488
10	DMRG	4	UHF	Sz	6.2859994987007894e-12	-0.3844342263825583	0.027359387598588403	1.0000000000117488
10	DMRG	4	UHFsym	Sz	6.2859994987007894e-12	6.2859973302964445e-12	1.000000000000004	1.0000000000117488
10	DMRG	4	chi2	DoubleOcc	0.100494593932442	0.100494593932442	1.996371679486537	27.48425094520223
10	DMRG	4	chi4	DoubleOcc	0.100494593932442	0.008697260025802067	24.247568881338726	27.48425094520223
10	DMRG	4	chi8	DoubleOcc	0.100494593932442	-0.0005067179359052321	27.542153981026498	27.48425094520223
10	DMRG	4	chi16	DoubleOcc	0.100494593932442	6.890200964349003e-5	27.475070742019415	27.48425094520223
10	DMRG	4	chi32	DoubleOcc	0.100494593932442	1.3117281759400523e-6	27.484079084136848	27.48425094520223
10	DMRG	4	exact	DoubleOcc	0.100494593932442	0.0	27.48425094520223	27.48425094520223
10	DMRG	4	UHF	DoubleOcc	0.100494593932442	-0.001715731648367247	1.1735490470221932	27.48425094520223
10	DMRG	4	UHFsym	DoubleOcc	0.100494593932442	-0.0017157316483672747	27.611110273814102	27.48425094520223
10	DMRG	4	chi2	ZZ onsite	-0.5980216242677867	0.40197837573221396	2.10899052871498	51.530202847703684
10	DMRG	4	chi4	ZZ onsite	-0.5980216242677867	0.034789040730841214	42.79880125181977	51.530202847703684
10	DMRG	4	chi8	ZZ onsite	-0.5980216242677867	-0.002026871677905384	51.59370268970189	51.530202847703684
10	DMRG	4	chi16	ZZ onsite	-0.5980216242677867	0.00027560805902948626	51.51691308749648	51.530202847703684
10	DMRG	4	chi32	ZZ onsite	-0.5980216242677867	5.2469221909490216e-6	51.52996021602137	51.530202847703684
10	DMRG	4	exact	ZZ onsite	-0.5980216242677867	0.0	51.530202847703684	51.530202847703684
10	DMRG	4	UHF	ZZ onsite	-0.5980216242677867	-0.006862926591029939	51.500753289800265	51.530202847703684
10	DMRG	4	UHFsym	ZZ onsite	-0.5980216242677867	-0.00686292659103005	51.500753289800244	51.530202847703684
10	DMRG	4	chi2	ZZ up-up r=1	-0.3590714688338817	-0.04762065146782446	12.030513215187588	15.359567346524587
10	DMRG	4	chi4	ZZ up-up r=1	-0.3590714688338817	-0.3178378074526775	1.2515606348084982	15.359567346524587
10	DMRG	4	chi8	ZZ up-up r=1	-0.3590714688338817	-0.0020716901638105356	15.333768476861865	15.359567346524587
10	DMRG	4	chi16	ZZ up-up r=1	-0.3590714688338817	-0.0006949900439159884	15.352514071216504	15.359567346524587
10	DMRG	4	chi32	ZZ up-up r=1	-0.3590714688338817	-3.898836705312769e-5	15.359214602212433	15.359567346524587
10	DMRG	4	exact	ZZ up-up r=1	-0.3590714688338817	0.0	15.359567346524587	15.359567346524587
10	DMRG	4	UHF	ZZ up-up r=1	-0.3590714688338817	0.4247586096670906	0.7473634911542312	15.359567346524587
10	DMRG	4	UHFsym	ZZ up-up r=1	-0.3590714688338817	0.030522700816764337	14.164210905515551	15.359567346524587
10	DMRG	4	chi2	SzSz r=1	-0.07316394270348661	0.004698761638027696	8.363178481242121	10.18601851663852
10	DMRG	4	chi4	SzSz r=1	-0.07316394270348661	-0.07316394270348661	1.0101670421589357	10.18601851663852
10	DMRG	4	chi8	SzSz r=1	-0.07316394270348661	-8.191630218137846e-5	10.201773126704376	10.18601851663852
10	DMRG	4	chi16	SzSz r=1	-0.07316394270348661	-0.00015735479043313405	10.19285386970642	10.18601851663852
10	DMRG	4	chi32	SzSz r=1	-0.07316394270348661	-6.41475025507654e-6	10.186407330978197	10.18601851663852
10	DMRG	4	exact	SzSz r=1	-0.07316394270348661	0.0	10.18601851663852	10.18601851663852
10	DMRG	4	UHF	SzSz r=1	-0.07316394270348661	0.09872502777605902	0.5500596819455841	10.18601851663852
10	DMRG	4	UHFsym	SzSz r=1	-0.07316394270348661	0.00016605056347666902	9.824465592224673	10.18601851663852
10	DMRG	4	chi2	hop up r=1	0.4002651843026287	0.4002651843026287	1.0	19.845231858718975
10	DMRG	4	chi4	hop up r=1	0.4002651843026287	0.14079117392746193	5.840444940465146	19.845231858718975
10	DMRG	4	chi8	hop up r=1	0.4002651843026287	0.0030887641013134792	19.779009998323367	19.845231858718975
10	DMRG	4	chi16	hop up r=1	0.4002651843026287	0.00024768809915581835	19.84152177033608	19.845231858718975
10	DMRG	4	chi32	hop up r=1	0.4002651843026287	3.358282387933009e-5	19.844745269292662	19.845231858718975
10	DMRG	4	exact	hop up r=1	0.4002651843026287	0.0	19.845231858718975	19.845231858718975
10	DMRG	4	UHF	hop up r=1	0.4002651843026287	-0.03853818073185383	17.346996671813233	19.845231858718975
10	DMRG	4	UHFsym	hop up r=1	0.4002651843026287	-0.03853818073185433	17.346996671813166	19.845231858718975
10	ED	5	chi2	n	1.0000000000000002	4.440892098500626e-16	0.9999999990454365	0.9999999999581002
10	ED	5	chi4	n	1.0000000000000002	-8.172418297647255e-11	1.0000000002308005	0.9999999999581002
10	ED	5	chi8	n	1.0000000000000002	-2.0778245790609162e-10	1.0000000003550358	0.9999999999581002
10	ED	5	chi16	n	1.0000000000000002	-1.1912471009623005e-11	0.999999999985368	0.9999999999581002
10	ED	5	chi32	n	1.0000000000000002	3.5121905384016827e-12	0.9999999999613405	0.9999999999581002
10	ED	5	exact	n	1.0000000000000002	4.390710017787569e-12	0.9999999999581002	0.9999999999581002
10	ED	5	UHF	n	1.0000000000000002	0.0	0.018806048641663756	0.9999999999581002
10	ED	5	UHFsym	n	1.0000000000000002	-2.220446049250313e-16	1.0000000000000007	0.9999999999581002
10	ED	5	chi2	Sz	-2.6645352591003757e-15	1.194836424245338e-9	0.9999999995714945	0.9999999999826422
10	ED	5	chi4	Sz	-2.6645352591003757e-15	-1.3900407908051804e-10	1.0000000000765916	0.9999999999826422
10	ED	5	chi8	Sz	-2.6645352591003757e-15	-6.330472257509712e-11	1.0000000000906921	0.9999999999826422
10	ED	5	chi16	Sz	-2.6645352591003757e-15	4.0159951752993805e-11	0.9999999999894941	0.9999999999826422
10	ED	5	chi32	Sz	-2.6645352591003757e-15	4.1944850370789766e-11	0.999999999983807	0.9999999999826422
10	ED	5	exact	Sz	-2.6645352591003757e-15	4.439126843891472e-11	0.9999999999826422	0.9999999999826422
10	ED	5	UHF	Sz	-2.6645352591003757e-15	0.3845142060382788	0.031726959798320346	0.9999999999826422
10	ED	5	UHFsym	Sz	-2.6645352591003757e-15	-2.673642557349254e-15	1.0	0.9999999999826422
10	ED	5	chi2	DoubleOcc	0.09989327357892039	0.09989327357892039	2.1317806957019694	34.123320849604504
10	ED	5	chi4	DoubleOcc	0.09989327357892039	0.014602249273291734	25.351965980300193	34.123320849604504
10	ED	5	chi8	DoubleOcc	0.09989327357892039	-0.00017391052142179397	34.13384115943024	34.123320849604504
10	ED	5	chi16	DoubleOcc	0.09989327357892039	6.511613139836836e-5	34.118595768073455	34.123320849604504
10	ED	5	chi32	DoubleOcc	0.09989327357892039	1.5716081786520952e-6	34.12321187913516	34.123320849604504
10	ED	5	exact	DoubleOcc	0.09989327357892039	4.620585303261038e-10	34.123320849604504	34.123320849604504
10	ED	5	UHF	DoubleOcc	0.09989327357892039	-0.0022555517758298393	1.3175987459655956	34.123320849604504
10	ED	5	UHFsym	DoubleOcc	0.09989327357892039	-0.0022555517758298393	34.02232697483625	34.123320849604504
10	ED	5	chi2	ZZ onsite	-0.6004269056843187	0.3995730943156811	2.242983561100842	66.44926128403
10	ED	5	chi4	ZZ onsite	-0.6004269056843187	0.05840899725661575	41.93163969247491	66.44926128403
10	ED	5	chi8	ZZ onsite	-0.6004269056843187	-0.0006956416701222601	66.41847104221031	66.44926128403
10	ED	5	chi16	ZZ onsite	-0.6004269056843187	0.0002604645494175273	66.45780692409146	66.44926128403
10	ED	5	chi32	ZZ onsite	-0.6004269056843187	6.286425689450148e-6	66.44948662689133	66.44926128403
10	ED	5	exact	ZZ onsite	-0.6004269056843187	1.83945270126884e-9	66.44926128403	66.44926128403
10	ED	5	UHF	ZZ onsite	-0.6004269056843187	-0.009022207103319135	65.1729678022525	66.44926128403
10	ED	5	UHFsym	ZZ onsite	-0.6004269056843187	-0.009022207103319135	65.1729678022525	66.44926128403
10	ED	5	chi2	ZZ up-up r=1	-0.670886118612993	0.3291138813870068	4.03264579649814	79.92083451455872
10	ED	5	chi4	ZZ up-up r=1	-0.670886118612993	0.16937386147440614	13.421071482466811	79.92083451455872
10	ED	5	chi8	ZZ up-up r=1	-0.670886118612993	-0.011693081221945123	77.73983339993782	79.92083451455872
10	ED	5	chi16	ZZ up-up r=1	-0.670886118612993	-0.0046591176371035825	79.4876654896874	79.92083451455872
10	ED	5	chi32	ZZ up-up r=1	-0.670886118612993	-1.2963887631500803e-5	79.92046409140656	79.92083451455872
10	ED	5	exact	ZZ up-up r=1	-0.670886118612993	3.6773321054894836e-9	79.92083451455872	79.92083451455872
10	ED	5	UHF	ZZ up-up r=1	-0.670886118612993	0.11316845711494483	24.98547399546629	79.92083451455872
10	ED	5	UHFsym	ZZ up-up r=1	-0.670886118612993	-0.2811494705766327	5.35727845084661	79.92083451455872
10	ED	5	chi2	SzSz r=1	-0.140951017539775	0.10904898246022496	1.6293100806336391	49.24055800156665
10	ED	5	chi4	SzSz r=1	-0.140951017539775	0.054857086447431425	5.653742731604485	49.24055800156665
10	ED	5	chi8	SzSz r=1	-0.140951017539775	-0.002838727693942278	47.67723924033008	49.24055800156665
10	ED	5	chi16	SzSz r=1	-0.140951017539775	-0.0008604525954191977	49.088776026472004	49.24055800156665
10	ED	5	chi32	SzSz r=1	-0.140951017539775	-1.5934740345835419e-6	49.24058313696063	49.24055800156665
10	ED	5	exact	SzSz r=1	-0.140951017539775	9.465900008276407e-10	49.24055800156665	49.24055800156665
10	ED	5	UHF	SzSz r=1	-0.140951017539775	0.030981391748842207	15.080391680132566	49.24055800156665
10	ED	5	UHFsym	SzSz r=1	-0.140951017539775	-0.0675980901740525	4.067603734558778	49.24055800156665
10	ED	5	chi2	hop up r=1	0.5734696054382575	0.5734696054382575	1.0	47.66604099432104
10	ED	5	chi4	hop up r=1	0.5734696054382575	-0.07726132519944251	26.246647668006933	47.66604099432104
10	ED	5	chi8	hop up r=1	0.5734696054382575	0.007360431456555294	47.18226105235026	47.66604099432104
10	ED	5	chi16	hop up r=1	0.5734696054382575	0.0014649536129773821	47.626961150828365	47.66604099432104
10	ED	5	chi32	hop up r=1	0.5734696054382575	1.8372041860836852e-5	47.66572947987178	47.66604099432104
10	ED	5	exact	hop up r=1	0.5734696054382575	5.459012131225904e-10	47.66604099432104	47.66604099432104
10	ED	5	UHF	hop up r=1	0.5734696054382575	0.13455061844072763	13.221129573889936	47.66604099432104
10	ED	5	UHFsym	hop up r=1	0.5734696054382575	0.13455061844072413	13.221129573890433	47.66604099432104
10	DMRG	5	chi2	n	0.9999999999956095	-4.390265928577719e-12	0.9999999990454365	0.9999999999581002
10	DMRG	5	chi4	n	0.9999999999956095	-8.611489299426012e-11	1.0000000002308005	0.9999999999581002
10	DMRG	5	chi8	n	0.9999999999956095	-2.121731679238792e-10	1.0000000003550358	0.9999999999581002
10	DMRG	5	chi16	n	0.9999999999956095	-1.6303181027410574e-11	0.999999999985368	0.9999999999581002
10	DMRG	5	chi32	n	0.9999999999956095	-8.785194793858864e-13	0.9999999999613405	0.9999999999581002
10	DMRG	5	exact	n	0.9999999999956095	0.0	0.9999999999581002	0.9999999999581002
10	DMRG	5	UHF	n	0.9999999999956095	-4.390710017787569e-12	0.018806048641663756	0.9999999999581002
10	DMRG	5	UHFsym	n	0.9999999999956095	-4.390932062392494e-12	1.0000000000000007	0.9999999999581002
10	DMRG	5	chi2	Sz	-4.439393297417382e-11	1.1504451558064233e-9	0.9999999995714945	0.9999999999826422
10	DMRG	5	chi4	Sz	-4.439393297417382e-11	-1.8339534751943276e-10	1.0000000000765916	0.9999999999826422
10	DMRG	5	chi8	Sz	-4.439393297417382e-11	-1.0769599101401184e-10	1.0000000000906921	0.9999999999826422
10	DMRG	5	chi16	Sz	-4.439393297417382e-11	-4.231316685920916e-12	0.9999999999894941	0.9999999999826422
10	DMRG	5	chi32	Sz	-4.439393297417382e-11	-2.446418068124956e-12	0.999999999983807	0.9999999999826422
10	DMRG	5	exact	Sz	-4.439393297417382e-11	0.0	0.9999999999826422	0.9999999999826422
10	DMRG	5	UHF	Sz	-4.439393297417382e-11	0.3845142059938875	0.031726959798320346	0.9999999999826422
10	DMRG	5	UHFsym	Sz	-4.439393297417382e-11	-4.439394208147207e-11	1.0	0.9999999999826422
10	DMRG	5	chi2	DoubleOcc	0.09989327311686186	0.09989327311686186	2.1317806957019694	34.123320849604504
10	DMRG	5	chi4	DoubleOcc	0.09989327311686186	0.014602248811233204	25.351965980300193	34.123320849604504
10	DMRG	5	chi8	DoubleOcc	0.09989327311686186	-0.0001739109834803243	34.13384115943024	34.123320849604504
10	DMRG	5	chi16	DoubleOcc	0.09989327311686186	6.511566933983803e-5	34.118595768073455	34.123320849604504
10	DMRG	5	chi32	DoubleOcc	0.09989327311686186	1.5711461201217691e-6	34.12321187913516	34.123320849604504
10	DMRG	5	exact	DoubleOcc	0.09989327311686186	0.0	34.123320849604504	34.123320849604504
10	DMRG	5	UHF	DoubleOcc	0.09989327311686186	-0.0022555522378883697	1.3175987459655956	34.123320849604504
10	DMRG	5	UHFsym	DoubleOcc	0.09989327311686186	-0.0022555522378883697	34.02232697483625	34.123320849604504
10	DMRG	5	chi2	ZZ onsite	-0.6004269075237714	0.3995730924762284	2.242983561100842	66.44926128403
10	DMRG	5	chi4	ZZ onsite	-0.6004269075237714	0.058408995417163045	41.93163969247491	66.44926128403
10	DMRG	5	chi8	ZZ onsite	-0.6004269075237714	-0.0006956435095749613	66.41847104221031	66.44926128403
10	DMRG	5	chi16	ZZ onsite	-0.6004269075237714	0.000260462709964826	66.45780692409146	66.44926128403
10	DMRG	5	chi32	ZZ onsite	-0.6004269075237714	6.284586236748879e-6	66.44948662689133	66.44926128403
10	DMRG	5	exact	ZZ onsite	-0.6004269075237714	0.0	66.44926128403	66.44926128403
10	DMRG	5	UHF	ZZ onsite	-0.6004269075237714	-0.009022208942771837	65.1729678022525	66.44926128403
10	DMRG	5	UHFsym	ZZ onsite	-0.6004269075237714	-0.009022208942771837	65.1729678022525	66.44926128403
10	DMRG	5	chi2	ZZ up-up r=1	-0.6708861222903251	0.3291138777096747	4.03264579649814	79.92083451455872
10	DMRG	5	chi4	ZZ up-up r=1	-0.6708861222903251	0.16937385779707403	13.421071482466811	79.92083451455872
10	DMRG	5	chi8	ZZ up-up r=1	-0.6708861222903251	-0.011693084899277228	77.73983339993782	79.92083451455872
10	DMRG	5	chi16	ZZ up-up r=1	-0.6708861222903251	-0.004659121314435688	79.4876654896874	79.92083451455872
10	DMRG	5	chi32	ZZ up-up r=1	-0.6708861222903251	-1.2967564963606293e-5	79.92046409140656	79.92083451455872
10	DMRG	5	exact	ZZ up-up r=1	-0.6708861222903251	0.0	79.92083451455872	79.92083451455872
10	DMRG	5	UHF	ZZ up-up r=1	-0.6708861222903251	0.11316845343761273	24.98547399546629	79.92083451455872
10	DMRG	5	UHFsym	ZZ up-up r=1	-0.6708861222903251	-0.2811494742539648	5.35727845084661	79.92083451455872
10	DMRG	5	chi2	SzSz r=1	-0.140951018486365	0.10904898151363496	1.6293100806336391	49.24055800156665
10	DMRG	5	chi4	SzSz r=1	-0.140951018486365	0.054857085500841424	5.653742731604485	49.24055800156665
10	DMRG	5	chi8	SzSz r=1	-0.140951018486365	-0.0028387286405322787	47.67723924033008	49.24055800156665
10	DMRG	5	chi16	SzSz r=1	-0.140951018486365	-0.0008604535420091985	49.088776026472004	49.24055800156665
10	DMRG	5	chi32	SzSz r=1	-0.140951018486365	-1.5944206245843695e-6	49.24058313696063	49.24055800156665
10	DMRG	5	exact	SzSz r=1	-0.140951018486365	0.0	49.24055800156665	49.24055800156665
10	DMRG	5	UHF	SzSz r=1	-0.140951018486365	0.030981390802252207	15.080391680132566	49.24055800156665
10	DMRG	5	UHFsym	SzSz r=1	-0.140951018486365	-0.0675980911206425	4.067603734558778	49.24055800156665
10	DMRG	5	chi2	hop up r=1	0.5734696048923563	0.5734696048923563	1.0	47.66604099432104
10	DMRG	5	chi4	hop up r=1	0.5734696048923563	-0.07726132574534372	26.246647668006933	47.66604099432104
10	DMRG	5	chi8	hop up r=1	0.5734696048923563	0.007360430910654081	47.18226105235026	47.66604099432104
10	DMRG	5	chi16	hop up r=1	0.5734696048923563	0.001464953067076169	47.626961150828365	47.66604099432104
10	DMRG	5	chi32	hop up r=1	0.5734696048923563	1.837149595962373e-5	47.66572947987178	47.66604099432104
10	DMRG	5	exact	hop up r=1	0.5734696048923563	0.0	47.66604099432104	47.66604099432104
10	DMRG	5	UHF	hop up r=1	0.5734696048923563	0.13455061789482642	13.221129573889936	47.66604099432104
10	DMRG	5	UHFsym	hop up r=1	0.5734696048923563	0.13455061789482292	13.221129573890433	47.66604099432104
10	ED	6	chi2	n	1.0	1.1102230246251565e-15	1.0000000034192238	1.0000000001368157
10	ED	6	chi4	n	1.0	-1.572522112525121e-10	0.9999999997844314	1.0000000001368157
10	ED	6	chi8	n	1.0	2.122468867327143e-10	1.0000000008400534	1.0000000001368157
10	ED	6	chi16	n	1.0	5.060729613148851e-12	1.0000000002133176	1.0000000001368157
10	ED	6	chi32	n	1.0	3.91986443304404e-12	1.000000000136339	1.0000000001368157
10	ED	6	exact	n	1.0	4.0071279627795775e-12	1.0000000001368157	1.0000000001368157
10	ED	6	UHF	n	1.0	-2.4424906541753444e-15	0.020990267059980285	1.0000000001368157
10	ED	6	UHFsym	n	1.0	-2.220446049250313e-15	0.9999999999999986	1.0000000001368157
10	ED	6	chi2	Sz	-1.4918621893400541e-15	-1.1948405528872108e-9	1.0000000001542013	1.0000000000074662
10	ED	6	chi4	Sz	-1.4918621893400541e-15	1.951134392941256e-11	0.9999999999394239	1.0000000000074662
10	ED	6	chi8	Sz	-1.4918621893400541e-15	-2.1821736778671053e-10	1.0000000001065243	1.0000000000074662
10	ED	6	chi16	Sz	-1.4918621893400541e-15	-7.274747124141889e-11	1.0000000000112574	1.0000000000074662
10	ED	6	chi32	Sz	-1.4918621893400541e-15	-4.6252536523017085e-11	1.000000000007417	1.0000000000074662
10	ED	6	exact	Sz	-1.4918621893400541e-15	-4.6388198837732375e-11	1.0000000000074662	1.0000000000074662
10	ED	6	UHF	Sz	-1.4918621893400541e-15	-0.38451420603828207	0.029014667225065082	1.0000000000074662
10	ED	6	UHFsym	Sz	-1.4918621893400541e-15	-1.4922958702090483e-15	0.9999999999999992	1.0000000000074662
10	ED	6	chi2	DoubleOcc	0.09989327357892006	0.09989327357892006	2.27776610917388	24.548763714667494
10	ED	6	chi4	DoubleOcc	0.09989327357892006	0.008351718692036353	23.641400576883047	24.548763714667494
10	ED	6	chi8	DoubleOcc	0.09989327357892006	-0.0009160684434257604	24.44020522894528	24.548763714667494
10	ED	6	chi16	DoubleOcc	0.09989327357892006	8.804821418370579e-5	24.557035232566818	24.548763714667494
10	ED	6	chi32	DoubleOcc	0.09989327357892006	1.8475544168727875e-6	24.548941161248944	24.548763714667494
10	ED	6	exact	DoubleOcc	0.09989327357892006	4.804013020720532e-10	24.548763714667494	24.548763714667494
10	ED	6	UHF	DoubleOcc	0.09989327357892006	-0.0022555517758318377	1.1959542326635095	24.548763714667494
10	ED	6	UHFsym	DoubleOcc	0.09989327357892006	-0.0022555517758318655	24.209457611215715	24.548763714667494
10	ED	6	chi2	ZZ onsite	-0.60042690568432	0.399573094315679	2.283520612996247	50.65418154688413
10	ED	6	chi4	ZZ onsite	-0.60042690568432	0.033406875082649834	45.59691329349646	50.65418154688413
10	ED	6	chi8	ZZ onsite	-0.60042690568432	-0.0036642741981971483	50.338596496665815	50.65418154688413
10	ED	6	chi16	ZZ onsite	-0.60042690568432	0.0003521928466118096	50.674988455111205	50.65418154688413
10	ED	6	chi32	ZZ onsite	-0.60042690568432	7.3902098264300164e-6	50.65463537348375	50.65418154688413
10	ED	6	exact	ZZ onsite	-0.60042690568432	1.9135903972511414e-9	50.65418154688413	50.65418154688413
10	ED	6	UHF	ZZ onsite	-0.60042690568432	-0.009022207103322688	49.56394785869989	50.65418154688413
10	ED	6	UHFsym	ZZ onsite	-0.60042690568432	-0.009022207103322799	49.56394785869988	50.65418154688413
10	ED	6	chi2	ZZ up-up r=1	-0.35907147407189827	-0.04066170589195911	12.281998895984183	13.83820838501188
10	ED	6	chi4	ZZ up-up r=1	-0.35907147407189827	-0.31696251214215193	1.2620861205421852	13.83820838501188
10	ED	6	chi8	ZZ up-up r=1	-0.35907147407189827	-0.002148202384059106	13.862974208144614	13.83820838501188
10	ED	6	chi16	ZZ up-up r=1	-0.35907147407189827	-0.0007316029785343625	13.848104778731015	13.83820838501188
10	ED	6	chi32	ZZ up-up r=1	-0.35907147407189827	-3.940756193981931e-5	13.838779708020303	13.83820838501188
10	ED	6	exact	ZZ up-up r=1	-0.35907147407189827	-5.653409240746754e-9	13.83820838501188	13.83820838501188
10	ED	6	UHF	ZZ up-up r=1	-0.35907147407189827	0.42475860442908314	0.6939836324868965	13.83820838501188
10	ED	6	UHFsym	ZZ up-up r=1	-0.35907147407189827	0.030522695578752368	12.272277634918666	13.83820838501188
10	ED	6	chi2	SzSz r=1	-0.0731639437460223	0.0064384982989624945	8.576870096839363	10.187582696077852
10	ED	6	chi4	SzSz r=1	-0.0731639437460223	-0.07316394374602232	1.0077777852913385	10.187582696077852
10	ED	6	chi8	SzSz r=1	-0.0731639437460223	-0.00011136039959344646	10.221218609238653	10.187582696077852
10	ED	6	chi16	SzSz r=1	-0.0731639437460223	-0.00015452242486017898	10.185987444116932	10.187582696077852
10	ED	6	chi32	SzSz r=1	-0.0731639437460223	-6.2338133230144255e-6	10.187742608126841	10.187582696077852
10	ED	6	exact	SzSz r=1	-0.0731639437460223	-1.0382450316148706e-9	10.187582696077852	10.187582696077852
10	ED	6	UHF	SzSz r=1	-0.0731639437460223	0.09872502673352389	0.588914567446251	10.187582696077852
10	ED	6	UHFsym	SzSz r=1	-0.0731639437460223	0.00016604952094155523	9.81176291604153	10.187582696077852
10	ED	6	chi2	hop up r=1	0.40026518946001116	0.40026518946001116	1.0	18.33301773573842
10	ED	6	chi4	hop up r=1	0.40026518946001116	0.1379694699489028	5.800824522291484	18.33301773573842
10	ED	6	chi8	hop up r=1	0.40026518946001116	0.003562791674846022	18.23604244685389	18.33301773573842
10	ED	6	chi16	hop up r=1	0.40026518946001116	0.0003024633513957209	18.32664899163422	18.33301773573842
10	ED	6	chi32	hop up r=1	0.40026518946001116	3.5891695365108944e-5	18.332280340904582	18.33301773573842
10	ED	6	exact	hop up r=1	0.40026518946001116	5.291441895760585e-9	18.33301773573842	18.33301773573842
10	ED	6	UHF	hop up r=1	0.40026518946001116	-0.038538175574476474	16.46454899700126	18.33301773573842
10	ED	6	UHFsym	hop up r=1	0.40026518946001116	-0.03853817557447714	16.46454899700119	18.33301773573842
10	DMRG	6	chi2	n	0.9999999999959929	-4.006017739754952e-12	1.0000000034192238	1.0000000001368157
10	DMRG	6	chi4	n	0.9999999999959929	-1.6125933921529167e-10	0.9999999997844314	1.0000000001368157
10	DMRG	6	chi8	n	0.9999999999959929	2.0823975876993472e-10	1.0000000008400534	1.0000000001368157
10	DMRG	6	chi16	n	0.9999999999959929	1.0536016503692736e-12	1.0000000002133176	1.0000000001368157
10	DMRG	6	chi32	n	0.9999999999959929	-8.72635297355373e-14	1.000000000136339	1.0000000001368157
10	DMRG	6	exact	n	0.9999999999959929	0.0	1.0000000001368157	1.0000000001368157
10	DMRG	6	UHF	n	0.9999999999959929	-4.009570453433753e-12	0.020990267059980285	1.0000000001368157
10	DMRG	6	UHFsym	n	0.9999999999959929	-4.009348408828828e-12	0.9999999999999986	1.0000000001368157
10	DMRG	6	chi2	Sz	4.6386706975543035e-11	-1.1484523540494784e-9	1.0000000001542013	1.0000000000074662
10	DMRG	6	chi4	Sz	4.6386706975543035e-11	6.589954276714494e-11	0.9999999999394239	1.0000000000074662
10	DMRG	6	chi8	Sz	4.6386706975543035e-11	-1.7182916894897815e-10	1.0000000001065243	1.0000000000074662
10	DMRG	6	chi16	Sz	4.6386706975543035e-11	-2.6359272403686518e-11	1.0000000000112574	1.0000000000074662
10	DMRG	6	chi32	Sz	4.6386706975543035e-11	1.3566231471529022e-13	1.000000000007417	1.0000000000074662
10	DMRG	6	exact	Sz	4.6386706975543035e-11	0.0	1.0000000000074662	1.0000000000074662
10	DMRG	6	UHF	Sz	4.6386706975543035e-11	-0.38451420599189384	0.029014667225065082	1.0000000000074662
10	DMRG	6	UHFsym	Sz	4.6386706975543035e-11	4.6386706541862166e-11	0.9999999999999992	1.0000000000074662
10	DMRG	6	chi2	DoubleOcc	0.09989327309851875	0.09989327309851875	2.27776610917388	24.548763714667494
10	DMRG	6	chi4	DoubleOcc	0.09989327309851875	0.00835171821163505	23.641400576883047	24.548763714667494
10	DMRG	6	chi8	DoubleOcc	0.09989327309851875	-0.0009160689238270625	24.44020522894528	24.548763714667494
10	DMRG	6	chi16	DoubleOcc	0.09989327309851875	8.804773378240371e-5	24.557035232566818	24.548763714667494
10	DMRG	6	chi32	DoubleOcc	0.09989327309851875	1.8470740155707155e-6	24.548941161248944	24.548763714667494
10	DMRG	6	exact	DoubleOcc	0.09989327309851875	0.0	24.548763714667494	24.548763714667494
10	DMRG	6	UHF	DoubleOcc	0.09989327309851875	-0.00225555225623314	1.1959542326635095	24.548763714667494
10	DMRG	6	UHFsym	DoubleOcc	0.09989327309851875	-0.0022555522562331676	24.209457611215715	24.548763714667494
10	DMRG	6	chi2	ZZ onsite	-0.6004269075979104	0.3995730924020886	2.283520612996247	50.65418154688413
10	DMRG	6	chi4	ZZ onsite	-0.6004269075979104	0.03340687316905944	45.59691329349646	50.65418154688413
10	DMRG	6	chi8	ZZ onsite	-0.6004269075979104	-0.0036642761117875455	50.338596496665815	50.65418154688413
10	DMRG	6	chi16	ZZ onsite	-0.6004269075979104	0.00035219093302141236	50.674988455111205	50.65418154688413
10	DMRG	6	chi32	ZZ onsite	-0.6004269075979104	7.388296236032765e-6	50.65463537348375	50.65418154688413
10	DMRG	6	exact	ZZ onsite	-0.6004269075979104	0.0	50.65418154688413	50.65418154688413
10	DMRG	6	UHF	ZZ onsite	-0.6004269075979104	-0.009022209016913085	49.56394785869989	50.65418154688413
10	DMRG	6	UHFsym	ZZ onsite	-0.6004269075979104	-0.009022209016913196	49.56394785869988	50.65418154688413
10	DMRG	6	chi2	ZZ up-up r=1	-0.359071468418489	-0.04066170023854987	12.281998895984183	13.83820838501188
10	DMRG	6	chi4	ZZ up-up r=1	-0.359071468418489	-0.3169625064887427	1.2620861205421852	13.83820838501188
10	DMRG	6	chi8	ZZ up-up r=1	-0.359071468418489	-0.002148196730649865	13.862974208144614	13.83820838501188
10	DMRG	6	chi16	ZZ up-up r=1	-0.359071468418489	-0.0007315973251251218	13.848104778731015	13.83820838501188
10	DMRG	6	chi32	ZZ up-up r=1	-0.359071468418489	-3.9401908530578567e-5	13.838779708020303	13.83820838501188
10	DMRG	6	exact	ZZ up-up r=1	-0.359071468418489	0.0	13.83820838501188	13.83820838501188
10	DMRG	6	UHF	ZZ up-up r=1	-0.359071468418489	0.4247586100824924	0.6939836324868965	13.83820838501188
10	DMRG	6	UHFsym	ZZ up-up r=1	-0.359071468418489	0.03052270123216161	12.272277634918666	13.83820838501188
10	DMRG	6	chi2	SzSz r=1	-0.07316394270777726	0.006438499337207526	8.576870096839363	10.187582696077852
10	DMRG	6	chi4	SzSz r=1	-0.07316394270777726	-0.07316394270777729	1.0077777852913385	10.187582696077852
10	DMRG	6	chi8	SzSz r=1	-0.07316394270777726	-0.00011135936134841484	10.221218609238653	10.187582696077852
10	DMRG	6	chi16	SzSz r=1	-0.07316394270777726	-0.00015452138661514736	10.185987444116932	10.187582696077852
10	DMRG	6	chi32	SzSz r=1	-0.07316394270777726	-6.232775077982811e-6	10.187742608126841	10.187582696077852
10	DMRG	6	exact	SzSz r=1	-0.07316394270777726	0.0	10.187582696077852	10.187582696077852
10	DMRG	6	UHF	SzSz r=1	-0.07316394270777726	0.09872502777176892	0.588914567446251	10.187582696077852
10	DMRG	6	UHFsym	SzSz r=1	-0.07316394270777726	0.00016605055918658684	9.81176291604153	10.187582696077852
10	DMRG	6	chi2	hop up r=1	0.40026518416856927	0.40026518416856927	1.0	18.33301773573842
10	DMRG	6	chi4	hop up r=1	0.40026518416856927	0.1379694646574609	5.800824522291484	18.33301773573842
10	DMRG	6	chi8	hop up r=1	0.40026518416856927	0.0035627863834041262	18.23604244685389	18.33301773573842
10	DMRG	6	chi16	hop up r=1	0.40026518416856927	0.00030245805995382513	18.32664899163422	18.33301773573842
10	DMRG	6	chi32	hop up r=1	0.40026518416856927	3.5886403923213184e-5	18.332280340904582	18.33301773573842
10	DMRG	6	exact	hop up r=1	0.40026518416856927	0.0	18.33301773573842	18.33301773573842
10	DMRG	6	UHF	hop up r=1	0.40026518416856927	-0.03853818086591837	16.46454899700126	18.33301773573842
10	DMRG	6	UHFsym	hop up r=1	0.40026518416856927	-0.038538180865919036	16.46454899700119	18.33301773573842
10	ED	7	chi2	n	1.0000000000000002	6.661338147750939e-16	1.0000000036880567	1.0000000000044342
10	ED	7	chi4	n	1.0000000000000002	8.48742187642415e-11	0.9999999999621044	1.0000000000044342
10	ED	7	chi8	n	1.0000000000000002	-9.550893409482342e-11	1.0000000000671647	1.0000000000044342
10	ED	7	chi16	n	1.0000000000000002	-2.114752817305998e-12	1.0000000000056088	1.0000000000044342
10	ED	7	chi32	n	1.0000000000000002	1.972866314758903e-12	1.0000000000041345	1.0000000000044342
10	ED	7	exact	n	1.0000000000000002	2.7255975254547593e-12	1.0000000000044342	1.0000000000044342
10	ED	7	UHF	n	1.0000000000000002	3.3306690738754696e-16	0.020056805341792928	1.0000000000044342
10	ED	7	UHFsym	n	1.0000000000000002	3.3306690738754696e-16	1.0000000000000018	1.0000000000044342
10	ED	7	chi2	Sz	-8.090750291955828e-15	2.5084453722512556e-8	1.0000000802342646	1.0000000001249885
10	ED	7	chi4	Sz	-8.090750291955828e-15	5.696772914509651e-11	1.0000000000649605	1.0000000001249885
10	ED	7	chi8	Sz	-8.090750291955828e-15	1.0261248795107036e-10	1.000000000460218	1.0000000001249885
10	ED	7	chi16	Sz	-8.090750291955828e-15	3.029369810558791e-11	1.0000000000998428	1.0000000001249885
10	ED	7	chi32	Sz	-8.090750291955828e-15	3.542242887899505e-11	1.0000000001105984	1.0000000001249885
10	ED	7	exact	Sz	-8.090750291955828e-15	4.0245924648463216e-11	1.0000000001249885	1.0000000001249885
10	ED	7	UHF	Sz	-8.090750291955828e-15	0.384434226388837	0.02788467134754581	1.0000000001249885
10	ED	7	UHFsym	Sz	-8.090750291955828e-15	-8.076005142410025e-15	1.0	1.0000000001249885
10	ED	7	chi2	DoubleOcc	0.1004945943784312	0.1004945943784312	2.093691125543446	25.94049835079738
10	ED	7	chi4	DoubleOcc	0.1004945943784312	0.014962957231080348	20.5603154241411	25.94049835079738
10	ED	7	chi8	DoubleOcc	0.1004945943784312	7.036737136759119e-5	25.93903945523082	25.94049835079738
10	ED	7	chi16	DoubleOcc	0.1004945943784312	5.518280064287229e-5	25.939378614133727	25.94049835079738
10	ED	7	chi32	DoubleOcc	0.1004945943784312	1.4103784020391696e-6	25.94047194339204	25.94049835079738
10	ED	7	exact	DoubleOcc	0.1004945943784312	4.288385757611479e-10	25.94049835079738	25.94049835079738
10	ED	7	UHF	DoubleOcc	0.1004945943784312	-0.0017157312023789173	1.175139357938317	25.94049835079738
10	ED	7	UHFsym	DoubleOcc	0.1004945943784312	-0.001715731202378723	25.887098994454565	25.94049835079738
10	ED	7	chi2	ZZ onsite	-0.5980216224862752	0.40197837751372434	2.1656937122781525	47.78804763561575
10	ED	7	chi4	ZZ onsite	-0.5980216224862752	0.05985182875457429	32.700288932698186	47.78804763561575
10	ED	7	chi8	ZZ onsite	-0.5980216224862752	0.0002814696764895652	47.78903672581182	47.78804763561575
10	ED	7	chi16	ZZ onsite	-0.5980216224862752	0.00022073120679988456	47.78890698893793	47.78804763561575
10	ED	7	chi32	ZZ onsite	-0.5980216224862752	5.641509661202804e-6	47.78807716574567	47.78804763561575
10	ED	7	exact	ZZ onsite	-0.5980216224862752	1.7099028859490772e-9	47.78804763561575	47.78804763561575
10	ED	7	UHF	ZZ onsite	-0.5980216224862752	-0.006862924809515891	47.460084345987745	47.78804763561575
10	ED	7	UHFsym	ZZ onsite	-0.5980216224862752	-0.006862924809515114	47.46008434598781	47.78804763561575
10	ED	7	chi2	ZZ up-up r=1	-0.6908265012086614	0.30917349879133815	4.48115347667437	71.43267185608454
10	ED	7	chi4	ZZ up-up r=1	-0.6908265012086614	0.15304314964802757	14.866673620792914	71.43267185608454
10	ED	7	chi8	ZZ up-up r=1	-0.6908265012086614	-0.009538501076444272	71.72613975390856	71.43267185608454
10	ED	7	chi16	ZZ up-up r=1	-0.6908265012086614	-0.003327918385462647	71.7579876704739	71.43267185608454
10	ED	7	chi32	ZZ up-up r=1	-0.6908265012086614	-3.2270482145380086e-6	71.4331016535411	71.43267185608454
10	ED	7	exact	ZZ up-up r=1	-0.6908265012086614	4.4872866533651745e-9	71.43267185608454	71.43267185608454
10	ED	7	UHF	ZZ up-up r=1	-0.6908265012086614	0.09506737013799071	28.175876266863987	71.43267185608454
10	ED	7	UHFsym	ZZ up-up r=1	-0.6908265012086614	-0.30023584532707537	5.106997652006904	71.43267185608454
10	ED	7	chi2	SzSz r=1	-0.14531278893565278	0.10468721106434711	1.9323241104358047	55.403197520364365
10	ED	7	chi4	SzSz r=1	-0.14531278893565278	0.051036634205157055	7.222427821320579	55.403197520364365
10	ED	7	chi8	SzSz r=1	-0.14531278893565278	-0.002354307397542027	54.200970354425664	55.403197520364365
10	ED	7	chi16	SzSz r=1	-0.14531278893565278	-0.0005750119248948138	55.271784861703935	55.403197520364365
10	ED	7	chi32	SzSz r=1	-0.14531278893565278	1.4716252740298863e-6	55.40341932016596	55.403197520364365
10	ED	7	exact	SzSz r=1	-0.14531278893565278	1.258833648432045e-9	55.403197520364365	55.403197520364365
10	ED	7	UHF	SzSz r=1	-0.14531278893565278	0.0270342512141368	19.951064821320326	55.403197520364365
10	ED	7	UHFsym	SzSz r=1	-0.14531278893565278	-0.07179155265212918	3.9202640184667588	55.403197520364365
10	ED	7	chi2	hop up r=1	0.582973231841052	0.582973231841052	1.0	48.96990383741828
10	ED	7	chi4	hop up r=1	0.582973231841052	-0.06798740331842368	31.801119990918618	48.96990383741828
10	ED	7	chi8	hop up r=1	0.582973231841052	0.005742674921565771	48.3374487854646	48.96990383741828
10	ED	7	chi16	hop up r=1	0.582973231841052	0.00108142319644422	48.88361192841943	48.96990383741828
10	ED	7	chi32	hop up r=1	0.582973231841052	1.3561774060644183e-5	48.96891800720271	48.96990383741828
10	ED	7	exact	hop up r=1	0.582973231841052	-1.0797037708343282e-9	48.96990383741828	48.96990383741828
10	ED	7	UHF	hop up r=1	0.582973231841052	0.14364258017310266	12.023682835089238	48.96990383741828
10	ED	7	UHFsym	hop up r=1	0.582973231841052	0.14364258017310505	12.023682835088954	48.96990383741828
10	DMRG	7	chi2	n	0.9999999999972746	-2.7249313916399842e-12	1.0000000036880567	1.0000000000044342
10	DMRG	7	chi4	n	0.9999999999972746	8.214862123878675e-11	0.9999999999621044	1.0000000000044342
10	DMRG	7	chi8	n	0.9999999999972746	-9.823453162027818e-11	1.0000000000671647	1.0000000000044342
10	DMRG	7	chi16	n	0.9999999999972746	-4.8403503427607575e-12	1.0000000000056088	1.0000000000044342
10	DMRG	7	chi32	n	0.9999999999972746	-7.527312106958561e-13	1.0000000000041345	1.0000000000044342
10	DMRG	7	exact	n	0.9999999999972746	0.0	1.0000000000044342	1.0000000000044342
10	DMRG	7	UHF	n	0.9999999999972746	-2.7252644585473718e-12	0.020056805341792928	1.0000000000044342
10	DMRG	7	UHFsym	n	0.9999999999972746	-2.7252644585473718e-12	1.0000000000000018	1.0000000000044342
10	DMRG	7	chi2	Sz	-4.025401539875517e-11	2.5044207797864093e-8	1.0000000802342646	1.0000000001249885
10	DMRG	7	chi4	Sz	-4.025401539875517e-11	1.6721804496633297e-11	1.0000000000649605	1.0000000001249885
10	DMRG	7	chi8	Sz	-4.025401539875517e-11	6.236656330260715e-11	1.000000000460218	1.0000000001249885
10	DMRG	7	chi16	Sz	-4.025401539875517e-11	-9.952226542875309e-12	1.0000000000998428	1.0000000001249885
10	DMRG	7	chi32	Sz	-4.025401539875517e-11	-4.823495769468167e-12	1.0000000001105984	1.0000000001249885
10	DMRG	7	exact	Sz	-4.025401539875517e-11	0.0	1.0000000001249885	1.0000000001249885
10	DMRG	7	UHF	Sz	-4.025401539875517e-11	0.3844342263485911	0.02788467134754581	1.0000000001249885
10	DMRG	7	UHFsym	Sz	-4.025401539875517e-11	-4.0254000653605626e-11	1.0	1.0000000001249885
10	DMRG	7	chi2	DoubleOcc	0.10049459394959262	0.10049459394959262	2.093691125543446	25.94049835079738
10	DMRG	7	chi4	DoubleOcc	0.10049459394959262	0.014962956802241772	20.5603154241411	25.94049835079738
10	DMRG	7	chi8	DoubleOcc	0.10049459394959262	7.036694252901543e-5	25.93903945523082	25.94049835079738
10	DMRG	7	chi16	DoubleOcc	0.10049459394959262	5.5182371804296526e-5	25.939378614133727	25.94049835079738
10	DMRG	7	chi32	DoubleOcc	0.10049459394959262	1.4099495634634085e-6	25.94047194339204	25.94049835079738
10	DMRG	7	exact	DoubleOcc	0.10049459394959262	0.0	25.94049835079738	25.94049835079738
10	DMRG	7	UHF	DoubleOcc	0.10049459394959262	-0.001715731631217493	1.175139357938317	25.94049835079738
10	DMRG	7	UHFsym	DoubleOcc	0.10049459394959262	-0.0017157316312172988	25.887098994454565	25.94049835079738
10	DMRG	7	chi2	ZZ onsite	-0.5980216241961781	0.40197837580382145	2.1656937122781525	47.78804763561575
10	DMRG	7	chi4	ZZ onsite	-0.5980216241961781	0.0598518270446714	32.700288932698186	47.78804763561575
10	DMRG	7	chi8	ZZ onsite	-0.5980216241961781	0.0002814679665866793	47.78903672581182	47.78804763561575
10	DMRG	7	chi16	ZZ onsite	-0.5980216241961781	0.0002207294968969986	47.78890698893793	47.78804763561575
10	DMRG	7	chi32	ZZ onsite	-0.5980216241961781	5.639799758316855e-6	47.78807716574567	47.78804763561575
10	DMRG	7	exact	ZZ onsite	-0.5980216241961781	0.0	47.78804763561575	47.78804763561575
10	DMRG	7	UHF	ZZ onsite	-0.5980216241961781	-0.006862926519418777	47.460084345987745	47.78804763561575
10	DMRG	7	UHFsym	ZZ onsite	-0.5980216241961781	-0.006862926519418	47.46008434598781	47.78804763561575
10	DMRG	7	chi2	ZZ up-up r=1	-0.6908265056959481	0.3091734943040515	4.48115347667437	71.43267185608454
10	DMRG	7	chi4	ZZ up-up r=1	-0.6908265056959481	0.1530431451607409	14.866673620792914	71.43267185608454
10	DMRG	7	chi8	ZZ up-up r=1	-0.6908265056959481	-0.009538505563730926	71.72613975390856	71.43267185608454
10	DMRG	7	chi16	ZZ up-up r=1	-0.6908265056959481	-0.0033279228727493004	71.7579876704739	71.43267185608454
10	DMRG	7	chi32	ZZ up-up r=1	-0.6908265056959481	-3.2315355011913738e-6	71.4331016535411	71.43267185608454
10	DMRG	7	exact	ZZ up-up r=1	-0.6908265056959481	0.0	71.43267185608454	71.43267185608454
10	DMRG	7	UHF	ZZ up-up r=1	-0.6908265056959481	0.09506736565070406	28.175876266863987	71.43267185608454
10	DMRG	7	UHFsym	ZZ up-up r=1	-0.6908265056959481	-0.300235849814362	5.106997652006904	71.43267185608454
10	DMRG	7	chi2	SzSz r=1	-0.14531279019448642	0.10468720980551346	1.9323241104358047	55.403197520364365
10	DMRG	7	chi4	SzSz r=1	-0.14531279019448642	0.05103663294632341	7.222427821320579	55.403197520364365
10	DMRG	7	chi8	SzSz r=1	-0.14531279019448642	-0.0023543086563756754	54.200970354425664	55.403197520364365
10	DMRG	7	chi16	SzSz r=1	-0.14531279019448642	-0.0005750131837284622	55.271784861703935	55.403197520364365
10	DMRG	7	chi32	SzSz r=1	-0.14531279019448642	1.4703664403814543e-6	55.40341932016596	55.403197520364365
10	DMRG	7	exact	SzSz r=1	-0.14531279019448642	0.0	55.403197520364365	55.403197520364365
10	DMRG	7	UHF	SzSz r=1	-0.14531279019448642	0.027034249955303152	19.951064821320326	55.403197520364365
10	DMRG	7	UHFsym	SzSz r=1	-0.14531279019448642	-0.07179155391096283	3.9202640184667588	55.403197520364365
10	DMRG	7	chi2	hop up r=1	0.5829732329207558	0.5829732329207558	1.0	48.96990383741828
10	DMRG	7	chi4	hop up r=1	0.5829732329207558	-0.06798740223871991	31.801119990918618	48.96990383741828
10	DMRG	7	chi8	hop up r=1	0.5829732329207558	0.005742676001269542	48.3374487854646	48.96990383741828
10	DMRG	7	chi16	hop up r=1	0.5829732329207558	0.0010814242761479909	48.88361192841943	48.96990383741828
10	DMRG	7	chi32	hop up r=1	0.5829732329207558	1.3562853764415017e-5	48.96891800720271	48.96990383741828
10	DMRG	7	exact	hop up r=1	0.5829732329207558	0.0	48.96990383741828	48.96990383741828
10	DMRG	7	UHF	hop up r=1	0.5829732329207558	0.14364258125280643	12.023682835089238	48.96990383741828
10	DMRG	7	UHFsym	hop up r=1	0.5829732329207558	0.14364258125280882	12.023682835088954	48.96990383741828
10	ED	8	chi2	n	1.0000000000000009	9.992007221626409e-16	0.9999999861194662	0.9999999999579459
10	ED	8	chi4	n	1.0000000000000009	1.5938250719216285e-11	1.0000000000192368	0.9999999999579459
10	ED	8	chi8	n	1.0000000000000009	-6.327383061943692e-12	0.9999999999884296	0.9999999999579459
10	ED	8	chi16	n	1.0000000000000009	-1.9100276915651193e-12	0.9999999999749	0.9999999999579459
10	ED	8	chi32	n	1.0000000000000009	-3.4199310050553322e-12	0.9999999999690028	0.9999999999579459
10	ED	8	exact	n	1.0000000000000009	-8.47077963328502e-12	0.9999999999579459	0.9999999999579459
10	ED	8	UHF	n	1.0000000000000009	8.881784197001252e-16	0.019489692717171648	0.9999999999579459
10	ED	8	UHFsym	n	1.0000000000000009	4.440892098500626e-16	1.0000000000000007	0.9999999999579459
10	ED	8	chi2	Sz	5.4262150328554526e-15	-2.5084456498070118e-8	0.9999999898577645	0.9999999999806752
10	ED	8	chi4	Sz	5.4262150328554526e-15	-6.565553656301404e-12	0.9999999999926005	0.9999999999806752
10	ED	8	chi8	Sz	5.4262150328554526e-15	-4.490435800974524e-12	1.000000000000066	0.9999999999806752
10	ED	8	chi16	Sz	5.4262150328554526e-15	-4.040226486701215e-11	0.9999999999842311	0.9999999999806752
10	ED	8	chi32	Sz	5.4262150328554526e-15	-4.714531195992855e-11	0.9999999999819539	0.9999999999806752
10	ED	8	exact	Sz	5.4262150328554526e-15	-5.402631814144243e-11	0.9999999999806752	0.9999999999806752
10	ED	8	UHF	Sz	5.4262150328554526e-15	-0.385555193290707	0.028016014934876345	0.9999999999806752
10	ED	8	UHFsym	Sz	5.4262150328554526e-15	5.417107734606574e-15	1.0000000000000002	0.9999999999806752
10	ED	8	chi2	DoubleOcc	0.09761326601614567	0.0976132660161457	2.5120665346628583	32.69094719295326
10	ED	8	chi4	DoubleOcc	0.09761326601614567	0.007575183062969171	31.76470680422141	32.69094719295326
10	ED	8	chi8	DoubleOcc	0.09761326601614567	-0.001226197353985381	32.38104540690304	32.69094719295326
10	ED	8	chi16	DoubleOcc	0.09761326601614567	5.4889876929808956e-5	32.70191217434799	32.69094719295326
10	ED	8	chi32	DoubleOcc	0.09761326601614567	1.53269265062983e-6	32.691256745629715	32.69094719295326
10	ED	8	exact	DoubleOcc	0.09761326601614567	3.2053729115411045e-10	32.69094719295326	32.69094719295326
10	ED	8	UHF	DoubleOcc	0.09761326601614567	-0.003733926910415797	1.3905213331594362	32.69094719295326
10	ED	8	UHFsym	DoubleOcc	0.09761326601614567	-0.0037339269104157413	31.387060000092642	32.69094719295326
10	ED	8	chi2	ZZ onsite	-0.609546935935418	0.3904530640645819	2.430556681488939	54.944919999748564
10	ED	8	chi4	ZZ onsite	-0.609546935935418	0.030300732220001958	49.632028621325325	54.944919999748564
10	ED	8	chi8	ZZ onsite	-0.609546935935418	-0.004904789403284759	54.53539299794149	54.944919999748564
10	ED	8	chi16	ZZ onsite	-0.609546935935418	0.0002195595115397353	54.95449977047397	54.944919999748564
10	ED	8	chi32	ZZ onsite	-0.609546935935418	6.130777441937241e-6	54.94519773491743	54.944919999748564
10	ED	8	exact	ZZ onsite	-0.609546935935418	1.2990907238830118e-9	54.944919999748564	54.944919999748564
10	ED	8	UHF	ZZ onsite	-0.609546935935418	-0.01493570764166341	52.608256698787	54.944919999748564
10	ED	8	UHFsym	ZZ onsite	-0.609546935935418	-0.014935707641663187	52.60825669878708	54.944919999748564
10	ED	8	chi2	ZZ up-up r=1	-0.3187327480095315	-0.02747089115051704	9.285382179504873	9.781850970323557
10	ED	8	chi4	ZZ up-up r=1	-0.3187327480095315	-0.27946989980721326	1.2645562742130925	9.781850970323557
10	ED	8	chi8	ZZ up-up r=1	-0.3187327480095315	-0.0024099542507862726	9.787910095709767	9.781850970323557
10	ED	8	chi16	ZZ up-up r=1	-0.3187327480095315	-0.00010134687074314641	9.782306838565434	9.781850970323557
10	ED	8	chi32	ZZ up-up r=1	-0.3187327480095315	4.1562382450122115e-6	9.781831890123787	9.781850970323557
10	ED	8	exact	ZZ up-up r=1	-0.3187327480095315	-1.8535137313868688e-9	9.781850970323557	9.781850970323557
10	ED	8	UHF	ZZ up-up r=1	-0.3187327480095315	0.45823383516184285	0.4971750904112565	9.781850970323557
10	ED	8	UHFsym	ZZ up-up r=1	-0.3187327480095315	0.06626262807362315	6.902881112879637	9.781850970323557
10	ED	8	chi2	SzSz r=1	-0.06452081887205514	0.00829464534269847	7.282044636406094	8.316665269004483
10	ED	8	chi4	SzSz r=1	-0.06452081887205514	-0.06452081887205514	1.0109290882074375	8.316665269004483
10	ED	8	chi8	SzSz r=1	-0.06452081887205514	-0.00035983901344641134	8.341772869874843	8.316665269004483
10	ED	8	chi16	SzSz r=1	-0.06452081887205514	-3.339491984916121e-6	8.316069505257227	8.316665269004483
10	ED	8	chi32	SzSz r=1	-0.06452081887205514	7.331092749945922e-7	8.316676394621082	8.316665269004483
10	ED	8	exact	SzSz r=1	-0.06452081887205514	-5.623769921969668e-10	8.316665269004483	8.316665269004483
10	ED	8	UHF	SzSz r=1	-0.06452081887205514	0.10608563493947808	0.42355532575518495	8.316665269004483
10	ED	8	UHFsym	SzSz r=1	-0.06452081887205514	0.008092833167422916	7.14858008858199	8.316665269004483
10	ED	8	chi2	hop up r=1	0.37321260522273897	0.37321260522273897	1.0	18.26129397039867
10	ED	8	chi4	hop up r=1	0.37321260522273897	0.11947043279231351	6.425802480265659	18.26129397039867
10	ED	8	chi8	hop up r=1	0.37321260522273897	0.0034327674685081244	18.17913364512873	18.26129397039867
10	ED	8	chi16	hop up r=1	0.37321260522273897	8.298096812536793e-5	18.25991588206482	18.26129397039867
10	ED	8	chi32	hop up r=1	0.37321260522273897	-6.303518936268127e-7	18.261304364808932	18.26129397039867
10	ED	8	exact	hop up r=1	0.37321260522273897	2.5460127894838536e-9	18.26129397039867	18.26129397039867
10	ED	8	UHF	hop up r=1	0.37321260522273897	-0.06162246218844031	12.988037526191782	18.26129397039867
10	ED	8	UHFsym	hop up r=1	0.37321260522273897	-0.06162246218844014	12.988037526191805	18.26129397039867
10	DMRG	8	chi2	n	1.0000000000084717	8.471778834007182e-12	0.9999999861194662	0.9999999999579459
10	DMRG	8	chi4	n	1.0000000000084717	2.4409030352501304e-11	1.0000000000192368	0.9999999999579459
10	DMRG	8	chi8	n	1.0000000000084717	2.1433965713413272e-12	0.9999999999884296	0.9999999999579459
10	DMRG	8	chi16	n	1.0000000000084717	6.5607519417199e-12	0.9999999999749	0.9999999999579459
10	DMRG	8	chi32	n	1.0000000000084717	5.050848628229687e-12	0.9999999999690028	0.9999999999579459
10	DMRG	8	exact	n	1.0000000000084717	0.0	0.9999999999579459	0.9999999999579459
10	DMRG	8	UHF	n	1.0000000000084717	8.47166781170472e-12	0.019489692717171648	0.9999999999579459
10	DMRG	8	UHFsym	n	1.0000000000084717	8.47122372249487e-12	1.0000000000000007	0.9999999999579459
10	DMRG	8	chi2	Sz	5.4031744356475286e-11	-2.5030430179928675e-8	0.9999999898577645	0.9999999999806752
10	DMRG	8	chi4	Sz	5.4031744356475286e-11	4.746076448514103e-11	0.9999999999926005	0.9999999999806752
10	DMRG	8	chi8	Sz	5.4031744356475286e-11	4.953588234046791e-11	1.000000000000066	0.9999999999806752
10	DMRG	8	chi16	Sz	5.4031744356475286e-11	1.3624053274430281e-11	0.9999999999842311	0.9999999999806752
10	DMRG	8	chi32	Sz	5.4031744356475286e-11	6.881006181513882e-12	0.9999999999819539	0.9999999999806752
10	DMRG	8	exact	Sz	5.4031744356475286e-11	0.0	0.9999999999806752	0.9999999999806752
10	DMRG	8	UHF	Sz	5.4031744356475286e-11	-0.3855551932366807	0.028016014934876345	0.9999999999806752
10	DMRG	8	UHFsym	Sz	5.4031744356475286e-11	5.403173524917704e-11	1.0000000000000002	0.9999999999806752
10	DMRG	8	chi2	DoubleOcc	0.09761326569560838	0.09761326569560841	2.5120665346628583	32.69094719295326
10	DMRG	8	chi4	DoubleOcc	0.09761326569560838	0.00757518274243188	31.76470680422141	32.69094719295326
10	DMRG	8	chi8	DoubleOcc	0.09761326569560838	-0.0012261976745226721	32.38104540690304	32.69094719295326
10	DMRG	8	chi16	DoubleOcc	0.09761326569560838	5.48895563925178e-5	32.70191217434799	32.69094719295326
10	DMRG	8	chi32	DoubleOcc	0.09761326569560838	1.5323721133386758e-6	32.691256745629715	32.69094719295326
10	DMRG	8	exact	DoubleOcc	0.09761326569560838	0.0	32.69094719295326	32.69094719295326
10	DMRG	8	UHF	DoubleOcc	0.09761326569560838	-0.003733927230953088	1.3905213331594362	32.69094719295326
10	DMRG	8	UHFsym	DoubleOcc	0.09761326569560838	-0.0037339272309530325	31.387060000092642	32.69094719295326
10	DMRG	8	chi2	ZZ onsite	-0.6095469372345087	0.3904530627654912	2.430556681488939	54.944919999748564
10	DMRG	8	chi4	ZZ onsite	-0.6095469372345087	0.030300730920911234	49.632028621325325	54.944919999748564
10	DMRG	8	chi8	ZZ onsite	-0.6095469372345087	-0.004904790702375483	54.53539299794149	54.944919999748564
10	DMRG	8	chi16	ZZ onsite	-0.6095469372345087	0.00021955821244901141	54.95449977047397	54.944919999748564
10	DMRG	8	chi32	ZZ onsite	-0.6095469372345087	6.129478351213358e-6	54.94519773491743	54.944919999748564
10	DMRG	8	exact	ZZ onsite	-0.6095469372345087	0.0	54.944919999748564	54.944919999748564
10	DMRG	8	UHF	ZZ onsite	-0.6095469372345087	-0.014935708940754133	52.608256698787	54.944919999748564
10	DMRG	8	UHFsym	ZZ onsite	-0.6095469372345087	-0.014935708940753911	52.60825669878708	54.944919999748564
10	DMRG	8	chi2	ZZ up-up r=1	-0.31873274615601777	-0.02747088929700331	9.285382179504873	9.781850970323557
10	DMRG	8	chi4	ZZ up-up r=1	-0.31873274615601777	-0.2794698979536995	1.2645562742130925	9.781850970323557
10	DMRG	8	chi8	ZZ up-up r=1	-0.31873274615601777	-0.002409952397272541	9.787910095709767	9.781850970323557
10	DMRG	8	chi16	ZZ up-up r=1	-0.31873274615601777	-0.00010134501722941502	9.782306838565434	9.781850970323557
10	DMRG	8	chi32	ZZ up-up r=1	-0.31873274615601777	4.158091758743598e-6	9.781831890123787	9.781850970323557
10	DMRG	8	exact	ZZ up-up r=1	-0.31873274615601777	0.0	9.781850970323557	9.781850970323557
10	DMRG	8	UHF	ZZ up-up r=1	-0.31873274615601777	0.4582338370153566	0.4971750904112565	9.781850970323557
10	DMRG	8	UHFsym	ZZ up-up r=1	-0.31873274615601777	0.06626262992713688	6.902881112879637	9.781850970323557
10	DMRG	8	chi2	SzSz r=1	-0.06452081830967815	0.008294645905075462	7.282044636406094	8.316665269004483
10	DMRG	8	chi4	SzSz r=1	-0.06452081830967815	-0.06452081830967815	1.0109290882074375	8.316665269004483
10	DMRG	8	chi8	SzSz r=1	-0.06452081830967815	-0.00035983845106941914	8.341772869874843	8.316665269004483
10	DMRG	8	chi16	SzSz r=1	-0.06452081830967815	-3.338929607923924e-6	8.316069505257227	8.316665269004483
10	DMRG	8	chi32	SzSz r=1	-0.06452081830967815	7.336716519867892e-7	8.316676394621082	8.316665269004483
10	DMRG	8	exact	SzSz r=1	-0.06452081830967815	0.0	8.316665269004483	8.316665269004483
10	DMRG	8	UHF	SzSz r=1	-0.06452081830967815	0.10608563550185507	0.42355532575518495	8.316665269004483
10	DMRG	8	UHFsym	SzSz r=1	-0.06452081830967815	0.008092833729799909	7.14858008858199	8.316665269004483
10	DMRG	8	chi2	hop up r=1	0.3732126026767262	0.3732126026767262	1.0	18.26129397039867
10	DMRG	8	chi4	hop up r=1	0.3732126026767262	0.11947043024630072	6.425802480265659	18.26129397039867
10	DMRG	8	chi8	hop up r=1	0.3732126026767262	0.003432764922495335	18.17913364512873	18.26129397039867
10	DMRG	8	chi16	hop up r=1	0.3732126026767262	8.297842211257844e-5	18.25991588206482	18.26129397039867
10	DMRG	8	chi32	hop up r=1	0.3732126026767262	-6.328979064162965e-7	18.261304364808932	18.26129397039867
10	DMRG	8	exact	hop up r=1	0.3732126026767262	0.0	18.26129397039867	18.26129397039867
10	DMRG	8	UHF	hop up r=1	0.3732126026767262	-0.0616224647344531	12.988037526191782	18.26129397039867
10	DMRG	8	UHFsym	hop up r=1	0.3732126026767262	-0.06162246473445293	12.988037526191805	18.26129397039867
10	ED	9	chi2	n	1.000000000000001	1.1102230246251565e-15	0.9999999697339432	1.000000000321353
10	ED	9	chi4	n	1.000000000000001	2.3044921526604867e-10	1.0000000000174942	1.000000000321353
10	ED	9	chi8	n	1.000000000000001	6.092926163603352e-11	1.0000000002129505	1.000000000321353
10	ED	9	chi16	n	1.000000000000001	6.061384727473751e-11	1.000000000282866	1.000000000321353
10	ED	9	chi32	n	1.000000000000001	6.214273540194881e-11	1.0000000003211107	1.000000000321353
10	ED	9	exact	n	1.000000000000001	6.713407607605859e-11	1.000000000321353	1.000000000321353
10	ED	9	UHF	n	1.000000000000001	-4.440892098500626e-16	0.01702947965475339	1.000000000321353
10	ED	9	UHFsym	n	1.000000000000001	-2.220446049250313e-16	1.0000000000000013	1.000000000321353
10	ED	9	chi2	Sz	-5.5164206536062466e-15	7.385487006683622e-9	0.9999999989503792	1.0000000000287312
10	ED	9	chi4	Sz	-5.5164206536062466e-15	-4.049689056317973e-11	1.0000000000609768	1.0000000000287312
10	ED	9	chi8	Sz	-5.5164206536062466e-15	-6.154614318187868e-11	1.000000000023346	1.0000000000287312
10	ED	9	chi16	Sz	-5.5164206536062466e-15	-7.855772976572695e-11	1.0000000000256886	1.0000000000287312
10	ED	9	chi32	Sz	-5.5164206536062466e-15	-8.813037105648291e-11	1.0000000000274154	1.0000000000287312
10	ED	9	exact	Sz	-5.5164206536062466e-15	-8.89740850440468e-11	1.0000000000287312	1.0000000000287312
10	ED	9	UHF	Sz	-5.5164206536062466e-15	0.38119383265420764	0.030567722660055294	1.0000000000287312
10	ED	9	UHFsym	Sz	-5.5164206536062466e-15	-5.506012312750386e-15	0.9999999999999997	1.0000000000287312
10	ED	9	chi2	DoubleOcc	0.09914498727616741	0.09914498727616741	2.1214366716103905	28.21072129328651
10	ED	9	chi4	DoubleOcc	0.09914498727616741	0.012950941804743155	22.619972861799656	28.21072129328651
10	ED	9	chi8	DoubleOcc	0.09914498727616741	0.00054793545049453	28.149309162126727	28.21072129328651
10	ED	9	chi16	DoubleOcc	0.09914498727616741	2.93037698392562e-5	28.207952089168668	28.21072129328651
10	ED	9	chi32	DoubleOcc	0.09914498727616741	8.438096319729471e-7	28.210642335044056	28.21072129328651
10	ED	9	exact	DoubleOcc	0.09914498727616741	-3.9023559383899453e-10	28.21072129328651	28.21072129328651
10	ED	9	UHF	DoubleOcc	0.09914498727616741	-0.005546274670225088	1.1492006630934626	28.21072129328651
10	ED	9	UHFsym	DoubleOcc	0.09914498727616741	-0.005546274670225088	27.682692998779952	28.21072129328651
10	ED	9	chi2	ZZ onsite	-0.6034200508953317	0.3965799491046683	2.242139554443936	48.089309652872714
10	ED	9	chi4	ZZ onsite	-0.6034200508953317	0.05180376675807574	35.45554081572473	48.089309652872714
10	ED	9	chi8	ZZ onsite	-0.6034200508953317	0.002191741680121373	48.04205538417246	48.089309652872714
10	ED	9	chi16	ZZ onsite	-0.6034200508953317	0.00011721495812888616	48.08829548099008	48.089309652872714
10	ED	9	chi32	ZZ onsite	-0.6034200508953317	3.37511424219894e-6	48.0892828315162	48.089309652872714
10	ED	9	exact	ZZ onsite	-0.6034200508953317	-1.69521119364191e-9	48.089309652872714	48.089309652872714
10	ED	9	UHF	ZZ onsite	-0.6034200508953317	-0.022185098680898574	45.36167388970348	48.089309652872714
10	ED	9	UHFsym	ZZ onsite	-0.6034200508953317	-0.022185098680898574	45.36167388970348	48.089309652872714
10	ED	9	chi2	ZZ up-up r=1	-0.8311294549335174	0.16887054506648258	19.62892833897664	171.64764052159296
10	ED	9	chi4	ZZ up-up r=1	-0.8311294549335174	0.09034484866184544	51.065028673651945	171.64764052159296
10	ED	9	chi8	ZZ up-up r=1	-0.8311294549335174	0.005105152908878918	167.6034700210381	171.64764052159296
10	ED	9	chi16	ZZ up-up r=1	-0.8311294549335174	0.00039930764387485773	171.40505145717182	171.64764052159296
10	ED	9	chi32	ZZ up-up r=1	-0.8311294549335174	1.394536260856949e-5	171.6393942084014	171.64764052159296
10	ED	9	exact	ZZ up-up r=1	-0.8311294549335174	1.0038917142018988e-8	171.64764052159296	171.64764052159296
10	ED	9	UHF	ZZ up-up r=1	-0.8311294549335174	0.05473480200603975	88.43121725043251	171.64764052159296
10	ED	9	UHFsym	ZZ up-up r=1	-0.8311294549335174	-0.3903465687924362	4.525592145385577	171.64764052159296
10	ED	9	chi2	SzSz r=1	-0.17623608465410404	0.07376391534589596	5.033660357979987	99.10811908932801
10	ED	9	chi4	SzSz r=1	-0.17623608465410404	0.029248818226930734	23.88853582814522	99.10811908932801
10	ED	9	chi8	SzSz r=1	-0.17623608465410404	0.0010769763010494426	97.88926416046701	99.10811908932801
10	ED	9	chi16	SzSz r=1	-0.17623608465410404	8.031540520750391e-5	99.04058491061664	99.10811908932801
10	ED	9	chi32	SzSz r=1	-0.17623608465410404	2.8325240929438777e-6	99.10570326396713	99.10811908932801
10	ED	9	exact	SzSz r=1	-0.17623608465410404	1.9565941367094553e-9	99.10811908932801	99.10811908932801
10	ED	9	UHF	SzSz r=1	-0.17623608465410404	0.01793951862731702	45.49804588577497	99.10811908932801
10	ED	9	UHFsym	SzSz r=1	-0.17623608465410404	-0.09333082407230194	3.5716676690700484	99.10811908932801
10	ED	9	chi2	hop up r=1	0.6392160926092469	0.6392160926092469	1.0	69.67851132576857
10	ED	9	chi4	hop up r=1	0.6392160926092469	-0.03630798936841595	58.42299050183483	69.67851132576857
10	ED	9	chi8	hop up r=1	0.6392160926092469	-0.0025200815093535667	69.73706836842338	69.67851132576857
10	ED	9	chi16	hop up r=1	0.6392160926092469	-0.0002597788745256624	69.69137328343044	69.67851132576857
10	ED	9	chi32	hop up r=1	0.6392160926092469	-5.522933058887958e-6	69.67880072951338	69.67851132576857
10	ED	9	exact	hop up r=1	0.6392160926092469	-6.31625329816643e-9	69.67851132576857	69.67851132576857
10	ED	9	UHF	hop up r=1	0.6392160926092469	0.17196488862177173	11.488033309240357	69.67851132576857
10	ED	9	UHFsym	hop up r=1	0.6392160926092469	0.17196488862177056	11.488033309240484	69.67851132576857
10	DMRG	9	chi2	n	0.999999999932867	-6.713296585303397e-11	0.9999999697339432	1.000000000321353
10	DMRG	9	chi4	n	0.999999999932867	1.6331513918999008e-10	1.0000000000174942	1.000000000321353
10	DMRG	9	chi8	n	0.999999999932867	-6.204814440025075e-12	1.0000000002129505	1.000000000321353
10	DMRG	9	chi16	n	0.999999999932867	-6.520228801321082e-12	1.000000000282866	1.000000000321353
10	DMRG	9	chi32	n	0.999999999932867	-4.991340674109779e-12	1.0000000003211107	1.000000000321353
10	DMRG	9	exact	n	0.999999999932867	0.0	1.000000000321353	1.000000000321353
10	DMRG	9	UHF	n	0.999999999932867	-6.713452016526844e-11	0.01702947965475339	1.000000000321353
10	DMRG	9	UHFsym	n	0.999999999932867	-6.713429812066352e-11	1.0000000000000013	1.000000000321353
10	DMRG	9	chi2	Sz	8.89685686233932e-11	7.474461091727669e-9	0.9999999989503792	1.0000000000287312
10	DMRG	9	chi4	Sz	8.89685686233932e-11	4.847719448086707e-11	1.0000000000609768	1.0000000000287312
10	DMRG	9	chi8	Sz	8.89685686233932e-11	2.7427941862168126e-11	1.000000000023346	1.0000000000287312
10	DMRG	9	chi16	Sz	8.89685686233932e-11	1.0416355278319855e-11	1.0000000000256886	1.0000000000287312
10	DMRG	9	chi32	Sz	8.89685686233932e-11	8.437139875638877e-13	1.0000000000274154	1.0000000000287312
10	DMRG	9	exact	Sz	8.89685686233932e-11	0.0	1.0000000000287312	1.0000000000287312
10	DMRG	9	UHF	Sz	8.89685686233932e-11	0.3811938327431817	0.030567722660055294	1.0000000000287312
10	DMRG	9	UHFsym	Sz	8.89685686233932e-11	8.896857903173405e-11	0.9999999999999997	1.0000000000287312
10	DMRG	9	chi2	DoubleOcc	0.099144987666403	0.099144987666403	2.1214366716103905	28.21072129328651
10	DMRG	9	chi4	DoubleOcc	0.099144987666403	0.012950942194978748	22.619972861799656	28.21072129328651
10	DMRG	9	chi8	DoubleOcc	0.099144987666403	0.0005479358407301238	28.149309162126727	28.21072129328651
10	DMRG	9	chi16	DoubleOcc	0.099144987666403	2.930416007485004e-5	28.207952089168668	28.21072129328651
10	DMRG	9	chi32	DoubleOcc	0.099144987666403	8.441998675667861e-7	28.210642335044056	28.21072129328651
10	DMRG	9	exact	DoubleOcc	0.099144987666403	0.0	28.21072129328651	28.21072129328651
10	DMRG	9	UHF	DoubleOcc	0.099144987666403	-0.005546274279989494	1.1492006630934626	28.21072129328651
10	DMRG	9	UHFsym	DoubleOcc	0.099144987666403	-0.005546274279989494	27.682692998779952	28.21072129328651
10	DMRG	9	chi2	ZZ onsite	-0.6034200492001205	0.3965799507998795	2.242139554443936	48.089309652872714
10	DMRG	9	chi4	ZZ onsite	-0.6034200492001205	0.051803768453286936	35.45554081572473	48.089309652872714
10	DMRG	9	chi8	ZZ onsite	-0.6034200492001205	0.0021917433753325666	48.04205538417246	48.089309652872714
10	DMRG	9	chi16	ZZ onsite	-0.6034200492001205	0.0001172166533400798	48.08829548099008	48.089309652872714
10	DMRG	9	chi32	ZZ onsite	-0.6034200492001205	3.376809453392582e-6	48.0892828315162	48.089309652872714
10	DMRG	9	exact	ZZ onsite	-0.6034200492001205	0.0	48.089309652872714	48.089309652872714
10	DMRG	9	UHF	ZZ onsite	-0.6034200492001205	-0.02218509698568738	45.36167388970348	48.089309652872714
10	DMRG	9	UHFsym	ZZ onsite	-0.6034200492001205	-0.02218509698568738	45.36167388970348	48.089309652872714
10	DMRG	9	chi2	ZZ up-up r=1	-0.8311294649724346	0.16887053502756544	19.62892833897664	171.64764052159296
10	DMRG	9	chi4	ZZ up-up r=1	-0.8311294649724346	0.0903448386229283	51.065028673651945	171.64764052159296
10	DMRG	9	chi8	ZZ up-up r=1	-0.8311294649724346	0.005105142869961776	167.6034700210381	171.64764052159296
10	DMRG	9	chi16	ZZ up-up r=1	-0.8311294649724346	0.0003992976049577157	171.40505145717182	171.64764052159296
10	DMRG	9	chi32	ZZ up-up r=1	-0.8311294649724346	1.393532369142747e-5	171.6393942084014	171.64764052159296
10	DMRG	9	exact	ZZ up-up r=1	-0.8311294649724346	0.0	171.64764052159296	171.64764052159296
10	DMRG	9	UHF	ZZ up-up r=1	-0.8311294649724346	0.05473479196712261	88.43121725043251	171.64764052159296
10	DMRG	9	UHFsym	ZZ up-up r=1	-0.8311294649724346	-0.3903465788313533	4.525592145385577	171.64764052159296
10	DMRG	9	chi2	SzSz r=1	-0.17623608661069817	0.07376391338930183	5.033660357979987	99.10811908932801
10	DMRG	9	chi4	SzSz r=1	-0.17623608661069817	0.029248816270336597	23.88853582814522	99.10811908932801
10	DMRG	9	chi8	SzSz r=1	-0.17623608661069817	0.001076974344455306	97.88926416046701	99.10811908932801
10	DMRG	9	chi16	SzSz r=1	-0.17623608661069817	8.03134486133672e-5	99.04058491061664	99.10811908932801
10	DMRG	9	chi32	SzSz r=1	-0.17623608661069817	2.8305674988071683e-6	99.10570326396713	99.10811908932801
10	DMRG	9	exact	SzSz r=1	-0.17623608661069817	0.0	99.10811908932801	99.10811908932801
10	DMRG	9	UHF	SzSz r=1	-0.17623608661069817	0.017939516670722883	45.49804588577497	99.10811908932801
10	DMRG	9	UHFsym	SzSz r=1	-0.17623608661069817	-0.09333082602889607	3.5716676690700484	99.10811908932801
10	DMRG	9	chi2	hop up r=1	0.6392160989255002	0.6392160989255002	1.0	69.67851132576857
10	DMRG	9	chi4	hop up r=1	0.6392160989255002	-0.03630798305216265	58.42299050183483	69.67851132576857
10	DMRG	9	chi8	hop up r=1	0.6392160989255002	-0.0025200751931002685	69.73706836842338	69.67851132576857
10	DMRG	9	chi16	hop up r=1	0.6392160989255002	-0.00025977255827236423	69.69137328343044	69.67851132576857
10	DMRG	9	chi32	hop up r=1	0.6392160989255002	-5.516616805589791e-6	69.67880072951338	69.67851132576857
10	DMRG	9	exact	hop up r=1	0.6392160989255002	0.0	69.67851132576857	69.67851132576857
10	DMRG	9	UHF	hop up r=1	0.6392160989255002	0.17196489493802503	11.488033309240357	69.67851132576857
10	DMRG	9	UHFsym	hop up r=1	0.6392160989255002	0.17196489493802386	11.488033309240484	69.67851132576857
12	ED	1	chi2	n	0.9999999999998856	-1.1457501614131615e-13	1.00000001923192	1.0000000001268392
12	ED	1	chi4	n	0.9999999999998856	9.023251035245039e-10	1.000000000951876	1.0000000001268392
12	ED	1	chi8	n	0.9999999999998856	-7.171128135752269e-10	1.0000000023139695	1.0000000001268392
12	ED	1	chi16	n	0.9999999999998856	-7.83324516362427e-11	1.000000001402524	1.0000000001268392
12	ED	1	chi32	n	0.9999999999998856	5.765654620404348e-11	1.0000000000604696	1.0000000001268392
12	ED	1	exact	n	0.9999999999998856	-4.495648298075139e-11	1.0000000001268392	1.0000000001268392
12	ED	1	UHF	n	0.9999999999998856	-1.1435297153639112e-13	0.0174916679591035	1.0000000001268392
12	ED	1	UHFsym	n	0.9999999999998856	-1.142419492339286e-13	0.9999999999999996	1.0000000001268392
12	ED	1	chi2	Sz	1.6976663130829905e-12	1.6253955761184024e-8	0.9999999912960635	0.9999999999443003
12	ED	1	chi4	Sz	1.6976663130829905e-12	1.2166660352808112e-9	0.9999999995349054	0.9999999999443003
12	ED	1	chi8	Sz	1.6976663130829905e-12	1.6309442858741807e-9	0.9999999989800117	0.9999999999443003
12	ED	1	chi16	Sz	1.6976663130829905e-12	1.1513347115965633e-9	0.9999999993682277	0.9999999999443003
12	ED	1	chi32	Sz	1.6976663130829905e-12	7.9081973608508e-11	0.9999999999704371	0.9999999999443003
12	ED	1	exact	Sz	1.6976663130829905e-12	8.848434138175598e-11	0.9999999999443003	0.9999999999443003
12	ED	1	UHF	Sz	1.6976663130829905e-12	0.43779601845188465	0.02448646565908229	0.9999999999443003
12	ED	1	UHFsym	Sz	1.6976663130829905e-12	1.6976415932734579e-12	1.0	0.9999999999443003
12	ED	1	chi2	DoubleOcc	0.07134180674593213	0.07134180674593213	5.491197010687767	46.23057962105011
12	ED	1	chi4	DoubleOcc	0.07134180674593213	-6.665478848810746e-6	46.23121486032634	46.23057962105011
12	ED	1	chi8	DoubleOcc	0.07134180674593213	4.130003552496597e-5	46.226513590993214	46.23057962105011
12	ED	1	chi16	DoubleOcc	0.07134180674593213	3.7820636218099946e-6	46.23021664252232	46.23057962105011
12	ED	1	chi32	DoubleOcc	0.07134180674593213	3.458259737187941e-7	46.23054653133758	46.23057962105011
12	ED	1	exact	DoubleOcc	0.07134180674593213	2.2021845458297662e-10	46.23057962105011	46.23057962105011
12	ED	1	UHF	DoubleOcc	0.07134180674593213	0.013007160516768673	1.3952939808399354	46.23057962105011
12	ED	1	UHFsym	DoubleOcc	0.07134180674593213	0.013007160516768757	36.44101089569454	46.23057962105011
12	ED	1	chi2	ZZ onsite	-0.7146327730160436	0.28536722698395667	6.013313747348038	103.67237628889524
12	ED	1	chi4	ZZ onsite	-0.7146327730160436	-2.6663720045561057e-5	103.67145249938976	103.67237628889524
12	ED	1	chi8	ZZ onsite	-0.7146327730160436	0.00016520157632449184	103.67744078945657	103.67237628889524
12	ED	1	chi16	ZZ onsite	-0.7146327730160436	1.5128411151366095e-5	103.67288723464816	103.67237628889524
12	ED	1	chi32	ZZ onsite	-0.7146327730160436	1.3831885811166345e-6	103.67242336967507	103.67237628889524
12	ED	1	exact	ZZ onsite	-0.7146327730160436	9.707846748696625e-10	103.67237628889524	103.67237628889524
12	ED	1	UHF	ZZ onsite	-0.7146327730160436	0.05202864206730251	67.94340742919196	103.67237628889524
12	ED	1	UHFsym	ZZ onsite	-0.7146327730160436	0.052028642067302844	67.94340742919172	103.67237628889524
12	ED	1	chi2	ZZ up-up r=1	-0.8287574495165206	0.17124255048347958	22.107870860228303	217.40341823792846
12	ED	1	chi4	ZZ up-up r=1	-0.8287574495165206	0.09579951287555921	59.04660638519271	217.40341823792846
12	ED	1	chi8	ZZ up-up r=1	-0.8287574495165206	0.006978151781068309	217.0700726778157	217.40341823792846
12	ED	1	chi16	ZZ up-up r=1	-0.8287574495165206	0.000535071485096239	217.61239014097106	217.40341823792846
12	ED	1	chi32	ZZ up-up r=1	-0.8287574495165206	1.9778118398039446e-5	217.41182727779645	217.40341823792846
12	ED	1	exact	ZZ up-up r=1	-0.8287574495165206	2.5622941546288303e-9	217.40341823792846	217.40341823792846
12	ED	1	UHF	ZZ up-up r=1	-0.8287574495165206	0.05710671403862211	113.95871915260791	217.40341823792846
12	ED	1	UHFsym	ZZ up-up r=1	-0.8287574495165206	-0.3879746013856406	4.452179264455353	217.40341823792846
12	ED	1	chi2	SzSz r=1	-0.17571719019936535	0.0742828098006347	5.138911057735357	113.26048185986784
12	ED	1	chi4	SzSz r=1	-0.17571719019936535	0.029178193761644378	26.855811595310108	113.26048185986784
12	ED	1	chi8	SzSz r=1	-0.17571719019936535	0.001499614606733951	113.07962386355783	113.26048185986784
12	ED	1	chi16	SzSz r=1	-0.17571719019936535	0.00011525784848084863	113.31320827773283	113.26048185986784
12	ED	1	chi32	SzSz r=1	-0.17571719019936535	4.418633012648332e-6	113.2626101742112	113.26048185986784
12	ED	1	exact	SzSz r=1	-0.17571719019936535	5.552230897265531e-10	113.26048185986784	113.26048185986784
12	ED	1	UHF	SzSz r=1	-0.17571719019936535	0.01845839102760563	51.5623311447266	113.26048185986784
12	ED	1	UHFsym	SzSz r=1	-0.17571719019936535	-0.09281193782845959	3.5154548267568253	113.26048185986784
12	ED	1	chi2	hop up r=1	0.6379593062012705	0.6379593062012705	1.0	68.90308348983996
12	ED	1	chi4	hop up r=1	0.6379593062012705	-0.04600496664299336	53.58547265110029	68.90308348983996
12	ED	1	chi8	hop up r=1	0.6379593062012705	-0.0031597490891686064	69.08715820688282	68.90308348983996
12	ED	1	chi16	hop up r=1	0.6379593062012705	-0.00028744586299978003	68.92916388904302	68.90308348983996
12	ED	1	chi32	hop up r=1	0.6379593062012705	-8.22375548803489e-6	68.90385532832869	68.90308348983996
12	ED	1	exact	hop up r=1	0.6379593062012705	-1.1056715543134032e-9	68.90308348983996	68.90308348983996
12	ED	1	UHF	hop up r=1	0.6379593062012705	0.1707081132712639	11.422051094678945	68.90308348983996
12	ED	1	UHFsym	hop up r=1	0.6379593062012705	0.17070811327126406	11.422051094678924	68.90308348983996
12	DMRG	1	chi2	n	1.0000000000448421	4.484190796461007e-11	1.00000001923192	1.0000000001268392
12	DMRG	1	chi4	n	1.0000000000448421	9.472815865052553e-10	1.000000000951876	1.0000000001268392
12	DMRG	1	chi8	n	1.0000000000448421	-6.721563305944755e-10	1.0000000023139695	1.0000000001268392
12	DMRG	1	chi16	n	1.0000000000448421	-3.3375968655491306e-11	1.000000001402524	1.0000000001268392
12	DMRG	1	chi32	n	1.0000000000448421	1.0261302918479487e-10	1.0000000000604696	1.0000000001268392
12	DMRG	1	exact	n	1.0000000000448421	0.0	1.0000000001268392	1.0000000001268392
12	DMRG	1	UHF	n	1.0000000000448421	4.4842130009215e-11	0.0174916679591035	1.0000000001268392
12	DMRG	1	UHFsym	n	1.0000000000448421	4.484224103151746e-11	0.9999999999999996	1.0000000001268392
12	DMRG	1	chi2	Sz	-8.678667506867299e-11	1.6165471419802268e-8	0.9999999912960635	0.9999999999443003
12	DMRG	1	chi4	Sz	-8.678667506867299e-11	1.1281816938990552e-9	0.9999999995349054	0.9999999999443003
12	DMRG	1	chi8	Sz	-8.678667506867299e-11	1.5424599444924247e-9	0.9999999989800117	0.9999999999443003
12	DMRG	1	chi16	Sz	-8.678667506867299e-11	1.0628503702148073e-9	0.9999999993682277	0.9999999999443003
12	DMRG	1	chi32	Sz	-8.678667506867299e-11	-9.402367773247988e-12	0.9999999999704371	0.9999999999443003
12	DMRG	1	exact	Sz	-8.678667506867299e-11	0.0	0.9999999999443003	0.9999999999443003
12	DMRG	1	UHF	Sz	-8.678667506867299e-11	0.4377960183634003	0.02448646565908229	0.9999999999443003
12	DMRG	1	UHFsym	Sz	-8.678667506867299e-11	-8.678669978848252e-11	1.0	0.9999999999443003
12	DMRG	1	chi2	DoubleOcc	0.07134180652571367	0.07134180652571367	5.491197010687767	46.23057962105011
12	DMRG	1	chi4	DoubleOcc	0.07134180652571367	-6.665699067265329e-6	46.23121486032634	46.23057962105011
12	DMRG	1	chi8	DoubleOcc	0.07134180652571367	4.129981530651139e-5	46.226513590993214	46.23057962105011
12	DMRG	1	chi16	DoubleOcc	0.07134180652571367	3.7818434033554116e-6	46.23021664252232	46.23057962105011
12	DMRG	1	chi32	DoubleOcc	0.07134180652571367	3.456057552642111e-7	46.23054653133758	46.23057962105011
12	DMRG	1	exact	DoubleOcc	0.07134180652571367	0.0	46.23057962105011	46.23057962105011
12	DMRG	1	UHF	DoubleOcc	0.07134180652571367	0.013007160296550219	1.3952939808399354	46.23057962105011
12	DMRG	1	UHFsym	DoubleOcc	0.07134180652571367	0.013007160296550302	36.44101089569454	46.23057962105011
12	DMRG	1	chi2	ZZ onsite	-0.7146327739868282	0.285367226013172	6.013313747348038	103.67237628889524
12	DMRG	1	chi4	ZZ onsite	-0.7146327739868282	-2.6664690830235926e-5	103.67145249938976	103.67237628889524
12	DMRG	1	chi8	ZZ onsite	-0.7146327739868282	0.00016520060553981697	103.67744078945657	103.67237628889524
12	DMRG	1	chi16	ZZ onsite	-0.7146327739868282	1.5127440366691225e-5	103.67288723464816	103.67237628889524
12	DMRG	1	chi32	ZZ onsite	-0.7146327739868282	1.3822177964417648e-6	103.67242336967507	103.67237628889524
12	DMRG	1	exact	ZZ onsite	-0.7146327739868282	0.0	103.67237628889524	103.67237628889524
12	DMRG	1	UHF	ZZ onsite	-0.7146327739868282	0.052028641096517836	67.94340742919196	103.67237628889524
12	DMRG	1	UHFsym	ZZ onsite	-0.7146327739868282	0.05202864109651817	67.94340742919172	103.67237628889524
12	DMRG	1	chi2	ZZ up-up r=1	-0.8287574520788148	0.17124254792118543	22.107870860228303	217.40341823792846
12	DMRG	1	chi4	ZZ up-up r=1	-0.8287574520788148	0.09579951031326506	59.04660638519271	217.40341823792846
12	DMRG	1	chi8	ZZ up-up r=1	-0.8287574520788148	0.0069781492187741545	217.0700726778157	217.40341823792846
12	DMRG	1	chi16	ZZ up-up r=1	-0.8287574520788148	0.0005350689228020844	217.61239014097106	217.40341823792846
12	DMRG	1	chi32	ZZ up-up r=1	-0.8287574520788148	1.9775556103884817e-5	217.41182727779645	217.40341823792846
12	DMRG	1	exact	ZZ up-up r=1	-0.8287574520788148	0.0	217.40341823792846	217.40341823792846
12	DMRG	1	UHF	ZZ up-up r=1	-0.8287574520788148	0.057106711476327954	113.95871915260791	217.40341823792846
12	DMRG	1	UHFsym	ZZ up-up r=1	-0.8287574520788148	-0.38797460394793476	4.452179264455353	217.40341823792846
12	DMRG	1	chi2	SzSz r=1	-0.17571719075458844	0.07428280924541161	5.138911057735357	113.26048185986784
12	DMRG	1	chi4	SzSz r=1	-0.17571719075458844	0.029178193206421288	26.855811595310108	113.26048185986784
12	DMRG	1	chi8	SzSz r=1	-0.17571719075458844	0.0014996140515108614	113.07962386355783	113.26048185986784
12	DMRG	1	chi16	SzSz r=1	-0.17571719075458844	0.00011525729325775891	113.31320827773283	113.26048185986784
12	DMRG	1	chi32	SzSz r=1	-0.17571719075458844	4.418077789558605e-6	113.2626101742112	113.26048185986784
12	DMRG	1	exact	SzSz r=1	-0.17571719075458844	0.0	113.26048185986784	113.26048185986784
12	DMRG	1	UHF	SzSz r=1	-0.17571719075458844	0.01845839047238254	51.5623311447266	113.26048185986784
12	DMRG	1	UHFsym	SzSz r=1	-0.17571719075458844	-0.09281193838368268	3.5154548267568253	113.26048185986784
12	DMRG	1	chi2	hop up r=1	0.6379593073069421	0.6379593073069421	1.0	68.90308348983996
12	DMRG	1	chi4	hop up r=1	0.6379593073069421	-0.04600496553732181	53.58547265110029	68.90308348983996
12	DMRG	1	chi8	hop up r=1	0.6379593073069421	-0.003159747983497052	69.08715820688282	68.90308348983996
12	DMRG	1	chi16	hop up r=1	0.6379593073069421	-0.0002874447573282257	68.92916388904302	68.90308348983996
12	DMRG	1	chi32	hop up r=1	0.6379593073069421	-8.222649816480576e-6	68.90385532832869	68.90308348983996
12	DMRG	1	exact	hop up r=1	0.6379593073069421	0.0	68.90308348983996	68.90308348983996
12	DMRG	1	UHF	hop up r=1	0.6379593073069421	0.17070811437693545	11.422051094678945	68.90308348983996
12	DMRG	1	UHFsym	hop up r=1	0.6379593073069421	0.17070811437693562	11.422051094678924	68.90308348983996
12	ED	2	chi2	n	1.0000000000000429	4.196643033083092e-14	1.0000000331443302	1.0000000000468796
12	ED	2	chi4	n	1.0000000000000429	9.271017509249191e-9	0.9999999968185181	1.0000000000468796
12	ED	2	chi8	n	1.0000000000000429	7.669161972145844e-10	1.0000000030548968	1.0000000000468796
12	ED	2	chi16	n	1.0000000000000429	-1.1662315557714464e-10	1.000000001927468	1.0000000000468796
12	ED	2	chi32	n	1.0000000000000429	-1.7083023884367776e-10	0.9999999998824701	1.0000000000468796
12	ED	2	exact	n	1.0000000000000429	5.164646488253766e-12	1.0000000000468796	1.0000000000468796
12	ED	2	UHF	n	1.0000000000000429	4.107825191113079e-14	0.020788313876217043	1.0000000000468796
12	ED	2	UHFsym	n	1.0000000000000429	4.107825191113079e-14	1.0000000000000002	1.0000000000468796
12	ED	2	chi2	Sz	-4.80140927017203e-12	-1.625705949026557e-8	1.0000000015442911	1.0000000000069353
12	ED	2	chi4	Sz	-4.80140927017203e-12	3.866936368335239e-9	1.0000000084505203	1.0000000000069353
12	ED	2	chi8	Sz	-4.80140927017203e-12	-1.31154050120319e-9	1.000000000853611	1.0000000000069353
12	ED	2	chi16	Sz	-4.80140927017203e-12	-9.790192267988829e-10	0.999999999981603	1.0000000000069353
12	ED	2	chi32	Sz	-4.80140927017203e-12	1.0222322988084898e-11	0.9999999998360399	1.0000000000069353
12	ED	2	exact	Sz	-4.80140927017203e-12	-2.651086988825213e-11	1.0000000000069353	1.0000000000069353
12	ED	2	UHF	Sz	-4.80140927017203e-12	-0.3811937855397539	0.031076110583556492	1.0000000000069353
12	ED	2	UHFsym	Sz	-4.80140927017203e-12	-4.801421846917231e-12	0.9999999999999984	1.0000000000069353
12	ED	2	chi2	DoubleOcc	0.09919851043364347	0.09919851043364347	2.4690706647082363	33.612619116042275
12	ED	2	chi4	DoubleOcc	0.09919851043364347	0.00898928299115001	32.66227744191775	33.612619116042275
12	ED	2	chi8	DoubleOcc	0.09919851043364347	0.0005207862437148214	33.76023836787097	33.612619116042275
12	ED	2	chi16	DoubleOcc	0.09919851043364347	3.343761164437131e-5	33.62281125316969	33.612619116042275
12	ED	2	chi32	DoubleOcc	0.09919851043364347	1.388697665416494e-6	33.613044351355626	33.612619116042275
12	ED	2	exact	DoubleOcc	0.09919851043364347	2.535124887792506e-11	33.612619116042275	33.612619116042275
12	ED	2	UHF	DoubleOcc	0.09919851043364347	-0.005492787435890045	1.5162844423189432	33.612619116042275
12	ED	2	UHFsym	DoubleOcc	0.09919851043364347	-0.005492787435889934	30.79511536475769	33.612619116042275
12	ED	2	chi2	ZZ onsite	-0.6032059582655123	0.3967940417344886	2.4513326193820766	61.397973210011656
12	ED	2	chi4	ZZ onsite	-0.6032059582655123	0.03595711342256591	56.13948201269348	61.397973210011656
12	ED	2	chi8	ZZ onsite	-0.6032059582655123	0.002083143441026336	61.76332058312164	61.397973210011656
12	ED	2	chi16	ZZ onsite	-0.6032059582655123	0.0001337506798222421	61.423875971091014	61.397973210011656
12	ED	2	chi32	ZZ onsite	-0.6032059582655123	5.555132321921619e-6	61.39905561824923	61.397973210011656
12	ED	2	exact	ZZ onsite	-0.6032059582655123	9.107459231216808e-11	61.397973210011656	61.397973210011656
12	ED	2	UHF	ZZ onsite	-0.6032059582655123	-0.02197114974364278	53.51352980794332	61.397973210011656
12	ED	2	UHFsym	ZZ onsite	-0.6032059582655123	-0.021971149743642338	53.51352980794355	61.397973210011656
12	ED	2	chi2	ZZ up-up r=1	-0.32162861040981894	-0.32162861040981594	1.0000000000000167	10.527238370989167
12	ED	2	chi4	ZZ up-up r=1	-0.32162861040981894	-0.28390709160585925	1.2504599505644725	10.527238370989167
12	ED	2	chi8	ZZ up-up r=1	-0.32162861040981894	-0.005471973251441109	10.506465492248212	10.527238370989167
12	ED	2	chi16	ZZ up-up r=1	-0.32162861040981894	1.0603121852914565e-5	10.527222061414152	10.527238370989167
12	ED	2	chi32	ZZ up-up r=1	-0.32162861040981894	1.005671900200511e-6	10.527236831276298	10.527238370989167
12	ED	2	exact	ZZ up-up r=1	-0.32162861040981894	-1.5939365383133008e-9	10.527238370989167	10.527238370989167
12	ED	2	UHF	ZZ up-up r=1	-0.32162861040981894	0.4553379689045346	0.519738579096999	10.527238370989167
12	ED	2	UHFsym	ZZ up-up r=1	-0.32162861040981894	0.06336682214256689	7.623906853316564	10.527238370989167
12	ED	2	chi2	SzSz r=1	-0.06514736230771417	-0.06514736230771342	1.0000000000000195	8.71214972601095
12	ED	2	chi4	SzSz r=1	-0.06514736230771417	-0.06514736230771419	1.0137515735464533	8.71214972601095
12	ED	2	chi8	SzSz r=1	-0.06514736230771417	-0.00042012665411780836	8.683570522977815	8.71214972601095
12	ED	2	chi16	SzSz r=1	-0.06514736230771417	-6.236999975900437e-6	8.712024535645952	8.71214972601095
12	ED	2	chi32	SzSz r=1	-0.06514736230771417	1.9549507931926335e-7	8.712155535316969	8.71214972601095
12	ED	2	exact	SzSz r=1	-0.06514736230771417	-2.2723686821102262e-10	8.71214972601095	8.71214972601095
12	ED	2	UHF	SzSz r=1	-0.06514736230771417	0.10545907971189872	0.446242475063795	8.71214972601095
12	ED	2	UHFsym	SzSz r=1	-0.06514736230771417	0.007466293021407416	7.910133124553566	8.71214972601095
12	ED	2	chi2	hop up r=1	0.374844738828215	0.374844738828215	1.0	17.852048737198807
12	ED	2	chi4	hop up r=1	0.374844738828215	0.12618488957338062	5.992746746040213	17.852048737198807
12	ED	2	chi8	hop up r=1	0.374844738828215	0.003134835299686556	17.785350361882447	17.852048737198807
12	ED	2	chi16	hop up r=1	0.374844738828215	-1.3528315997879403e-5	17.852248150829414	17.852048737198807
12	ED	2	chi32	hop up r=1	0.374844738828215	2.1728995672765095e-6	17.8520166509072	17.852048737198807
12	ED	2	exact	hop up r=1	0.374844738828215	8.483881375198621e-10	17.852048737198807	17.852048737198807
12	ED	2	UHF	hop up r=1	0.374844738828215	-0.05999042818544614	12.992153226247472	17.852048737198807
12	ED	2	UHFsym	hop up r=1	0.374844738828215	-0.05999042818544709	12.992153226247355	17.852048737198807
12	DMRG	2	chi2	n	0.9999999999948782	-5.122680057922935e-12	1.0000000331443302	1.0000000000468796
12	DMRG	2	chi4	n	0.9999999999948782	9.265852862760937e-9	0.9999999968185181	1.0000000000468796
12	DMRG	2	chi8	n	0.9999999999948782	7.617515507263306e-10	1.0000000030548968	1.0000000000468796
12	DMRG	2	chi16	n	0.9999999999948782	-1.217878020653984e-10	1.000000001927468	1.0000000000468796
12	DMRG	2	chi32	n	0.9999999999948782	-1.7599488533193153e-10	0.9999999998824701	1.0000000000468796
12	DMRG	2	exact	n	0.9999999999948782	0.0	1.0000000000468796	1.0000000000468796
12	DMRG	2	UHF	n	0.9999999999948782	-5.123568236342635e-12	0.020788313876217043	1.0000000000468796
12	DMRG	2	UHFsym	n	0.9999999999948782	-5.123568236342635e-12	1.0000000000000002	1.0000000000468796
12	DMRG	2	chi2	Sz	2.17094606180801e-11	-1.6230548620377316e-8	1.0000000015442911	1.0000000000069353
12	DMRG	2	chi4	Sz	2.17094606180801e-11	3.893447238223491e-9	1.0000000084505203	1.0000000000069353
12	DMRG	2	chi8	Sz	2.17094606180801e-11	-1.2850296313149379e-9	1.000000000853611	1.0000000000069353
12	DMRG	2	chi16	Sz	2.17094606180801e-11	-9.525083569106307e-10	0.999999999981603	1.0000000000069353
12	DMRG	2	chi32	Sz	2.17094606180801e-11	3.673319287633703e-11	0.9999999998360399	1.0000000000069353
12	DMRG	2	exact	Sz	2.17094606180801e-11	0.0	1.0000000000069353	1.0000000000069353
12	DMRG	2	UHF	Sz	2.17094606180801e-11	-0.38119378551324307	0.031076110583556492	1.0000000000069353
12	DMRG	2	UHFsym	Sz	2.17094606180801e-11	2.17094480413349e-11	0.9999999999999984	1.0000000000069353
12	DMRG	2	chi2	DoubleOcc	0.09919851040829222	0.09919851040829222	2.4690706647082363	33.612619116042275
12	DMRG	2	chi4	DoubleOcc	0.09919851040829222	0.008989282965798762	32.66227744191775	33.612619116042275
12	DMRG	2	chi8	DoubleOcc	0.09919851040829222	0.0005207862183635725	33.76023836787097	33.612619116042275
12	DMRG	2	chi16	DoubleOcc	0.09919851040829222	3.3437586293122434e-5	33.62281125316969	33.612619116042275
12	DMRG	2	chi32	DoubleOcc	0.09919851040829222	1.388672314167616e-6	33.613044351355626	33.612619116042275
12	DMRG	2	exact	DoubleOcc	0.09919851040829222	0.0	33.612619116042275	33.612619116042275
12	DMRG	2	UHF	DoubleOcc	0.09919851040829222	-0.005492787461241294	1.5162844423189432	33.612619116042275
12	DMRG	2	UHFsym	DoubleOcc	0.09919851040829222	-0.005492787461241183	30.79511536475769	33.612619116042275
12	DMRG	2	chi2	ZZ onsite	-0.6032059583565869	0.39679404164341403	2.4513326193820766	61.397973210011656
12	DMRG	2	chi4	ZZ onsite	-0.6032059583565869	0.03595711333149132	56.13948201269348	61.397973210011656
12	DMRG	2	chi8	ZZ onsite	-0.6032059583565869	0.0020831433499517438	61.76332058312164	61.397973210011656
12	DMRG	2	chi16	ZZ onsite	-0.6032059583565869	0.00013375058874764978	61.423875971091014	61.397973210011656
12	DMRG	2	chi32	ZZ onsite	-0.6032059583565869	5.5550412473293065e-6	61.39905561824923	61.397973210011656
12	DMRG	2	exact	ZZ onsite	-0.6032059583565869	0.0	61.397973210011656	61.397973210011656
12	DMRG	2	UHF	ZZ onsite	-0.6032059583565869	-0.021971149834717374	53.51352980794332	61.397973210011656
12	DMRG	2	UHFsym	ZZ onsite	-0.6032059583565869	-0.02197114983471693	53.51352980794355	61.397973210011656
12	DMRG	2	chi2	ZZ up-up r=1	-0.3216286088158824	-0.3216286088158794	1.0000000000000167	10.527238370989167
12	DMRG	2	chi4	ZZ up-up r=1	-0.3216286088158824	-0.2839070900119227	1.2504599505644725	10.527238370989167
12	DMRG	2	chi8	ZZ up-up r=1	-0.3216286088158824	-0.005471971657504571	10.506465492248212	10.527238370989167
12	DMRG	2	chi16	ZZ up-up r=1	-0.3216286088158824	1.0604715789452879e-5	10.527222061414152	10.527238370989167
12	DMRG	2	chi32	ZZ up-up r=1	-0.3216286088158824	1.0072658367388243e-6	10.527236831276298	10.527238370989167
12	DMRG	2	exact	ZZ up-up r=1	-0.3216286088158824	0.0	10.527238370989167	10.527238370989167
12	DMRG	2	UHF	ZZ up-up r=1	-0.3216286088158824	0.45533797049847113	0.519738579096999	10.527238370989167
12	DMRG	2	UHFsym	ZZ up-up r=1	-0.3216286088158824	0.06336682373650343	7.623906853316564	10.527238370989167
12	DMRG	2	chi2	SzSz r=1	-0.0651473620804773	-0.06514736208047656	1.0000000000000195	8.71214972601095
12	DMRG	2	chi4	SzSz r=1	-0.0651473620804773	-0.06514736208047732	1.0137515735464533	8.71214972601095
12	DMRG	2	chi8	SzSz r=1	-0.0651473620804773	-0.00042012642688094015	8.683570522977815	8.71214972601095
12	DMRG	2	chi16	SzSz r=1	-0.0651473620804773	-6.236772739032226e-6	8.712024535645952	8.71214972601095
12	DMRG	2	chi32	SzSz r=1	-0.0651473620804773	1.9572231618747438e-7	8.712155535316969	8.71214972601095
12	DMRG	2	exact	SzSz r=1	-0.0651473620804773	0.0	8.71214972601095	8.71214972601095
12	DMRG	2	UHF	SzSz r=1	-0.0651473620804773	0.10545907993913559	0.446242475063795	8.71214972601095
12	DMRG	2	UHFsym	SzSz r=1	-0.0651473620804773	0.0074662932486442846	7.910133124553566	8.71214972601095
12	DMRG	2	chi2	hop up r=1	0.37484473797982687	0.37484473797982687	1.0	17.852048737198807
12	DMRG	2	chi4	hop up r=1	0.37484473797982687	0.12618488872499248	5.992746746040213	17.852048737198807
12	DMRG	2	chi8	hop up r=1	0.37484473797982687	0.0031348344512984183	17.785350361882447	17.852048737198807
12	DMRG	2	chi16	hop up r=1	0.37484473797982687	-1.3529164386016923e-5	17.852248150829414	17.852048737198807
12	DMRG	2	chi32	hop up r=1	0.37484473797982687	2.1720511791389896e-6	17.8520166509072	17.852048737198807
12	DMRG	2	exact	hop up r=1	0.37484473797982687	0.0	17.852048737198807	17.852048737198807
12	DMRG	2	UHF	hop up r=1	0.37484473797982687	-0.05999042903383428	12.992153226247472	17.852048737198807
12	DMRG	2	UHFsym	hop up r=1	0.37484473797982687	-0.059990429033835224	12.992153226247355	17.852048737198807
12	ED	3	chi2	n	0.9999999999999245	-7.682743330406083e-14	1.000000138026462	1.0000000001525122
12	ED	3	chi4	n	0.9999999999999245	-8.985385546722569e-9	0.9999999955153898	1.0000000001525122
12	ED	3	chi8	n	0.9999999999999245	-2.4275537136020375e-10	0.999999999623389	1.0000000001525122
12	ED	3	chi16	n	0.9999999999999245	6.982492362084258e-11	1.000000000618204	1.0000000001525122
12	ED	3	chi32	n	0.9999999999999245	1.3499412698791957e-10	1.0000000000252078	1.0000000001525122
12	ED	3	exact	n	0.9999999999999245	-9.088285679581531e-12	1.0000000001525122	1.0000000001525122
12	ED	3	UHF	n	0.9999999999999245	-7.327471962526033e-14	0.019993024420342793	1.0000000001525122
12	ED	3	UHFsym	n	0.9999999999999245	-7.327471962526033e-14	1.000000000000001	1.0000000001525122
12	ED	3	chi2	Sz	6.44737735422396e-12	4.6145354599951135e-8	1.0000000953055728	1.0000000000985891
12	ED	3	chi4	Sz	6.44737735422396e-12	-1.6773330224761906e-9	0.9999999902060108	1.0000000000985891
12	ED	3	chi8	Sz	6.44737735422396e-12	-1.2443258923244827e-10	0.9999999995590662	1.0000000000985891
12	ED	3	chi16	Sz	6.44737735422396e-12	2.1453375881330672e-10	1.0000000004789642	1.0000000000985891
12	ED	3	chi32	Sz	6.44737735422396e-12	1.7650048089734582e-11	1.0000000001180835	1.0000000000985891
12	ED	3	exact	Sz	6.44737735422396e-12	5.72426203659937e-11	1.0000000000985891	1.0000000000985891
12	ED	3	UHF	Sz	6.44737735422396e-12	0.3855551816167254	0.03409825203911532	1.0000000000985891
12	ED	3	UHFsym	Sz	6.44737735422396e-12	6.447380823670912e-12	1.0000000000000016	1.0000000000985891
12	ED	3	chi2	DoubleOcc	0.0974595925155905	0.0974595925155905	2.370681394691192	31.427835788542904
12	ED	3	chi4	DoubleOcc	0.0974595925155905	0.013340293693351213	25.806441024948235	31.427835788542904
12	ED	3	chi8	DoubleOcc	0.0974595925155905	-0.0005183655455770764	31.400152623249436	31.427835788542904
12	ED	3	chi16	DoubleOcc	0.0974595925155905	9.214177258479173e-5	31.430461179234744	31.427835788542904
12	ED	3	chi32	DoubleOcc	0.0974595925155905	2.2920429474104775e-6	31.42790949949848	31.427835788542904
12	ED	3	exact	DoubleOcc	0.0974595925155905	2.06697686744306e-10	31.427835788542904	31.427835788542904
12	ED	3	UHF	DoubleOcc	0.0974595925155905	-0.003887609417873944	1.3926162752048084	31.427835788542904
12	ED	3	UHFsym	DoubleOcc	0.0974595925155905	-0.0038876094178739995	30.701673430045407	31.427835788542904
12	ED	3	chi2	ZZ onsite	-0.6101616299374908	0.38983837006251054	2.4536348764263356	60.256326275610576
12	ED	3	chi4	ZZ onsite	-0.6101616299374908	0.053361192744172836	43.16619313523617	60.256326275610576
12	ED	3	chi8	ZZ onsite	-0.6101616299374908	-0.0020734616968006714	60.09260501512793	60.256326275610576
12	ED	3	chi16	ZZ onsite	-0.6101616299374908	0.0003685669506851008	60.276970441398134	60.256326275610576
12	ED	3	chi32	ZZ onsite	-0.6101616299374908	9.167901797280109e-6	60.25687084727722	60.256326275610576
12	ED	3	exact	ZZ onsite	-0.6101616299374908	8.449630994888935e-10	60.256326275610576	60.256326275610576
12	ED	3	UHF	ZZ onsite	-0.6101616299374908	-0.015550437671353001	57.199022748007465	60.256326275610576
12	ED	3	UHFsym	ZZ onsite	-0.6101616299374908	-0.015550437671353001	57.199022748007465	60.256326275610576
12	ED	3	chi2	ZZ up-up r=1	-0.6846724541724951	0.3153275458275062	4.320317270929026	68.66994845232388
12	ED	3	chi4	ZZ up-up r=1	-0.6846724541724951	0.1455808554896878	16.09365061563801	68.66994845232388
12	ED	3	chi8	ZZ up-up r=1	-0.6846724541724951	-0.008111522778834979	68.66461800419567	68.66994845232388
12	ED	3	chi16	ZZ up-up r=1	-0.6846724541724951	-0.0034230425529450104	68.82904787399173	68.66994845232388
12	ED	3	chi32	ZZ up-up r=1	-0.6846724541724951	2.2350306607465953e-5	68.66813980982765	68.66994845232388
12	ED	3	exact	ZZ up-up r=1	-0.6846724541724951	1.8026571346752007e-9	68.66994845232388	68.66994845232388
12	ED	3	UHF	ZZ up-up r=1	-0.6846724541724951	0.10121936237931561	26.25487998908847	68.66994845232388
12	ED	3	UHFsym	ZZ up-up r=1	-0.6846724541724951	-0.2940826284350092	5.168104652261681	68.66994845232388
12	ED	3	chi2	SzSz r=1	-0.14397207495648934	0.106027925043511	1.7015771292008153	46.65793697163759
12	ED	3	chi4	SzSz r=1	-0.14397207495648934	0.03809921796232854	9.982088160525281	46.65793697163759
12	ED	3	chi8	SzSz r=1	-0.14397207495648934	-0.0019212601024394538	46.614456706521366	46.65793697163759
12	ED	3	chi16	SzSz r=1	-0.14397207495648934	-0.0005991486665202217	46.80190429017652	46.65793697163759
12	ED	3	chi32	SzSz r=1	-0.14397207495648934	2.9250038587058658e-6	46.657174372180066	46.65793697163759
12	ED	3	exact	SzSz r=1	-0.14397207495648934	3.2037603125978364e-10	46.65793697163759	46.65793697163759
12	ED	3	UHF	SzSz r=1	-0.14397207495648934	0.02837447874995841	15.533468572828278	46.65793697163759
12	ED	3	UHFsym	SzSz r=1	-0.14397207495648934	-0.07045101895362282	4.040999202737567	46.65793697163759
12	ED	3	chi2	hop up r=1	0.5796366661854013	0.5796366661854013	1.0	40.60123511449864
12	ED	3	chi4	hop up r=1	0.5796366661854013	-0.0702812571910213	25.16108778074778	40.60123511449864
12	ED	3	chi8	hop up r=1	0.5796366661854013	0.005291607860755665	40.55224465213152	40.60123511449864
12	ED	3	chi16	hop up r=1	0.5796366661854013	0.0011202687550324608	40.61334842011816	40.60123511449864
12	ED	3	chi32	hop up r=1	0.5796366661854013	-1.097058881227575e-5	40.60105679868513	40.60123511449864
12	ED	3	exact	hop up r=1	0.5796366661854013	-5.70608671424111e-10	40.60123511449864	40.60123511449864
12	ED	3	UHF	hop up r=1	0.5796366661854013	0.14030626267110097	12.386353920024312	40.60123511449864
12	ED	3	UHFsym	hop up r=1	0.5796366661854013	0.1403062626710989	12.386353920024568	40.60123511449864
12	DMRG	3	chi2	n	1.0000000000090128	9.01145824627747e-12	1.000000138026462	1.0000000001525122
12	DMRG	3	chi4	n	1.0000000000090128	-8.976297261042987e-9	0.9999999955153898	1.0000000001525122
12	DMRG	3	chi8	n	1.0000000000090128	-2.336670856806222e-10	0.999999999623389	1.0000000001525122
12	DMRG	3	chi16	n	1.0000000000090128	7.891320930042411e-11	1.000000000618204	1.0000000001525122
12	DMRG	3	chi32	n	1.0000000000090128	1.440824126675011e-10	1.0000000000252078	1.0000000001525122
12	DMRG	3	exact	n	1.0000000000090128	0.0	1.0000000001525122	1.0000000001525122
12	DMRG	3	UHF	n	1.0000000000090128	9.015010959956271e-12	0.019993024420342793	1.0000000001525122
12	DMRG	3	UHFsym	n	1.0000000000090128	9.015010959956271e-12	1.000000000000001	1.0000000001525122
12	DMRG	3	chi2	Sz	-5.079524301176974e-11	4.608811197958514e-8	1.0000000953055728	1.0000000000985891
12	DMRG	3	chi4	Sz	-5.079524301176974e-11	-1.7345756428421844e-9	0.9999999902060108	1.0000000000985891
12	DMRG	3	chi8	Sz	-5.079524301176974e-11	-1.8167520959844197e-10	0.9999999995590662	1.0000000000985891
12	DMRG	3	chi16	Sz	-5.079524301176974e-11	1.5729113844731302e-10	1.0000000004789642	1.0000000000985891
12	DMRG	3	chi32	Sz	-5.079524301176974e-11	-3.959257227625912e-11	1.0000000001180835	1.0000000000985891
12	DMRG	3	exact	Sz	-5.079524301176974e-11	0.0	1.0000000000985891	1.0000000000985891
12	DMRG	3	UHF	Sz	-5.079524301176974e-11	0.38555518155948276	0.03409825203911532	1.0000000000985891
12	DMRG	3	UHFsym	Sz	-5.079524301176974e-11	-5.079523954232279e-11	1.0000000000000016	1.0000000000985891
12	DMRG	3	chi2	DoubleOcc	0.09745959230889281	0.09745959230889281	2.370681394691192	31.427835788542904
12	DMRG	3	chi4	DoubleOcc	0.09745959230889281	0.013340293486653526	25.806441024948235	31.427835788542904
12	DMRG	3	chi8	DoubleOcc	0.09745959230889281	-0.0005183657522747631	31.400152623249436	31.427835788542904
12	DMRG	3	chi16	DoubleOcc	0.09745959230889281	9.214156588710498e-5	31.430461179234744	31.427835788542904
12	DMRG	3	chi32	DoubleOcc	0.09745959230889281	2.2918362497237332e-6	31.42790949949848	31.427835788542904
12	DMRG	3	exact	DoubleOcc	0.09745959230889281	0.0	31.427835788542904	31.427835788542904
12	DMRG	3	UHF	DoubleOcc	0.09745959230889281	-0.0038876096245716307	1.3926162752048084	31.427835788542904
12	DMRG	3	UHFsym	DoubleOcc	0.09745959230889281	-0.0038876096245716862	30.701673430045407	31.427835788542904
12	DMRG	3	chi2	ZZ onsite	-0.6101616307824539	0.38983836921754744	2.4536348764263356	60.256326275610576
12	DMRG	3	chi4	ZZ onsite	-0.6101616307824539	0.05336119189920974	43.16619313523617	60.256326275610576
12	DMRG	3	chi8	ZZ onsite	-0.6101616307824539	-0.002073462541763771	60.09260501512793	60.256326275610576
12	DMRG	3	chi16	ZZ onsite	-0.6101616307824539	0.0003685661057220013	60.276970441398134	60.256326275610576
12	DMRG	3	chi32	ZZ onsite	-0.6101616307824539	9.16705683418062e-6	60.25687084727722	60.256326275610576
12	DMRG	3	exact	ZZ onsite	-0.6101616307824539	0.0	60.256326275610576	60.256326275610576
12	DMRG	3	UHF	ZZ onsite	-0.6101616307824539	-0.0155504385163161	57.199022748007465	60.256326275610576
12	DMRG	3	UHFsym	ZZ onsite	-0.6101616307824539	-0.0155504385163161	57.199022748007465	60.256326275610576
12	DMRG	3	chi2	ZZ up-up r=1	-0.6846724559751522	0.3153275440248491	4.320317270929026	68.66994845232388
12	DMRG	3	chi4	ZZ up-up r=1	-0.6846724559751522	0.14558085368703066	16.09365061563801	68.66994845232388
12	DMRG	3	chi8	ZZ up-up r=1	-0.6846724559751522	-0.008111524581492113	68.66461800419567	68.66994845232388
12	DMRG	3	chi16	ZZ up-up r=1	-0.6846724559751522	-0.003423044355602145	68.82904787399173	68.66994845232388
12	DMRG	3	chi32	ZZ up-up r=1	-0.6846724559751522	2.2348503950331278e-5	68.66813980982765	68.66994845232388
12	DMRG	3	exact	ZZ up-up r=1	-0.6846724559751522	0.0	68.66994845232388	68.66994845232388
12	DMRG	3	UHF	ZZ up-up r=1	-0.6846724559751522	0.10121936057665848	26.25487998908847	68.66994845232388
12	DMRG	3	UHFsym	ZZ up-up r=1	-0.6846724559751522	-0.29408263023766634	5.168104652261681	68.66994845232388
12	DMRG	3	chi2	SzSz r=1	-0.14397207527686537	0.10602792472313496	1.7015771292008153	46.65793697163759
12	DMRG	3	chi4	SzSz r=1	-0.14397207527686537	0.03809921764195251	9.982088160525281	46.65793697163759
12	DMRG	3	chi8	SzSz r=1	-0.14397207527686537	-0.001921260422815485	46.614456706521366	46.65793697163759
12	DMRG	3	chi16	SzSz r=1	-0.14397207527686537	-0.000599148986896253	46.80190429017652	46.65793697163759
12	DMRG	3	chi32	SzSz r=1	-0.14397207527686537	2.924683482674606e-6	46.657174372180066	46.65793697163759
12	DMRG	3	exact	SzSz r=1	-0.14397207527686537	0.0	46.65793697163759	46.65793697163759
12	DMRG	3	UHF	SzSz r=1	-0.14397207527686537	0.028374478429582378	15.533468572828278	46.65793697163759
12	DMRG	3	UHFsym	SzSz r=1	-0.14397207527686537	-0.07045101927399885	4.040999202737567	46.65793697163759
12	DMRG	3	chi2	hop up r=1	0.57963666675601	0.57963666675601	1.0	40.60123511449864
12	DMRG	3	chi4	hop up r=1	0.57963666675601	-0.07028125662041262	25.16108778074778	40.60123511449864
12	DMRG	3	chi8	hop up r=1	0.57963666675601	0.005291608431364336	40.55224465213152	40.60123511449864
12	DMRG	3	chi16	hop up r=1	0.57963666675601	0.0011202693256411322	40.61334842011816	40.60123511449864
12	DMRG	3	chi32	hop up r=1	0.57963666675601	-1.0970018203604326e-5	40.60105679868513	40.60123511449864
12	DMRG	3	exact	hop up r=1	0.57963666675601	0.0	40.60123511449864	40.60123511449864
12	DMRG	3	UHF	hop up r=1	0.57963666675601	0.14030626324170964	12.386353920024312	40.60123511449864
12	DMRG	3	UHFsym	hop up r=1	0.57963666675601	0.14030626324170759	12.386353920024568	40.60123511449864
12	ED	4	chi2	n	1.0000000000001519	1.4988010832439613e-13	0.9999999527543028	1.0000000000010896
12	ED	4	chi4	n	1.0000000000001519	-1.1879484063115342e-9	0.9999999978865887	1.0000000000010896
12	ED	4	chi8	n	1.0000000000001519	5.671948466456911e-10	0.9999999995483367	1.0000000000010896
12	ED	4	chi16	n	1.0000000000001519	5.232854149994637e-10	0.9999999995356023	1.0000000000010896
12	ED	4	chi32	n	1.0000000000001519	-2.05719885570943e-11	1.0000000000123115	1.0000000000010896
12	ED	4	exact	n	1.0000000000001519	-5.540234937484456e-12	1.0000000000010896	1.0000000000010896
12	ED	4	UHF	n	1.0000000000001519	1.5187850976872141e-13	0.019985367073878834	1.0000000000010896
12	ED	4	UHFsym	n	1.0000000000001519	1.5187850976872141e-13	0.9999999999999998	1.0000000000010896
12	ED	4	chi2	Sz	-1.0047802867507727e-11	-4.6148955039349016e-8	1.0000000536183138	0.9999999999990212
12	ED	4	chi4	Sz	-1.0047802867507727e-11	-2.9290024641803747e-9	1.0000000024522233	0.9999999999990212
12	ED	4	chi8	Sz	-1.0047802867507727e-11	-4.306099574136191e-11	1.0000000004869687	0.9999999999990212
12	ED	4	chi16	Sz	-1.0047802867507727e-11	-8.709603871448479e-11	1.0000000005034055	0.9999999999990212
12	ED	4	chi32	Sz	-1.0047802867507727e-11	-1.2938684845753556e-11	0.9999999999869635	0.9999999999990212
12	ED	4	exact	Sz	-1.0047802867507727e-11	-1.3080109911856042e-11	0.9999999999990212	0.9999999999990212
12	ED	4	UHF	Sz	-1.0047802867507727e-11	-0.3844330470667588	0.029097192942975057	0.9999999999990212
12	ED	4	UHFsym	Sz	-1.0047802867507727e-11	-1.0047795061252085e-11	0.9999999999999999	0.9999999999990212
12	ED	4	chi2	DoubleOcc	0.10063862739500912	0.10063862739500912	1.9942202015252406	25.225461942424513
12	ED	4	chi4	DoubleOcc	0.10063862739500912	0.03005505263289135	11.896334016475619	25.225461942424513
12	ED	4	chi8	DoubleOcc	0.10063862739500912	-0.0004561363281760378	25.26415440185015	25.225461942424513
12	ED	4	chi16	DoubleOcc	0.10063862739500912	0.00013469682005093353	25.21182904281056	25.225461942424513
12	ED	4	chi32	DoubleOcc	0.10063862739500912	-2.4118476048828885e-6	25.225696927770095	25.225461942424513
12	ED	4	exact	DoubleOcc	0.10063862739500912	1.827440143653547e-10	25.225461942424513	25.225461942424513
12	ED	4	UHF	DoubleOcc	0.10063862739500912	-0.0015726049356834804	1.1582265716077418	25.225461942424513
12	ED	4	UHFsym	DoubleOcc	0.10063862739500912	-0.0015726049356835359	25.309695432849054	25.225461942424513
12	ED	4	chi2	ZZ onsite	-0.5974454904202666	0.4025545095797354	2.0616386203907244	48.21886382667547
12	ED	4	chi4	ZZ onsite	-0.5974454904202666	0.12022021290746421	15.475359563472873	48.21886382667547
12	ED	4	chi8	ZZ onsite	-0.5974454904202666	-0.0018245464470936223	48.321693109612205	48.21886382667547
12	ED	4	chi16	ZZ onsite	-0.5974454904202666	0.000538786233632349	48.1803266016954	48.21886382667547
12	ED	4	chi32	ZZ onsite	-0.5974454904202666	-9.647349274000128e-6	48.21952012277758	48.21886382667547
12	ED	4	exact	ZZ onsite	-0.5974454904202666	7.420565273363877e-10	48.21886382667547	48.21886382667547
12	ED	4	UHF	ZZ onsite	-0.5974454904202666	-0.006290419743037123	48.39084635953711	48.21886382667547
12	ED	4	UHFsym	ZZ onsite	-0.5974454904202666	-0.006290419743037234	48.39084635953711	48.21886382667547
12	ED	4	chi2	ZZ up-up r=1	-0.366989130058916	-0.052622328297786014	11.416432610562245	14.290715266608748
12	ED	4	chi4	ZZ up-up r=1	-0.366989130058916	-0.3159897559987674	1.3192443456480458	14.290715266608748
12	ED	4	chi8	ZZ up-up r=1	-0.366989130058916	-0.0027326152468094	14.298673405639105	14.290715266608748
12	ED	4	chi16	ZZ up-up r=1	-0.366989130058916	-0.0008539439778107449	14.295494618268199	14.290715266608748
12	ED	4	chi32	ZZ up-up r=1	-0.366989130058916	-4.224546022546516e-5	14.291000610617454	14.290715266608748
12	ED	4	exact	ZZ up-up r=1	-0.366989130058916	-2.621859118701053e-9	14.290715266608748	14.290715266608748
12	ED	4	UHF	ZZ up-up r=1	-0.366989130058916	0.4168424432466825	0.7694976350160964	14.290715266608748
12	ED	4	UHFsym	ZZ up-up r=1	-0.366989130058916	0.02260718015987273	13.457930976981897	14.290715266608748
12	ED	4	chi2	SzSz r=1	-0.07487927860731909	0.0037124218329634	8.540516906403584	10.425410834148186
12	ED	4	chi4	SzSz r=1	-0.07487927860731909	-0.062129435092281936	1.3765555288497224	10.425410834148186
12	ED	4	chi8	SzSz r=1	-0.07487927860731909	-0.00028574916846475784	10.392517909961727	10.425410834148186
12	ED	4	chi16	SzSz r=1	-0.07487927860731909	-0.00019514573315335126	10.416186083231157	10.425410834148186
12	ED	4	chi32	SzSz r=1	-0.07487927860731909	-1.8358605744631107e-5	10.424987137277595	10.425410834148186
12	ED	4	exact	SzSz r=1	-0.07487927860731909	-5.358300053659448e-10	10.425410834148186	10.425410834148186
12	ED	4	UHF	SzSz r=1	-0.07487927860731909	0.09700975765692323	0.6587574175332879	10.425410834148186
12	ED	4	UHFsym	SzSz r=1	-0.07487927860731909	-0.0015490581147793586	10.304759792672149	10.425410834148186
12	ED	4	chi2	hop up r=1	0.4047901951770258	0.4047901951770258	1.0	20.120473266725195
12	ED	4	chi4	hop up r=1	0.4047901951770258	0.4047901951770258	1.0	20.120473266725195
12	ED	4	chi8	hop up r=1	0.4047901951770258	0.0035186181961140983	20.204827650940175	20.120473266725195
12	ED	4	chi16	hop up r=1	0.4047901951770258	0.000274375101430413	20.12918854502634	20.120473266725195
12	ED	4	chi32	hop up r=1	0.4047901951770258	3.731642057608342e-5	20.12167957359084	20.120473266725195
12	ED	4	exact	hop up r=1	0.4047901951770258	1.893300460853453e-9	20.120473266725195	20.120473266725195
12	ED	4	UHF	hop up r=1	0.4047901951770258	-0.034015976722661434	16.84522784942862	20.120473266725195
12	ED	4	UHFsym	hop up r=1	0.4047901951770258	-0.03401597672266371	16.845227849428305	20.120473266725195
12	DMRG	4	chi2	n	1.0000000000056921	5.690115045808852e-12	0.9999999527543028	1.0000000000010896
12	DMRG	4	chi4	n	1.0000000000056921	-1.1824081713740497e-9	0.9999999978865887	1.0000000000010896
12	DMRG	4	chi8	n	1.0000000000056921	5.727350815831755e-10	0.9999999995483367	1.0000000000010896
12	DMRG	4	chi16	n	1.0000000000056921	5.288256499369481e-10	0.9999999995356023	1.0000000000010896
12	DMRG	4	chi32	n	1.0000000000056921	-1.5031753619609844e-11	1.0000000000123115	1.0000000000010896
12	DMRG	4	exact	n	1.0000000000056921	0.0	1.0000000000010896	1.0000000000010896
12	DMRG	4	UHF	n	1.0000000000056921	5.6921134472531776e-12	0.019985367073878834	1.0000000000010896
12	DMRG	4	UHFsym	n	1.0000000000056921	5.6921134472531776e-12	0.9999999999999998	1.0000000000010896
12	DMRG	4	chi2	Sz	3.0323070443483147e-12	-4.613587492943716e-8	1.0000000536183138	0.9999999999990212
12	DMRG	4	chi4	Sz	3.0323070443483147e-12	-2.9159223542685186e-9	1.0000000024522233	0.9999999999990212
12	DMRG	4	chi8	Sz	3.0323070443483147e-12	-2.9980885829505866e-11	1.0000000004869687	0.9999999999990212
12	DMRG	4	chi16	Sz	3.0323070443483147e-12	-7.401592880262875e-11	1.0000000005034055	0.9999999999990212
12	DMRG	4	chi32	Sz	3.0323070443483147e-12	1.4142506610248518e-13	0.9999999999869635	0.9999999999990212
12	DMRG	4	exact	Sz	3.0323070443483147e-12	0.0	0.9999999999990212	0.9999999999990212
12	DMRG	4	UHF	Sz	3.0323070443483147e-12	-0.3844330470536787	0.029097192942975057	0.9999999999990212
12	DMRG	4	UHFsym	Sz	3.0323070443483147e-12	3.0323148506039566e-12	0.9999999999999999	0.9999999999990212
12	DMRG	4	chi2	DoubleOcc	0.1006386272122651	0.1006386272122651	1.9942202015252406	25.225461942424513
12	DMRG	4	chi4	DoubleOcc	0.1006386272122651	0.030055052450147335	11.896334016475619	25.225461942424513
12	DMRG	4	chi8	DoubleOcc	0.1006386272122651	-0.00045613651092005214	25.26415440185015	25.225461942424513
12	DMRG	4	chi16	DoubleOcc	0.1006386272122651	0.00013469663730691916	25.21182904281056	25.225461942424513
12	DMRG	4	chi32	DoubleOcc	0.1006386272122651	-2.412030348897254e-6	25.225696927770095	25.225461942424513
12	DMRG	4	exact	DoubleOcc	0.1006386272122651	0.0	25.225461942424513	25.225461942424513
12	DMRG	4	UHF	DoubleOcc	0.1006386272122651	-0.0015726051184274947	1.1582265716077418	25.225461942424513
12	DMRG	4	UHFsym	DoubleOcc	0.1006386272122651	-0.0015726051184275502	25.309695432849054	25.225461942424513
12	DMRG	4	chi2	ZZ onsite	-0.5974454911623232	0.40255450883767885	2.0616386203907244	48.21886382667547
12	DMRG	4	chi4	ZZ onsite	-0.5974454911623232	0.12022021216540768	15.475359563472873	48.21886382667547
12	DMRG	4	chi8	ZZ onsite	-0.5974454911623232	-0.0018245471891501497	48.321693109612205	48.21886382667547
12	DMRG	4	chi16	ZZ onsite	-0.5974454911623232	0.0005387854915758217	48.1803266016954	48.21886382667547
12	DMRG	4	chi32	ZZ onsite	-0.5974454911623232	-9.648091330527464e-6	48.21952012277758	48.21886382667547
12	DMRG	4	exact	ZZ onsite	-0.5974454911623232	0.0	48.21886382667547	48.21886382667547
12	DMRG	4	UHF	ZZ onsite	-0.5974454911623232	-0.006290420485093651	48.39084635953711	48.21886382667547
12	DMRG	4	UHFsym	ZZ onsite	-0.5974454911623232	-0.006290420485093762	48.39084635953711	48.21886382667547
12	DMRG	4	chi2	ZZ up-up r=1	-0.36698912743705686	-0.052622325675926895	11.416432610562245	14.290715266608748
12	DMRG	4	chi4	ZZ up-up r=1	-0.36698912743705686	-0.31598975337690827	1.3192443456480458	14.290715266608748
12	DMRG	4	chi8	ZZ up-up r=1	-0.36698912743705686	-0.0027326126249502813	14.298673405639105	14.290715266608748
12	DMRG	4	chi16	ZZ up-up r=1	-0.36698912743705686	-0.0008539413559516262	14.295494618268199	14.290715266608748
12	DMRG	4	chi32	ZZ up-up r=1	-0.36698912743705686	-4.224283836634646e-5	14.291000610617454	14.290715266608748
12	DMRG	4	exact	ZZ up-up r=1	-0.36698912743705686	0.0	14.290715266608748	14.290715266608748
12	DMRG	4	UHF	ZZ up-up r=1	-0.36698912743705686	0.41684244586854163	0.7694976350160964	14.290715266608748
12	DMRG	4	UHFsym	ZZ up-up r=1	-0.36698912743705686	0.02260718278173185	13.457930976981897	14.290715266608748
12	DMRG	4	chi2	SzSz r=1	-0.07487927807148909	0.0037124223687934055	8.540516906403584	10.425410834148186
12	DMRG	4	chi4	SzSz r=1	-0.07487927807148909	-0.06212943455645193	1.3765555288497224	10.425410834148186
12	DMRG	4	chi8	SzSz r=1	-0.07487927807148909	-0.0002857486326347525	10.392517909961727	10.425410834148186
12	DMRG	4	chi16	SzSz r=1	-0.07487927807148909	-0.0001951451973233459	10.416186083231157	10.425410834148186
12	DMRG	4	chi32	SzSz r=1	-0.07487927807148909	-1.835806991462574e-5	10.424987137277595	10.425410834148186
12	DMRG	4	exact	SzSz r=1	-0.07487927807148909	0.0	10.425410834148186	10.425410834148186
12	DMRG	4	UHF	SzSz r=1	-0.07487927807148909	0.09700975819275323	0.6587574175332879	10.425410834148186
12	DMRG	4	UHFsym	SzSz r=1	-0.07487927807148909	-0.0015490575789493533	10.304759792672149	10.425410834148186
12	DMRG	4	chi2	hop up r=1	0.40479019328372534	0.40479019328372534	1.0	20.120473266725195
12	DMRG	4	chi4	hop up r=1	0.40479019328372534	0.40479019328372534	1.0	20.120473266725195
12	DMRG	4	chi8	hop up r=1	0.40479019328372534	0.0035186163028136375	20.204827650940175	20.120473266725195
12	DMRG	4	chi16	hop up r=1	0.40479019328372534	0.00027437320812995214	20.12918854502634	20.120473266725195
12	DMRG	4	chi32	hop up r=1	0.40479019328372534	3.7314527275622567e-5	20.12167957359084	20.120473266725195
12	DMRG	4	exact	hop up r=1	0.40479019328372534	0.0	20.120473266725195	20.120473266725195
12	DMRG	4	UHF	hop up r=1	0.40479019328372534	-0.034015978615961895	16.84522784942862	20.120473266725195
12	DMRG	4	UHFsym	hop up r=1	0.40479019328372534	-0.03401597861596417	16.845227849428305	20.120473266725195
12	ED	5	chi2	n	0.9999999999996935	-3.076428001236309e-13	0.9999999906751079	0.9999999999884052
12	ED	5	chi4	n	0.9999999999996935	7.987610572968151e-11	1.0000000000599754	0.9999999999884052
12	ED	5	chi8	n	0.9999999999996935	-3.461634312529327e-10	1.0000000000815998	0.9999999999884052
12	ED	5	chi16	n	0.9999999999996935	-4.0483183472161954e-10	1.0000000001824745	0.9999999999884052
12	ED	5	chi32	n	0.9999999999996935	-7.976852511859533e-11	1.0000000000139477	0.9999999999884052
12	ED	5	exact	n	0.9999999999996935	5.552225346150408e-13	0.9999999999884052	0.9999999999884052
12	ED	5	UHF	n	0.9999999999996935	-3.049782648645305e-13	0.021933719839175282	0.9999999999884052
12	ED	5	UHFsym	n	0.9999999999996935	-3.049782648645305e-13	0.9999999999999998	0.9999999999884052
12	ED	5	chi2	Sz	1.2058611054133195e-11	5.851429663721913e-8	1.0000000482986722	1.0000000000588054
12	ED	5	chi4	Sz	1.2058611054133195e-11	-5.174290995668684e-10	0.9999999995718054	1.0000000000588054
12	ED	5	chi8	Sz	1.2058611054133195e-11	1.608054453483554e-10	1.000000000084195	1.0000000000588054
12	ED	5	chi16	Sz	1.2058611054133195e-11	-3.600462983310848e-10	0.9999999996476294	1.0000000000588054
12	ED	5	chi32	Sz	1.2058611054133195e-11	7.635494320146208e-11	1.000000000044212	1.0000000000588054
12	ED	5	exact	Sz	1.2058611054133195e-11	8.316912436523438e-11	1.0000000000588054	1.0000000000588054
12	ED	5	UHF	Sz	1.2058611054133195e-11	0.3845147557902699	0.026627814834527773	1.0000000000588054
12	ED	5	UHFsym	Sz	1.2058611054133195e-11	1.2058627100325348e-11	1.0000000000000002	1.0000000000588054
12	ED	5	chi2	DoubleOcc	0.09970330540844721	0.09970330540844721	2.189676502737627	28.916136181379024
12	ED	5	chi4	DoubleOcc	0.09970330540844721	0.0335133771681177	12.209135627722212	28.916136181379024
12	ED	5	chi8	DoubleOcc	0.09970330540844721	-0.00023263083589294964	28.91098986949008	28.916136181379024
12	ED	5	chi16	DoubleOcc	0.09970330540844721	0.00014130929942618442	28.917379451381723	28.916136181379024
12	ED	5	chi32	DoubleOcc	0.09970330540844721	-1.8600050419037562e-6	28.916110323572795	28.916136181379024
12	ED	5	exact	DoubleOcc	0.09970330540844721	2.1660828686265177e-10	28.916136181379024	28.916136181379024
12	ED	5	UHF	DoubleOcc	0.09970330540844721	-0.0024450971803745003	1.2907031526353296	28.916136181379024
12	ED	5	UHFsym	DoubleOcc	0.09970330540844721	-0.002445097180374417	28.671307408337594	28.916136181379024
12	ED	5	chi2	ZZ onsite	-0.6011867783655995	0.3988132216344016	2.2720761997894177	50.99910119385953
12	ED	5	chi4	ZZ onsite	-0.6011867783655995	0.1340535085127187	15.23116746427219	50.99910119385953
12	ED	5	chi8	ZZ onsite	-0.6011867783655995	-0.0009305226512466014	50.953249732135	50.99910119385953
12	ED	5	chi16	ZZ onsite	-0.6011867783655995	0.0005652380073667418	51.02108311763095	50.99910119385953
12	ED	5	chi32	ZZ onsite	-0.6011867783655995	-7.439860631786033e-6	50.99878219320866	50.99910119385953
12	ED	5	exact	ZZ onsite	-0.6011867783655995	8.653194827346056e-10	50.99910119385953	50.99910119385953
12	ED	5	UHF	ZZ onsite	-0.6011867783655995	-0.009780388720889599	49.93492474181082	50.99910119385953
12	ED	5	UHFsym	ZZ onsite	-0.6011867783655995	-0.009780388720889266	49.93492474181088	50.99910119385953
12	ED	5	chi2	ZZ up-up r=1	-0.6571460602021681	0.34285393979783296	3.5906178035071594	63.22316561487613
12	ED	5	chi4	ZZ up-up r=1	-0.6571460602021681	0.1433213384771933	16.423924574885504	63.22316561487613
12	ED	5	chi8	ZZ up-up r=1	-0.6571460602021681	-0.011432085242045087	61.625470481004236	63.22316561487613
12	ED	5	chi16	ZZ up-up r=1	-0.6571460602021681	-0.0030377890846752242	63.01902188264412	63.22316561487613
12	ED	5	chi32	ZZ up-up r=1	-0.6571460602021681	8.632337550773528e-6	63.22350960750454	63.22316561487613
12	ED	5	exact	ZZ up-up r=1	-0.6571460602021681	6.727293166974846e-10	63.22316561487613	63.22316561487613
12	ED	5	UHF	ZZ up-up r=1	-0.6571460602021681	0.12685264180088685	19.616094046637194	63.22316561487613
12	ED	5	UHFsym	ZZ up-up r=1	-0.6571460602021681	-0.2674334666899399	5.543243147278655	63.22316561487613
12	ED	5	chi2	SzSz r=1	-0.13795755716676508	0.1120424428332352	1.495976691302823	42.61588793672178
12	ED	5	chi4	SzSz r=1	-0.13795755716676508	0.029064328362865238	15.571517736530136	42.61588793672178
12	ED	5	chi8	SzSz r=1	-0.13795755716676508	-0.002838713658786879	41.25009608141125	42.61588793672178
12	ED	5	chi16	SzSz r=1	-0.13795755716676508	-9.265858031279328e-5	42.53600172388825	42.61588793672178
12	ED	5	chi32	SzSz r=1	-0.13795755716676508	-2.5595198057670743e-6	42.61656907137722	42.61588793672178
12	ED	5	exact	SzSz r=1	-0.13795755716676508	2.147349520420505e-10	42.61588793672178	42.61588793672178
12	ED	5	UHF	SzSz r=1	-0.13795755716676508	0.03396190253429454	12.531494173317059	42.61588793672178
12	ED	5	UHFsym	SzSz r=1	-0.13795755716676508	-0.06460962458841146	4.18860289032223	42.61588793672178
12	ED	5	chi2	hop up r=1	0.5661811342263028	0.5661811342263028	1.0	42.61108941843931
12	ED	5	chi4	hop up r=1	0.5661811342263028	-0.07011550174563075	24.870758143807333	42.61108941843931
12	ED	5	chi8	hop up r=1	0.5661811342263028	0.007749860952183774	42.58950335514636	42.61108941843931
12	ED	5	chi16	hop up r=1	0.5661811342263028	0.0021876311266164628	42.67326139458121	42.61108941843931
12	ED	5	chi32	hop up r=1	0.5661811342263028	8.167874695930166e-6	42.611420952125165	42.61108941843931
12	ED	5	exact	hop up r=1	0.5661811342263028	4.803435427191971e-11	42.61108941843931	42.61108941843931
12	ED	5	UHF	hop up r=1	0.5661811342263028	0.12727143235400634	14.163431087110185	42.61108941843931
12	ED	5	UHFsym	hop up r=1	0.5661811342263028	0.12727143235400706	14.163431087110071	42.61108941843931
12	DMRG	5	chi2	n	0.9999999999991382	-8.628653347386717e-13	0.9999999906751079	0.9999999999884052
12	DMRG	5	chi4	n	0.9999999999991382	7.932088319506647e-11	1.0000000000599754	0.9999999999884052
12	DMRG	5	chi8	n	0.9999999999991382	-3.4671865378754774e-10	1.0000000000815998	0.9999999999884052
12	DMRG	5	chi16	n	0.9999999999991382	-4.053870572562346e-10	1.0000000001824745	0.9999999999884052
12	DMRG	5	chi32	n	0.9999999999991382	-8.032374765321038e-11	1.0000000000139477	0.9999999999884052
12	DMRG	5	exact	n	0.9999999999991382	0.0	0.9999999999884052	0.9999999999884052
12	DMRG	5	UHF	n	0.9999999999991382	-8.602007994795713e-13	0.021933719839175282	0.9999999999884052
12	DMRG	5	UHFsym	n	0.9999999999991382	-8.602007994795713e-13	0.9999999999999998	0.9999999999884052
12	DMRG	5	chi2	Sz	-7.111051331110119e-11	5.84311275128539e-8	1.0000000482986722	1.0000000000588054
12	DMRG	5	chi4	Sz	-7.111051331110119e-11	-6.005982239321028e-10	0.9999999995718054	1.0000000000588054
12	DMRG	5	chi8	Sz	-7.111051331110119e-11	7.763632098312101e-11	1.000000000084195	1.0000000000588054
12	DMRG	5	chi16	Sz	-7.111051331110119e-11	-4.432154226963192e-10	0.9999999996476294	1.0000000000588054
12	DMRG	5	chi32	Sz	-7.111051331110119e-11	-6.814181163772304e-12	1.000000000044212	1.0000000000588054
12	DMRG	5	exact	Sz	-7.111051331110119e-11	0.0	1.0000000000588054	1.0000000000588054
12	DMRG	5	UHF	Sz	-7.111051331110119e-11	0.38451475570710075	0.026627814834527773	1.0000000000588054
12	DMRG	5	UHFsym	Sz	-7.111051331110119e-11	-7.111049726490903e-11	1.0000000000000002	1.0000000000588054
12	DMRG	5	chi2	DoubleOcc	0.09970330519183893	0.09970330519183893	2.189676502737627	28.916136181379024
12	DMRG	5	chi4	DoubleOcc	0.09970330519183893	0.03351337695150941	12.209135627722212	28.916136181379024
12	DMRG	5	chi8	DoubleOcc	0.09970330519183893	-0.0002326310525012365	28.91098986949008	28.916136181379024
12	DMRG	5	chi16	DoubleOcc	0.09970330519183893	0.00014130908281789756	28.917379451381723	28.916136181379024
12	DMRG	5	chi32	DoubleOcc	0.09970330519183893	-1.8602216501906188e-6	28.916110323572795	28.916136181379024
12	DMRG	5	exact	DoubleOcc	0.09970330519183893	0.0	28.916136181379024	28.916136181379024
12	DMRG	5	UHF	DoubleOcc	0.09970330519183893	-0.002445097396982787	1.2907031526353296	28.916136181379024
12	DMRG	5	UHFsym	DoubleOcc	0.09970330519183893	-0.002445097396982704	28.671307408337594	28.916136181379024
12	DMRG	5	chi2	ZZ onsite	-0.601186779230919	0.3988132207690821	2.2720761997894177	50.99910119385953
12	DMRG	5	chi4	ZZ onsite	-0.601186779230919	0.1340535076473992	15.23116746427219	50.99910119385953
12	DMRG	5	chi8	ZZ onsite	-0.601186779230919	-0.0009305235165660841	50.953249732135	50.99910119385953
12	DMRG	5	chi16	ZZ onsite	-0.601186779230919	0.0005652371420472591	51.02108311763095	50.99910119385953
12	DMRG	5	chi32	ZZ onsite	-0.601186779230919	-7.440725951268767e-6	50.99878219320866	50.99910119385953
12	DMRG	5	exact	ZZ onsite	-0.601186779230919	0.0	50.99910119385953	50.99910119385953
12	DMRG	5	UHF	ZZ onsite	-0.601186779230919	-0.009780389586209082	49.93492474181082	50.99910119385953
12	DMRG	5	UHFsym	ZZ onsite	-0.601186779230919	-0.009780389586208749	49.93492474181088	50.99910119385953
12	DMRG	5	chi2	ZZ up-up r=1	-0.6571460608748975	0.34285393912510365	3.5906178035071594	63.22316561487613
12	DMRG	5	chi4	ZZ up-up r=1	-0.6571460608748975	0.143321337804464	16.423924574885504	63.22316561487613
12	DMRG	5	chi8	ZZ up-up r=1	-0.6571460608748975	-0.011432085914774404	61.625470481004236	63.22316561487613
12	DMRG	5	chi16	ZZ up-up r=1	-0.6571460608748975	-0.003037789757404541	63.01902188264412	63.22316561487613
12	DMRG	5	chi32	ZZ up-up r=1	-0.6571460608748975	8.63166482145683e-6	63.22350960750454	63.22316561487613
12	DMRG	5	exact	ZZ up-up r=1	-0.6571460608748975	0.0	63.22316561487613	63.22316561487613
12	DMRG	5	UHF	ZZ up-up r=1	-0.6571460608748975	0.12685264112815753	19.616094046637194	63.22316561487613
12	DMRG	5	UHFsym	ZZ up-up r=1	-0.6571460608748975	-0.2674334673626692	5.543243147278655	63.22316561487613
12	DMRG	5	chi2	SzSz r=1	-0.13795755738150003	0.11204244261850024	1.495976691302823	42.61588793672178
12	DMRG	5	chi4	SzSz r=1	-0.13795755738150003	0.029064328148130286	15.571517736530136	42.61588793672178
12	DMRG	5	chi8	SzSz r=1	-0.13795755738150003	-0.002838713873521831	41.25009608141125	42.61588793672178
12	DMRG	5	chi16	SzSz r=1	-0.13795755738150003	-9.265879504774532e-5	42.53600172388825	42.61588793672178
12	DMRG	5	chi32	SzSz r=1	-0.13795755738150003	-2.5597345407191163e-6	42.61656907137722	42.61588793672178
12	DMRG	5	exact	SzSz r=1	-0.13795755738150003	0.0	42.61588793672178	42.61588793672178
12	DMRG	5	UHF	SzSz r=1	-0.13795755738150003	0.03396190231955959	12.531494173317059	42.61588793672178
12	DMRG	5	UHFsym	SzSz r=1	-0.13795755738150003	-0.06460962480314641	4.18860289032223	42.61588793672178
12	DMRG	5	chi2	hop up r=1	0.5661811341782684	0.5661811341782684	1.0	42.61108941843931
12	DMRG	5	chi4	hop up r=1	0.5661811341782684	-0.0701155017936651	24.870758143807333	42.61108941843931
12	DMRG	5	chi8	hop up r=1	0.5661811341782684	0.007749860904149419	42.58950335514636	42.61108941843931
12	DMRG	5	chi16	hop up r=1	0.5661811341782684	0.0021876310785821085	42.67326139458121	42.61108941843931
12	DMRG	5	chi32	hop up r=1	0.5661811341782684	8.167826661575894e-6	42.611420952125165	42.61108941843931
12	DMRG	5	exact	hop up r=1	0.5661811341782684	0.0	42.61108941843931	42.61108941843931
12	DMRG	5	UHF	hop up r=1	0.5661811341782684	0.127271432305972	14.163431087110185	42.61108941843931
12	DMRG	5	UHFsym	hop up r=1	0.5661811341782684	0.1272714323059727	14.163431087110071	42.61108941843931
12	ED	6	chi2	n	1.0000000000001144	1.13464793116691e-13	0.9999999975509609	0.9999999999988993
12	ED	6	chi4	n	1.0000000000001144	-8.006506568847271e-11	0.9999999999826978	0.9999999999988993
12	ED	6	chi8	n	1.0000000000001144	5.441991302035376e-11	1.0000000000018772	0.9999999999988993
12	ED	6	chi16	n	1.0000000000001144	-6.753020365124485e-11	0.9999999999915188	0.9999999999988993
12	ED	6	chi32	n	1.0000000000001144	3.942002280155066e-11	1.0000000000022402	0.9999999999988993
12	ED	6	exact	n	1.0000000000001144	1.6086132426096356e-11	0.9999999999988993	0.9999999999988993
12	ED	6	UHF	n	1.0000000000001144	1.1324274851176597e-13	0.022210840854697593	0.9999999999988993
12	ED	6	UHFsym	n	1.0000000000001144	1.13464793116691e-13	1.0000000000000016	0.9999999999988993
12	ED	6	chi2	Sz	-1.2442387398170496e-11	-5.851468044132391e-8	1.0000000417431383	1.00000000005275
12	ED	6	chi4	Sz	-1.2442387398170496e-11	-1.84655617185836e-10	1.00000000012463	1.00000000005275
12	ED	6	chi8	Sz	-1.2442387398170496e-11	-1.3107350968488696e-10	1.0000000000834641	1.00000000005275
12	ED	6	chi16	Sz	-1.2442387398170496e-11	-1.1594704363293573e-11	1.00000000000087	1.00000000005275
12	ED	6	chi32	Sz	-1.2442387398170496e-11	-7.724395428843067e-11	1.0000000000453815	1.00000000005275
12	ED	6	exact	Sz	-1.2442387398170496e-11	-8.685768076999167e-11	1.00000000005275	1.00000000005275
12	ED	6	UHF	Sz	-1.2442387398170496e-11	-0.38448262825943247	0.0291825271039291	1.00000000005275
12	ED	6	UHFsym	Sz	-1.2442387398170496e-11	-1.2442375688787033e-11	1.0	1.00000000005275
12	ED	6	chi2	DoubleOcc	0.10035623229025967	0.10035623229025967	2.1357474981822273	25.03730576390536
12	ED	6	chi4	DoubleOcc	0.10035623229025967	0.03416630396974904	11.222167841853999	25.03730576390536
12	ED	6	chi8	DoubleOcc	0.10035623229025967	-0.0007367873460331908	25.013125197386813	25.03730576390536
12	ED	6	chi16	DoubleOcc	0.10035623229025967	0.00017311613318404806	25.03877323013027	25.03730576390536
12	ED	6	chi32	DoubleOcc	0.10035623229025967	-3.2635524303270547e-6	25.037262677705893	25.03730576390536
12	ED	6	exact	DoubleOcc	0.10035623229025967	2.427228140700066e-10	25.03730576390536	25.03730576390536
12	ED	6	UHF	DoubleOcc	0.10035623229025967	-0.001816876286027641	1.2678360151387973	25.03730576390536
12	ED	6	UHFsym	DoubleOcc	0.10035623229025967	-0.0018168762860277243	24.925553108079534	25.03730576390536
12	ED	6	chi2	ZZ onsite	-0.5985750708391905	0.40142492916081063	2.133680542129083	44.30072094474274
12	ED	6	chi4	ZZ onsite	-0.5985750708391905	0.13666521603912762	13.306204222019884	44.30072094474274
12	ED	6	chi8	ZZ onsite	-0.5985750708391905	-0.0029471494929724784	44.31002746325591	44.30072094474274
12	ED	6	chi16	ZZ onsite	-0.5985750708391905	0.0006924646677959334	44.28496683190808	44.30072094474274
12	ED	6	chi32	ZZ onsite	-0.5985750708391905	-1.3054288561353822e-5	44.30096846295965	44.30072094474274
12	ED	6	exact	ZZ onsite	-0.5985750708391905	9.387165489371796e-10	44.30072094474274	44.30072094474274
12	ED	6	UHF	ZZ onsite	-0.5985750708391905	-0.007267505144337494	44.15504562110697	44.30072094474274
12	ED	6	UHFsym	ZZ onsite	-0.5985750708391905	-0.007267505144337827	44.15504562110696	44.30072094474274
12	ED	6	chi2	ZZ up-up r=1	-0.37735257378363085	-0.049102243697514814	12.50600280736744	16.458430142111368
12	ED	6	chi4	ZZ up-up r=1	-0.37735257378363085	-0.32208874741902815	1.3356804573955756	16.458430142111368
12	ED	6	chi8	ZZ up-up r=1	-0.37735257378363085	-0.002725709413300581	16.388832092870324	16.458430142111368
12	ED	6	chi16	ZZ up-up r=1	-0.37735257378363085	-0.0013088187997714607	16.42813542666921	16.458430142111368
12	ED	6	chi32	ZZ up-up r=1	-0.37735257378363085	-6.94914577570871e-5	16.4569679761729	16.458430142111368
12	ED	6	exact	ZZ up-up r=1	-0.37735257378363085	-2.9849361871114866e-9	16.458430142111368	16.458430142111368
12	ED	6	UHF	ZZ up-up r=1	-0.37735257378363085	0.406583003338125	0.9208926875828166	16.458430142111368
12	ED	6	UHFsym	ZZ up-up r=1	-0.37735257378363085	0.012329838808671001	16.453215873549304	16.458430142111368
12	ED	6	chi2	SzSz r=1	-0.07711761420838915	0.004944968313139855	8.928362401715535	11.813954961335927
12	ED	6	chi4	SzSz r=1	-0.07711761420838915	-0.0633016576172385	1.4116882462661515	11.813954961335927
12	ED	6	chi8	SzSz r=1	-0.07711761420838915	-0.0003159248291701583	11.7993833092858	11.813954961335927
12	ED	6	chi16	SzSz r=1	-0.07711761420838915	-0.0003065570857993666	11.804405882860731	11.813954961335927
12	ED	6	chi32	SzSz r=1	-0.07711761420838915	-2.637780130253231e-5	11.814559206026926	11.813954961335927
12	ED	6	exact	SzSz r=1	-0.07711761420838915	-5.565336108626084e-10	11.813954961335927	11.813954961335927
12	ED	6	UHF	SzSz r=1	-0.07711761420838915	0.0947877786436868	0.699967010126771	11.813954961335927
12	ED	6	UHFsym	SzSz r=1	-0.07711761420838915	-0.00377551248867658	11.44749476064979	11.813954961335927
12	ED	6	chi2	hop up r=1	0.41108991014726043	0.41108991014726043	1.0	18.815512441095137
12	ED	6	chi4	hop up r=1	0.41108991014726043	0.41108991014726043	1.0	18.815512441095137
12	ED	6	chi8	hop up r=1	0.41108991014726043	0.00410819213717073	18.79444367173983	18.815512441095137
12	ED	6	chi16	hop up r=1	0.41108991014726043	0.0004148167312109652	18.816432993753075	18.815512441095137
12	ED	6	chi32	hop up r=1	0.41108991014726043	5.613500558276918e-5	18.815677091310942	18.815512441095137
12	ED	6	exact	hop up r=1	0.41108991014726043	2.153378308999976e-9	18.815512441095137	18.815512441095137
12	ED	6	UHF	hop up r=1	0.41108991014726043	-0.027804167537668567	17.32070939293913	18.815512441095137
12	ED	6	UHFsym	hop up r=1	0.41108991014726043	-0.027804167537666902	17.320709392939296	18.815512441095137
12	DMRG	6	chi2	n	0.9999999999840282	-1.5972667632979665e-11	0.9999999975509609	0.9999999999988993
12	DMRG	6	chi4	n	0.9999999999840282	-9.615119811456907e-11	0.9999999999826978	0.9999999999988993
12	DMRG	6	chi8	n	0.9999999999840282	3.8333780594257405e-11	1.0000000000018772	0.9999999999988993
12	DMRG	6	chi16	n	0.9999999999840282	-8.36163360773412e-11	0.9999999999915188	0.9999999999988993
12	DMRG	6	chi32	n	0.9999999999840282	2.3333890375454303e-11	1.0000000000022402	0.9999999999988993
12	DMRG	6	exact	n	0.9999999999840282	0.0	0.9999999999988993	0.9999999999988993
12	DMRG	6	UHF	n	0.9999999999840282	-1.597288967758459e-11	0.022210840854697593	0.9999999999988993
12	DMRG	6	UHFsym	n	0.9999999999840282	-1.5972667632979665e-11	1.0000000000000016	0.9999999999988993
12	DMRG	6	chi2	Sz	7.441529337182118e-11	-5.8427822760553916e-8	1.0000000417431383	1.00000000005275
12	DMRG	6	chi4	Sz	7.441529337182118e-11	-9.779793641584433e-11	1.00000000012463	1.00000000005275
12	DMRG	6	chi8	Sz	7.441529337182118e-11	-4.421582891489528e-11	1.0000000000834641	1.00000000005275
12	DMRG	6	chi16	Sz	7.441529337182118e-11	7.52629764066981e-11	1.00000000000087	1.00000000005275
12	DMRG	6	chi32	Sz	7.441529337182118e-11	9.613726481561002e-12	1.0000000000453815	1.00000000005275
12	DMRG	6	exact	Sz	7.441529337182118e-11	0.0	1.00000000005275	1.00000000005275
12	DMRG	6	UHF	Sz	7.441529337182118e-11	-0.3844826281725748	0.0291825271039291	1.00000000005275
12	DMRG	6	UHFsym	Sz	7.441529337182118e-11	7.441530508120464e-11	1.0	1.00000000005275
12	DMRG	6	chi2	DoubleOcc	0.10035623204753685	0.10035623204753685	2.1357474981822273	25.03730576390536
12	DMRG	6	chi4	DoubleOcc	0.10035623204753685	0.034166303727026226	11.222167841853999	25.03730576390536
12	DMRG	6	chi8	DoubleOcc	0.10035623204753685	-0.0007367875887560049	25.013125197386813	25.03730576390536
12	DMRG	6	chi16	DoubleOcc	0.10035623204753685	0.000173115890461234	25.03877323013027	25.03730576390536
12	DMRG	6	chi32	DoubleOcc	0.10035623204753685	-3.2637951531411247e-6	25.037262677705893	25.03730576390536
12	DMRG	6	exact	DoubleOcc	0.10035623204753685	0.0	25.03730576390536	25.03730576390536
12	DMRG	6	UHF	DoubleOcc	0.10035623204753685	-0.0018168765287504551	1.2678360151387973	25.03730576390536
12	DMRG	6	UHFsym	DoubleOcc	0.10035623204753685	-0.0018168765287505384	24.925553108079534	25.03730576390536
12	DMRG	6	chi2	ZZ onsite	-0.598575071777907	0.4014249282220941	2.133680542129083	44.30072094474274
12	DMRG	6	chi4	ZZ onsite	-0.598575071777907	0.13666521510041107	13.306204222019884	44.30072094474274
12	DMRG	6	chi8	ZZ onsite	-0.598575071777907	-0.0029471504316890274	44.31002746325591	44.30072094474274
12	DMRG	6	chi16	ZZ onsite	-0.598575071777907	0.0006924637290793845	44.28496683190808	44.30072094474274
12	DMRG	6	chi32	ZZ onsite	-0.598575071777907	-1.3055227277902759e-5	44.30096846295965	44.30072094474274
12	DMRG	6	exact	ZZ onsite	-0.598575071777907	0.0	44.30072094474274	44.30072094474274
12	DMRG	6	UHF	ZZ onsite	-0.598575071777907	-0.007267506083054043	44.15504562110697	44.30072094474274
12	DMRG	6	UHFsym	ZZ onsite	-0.598575071777907	-0.007267506083054376	44.15504562110696	44.30072094474274
12	DMRG	6	chi2	ZZ up-up r=1	-0.37735257079869466	-0.049102240712578626	12.50600280736744	16.458430142111368
12	DMRG	6	chi4	ZZ up-up r=1	-0.37735257079869466	-0.32208874443409197	1.3356804573955756	16.458430142111368
12	DMRG	6	chi8	ZZ up-up r=1	-0.37735257079869466	-0.002725706428364394	16.388832092870324	16.458430142111368
12	DMRG	6	chi16	ZZ up-up r=1	-0.37735257079869466	-0.0013088158148352735	16.42813542666921	16.458430142111368
12	DMRG	6	chi32	ZZ up-up r=1	-0.37735257079869466	-6.948847282089998e-5	16.4569679761729	16.458430142111368
12	DMRG	6	exact	ZZ up-up r=1	-0.37735257079869466	0.0	16.458430142111368	16.458430142111368
12	DMRG	6	UHF	ZZ up-up r=1	-0.37735257079869466	0.4065830063230612	0.9208926875828166	16.458430142111368
12	DMRG	6	UHFsym	ZZ up-up r=1	-0.37735257079869466	0.012329841793607188	16.453215873549304	16.458430142111368
12	DMRG	6	chi2	SzSz r=1	-0.07711761365185554	0.004944968869673466	8.928362401715535	11.813954961335927
12	DMRG	6	chi4	SzSz r=1	-0.07711761365185554	-0.06330165706070487	1.4116882462661515	11.813954961335927
12	DMRG	6	chi8	SzSz r=1	-0.07711761365185554	-0.00031592427263654743	11.7993833092858	11.813954961335927
12	DMRG	6	chi16	SzSz r=1	-0.07711761365185554	-0.0003065565292657557	11.804405882860731	11.813954961335927
12	DMRG	6	chi32	SzSz r=1	-0.07711761365185554	-2.637724476892145e-5	11.814559206026926	11.813954961335927
12	DMRG	6	exact	SzSz r=1	-0.07711761365185554	0.0	11.813954961335927	11.813954961335927
12	DMRG	6	UHF	SzSz r=1	-0.07711761365185554	0.09478777920022041	0.699967010126771	11.813954961335927
12	DMRG	6	UHFsym	SzSz r=1	-0.07711761365185554	-0.003775511932142969	11.44749476064979	11.813954961335927
12	DMRG	6	chi2	hop up r=1	0.4110899079938821	0.4110899079938821	1.0	18.815512441095137
12	DMRG	6	chi4	hop up r=1	0.4110899079938821	0.4110899079938821	1.0	18.815512441095137
12	DMRG	6	chi8	hop up r=1	0.4110899079938821	0.004108189983792421	18.79444367173983	18.815512441095137
12	DMRG	6	chi16	hop up r=1	0.4110899079938821	0.0004148145778326562	18.816432993753075	18.815512441095137
12	DMRG	6	chi32	hop up r=1	0.4110899079938821	5.613285220446018e-5	18.815677091310942	18.815512441095137
12	DMRG	6	exact	hop up r=1	0.4110899079938821	0.0	18.815512441095137	18.815512441095137
12	DMRG	6	UHF	hop up r=1	0.4110899079938821	-0.027804169691046876	17.32070939293913	18.815512441095137
12	DMRG	6	UHFsym	hop up r=1	0.4110899079938821	-0.02780416969104521	17.320709392939296	18.815512441095137
12	ED	7	chi2	n	1.0000000000000062	3.9968028886505635e-15	1.0000000000327742	1.0000000000188418
12	ED	7	chi4	n	1.0000000000000062	1.9636003933953816e-10	1.0000000002539937	1.0000000000188418
12	ED	7	chi8	n	1.0000000000000062	-2.524853659480186e-10	0.9999999998030716	1.0000000000188418
12	ED	7	chi16	n	1.0000000000000062	1.9239665416392882e-10	1.0000000002045872	1.0000000000188418
12	ED	7	chi32	n	1.0000000000000062	5.4651838610197956e-12	1.0000000000215552	1.0000000000188418
12	ED	7	exact	n	1.0000000000000062	-1.468380972369232e-12	1.0000000000188418	1.0000000000188418
12	ED	7	UHF	n	1.0000000000000062	3.9968028886505635e-15	0.01756019538538507	1.0000000000188418
12	ED	7	UHFsym	n	1.0000000000000062	3.9968028886505635e-15	0.999999999999997	1.0000000000188418
12	ED	7	chi2	Sz	4.938147113442426e-12	1.407338273629911e-10	1.0000000000453448	1.0000000000280553
12	ED	7	chi4	Sz	4.938147113442426e-12	4.5406706172812505e-10	1.0000000000864724	1.0000000000280553
12	ED	7	chi8	Sz	4.938147113442426e-12	-3.528635716953943e-11	1.000000000068225	1.0000000000280553
12	ED	7	chi16	Sz	4.938147113442426e-12	2.6153773591275353e-10	1.000000000023464	1.0000000000280553
12	ED	7	chi32	Sz	4.938147113442426e-12	7.748288122222391e-11	1.0000000000224587	1.0000000000280553
12	ED	7	exact	Sz	4.938147113442426e-12	8.753089919544266e-11	1.0000000000280553	1.0000000000280553
12	ED	7	UHF	Sz	4.938147113442426e-12	0.38448262825192786	0.028228289946421795	1.0000000000280553
12	ED	7	UHFsym	Sz	4.938147113442426e-12	4.938147547123295e-12	1.0000000000000007	1.0000000000280553
12	ED	7	chi2	DoubleOcc	0.1003562322899613	0.1003562322899613	2.199585249303132	33.5617460703097
12	ED	7	chi4	DoubleOcc	0.1003562322899613	0.03449824669142479	12.748010336088996	33.5617460703097
12	ED	7	chi8	DoubleOcc	0.1003562322899613	-6.453313118778836e-5	33.5565536946466	33.5617460703097
12	ED	7	chi16	DoubleOcc	0.1003562322899613	0.00017930761469758805	33.57406883618085	33.5617460703097
12	ED	7	chi32	DoubleOcc	0.1003562322899613	-3.6068834036451225e-6	33.56146640767561	33.5617460703097
12	ED	7	exact	DoubleOcc	0.1003562322899613	2.4958751732029327e-10	33.5617460703097	33.5617460703097
12	ED	7	UHF	DoubleOcc	0.1003562322899613	-0.001816876286326874	1.2990813588072678	33.5617460703097
12	ED	7	UHFsym	DoubleOcc	0.1003562322899613	-0.0018168762863269294	33.26446503635239	33.5617460703097
12	ED	7	chi2	ZZ onsite	-0.5985750708401675	0.40142492915983474	2.182203046405366	65.97694463333852
12	ED	7	chi4	ZZ onsite	-0.5985750708401675	0.1379929863729803	14.806237606176156	65.97694463333852
12	ED	7	chi8	ZZ onsite	-0.5985750708401675	-0.00025813201978086564	65.97641903547009	65.97694463333852
12	ED	7	chi16	ZZ onsite	-0.5985750708401675	0.0007172300739960447	65.97003428364957	65.97694463333852
12	ED	7	chi32	ZZ onsite	-0.5985750708401675	-1.44275445443931e-5	65.97695733328253	65.97694463333852
12	ED	7	exact	ZZ onsite	-0.5985750708401675	1.0012841666906525e-9	65.97694463333852	65.97694463333852
12	ED	7	UHF	ZZ onsite	-0.5985750708401675	-0.007267505145315933	65.35840376680858	65.97694463333852
12	ED	7	UHFsym	ZZ onsite	-0.5985750708401675	-0.007267505145315933	65.35840376680858	65.97694463333852
12	ED	7	chi2	ZZ up-up r=1	-0.6571460601975502	0.34285393980245205	3.444614413884217	65.82043875875019
12	ED	7	chi4	ZZ up-up r=1	-0.6571460601975502	0.14242548593711968	15.675649359721211	65.82043875875019
12	ED	7	chi8	ZZ up-up r=1	-0.6571460601975502	-0.011856480730404129	65.12037839491725	65.82043875875019
12	ED	7	chi16	ZZ up-up r=1	-0.6571460601975502	-0.0031310337911031327	65.90603819122946	65.82043875875019
12	ED	7	chi32	ZZ up-up r=1	-0.6571460601975502	3.4289012168509103e-6	65.8202380315641	65.82043875875019
12	ED	7	exact	ZZ up-up r=1	-0.6571460601975502	6.191653856291168e-10	65.82043875875019	65.82043875875019
12	ED	7	UHF	ZZ up-up r=1	-0.6571460601975502	0.12685264180549605	18.54130742649955	65.82043875875019
12	ED	7	UHFsym	ZZ up-up r=1	-0.6571460601975502	-0.2674334666853217	5.676898387713525	65.82043875875019
12	ED	7	chi2	SzSz r=1	-0.13795755716585528	0.11204244283414527	1.427983103216396	44.22529825679712
12	ED	7	chi4	SzSz r=1	-0.13795755716585528	0.029006336519455805	14.334946258106054	44.22529825679712
12	ED	7	chi8	SzSz r=1	-0.13795755716585528	-0.003015594835914931	42.76778051121149	44.22529825679712
12	ED	7	chi16	SzSz r=1	-0.13795755716585528	-9.600598444881037e-5	44.196134242744066	44.22529825679712
12	ED	7	chi32	SzSz r=1	-0.13795755716585528	-2.6192529640201023e-6	44.223963215559245	44.22529825679712
12	ED	7	exact	SzSz r=1	-0.13795755716585528	2.1560633833850318e-10	44.22529825679712	44.22529825679712
12	ED	7	UHF	SzSz r=1	-0.13795755716585528	0.033961902535203786	11.580780143897618	44.22529825679712
12	ED	7	UHFsym	SzSz r=1	-0.13795755716585528	-0.06460962458750175	4.314905173270423	44.22529825679712
12	ED	7	chi2	hop up r=1	0.5661811342235203	0.5661811342235203	1.0	43.83563696611347
12	ED	7	chi4	hop up r=1	0.5661811342235203	-0.06859523367352582	27.44676016997285	43.83563696611347
12	ED	7	chi8	hop up r=1	0.5661811342235203	0.007891963463744434	43.336212716736334	43.83563696611347
12	ED	7	chi16	hop up r=1	0.5661811342235203	0.002275817436288907	43.76453411275059	43.83563696611347
12	ED	7	chi32	hop up r=1	0.5661811342235203	9.838048714794212e-6	43.835458973939254	43.83563696611347
12	ED	7	exact	hop up r=1	0.5661811342235203	8.487177627358733e-11	43.83563696611347	43.83563696611347
12	ED	7	UHF	hop up r=1	0.5661811342235203	0.12727143235122385	13.676899601470955	43.83563696611347
12	ED	7	UHFsym	hop up r=1	0.5661811342235203	0.12727143235122257	13.676899601471137	43.83563696611347
12	DMRG	7	chi2	n	1.0000000000014746	1.4723777752578826e-12	1.0000000000327742	1.0000000000188418
12	DMRG	7	chi4	n	1.0000000000014746	1.978284203119074e-10	1.0000000002539937	1.0000000000188418
12	DMRG	7	chi8	n	1.0000000000014746	-2.510169849756494e-10	0.9999999998030716	1.0000000000188418
12	DMRG	7	chi16	n	1.0000000000014746	1.9386503513629805e-10	1.0000000002045872	1.0000000000188418
12	DMRG	7	chi32	n	1.0000000000014746	6.933564833389028e-12	1.0000000000215552	1.0000000000188418
12	DMRG	7	exact	n	1.0000000000014746	0.0	1.0000000000188418	1.0000000000188418
12	DMRG	7	UHF	n	1.0000000000014746	1.4723777752578826e-12	0.01756019538538507	1.0000000000188418
12	DMRG	7	UHFsym	n	1.0000000000014746	1.4723777752578826e-12	0.999999999999997	1.0000000000188418
12	DMRG	7	chi2	Sz	-8.259275208200023e-11	5.320292816754845e-11	1.0000000000453448	1.0000000000280553
12	DMRG	7	chi4	Sz	-8.259275208200023e-11	3.665361625326824e-10	1.0000000000864724	1.0000000000280553
12	DMRG	7	chi8	Sz	-8.259275208200023e-11	-1.2281725636498209e-10	1.000000000068225	1.0000000000280553
12	DMRG	7	chi16	Sz	-8.259275208200023e-11	1.7400683671731088e-10	1.000000000023464	1.0000000000280553
12	DMRG	7	chi32	Sz	-8.259275208200023e-11	-1.0048017973218748e-11	1.0000000000224587	1.0000000000280553
12	DMRG	7	exact	Sz	-8.259275208200023e-11	0.0	1.0000000000280553	1.0000000000280553
12	DMRG	7	UHF	Sz	-8.259275208200023e-11	0.38448262816439693	0.028228289946421795	1.0000000000280553
12	DMRG	7	UHFsym	Sz	-8.259275208200023e-11	-8.259275164831936e-11	1.0000000000000007	1.0000000000280553
12	DMRG	7	chi2	DoubleOcc	0.10035623204037378	0.10035623204037378	2.199585249303132	33.5617460703097
12	DMRG	7	chi4	DoubleOcc	0.10035623204037378	0.03449824644183727	12.748010336088996	33.5617460703097
12	DMRG	7	chi8	DoubleOcc	0.10035623204037378	-6.453338077530568e-5	33.5565536946466	33.5617460703097
12	DMRG	7	chi16	DoubleOcc	0.10035623204037378	0.00017930736511007073	33.57406883618085	33.5617460703097
12	DMRG	7	chi32	DoubleOcc	0.10035623204037378	-3.607132991162443e-6	33.56146640767561	33.5617460703097
12	DMRG	7	exact	DoubleOcc	0.10035623204037378	0.0	33.5617460703097	33.5617460703097
12	DMRG	7	UHF	DoubleOcc	0.10035623204037378	-0.0018168765359143912	1.2990813588072678	33.5617460703097
12	DMRG	7	UHFsym	DoubleOcc	0.10035623204037378	-0.0018168765359144468	33.26446503635239	33.5617460703097
12	DMRG	7	chi2	ZZ onsite	-0.5985750718414516	0.4014249281585506	2.182203046405366	65.97694463333852
12	DMRG	7	chi4	ZZ onsite	-0.5985750718414516	0.13799298537169613	14.806237606176156	65.97694463333852
12	DMRG	7	chi8	ZZ onsite	-0.5985750718414516	-0.00025813302106503233	65.97641903547009	65.97694463333852
12	DMRG	7	chi16	ZZ onsite	-0.5985750718414516	0.000717229072711878	65.97003428364957	65.97694463333852
12	DMRG	7	chi32	ZZ onsite	-0.5985750718414516	-1.4428545828559791e-5	65.97695733328253	65.97694463333852
12	DMRG	7	exact	ZZ onsite	-0.5985750718414516	0.0	65.97694463333852	65.97694463333852
12	DMRG	7	UHF	ZZ onsite	-0.5985750718414516	-0.0072675061466001	65.35840376680858	65.97694463333852
12	DMRG	7	UHFsym	ZZ onsite	-0.5985750718414516	-0.0072675061466001	65.35840376680858	65.97694463333852
12	DMRG	7	chi2	ZZ up-up r=1	-0.6571460608167156	0.34285393918328666	3.444614413884217	65.82043875875019
12	DMRG	7	chi4	ZZ up-up r=1	-0.6571460608167156	0.1424254853179543	15.675649359721211	65.82043875875019
12	DMRG	7	chi8	ZZ up-up r=1	-0.6571460608167156	-0.011856481349569514	65.12037839491725	65.82043875875019
12	DMRG	7	chi16	ZZ up-up r=1	-0.6571460608167156	-0.0031310344102685184	65.90603819122946	65.82043875875019
12	DMRG	7	chi32	ZZ up-up r=1	-0.6571460608167156	3.428282051465281e-6	65.8202380315641	65.82043875875019
12	DMRG	7	exact	ZZ up-up r=1	-0.6571460608167156	0.0	65.82043875875019	65.82043875875019
12	DMRG	7	UHF	ZZ up-up r=1	-0.6571460608167156	0.12685264118633066	18.54130742649955	65.82043875875019
12	DMRG	7	UHFsym	ZZ up-up r=1	-0.6571460608167156	-0.2674334673044871	5.676898387713525	65.82043875875019
12	DMRG	7	chi2	SzSz r=1	-0.13795755738146162	0.11204244261853893	1.427983103216396	44.22529825679712
12	DMRG	7	chi4	SzSz r=1	-0.13795755738146162	0.029006336303849467	14.334946258106054	44.22529825679712
12	DMRG	7	chi8	SzSz r=1	-0.13795755738146162	-0.0030155950515212693	42.76778051121149	44.22529825679712
12	DMRG	7	chi16	SzSz r=1	-0.13795755738146162	-9.60062000551487e-5	44.196134242744066	44.22529825679712
12	DMRG	7	chi32	SzSz r=1	-0.13795755738146162	-2.619468570358441e-6	44.223963215559245	44.22529825679712
12	DMRG	7	exact	SzSz r=1	-0.13795755738146162	0.0	44.22529825679712	44.22529825679712
12	DMRG	7	UHF	SzSz r=1	-0.13795755738146162	0.03396190231959745	11.580780143897618	44.22529825679712
12	DMRG	7	UHFsym	SzSz r=1	-0.13795755738146162	-0.06460962480310808	4.314905173270423	44.22529825679712
12	DMRG	7	chi2	hop up r=1	0.5661811341386486	0.5661811341386486	1.0	43.83563696611347
12	DMRG	7	chi4	hop up r=1	0.5661811341386486	-0.0685952337583976	27.44676016997285	43.83563696611347
12	DMRG	7	chi8	hop up r=1	0.5661811341386486	0.007891963378872657	43.336212716736334	43.83563696611347
12	DMRG	7	chi16	hop up r=1	0.5661811341386486	0.002275817351417131	43.76453411275059	43.83563696611347
12	DMRG	7	chi32	hop up r=1	0.5661811341386486	9.837963843017938e-6	43.835458973939254	43.83563696611347
12	DMRG	7	exact	hop up r=1	0.5661811341386486	0.0	43.83563696611347	43.83563696611347
12	DMRG	7	UHF	hop up r=1	0.5661811341386486	0.12727143226635207	13.676899601470955	43.83563696611347
12	DMRG	7	UHFsym	hop up r=1	0.5661811341386486	0.1272714322663508	13.676899601471137	43.83563696611347
12	ED	8	chi2	n	0.9999999999998989	-1.035838081975271e-13	1.0000000002328255	1.0000000001768148
12	ED	8	chi4	n	0.9999999999998989	-1.9645163273906974e-10	1.0000000001667864	1.0000000001768148
12	ED	8	chi8	n	0.9999999999998989	2.8657975992274487e-10	1.0000000007677545	1.0000000001768148
12	ED	8	chi16	n	0.9999999999998989	-9.857392679890609e-11	1.0000000001388825	1.0000000001768148
12	ED	8	chi32	n	0.9999999999998989	2.936884069271173e-11	1.000000000171823	1.0000000001768148
12	ED	8	exact	n	0.9999999999998989	2.547861921442518e-11	1.0000000001768148	1.0000000001768148
12	ED	8	UHF	n	0.9999999999998989	-9.803269307440132e-14	0.020062238311594933	1.0000000001768148
12	ED	8	UHFsym	n	0.9999999999998989	-9.803269307440132e-14	1.0000000000000038	1.0000000001768148
12	ED	8	chi2	Sz	-5.13872625007572e-12	-1.4093422609495754e-10	1.0000000002330174	1.0000000001217684
12	ED	8	chi4	Sz	-5.13872625007572e-12	-2.3147153985214608e-10	1.0000000005905347	1.0000000001217684
12	ED	8	chi8	Sz	-5.13872625007572e-12	-2.645081757790546e-10	1.0000000001499025	1.0000000001217684
12	ED	8	chi16	Sz	-5.13872625007572e-12	-1.508634502045414e-10	1.0000000003514398	1.0000000001217684
12	ED	8	chi32	Sz	-5.13872625007572e-12	-8.598570813700412e-11	1.0000000001083886	1.0000000001217684
12	ED	8	exact	Sz	-5.13872625007572e-12	-9.145144710953623e-11	1.0000000001217684	1.0000000001217684
12	ED	8	UHF	Sz	-5.13872625007572e-12	-0.3845147557833486	0.028961692574870697	1.0000000001217684
12	ED	8	UHFsym	Sz	-5.13872625007572e-12	-5.138737092097445e-12	0.999999999999997	1.0000000001217684
12	ED	8	chi2	DoubleOcc	0.09970330540858388	0.09970330540858388	2.2290238477771784	28.64391768840329
12	ED	8	chi4	DoubleOcc	0.09970330540858388	0.03384531961369497	12.329876708760098	28.64391768840329
12	ED	8	chi8	DoubleOcc	0.09970330540858388	-0.0010004563041007275	28.55507726768432	28.64391768840329
12	ED	8	chi16	DoubleOcc	0.09970330540858388	0.0001447357986018305	28.65106177657899	28.64391768840329
12	ED	8	chi32	DoubleOcc	0.09970330540858388	-1.3435418280138833e-6	28.64384456681842	28.64391768840329
12	ED	8	exact	DoubleOcc	0.09970330540858388	2.3220844691529408e-10	28.64391768840329	28.64391768840329
12	ED	8	UHF	DoubleOcc	0.09970330540858388	-0.0024450971802382204	1.288687274988569	28.64391768840329
12	ED	8	UHFsym	DoubleOcc	0.09970330540858388	-0.0024450971802381927	28.30757243113683	28.64391768840329
12	ED	8	chi2	ZZ onsite	-0.6011867783654623	0.39881322163454014	2.2204730553125875	54.26502061257777
12	ED	8	chi4	ZZ onsite	-0.6011867783654623	0.13538127884768503	14.663611542050127	54.26502061257777
12	ED	8	chi8	ZZ onsite	-0.6011867783654623	-0.004001825789562319	54.13667873447055	54.26502061257777
12	ED	8	chi16	ZZ onsite	-0.6011867783654623	0.0005789433915543984	54.26242370469473	54.26502061257777
12	ED	8	chi32	ZZ onsite	-0.6011867783654623	-5.374226048404651e-6	54.26501960742718	54.26502061257777
12	ED	8	exact	ZZ onsite	-0.6011867783654623	8.778736626524619e-10	54.26502061257777	54.26502061257777
12	ED	8	UHF	ZZ onsite	-0.6011867783654623	-0.009780388720756705	53.50931803211941	54.26502061257777
12	ED	8	UHFsym	ZZ onsite	-0.6011867783654623	-0.009780388720756705	53.50931803211941	54.26502061257777
12	ED	8	chi2	ZZ up-up r=1	-0.3669891300651097	-0.04093050754404681	11.596462721656328	13.331422519198489
12	ED	8	chi4	ZZ up-up r=1	-0.3669891300651097	-0.3154821864943278	1.3188597686201124	13.331422519198489
12	ED	8	chi8	ZZ up-up r=1	-0.3669891300651097	-0.0028531853173638932	13.325411806627276	13.331422519198489
12	ED	8	chi16	ZZ up-up r=1	-0.3669891300651097	-0.0008978880463997863	13.331679726851453	13.331422519198489
12	ED	8	chi32	ZZ up-up r=1	-0.3669891300651097	-4.019951572192815e-5	13.331476246393692	13.331422519198489
12	ED	8	exact	ZZ up-up r=1	-0.3669891300651097	-3.1028831726231942e-9	13.331422519198489	13.331422519198489
12	ED	8	UHF	ZZ up-up r=1	-0.3669891300651097	0.41684244324048636	0.7841167170884812	13.331422519198489
12	ED	8	UHFsym	ZZ up-up r=1	-0.3669891300651097	0.022607180153678685	12.70518574616871	13.331422519198489
12	ED	8	chi2	SzSz r=1	-0.07487927860854962	0.006635377021716099	8.154543441359005	10.036065729016526
12	ED	8	chi4	SzSz r=1	-0.07487927860854962	-0.06200254271585415	1.3885642648465955	10.036065729016526
12	ED	8	chi8	SzSz r=1	-0.07487927860854962	-0.0002612529944465425	10.037538330612332	10.036065729016526
12	ED	8	chi16	SzSz r=1	-0.07487927860854962	-0.00019111903087740134	10.037623197643281	10.036065729016526
12	ED	8	chi32	SzSz r=1	-0.07487927860854962	-1.7881116266466046e-5	10.03645041262504	10.036065729016526
12	ED	8	exact	SzSz r=1	-0.07487927860854962	-5.187889562385806e-10	10.036065729016526	10.036065729016526
12	ED	8	UHF	SzSz r=1	-0.07487927860854962	0.09700975765569222	0.6178454270366749	10.036065729016526
12	ED	8	UHFsym	SzSz r=1	-0.07487927860854962	-0.001549058116010013	9.704685728005035	10.036065729016526
12	ED	8	chi2	hop up r=1	0.40479019518100373	0.40479019518100373	1.0	21.211231931871918
12	ED	8	chi4	hop up r=1	0.40479019518100373	0.40479019518100373	1.0	21.211231931871918
12	ED	8	chi8	hop up r=1	0.40479019518100373	0.004276381303944199	21.18779103290529	21.211231931871918
12	ED	8	chi16	hop up r=1	0.40479019518100373	0.00032635807335074096	21.212832303923538	21.211231931871918
12	ED	8	chi32	hop up r=1	0.40479019518100373	4.175040154341669e-5	21.211467899873735	21.211231931871918
12	ED	8	exact	hop up r=1	0.40479019518100373	1.9860680877670234e-9	21.211231931871918	21.211231931871918
12	ED	8	UHF	hop up r=1	0.40479019518100373	-0.034015976718687	18.400687031136297	21.211231931871918
12	ED	8	UHFsym	hop up r=1	0.40479019518100373	-0.03401597671868545	18.40068703113651	21.211231931871918
12	DMRG	8	chi2	n	0.9999999999744202	-2.5582203022622707e-11	1.0000000002328255	1.0000000001768148
12	DMRG	8	chi4	n	0.9999999999744202	-2.2193025195349492e-10	1.0000000001667864	1.0000000001768148
12	DMRG	8	chi8	n	0.9999999999744202	2.611011407083197e-10	1.0000000007677545	1.0000000001768148
12	DMRG	8	chi16	n	0.9999999999744202	-1.2405254601333127e-10	1.0000000001388825	1.0000000001768148
12	DMRG	8	chi32	n	0.9999999999744202	3.8902214782865485e-12	1.000000000171823	1.0000000001768148
12	DMRG	8	exact	n	0.9999999999744202	0.0	1.0000000001768148	1.0000000001768148
12	DMRG	8	UHF	n	0.9999999999744202	-2.557665190749958e-11	0.020062238311594933	1.0000000001768148
12	DMRG	8	UHFsym	n	0.9999999999744202	-2.557665190749958e-11	1.0000000000000038	1.0000000001768148
12	DMRG	8	chi2	Sz	8.631272085946051e-11	-4.9482778985421305e-11	1.0000000002330174	1.0000000001217684
12	DMRG	8	chi4	Sz	8.631272085946051e-11	-1.4002009274260985e-10	1.0000000005905347	1.0000000001217684
12	DMRG	8	chi8	Sz	8.631272085946051e-11	-1.7305672866951838e-10	1.0000000001499025	1.0000000001217684
12	DMRG	8	chi16	Sz	8.631272085946051e-11	-5.941200309500516e-11	1.0000000003514398	1.0000000001217684
12	DMRG	8	chi32	Sz	8.631272085946051e-11	5.465738972532108e-12	1.0000000001083886	1.0000000001217684
12	DMRG	8	exact	Sz	8.631272085946051e-11	0.0	1.0000000001217684	1.0000000001217684
12	DMRG	8	UHF	Sz	8.631272085946051e-11	-0.38451475569189714	0.028961692574870697	1.0000000001217684
12	DMRG	8	UHFsym	Sz	8.631272085946051e-11	8.631271001743879e-11	0.999999999999997	1.0000000001217684
12	DMRG	8	chi2	DoubleOcc	0.09970330517637543	0.09970330517637543	2.2290238477771784	28.64391768840329
12	DMRG	8	chi4	DoubleOcc	0.09970330517637543	0.03384531938148652	12.329876708760098	28.64391768840329
12	DMRG	8	chi8	DoubleOcc	0.09970330517637543	-0.0010004565363091744	28.55507726768432	28.64391768840329
12	DMRG	8	chi16	DoubleOcc	0.09970330517637543	0.00014473556639338359	28.65106177657899	28.64391768840329
12	DMRG	8	chi32	DoubleOcc	0.09970330517637543	-1.3437740364607986e-6	28.64384456681842	28.64391768840329
12	DMRG	8	exact	DoubleOcc	0.09970330517637543	0.0	28.64391768840329	28.64391768840329
12	DMRG	8	UHF	DoubleOcc	0.09970330517637543	-0.0024450974124466673	1.288687274988569	28.64391768840329
12	DMRG	8	UHFsym	DoubleOcc	0.09970330517637543	-0.0024450974124466396	28.30757243113683	28.64391768840329
12	DMRG	8	chi2	ZZ onsite	-0.601186779243336	0.3988132207566665	2.2204730553125875	54.26502061257777
12	DMRG	8	chi4	ZZ onsite	-0.601186779243336	0.13538127796981136	14.663611542050127	54.26502061257777
12	DMRG	8	chi8	ZZ onsite	-0.601186779243336	-0.0040018266674359815	54.13667873447055	54.26502061257777
12	DMRG	8	chi16	ZZ onsite	-0.601186779243336	0.0005789425136807358	54.26242370469473	54.26502061257777
12	DMRG	8	chi32	ZZ onsite	-0.601186779243336	-5.375103922067304e-6	54.26501960742718	54.26502061257777
12	DMRG	8	exact	ZZ onsite	-0.601186779243336	0.0	54.26502061257777	54.26502061257777
12	DMRG	8	UHF	ZZ onsite	-0.601186779243336	-0.009780389598630368	53.50931803211941	54.26502061257777
12	DMRG	8	UHFsym	ZZ onsite	-0.601186779243336	-0.009780389598630368	53.50931803211941	54.26502061257777
12	DMRG	8	chi2	ZZ up-up r=1	-0.3669891269622265	-0.04093050444116364	11.596462721656328	13.331422519198489
12	DMRG	8	chi4	ZZ up-up r=1	-0.3669891269622265	-0.3154821833914446	1.3188597686201124	13.331422519198489
12	DMRG	8	chi8	ZZ up-up r=1	-0.3669891269622265	-0.0028531822144807206	13.325411806627276	13.331422519198489
12	DMRG	8	chi16	ZZ up-up r=1	-0.3669891269622265	-0.0008978849435166136	13.331679726851453	13.331422519198489
12	DMRG	8	chi32	ZZ up-up r=1	-0.3669891269622265	-4.0196412838755524e-5	13.331476246393692	13.331422519198489
12	DMRG	8	exact	ZZ up-up r=1	-0.3669891269622265	0.0	13.331422519198489	13.331422519198489
12	DMRG	8	UHF	ZZ up-up r=1	-0.3669891269622265	0.41684244634336953	0.7841167170884812	13.331422519198489
12	DMRG	8	UHFsym	ZZ up-up r=1	-0.3669891269622265	0.022607183256561858	12.70518574616871	13.331422519198489
12	DMRG	8	chi2	SzSz r=1	-0.07487927808976066	0.006635377540505055	8.154543441359005	10.036065729016526
12	DMRG	8	chi4	SzSz r=1	-0.07487927808976066	-0.06200254219706519	1.3885642648465955	10.036065729016526
12	DMRG	8	chi8	SzSz r=1	-0.07487927808976066	-0.00026125247565758625	10.037538330612332	10.036065729016526
12	DMRG	8	chi16	SzSz r=1	-0.07487927808976066	-0.0001911185120884451	10.037623197643281	10.036065729016526
12	DMRG	8	chi32	SzSz r=1	-0.07487927808976066	-1.7880597477509808e-5	10.03645041262504	10.036065729016526
12	DMRG	8	exact	SzSz r=1	-0.07487927808976066	0.0	10.036065729016526	10.036065729016526
12	DMRG	8	UHF	SzSz r=1	-0.07487927808976066	0.09700975817448118	0.6178454270366749	10.036065729016526
12	DMRG	8	UHFsym	SzSz r=1	-0.07487927808976066	-0.0015490575972210568	9.704685728005035	10.036065729016526
12	DMRG	8	chi2	hop up r=1	0.40479019319493564	0.40479019319493564	1.0	21.211231931871918
12	DMRG	8	chi4	hop up r=1	0.40479019319493564	0.40479019319493564	1.0	21.211231931871918
12	DMRG	8	chi8	hop up r=1	0.40479019319493564	0.004276379317876111	21.18779103290529	21.211231931871918
12	DMRG	8	chi16	hop up r=1	0.40479019319493564	0.0003263560872826532	21.212832303923538	21.211231931871918
12	DMRG	8	chi32	hop up r=1	0.40479019319493564	4.1748415475328926e-5	21.211467899873735	21.211231931871918
12	DMRG	8	exact	hop up r=1	0.40479019319493564	0.0	21.211231931871918	21.211231931871918
12	DMRG	8	UHF	hop up r=1	0.40479019319493564	-0.03401597870475509	18.400687031136297	21.211231931871918
12	DMRG	8	UHFsym	hop up r=1	0.40479019319493564	-0.034015978704753536	18.40068703113651	21.211231931871918
12	ED	9	chi2	n	1.0000000000000968	9.43689570931383e-14	0.9999999733420475	0.9999999999275724
12	ED	9	chi4	n	1.0000000000000968	3.401379178313846e-11	0.9999999998571146	0.9999999999275724
12	ED	9	chi8	n	1.0000000000000968	-1.080218137161637e-10	0.9999999998912343	0.9999999999275724
12	ED	9	chi16	n	1.0000000000000968	-3.019340333310083e-11	0.9999999999438589	0.9999999999275724
12	ED	9	chi32	n	1.0000000000000968	-3.114175584073564e-12	0.9999999999319565	0.9999999999275724
12	ED	9	exact	n	1.0000000000000968	-3.86513043793002e-12	0.9999999999275724	0.9999999999275724
12	ED	9	UHF	n	1.0000000000000968	9.681144774731365e-14	0.019895450259126413	0.9999999999275724
12	ED	9	UHFsym	n	1.0000000000000968	9.681144774731365e-14	1.000000000000001	0.9999999999275724
12	ED	9	chi2	Sz	-8.180539579072388e-12	2.884062547114929e-8	0.9999999630351565	0.9999999998997215
12	ED	9	chi4	Sz	-8.180539579072388e-12	1.3982863478201324e-10	0.9999999998005479	0.9999999998997215
12	ED	9	chi8	Sz	-8.180539579072388e-12	1.306373134668526e-10	0.9999999998533861	0.9999999998997215
12	ED	9	chi16	Sz	-8.180539579072388e-12	5.849039308447601e-11	0.9999999999233291	0.9999999998997215
12	ED	9	chi32	Sz	-8.180539579072388e-12	6.608376346139977e-11	0.999999999905772	0.9999999998997215
12	ED	9	exact	Sz	-8.180539579072388e-12	7.097462201288707e-11	0.9999999998997215	0.9999999998997215
12	ED	9	UHF	Sz	-8.180539579072388e-12	0.38443304704853065	0.026884277072962336	0.9999999998997215
12	ED	9	UHFsym	Sz	-8.180539579072388e-12	-8.180523532880235e-12	1.0	0.9999999998997215
12	ED	9	chi2	DoubleOcc	0.10063862739477225	0.10063862739477225	2.1155932977218237	28.931538063704295
12	ED	9	chi4	DoubleOcc	0.10063862739477225	0.03408700072141038	11.792329384412858	28.931538063704295
12	ED	9	chi8	DoubleOcc	0.10063862739477225	0.0001042152727205592	28.93124229402531	28.931538063704295
12	ED	9	chi16	DoubleOcc	0.10063862739477225	0.00012867284724543682	28.93105891264683	28.931538063704295
12	ED	9	chi32	DoubleOcc	0.10063862739477225	-2.496618237313175e-6	28.931535500331695	28.931538063704295
12	ED	9	exact	DoubleOcc	0.10063862739477225	1.7428911092132182e-10	28.931538063704295	28.931538063704295
12	ED	9	UHF	DoubleOcc	0.10063862739477225	-0.0015726049359202354	1.2264049728568855	28.931538063704295
12	ED	9	UHFsym	DoubleOcc	0.10063862739477225	-0.0015726049359200411	28.840782993758946	28.931538063704295
12	ED	9	chi2	ZZ onsite	-0.597445490421104	0.4025545095788985	2.1731182880487063	48.50252237956938
12	ED	9	chi4	ZZ onsite	-0.597445490421104	0.13634800281761672	14.211970521522893	48.50252237956938
12	ED	9	chi8	ZZ onsite	-0.597445490421104	0.0004168613069271965	48.50880874897574	48.50252237956938
12	ED	9	chi16	ZZ onsite	-0.597445490421104	0.0005146914493669996	48.50996066987237	48.50252237956938
12	ED	9	chi32	ZZ onsite	-0.597445490421104	-9.986466719125175e-6	48.502344400292884	48.50252237956938
12	ED	9	exact	ZZ onsite	-0.597445490421104	7.048855943381227e-10	48.50252237956938	48.50252237956938
12	ED	9	UHF	ZZ onsite	-0.597445490421104	-0.0062904197438738985	48.13932812267316	48.50252237956938
12	ED	9	UHFsym	ZZ onsite	-0.597445490421104	-0.006290419743873121	48.13932812267324	48.50252237956938
12	ED	9	chi2	ZZ up-up r=1	-0.6846724541636227	0.3153275458363798	4.674515390522355	95.32372777097294
12	ED	9	chi4	ZZ up-up r=1	-0.6846724541636227	0.14203862756943764	19.733434776337596	95.32372777097294
12	ED	9	chi8	ZZ up-up r=1	-0.6846724541636227	-0.009088875633805893	92.67411599288597	95.32372777097294
12	ED	9	chi16	ZZ up-up r=1	-0.6846724541636227	-0.003480209493946562	94.65563744550028	95.32372777097294
12	ED	9	chi32	ZZ up-up r=1	-0.6846724541636227	1.5802817962873306e-5	95.3257334052795	95.32372777097294
12	ED	9	exact	ZZ up-up r=1	-0.6846724541636227	5.781466416721059e-10	95.32372777097294	95.32372777097294
12	ED	9	UHF	ZZ up-up r=1	-0.6846724541636227	0.10121936238819174	32.79743653872997	95.32372777097294
12	ED	9	UHFsym	ZZ up-up r=1	-0.6846724541636227	-0.2940826284261348	5.117861871591879	95.32372777097294
12	ED	9	chi2	SzSz r=1	-0.14397207495466124	0.10602792504533937	1.698498009600169	57.683133541533785
12	ED	9	chi4	SzSz r=1	-0.14397207495466124	0.038214261024115875	10.757366284560383	57.683133541533785
12	ED	9	chi8	SzSz r=1	-0.14397207495466124	-0.0023303912227784496	56.520261119459875	57.683133541533785
12	ED	9	chi16	SzSz r=1	-0.14397207495466124	-0.0006049235802000064	57.77533551702443	57.683133541533785
12	ED	9	chi32	SzSz r=1	-0.14397207495466124	2.6642469962978588e-6	57.681514449530766	57.683133541533785
12	ED	9	exact	SzSz r=1	-0.14397207495466124	3.093734712855678e-10	57.683133541533785	57.683133541533785
12	ED	9	UHF	SzSz r=1	-0.14397207495466124	0.02837447875178692	16.900452060442582	57.683133541533785
12	ED	9	UHFsym	SzSz r=1	-0.14397207495466124	-0.07045101895179445	4.014928442945681	57.683133541533785
12	ED	9	chi2	hop up r=1	0.5796366661805598	0.5796366661805598	1.0	38.87191455241235
12	ED	9	chi4	hop up r=1	0.5796366661805598	-0.06391213115266503	24.841538358361312	38.87191455241235
12	ED	9	chi8	hop up r=1	0.5796366661805598	0.00558704215824779	39.05228797214205	38.87191455241235
12	ED	9	chi16	hop up r=1	0.5796366661805598	0.0012158351389908173	38.93489884487761	38.87191455241235
12	ED	9	chi32	hop up r=1	0.5796366661805598	2.178385431261809e-6	38.872039075496566	38.87191455241235
12	ED	9	exact	hop up r=1	0.5796366661805598	-2.1973434183308882e-10	38.87191455241235	38.87191455241235
12	ED	9	UHF	hop up r=1	0.5796366661805598	0.14030626266625468	12.692381331136806	38.87191455241235
12	ED	9	UHFsym	hop up r=1	0.5796366661805598	0.1403062626662554	12.692381331136708	38.87191455241235
12	DMRG	9	chi2	n	1.000000000003962	3.959499395023158e-12	0.9999999733420475	0.9999999999275724
12	DMRG	9	chi4	n	1.000000000003962	3.787892222106848e-11	0.9999999998571146	0.9999999999275724
12	DMRG	9	chi8	n	1.000000000003962	-1.0415668327823369e-10	0.9999999998912343	0.9999999999275724
12	DMRG	9	chi16	n	1.000000000003962	-2.6328272895170812e-11	0.9999999999438589	0.9999999999275724
12	DMRG	9	chi32	n	1.000000000003962	7.509548538564559e-13	0.9999999999319565	0.9999999999275724
12	DMRG	9	exact	n	1.000000000003962	0.0	0.9999999999275724	0.9999999999275724
12	DMRG	9	UHF	n	1.000000000003962	3.961941885677334e-12	0.019895450259126413	0.9999999999275724
12	DMRG	9	UHFsym	n	1.000000000003962	3.961941885677334e-12	1.000000000000001	0.9999999999275724
12	DMRG	9	chi2	Sz	-7.915516159195946e-11	2.8769650849136404e-8	0.9999999630351565	0.9999999998997215
12	DMRG	9	chi4	Sz	-7.915516159195946e-11	6.885401276912617e-11	0.9999999998005479	0.9999999998997215
12	DMRG	9	chi8	Sz	-7.915516159195946e-11	5.966269145396552e-11	0.9999999998533861	0.9999999998997215
12	DMRG	9	chi16	Sz	-7.915516159195946e-11	-1.2484228928411056e-11	0.9999999999233291	0.9999999998997215
12	DMRG	9	chi32	Sz	-7.915516159195946e-11	-4.890858551487298e-12	0.999999999905772	0.9999999998997215
12	DMRG	9	exact	Sz	-7.915516159195946e-11	0.0	0.9999999998997215	0.9999999998997215
12	DMRG	9	UHF	Sz	-7.915516159195946e-11	0.38443304697755604	0.026884277072962336	0.9999999998997215
12	DMRG	9	UHFsym	Sz	-7.915516159195946e-11	-7.91551455457673e-11	1.0	0.9999999998997215
12	DMRG	9	chi2	DoubleOcc	0.10063862722048314	0.10063862722048314	2.1155932977218237	28.931538063704295
12	DMRG	9	chi4	DoubleOcc	0.10063862722048314	0.03408700054712127	11.792329384412858	28.931538063704295
12	DMRG	9	chi8	DoubleOcc	0.10063862722048314	0.00010421509843144827	28.93124229402531	28.931538063704295
12	DMRG	9	chi16	DoubleOcc	0.10063862722048314	0.0001286726729563259	28.93105891264683	28.931538063704295
12	DMRG	9	chi32	DoubleOcc	0.10063862722048314	-2.4967925264240964e-6	28.931535500331695	28.931538063704295
12	DMRG	9	exact	DoubleOcc	0.10063862722048314	0.0	28.931538063704295	28.931538063704295
12	DMRG	9	UHF	DoubleOcc	0.10063862722048314	-0.0015726051102093463	1.2264049728568855	28.931538063704295
12	DMRG	9	UHFsym	DoubleOcc	0.10063862722048314	-0.001572605110209152	28.840782993758946	28.931538063704295
12	DMRG	9	chi2	ZZ onsite	-0.5974454911259895	0.4025545088740129	2.1731182880487063	48.50252237956938
12	DMRG	9	chi4	ZZ onsite	-0.5974454911259895	0.13634800211273113	14.211970521522893	48.50252237956938
12	DMRG	9	chi8	ZZ onsite	-0.5974454911259895	0.00041686060204160214	48.50880874897574	48.50252237956938
12	DMRG	9	chi16	ZZ onsite	-0.5974454911259895	0.0005146907444814053	48.50996066987237	48.50252237956938
12	DMRG	9	chi32	ZZ onsite	-0.5974454911259895	-9.987171604719514e-6	48.502344400292884	48.50252237956938
12	DMRG	9	exact	ZZ onsite	-0.5974454911259895	0.0	48.50252237956938	48.50252237956938
12	DMRG	9	UHF	ZZ onsite	-0.5974454911259895	-0.006290420448759493	48.13932812267316	48.50252237956938
12	DMRG	9	UHFsym	ZZ onsite	-0.5974454911259895	-0.006290420448758716	48.13932812267324	48.50252237956938
12	DMRG	9	chi2	ZZ up-up r=1	-0.6846724547417693	0.31532754525823314	4.674515390522355	95.32372777097294
12	DMRG	9	chi4	ZZ up-up r=1	-0.6846724547417693	0.142038626991291	19.733434776337596	95.32372777097294
12	DMRG	9	chi8	ZZ up-up r=1	-0.6846724547417693	-0.009088876211952535	92.67411599288597	95.32372777097294
12	DMRG	9	chi16	ZZ up-up r=1	-0.6846724547417693	-0.003480210072093204	94.65563744550028	95.32372777097294
12	DMRG	9	chi32	ZZ up-up r=1	-0.6846724547417693	1.5802239816231634e-5	95.3257334052795	95.32372777097294
12	DMRG	9	exact	ZZ up-up r=1	-0.6846724547417693	0.0	95.32372777097294	95.32372777097294
12	DMRG	9	UHF	ZZ up-up r=1	-0.6846724547417693	0.1012193618100451	32.79743653872997	95.32372777097294
12	DMRG	9	UHFsym	ZZ up-up r=1	-0.6846724547417693	-0.29408262900428145	5.117861871591879	95.32372777097294
12	DMRG	9	chi2	SzSz r=1	-0.14397207526403472	0.1060279247359659	1.698498009600169	57.683133541533785
12	DMRG	9	chi4	SzSz r=1	-0.14397207526403472	0.038214260714742404	10.757366284560383	57.683133541533785
12	DMRG	9	chi8	SzSz r=1	-0.14397207526403472	-0.002330391532151921	56.520261119459875	57.683133541533785
12	DMRG	9	chi16	SzSz r=1	-0.14397207526403472	-0.0006049238895734776	57.77533551702443	57.683133541533785
12	DMRG	9	chi32	SzSz r=1	-0.14397207526403472	2.663937622826573e-6	57.681514449530766	57.683133541533785
12	DMRG	9	exact	SzSz r=1	-0.14397207526403472	0.0	57.683133541533785	57.683133541533785
12	DMRG	9	UHF	SzSz r=1	-0.14397207526403472	0.028374478442413448	16.900452060442582	57.683133541533785
12	DMRG	9	UHFsym	SzSz r=1	-0.14397207526403472	-0.07045101926116792	4.014928442945681	57.683133541533785
12	DMRG	9	chi2	hop up r=1	0.5796366664002941	0.5796366664002941	1.0	38.87191455241235
12	DMRG	9	chi4	hop up r=1	0.5796366664002941	-0.06391213093293069	24.841538358361312	38.87191455241235
12	DMRG	9	chi8	hop up r=1	0.5796366664002941	0.005587042377982132	39.05228797214205	38.87191455241235
12	DMRG	9	chi16	hop up r=1	0.5796366664002941	0.0012158353587251591	38.93489884487761	38.87191455241235
12	DMRG	9	chi32	hop up r=1	0.5796366664002941	2.178605165603642e-6	38.872039075496566	38.87191455241235
12	DMRG	9	exact	hop up r=1	0.5796366664002941	0.0	38.87191455241235	38.87191455241235
12	DMRG	9	UHF	hop up r=1	0.5796366664002941	0.14030626288598902	12.692381331136806	38.87191455241235
12	DMRG	9	UHFsym	hop up r=1	0.5796366664002941	0.14030626288598974	12.692381331136708	38.87191455241235
12	ED	10	chi2	n	1.0000000000000577	5.5289106626332796e-14	1.0000000406501723	1.0000000002139064
12	ED	10	chi4	n	1.0000000000000577	-1.1620437945225603e-10	1.0000000003106821	1.0000000002139064
12	ED	10	chi8	n	1.0000000000000577	-1.9519941218959502e-12	1.000000000115073	1.0000000002139064
12	ED	10	chi16	n	1.0000000000000577	-2.365063700437986e-11	1.0000000001708091	1.0000000002139064
12	ED	10	chi32	n	1.0000000000000577	-1.5055512392336823e-11	1.0000000001928804	1.0000000002139064
12	ED	10	exact	n	1.0000000000000577	-2.336153492876747e-11	1.0000000002139064	1.0000000002139064
12	ED	10	UHF	n	1.0000000000000577	5.706546346573305e-14	0.020407629046868526	1.0000000002139064
12	ED	10	UHFsym	n	1.0000000000000577	5.706546346573305e-14	0.9999999999999993	1.0000000002139064
12	ED	10	chi2	Sz	9.696649733159646e-12	-2.8839109485895298e-8	0.9999999808951597	0.9999999999138277
12	ED	10	chi4	Sz	9.696649733159646e-12	-1.8455328584798814e-10	0.9999999999252784	0.9999999999138277
12	ED	10	chi8	Sz	9.696649733159646e-12	-7.151527633975086e-11	0.9999999999471508	0.9999999999138277
12	ED	10	chi16	Sz	9.696649733159646e-12	-1.0617392035006112e-10	0.99999999993426	0.9999999999138277
12	ED	10	chi32	Sz	9.696649733159646e-12	-1.237768811057638e-10	0.9999999999186182	0.9999999999138277
12	ED	10	exact	Sz	9.696649733159646e-12	-1.3682527680303203e-10	0.9999999999138277	0.9999999999138277
12	ED	10	UHF	Sz	9.696649733159646e-12	-0.3855551816005817	0.030652832514186025	0.9999999999138277
12	ED	10	UHFsym	Sz	9.696649733159646e-12	9.69666100886224e-12	1.0000000000000002	0.9999999999138277
12	ED	10	chi2	DoubleOcc	0.09745959251554312	0.09745959251554312	2.330389690702668	32.83102392149197
12	ED	10	chi4	DoubleOcc	0.09745959251554312	0.010969962480564394	28.022686710819205	32.83102392149197
12	ED	10	chi8	DoubleOcc	0.09745959251554312	-0.001307114144220578	32.779567492008816	32.83102392149197
12	ED	10	chi16	DoubleOcc	0.09745959251554312	8.185373019442554e-5	32.82913070920286	32.83102392149197
12	ED	10	chi32	DoubleOcc	0.09745959251554312	2.3166218098558122e-6	32.83097863547797	32.83102392149197
12	ED	10	exact	DoubleOcc	0.09745959251554312	-8.563511011416836e-12	32.83102392149197	32.83102392149197
12	ED	10	UHF	DoubleOcc	0.09745959251554312	-0.0038876094179224885	1.2384449213254998	32.83102392149197
12	ED	10	UHFsym	DoubleOcc	0.09745959251554312	-0.003887609417922544	32.2368566469128	32.83102392149197
12	ED	10	chi2	ZZ onsite	-0.6101616299379403	0.3898383700620621	2.3252486867508733	54.63216924591566
12	ED	10	chi4	ZZ onsite	-0.6101616299379403	0.043879850154670996	41.33450499240028	54.63216924591566
12	ED	10	chi8	ZZ onsite	-0.6101616299379403	-0.005228456572975437	54.6840055641735	54.63216924591566
12	ED	10	chi16	ZZ onsite	-0.6101616299379403	0.00032741496807875414	54.61446203266032	54.63216924591566
12	ED	10	chi32	ZZ onsite	-0.6101616299379403	9.266517353334613e-6	54.63169138873592	54.63216924591566
12	ED	10	exact	ZZ onsite	-0.6101616299379403	1.246924785647252e-11	54.63216924591566	54.63216924591566
12	ED	10	UHF	ZZ onsite	-0.6101616299379403	-0.01555043767180142	53.532006697873285	54.63216924591566
12	ED	10	UHFsym	ZZ onsite	-0.6101616299379403	-0.015550437671801642	53.53200669787325	54.63216924591566
12	ED	10	chi2	ZZ up-up r=1	-0.3216286104155357	-0.027482889853684078	9.706848265539422	10.144251976327073
12	ED	10	chi4	ZZ up-up r=1	-0.3216286104155357	-0.281752603842481	1.2700622643687483	10.144251976327073
12	ED	10	chi8	ZZ up-up r=1	-0.3216286104155357	-0.0027865657317187043	10.16151845554146	10.144251976327073
12	ED	10	chi16	ZZ up-up r=1	-0.3216286104155357	-4.733042699789358e-5	10.144664561944142	10.144251976327073
12	ED	10	chi32	ZZ up-up r=1	-0.3216286104155357	2.0504778823760006e-6	10.14423401066244	10.144251976327073
12	ED	10	exact	ZZ up-up r=1	-0.3216286104155357	1.553441819623913e-10	10.144251976327073	10.144251976327073
12	ED	10	UHF	ZZ up-up r=1	-0.3216286104155357	0.45533796889881517	0.5002696997020205	10.144251976327073
12	ED	10	UHFsym	ZZ up-up r=1	-0.3216286104155357	0.06336682213685124	7.141572355014298	10.144251976327073
12	ED	10	chi2	SzSz r=1	-0.06514736230898281	0.008389067831480093	5.092664690370941	6.352806881811942
12	ED	10	chi4	SzSz r=1	-0.06514736230898281	-0.06514736230898281	1.0065664349212051	6.352806881811942
12	ED	10	chi8	SzSz r=1	-0.06514736230898281	-0.0004344676062791597	6.344241450319117	6.352806881811942
12	ED	10	chi16	SzSz r=1	-0.06514736230898281	8.92935407165174e-6	6.353604709562176	6.352806881811942
12	ED	10	chi32	SzSz r=1	-0.06514736230898281	3.337659017221828e-7	6.352786114425744	6.352806881811942
12	ED	10	exact	SzSz r=1	-0.06514736230898281	-2.966233508816529e-10	6.352806881811942	6.352806881811942
12	ED	10	UHF	SzSz r=1	-0.06514736230898281	0.10545907971063008	0.3766853619438307	6.352806881811942
12	ED	10	UHFsym	SzSz r=1	-0.06514736230898281	0.007466293020138862	5.444927733584358	6.352806881811942
12	ED	10	chi2	hop up r=1	0.3748447388327001	0.3748447388327001	1.0	17.275805912484905
12	ED	10	chi4	hop up r=1	0.3748447388327001	0.11802462877066078	6.385216411620196	17.275805912484905
12	ED	10	chi8	hop up r=1	0.3748447388327001	0.0037404790664433696	17.17557874194938	17.275805912484905
12	ED	10	chi16	hop up r=1	0.3748447388327001	6.468285418875785e-5	17.274526027330094	17.275805912484905
12	ED	10	chi32	hop up r=1	0.3748447388327001	7.85297711969335e-7	17.27579047761297	17.275805912484905
12	ED	10	exact	hop up r=1	0.3748447388327001	3.725300623536043e-10	17.275805912484905	17.275805912484905
12	ED	10	UHF	hop up r=1	0.3748447388327001	-0.05999042818096234	12.914879793184687	17.275805912484905
12	ED	10	UHFsym	hop up r=1	0.3748447388327001	-0.05999042818096306	12.9148797931846	17.275805912484905
12	DMRG	10	chi2	n	1.0000000000234193	2.3416824035393802e-11	1.0000000406501723	1.0000000002139064
12	DMRG	10	chi4	n	1.0000000000234193	-9.284284452348857e-11	1.0000000003106821	1.0000000002139064
12	DMRG	10	chi8	n	1.0000000000234193	2.140954080687152e-11	1.000000000115073	1.0000000002139064
12	DMRG	10	chi16	n	1.0000000000234193	-2.8910207561239076e-13	1.0000000001708091	1.0000000002139064
12	DMRG	10	chi32	n	1.0000000000234193	8.306022536430646e-12	1.0000000001928804	1.0000000002139064
12	DMRG	10	exact	n	1.0000000000234193	0.0	1.0000000002139064	1.0000000002139064
12	DMRG	10	UHF	n	1.0000000000234193	2.3418600392233202e-11	0.020407629046868526	1.0000000002139064
12	DMRG	10	UHFsym	n	1.0000000000234193	2.3418600392233202e-11	0.9999999999999993	1.0000000002139064
12	DMRG	10	chi2	Sz	1.4652192653619167e-10	-2.8702284209092266e-8	0.9999999808951597	0.9999999999138277
12	DMRG	10	chi4	Sz	1.4652192653619167e-10	-4.772800904495611e-11	0.9999999999252784	0.9999999999138277
12	DMRG	10	chi8	Sz	1.4652192653619167e-10	6.531000046328117e-11	0.9999999999471508	0.9999999999138277
12	DMRG	10	chi16	Sz	1.4652192653619167e-10	3.06513564529709e-11	0.99999999993426	0.9999999999138277
12	DMRG	10	chi32	Sz	1.4652192653619167e-10	1.3048395697268234e-11	0.9999999999186182	0.9999999999138277
12	DMRG	10	exact	Sz	1.4652192653619167e-10	0.0	0.9999999999138277	0.9999999999138277
12	DMRG	10	UHF	Sz	1.4652192653619167e-10	-0.38555518146375645	0.030652832514186025	0.9999999999138277
12	DMRG	10	UHFsym	Sz	1.4652192653619167e-10	1.4652193781189427e-10	1.0000000000000002	0.9999999999138277
12	DMRG	10	chi2	DoubleOcc	0.09745959252410663	0.09745959252410663	2.330389690702668	32.83102392149197
12	DMRG	10	chi4	DoubleOcc	0.09745959252410663	0.010969962489127905	28.022686710819205	32.83102392149197
12	DMRG	10	chi8	DoubleOcc	0.09745959252410663	-0.001307114135657067	32.779567492008816	32.83102392149197
12	DMRG	10	chi16	DoubleOcc	0.09745959252410663	8.185373875793656e-5	32.82913070920286	32.83102392149197
12	DMRG	10	chi32	DoubleOcc	0.09745959252410663	2.3166303733668236e-6	32.83097863547797	32.83102392149197
12	DMRG	10	exact	DoubleOcc	0.09745959252410663	0.0	32.83102392149197	32.83102392149197
12	DMRG	10	UHF	DoubleOcc	0.09745959252410663	-0.0038876094093589775	1.2384449213254998	32.83102392149197
12	DMRG	10	UHFsym	DoubleOcc	0.09745959252410663	-0.003887609409359033	32.2368566469128	32.83102392149197
12	DMRG	10	chi2	ZZ onsite	-0.6101616299504096	0.3898383700495929	2.3252486867508733	54.63216924591566
12	DMRG	10	chi4	ZZ onsite	-0.6101616299504096	0.04387985014220175	41.33450499240028	54.63216924591566
12	DMRG	10	chi8	ZZ onsite	-0.6101616299504096	-0.005228456585444685	54.6840055641735	54.63216924591566
12	DMRG	10	chi16	ZZ onsite	-0.6101616299504096	0.0003274149556095063	54.61446203266032	54.63216924591566
12	DMRG	10	chi32	ZZ onsite	-0.6101616299504096	9.266504884086757e-6	54.63169138873592	54.63216924591566
12	DMRG	10	exact	ZZ onsite	-0.6101616299504096	0.0	54.63216924591566	54.63216924591566
12	DMRG	10	UHF	ZZ onsite	-0.6101616299504096	-0.015550437684270668	53.532006697873285	54.63216924591566
12	DMRG	10	UHFsym	ZZ onsite	-0.6101616299504096	-0.01555043768427089	53.53200669787325	54.63216924591566
12	DMRG	10	chi2	ZZ up-up r=1	-0.3216286105708799	-0.02748289000902826	9.706848265539422	10.144251976327073
12	DMRG	10	chi4	ZZ up-up r=1	-0.3216286105708799	-0.2817526039978252	1.2700622643687483	10.144251976327073
12	DMRG	10	chi8	ZZ up-up r=1	-0.3216286105708799	-0.002786565887062886	10.16151845554146	10.144251976327073
12	DMRG	10	chi16	ZZ up-up r=1	-0.3216286105708799	-4.7330582342075544e-5	10.144664561944142	10.144251976327073
12	DMRG	10	chi32	ZZ up-up r=1	-0.3216286105708799	2.050322538194038e-6	10.14423401066244	10.144251976327073
12	DMRG	10	exact	ZZ up-up r=1	-0.3216286105708799	0.0	10.144251976327073	10.144251976327073
12	DMRG	10	UHF	ZZ up-up r=1	-0.3216286105708799	0.455337968743471	0.5002696997020205	10.144251976327073
12	DMRG	10	UHFsym	ZZ up-up r=1	-0.3216286105708799	0.06336682198150706	7.141572355014298	10.144251976327073
12	DMRG	10	chi2	SzSz r=1	-0.06514736201235946	0.008389068128103444	5.092664690370941	6.352806881811942
12	DMRG	10	chi4	SzSz r=1	-0.06514736201235946	-0.06514736201235946	1.0065664349212051	6.352806881811942
12	DMRG	10	chi8	SzSz r=1	-0.06514736201235946	-0.0004344673096558088	6.344241450319117	6.352806881811942
12	DMRG	10	chi16	SzSz r=1	-0.06514736201235946	8.929650695002622e-6	6.353604709562176	6.352806881811942
12	DMRG	10	chi32	SzSz r=1	-0.06514736201235946	3.3406252507306444e-7	6.352786114425744	6.352806881811942
12	DMRG	10	exact	SzSz r=1	-0.06514736201235946	0.0	6.352806881811942	6.352806881811942
12	DMRG	10	UHF	SzSz r=1	-0.06514736201235946	0.10545908000725343	0.3766853619438307	6.352806881811942
12	DMRG	10	UHFsym	SzSz r=1	-0.06514736201235946	0.0074662933167622125	5.444927733584358	6.352806881811942
12	DMRG	10	chi2	hop up r=1	0.37484473846017	0.37484473846017	1.0	17.275805912484905
12	DMRG	10	chi4	hop up r=1	0.37484473846017	0.11802462839813072	6.385216411620196	17.275805912484905
12	DMRG	10	chi8	hop up r=1	0.37484473846017	0.0037404786939133072	17.17557874194938	17.275805912484905
12	DMRG	10	chi16	hop up r=1	0.37484473846017	6.46824816586955e-5	17.274526027330094	17.275805912484905
12	DMRG	10	chi32	hop up r=1	0.37484473846017	7.849251819069814e-7	17.27579047761297	17.275805912484905
12	DMRG	10	exact	hop up r=1	0.37484473846017	0.0	17.275805912484905	17.275805912484905
12	DMRG	10	UHF	hop up r=1	0.37484473846017	-0.0599904285534924	12.914879793184687	17.275805912484905
12	DMRG	10	UHFsym	hop up r=1	0.37484473846017	-0.059990428553493125	12.9148797931846	17.275805912484905
12	ED	11	chi2	n	1.0000000000000175	1.3766765505351941e-14	0.9999999961476749	0.9999999999100725
12	ED	11	chi4	n	1.0000000000000175	5.578681960827225e-10	0.9999999997543051	0.9999999999100725
12	ED	11	chi8	n	1.0000000000000175	2.6763480320823874e-10	0.9999999999026266	0.9999999999100725
12	ED	11	chi16	n	1.0000000000000175	2.9989921657147534e-10	0.9999999999023678	0.9999999999100725
12	ED	11	chi32	n	1.0000000000000175	2.9145585944689856e-10	0.9999999999127482	0.9999999999100725
12	ED	11	exact	n	1.0000000000000175	3.0191948940938573e-10	0.9999999999100725	0.9999999999100725
12	ED	11	UHF	n	1.0000000000000175	1.6431300764452317e-14	0.0167186749168209	0.9999999999100725
12	ED	11	UHFsym	n	1.0000000000000175	1.6653345369377348e-14	1.0000000000000004	0.9999999999100725
12	ED	11	chi2	Sz	-1.3287544675666396e-11	8.631990698615422e-9	0.9999999954274674	1.0000000000605247
12	ED	11	chi4	Sz	-1.3287544675666396e-11	1.922314391000768e-11	1.0000000000174385	1.0000000000605247
12	ED	11	chi8	Sz	-1.3287544675666396e-11	-4.3684125761167536e-11	1.0000000000326914	1.0000000000605247
12	ED	11	chi16	Sz	-1.3287544675666396e-11	-7.31155413991047e-11	1.0000000000502611	1.0000000000605247
12	ED	11	chi32	Sz	-1.3287544675666396e-11	-8.855560035270216e-11	1.0000000000579032	1.0000000000605247
12	ED	11	exact	Sz	-1.3287544675666396e-11	-9.228387498616542e-11	1.0000000000605247	1.0000000000605247
12	ED	11	UHF	Sz	-1.3287544675666396e-11	0.3811937855216642	0.029736189122277438	1.0000000000605247
12	ED	11	UHFsym	Sz	-1.3287544675666396e-11	-1.3287553782964645e-11	1.0	1.0000000000605247
12	ED	11	chi2	DoubleOcc	0.09919851043378555	0.09919851043378555	2.0867825444370376	27.34211379912535
12	ED	11	chi4	DoubleOcc	0.09919851043378555	0.012868234373356546	21.845758785977132	27.34211379912535
12	ED	11	chi8	DoubleOcc	0.09919851043378555	0.0005705992683293915	27.264982549503834	27.34211379912535
12	ED	11	chi16	DoubleOcc	0.09919851043378555	3.148825331511507e-5	27.33839656313086	27.34211379912535
12	ED	11	chi32	DoubleOcc	0.09919851043378555	1.2471959185411663e-6	27.34196769628088	27.34211379912535
12	ED	11	exact	DoubleOcc	0.09919851043378555	-6.549958908586007e-10	27.34211379912535	27.34211379912535
12	ED	11	UHF	DoubleOcc	0.09919851043378555	-0.005492787435748159	1.0510242141208683	27.34211379912535
12	ED	11	UHFsym	DoubleOcc	0.09919851043378555	-0.0054927874357481865	27.010114462332023	27.34211379912535
12	ED	11	chi2	ZZ onsite	-0.6032059582648904	0.39679404173511335	2.117616496721675	48.57021577458344
12	ED	11	chi4	ZZ onsite	-0.6032059582648904	0.05147293637769368	33.239667504886484	48.57021577458344
12	ED	11	chi8	ZZ onsite	-0.6032059582648904	0.002282396538049958	48.3098233491234	48.57021577458344
12	ED	11	chi16	ZZ onsite	-0.6032059582648904	0.00012595241346124997	48.55754142869462	48.57021577458344
12	ED	11	chi32	ZZ onsite	-0.6032059582648904	4.98820076477724e-6	48.56971731808221	48.57021577458344
12	ED	11	exact	ZZ onsite	-0.6032059582648904	-3.223821987141662e-9	48.57021577458344	48.57021577458344
12	ED	11	UHF	ZZ onsite	-0.6032059582648904	-0.021971149743023055	47.63667624621385	48.57021577458344
12	ED	11	UHFsym	ZZ onsite	-0.6032059582648904	-0.021971149743023166	47.63667624621384	48.57021577458344
12	ED	11	chi2	ZZ up-up r=1	-0.8287574495111273	0.1712425504888765	19.6289805538811	177.86524931109858
12	ED	11	chi4	ZZ up-up r=1	-0.8287574495111273	0.0914905373427618	52.21609140724826	177.86524931109858
12	ED	11	chi8	ZZ up-up r=1	-0.8287574495111273	0.00561075200829575	174.02698913233638	177.86524931109858
12	ED	11	chi16	ZZ up-up r=1	-0.8287574495111273	0.00044042229600893545	177.66304927299504	177.86524931109858
12	ED	11	chi32	ZZ up-up r=1	-0.8287574495111273	1.771857381605013e-5	177.85745373579192	177.86524931109858
12	ED	11	exact	ZZ up-up r=1	-0.8287574495111273	2.4123840702827692e-9	177.86524931109858	177.86524931109858
12	ED	11	UHF	ZZ up-up r=1	-0.8287574495111273	0.05710671404401102	89.35657989017213	177.86524931109858
12	ED	11	UHFsym	ZZ up-up r=1	-0.8287574495111273	-0.38797460138024825	4.531440390611287	177.86524931109858
12	ED	11	chi2	SzSz r=1	-0.17571719019821158	0.07428280980178936	5.3144258325385865	103.26816078242838
12	ED	11	chi4	SzSz r=1	-0.17571719019821158	0.02967922310819454	24.956748856117294	103.26816078242838
12	ED	11	chi8	SzSz r=1	-0.17571719019821158	0.0011748325257978365	102.67724417328445	103.26816078242838
12	ED	11	chi16	SzSz r=1	-0.17571719019821158	8.898266583590164e-5	103.25544087163537	103.26816078242838
12	ED	11	chi32	SzSz r=1	-0.17571719019821158	3.831308955704049e-6	103.26776912414041	103.26816078242838
12	ED	11	exact	SzSz r=1	-0.17571719019821158	4.170647160961494e-11	103.26816078242838	103.26816078242838
12	ED	11	UHF	SzSz r=1	-0.17571719019821158	0.018458391028759014	48.97494913380941	103.26816078242838
12	ED	11	UHFsym	SzSz r=1	-0.17571719019821158	-0.09281193782730598	3.561449728438625	103.26816078242838
12	ED	11	chi2	hop up r=1	0.6379593061985873	0.6379593061985873	1.0	73.9910914447807
12	ED	11	chi4	hop up r=1	0.6379593061985873	-0.036788388072670264	60.13208065266016	73.9910914447807
12	ED	11	chi8	hop up r=1	0.6379593061985873	-0.0027801479944322693	73.95355712400163	73.9910914447807
12	ED	11	chi16	hop up r=1	0.6379593061985873	-0.00028871261590546204	73.99671075302906	73.9910914447807
12	ED	11	chi32	hop up r=1	0.6379593061985873	-7.728989448896328e-6	73.99127050869969	73.9910914447807
12	ED	11	exact	hop up r=1	0.6379593061985873	-4.2322522153526165e-9	73.9910914447807	73.9910914447807
12	ED	11	UHF	hop up r=1	0.6379593061985873	0.17070811326858115	11.809065868612178	73.9910914447807
12	ED	11	UHFsym	hop up r=1	0.6379593061985873	0.1707081132685811	11.809065868612183	73.9910914447807
12	DMRG	11	chi2	n	0.999999999698098	-3.019057226438804e-10	0.9999999961476749	0.9999999999100725
12	DMRG	11	chi4	n	0.999999999698098	2.559487066733368e-10	0.9999999997543051	0.9999999999100725
12	DMRG	11	chi8	n	0.999999999698098	-3.4284686201146997e-11	0.9999999999026266	0.9999999999100725
12	DMRG	11	chi16	n	0.999999999698098	-2.0202728379103974e-12	0.9999999999023678	0.9999999999100725
12	DMRG	11	chi32	n	0.999999999698098	-1.0463629962487175e-11	0.9999999999127482	0.9999999999100725
12	DMRG	11	exact	n	0.999999999698098	0.0	0.9999999999100725	0.9999999999100725
12	DMRG	11	UHF	n	0.999999999698098	-3.019030581086213e-10	0.0167186749168209	0.9999999999100725
12	DMRG	11	UHFsym	n	0.999999999698098	-3.0190283606401636e-10	1.0000000000000004	0.9999999999100725
12	DMRG	11	chi2	Sz	7.899633031049902e-11	8.724274573601587e-9	0.9999999954274674	1.0000000000605247
12	DMRG	11	chi4	Sz	7.899633031049902e-11	1.1150701889617309e-10	1.0000000000174385	1.0000000000605247
12	DMRG	11	chi8	Sz	7.899633031049902e-11	4.859974922499788e-11	1.0000000000326914	1.0000000000605247
12	DMRG	11	chi16	Sz	7.899633031049902e-11	1.9168333587060715e-11	1.0000000000502611	1.0000000000605247
12	DMRG	11	chi32	Sz	7.899633031049902e-11	3.728274633463258e-12	1.0000000000579032	1.0000000000605247
12	DMRG	11	exact	Sz	7.899633031049902e-11	0.0	1.0000000000605247	1.0000000000605247
12	DMRG	11	UHF	Sz	7.899633031049902e-11	0.38119378561394807	0.029736189122277438	1.0000000000605247
12	DMRG	11	UHFsym	Sz	7.899633031049902e-11	7.899632120320077e-11	1.0	1.0000000000605247
12	DMRG	11	chi2	DoubleOcc	0.09919851108878144	0.09919851108878144	2.0867825444370376	27.34211379912535
12	DMRG	11	chi4	DoubleOcc	0.09919851108878144	0.012868235028352437	21.845758785977132	27.34211379912535
12	DMRG	11	chi8	DoubleOcc	0.09919851108878144	0.0005705999233252823	27.264982549503834	27.34211379912535
12	DMRG	11	chi16	DoubleOcc	0.09919851108878144	3.1488908311005925e-5	27.33839656313086	27.34211379912535
12	DMRG	11	chi32	DoubleOcc	0.09919851108878144	1.2478509144320249e-6	27.34196769628088	27.34211379912535
12	DMRG	11	exact	DoubleOcc	0.09919851108878144	0.0	27.34211379912535	27.34211379912535
12	DMRG	11	UHF	DoubleOcc	0.09919851108878144	-0.005492786780752268	1.0510242141208683	27.34211379912535
12	DMRG	11	UHFsym	DoubleOcc	0.09919851108878144	-0.005492786780752296	27.010114462332023	27.34211379912535
12	DMRG	11	chi2	ZZ onsite	-0.6032059550410684	0.39679404495893533	2.117616496721675	48.57021577458344
12	DMRG	11	chi4	ZZ onsite	-0.6032059550410684	0.051472939601515666	33.239667504886484	48.57021577458344
12	DMRG	11	chi8	ZZ onsite	-0.6032059550410684	0.002282399761871945	48.3098233491234	48.57021577458344
12	DMRG	11	chi16	ZZ onsite	-0.6032059550410684	0.0001259556372832371	48.55754142869462	48.57021577458344
12	DMRG	11	chi32	ZZ onsite	-0.6032059550410684	4.991424586764381e-6	48.56971731808221	48.57021577458344
12	DMRG	11	exact	ZZ onsite	-0.6032059550410684	0.0	48.57021577458344	48.57021577458344
12	DMRG	11	UHF	ZZ onsite	-0.6032059550410684	-0.021971146519201068	47.63667624621385	48.57021577458344
12	DMRG	11	UHFsym	ZZ onsite	-0.6032059550410684	-0.02197114651920118	47.63667624621384	48.57021577458344
12	DMRG	11	chi2	ZZ up-up r=1	-0.8287574519235114	0.17124254807649242	19.6289805538811	177.86524931109858
12	DMRG	11	chi4	ZZ up-up r=1	-0.8287574519235114	0.09149053493037773	52.21609140724826	177.86524931109858
12	DMRG	11	chi8	ZZ up-up r=1	-0.8287574519235114	0.005610749595911679	174.02698913233638	177.86524931109858
12	DMRG	11	chi16	ZZ up-up r=1	-0.8287574519235114	0.00044041988362486517	177.66304927299504	177.86524931109858
12	DMRG	11	chi32	ZZ up-up r=1	-0.8287574519235114	1.771616143197985e-5	177.85745373579192	177.86524931109858
12	DMRG	11	exact	ZZ up-up r=1	-0.8287574519235114	0.0	177.86524931109858	177.86524931109858
12	DMRG	11	UHF	ZZ up-up r=1	-0.8287574519235114	0.05710671163162695	89.35657989017213	177.86524931109858
12	DMRG	11	UHFsym	ZZ up-up r=1	-0.8287574519235114	-0.3879746037926323	4.531440390611287	177.86524931109858
12	DMRG	11	chi2	SzSz r=1	-0.17571719023991805	0.07428280976008289	5.3144258325385865	103.26816078242838
12	DMRG	11	chi4	SzSz r=1	-0.17571719023991805	0.02967922306648807	24.956748856117294	103.26816078242838
12	DMRG	11	chi8	SzSz r=1	-0.17571719023991805	0.0011748324840913649	102.67724417328445	103.26816078242838
12	DMRG	11	chi16	SzSz r=1	-0.17571719023991805	8.898262412943003e-5	103.25544087163537	103.26816078242838
12	DMRG	11	chi32	SzSz r=1	-0.17571719023991805	3.8312672492324396e-6	103.26776912414041	103.26816078242838
12	DMRG	11	exact	SzSz r=1	-0.17571719023991805	0.0	103.26816078242838	103.26816078242838
12	DMRG	11	UHF	SzSz r=1	-0.17571719023991805	0.018458390987052542	48.97494913380941	103.26816078242838
12	DMRG	11	UHFsym	SzSz r=1	-0.17571719023991805	-0.09281193786901246	3.561449728438625	103.26816078242838
12	DMRG	11	chi2	hop up r=1	0.6379593104308395	0.6379593104308395	1.0	73.9910914447807
12	DMRG	11	chi4	hop up r=1	0.6379593104308395	-0.03678838384041805	60.13208065266016	73.9910914447807
12	DMRG	11	chi8	hop up r=1	0.6379593104308395	-0.002780143762180054	73.95355712400163	73.9910914447807
12	DMRG	11	chi16	hop up r=1	0.6379593104308395	-0.0002887083836532467	73.99671075302906	73.9910914447807
12	DMRG	11	chi32	hop up r=1	0.6379593104308395	-7.724757196680976e-6	73.99127050869969	73.9910914447807
12	DMRG	11	exact	hop up r=1	0.6379593104308395	0.0	73.9910914447807	73.9910914447807
12	DMRG	11	UHF	hop up r=1	0.6379593104308395	0.17070811750083337	11.809065868612178	73.9910914447807
12	DMRG	11	UHFsym	hop up r=1	0.6379593104308395	0.1707081175008333	11.809065868612183	73.9910914447807
14	ED	1	chi2	n	0.9999999999997996	-2.000621890374532e-13	1.0000000218815794	0.9999999999897157
14	ED	1	chi4	n	0.9999999999997996	3.438049844817215e-10	0.9999999998578745	0.9999999999897157
14	ED	1	chi8	n	0.9999999999997996	5.16019227347897e-10	0.9999999987291643	0.9999999999897157
14	ED	1	chi16	n	0.9999999999997996	-8.085343505825904e-11	0.9999999987168954	0.9999999999897157
14	ED	1	chi32	n	0.9999999999997996	3.942179915839006e-11	1.0000000001538814	0.9999999999897157
14	ED	1	exact	n	0.9999999999997996	-2.8873570201426446e-12	0.9999999999897157	0.9999999999897157
14	ED	1	UHF	n	0.9999999999997996	-1.9895196601282805e-13	0.014650737725099467	0.9999999999897157
14	ED	1	UHFsym	n	0.9999999999997996	-1.9906298831529057e-13	1.0000000000000038	0.9999999999897157
14	ED	1	chi2	Sz	2.5904278722066465e-13	1.6823259091358553e-8	1.0000000298833678	0.9999999999931931
14	ED	1	chi4	Sz	2.5904278722066465e-13	-5.231816577189186e-10	0.9999999988789331	0.9999999999931931
14	ED	1	chi8	Sz	2.5904278722066465e-13	-1.5982932199953837e-9	0.9999999968734186	0.9999999999931931
14	ED	1	chi16	Sz	2.5904278722066465e-13	-8.891109237740835e-10	0.9999999984650132	0.9999999999931931
14	ED	1	chi32	Sz	2.5904278722066465e-13	7.08604841470617e-11	1.0000000001033835	0.9999999999931931
14	ED	1	exact	Sz	2.5904278722066465e-13	-4.413906740108331e-12	0.9999999999931931	0.9999999999931931
14	ED	1	UHF	Sz	2.5904278722066465e-13	0.4377960183864402	0.02157588457634625	0.9999999999931931
14	ED	1	UHFsym	Sz	2.5904278722066465e-13	2.5902717470938086e-13	0.9999999999999991	0.9999999999931931
14	ED	1	chi2	DoubleOcc	0.07125451111705669	0.07125451111705669	6.1001777216644415	51.459537072987075
14	ED	1	chi4	DoubleOcc	0.07125451111705669	-8.902669252197626e-5	51.432127810501	51.459537072987075
14	ED	1	chi8	DoubleOcc	0.07125451111705669	1.2578157027071102e-5	51.463309914715644	51.459537072987075
14	ED	1	chi16	DoubleOcc	0.07125451111705669	-1.4282678352517397e-6	51.45910692936671	51.459537072987075
14	ED	1	chi32	DoubleOcc	0.07125451111705669	1.3362452036536077e-7	51.45957722821609	51.459537072987075
14	ED	1	exact	DoubleOcc	0.07125451111705669	2.0204987682959086e-10	51.459537072987075	51.459537072987075
14	ED	1	UHF	DoubleOcc	0.07125451111705669	0.012919864831850925	1.5321670299241148	51.459537072987075
14	ED	1	UHFsym	DoubleOcc	0.07125451111705669	0.012919864831850814	43.51371675263087	51.459537072987075
14	ED	1	chi2	ZZ onsite	-0.714981955531573	0.2850180444684267	6.10307934504693	106.06508918075592
14	ED	1	chi4	ZZ onsite	-0.714981955531573	-0.0003561074578983803	106.03230718825782	106.06508918075592
14	ED	1	chi8	ZZ onsite	-0.714981955531573	5.031159586876832e-5	106.06927887869803	106.06508918075592
14	ED	1	chi16	ZZ onsite	-0.714981955531573	-5.71290983508721e-6	106.06460644339919	106.06508918075592
14	ED	1	chi32	ZZ onsite	-0.714981955531573	5.344190372458257e-7	106.06513419159735	106.06508918075592
14	ED	1	exact	ZZ onsite	-0.714981955531573	8.137734930357965e-10	106.06508918075592	106.06508918075592
14	ED	1	UHF	ZZ onsite	-0.714981955531573	0.05167945932760121	70.48277597312624	106.06508918075592
14	ED	1	UHFsym	ZZ onsite	-0.714981955531573	0.05167945932760076	70.48277597312662	106.06508918075592
14	ED	1	chi2	ZZ up-up r=1	-0.8272710909225026	0.17272890907749705	20.26793947960651	222.58891182475418
14	ED	1	chi4	ZZ up-up r=1	-0.8272710909225026	0.09720469515151575	52.659343161743315	222.58891182475418
14	ED	1	chi8	ZZ up-up r=1	-0.8272710909225026	0.007594599524827439	216.00042079695768	222.58891182475418
14	ED	1	chi16	ZZ up-up r=1	-0.8272710909225026	0.0006409660533744921	222.33925011129008	222.58891182475418
14	ED	1	chi32	ZZ up-up r=1	-0.8272710909225026	2.823012197739061e-5	222.5791589320014	222.58891182475418
14	ED	1	exact	ZZ up-up r=1	-0.8272710909225026	3.2717015763239488e-9	222.58891182475418	222.58891182475418
14	ED	1	UHF	ZZ up-up r=1	-0.8272710909225026	0.05859306841405665	100.791386489559	222.58891182475418
14	ED	1	UHFsym	ZZ up-up r=1	-0.8272710909225026	-0.3864882444383285	4.5383217708849255	222.58891182475418
14	ED	1	chi2	SzSz r=1	-0.17539199440446396	0.07460800559553596	5.054643094375905	99.02344713755019
14	ED	1	chi4	SzSz r=1	-0.17539199440446396	0.02949570986399766	25.92390215425293	99.02344713755019
14	ED	1	chi8	SzSz r=1	-0.17539199440446396	0.0016347463843445764	98.3305070283273	99.02344713755019
14	ED	1	chi16	SzSz r=1	-0.17539199440446396	0.0001382372481937011	99.02717463790822	99.02344713755019
14	ED	1	chi32	SzSz r=1	-0.17539199440446396	6.274970224595666e-6	99.02389011349891	99.02344713755019
14	ED	1	exact	SzSz r=1	-0.17539199440446396	7.056386586157259e-10	99.02344713755019	99.02344713755019
14	ED	1	UHF	SzSz r=1	-0.17539199440446396	0.018783585813016312	46.76717795334532	99.02344713755019
14	ED	1	UHFsym	SzSz r=1	-0.17539199440446396	-0.09248674240007983	3.5256536322458847	99.02344713755019
14	ED	1	chi2	hop up r=1	0.637166992025662	0.637166992025662	1.0	69.80435539739564
14	ED	1	chi4	hop up r=1	0.637166992025662	-0.046760810279487974	48.86182296409498	69.80435539739564
14	ED	1	chi8	hop up r=1	0.637166992025662	-0.003465150539878392	69.38366292552814	69.80435539739564
14	ED	1	chi16	hop up r=1	0.637166992025662	-0.00034658483819516306	69.77495859889808	69.80435539739564
14	ED	1	chi32	hop up r=1	0.637166992025662	-1.2114218240322217e-5	69.80337603922531	69.80435539739564
14	ED	1	exact	hop up r=1	0.637166992025662	-1.5806096431703054e-9	69.80435539739564	69.80435539739564
14	ED	1	UHF	hop up r=1	0.637166992025662	0.1699157994822127	12.142110344410694	69.80435539739564
14	ED	1	UHFsym	hop up r=1	0.637166992025662	0.16991579948221236	12.142110344410737	69.80435539739564
14	DMRG	1	chi2	n	1.000000000002687	2.6872948311051914e-12	1.0000000218815794	0.9999999999897157
14	DMRG	1	chi4	n	1.000000000002687	3.466923415018641e-10	0.9999999998578745	0.9999999999897157
14	DMRG	1	chi8	n	1.000000000002687	5.189065843680396e-10	0.9999999987291643	0.9999999999897157
14	DMRG	1	chi16	n	1.000000000002687	-7.796607803811639e-11	0.9999999987168954	0.9999999999897157
14	DMRG	1	chi32	n	1.000000000002687	4.23091561785327e-11	1.0000000001538814	0.9999999999897157
14	DMRG	1	exact	n	1.000000000002687	0.0	0.9999999999897157	0.9999999999897157
14	DMRG	1	UHF	n	1.000000000002687	2.6884050541298166e-12	0.014650737725099467	0.9999999999897157
14	DMRG	1	UHFsym	n	1.000000000002687	2.688294031827354e-12	1.0000000000000038	0.9999999999897157
14	DMRG	1	chi2	Sz	4.672949527328996e-12	1.682767299809866e-8	1.0000000298833678	0.9999999999931931
14	DMRG	1	chi4	Sz	4.672949527328996e-12	-5.187677509788102e-10	0.9999999988789331	0.9999999999931931
14	DMRG	1	chi8	Sz	4.672949527328996e-12	-1.5938793132552753e-9	0.9999999968734186	0.9999999999931931
14	DMRG	1	chi16	Sz	4.672949527328996e-12	-8.846970170339752e-10	0.9999999984650132	0.9999999999931931
14	DMRG	1	chi32	Sz	4.672949527328996e-12	7.527439088717003e-11	1.0000000001033835	0.9999999999931931
14	DMRG	1	exact	Sz	4.672949527328996e-12	0.0	0.9999999999931931	0.9999999999931931
14	DMRG	1	UHF	Sz	4.672949527328996e-12	0.43779601839085414	0.02157588457634625	0.9999999999931931
14	DMRG	1	UHFsym	Sz	4.672949527328996e-12	4.672933914817712e-12	0.9999999999999991	0.9999999999931931
14	DMRG	1	chi2	DoubleOcc	0.07125451091500681	0.07125451091500681	6.1001777216644415	51.459537072987075
14	DMRG	1	chi4	DoubleOcc	0.07125451091500681	-8.902689457185309e-5	51.432127810501	51.459537072987075
14	DMRG	1	chi8	DoubleOcc	0.07125451091500681	1.2577954977194272e-5	51.463309914715644	51.459537072987075
14	DMRG	1	chi16	DoubleOcc	0.07125451091500681	-1.4284698851285693e-6	51.45910692936671	51.459537072987075
14	DMRG	1	chi32	DoubleOcc	0.07125451091500681	1.3342247048853118e-7	51.45957722821609	51.459537072987075
14	DMRG	1	exact	DoubleOcc	0.07125451091500681	0.0	51.459537072987075	51.459537072987075
14	DMRG	1	UHF	DoubleOcc	0.07125451091500681	0.012919864629801048	1.5321670299241148	51.459537072987075
14	DMRG	1	UHFsym	DoubleOcc	0.07125451091500681	0.012919864629800937	43.51371675263087	51.459537072987075
14	DMRG	1	chi2	ZZ onsite	-0.7149819563453464	0.2850180436546532	6.10307934504693	106.06508918075592
14	DMRG	1	chi4	ZZ onsite	-0.7149819563453464	-0.0003561082716718733	106.03230718825782	106.06508918075592
14	DMRG	1	chi8	ZZ onsite	-0.7149819563453464	5.0310782095275286e-5	106.06927887869803	106.06508918075592
14	DMRG	1	chi16	ZZ onsite	-0.7149819563453464	-5.713723608580246e-6	106.06460644339919	106.06508918075592
14	DMRG	1	chi32	ZZ onsite	-0.7149819563453464	5.336052637527899e-7	106.06513419159735	106.06508918075592
14	DMRG	1	exact	ZZ onsite	-0.7149819563453464	0.0	106.06508918075592	106.06508918075592
14	DMRG	1	UHF	ZZ onsite	-0.7149819563453464	0.051679458513827714	70.48277597312624	106.06508918075592
14	DMRG	1	UHFsym	ZZ onsite	-0.7149819563453464	0.05167945851382727	70.48277597312662	106.06508918075592
14	DMRG	1	chi2	ZZ up-up r=1	-0.8272710941942042	0.17272890580579547	20.26793947960651	222.58891182475418
14	DMRG	1	chi4	ZZ up-up r=1	-0.8272710941942042	0.09720469187981418	52.659343161743315	222.58891182475418
14	DMRG	1	chi8	ZZ up-up r=1	-0.8272710941942042	0.007594596253125863	216.00042079695768	222.58891182475418
14	DMRG	1	chi16	ZZ up-up r=1	-0.8272710941942042	0.0006409627816729158	222.33925011129008	222.58891182475418
14	DMRG	1	chi32	ZZ up-up r=1	-0.8272710941942042	2.8226850275814286e-5	222.5791589320014	222.58891182475418
14	DMRG	1	exact	ZZ up-up r=1	-0.8272710941942042	0.0	222.58891182475418	222.58891182475418
14	DMRG	1	UHF	ZZ up-up r=1	-0.8272710941942042	0.05859306514235507	100.791386489559	222.58891182475418
14	DMRG	1	UHFsym	ZZ up-up r=1	-0.8272710941942042	-0.3864882477100301	4.5383217708849255	222.58891182475418
14	DMRG	1	chi2	SzSz r=1	-0.17539199511010262	0.0746080048898973	5.054643094375905	99.02344713755019
14	DMRG	1	chi4	SzSz r=1	-0.17539199511010262	0.029495709158359	25.92390215425293	99.02344713755019
14	DMRG	1	chi8	SzSz r=1	-0.17539199511010262	0.0016347456787059178	98.3305070283273	99.02344713755019
14	DMRG	1	chi16	SzSz r=1	-0.17539199511010262	0.00013823654255504247	99.02717463790822	99.02344713755019
14	DMRG	1	chi32	SzSz r=1	-0.17539199511010262	6.2742645859370505e-6	99.02389011349891	99.02344713755019
14	DMRG	1	exact	SzSz r=1	-0.17539199511010262	0.0	99.02344713755019	99.02344713755019
14	DMRG	1	UHF	SzSz r=1	-0.17539199511010262	0.018783585107377654	46.76717795334532	99.02344713755019
14	DMRG	1	UHFsym	SzSz r=1	-0.17539199511010262	-0.09248674310571849	3.5256536322458847	99.02344713755019
14	DMRG	1	chi2	hop up r=1	0.6371669936062716	0.6371669936062716	1.0	69.80435539739564
14	DMRG	1	chi4	hop up r=1	0.6371669936062716	-0.04676080869887833	48.86182296409498	69.80435539739564
14	DMRG	1	chi8	hop up r=1	0.6371669936062716	-0.003465148959268749	69.38366292552814	69.80435539739564
14	DMRG	1	chi16	hop up r=1	0.6371669936062716	-0.0003465832575855199	69.77495859889808	69.80435539739564
14	DMRG	1	chi32	hop up r=1	0.6371669936062716	-1.2112637630679046e-5	69.80337603922531	69.80435539739564
14	DMRG	1	exact	hop up r=1	0.6371669936062716	0.0	69.80435539739564	69.80435539739564
14	DMRG	1	UHF	hop up r=1	0.6371669936062716	0.16991580106282234	12.142110344410694	69.80435539739564
14	DMRG	1	UHFsym	hop up r=1	0.6371669936062716	0.169915801062822	12.142110344410737	69.80435539739564
14	ED	2	chi2	n	0.9999999999998602	-1.397770788003072e-13	1.0000000014088264	0.9999999999974214
14	ED	2	chi4	n	0.9999999999998602	-7.828437564860735e-9	0.9999999964044279	0.9999999999974214
14	ED	2	chi8	n	0.9999999999998602	-1.221546308549648e-9	0.9999999992866947	0.9999999999974214
14	ED	2	chi16	n	0.9999999999998602	-2.2958634993131e-11	0.9999999999263288	0.9999999999974214
14	ED	2	chi32	n	0.9999999999998602	-3.1476932171869976e-11	0.9999999999924457	0.9999999999974214
14	ED	2	exact	n	0.9999999999998602	-6.32771612885108e-12	0.9999999999974214	0.9999999999974214
14	ED	2	UHF	n	0.9999999999998602	-1.3877787807814457e-13	0.020637591456279733	0.9999999999974214
14	ED	2	UHFsym	n	0.9999999999998602	-1.3877787807814457e-13	1.0000000000000018	0.9999999999974214
14	ED	2	chi2	Sz	-1.97834804094299e-13	-1.6823197883375496e-8	1.000000030385206	1.0000000000107894
14	ED	2	chi4	Sz	-1.97834804094299e-13	-3.218903289747832e-9	1.0000000064865016	1.0000000000107894
14	ED	2	chi8	Sz	-1.97834804094299e-13	1.31624925889251e-9	0.9999999977272637	1.0000000000107894
14	ED	2	chi16	Sz	-1.97834804094299e-13	7.44953009002014e-10	0.9999999986560881	1.0000000000107894
14	ED	2	chi32	Sz	-1.97834804094299e-13	-9.472159168133487e-11	1.00000000017342	1.0000000000107894
14	ED	2	exact	Sz	-1.97834804094299e-13	-5.877062725367921e-12	1.0000000000107894	1.0000000000107894
14	ED	2	UHF	Sz	-1.97834804094299e-13	-0.38119378338817517	0.023978688729286986	1.0000000000107894
14	ED	2	UHFsym	Sz	-1.97834804094299e-13	-1.9781615581693224e-13	0.9999999999999998	1.0000000000107894
14	ED	2	chi2	DoubleOcc	0.09922776386984944	0.09922776386984944	2.2958345161315177	27.997171130469972
14	ED	2	chi4	DoubleOcc	0.09922776386984944	0.009003168492623809	26.23057793345243	27.997171130469972
14	ED	2	chi8	DoubleOcc	0.09922776386984944	0.0005350009306600012	28.033258168665352	27.997171130469972
14	ED	2	chi16	DoubleOcc	0.09922776386984944	3.362506514398289e-5	27.99998762635847	27.997171130469972
14	ED	2	chi32	DoubleOcc	0.09922776386984944	1.6389282495865576e-6	27.99731011066595	27.997171130469972
14	ED	2	exact	DoubleOcc	0.09922776386984944	4.196329395078635e-11	27.997171130469972	27.997171130469972
14	ED	2	UHF	DoubleOcc	0.09922776386984944	-0.005463535636509864	1.3469374783831076	27.997171130469972
14	ED	2	UHFsym	DoubleOcc	0.09922776386984944	-0.005463535636510003	26.62823329694495	27.997171130469972
14	ED	2	chi2	ZZ onsite	-0.6030889445204751	0.3969110554795249	2.3682592876673336	46.368833604543305
14	ED	2	chi4	ZZ onsite	-0.6030889445204751	0.03601268962721771	42.16742576378006	46.368833604543305
14	ED	2	chi8	ZZ onsite	-0.6030889445204751	0.002140006165578634	46.5048808766598	46.368833604543305
14	ED	2	chi16	ZZ onsite	-0.6030889445204751	0.00013450030634054588	46.3788877760552	46.368833604543305
14	ED	2	chi32	ZZ onsite	-0.6030889445204751	6.555775799110819e-6	46.36932829460558	46.368833604543305
14	ED	2	exact	ZZ onsite	-0.6030889445204751	1.803568405733813e-10	46.368833604543305	46.368833604543305
14	ED	2	UHF	ZZ onsite	-0.6030889445204751	-0.021854142545914335	42.38979071953231	46.368833604543305
14	ED	2	UHFsym	ZZ onsite	-0.6030889445204751	-0.02185414254591489	42.38979071953216	46.368833604543305
14	ED	2	chi2	ZZ up-up r=1	-0.32342553005972235	-0.3234255300597221	1.0000000000000018	11.36049769532172
14	ED	2	chi4	ZZ up-up r=1	-0.32342553005972235	-0.2856634230967315	1.2530114097579674	11.36049769532172
14	ED	2	chi8	ZZ up-up r=1	-0.32342553005972235	-0.005908546632588774	11.352561146809123	11.36049769532172
14	ED	2	chi16	ZZ up-up r=1	-0.32342553005972235	-4.7342336616296166e-5	11.360750912114652	11.36049769532172
14	ED	2	chi32	ZZ up-up r=1	-0.32342553005972235	-2.109622422974411e-6	11.360509076319937	11.36049769532172
14	ED	2	exact	ZZ up-up r=1	-0.32342553005972235	-2.193539960781976e-9	11.36049769532172	11.36049769532172
14	ED	2	UHF	ZZ up-up r=1	-0.32342553005972235	0.4535410468977938	0.5189421642760095	11.36049769532172
14	ED	2	UHFsym	ZZ up-up r=1	-0.32342553005972235	0.06156990409801727	8.055261047692936	11.36049769532172
14	ED	2	chi2	SzSz r=1	-0.06553632932872176	-0.06553632932872169	1.0000000000000022	8.78384373698834
14	ED	2	chi4	SzSz r=1	-0.06553632932872176	-0.06553632932872178	1.0027438052812596	8.78384373698834
14	ED	2	chi8	SzSz r=1	-0.06553632932872176	-0.0005235028871321407	8.807125278962744	8.78384373698834
14	ED	2	chi16	SzSz r=1	-0.06553632932872176	-1.850335467042108e-5	8.784821942702006	8.78384373698834
14	ED	2	chi32	SzSz r=1	-0.06553632932872176	-4.5527729865268984e-7	8.783865141748448	8.78384373698834
14	ED	2	exact	SzSz r=1	-0.06553632932872176	-3.534512127423284e-10	8.78384373698834	8.78384373698834
14	ED	2	UHF	SzSz r=1	-0.06553632932872176	0.10507011165346557	0.3890802000468366	8.78384373698834
14	ED	2	UHFsym	SzSz r=1	-0.06553632932872176	0.007077325953522617	7.486179515543736	8.78384373698834
14	ED	2	chi2	hop up r=1	0.37584775009788196	0.37584775009788196	1.0	16.1970709216833
14	ED	2	chi4	hop up r=1	0.37584775009788196	0.1270588210196419	6.076492249128575	16.1970709216833
14	ED	2	chi8	hop up r=1	0.37584775009788196	0.0033848032115287308	16.223177420916485	16.1970709216833
14	ED	2	chi16	hop up r=1	0.37584775009788196	1.878994141457646e-5	16.197328117996584	16.1970709216833
14	ED	2	chi32	hop up r=1	0.37584775009788196	4.820493022139605e-6	16.197137011586697	16.1970709216833
14	ED	2	exact	hop up r=1	0.37584775009788196	1.1685239442726925e-9	16.1970709216833	16.1970709216833
14	ED	2	UHF	hop up r=1	0.37584775009788196	-0.058987421038866394	11.309642851220445	16.1970709216833
14	ED	2	UHFsym	hop up r=1	0.37584775009788196	-0.05898742103886484	11.30964285122061	16.1970709216833
14	DMRG	2	chi2	n	1.000000000006188	6.1879390500507725e-12	1.0000000014088264	0.9999999999974214
14	DMRG	2	chi4	n	1.000000000006188	-7.822109848731884e-9	0.9999999964044279	0.9999999999974214
14	DMRG	2	chi8	n	1.000000000006188	-1.215218592420797e-9	0.9999999992866947	0.9999999999974214
14	DMRG	2	chi16	n	1.000000000006188	-1.663091886427992e-11	0.9999999999263288	0.9999999999974214
14	DMRG	2	chi32	n	1.000000000006188	-2.5149216043018896e-11	0.9999999999924457	0.9999999999974214
14	DMRG	2	exact	n	1.000000000006188	0.0	0.9999999999974214	0.9999999999974214
14	DMRG	2	UHF	n	1.000000000006188	6.188938250772935e-12	0.020637591456279733	0.9999999999974214
14	DMRG	2	UHFsym	n	1.000000000006188	6.188938250772935e-12	1.0000000000000018	0.9999999999974214
14	DMRG	2	chi2	Sz	5.679227921273622e-12	-1.6817320820650128e-8	1.000000030385206	1.0000000000107894
14	DMRG	2	chi4	Sz	5.679227921273622e-12	-3.213026227022464e-9	1.0000000064865016	1.0000000000107894
14	DMRG	2	chi8	Sz	5.679227921273622e-12	1.322126321617878e-9	0.9999999977272637	1.0000000000107894
14	DMRG	2	chi16	Sz	5.679227921273622e-12	7.508300717273819e-10	0.9999999986560881	1.0000000000107894
14	DMRG	2	chi32	Sz	5.679227921273622e-12	-8.884452895596695e-11	1.00000000017342	1.0000000000107894
14	DMRG	2	exact	Sz	5.679227921273622e-12	0.0	1.0000000000107894	1.0000000000107894
14	DMRG	2	UHF	Sz	5.679227921273622e-12	-0.3811937833822981	0.023978688729286986	1.0000000000107894
14	DMRG	2	UHFsym	Sz	5.679227921273622e-12	5.679246569550989e-12	0.9999999999999998	1.0000000000107894
14	DMRG	2	chi2	DoubleOcc	0.09922776382788615	0.09922776382788615	2.2958345161315177	27.997171130469972
14	DMRG	2	chi4	DoubleOcc	0.09922776382788615	0.009003168450660515	26.23057793345243	27.997171130469972
14	DMRG	2	chi8	DoubleOcc	0.09922776382788615	0.0005350008886967073	28.033258168665352	27.997171130469972
14	DMRG	2	chi16	DoubleOcc	0.09922776382788615	3.362502318068894e-5	27.99998762635847	27.997171130469972
14	DMRG	2	chi32	DoubleOcc	0.09922776382788615	1.6388862862926068e-6	27.99731011066595	27.997171130469972
14	DMRG	2	exact	DoubleOcc	0.09922776382788615	0.0	27.997171130469972	27.997171130469972
14	DMRG	2	UHF	DoubleOcc	0.09922776382788615	-0.005463535678473158	1.3469374783831076	27.997171130469972
14	DMRG	2	UHFsym	DoubleOcc	0.09922776382788615	-0.005463535678473297	26.62823329694495	27.997171130469972
14	DMRG	2	chi2	ZZ onsite	-0.603088944700832	0.39691105529916804	2.3682592876673336	46.368833604543305
14	DMRG	2	chi4	ZZ onsite	-0.603088944700832	0.03601268944686087	42.16742576378006	46.368833604543305
14	DMRG	2	chi8	ZZ onsite	-0.603088944700832	0.0021400059852217934	46.5048808766598	46.368833604543305
14	DMRG	2	chi16	ZZ onsite	-0.603088944700832	0.0001345001259837053	46.3788877760552	46.368833604543305
14	DMRG	2	chi32	ZZ onsite	-0.603088944700832	6.555595442270246e-6	46.36932829460558	46.368833604543305
14	DMRG	2	exact	ZZ onsite	-0.603088944700832	0.0	46.368833604543305	46.368833604543305
14	DMRG	2	UHF	ZZ onsite	-0.603088944700832	-0.021854142726271175	42.38979071953231	46.368833604543305
14	DMRG	2	UHFsym	ZZ onsite	-0.603088944700832	-0.02185414272627173	42.38979071953216	46.368833604543305
14	DMRG	2	chi2	ZZ up-up r=1	-0.3234255278661824	-0.3234255278661821	1.0000000000000018	11.36049769532172
14	DMRG	2	chi4	ZZ up-up r=1	-0.3234255278661824	-0.2856634209031915	1.2530114097579674	11.36049769532172
14	DMRG	2	chi8	ZZ up-up r=1	-0.3234255278661824	-0.005908544439048813	11.352561146809123	11.36049769532172
14	DMRG	2	chi16	ZZ up-up r=1	-0.3234255278661824	-4.7340143076335384e-5	11.360750912114652	11.36049769532172
14	DMRG	2	chi32	ZZ up-up r=1	-0.3234255278661824	-2.107428883013629e-6	11.360509076319937	11.36049769532172
14	DMRG	2	exact	ZZ up-up r=1	-0.3234255278661824	0.0	11.36049769532172	11.36049769532172
14	DMRG	2	UHF	ZZ up-up r=1	-0.3234255278661824	0.45354104909133375	0.5189421642760095	11.36049769532172
14	DMRG	2	UHFsym	ZZ up-up r=1	-0.3234255278661824	0.06156990629155723	8.055261047692936	11.36049769532172
14	DMRG	2	chi2	SzSz r=1	-0.06553632897527055	-0.06553632897527048	1.0000000000000022	8.78384373698834
14	DMRG	2	chi4	SzSz r=1	-0.06553632897527055	-0.06553632897527056	1.0027438052812596	8.78384373698834
14	DMRG	2	chi8	SzSz r=1	-0.06553632897527055	-0.0005235025336809279	8.807125278962744	8.78384373698834
14	DMRG	2	chi16	SzSz r=1	-0.06553632897527055	-1.8503001219208337e-5	8.784821942702006	8.78384373698834
14	DMRG	2	chi32	SzSz r=1	-0.06553632897527055	-4.549238474399475e-7	8.783865141748448	8.78384373698834
14	DMRG	2	exact	SzSz r=1	-0.06553632897527055	0.0	8.78384373698834	8.78384373698834
14	DMRG	2	UHF	SzSz r=1	-0.06553632897527055	0.10507011200691678	0.3890802000468366	8.78384373698834
14	DMRG	2	UHFsym	SzSz r=1	-0.06553632897527055	0.00707732630697383	7.486179515543736	8.78384373698834
14	DMRG	2	chi2	hop up r=1	0.375847748929358	0.375847748929358	1.0	16.1970709216833
14	DMRG	2	chi4	hop up r=1	0.375847748929358	0.12705881985111794	6.076492249128575	16.1970709216833
14	DMRG	2	chi8	hop up r=1	0.375847748929358	0.0033848020430047865	16.223177420916485	16.1970709216833
14	DMRG	2	chi16	hop up r=1	0.375847748929358	1.8788772890632188e-5	16.197328117996584	16.1970709216833
14	DMRG	2	chi32	hop up r=1	0.375847748929358	4.819324498195332e-6	16.197137011586697	16.1970709216833
14	DMRG	2	exact	hop up r=1	0.375847748929358	0.0	16.1970709216833	16.1970709216833
14	DMRG	2	UHF	hop up r=1	0.375847748929358	-0.05898742220739034	11.309642851220445	16.1970709216833
14	DMRG	2	UHFsym	hop up r=1	0.375847748929358	-0.058987422207388784	11.30964285122061	16.1970709216833
14	ED	3	chi2	n	0.9999999999998391	-1.6042722705833512e-13	0.9999999874244675	1.000000000063453
14	ED	3	chi4	n	0.9999999999998391	1.502872326586413e-8	0.9999999831883332	1.000000000063453
14	ED	3	chi8	n	0.9999999999998391	-3.115457891667006e-10	0.9999999995933327	1.000000000063453
14	ED	3	chi16	n	0.9999999999998391	2.4412694088482567e-12	1.000000000071825	1.000000000063453
14	ED	3	chi32	n	0.9999999999998391	6.4288574463944315e-12	1.0000000000698106	1.000000000063453
14	ED	3	exact	n	0.9999999999998391	1.1794232257500425e-11	1.000000000063453	1.000000000063453
14	ED	3	UHF	n	0.9999999999998391	-1.5509815654013437e-13	0.015770467560409313	1.000000000063453
14	ED	3	UHFsym	n	0.9999999999998391	-1.5509815654013437e-13	0.9999999999999954	1.000000000063453
14	ED	3	chi2	Sz	1.574226859979433e-13	4.678001118413468e-9	0.9999999962756452	1.0000000000180622
14	ED	3	chi4	Sz	1.574226859979433e-13	4.410404541577151e-10	0.9999999941037899	1.0000000000180622
14	ED	3	chi8	Sz	1.574226859979433e-13	2.718633998477493e-10	0.9999999998985669	1.0000000000180622
14	ED	3	chi16	Sz	1.574226859979433e-13	-2.7566102178688823e-11	1.0000000000211124	1.0000000000180622
14	ED	3	chi32	Sz	1.574226859979433e-13	-2.8359481429873767e-11	1.000000000020273	1.0000000000180622
14	ED	3	exact	Sz	1.574226859979433e-13	-2.8069276070130655e-11	1.0000000000180622	1.0000000000180622
14	ED	3	UHF	Sz	1.574226859979433e-13	0.3855551798846366	0.030307062365209622	1.0000000000180622
14	ED	3	UHFsym	Sz	1.574226859979433e-13	1.5741791550838435e-13	0.9999999999999979	1.0000000000180622
14	ED	3	chi2	DoubleOcc	0.09735999981809185	0.09735999981809185	2.218203892671466	27.522116433057963
14	ED	3	chi4	DoubleOcc	0.09735999981809185	0.013277947863978123	21.9029393378586	27.522116433057963
14	ED	3	chi8	DoubleOcc	0.09735999981809185	-0.0005613171409734607	27.571901526856887	27.522116433057963
14	ED	3	chi16	DoubleOcc	0.09735999981809185	9.28197185155466e-5	27.51195798697587	27.522116433057963
14	ED	3	chi32	DoubleOcc	0.09735999981809185	2.614609511009114e-6	27.521837754523474	27.522116433057963
14	ED	3	exact	DoubleOcc	0.09735999981809185	2.014083344548112e-10	27.522116433057963	27.522116433057963
14	ED	3	UHF	DoubleOcc	0.09735999981809185	-0.003987203446152138	1.035332205370352	27.522116433057963
14	ED	3	UHFsym	DoubleOcc	0.09735999981809185	-0.003987203446152138	27.437891594989694	27.522116433057963
14	ED	3	chi2	ZZ onsite	-0.6105600007274751	0.3894399992725245	2.3286869826127803	49.47740323850943
14	ED	3	chi4	ZZ onsite	-0.6105600007274751	0.05311176139830165	34.983988815732175	49.47740323850943
14	ED	3	chi8	ZZ onsite	-0.6105600007274751	-0.002245267940968243	49.53602103209503	49.47740323850943
14	ED	3	chi16	ZZ onsite	-0.6105600007274751	0.00037127886901522356	49.46141157732498	49.47740323850943
14	ED	3	chi32	ZZ onsite	-0.6105600007274751	1.045842502178651e-5	49.47697719519477	49.47740323850943
14	ED	3	exact	ZZ onsite	-0.6105600007274751	7.818803382519945e-10	49.47740323850943	49.47740323850943
14	ED	3	UHF	ZZ onsite	-0.6105600007274751	-0.015948813784462557	48.49252177176357	49.47740323850943
14	ED	3	UHFsym	ZZ onsite	-0.6105600007274751	-0.015948813784462557	48.49252177176357	49.47740323850943
14	ED	3	chi2	ZZ up-up r=1	-0.6809703343228245	0.31902966567717506	4.415471006007083	70.14440381340621
14	ED	3	chi4	ZZ up-up r=1	-0.6809703343228245	0.14800399092127448	16.88332881513744	70.14440381340621
14	ED	3	chi8	ZZ up-up r=1	-0.6809703343228245	-0.00729117037048177	69.28568775641082	70.14440381340621
14	ED	3	chi16	ZZ up-up r=1	-0.6809703343228245	-0.0034568205572534927	69.87108677914834	70.14440381340621
14	ED	3	chi32	ZZ up-up r=1	-0.6809703343228245	3.5438986178970566e-5	70.14593016320093	70.14440381340621
14	ED	3	exact	ZZ up-up r=1	-0.6809703343228245	2.735513260354594e-9	70.14440381340621	70.14440381340621
14	ED	3	UHF	ZZ up-up r=1	-0.6809703343228245	0.10492139631857378	27.33114076258637	70.14440381340621
14	ED	3	UHFsym	ZZ up-up r=1	-0.6809703343228245	-0.2903805414500388	5.128994118302819	70.14440381340621
14	ED	3	chi2	SzSz r=1	-0.14316569453282663	0.10683430546717326	1.6999527853678318	53.37287908003859
14	ED	3	chi4	SzSz r=1	-0.14316569453282663	0.038611038016735794	10.54740192280356	53.37287908003859
14	ED	3	chi8	SzSz r=1	-0.14316569453282663	-0.0017514098605344586	53.66072727408087	53.37287908003859
14	ED	3	chi16	SzSz r=1	-0.14316569453282663	-0.0006088104650895376	53.398955561242026	53.37287908003859
14	ED	3	chi32	SzSz r=1	-0.14316569453282663	5.458125632740174e-6	53.37320798094535	53.37287908003859
14	ED	3	exact	SzSz r=1	-0.14316569453282663	5.271213465718461e-10	53.37287908003859	53.37287908003859
14	ED	3	UHF	SzSz r=1	-0.14316569453282663	0.02918083848996139	16.106901038943622	53.37287908003859
14	ED	3	UHFsym	SzSz r=1	-0.14316569453282663	-0.0696446459521909	4.061522541019726	53.37287908003859
14	ED	3	chi2	hop up r=1	0.5776047738059102	0.5776047738059102	1.0	45.001180972365
14	ED	3	chi4	hop up r=1	0.5776047738059102	-0.07181047538773533	27.914501676573366	45.001180972365
14	ED	3	chi8	hop up r=1	0.5776047738059102	0.00492283118858361	44.67473957642135	45.001180972365
14	ED	3	chi16	hop up r=1	0.5776047738059102	0.0010790275912040403	44.95350051316484	45.001180972365
14	ED	3	chi32	hop up r=1	0.5776047738059102	-1.6913878955304718e-5	45.00182033279774	45.001180972365
14	ED	3	exact	hop up r=1	0.5776047738059102	-9.857104021904206e-10	45.001180972365	45.001180972365
14	ED	3	UHF	hop up r=1	0.5776047738059102	0.1382743775202842	12.464876452629934	45.001180972365
14	ED	3	UHFsym	hop up r=1	0.5776047738059102	0.1382743775202836	12.464876452630017	45.001180972365
14	DMRG	3	chi2	n	0.9999999999880449	-1.195465948455876e-11	0.9999999874244675	1.000000000063453
14	DMRG	3	chi4	n	0.9999999999880449	1.501692903360663e-8	0.9999999831883332	1.000000000063453
14	DMRG	3	chi8	n	0.9999999999880449	-3.2334002142420104e-10	0.9999999995933327	1.000000000063453
14	DMRG	3	chi16	n	0.9999999999880449	-9.352962848652169e-12	1.000000000071825	1.000000000063453
14	DMRG	3	chi32	n	0.9999999999880449	-5.365374811105994e-12	1.0000000000698106	1.000000000063453
14	DMRG	3	exact	n	0.9999999999880449	0.0	1.000000000063453	1.000000000063453
14	DMRG	3	UHF	n	0.9999999999880449	-1.194933041404056e-11	0.015770467560409313	1.000000000063453
14	DMRG	3	UHFsym	n	0.9999999999880449	-1.194933041404056e-11	0.9999999999999954	1.000000000063453
14	DMRG	3	chi2	Sz	2.82266987561286e-11	4.706070394483599e-9	0.9999999962756452	1.0000000000180622
14	DMRG	3	chi4	Sz	2.82266987561286e-11	4.691097302278457e-10	0.9999999941037899	1.0000000000180622
14	DMRG	3	chi8	Sz	2.82266987561286e-11	2.9993267591788e-10	0.9999999998985669	1.0000000000180622
14	DMRG	3	chi16	Sz	2.82266987561286e-11	5.031738914418327e-13	1.0000000000211124	1.0000000000180622
14	DMRG	3	chi32	Sz	2.82266987561286e-11	-2.90205359743112e-13	1.000000000020273	1.0000000000180622
14	DMRG	3	exact	Sz	2.82266987561286e-11	0.0	1.0000000000180622	1.0000000000180622
14	DMRG	3	UHF	Sz	2.82266987561286e-11	0.3855551799127059	0.030307062365209622	1.0000000000180622
14	DMRG	3	UHFsym	Sz	2.82266987561286e-11	2.822669398563904e-11	0.9999999999999979	1.0000000000180622
14	DMRG	3	chi2	DoubleOcc	0.09735999961668351	0.09735999961668351	2.218203892671466	27.522116433057963
14	DMRG	3	chi4	DoubleOcc	0.09735999961668351	0.013277947662569789	21.9029393378586	27.522116433057963
14	DMRG	3	chi8	DoubleOcc	0.09735999961668351	-0.0005613173423817952	27.571901526856887	27.522116433057963
14	DMRG	3	chi16	DoubleOcc	0.09735999961668351	9.281951710721215e-5	27.51195798697587	27.522116433057963
14	DMRG	3	chi32	DoubleOcc	0.09735999961668351	2.614408102674659e-6	27.521837754523474	27.522116433057963
14	DMRG	3	exact	DoubleOcc	0.09735999961668351	0.0	27.522116433057963	27.522116433057963
14	DMRG	3	UHF	DoubleOcc	0.09735999961668351	-0.003987203647560472	1.035332205370352	27.522116433057963
14	DMRG	3	UHFsym	DoubleOcc	0.09735999961668351	-0.003987203647560472	27.437891594989694	27.522116433057963
14	DMRG	3	chi2	ZZ onsite	-0.6105600015093554	0.38943999849064415	2.3286869826127803	49.47740323850943
14	DMRG	3	chi4	ZZ onsite	-0.6105600015093554	0.05311176061642131	34.983988815732175	49.47740323850943
14	DMRG	3	chi8	ZZ onsite	-0.6105600015093554	-0.0022452687228485813	49.53602103209503	49.47740323850943
14	DMRG	3	chi16	ZZ onsite	-0.6105600015093554	0.0003712780871348853	49.46141157732498	49.47740323850943
14	DMRG	3	chi32	ZZ onsite	-0.6105600015093554	1.0457643141448258e-5	49.47697719519477	49.47740323850943
14	DMRG	3	exact	ZZ onsite	-0.6105600015093554	0.0	49.47740323850943	49.47740323850943
14	DMRG	3	UHF	ZZ onsite	-0.6105600015093554	-0.015948814566342895	48.49252177176357	49.47740323850943
14	DMRG	3	UHFsym	ZZ onsite	-0.6105600015093554	-0.015948814566342895	48.49252177176357	49.47740323850943
14	DMRG	3	chi2	ZZ up-up r=1	-0.6809703370583378	0.3190296629416618	4.415471006007083	70.14440381340621
14	DMRG	3	chi4	ZZ up-up r=1	-0.6809703370583378	0.14800398818576121	16.88332881513744	70.14440381340621
14	DMRG	3	chi8	ZZ up-up r=1	-0.6809703370583378	-0.00729117310599503	69.28568775641082	70.14440381340621
14	DMRG	3	chi16	ZZ up-up r=1	-0.6809703370583378	-0.003456823292766753	69.87108677914834	70.14440381340621
14	DMRG	3	chi32	ZZ up-up r=1	-0.6809703370583378	3.543625066571021e-5	70.14593016320093	70.14440381340621
14	DMRG	3	exact	ZZ up-up r=1	-0.6809703370583378	0.0	70.14440381340621	70.14440381340621
14	DMRG	3	UHF	ZZ up-up r=1	-0.6809703370583378	0.10492139358306052	27.33114076258637	70.14440381340621
14	DMRG	3	UHFsym	ZZ up-up r=1	-0.6809703370583378	-0.29038054418555204	5.128994118302819	70.14440381340621
14	DMRG	3	chi2	SzSz r=1	-0.14316569505994797	0.10683430494005192	1.6999527853678318	53.37287908003859
14	DMRG	3	chi4	SzSz r=1	-0.14316569505994797	0.03861103748961445	10.54740192280356	53.37287908003859
14	DMRG	3	chi8	SzSz r=1	-0.14316569505994797	-0.0017514103876558051	53.66072727408087	53.37287908003859
14	DMRG	3	chi16	SzSz r=1	-0.14316569505994797	-0.0006088109922108842	53.398955561242026	53.37287908003859
14	DMRG	3	chi32	SzSz r=1	-0.14316569505994797	5.457598511393602e-6	53.37320798094535	53.37287908003859
14	DMRG	3	exact	SzSz r=1	-0.14316569505994797	0.0	53.37287908003859	53.37287908003859
14	DMRG	3	UHF	SzSz r=1	-0.14316569505994797	0.029180837962840045	16.106901038943622	53.37287908003859
14	DMRG	3	UHFsym	SzSz r=1	-0.14316569505994797	-0.06964464647931225	4.061522541019726	53.37287908003859
14	DMRG	3	chi2	hop up r=1	0.5776047747916206	0.5776047747916206	1.0	45.001180972365
14	DMRG	3	chi4	hop up r=1	0.5776047747916206	-0.07181047440202493	27.914501676573366	45.001180972365
14	DMRG	3	chi8	hop up r=1	0.5776047747916206	0.004922832174294012	44.67473957642135	45.001180972365
14	DMRG	3	chi16	hop up r=1	0.5776047747916206	0.0010790285769144425	44.95350051316484	45.001180972365
14	DMRG	3	chi32	hop up r=1	0.5776047747916206	-1.6912893244902527e-5	45.00182033279774	45.001180972365
14	DMRG	3	exact	hop up r=1	0.5776047747916206	0.0	45.001180972365	45.001180972365
14	DMRG	3	UHF	hop up r=1	0.5776047747916206	0.1382743785059946	12.464876452629934	45.001180972365
14	DMRG	3	UHFsym	hop up r=1	0.5776047747916206	0.138274378505994	12.464876452630017	45.001180972365
14	ED	4	chi2	n	0.99999999999995	-4.973799150320701e-14	0.9999999997072646	1.0000000000053386
14	ED	4	chi4	n	0.99999999999995	-7.54464268837296e-9	1.000000007143094	1.0000000000053386
14	ED	4	chi8	n	0.99999999999995	9.168349413002375e-10	0.9999999991554355	1.0000000000053386
14	ED	4	chi16	n	0.99999999999995	7.755396325137554e-11	0.9999999999367567	1.0000000000053386
14	ED	4	chi32	n	0.99999999999995	-3.61710661422876e-13	1.0000000000011502	1.0000000000053386
14	ED	4	exact	n	0.99999999999995	-5.806466418789569e-12	1.0000000000053386	1.0000000000053386
14	ED	4	UHF	n	0.99999999999995	-4.907185768843192e-14	0.018884396581647287	1.0000000000053386
14	ED	4	UHFsym	n	0.99999999999995	-4.907185768843192e-14	0.9999999999999998	1.0000000000053386
14	ED	4	chi2	Sz	-1.5322465518607942e-13	-4.677997142432666e-9	0.9999999960462831	0.9999999999991146
14	ED	4	chi4	Sz	-1.5322465518607942e-13	3.1617781379167376e-9	1.0000000008481709	0.9999999999991146
14	ED	4	chi8	Sz	-1.5322465518607942e-13	-8.424261288553225e-12	1.0000000002147131	0.9999999999991146
14	ED	4	chi16	Sz	-1.5322465518607942e-13	1.3082801161856672e-10	1.0000000001294704	0.9999999999991146
14	ED	4	chi32	Sz	-1.5322465518607942e-13	1.3649734120768642e-11	1.0000000000115912	0.9999999999991146
14	ED	4	exact	Sz	-1.5322465518607942e-13	4.462749614297934e-13	0.9999999999991146	0.9999999999991146
14	ED	4	UHF	Sz	-1.5322465518607942e-13	-0.38443299719043167	0.030734440585009216	0.9999999999991146
14	ED	4	UHFsym	Sz	-1.5322465518607942e-13	-1.5321468052609255e-13	1.0000000000000004	0.9999999999991146
14	ED	4	chi2	DoubleOcc	0.10070316390566583	0.10070316390566583	2.1024004737861857	29.629242593660393
14	ED	4	chi4	DoubleOcc	0.10070316390566583	0.03017561688212861	13.565976298665047	29.629242593660393
14	ED	4	chi8	DoubleOcc	0.10070316390566583	-0.00043121243875998694	29.627268784847686	29.629242593660393
14	ED	4	chi16	DoubleOcc	0.10070316390566583	0.00013935069207660078	29.626848547825148	29.629242593660393
14	ED	4	chi32	DoubleOcc	0.10070316390566583	-2.313787998975414e-6	29.629269849547523	29.629242593660393
14	ED	4	exact	DoubleOcc	0.10070316390566583	2.176651914265193e-10	29.629242593660393	29.629242593660393
14	ED	4	UHF	DoubleOcc	0.10070316390566583	-0.0015081067656330105	1.1849324383600737	29.629242593660393
14	ED	4	UHFsym	DoubleOcc	0.10070316390566583	-0.0015081067656329272	29.560562989744813	29.629242593660393
14	ED	4	chi2	ZZ onsite	-0.5971873443772879	0.40281265562271185	2.1843009059734477	54.29911171886748
14	ED	4	chi4	ZZ onsite	-0.5971873443772879	0.12070248261774819	17.553815364840112	54.29911171886748
14	ED	4	chi8	ZZ onsite	-0.5971873443772879	-0.001724851588762788	54.22097206351496	54.29911171886748
14	ED	4	chi16	ZZ onsite	-0.5971873443772879	0.000557402613145408	54.314147403896236	54.29911171886748
14	ED	4	chi32	ZZ onsite	-0.5971873443772879	-9.255151324993882e-6	54.29881982463773	54.29911171886748
14	ED	4	exact	ZZ onsite	-0.5971873443772879	8.822234054406408e-10	54.29911171886748	54.29911171886748
14	ED	4	UHF	ZZ onsite	-0.5971873443772879	-0.0060324270624851906	53.82019519456436	54.29911171886748
14	ED	4	UHFsym	ZZ onsite	-0.5971873443772879	-0.0060324270624848575	53.820195194564384	54.29911171886748
14	ED	4	chi2	ZZ up-up r=1	-0.3716397042764686	-0.055990294194652235	11.606416541391994	16.162446562178353
14	ED	4	chi4	ZZ up-up r=1	-0.3716397042764686	-0.3199880210909703	1.315524471837845	16.162446562178353
14	ED	4	chi8	ZZ up-up r=1	-0.3716397042764686	-0.0034231949480440504	16.086233415407843	16.162446562178353
14	ED	4	chi16	ZZ up-up r=1	-0.3716397042764686	-0.000992163599529472	16.144445622234905	16.162446562178353
14	ED	4	chi32	ZZ up-up r=1	-0.3716397042764686	-5.09463841432134e-5	16.161604258120825	16.162446562178353
14	ED	4	exact	ZZ up-up r=1	-0.3716397042764686	-3.1659227461844353e-9	16.162446562178353	16.162446562178353
14	ED	4	UHF	ZZ up-up r=1	-0.3716397042764686	0.41219186244976197	0.8612037164831192	16.162446562178353
14	ED	4	UHFsym	ZZ up-up r=1	-0.3716397042764686	0.01795666461929485	15.904127975744721	16.162446562178353
14	ED	4	chi2	SzSz r=1	-0.07588793579900746	0.0030244167214466267	9.628164500417329	11.570051352918952
14	ED	4	chi4	SzSz r=1	-0.07588793579900746	-0.06297501500263289	1.3788279544952138	11.570051352918952
14	ED	4	chi8	SzSz r=1	-0.07588793579900746	-0.00047654896028290206	11.515572780556505	11.570051352918952
14	ED	4	chi16	SzSz r=1	-0.07588793579900746	-0.00022901923969274873	11.552189875703082	11.570051352918952
14	ED	4	chi32	SzSz r=1	-0.07588793579900746	-2.055390854295569e-5	11.568828826488572	11.570051352918952
14	ED	4	exact	SzSz r=1	-0.07588793579900746	-6.779040107041112e-10	11.570051352918952	11.570051352918952
14	ED	4	UHF	SzSz r=1	-0.07588793579900746	0.09600108740874372	0.704434823001867	11.570051352918952
14	ED	4	UHFsym	SzSz r=1	-0.07588793579900746	-0.002557712048873756	11.146358840597832	11.570051352918952
14	ED	4	chi2	hop up r=1	0.40740091376551246	0.40740091376551246	1.0	18.510537504164763
14	ED	4	chi4	hop up r=1	0.40740091376551246	0.40740091376551246	1.0	18.510537504164763
14	ED	4	chi8	hop up r=1	0.40740091376551246	0.003928202912573009	18.53909217547093	18.510537504164763
14	ED	4	chi16	hop up r=1	0.40740091376551246	0.0003469327399704958	18.515529180407707	18.510537504164763
14	ED	4	chi32	hop up r=1	0.40740091376551246	4.357422727974125e-5	18.51119057827775	18.510537504164763
14	ED	4	exact	hop up r=1	0.40740091376551246	2.299203438749231e-9	18.510537504164763	18.510537504164763
14	ED	4	UHF	hop up r=1	0.40740091376551246	-0.03140536215867651	16.357809233131867	18.510537504164763
14	ED	4	UHFsym	hop up r=1	0.40740091376551246	-0.03140536215867856	16.35780923313165	18.510537504164763
14	DMRG	4	chi2	n	1.0000000000057565	5.756728427286362e-12	0.9999999997072646	1.0000000000053386
14	DMRG	4	chi4	n	1.0000000000057565	-7.53883622195417e-9	1.000000007143094	1.0000000000053386
14	DMRG	4	chi8	n	1.0000000000057565	9.22641407719027e-10	0.9999999991554355	1.0000000000053386
14	DMRG	4	chi16	n	1.0000000000057565	8.33604296701651e-11	0.9999999999367567	1.0000000000053386
14	DMRG	4	chi32	n	1.0000000000057565	5.444755757366693e-12	1.0000000000011502	1.0000000000053386
14	DMRG	4	exact	n	1.0000000000057565	0.0	1.0000000000053386	1.0000000000053386
14	DMRG	4	UHF	n	1.0000000000057565	5.757394561101137e-12	0.018884396581647287	1.0000000000053386
14	DMRG	4	UHFsym	n	1.0000000000057565	5.757394561101137e-12	0.9999999999999998	1.0000000000053386
14	DMRG	4	chi2	Sz	-5.994996166158728e-13	-4.678443417394096e-9	0.9999999960462831	0.9999999999991146
14	DMRG	4	chi4	Sz	-5.994996166158728e-13	3.1613318629553078e-9	1.0000000008481709	0.9999999999991146
14	DMRG	4	chi8	Sz	-5.994996166158728e-13	-8.870536249983019e-12	1.0000000002147131	0.9999999999991146
14	DMRG	4	chi16	Sz	-5.994996166158728e-13	1.3038173665713693e-10	1.0000000001294704	0.9999999999991146
14	DMRG	4	chi32	Sz	-5.994996166158728e-13	1.3203459159338848e-11	1.0000000000115912	0.9999999999991146
14	DMRG	4	exact	Sz	-5.994996166158728e-13	0.0	0.9999999999991146	0.9999999999991146
14	DMRG	4	UHF	Sz	-5.994996166158728e-13	-0.384432997190878	0.030734440585009216	0.9999999999991146
14	DMRG	4	UHFsym	Sz	-5.994996166158728e-13	-5.994896419558859e-13	1.0000000000000004	0.9999999999991146
14	DMRG	4	chi2	DoubleOcc	0.10070316368800064	0.10070316368800064	2.1024004737861857	29.629242593660393
14	DMRG	4	chi4	DoubleOcc	0.10070316368800064	0.030175616664463417	13.565976298665047	29.629242593660393
14	DMRG	4	chi8	DoubleOcc	0.10070316368800064	-0.00043121265642517836	29.627268784847686	29.629242593660393
14	DMRG	4	chi16	DoubleOcc	0.10070316368800064	0.00013935047441140935	29.626848547825148	29.629242593660393
14	DMRG	4	chi32	DoubleOcc	0.10070316368800064	-2.3140056641668405e-6	29.629269849547523	29.629242593660393
14	DMRG	4	exact	DoubleOcc	0.10070316368800064	0.0	29.629242593660393	29.629242593660393
14	DMRG	4	UHF	DoubleOcc	0.10070316368800064	-0.001508106983298202	1.1849324383600737	29.629242593660393
14	DMRG	4	UHFsym	DoubleOcc	0.10070316368800064	-0.0015081069832981187	29.560562989744813	29.629242593660393
14	DMRG	4	chi2	ZZ onsite	-0.5971873452595113	0.40281265474048844	2.1843009059734477	54.29911171886748
14	DMRG	4	chi4	ZZ onsite	-0.5971873452595113	0.12070248173552478	17.553815364840112	54.29911171886748
14	DMRG	4	chi8	ZZ onsite	-0.5971873452595113	-0.0017248524709861934	54.22097206351496	54.29911171886748
14	DMRG	4	chi16	ZZ onsite	-0.5971873452595113	0.0005574017309220025	54.314147403896236	54.29911171886748
14	DMRG	4	chi32	ZZ onsite	-0.5971873452595113	-9.256033548399323e-6	54.29881982463773	54.29911171886748
14	DMRG	4	exact	ZZ onsite	-0.5971873452595113	0.0	54.29911171886748	54.29911171886748
14	DMRG	4	UHF	ZZ onsite	-0.5971873452595113	-0.006032427944708596	53.82019519456436	54.29911171886748
14	DMRG	4	UHFsym	ZZ onsite	-0.5971873452595113	-0.006032427944708263	53.820195194564384	54.29911171886748
14	DMRG	4	chi2	ZZ up-up r=1	-0.37163970111054584	-0.05599029102872949	11.606416541391994	16.162446562178353
14	DMRG	4	chi4	ZZ up-up r=1	-0.37163970111054584	-0.31998801792504755	1.315524471837845	16.162446562178353
14	DMRG	4	chi8	ZZ up-up r=1	-0.37163970111054584	-0.0034231917821213043	16.086233415407843	16.162446562178353
14	DMRG	4	chi16	ZZ up-up r=1	-0.37163970111054584	-0.0009921604336067258	16.144445622234905	16.162446562178353
14	DMRG	4	chi32	ZZ up-up r=1	-0.37163970111054584	-5.094321822046721e-5	16.161604258120825	16.162446562178353
14	DMRG	4	exact	ZZ up-up r=1	-0.37163970111054584	0.0	16.162446562178353	16.162446562178353
14	DMRG	4	UHF	ZZ up-up r=1	-0.37163970111054584	0.4121918656156847	0.8612037164831192	16.162446562178353
14	DMRG	4	UHFsym	ZZ up-up r=1	-0.37163970111054584	0.017956667785217595	15.904127975744721	16.162446562178353
14	DMRG	4	chi2	SzSz r=1	-0.07588793512110345	0.0030244173993506374	9.628164500417329	11.570051352918952
14	DMRG	4	chi4	SzSz r=1	-0.07588793512110345	-0.06297501432472888	1.3788279544952138	11.570051352918952
14	DMRG	4	chi8	SzSz r=1	-0.07588793512110345	-0.00047654828237889135	11.515572780556505	11.570051352918952
14	DMRG	4	chi16	SzSz r=1	-0.07588793512110345	-0.00022901856178873803	11.552189875703082	11.570051352918952
14	DMRG	4	chi32	SzSz r=1	-0.07588793512110345	-2.0553230638944986e-5	11.568828826488572	11.570051352918952
14	DMRG	4	exact	SzSz r=1	-0.07588793512110345	0.0	11.570051352918952	11.570051352918952
14	DMRG	4	UHF	SzSz r=1	-0.07588793512110345	0.09600108808664773	0.704434823001867	11.570051352918952
14	DMRG	4	UHFsym	SzSz r=1	-0.07588793512110345	-0.002557711370969745	11.146358840597832	11.570051352918952
14	DMRG	4	chi2	hop up r=1	0.407400911466309	0.407400911466309	1.0	18.510537504164763
14	DMRG	4	chi4	hop up r=1	0.407400911466309	0.407400911466309	1.0	18.510537504164763
14	DMRG	4	chi8	hop up r=1	0.407400911466309	0.00392820061336957	18.53909217547093	18.510537504164763
14	DMRG	4	chi16	hop up r=1	0.407400911466309	0.00034693044076705704	18.515529180407707	18.510537504164763
14	DMRG	4	chi32	hop up r=1	0.407400911466309	4.35719280763025e-5	18.51119057827775	18.510537504164763
14	DMRG	4	exact	hop up r=1	0.407400911466309	0.0	18.510537504164763	18.510537504164763
14	DMRG	4	UHF	hop up r=1	0.407400911466309	-0.03140536445787995	16.357809233131867	18.510537504164763
14	DMRG	4	UHFsym	hop up r=1	0.407400911466309	-0.031405364457882	16.35780923313165	18.510537504164763
14	ED	5	chi2	n	0.9999999999999748	-2.5424107263916085e-14	0.99999999987485	1.00000000000114
14	ED	5	chi4	n	0.9999999999999748	5.0152761943422774e-9	1.0000000001200424	1.00000000000114
14	ED	5	chi8	n	0.9999999999999748	-5.778154621438603e-10	0.9999999999905957	1.00000000000114
14	ED	5	chi16	n	0.9999999999999748	-4.8591908274886464e-11	1.00000000000228	1.00000000000114
14	ED	5	chi32	n	0.9999999999999748	-1.1415646206103247e-11	1.0000000000012181	1.00000000000114
14	ED	5	exact	n	0.9999999999999748	-7.489897591028694e-12	1.00000000000114	1.00000000000114
14	ED	5	UHF	n	0.9999999999999748	-2.5646151868841116e-14	0.019095796533012348	1.00000000000114
14	ED	5	UHFsym	n	0.9999999999999748	-2.5646151868841116e-14	1.000000000000002	1.00000000000114
14	ED	5	chi2	Sz	6.4698246760031e-14	4.2044191461698316e-9	1.0000000017980524	0.9999999999707199
14	ED	5	chi4	Sz	6.4698246760031e-14	-7.543195096326727e-10	1.0000000069626096	0.9999999999707199
14	ED	5	chi8	Sz	6.4698246760031e-14	-6.164214277903923e-11	0.9999999991343137	0.9999999999707199
14	ED	5	chi16	Sz	6.4698246760031e-14	-1.0822290286149894e-10	0.999999999883143	0.9999999999707199
14	ED	5	chi32	Sz	6.4698246760031e-14	-4.823864224734464e-11	0.9999999999627976	0.9999999999707199
14	ED	5	exact	Sz	6.4698246760031e-14	-4.304503975482987e-11	0.9999999999707199	0.9999999999707199
14	ED	5	UHF	Sz	6.4698246760031e-14	0.38451474200796554	0.02583340771988967	0.9999999999707199
14	ED	5	UHFsym	Sz	6.4698246760031e-14	6.470128252611396e-14	0.9999999999999993	0.9999999999707199
14	ED	5	chi2	DoubleOcc	0.09957371970568282	0.09957371970568282	2.1789940851406775	28.295081410673188
14	ED	5	chi4	DoubleOcc	0.09957371970568282	0.03359772617737375	11.949136733415118	28.295081410673188
14	ED	5	chi8	DoubleOcc	0.09957371970568282	-0.00026896559872419123	28.293783784003573	28.295081410673188
14	ED	5	chi16	DoubleOcc	0.09957371970568282	0.00015506567487816314	28.293583533496072	28.295081410673188
14	ED	5	chi32	DoubleOcc	0.09957371970568282	-1.3274454942202585e-6	28.29508714323017	28.295081410673188
14	ED	5	exact	DoubleOcc	0.09957371970568282	2.465338488910618e-10	28.295081410673188	28.295081410673188
14	ED	5	UHF	DoubleOcc	0.09957371970568282	-0.0025746934729148074	1.2319630667210084	28.295081410673188
14	ED	5	UHFsym	DoubleOcc	0.09957371970568282	-0.002574693472914835	28.081491966895015	28.295081410673188
14	ED	5	chi2	ZZ onsite	-0.6017051211772433	0.39829487882275694	2.2129758272871083	52.87930835587521
14	ED	5	chi4	ZZ onsite	-0.6017051211772433	0.13439089467891785	14.573146929802975	52.87930835587521
14	ED	5	chi8	ZZ onsite	-0.6017051211772433	-0.001075861239292819	52.884538570242306	52.87930835587521
14	ED	5	chi16	ZZ onsite	-0.6017051211772433	0.0006202627966699348	52.868301207809054	52.87930835587521
14	ED	5	chi32	ZZ onsite	-0.6017051211772433	-5.309759171456818e-6	52.87937737451561	52.87930835587521
14	ED	5	exact	ZZ onsite	-0.6017051211772433	1.0010902107282504e-9	52.87930835587521	52.87930835587521
14	ED	5	UHF	ZZ onsite	-0.6017051211772433	-0.010298773891632917	52.21601356289632	52.87930835587521
14	ED	5	UHFsym	ZZ onsite	-0.6017051211772433	-0.010298773891633028	52.216013562896315	52.87930835587521
14	ED	5	chi2	ZZ up-up r=1	-0.649600025597798	0.3503999744022023	3.2182049977204135	57.76707132783096
14	ED	5	chi4	ZZ up-up r=1	-0.649600025597798	0.14597007325045908	14.406162611755697	57.76707132783096
14	ED	5	chi8	ZZ up-up r=1	-0.649600025597798	-0.01079087716885807	57.35722377716431	57.76707132783096
14	ED	5	chi16	ZZ up-up r=1	-0.649600025597798	-0.0029542120693830665	57.83571115375347	57.76707132783096
14	ED	5	chi32	ZZ up-up r=1	-0.649600025597798	1.7330251408820274e-5	57.76626536127514	57.76707132783096
14	ED	5	exact	ZZ up-up r=1	-0.649600025597798	1.639785418561246e-9	57.76707132783096	57.76707132783096
14	ED	5	UHF	ZZ up-up r=1	-0.649600025597798	0.13439662311759326	16.226361864966165	57.76707132783096
14	ED	5	UHFsym	ZZ up-up r=1	-0.649600025597798	-0.2598882593734474	5.799361065389128	57.76707132783096
14	ED	5	chi2	SzSz r=1	-0.13631499495469576	0.1136850050453043	1.2423221915554297	36.777086763333855
14	ED	5	chi4	SzSz r=1	-0.13631499495469576	0.029589531739388664	11.63119721300006	36.777086763333855
14	ED	5	chi8	SzSz r=1	-0.13631499495469576	-0.0027246562760031567	36.892813999171395	36.777086763333855
14	ED	5	chi16	SzSz r=1	-0.13631499495469576	-6.871726274962353e-5	36.77122186409679	36.777086763333855
14	ED	5	chi32	SzSz r=1	-0.13631499495469576	-1.7328154045537225e-6	36.777713727184754	36.777086763333855
14	ED	5	exact	SzSz r=1	-0.13631499495469576	4.273968956525209e-10	36.777086763333855	36.777086763333855
14	ED	5	UHF	SzSz r=1	-0.13631499495469576	0.03560397823850556	9.064573131562591	36.777086763333855
14	ED	5	UHFsym	SzSz r=1	-0.13631499495469576	-0.06296724238425558	4.495853450516969	36.777086763333855
14	ED	5	chi2	hop up r=1	0.562070720809759	0.562070720809759	1.0	42.347215795882015
14	ED	5	chi4	hop up r=1	0.562070720809759	-0.0722874383802431	23.80370407380038	42.347215795882015
14	ED	5	chi8	hop up r=1	0.562070720809759	0.007743350658734771	42.39200441854536	42.347215795882015
14	ED	5	chi16	hop up r=1	0.562070720809759	0.0021603109380367025	42.427756641927246	42.347215795882015
14	ED	5	chi32	hop up r=1	0.562070720809759	4.2827611590467995e-6	42.34742716832829	42.347215795882015
14	ED	5	exact	hop up r=1	0.562070720809759	-3.4637803736359274e-10	42.347215795882015	42.347215795882015
14	ED	5	UHF	hop up r=1	0.562070720809759	0.12316126330721544	14.73917946708011	42.347215795882015
14	ED	5	UHFsym	hop up r=1	0.562070720809759	0.12316126330721261	14.739179467080568	42.347215795882015
14	DMRG	5	chi2	n	1.0000000000074647	7.464473483764777e-12	0.99999999987485	1.00000000000114
14	DMRG	5	chi4	n	1.0000000000074647	5.022766091933306e-9	1.0000000001200424	1.00000000000114
14	DMRG	5	chi8	n	1.0000000000074647	-5.703255645528316e-10	0.9999999999905957	1.00000000000114
14	DMRG	5	chi16	n	1.0000000000074647	-4.110201068385777e-11	1.00000000000228	1.00000000000114
14	DMRG	5	chi32	n	1.0000000000074647	-3.9257486150745535e-12	1.0000000000012181	1.00000000000114
14	DMRG	5	exact	n	1.0000000000074647	0.0	1.00000000000114	1.00000000000114
14	DMRG	5	UHF	n	1.0000000000074647	7.464251439159852e-12	0.019095796533012348	1.00000000000114
14	DMRG	5	UHFsym	n	1.0000000000074647	7.464251439159852e-12	1.000000000000002	1.00000000000114
14	DMRG	5	chi2	Sz	4.3109738001589903e-11	4.2474641859246614e-9	1.0000000017980524	0.9999999999707199
14	DMRG	5	chi4	Sz	4.3109738001589903e-11	-7.112744698778428e-10	1.0000000069626096	0.9999999999707199
14	DMRG	5	chi8	Sz	4.3109738001589903e-11	-1.859710302420936e-11	0.9999999991343137	0.9999999999707199
14	DMRG	5	chi16	Sz	4.3109738001589903e-11	-6.517786310666907e-11	0.999999999883143	0.9999999999707199
14	DMRG	5	chi32	Sz	4.3109738001589903e-11	-5.1936024925147706e-12	0.9999999999627976	0.9999999999707199
14	DMRG	5	exact	Sz	4.3109738001589903e-11	0.0	0.9999999999707199	0.9999999999707199
14	DMRG	5	UHF	Sz	4.3109738001589903e-11	0.38451474205101055	0.02583340771988967	0.9999999999707199
14	DMRG	5	UHFsym	Sz	4.3109738001589903e-11	4.3109741037355986e-11	0.9999999999999993	0.9999999999707199
14	DMRG	5	chi2	DoubleOcc	0.09957371945914897	0.09957371945914897	2.1789940851406775	28.295081410673188
14	DMRG	5	chi4	DoubleOcc	0.09957371945914897	0.0335977259308399	11.949136733415118	28.295081410673188
14	DMRG	5	chi8	DoubleOcc	0.09957371945914897	-0.0002689658452580401	28.293783784003573	28.295081410673188
14	DMRG	5	chi16	DoubleOcc	0.09957371945914897	0.00015506542834431425	28.293583533496072	28.295081410673188
14	DMRG	5	chi32	DoubleOcc	0.09957371945914897	-1.3276920280691495e-6	28.29508714323017	28.295081410673188
14	DMRG	5	exact	DoubleOcc	0.09957371945914897	0.0	28.295081410673188	28.295081410673188
14	DMRG	5	UHF	DoubleOcc	0.09957371945914897	-0.0025746937194486563	1.2319630667210084	28.295081410673188
14	DMRG	5	UHFsym	DoubleOcc	0.09957371945914897	-0.002574693719448684	28.081491966895015	28.295081410673188
14	DMRG	5	chi2	ZZ onsite	-0.6017051221783335	0.3982948778216667	2.2129758272871083	52.87930835587521
14	DMRG	5	chi4	ZZ onsite	-0.6017051221783335	0.13439089367782764	14.573146929802975	52.87930835587521
14	DMRG	5	chi8	ZZ onsite	-0.6017051221783335	-0.0010758622403830298	52.884538570242306	52.87930835587521
14	DMRG	5	chi16	ZZ onsite	-0.6017051221783335	0.000620261795579724	52.868301207809054	52.87930835587521
14	DMRG	5	chi32	ZZ onsite	-0.6017051221783335	-5.3107602616675464e-6	52.87937737451561	52.87930835587521
14	DMRG	5	exact	ZZ onsite	-0.6017051221783335	0.0	52.87930835587521	52.87930835587521
14	DMRG	5	UHF	ZZ onsite	-0.6017051221783335	-0.010298774892723128	52.21601356289632	52.87930835587521
14	DMRG	5	UHFsym	ZZ onsite	-0.6017051221783335	-0.01029877489272324	52.216013562896315	52.87930835587521
14	DMRG	5	chi2	ZZ up-up r=1	-0.6496000272375834	0.35039997276241686	3.2182049977204135	57.76707132783096
14	DMRG	5	chi4	ZZ up-up r=1	-0.6496000272375834	0.14597007161067366	14.406162611755697	57.76707132783096
14	DMRG	5	chi8	ZZ up-up r=1	-0.6496000272375834	-0.01079087880864349	57.35722377716431	57.76707132783096
14	DMRG	5	chi16	ZZ up-up r=1	-0.6496000272375834	-0.002954213709168485	57.83571115375347	57.76707132783096
14	DMRG	5	chi32	ZZ up-up r=1	-0.6496000272375834	1.7328611623401713e-5	57.76626536127514	57.76707132783096
14	DMRG	5	exact	ZZ up-up r=1	-0.6496000272375834	0.0	57.76707132783096	57.76707132783096
14	DMRG	5	UHF	ZZ up-up r=1	-0.6496000272375834	0.13439662147780784	16.226361864966165	57.76707132783096
14	DMRG	5	UHFsym	ZZ up-up r=1	-0.6496000272375834	-0.2598882610132328	5.799361065389128	57.76707132783096
14	DMRG	5	chi2	SzSz r=1	-0.13631499538209266	0.1136850046179074	1.2423221915554297	36.777086763333855
14	DMRG	5	chi4	SzSz r=1	-0.13631499538209266	0.029589531311991768	11.63119721300006	36.777086763333855
14	DMRG	5	chi8	SzSz r=1	-0.13631499538209266	-0.0027246567034000524	36.892813999171395	36.777086763333855
14	DMRG	5	chi16	SzSz r=1	-0.13631499538209266	-6.871769014651918e-5	36.77122186409679	36.777086763333855
14	DMRG	5	chi32	SzSz r=1	-0.13631499538209266	-1.733242801449375e-6	36.777713727184754	36.777086763333855
14	DMRG	5	exact	SzSz r=1	-0.13631499538209266	0.0	36.777086763333855	36.777086763333855
14	DMRG	5	UHF	SzSz r=1	-0.13631499538209266	0.03560397781110866	9.064573131562591	36.777086763333855
14	DMRG	5	UHFsym	SzSz r=1	-0.13631499538209266	-0.06296724281165247	4.495853450516969	36.777086763333855
14	DMRG	5	chi2	hop up r=1	0.562070721156137	0.562070721156137	1.0	42.347215795882015
14	DMRG	5	chi4	hop up r=1	0.562070721156137	-0.07228743803386506	23.80370407380038	42.347215795882015
14	DMRG	5	chi8	hop up r=1	0.562070721156137	0.0077433510051128085	42.39200441854536	42.347215795882015
14	DMRG	5	chi16	hop up r=1	0.562070721156137	0.00216031128441474	42.427756641927246	42.347215795882015
14	DMRG	5	chi32	hop up r=1	0.562070721156137	4.283107537084163e-6	42.34742716832829	42.347215795882015
14	DMRG	5	exact	hop up r=1	0.562070721156137	0.0	42.347215795882015	42.347215795882015
14	DMRG	5	UHF	hop up r=1	0.562070721156137	0.12316126365359348	14.73917946708011	42.347215795882015
14	DMRG	5	UHFsym	hop up r=1	0.562070721156137	0.12316126365359065	14.739179467080568	42.347215795882015
14	ED	6	chi2	n	0.9999999999999951	-4.6629367034256575e-15	0.9999999996055186	1.0000000000001898
14	ED	6	chi4	n	0.9999999999999951	-5.015306614453152e-9	0.9999999984523579	1.0000000000001898
14	ED	6	chi8	n	0.9999999999999951	1.1713960912373977e-9	1.000000000394338	1.0000000000001898
14	ED	6	chi16	n	0.9999999999999951	8.875811197128769e-11	1.0000000000521674	1.0000000000001898
14	ED	6	chi32	n	0.9999999999999951	-1.269784277724284e-11	1.0000000000012073	1.0000000000001898
14	ED	6	exact	n	0.9999999999999951	-9.552136859269922e-12	1.0000000000001898	1.0000000000001898
14	ED	6	UHF	n	0.9999999999999951	-3.552713678800501e-15	0.02207171158648144	1.0000000000001898
14	ED	6	UHFsym	n	0.9999999999999951	-3.552713678800501e-15	1.0000000000000004	1.0000000000001898
14	ED	6	chi2	Sz	-1.154319695384487e-13	-4.204470032548313e-9	1.0000000077157367	0.9999999999398376
14	ED	6	chi4	Sz	-1.154319695384487e-13	8.97526646753688e-10	1.0000000006188519	0.9999999999398376
14	ED	6	chi8	Sz	-1.154319695384487e-13	1.4047141921880169e-10	0.9999999992126944	0.9999999999398376
14	ED	6	chi16	Sz	-1.154319695384487e-13	2.480673340354844e-10	0.9999999995044317	0.9999999999398376
14	ED	6	chi32	Sz	-1.154319695384487e-13	5.676896105977214e-11	0.9999999999013415	0.9999999999398376
14	ED	6	exact	Sz	-1.154319695384487e-13	3.501816198125951e-11	0.9999999999398376	0.9999999999398376
14	ED	6	UHF	Sz	-1.154319695384487e-13	-0.384481446499548	0.030065694469948598	0.9999999999398376
14	ED	6	UHFsym	Sz	-1.154319695384487e-13	-1.154475820497325e-13	0.9999999999999992	0.9999999999398376
14	ED	6	chi2	DoubleOcc	0.1005169532267183	0.1005169532267183	2.032750823791462	29.361903527835928
14	ED	6	chi4	DoubleOcc	0.1005169532267183	0.034540954683108055	10.991976054361393	29.361903527835928
14	ED	6	chi8	DoubleOcc	0.1005169532267183	-0.0006359417943411494	29.415527215188902	29.361903527835928
14	ED	6	chi16	DoubleOcc	0.1005169532267183	0.00019912511380809628	29.338844218364134	29.361903527835928
14	ED	6	chi32	DoubleOcc	0.1005169532267183	-3.513693623030667e-6	29.36228372920938	29.361903527835928
14	ED	6	exact	DoubleOcc	0.1005169532267183	2.872507787188283e-10	29.361903527835928	29.361903527835928
14	ED	6	UHF	DoubleOcc	0.1005169532267183	-0.001657064070985037	1.3967723965179768	29.361903527835928
14	ED	6	UHFsym	DoubleOcc	0.1005169532267183	-0.0016570640709852313	29.437282108935854	29.361903527835928
14	ED	6	chi2	ZZ onsite	-0.597932187093122	0.4020678129068779	2.0702776746876146	52.3641319948716
14	ED	6	chi4	ZZ onsite	-0.597932187093122	0.13816382876303956	13.0495264206575	52.3641319948716
14	ED	6	chi8	ZZ onsite	-0.597932187093122	-0.0025437695201632193	52.52668443095028	52.3641319948716
14	ED	6	chi16	ZZ onsite	-0.597932187093122	0.0007965002777098329	52.293102736770024	52.3641319948716
14	ED	6	chi32	ZZ onsite	-0.597932187093122	-1.4054749103431519e-5	52.36529989024002	52.3641319948716
14	ED	6	exact	ZZ onsite	-0.597932187093122	1.1681023925902423e-9	52.3641319948716	52.3641319948716
14	ED	6	UHF	ZZ onsite	-0.597932187093122	-0.006628256283937928	52.57982923373822	52.3641319948716
14	ED	6	UHFsym	ZZ onsite	-0.597932187093122	-0.006628256283938705	52.57982923373819	52.3641319948716
14	ED	6	chi2	ZZ up-up r=1	-0.3869951526422753	-0.05483464000289179	13.986048405504436	18.32335298343888
14	ED	6	chi4	ZZ up-up r=1	-0.3869951526422753	-0.32960168932466144	1.3545823520610767	18.32335298343888
14	ED	6	chi8	ZZ up-up r=1	-0.3869951526422753	-0.0035114407647700574	18.348303629033403	18.32335298343888
14	ED	6	chi16	ZZ up-up r=1	-0.3869951526422753	-0.0014771848869883364	18.340333431314527	18.32335298343888
14	ED	6	chi32	ZZ up-up r=1	-0.3869951526422753	-9.741574853971979e-5	18.32476178991862	18.32335298343888
14	ED	6	exact	ZZ up-up r=1	-0.3869951526422753	-3.5101392903413853e-9	18.32335298343888	18.32335298343888
14	ED	6	UHF	ZZ up-up r=1	-0.3869951526422753	0.39694191660993877	0.92220198982226	18.32335298343888
14	ED	6	UHFsym	ZZ up-up r=1	-0.3869951526422753	0.0026894024546579853	18.26845662827929	18.32335298343888
14	ED	6	chi2	SzSz r=1	-0.0792087013407982	0.003831426819047676	9.665133647600191	11.939069598943082
14	ED	6	chi4	SzSz r=1	-0.0792087013407982	-0.06486033551139474	1.4202791988412806	11.939069598943082
14	ED	6	chi8	SzSz r=1	-0.0792087013407982	-0.0005693763323178641	11.877044776297085	11.939069598943082
14	ED	6	chi16	SzSz r=1	-0.0792087013407982	-0.00038843932585500007	11.94287013495604	11.939069598943082
14	ED	6	chi32	SzSz r=1	-0.0792087013407982	-3.339534309236558e-5	11.938755109322907	11.939069598943082
14	ED	6	exact	SzSz r=1	-0.0792087013407982	-6.894296245008036e-10	11.939069598943082	11.939069598943082
14	ED	6	UHF	SzSz r=1	-0.0792087013407982	0.0926967560973138	0.7546955376084257	11.939069598943082
14	ED	6	UHFsym	SzSz r=1	-0.0792087013407982	-0.005866372441508019	11.29398973164418	11.939069598943082
14	ED	6	chi2	hop up r=1	0.4165784531867712	0.4165784531867712	1.0	18.960401539200337
14	ED	6	chi4	hop up r=1	0.4165784531867712	0.4165784531867712	1.0	18.960401539200337
14	ED	6	chi8	hop up r=1	0.4165784531867712	0.004675436259338583	18.85133892090015	18.960401539200337
14	ED	6	chi16	hop up r=1	0.4165784531867712	0.0005823538341776513	18.951337662222247	18.960401539200337
14	ED	6	chi32	hop up r=1	0.4165784531867712	7.301168737511299e-5	18.959336404070562	18.960401539200337
14	ED	6	exact	hop up r=1	0.4165784531867712	2.6067505376481392e-9	18.960401539200337	18.960401539200337
14	ED	6	UHF	hop up r=1	0.4165784531867712	-0.02231843561462099	18.343454508541257	18.960401539200337
14	ED	6	UHFsym	hop up r=1	0.4165784531867712	-0.022318435614624932	18.343454508541004	18.960401539200337
14	DMRG	6	chi2	n	1.0000000000095473	9.547473922566496e-12	0.9999999996055186	1.0000000000001898
14	DMRG	6	chi4	n	1.0000000000095473	-5.005754477593882e-9	0.9999999984523579	1.0000000000001898
14	DMRG	6	chi8	n	1.0000000000095473	1.1809482280966677e-9	1.000000000394338	1.0000000000001898
14	DMRG	6	chi16	n	1.0000000000095473	9.831024883055761e-11	1.0000000000521674	1.0000000000001898
14	DMRG	6	chi32	n	1.0000000000095473	-3.1457059179729185e-12	1.0000000000012073	1.0000000000001898
14	DMRG	6	exact	n	1.0000000000095473	0.0	1.0000000000001898	1.0000000000001898
14	DMRG	6	UHF	n	1.0000000000095473	9.548584145591121e-12	0.02207171158648144	1.0000000000001898
14	DMRG	6	UHFsym	n	1.0000000000095473	9.548584145591121e-12	1.0000000000000004	1.0000000000001898
14	DMRG	6	chi2	Sz	-3.513359395079796e-11	-4.239488194529573e-9	1.0000000077157367	0.9999999999398376
14	DMRG	6	chi4	Sz	-3.513359395079796e-11	8.625084847724285e-10	1.0000000006188519	0.9999999999398376
14	DMRG	6	chi8	Sz	-3.513359395079796e-11	1.0545325723754218e-10	0.9999999992126944	0.9999999999398376
14	DMRG	6	chi16	Sz	-3.513359395079796e-11	2.130491720542249e-10	0.9999999995044317	0.9999999999398376
14	DMRG	6	chi32	Sz	-3.513359395079796e-11	2.1750799078512628e-11	0.9999999999013415	0.9999999999398376
14	DMRG	6	exact	Sz	-3.513359395079796e-11	0.0	0.9999999999398376	0.9999999999398376
14	DMRG	6	UHF	Sz	-3.513359395079796e-11	-0.38448144653456623	0.030065694469948598	0.9999999999398376
14	DMRG	6	UHFsym	Sz	-3.513359395079796e-11	-3.513360956330924e-11	0.9999999999999992	0.9999999999398376
14	DMRG	6	chi2	DoubleOcc	0.10051695293946752	0.10051695293946752	2.032750823791462	29.361903527835928
14	DMRG	6	chi4	DoubleOcc	0.10051695293946752	0.034540954395857276	10.991976054361393	29.361903527835928
14	DMRG	6	chi8	DoubleOcc	0.10051695293946752	-0.0006359420815919281	29.415527215188902	29.361903527835928
14	DMRG	6	chi16	DoubleOcc	0.10051695293946752	0.00019912482655731756	29.338844218364134	29.361903527835928
14	DMRG	6	chi32	DoubleOcc	0.10051695293946752	-3.513980873809386e-6	29.36228372920938	29.361903527835928
14	DMRG	6	exact	DoubleOcc	0.10051695293946752	0.0	29.361903527835928	29.361903527835928
14	DMRG	6	UHF	DoubleOcc	0.10051695293946752	-0.0016570643582358158	1.3967723965179768	29.361903527835928
14	DMRG	6	UHFsym	DoubleOcc	0.10051695293946752	-0.00165706435823601	29.437282108935854	29.361903527835928
14	DMRG	6	chi2	ZZ onsite	-0.5979321882612244	0.4020678117387755	2.0702776746876146	52.3641319948716
14	DMRG	6	chi4	ZZ onsite	-0.5979321882612244	0.13816382759493717	13.0495264206575	52.3641319948716
14	DMRG	6	chi8	ZZ onsite	-0.5979321882612244	-0.002543770688265612	52.52668443095028	52.3641319948716
14	DMRG	6	chi16	ZZ onsite	-0.5979321882612244	0.0007964991096074403	52.293102736770024	52.3641319948716
14	DMRG	6	chi32	ZZ onsite	-0.5979321882612244	-1.4055917205824109e-5	52.36529989024002	52.3641319948716
14	DMRG	6	exact	ZZ onsite	-0.5979321882612244	0.0	52.3641319948716	52.3641319948716
14	DMRG	6	UHF	ZZ onsite	-0.5979321882612244	-0.00662825745204032	52.57982923373822	52.3641319948716
14	DMRG	6	UHFsym	ZZ onsite	-0.5979321882612244	-0.0066282574520410975	52.57982923373819	52.3641319948716
14	DMRG	6	chi2	ZZ up-up r=1	-0.386995149132136	-0.0548346364927525	13.986048405504436	18.32335298343888
14	DMRG	6	chi4	ZZ up-up r=1	-0.386995149132136	-0.32960168581452215	1.3545823520610767	18.32335298343888
14	DMRG	6	chi8	ZZ up-up r=1	-0.386995149132136	-0.003511437254630767	18.348303629033403	18.32335298343888
14	DMRG	6	chi16	ZZ up-up r=1	-0.386995149132136	-0.001477181376849046	18.340333431314527	18.32335298343888
14	DMRG	6	chi32	ZZ up-up r=1	-0.386995149132136	-9.741223840042945e-5	18.32476178991862	18.32335298343888
14	DMRG	6	exact	ZZ up-up r=1	-0.386995149132136	0.0	18.32335298343888	18.32335298343888
14	DMRG	6	UHF	ZZ up-up r=1	-0.386995149132136	0.39694192012007806	0.92220198982226	18.32335298343888
14	DMRG	6	UHFsym	ZZ up-up r=1	-0.386995149132136	0.0026894059647972757	18.26845662827929	18.32335298343888
14	DMRG	6	chi2	SzSz r=1	-0.07920870065136858	0.0038314275084773003	9.665133647600191	11.939069598943082
14	DMRG	6	chi4	SzSz r=1	-0.07920870065136858	-0.06486033482196511	1.4202791988412806	11.939069598943082
14	DMRG	6	chi8	SzSz r=1	-0.07920870065136858	-0.0005693756428882396	11.877044776297085	11.939069598943082
14	DMRG	6	chi16	SzSz r=1	-0.07920870065136858	-0.00038843863642537557	11.94287013495604	11.939069598943082
14	DMRG	6	chi32	SzSz r=1	-0.07920870065136858	-3.339465366274108e-5	11.938755109322907	11.939069598943082
14	DMRG	6	exact	SzSz r=1	-0.07920870065136858	0.0	11.939069598943082	11.939069598943082
14	DMRG	6	UHF	SzSz r=1	-0.07920870065136858	0.09269675678674343	0.7546955376084257	11.939069598943082
14	DMRG	6	UHFsym	SzSz r=1	-0.07920870065136858	-0.005866371752078395	11.29398973164418	11.939069598943082
14	DMRG	6	chi2	hop up r=1	0.4165784505800207	0.4165784505800207	1.0	18.960401539200337
14	DMRG	6	chi4	hop up r=1	0.4165784505800207	0.4165784505800207	1.0	18.960401539200337
14	DMRG	6	chi8	hop up r=1	0.4165784505800207	0.004675433652588046	18.85133892090015	18.960401539200337
14	DMRG	6	chi16	hop up r=1	0.4165784505800207	0.0005823512274271136	18.951337662222247	18.960401539200337
14	DMRG	6	chi32	hop up r=1	0.4165784505800207	7.300908062457534e-5	18.959336404070562	18.960401539200337
14	DMRG	6	exact	hop up r=1	0.4165784505800207	0.0	18.960401539200337	18.960401539200337
14	DMRG	6	UHF	hop up r=1	0.4165784505800207	-0.022318438221371528	18.343454508541257	18.960401539200337
14	DMRG	6	UHFsym	hop up r=1	0.4165784505800207	-0.02231843822137547	18.343454508541004	18.960401539200337
14	ED	7	chi2	n	0.9999999999999973	-2.886579864025407e-15	1.0000000063698868	0.9999999999431896
14	ED	7	chi4	n	0.9999999999999973	-1.2020273665314107e-10	0.9999999989767993	0.9999999999431896
14	ED	7	chi8	n	0.9999999999999973	-5.428639759941234e-10	0.9999999994648102	0.9999999999431896
14	ED	7	chi16	n	0.9999999999999973	-3.966427186696819e-11	0.9999999995618355	0.9999999999431896
14	ED	7	chi32	n	0.9999999999999973	-7.065459328714496e-12	0.999999999895648	0.9999999999431896
14	ED	7	exact	n	0.9999999999999973	-5.943023850818463e-12	0.9999999999431896	0.9999999999431896
14	ED	7	UHF	n	0.9999999999999973	-5.329070518200751e-15	0.020452085574863912	0.9999999999431896
14	ED	7	UHFsym	n	0.9999999999999973	-5.329070518200751e-15	1.0000000000000004	0.9999999999431896
14	ED	7	chi2	Sz	-3.828187766785618e-14	3.210205261339194e-9	1.0000000021737556	0.9999999999795295
14	ED	7	chi4	Sz	-3.828187766785618e-14	-4.874136233512516e-10	0.9999999996289092	0.9999999999795295
14	ED	7	chi8	Sz	-3.828187766785618e-14	-1.4199385417468235e-10	0.9999999997183763	0.9999999999795295
14	ED	7	chi16	Sz	-3.828187766785618e-14	-2.115272748626218e-10	0.9999999998432418	0.9999999999795295
14	ED	7	chi32	Sz	-3.828187766785618e-14	-5.096700839146706e-11	0.9999999999631011	0.9999999999795295
14	ED	7	exact	Sz	-3.828187766785618e-14	-2.7271906954950964e-11	0.9999999999795295	0.9999999999795295
14	ED	7	UHF	Sz	-3.828187766785618e-14	0.3844831757398528	0.03129071904694757	0.9999999999795295
14	ED	7	UHFsym	Sz	-3.828187766785618e-14	-3.8282311348725173e-14	0.9999999999999991	0.9999999999795295
14	ED	7	chi2	DoubleOcc	0.10018641599445377	0.10018641599445377	2.1937328185117524	25.364755604706964
14	ED	7	chi4	DoubleOcc	0.10018641599445377	0.03499521007017434	11.30714308256358	25.364755604706964
14	ED	7	chi8	DoubleOcc	0.10018641599445377	-8.100246543715772e-5	25.36047461698762	25.364755604706964
14	ED	7	chi16	DoubleOcc	0.10018641599445377	0.00022714600601420054	25.374862644063576	25.364755604706964
14	ED	7	chi32	DoubleOcc	0.10018641599445377	-3.226041074000374e-6	25.364591887698975	25.364755604706964
14	ED	7	exact	DoubleOcc	0.10018641599445377	3.176025276108163e-10	25.364755604706964	25.364755604706964
14	ED	7	UHF	DoubleOcc	0.10018641599445377	-0.001986271578515608	0.974367312770276	25.364755604706964
14	ED	7	UHFsym	DoubleOcc	0.10018641599445377	-0.0019862715785155527	25.158529214377513	25.364755604706964
14	ED	7	chi2	ZZ onsite	-0.5992543360221806	0.40074566397781963	2.2228827806627476	53.47311901496011
14	ED	7	chi4	ZZ onsite	-0.5992543360221806	0.13998084052110094	14.232607961534683	53.47311901496011
14	ED	7	chi8	ZZ onsite	-0.5992543360221806	-0.00032400877602301037	53.46165985558355	53.47311901496011
14	ED	7	chi16	ZZ onsite	-0.5992543360221806	0.0009085841033827924	53.49658063201925	53.47311901496011
14	ED	7	chi32	ZZ onsite	-0.5992543360221806	-1.2904150165859996e-5	53.47269364912859	53.47311901496011
14	ED	7	exact	ZZ onsite	-0.5992543360221806	1.282295380988785e-9	53.47311901496011	53.47311901496011
14	ED	7	UHF	ZZ onsite	-0.5992543360221806	-0.007945086314052774	52.732671508403214	53.47311901496011
14	ED	7	UHFsym	ZZ onsite	-0.5992543360221806	-0.007945086314052552	52.732671508403264	53.47311901496011
14	ED	7	chi2	ZZ up-up r=1	-0.6420201790763402	0.35797982092366	3.1651962922630457	60.50752198210267
14	ED	7	chi4	ZZ up-up r=1	-0.6420201790763402	0.14194130812978967	15.968473073747992	60.50752198210267
14	ED	7	chi8	ZZ up-up r=1	-0.6420201790763402	-0.011986445686796743	58.81082922994567	60.50752198210267
14	ED	7	chi16	ZZ up-up r=1	-0.6420201790763402	-0.0030985146964322974	60.29579331731355	60.50752198210267
14	ED	7	chi32	ZZ up-up r=1	-0.6420201790763402	-6.586846466372087e-6	60.50724682823178	60.50752198210267
14	ED	7	exact	ZZ up-up r=1	-0.6420201790763402	1.519616321665751e-9	60.50752198210267	60.50752198210267
14	ED	7	UHF	ZZ up-up r=1	-0.6420201790763402	0.14192264978678715	15.971617899956879	60.50752198210267
14	ED	7	UHFsym	ZZ up-up r=1	-0.6420201790763402	-0.252331637555231	5.875807964117368	60.50752198210267
14	ED	7	chi2	SzSz r=1	-0.13466351805192955	0.1153364819480705	1.3540731195991083	40.24473187776367
14	ED	7	chi4	SzSz r=1	-0.13466351805192955	0.028731250817512988	15.290023601967839	40.24473187776367
14	ED	7	chi8	SzSz r=1	-0.13466351805192955	-0.003108557461353051	38.058583108792234	40.24473187776367
14	ED	7	chi16	SzSz r=1	-0.13466351805192955	-6.895799904613198e-5	40.22779761199614	40.24473187776367
14	ED	7	chi32	SzSz r=1	-0.13466351805192955	-6.168432573977478e-6	40.24275502047541	40.24473187776367
14	ED	7	exact	SzSz r=1	-0.13466351805192955	3.8099254306978025e-10	40.24473187776367	40.24473187776367
14	ED	7	UHF	SzSz r=1	-0.13466351805192955	0.03724299176947729	10.620563094207638	40.24473187776367
14	ED	7	UHFsym	SzSz r=1	-0.13466351805192955	-0.06132058006602688	4.334326408378751	40.24473187776367
14	ED	7	chi2	hop up r=1	0.5581257391586406	0.5581257391586406	1.0	38.69803295893266
14	ED	7	chi4	hop up r=1	0.5581257391586406	-0.07051451668806796	25.16191022003171	38.69803295893266
14	ED	7	chi8	hop up r=1	0.5581257391586406	0.008793750824293345	38.07702702815107	38.69803295893266
14	ED	7	chi16	hop up r=1	0.5581257391586406	0.0023423093006074147	38.60009994957455	38.69803295893266
14	ED	7	chi32	hop up r=1	0.5581257391586406	1.3235752248430543e-5	38.69762081251483	38.69803295893266
14	ED	7	exact	hop up r=1	0.5581257391586406	-2.2509438757367661e-10	38.69803295893266	38.69803295893266
14	ED	7	UHF	hop up r=1	0.5581257391586406	0.11922531861316304	13.842757241623469	38.69803295893266
14	ED	7	UHFsym	hop up r=1	0.5581257391586406	0.11922531861316371	13.84275724162337	38.69803295893266
14	DMRG	7	chi2	n	1.0000000000059404	5.9401372709544376e-12	1.0000000063698868	0.9999999999431896
14	DMRG	7	chi4	n	1.0000000000059404	-1.1425971280232261e-10	0.9999999989767993	0.9999999999431896
14	DMRG	7	chi8	n	1.0000000000059404	-5.369209521433049e-10	0.9999999994648102	0.9999999999431896
14	DMRG	7	chi16	n	1.0000000000059404	-3.372124801614973e-11	0.9999999995618355	0.9999999999431896
14	DMRG	7	chi32	n	1.0000000000059404	-1.1224354778960333e-12	0.999999999895648	0.9999999999431896
14	DMRG	7	exact	n	1.0000000000059404	0.0	0.9999999999431896	0.9999999999431896
14	DMRG	7	UHF	n	1.0000000000059404	5.937694780300262e-12	0.020452085574863912	0.9999999999431896
14	DMRG	7	UHFsym	n	1.0000000000059404	5.937694780300262e-12	1.0000000000000004	0.9999999999431896
14	DMRG	7	chi2	Sz	2.7233625077283108e-11	3.237477168294145e-9	1.0000000021737556	0.9999999999795295
14	DMRG	7	chi4	Sz	2.7233625077283108e-11	-4.6014171639630064e-10	0.9999999996289092	0.9999999999795295
14	DMRG	7	chi8	Sz	2.7233625077283108e-11	-1.1472194721973139e-10	0.9999999997183763	0.9999999999795295
14	DMRG	7	chi16	Sz	2.7233625077283108e-11	-1.8425536790767083e-10	0.9999999998432418	0.9999999999795295
14	DMRG	7	chi32	Sz	2.7233625077283108e-11	-2.3695101436516097e-11	0.9999999999631011	0.9999999999795295
14	DMRG	7	exact	Sz	2.7233625077283108e-11	0.0	0.9999999999795295	0.9999999999795295
14	DMRG	7	UHF	Sz	2.7233625077283108e-11	0.3844831757671247	0.03129071904694757	0.9999999999795295
14	DMRG	7	UHFsym	Sz	2.7233625077283108e-11	2.723362464360224e-11	0.9999999999999991	0.9999999999795295
14	DMRG	7	chi2	DoubleOcc	0.10018641567685124	0.10018641567685124	2.1937328185117524	25.364755604706964
14	DMRG	7	chi4	DoubleOcc	0.10018641567685124	0.03499520975257181	11.30714308256358	25.364755604706964
14	DMRG	7	chi8	DoubleOcc	0.10018641567685124	-8.100278303968533e-5	25.36047461698762	25.364755604706964
14	DMRG	7	chi16	DoubleOcc	0.10018641567685124	0.00022714568841167293	25.374862644063576	25.364755604706964
14	DMRG	7	chi32	DoubleOcc	0.10018641567685124	-3.226358676527985e-6	25.364591887698975	25.364755604706964
14	DMRG	7	exact	DoubleOcc	0.10018641567685124	0.0	25.364755604706964	25.364755604706964
14	DMRG	7	UHF	DoubleOcc	0.10018641567685124	-0.001986271896118136	0.974367312770276	25.364755604706964
14	DMRG	7	UHFsym	DoubleOcc	0.10018641567685124	-0.0019862718961180803	25.158529214377513	25.364755604706964
14	DMRG	7	chi2	ZZ onsite	-0.599254337304476	0.40074566269552425	2.2228827806627476	53.47311901496011
14	DMRG	7	chi4	ZZ onsite	-0.599254337304476	0.13998083923880555	14.232607961534683	53.47311901496011
14	DMRG	7	chi8	ZZ onsite	-0.599254337304476	-0.00032401005831839136	53.46165985558355	53.47311901496011
14	DMRG	7	chi16	ZZ onsite	-0.599254337304476	0.0009085828210874114	53.49658063201925	53.47311901496011
14	DMRG	7	chi32	ZZ onsite	-0.599254337304476	-1.2905432461240984e-5	53.47269364912859	53.47311901496011
14	DMRG	7	exact	ZZ onsite	-0.599254337304476	0.0	53.47311901496011	53.47311901496011
14	DMRG	7	UHF	ZZ onsite	-0.599254337304476	-0.007945087596348155	52.732671508403214	53.47311901496011
14	DMRG	7	UHFsym	ZZ onsite	-0.599254337304476	-0.007945087596347933	52.732671508403264	53.47311901496011
14	DMRG	7	chi2	ZZ up-up r=1	-0.6420201805959566	0.35797981940404366	3.1651962922630457	60.50752198210267
14	DMRG	7	chi4	ZZ up-up r=1	-0.6420201805959566	0.14194130661017335	15.968473073747992	60.50752198210267
14	DMRG	7	chi8	ZZ up-up r=1	-0.6420201805959566	-0.011986447206413064	58.81082922994567	60.50752198210267
14	DMRG	7	chi16	ZZ up-up r=1	-0.6420201805959566	-0.003098516216048619	60.29579331731355	60.50752198210267
14	DMRG	7	chi32	ZZ up-up r=1	-0.6420201805959566	-6.588366082693753e-6	60.50724682823178	60.50752198210267
14	DMRG	7	exact	ZZ up-up r=1	-0.6420201805959566	0.0	60.50752198210267	60.50752198210267
14	DMRG	7	UHF	ZZ up-up r=1	-0.6420201805959566	0.14192264826717083	15.971617899956879	60.50752198210267
14	DMRG	7	UHFsym	ZZ up-up r=1	-0.6420201805959566	-0.25233163907484735	5.875807964117368	60.50752198210267
14	DMRG	7	chi2	SzSz r=1	-0.1346635184329221	0.11533648156707796	1.3540731195991083	40.24473187776367
14	DMRG	7	chi4	SzSz r=1	-0.1346635184329221	0.028731250436520445	15.290023601967839	40.24473187776367
14	DMRG	7	chi8	SzSz r=1	-0.1346635184329221	-0.003108557842345594	38.058583108792234	40.24473187776367
14	DMRG	7	chi16	SzSz r=1	-0.1346635184329221	-6.895838003867505e-5	40.22779761199614	40.24473187776367
14	DMRG	7	chi32	SzSz r=1	-0.1346635184329221	-6.168813566520548e-6	40.24275502047541	40.24473187776367
14	DMRG	7	exact	SzSz r=1	-0.1346635184329221	0.0	40.24473187776367	40.24473187776367
14	DMRG	7	UHF	SzSz r=1	-0.1346635184329221	0.03724299138848475	10.620563094207638	40.24473187776367
14	DMRG	7	UHFsym	SzSz r=1	-0.1346635184329221	-0.06132058044701942	4.334326408378751	40.24473187776367
14	DMRG	7	chi2	hop up r=1	0.558125739383735	0.558125739383735	1.0	38.69803295893266
14	DMRG	7	chi4	hop up r=1	0.558125739383735	-0.07051451646297358	25.16191022003171	38.69803295893266
14	DMRG	7	chi8	hop up r=1	0.558125739383735	0.008793751049387732	38.07702702815107	38.69803295893266
14	DMRG	7	chi16	hop up r=1	0.558125739383735	0.0023423095257018023	38.60009994957455	38.69803295893266
14	DMRG	7	chi32	hop up r=1	0.558125739383735	1.3235977342818117e-5	38.69762081251483	38.69803295893266
14	DMRG	7	exact	hop up r=1	0.558125739383735	0.0	38.69803295893266	38.69803295893266
14	DMRG	7	UHF	hop up r=1	0.558125739383735	0.11922531883825743	13.842757241623469	38.69803295893266
14	DMRG	7	UHFsym	hop up r=1	0.558125739383735	0.1192253188382581	13.84275724162337	38.69803295893266
14	ED	8	chi2	n	0.9999999999999988	-1.2212453270876722e-15	0.9999999939537759	1.0000000000637832
14	ED	8	chi4	n	0.9999999999999988	1.2019862882794996e-10	1.000000000808512	1.0000000000637832
14	ED	8	chi8	n	0.9999999999999988	3.6104674805415016e-11	1.000000000117978	1.0000000000637832
14	ED	8	chi16	n	0.9999999999999988	8.220091274324659e-12	1.0000000001482543	1.0000000000637832
14	ED	8	chi32	n	0.9999999999999988	2.259414877414656e-12	1.0000000000854687	1.0000000000637832
14	ED	8	exact	n	0.9999999999999988	4.5677905902152816e-12	1.0000000000637832	1.0000000000637832
14	ED	8	UHF	n	0.9999999999999988	-5.88418203051333e-15	0.019344465524098808	1.0000000000637832
14	ED	8	UHFsym	n	0.9999999999999988	-5.662137425588298e-15	0.9999999999999993	1.0000000000637832
14	ED	8	chi2	Sz	-3.301525719479059e-14	-3.210276530718481e-9	0.9999999982494902	1.0000000000197238
14	ED	8	chi4	Sz	-3.301525719479059e-14	4.1038828585415743e-10	1.0000000002671703	1.0000000000197238
14	ED	8	chi8	Sz	-3.301525719479059e-14	5.694189911253922e-11	1.0000000000440965	1.0000000000197238
14	ED	8	chi16	Sz	-3.301525719479059e-14	7.739143700891127e-11	1.000000000045186	1.0000000000197238
14	ED	8	chi32	Sz	-3.301525719479059e-14	4.4991517456072216e-11	1.0000000000253662	1.0000000000197238
14	ED	8	exact	Sz	-3.301525719479059e-14	3.311527441152151e-11	1.0000000000197238	1.0000000000197238
14	ED	8	UHF	Sz	-3.301525719479059e-14	-0.3844831757399248	0.02724041476287273	1.0000000000197238
14	ED	8	UHFsym	Sz	-3.301525719479059e-14	-3.302306345043249e-14	0.9999999999999982	1.0000000000197238
14	ED	8	chi2	DoubleOcc	0.1001864159944513	0.1001864159944513	2.1934794071814725	26.922561389224494
14	ED	8	chi4	DoubleOcc	0.1001864159944513	0.034995210190371134	11.544392200524845	26.922561389224494
14	ED	8	chi8	DoubleOcc	0.1001864159944513	-0.0007462771036248206	26.867209585537548	26.922561389224494
14	ED	8	chi16	DoubleOcc	0.1001864159944513	0.0002253270446669342	26.932579628675335	26.922561389224494
14	ED	8	chi32	DoubleOcc	0.1001864159944513	-2.6015839514059724e-6	26.92242751209046	26.922561389224494
14	ED	8	exact	DoubleOcc	0.1001864159944513	3.295614892095955e-10	26.922561389224494	26.922561389224494
14	ED	8	UHF	DoubleOcc	0.1001864159944513	-0.001986271578518467	1.1762633680701817	26.922561389224494
14	ED	8	UHFsym	DoubleOcc	0.1001864159944513	-0.0019862715785184393	26.70103139541859	26.922561389224494
14	ED	8	chi2	ZZ onsite	-0.5992543360221925	0.40074566397780775	2.2159012027383067	48.238430568814
14	ED	8	chi4	ZZ onsite	-0.5992543360221925	0.13998084052108783	13.839651572226533	48.238430568814
14	ED	8	chi8	ZZ onsite	-0.5992543360221925	-0.002985108486709853	48.10587758460232	48.238430568814
14	ED	8	chi16	ZZ onsite	-0.5992543360221925	0.0009013081622245567	48.256492814549915	48.238430568814
14	ED	8	chi32	ZZ onsite	-0.5992543360221925	-1.0406340323010355e-5	48.238162274309786	48.238430568814
14	ED	8	exact	ZZ onsite	-0.5992543360221925	1.3091115969032785e-9	48.238430568814	48.238430568814
14	ED	8	UHF	ZZ onsite	-0.5992543360221925	-0.007945086314062655	47.64371327707435	48.238430568814
14	ED	8	UHFsym	ZZ onsite	-0.5992543360221925	-0.007945086314062544	47.643713277074355	48.238430568814
14	ED	8	chi2	ZZ up-up r=1	-0.38699515264221257	-0.04974078348510691	11.550393787551307	14.781800137205508
14	ED	8	chi4	ZZ up-up r=1	-0.38699515264221257	-0.3286707067505526	1.343773015660951	14.781800137205508
14	ED	8	chi8	ZZ up-up r=1	-0.38699515264221257	-0.0035161134169890973	14.703512607276526	14.781800137205508
14	ED	8	chi16	ZZ up-up r=1	-0.38699515264221257	-0.0015330416685275239	14.751542604607385	14.781800137205508
14	ED	8	chi32	ZZ up-up r=1	-0.38699515264221257	-9.967664027932255e-5	14.780016853184884	14.781800137205508
14	ED	8	exact	ZZ up-up r=1	-0.38699515264221257	-3.5992779312543632e-9	14.781800137205508	14.781800137205508
14	ED	8	UHF	ZZ up-up r=1	-0.38699515264221257	0.39694191661001593	1.017110347558311	14.781800137205508
14	ED	8	UHFsym	ZZ up-up r=1	-0.38699515264221257	0.002689402454723877	14.820163332057527	14.781800137205508
14	ED	8	chi2	SzSz r=1	-0.07920870134078396	0.005104890948492452	9.832257410786955	10.968450576029682
14	ED	8	chi4	SzSz r=1	-0.07920870134078396	-0.06462758986786897	1.4075977480313242	10.968450576029682
14	ED	8	chi8	SzSz r=1	-0.07920870134078396	-0.0005044317168278745	10.869793684467092	10.968450576029682
14	ED	8	chi16	SzSz r=1	-0.07920870134078396	-0.00039846189817119293	10.931417030339631	10.968450576029682
14	ED	8	chi32	SzSz r=1	-0.07920870134078396	-3.3158482541928436e-5	10.964257157682935	10.968450576029682
14	ED	8	exact	SzSz r=1	-0.07920870134078396	-6.991706935632891e-10	10.968450576029682	10.968450576029682
14	ED	8	UHF	SzSz r=1	-0.07920870134078396	0.09269675609732984	0.8668087858296953	10.968450576029682
14	ED	8	UHFsym	SzSz r=1	-0.07920870134078396	-0.005866372441493087	9.727427596098341	10.968450576029682
14	ED	8	chi2	hop up r=1	0.41657845318674197	0.41657845318674197	1.0	19.401821049960088
14	ED	8	chi4	hop up r=1	0.41657845318674197	0.41657845318674197	1.0	19.401821049960088
14	ED	8	chi8	hop up r=1	0.41657845318674197	0.005001483034612952	19.441023260443853	19.401821049960088
14	ED	8	chi16	hop up r=1	0.41657845318674197	0.0005777551855827845	19.411716166406123	19.401821049960088
14	ED	8	chi32	hop up r=1	0.41657845318674197	7.67240613443465e-5	19.403215258787682	19.401821049960088
14	ED	8	exact	hop up r=1	0.41657845318674197	2.5486801003005155e-9	19.401821049960088	19.401821049960088
14	ED	8	UHF	hop up r=1	0.41657845318674197	-0.02231843561465574	18.047576957550817	19.401821049960088
14	ED	8	UHFsym	hop up r=1	0.41657845318674197	-0.022318435614655463	18.047576957550838	19.401821049960088
14	DMRG	8	chi2	n	0.999999999995431	-4.569011835542369e-12	0.9999999939537759	1.0000000000637832
14	DMRG	8	chi4	n	0.999999999995431	1.1563083823773468e-10	1.000000000808512	1.0000000000637832
14	DMRG	8	chi8	n	0.999999999995431	3.1536884215199734e-11	1.000000000117978	1.0000000000637832
14	DMRG	8	chi16	n	0.999999999995431	3.6523006841093775e-12	1.0000000001482543	1.0000000000637832
14	DMRG	8	chi32	n	0.999999999995431	-2.3083757128006255e-12	1.0000000000854687	1.0000000000637832
14	DMRG	8	exact	n	0.999999999995431	0.0	1.0000000000637832	1.0000000000637832
14	DMRG	8	UHF	n	0.999999999995431	-4.573674772245795e-12	0.019344465524098808	1.0000000000637832
14	DMRG	8	UHFsym	n	0.999999999995431	-4.57345272764087e-12	0.9999999999999993	1.0000000000637832
14	DMRG	8	chi2	Sz	-3.31482896687163e-11	-3.2433918051300026e-9	0.9999999982494902	1.0000000000197238
14	DMRG	8	chi4	Sz	-3.31482896687163e-11	3.772730114426359e-10	1.0000000002671703	1.0000000000197238
14	DMRG	8	chi8	Sz	-3.31482896687163e-11	2.3826624701017707e-11	1.0000000000440965	1.0000000000197238
14	DMRG	8	chi16	Sz	-3.31482896687163e-11	4.4276162597389757e-11	1.000000000045186	1.0000000000197238
14	DMRG	8	chi32	Sz	-3.31482896687163e-11	1.1876243044550705e-11	1.0000000000253662	1.0000000000197238
14	DMRG	8	exact	Sz	-3.31482896687163e-11	0.0	1.0000000000197238	1.0000000000197238
14	DMRG	8	UHF	Sz	-3.31482896687163e-11	-0.38448317577304003	0.02724041476287273	1.0000000000197238
14	DMRG	8	UHFsym	Sz	-3.31482896687163e-11	-3.3148297474971944e-11	0.9999999999999982	1.0000000000197238
14	DMRG	8	chi2	DoubleOcc	0.10018641566488981	0.10018641566488981	2.1934794071814725	26.922561389224494
14	DMRG	8	chi4	DoubleOcc	0.10018641566488981	0.034995209860809645	11.544392200524845	26.922561389224494
14	DMRG	8	chi8	DoubleOcc	0.10018641566488981	-0.0007462774331863098	26.867209585537548	26.922561389224494
14	DMRG	8	chi16	DoubleOcc	0.10018641566488981	0.000225326715105445	26.932579628675335	26.922561389224494
14	DMRG	8	chi32	DoubleOcc	0.10018641566488981	-2.601913512895182e-6	26.92242751209046	26.922561389224494
14	DMRG	8	exact	DoubleOcc	0.10018641566488981	0.0	26.922561389224494	26.922561389224494
14	DMRG	8	UHF	DoubleOcc	0.10018641566488981	-0.0019862719080799562	1.1762633680701817	26.922561389224494
14	DMRG	8	UHFsym	DoubleOcc	0.10018641566488981	-0.0019862719080799285	26.70103139541859	26.922561389224494
14	DMRG	8	chi2	ZZ onsite	-0.5992543373313041	0.40074566266869616	2.2159012027383067	48.238430568814
14	DMRG	8	chi4	ZZ onsite	-0.5992543373313041	0.13998083921197624	13.839651572226533	48.238430568814
14	DMRG	8	chi8	ZZ onsite	-0.5992543373313041	-0.00298510979582145	48.10587758460232	48.238430568814
14	DMRG	8	chi16	ZZ onsite	-0.5992543373313041	0.0009013068531129598	48.256492814549915	48.238430568814
14	DMRG	8	chi32	ZZ onsite	-0.5992543373313041	-1.0407649434607258e-5	48.238162274309786	48.238430568814
14	DMRG	8	exact	ZZ onsite	-0.5992543373313041	0.0	48.238430568814	48.238430568814
14	DMRG	8	UHF	ZZ onsite	-0.5992543373313041	-0.007945087623174252	47.64371327707435	48.238430568814
14	DMRG	8	UHFsym	ZZ onsite	-0.5992543373313041	-0.00794508762317414	47.643713277074355	48.238430568814
14	DMRG	8	chi2	ZZ up-up r=1	-0.38699514904293464	-0.04974077988582898	11.550393787551307	14.781800137205508
14	DMRG	8	chi4	ZZ up-up r=1	-0.38699514904293464	-0.32867070315127467	1.343773015660951	14.781800137205508
14	DMRG	8	chi8	ZZ up-up r=1	-0.38699514904293464	-0.003516109817711166	14.703512607276526	14.781800137205508
14	DMRG	8	chi16	ZZ up-up r=1	-0.38699514904293464	-0.0015330380692495926	14.751542604607385	14.781800137205508
14	DMRG	8	chi32	ZZ up-up r=1	-0.38699514904293464	-9.96730410013913e-5	14.780016853184884	14.781800137205508
14	DMRG	8	exact	ZZ up-up r=1	-0.38699514904293464	0.0	14.781800137205508	14.781800137205508
14	DMRG	8	UHF	ZZ up-up r=1	-0.38699514904293464	0.39694192020929386	1.017110347558311	14.781800137205508
14	DMRG	8	UHFsym	ZZ up-up r=1	-0.38699514904293464	0.0026894060540018083	14.820163332057527	14.781800137205508
14	DMRG	8	chi2	SzSz r=1	-0.07920870064161327	0.005104891647663146	9.832257410786955	10.968450576029682
14	DMRG	8	chi4	SzSz r=1	-0.07920870064161327	-0.06462758916869828	1.4075977480313242	10.968450576029682
14	DMRG	8	chi8	SzSz r=1	-0.07920870064161327	-0.0005044310176571809	10.869793684467092	10.968450576029682
14	DMRG	8	chi16	SzSz r=1	-0.07920870064161327	-0.00039846119900049937	10.931417030339631	10.968450576029682
14	DMRG	8	chi32	SzSz r=1	-0.07920870064161327	-3.315778337123487e-5	10.964257157682935	10.968450576029682
14	DMRG	8	exact	SzSz r=1	-0.07920870064161327	0.0	10.968450576029682	10.968450576029682
14	DMRG	8	UHF	SzSz r=1	-0.07920870064161327	0.09269675679650054	0.8668087858296953	10.968450576029682
14	DMRG	8	UHFsym	SzSz r=1	-0.07920870064161327	-0.005866371742322393	9.727427596098341	10.968450576029682
14	DMRG	8	chi2	hop up r=1	0.41657845063806187	0.41657845063806187	1.0	19.401821049960088
14	DMRG	8	chi4	hop up r=1	0.41657845063806187	0.41657845063806187	1.0	19.401821049960088
14	DMRG	8	chi8	hop up r=1	0.41657845063806187	0.005001480485932852	19.441023260443853	19.401821049960088
14	DMRG	8	chi16	hop up r=1	0.41657845063806187	0.0005777526369026842	19.411716166406123	19.401821049960088
14	DMRG	8	chi32	hop up r=1	0.41657845063806187	7.67215126642462e-5	19.403215258787682	19.401821049960088
14	DMRG	8	exact	hop up r=1	0.41657845063806187	0.0	19.401821049960088	19.401821049960088
14	DMRG	8	UHF	hop up r=1	0.41657845063806187	-0.02231843816333584	18.047576957550817	19.401821049960088
14	DMRG	8	UHFsym	hop up r=1	0.41657845063806187	-0.022318438163335563	18.047576957550838	19.401821049960088
14	ED	9	chi2	n	1.0000000000000002	4.440892098500626e-16	0.9999999991943939	1.0000000000210023
14	ED	9	chi4	n	1.0000000000000002	-5.089928478696493e-12	1.0000000000059004	1.0000000000210023
14	ED	9	chi8	n	1.0000000000000002	1.342692623751418e-11	1.0000000000427736	1.0000000000210023
14	ED	9	chi16	n	1.0000000000000002	1.6390222512541186e-11	1.000000000020096	1.0000000000210023
14	ED	9	chi32	n	1.0000000000000002	1.5037859846245283e-11	1.000000000021771	1.0000000000210023
14	ED	9	exact	n	1.0000000000000002	1.5093148952871616e-11	1.0000000000210023	1.0000000000210023
14	ED	9	UHF	n	1.0000000000000002	-4.6629367034256575e-15	0.02156511903113967	1.0000000000210023
14	ED	9	UHFsym	n	1.0000000000000002	-4.6629367034256575e-15	1.0000000000000024	1.0000000000210023
14	ED	9	chi2	Sz	-1.8654522371264193e-13	1.0346190570942256e-9	1.0000000006816463	0.9999999999932193
14	ED	9	chi4	Sz	-1.8654522371264193e-13	-7.591628714553877e-12	0.9999999999913034	0.9999999999932193
14	ED	9	chi8	Sz	-1.8654522371264193e-13	-5.5576751534225366e-11	0.9999999999735859	0.9999999999932193
14	ED	9	chi16	Sz	-1.8654522371264193e-13	-2.6545467213257012e-11	0.9999999999949335	0.9999999999932193
14	ED	9	chi32	Sz	-1.8654522371264193e-13	-2.865245540828454e-11	0.9999999999925298	0.9999999999932193
14	ED	9	exact	Sz	-1.8654522371264193e-13	-2.7667285129595598e-11	0.9999999999932193	0.9999999999932193
14	ED	9	UHF	Sz	-1.8654522371264193e-13	0.38448144649924987	0.02683254045083333	0.9999999999932193
14	ED	9	UHFsym	Sz	-1.8654522371264193e-13	-1.8654825947872489e-13	0.9999999999999964	0.9999999999932193
14	ED	9	chi2	DoubleOcc	0.10051695322672019	0.10051695322672019	2.046155687148616	24.9699363758391
14	ED	9	chi4	DoubleOcc	0.10051695322672019	0.03517420971950516	10.31161388106624	24.9699363758391
14	ED	9	chi8	DoubleOcc	0.10051695322672019	3.2506920150110474e-6	24.96975985458729	24.9699363758391
14	ED	9	chi16	DoubleOcc	0.10051695322672019	0.00018661649432777372	24.958877514511336	24.9699363758391
14	ED	9	chi32	DoubleOcc	0.10051695322672019	-3.882061824916905e-6	24.970146469607705	24.9699363758391
14	ED	9	exact	DoubleOcc	0.10051695322672019	3.0031696574006617e-10	24.9699363758391	24.9699363758391
14	ED	9	UHF	DoubleOcc	0.10051695322672019	-0.001657064070983233	1.1710030012300479	24.9699363758391
14	ED	9	UHFsym	DoubleOcc	0.10051695322672019	-0.001657064070983122	24.985246203859393	24.9699363758391
14	ED	9	chi2	ZZ onsite	-0.5979321870931195	0.4020678129068803	2.1398865876334168	50.54171615108693
14	ED	9	chi4	ZZ onsite	-0.5979321870931195	0.1406968388882014	13.302553593014984	50.54171615108693
14	ED	9	chi8	ZZ onsite	-0.5979321870931195	1.300274120641376e-5	50.54150196631503	50.54171615108693
14	ED	9	chi16	ZZ onsite	-0.5979321870931195	0.0007464659445290955	50.5255747065851	50.54171615108693
14	ED	9	chi32	ZZ onsite	-0.5979321870931195	-1.5528277375054245e-5	50.54196886667106	50.54171615108693
14	ED	9	exact	ZZ onsite	-0.5979321870931195	1.1710830083444534e-9	50.54171615108693	50.54171615108693
14	ED	9	UHF	ZZ onsite	-0.5979321870931195	-0.006628256283923384	50.34219827166441	50.54171615108693
14	ED	9	UHFsym	ZZ onsite	-0.5979321870931195	-0.00662825628392294	50.342198271664465	50.54171615108693
14	ED	9	chi2	ZZ up-up r=1	-0.649600025597889	0.3503999744021108	3.2422110863053617	79.6604628381494
14	ED	9	chi4	ZZ up-up r=1	-0.649600025597889	0.14219514450086002	15.969143952843062	79.6604628381494
14	ED	9	chi8	ZZ up-up r=1	-0.649600025597889	-0.011747086010296393	78.78387206733379	79.6604628381494
14	ED	9	chi16	ZZ up-up r=1	-0.649600025597889	-0.003116233116813971	79.82925099653467	79.6604628381494
14	ED	9	chi32	ZZ up-up r=1	-0.649600025597889	4.214159455395716e-6	79.66003789884752	79.6604628381494
14	ED	9	exact	ZZ up-up r=1	-0.649600025597889	1.4136694037603093e-9	79.6604628381494	79.6604628381494
14	ED	9	UHF	ZZ up-up r=1	-0.649600025597889	0.13439662311751022	17.422614122778985	79.6604628381494
14	ED	9	UHFsym	ZZ up-up r=1	-0.649600025597889	-0.2598882593735374	5.947897407920772	79.6604628381494
14	ED	9	chi2	SzSz r=1	-0.1363149949547155	0.11368500504528445	1.4090142803136316	49.589331710379035
14	ED	9	chi4	SzSz r=1	-0.1363149949547155	0.028962425817636944	14.631425329040724	49.589331710379035
14	ED	9	chi8	SzSz r=1	-0.1363149949547155	-0.0030819536266294967	47.442921691930124	49.589331710379035
14	ED	9	chi16	SzSz r=1	-0.1363149949547155	-7.945199830325378e-5	49.61797671044377	49.589331710379035
14	ED	9	chi32	SzSz r=1	-0.1363149949547155	-1.8300061734033424e-6	49.58673902345379	49.589331710379035
14	ED	9	exact	SzSz r=1	-0.1363149949547155	4.142323706268769e-10	49.589331710379035	49.589331710379035
14	ED	9	UHF	SzSz r=1	-0.1363149949547155	0.035603978238487405	11.127905508736623	49.589331710379035
14	ED	9	UHFsym	SzSz r=1	-0.1363149949547155	-0.06296724238427488	4.502127283941727	49.589331710379035
14	ED	9	chi2	hop up r=1	0.5620707208098141	0.5620707208098141	1.0	41.87743151724827
14	ED	9	chi4	hop up r=1	0.5620707208098141	-0.06892381940005965	27.052589852534982	41.87743151724827
14	ED	9	chi8	hop up r=1	0.5620707208098141	0.008183624952885937	41.233616434941	41.87743151724827
14	ED	9	chi16	hop up r=1	0.5620707208098141	0.0022752189161939773	41.76790778911896	41.87743151724827
14	ED	9	chi32	hop up r=1	0.5620707208098141	7.530578403303068e-6	41.87715948639061	41.87743151724827
14	ED	9	exact	hop up r=1	0.5620707208098141	-3.800776360307623e-10	41.87743151724827	41.87743151724827
14	ED	9	UHF	hop up r=1	0.5620707208098141	0.1231612633072664	13.750387211713427	41.87743151724827
14	ED	9	UHFsym	hop up r=1	0.5620707208098141	0.1231612633072689	13.750387211713063	41.87743151724827
14	DMRG	9	chi2	n	0.9999999999849071	-1.5092704863661766e-11	0.9999999991943939	1.0000000000210023
14	DMRG	9	chi4	n	0.9999999999849071	-2.0183077431568108e-11	1.0000000000059004	1.0000000000210023
14	DMRG	9	chi8	n	0.9999999999849071	-1.666222715357435e-12	1.0000000000427736	1.0000000000210023
14	DMRG	9	chi16	n	0.9999999999849071	1.2970735596695704e-12	1.000000000020096	1.0000000000210023
14	DMRG	9	chi32	n	0.9999999999849071	-5.5289106626332796e-14	1.000000000021771	1.0000000000210023
14	DMRG	9	exact	n	0.9999999999849071	0.0	1.0000000000210023	1.0000000000210023
14	DMRG	9	UHF	n	0.9999999999849071	-1.509781188957504e-11	0.02156511903113967	1.0000000000210023
14	DMRG	9	UHFsym	n	0.9999999999849071	-1.509781188957504e-11	1.0000000000000024	1.0000000000210023
14	DMRG	9	chi2	Sz	2.7480739905882956e-11	1.0622863422238212e-9	1.0000000006816463	0.9999999999932193
14	DMRG	9	chi4	Sz	2.7480739905882956e-11	2.007565641504172e-11	0.9999999999913034	0.9999999999932193
14	DMRG	9	chi8	Sz	2.7480739905882956e-11	-2.7909466404629768e-11	0.9999999999735859	0.9999999999932193
14	DMRG	9	chi16	Sz	2.7480739905882956e-11	1.1218179163385855e-12	0.9999999999949335	0.9999999999932193
14	DMRG	9	chi32	Sz	2.7480739905882956e-11	-9.851702786889405e-13	0.9999999999925298	0.9999999999932193
14	DMRG	9	exact	Sz	2.7480739905882956e-11	0.0	0.9999999999932193	0.9999999999932193
14	DMRG	9	UHF	Sz	2.7480739905882956e-11	0.3844814465269171	0.02683254045083333	0.9999999999932193
14	DMRG	9	UHFsym	Sz	2.7480739905882956e-11	2.7480736870116873e-11	0.9999999999999964	0.9999999999932193
14	DMRG	9	chi2	DoubleOcc	0.10051695292640322	0.10051695292640322	2.046155687148616	24.9699363758391
14	DMRG	9	chi4	DoubleOcc	0.10051695292640322	0.035174209419188196	10.31161388106624	24.9699363758391
14	DMRG	9	chi8	DoubleOcc	0.10051695292640322	3.2503916980453074e-6	24.96975985458729	24.9699363758391
14	DMRG	9	chi16	DoubleOcc	0.10051695292640322	0.00018661619401080798	24.958877514511336	24.9699363758391
14	DMRG	9	chi32	DoubleOcc	0.10051695292640322	-3.882362141882645e-6	24.970146469607705	24.9699363758391
14	DMRG	9	exact	DoubleOcc	0.10051695292640322	0.0	24.9699363758391	24.9699363758391
14	DMRG	9	UHF	DoubleOcc	0.10051695292640322	-0.0016570643713001987	1.1710030012300479	24.9699363758391
14	DMRG	9	UHFsym	DoubleOcc	0.10051695292640322	-0.0016570643713000877	24.985246203859393	24.9699363758391
14	DMRG	9	chi2	ZZ onsite	-0.5979321882642025	0.4020678117357973	2.1398865876334168	50.54171615108693
14	DMRG	9	chi4	ZZ onsite	-0.5979321882642025	0.14069683771711838	13.302553593014984	50.54171615108693
14	DMRG	9	chi8	ZZ onsite	-0.5979321882642025	1.3001570123405415e-5	50.54150196631503	50.54171615108693
14	DMRG	9	chi16	ZZ onsite	-0.5979321882642025	0.0007464647734460872	50.5255747065851	50.54171615108693
14	DMRG	9	chi32	ZZ onsite	-0.5979321882642025	-1.552944845806259e-5	50.54196886667106	50.54171615108693
14	DMRG	9	exact	ZZ onsite	-0.5979321882642025	0.0	50.54171615108693	50.54171615108693
14	DMRG	9	UHF	ZZ onsite	-0.5979321882642025	-0.006628257455006392	50.34219827166441	50.54171615108693
14	DMRG	9	UHFsym	ZZ onsite	-0.5979321882642025	-0.006628257455005948	50.342198271664465	50.54171615108693
14	DMRG	9	chi2	ZZ up-up r=1	-0.6496000270115584	0.3503999729884414	3.2422110863053617	79.6604628381494
14	DMRG	9	chi4	ZZ up-up r=1	-0.6496000270115584	0.1421951430871906	15.969143952843062	79.6604628381494
14	DMRG	9	chi8	ZZ up-up r=1	-0.6496000270115584	-0.011747087423965796	78.78387206733379	79.6604628381494
14	DMRG	9	chi16	ZZ up-up r=1	-0.6496000270115584	-0.003116234530483375	79.82925099653467	79.6604628381494
14	DMRG	9	chi32	ZZ up-up r=1	-0.6496000270115584	4.212745785991956e-6	79.66003789884752	79.6604628381494
14	DMRG	9	exact	ZZ up-up r=1	-0.6496000270115584	0.0	79.6604628381494	79.6604628381494
14	DMRG	9	UHF	ZZ up-up r=1	-0.6496000270115584	0.1343966217038408	17.422614122778985	79.6604628381494
14	DMRG	9	UHFsym	ZZ up-up r=1	-0.6496000270115584	-0.2598882607872068	5.947897407920772	79.6604628381494
14	DMRG	9	chi2	SzSz r=1	-0.13631499536894787	0.11368500463105208	1.4090142803136316	49.589331710379035
14	DMRG	9	chi4	SzSz r=1	-0.13631499536894787	0.028962425403404574	14.631425329040724	49.589331710379035
14	DMRG	9	chi8	SzSz r=1	-0.13631499536894787	-0.0030819540408618673	47.442921691930124	49.589331710379035
14	DMRG	9	chi16	SzSz r=1	-0.13631499536894787	-7.94524125356244e-5	49.61797671044377	49.589331710379035
14	DMRG	9	chi32	SzSz r=1	-0.13631499536894787	-1.8304204057739693e-6	49.58673902345379	49.589331710379035
14	DMRG	9	exact	SzSz r=1	-0.13631499536894787	0.0	49.589331710379035	49.589331710379035
14	DMRG	9	UHF	SzSz r=1	-0.13631499536894787	0.035603977824255034	11.127905508736623	49.589331710379035
14	DMRG	9	UHFsym	SzSz r=1	-0.13631499536894787	-0.06296724279850725	4.502127283941727	49.589331710379035
14	DMRG	9	chi2	hop up r=1	0.5620707211898918	0.5620707211898918	1.0	41.87743151724827
14	DMRG	9	chi4	hop up r=1	0.5620707211898918	-0.06892381901998201	27.052589852534982	41.87743151724827
14	DMRG	9	chi8	hop up r=1	0.5620707211898918	0.008183625332963573	41.233616434941	41.87743151724827
14	DMRG	9	chi16	hop up r=1	0.5620707211898918	0.0022752192962716133	41.76790778911896	41.87743151724827
14	DMRG	9	chi32	hop up r=1	0.5620707211898918	7.530958480939098e-6	41.87715948639061	41.87743151724827
14	DMRG	9	exact	hop up r=1	0.5620707211898918	0.0	41.87743151724827	41.87743151724827
14	DMRG	9	UHF	hop up r=1	0.5620707211898918	0.12316126368734404	13.750387211713427	41.87743151724827
14	DMRG	9	UHFsym	hop up r=1	0.5620707211898918	0.12316126368734653	13.750387211713063	41.87743151724827
14	ED	10	chi2	n	0.9999999999999997	3.3306690738754696e-16	0.9999999988804049	1.000000000025918
14	ED	10	chi4	n	0.9999999999999997	5.090483590208805e-12	1.000000000066462	1.000000000025918
14	ED	10	chi8	n	0.9999999999999997	1.5508705430988812e-12	1.0000000000534137	1.000000000025918
14	ED	10	chi16	n	0.9999999999999997	3.4271474547153957e-12	1.0000000000331475	1.000000000025918
14	ED	10	chi32	n	0.9999999999999997	5.965894445125741e-12	1.0000000000295213	1.000000000025918
14	ED	10	exact	n	0.9999999999999997	7.584044503516907e-12	1.000000000025918	1.000000000025918
14	ED	10	UHF	n	0.9999999999999997	-2.220446049250313e-16	0.020050412412122246	1.000000000025918
14	ED	10	UHFsym	n	0.9999999999999997	-1.1102230246251565e-16	1.0000000000000002	1.000000000025918
14	ED	10	chi2	Sz	7.819786485008251e-14	-1.0347274044530952e-9	0.999999999006027	1.0000000000279583
14	ED	10	chi4	Sz	7.819786485008251e-14	6.689529138959038e-11	1.000000000062327	1.0000000000279583
14	ED	10	chi8	Sz	7.819786485008251e-14	5.1088733937776354e-11	1.0000000000484328	1.0000000000279583
14	ED	10	chi16	Sz	7.819786485008251e-14	3.434497131138414e-11	1.000000000031666	1.0000000000279583
14	ED	10	chi32	Sz	7.819786485008251e-14	3.3678265037861976e-11	1.0000000000301021	1.0000000000279583
14	ED	10	exact	Sz	7.819786485008251e-14	3.20593863956109e-11	1.0000000000279583	1.0000000000279583
14	ED	10	UHF	Sz	7.819786485008251e-14	-0.3845147420078234	0.02600133194095009	1.0000000000279583
14	ED	10	UHFsym	Sz	7.819786485008251e-14	7.82212836170082e-14	1.0	1.0000000000279583
14	ED	10	chi2	DoubleOcc	0.09957371970568474	0.09957371970568474	2.1963370074418265	26.164818478840434
14	ED	10	chi4	DoubleOcc	0.09957371970568474	0.03423097620356047	11.504575937987617	26.164818478840434
14	ED	10	chi8	DoubleOcc	0.09957371970568474	-0.0010206732759092396	26.116399553967423	26.164818478840434
14	ED	10	chi16	DoubleOcc	0.09957371970568474	0.00015563924592881806	26.166910138615634	26.164818478840434
14	ED	10	chi32	DoubleOcc	0.09957371970568474	-7.961938716660732e-7	26.164804166252587	26.164818478840434
14	ED	10	exact	DoubleOcc	0.09957371970568474	2.222917960814641e-10	26.164818478840434	26.164818478840434
14	ED	10	UHF	DoubleOcc	0.09957371970568474	-0.0025746934729120596	1.102798609318614	26.164818478840434
14	ED	10	UHFsym	DoubleOcc	0.09957371970568474	-0.002574693472912004	25.9286565468574	26.164818478840434
14	ED	10	chi2	ZZ onsite	-0.6017051211772619	0.3982948788227374	2.28354453924532	53.25905245394525
14	ED	10	chi4	ZZ onsite	-0.6017051211772619	0.13692390480405925	14.96014376962645	53.25905245394525
14	ED	10	chi8	ZZ onsite	-0.6017051211772619	-0.004082693106740476	52.945065243080414	53.25905245394525
14	ED	10	chi16	ZZ onsite	-0.6017051211772619	0.0006225569768577577	53.28493418551165	53.25905245394525
14	ED	10	chi32	ZZ onsite	-0.6017051211772619	-3.184787419785451e-6	53.258904909122926	53.25905245394525
14	ED	10	exact	ZZ onsite	-0.6017051211772619	8.739990953188226e-10	53.25905245394525	53.25905245394525
14	ED	10	UHF	ZZ onsite	-0.6017051211772619	-0.01029877389164957	52.005317452739305	53.25905245394525
14	ED	10	UHFsym	ZZ onsite	-0.6017051211772619	-0.010298773891649238	52.00531745273935	53.25905245394525
14	ED	10	chi2	ZZ up-up r=1	-0.3716397042763705	-0.04105019658798398	13.756090612239852	16.983354724530937
14	ED	10	chi4	ZZ up-up r=1	-0.3716397042763705	-0.31876701850873757	1.325977184931156	16.983354724530937
14	ED	10	chi8	ZZ up-up r=1	-0.3716397042763705	-0.003369860549072845	16.899949192084154	16.983354724530937
14	ED	10	chi16	ZZ up-up r=1	-0.3716397042763705	-0.0010630505652644562	16.961639853143925	16.983354724530937
14	ED	10	chi32	ZZ up-up r=1	-0.3716397042763705	-5.0139223810141686e-5	16.98242663930105	16.983354724530937
14	ED	10	exact	ZZ up-up r=1	-0.3716397042763705	-3.866613695890919e-9	16.983354724530937	16.983354724530937
14	ED	10	UHF	ZZ up-up r=1	-0.3716397042763705	0.41219186244986716	0.861266663491521	16.983354724530937
14	ED	10	UHFsym	ZZ up-up r=1	-0.3716397042763705	0.017956664619391716	16.701082082607257	16.983354724530937
14	ED	10	chi2	SzSz r=1	-0.07588793579898412	0.006759441123112511	9.201843522955787	11.439062310850233
14	ED	10	chi4	SzSz r=1	-0.07588793579898412	-0.0626697643570759	1.402184597848731	11.439062310850233
14	ED	10	chi8	SzSz r=1	-0.07588793579898412	-0.00036311998220456276	11.390394654992484	11.439062310850233
14	ED	10	chi16	SzSz r=1	-0.07588793579898412	-0.00022387660930126008	11.436894405619407	11.439062310850233
14	ED	10	chi32	SzSz r=1	-0.07588793579898412	-1.986715632076863e-5	11.438152260772567	11.439062310850233
14	ED	10	exact	SzSz r=1	-0.07588793579898412	-6.64095528568609e-10	11.439062310850233	11.439062310850233
14	ED	10	UHF	SzSz r=1	-0.07588793579898412	0.09600108740876695	0.6539465562388407	11.439062310850233
14	ED	10	UHFsym	SzSz r=1	-0.07588793579898412	-0.0025577120488505523	10.915233761198536	11.439062310850233
14	ED	10	chi2	hop up r=1	0.4074009137654904	0.4074009137654904	1.0	20.65126247854987
14	ED	10	chi4	hop up r=1	0.4074009137654904	0.4074009137654904	1.0	20.65126247854987
14	ED	10	chi8	hop up r=1	0.4074009137654904	0.004795866227846779	20.607143780330652	20.65126247854987
14	ED	10	chi16	hop up r=1	0.4074009137654904	0.0003981618923685759	20.651884067403184	20.65126247854987
14	ED	10	chi32	hop up r=1	0.4074009137654904	4.918601398828937e-5	20.651381334293674	20.65126247854987
14	ED	10	exact	hop up r=1	0.4074009137654904	2.346276284370674e-9	20.65126247854987	20.65126247854987
14	ED	10	UHF	hop up r=1	0.4074009137654904	-0.03140536215870399	18.42329815595608	20.65126247854987
14	ED	10	UHFsym	hop up r=1	0.4074009137654904	-0.03140536215869899	18.423298155956708	20.65126247854987
14	DMRG	10	chi2	n	0.9999999999924156	-7.58371143660952e-12	0.9999999988804049	1.000000000025918
14	DMRG	10	chi4	n	0.9999999999924156	-2.4935609133081016e-12	1.000000000066462	1.000000000025918
14	DMRG	10	chi8	n	0.9999999999924156	-6.033173960418026e-12	1.0000000000534137	1.000000000025918
14	DMRG	10	chi16	n	0.9999999999924156	-4.156897048801511e-12	1.0000000000331475	1.000000000025918
14	DMRG	10	chi32	n	0.9999999999924156	-1.6181500583911657e-12	1.0000000000295213	1.000000000025918
14	DMRG	10	exact	n	0.9999999999924156	0.0	1.000000000025918	1.000000000025918
14	DMRG	10	UHF	n	0.9999999999924156	-7.584266548121832e-12	0.020050412412122246	1.000000000025918
14	DMRG	10	UHFsym	n	0.9999999999924156	-7.58415552581937e-12	1.0000000000000002	1.000000000025918
14	DMRG	10	chi2	Sz	-3.198118853076082e-11	-1.066786790848706e-9	0.999999999006027	1.0000000000279583
14	DMRG	10	chi4	Sz	-3.198118853076082e-11	3.483590499397948e-11	1.000000000062327	1.0000000000279583
14	DMRG	10	chi8	Sz	-3.198118853076082e-11	1.9029347542165453e-11	1.0000000000484328	1.0000000000279583
14	DMRG	10	chi16	Sz	-3.198118853076082e-11	2.285584915773242e-12	1.000000000031666	1.0000000000279583
14	DMRG	10	chi32	Sz	-3.198118853076082e-11	1.618878642251076e-12	1.0000000000301021	1.0000000000279583
14	DMRG	10	exact	Sz	-3.198118853076082e-11	0.0	1.0000000000279583	1.0000000000279583
14	DMRG	10	UHF	Sz	-3.198118853076082e-11	-0.3845147420398828	0.02600133194095009	1.0000000000279583
14	DMRG	10	UHFsym	Sz	-3.198118853076082e-11	-3.198116511199389e-11	1.0	1.0000000000279583
14	DMRG	10	chi2	DoubleOcc	0.09957371948339294	0.09957371948339294	2.1963370074418265	26.164818478840434
14	DMRG	10	chi4	DoubleOcc	0.09957371948339294	0.034230975981268674	11.504575937987617	26.164818478840434
14	DMRG	10	chi8	DoubleOcc	0.09957371948339294	-0.0010206734982010357	26.116399553967423	26.164818478840434
14	DMRG	10	chi16	DoubleOcc	0.09957371948339294	0.00015563902363702198	26.166910138615634	26.164818478840434
14	DMRG	10	chi32	DoubleOcc	0.09957371948339294	-7.964161634621547e-7	26.164804166252587	26.164818478840434
14	DMRG	10	exact	DoubleOcc	0.09957371948339294	0.0	26.164818478840434	26.164818478840434
14	DMRG	10	UHF	DoubleOcc	0.09957371948339294	-0.0025746936952038557	1.102798609318614	26.164818478840434
14	DMRG	10	UHFsym	DoubleOcc	0.09957371948339294	-0.0025746936952038	25.9286565468574	26.164818478840434
14	DMRG	10	chi2	ZZ onsite	-0.601705122051261	0.3982948779487383	2.28354453924532	53.25905245394525
14	DMRG	10	chi4	ZZ onsite	-0.601705122051261	0.13692390393006015	14.96014376962645	53.25905245394525
14	DMRG	10	chi8	ZZ onsite	-0.601705122051261	-0.004082693980739571	52.945065243080414	53.25905245394525
14	DMRG	10	chi16	ZZ onsite	-0.601705122051261	0.0006225561028586624	53.28493418551165	53.25905245394525
14	DMRG	10	chi32	ZZ onsite	-0.601705122051261	-3.1856614188807697e-6	53.258904909122926	53.25905245394525
14	DMRG	10	exact	ZZ onsite	-0.601705122051261	0.0	53.25905245394525	53.25905245394525
14	DMRG	10	UHF	ZZ onsite	-0.601705122051261	-0.010298774765648666	52.005317452739305	53.25905245394525
14	DMRG	10	UHFsym	ZZ onsite	-0.601705122051261	-0.010298774765648333	52.00531745273935	53.25905245394525
14	DMRG	10	chi2	ZZ up-up r=1	-0.3716397004097568	-0.04105019272137028	13.756090612239852	16.983354724530937
14	DMRG	10	chi4	ZZ up-up r=1	-0.3716397004097568	-0.31876701464212387	1.325977184931156	16.983354724530937
14	DMRG	10	chi8	ZZ up-up r=1	-0.3716397004097568	-0.003369856682459149	16.899949192084154	16.983354724530937
14	DMRG	10	chi16	ZZ up-up r=1	-0.3716397004097568	-0.0010630466986507603	16.961639853143925	16.983354724530937
14	DMRG	10	chi32	ZZ up-up r=1	-0.3716397004097568	-5.0135357196445796e-5	16.98242663930105	16.983354724530937
14	DMRG	10	exact	ZZ up-up r=1	-0.3716397004097568	0.0	16.983354724530937	16.983354724530937
14	DMRG	10	UHF	ZZ up-up r=1	-0.3716397004097568	0.41219186631648086	0.861266663491521	16.983354724530937
14	DMRG	10	UHFsym	ZZ up-up r=1	-0.3716397004097568	0.01795666848600541	16.701082082607257	16.983354724530937
14	DMRG	10	chi2	SzSz r=1	-0.07588793513488859	0.00675944178720804	9.201843522955787	11.439062310850233
14	DMRG	10	chi4	SzSz r=1	-0.07588793513488859	-0.06266976369298037	1.402184597848731	11.439062310850233
14	DMRG	10	chi8	SzSz r=1	-0.07588793513488859	-0.0003631193181090342	11.390394654992484	11.439062310850233
14	DMRG	10	chi16	SzSz r=1	-0.07588793513488859	-0.0002238759452057315	11.436894405619407	11.439062310850233
14	DMRG	10	chi32	SzSz r=1	-0.07588793513488859	-1.9866492225240062e-5	11.438152260772567	11.439062310850233
14	DMRG	10	exact	SzSz r=1	-0.07588793513488859	0.0	11.439062310850233	11.439062310850233
14	DMRG	10	UHF	SzSz r=1	-0.07588793513488859	0.09600108807286248	0.6539465562388407	11.439062310850233
14	DMRG	10	UHFsym	SzSz r=1	-0.07588793513488859	-0.0025577113847550237	10.915233761198536	11.439062310850233
14	DMRG	10	chi2	hop up r=1	0.40740091141921414	0.40740091141921414	1.0	20.65126247854987
14	DMRG	10	chi4	hop up r=1	0.40740091141921414	0.40740091141921414	1.0	20.65126247854987
14	DMRG	10	chi8	hop up r=1	0.40740091141921414	0.004795863881570495	20.607143780330652	20.65126247854987
14	DMRG	10	chi16	hop up r=1	0.40740091141921414	0.00039815954609229154	20.651884067403184	20.65126247854987
14	DMRG	10	chi32	hop up r=1	0.40740091141921414	4.9183667712005e-5	20.651381334293674	20.65126247854987
14	DMRG	10	exact	hop up r=1	0.40740091141921414	0.0	20.65126247854987	20.65126247854987
14	DMRG	10	UHF	hop up r=1	0.40740091141921414	-0.03140536450498027	18.42329815595608	20.65126247854987
14	DMRG	10	UHFsym	hop up r=1	0.40740091141921414	-0.031405364504975275	18.423298155956708	20.65126247854987
14	ED	11	chi2	n	1.000000000000001	2.4424906541753444e-15	0.9999999998838245	1.000000000023359
14	ED	11	chi4	n	1.000000000000001	4.031774913926256e-12	1.0000000000144607	1.000000000023359
14	ED	11	chi8	n	1.000000000000001	1.2903789148310807e-11	1.000000000025429	1.000000000023359
14	ED	11	chi16	n	1.000000000000001	1.175382013940407e-11	1.0000000000208984	1.000000000023359
14	ED	11	chi32	n	1.000000000000001	1.1837086866250957e-11	1.0000000000211153	1.000000000023359
14	ED	11	exact	n	1.000000000000001	1.4088730182493236e-11	1.000000000023359	1.000000000023359
14	ED	11	UHF	n	1.000000000000001	2.55351295663786e-15	0.018921839040533146	1.000000000023359
14	ED	11	UHFsym	n	1.000000000000001	2.6645352591003757e-15	1.000000000000002	1.000000000023359
14	ED	11	chi2	Sz	-1.788499903732088e-13	3.211565804961332e-10	1.0000000002992837	0.9999999999708288
14	ED	11	chi4	Sz	-1.788499903732088e-13	-2.5993977803562274e-11	0.999999999971619	0.9999999999708288
14	ED	11	chi8	Sz	-1.788499903732088e-13	-2.5117234681015788e-11	0.9999999999628905	0.9999999999708288
14	ED	11	chi16	Sz	-1.788499903732088e-13	-1.6627407783964543e-11	0.9999999999720336	0.9999999999708288
14	ED	11	chi32	Sz	-1.788499903732088e-13	-1.6935793045735892e-11	0.9999999999716576	0.9999999999708288
14	ED	11	exact	Sz	-1.788499903732088e-13	-1.5226452043659577e-11	0.9999999999708288	0.9999999999708288
14	ED	11	UHF	Sz	-1.788499903732088e-13	0.38443299719009916	0.03103474747148603	0.9999999999708288
14	ED	11	UHFsym	Sz	-1.788499903732088e-13	-1.7886993969318254e-13	0.9999999999999981	0.9999999999708288
14	ED	11	chi2	DoubleOcc	0.10070316390566936	0.10070316390566936	2.2372755285417045	28.310495554941276
14	ED	11	chi4	DoubleOcc	0.10070316390566936	0.034391892499718774	12.550965083254	28.310495554941276
14	ED	11	chi8	DoubleOcc	0.10070316390566936	0.00012324149477341284	28.325953372682076	28.310495554941276
14	ED	11	chi16	DoubleOcc	0.10070316390566936	0.00012893910750025328	28.326643542759665	28.310495554941276
14	ED	11	chi32	DoubleOcc	0.10070316390566936	-2.481234929518905e-6	28.310173937590964	28.310495554941276
14	ED	11	exact	DoubleOcc	0.10070316390566936	2.0282769908064324e-10	28.310495554941276	28.310495554941276
14	ED	11	UHF	DoubleOcc	0.10070316390566936	-0.0015081067656296243	1.2142202515764327	28.310495554941276
14	ED	11	UHFsym	DoubleOcc	0.10070316390566936	-0.0015081067656296798	28.040828488384292	28.310495554941276
14	ED	11	chi2	ZZ onsite	-0.5971873443773248	0.4028126556226739	2.2106126453433568	45.99135390548326
14	ED	11	chi4	ZZ onsite	-0.5971873443773248	0.13756756999081088	14.280341031645284	45.99135390548326
14	ED	11	chi8	ZZ onsite	-0.5971873443773248	0.000492965953285629	46.01232495580083	45.99135390548326
14	ED	11	chi16	ZZ onsite	-0.5971873443773248	0.0005157564064920406	46.013227567521206	45.99135390548326
14	ED	11	chi32	ZZ onsite	-0.5971873443773248	-9.924963393137531e-6	45.9909032723151	45.99135390548326
14	ED	11	exact	ZZ onsite	-0.5971873443773248	7.831342241360062e-10	45.99135390548326	45.99135390548326
14	ED	11	UHF	ZZ onsite	-0.5971873443773248	-0.006032427062523715	45.51444063620031	45.99135390548326
14	ED	11	UHFsym	ZZ onsite	-0.5971873443773248	-0.006032427062523937	45.514440636200284	45.99135390548326
14	ED	11	chi2	ZZ up-up r=1	-0.6809703343229709	0.31902966567702773	4.23515496949562	70.43924620554291
14	ED	11	chi4	ZZ up-up r=1	-0.6809703343229709	0.1429333243049875	16.75675754063403	70.43924620554291
14	ED	11	chi8	ZZ up-up r=1	-0.6809703343229709	-0.008749612341484636	70.14095016481008	70.43924620554291
14	ED	11	chi16	ZZ up-up r=1	-0.6809703343229709	-0.0035633276670468117	70.51385031592888	70.43924620554291
14	ED	11	chi32	ZZ up-up r=1	-0.6809703343229709	2.441830334687367e-5	70.43780398434492	70.43924620554291
14	ED	11	exact	ZZ up-up r=1	-0.6809703343229709	1.2136618376956676e-9	70.43924620554291	70.43924620554291
14	ED	11	UHF	ZZ up-up r=1	-0.6809703343229709	0.10492139631842423	25.618503229916833	70.43924620554291
14	ED	11	UHFsym	ZZ up-up r=1	-0.6809703343229709	-0.2903805414501847	5.22257065426434	70.43924620554291
14	ED	11	chi2	SzSz r=1	-0.14316569453285882	0.10683430546714084	1.7573922181646113	49.48457470935304
14	ED	11	chi4	SzSz r=1	-0.14316569453285882	0.038448455649744695	10.977868135310995	49.48457470935304
14	ED	11	chi8	SzSz r=1	-0.14316569453285882	-0.0023046359576457953	48.44156441352883	49.48457470935304
14	ED	11	chi16	SzSz r=1	-0.14316569453285882	-0.0006253502410443479	49.391282756218494	49.48457470935304
14	ED	11	chi32	SzSz r=1	-0.14316569453285882	4.894297360474864e-6	49.48521844709554	49.48457470935304
14	ED	11	exact	SzSz r=1	-0.14316569453285882	4.929550101451241e-10	49.48457470935304	49.48457470935304
14	ED	11	UHF	SzSz r=1	-0.14316569453285882	0.02918083848992939	17.036384571990002	49.48457470935304
14	ED	11	UHFsym	SzSz r=1	-0.14316569453285882	-0.069644645952223	3.9622317845862307	49.48457470935304
14	ED	11	chi2	hop up r=1	0.5776047738060353	0.5776047738060353	1.0	41.81622231057467
14	ED	11	chi4	hop up r=1	0.5776047738060353	-0.06436962413510894	25.77091096696504	41.81622231057467
14	ED	11	chi8	hop up r=1	0.5776047738060353	0.005469290021546502	42.030648560647926	41.81622231057467
14	ED	11	chi16	hop up r=1	0.5776047738060353	0.0012077270932411288	41.8903944149348	41.81622231057467
14	ED	11	chi32	hop up r=1	0.5776047738060353	-2.671774032569907e-6	41.81604162874764	41.81622231057467
14	ED	11	exact	hop up r=1	0.5776047738060353	-5.255912371993077e-10	41.81622231057467	41.81622231057467
14	ED	11	UHF	hop up r=1	0.5776047738060353	0.13827437752040805	13.195211229224963	41.81622231057467
14	ED	11	UHFsym	hop up r=1	0.5776047738060353	0.13827437752040878	13.195211229224864	41.81622231057467
14	DMRG	11	chi2	n	0.9999999999859124	-1.4086287691839061e-11	0.9999999998838245	1.000000000023359
14	DMRG	11	chi4	n	0.9999999999859124	-1.005695526856698e-11	1.0000000000144607	1.000000000023359
14	DMRG	11	chi8	n	0.9999999999859124	-1.1849410341824296e-12	1.000000000025429	1.000000000023359
14	DMRG	11	chi16	n	0.9999999999859124	-2.3349100430891667e-12	1.0000000000208984	1.000000000023359
14	DMRG	11	chi32	n	0.9999999999859124	-2.25164331624228e-12	1.0000000000211153	1.000000000023359
14	DMRG	11	exact	n	0.9999999999859124	0.0	1.000000000023359	1.000000000023359
14	DMRG	11	UHF	n	0.9999999999859124	-1.4086176669536599e-11	0.018921839040533146	1.000000000023359
14	DMRG	11	UHFsym	n	0.9999999999859124	-1.4086065647234136e-11	1.000000000000002	1.000000000023359
14	DMRG	11	chi2	Sz	1.504760205328637e-11	3.3638303253979276e-10	1.0000000002992837	0.9999999999708288
14	DMRG	11	chi4	Sz	1.504760205328637e-11	-1.0767525759902696e-11	0.999999999971619	0.9999999999708288
14	DMRG	11	chi8	Sz	1.504760205328637e-11	-9.89078263735621e-12	0.9999999999628905	0.9999999999708288
14	DMRG	11	chi16	Sz	1.504760205328637e-11	-1.4009557403049655e-12	0.9999999999720336	0.9999999999708288
14	DMRG	11	chi32	Sz	1.504760205328637e-11	-1.7093410020763145e-12	0.9999999999716576	0.9999999999708288
14	DMRG	11	exact	Sz	1.504760205328637e-11	0.0	0.9999999999708288	0.9999999999708288
14	DMRG	11	UHF	Sz	1.504760205328637e-11	0.38443299720532564	0.03103474747148603	0.9999999999708288
14	DMRG	11	UHFsym	Sz	1.504760205328637e-11	1.5047582103966395e-11	0.9999999999999981	0.9999999999708288
14	DMRG	11	chi2	DoubleOcc	0.10070316370284166	0.10070316370284166	2.2372755285417045	28.310495554941276
14	DMRG	11	chi4	DoubleOcc	0.10070316370284166	0.034391892296891075	12.550965083254	28.310495554941276
14	DMRG	11	chi8	DoubleOcc	0.10070316370284166	0.00012324129194571376	28.325953372682076	28.310495554941276
14	DMRG	11	chi16	DoubleOcc	0.10070316370284166	0.0001289389046725542	28.326643542759665	28.310495554941276
14	DMRG	11	chi32	DoubleOcc	0.10070316370284166	-2.4814377572179858e-6	28.310173937590964	28.310495554941276
14	DMRG	11	exact	DoubleOcc	0.10070316370284166	0.0	28.310495554941276	28.310495554941276
14	DMRG	11	UHF	DoubleOcc	0.10070316370284166	-0.0015081069684573234	1.2142202515764327	28.310495554941276
14	DMRG	11	UHFsym	DoubleOcc	0.10070316370284166	-0.001508106968457379	28.040828488384292	28.310495554941276
14	DMRG	11	chi2	ZZ onsite	-0.597187345160459	0.40281265483953965	2.2106126453433568	45.99135390548326
14	DMRG	11	chi4	ZZ onsite	-0.597187345160459	0.13756756920767665	14.280341031645284	45.99135390548326
14	DMRG	11	chi8	ZZ onsite	-0.597187345160459	0.0004929651701514048	46.01232495580083	45.99135390548326
14	DMRG	11	chi16	ZZ onsite	-0.597187345160459	0.0005157556233578164	46.013227567521206	45.99135390548326
14	DMRG	11	chi32	ZZ onsite	-0.597187345160459	-9.925746527361667e-6	45.9909032723151	45.99135390548326
14	DMRG	11	exact	ZZ onsite	-0.597187345160459	0.0	45.99135390548326	45.99135390548326
14	DMRG	11	UHF	ZZ onsite	-0.597187345160459	-0.0060324278456579394	45.51444063620031	45.99135390548326
14	DMRG	11	UHFsym	ZZ onsite	-0.597187345160459	-0.0060324278456581615	45.514440636200284	45.99135390548326
14	DMRG	11	chi2	ZZ up-up r=1	-0.6809703355366328	0.3190296644633659	4.23515496949562	70.43924620554291
14	DMRG	11	chi4	ZZ up-up r=1	-0.6809703355366328	0.14293332309132567	16.75675754063403	70.43924620554291
14	DMRG	11	chi8	ZZ up-up r=1	-0.6809703355366328	-0.008749613555146474	70.14095016481008	70.43924620554291
14	DMRG	11	chi16	ZZ up-up r=1	-0.6809703355366328	-0.0035633288807086494	70.51385031592888	70.43924620554291
14	DMRG	11	chi32	ZZ up-up r=1	-0.6809703355366328	2.4417089685035975e-5	70.43780398434492	70.43924620554291
14	DMRG	11	exact	ZZ up-up r=1	-0.6809703355366328	0.0	70.43924620554291	70.43924620554291
14	DMRG	11	UHF	ZZ up-up r=1	-0.6809703355366328	0.1049213951047624	25.618503229916833	70.43924620554291
14	DMRG	11	UHFsym	ZZ up-up r=1	-0.6809703355366328	-0.29038054266384655	5.22257065426434	70.43924620554291
14	DMRG	11	chi2	SzSz r=1	-0.14316569502581383	0.10683430497418583	1.7573922181646113	49.48457470935304
14	DMRG	11	chi4	SzSz r=1	-0.14316569502581383	0.038448455156789685	10.977868135310995	49.48457470935304
14	DMRG	11	chi8	SzSz r=1	-0.14316569502581383	-0.0023046364506008055	48.44156441352883	49.48457470935304
14	DMRG	11	chi16	SzSz r=1	-0.14316569502581383	-0.000625350733999358	49.391282756218494	49.48457470935304
14	DMRG	11	chi32	SzSz r=1	-0.14316569502581383	4.893804405464719e-6	49.48521844709554	49.48457470935304
14	DMRG	11	exact	SzSz r=1	-0.14316569502581383	0.0	49.48457470935304	49.48457470935304
14	DMRG	11	UHF	SzSz r=1	-0.14316569502581383	0.02918083799697438	17.036384571990002	49.48457470935304
14	DMRG	11	UHFsym	SzSz r=1	-0.14316569502581383	-0.06964464644517801	3.9622317845862307	49.48457470935304
14	DMRG	11	chi2	hop up r=1	0.5776047743316265	0.5776047743316265	1.0	41.81622231057467
14	DMRG	11	chi4	hop up r=1	0.5776047743316265	-0.0643696236095177	25.77091096696504	41.81622231057467
14	DMRG	11	chi8	hop up r=1	0.5776047743316265	0.0054692905471377395	42.030648560647926	41.81622231057467
14	DMRG	11	chi16	hop up r=1	0.5776047743316265	0.001207727618832366	41.8903944149348	41.81622231057467
14	DMRG	11	chi32	hop up r=1	0.5776047743316265	-2.6712484413327076e-6	41.81604162874764	41.81622231057467
14	DMRG	11	exact	hop up r=1	0.5776047743316265	0.0	41.81622231057467	41.81622231057467
14	DMRG	11	UHF	hop up r=1	0.5776047743316265	0.1382743780459993	13.195211229224963	41.81622231057467
14	DMRG	11	UHFsym	hop up r=1	0.5776047743316265	0.138274378046	13.195211229224864	41.81622231057467
14	ED	12	chi2	n	0.9999999999999909	-7.66053886991358e-15	0.999999999604837	1.0000000000371567
14	ED	12	chi4	n	0.9999999999999909	-7.743139462945692e-12	1.0000000000568217	1.0000000000371567
14	ED	12	chi8	n	0.9999999999999909	-3.959499395023158e-12	1.0000000000476854	1.0000000000371567
14	ED	12	chi16	n	0.9999999999999909	-5.8548721426632255e-12	1.0000000000366236	1.0000000000371567
14	ED	12	chi32	n	0.9999999999999909	-5.947686787521889e-12	1.0000000000388123	1.0000000000371567
14	ED	12	exact	n	0.9999999999999909	-4.384936858059518e-12	1.0000000000371567	1.0000000000371567
14	ED	12	UHF	n	0.9999999999999909	-6.439293542825908e-15	0.01798399270672136	1.0000000000371567
14	ED	12	UHFsym	n	0.9999999999999909	-6.439293542825908e-15	0.9999999999999974	1.0000000000371567
14	ED	12	chi2	Sz	2.0573820425084932e-13	-3.2112976167120166e-10	0.9999999992942619	1.000000000057087
14	ED	12	chi4	Sz	2.0573820425084932e-13	3.778599655390735e-11	1.0000000000850997	1.000000000057087
14	ED	12	chi8	Sz	2.0573820425084932e-13	3.457620995073185e-11	1.0000000000767961	1.000000000057087
14	ED	12	chi16	Sz	2.0573820425084932e-13	2.346839389488764e-11	1.0000000000530282	1.000000000057087
14	ED	12	chi32	Sz	2.0573820425084932e-13	2.5144761273132588e-11	1.0000000000567408	1.000000000057087
14	ED	12	exact	Sz	2.0573820425084932e-13	2.553789818504626e-11	1.000000000057087	1.000000000057087
14	ED	12	UHF	Sz	2.0573820425084932e-13	-0.3855551798842745	0.03476157245451473	1.000000000057087
14	ED	12	UHFsym	Sz	2.0573820425084932e-13	2.0573386744215938e-13	0.999999999999999	1.000000000057087
14	ED	12	chi2	DoubleOcc	0.09735999981810564	0.09735999981810567	2.3075312119996045	31.567730440646717
14	ED	12	chi4	DoubleOcc	0.09735999981810564	0.01101909517611735	26.811683447564803	31.567730440646717
14	ED	12	chi8	DoubleOcc	0.09735999981810564	-0.0013535185677255868	31.556688216812848	31.567730440646717
14	ED	12	chi16	DoubleOcc	0.09735999981810564	8.106726382836604e-5	31.563539172393902	31.567730440646717
14	ED	12	chi32	DoubleOcc	0.09735999981810564	2.497434817005928e-6	31.56760950898759	31.567730440646717
14	ED	12	exact	DoubleOcc	0.09735999981810564	3.48524542559403e-10	31.567730440646717	31.567730440646717
14	ED	12	UHF	DoubleOcc	0.09735999981810564	-0.003987203446139093	1.1839158915303716	31.567730440646717
14	ED	12	UHFsym	DoubleOcc	0.09735999981810564	-0.00398720344613912	31.103871183636162	31.567730440646717
14	ED	12	chi2	ZZ onsite	-0.6105600007275667	0.3894399992724319	2.436816668333905	53.39825062115669
14	ED	12	chi4	ZZ onsite	-0.6105600007275667	0.044076380719946906	42.95607204570846	53.39825062115669
14	ED	12	chi8	ZZ onsite	-0.6105600007275667	-0.005414074262992119	52.99947433571839	53.39825062115669
14	ED	12	chi16	ZZ onsite	-0.6105600007275667	0.00032426906701377156	53.408453431323984	53.39825062115669
14	ED	12	chi32	ZZ onsite	-0.6105600007275667	9.989751153738347e-6	53.39858822525453	53.39825062115669
14	ED	12	exact	ZZ onsite	-0.6105600007275667	1.4028612715932809e-9	53.39825062115669	53.39825062115669
14	ED	12	UHF	ZZ onsite	-0.6105600007275667	-0.015948813784551152	51.06916681582587	53.39825062115669
14	ED	12	UHFsym	ZZ onsite	-0.6105600007275667	-0.015948813784551263	51.06916681582584	53.39825062115669
14	ED	12	chi2	ZZ up-up r=1	-0.32342553005978025	-0.027486426050377544	11.831579035974883	12.495458374628344
14	ED	12	chi4	ZZ up-up r=1	-0.32342553005978025	-0.2833662635994689	1.2767910098133064	12.495458374628344
14	ED	12	chi8	ZZ up-up r=1	-0.32342553005978025	-0.003052659350088749	12.523158859439063	12.495458374628344
14	ED	12	chi16	ZZ up-up r=1	-0.32342553005978025	-6.761993056803028e-5	12.496356196112968	12.495458374628344
14	ED	12	chi32	ZZ up-up r=1	-0.32342553005978025	-8.143412205674494e-8	12.495459459024369	12.495458374628344
14	ED	12	exact	ZZ up-up r=1	-0.32342553005978025	-3.4030872564372316e-10	12.495458374628344	12.495458374628344
14	ED	12	UHF	ZZ up-up r=1	-0.32342553005978025	0.4535410468977308	0.5044323525727527	12.495458374628344
14	ED	12	UHFsym	ZZ up-up r=1	-0.32342553005978025	0.061569904097961536	8.35800371831192	12.495458374628344
14	ED	12	chi2	SzSz r=1	-0.06553632932873207	0.008448446673618604	5.649759520401577	7.675891811646392
14	ED	12	chi4	SzSz r=1	-0.06553632932873207	-0.06553632932873207	1.019316063813794	7.675891811646392
14	ED	12	chi8	SzSz r=1	-0.06553632932873207	-0.0004847726445764422	7.658596161637777	7.675891811646392
14	ED	12	chi16	SzSz r=1	-0.06553632932873207	6.252744164311763e-6	7.676121752587622	7.675891811646392
14	ED	12	chi32	SzSz r=1	-0.06553632932873207	-1.1979770940528933e-7	7.6758960227735225	7.675891811646392
14	ED	12	exact	SzSz r=1	-0.06553632932873207	-1.9958916464002385e-10	7.675891811646392	7.675891811646392
14	ED	12	UHF	SzSz r=1	-0.06553632932873207	0.10507011165345603	0.3964062679069452	7.675891811646392
14	ED	12	UHFsym	SzSz r=1	-0.06553632932873207	0.007077325953512681	6.7987710820328395	7.675891811646392
14	ED	12	chi2	hop up r=1	0.3758477500979692	0.3758477500979692	1.0	15.13112468531454
14	ED	12	chi4	hop up r=1	0.3758477500979692	0.11839189038735515	6.56033643769247	15.13112468531454
14	ED	12	chi8	hop up r=1	0.3758477500979692	0.003952815063475779	15.177453907400393	15.13112468531454
14	ED	12	chi16	hop up r=1	0.3758477500979692	7.408756044924303e-5	15.132439080252482	15.13112468531454
14	ED	12	chi32	hop up r=1	0.3758477500979692	2.4526396966706443e-6	15.1311684310196	15.13112468531454
14	ED	12	exact	hop up r=1	0.3758477500979692	2.169650625827302e-9	15.13112468531454	15.13112468531454
14	ED	12	UHF	hop up r=1	0.3758477500979692	-0.05898742103877741	10.591516319214644	15.13112468531454
14	ED	12	UHFsym	hop up r=1	0.3758477500979692	-0.05898742103877924	10.591516319214463	15.13112468531454
14	DMRG	12	chi2	n	1.0000000000043758	4.377276319189605e-12	0.999999999604837	1.0000000000371567
14	DMRG	12	chi4	n	1.0000000000043758	-3.3582026048861735e-12	1.0000000000568217	1.0000000000371567
14	DMRG	12	chi8	n	1.0000000000043758	4.2543746303636e-13	1.0000000000476854	1.0000000000371567
14	DMRG	12	chi16	n	1.0000000000043758	-1.4699352846037073e-12	1.0000000000366236	1.0000000000371567
14	DMRG	12	chi32	n	1.0000000000043758	-1.5627499294623703e-12	1.0000000000388123	1.0000000000371567
14	DMRG	12	exact	n	1.0000000000043758	0.0	1.0000000000371567	1.0000000000371567
14	DMRG	12	UHF	n	1.0000000000043758	4.378497564516692e-12	0.01798399270672136	1.0000000000371567
14	DMRG	12	UHFsym	n	1.0000000000043758	4.378497564516692e-12	0.9999999999999974	1.0000000000371567
14	DMRG	12	chi2	Sz	-2.533215998079541e-11	-3.466676598562479e-10	0.9999999992942619	1.000000000057087
14	DMRG	12	chi4	Sz	-2.533215998079541e-11	1.2248098368861093e-11	1.0000000000850997	1.000000000057087
14	DMRG	12	chi8	Sz	-2.533215998079541e-11	9.038311765685592e-12	1.0000000000767961	1.000000000057087
14	DMRG	12	chi16	Sz	-2.533215998079541e-11	-2.069504290158619e-12	1.0000000000530282	1.000000000057087
14	DMRG	12	chi32	Sz	-2.533215998079541e-11	-3.9313691191367184e-13	1.0000000000567408	1.000000000057087
14	DMRG	12	exact	Sz	-2.533215998079541e-11	0.0	1.000000000057087	1.000000000057087
14	DMRG	12	UHF	Sz	-2.533215998079541e-11	-0.3855551799098124	0.03476157245451473	1.000000000057087
14	DMRG	12	UHFsym	Sz	-2.533215998079541e-11	-2.53321643176041e-11	0.999999999999999	1.000000000057087
14	DMRG	12	chi2	DoubleOcc	0.0973599994695811	0.09735999946958113	2.3075312119996045	31.567730440646717
14	DMRG	12	chi4	DoubleOcc	0.0973599994695811	0.011019094827592807	26.811683447564803	31.567730440646717
14	DMRG	12	chi8	DoubleOcc	0.0973599994695811	-0.0013535189162501293	31.556688216812848	31.567730440646717
14	DMRG	12	chi16	DoubleOcc	0.0973599994695811	8.106691530382348e-5	31.563539172393902	31.567730440646717
14	DMRG	12	chi32	DoubleOcc	0.0973599994695811	2.4970862924633686e-6	31.56760950898759	31.567730440646717
14	DMRG	12	exact	DoubleOcc	0.0973599994695811	0.0	31.567730440646717	31.567730440646717
14	DMRG	12	UHF	DoubleOcc	0.0973599994695811	-0.003987203794663635	1.1839158915303716	31.567730440646717
14	DMRG	12	UHFsym	DoubleOcc	0.0973599994695811	-0.003987203794663663	31.103871183636162	31.567730440646717
14	DMRG	12	chi2	ZZ onsite	-0.6105600021304279	0.3894399978695706	2.436816668333905	53.39825062115669
14	DMRG	12	chi4	ZZ onsite	-0.6105600021304279	0.044076379317085634	42.95607204570846	53.39825062115669
14	DMRG	12	chi8	ZZ onsite	-0.6105600021304279	-0.005414075665853391	52.99947433571839	53.39825062115669
14	DMRG	12	chi16	ZZ onsite	-0.6105600021304279	0.00032426766415249997	53.408453431323984	53.39825062115669
14	DMRG	12	chi32	ZZ onsite	-0.6105600021304279	9.988348292466753e-6	53.39858822525453	53.39825062115669
14	DMRG	12	exact	ZZ onsite	-0.6105600021304279	0.0	53.39825062115669	53.39825062115669
14	DMRG	12	UHF	ZZ onsite	-0.6105600021304279	-0.015948815187412424	51.06916681582587	53.39825062115669
14	DMRG	12	UHFsym	ZZ onsite	-0.6105600021304279	-0.015948815187412535	51.06916681582584	53.39825062115669
14	DMRG	12	chi2	ZZ up-up r=1	-0.3234255297194715	-0.027486425710068818	11.831579035974883	12.495458374628344
14	DMRG	12	chi4	ZZ up-up r=1	-0.3234255297194715	-0.2833662632591602	1.2767910098133064	12.495458374628344
14	DMRG	12	chi8	ZZ up-up r=1	-0.3234255297194715	-0.0030526590097800232	12.523158859439063	12.495458374628344
14	DMRG	12	chi16	ZZ up-up r=1	-0.3234255297194715	-6.761959025930464e-5	12.496356196112968	12.495458374628344
14	DMRG	12	chi32	ZZ up-up r=1	-0.3234255297194715	-8.109381333110122e-8	12.495459459024369	12.495458374628344
14	DMRG	12	exact	ZZ up-up r=1	-0.3234255297194715	0.0	12.495458374628344	12.495458374628344
14	DMRG	12	UHF	ZZ up-up r=1	-0.3234255297194715	0.4535410472380395	0.5044323525727527	12.495458374628344
14	DMRG	12	UHFsym	ZZ up-up r=1	-0.3234255297194715	0.06156990443827026	8.35800371831192	12.495458374628344
14	DMRG	12	chi2	SzSz r=1	-0.06553632912914291	0.008448446873207768	5.649759520401577	7.675891811646392
14	DMRG	12	chi4	SzSz r=1	-0.06553632912914291	-0.06553632912914292	1.019316063813794	7.675891811646392
14	DMRG	12	chi8	SzSz r=1	-0.06553632912914291	-0.00048477244498727756	7.658596161637777	7.675891811646392
14	DMRG	12	chi16	SzSz r=1	-0.06553632912914291	6.252943753476403e-6	7.676121752587622	7.675891811646392
14	DMRG	12	chi32	SzSz r=1	-0.06553632912914291	-1.195981202406493e-7	7.6758960227735225	7.675891811646392
14	DMRG	12	exact	SzSz r=1	-0.06553632912914291	0.0	7.675891811646392	7.675891811646392
14	DMRG	12	UHF	SzSz r=1	-0.06553632912914291	0.1050701118530452	0.3964062679069452	7.675891811646392
14	DMRG	12	UHFsym	SzSz r=1	-0.06553632912914291	0.0070773261531018455	6.7987710820328395	7.675891811646392
14	DMRG	12	chi2	hop up r=1	0.3758477479283186	0.3758477479283186	1.0	15.13112468531454
14	DMRG	12	chi4	hop up r=1	0.3758477479283186	0.11839188821770452	6.56033643769247	15.13112468531454
14	DMRG	12	chi8	hop up r=1	0.3758477479283186	0.003952812893825153	15.177453907400393	15.13112468531454
14	DMRG	12	chi16	hop up r=1	0.3758477479283186	7.40853907986172e-5	15.132439080252482	15.13112468531454
14	DMRG	12	chi32	hop up r=1	0.3758477479283186	2.450470046044817e-6	15.1311684310196	15.13112468531454
14	DMRG	12	exact	hop up r=1	0.3758477479283186	0.0	15.13112468531454	15.13112468531454
14	DMRG	12	UHF	hop up r=1	0.3758477479283186	-0.058987423208428036	10.591516319214644	15.13112468531454
14	DMRG	12	UHFsym	hop up r=1	0.3758477479283186	-0.05898742320842987	10.591516319214463	15.13112468531454
14	ED	13	chi2	n	0.9999999999998073	-1.921796055626146e-13	1.0000000000219553	1.000000000005115
14	ED	13	chi4	n	0.9999999999998073	6.874945057688819e-12	0.9999999999895468	1.000000000005115
14	ED	13	chi8	n	0.9999999999998073	-4.184874669022065e-12	1.0000000000041664	1.000000000005115
14	ED	13	chi16	n	0.9999999999998073	-3.893330102755499e-12	1.0000000000048668	1.000000000005115
14	ED	13	chi32	n	0.9999999999998073	-4.511058193656936e-12	1.000000000005736	1.000000000005115
14	ED	13	exact	n	0.9999999999998073	-3.6279867998700865e-12	1.000000000005115	1.000000000005115
14	ED	13	UHF	n	0.9999999999998073	-1.9317880628477724e-13	0.01953779891805493	1.000000000005115
14	ED	13	UHFsym	n	0.9999999999998073	-1.929567616798522e-13	1.0000000000000002	1.000000000005115
14	ED	13	chi2	Sz	-1.0457607002578584e-13	9.741702583497575e-11	1.0000000002069058	1.0000000000034377
14	ED	13	chi4	Sz	-1.0457607002578584e-13	-8.235780113441393e-12	0.9999999999935814	1.0000000000034377
14	ED	13	chi8	Sz	-1.0457607002578584e-13	-3.2173777531063763e-12	0.9999999999872805	1.0000000000034377
14	ED	13	chi16	Sz	-1.0457607002578584e-13	1.474063926476532e-12	0.9999999999976821	1.0000000000034377
14	ED	13	chi32	Sz	-1.0457607002578584e-13	1.9915943894055488e-12	0.999999999997833	1.0000000000034377
14	ED	13	exact	Sz	-1.0457607002578584e-13	3.998044950659363e-12	1.0000000000034377	1.0000000000034377
14	ED	13	UHF	Sz	-1.0457607002578584e-13	0.38119378338787335	0.03705601778348169	1.0000000000034377
14	ED	13	UHFsym	Sz	-1.0457607002578584e-13	-1.0458951413272466e-13	0.9999999999999996	1.0000000000034377
14	ED	13	chi2	DoubleOcc	0.09922776386983992	0.09922776386983992	2.1477581330961097	30.547011198769066
14	ED	13	chi4	DoubleOcc	0.09922776386983992	0.012884770993210864	24.400453044155086	30.547011198769066
14	ED	13	chi8	DoubleOcc	0.09922776386983992	0.0005838597670683454	30.487357298325207	30.547011198769066
14	ED	13	chi16	DoubleOcc	0.09922776386983992	3.132809120556801e-5	30.544500634398283	30.547011198769066
14	ED	13	chi32	DoubleOcc	0.09922776386983992	1.412913711168473e-6	30.546899664986622	30.547011198769066
14	ED	13	exact	DoubleOcc	0.09922776386983992	3.409056370529129e-11	30.547011198769066	30.547011198769066
14	ED	13	UHF	DoubleOcc	0.09922776386983992	-0.005463535636519579	1.1522474718025264	30.547011198769066
14	ED	13	UHFsym	DoubleOcc	0.09922776386983992	-0.005463535636519551	29.796116090035564	30.547011198769066
14	ED	13	chi2	ZZ onsite	-0.6030889445204345	0.39691105547956496	2.238680448270697	52.3299071408904
14	ED	13	chi4	ZZ onsite	-0.6030889445204345	0.0515390839589126	37.72920961799287	52.3299071408904
14	ED	13	chi8	ZZ onsite	-0.6030889445204345	0.0023354390764617206	52.26314062762279	52.3299071408904
14	ED	13	chi16	ZZ onsite	-0.6030889445204345	0.00012531237242685567	52.32837068849664	52.3299071408904
14	ED	13	chi32	ZZ onsite	-0.6030889445204345	5.651663684935748e-6	52.32984285269125	52.3299071408904
14	ED	13	exact	ZZ onsite	-0.6030889445204345	1.4343992660315052e-10	52.3299071408904	52.3299071408904
14	ED	13	UHF	ZZ onsite	-0.6030889445204345	-0.021854142545872035	49.23588665669433	52.3299071408904
14	ED	13	UHFsym	ZZ onsite	-0.6030889445204345	-0.021854142545871924	49.23588665669437	52.3299071408904
14	ED	13	chi2	ZZ up-up r=1	-0.827271090922484	0.17272890907751548	19.585991128617206	192.08020588335717
14	ED	13	chi4	ZZ up-up r=1	-0.827271090922484	0.09261037615689494	52.91677021732216	192.08020588335717
14	ED	13	chi8	ZZ up-up r=1	-0.827271090922484	0.005942125793780062	187.66469480659413	192.08020588335717
14	ED	13	chi16	ZZ up-up r=1	-0.827271090922484	0.0004976936973714041	191.84871015722766	192.08020588335717
14	ED	13	chi32	ZZ up-up r=1	-0.827271090922484	2.3916786899724762e-5	192.06968363756485	192.08020588335717
14	ED	13	exact	ZZ up-up r=1	-0.827271090922484	3.5598441971984585e-9	192.08020588335717	192.08020588335717
14	ED	13	UHF	ZZ up-up r=1	-0.827271090922484	0.05859306841407863	91.3857558232531	192.08020588335717
14	ED	13	UHFsym	ZZ up-up r=1	-0.827271090922484	-0.3864882444383078	4.547885979836719	192.08020588335717
14	ED	13	chi2	SzSz r=1	-0.17539199440445843	0.07460800559554143	4.692070309761073	92.0578825481547
14	ED	13	chi4	SzSz r=1	-0.17539199440445843	0.02999259239054672	24.460518205996973	92.0578825481547
14	ED	13	chi8	SzSz r=1	-0.17539199440445843	0.0012385290571495788	91.54098059346771	92.0578825481547
14	ED	13	chi16	SzSz r=1	-0.17539199440445843	0.00010083899214774483	92.04679632769965	92.0578825481547
14	ED	13	chi32	SzSz r=1	-0.17539199440445843	5.191619754846277e-6	92.05748071279022	92.0578825481547
14	ED	13	exact	SzSz r=1	-0.17539199440445843	5.762821053689748e-10	92.0578825481547	92.0578825481547
14	ED	13	UHF	SzSz r=1	-0.17539199440445843	0.01878358581302267	43.50845940530128	92.0578825481547
14	ED	13	UHFsym	SzSz r=1	-0.17539199440445843	-0.09248674240007394	3.4830967017039964	92.0578825481547
14	ED	13	chi2	hop up r=1	0.6371669920256581	0.6371669920256581	1.0	73.16328525412065
14	ED	13	chi4	hop up r=1	0.6371669920256581	-0.03723012462207376	61.83166935751175	73.16328525412065
14	ED	13	chi8	hop up r=1	0.6371669920256581	-0.002951224274602815	73.3981831632814	73.16328525412065
14	ED	13	chi16	hop up r=1	0.6371669920256581	-0.00032642278207595243	73.20018641626726	73.16328525412065
14	ED	13	chi32	hop up r=1	0.6371669920256581	-1.0692819538360432e-5	73.16453647362184	73.16328525412065
14	ED	13	exact	hop up r=1	0.6371669920256581	-2.373795604526663e-9	73.16328525412065	73.16328525412065
14	ED	13	UHF	hop up r=1	0.6371669920256581	0.16991579948220842	11.555532581477298	73.16328525412065
14	ED	13	UHFsym	hop up r=1	0.6371669920256581	0.16991579948220753	11.555532581477394	73.16328525412065
14	DMRG	13	chi2	n	1.0000000000034353	3.435807194307472e-12	1.0000000000219553	1.000000000005115
14	DMRG	13	chi4	n	1.0000000000034353	1.0502931857558906e-11	0.9999999999895468	1.000000000005115
14	DMRG	13	chi8	n	1.0000000000034353	-5.568878691519785e-13	1.0000000000041664	1.000000000005115
14	DMRG	13	chi16	n	1.0000000000034353	-2.653433028854124e-13	1.0000000000048668	1.000000000005115
14	DMRG	13	chi32	n	1.0000000000034353	-8.830713937868495e-13	1.000000000005736	1.000000000005115
14	DMRG	13	exact	n	1.0000000000034353	0.0	1.000000000005115	1.000000000005115
14	DMRG	13	UHF	n	1.0000000000034353	3.4348079935853093e-12	0.01953779891805493	1.000000000005115
14	DMRG	13	UHFsym	n	1.0000000000034353	3.4350300381902343e-12	1.0000000000000002	1.000000000005115
14	DMRG	13	chi2	Sz	-4.102621020685149e-12	9.341898088431639e-11	1.0000000002069058	1.0000000000034377
14	DMRG	13	chi4	Sz	-4.102621020685149e-12	-1.2233825064100756e-11	0.9999999999935814	1.0000000000034377
14	DMRG	13	chi8	Sz	-4.102621020685149e-12	-7.215422703765739e-12	0.9999999999872805	1.0000000000034377
14	DMRG	13	chi16	Sz	-4.102621020685149e-12	-2.523981024182831e-12	0.9999999999976821	1.0000000000034377
14	DMRG	13	chi32	Sz	-4.102621020685149e-12	-2.006450561253814e-12	0.999999999997833	1.0000000000034377
14	DMRG	13	exact	Sz	-4.102621020685149e-12	0.0	1.0000000000034377	1.0000000000034377
14	DMRG	13	UHF	Sz	-4.102621020685149e-12	0.38119378338387533	0.03705601778348169	1.0000000000034377
14	DMRG	13	UHFsym	Sz	-4.102621020685149e-12	-4.102634464792088e-12	0.9999999999999996	1.0000000000034377
14	DMRG	13	chi2	DoubleOcc	0.09922776383574936	0.09922776383574936	2.1477581330961097	30.547011198769066
14	DMRG	13	chi4	DoubleOcc	0.09922776383574936	0.0128847709591203	24.400453044155086	30.547011198769066
14	DMRG	13	chi8	DoubleOcc	0.09922776383574936	0.0005838597329777817	30.487357298325207	30.547011198769066
14	DMRG	13	chi16	DoubleOcc	0.09922776383574936	3.1328057115004304e-5	30.544500634398283	30.547011198769066
14	DMRG	13	chi32	DoubleOcc	0.09922776383574936	1.4128796206047678e-6	30.546899664986622	30.547011198769066
14	DMRG	13	exact	DoubleOcc	0.09922776383574936	0.0	30.547011198769066	30.547011198769066
14	DMRG	13	UHF	DoubleOcc	0.09922776383574936	-0.005463535670610142	1.1522474718025264	30.547011198769066
14	DMRG	13	UHFsym	DoubleOcc	0.09922776383574936	-0.005463535670610115	29.796116090035564	30.547011198769066
14	DMRG	13	chi2	ZZ onsite	-0.6030889446638744	0.39691105533612503	2.238680448270697	52.3299071408904
14	DMRG	13	chi4	ZZ onsite	-0.6030889446638744	0.051539083815472675	37.72920961799287	52.3299071408904
14	DMRG	13	chi8	ZZ onsite	-0.6030889446638744	0.002335438933021794	52.26314062762279	52.3299071408904
14	DMRG	13	chi16	ZZ onsite	-0.6030889446638744	0.00012531222898692906	52.32837068849664	52.3299071408904
14	DMRG	13	chi32	ZZ onsite	-0.6030889446638744	5.651520245009145e-6	52.32984285269125	52.3299071408904
14	DMRG	13	exact	ZZ onsite	-0.6030889446638744	0.0	52.3299071408904	52.3299071408904
14	DMRG	13	UHF	ZZ onsite	-0.6030889446638744	-0.02185414268931196	49.23588665669433	52.3299071408904
14	DMRG	13	UHFsym	ZZ onsite	-0.6030889446638744	-0.02185414268931185	49.23588665669437	52.3299071408904
14	DMRG	13	chi2	ZZ up-up r=1	-0.8272710944823282	0.17272890551767128	19.585991128617206	192.08020588335717
14	DMRG	13	chi4	ZZ up-up r=1	-0.8272710944823282	0.09261037259705074	52.91677021732216	192.08020588335717
14	DMRG	13	chi8	ZZ up-up r=1	-0.8272710944823282	0.005942122233935865	187.66469480659413	192.08020588335717
14	DMRG	13	chi16	ZZ up-up r=1	-0.8272710944823282	0.0004976901375272069	191.84871015722766	192.08020588335717
14	DMRG	13	chi32	ZZ up-up r=1	-0.8272710944823282	2.3913227055527564e-5	192.06968363756485	192.08020588335717
14	DMRG	13	exact	ZZ up-up r=1	-0.8272710944823282	0.0	192.08020588335717	192.08020588335717
14	DMRG	13	UHF	ZZ up-up r=1	-0.8272710944823282	0.05859306485423443	91.3857558232531	192.08020588335717
14	DMRG	13	UHFsym	ZZ up-up r=1	-0.8272710944823282	-0.386488247998152	4.547885979836719	192.08020588335717
14	DMRG	13	chi2	SzSz r=1	-0.17539199498074054	0.07460800501925932	4.692070309761073	92.0578825481547
14	DMRG	13	chi4	SzSz r=1	-0.17539199498074054	0.029992591814264613	24.460518205996973	92.0578825481547
14	DMRG	13	chi8	SzSz r=1	-0.17539199498074054	0.0012385284808674735	91.54098059346771	92.0578825481547
14	DMRG	13	chi16	SzSz r=1	-0.17539199498074054	0.00010083841586563946	92.04679632769965	92.0578825481547
14	DMRG	13	chi32	SzSz r=1	-0.17539199498074054	5.191043472740908e-6	92.05748071279022	92.0578825481547
14	DMRG	13	exact	SzSz r=1	-0.17539199498074054	0.0	92.0578825481547	92.0578825481547
14	DMRG	13	UHF	SzSz r=1	-0.17539199498074054	0.018783585236740563	43.50845940530128	92.0578825481547
14	DMRG	13	UHFsym	SzSz r=1	-0.17539199498074054	-0.09248674297635605	3.4830967017039964	92.0578825481547
14	DMRG	13	chi2	hop up r=1	0.6371669943994537	0.6371669943994537	1.0	73.16328525412065
14	DMRG	13	chi4	hop up r=1	0.6371669943994537	-0.03723012224827815	61.83166935751175	73.16328525412065
14	DMRG	13	chi8	hop up r=1	0.6371669943994537	-0.0029512219008072105	73.3981831632814	73.16328525412065
14	DMRG	13	chi16	hop up r=1	0.6371669943994537	-0.0003264204082803479	73.20018641626726	73.16328525412065
14	DMRG	13	chi32	hop up r=1	0.6371669943994537	-1.0690445742755905e-5	73.16453647362184	73.16328525412065
14	DMRG	13	exact	hop up r=1	0.6371669943994537	0.0	73.16328525412065	73.16328525412065
14	DMRG	13	UHF	hop up r=1	0.6371669943994537	0.16991580185600402	11.555532581477298	73.16328525412065
14	DMRG	13	UHFsym	hop up r=1	0.6371669943994537	0.16991580185600313	11.555532581477394	73.16328525412065
