L	n_u	seed	n_m	n_repeat	observable	absA	prior	true	Delta	G	G_theory	CI_relwidth
16	50	0	100	300	Sz  |A|=1	1	chi2	6.825333007109968e-11	-8.293536743822494e-8	1.000000013682803	NaN	1.1257644275059602e-9
16	50	0	100	300	Sz  |A|=1	1	chi4	6.825333007109968e-11	-8.397395851594824e-9	1.0000000135576275	NaN	1.1257644275059602e-9
16	50	0	100	300	Sz  |A|=1	1	chi8	6.825333007109968e-11	3.612213861359237e-10	0.9999999987726209	NaN	1.1257644275059602e-9
16	50	0	100	300	Sz  |A|=1	1	chi32	6.825333007109968e-11	6.841992250539164e-13	0.9999999999840108	NaN	1.1257644275059602e-9
16	50	0	100	300	Sz  |A|=1	1	exact	6.825333007109968e-11	0.0	1.0000000000000153	NaN	1.1257644275059602e-9
16	50	0	100	300	ZZ onsite |A|=2	2	chi2	-0.5985704920183841	0.40142950798161536	2.311386537797579	50.58961184532023	0.10384861729877722
16	50	0	100	300	ZZ onsite |A|=2	2	chi4	-0.5985704920183841	0.14172611448061567	14.643921394807814	50.58961184532023	0.10384861729877722
16	50	0	100	300	ZZ onsite |A|=2	2	chi8	-0.5985704920183841	-0.002375888552378913	47.64057352989979	50.58961184532023	0.10384861729877722
16	50	0	100	300	ZZ onsite |A|=2	2	chi32	-0.5985704920183841	-8.800334999614634e-6	47.90534149254915	50.58961184532023	0.10384861729877722
16	50	0	100	300	ZZ onsite |A|=2	2	exact	-0.5985704920183841	0.0	47.90620362056076	50.58961184532023	0.10384861729877722
16	50	0	100	300	ZZ up-up |A|=2	2	chi2	-0.3978048604828066	-0.05588934129602918	15.491048951564297	17.675482778502886	0.12170188050767257
16	50	0	100	300	ZZ up-up |A|=2	2	chi4	-0.3978048604828066	-0.33694326491432003	1.3681996391271651	17.675482778502886	0.12170188050767257
16	50	0	100	300	ZZ up-up |A|=2	2	chi8	-0.3978048604828066	-0.004365509915066401	22.13291339312777	17.675482778502886	0.12170188050767257
16	50	0	100	300	ZZ up-up |A|=2	2	chi32	-0.3978048604828066	-0.00014386712555558567	22.219292801036783	17.675482778502886	0.12170188050767257
16	50	0	100	300	ZZ up-up |A|=2	2	exact	-0.3978048604828066	0.0	22.220388176230205	17.675482778502886	0.12170188050767257
16	50	0	100	300	DoubleOcc |A|=2	2	chi2	0.10035737699017858	0.10035737699017855	2.193064914703295	NaN	0.10923976032753502
16	50	0	100	300	DoubleOcc |A|=2	2	chi4	0.10035737699017858	0.0354315229591369	11.94576018321725	NaN	0.10923976032753502
16	50	0	100	300	DoubleOcc |A|=2	2	chi8	0.10035737699017858	-0.0005939715950023794	30.691101998781473	NaN	0.10923976032753502
16	50	0	100	300	DoubleOcc |A|=2	2	chi32	0.10035737699017858	-2.2000763591489836e-6	30.744233626046455	NaN	0.10923976032753502
16	50	0	100	300	DoubleOcc |A|=2	2	exact	0.10035737699017858	0.0	30.744378710424154	NaN	0.10923976032753502
16	50	0	100	300	SzSz |A|=2	2	chi2	-0.08155407383732062	0.003924805959373737	14.42541654641577	NaN	0.12113059083110135
16	50	0	100	300	SzSz |A|=2	2	chi4	-0.08155407383732062	-0.06633867494519897	1.4456775255224776	NaN	0.12113059083110135
16	50	0	100	300	SzSz |A|=2	2	chi8	-0.08155407383732062	-0.0007873035619198054	17.37469128955989	NaN	0.12113059083110135
16	50	0	100	300	SzSz |A|=2	2	chi32	-0.08155407383732062	-4.321406686590146e-5	17.46337568689061	NaN	0.12113059083110135
16	50	0	100	300	SzSz |A|=2	2	exact	-0.08155407383732062	0.0	17.466324162931482	NaN	0.12113059083110135
16	50	0	100	300	hop |A|=3	3	chi2	0.4227169615035098	0.4227169615035098	1.0	NaN	0.11375341372061493
16	50	0	100	300	hop |A|=3	3	chi4	0.4227169615035098	0.4227169615035098	1.0	NaN	0.11375341372061493
16	50	0	100	300	hop |A|=3	3	chi8	0.4227169615035098	0.005699855880129889	23.66351581951183	NaN	0.11375341372061493
16	50	0	100	300	hop |A|=3	3	chi32	0.4227169615035098	0.00010409997357258005	24.17760216945716	NaN	0.11375341372061493
16	50	0	100	300	hop |A|=3	3	exact	0.4227169615035098	0.0	24.185623216758785	NaN	0.11375341372061493
16	50	0	100	300	ZZZZ |A|=4	4	chi2	0.5437227893572482	-0.4562772106427513	1.266683363186046	42.386531746891016	0.14832290804794893
16	50	0	100	300	ZZZZ |A|=4	4	chi4	0.5437227893572482	-0.009609589043273581	42.52874298302848	42.386531746891016	0.14832290804794893
16	50	0	100	300	ZZZZ |A|=4	4	chi8	0.5437227893572482	-0.003358510723449948	44.15888157312189	42.386531746891016	0.14832290804794893
16	50	0	100	300	ZZZZ |A|=4	4	chi32	0.5437227893572482	-1.5389805756993447e-5	44.8573533628678	42.386531746891016	0.14832290804794893
16	50	0	100	300	ZZZZ |A|=4	4	exact	0.5437227893572482	0.0	44.86025788705268	42.386531746891016	0.14832290804794893
16	50	0	100	300	SxSx |A|=4	4	chi2	-0.08155407393587649	-0.08155407393587649	1.0	NaN	0.1081135808529914
16	50	0	100	300	SxSx |A|=4	4	chi4	-0.08155407393587649	-0.00868633917037781	7.454159401601326	NaN	0.1081135808529914
16	50	0	100	300	SxSx |A|=4	4	chi8	-0.08155407393587649	0.0014228968707603318	11.05754904852965	NaN	0.1081135808529914
16	50	0	100	300	SxSx |A|=4	4	chi32	-0.08155407393587649	-2.62097423203711e-5	11.219190771105001	NaN	0.1081135808529914
16	50	0	100	300	SxSx |A|=4	4	exact	-0.08155407393587649	0.0	11.216808693411863	NaN	0.1081135808529914
16	50	1	100	300	Sz  |A|=1	1	chi2	6.825333007109968e-11	-8.293536743822494e-8	1.000000269394029	NaN	1.1863760528636579e-9
16	50	1	100	300	Sz  |A|=1	1	chi4	6.825333007109968e-11	-8.397395851594824e-9	1.0000000168921315	NaN	1.1863760528636579e-9
16	50	1	100	300	Sz  |A|=1	1	chi8	6.825333007109968e-11	3.612213861359237e-10	1.0000000000752298	NaN	1.1863760528636579e-9
16	50	1	100	300	Sz  |A|=1	1	chi32	6.825333007109968e-11	6.841992250539164e-13	1.00000000024291	NaN	1.1863760528636579e-9
16	50	1	100	300	Sz  |A|=1	1	exact	6.825333007109968e-11	0.0	1.0000000002313012	NaN	1.1863760528636579e-9
16	50	1	100	300	ZZ onsite |A|=2	2	chi2	-0.5985704920183841	0.40142950798161536	2.3380572709688976	50.58961184532023	0.11024580017332608
16	50	1	100	300	ZZ onsite |A|=2	2	chi4	-0.5985704920183841	0.14172611448061567	15.27703936303353	50.58961184532023	0.11024580017332608
16	50	1	100	300	ZZ onsite |A|=2	2	chi8	-0.5985704920183841	-0.002375888552378913	52.412613795383166	50.58961184532023	0.11024580017332608
16	50	1	100	300	ZZ onsite |A|=2	2	chi32	-0.5985704920183841	-8.800334999614634e-6	52.771263310814746	50.58961184532023	0.11024580017332608
16	50	1	100	300	ZZ onsite |A|=2	2	exact	-0.5985704920183841	0.0	52.77245112323995	50.58961184532023	0.11024580017332608
16	50	1	100	300	ZZ up-up |A|=2	2	chi2	-0.3978048604828066	-0.05588934129602918	16.88835234738371	17.675482778502886	0.11608747706979258
16	50	1	100	300	ZZ up-up |A|=2	2	chi4	-0.3978048604828066	-0.33694326491432003	1.3740255826339145	17.675482778502886	0.11608747706979258
16	50	1	100	300	ZZ up-up |A|=2	2	chi8	-0.3978048604828066	-0.004365509915066401	24.04905948947035	17.675482778502886	0.11608747706979258
16	50	1	100	300	ZZ up-up |A|=2	2	chi32	-0.3978048604828066	-0.00014386712555558567	24.051045458772524	17.675482778502886	0.11608747706979258
16	50	1	100	300	ZZ up-up |A|=2	2	exact	-0.3978048604828066	0.0	24.048888573541586	17.675482778502886	0.11608747706979258
16	50	1	100	300	DoubleOcc |A|=2	2	chi2	0.10035737699017858	0.10035737699017855	2.2967313819173776	NaN	0.09070011487174814
16	50	1	100	300	DoubleOcc |A|=2	2	chi4	0.10035737699017858	0.0354315229591369	12.604033399175375	NaN	0.09070011487174814
16	50	1	100	300	DoubleOcc |A|=2	2	chi8	0.10035737699017858	-0.0005939715950023794	29.48406479705394	NaN	0.09070011487174814
16	50	1	100	300	DoubleOcc |A|=2	2	chi32	0.10035737699017858	-2.2000763591489836e-6	29.598454474144773	NaN	0.09070011487174814
16	50	1	100	300	DoubleOcc |A|=2	2	exact	0.10035737699017858	0.0	29.59883351157239	NaN	0.09070011487174814
16	50	1	100	300	SzSz |A|=2	2	chi2	-0.08155407383732062	0.003924805959373737	11.269838105709981	NaN	0.13193082975914946
16	50	1	100	300	SzSz |A|=2	2	chi4	-0.08155407383732062	-0.06633867494519897	1.440501136381378	NaN	0.13193082975914946
16	50	1	100	300	SzSz |A|=2	2	chi8	-0.08155407383732062	-0.0007873035619198054	13.791732807641944	NaN	0.13193082975914946
16	50	1	100	300	SzSz |A|=2	2	chi32	-0.08155407383732062	-4.321406686590146e-5	14.021603474306616	NaN	0.13193082975914946
16	50	1	100	300	SzSz |A|=2	2	exact	-0.08155407383732062	0.0	14.026865314337114	NaN	0.13193082975914946
16	50	1	100	300	hop |A|=3	3	chi2	0.4227169615035098	0.4227169615035098	1.0	NaN	0.11301645737808289
16	50	1	100	300	hop |A|=3	3	chi4	0.4227169615035098	0.4227169615035098	1.0	NaN	0.11301645737808289
16	50	1	100	300	hop |A|=3	3	chi8	0.4227169615035098	0.005699855880129889	18.800528992408022	NaN	0.11301645737808289
16	50	1	100	300	hop |A|=3	3	chi32	0.4227169615035098	0.00010409997357258005	18.98185879984576	NaN	0.11301645737808289
16	50	1	100	300	hop |A|=3	3	exact	0.4227169615035098	0.0	18.98416232611394	NaN	0.11301645737808289
16	50	1	100	300	ZZZZ |A|=4	4	chi2	0.5437227893572482	-0.4562772106427513	1.5397509777879395	42.386531746891016	0.1617955636720267
16	50	1	100	300	ZZZZ |A|=4	4	chi4	0.5437227893572482	-0.009609589043273581	60.406819128859574	42.386531746891016	0.1617955636720267
16	50	1	100	300	ZZZZ |A|=4	4	chi8	0.5437227893572482	-0.003358510723449948	59.73469829037805	42.386531746891016	0.1617955636720267
16	50	1	100	300	ZZZZ |A|=4	4	chi32	0.5437227893572482	-1.5389805756993447e-5	59.02226134256511	42.386531746891016	0.1617955636720267
16	50	1	100	300	ZZZZ |A|=4	4	exact	0.5437227893572482	0.0	59.0184459047329	42.386531746891016	0.1617955636720267
16	50	1	100	300	SxSx |A|=4	4	chi2	-0.08155407393587649	-0.08155407393587649	1.0	NaN	0.10744659217868704
16	50	1	100	300	SxSx |A|=4	4	chi4	-0.08155407393587649	-0.00868633917037781	6.554451898231055	NaN	0.10744659217868704
16	50	1	100	300	SxSx |A|=4	4	chi8	-0.08155407393587649	0.0014228968707603318	11.147468471138398	NaN	0.10744659217868704
16	50	1	100	300	SxSx |A|=4	4	chi32	-0.08155407393587649	-2.62097423203711e-5	11.132022956815264	NaN	0.10744659217868704
16	50	1	100	300	SxSx |A|=4	4	exact	-0.08155407393587649	0.0	11.133376504372293	NaN	0.10744659217868704
16	50	2	100	300	Sz  |A|=1	1	chi2	6.825333007109968e-11	-8.293536743822494e-8	1.000000076149522	NaN	9.733897016809673e-10
16	50	2	100	300	Sz  |A|=1	1	chi4	6.825333007109968e-11	-8.397395851594824e-9	0.9999999997629181	NaN	9.733897016809673e-10
16	50	2	100	300	Sz  |A|=1	1	chi8	6.825333007109968e-11	3.612213861359237e-10	1.0000000005071716	NaN	9.733897016809673e-10
16	50	2	100	300	Sz  |A|=1	1	chi32	6.825333007109968e-11	6.841992250539164e-13	1.0000000000798444	NaN	9.733897016809673e-10
16	50	2	100	300	Sz  |A|=1	1	exact	6.825333007109968e-11	0.0	1.0000000000700136	NaN	9.733897016809673e-10
16	50	2	100	300	ZZ onsite |A|=2	2	chi2	-0.5985704920183841	0.40142950798161536	2.1573272760457733	50.58961184532023	0.13662938078942957
16	50	2	100	300	ZZ onsite |A|=2	2	chi4	-0.5985704920183841	0.14172611448061567	13.240213611563215	50.58961184532023	0.13662938078942957
16	50	2	100	300	ZZ onsite |A|=2	2	chi8	-0.5985704920183841	-0.002375888552378913	50.414584100563935	50.58961184532023	0.13662938078942957
16	50	2	100	300	ZZ onsite |A|=2	2	chi32	-0.5985704920183841	-8.800334999614634e-6	50.42830113012428	50.58961184532023	0.13662938078942957
16	50	2	100	300	ZZ onsite |A|=2	2	exact	-0.5985704920183841	0.0	50.42820630229698	50.58961184532023	0.13662938078942957
16	50	2	100	300	ZZ up-up |A|=2	2	chi2	-0.3978048604828066	-0.05588934129602918	12.413594496926454	17.675482778502886	0.10413072998090965
16	50	2	100	300	ZZ up-up |A|=2	2	chi4	-0.3978048604828066	-0.33694326491432003	1.3567125123547796	17.675482778502886	0.10413072998090965
16	50	2	100	300	ZZ up-up |A|=2	2	chi8	-0.3978048604828066	-0.004365509915066401	16.767623284104143	17.675482778502886	0.10413072998090965
16	50	2	100	300	ZZ up-up |A|=2	2	chi32	-0.3978048604828066	-0.00014386712555558567	16.866121379926618	17.675482778502886	0.10413072998090965
16	50	2	100	300	ZZ up-up |A|=2	2	exact	-0.3978048604828066	0.0	16.868461334154887	17.675482778502886	0.10413072998090965
16	50	2	100	300	DoubleOcc |A|=2	2	chi2	0.10035737699017858	0.10035737699017855	2.029855325683625	NaN	0.11517244602208596
16	50	2	100	300	DoubleOcc |A|=2	2	chi4	0.10035737699017858	0.0354315229591369	10.219330499723068	NaN	0.11517244602208596
16	50	2	100	300	DoubleOcc |A|=2	2	chi8	0.10035737699017858	-0.0005939715950023794	26.203398260168694	NaN	0.11517244602208596
16	50	2	100	300	DoubleOcc |A|=2	2	chi32	0.10035737699017858	-2.2000763591489836e-6	26.161138857544646	NaN	0.11517244602208596
16	50	2	100	300	DoubleOcc |A|=2	2	exact	0.10035737699017858	0.0	26.160942808917895	NaN	0.11517244602208596
16	50	2	100	300	SzSz |A|=2	2	chi2	-0.08155407383732062	0.003924805959373737	10.296796232800537	NaN	0.10692584236843553
16	50	2	100	300	SzSz |A|=2	2	chi4	-0.08155407383732062	-0.06633867494519897	1.4214822585945743	NaN	0.10692584236843553
16	50	2	100	300	SzSz |A|=2	2	chi8	-0.08155407383732062	-0.0007873035619198054	11.97992668821094	NaN	0.10692584236843553
16	50	2	100	300	SzSz |A|=2	2	chi32	-0.08155407383732062	-4.321406686590146e-5	12.108489545772546	NaN	0.10692584236843553
16	50	2	100	300	SzSz |A|=2	2	exact	-0.08155407383732062	0.0	12.113679995843738	NaN	0.10692584236843553
16	50	2	100	300	hop |A|=3	3	chi2	0.4227169615035098	0.4227169615035098	1.0	NaN	0.1206318262848031
16	50	2	100	300	hop |A|=3	3	chi4	0.4227169615035098	0.4227169615035098	1.0	NaN	0.1206318262848031
16	50	2	100	300	hop |A|=3	3	chi8	0.4227169615035098	0.005699855880129889	24.268133633385194	NaN	0.1206318262848031
16	50	2	100	300	hop |A|=3	3	chi32	0.4227169615035098	0.00010409997357258005	24.40980549925504	NaN	0.1206318262848031
16	50	2	100	300	hop |A|=3	3	exact	0.4227169615035098	0.0	24.410568829216142	NaN	0.1206318262848031
16	50	2	100	300	ZZZZ |A|=4	4	chi2	0.5437227893572482	-0.4562772106427513	1.4848630468672999	42.386531746891016	0.1512322374738468
16	50	2	100	300	ZZZZ |A|=4	4	chi4	0.5437227893572482	-0.009609589043273581	44.891103846022716	42.386531746891016	0.1512322374738468
16	50	2	100	300	ZZZZ |A|=4	4	chi8	0.5437227893572482	-0.003358510723449948	44.85689025844084	42.386531746891016	0.1512322374738468
16	50	2	100	300	ZZZZ |A|=4	4	chi32	0.5437227893572482	-1.5389805756993447e-5	44.63161638270035	42.386531746891016	0.1512322374738468
16	50	2	100	300	ZZZZ |A|=4	4	exact	0.5437227893572482	0.0	44.630252572982215	42.386531746891016	0.1512322374738468
16	50	2	100	300	SxSx |A|=4	4	chi2	-0.08155407393587649	-0.08155407393587649	1.0	NaN	0.12255390212669727
16	50	2	100	300	SxSx |A|=4	4	chi4	-0.08155407393587649	-0.00868633917037781	7.139190741002224	NaN	0.12255390212669727
16	50	2	100	300	SxSx |A|=4	4	chi8	-0.08155407393587649	0.0014228968707603318	11.850142356760685	NaN	0.12255390212669727
16	50	2	100	300	SxSx |A|=4	4	chi32	-0.08155407393587649	-2.62097423203711e-5	11.69040586926848	NaN	0.12255390212669727
16	50	2	100	300	SxSx |A|=4	4	exact	-0.08155407393587649	0.0	11.693109481476798	NaN	0.12255390212669727
16	50	3	100	300	Sz  |A|=1	1	chi2	6.825333007109968e-11	-8.293536743822494e-8	0.9999997218952542	NaN	1.117603896985017e-9
16	50	3	100	300	Sz  |A|=1	1	chi4	6.825333007109968e-11	-8.397395851594824e-9	0.9999999694842819	NaN	1.117603896985017e-9
16	50	3	100	300	Sz  |A|=1	1	chi8	6.825333007109968e-11	3.612213861359237e-10	1.0000000011901802	NaN	1.117603896985017e-9
16	50	3	100	300	Sz  |A|=1	1	chi32	6.825333007109968e-11	6.841992250539164e-13	0.9999999997784096	NaN	1.117603896985017e-9
16	50	3	100	300	Sz  |A|=1	1	exact	6.825333007109968e-11	0.0	0.999999999773306	NaN	1.117603896985017e-9
16	50	3	100	300	ZZ onsite |A|=2	2	chi2	-0.5985704920183841	0.40142950798161536	2.144518295203085	50.58961184532023	0.10825917891396086
16	50	3	100	300	ZZ onsite |A|=2	2	chi4	-0.5985704920183841	0.14172611448061567	13.165257381688479	50.58961184532023	0.10825917891396086
16	50	3	100	300	ZZ onsite |A|=2	2	chi8	-0.5985704920183841	-0.002375888552378913	51.392489859912565	50.58961184532023	0.10825917891396086
16	50	3	100	300	ZZ onsite |A|=2	2	chi32	-0.5985704920183841	-8.800334999614634e-6	51.37917705929143	50.58961184532023	0.10825917891396086
16	50	3	100	300	ZZ onsite |A|=2	2	exact	-0.5985704920183841	0.0	51.3789757231087	50.58961184532023	0.10825917891396086
16	50	3	100	300	ZZ up-up |A|=2	2	chi2	-0.3978048604828066	-0.05588934129602918	14.269510622940773	17.675482778502886	0.12386197307158404
16	50	3	100	300	ZZ up-up |A|=2	2	chi4	-0.3978048604828066	-0.33694326491432003	1.3707035492567645	17.675482778502886	0.12386197307158404
16	50	3	100	300	ZZ up-up |A|=2	2	chi8	-0.3978048604828066	-0.004365509915066401	18.42014841430936	17.675482778502886	0.12386197307158404
16	50	3	100	300	ZZ up-up |A|=2	2	chi32	-0.3978048604828066	-0.00014386712555558567	18.36951362169022	17.675482778502886	0.12386197307158404
16	50	3	100	300	ZZ up-up |A|=2	2	exact	-0.3978048604828066	0.0	18.36649338295432	17.675482778502886	0.12386197307158404
16	50	3	100	300	DoubleOcc |A|=2	2	chi2	0.10035737699017858	0.10035737699017855	2.180715313170574	NaN	0.10176169997085804
16	50	3	100	300	DoubleOcc |A|=2	2	chi4	0.10035737699017858	0.0354315229591369	12.084637377976108	NaN	0.10176169997085804
16	50	3	100	300	DoubleOcc |A|=2	2	chi8	0.10035737699017858	-0.0005939715950023794	32.761273061881525	NaN	0.10176169997085804
16	50	3	100	300	DoubleOcc |A|=2	2	chi32	0.10035737699017858	-2.2000763591489836e-6	32.80781933305689	NaN	0.10176169997085804
16	50	3	100	300	DoubleOcc |A|=2	2	exact	0.10035737699017858	0.0	32.80793217721608	NaN	0.10176169997085804
16	50	3	100	300	SzSz |A|=2	2	chi2	-0.08155407383732062	0.003924805959373737	10.556091724848587	NaN	0.10729455820479052
16	50	3	100	300	SzSz |A|=2	2	chi4	-0.08155407383732062	-0.06633867494519897	1.4425395030968668	NaN	0.10729455820479052
16	50	3	100	300	SzSz |A|=2	2	chi8	-0.08155407383732062	-0.0007873035619198054	11.851094054845893	NaN	0.10729455820479052
16	50	3	100	300	SzSz |A|=2	2	chi32	-0.08155407383732062	-4.321406686590146e-5	11.875835387205711	NaN	0.10729455820479052
16	50	3	100	300	SzSz |A|=2	2	exact	-0.08155407383732062	0.0	11.876129960495007	NaN	0.10729455820479052
16	50	3	100	300	hop |A|=3	3	chi2	0.4227169615035098	0.4227169615035098	1.0	NaN	0.1036318747224718
16	50	3	100	300	hop |A|=3	3	chi4	0.4227169615035098	0.4227169615035098	1.0	NaN	0.1036318747224718
16	50	3	100	300	hop |A|=3	3	chi8	0.4227169615035098	0.005699855880129889	22.859010766139207	NaN	0.1036318747224718
16	50	3	100	300	hop |A|=3	3	chi32	0.4227169615035098	0.00010409997357258005	22.882625290778634	NaN	0.1036318747224718
16	50	3	100	300	hop |A|=3	3	exact	0.4227169615035098	0.0	22.881385266022424	NaN	0.1036318747224718
16	50	3	100	300	ZZZZ |A|=4	4	chi2	0.5437227893572482	-0.4562772106427513	1.2911376804597565	42.386531746891016	0.17665540471821534
16	50	3	100	300	ZZZZ |A|=4	4	chi4	0.5437227893572482	-0.009609589043273581	38.825434804959215	42.386531746891016	0.17665540471821534
16	50	3	100	300	ZZZZ |A|=4	4	chi8	0.5437227893572482	-0.003358510723449948	39.986434530910245	42.386531746891016	0.17665540471821534
16	50	3	100	300	ZZZZ |A|=4	4	chi32	0.5437227893572482	-1.5389805756993447e-5	40.455076735706506	42.386531746891016	0.17665540471821534
16	50	3	100	300	ZZZZ |A|=4	4	exact	0.5437227893572482	0.0	40.456968727472216	42.386531746891016	0.17665540471821534
16	50	3	100	300	SxSx |A|=4	4	chi2	-0.08155407393587649	-0.08155407393587649	1.0	NaN	0.10964434302649556
16	50	3	100	300	SxSx |A|=4	4	chi4	-0.08155407393587649	-0.00868633917037781	7.020207579614502	NaN	0.10964434302649556
16	50	3	100	300	SxSx |A|=4	4	chi8	-0.08155407393587649	0.0014228968707603318	12.735226588331031	NaN	0.10964434302649556
16	50	3	100	300	SxSx |A|=4	4	chi32	-0.08155407393587649	-2.62097423203711e-5	12.908130575154614	NaN	0.10964434302649556
16	50	3	100	300	SxSx |A|=4	4	exact	-0.08155407393587649	0.0	12.907321718058064	NaN	0.10964434302649556
16	50	4	100	300	Sz  |A|=1	1	chi2	6.825333007109968e-11	-8.293536743822494e-8	0.9999998502836829	NaN	1.0345151411759608e-9
16	50	4	100	300	Sz  |A|=1	1	chi4	6.825333007109968e-11	-8.397395851594824e-9	0.9999999997212619	NaN	1.0345151411759608e-9
16	50	4	100	300	Sz  |A|=1	1	chi8	6.825333007109968e-11	3.612213861359237e-10	0.9999999990750902	NaN	1.0345151411759608e-9
16	50	4	100	300	Sz  |A|=1	1	chi32	6.825333007109968e-11	6.841992250539164e-13	0.9999999998446845	NaN	1.0345151411759608e-9
16	50	4	100	300	Sz  |A|=1	1	exact	6.825333007109968e-11	0.0	0.9999999998630388	NaN	1.0345151411759608e-9
16	50	4	100	300	ZZ onsite |A|=2	2	chi2	-0.5985704920183841	0.40142950798161536	2.1375486920002515	50.58961184532023	0.12217449697016586
16	50	4	100	300	ZZ onsite |A|=2	2	chi4	-0.5985704920183841	0.14172611448061567	13.206383209267006	50.58961184532023	0.12217449697016586
16	50	4	100	300	ZZ onsite |A|=2	2	chi8	-0.5985704920183841	-0.002375888552378913	53.593641421843216	50.58961184532023	0.12217449697016586
16	50	4	100	300	ZZ onsite |A|=2	2	chi32	-0.5985704920183841	-8.800334999614634e-6	53.559463499637644	50.58961184532023	0.12217449697016586
16	50	4	100	300	ZZ onsite |A|=2	2	exact	-0.5985704920183841	0.0	53.559171073912026	50.58961184532023	0.12217449697016586
16	50	4	100	300	ZZ up-up |A|=2	2	chi2	-0.3978048604828066	-0.05588934129602918	14.884049860966954	17.675482778502886	0.11774256212255903
16	50	4	100	300	ZZ up-up |A|=2	2	chi4	-0.3978048604828066	-0.33694326491432003	1.3711515909845868	17.675482778502886	0.11774256212255903
16	50	4	100	300	ZZ up-up |A|=2	2	chi8	-0.3978048604828066	-0.004365509915066401	19.750736163328934	17.675482778502886	0.11774256212255903
16	50	4	100	300	ZZ up-up |A|=2	2	chi32	-0.3978048604828066	-0.00014386712555558567	19.718315051528165	17.675482778502886	0.11774256212255903
16	50	4	100	300	ZZ up-up |A|=2	2	exact	-0.3978048604828066	0.0	19.715718467416245	17.675482778502886	0.11774256212255903
16	50	4	100	300	DoubleOcc |A|=2	2	chi2	0.10035737699017858	0.10035737699017855	1.9725741186422474	NaN	0.09951082641954057
16	50	4	100	300	DoubleOcc |A|=2	2	chi4	0.10035737699017858	0.0354315229591369	10.300426111187114	NaN	0.09951082641954057
16	50	4	100	300	DoubleOcc |A|=2	2	chi8	0.10035737699017858	-0.0005939715950023794	30.801703349915673	NaN	0.09951082641954057
16	50	4	100	300	DoubleOcc |A|=2	2	chi32	0.10035737699017858	-2.2000763591489836e-6	30.68568186521411	NaN	0.09951082641954057
16	50	4	100	300	DoubleOcc |A|=2	2	exact	0.10035737699017858	0.0	30.68519707044643	NaN	0.09951082641954057
16	50	4	100	300	SzSz |A|=2	2	chi2	-0.08155407383732062	0.003924805959373737	12.782587792868926	NaN	0.11918685066149456
16	50	4	100	300	SzSz |A|=2	2	chi4	-0.08155407383732062	-0.06633867494519897	1.4442022457426829	NaN	0.11918685066149456
16	50	4	100	300	SzSz |A|=2	2	chi8	-0.08155407383732062	-0.0007873035619198054	14.899599112243187	NaN	0.11918685066149456
16	50	4	100	300	SzSz |A|=2	2	chi32	-0.08155407383732062	-4.321406686590146e-5	15.026033042009638	NaN	0.11918685066149456
16	50	4	100	300	SzSz |A|=2	2	exact	-0.08155407383732062	0.0	15.030292441093302	NaN	0.11918685066149456
16	50	4	100	300	hop |A|=3	3	chi2	0.4227169615035098	0.4227169615035098	1.0	NaN	0.11582750470170398
16	50	4	100	300	hop |A|=3	3	chi4	0.4227169615035098	0.4227169615035098	1.0	NaN	0.11582750470170398
16	50	4	100	300	hop |A|=3	3	chi8	0.4227169615035098	0.005699855880129889	23.162556605586495	NaN	0.11582750470170398
16	50	4	100	300	hop |A|=3	3	chi32	0.4227169615035098	0.00010409997357258005	23.019171195330973	NaN	0.11582750470170398
16	50	4	100	300	hop |A|=3	3	exact	0.4227169615035098	0.0	23.01477835070724	NaN	0.11582750470170398
16	50	4	100	300	ZZZZ |A|=4	4	chi2	0.5437227893572482	-0.4562772106427513	1.4928418876990757	42.386531746891016	0.18858211881199555
16	50	4	100	300	ZZZZ |A|=4	4	chi4	0.5437227893572482	-0.009609589043273581	60.892668545292665	42.386531746891016	0.18858211881199555
16	50	4	100	300	ZZZZ |A|=4	4	chi8	0.5437227893572482	-0.003358510723449948	60.78280566044437	42.386531746891016	0.18858211881199555
16	50	4	100	300	ZZZZ |A|=4	4	chi32	0.5437227893572482	-1.5389805756993447e-5	60.34335642397157	42.386531746891016	0.18858211881199555
16	50	4	100	300	ZZZZ |A|=4	4	exact	0.5437227893572482	0.0	60.34073830698985	42.386531746891016	0.18858211881199555
16	50	4	100	300	SxSx |A|=4	4	chi2	-0.08155407393587649	-0.08155407393587649	1.0	NaN	0.12898445422552332
16	50	4	100	300	SxSx |A|=4	4	chi4	-0.08155407393587649	-0.00868633917037781	7.066440715189883	NaN	0.12898445422552332
16	50	4	100	300	SxSx |A|=4	4	chi8	-0.08155407393587649	0.0014228968707603318	11.624159870963798	NaN	0.12898445422552332
16	50	4	100	300	SxSx |A|=4	4	chi32	-0.08155407393587649	-2.62097423203711e-5	11.628196706040944	NaN	0.12898445422552332
16	50	4	100	300	SxSx |A|=4	4	exact	-0.08155407393587649	0.0	11.629135526106774	NaN	0.12898445422552332
16	50	5	100	300	Sz  |A|=1	1	chi2	6.825333007109968e-11	-8.293536743822494e-8	0.9999999088137344	NaN	1.063052480356319e-9
16	50	5	100	300	Sz  |A|=1	1	chi4	6.825333007109968e-11	-8.397395851594824e-9	1.00000000351671	NaN	1.063052480356319e-9
16	50	5	100	300	Sz  |A|=1	1	chi8	6.825333007109968e-11	3.612213861359237e-10	0.999999999079281	NaN	1.063052480356319e-9
16	50	5	100	300	Sz  |A|=1	1	chi32	6.825333007109968e-11	6.841992250539164e-13	0.999999999897181	NaN	1.063052480356319e-9
16	50	5	100	300	Sz  |A|=1	1	exact	6.825333007109968e-11	0.0	0.9999999999131772	NaN	1.063052480356319e-9
16	50	5	100	300	ZZ onsite |A|=2	2	chi2	-0.5985704920183841	0.40142950798161536	2.1731840705699548	50.58961184532023	0.12053227580716927
16	50	5	100	300	ZZ onsite |A|=2	2	chi4	-0.5985704920183841	0.14172611448061567	13.92085825512028	50.58961184532023	0.12053227580716927
16	50	5	100	300	ZZ onsite |A|=2	2	chi8	-0.5985704920183841	-0.002375888552378913	61.236185311253635	50.58961184532023	0.12053227580716927
16	50	5	100	300	ZZ onsite |A|=2	2	chi32	-0.5985704920183841	-8.800334999614634e-6	61.27577392356683	50.58961184532023	0.12053227580716927
16	50	5	100	300	ZZ onsite |A|=2	2	exact	-0.5985704920183841	0.0	61.2757053865007	50.58961184532023	0.12053227580716927
16	50	5	100	300	ZZ up-up |A|=2	2	chi2	-0.3978048604828066	-0.05588934129602918	13.509581765003679	17.675482778502886	0.11118190551225743
16	50	5	100	300	ZZ up-up |A|=2	2	chi4	-0.3978048604828066	-0.33694326491432003	1.3626780975394477	17.675482778502886	0.11118190551225743
16	50	5	100	300	ZZ up-up |A|=2	2	chi8	-0.3978048604828066	-0.004365509915066401	18.327080263284348	17.675482778502886	0.11118190551225743
16	50	5	100	300	ZZ up-up |A|=2	2	chi32	-0.3978048604828066	-0.00014386712555558567	18.394579081152735	17.675482778502886	0.11118190551225743
16	50	5	100	300	ZZ up-up |A|=2	2	exact	-0.3978048604828066	0.0	18.39562905914137	17.675482778502886	0.11118190551225743
16	50	5	100	300	DoubleOcc |A|=2	2	chi2	0.10035737699017858	0.10035737699017855	2.2125291959296254	NaN	0.11098438923302505
16	50	5	100	300	DoubleOcc |A|=2	2	chi4	0.10035737699017858	0.0354315229591369	12.259272236486423	NaN	0.11098438923302505
16	50	5	100	300	DoubleOcc |A|=2	2	chi8	0.10035737699017858	-0.0005939715950023794	32.02148283247691	NaN	0.11098438923302505
16	50	5	100	300	DoubleOcc |A|=2	2	chi32	0.10035737699017858	-2.2000763591489836e-6	32.09114606405007	NaN	0.11098438923302505
16	50	5	100	300	DoubleOcc |A|=2	2	exact	0.10035737699017858	0.0	32.091348197334405	NaN	0.11098438923302505
16	50	5	100	300	SzSz |A|=2	2	chi2	-0.08155407383732062	0.003924805959373737	10.485725085551728	NaN	0.11237857239086167
16	50	5	100	300	SzSz |A|=2	2	chi4	-0.08155407383732062	-0.06633867494519897	1.435002548582325	NaN	0.11237857239086167
16	50	5	100	300	SzSz |A|=2	2	chi8	-0.08155407383732062	-0.0007873035619198054	12.539933785717897	NaN	0.11237857239086167
16	50	5	100	300	SzSz |A|=2	2	chi32	-0.08155407383732062	-4.321406686590146e-5	12.554548725089697	NaN	0.11237857239086167
16	50	5	100	300	SzSz |A|=2	2	exact	-0.08155407383732062	0.0	12.554394034919834	NaN	0.11237857239086167
16	50	5	100	300	hop |A|=3	3	chi2	0.4227169615035098	0.4227169615035098	1.0	NaN	0.11192542265994944
16	50	5	100	300	hop |A|=3	3	chi4	0.4227169615035098	0.4227169615035098	1.0	NaN	0.11192542265994944
16	50	5	100	300	hop |A|=3	3	chi8	0.4227169615035098	0.005699855880129889	26.610946850508476	NaN	0.11192542265994944
16	50	5	100	300	hop |A|=3	3	chi32	0.4227169615035098	0.00010409997357258005	26.86382003351358	NaN	0.11192542265994944
16	50	5	100	300	hop |A|=3	3	exact	0.4227169615035098	0.0	26.866294911286342	NaN	0.11192542265994944
16	50	5	100	300	ZZZZ |A|=4	4	chi2	0.5437227893572482	-0.4562772106427513	1.2772286039114176	42.386531746891016	0.17200072629494634
16	50	5	100	300	ZZZZ |A|=4	4	chi4	0.5437227893572482	-0.009609589043273581	33.303007043971775	42.386531746891016	0.17200072629494634
16	50	5	100	300	ZZZZ |A|=4	4	chi8	0.5437227893572482	-0.003358510723449948	34.21639245310283	42.386531746891016	0.17200072629494634
16	50	5	100	300	ZZZZ |A|=4	4	chi32	0.5437227893572482	-1.5389805756993447e-5	34.59325532056344	42.386531746891016	0.17200072629494634
16	50	5	100	300	ZZZZ |A|=4	4	exact	0.5437227893572482	0.0	34.594796668395276	42.386531746891016	0.17200072629494634
16	50	5	100	300	SxSx |A|=4	4	chi2	-0.08155407393587649	-0.08155407393587649	1.0	NaN	0.11898522651385958
16	50	5	100	300	SxSx |A|=4	4	chi4	-0.08155407393587649	-0.00868633917037781	7.339004148964777	NaN	0.11898522651385958
16	50	5	100	300	SxSx |A|=4	4	chi8	-0.08155407393587649	0.0014228968707603318	12.022201555635752	NaN	0.11898522651385958
16	50	5	100	300	SxSx |A|=4	4	chi32	-0.08155407393587649	-2.62097423203711e-5	12.046796999263291	NaN	0.11898522651385958
16	50	5	100	300	SxSx |A|=4	4	exact	-0.08155407393587649	0.0	12.04700048892716	NaN	0.11898522651385958
16	50	6	100	300	Sz  |A|=1	1	chi2	6.825333007109968e-11	-8.293536743822494e-8	0.9999999785300379	NaN	9.369089395393157e-10
16	50	6	100	300	Sz  |A|=1	1	chi4	6.825333007109968e-11	-8.397395851594824e-9	1.0000000010105194	NaN	9.369089395393157e-10
16	50	6	100	300	Sz  |A|=1	1	chi8	6.825333007109968e-11	3.612213861359237e-10	0.9999999997655274	NaN	9.369089395393157e-10
16	50	6	100	300	Sz  |A|=1	1	chi32	6.825333007109968e-11	6.841992250539164e-13	0.9999999999753849	NaN	9.369089395393157e-10
16	50	6	100	300	Sz  |A|=1	1	exact	6.825333007109968e-11	0.0	0.9999999999793898	NaN	9.369089395393157e-10
16	50	6	100	300	ZZ onsite |A|=2	2	chi2	-0.5985704920183841	0.40142950798161536	2.090327068531063	50.58961184532023	0.11899960976295632
16	50	6	100	300	ZZ onsite |A|=2	2	chi4	-0.5985704920183841	0.14172611448061567	12.798502999814836	50.58961184532023	0.11899960976295632
16	50	6	100	300	ZZ onsite |A|=2	2	chi8	-0.5985704920183841	-0.002375888552378913	54.99165892027115	50.58961184532023	0.11899960976295632
16	50	6	100	300	ZZ onsite |A|=2	2	chi32	-0.5985704920183841	-8.800334999614634e-6	54.8411789871824	50.58961184532023	0.11899960976295632
16	50	6	100	300	ZZ onsite |A|=2	2	exact	-0.5985704920183841	0.0	54.84044585042529	50.58961184532023	0.11899960976295632
16	50	6	100	300	ZZ up-up |A|=2	2	chi2	-0.3978048604828066	-0.05588934129602918	14.010395579562747	17.675482778502886	0.11405106199145025
16	50	6	100	300	ZZ up-up |A|=2	2	chi4	-0.3978048604828066	-0.33694326491432003	1.3608740055264	17.675482778502886	0.11405106199145025
16	50	6	100	300	ZZ up-up |A|=2	2	chi8	-0.3978048604828066	-0.004365509915066401	20.076979621615394	17.675482778502886	0.11405106199145025
16	50	6	100	300	ZZ up-up |A|=2	2	chi32	-0.3978048604828066	-0.00014386712555558567	20.23663391616955	17.675482778502886	0.11405106199145025
16	50	6	100	300	ZZ up-up |A|=2	2	exact	-0.3978048604828066	0.0	20.240616898189646	17.675482778502886	0.11405106199145025
16	50	6	100	300	DoubleOcc |A|=2	2	chi2	0.10035737699017858	0.10035737699017855	2.050861010852593	NaN	0.13170193159891774
16	50	6	100	300	DoubleOcc |A|=2	2	chi4	0.10035737699017858	0.0354315229591369	11.004184147984942	NaN	0.13170193159891774
16	50	6	100	300	DoubleOcc |A|=2	2	chi8	0.10035737699017858	-0.0005939715950023794	32.16184794893841	NaN	0.13170193159891774
16	50	6	100	300	DoubleOcc |A|=2	2	chi32	0.10035737699017858	-2.2000763591489836e-6	32.102500345371695	NaN	0.13170193159891774
16	50	6	100	300	DoubleOcc |A|=2	2	exact	0.10035737699017858	0.0	32.10222073474555	NaN	0.13170193159891774
16	50	6	100	300	SzSz |A|=2	2	chi2	-0.08155407383732062	0.003924805959373737	8.835561950960928	NaN	0.12192628726594248
16	50	6	100	300	SzSz |A|=2	2	chi4	-0.08155407383732062	-0.06633867494519897	1.4265275628998404	NaN	0.12192628726594248
16	50	6	100	300	SzSz |A|=2	2	chi8	-0.08155407383732062	-0.0007873035619198054	10.998648410275196	NaN	0.12192628726594248
16	50	6	100	300	SzSz |A|=2	2	chi32	-0.08155407383732062	-4.321406686590146e-5	11.008009524901992	NaN	0.12192628726594248
16	50	6	100	300	SzSz |A|=2	2	exact	-0.08155407383732062	0.0	11.007078606367338	NaN	0.12192628726594248
16	50	6	100	300	hop |A|=3	3	chi2	0.4227169615035098	0.4227169615035098	1.0	NaN	0.11980938068595313
16	50	6	100	300	hop |A|=3	3	chi4	0.4227169615035098	0.4227169615035098	1.0	NaN	0.11980938068595313
16	50	6	100	300	hop |A|=3	3	chi8	0.4227169615035098	0.005699855880129889	21.256006075666605	NaN	0.11980938068595313
16	50	6	100	300	hop |A|=3	3	chi32	0.4227169615035098	0.00010409997357258005	21.422905227882914	NaN	0.11980938068595313
16	50	6	100	300	hop |A|=3	3	exact	0.4227169615035098	0.0	21.424604363958007	NaN	0.11980938068595313
16	50	6	100	300	ZZZZ |A|=4	4	chi2	0.5437227893572482	-0.4562772106427513	1.2971855821581795	42.386531746891016	0.13814105304366284
16	50	6	100	300	ZZZZ |A|=4	4	chi4	0.5437227893572482	-0.009609589043273581	36.8444353897622	42.386531746891016	0.13814105304366284
16	50	6	100	300	ZZZZ |A|=4	4	chi8	0.5437227893572482	-0.003358510723449948	37.84370437593939	42.386531746891016	0.13814105304366284
16	50	6	100	300	ZZZZ |A|=4	4	chi32	0.5437227893572482	-1.5389805756993447e-5	38.239459078875015	42.386531746891016	0.13814105304366284
16	50	6	100	300	ZZZZ |A|=4	4	exact	0.5437227893572482	0.0	38.24104129169833	42.386531746891016	0.13814105304366284
16	50	6	100	300	SxSx |A|=4	4	chi2	-0.08155407393587649	-0.08155407393587649	1.0	NaN	0.13323784701623156
16	50	6	100	300	SxSx |A|=4	4	chi4	-0.08155407393587649	-0.00868633917037781	7.457077581544674	NaN	0.13323784701623156
16	50	6	100	300	SxSx |A|=4	4	chi8	-0.08155407393587649	0.0014228968707603318	11.930106828972383	NaN	0.13323784701623156
16	50	6	100	300	SxSx |A|=4	4	chi32	-0.08155407393587649	-2.62097423203711e-5	12.034992408627785	NaN	0.13323784701623156
16	50	6	100	300	SxSx |A|=4	4	exact	-0.08155407393587649	0.0	12.03357091308475	NaN	0.13323784701623156
16	50	7	100	300	Sz  |A|=1	1	chi2	6.825333007109968e-11	-8.293536743822494e-8	1.0000000338908364	NaN	9.984023065403588e-10
16	50	7	100	300	Sz  |A|=1	1	chi4	6.825333007109968e-11	-8.397395851594824e-9	1.0000000153009367	NaN	9.984023065403588e-10
16	50	7	100	300	Sz  |A|=1	1	chi8	6.825333007109968e-11	3.612213861359237e-10	0.9999999987320972	NaN	9.984023065403588e-10
16	50	7	100	300	Sz  |A|=1	1	chi32	6.825333007109968e-11	6.841992250539164e-13	1.0000000000011695	NaN	9.984023065403588e-10
16	50	7	100	300	Sz  |A|=1	1	exact	6.825333007109968e-11	0.0	1.0000000000169254	NaN	9.984023065403588e-10
16	50	7	100	300	ZZ onsite |A|=2	2	chi2	-0.5985704920183841	0.40142950798161536	2.1823394378709393	50.58961184532023	0.11761613875284163
16	50	7	100	300	ZZ onsite |A|=2	2	chi4	-0.5985704920183841	0.14172611448061567	13.539297576392322	50.58961184532023	0.11761613875284163
16	50	7	100	300	ZZ onsite |A|=2	2	chi8	-0.5985704920183841	-0.002375888552378913	51.2719863886679	50.58961184532023	0.11761613875284163
16	50	7	100	300	ZZ onsite |A|=2	2	chi32	-0.5985704920183841	-8.800334999614634e-6	51.33357743337192	50.58961184532023	0.11761613875284163
16	50	7	100	300	ZZ onsite |A|=2	2	exact	-0.5985704920183841	0.0	51.33365621802144	50.58961184532023	0.11761613875284163
16	50	7	100	300	ZZ up-up |A|=2	2	chi2	-0.3978048604828066	-0.05588934129602918	13.222129830633763	17.675482778502886	0.1290993998667258
16	50	7	100	300	ZZ up-up |A|=2	2	chi4	-0.3978048604828066	-0.33694326491432003	1.3611156128403343	17.675482778502886	0.1290993998667258
16	50	7	100	300	ZZ up-up |A|=2	2	chi8	-0.3978048604828066	-0.004365509915066401	17.934989436206806	17.675482778502886	0.1290993998667258
16	50	7	100	300	ZZ up-up |A|=2	2	chi32	-0.3978048604828066	-0.00014386712555558567	18.013167441699085	17.675482778502886	0.1290993998667258
16	50	7	100	300	ZZ up-up |A|=2	2	exact	-0.3978048604828066	0.0	18.014642837454055	17.675482778502886	0.1290993998667258
16	50	7	100	300	DoubleOcc |A|=2	2	chi2	0.10035737699017858	0.10035737699017855	2.2531894168058657	NaN	0.10882111899695082
16	50	7	100	300	DoubleOcc |A|=2	2	chi4	0.10035737699017858	0.0354315229591369	12.321621558104038	NaN	0.10882111899695082
16	50	7	100	300	DoubleOcc |A|=2	2	chi8	0.10035737699017858	-0.0005939715950023794	29.930882790020473	NaN	0.10882111899695082
16	50	7	100	300	DoubleOcc |A|=2	2	chi32	0.10035737699017858	-2.2000763591489836e-6	30.02126598600442	NaN	0.10882111899695082
16	50	7	100	300	DoubleOcc |A|=2	2	exact	0.10035737699017858	0.0	30.021553324770352	NaN	0.10882111899695082
16	50	7	100	300	SzSz |A|=2	2	chi2	-0.08155407383732062	0.003924805959373737	9.592550024547004	NaN	0.10566296483888336
16	50	7	100	300	SzSz |A|=2	2	chi4	-0.08155407383732062	-0.06633867494519897	1.4401254318573253	NaN	0.10566296483888336
16	50	7	100	300	SzSz |A|=2	2	chi8	-0.08155407383732062	-0.0007873035619198054	11.605330063509902	NaN	0.10566296483888336
16	50	7	100	300	SzSz |A|=2	2	chi32	-0.08155407383732062	-4.321406686590146e-5	11.646912170798497	NaN	0.10566296483888336
16	50	7	100	300	SzSz |A|=2	2	exact	-0.08155407383732062	0.0	11.645482824593785	NaN	0.10566296483888336
16	50	7	100	300	hop |A|=3	3	chi2	0.4227169615035098	0.4227169615035098	1.0	NaN	0.12501296536050505
16	50	7	100	300	hop |A|=3	3	chi4	0.4227169615035098	0.4227169615035098	1.0	NaN	0.12501296536050505
16	50	7	100	300	hop |A|=3	3	chi8	0.4227169615035098	0.005699855880129889	20.290667159201373	NaN	0.12501296536050505
16	50	7	100	300	hop |A|=3	3	chi32	0.4227169615035098	0.00010409997357258005	20.351862446464338	NaN	0.12501296536050505
16	50	7	100	300	hop |A|=3	3	exact	0.4227169615035098	0.0	20.35169392377344	NaN	0.12501296536050505
16	50	7	100	300	ZZZZ |A|=4	4	chi2	0.5437227893572482	-0.4562772106427513	1.410769629278949	42.386531746891016	0.15688716733416438
16	50	7	100	300	ZZZZ |A|=4	4	chi4	0.5437227893572482	-0.009609589043273581	42.940154680525616	42.386531746891016	0.15688716733416438
16	50	7	100	300	ZZZZ |A|=4	4	chi8	0.5437227893572482	-0.003358510723449948	43.40846826038646	42.386531746891016	0.15688716733416438
16	50	7	100	300	ZZZZ |A|=4	4	chi32	0.5437227893572482	-1.5389805756993447e-5	43.46228203777126	42.386531746891016	0.15688716733416438
16	50	7	100	300	ZZZZ |A|=4	4	exact	0.5437227893572482	0.0	43.46220788318175	42.386531746891016	0.15688716733416438
16	50	7	100	300	SxSx |A|=4	4	chi2	-0.08155407393587649	-0.08155407393587649	1.0	NaN	0.112400491878941
16	50	7	100	300	SxSx |A|=4	4	chi4	-0.08155407393587649	-0.00868633917037781	8.168678480360514	NaN	0.112400491878941
16	50	7	100	300	SxSx |A|=4	4	chi8	-0.08155407393587649	0.0014228968707603318	13.878789418840663	NaN	0.112400491878941
16	50	7	100	300	SxSx |A|=4	4	chi32	-0.08155407393587649	-2.62097423203711e-5	13.93898679212771	NaN	0.112400491878941
16	50	7	100	300	SxSx |A|=4	4	exact	-0.08155407393587649	0.0	13.93918217441984	NaN	0.112400491878941
16	400	0	100	300	Sz  |A|=1	1	chi2	6.825333007109968e-11	-8.293536743822494e-8	1.0000000322860583	NaN	9.578122728679204e-10
16	400	0	100	300	Sz  |A|=1	1	chi4	6.825333007109968e-11	-8.397395851594824e-9	0.9999999905890926	NaN	9.578122728679204e-10
16	400	0	100	300	Sz  |A|=1	1	chi8	6.825333007109968e-11	3.612213861359237e-10	1.000000001117661	NaN	9.578122728679204e-10
16	400	0	100	300	Sz  |A|=1	1	chi32	6.825333007109968e-11	6.841992250539164e-13	1.0000000000546216	NaN	9.578122728679204e-10
16	400	0	100	300	Sz  |A|=1	1	exact	6.825333007109968e-11	0.0	1.000000000038288	NaN	9.578122728679204e-10
16	400	0	100	300	ZZ onsite |A|=2	2	chi2	-0.5985704920183841	0.40142950798161536	2.160044303273514	50.58961184532023	0.11251399246153543
16	400	0	100	300	ZZ onsite |A|=2	2	chi4	-0.5985704920183841	0.14172611448061567	13.351515986857471	50.58961184532023	0.11251399246153543
16	400	0	100	300	ZZ onsite |A|=2	2	chi8	-0.5985704920183841	-0.002375888552378913	51.975058715084955	50.58961184532023	0.11251399246153543
16	400	0	100	300	ZZ onsite |A|=2	2	chi32	-0.5985704920183841	-8.800334999614634e-6	51.99208559737387	50.58961184532023	0.11251399246153543
16	400	0	100	300	ZZ onsite |A|=2	2	exact	-0.5985704920183841	0.0	51.99199383833729	50.58961184532023	0.11251399246153543
16	400	0	100	300	ZZ up-up |A|=2	2	chi2	-0.3978048604828066	-0.05588934129602918	11.599546043312436	17.675482778502886	0.09711016221679687
16	400	0	100	300	ZZ up-up |A|=2	2	chi4	-0.3978048604828066	-0.33694326491432003	1.352155736332	17.675482778502886	0.09711016221679687
16	400	0	100	300	ZZ up-up |A|=2	2	chi8	-0.3978048604828066	-0.004365509915066401	15.529647461632218	17.675482778502886	0.09711016221679687
16	400	0	100	300	ZZ up-up |A|=2	2	chi32	-0.3978048604828066	-0.00014386712555558567	15.637053891882159	17.675482778502886	0.09711016221679687
16	400	0	100	300	ZZ up-up |A|=2	2	exact	-0.3978048604828066	0.0	15.639862066067383	17.675482778502886	0.09711016221679687
16	400	0	100	300	DoubleOcc |A|=2	2	chi2	0.10035737699017858	0.10035737699017855	2.093395091619948	NaN	0.09039619640770978
16	400	0	100	300	DoubleOcc |A|=2	2	chi4	0.10035737699017858	0.0354315229591369	10.945422817749952	NaN	0.09039619640770978
16	400	0	100	300	DoubleOcc |A|=2	2	chi8	0.10035737699017858	-0.0005939715950023794	28.58689443550488	NaN	0.09039619640770978
16	400	0	100	300	DoubleOcc |A|=2	2	chi32	0.10035737699017858	-2.2000763591489836e-6	28.574418367017806	NaN	0.09039619640770978
16	400	0	100	300	DoubleOcc |A|=2	2	exact	0.10035737699017858	0.0	28.574325654659873	NaN	0.09039619640770978
16	400	0	100	300	SzSz |A|=2	2	chi2	-0.08155407383732062	0.003924805959373737	10.24527839453288	NaN	0.10694422913185053
16	400	0	100	300	SzSz |A|=2	2	chi4	-0.08155407383732062	-0.06633867494519897	1.4376340463413346	NaN	0.10694422913185053
16	400	0	100	300	SzSz |A|=2	2	chi8	-0.08155407383732062	-0.0007873035619198054	11.465171188789629	NaN	0.10694422913185053
16	400	0	100	300	SzSz |A|=2	2	chi32	-0.08155407383732062	-4.321406686590146e-5	11.546559986498927	NaN	0.10694422913185053
16	400	0	100	300	SzSz |A|=2	2	exact	-0.08155407383732062	0.0	11.54909440718069	NaN	0.10694422913185053
16	400	0	100	300	hop |A|=3	3	chi2	0.4227169615035098	0.4227169615035098	1.0	NaN	0.11110310300175856
16	400	0	100	300	hop |A|=3	3	chi4	0.4227169615035098	0.4227169615035098	1.0	NaN	0.11110310300175856
16	400	0	100	300	hop |A|=3	3	chi8	0.4227169615035098	0.005699855880129889	20.758694300182235	NaN	0.11110310300175856
16	400	0	100	300	hop |A|=3	3	chi32	0.4227169615035098	0.00010409997357258005	20.783601089197408	NaN	0.11110310300175856
16	400	0	100	300	hop |A|=3	3	exact	0.4227169615035098	0.0	20.782687032429795	NaN	0.11110310300175856
16	400	0	100	300	ZZZZ |A|=4	4	chi2	0.5437227893572482	-0.4562772106427513	1.5223381847201232	42.386531746891016	0.11993645999482298
16	400	0	100	300	ZZZZ |A|=4	4	chi4	0.5437227893572482	-0.009609589043273581	47.661438874820085	42.386531746891016	0.11993645999482298
16	400	0	100	300	ZZZZ |A|=4	4	chi8	0.5437227893572482	-0.003358510723449948	47.344101442578	42.386531746891016	0.11993645999482298
16	400	0	100	300	ZZZZ |A|=4	4	chi32	0.5437227893572482	-1.5389805756993447e-5	46.94928171035823	42.386531746891016	0.11993645999482298
16	400	0	100	300	ZZZZ |A|=4	4	exact	0.5437227893572482	0.0	46.94711566904881	42.386531746891016	0.11993645999482298
16	400	0	100	300	SxSx |A|=4	4	chi2	-0.08155407393587649	-0.08155407393587649	1.0	NaN	0.12644263295775776
16	400	0	100	300	SxSx |A|=4	4	chi4	-0.08155407393587649	-0.00868633917037781	7.634722306795738	NaN	0.12644263295775776
16	400	0	100	300	SxSx |A|=4	4	chi8	-0.08155407393587649	0.0014228968707603318	14.10147909714277	NaN	0.12644263295775776
16	400	0	100	300	SxSx |A|=4	4	chi32	-0.08155407393587649	-2.62097423203711e-5	14.301944714407233	NaN	0.12644263295775776
16	400	0	100	300	SxSx |A|=4	4	exact	-0.08155407393587649	0.0	14.301497474469896	NaN	0.12644263295775776
16	400	1	100	300	Sz  |A|=1	1	chi2	6.825333007109968e-11	-8.293536743822494e-8	0.9999999524350095	NaN	1.1236622751099527e-9
16	400	1	100	300	Sz  |A|=1	1	chi4	6.825333007109968e-11	-8.397395851594824e-9	1.000000003964559	NaN	1.1236622751099527e-9
16	400	1	100	300	Sz  |A|=1	1	chi8	6.825333007109968e-11	3.612213861359237e-10	0.99999999931322	NaN	1.1236622751099527e-9
16	400	1	100	300	Sz  |A|=1	1	chi32	6.825333007109968e-11	6.841992250539164e-13	0.9999999999416166	NaN	1.1236622751099527e-9
16	400	1	100	300	Sz  |A|=1	1	exact	6.825333007109968e-11	0.0	0.9999999999527437	NaN	1.1236622751099527e-9
16	400	1	100	300	ZZ onsite |A|=2	2	chi2	-0.5985704920183841	0.40142950798161536	2.0825339405098617	50.58961184532023	0.1089762625839815
16	400	1	100	300	ZZ onsite |A|=2	2	chi4	-0.5985704920183841	0.14172611448061567	12.048694682838526	50.58961184532023	0.1089762625839815
16	400	1	100	300	ZZ onsite |A|=2	2	chi8	-0.5985704920183841	-0.002375888552378913	42.22777155427579	50.58961184532023	0.1089762625839815
16	400	1	100	300	ZZ onsite |A|=2	2	chi32	-0.5985704920183841	-8.800334999614634e-6	42.146520133660985	50.58961184532023	0.1089762625839815
16	400	1	100	300	ZZ onsite |A|=2	2	exact	-0.5985704920183841	0.0	42.14611583474747	50.58961184532023	0.1089762625839815
16	400	1	100	300	ZZ up-up |A|=2	2	chi2	-0.3978048604828066	-0.05588934129602918	13.725084617616906	17.675482778502886	0.11714125528374977
16	400	1	100	300	ZZ up-up |A|=2	2	chi4	-0.3978048604828066	-0.33694326491432003	1.3648270033403926	17.675482778502886	0.11714125528374977
16	400	1	100	300	ZZ up-up |A|=2	2	chi8	-0.3978048604828066	-0.004365509915066401	18.398988650938694	17.675482778502886	0.11714125528374977
16	400	1	100	300	ZZ up-up |A|=2	2	chi32	-0.3978048604828066	-0.00014386712555558567	18.43610321978145	17.675482778502886	0.11714125528374977
16	400	1	100	300	ZZ up-up |A|=2	2	exact	-0.3978048604828066	0.0	18.43609424128957	17.675482778502886	0.11714125528374977
16	400	1	100	300	DoubleOcc |A|=2	2	chi2	0.10035737699017858	0.10035737699017855	2.050538203266368	NaN	0.11118483312618614
16	400	1	100	300	DoubleOcc |A|=2	2	chi4	0.10035737699017858	0.0354315229591369	10.053130784163702	NaN	0.11118483312618614
16	400	1	100	300	DoubleOcc |A|=2	2	chi8	0.10035737699017858	-0.0005939715950023794	23.904827915829777	NaN	0.11118483312618614
16	400	1	100	300	DoubleOcc |A|=2	2	chi32	0.10035737699017858	-2.2000763591489836e-6	23.883598002921815	NaN	0.11118483312618614
16	400	1	100	300	DoubleOcc |A|=2	2	exact	0.10035737699017858	0.0	23.883486808810723	NaN	0.11118483312618614
16	400	1	100	300	SzSz |A|=2	2	chi2	-0.08155407383732062	0.003924805959373737	9.64771079209337	NaN	0.11786951993772364
16	400	1	100	300	SzSz |A|=2	2	chi4	-0.08155407383732062	-0.06633867494519897	1.4366991265192635	NaN	0.11786951993772364
16	400	1	100	300	SzSz |A|=2	2	chi8	-0.08155407383732062	-0.0007873035619198054	11.296519734886274	NaN	0.11786951993772364
16	400	1	100	300	SzSz |A|=2	2	chi32	-0.08155407383732062	-4.321406686590146e-5	11.262949443286024	NaN	0.11786951993772364
16	400	1	100	300	SzSz |A|=2	2	exact	-0.08155407383732062	0.0	11.260671343797435	NaN	0.11786951993772364
16	400	1	100	300	hop |A|=3	3	chi2	0.4227169615035098	0.4227169615035098	1.0	NaN	0.11333000870136521
16	400	1	100	300	hop |A|=3	3	chi4	0.4227169615035098	0.4227169615035098	1.0	NaN	0.11333000870136521
16	400	1	100	300	hop |A|=3	3	chi8	0.4227169615035098	0.005699855880129889	22.32696180424176	NaN	0.11333000870136521
16	400	1	100	300	hop |A|=3	3	chi32	0.4227169615035098	0.00010409997357258005	21.95326787812642	NaN	0.11333000870136521
16	400	1	100	300	hop |A|=3	3	exact	0.4227169615035098	0.0	21.944793402307923	NaN	0.11333000870136521
16	400	1	100	300	ZZZZ |A|=4	4	chi2	0.5437227893572482	-0.4562772106427513	1.3996738343182937	42.386531746891016	0.12408220156707915
16	400	1	100	300	ZZZZ |A|=4	4	chi4	0.5437227893572482	-0.009609589043273581	50.05856422359277	42.386531746891016	0.12408220156707915
16	400	1	100	300	ZZZZ |A|=4	4	chi8	0.5437227893572482	-0.003358510723449948	50.82870396414031	42.386531746891016	0.12408220156707915
16	400	1	100	300	ZZZZ |A|=4	4	chi32	0.5437227893572482	-1.5389805756993447e-5	50.97171050859831	42.386531746891016	0.12408220156707915
16	400	1	100	300	ZZZZ |A|=4	4	exact	0.5437227893572482	0.0	50.97192404896496	42.386531746891016	0.12408220156707915
16	400	1	100	300	SxSx |A|=4	4	chi2	-0.08155407393587649	-0.08155407393587649	1.0	NaN	0.11959708252571907
16	400	1	100	300	SxSx |A|=4	4	chi4	-0.08155407393587649	-0.00868633917037781	7.432399456114625	NaN	0.11959708252571907
16	400	1	100	300	SxSx |A|=4	4	chi8	-0.08155407393587649	0.0014228968707603318	13.907072723133341	NaN	0.11959708252571907
16	400	1	100	300	SxSx |A|=4	4	chi32	-0.08155407393587649	-2.62097423203711e-5	13.998643010774986	NaN	0.11959708252571907
16	400	1	100	300	SxSx |A|=4	4	exact	-0.08155407393587649	0.0	13.999174096684289	NaN	0.11959708252571907
16	400	2	100	300	Sz  |A|=1	1	chi2	6.825333007109968e-11	-8.293536743822494e-8	1.0000000607924233	NaN	9.53238877975762e-10
16	400	2	100	300	Sz  |A|=1	1	chi4	6.825333007109968e-11	-8.397395851594824e-9	1.0000000175544494	NaN	9.53238877975762e-10
16	400	2	100	300	Sz  |A|=1	1	chi8	6.825333007109968e-11	3.612213861359237e-10	0.9999999986846719	NaN	9.53238877975762e-10
16	400	2	100	300	Sz  |A|=1	1	chi32	6.825333007109968e-11	6.841992250539164e-13	1.000000000024162	NaN	9.53238877975762e-10
16	400	2	100	300	Sz  |A|=1	1	exact	6.825333007109968e-11	0.0	1.0000000000394993	NaN	9.53238877975762e-10
16	400	2	100	300	ZZ onsite |A|=2	2	chi2	-0.5985704920183841	0.40142950798161536	2.050981191120819	50.58961184532023	0.11614082230865365
16	400	2	100	300	ZZ onsite |A|=2	2	chi4	-0.5985704920183841	0.14172611448061567	11.587312430443948	50.58961184532023	0.11614082230865365
16	400	2	100	300	ZZ onsite |A|=2	2	chi8	-0.5985704920183841	-0.002375888552378913	39.40802654195937	50.58961184532023	0.11614082230865365
16	400	2	100	300	ZZ onsite |A|=2	2	chi32	-0.5985704920183841	-8.800334999614634e-6	39.30219788625269	50.58961184532023	0.11614082230865365
16	400	2	100	300	ZZ onsite |A|=2	2	exact	-0.5985704920183841	0.0	39.30171573635537	50.58961184532023	0.11614082230865365
16	400	2	100	300	ZZ up-up |A|=2	2	chi2	-0.3978048604828066	-0.05588934129602918	10.67291180596793	17.675482778502886	0.09805274247785334
16	400	2	100	300	ZZ up-up |A|=2	2	chi4	-0.3978048604828066	-0.33694326491432003	1.3488878051686903	17.675482778502886	0.09805274247785334
16	400	2	100	300	ZZ up-up |A|=2	2	chi8	-0.3978048604828066	-0.004365509915066401	13.80046790992163	17.675482778502886	0.09805274247785334
16	400	2	100	300	ZZ up-up |A|=2	2	chi32	-0.3978048604828066	-0.00014386712555558567	13.877227865314618	17.675482778502886	0.09805274247785334
16	400	2	100	300	ZZ up-up |A|=2	2	exact	-0.3978048604828066	0.0	13.87917038558027	17.675482778502886	0.09805274247785334
16	400	2	100	300	DoubleOcc |A|=2	2	chi2	0.10035737699017858	0.10035737699017855	2.0754789705490304	NaN	0.12015447149664096
16	400	2	100	300	DoubleOcc |A|=2	2	chi4	0.10035737699017858	0.0354315229591369	10.072568817940535	NaN	0.12015447149664096
16	400	2	100	300	DoubleOcc |A|=2	2	chi8	0.10035737699017858	-0.0005939715950023794	22.972213645949846	NaN	0.12015447149664096
16	400	2	100	300	DoubleOcc |A|=2	2	chi32	0.10035737699017858	-2.2000763591489836e-6	22.965160129082314	NaN	0.12015447149664096
16	400	2	100	300	DoubleOcc |A|=2	2	exact	0.10035737699017858	0.0	22.96510425451567	NaN	0.12015447149664096
16	400	2	100	300	SzSz |A|=2	2	chi2	-0.08155407383732062	0.003924805959373737	8.695205872371826	NaN	0.11597223142890901
16	400	2	100	300	SzSz |A|=2	2	chi4	-0.08155407383732062	-0.06633867494519897	1.4252546783530071	NaN	0.11597223142890901
16	400	2	100	300	SzSz |A|=2	2	chi8	-0.08155407383732062	-0.0007873035619198054	9.971414883407354	NaN	0.11597223142890901
16	400	2	100	300	SzSz |A|=2	2	chi32	-0.08155407383732062	-4.321406686590146e-5	9.946823825661768	NaN	0.11597223142890901
16	400	2	100	300	SzSz |A|=2	2	exact	-0.08155407383732062	0.0	9.946535215823502	NaN	0.11597223142890901
16	400	2	100	300	hop |A|=3	3	chi2	0.4227169615035098	0.4227169615035098	1.0	NaN	0.12020905622077632
16	400	2	100	300	hop |A|=3	3	chi4	0.4227169615035098	0.4227169615035098	1.0	NaN	0.12020905622077632
16	400	2	100	300	hop |A|=3	3	chi8	0.4227169615035098	0.005699855880129889	18.31341311092594	NaN	0.12020905622077632
16	400	2	100	300	hop |A|=3	3	chi32	0.4227169615035098	0.00010409997357258005	18.195477195661866	NaN	0.12020905622077632
16	400	2	100	300	hop |A|=3	3	exact	0.4227169615035098	0.0	18.192214702749915	NaN	0.12020905622077632
16	400	2	100	300	ZZZZ |A|=4	4	chi2	0.5437227893572482	-0.4562772106427513	1.469468862792566	42.386531746891016	0.10944257006973307
16	400	2	100	300	ZZZZ |A|=4	4	chi4	0.5437227893572482	-0.009609589043273581	37.65173787626503	42.386531746891016	0.10944257006973307
16	400	2	100	300	ZZZZ |A|=4	4	chi8	0.5437227893572482	-0.003358510723449948	37.68884465186638	42.386531746891016	0.10944257006973307
16	400	2	100	300	ZZZZ |A|=4	4	chi32	0.5437227893572482	-1.5389805756993447e-5	37.56228036967482	42.386531746891016	0.10944257006973307
16	400	2	100	300	ZZZZ |A|=4	4	exact	0.5437227893572482	0.0	37.56146465040827	42.386531746891016	0.10944257006973307
16	400	2	100	300	SxSx |A|=4	4	chi2	-0.08155407393587649	-0.08155407393587649	1.0	NaN	0.12554796656265285
16	400	2	100	300	SxSx |A|=4	4	chi4	-0.08155407393587649	-0.00868633917037781	9.533124865912674	NaN	0.12554796656265285
16	400	2	100	300	SxSx |A|=4	4	chi8	-0.08155407393587649	0.0014228968707603318	16.324533911499987	NaN	0.12554796656265285
16	400	2	100	300	SxSx |A|=4	4	chi32	-0.08155407393587649	-2.62097423203711e-5	16.179037482357078	NaN	0.12554796656265285
16	400	2	100	300	SxSx |A|=4	4	exact	-0.08155407393587649	0.0	16.18143002356366	NaN	0.12554796656265285
16	400	3	100	300	Sz  |A|=1	1	chi2	6.825333007109968e-11	-8.293536743822494e-8	1.0000000287422783	NaN	1.1116412246003364e-9
16	400	3	100	300	Sz  |A|=1	1	chi4	6.825333007109968e-11	-8.397395851594824e-9	1.0000000119390404	NaN	1.1116412246003364e-9
16	400	3	100	300	Sz  |A|=1	1	chi8	6.825333007109968e-11	3.612213861359237e-10	0.9999999990252937	NaN	1.1116412246003364e-9
16	400	3	100	300	Sz  |A|=1	1	chi32	6.825333007109968e-11	6.841992250539164e-13	1.0000000000033067	NaN	1.1116412246003364e-9
16	400	3	100	300	Sz  |A|=1	1	exact	6.825333007109968e-11	0.0	1.0000000000153133	NaN	1.1116412246003364e-9
16	400	3	100	300	ZZ onsite |A|=2	2	chi2	-0.5985704920183841	0.40142950798161536	2.2521697090535557	50.58961184532023	0.10137447900738128
16	400	3	100	300	ZZ onsite |A|=2	2	chi4	-0.5985704920183841	0.14172611448061567	13.889119296802889	50.58961184532023	0.10137447900738128
16	400	3	100	300	ZZ onsite |A|=2	2	chi8	-0.5985704920183841	-0.002375888552378913	45.71551268079224	50.58961184532023	0.10137447900738128
16	400	3	100	300	ZZ onsite |A|=2	2	chi32	-0.5985704920183841	-8.800334999614634e-6	45.878669460070064	50.58961184532023	0.10137447900738128
16	400	3	100	300	ZZ onsite |A|=2	2	exact	-0.5985704920183841	0.0	45.879160002004056	50.58961184532023	0.10137447900738128
16	400	3	100	300	ZZ up-up |A|=2	2	chi2	-0.3978048604828066	-0.05588934129602918	13.433919899111434	17.675482778502886	0.11061932216800723
16	400	3	100	300	ZZ up-up |A|=2	2	chi4	-0.3978048604828066	-0.33694326491432003	1.363516499317289	17.675482778502886	0.11061932216800723
16	400	3	100	300	ZZ up-up |A|=2	2	chi8	-0.3978048604828066	-0.004365509915066401	17.964130622407378	17.675482778502886	0.11061932216800723
16	400	3	100	300	ZZ up-up |A|=2	2	chi32	-0.3978048604828066	-0.00014386712555558567	18.008394221226045	17.675482778502886	0.11061932216800723
16	400	3	100	300	ZZ up-up |A|=2	2	exact	-0.3978048604828066	0.0	18.008693613221755	17.675482778502886	0.11061932216800723
16	400	3	100	300	DoubleOcc |A|=2	2	chi2	0.10035737699017858	0.10035737699017855	2.108776376983597	NaN	0.11107271829796786
16	400	3	100	300	DoubleOcc |A|=2	2	chi4	0.10035737699017858	0.0354315229591369	10.518629184564182	NaN	0.11107271829796786
16	400	3	100	300	DoubleOcc |A|=2	2	chi8	0.10035737699017858	-0.0005939715950023794	24.52443192697103	NaN	0.11107271829796786
16	400	3	100	300	DoubleOcc |A|=2	2	chi32	0.10035737699017858	-2.2000763591489836e-6	24.529273295211418	NaN	0.11107271829796786
16	400	3	100	300	DoubleOcc |A|=2	2	exact	0.10035737699017858	0.0	24.529257553764786	NaN	0.11107271829796786
16	400	3	100	300	SzSz |A|=2	2	chi2	-0.08155407383732062	0.003924805959373737	9.995304642368318	NaN	0.11931010696078972
16	400	3	100	300	SzSz |A|=2	2	chi4	-0.08155407383732062	-0.06633867494519897	1.4333118014327073	NaN	0.11931010696078972
16	400	3	100	300	SzSz |A|=2	2	chi8	-0.08155407383732062	-0.0007873035619198054	11.531502248799262	NaN	0.11931010696078972
16	400	3	100	300	SzSz |A|=2	2	chi32	-0.08155407383732062	-4.321406686590146e-5	11.574209472573678	NaN	0.11931010696078972
16	400	3	100	300	SzSz |A|=2	2	exact	-0.08155407383732062	0.0	11.575163691383565	NaN	0.11931010696078972
16	400	3	100	300	hop |A|=3	3	chi2	0.4227169615035098	0.4227169615035098	1.0	NaN	0.10528150341033753
16	400	3	100	300	hop |A|=3	3	chi4	0.4227169615035098	0.4227169615035098	1.0	NaN	0.10528150341033753
16	400	3	100	300	hop |A|=3	3	chi8	0.4227169615035098	0.005699855880129889	20.62213575077977	NaN	0.10528150341033753
16	400	3	100	300	hop |A|=3	3	chi32	0.4227169615035098	0.00010409997357258005	20.720359315179103	NaN	0.10528150341033753
16	400	3	100	300	hop |A|=3	3	exact	0.4227169615035098	0.0	20.720844695006317	NaN	0.10528150341033753
16	400	3	100	300	ZZZZ |A|=4	4	chi2	0.5437227893572482	-0.4562772106427513	1.3324740355327709	42.386531746891016	0.11253551000524531
16	400	3	100	300	ZZZZ |A|=4	4	chi4	0.5437227893572482	-0.009609589043273581	38.68910535841599	42.386531746891016	0.11253551000524531
16	400	3	100	300	ZZZZ |A|=4	4	chi8	0.5437227893572482	-0.003358510723449948	39.551596192725505	42.386531746891016	0.11253551000524531
16	400	3	100	300	ZZZZ |A|=4	4	chi32	0.5437227893572482	-1.5389805756993447e-5	39.855731715347886	42.386531746891016	0.11253551000524531
16	400	3	100	300	ZZZZ |A|=4	4	exact	0.5437227893572482	0.0	39.856864835824865	42.386531746891016	0.11253551000524531
16	400	3	100	300	SxSx |A|=4	4	chi2	-0.08155407393587649	-0.08155407393587649	1.0	NaN	0.10539399633000034
16	400	3	100	300	SxSx |A|=4	4	chi4	-0.08155407393587649	-0.00868633917037781	6.814130041809297	NaN	0.10539399633000034
16	400	3	100	300	SxSx |A|=4	4	chi8	-0.08155407393587649	0.0014228968707603318	11.554939212609876	NaN	0.10539399633000034
16	400	3	100	300	SxSx |A|=4	4	chi32	-0.08155407393587649	-2.62097423203711e-5	11.570673827774293	NaN	0.10539399633000034
16	400	3	100	300	SxSx |A|=4	4	exact	-0.08155407393587649	0.0	11.571178341861822	NaN	0.10539399633000034
16	400	4	100	300	Sz  |A|=1	1	chi2	6.825333007109968e-11	-8.293536743822494e-8	0.9999999293487488	NaN	1.0356087647118825e-9
16	400	4	100	300	Sz  |A|=1	1	chi4	6.825333007109968e-11	-8.397395851594824e-9	0.9999999884177609	NaN	1.0356087647118825e-9
16	400	4	100	300	Sz  |A|=1	1	chi8	6.825333007109968e-11	3.612213861359237e-10	1.0000000006736638	NaN	1.0356087647118825e-9
16	400	4	100	300	Sz  |A|=1	1	chi32	6.825333007109968e-11	6.841992250539164e-13	0.9999999999522502	NaN	1.0356087647118825e-9
16	400	4	100	300	Sz  |A|=1	1	exact	6.825333007109968e-11	0.0	0.9999999999459491	NaN	1.0356087647118825e-9
16	400	4	100	300	ZZ onsite |A|=2	2	chi2	-0.5985704920183841	0.40142950798161536	2.1813950465514664	50.58961184532023	0.10598346992132364
16	400	4	100	300	ZZ onsite |A|=2	2	chi4	-0.5985704920183841	0.14172611448061567	14.067474098587333	50.58961184532023	0.10598346992132364
16	400	4	100	300	ZZ onsite |A|=2	2	chi8	-0.5985704920183841	-0.002375888552378913	62.634307133387466	50.58961184532023	0.10598346992132364
16	400	4	100	300	ZZ onsite |A|=2	2	chi32	-0.5985704920183841	-8.800334999614634e-6	62.696863235654305	50.58961184532023	0.10598346992132364
16	400	4	100	300	ZZ onsite |A|=2	2	exact	-0.5985704920183841	0.0	62.69687032573805	50.58961184532023	0.10598346992132364
16	400	4	100	300	ZZ up-up |A|=2	2	chi2	-0.3978048604828066	-0.05588934129602918	13.394244221883246	17.675482778502886	0.11189906480250847
16	400	4	100	300	ZZ up-up |A|=2	2	chi4	-0.3978048604828066	-0.33694326491432003	1.3618522554398966	17.675482778502886	0.11189906480250847
16	400	4	100	300	ZZ up-up |A|=2	2	chi8	-0.3978048604828066	-0.004365509915066401	18.21341408733516	17.675482778502886	0.11189906480250847
16	400	4	100	300	ZZ up-up |A|=2	2	chi32	-0.3978048604828066	-0.00014386712555558567	18.289734466705827	17.675482778502886	0.11189906480250847
16	400	4	100	300	ZZ up-up |A|=2	2	exact	-0.3978048604828066	0.0	18.29110592080558	17.675482778502886	0.11189906480250847
16	400	4	100	300	DoubleOcc |A|=2	2	chi2	0.10035737699017858	0.10035737699017855	2.2120865432784886	NaN	0.10427950335544811
16	400	4	100	300	DoubleOcc |A|=2	2	chi4	0.10035737699017858	0.0354315229591369	12.795815793458337	NaN	0.10427950335544811
16	400	4	100	300	DoubleOcc |A|=2	2	chi8	0.10035737699017858	-0.0005939715950023794	37.152476034770736	NaN	0.10427950335544811
16	400	4	100	300	DoubleOcc |A|=2	2	chi32	0.10035737699017858	-2.2000763591489836e-6	37.234391996680515	NaN	0.10427950335544811
16	400	4	100	300	DoubleOcc |A|=2	2	exact	0.10035737699017858	0.0	37.23461938351758	NaN	0.10427950335544811
16	400	4	100	300	SzSz |A|=2	2	chi2	-0.08155407383732062	0.003924805959373737	9.894136022043664	NaN	0.10009257375560074
16	400	4	100	300	SzSz |A|=2	2	chi4	-0.08155407383732062	-0.06633867494519897	1.433649272327823	NaN	0.10009257375560074
16	400	4	100	300	SzSz |A|=2	2	chi8	-0.08155407383732062	-0.0007873035619198054	11.677429789260401	NaN	0.10009257375560074
16	400	4	100	300	SzSz |A|=2	2	chi32	-0.08155407383732062	-4.321406686590146e-5	11.710392236882626	NaN	0.10009257375560074
16	400	4	100	300	SzSz |A|=2	2	exact	-0.08155407383732062	0.0	11.711395585333717	NaN	0.10009257375560074
16	400	4	100	300	hop |A|=3	3	chi2	0.4227169615035098	0.4227169615035098	1.0	NaN	0.09313017383388379
16	400	4	100	300	hop |A|=3	3	chi4	0.4227169615035098	0.4227169615035098	1.0	NaN	0.09313017383388379
16	400	4	100	300	hop |A|=3	3	chi8	0.4227169615035098	0.005699855880129889	22.311882363362738	NaN	0.09313017383388379
16	400	4	100	300	hop |A|=3	3	chi32	0.4227169615035098	0.00010409997357258005	22.795380374350113	NaN	0.09313017383388379
16	400	4	100	300	hop |A|=3	3	exact	0.4227169615035098	0.0	22.803025411700688	NaN	0.09313017383388379
16	400	4	100	300	ZZZZ |A|=4	4	chi2	0.5437227893572482	-0.4562772106427513	1.435901269536937	42.386531746891016	0.12417742289155109
16	400	4	100	300	ZZZZ |A|=4	4	chi4	0.5437227893572482	-0.009609589043273581	46.78674942158894	42.386531746891016	0.12417742289155109
16	400	4	100	300	ZZZZ |A|=4	4	chi8	0.5437227893572482	-0.003358510723449948	47.14212370607198	42.386531746891016	0.12417742289155109
16	400	4	100	300	ZZZZ |A|=4	4	chi32	0.5437227893572482	-1.5389805756993447e-5	47.09986343319743	42.386531746891016	0.12417742289155109
16	400	4	100	300	ZZZZ |A|=4	4	exact	0.5437227893572482	0.0	47.09929299121733	42.386531746891016	0.12417742289155109
16	400	4	100	300	SxSx |A|=4	4	chi2	-0.08155407393587649	-0.08155407393587649	1.0	NaN	0.12077039930060997
16	400	4	100	300	SxSx |A|=4	4	chi4	-0.08155407393587649	-0.00868633917037781	7.737081288456034	NaN	0.12077039930060997
16	400	4	100	300	SxSx |A|=4	4	chi8	-0.08155407393587649	0.0014228968707603318	11.627798071253832	NaN	0.12077039930060997
16	400	4	100	300	SxSx |A|=4	4	chi32	-0.08155407393587649	-2.62097423203711e-5	11.743345016693555	NaN	0.12077039930060997
16	400	4	100	300	SxSx |A|=4	4	exact	-0.08155407393587649	0.0	11.741996915675998	NaN	0.12077039930060997
16	400	5	100	300	Sz  |A|=1	1	chi2	6.825333007109968e-11	-8.293536743822494e-8	1.0000000972484586	NaN	9.092130938393747e-10
16	400	5	100	300	Sz  |A|=1	1	chi4	6.825333007109968e-11	-8.397395851594824e-9	1.0000000079282272	NaN	9.092130938393747e-10
16	400	5	100	300	Sz  |A|=1	1	chi8	6.825333007109968e-11	3.612213861359237e-10	0.9999999998497133	NaN	9.092130938393747e-10
16	400	5	100	300	Sz  |A|=1	1	chi32	6.825333007109968e-11	6.841992250539164e-13	1.000000000083606	NaN	9.092130938393747e-10
16	400	5	100	300	Sz  |A|=1	1	exact	6.825333007109968e-11	0.0	1.000000000081807	NaN	9.092130938393747e-10
16	400	5	100	300	ZZ onsite |A|=2	2	chi2	-0.5985704920183841	0.40142950798161536	1.9294259265660927	50.58961184532023	0.10433592315190898
16	400	5	100	300	ZZ onsite |A|=2	2	chi4	-0.5985704920183841	0.14172611448061567	10.421253307050316	50.58961184532023	0.10433592315190898
16	400	5	100	300	ZZ onsite |A|=2	2	chi8	-0.5985704920183841	-0.002375888552378913	36.6222688767284	50.58961184532023	0.10433592315190898
16	400	5	100	300	ZZ onsite |A|=2	2	chi32	-0.5985704920183841	-8.800334999614634e-6	36.39248306787204	50.58961184532023	0.10433592315190898
16	400	5	100	300	ZZ onsite |A|=2	2	exact	-0.5985704920183841	0.0	36.39155530755824	50.58961184532023	0.10433592315190898
16	400	5	100	300	ZZ up-up |A|=2	2	chi2	-0.3978048604828066	-0.05588934129602918	13.77136752788372	17.675482778502886	0.1120339679542547
16	400	5	100	300	ZZ up-up |A|=2	2	chi4	-0.3978048604828066	-0.33694326491432003	1.363666600144006	17.675482778502886	0.1120339679542547
16	400	5	100	300	ZZ up-up |A|=2	2	chi8	-0.3978048604828066	-0.004365509915066401	18.76929358121994	17.675482778502886	0.1120339679542547
16	400	5	100	300	ZZ up-up |A|=2	2	chi32	-0.3978048604828066	-0.00014386712555558567	18.835186892808707	17.675482778502886	0.1120339679542547
16	400	5	100	300	ZZ up-up |A|=2	2	exact	-0.3978048604828066	0.0	18.836116861381996	17.675482778502886	0.1120339679542547
16	400	5	100	300	DoubleOcc |A|=2	2	chi2	0.10035737699017858	0.10035737699017855	1.8165304300755858	NaN	0.10654258610058338
16	400	5	100	300	DoubleOcc |A|=2	2	chi4	0.10035737699017858	0.0354315229591369	7.955641779267616	NaN	0.10654258610058338
16	400	5	100	300	DoubleOcc |A|=2	2	chi8	0.10035737699017858	-0.0005939715950023794	18.556419963551058	NaN	0.10654258610058338
16	400	5	100	300	DoubleOcc |A|=2	2	chi32	0.10035737699017858	-2.2000763591489836e-6	18.476012910392313	NaN	0.10654258610058338
16	400	5	100	300	DoubleOcc |A|=2	2	exact	0.10035737699017858	0.0	18.47569517061011	NaN	0.10654258610058338
16	400	5	100	300	SzSz |A|=2	2	chi2	-0.08155407383732062	0.003924805959373737	10.015117835162425	NaN	0.12198065071601517
16	400	5	100	300	SzSz |A|=2	2	chi4	-0.08155407383732062	-0.06633867494519897	1.4545947104520045	NaN	0.12198065071601517
16	400	5	100	300	SzSz |A|=2	2	chi8	-0.08155407383732062	-0.0007873035619198054	11.814435810814269	NaN	0.12198065071601517
16	400	5	100	300	SzSz |A|=2	2	chi32	-0.08155407383732062	-4.321406686590146e-5	11.756480088899846	NaN	0.12198065071601517
16	400	5	100	300	SzSz |A|=2	2	exact	-0.08155407383732062	0.0	11.75386771148775	NaN	0.12198065071601517
16	400	5	100	300	hop |A|=3	3	chi2	0.4227169615035098	0.4227169615035098	1.0	NaN	0.10445359602837417
16	400	5	100	300	hop |A|=3	3	chi4	0.4227169615035098	0.4227169615035098	1.0	NaN	0.10445359602837417
16	400	5	100	300	hop |A|=3	3	chi8	0.4227169615035098	0.005699855880129889	22.304064312279866	NaN	0.10445359602837417
16	400	5	100	300	hop |A|=3	3	chi32	0.4227169615035098	0.00010409997357258005	22.474193211406895	NaN	0.10445359602837417
16	400	5	100	300	hop |A|=3	3	exact	0.4227169615035098	0.0	22.47580115883197	NaN	0.10445359602837417
16	400	5	100	300	ZZZZ |A|=4	4	chi2	0.5437227893572482	-0.4562772106427513	1.48612325678718	42.386531746891016	0.11491608923851725
16	400	5	100	300	ZZZZ |A|=4	4	chi4	0.5437227893572482	-0.009609589043273581	41.553501084587516	42.386531746891016	0.11491608923851725
16	400	5	100	300	ZZZZ |A|=4	4	chi8	0.5437227893572482	-0.003358510723449948	41.508815537928996	42.386531746891016	0.11491608923851725
16	400	5	100	300	ZZZZ |A|=4	4	chi32	0.5437227893572482	-1.5389805756993447e-5	41.30817055671727	42.386531746891016	0.11491608923851725
16	400	5	100	300	ZZZZ |A|=4	4	exact	0.5437227893572482	0.0	41.306967732758366	42.386531746891016	0.11491608923851725
16	400	5	100	300	SxSx |A|=4	4	chi2	-0.08155407393587649	-0.08155407393587649	1.0	NaN	0.10117883447209688
16	400	5	100	300	SxSx |A|=4	4	chi4	-0.08155407393587649	-0.00868633917037781	6.364354583061616	NaN	0.10117883447209688
16	400	5	100	300	SxSx |A|=4	4	chi8	-0.08155407393587649	0.0014228968707603318	12.574251693311657	NaN	0.10117883447209688
16	400	5	100	300	SxSx |A|=4	4	chi32	-0.08155407393587649	-2.62097423203711e-5	12.528199300557652	NaN	0.10117883447209688
16	400	5	100	300	SxSx |A|=4	4	exact	-0.08155407393587649	0.0	12.530714502669387	NaN	0.10117883447209688
16	400	6	100	300	Sz  |A|=1	1	chi2	6.825333007109968e-11	-8.293536743822494e-8	0.9999998536478634	NaN	9.059484261624579e-10
16	400	6	100	300	Sz  |A|=1	1	chi4	6.825333007109968e-11	-8.397395851594824e-9	0.9999999764518164	NaN	9.059484261624579e-10
16	400	6	100	300	Sz  |A|=1	1	chi8	6.825333007109968e-11	3.612213861359237e-10	1.0000000013524089	NaN	9.059484261624579e-10
16	400	6	100	300	Sz  |A|=1	1	chi32	6.825333007109968e-11	6.841992250539164e-13	0.9999999999000947	NaN	9.059484261624579e-10
16	400	6	100	300	Sz  |A|=1	1	exact	6.825333007109968e-11	0.0	0.9999999998876227	NaN	9.059484261624579e-10
16	400	6	100	300	ZZ onsite |A|=2	2	chi2	-0.5985704920183841	0.40142950798161536	2.007923784277267	50.58961184532023	0.11759148419262268
16	400	6	100	300	ZZ onsite |A|=2	2	chi4	-0.5985704920183841	0.14172611448061567	11.278589516946798	50.58961184532023	0.11759148419262268
16	400	6	100	300	ZZ onsite |A|=2	2	chi8	-0.5985704920183841	-0.002375888552378913	40.20123582014535	50.58961184532023	0.11759148419262268
16	400	6	100	300	ZZ onsite |A|=2	2	chi32	-0.5985704920183841	-8.800334999614634e-6	40.03069622046758	50.58961184532023	0.11759148419262268
16	400	6	100	300	ZZ onsite |A|=2	2	exact	-0.5985704920183841	0.0	40.029970833482594	50.58961184532023	0.11759148419262268
16	400	6	100	300	ZZ up-up |A|=2	2	chi2	-0.3978048604828066	-0.05588934129602918	14.126277308624745	17.675482778502886	0.10793463475809931
16	400	6	100	300	ZZ up-up |A|=2	2	chi4	-0.3978048604828066	-0.33694326491432003	1.3661413814537064	17.675482778502886	0.10793463475809931
16	400	6	100	300	ZZ up-up |A|=2	2	chi8	-0.3978048604828066	-0.004365509915066401	19.095387818669444	17.675482778502886	0.10793463475809931
16	400	6	100	300	ZZ up-up |A|=2	2	chi32	-0.3978048604828066	-0.00014386712555558567	19.131060572548225	17.675482778502886	0.10793463475809931
16	400	6	100	300	ZZ up-up |A|=2	2	exact	-0.3978048604828066	0.0	19.130899618998544	17.675482778502886	0.10793463475809931
16	400	6	100	300	DoubleOcc |A|=2	2	chi2	0.10035737699017858	0.10035737699017855	2.036079588142986	NaN	0.11452138541440594
16	400	6	100	300	DoubleOcc |A|=2	2	chi4	0.10035737699017858	0.0354315229591369	9.93580127618234	NaN	0.11452138541440594
16	400	6	100	300	DoubleOcc |A|=2	2	chi8	0.10035737699017858	-0.0005939715950023794	23.720396612490653	NaN	0.11452138541440594
16	400	6	100	300	DoubleOcc |A|=2	2	chi32	0.10035737699017858	-2.2000763591489836e-6	23.69301962340916	NaN	0.11452138541440594
16	400	6	100	300	DoubleOcc |A|=2	2	exact	0.10035737699017858	0.0	23.692886052478627	NaN	0.11452138541440594
16	400	6	100	300	SzSz |A|=2	2	chi2	-0.08155407383732062	0.003924805959373737	9.780670418415642	NaN	0.10644541814532617
16	400	6	100	300	SzSz |A|=2	2	chi4	-0.08155407383732062	-0.06633867494519897	1.437095729387641	NaN	0.10644541814532617
16	400	6	100	300	SzSz |A|=2	2	chi8	-0.08155407383732062	-0.0007873035619198054	11.801635144805037	NaN	0.10644541814532617
16	400	6	100	300	SzSz |A|=2	2	chi32	-0.08155407383732062	-4.321406686590146e-5	11.788502855954109	NaN	0.10644541814532617
16	400	6	100	300	SzSz |A|=2	2	exact	-0.08155407383732062	0.0	11.78702446536975	NaN	0.10644541814532617
16	400	6	100	300	hop |A|=3	3	chi2	0.4227169615035098	0.4227169615035098	1.0	NaN	0.10075082619199847
16	400	6	100	300	hop |A|=3	3	chi4	0.4227169615035098	0.4227169615035098	1.0	NaN	0.10075082619199847
16	400	6	100	300	hop |A|=3	3	chi8	0.4227169615035098	0.005699855880129889	22.632668645926003	NaN	0.10075082619199847
16	400	6	100	300	hop |A|=3	3	chi32	0.4227169615035098	0.00010409997357258005	22.940411250947022	NaN	0.10075082619199847
16	400	6	100	300	hop |A|=3	3	exact	0.4227169615035098	0.0	22.944599641147466	NaN	0.10075082619199847
16	400	6	100	300	ZZZZ |A|=4	4	chi2	0.5437227893572482	-0.4562772106427513	1.3965215541020897	42.386531746891016	0.12353558348807944
16	400	6	100	300	ZZZZ |A|=4	4	chi4	0.5437227893572482	-0.009609589043273581	50.85747875234157	42.386531746891016	0.12353558348807944
16	400	6	100	300	ZZZZ |A|=4	4	chi8	0.5437227893572482	-0.003358510723449948	51.68768479510411	42.386531746891016	0.12353558348807944
16	400	6	100	300	ZZZZ |A|=4	4	chi32	0.5437227893572482	-1.5389805756993447e-5	51.85404687960826	42.386531746891016	0.12353558348807944
16	400	6	100	300	ZZZZ |A|=4	4	exact	0.5437227893572482	0.0	51.8543522743185	42.386531746891016	0.12353558348807944
16	400	6	100	300	SxSx |A|=4	4	chi2	-0.08155407393587649	-0.08155407393587649	1.0	NaN	0.11250261429848707
16	400	6	100	300	SxSx |A|=4	4	chi4	-0.08155407393587649	-0.00868633917037781	6.35656432758336	NaN	0.11250261429848707
16	400	6	100	300	SxSx |A|=4	4	chi8	-0.08155407393587649	0.0014228968707603318	12.147430403765739	NaN	0.11250261429848707
16	400	6	100	300	SxSx |A|=4	4	chi32	-0.08155407393587649	-2.62097423203711e-5	12.354765518762326	NaN	0.11250261429848707
16	400	6	100	300	SxSx |A|=4	4	exact	-0.08155407393587649	0.0	12.354430355510601	NaN	0.11250261429848707
16	400	7	100	300	Sz  |A|=1	1	chi2	6.825333007109968e-11	-8.293536743822494e-8	0.9999999259498846	NaN	1.0520100352908787e-9
16	400	7	100	300	Sz  |A|=1	1	chi4	6.825333007109968e-11	-8.397395851594824e-9	1.0000000015138424	NaN	1.0520100352908787e-9
16	400	7	100	300	Sz  |A|=1	1	chi8	6.825333007109968e-11	3.612213861359237e-10	0.9999999993824129	NaN	1.0520100352908787e-9
16	400	7	100	300	Sz  |A|=1	1	chi32	6.825333007109968e-11	6.841992250539164e-13	0.9999999999194975	NaN	1.0520100352908787e-9
16	400	7	100	300	Sz  |A|=1	1	exact	6.825333007109968e-11	0.0	0.9999999999307336	NaN	1.0520100352908787e-9
16	400	7	100	300	ZZ onsite |A|=2	2	chi2	-0.5985704920183841	0.40142950798161536	2.279862514629032	50.58961184532023	0.10393716357951957
16	400	7	100	300	ZZ onsite |A|=2	2	chi4	-0.5985704920183841	0.14172611448061567	14.58056400453041	50.58961184532023	0.10393716357951957
16	400	7	100	300	ZZ onsite |A|=2	2	chi8	-0.5985704920183841	-0.002375888552378913	51.591320294418146	50.58961184532023	0.10393716357951957
16	400	7	100	300	ZZ onsite |A|=2	2	chi32	-0.5985704920183841	-8.800334999614634e-6	51.83721194205728	50.58961184532023	0.10393716357951957
16	400	7	100	300	ZZ onsite |A|=2	2	exact	-0.5985704920183841	0.0	51.83797974269206	50.58961184532023	0.10393716357951957
16	400	7	100	300	ZZ up-up |A|=2	2	chi2	-0.3978048604828066	-0.05588934129602918	13.72567119307959	17.675482778502886	0.11208267638412144
16	400	7	100	300	ZZ up-up |A|=2	2	chi4	-0.3978048604828066	-0.33694326491432003	1.3572787682441456	17.675482778502886	0.11208267638412144
16	400	7	100	300	ZZ up-up |A|=2	2	chi8	-0.3978048604828066	-0.004365509915066401	20.194825627723528	17.675482778502886	0.11208267638412144
16	400	7	100	300	ZZ up-up |A|=2	2	chi32	-0.3978048604828066	-0.00014386712555558567	20.42634035651783	17.675482778502886	0.11208267638412144
16	400	7	100	300	ZZ up-up |A|=2	2	exact	-0.3978048604828066	0.0	20.432818175331136	17.675482778502886	0.11208267638412144
16	400	7	100	300	DoubleOcc |A|=2	2	chi2	0.10035737699017858	0.10035737699017855	2.214327714782661	NaN	0.09955891433072718
16	400	7	100	300	DoubleOcc |A|=2	2	chi4	0.10035737699017858	0.0354315229591369	12.099593232235762	NaN	0.09955891433072718
16	400	7	100	300	DoubleOcc |A|=2	2	chi8	0.10035737699017858	-0.0005939715950023794	30.582460841813667	NaN	0.09955891433072718
16	400	7	100	300	DoubleOcc |A|=2	2	chi32	0.10035737699017858	-2.2000763591489836e-6	30.6498503297374	NaN	0.09955891433072718
16	400	7	100	300	DoubleOcc |A|=2	2	exact	0.10035737699017858	0.0	30.650049178662012	NaN	0.09955891433072718
16	400	7	100	300	SzSz |A|=2	2	chi2	-0.08155407383732062	0.003924805959373737	10.650344816835503	NaN	0.10900154535564738
16	400	7	100	300	SzSz |A|=2	2	chi4	-0.08155407383732062	-0.06633867494519897	1.4398838393331697	NaN	0.10900154535564738
16	400	7	100	300	SzSz |A|=2	2	chi8	-0.08155407383732062	-0.0007873035619198054	12.454465764573484	NaN	0.10900154535564738
16	400	7	100	300	SzSz |A|=2	2	chi32	-0.08155407383732062	-4.321406686590146e-5	12.368807425905583	NaN	0.10900154535564738
16	400	7	100	300	SzSz |A|=2	2	exact	-0.08155407383732062	0.0	12.365856397195932	NaN	0.10900154535564738
16	400	7	100	300	hop |A|=3	3	chi2	0.4227169615035098	0.4227169615035098	1.0	NaN	0.1068594125541031
16	400	7	100	300	hop |A|=3	3	chi4	0.4227169615035098	0.4227169615035098	1.0	NaN	0.1068594125541031
16	400	7	100	300	hop |A|=3	3	chi8	0.4227169615035098	0.005699855880129889	21.90395254743384	NaN	0.1068594125541031
16	400	7	100	300	hop |A|=3	3	chi32	0.4227169615035098	0.00010409997357258005	22.168580491613874	NaN	0.1068594125541031
16	400	7	100	300	hop |A|=3	3	exact	0.4227169615035098	0.0	22.17205162077118	NaN	0.1068594125541031
16	400	7	100	300	ZZZZ |A|=4	4	chi2	0.5437227893572482	-0.4562772106427513	1.3951021664857244	42.386531746891016	0.11724967762539008
16	400	7	100	300	ZZZZ |A|=4	4	chi4	0.5437227893572482	-0.009609589043273581	40.75723247382079	42.386531746891016	0.11724967762539008
16	400	7	100	300	ZZZZ |A|=4	4	chi8	0.5437227893572482	-0.003358510723449948	41.277119506264285	42.386531746891016	0.11724967762539008
16	400	7	100	300	ZZZZ |A|=4	4	chi32	0.5437227893572482	-1.5389805756993447e-5	41.37791524444857	42.386531746891016	0.11724967762539008
16	400	7	100	300	ZZZZ |A|=4	4	exact	0.5437227893572482	0.0	41.378087225931004	42.386531746891016	0.11724967762539008
16	400	7	100	300	SxSx |A|=4	4	chi2	-0.08155407393587649	-0.08155407393587649	1.0	NaN	0.10706677899806887
16	400	7	100	300	SxSx |A|=4	4	chi4	-0.08155407393587649	-0.00868633917037781	7.422651653431658	NaN	0.10706677899806887
16	400	7	100	300	SxSx |A|=4	4	chi8	-0.08155407393587649	0.0014228968707603318	13.4997638203254	NaN	0.10706677899806887
16	400	7	100	300	SxSx |A|=4	4	chi32	-0.08155407393587649	-2.62097423203711e-5	13.609802439301822	NaN	0.10706677899806887
16	400	7	100	300	SxSx |A|=4	4	exact	-0.08155407393587649	0.0	13.610633046479398	NaN	0.10706677899806887
16	3200	0	100	300	Sz  |A|=1	1	chi2	6.825333007109968e-11	-8.293536743822494e-8	0.9999997491020974	NaN	1.1733601851710095e-9
16	3200	0	100	300	Sz  |A|=1	1	chi4	6.825333007109968e-11	-8.397395851594824e-9	0.9999999693105424	NaN	1.1733601851710095e-9
16	3200	0	100	300	Sz  |A|=1	1	chi8	6.825333007109968e-11	3.612213861359237e-10	1.0000000013800132	NaN	1.1733601851710095e-9
16	3200	0	100	300	Sz  |A|=1	1	chi32	6.825333007109968e-11	6.841992250539164e-13	0.9999999998071348	NaN	1.1733601851710095e-9
16	3200	0	100	300	Sz  |A|=1	1	exact	6.825333007109968e-11	0.0	0.9999999997984026	NaN	1.1733601851710095e-9
16	3200	0	100	300	ZZ onsite |A|=2	2	chi2	-0.5985704920183841	0.40142950798161536	2.1314992719391137	50.58961184532023	0.10553305470336652
16	3200	0	100	300	ZZ onsite |A|=2	2	chi4	-0.5985704920183841	0.14172611448061567	13.081362507587166	50.58961184532023	0.10553305470336652
16	3200	0	100	300	ZZ onsite |A|=2	2	chi8	-0.5985704920183841	-0.002375888552378913	52.285136805479546	50.58961184532023	0.10553305470336652
16	3200	0	100	300	ZZ onsite |A|=2	2	chi32	-0.5985704920183841	-8.800334999614634e-6	52.242330606205584	50.58961184532023	0.10553305470336652
16	3200	0	100	300	ZZ onsite |A|=2	2	exact	-0.5985704920183841	0.0	52.24201411203676	50.58961184532023	0.10553305470336652
16	3200	0	100	300	ZZ up-up |A|=2	2	chi2	-0.3978048604828066	-0.05588934129602918	16.271495852767963	17.675482778502886	0.09772446048471423
16	3200	0	100	300	ZZ up-up |A|=2	2	chi4	-0.3978048604828066	-0.33694326491432003	1.3696332425636204	17.675482778502886	0.09772446048471423
16	3200	0	100	300	ZZ up-up |A|=2	2	chi8	-0.3978048604828066	-0.004365509915066401	23.882173610948815	17.675482778502886	0.09772446048471423
16	3200	0	100	300	ZZ up-up |A|=2	2	chi32	-0.3978048604828066	-0.00014386712555558567	23.99113073590102	17.675482778502886	0.09772446048471423
16	3200	0	100	300	ZZ up-up |A|=2	2	exact	-0.3978048604828066	0.0	23.992688056975897	17.675482778502886	0.09772446048471423
16	3200	0	100	300	DoubleOcc |A|=2	2	chi2	0.10035737699017858	0.10035737699017855	2.0291318223698123	NaN	0.10331442477062143
16	3200	0	100	300	DoubleOcc |A|=2	2	chi4	0.10035737699017858	0.0354315229591369	10.447494992871775	NaN	0.10331442477062143
16	3200	0	100	300	DoubleOcc |A|=2	2	chi8	0.10035737699017858	-0.0005939715950023794	28.225591997382804	NaN	0.10331442477062143
16	3200	0	100	300	DoubleOcc |A|=2	2	chi32	0.10035737699017858	-2.2000763591489836e-6	28.171919079804013	NaN	0.10331442477062143
16	3200	0	100	300	DoubleOcc |A|=2	2	exact	0.10035737699017858	0.0	28.17167427302476	NaN	0.10331442477062143
16	3200	0	100	300	SzSz |A|=2	2	chi2	-0.08155407383732062	0.003924805959373737	10.383460561190432	NaN	0.10612400616261375
16	3200	0	100	300	SzSz |A|=2	2	chi4	-0.08155407383732062	-0.06633867494519897	1.4435635782145044	NaN	0.10612400616261375
16	3200	0	100	300	SzSz |A|=2	2	chi8	-0.08155407383732062	-0.0007873035619198054	12.118687383819845	NaN	0.10612400616261375
16	3200	0	100	300	SzSz |A|=2	2	chi32	-0.08155407383732062	-4.321406686590146e-5	12.14201543389168	NaN	0.10612400616261375
16	3200	0	100	300	SzSz |A|=2	2	exact	-0.08155407383732062	0.0	12.140860506005794	NaN	0.10612400616261375
16	3200	0	100	300	hop |A|=3	3	chi2	0.4227169615035098	0.4227169615035098	1.0	NaN	0.1071726048679413
16	3200	0	100	300	hop |A|=3	3	chi4	0.4227169615035098	0.4227169615035098	1.0	NaN	0.1071726048679413
16	3200	0	100	300	hop |A|=3	3	chi8	0.4227169615035098	0.005699855880129889	21.852412393612557	NaN	0.1071726048679413
16	3200	0	100	300	hop |A|=3	3	chi32	0.4227169615035098	0.00010409997357258005	21.820271665404157	NaN	0.1071726048679413
16	3200	0	100	300	hop |A|=3	3	exact	0.4227169615035098	0.0	21.818137114208895	NaN	0.1071726048679413
16	3200	0	100	300	ZZZZ |A|=4	4	chi2	0.5437227893572482	-0.4562772106427513	1.4690764616318344	42.386531746891016	0.11219185438160453
16	3200	0	100	300	ZZZZ |A|=4	4	chi4	0.5437227893572482	-0.009609589043273581	43.35535826145002	42.386531746891016	0.11219185438160453
16	3200	0	100	300	ZZZZ |A|=4	4	chi8	0.5437227893572482	-0.003358510723449948	43.42391403755443	42.386531746891016	0.11219185438160453
16	3200	0	100	300	ZZZZ |A|=4	4	chi32	0.5437227893572482	-1.5389805756993447e-5	43.26538800287957	42.386531746891016	0.11219185438160453
16	3200	0	100	300	ZZZZ |A|=4	4	exact	0.5437227893572482	0.0	43.26434765899762	42.386531746891016	0.11219185438160453
16	3200	0	100	300	SxSx |A|=4	4	chi2	-0.08155407393587649	-0.08155407393587649	1.0	NaN	0.09769258963190505
16	3200	0	100	300	SxSx |A|=4	4	chi4	-0.08155407393587649	-0.00868633917037781	7.785742976476933	NaN	0.09769258963190505
16	3200	0	100	300	SxSx |A|=4	4	chi8	-0.08155407393587649	0.0014228968707603318	11.91820098769774	NaN	0.09769258963190505
16	3200	0	100	300	SxSx |A|=4	4	chi32	-0.08155407393587649	-2.62097423203711e-5	11.918775311299965	NaN	0.09769258963190505
16	3200	0	100	300	SxSx |A|=4	4	exact	-0.08155407393587649	0.0	11.918221332779675	NaN	0.09769258963190505
16	3200	1	100	300	Sz  |A|=1	1	chi2	6.825333007109968e-11	-8.293536743822494e-8	1.0000000218587253	NaN	1.0026608428291442e-9
16	3200	1	100	300	Sz  |A|=1	1	chi4	6.825333007109968e-11	-8.397395851594824e-9	0.9999999971947893	NaN	1.0026608428291442e-9
16	3200	1	100	300	Sz  |A|=1	1	chi8	6.825333007109968e-11	3.612213861359237e-10	1.00000000041095	NaN	1.0026608428291442e-9
16	3200	1	100	300	Sz  |A|=1	1	chi32	6.825333007109968e-11	6.841992250539164e-13	1.0000000000290254	NaN	1.0026608428291442e-9
16	3200	1	100	300	Sz  |A|=1	1	exact	6.825333007109968e-11	0.0	1.0000000000226272	NaN	1.0026608428291442e-9
16	3200	1	100	300	ZZ onsite |A|=2	2	chi2	-0.5985704920183841	0.40142950798161536	2.1724758548730296	50.58961184532023	0.11035840193260639
16	3200	1	100	300	ZZ onsite |A|=2	2	chi4	-0.5985704920183841	0.14172611448061567	13.220014019807508	50.58961184532023	0.11035840193260639
16	3200	1	100	300	ZZ onsite |A|=2	2	chi8	-0.5985704920183841	-0.002375888552378913	47.50753299268317	50.58961184532023	0.11035840193260639
16	3200	1	100	300	ZZ onsite |A|=2	2	chi32	-0.5985704920183841	-8.800334999614634e-6	47.550591391597614	50.58961184532023	0.11035840193260639
16	3200	1	100	300	ZZ onsite |A|=2	2	exact	-0.5985704920183841	0.0	47.55062256639813	50.58961184532023	0.11035840193260639
16	3200	1	100	300	ZZ up-up |A|=2	2	chi2	-0.3978048604828066	-0.05588934129602918	11.83127967660376	17.675482778502886	0.11049567466755943
16	3200	1	100	300	ZZ up-up |A|=2	2	chi4	-0.3978048604828066	-0.33694326491432003	1.3607149630628481	17.675482778502886	0.11049567466755943
16	3200	1	100	300	ZZ up-up |A|=2	2	chi8	-0.3978048604828066	-0.004365509915066401	14.791406670208683	17.675482778502886	0.11049567466755943
16	3200	1	100	300	ZZ up-up |A|=2	2	chi32	-0.3978048604828066	-0.00014386712555558567	14.787195343497627	17.675482778502886	0.11049567466755943
16	3200	1	100	300	ZZ up-up |A|=2	2	exact	-0.3978048604828066	0.0	14.786231936063679	17.675482778502886	0.11049567466755943
16	3200	1	100	300	DoubleOcc |A|=2	2	chi2	0.10035737699017858	0.10035737699017855	2.13817374030135	NaN	0.1088897430516734
16	3200	1	100	300	DoubleOcc |A|=2	2	chi4	0.10035737699017858	0.0354315229591369	10.873393378118994	NaN	0.1088897430516734
16	3200	1	100	300	DoubleOcc |A|=2	2	chi8	0.10035737699017858	-0.0005939715950023794	25.609259014288035	NaN	0.1088897430516734
16	3200	1	100	300	DoubleOcc |A|=2	2	chi32	0.10035737699017858	-2.2000763591489836e-6	25.627383846368126	NaN	0.1088897430516734
16	3200	1	100	300	DoubleOcc |A|=2	2	exact	0.10035737699017858	0.0	25.627414568789444	NaN	0.1088897430516734
16	3200	1	100	300	SzSz |A|=2	2	chi2	-0.08155407383732062	0.003924805959373737	8.76998919598486	NaN	0.11037864063828037
16	3200	1	100	300	SzSz |A|=2	2	chi4	-0.08155407383732062	-0.06633867494519897	1.4428033229724688	NaN	0.11037864063828037
16	3200	1	100	300	SzSz |A|=2	2	chi8	-0.08155407383732062	-0.0007873035619198054	10.142031156071665	NaN	0.11037864063828037
16	3200	1	100	300	SzSz |A|=2	2	chi32	-0.08155407383732062	-4.321406686590146e-5	10.130114178761843	NaN	0.11037864063828037
16	3200	1	100	300	SzSz |A|=2	2	exact	-0.08155407383732062	0.0	10.128310420561276	NaN	0.11037864063828037
16	3200	1	100	300	hop |A|=3	3	chi2	0.4227169615035098	0.4227169615035098	1.0	NaN	0.12254834449437851
16	3200	1	100	300	hop |A|=3	3	chi4	0.4227169615035098	0.4227169615035098	1.0	NaN	0.12254834449437851
16	3200	1	100	300	hop |A|=3	3	chi8	0.4227169615035098	0.005699855880129889	21.36234915548558	NaN	0.12254834449437851
16	3200	1	100	300	hop |A|=3	3	chi32	0.4227169615035098	0.00010409997357258005	21.41014306917405	NaN	0.12254834449437851
16	3200	1	100	300	hop |A|=3	3	exact	0.4227169615035098	0.0	21.40957514172821	NaN	0.12254834449437851
16	3200	1	100	300	ZZZZ |A|=4	4	chi2	0.5437227893572482	-0.4562772106427513	1.4514560842945166	42.386531746891016	0.12143544468960286
16	3200	1	100	300	ZZZZ |A|=4	4	chi4	0.5437227893572482	-0.009609589043273581	42.12658477673806	42.386531746891016	0.12143544468960286
16	3200	1	100	300	ZZZZ |A|=4	4	chi8	0.5437227893572482	-0.003358510723449948	42.3011756246009	42.386531746891016	0.12143544468960286
16	3200	1	100	300	ZZZZ |A|=4	4	chi32	0.5437227893572482	-1.5389805756993447e-5	42.20839991771926	42.386531746891016	0.12143544468960286
16	3200	1	100	300	ZZZZ |A|=4	4	exact	0.5437227893572482	0.0	42.20767417728016	42.386531746891016	0.12143544468960286
16	3200	1	100	300	SxSx |A|=4	4	chi2	-0.08155407393587649	-0.08155407393587649	1.0	NaN	0.11249358190211947
16	3200	1	100	300	SxSx |A|=4	4	chi4	-0.08155407393587649	-0.00868633917037781	8.16827945973951	NaN	0.11249358190211947
16	3200	1	100	300	SxSx |A|=4	4	chi8	-0.08155407393587649	0.0014228968707603318	13.66514485775435	NaN	0.11249358190211947
16	3200	1	100	300	SxSx |A|=4	4	chi32	-0.08155407393587649	-2.62097423203711e-5	13.80434336600497	NaN	0.11249358190211947
16	3200	1	100	300	SxSx |A|=4	4	exact	-0.08155407393587649	0.0	13.802993606109501	NaN	0.11249358190211947
16	3200	2	100	300	Sz  |A|=1	1	chi2	6.825333007109968e-11	-8.293536743822494e-8	1.000000138863506	NaN	1.1294054028710987e-9
16	3200	2	100	300	Sz  |A|=1	1	chi4	6.825333007109968e-11	-8.397395851594824e-9	1.0000000121908244	NaN	1.1294054028710987e-9
16	3200	2	100	300	Sz  |A|=1	1	chi8	6.825333007109968e-11	3.612213861359237e-10	0.9999999997010639	NaN	1.1294054028710987e-9
16	3200	2	100	300	Sz  |A|=1	1	chi32	6.825333007109968e-11	6.841992250539164e-13	1.0000000001174423	NaN	1.1294054028710987e-9
16	3200	2	100	300	Sz  |A|=1	1	exact	6.825333007109968e-11	0.0	1.00000000011601	NaN	1.1294054028710987e-9
16	3200	2	100	300	ZZ onsite |A|=2	2	chi2	-0.5985704920183841	0.40142950798161536	2.194790156223192	50.58961184532023	0.10552879112194702
16	3200	2	100	300	ZZ onsite |A|=2	2	chi4	-0.5985704920183841	0.14172611448061567	13.729970732682393	50.58961184532023	0.10552879112194702
16	3200	2	100	300	ZZ onsite |A|=2	2	chi8	-0.5985704920183841	-0.002375888552378913	52.41268697027328	50.58961184532023	0.10552879112194702
16	3200	2	100	300	ZZ onsite |A|=2	2	chi32	-0.5985704920183841	-8.800334999614634e-6	52.499939430344796	50.58961184532023	0.10552879112194702
16	3200	2	100	300	ZZ onsite |A|=2	2	exact	-0.5985704920183841	0.0	52.500107237908026	50.58961184532023	0.10552879112194702
16	3200	2	100	300	ZZ up-up |A|=2	2	chi2	-0.3978048604828066	-0.05588934129602918	14.044069709684353	17.675482778502886	0.09960839753653124
16	3200	2	100	300	ZZ up-up |A|=2	2	chi4	-0.3978048604828066	-0.33694326491432003	1.3653333739729643	17.675482778502886	0.09960839753653124
16	3200	2	100	300	ZZ up-up |A|=2	2	chi8	-0.3978048604828066	-0.004365509915066401	19.076863170569702	17.675482778502886	0.09960839753653124
16	3200	2	100	300	ZZ up-up |A|=2	2	chi32	-0.3978048604828066	-0.00014386712555558567	19.12516164913875	17.675482778502886	0.09960839753653124
16	3200	2	100	300	ZZ up-up |A|=2	2	exact	-0.3978048604828066	0.0	19.125438537119447	17.675482778502886	0.09960839753653124
16	3200	2	100	300	DoubleOcc |A|=2	2	chi2	0.10035737699017858	0.10035737699017855	2.086096281366254	NaN	0.10925031264418242
16	3200	2	100	300	DoubleOcc |A|=2	2	chi4	0.10035737699017858	0.0354315229591369	10.5595888099772	NaN	0.10925031264418242
16	3200	2	100	300	DoubleOcc |A|=2	2	chi8	0.10035737699017858	-0.0005939715950023794	25.901123761487845	NaN	0.10925031264418242
16	3200	2	100	300	DoubleOcc |A|=2	2	chi32	0.10035737699017858	-2.2000763591489836e-6	25.89160640704404	NaN	0.10925031264418242
16	3200	2	100	300	DoubleOcc |A|=2	2	exact	0.10035737699017858	0.0	25.891533134967265	NaN	0.10925031264418242
16	3200	2	100	300	SzSz |A|=2	2	chi2	-0.08155407383732062	0.003924805959373737	11.660294766565304	NaN	0.0982345206176823
16	3200	2	100	300	SzSz |A|=2	2	chi4	-0.08155407383732062	-0.06633867494519897	1.4453176182303291	NaN	0.0982345206176823
16	3200	2	100	300	SzSz |A|=2	2	chi8	-0.08155407383732062	-0.0007873035619198054	13.320282464633982	NaN	0.0982345206176823
16	3200	2	100	300	SzSz |A|=2	2	chi32	-0.08155407383732062	-4.321406686590146e-5	13.471859125154014	NaN	0.0982345206176823
16	3200	2	100	300	SzSz |A|=2	2	exact	-0.08155407383732062	0.0	13.475937009416482	NaN	0.0982345206176823
16	3200	2	100	300	hop |A|=3	3	chi2	0.4227169615035098	0.4227169615035098	1.0	NaN	0.11089424344515006
16	3200	2	100	300	hop |A|=3	3	chi4	0.4227169615035098	0.4227169615035098	1.0	NaN	0.11089424344515006
16	3200	2	100	300	hop |A|=3	3	chi8	0.4227169615035098	0.005699855880129889	20.042604599620226	NaN	0.11089424344515006
16	3200	2	100	300	hop |A|=3	3	chi32	0.4227169615035098	0.00010409997357258005	20.132320650542162	NaN	0.11089424344515006
16	3200	2	100	300	hop |A|=3	3	exact	0.4227169615035098	0.0	20.13272324682009	NaN	0.11089424344515006
16	3200	2	100	300	ZZZZ |A|=4	4	chi2	0.5437227893572482	-0.4562772106427513	1.379290425727894	42.386531746891016	0.1064707252270372
16	3200	2	100	300	ZZZZ |A|=4	4	chi4	0.5437227893572482	-0.009609589043273581	41.08977484033665	42.386531746891016	0.1064707252270372
16	3200	2	100	300	ZZZZ |A|=4	4	chi8	0.5437227893572482	-0.003358510723449948	41.728369427247486	42.386531746891016	0.1064707252270372
16	3200	2	100	300	ZZZZ |A|=4	4	chi32	0.5437227893572482	-1.5389805756993447e-5	41.88973590085483	42.386531746891016	0.1064707252270372
16	3200	2	100	300	ZZZZ |A|=4	4	exact	0.5437227893572482	0.0	41.890179420068705	42.386531746891016	0.1064707252270372
16	3200	2	100	300	SxSx |A|=4	4	chi2	-0.08155407393587649	-0.08155407393587649	1.0	NaN	0.10754008750862012
16	3200	2	100	300	SxSx |A|=4	4	chi4	-0.08155407393587649	-0.00868633917037781	7.799623287194129	NaN	0.10754008750862012
16	3200	2	100	300	SxSx |A|=4	4	chi8	-0.08155407393587649	0.0014228968707603318	14.498601962263217	NaN	0.10754008750862012
16	3200	2	100	300	SxSx |A|=4	4	chi32	-0.08155407393587649	-2.62097423203711e-5	14.510458937346327	NaN	0.10754008750862012
16	3200	2	100	300	SxSx |A|=4	4	exact	-0.08155407393587649	0.0	14.511363685217763	NaN	0.10754008750862012
16	3200	3	100	300	Sz  |A|=1	1	chi2	6.825333007109968e-11	-8.293536743822494e-8	0.9999998411993032	NaN	1.1557969003741641e-9
16	3200	3	100	300	Sz  |A|=1	1	chi4	6.825333007109968e-11	-8.397395851594824e-9	0.9999999694541254	NaN	1.1557969003741641e-9
16	3200	3	100	300	Sz  |A|=1	1	chi8	6.825333007109968e-11	3.612213861359237e-10	1.0000000019516733	NaN	1.1557969003741641e-9
16	3200	3	100	300	Sz  |A|=1	1	chi32	6.825333007109968e-11	6.841992250539164e-13	0.9999999999027389	NaN	1.1557969003741641e-9
16	3200	3	100	300	Sz  |A|=1	1	exact	6.825333007109968e-11	0.0	0.9999999998826797	NaN	1.1557969003741641e-9
16	3200	3	100	300	ZZ onsite |A|=2	2	chi2	-0.5985704920183841	0.40142950798161536	2.0382395933745086	50.58961184532023	0.11347236343995157
16	3200	3	100	300	ZZ onsite |A|=2	2	chi4	-0.5985704920183841	0.14172611448061567	12.151506015580503	50.58961184532023	0.11347236343995157
16	3200	3	100	300	ZZ onsite |A|=2	2	chi8	-0.5985704920183841	-0.002375888552378913	51.68040875841831	50.58961184532023	0.11347236343995157
16	3200	3	100	300	ZZ onsite |A|=2	2	chi32	-0.5985704920183841	-8.800334999614634e-6	51.43965719485252	50.58961184532023	0.11347236343995157
16	3200	3	100	300	ZZ onsite |A|=2	2	exact	-0.5985704920183841	0.0	51.43861075269199	50.58961184532023	0.11347236343995157
16	3200	3	100	300	ZZ up-up |A|=2	2	chi2	-0.3978048604828066	-0.05588934129602918	12.590428027715442	17.675482778502886	0.11558088005462508
16	3200	3	100	300	ZZ up-up |A|=2	2	chi4	-0.3978048604828066	-0.33694326491432003	1.359597671067978	17.675482778502886	0.11558088005462508
16	3200	3	100	300	ZZ up-up |A|=2	2	chi8	-0.3978048604828066	-0.004365509915066401	16.680071008603477	17.675482778502886	0.11558088005462508
16	3200	3	100	300	ZZ up-up |A|=2	2	chi32	-0.3978048604828066	-0.00014386712555558567	16.739036503522197	17.675482778502886	0.11558088005462508
16	3200	3	100	300	ZZ up-up |A|=2	2	exact	-0.3978048604828066	0.0	16.74001791097673	17.675482778502886	0.11558088005462508
16	3200	3	100	300	DoubleOcc |A|=2	2	chi2	0.10035737699017858	0.10035737699017855	2.051476619055068	NaN	0.10875516684236654
16	3200	3	100	300	DoubleOcc |A|=2	2	chi4	0.10035737699017858	0.0354315229591369	10.483089534857985	NaN	0.10875516684236654
16	3200	3	100	300	DoubleOcc |A|=2	2	chi8	0.10035737699017858	-0.0005939715950023794	27.175669982680027	NaN	0.10875516684236654
16	3200	3	100	300	DoubleOcc |A|=2	2	chi32	0.10035737699017858	-2.2000763591489836e-6	27.141708750448867	NaN	0.10875516684236654
16	3200	3	100	300	DoubleOcc |A|=2	2	exact	0.10035737699017858	0.0	27.141540574177455	NaN	0.10875516684236654
16	3200	3	100	300	SzSz |A|=2	2	chi2	-0.08155407383732062	0.003924805959373737	10.128584778234565	NaN	0.11202382509332996
16	3200	3	100	300	SzSz |A|=2	2	chi4	-0.08155407383732062	-0.06633867494519897	1.4444645896269948	NaN	0.11202382509332996
16	3200	3	100	300	SzSz |A|=2	2	chi8	-0.08155407383732062	-0.0007873035619198054	11.799251073467234	NaN	0.11202382509332996
16	3200	3	100	300	SzSz |A|=2	2	chi32	-0.08155407383732062	-4.321406686590146e-5	11.824152794995852	NaN	0.11202382509332996
16	3200	3	100	300	SzSz |A|=2	2	exact	-0.08155407383732062	0.0	11.823093349746324	NaN	0.11202382509332996
16	3200	3	100	300	hop |A|=3	3	chi2	0.4227169615035098	0.4227169615035098	1.0	NaN	0.10701194606477571
16	3200	3	100	300	hop |A|=3	3	chi4	0.4227169615035098	0.4227169615035098	1.0	NaN	0.10701194606477571
16	3200	3	100	300	hop |A|=3	3	chi8	0.4227169615035098	0.005699855880129889	21.863687214486692	NaN	0.10701194606477571
16	3200	3	100	300	hop |A|=3	3	chi32	0.4227169615035098	0.00010409997357258005	21.88447308412932	NaN	0.10701194606477571
16	3200	3	100	300	hop |A|=3	3	exact	0.4227169615035098	0.0	21.883326706032523	NaN	0.10701194606477571
16	3200	3	100	300	ZZZZ |A|=4	4	chi2	0.5437227893572482	-0.4562772106427513	1.3870315098505497	42.386531746891016	0.11524247834329239
16	3200	3	100	300	ZZZZ |A|=4	4	chi4	0.5437227893572482	-0.009609589043273581	50.24726262674643	42.386531746891016	0.11524247834329239
16	3200	3	100	300	ZZZZ |A|=4	4	chi8	0.5437227893572482	-0.003358510723449948	51.15389343914601	42.386531746891016	0.11524247834329239
16	3200	3	100	300	ZZZZ |A|=4	4	chi32	0.5437227893572482	-1.5389805756993447e-5	51.36801288268793	42.386531746891016	0.11524247834329239
16	3200	3	100	300	ZZZZ |A|=4	4	exact	0.5437227893572482	0.0	51.36854706243195	42.386531746891016	0.11524247834329239
16	3200	3	100	300	SxSx |A|=4	4	chi2	-0.08155407393587649	-0.08155407393587649	1.0	NaN	0.11348792310079947
16	3200	3	100	300	SxSx |A|=4	4	chi4	-0.08155407393587649	-0.00868633917037781	7.723817646077016	NaN	0.11348792310079947
16	3200	3	100	300	SxSx |A|=4	4	chi8	-0.08155407393587649	0.0014228968707603318	13.695044027783311	NaN	0.11348792310079947
16	3200	3	100	300	SxSx |A|=4	4	chi32	-0.08155407393587649	-2.62097423203711e-5	13.883512247044402	NaN	0.11348792310079947
16	3200	3	100	300	SxSx |A|=4	4	exact	-0.08155407393587649	0.0	13.882670939707205	NaN	0.11348792310079947
16	3200	4	100	300	Sz  |A|=1	1	chi2	6.825333007109968e-11	-8.293536743822494e-8	1.0000000215718714	NaN	1.1490014491886228e-9
16	3200	4	100	300	Sz  |A|=1	1	chi4	6.825333007109968e-11	-8.397395851594824e-9	0.9999999982534915	NaN	1.1490014491886228e-9
16	3200	4	100	300	Sz  |A|=1	1	chi8	6.825333007109968e-11	3.612213861359237e-10	1.0000000003064866	NaN	1.1490014491886228e-9
16	3200	4	100	300	Sz  |A|=1	1	chi32	6.825333007109968e-11	6.841992250539164e-13	1.0000000000263662	NaN	1.1490014491886228e-9
16	3200	4	100	300	Sz  |A|=1	1	exact	6.825333007109968e-11	0.0	1.0000000000213867	NaN	1.1490014491886228e-9
16	3200	4	100	300	ZZ onsite |A|=2	2	chi2	-0.5985704920183841	0.40142950798161536	2.1912547563356712	50.58961184532023	0.09937020833615606
16	3200	4	100	300	ZZ onsite |A|=2	2	chi4	-0.5985704920183841	0.14172611448061567	13.13272148703556	50.58961184532023	0.09937020833615606
16	3200	4	100	300	ZZ onsite |A|=2	2	chi8	-0.5985704920183841	-0.002375888552378913	43.50876656804405	50.58961184532023	0.09937020833615606
16	3200	4	100	300	ZZ onsite |A|=2	2	chi32	-0.5985704920183841	-8.800334999614634e-6	43.57817358675831	50.58961184532023	0.09937020833615606
16	3200	4	100	300	ZZ onsite |A|=2	2	exact	-0.5985704920183841	0.0	43.578324355815326	50.58961184532023	0.09937020833615606
16	3200	4	100	300	ZZ up-up |A|=2	2	chi2	-0.3978048604828066	-0.05588934129602918	15.485261051862578	17.675482778502886	0.10902985707318474
16	3200	4	100	300	ZZ up-up |A|=2	2	chi4	-0.3978048604828066	-0.33694326491432003	1.3651047540594463	17.675482778502886	0.10902985707318474
16	3200	4	100	300	ZZ up-up |A|=2	2	chi8	-0.3978048604828066	-0.004365509915066401	23.12101165212098	17.675482778502886	0.10902985707318474
16	3200	4	100	300	ZZ up-up |A|=2	2	chi32	-0.3978048604828066	-0.00014386712555558567	23.31429913707389	17.675482778502886	0.10902985707318474
16	3200	4	100	300	ZZ up-up |A|=2	2	exact	-0.3978048604828066	0.0	23.31892737224925	17.675482778502886	0.10902985707318474
16	3200	4	100	300	DoubleOcc |A|=2	2	chi2	0.10035737699017858	0.10035737699017855	2.33650208286569	NaN	0.09188602655556587
16	3200	4	100	300	DoubleOcc |A|=2	2	chi4	0.10035737699017858	0.0354315229591369	12.239262347103379	NaN	0.09188602655556587
16	3200	4	100	300	DoubleOcc |A|=2	2	chi8	0.10035737699017858	-0.0005939715950023794	25.426342030881177	NaN	0.09188602655556587
16	3200	4	100	300	DoubleOcc |A|=2	2	chi32	0.10035737699017858	-2.2000763591489836e-6	25.53505904994884	NaN	0.09188602655556587
16	3200	4	100	300	DoubleOcc |A|=2	2	exact	0.10035737699017858	0.0	25.535429880206717	NaN	0.09188602655556587
16	3200	4	100	300	SzSz |A|=2	2	chi2	-0.08155407383732062	0.003924805959373737	10.398734857098713	NaN	0.09997066187104893
16	3200	4	100	300	SzSz |A|=2	2	chi4	-0.08155407383732062	-0.06633867494519897	1.4166990406125963	NaN	0.09997066187104893
16	3200	4	100	300	SzSz |A|=2	2	chi8	-0.08155407383732062	-0.0007873035619198054	12.58401052543716	NaN	0.09997066187104893
16	3200	4	100	300	SzSz |A|=2	2	chi32	-0.08155407383732062	-4.321406686590146e-5	12.677423646409045	NaN	0.09997066187104893
16	3200	4	100	300	SzSz |A|=2	2	exact	-0.08155407383732062	0.0	12.68090315806144	NaN	0.09997066187104893
16	3200	4	100	300	hop |A|=3	3	chi2	0.4227169615035098	0.4227169615035098	1.0	NaN	0.1167617850486078
16	3200	4	100	300	hop |A|=3	3	chi4	0.4227169615035098	0.4227169615035098	1.0	NaN	0.1167617850486078
16	3200	4	100	300	hop |A|=3	3	chi8	0.4227169615035098	0.005699855880129889	24.085803636761554	NaN	0.1167617850486078
16	3200	4	100	300	hop |A|=3	3	chi32	0.4227169615035098	0.00010409997357258005	23.907452123028335	NaN	0.1167617850486078
16	3200	4	100	300	hop |A|=3	3	exact	0.4227169615035098	0.0	23.902270999378445	NaN	0.1167617850486078
16	3200	4	100	300	ZZZZ |A|=4	4	chi2	0.5437227893572482	-0.4562772106427513	1.3548486242785927	42.386531746891016	0.10247324913904964
16	3200	4	100	300	ZZZZ |A|=4	4	chi4	0.5437227893572482	-0.009609589043273581	39.97466050235	42.386531746891016	0.10247324913904964
16	3200	4	100	300	ZZZZ |A|=4	4	chi8	0.5437227893572482	-0.003358510723449948	40.74151539251235	42.386531746891016	0.10247324913904964
16	3200	4	100	300	ZZZZ |A|=4	4	chi32	0.5437227893572482	-1.5389805756993447e-5	40.98211195586584	42.386531746891016	0.10247324913904964
16	3200	4	100	300	ZZZZ |A|=4	4	exact	0.5437227893572482	0.0	40.98293453470447	42.386531746891016	0.10247324913904964
16	3200	4	100	300	SxSx |A|=4	4	chi2	-0.08155407393587649	-0.08155407393587649	1.0	NaN	0.10983251923565912
16	3200	4	100	300	SxSx |A|=4	4	chi4	-0.08155407393587649	-0.00868633917037781	7.3080089994453825	NaN	0.10983251923565912
16	3200	4	100	300	SxSx |A|=4	4	chi8	-0.08155407393587649	0.0014228968707603318	13.766622515348024	NaN	0.10983251923565912
16	3200	4	100	300	SxSx |A|=4	4	chi32	-0.08155407393587649	-2.62097423203711e-5	13.818995300506566	NaN	0.10983251923565912
16	3200	4	100	300	SxSx |A|=4	4	exact	-0.08155407393587649	0.0	13.820670457625427	NaN	0.10983251923565912
16	3200	5	100	300	Sz  |A|=1	1	chi2	6.825333007109968e-11	-8.293536743822494e-8	1.0000003029983648	NaN	1.0514057415139064e-9
16	3200	5	100	300	Sz  |A|=1	1	chi4	6.825333007109968e-11	-8.397395851594824e-9	1.000000032282704	NaN	1.0514057415139064e-9
16	3200	5	100	300	Sz  |A|=1	1	chi8	6.825333007109968e-11	3.612213861359237e-10	0.9999999987968118	NaN	1.0514057415139064e-9
16	3200	5	100	300	Sz  |A|=1	1	chi32	6.825333007109968e-11	6.841992250539164e-13	1.000000000243581	NaN	1.0514057415139064e-9
16	3200	5	100	300	Sz  |A|=1	1	exact	6.825333007109968e-11	0.0	1.000000000247881	NaN	1.0514057415139064e-9
16	3200	5	100	300	ZZ onsite |A|=2	2	chi2	-0.5985704920183841	0.40142950798161536	2.045906575665504	50.58961184532023	0.1250787595979888
16	3200	5	100	300	ZZ onsite |A|=2	2	chi4	-0.5985704920183841	0.14172611448061567	11.92327668210796	50.58961184532023	0.1250787595979888
16	3200	5	100	300	ZZ onsite |A|=2	2	chi8	-0.5985704920183841	-0.002375888552378913	45.59871707245834	50.58961184532023	0.1250787595979888
16	3200	5	100	300	ZZ onsite |A|=2	2	chi32	-0.5985704920183841	-8.800334999614634e-6	45.4346979524286	50.58961184532023	0.1250787595979888
16	3200	5	100	300	ZZ onsite |A|=2	2	exact	-0.5985704920183841	0.0	45.433969660367424	50.58961184532023	0.1250787595979888
16	3200	5	100	300	ZZ up-up |A|=2	2	chi2	-0.3978048604828066	-0.05588934129602918	12.353765022030755	17.675482778502886	0.10381435140960846
16	3200	5	100	300	ZZ up-up |A|=2	2	chi4	-0.3978048604828066	-0.33694326491432003	1.3588021816131963	17.675482778502886	0.10381435140960846
16	3200	5	100	300	ZZ up-up |A|=2	2	chi8	-0.3978048604828066	-0.004365509915066401	16.2566432815666	17.675482778502886	0.10381435140960846
16	3200	5	100	300	ZZ up-up |A|=2	2	chi32	-0.3978048604828066	-0.00014386712555558567	16.312361528583892	17.675482778502886	0.10381435140960846
16	3200	5	100	300	ZZ up-up |A|=2	2	exact	-0.3978048604828066	0.0	16.313285336616296	17.675482778502886	0.10381435140960846
16	3200	5	100	300	DoubleOcc |A|=2	2	chi2	0.10035737699017858	0.10035737699017855	2.0542738696963476	NaN	0.120337222368384
16	3200	5	100	300	DoubleOcc |A|=2	2	chi4	0.10035737699017858	0.0354315229591369	10.499489754488826	NaN	0.120337222368384
16	3200	5	100	300	DoubleOcc |A|=2	2	chi8	0.10035737699017858	-0.0005939715950023794	27.151320553884787	NaN	0.120337222368384
16	3200	5	100	300	DoubleOcc |A|=2	2	chi32	0.10035737699017858	-2.2000763591489836e-6	27.1191793196048	NaN	0.120337222368384
16	3200	5	100	300	DoubleOcc |A|=2	2	exact	0.10035737699017858	0.0	27.11901799048509	NaN	0.120337222368384
16	3200	5	100	300	SzSz |A|=2	2	chi2	-0.08155407383732062	0.003924805959373737	9.53189421573054	NaN	0.1129706220281965
16	3200	5	100	300	SzSz |A|=2	2	chi4	-0.08155407383732062	-0.06633867494519897	1.4401163053422525	NaN	0.1129706220281965
16	3200	5	100	300	SzSz |A|=2	2	chi8	-0.08155407383732062	-0.0007873035619198054	11.277516285918718	NaN	0.1129706220281965
16	3200	5	100	300	SzSz |A|=2	2	chi32	-0.08155407383732062	-4.321406686590146e-5	11.380732964994216	NaN	0.1129706220281965
16	3200	5	100	300	SzSz |A|=2	2	exact	-0.08155407383732062	0.0	11.382942651205036	NaN	0.1129706220281965
16	3200	5	100	300	hop |A|=3	3	chi2	0.4227169615035098	0.4227169615035098	1.0	NaN	0.1056295851895667
16	3200	5	100	300	hop |A|=3	3	chi4	0.4227169615035098	0.4227169615035098	1.0	NaN	0.1056295851895667
16	3200	5	100	300	hop |A|=3	3	chi8	0.4227169615035098	0.005699855880129889	18.615998152038735	NaN	0.1056295851895667
16	3200	5	100	300	hop |A|=3	3	chi32	0.4227169615035098	0.00010409997357258005	18.626379216930562	NaN	0.1056295851895667
16	3200	5	100	300	hop |A|=3	3	exact	0.4227169615035098	0.0	18.625469758475234	NaN	0.1056295851895667
16	3200	5	100	300	ZZZZ |A|=4	4	chi2	0.5437227893572482	-0.4562772106427513	1.4491339038178135	42.386531746891016	0.0960518430628062
16	3200	5	100	300	ZZZZ |A|=4	4	chi4	0.5437227893572482	-0.009609589043273581	41.163391022125985	42.386531746891016	0.0960518430628062
16	3200	5	100	300	ZZZZ |A|=4	4	chi8	0.5437227893572482	-0.003358510723449948	41.34210644040644	42.386531746891016	0.0960518430628062
16	3200	5	100	300	ZZZZ |A|=4	4	chi32	0.5437227893572482	-1.5389805756993447e-5	41.25988385349413	42.386531746891016	0.0960518430628062
16	3200	5	100	300	ZZZZ |A|=4	4	exact	0.5437227893572482	0.0	41.25921980232152	42.386531746891016	0.0960518430628062
16	3200	5	100	300	SxSx |A|=4	4	chi2	-0.08155407393587649	-0.08155407393587649	1.0	NaN	0.11633644718209014
16	3200	5	100	300	SxSx |A|=4	4	chi4	-0.08155407393587649	-0.00868633917037781	5.803712541861543	NaN	0.11633644718209014
16	3200	5	100	300	SxSx |A|=4	4	chi8	-0.08155407393587649	0.0014228968707603318	10.133004726827972	NaN	0.11633644718209014
16	3200	5	100	300	SxSx |A|=4	4	chi32	-0.08155407393587649	-2.62097423203711e-5	10.236898940225228	NaN	0.11633644718209014
16	3200	5	100	300	SxSx |A|=4	4	exact	-0.08155407393587649	0.0	10.23713632396091	NaN	0.11633644718209014
16	3200	6	100	300	Sz  |A|=1	1	chi2	6.825333007109968e-11	-8.293536743822494e-8	0.9999998695948212	NaN	9.174563322528843e-10
16	3200	6	100	300	Sz  |A|=1	1	chi4	6.825333007109968e-11	-8.397395851594824e-9	0.9999999816186401	NaN	9.174563322528843e-10
16	3200	6	100	300	Sz  |A|=1	1	chi8	6.825333007109968e-11	3.612213861359237e-10	1.0000000009528909	NaN	9.174563322528843e-10
16	3200	6	100	300	Sz  |A|=1	1	chi32	6.825333007109968e-11	6.841992250539164e-13	0.9999999999051792	NaN	9.174563322528843e-10
16	3200	6	100	300	Sz  |A|=1	1	exact	6.825333007109968e-11	0.0	0.9999999998974649	NaN	9.174563322528843e-10
16	3200	6	100	300	ZZ onsite |A|=2	2	chi2	-0.5985704920183841	0.40142950798161536	2.1935006438670603	50.58961184532023	0.10714129401460955
16	3200	6	100	300	ZZ onsite |A|=2	2	chi4	-0.5985704920183841	0.14172611448061567	13.958901641834622	50.58961184532023	0.10714129401460955
16	3200	6	100	300	ZZ onsite |A|=2	2	chi8	-0.5985704920183841	-0.002375888552378913	57.15923098303217	50.58961184532023	0.10714129401460955
16	3200	6	100	300	ZZ onsite |A|=2	2	chi32	-0.5985704920183841	-8.800334999614634e-6	57.24999094140011	50.58961184532023	0.10714129401460955
16	3200	6	100	300	ZZ onsite |A|=2	2	exact	-0.5985704920183841	0.0	57.25014157063895	50.58961184532023	0.10714129401460955
16	3200	6	100	300	ZZ up-up |A|=2	2	chi2	-0.3978048604828066	-0.05588934129602918	14.518254839599807	17.675482778502886	0.11940751664451639
16	3200	6	100	300	ZZ up-up |A|=2	2	chi4	-0.3978048604828066	-0.33694326491432003	1.3721431727652704	17.675482778502886	0.11940751664451639
16	3200	6	100	300	ZZ up-up |A|=2	2	chi8	-0.3978048604828066	-0.004365509915066401	18.670446229058758	17.675482778502886	0.11940751664451639
16	3200	6	100	300	ZZ up-up |A|=2	2	chi32	-0.3978048604828066	-0.00014386712555558567	18.602379239317084	17.675482778502886	0.11940751664451639
16	3200	6	100	300	ZZ up-up |A|=2	2	exact	-0.3978048604828066	0.0	18.59872869483941	17.675482778502886	0.11940751664451639
16	3200	6	100	300	DoubleOcc |A|=2	2	chi2	0.10035737699017858	0.10035737699017855	2.247462730365351	NaN	0.12297804681563176
16	3200	6	100	300	DoubleOcc |A|=2	2	chi4	0.10035737699017858	0.0354315229591369	13.387282164245015	NaN	0.12297804681563176
16	3200	6	100	300	DoubleOcc |A|=2	2	chi8	0.10035737699017858	-0.0005939715950023794	40.08586996505986	NaN	0.12297804681563176
16	3200	6	100	300	DoubleOcc |A|=2	2	chi32	0.10035737699017858	-2.2000763591489836e-6	40.2154984259778	NaN	0.12297804681563176
16	3200	6	100	300	DoubleOcc |A|=2	2	exact	0.10035737699017858	0.0	40.21589144453447	NaN	0.12297804681563176
16	3200	6	100	300	SzSz |A|=2	2	chi2	-0.08155407383732062	0.003924805959373737	9.128487597230311	NaN	0.12221760447557815
16	3200	6	100	300	SzSz |A|=2	2	chi4	-0.08155407383732062	-0.06633867494519897	1.4550429161159417	NaN	0.12221760447557815
16	3200	6	100	300	SzSz |A|=2	2	chi8	-0.08155407383732062	-0.0007873035619198054	10.462041258864723	NaN	0.12221760447557815
16	3200	6	100	300	SzSz |A|=2	2	chi32	-0.08155407383732062	-4.321406686590146e-5	10.432760575199191	NaN	0.12221760447557815
16	3200	6	100	300	SzSz |A|=2	2	exact	-0.08155407383732062	0.0	10.429725156189578	NaN	0.12221760447557815
16	3200	6	100	300	hop |A|=3	3	chi2	0.4227169615035098	0.4227169615035098	1.0	NaN	0.1137494118140893
16	3200	6	100	300	hop |A|=3	3	chi4	0.4227169615035098	0.4227169615035098	1.0	NaN	0.1137494118140893
16	3200	6	100	300	hop |A|=3	3	chi8	0.4227169615035098	0.005699855880129889	23.82739256896395	NaN	0.1137494118140893
16	3200	6	100	300	hop |A|=3	3	chi32	0.4227169615035098	0.00010409997357258005	24.05511351235365	NaN	0.1137494118140893
16	3200	6	100	300	hop |A|=3	3	exact	0.4227169615035098	0.0	24.057581881755116	NaN	0.1137494118140893
16	3200	6	100	300	ZZZZ |A|=4	4	chi2	0.5437227893572482	-0.4562772106427513	1.3810379420455001	42.386531746891016	0.11836302221754967
16	3200	6	100	300	ZZZZ |A|=4	4	chi4	0.5437227893572482	-0.009609589043273581	38.36035373181361	42.386531746891016	0.11836302221754967
16	3200	6	100	300	ZZZZ |A|=4	4	chi8	0.5437227893572482	-0.003358510723449948	38.899063431116	42.386531746891016	0.11836302221754967
16	3200	6	100	300	ZZZZ |A|=4	4	chi32	0.5437227893572482	-1.5389805756993447e-5	39.0303880344949	42.386531746891016	0.11836302221754967
16	3200	6	100	300	ZZZZ |A|=4	4	exact	0.5437227893572482	0.0	39.03073298549194	42.386531746891016	0.11836302221754967
16	3200	6	100	300	SxSx |A|=4	4	chi2	-0.08155407393587649	-0.08155407393587649	1.0	NaN	0.10367337798176345
16	3200	6	100	300	SxSx |A|=4	4	chi4	-0.08155407393587649	-0.00868633917037781	8.49729571900867	NaN	0.10367337798176345
16	3200	6	100	300	SxSx |A|=4	4	chi8	-0.08155407393587649	0.0014228968707603318	14.821942317179184	NaN	0.10367337798176345
16	3200	6	100	300	SxSx |A|=4	4	chi32	-0.08155407393587649	-2.62097423203711e-5	14.740399181783397	NaN	0.10367337798176345
16	3200	6	100	300	SxSx |A|=4	4	exact	-0.08155407393587649	0.0	14.741610027760592	NaN	0.10367337798176345
16	3200	7	100	300	Sz  |A|=1	1	chi2	6.825333007109968e-11	-8.293536743822494e-8	0.9999999778022552	NaN	1.067455235328702e-9
16	3200	7	100	300	Sz  |A|=1	1	chi4	6.825333007109968e-11	-8.397395851594824e-9	0.9999999986751921	NaN	1.067455235328702e-9
16	3200	7	100	300	Sz  |A|=1	1	chi8	6.825333007109968e-11	3.612213861359237e-10	0.9999999999873055	NaN	1.067455235328702e-9
16	3200	7	100	300	Sz  |A|=1	1	chi32	6.825333007109968e-11	6.841992250539164e-13	0.9999999999798362	NaN	1.067455235328702e-9
16	3200	7	100	300	Sz  |A|=1	1	exact	6.825333007109968e-11	0.0	0.9999999999808802	NaN	1.067455235328702e-9
16	3200	7	100	300	ZZ onsite |A|=2	2	chi2	-0.5985704920183841	0.40142950798161536	2.146424278667407	50.58961184532023	0.12326936091072979
16	3200	7	100	300	ZZ onsite |A|=2	2	chi4	-0.5985704920183841	0.14172611448061567	12.996330519564935	50.58961184532023	0.12326936091072979
16	3200	7	100	300	ZZ onsite |A|=2	2	chi8	-0.5985704920183841	-0.002375888552378913	48.004502336549784	50.58961184532023	0.12326936091072979
16	3200	7	100	300	ZZ onsite |A|=2	2	chi32	-0.5985704920183841	-8.800334999614634e-6	48.00229202111274	50.58961184532023	0.12326936091072979
16	3200	7	100	300	ZZ onsite |A|=2	2	exact	-0.5985704920183841	0.0	48.002151578406334	50.58961184532023	0.12326936091072979
16	3200	7	100	300	ZZ up-up |A|=2	2	chi2	-0.3978048604828066	-0.05588934129602918	13.275324110426244	17.675482778502886	0.09799575914268827
16	3200	7	100	300	ZZ up-up |A|=2	2	chi4	-0.3978048604828066	-0.33694326491432003	1.3645994123407987	17.675482778502886	0.09799575914268827
16	3200	7	100	300	ZZ up-up |A|=2	2	chi8	-0.3978048604828066	-0.004365509915066401	17.371029504211105	17.675482778502886	0.09799575914268827
16	3200	7	100	300	ZZ up-up |A|=2	2	chi32	-0.3978048604828066	-0.00014386712555558567	17.38424886158786	17.675482778502886	0.09799575914268827
16	3200	7	100	300	ZZ up-up |A|=2	2	exact	-0.3978048604828066	0.0	17.383561355700866	17.675482778502886	0.09799575914268827
16	3200	7	100	300	DoubleOcc |A|=2	2	chi2	0.10035737699017858	0.10035737699017855	2.216472154128983	NaN	0.11445138371195951
16	3200	7	100	300	DoubleOcc |A|=2	2	chi4	0.10035737699017858	0.0354315229591369	11.795355457808201	NaN	0.11445138371195951
16	3200	7	100	300	DoubleOcc |A|=2	2	chi8	0.10035737699017858	-0.0005939715950023794	28.15919864346121	NaN	0.11445138371195951
16	3200	7	100	300	DoubleOcc |A|=2	2	chi32	0.10035737699017858	-2.2000763591489836e-6	28.221833246688835	NaN	0.11445138371195951
16	3200	7	100	300	DoubleOcc |A|=2	2	exact	0.10035737699017858	0.0	28.22202254596374	NaN	0.11445138371195951
16	3200	7	100	300	SzSz |A|=2	2	chi2	-0.08155407383732062	0.003924805959373737	9.851478056064643	NaN	0.1060502614122167
16	3200	7	100	300	SzSz |A|=2	2	chi4	-0.08155407383732062	-0.06633867494519897	1.4267313508687403	NaN	0.1060502614122167
16	3200	7	100	300	SzSz |A|=2	2	chi8	-0.08155407383732062	-0.0007873035619198054	11.352509351269125	NaN	0.1060502614122167
16	3200	7	100	300	SzSz |A|=2	2	chi32	-0.08155407383732062	-4.321406686590146e-5	11.357659353599782	NaN	0.1060502614122167
16	3200	7	100	300	SzSz |A|=2	2	exact	-0.08155407383732062	0.0	11.358535894611279	NaN	0.1060502614122167
16	3200	7	100	300	hop |A|=3	3	chi2	0.4227169615035098	0.4227169615035098	1.0	NaN	0.11070061878878044
16	3200	7	100	300	hop |A|=3	3	chi4	0.4227169615035098	0.4227169615035098	1.0	NaN	0.11070061878878044
16	3200	7	100	300	hop |A|=3	3	chi8	0.4227169615035098	0.005699855880129889	17.752178352130837	NaN	0.11070061878878044
16	3200	7	100	300	hop |A|=3	3	chi32	0.4227169615035098	0.00010409997357258005	17.615846009152207	NaN	0.11070061878878044
16	3200	7	100	300	hop |A|=3	3	exact	0.4227169615035098	0.0	17.612310083765376	NaN	0.11070061878878044
16	3200	7	100	300	ZZZZ |A|=4	4	chi2	0.5437227893572482	-0.4562772106427513	1.449674082642983	42.386531746891016	0.11888690101178744
16	3200	7	100	300	ZZZZ |A|=4	4	chi4	0.5437227893572482	-0.009609589043273581	43.49308264685377	42.386531746891016	0.11888690101178744
16	3200	7	100	300	ZZZZ |A|=4	4	chi8	0.5437227893572482	-0.003358510723449948	43.69519958194491	42.386531746891016	0.11888690101178744
16	3200	7	100	300	ZZZZ |A|=4	4	chi32	0.5437227893572482	-1.5389805756993447e-5	43.60443380042841	42.386531746891016	0.11888690101178744
16	3200	7	100	300	ZZZZ |A|=4	4	exact	0.5437227893572482	0.0	43.603696614476945	42.386531746891016	0.11888690101178744
16	3200	7	100	300	SxSx |A|=4	4	chi2	-0.08155407393587649	-0.08155407393587649	1.0	NaN	0.10144466636958237
16	3200	7	100	300	SxSx |A|=4	4	chi4	-0.08155407393587649	-0.00868633917037781	8.138156352462099	NaN	0.10144466636958237
16	3200	7	100	300	SxSx |A|=4	4	chi8	-0.08155407393587649	0.0014228968707603318	13.436557080788894	NaN	0.10144466636958237
16	3200	7	100	300	SxSx |A|=4	4	chi32	-0.08155407393587649	-2.62097423203711e-5	13.577907180167431	NaN	0.10144466636958237
16	3200	7	100	300	SxSx |A|=4	4	exact	-0.08155407393587649	0.0	13.577410486663203	NaN	0.10144466636958237
