U	nhole	site	x	y	observable	prior	true	Delta	relerr	G	dens	Sz
4.0	4	1	1	1	n	chi8	0.8958813500282001	-0.06500516364327946	0.07256001438274529	2.460079025124914	0.8958813500282001	-0.07338256470374104
4.0	4	1	1	1	n	chi32	0.8958813500282001	-0.00930201311920864	0.01038308601793735	3.0949333577770908	0.8958813500282001	-0.07338256470374104
4.0	4	1	1	1	n	exact	0.8958813500282001	0.0	0.0	3.0994472140017866	0.8958813500282001	-0.07338256470374104
4.0	4	1	1	1	n	UHF	0.8958813500282001	-0.07999827942819349	0.08929561869512669	0.15191899676131138	0.8958813500282001	-0.07338256470374104
4.0	4	1	1	1	Sz	chi8	-0.07338256470374104	0.008728078493688576	0.11893940377970491	2.450699307653142	0.8958813500282001	-0.07338256470374104
4.0	4	1	1	1	Sz	chi32	-0.07338256470374104	0.0016658939902956665	0.02270149588013431	2.9402385456632367	0.8958813500282001	-0.07338256470374104
4.0	4	1	1	1	Sz	exact	-0.07338256470374104	0.0	0.0	2.9471930931556627	0.8958813500282001	-0.07338256470374104
4.0	4	1	1	1	Sz	UHF	-0.07338256470374104	0.2852107096752262	3.886627713635719	0.16411559026487801	0.8958813500282001	-0.07338256470374104
4.0	4	1	1	1	DoubleOcc	chi8	0.09315408589700033	0.013492995013827946	0.14484598162175125	7.503498759361744	0.8958813500282001	-0.07338256470374104
4.0	4	1	1	1	DoubleOcc	chi32	0.09315408589700033	-0.0008981588890300402	0.009641647818036952	18.592489061779034	0.8958813500282001	-0.07338256470374104
4.0	4	1	1	1	DoubleOcc	exact	0.09315408589700033	0.0	0.0	18.380977839555886	0.8958813500282001	-0.07338256470374104
4.0	4	1	1	1	DoubleOcc	UHF	0.09315408589700033	-0.016342040470157387	0.1754302059088062	1.6770361238633746	0.8958813500282001	-0.07338256470374104
4.0	4	1	1	1	ZZ onsite	chi8	-0.4191463564683988	0.18398230734187027	0.4389452622039945	4.749039051724229	0.8958813500282001	-0.07338256470374104
4.0	4	1	1	1	ZZ onsite	chi32	-0.4191463564683988	0.01501139068229701	0.0358141981926754	20.497342115506434	0.8958813500282001	-0.07338256470374104
4.0	4	1	1	1	ZZ onsite	exact	-0.4191463564683988	0.0	0.0	20.478744266534576	0.8958813500282001	-0.07338256470374104
4.0	4	1	1	1	ZZ onsite	UHF	-0.4191463564683988	0.09462839697575753	0.22576457009687012	11.379121811026728	0.8958813500282001	-0.07338256470374104
4.0	4	1	1	1	ZZ up-up nb	chi8	-0.17751015641379705	0.03397195759501412	0.19138035975711434	3.4944018571755366	0.8958813500282001	-0.07338256470374104
4.0	4	1	1	1	ZZ up-up nb	chi32	-0.17751015641379705	0.03273124340357553	0.18439082058648604	3.518705814704244	0.8958813500282001	-0.07338256470374104
4.0	4	1	1	1	ZZ up-up nb	exact	-0.17751015641379705	0.0	0.0	3.8710437727976177	0.8958813500282001	-0.07338256470374104
4.0	4	1	1	1	ZZ up-up nb	UHF	-0.17751015641379705	0.47040942624568716	2.650042317292017	0.18196084874246327	0.8958813500282001	-0.07338256470374104
4.0	4	1	1	1	SzSz nb	chi8	-0.04596750018892856	0.00943772682281728	0.20531303168603435	3.594720502212797	0.8958813500282001	-0.07338256470374104
4.0	4	1	1	1	SzSz nb	chi32	-0.04596750018892856	0.0027628399874620457	0.060104203537426334	4.401477597320532	0.8958813500282001	-0.07338256470374104
4.0	4	1	1	1	SzSz nb	exact	-0.04596750018892856	0.0	0.0	4.45126674009462	0.8958813500282001	-0.07338256470374104
4.0	4	1	1	1	SzSz nb	UHF	-0.04596750018892856	0.0993897398928163	2.1621741335578366	0.2580190548676021	0.8958813500282001	-0.07338256470374104
4.0	4	2	1	2	n	chi8	0.8964656927844011	-0.055574477847640136	0.06199286631374273	1.3138021473035681	0.8964656927844011	-0.07290702905132579
4.0	4	2	1	2	n	chi32	0.8964656927844011	-0.012425311187090893	0.013860330949752435	3.5475151507371843	0.8964656927844011	-0.07290702905132579
4.0	4	2	1	2	n	exact	0.8964656927844011	0.0	0.0	3.5689759695083656	0.8964656927844011	-0.07290702905132579
4.0	4	2	1	2	n	UHF	0.8964656927844011	-0.07941393667200547	0.08858558371079173	0.05515885954113006	0.8964656927844011	-0.07290702905132579
4.0	4	2	1	2	Sz	chi8	-0.07290702905132579	0.062485045101705355	0.8570510404108845	1.849495197789536	0.8964656927844011	-0.07290702905132579
4.0	4	2	1	2	Sz	chi32	-0.07290702905132579	0.00041666962231554083	0.005715081628442297	3.4297678945019534	0.8964656927844011	-0.07290702905132579
4.0	4	2	1	2	Sz	exact	-0.07290702905132579	0.0	0.0	3.4548875142071127	0.8964656927844011	-0.07290702905132579
4.0	4	2	1	2	Sz	UHF	-0.07290702905132579	-0.43150030343029483	5.9185007131002845	0.06685541335653755	0.8964656927844011	-0.07290702905132579
4.0	4	2	1	2	DoubleOcc	chi8	0.0933768849531892	0.013229150104697315	0.14167478505338044	5.800895817169975	0.8964656927844011	-0.07290702905132579
4.0	4	2	1	2	DoubleOcc	chi32	0.0933768849531892	0.003491062313870849	0.037386793483429596	18.20827595169054	0.8964656927844011	-0.07290702905132579
4.0	4	2	1	2	DoubleOcc	exact	0.0933768849531892	0.0	0.0	19.996926850845558	0.8964656927844011	-0.07290702905132579
4.0	4	2	1	2	DoubleOcc	UHF	0.0933768849531892	-0.016119241413973626	0.1726256066697274	0.6463353824615922	0.8964656927844011	-0.07290702905132579
4.0	4	2	1	2	ZZ onsite	chi8	-0.41942384575604524	0.16406555611406864	0.39116888029655844	5.4077492430051874	0.8964656927844011	-0.07290702905132579
4.0	4	2	1	2	ZZ onsite	chi32	-0.41942384575604524	0.03881487162966418	0.09254331155086629	17.388492942470915	0.8964656927844011	-0.07290702905132579
4.0	4	2	1	2	ZZ onsite	exact	-0.41942384575604524	0.0	0.0	19.38932904985021	0.8964656927844011	-0.07290702905132579
4.0	4	2	1	2	ZZ onsite	UHF	-0.41942384575604524	0.09435090768811688	0.22495360872494452	10.683103614942608	0.8964656927844011	-0.07290702905132579
4.0	4	2	1	2	ZZ up-up nb	chi8	-0.18038789646074735	0.2641639213991499	1.4644215414787118	0.5054561072376784	0.8964656927844011	-0.07290702905132579
4.0	4	2	1	2	ZZ up-up nb	chi32	-0.18038789646074735	0.06411893537924107	0.3554503192135922	3.0886829144697217	0.8964656927844011	-0.07290702905132579
4.0	4	2	1	2	ZZ up-up nb	exact	-0.18038789646074735	0.0	0.0	4.674294965315859	0.8964656927844011	-0.07290702905132579
4.0	4	2	1	2	ZZ up-up nb	UHF	-0.18038789646074735	0.46753168619873675	2.5918129507124235	0.17551807758381663	0.8964656927844011	-0.07290702905132579
4.0	4	2	1	2	SzSz nb	chi8	-0.04666525688444284	0.041563488267003956	0.8906730840446804	1.064033190749658	0.8964656927844011	-0.07290702905132579
4.0	4	2	1	2	SzSz nb	chi32	-0.04666525688444284	0.008874897151810404	0.1901821128679803	4.128649084331458	0.8964656927844011	-0.07290702905132579
4.0	4	2	1	2	SzSz nb	exact	-0.04666525688444284	0.0	0.0	5.057779712743922	0.8964656927844011	-0.07290702905132579
4.0	4	2	1	2	SzSz nb	UHF	-0.04666525688444284	0.09869198319730202	2.114892101455542	0.26389379038626115	0.8964656927844011	-0.07290702905132579
4.0	4	3	1	3	n	chi8	0.8962881444769571	-0.08440992771653655	0.09417722217646343	1.3831410170334546	0.8962881444769571	-0.07266543128079321
4.0	4	3	1	3	n	chi32	0.8962881444769571	-0.011165137697374816	0.012457085108372604	3.59335973944944	0.8962881444769571	-0.07266543128079321
4.0	4	3	1	3	n	exact	0.8962881444769571	0.0	0.0	3.5753791216220705	0.8962881444769571	-0.07266543128079321
4.0	4	3	1	3	n	UHF	0.8962881444769571	-0.07959148497943647	0.08880122477340512	0.12401009557745758	0.8962881444769571	-0.07266543128079321
4.0	4	3	1	3	Sz	chi8	-0.07266543128079321	-0.0566924387127398	0.7801844386455137	1.3287616383843157	0.8962881444769571	-0.07266543128079321
4.0	4	3	1	3	Sz	chi32	-0.07266543128079321	0.0002762179474238152	0.0038012290377312415	3.0314325284971075	0.8962881444769571	-0.07266543128079321
4.0	4	3	1	3	Sz	exact	-0.07266543128079321	0.0	0.0	3.0271497152942564	0.8962881444769571	-0.07266543128079321
4.0	4	3	1	3	Sz	UHF	-0.07266543128079321	0.28592784309817404	3.9348537269846213	0.13992665596356177	0.8962881444769571	-0.07266543128079321
4.0	4	3	1	3	DoubleOcc	chi8	0.09330213552281875	0.01807172512234277	0.19369036969065942	4.306693750741822	0.8962881444769571	-0.07266543128079321
4.0	4	3	1	3	DoubleOcc	chi32	0.09330213552281875	0.005579673645237829	0.059802207248227636	16.38853183799068	0.8962881444769571	-0.07266543128079321
4.0	4	3	1	3	DoubleOcc	exact	0.09330213552281875	0.0	0.0	18.264821830681914	0.8962881444769571	-0.07266543128079321
4.0	4	3	1	3	DoubleOcc	UHF	0.09330213552281875	-0.016193990844338993	0.17356506100954627	1.3192375366155187	0.8962881444769571	-0.07266543128079321
4.0	4	3	1	3	ZZ onsite	chi8	-0.4193677468626395	0.24110675592244285	0.5749291826236113	2.8387426135969216	0.8962881444769571	-0.07266543128079321
4.0	4	3	1	3	ZZ onsite	chi32	-0.4193677468626395	0.04464896997569995	0.10646734354209733	16.191580029823015	0.8962881444769571	-0.07266543128079321
4.0	4	3	1	3	ZZ onsite	exact	-0.4193677468626395	0.0	0.0	18.940999658587618	0.8962881444769571	-0.07266543128079321
4.0	4	3	1	3	ZZ onsite	UHF	-0.4193677468626395	0.09440700658151674	0.2251174709733674	10.34665505625373	0.8962881444769571	-0.07266543128079321
4.0	4	3	1	3	ZZ up-up nb	chi8	-0.17774564731694115	0.0719101319817983	0.4045676114564661	2.849461814832058	0.8962881444769571	-0.07266543128079321
4.0	4	3	1	3	ZZ up-up nb	chi32	-0.17774564731694115	0.0024116583576466732	0.013568030464039472	3.8051614041394513	0.8962881444769571	-0.07266543128079321
4.0	4	3	1	3	ZZ up-up nb	exact	-0.17774564731694115	0.0	0.0	3.795559137092141	0.8962881444769571	-0.07266543128079321
4.0	4	3	1	3	ZZ up-up nb	UHF	-0.17774564731694115	0.4701739353425119	2.64520646462941	0.20593712576055942	0.8962881444769571	-0.07266543128079321
4.0	4	3	1	3	SzSz nb	chi8	-0.04611591505863517	0.005609567149054744	0.1216405907141239	4.167646363626369	0.8962881444769571	-0.07266543128079321
4.0	4	3	1	3	SzSz nb	chi32	-0.04611591505863517	-0.001532882643482135	0.03323977506535683	4.733471772695403	0.8962881444769571	-0.07266543128079321
4.0	4	3	1	3	SzSz nb	exact	-0.04611591505863517	0.0	0.0	4.857982568282641	0.8962881444769571	-0.07266543128079321
4.0	4	3	1	3	SzSz nb	UHF	-0.04611591505863517	0.09924132502310665	2.1519973071535916	0.2845772146609114	0.8962881444769571	-0.07266543128079321
4.0	4	4	1	4	n	chi8	0.8957412982151044	-0.045347251591872584	0.0506253889177976	2.8998854035282045	0.8957412982151044	-0.07394106566049316
4.0	4	4	1	4	n	chi32	0.8957412982151044	-0.011990245322571647	0.013385835113848122	3.3867249582603782	0.8957412982151044	-0.07394106566049316
4.0	4	4	1	4	n	exact	0.8957412982151044	0.0	0.0	3.4533351053860586	0.8957412982151044	-0.07394106566049316
4.0	4	4	1	4	n	UHF	0.8957412982151044	-0.08013833124127545	0.08946593330123642	0.05492256311157247	0.8957412982151044	-0.07394106566049316
4.0	4	4	1	4	Sz	chi8	-0.07394106566049316	-0.012755921577293716	0.17251471105195643	2.531114488061113	0.8957412982151044	-0.07394106566049316
4.0	4	4	1	4	Sz	chi32	-0.07394106566049316	0.002576633496332137	0.03484712416998389	2.847672446565089	0.8957412982151044	-0.07394106566049316
4.0	4	4	1	4	Sz	exact	-0.07394106566049316	0.0	0.0	2.927188801250232	0.8957412982151044	-0.07394106566049316
4.0	4	4	1	4	Sz	UHF	-0.07394106566049316	-0.4325343400394588	5.84971742259542	0.057835588734704714	0.8957412982151044	-0.07394106566049316
4.0	4	4	1	4	DoubleOcc	chi8	0.09312503165358954	0.025794252589491445	0.27698516855749383	5.914532924074712	0.8957412982151044	-0.07394106566049316
4.0	4	4	1	4	DoubleOcc	chi32	0.09312503165358954	0.003970875492820505	0.0426402592547999	17.644363604727257	0.8957412982151044	-0.07394106566049316
4.0	4	4	1	4	DoubleOcc	exact	0.09312503165358954	0.0	0.0	18.901519063482652	0.8957412982151044	-0.07394106566049316
4.0	4	4	1	4	DoubleOcc	UHF	0.09312503165358954	-0.01637109471356271	0.17579693045861833	0.6078519482140902	0.8957412982151044	-0.07394106566049316
4.0	4	4	1	4	ZZ onsite	chi8	-0.4189824698158501	0.19387151354170917	0.4627198689885975	3.981695014760386	0.8957412982151044	-0.07394106566049316
4.0	4	4	1	4	ZZ onsite	chi32	-0.4189824698158501	0.03986399261642487	0.09514477451513847	15.705265382446743	0.8957412982151044	-0.07394106566049316
4.0	4	4	1	4	ZZ onsite	exact	-0.4189824698158501	0.0	0.0	17.78399412168735	0.8957412982151044	-0.07394106566049316
4.0	4	4	1	4	ZZ onsite	UHF	-0.4189824698158501	0.09479228362830072	0.22624403276338398	9.841821808570113	0.8957412982151044	-0.07394106566049316
4.0	4	4	1	4	ZZ up-up nb	chi8	0.07364142488839977	0.000846339029528631	0.011492703065037368	1.678769710358952	0.8957412982151044	-0.07394106566049316
4.0	4	4	1	4	ZZ up-up nb	chi32	0.07364142488839977	0.002315905741356164	0.03144841025096695	1.6726837217255313	0.8957412982151044	-0.07394106566049316
4.0	4	4	1	4	ZZ up-up nb	exact	0.07364142488839977	0.0	0.0	1.6819776241151319	0.8957412982151044	-0.07394106566049316
4.0	4	4	1	4	ZZ up-up nb	UHF	0.07364142488839977	-0.29511250986575066	4.00742530868978	0.19253358516354868	0.8957412982151044	-0.07394106566049316
4.0	4	4	1	4	SzSz nb	chi8	0.013612743041697814	-0.018579873953398364	1.3648883179889244	0.8446289511353767	0.8957412982151044	-0.07394106566049316
4.0	4	4	1	4	SzSz nb	chi32	0.013612743041697814	-0.002523468639368141	0.1853754700017762	1.3546467660116466	0.8957412982151044	-0.07394106566049316
4.0	4	4	1	4	SzSz nb	exact	0.013612743041697814	0.0	0.0	1.3646777004758763	0.8957412982151044	-0.07394106566049316
4.0	4	4	1	4	SzSz nb	UHF	0.013612743041697814	-0.09282448744211004	6.818940690922845	0.09391740606091917	0.8957412982151044	-0.07394106566049316
4.0	4	5	2	1	n	chi8	0.8928330874708172	-0.016709568550620002	0.01871522100279036	0.2555966356154912	0.8928330874708172	-0.03336702224726665
4.0	4	5	2	1	n	chi32	0.8928330874708172	-0.009405272364954476	0.010534188861209617	2.119422200419987	0.8928330874708172	-0.03336702224726665
4.0	4	5	2	1	n	exact	0.8928330874708172	0.0	0.0	2.155057596828725	0.8928330874708172	-0.03336702224726665
4.0	4	5	2	1	n	UHF	0.8928330874708172	-0.048608493920381135	0.054442979995373356	0.05650315084637497	0.8928330874708172	-0.03336702224726665
4.0	4	5	2	1	Sz	chi8	-0.03336702224726665	-0.15010660194264572	4.498651417866397	0.3177580038699166	0.8928330874708172	-0.03336702224726665
4.0	4	5	2	1	Sz	chi32	-0.03336702224726665	-0.008942587831656496	0.2680067692402205	1.9998035652051898	0.8928330874708172	-0.03336702224726665
4.0	4	5	2	1	Sz	exact	-0.03336702224726665	0.0	0.0	2.0596370897497684	0.8928330874708172	-0.03336702224726665
4.0	4	5	2	1	Sz	UHF	-0.03336702224726665	-0.3328734928548812	9.97612224393651	0.07394381218645768	0.8928330874708172	-0.03336702224726665
4.0	4	5	2	1	DoubleOcc	chi8	0.10829149235819631	0.045924086982343	0.4240784385022571	1.7787549826047262	0.8928330874708172	-0.03336702224726665
4.0	4	5	2	1	DoubleOcc	chi32	0.10829149235819631	0.00585321987385648	0.054050597571374814	11.774833065459967	0.8928330874708172	-0.03336702224726665
4.0	4	5	2	1	DoubleOcc	exact	0.10829149235819631	0.0	0.0	12.629520776878634	0.8928330874708172	-0.03336702224726665
4.0	4	5	2	1	DoubleOcc	UHF	0.10829149235819631	-0.02358244449906395	0.21776821046163242	0.7024589527674553	0.8928330874708172	-0.03336702224726665
4.0	4	5	2	1	ZZ onsite	chi8	-0.3525002055088485	0.2171154850306108	0.6159300948979468	2.4949899916593075	0.8928330874708172	-0.03336702224726665
4.0	4	5	2	1	ZZ onsite	chi32	-0.3525002055088485	0.04222342422533387	0.11978269392604363	10.482903260514329	0.8928330874708172	-0.03336702224726665
4.0	4	5	2	1	ZZ onsite	exact	-0.3525002055088485	0.0	0.0	11.541033139127256	0.8928330874708172	-0.03336702224726665
4.0	4	5	2	1	ZZ onsite	UHF	-0.3525002055088485	0.0028872098445072436	0.008190661450365505	11.56867924944808	0.8928330874708172	-0.03336702224726665
4.0	4	5	2	1	ZZ up-up nb	chi8	-0.12308144665857607	-0.0129108896454488	0.10489712296982655	2.321361468949492	0.8928330874708172	-0.03336702224726665
4.0	4	5	2	1	ZZ up-up nb	chi32	-0.12308144665857607	-0.015843981482189615	0.128727618274916	2.303646388292029	0.8928330874708172	-0.03336702224726665
4.0	4	5	2	1	ZZ up-up nb	exact	-0.12308144665857607	0.0	0.0	2.359041299154595	0.8928330874708172	-0.03336702224726665
4.0	4	5	2	1	ZZ up-up nb	UHF	-0.12308144665857607	0.3484685204247911	2.8312026701427344	0.20083655647445442	0.8928330874708172	-0.03336702224726665
4.0	4	5	2	1	SzSz nb	chi8	-0.038627238892742784	-0.014684969273740623	0.38017134267651753	2.4177328336513906	0.8928330874708172	-0.03336702224726665
4.0	4	5	2	1	SzSz nb	chi32	-0.038627238892742784	-0.007682511000004916	0.1988884326248929	3.278268928458126	0.8928330874708172	-0.03336702224726665
4.0	4	5	2	1	SzSz nb	exact	-0.038627238892742784	0.0	0.0	3.5558379286364286	0.8928330874708172	-0.03336702224726665
4.0	4	5	2	1	SzSz nb	UHF	-0.038627238892742784	0.06559720600933111	1.698211104124644	0.40469449773428956	0.8928330874708172	-0.03336702224726665
4.0	4	6	2	2	n	chi8	0.8921475952379889	-0.04950537932330357	0.055490122472501346	0.9933264256529734	0.8921475952379889	-0.03387857058761353
4.0	4	6	2	2	n	chi32	0.8921475952379889	-0.008639336121828767	0.009683752069660784	2.180032083471309	0.8921475952379889	-0.03387857058761353
4.0	4	6	2	2	n	exact	0.8921475952379889	0.0	0.0	2.4407196918177294	0.8921475952379889	-0.03387857058761353
4.0	4	6	2	2	n	UHF	0.8921475952379889	-0.04929398615315406	0.05525317382041972	0.0989401762311912	0.8921475952379889	-0.03387857058761353
4.0	4	6	2	2	Sz	chi8	-0.03387857058761353	-0.05960091014920284	1.7592510284655796	0.9170862245380991	0.8921475952379889	-0.03387857058761353
4.0	4	6	2	2	Sz	chi32	-0.03387857058761353	-0.017077331676479995	0.5040747404710074	1.9042772176890357	0.8921475952379889	-0.03387857058761353
4.0	4	6	2	2	Sz	exact	-0.03387857058761353	0.0	0.0	2.2209325493018035	0.8921475952379889	-0.03387857058761353
4.0	4	6	2	2	Sz	UHF	-0.03387857058761353	0.2656279000199811	7.840587587160431	0.11434260449046582	0.8921475952379889	-0.03387857058761353
4.0	4	6	2	2	DoubleOcc	chi8	0.10821461926220681	0.028312215715661795	0.26163022989583845	3.2428441740847123	0.8921475952379889	-0.03387857058761353
4.0	4	6	2	2	DoubleOcc	chi32	0.10821461926220681	0.005939271470303736	0.05488418765224991	10.37586410526662	0.8921475952379889	-0.03387857058761353
4.0	4	6	2	2	DoubleOcc	exact	0.10821461926220681	0.0	0.0	11.301110767550695	0.8921475952379889	-0.03387857058761353
4.0	4	6	2	2	DoubleOcc	UHF	0.10821461926220681	-0.023659317595039295	0.21863328408255228	0.9980915592257626	0.8921475952379889	-0.03387857058761353
4.0	4	6	2	2	ZZ onsite	chi8	-0.35143671342714916	0.21225962150925354	0.6039767998036829	2.5113748996038603	0.8921475952379889	-0.03387857058761353
4.0	4	6	2	2	ZZ onsite	chi32	-0.35143671342714916	0.04103575812487226	0.11676571216677605	10.873310844642335	0.8921475952379889	-0.03387857058761353
4.0	4	6	2	2	ZZ onsite	exact	-0.35143671342714916	0.0	0.0	12.20049818199276	0.8921475952379889	-0.03387857058761353
4.0	4	6	2	2	ZZ onsite	UHF	-0.35143671342714916	0.003950701926152378	0.011241574301175953	12.215849101300046	0.8921475952379889	-0.03387857058761353
4.0	4	6	2	2	ZZ up-up nb	chi8	-0.12165750665642956	0.0672649236209567	0.5529040128277343	1.5735917966559938	0.8921475952379889	-0.03387857058761353
4.0	4	6	2	2	ZZ up-up nb	chi32	-0.12165750665642956	-0.006012155992644486	0.04941870138456224	2.2383399927764374	0.8921475952379889	-0.03387857058761353
4.0	4	6	2	2	ZZ up-up nb	exact	-0.12165750665642956	0.0	0.0	2.2396889839346135	0.8921475952379889	-0.03387857058761353
4.0	4	6	2	2	ZZ up-up nb	UHF	-0.12165750665642956	0.34989246042693745	2.8760449728355972	0.1893277485622103	0.8921475952379889	-0.03387857058761353
4.0	4	6	2	2	SzSz nb	chi8	-0.03873045688435944	0.0031894539001032993	0.08235002002755355	2.1567066313270162	0.8921475952379889	-0.03387857058761353
4.0	4	6	2	2	SzSz nb	chi32	-0.03873045688435944	-0.00013225978116995774	0.0034148778973833466	4.275823698678654	0.8921475952379889	-0.03387857058761353
4.0	4	6	2	2	SzSz nb	exact	-0.03873045688435944	0.0	0.0	4.375435043857018	0.8921475952379889	-0.03387857058761353
4.0	4	6	2	2	SzSz nb	UHF	-0.03873045688435944	0.06549398801771443	1.691020279292469	0.3752520889591815	0.8921475952379889	-0.03387857058761353
4.0	4	7	2	3	n	chi8	0.8914824745312435	-0.04289052536269333	0.04811146218577756	1.2416477115734885	0.8914824745312435	-0.03481127591411505
4.0	4	7	2	3	n	chi32	0.8914824745312435	-0.005846162481333184	0.006557798552806317	1.9888230248905476	0.8914824745312435	-0.03481127591411505
4.0	4	7	2	3	n	exact	0.8914824745312435	0.0	0.0	2.1116279458034812	0.8914824745312435	-0.03481127591411505
4.0	4	7	2	3	n	UHF	0.8914824745312435	-0.04995910685995486	0.056040481206570215	0.05533189266890069	0.8914824745312435	-0.03481127591411505
4.0	4	7	2	3	Sz	chi8	-0.03481127591411505	0.03964170370735261	1.1387604351289793	1.2221608840620946	0.8914824745312435	-0.03481127591411505
4.0	4	7	2	3	Sz	chi32	-0.03481127591411505	-0.012703086421258787	0.36491297970804976	1.9927032825547677	0.8914824745312435	-0.03481127591411505
4.0	4	7	2	3	Sz	exact	-0.03481127591411505	0.0	0.0	2.0469584773633978	0.8914824745312435	-0.03481127591411505
4.0	4	7	2	3	Sz	UHF	-0.03481127591411505	-0.3343177465217294	9.60371999424969	0.0720478588502113	0.8914824745312435	-0.03481127591411505
4.0	4	7	2	3	DoubleOcc	chi8	0.10805630523422387	-0.006322424662641282	0.05851046497413302	9.387661848231287	0.8914824745312435	-0.03481127591411505
4.0	4	7	2	3	DoubleOcc	chi32	0.10805630523422387	0.005108560981888902	0.04727684303859489	11.539843500488054	0.8914824745312435	-0.03481127591411505
4.0	4	7	2	3	DoubleOcc	exact	0.10805630523422387	0.0	0.0	12.113434189588656	0.8914824745312435	-0.03481127591411505
4.0	4	7	2	3	DoubleOcc	UHF	0.10805630523422387	-0.02381763162303653	0.2204187119984272	0.6282286404071752	0.8914824745312435	-0.03481127591411505
4.0	4	7	2	3	ZZ onsite	chi8	-0.35073972812559057	0.06049135207481976	0.1724679220061419	10.219454324210005	0.8914824745312435	-0.03481127591411505
4.0	4	7	2	3	ZZ onsite	chi32	-0.35073972812559057	0.0321265688902212	0.09159660658320841	11.671804960943641	0.8914824745312435	-0.03481127591411505
4.0	4	7	2	3	ZZ onsite	exact	-0.35073972812559057	0.0	0.0	11.737100781145376	0.8914824745312435	-0.03481127591411505
4.0	4	7	2	3	ZZ onsite	UHF	-0.35073972812559057	0.0046476872277648185	0.013251100046757764	11.849197724524004	0.8914824745312435	-0.03481127591411505
4.0	4	7	2	3	ZZ up-up nb	chi8	-0.12321022436736183	0.1987288136572226	1.6129246958003716	0.5658641716969907	0.8914824745312435	-0.03481127591411505
4.0	4	7	2	3	ZZ up-up nb	chi32	-0.12321022436736183	0.0243947395667541	0.1979928183071812	2.3574816770945666	0.8914824745312435	-0.03481127591411505
4.0	4	7	2	3	ZZ up-up nb	exact	-0.12321022436736183	0.0	0.0	2.4330757773730185	0.8914824745312435	-0.03481127591411505
4.0	4	7	2	3	ZZ up-up nb	UHF	-0.12321022436736183	0.3483397427159995	2.827198347414698	0.21427946793049904	0.8914824745312435	-0.03481127591411505
4.0	4	7	2	3	SzSz nb	chi8	-0.039103777482500754	0.0517050483341179	1.3222520089588867	0.5867665318830687	0.8914824745312435	-0.03481127591411505
4.0	4	7	2	3	SzSz nb	chi32	-0.039103777482500754	0.005709575160206905	0.14601083393444494	3.1130667799677645	0.8914824745312435	-0.03481127591411505
4.0	4	7	2	3	SzSz nb	exact	-0.039103777482500754	0.0	0.0	3.381260591290036	0.8914824745312435	-0.03481127591411505
4.0	4	7	2	3	SzSz nb	UHF	-0.039103777482500754	0.0651206674195876	1.6653293265268196	0.42307286473275973	0.8914824745312435	-0.03481127591411505
4.0	4	8	2	4	n	chi8	0.8921210105174521	-0.03322769679477133	0.03724572832949922	1.5433049235603544	0.8921210105174521	-0.033957241696711944
4.0	4	8	2	4	n	chi32	0.8921210105174521	-0.01593638377911677	0.0178634777022831	2.039632593810519	0.8921210105174521	-0.033957241696711944
4.0	4	8	2	4	n	exact	0.8921210105174521	0.0	0.0	2.632387777629958	0.8921210105174521	-0.033957241696711944
4.0	4	8	2	4	n	UHF	0.8921210105174521	-0.049320570873804925	0.05528461979075886	0.10982159579140877	0.8921210105174521	-0.033957241696711944
4.0	4	8	2	4	Sz	chi8	-0.033957241696711944	-0.03309783699332673	0.9746915632588489	1.4854221610266372	0.8921210105174521	-0.033957241696711944
4.0	4	8	2	4	Sz	chi32	-0.033957241696711944	-0.019608954248467717	0.5774601607399237	1.766123504674021	0.8921210105174521	-0.033957241696711944
4.0	4	8	2	4	Sz	exact	-0.033957241696711944	0.0	0.0	1.9107943125862141	0.8921210105174521	-0.033957241696711944
4.0	4	8	2	4	Sz	UHF	-0.033957241696711944	0.26554922891092414	7.820105981594998	0.10279922693388704	0.8921210105174521	-0.033957241696711944
4.0	4	8	2	4	DoubleOcc	chi8	0.10803887699539777	0.02642044085311629	0.24454568196077922	4.397415466462041	0.8921210105174521	-0.033957241696711944
4.0	4	8	2	4	DoubleOcc	chi32	0.10803887699539777	0.004012890803457944	0.037143025872333764	10.901978427674818	0.8921210105174521	-0.033957241696711944
4.0	4	8	2	4	DoubleOcc	exact	0.10803887699539777	0.0	0.0	13.696534066935508	0.8921210105174521	-0.033957241696711944
4.0	4	8	2	4	DoubleOcc	UHF	0.10803887699539777	-0.023835059861877173	0.22061558324872718	1.1714672371650292	0.8921210105174521	-0.033957241696711944
4.0	4	8	2	4	ZZ onsite	chi8	-0.3520865130533122	0.17213715700200494	0.48890585302238004	3.6105019073365554	0.8921210105174521	-0.033957241696711944
4.0	4	8	2	4	ZZ onsite	chi32	-0.3520865130533122	0.04792433077206554	0.13611521315162942	11.780577542915811	0.8921210105174521	-0.033957241696711944
4.0	4	8	2	4	ZZ onsite	exact	-0.3520865130533122	0.0	0.0	14.062443226849242	0.8921210105174521	-0.033957241696711944
4.0	4	8	2	4	ZZ onsite	UHF	-0.3520865130533122	0.0033009023001020488	0.009375259141500353	14.087920635125968	0.8921210105174521	-0.033957241696711944
4.0	4	8	2	4	ZZ up-up nb	chi8	0.05202753077127658	0.038219225200760015	0.7345961769506103	1.1067101629118854	0.8921210105174521	-0.033957241696711944
4.0	4	8	2	4	ZZ up-up nb	chi32	0.05202753077127658	0.011094117659389634	0.21323552155803033	1.2628701027767162	0.8921210105174521	-0.033957241696711944
4.0	4	8	2	4	ZZ up-up nb	exact	0.05202753077127658	0.0	0.0	1.288971114523307	0.8921210105174521	-0.033957241696711944
4.0	4	8	2	4	ZZ up-up nb	UHF	0.05202753077127658	-0.3344219202897086	6.42778766034264	0.11938574452255371	0.8921210105174521	-0.033957241696711944
4.0	4	8	2	4	SzSz nb	chi8	0.0053646627822344405	-0.0005542124411693607	0.10330797361666136	0.8145048081448623	0.8921210105174521	-0.033957241696711944
4.0	4	8	2	4	SzSz nb	chi32	0.0053646627822344405	0.001196653220384901	0.22306215114726782	1.061115325061562	0.8921210105174521	-0.033957241696711944
4.0	4	8	2	4	SzSz nb	exact	0.0053646627822344405	0.0	0.0	1.0759157726183177	0.8921210105174521	-0.033957241696711944
4.0	4	8	2	4	SzSz nb	UHF	0.0053646627822344405	-0.0606151956758404	11.29897593499689	0.14330060673767503	0.8921210105174521	-0.033957241696711944
4.0	4	9	3	1	n	chi8	0.8389769222325755	0.11154239739920657	0.13295049535139125	0.8392866030529507	0.8389769222325755	-0.10268173886712831
4.0	4	9	3	1	n	chi32	0.8389769222325755	0.022384997790214856	0.02668130337917619	5.81019371382811	0.8389769222325755	-0.10268173886712831
4.0	4	9	3	1	n	exact	0.8389769222325755	0.0	0.0	8.308349706829588	0.8389769222325755	-0.10268173886712831
4.0	4	9	3	1	n	UHF	0.8389769222325755	-0.0020901457258241107	0.002491303003021929	1.2781758592082169	0.8389769222325755	-0.10268173886712831
4.0	4	9	3	1	Sz	chi8	-0.10268173886712831	0.13480621567556214	1.3128548188106104	0.9170873243006648	0.8389769222325755	-0.10268173886712831
4.0	4	9	3	1	Sz	chi32	-0.10268173886712831	0.02936290850495618	0.2859603745409125	5.229488345335582	0.8389769222325755	-0.10268173886712831
4.0	4	9	3	1	Sz	exact	-0.10268173886712831	0.0	0.0	6.301565270839856	0.8389769222325755	-0.10268173886712831
4.0	4	9	3	1	Sz	UHF	-0.10268173886712831	0.11993578512159295	1.1680342234639367	1.3163388773780096	0.8389769222325755	-0.10268173886712831
4.0	4	9	3	1	DoubleOcc	chi8	0.08941398791559503	0.044993503896076606	0.503204307792977	4.294922944852183	0.8389769222325755	-0.10268173886712831
4.0	4	9	3	1	DoubleOcc	chi32	0.08941398791559503	0.0153616644720459	0.17180381761461078	15.045392800898941	0.8389769222325755	-0.10268173886712831
4.0	4	9	3	1	DoubleOcc	exact	0.08941398791559503	0.0	0.0	17.573109488203222	0.8389769222325755	-0.10268173886712831
4.0	4	9	3	1	DoubleOcc	UHF	0.08941398791559503	-0.037875903298570865	0.42360154357867297	3.4760474092017	0.8389769222325755	-0.10268173886712831
4.0	4	9	3	1	ZZ onsite	chi8	-0.32029789280277016	-0.043110779214109995	0.13459588771211906	9.829139588690916	0.8389769222325755	-0.10268173886712831
4.0	4	9	3	1	ZZ onsite	chi32	-0.32029789280277016	0.016676662307753	0.05206610059723992	12.256031641698616	0.8389769222325755	-0.10268173886712831
4.0	4	9	3	1	ZZ onsite	exact	-0.32029789280277016	0.0	0.0	12.343128343301377	0.8389769222325755	-0.10268173886712831
4.0	4	9	3	1	ZZ onsite	UHF	-0.32029789280277016	-0.14732332174263457	0.45995719938548535	3.5195942076318807	0.8389769222325755	-0.10268173886712831
4.0	4	9	3	1	ZZ up-up nb	chi8	0.004197117377478606	-0.48792919948080743	116.25340813649774	0.04674049021413075	0.8389769222325755	-0.10268173886712831
4.0	4	9	3	1	ZZ up-up nb	chi32	0.004197117377478606	-0.08430238409879232	20.085781863321746	0.6364654920329001	0.8389769222325755	-0.10268173886712831
4.0	4	9	3	1	ZZ up-up nb	exact	0.004197117377478606	0.0	0.0	1.0035958134210252	0.8389769222325755	-0.10268173886712831
4.0	4	9	3	1	ZZ up-up nb	UHF	0.004197117377478606	0.2936082962071919	69.95474984394538	0.11610469182538287	0.8389769222325755	-0.10268173886712831
4.0	4	9	3	1	SzSz nb	chi8	-0.02507706173945584	-0.05316961826642799	2.1202491272241746	0.35763407254766083	0.8389769222325755	-0.10268173886712831
4.0	4	9	3	1	SzSz nb	chi32	-0.02507706173945584	-0.006205545437758	0.2474590325705621	2.3664876609246956	0.8389769222325755	-0.10268173886712831
4.0	4	9	3	1	SzSz nb	exact	-0.02507706173945584	0.0	0.0	2.7139784178891313	0.8389769222325755	-0.10268173886712831
4.0	4	9	3	1	SzSz nb	UHF	-0.02507706173945584	0.03903607621861005	1.5566447386932625	0.5700383702845361	0.8389769222325755	-0.10268173886712831
4.0	4	10	3	2	n	chi8	0.8388244906100635	0.10655363097458981	0.1270273247471531	0.8536820992725672	0.8388244906100635	-0.10309173402518486
4.0	4	10	3	2	n	chi32	0.8388244906100635	0.03201947299559227	0.03817183851213622	4.189623156258331	0.8388244906100635	-0.10309173402518486
4.0	4	10	3	2	n	exact	0.8388244906100635	0.0	0.0	6.326113544751051	0.8388244906100635	-0.10309173402518486
4.0	4	10	3	2	n	UHF	0.8388244906100635	-0.0022425773483367717	0.002673476243767968	0.16175025936151965	0.8388244906100635	-0.10309173402518486
4.0	4	10	3	2	Sz	chi8	-0.10309173402518486	0.1261462455570373	1.2236310384130344	1.0160904009380216	0.8388244906100635	-0.10309173402518486
4.0	4	10	3	2	Sz	chi32	-0.10309173402518486	0.03429990970150683	0.3327125111032424	3.97323916081844	0.8388244906100635	-0.10309173402518486
4.0	4	10	3	2	Sz	exact	-0.10309173402518486	0.0	0.0	5.036819781059388	0.8388244906100635	-0.10309173402518486
4.0	4	10	3	2	Sz	UHF	-0.10309173402518486	-0.3257092580139052	3.159411965408748	0.1996949875290621	0.8388244906100635	-0.10309173402518486
4.0	4	10	3	2	DoubleOcc	chi8	0.08962764981019425	0.03510503922791543	0.39167644473840235	3.5442783687941053	0.8388244906100635	-0.10309173402518486
4.0	4	10	3	2	DoubleOcc	chi32	0.08962764981019425	0.009463512386209821	0.10558697462502739	10.834093638969224	0.8388244906100635	-0.10309173402518486
4.0	4	10	3	2	DoubleOcc	exact	0.08962764981019425	0.0	0.0	13.016304128782515	0.8388244906100635	-0.10309173402518486
4.0	4	10	3	2	DoubleOcc	UHF	0.08962764981019425	-0.03766224140397234	0.42020784304542413	0.7126858201541655	0.8388244906100635	-0.10309173402518486
4.0	4	10	3	2	ZZ onsite	chi8	-0.3191383819793495	-0.0726871050375214	0.22776046111001705	7.417543252252265	0.8388244906100635	-0.10309173402518486
4.0	4	10	3	2	ZZ onsite	chi32	-0.3191383819793495	-0.026184896446345807	0.0820487221998893	10.306237363787172	0.8388244906100635	-0.10309173402518486
4.0	4	10	3	2	ZZ onsite	exact	-0.3191383819793495	0.0	0.0	10.720422354922935	0.8388244906100635	-0.10309173402518486
4.0	4	10	3	2	ZZ onsite	UHF	-0.3191383819793495	-0.14616381091921538	0.4579950866852273	3.6269968909740813	0.8388244906100635	-0.10309173402518486
4.0	4	10	3	2	ZZ up-up nb	chi8	0.004655590277069742	-0.4240795539649638	91.09039428441329	0.05895718969163812	0.8388244906100635	-0.10309173402518486
4.0	4	10	3	2	ZZ up-up nb	chi32	0.004655590277069742	-0.08535034383753545	18.332872688112815	0.6236135031224566	0.8388244906100635	-0.10309173402518486
4.0	4	10	3	2	ZZ up-up nb	exact	0.004655590277069742	0.0	0.0	1.004608322358792	0.8388244906100635	-0.10309173402518486
4.0	4	10	3	2	ZZ up-up nb	UHF	0.004655590277069742	0.294066769106783	63.16422872415449	0.11167923290270412	0.8388244906100635	-0.10309173402518486
4.0	4	10	3	2	SzSz nb	chi8	-0.025116770571972105	-0.03965691938167214	1.5789020036646526	0.3720946333013652	0.8388244906100635	-0.10309173402518486
4.0	4	10	3	2	SzSz nb	chi32	-0.025116770571972105	-0.006034077105262922	0.2402409612323477	2.003694693670458	0.8388244906100635	-0.10309173402518486
4.0	4	10	3	2	SzSz nb	exact	-0.025116770571972105	0.0	0.0	2.3421652791465406	0.8388244906100635	-0.10309173402518486
4.0	4	10	3	2	SzSz nb	UHF	-0.025116770571972105	0.03899636738609376	1.5526027629368062	0.4225824915609747	0.8388244906100635	-0.10309173402518486
4.0	4	11	3	3	n	chi8	0.8386042276549599	0.1048226801686134	0.12499660353696934	1.0379209825519857	0.8386042276549599	-0.10334048663547395
4.0	4	11	3	3	n	chi32	0.8386042276549599	0.03610643134274305	0.04305538912403252	4.507000045583889	0.8386042276549599	-0.10334048663547395
4.0	4	11	3	3	n	exact	0.8386042276549599	0.0	0.0	6.467141927910129	0.8386042276549599	-0.10334048663547395
4.0	4	11	3	3	n	UHF	0.8386042276549599	-0.002462840303439573	0.002936832682475932	1.0916103329819682	0.8386042276549599	-0.10334048663547395
4.0	4	11	3	3	Sz	chi8	-0.10334048663547395	0.11334737891495698	1.0968341896316167	1.1486763747203286	0.8386042276549599	-0.10334048663547395
4.0	4	11	3	3	Sz	chi32	-0.10334048663547395	0.030525655354510753	0.29538911948603247	4.600604037959569	0.8386042276549599	-0.10334048663547395
4.0	4	11	3	3	Sz	exact	-0.10334048663547395	0.0	0.0	6.059292553587989	0.8386042276549599	-0.10334048663547395
4.0	4	11	3	3	Sz	UHF	-0.10334048663547395	0.11927703735324714	1.154214008822972	1.2156920949542984	0.8386042276549599	-0.10334048663547395
4.0	4	11	3	3	DoubleOcc	chi8	0.08958316012445262	0.03063250734483134	0.3419449291839604	3.620256586173877	0.8386042276549599	-0.10334048663547395
4.0	4	11	3	3	DoubleOcc	chi32	0.08958316012445262	0.008336511334805202	0.09305891110811203	10.696662683295123	0.8386042276549599	-0.10334048663547395
4.0	4	11	3	3	DoubleOcc	exact	0.08958316012445262	0.0	0.0	13.182619927655336	0.8386042276549599	-0.10334048663547395
4.0	4	11	3	3	DoubleOcc	UHF	0.08958316012445262	-0.03770673108971333	0.4209131608812368	2.571958942638128	0.8386042276549599	-0.10334048663547395
4.0	4	11	3	3	ZZ onsite	chi8	-0.3188758148121092	-0.087115330957905	0.27319516536315513	6.205102046838706	0.8386042276549599	-0.10334048663547395
4.0	4	11	3	3	ZZ onsite	chi32	-0.3188758148121092	-0.03886681734626629	0.12188700284205542	8.736064334763775	0.8386042276549599	-0.10334048663547395
4.0	4	11	3	3	ZZ onsite	exact	-0.3188758148121092	0.0	0.0	9.180875154591911	0.8386042276549599	-0.10334048663547395
4.0	4	11	3	3	ZZ onsite	UHF	-0.3188758148121092	-0.14590124375197405	0.4575487916446196	3.601890041921694	0.8386042276549599	-0.10334048663547395
4.0	4	11	3	3	ZZ up-up nb	chi8	0.004980933727518017	-0.44280498378926103	88.89999506375872	0.043865492994567906	0.8386042276549599	-0.10334048663547395
4.0	4	11	3	3	ZZ up-up nb	chi32	0.004980933727518017	-0.0905605243196675	18.181435303856876	0.5078429953712615	0.8386042276549599	-0.10334048663547395
4.0	4	11	3	3	ZZ up-up nb	exact	0.004980933727518017	0.0	0.0	0.9988234319815663	0.8386042276549599	-0.10334048663547395
4.0	4	11	3	3	ZZ up-up nb	UHF	0.004980933727518017	0.29439211255722114	59.103800343859575	0.09754136658928358	0.8386042276549599	-0.10334048663547395
4.0	4	11	3	3	SzSz nb	chi8	-0.025049272069001004	-0.06092713358963805	2.4322915820390905	0.341215880020869	0.8386042276549599	-0.10334048663547395
4.0	4	11	3	3	SzSz nb	chi32	-0.025049272069001004	-0.011020004445527939	0.43993312121694045	2.3572826850647313	0.8386042276549599	-0.10334048663547395
4.0	4	11	3	3	SzSz nb	exact	-0.025049272069001004	0.0	0.0	3.1221195709012086	0.8386042276549599	-0.10334048663547395
4.0	4	11	3	3	SzSz nb	UHF	-0.025049272069001004	0.039063865889064055	1.559481081185046	0.5537344454237167	0.8386042276549599	-0.10334048663547395
4.0	4	12	3	4	n	chi8	0.8386108780026981	0.10293206193085613	0.12274114804712201	0.8460195721894178	0.8386108780026981	-0.10359129493159855
4.0	4	12	3	4	n	chi32	0.8386108780026981	0.030748152314278743	0.03666557770811532	4.15174736115932	0.8386108780026981	-0.10359129493159855
4.0	4	12	3	4	n	exact	0.8386108780026981	0.0	0.0	5.765919852041477	0.8386108780026981	-0.10359129493159855
4.0	4	12	3	4	n	UHF	0.8386108780026981	-0.0024561899556981848	0.0029288791978802384	0.17658725640940434	0.8386108780026981	-0.10359129493159855
4.0	4	12	3	4	Sz	chi8	-0.10359129493159855	0.13514402045487908	1.3045885809624722	0.8483892647467283	0.8386108780026981	-0.10359129493159855
4.0	4	12	3	4	Sz	chi32	-0.10359129493159855	0.03467414523339049	0.3347206467134702	4.155294811506168	0.8386108780026981	-0.10359129493159855
4.0	4	12	3	4	Sz	exact	-0.10359129493159855	0.0	0.0	5.721560444143539	0.8386108780026981	-0.10359129493159855
4.0	4	12	3	4	Sz	UHF	-0.10359129493159855	-0.32620881892031717	3.148998370333272	0.17687804998871975	0.8386108780026981	-0.10359129493159855
4.0	4	12	3	4	DoubleOcc	chi8	0.08918415141669486	0.036753509962821757	0.4121080862349459	4.0003999452390735	0.8386108780026981	-0.10359129493159855
4.0	4	12	3	4	DoubleOcc	chi32	0.08918415141669486	0.01845330618804253	0.2069123930082958	12.704700315830538	0.8386108780026981	-0.10359129493159855
4.0	4	12	3	4	DoubleOcc	exact	0.08918415141669486	0.0	0.0	15.299742852666373	0.8386108780026981	-0.10359129493159855
4.0	4	12	3	4	DoubleOcc	UHF	0.08918415141669486	-0.03810573979747084	0.42727030747233885	0.8319783565057749	0.8386108780026981	-0.10359129493159855
4.0	4	12	3	4	ZZ onsite	chi8	-0.32048515033861613	-0.05885008401042818	0.1836281149009517	9.300791708763535	0.8386108780026981	-0.10359129493159855
4.0	4	12	3	4	ZZ onsite	chi32	-0.32048515033861613	0.012316920123612074	0.03843210866587217	13.724899880386374	0.8386108780026981	-0.10359129493159855
4.0	4	12	3	4	ZZ onsite	exact	-0.32048515033861613	0.0	0.0	13.79509897667148	0.8386108780026981	-0.10359129493159855
4.0	4	12	3	4	ZZ onsite	UHF	-0.32048515033861613	-0.1475105792784862	0.4602727431290668	3.633678653199148	0.8386108780026981	-0.10359129493159855
4.0	4	12	3	4	ZZ up-up nb	chi8	0.0749691843123305	0.14015937072164986	1.8695597665532722	0.5156620537719195	0.8386108780026981	-0.10359129493159855
4.0	4	12	3	4	ZZ up-up nb	chi32	0.0749691843123305	0.0005256306950795347	0.007011290037379826	1.718831898293733	0.8386108780026981	-0.10359129493159855
4.0	4	12	3	4	ZZ up-up nb	exact	0.0749691843123305	0.0	0.0	1.7202281854138848	0.8386108780026981	-0.10359129493159855
4.0	4	12	3	4	ZZ up-up nb	UHF	0.0749691843123305	0.11004471265655973	1.467865946067926	0.6949895014626596	0.8386108780026981	-0.10359129493159855
4.0	4	12	3	4	SzSz nb	chi8	0.0077645119750346355	0.0069437372913150105	0.8942915296726085	0.6889130957430997	0.8386108780026981	-0.10359129493159855
4.0	4	12	3	4	SzSz nb	chi32	0.0077645119750346355	-0.0007278535260651668	0.09374105267728948	1.1584385773709265	0.8386108780026981	-0.10359129493159855
4.0	4	12	3	4	SzSz nb	exact	0.0077645119750346355	0.0	0.0	1.1615248714123474	0.8386108780026981	-0.10359129493159855
4.0	4	12	3	4	SzSz nb	UHF	0.0077645119750346355	-0.008319537681944485	1.0714823685885775	0.4260030640441323	0.8386108780026981	-0.10359129493159855
4.0	4	13	4	1	n	chi8	0.8746976489933199	-0.05984411380478438	0.06841691397439827	0.44064280075622714	0.8746976489933199	-0.03865601617238774
4.0	4	13	4	1	n	chi32	0.8746976489933199	-0.01715537914011167	0.0196129247173073	2.166390689398887	0.8746976489933199	-0.03865601617238774
4.0	4	13	4	1	n	exact	0.8746976489933199	0.0	0.0	2.5278692715974853	0.8746976489933199	-0.03865601617238774
4.0	4	13	4	1	n	UHF	0.8746976489933199	0.13308560037700012	0.1521504036625306	0.4296372234511447	0.8746976489933199	-0.03865601617238774
4.0	4	13	4	1	Sz	chi8	-0.03865601617238774	-0.12770939807553355	3.3037392551267937	0.443441415747272	0.8746976489933199	-0.03865601617238774
4.0	4	13	4	1	Sz	chi32	-0.03865601617238774	-0.02114273456074329	0.5469455120894142	1.959835182564544	0.8746976489933199	-0.03865601617238774
4.0	4	13	4	1	Sz	exact	-0.03865601617238774	0.0	0.0	2.1381894340152	0.8746976489933199	-0.03865601617238774
4.0	4	13	4	1	Sz	UHF	-0.03865601617238774	-0.11629141735159157	3.0083652912650463	0.4498371005418962	0.8746976489933199	-0.03865601617238774
4.0	4	13	4	1	DoubleOcc	chi8	0.10276607442931843	0.021249920658505284	0.20677953085695402	2.2318377960849527	0.8746976489933199	-0.03865601617238774
4.0	4	13	4	1	DoubleOcc	chi32	0.10276607442931843	-0.0058822945870191795	0.05723965442569248	11.067621956227065	0.8746976489933199	-0.03865601617238774
4.0	4	13	4	1	DoubleOcc	exact	0.10276607442931843	0.0	0.0	11.698978108695737	0.8746976489933199	-0.03865601617238774
4.0	4	13	4	1	DoubleOcc	UHF	0.10276607442931843	-0.028703777717649342	0.2793118047667719	1.2078741883780302	0.8746976489933199	-0.03865601617238774
4.0	4	13	4	1	ZZ onsite	chi8	-0.338331000269366	0.2046879102435858	0.6049930691560076	2.280160215924179	0.8746976489933199	-0.03865601617238774
4.0	4	13	4	1	ZZ onsite	chi32	-0.338331000269366	0.01078157993214518	0.0318669584624563	10.390448842326126	0.8746976489933199	-0.03865601617238774
4.0	4	13	4	1	ZZ onsite	exact	-0.338331000269366	0.0	0.0	10.53698458244682	0.8746976489933199	-0.03865601617238774
4.0	4	13	4	1	ZZ onsite	UHF	-0.338331000269366	-0.3809863116245974	1.1260756812744646	0.8035884270292196	0.8746976489933199	-0.03865601617238774
4.0	4	13	4	1	ZZ up-up nb	chi8	-0.1472728398669249	0.41647754290760547	2.827931771288805	0.20355348080355712	0.8746976489933199	-0.03865601617238774
4.0	4	13	4	1	ZZ up-up nb	chi32	-0.1472728398669249	0.0595770350657385	0.4045351140072538	2.774924611458241	0.8746976489933199	-0.03865601617238774
4.0	4	13	4	1	ZZ up-up nb	exact	-0.1472728398669249	0.0	0.0	3.356261088607433	0.8746976489933199	-0.03865601617238774
4.0	4	13	4	1	ZZ up-up nb	UHF	-0.1472728398669249	-0.07645321759224732	0.5191263892332769	1.960014404119443	0.8746976489933199	-0.03865601617238774
4.0	4	13	4	1	SzSz nb	chi8	-0.04155357340724413	0.037005652037568525	0.8905528214119184	0.6677849602751005	0.8746976489933199	-0.03865601617238774
4.0	4	13	4	1	SzSz nb	chi32	-0.04155357340724413	0.0025804198941063797	0.06209862792826691	3.983792834307872	0.8746976489933199	-0.03865601617238774
4.0	4	13	4	1	SzSz nb	exact	-0.04155357340724413	0.0	0.0	4.3041247470529855	0.8746976489933199	-0.03865601617238774
4.0	4	13	4	1	SzSz nb	UHF	-0.04155357340724413	-0.021341951187249974	0.5136008635909368	1.8772526072639806	0.8746976489933199	-0.03865601617238774
4.0	4	14	4	2	n	chi8	0.8744525924531459	-0.05915159075935694	0.06764413676608358	0.4241741245913958	0.8744525924531459	-0.039039426823858095
4.0	4	14	4	2	n	chi32	0.8744525924531459	-0.00683924274400638	0.007821170413389601	2.2510611085894063	0.8744525924531459	-0.039039426823858095
4.0	4	14	4	2	n	exact	0.8744525924531459	0.0	0.0	2.845948548276363	0.8744525924531459	-0.039039426823858095
4.0	4	14	4	2	n	UHF	0.8744525924531459	0.13284054383685395	0.15191280234436688	0.9659800816553356	0.8744525924531459	-0.039039426823858095
4.0	4	14	4	2	Sz	chi8	-0.039039426823858095	-0.12603869403378543	3.228497554599332	0.424961576055408	0.8744525924531459	-0.039039426823858095
4.0	4	14	4	2	Sz	chi32	-0.039039426823858095	-0.02341525140664703	0.5997847128313193	2.041311221473631	0.8744525924531459	-0.039039426823858095
4.0	4	14	4	2	Sz	exact	-0.039039426823858095	0.0	0.0	2.284680707602888	0.8744525924531459	-0.039039426823858095
4.0	4	14	4	2	Sz	UHF	-0.039039426823858095	0.03859597435534286	0.9886409072931309	0.8654537713549081	0.8744525924531459	-0.039039426823858095
4.0	4	14	4	2	DoubleOcc	chi8	0.10308618804135278	0.025805212859220467	0.2503265796274159	1.8355680420955143	0.8744525924531459	-0.039039426823858095
4.0	4	14	4	2	DoubleOcc	chi32	0.10308618804135278	0.0017938086023081834	0.017401056692372806	9.662319199760777	0.8744525924531459	-0.039039426823858095
4.0	4	14	4	2	DoubleOcc	exact	0.10308618804135278	0.0	0.0	11.559773736383715	0.8744525924531459	-0.039039426823858095
4.0	4	14	4	2	DoubleOcc	UHF	0.10308618804135278	-0.028383664105605055	0.27533915692196337	1.700996777339579	0.8744525924531459	-0.039039426823858095
4.0	4	14	4	2	ZZ onsite	chi8	-0.33656043274088	0.22152403295559198	0.6581998696387009	1.9009511691294467	0.8744525924531459	-0.039039426823858095
4.0	4	14	4	2	ZZ onsite	chi32	-0.33656043274088	0.020853719897244605	0.061961293926966206	10.181296802630936	0.8744525924531459	-0.039039426823858095
4.0	4	14	4	2	ZZ onsite	exact	-0.33656043274088	0.0	0.0	10.835206325954317	0.8744525924531459	-0.039039426823858095
4.0	4	14	4	2	ZZ onsite	UHF	-0.33656043274088	-0.37921574409612757	1.126738936623867	0.8000221004317853	0.8744525924531459	-0.039039426823858095
4.0	4	14	4	2	ZZ up-up nb	chi8	-0.14588786056457928	0.042642761454305234	0.29229821651561494	2.619589897486674	0.8744525924531459	-0.039039426823858095
4.0	4	14	4	2	ZZ up-up nb	chi32	-0.14588786056457928	0.04343071563341369	0.2976993114117846	2.6055441715239436	0.8744525924531459	-0.039039426823858095
4.0	4	14	4	2	ZZ up-up nb	exact	-0.14588786056457928	0.0	0.0	3.0487747036985264	0.8744525924531459	-0.039039426823858095
4.0	4	14	4	2	ZZ up-up nb	UHF	-0.14588786056457928	-0.07506823828990192	0.514561239018732	1.9671141899945608	0.8744525924531459	-0.039039426823858095
4.0	4	14	4	2	SzSz nb	chi8	-0.04147118056997198	-0.012983411206943875	0.3130706921891866	2.2855114554561062	0.8744525924531459	-0.039039426823858095
4.0	4	14	4	2	SzSz nb	chi32	-0.04147118056997198	0.004904138708388961	0.11825413795767122	5.054310772633392	0.8744525924531459	-0.039039426823858095
4.0	4	14	4	2	SzSz nb	exact	-0.04147118056997198	0.0	0.0	5.547633165154178	0.8744525924531459	-0.039039426823858095
4.0	4	14	4	2	SzSz nb	UHF	-0.04147118056997198	-0.021259558349977836	0.5126345104670407	2.0056295989425688	0.8744525924531459	-0.039039426823858095
4.0	4	15	4	3	n	chi8	0.8746625501358131	0.026320472082194457	0.03009214476841103	1.4411798955960102	0.8746625501358131	-0.0390219770992919
4.0	4	15	4	3	n	chi32	0.8746625501358131	-0.010225734813400389	0.011691062812524201	2.5430433282644564	0.8746625501358131	-0.0390219770992919
4.0	4	15	4	3	n	exact	0.8746625501358131	0.0	0.0	3.045180866384748	0.8746625501358131	-0.0390219770992919
4.0	4	15	4	3	n	UHF	0.8746625501358131	0.13305050151949338	0.15211638076745596	0.38706569786918293	0.8746625501358131	-0.0390219770992919
4.0	4	15	4	3	Sz	chi8	-0.0390219770992919	-0.05087436418014734	1.3037362010309446	1.2949461375253786	0.8746625501358131	-0.0390219770992919
4.0	4	15	4	3	Sz	chi32	-0.0390219770992919	-0.02004456992432639	0.513673868274863	1.9815335267095906	0.8746625501358131	-0.0390219770992919
4.0	4	15	4	3	Sz	exact	-0.0390219770992919	0.0	0.0	2.192304916747552	0.8746625501358131	-0.0390219770992919
4.0	4	15	4	3	Sz	UHF	-0.0390219770992919	-0.11665737827849545	2.9895301814579853	0.40475843004138495	0.8746625501358131	-0.0390219770992919
4.0	4	15	4	3	DoubleOcc	chi8	0.10305850280099547	0.007197852617957107	0.0698423945849093	10.150754514735699	0.8746625501358131	-0.0390219770992919
4.0	4	15	4	3	DoubleOcc	chi32	0.10305850280099547	0.0014006875562551369	0.013591188676201175	13.872125682947477	0.8746625501358131	-0.0390219770992919
4.0	4	15	4	3	DoubleOcc	exact	0.10305850280099547	0.0	0.0	15.357685233277108	0.8746625501358131	-0.0390219770992919
4.0	4	15	4	3	DoubleOcc	UHF	0.10305850280099547	-0.02841134934597224	0.2756817591347524	1.3260566949274766	0.8746625501358131	-0.0390219770992919
4.0	4	15	4	3	ZZ onsite	chi8	-0.3370910890676431	-0.023849533692564595	0.07075100608126363	12.884960577976628	0.8746625501358131	-0.0390219770992919
4.0	4	15	4	3	ZZ onsite	chi32	-0.3370910890676431	0.02605421985182088	0.07729133369821192	13.335223363211206	0.8746625501358131	-0.0390219770992919
4.0	4	15	4	3	ZZ onsite	exact	-0.3370910890676431	0.0	0.0	14.003892255332563	0.8746625501358131	-0.0390219770992919
4.0	4	15	4	3	ZZ onsite	UHF	-0.3370910890676431	-0.3797464004228747	1.1265394213570328	0.802240765649409	0.8746625501358131	-0.0390219770992919
4.0	4	15	4	3	ZZ up-up nb	chi8	-0.14689703513830366	-0.0475420857456932	0.32364224166221117	2.6453956937186973	0.8746625501358131	-0.0390219770992919
4.0	4	15	4	3	ZZ up-up nb	chi32	-0.14689703513830366	0.03309493084382256	0.22529338875126828	2.840813332082629	0.8746625501358131	-0.0390219770992919
4.0	4	15	4	3	ZZ up-up nb	exact	-0.14689703513830366	0.0	0.0	3.217718553157304	0.8746625501358131	-0.0390219770992919
4.0	4	15	4	3	ZZ up-up nb	UHF	-0.14689703513830366	-0.07607741286361297	0.5178961766790326	2.0408713663626084	0.8746625501358131	-0.0390219770992919
4.0	4	15	4	3	SzSz nb	chi8	-0.041840835892070063	0.020969216790886744	0.5011662970830122	1.6876003673693813	0.8746625501358131	-0.0390219770992919
4.0	4	15	4	3	SzSz nb	chi32	-0.041840835892070063	0.004354840988992498	0.10408111826986359	4.964865497648337	0.8746625501358131	-0.0390219770992919
4.0	4	15	4	3	SzSz nb	exact	-0.041840835892070063	0.0	0.0	5.000213264056045	0.8746625501358131	-0.0390219770992919
4.0	4	15	4	3	SzSz nb	UHF	-0.041840835892070063	-0.021629213672073135	0.5169402859891821	2.083684626054534	0.8746625501358131	-0.0390219770992919
4.0	4	16	4	4	n	chi8	0.8747831916400887	0.010037083753197118	0.011473795849208162	2.111349791511097	0.8747831916400887	-0.039278025673504434
4.0	4	16	4	4	n	chi32	0.8747831916400887	-0.006361331134123627	0.007271894561893759	2.2646710022928764	0.8747831916400887	-0.039278025673504434
4.0	4	16	4	4	n	exact	0.8747831916400887	0.0	0.0	2.389747590239003	0.8747831916400887	-0.039278025673504434
4.0	4	16	4	4	n	UHF	0.8747831916400887	0.133171143023741	0.15223331254692363	0.9105617727887466	0.8747831916400887	-0.039278025673504434
4.0	4	16	4	4	Sz	chi8	-0.039278025673504434	-0.030771120199735352	0.7834182006885458	1.8075894490190436	0.8747831916400887	-0.039278025673504434
4.0	4	16	4	4	Sz	chi32	-0.039278025673504434	-0.021974626983347234	0.5594636340942803	1.9494240682432655	0.8747831916400887	-0.039278025673504434
4.0	4	16	4	4	Sz	exact	-0.039278025673504434	0.0	0.0	2.216695489586073	0.8747831916400887	-0.039278025673504434
4.0	4	16	4	4	Sz	UHF	-0.039278025673504434	0.038357375505705234	0.9765606811439039	1.1179980725952974	0.8747831916400887	-0.039278025673504434
4.0	4	16	4	4	DoubleOcc	chi8	0.10270397585146179	0.02234236653252307	0.21754139844436285	7.94708484916921	0.8747831916400887	-0.039278025673504434
4.0	4	16	4	4	DoubleOcc	chi32	0.10270397585146179	0.008450501742517061	0.08228018119511567	9.871940921511232	0.8747831916400887	-0.039278025673504434
4.0	4	16	4	4	DoubleOcc	exact	0.10270397585146179	0.0	0.0	11.737501611210636	0.8747831916400887	-0.039278025673504434
4.0	4	16	4	4	DoubleOcc	UHF	0.10270397585146179	-0.028765876295515413	0.2800853234456939	1.4680822375225482	0.8747831916400887	-0.039278025673504434
4.0	4	16	4	4	ZZ onsite	chi8	-0.3387504798743294	0.06929529862369282	0.20456147737237212	7.100968406478166	0.8747831916400887	-0.039278025673504434
4.0	4	16	4	4	ZZ onsite	chi32	-0.3387504798743294	0.0465246692383145	0.13734200245435624	8.840121478539078	0.8747831916400887	-0.039278025673504434
4.0	4	16	4	4	ZZ onsite	exact	-0.3387504798743294	0.0	0.0	11.860400279669404	0.8747831916400887	-0.039278025673504434
4.0	4	16	4	4	ZZ onsite	UHF	-0.3387504798743294	-0.38140579122954277	1.1259195599399232	0.7964364702896114	0.8747831916400887	-0.039278025673504434
4.0	4	16	4	4	ZZ up-up nb	chi8	0.06445604787107014	-0.05498874304773278	0.8531199920560663	1.2915583843419194	0.8747831916400887	-0.039278025673504434
4.0	4	16	4	4	ZZ up-up nb	chi32	0.06445604787107014	0.011295182620098827	0.17523852288760097	1.4244294167525215	0.8747831916400887	-0.039278025673504434
4.0	4	16	4	4	ZZ up-up nb	exact	0.06445604787107014	0.0	0.0	1.4716025827464636	0.8747831916400887	-0.039278025673504434
4.0	4	16	4	4	ZZ up-up nb	UHF	0.06445604787107014	0.03736572367571751	0.5797085752210446	1.2367423105248148	0.8747831916400887	-0.039278025673504434
4.0	4	16	4	4	SzSz nb	chi8	0.00944766692483238	-0.022075430052201063	2.336601218886929	0.8231175781948344	0.8747831916400887	-0.039278025673504434
4.0	4	16	4	4	SzSz nb	chi32	0.00944766692483238	-0.00046710557042608895	0.04944136728596371	1.3477641690865398	0.8747831916400887	-0.039278025673504434
4.0	4	16	4	4	SzSz nb	exact	0.00944766692483238	0.0	0.0	1.3685049935724107	0.8747831916400887	-0.039278025673504434
4.0	4	16	4	4	SzSz nb	UHF	0.00944766692483238	0.017420563008078316	1.8439010547979697	0.5712774773640239	0.8747831916400887	-0.039278025673504434
4.0	4	17	5	1	n	chi8	0.8742431105699396	0.044922640914229484	0.05138460957952915	0.4565695241700993	0.8742431105699396	-0.03997479361625342
4.0	4	17	5	1	n	chi32	0.8742431105699396	-0.009105181120449113	0.010414930367038559	2.364109195764403	0.8742431105699396	-0.03997479361625342
4.0	4	17	5	1	n	exact	0.8742431105699396	0.0	0.0	2.6128092049213802	0.8742431105699396	-0.03997479361625342
4.0	4	17	5	1	n	UHF	0.8742431105699396	0.1326312168447179	0.1517097649854541	0.39139057346717443	0.8742431105699396	-0.03997479361625342
4.0	4	17	5	1	Sz	chi8	-0.03997479361625342	-0.1199256248563125	3.0000311197992464	0.534982083145707	0.8742431105699396	-0.03997479361625342
4.0	4	17	5	1	Sz	chi32	-0.03997479361625342	-0.01896937225682116	0.47453333815608173	2.1833417680487126	0.8742431105699396	-0.03997479361625342
4.0	4	17	5	1	Sz	exact	-0.03997479361625342	0.0	0.0	2.340213451466775	0.8742431105699396	-0.03997479361625342
4.0	4	17	5	1	Sz	UHF	-0.03997479361625342	-0.11760982083661778	2.9420995131491714	0.44513423670130603	0.8742431105699396	-0.03997479361625342
4.0	4	17	5	1	DoubleOcc	chi8	0.10255673946014529	-0.030940403034501157	0.3016905880332218	2.0915650012269436	0.8742431105699396	-0.03997479361625342
4.0	4	17	5	1	DoubleOcc	chi32	0.10255673946014529	-0.0011340023074131178	0.011057316304929954	12.22374080398359	0.8742431105699396	-0.03997479361625342
4.0	4	17	5	1	DoubleOcc	exact	0.10255673946014529	0.0	0.0	12.996238090221894	0.8742431105699396	-0.03997479361625342
4.0	4	17	5	1	DoubleOcc	UHF	0.10255673946014529	-0.028913113317025396	0.2819230941742386	1.153510103558212	0.8742431105699396	-0.03997479361625342
4.0	4	17	5	1	ZZ onsite	chi8	-0.33825926329929645	-0.21360689396646776	0.631488674938269	2.246465626142786	0.8742431105699396	-0.03997479361625342
4.0	4	17	5	1	ZZ onsite	chi32	-0.33825926329929645	0.013674353011246199	0.040425657165660364	11.889962557457405	0.8742431105699396	-0.03997479361625342
4.0	4	17	5	1	ZZ onsite	exact	-0.33825926329929645	0.0	0.0	12.185194667083502	0.8742431105699396	-0.03997479361625342
4.0	4	17	5	1	ZZ onsite	UHF	-0.33825926329929645	-0.3809148869575357	1.126103342277125	0.8013327147569342	0.8742431105699396	-0.03997479361625342
4.0	4	17	5	1	ZZ up-up nb	chi8	-0.14537143745516434	0.054668600495769826	0.3760614977246186	2.8051130809610205	0.8742431105699396	-0.03997479361625342
4.0	4	17	5	1	ZZ up-up nb	chi32	-0.14537143745516434	0.035339010428356105	0.24309459304380485	3.1811249193672246	0.8742431105699396	-0.03997479361625342
4.0	4	17	5	1	ZZ up-up nb	exact	-0.14537143745516434	0.0	0.0	3.3896784273418916	0.8742431105699396	-0.03997479361625342
4.0	4	17	5	1	ZZ up-up nb	UHF	-0.14537143745516434	-0.07455213769967378	0.5128389662010961	2.0044873881944993	0.8742431105699396	-0.03997479361625342
4.0	4	17	5	1	SzSz nb	chi8	-0.041601942660460155	0.007010664887820019	0.16851772872816306	2.41065078745862	0.8742431105699396	-0.03997479361625342
4.0	4	17	5	1	SzSz nb	chi32	-0.041601942660460155	0.0010923464787266218	0.026257102646430587	4.064437418832464	0.8742431105699396	-0.03997479361625342
4.0	4	17	5	1	SzSz nb	exact	-0.041601942660460155	0.0	0.0	4.181110162671617	0.8742431105699396	-0.03997479361625342
4.0	4	17	5	1	SzSz nb	UHF	-0.041601942660460155	-0.021390379782236693	0.514167810787519	1.930471890764346	0.8742431105699396	-0.03997479361625342
4.0	4	18	5	2	n	chi8	0.8739988322981075	-0.003240470860368938	0.003707637516915656	0.7505307339204833	0.8739988322981075	-0.03998194087269052
4.0	4	18	5	2	n	chi32	0.8739988322981075	-0.013916597741258196	0.015922901984509127	2.3363738634887605	0.8739988322981075	-0.03998194087269052
4.0	4	18	5	2	n	exact	0.8739988322981075	0.0	0.0	2.5611031064091994	0.8739988322981075	-0.03998194087269052
4.0	4	18	5	2	n	UHF	0.8739988322981075	0.13238693857285677	0.15147267213705112	0.9186267182082055	0.8739988322981075	-0.03998194087269052
4.0	4	18	5	2	Sz	chi8	-0.03998194087269052	-0.09822959695608527	2.4568491376860733	0.713769177406629	0.8739988322981075	-0.03998194087269052
4.0	4	18	5	2	Sz	chi32	-0.03998194087269052	-0.020668056608046197	0.5169347999852458	1.972588171521747	0.8739988322981075	-0.03998194087269052
4.0	4	18	5	2	Sz	exact	-0.03998194087269052	0.0	0.0	2.1572062109011423	0.8739988322981075	-0.03998194087269052
4.0	4	18	5	2	Sz	UHF	-0.03998194087269052	0.03765308634767748	0.9417523393266846	1.0188109915111419	0.8739988322981075	-0.03998194087269052
4.0	4	18	5	2	DoubleOcc	chi8	0.10281815699375473	-0.00939653687018778	0.09138985899891723	5.92716278848242	0.8739988322981075	-0.03998194087269052
4.0	4	18	5	2	DoubleOcc	chi32	0.10281815699375473	-0.010981254956153111	0.10680268230075475	12.418950584511537	0.8739988322981075	-0.03998194087269052
4.0	4	18	5	2	DoubleOcc	exact	0.10281815699375473	0.0	0.0	12.70420598999854	0.8739988322981075	-0.03998194087269052
4.0	4	18	5	2	DoubleOcc	UHF	0.10281815699375473	-0.02865169578342612	0.27866377516537716	1.4730576132670354	0.8739988322981075	-0.03998194087269052
4.0	4	18	5	2	ZZ onsite	chi8	-0.3367250366211941	-0.03110520576001724	0.09237568454112219	12.795393925389797	0.8739988322981075	-0.03998194087269052
4.0	4	18	5	2	ZZ onsite	chi32	-0.3367250366211941	-0.016091824342096495	0.04778921253841701	13.426028680195826	0.8739988322981075	-0.03998194087269052
4.0	4	18	5	2	ZZ onsite	exact	-0.3367250366211941	0.0	0.0	13.355659778500863	0.8739988322981075	-0.03998194087269052
4.0	4	18	5	2	ZZ onsite	UHF	-0.3367250366211941	-0.37938066027941614	1.126677909329945	0.7954884875423336	0.8739988322981075	-0.03998194087269052
4.0	4	18	5	2	ZZ up-up nb	chi8	-0.14467286196154275	0.11964032685504564	0.8269714529242442	1.280119444713856	0.8739988322981075	-0.03998194087269052
4.0	4	18	5	2	ZZ up-up nb	chi32	-0.14467286196154275	0.04623317783482256	0.3195704930971253	2.490330293166267	0.8739988322981075	-0.03998194087269052
4.0	4	18	5	2	ZZ up-up nb	exact	-0.14467286196154275	0.0	0.0	2.9736572968557358	0.8739988322981075	-0.03998194087269052
4.0	4	18	5	2	ZZ up-up nb	UHF	-0.14467286196154275	-0.07385356220605208	0.5104866331163338	1.9579504573983146	0.8739988322981075	-0.03998194087269052
4.0	4	18	5	2	SzSz nb	chi8	-0.041362719294427835	0.01602519429195655	0.3874308692783498	2.558226840383783	0.8739988322981075	-0.03998194087269052
4.0	4	18	5	2	SzSz nb	chi32	-0.041362719294427835	0.004340942890470392	0.10494819887374235	4.468503616399659	0.8739988322981075	-0.03998194087269052
4.0	4	18	5	2	SzSz nb	exact	-0.041362719294427835	0.0	0.0	4.990381230849514	0.8739988322981075	-0.03998194087269052
4.0	4	18	5	2	SzSz nb	UHF	-0.041362719294427835	-0.02115115641620436	0.5113579759020759	2.0481724748516936	0.8739988322981075	-0.03998194087269052
4.0	4	19	5	3	n	chi8	0.8736989046881293	-0.00849790992438848	0.009726359823493022	1.117573190130563	0.8736989046881293	-0.0398625714152018
4.0	4	19	5	3	n	chi32	0.8736989046881293	-0.012042454559613947	0.013783300511189898	2.36963162515718	0.8736989046881293	-0.0398625714152018
4.0	4	19	5	3	n	exact	0.8736989046881293	0.0	0.0	2.779381612131434	0.8736989046881293	-0.0398625714152018
4.0	4	19	5	3	n	UHF	0.8736989046881293	0.13208701096290776	0.15118138554844224	0.4220043536142594	0.8736989046881293	-0.0398625714152018
4.0	4	19	5	3	Sz	chi8	-0.0398625714152018	-0.06867995741294994	1.7229183912294848	1.0368460389684087	0.8736989046881293	-0.0398625714152018
4.0	4	19	5	3	Sz	chi32	-0.0398625714152018	-0.020835217935674347	0.5226762147042207	2.006029573475628	0.8736989046881293	-0.0398625714152018
4.0	4	19	5	3	Sz	exact	-0.0398625714152018	0.0	0.0	2.240444468968053	0.8736989046881293	-0.0398625714152018
4.0	4	19	5	3	Sz	UHF	-0.0398625714152018	-0.11749759863556619	2.947566964803426	0.4039361917822648	0.8736989046881293	-0.0398625714152018
4.0	4	19	5	3	DoubleOcc	chi8	0.10279042064420167	-0.020400547247406794	0.19846739724921608	6.119943931121667	0.8736989046881293	-0.0398625714152018
4.0	4	19	5	3	DoubleOcc	chi32	0.10279042064420167	-0.009574041951209436	0.09314138312896865	10.453405427000485	0.8736989046881293	-0.0398625714152018
4.0	4	19	5	3	DoubleOcc	exact	0.10279042064420167	0.0	0.0	11.573076736476837	0.8736989046881293	-0.0398625714152018
4.0	4	19	5	3	DoubleOcc	UHF	0.10279042064420167	-0.028679432132968932	0.2790088021162964	1.2565830700017837	0.8736989046881293	-0.0398625714152018
4.0	4	19	5	3	ZZ onsite	chi8	-0.3362361267994502	-0.06460636914085499	0.19214582845641034	8.555410079032471	0.8736989046881293	-0.0398625714152018
4.0	4	19	5	3	ZZ onsite	chi32	-0.3362361267994502	-0.014211258685610961	0.04226571017482408	12.062630676224392	0.8736989046881293	-0.0398625714152018
4.0	4	19	5	3	ZZ onsite	exact	-0.3362361267994502	0.0	0.0	12.39710400537963	0.8736989046881293	-0.0398625714152018
4.0	4	19	5	3	ZZ onsite	UHF	-0.3362361267994502	-0.37889175045768947	1.1268621074846055	0.8025974946089943	0.8736989046881293	-0.0398625714152018
4.0	4	19	5	3	ZZ up-up nb	chi8	-0.14484134096417128	0.1616321134903464	1.11592527668139	0.7899687030903467	0.8736989046881293	-0.0398625714152018
4.0	4	19	5	3	ZZ up-up nb	chi32	-0.14484134096417128	0.045600370251561245	0.31482979892350754	2.21480549129501	0.8736989046881293	-0.0398625714152018
4.0	4	19	5	3	ZZ up-up nb	exact	-0.14484134096417128	0.0	0.0	2.706240789364966	0.8736989046881293	-0.0398625714152018
4.0	4	19	5	3	ZZ up-up nb	UHF	-0.14484134096417128	-0.07402204120869299	0.5110560335602214	1.9141879572843457	0.8736989046881293	-0.0398625714152018
4.0	4	19	5	3	SzSz nb	chi8	-0.041344220525896036	0.01086539422739076	0.2628032186647514	1.6751930594697342	0.8736989046881293	-0.0398625714152018
4.0	4	19	5	3	SzSz nb	chi32	-0.041344220525896036	0.0028222858230240316	0.0682631281258837	3.300635063136432	0.8736989046881293	-0.0398625714152018
4.0	4	19	5	3	SzSz nb	exact	-0.041344220525896036	0.0	0.0	3.6025347463233173	0.8736989046881293	-0.0398625714152018
4.0	4	19	5	3	SzSz nb	UHF	-0.041344220525896036	-0.021132657647675423	0.5111393413364497	1.727261464495517	0.8736989046881293	-0.0398625714152018
4.0	4	20	5	4	n	chi8	0.8737707254179178	0.032059854792319764	0.03669138122816576	1.219739353536089	0.8737707254179178	-0.03987626770323974
4.0	4	20	5	4	n	chi32	0.8737707254179178	-0.0007698114937697564	0.0008810222995300758	2.3294133568931357	0.8737707254179178	-0.03987626770323974
4.0	4	20	5	4	n	exact	0.8737707254179178	0.0	0.0	2.515007304042338	0.8737707254179178	-0.03987626770323974
4.0	4	20	5	4	n	UHF	0.8737707254179178	0.13215883169272524	0.1512511553068051	0.9411418182536461	0.8737707254179178	-0.03987626770323974
4.0	4	20	5	4	Sz	chi8	-0.03987626770323974	-0.05742375776047283	1.440048456586308	1.3000229208871137	0.8737707254179178	-0.03987626770323974
4.0	4	20	5	4	Sz	chi32	-0.03987626770323974	-0.017621406396843578	0.44190209896228405	2.28417920686586	0.8737707254179178	-0.03987626770323974
4.0	4	20	5	4	Sz	exact	-0.03987626770323974	0.0	0.0	2.4527569498484776	0.8737707254179178	-0.03987626770323974
4.0	4	20	5	4	Sz	UHF	-0.03987626770323974	0.03775875951711874	0.9468980346435742	1.0105513956316798	0.8737707254179178	-0.03987626770323974
4.0	4	20	5	4	DoubleOcc	chi8	0.10245572236837124	0.03521033008889492	0.3436638703526879	7.4848040249227905	0.8737707254179178	-0.03987626770323974
4.0	4	20	5	4	DoubleOcc	chi32	0.10245572236837124	0.006742984532914886	0.06581364492918251	15.572157330631667	0.8737707254179178	-0.03987626770323974
4.0	4	20	5	4	DoubleOcc	exact	0.10245572236837124	0.0	0.0	16.999815068350955	0.8737707254179178	-0.03987626770323974
4.0	4	20	5	4	DoubleOcc	UHF	0.10245572236837124	-0.029014130408789543	0.28318701716309796	1.431015889053658	0.8737707254179178	-0.03987626770323974
4.0	4	20	5	4	ZZ onsite	chi8	-0.33771856136234873	0.07672161077093514	0.22717617433120044	9.522813007366498	0.8737707254179178	-0.03987626770323974
4.0	4	20	5	4	ZZ onsite	chi32	-0.33771856136234873	0.02851156111919806	0.0844240275221566	14.050261508510694	0.8737707254179178	-0.03987626770323974
4.0	4	20	5	4	ZZ onsite	exact	-0.33771856136234873	0.0	0.0	14.651579796391838	0.8737707254179178	-0.03987626770323974
4.0	4	20	5	4	ZZ onsite	UHF	-0.33771856136234873	-0.38037418502060677	1.1263052391499782	0.80356575199899	0.8737707254179178	-0.03987626770323974
4.0	4	20	5	4	ZZ up-up nb	chi8	0.07590626190149144	-0.028933642912601434	0.3811759687250906	1.4866978364026486	0.8737707254179178	-0.03987626770323974
4.0	4	20	5	4	ZZ up-up nb	chi32	0.07590626190149144	-0.0015101451985345404	0.019894869813169767	1.5597029583411706	0.8737707254179178	-0.03987626770323974
4.0	4	20	5	4	ZZ up-up nb	exact	0.07590626190149144	0.0	0.0	1.558058735616238	0.8737707254179178	-0.03987626770323974
4.0	4	20	5	4	ZZ up-up nb	UHF	0.07590626190149144	-0.16038229591803244	2.1128994090918494	0.5061836927429342	0.8737707254179178	-0.03987626770323974
4.0	4	20	5	4	SzSz nb	chi8	0.007810824879907209	-0.002112864369402846	0.2705046396364664	0.9241645239090964	0.8737707254179178	-0.03987626770323974
4.0	4	20	5	4	SzSz nb	chi32	0.007810824879907209	-0.00011016955607487215	0.014104727447964618	1.1754242091912621	0.8737707254179178	-0.03987626770323974
4.0	4	20	5	4	SzSz nb	exact	0.007810824879907209	0.0	0.0	1.1721467127385738	0.8737707254179178	-0.03987626770323974
4.0	4	20	5	4	SzSz nb	UHF	0.007810824879907209	-0.008273118941790026	1.059186330380039	0.7060179816453235	0.8737707254179178	-0.03987626770323974
4.0	4	21	6	1	n	chi8	0.8380029676127209	0.15760759080585096	0.18807521798501384	0.5969071238557548	0.8380029676127209	-0.10341054306307701
4.0	4	21	6	1	n	chi32	0.8380029676127209	0.03155874308213946	0.03765946458643591	3.790204050907584	0.8380029676127209	-0.10341054306307701
4.0	4	21	6	1	n	exact	0.8380029676127209	0.0	0.0	5.800365785708593	0.8380029676127209	-0.10341054306307701
4.0	4	21	6	1	n	UHF	0.8380029676127209	-0.003063822185482956	0.003656099445818296	1.0005878893456477	0.8380029676127209	-0.10341054306307701
4.0	4	21	6	1	Sz	chi8	-0.10341054306307701	0.15265396301271827	1.4761934179148872	0.5410179990323111	0.8380029676127209	-0.10341054306307701
4.0	4	21	6	1	Sz	chi32	-0.10341054306307701	0.03730997858696408	0.360794726357894	2.796863185016038	0.8380029676127209	-0.10341054306307701
4.0	4	21	6	1	Sz	exact	-0.10341054306307701	0.0	0.0	4.119217781710948	0.8380029676127209	-0.10341054306307701
4.0	4	21	6	1	Sz	UHF	-0.10341054306307701	0.11920672127014559	1.152752105725172	0.9251341446945048	0.8380029676127209	-0.10341054306307701
4.0	4	21	6	1	DoubleOcc	chi8	0.08909214176248838	0.08183535843885056	0.918547436619228	2.4058541733018415	0.8380029676127209	-0.10341054306307701
4.0	4	21	6	1	DoubleOcc	chi32	0.08909214176248838	0.014836708679736868	0.16653218102321748	9.944752840709072	0.8380029676127209	-0.10341054306307701
4.0	4	21	6	1	DoubleOcc	exact	0.08909214176248838	0.0	0.0	13.29401252222813	0.8380029676127209	-0.10341054306307701
4.0	4	21	6	1	DoubleOcc	UHF	0.08909214176248838	-0.0381977480836677	0.42874430143905906	2.348316413943758	0.8380029676127209	-0.10341054306307701
4.0	4	21	6	1	ZZ onsite	chi8	-0.31963736817548666	0.012126252143694949	0.037937529685319576	10.34779212804227	0.8380029676127209	-0.10341054306307701
4.0	4	21	6	1	ZZ onsite	chi32	-0.31963736817548666	-0.003770651445331563	0.01179665402344762	10.477034921039866	0.8380029676127209	-0.10341054306307701
4.0	4	21	6	1	ZZ onsite	exact	-0.31963736817548666	0.0	0.0	10.490471374498103	0.8380029676127209	-0.10341054306307701
4.0	4	21	6	1	ZZ onsite	UHF	-0.31963736817548666	-0.14666334796370334	0.4588429344193027	3.499997833100309	0.8380029676127209	-0.10341054306307701
4.0	4	21	6	1	ZZ up-up nb	chi8	0.0047881356173522585	-0.6670932864199155	139.3221369926035	0.0283731086085083	0.8380029676127209	-0.10341054306307701
4.0	4	21	6	1	ZZ up-up nb	chi32	0.0047881356173522585	-0.09187752797480056	19.188580967054346	0.5622911290739263	0.8380029676127209	-0.10341054306307701
4.0	4	21	6	1	ZZ up-up nb	exact	0.0047881356173522585	0.0	0.0	0.9942958527733923	0.8380029676127209	-0.10341054306307701
4.0	4	21	6	1	ZZ up-up nb	UHF	0.0047881356173522585	0.2941987604411702	61.443280632025235	0.14274211746366225	0.8380029676127209	-0.10341054306307701
4.0	4	21	6	1	SzSz nb	chi8	-0.025136095715923876	-0.08354752906282428	3.3238069271790844	0.20391393541742997	0.8380029676127209	-0.10341054306307701
4.0	4	21	6	1	SzSz nb	chi32	-0.025136095715923876	-0.012643427705308298	0.5029988685672694	2.0290740006488073	0.8380029676127209	-0.10341054306307701
4.0	4	21	6	1	SzSz nb	exact	-0.025136095715923876	0.0	0.0	2.958069770475794	0.8380029676127209	-0.10341054306307701
4.0	4	21	6	1	SzSz nb	UHF	-0.025136095715923876	0.038976926239788684	1.5506356548084177	0.8218721237116626	0.8380029676127209	-0.10341054306307701
4.0	4	22	6	2	n	chi8	0.838000868073934	0.11426266360063242	0.13635148596355798	0.473611791630684	0.838000868073934	-0.10297715472936225
4.0	4	22	6	2	n	chi32	0.838000868073934	0.03579586327430162	0.04271578304754628	3.5432239898245275	0.838000868073934	-0.10297715472936225
4.0	4	22	6	2	n	exact	0.838000868073934	0.0	0.0	6.024895164406095	0.838000868073934	-0.10297715472936225
4.0	4	22	6	2	n	UHF	0.838000868073934	-0.0030659217242663406	0.0036586140194735987	0.18014262046725737	0.838000868073934	-0.10297715472936225
4.0	4	22	6	2	Sz	chi8	-0.10297715472936225	0.17665722972514858	1.7154992307704309	0.5096935032243101	0.838000868073934	-0.10297715472936225
4.0	4	22	6	2	Sz	chi32	-0.10297715472936225	0.03699501311593223	0.359254566832421	3.3392325856486256	0.838000868073934	-0.10297715472936225
4.0	4	22	6	2	Sz	exact	-0.10297715472936225	0.0	0.0	4.926417178673059	0.838000868073934	-0.10297715472936225
4.0	4	22	6	2	Sz	UHF	-0.10297715472936225	-0.3255944190625841	3.1618121506492365	0.18695540332035365	0.838000868073934	-0.10297715472936225
4.0	4	22	6	2	DoubleOcc	chi8	0.08947097069289654	0.057717437151422954	0.6450968029567312	2.227838534077308	0.838000868073934	-0.10297715472936225
4.0	4	22	6	2	DoubleOcc	chi32	0.08947097069289654	0.021602589383556012	0.24144802740215635	10.619930273948528	0.838000868073934	-0.10297715472936225
4.0	4	22	6	2	DoubleOcc	exact	0.08947097069289654	0.0	0.0	15.287720149607585	0.838000868073934	-0.10297715472936225
4.0	4	22	6	2	DoubleOcc	UHF	0.08947097069289654	-0.03781891915325848	0.42269485689464054	0.8279768824470786	0.838000868073934	-0.10297715472936225
4.0	4	22	6	2	ZZ onsite	chi8	-0.3181178533762807	0.0023444214044216483	0.007369663096678156	12.112252297218937	0.838000868073934	-0.10297715472936225
4.0	4	22	6	2	ZZ onsite	chi32	-0.3181178533762807	0.014818630985620695	0.046582204765768714	11.656878475272965	0.838000868073934	-0.10297715472936225
4.0	4	22	6	2	ZZ onsite	exact	-0.3181178533762807	0.0	0.0	12.153535363894996	0.838000868073934	-0.10297715472936225
4.0	4	22	6	2	ZZ onsite	UHF	-0.3181178533762807	-0.1451438331644998	0.4562580553843318	3.764810899033818	0.838000868073934	-0.10297715472936225
4.0	4	22	6	2	ZZ up-up nb	chi8	0.004453730561833267	-0.5664001003881007	127.17430758877256	0.029530012239806135	0.838000868073934	-0.10297715472936225
4.0	4	22	6	2	ZZ up-up nb	chi32	0.004453730561833267	-0.09866617833642982	22.153602910324317	0.4959105105247811	0.838000868073934	-0.10297715472936225
4.0	4	22	6	2	ZZ up-up nb	exact	0.004453730561833267	0.0	0.0	1.0009240233621528	0.838000868073934	-0.10297715472936225
4.0	4	22	6	2	ZZ up-up nb	UHF	0.004453730561833267	0.2938643553856516	65.98161952228418	0.10271740108185894	0.838000868073934	-0.10297715472936225
4.0	4	22	6	2	SzSz nb	chi8	-0.025142634346340287	-0.0694094929772971	2.7606292968819397	0.23536591200176368	0.838000868073934	-0.10297715472936225
4.0	4	22	6	2	SzSz nb	chi32	-0.025142634346340287	-0.008066245172328283	0.32081941220699456	2.2258040834164476	0.838000868073934	-0.10297715472936225
4.0	4	22	6	2	SzSz nb	exact	-0.025142634346340287	0.0	0.0	2.6578082608515383	0.838000868073934	-0.10297715472936225
4.0	4	22	6	2	SzSz nb	UHF	-0.025142634346340287	0.038970387609372326	1.5499723327537784	0.5825579673400837	0.838000868073934	-0.10297715472936225
4.0	4	23	6	3	n	chi8	0.8381800014404508	0.08075203353901594	0.0963421143432674	0.7760978426311301	0.8381800014404508	-0.10289058808472554
4.0	4	23	6	3	n	chi32	0.8381800014404508	0.029318818576615113	0.03497914353268913	4.34991270855617	0.8381800014404508	-0.10289058808472554
4.0	4	23	6	3	n	exact	0.8381800014404508	0.0	0.0	6.1347354129765925	0.8381800014404508	-0.10289058808472554
4.0	4	23	6	3	n	UHF	0.8381800014404508	-0.002886788357753023	0.003444115050218264	1.0780542187681819	0.8381800014404508	-0.10289058808472554
4.0	4	23	6	3	Sz	chi8	-0.10289058808472554	0.13911389786733347	1.3520565919283087	0.8381958128697106	0.8381800014404508	-0.10289058808472554
4.0	4	23	6	3	Sz	chi32	-0.10289058808472554	0.029774274147938484	0.2893780150563507	4.075129496109328	0.8381800014404508	-0.10289058808472554
4.0	4	23	6	3	Sz	exact	-0.10289058808472554	0.0	0.0	5.178006133023848	0.8381800014404508	-0.10289058808472554
4.0	4	23	6	3	Sz	UHF	-0.10289058808472554	0.11972667624849717	1.1636309839137853	1.1155975170282126	0.8381800014404508	-0.10289058808472554
4.0	4	23	6	3	DoubleOcc	chi8	0.08950909587757616	0.057436833534427384	0.6416871153852921	2.814262031480951	0.8381800014404508	-0.10289058808472554
4.0	4	23	6	3	DoubleOcc	chi32	0.08950909587757616	0.019254085089333614	0.21510758097331148	11.474339553005118	0.8381800014404508	-0.10289058808472554
4.0	4	23	6	3	DoubleOcc	exact	0.08950909587757616	0.0	0.0	15.113802994935586	0.8381800014404508	-0.10289058808472554
4.0	4	23	6	3	DoubleOcc	UHF	0.08950909587757616	-0.03778079396857989	0.42208887932745554	3.2429150581049044	0.8381800014404508	-0.10289058808472554
4.0	4	23	6	3	ZZ onsite	chi8	-0.3183236193705955	0.06824326705967187	0.21438329708177384	6.544898748609259	0.8381800014404508	-0.10289058808472554
4.0	4	23	6	3	ZZ onsite	chi32	-0.3183236193705955	0.018378703204103897	0.05773590800595676	9.979209048276049	0.8381800014404508	-0.10289058808472554
4.0	4	23	6	3	ZZ onsite	exact	-0.3183236193705955	0.0	0.0	10.761967887497228	0.8381800014404508	-0.10289058808472554
4.0	4	23	6	3	ZZ onsite	UHF	-0.3183236193705955	-0.14534959915881207	0.4566095329218867	3.7776977960542837	0.8381800014404508	-0.10289058808472554
4.0	4	23	6	3	ZZ up-up nb	chi8	0.004395025627598951	-0.4292107986404393	97.65831533385658	0.05695449377804726	0.8381800014404508	-0.10289058808472554
4.0	4	23	6	3	ZZ up-up nb	chi32	0.004395025627598951	-0.09302610166911444	21.16622508067958	0.5403242394799284	0.8381800014404508	-0.10289058808472554
4.0	4	23	6	3	ZZ up-up nb	exact	0.004395025627598951	0.0	0.0	0.9974469074946334	0.8381800014404508	-0.10289058808472554
4.0	4	23	6	3	ZZ up-up nb	UHF	0.004395025627598951	0.2938056504514328	66.84958754425783	0.12075613867144411	0.8381800014404508	-0.10289058808472554
4.0	4	23	6	3	SzSz nb	chi8	-0.0251685751609226	-0.03386558734492913	1.3455504385289851	0.4879228367975161	0.8381800014404508	-0.10289058808472554
4.0	4	23	6	3	SzSz nb	chi32	-0.0251685751609226	-0.0064513797099538285	0.2563267753023386	2.4108881612020703	0.8381800014404508	-0.10289058808472554
4.0	4	23	6	3	SzSz nb	exact	-0.0251685751609226	0.0	0.0	2.78526506233619	0.8381800014404508	-0.10289058808472554
4.0	4	23	6	3	SzSz nb	UHF	-0.0251685751609226	0.038944446794791386	1.5473441204275071	0.5210612361987375	0.8381800014404508	-0.10289058808472554
4.0	4	24	6	4	n	chi8	0.8384627506443426	0.06884057210662553	0.08210331592396068	1.0597616658737772	0.8384627506443426	-0.10242873714945781
4.0	4	24	6	4	n	chi32	0.8384627506443426	0.02126011443332243	0.02535606312502784	4.5773557099684385	0.8384627506443426	-0.10242873714945781
4.0	4	24	6	4	n	exact	0.8384627506443426	0.0	0.0	6.215332820488004	0.8384627506443426	-0.10242873714945781
4.0	4	24	6	4	n	UHF	0.8384627506443426	-0.002604039153865867	0.0031057302806412244	0.18792418128585262	0.8384627506443426	-0.10242873714945781
4.0	4	24	6	4	Sz	chi8	-0.10242873714945781	0.12438578840531071	1.2143641703188677	1.202222544422965	0.8384627506443426	-0.10242873714945781
4.0	4	24	6	4	Sz	chi32	-0.10242873714945781	0.0350953090076226	0.3426314722245736	4.50507496303982	0.8384627506443426	-0.10242873714945781
4.0	4	24	6	4	Sz	exact	-0.10242873714945781	0.0	0.0	5.567576267069999	0.8384627506443426	-0.10242873714945781
4.0	4	24	6	4	Sz	UHF	-0.10242873714945781	-0.32504600148268353	3.1733867909393054	0.21759891430138414	0.8384627506443426	-0.10242873714945781
4.0	4	24	6	4	DoubleOcc	chi8	0.08927624352175088	0.0586067081251896	0.6564647638978102	3.1423116482104425	0.8384627506443426	-0.10242873714945781
4.0	4	24	6	4	DoubleOcc	chi32	0.08927624352175088	0.01918809029086334	0.21492940936956464	10.589303611744775	0.8384627506443426	-0.10242873714945781
4.0	4	24	6	4	DoubleOcc	exact	0.08927624352175088	0.0	0.0	13.508992347227357	0.8384627506443426	-0.10242873714945781
4.0	4	24	6	4	DoubleOcc	UHF	0.08927624352175088	-0.038013646324405834	0.42579800431616893	0.7609671678232235	0.8384627506443426	-0.10242873714945781
4.0	4	24	6	4	ZZ onsite	chi8	-0.3198205272016798	0.0967456882875029	0.3024999337409471	5.721618974106913	0.8384627506443426	-0.10242873714945781
4.0	4	24	6	4	ZZ onsite	chi32	-0.3198205272016798	0.034232132296807716	0.10703544452361193	9.341698333572479	0.8384627506443426	-0.10242873714945781
4.0	4	24	6	4	ZZ onsite	exact	-0.3198205272016798	0.0	0.0	10.139544990793947	0.8384627506443426	-0.10242873714945781
4.0	4	24	6	4	ZZ onsite	UHF	-0.3198205272016798	-0.14684650698988938	0.45915285136556455	3.4171390892523683	0.8384627506443426	-0.10242873714945781
4.0	4	24	6	4	ZZ up-up nb	chi8	0.052210832555841996	0.23357953681538476	4.4737753715296575	0.2003947520877153	0.8384627506443426	-0.10242873714945781
4.0	4	24	6	4	ZZ up-up nb	chi32	0.052210832555841996	0.013752868345280701	0.2634102478747365	1.2413160424820335	0.8384627506443426	-0.10242873714945781
4.0	4	24	6	4	ZZ up-up nb	exact	0.052210832555841996	0.0	0.0	1.2635404708502505	0.8384627506443426	-0.10242873714945781
4.0	4	24	6	4	ZZ up-up nb	UHF	0.052210832555841996	-0.10222752579727659	1.9579754007549934	0.6249817152473395	0.8384627506443426	-0.10242873714945781
4.0	4	24	6	4	SzSz nb	chi8	0.005385792631362285	0.021821505986303075	4.051679572516986	0.49235194525276466	0.8384627506443426	-0.10242873714945781
4.0	4	24	6	4	SzSz nb	chi32	0.005385792631362285	0.0013190311439116795	0.2449093818114648	1.0984411722287097	0.8384627506443426	-0.10242873714945781
4.0	4	24	6	4	SzSz nb	exact	0.005385792631362285	0.0	0.0	1.1055762607744335	0.8384627506443426	-0.10242873714945781
4.0	4	24	6	4	SzSz nb	UHF	0.005385792631362285	-0.06059396140633665	11.250704502339888	0.14811512247532632	0.8384627506443426	-0.10242873714945781
4.0	4	25	7	1	n	chi8	0.8917240994878242	-0.19217367779194983	0.21550800062746742	0.2343720040752271	0.8917240994878242	-0.03365155728600114
4.0	4	25	7	1	n	chi32	0.8917240994878242	-0.012529337519887274	0.014050688466403114	1.8481317371456316	0.8917240994878242	-0.03365155728600114
4.0	4	25	7	1	n	exact	0.8917240994878242	0.0	0.0	2.1520751273628047	0.8917240994878242	-0.03365155728600114
4.0	4	25	7	1	n	UHF	0.8917240994878242	-0.04971732755135583	0.05575415936376707	0.05704001254134631	0.8917240994878242	-0.03365155728600114
4.0	4	25	7	1	Sz	chi8	-0.03365155728600114	-0.13743089358246446	4.083938595009241	0.3001100404987866	0.8917240994878242	-0.03365155728600114
4.0	4	25	7	1	Sz	chi32	-0.03365155728600114	-0.019916026134395998	0.59183074248635	1.7339971299340793	0.8917240994878242	-0.03365155728600114
4.0	4	25	7	1	Sz	exact	-0.03365155728600114	0.0	0.0	1.88095431313708	0.8917240994878242	-0.03365155728600114
4.0	4	25	7	1	Sz	UHF	-0.03365155728600114	-0.33315790808956725	9.900222603610654	0.08298720779764214	0.8917240994878242	-0.03365155728600114
4.0	4	25	7	1	DoubleOcc	chi8	0.10801206016506522	-0.04554223199817932	0.4216402495108526	2.317348780906281	0.8917240994878242	-0.03365155728600114
4.0	4	25	7	1	DoubleOcc	chi32	0.10801206016506522	0.004331813834932724	0.04010490891769677	9.705832909667633	0.8917240994878242	-0.03365155728600114
4.0	4	25	7	1	DoubleOcc	exact	0.10801206016506522	0.0	0.0	11.116488959704235	0.8917240994878242	-0.03365155728600114
4.0	4	25	7	1	DoubleOcc	UHF	0.10801206016506522	-0.023861875799657914	0.22091862485718664	0.6612909597256471	0.8917240994878242	-0.03365155728600114
4.0	4	25	7	1	ZZ onsite	chi8	-0.3513999583153858	0.2021784275911776	0.5753513135300943	2.837165761602364	0.8917240994878242	-0.03365155728600114
4.0	4	25	7	1	ZZ onsite	chi32	-0.3513999583153858	0.04238593037950511	0.120620191825587	11.440826852499825	0.8917240994878242	-0.03365155728600114
4.0	4	25	7	1	ZZ onsite	exact	-0.3513999583153858	0.0	0.0	12.71435163985657	0.8917240994878242	-0.03365155728600114
4.0	4	25	7	1	ZZ onsite	UHF	-0.3513999583153858	0.003987151904081776	0.011346478022354396	12.759148065935417	0.8917240994878242	-0.03365155728600114
4.0	4	25	7	1	ZZ up-up nb	chi8	-0.12378496398116168	0.08282583743097632	0.6691106477486333	1.5627167413045682	0.8917240994878242	-0.03365155728600114
4.0	4	25	7	1	ZZ up-up nb	chi32	-0.12378496398116168	0.047435602130626836	0.38320972600392617	1.9680313349399698	0.8917240994878242	-0.03365155728600114
4.0	4	25	7	1	ZZ up-up nb	exact	-0.12378496398116168	0.0	0.0	2.1885731001691866	0.8917240994878242	-0.03365155728600114
4.0	4	25	7	1	ZZ up-up nb	UHF	-0.12378496398116168	0.34776470886751887	2.8094261021915696	0.23998167248691485	0.8917240994878242	-0.03365155728600114
4.0	4	25	7	1	SzSz nb	chi8	-0.03910865234061048	0.027614293682525437	0.7060916710200907	1.4191040996758253	0.8917240994878242	-0.03365155728600114
4.0	4	25	7	1	SzSz nb	chi32	-0.03910865234061048	0.008968056513153855	0.2293113154359812	3.0829332917934167	0.8917240994878242	-0.03365155728600114
4.0	4	25	7	1	SzSz nb	exact	-0.03910865234061048	0.0	0.0	3.4429453819084896	0.8917240994878242	-0.03365155728600114
4.0	4	25	7	1	SzSz nb	UHF	-0.03910865234061048	0.06511572215971737	1.6649952954809724	0.4880815238100031	0.8917240994878242	-0.03365155728600114
4.0	4	26	7	2	n	chi8	0.8909132317710745	-0.07209272930324284	0.08092003433367741	0.2724501977808211	0.8909132317710745	-0.03467703038273478
4.0	4	26	7	2	n	chi32	0.8909132317710745	-0.022343426007546685	0.025079239156802602	2.0523716116031223	0.8909132317710745	-0.03467703038273478
4.0	4	26	7	2	n	exact	0.8909132317710745	0.0	0.0	2.3116732988688975	0.8909132317710745	-0.03467703038273478
4.0	4	26	7	2	n	UHF	0.8909132317710745	-0.05052819526816099	0.056715057613090335	0.09547420932170081	0.8909132317710745	-0.03467703038273478
4.0	4	26	7	2	Sz	chi8	-0.03467703038273478	-0.14695073041401616	4.237696503769277	0.32700144426929295	0.8909132317710745	-0.03467703038273478
4.0	4	26	7	2	Sz	chi32	-0.03467703038273478	-0.015633748241399344	0.4508387272164797	1.7437095117080093	0.8909132317710745	-0.03467703038273478
4.0	4	26	7	2	Sz	exact	-0.03467703038273478	0.0	0.0	1.8613717386281923	0.8909132317710745	-0.03467703038273478
4.0	4	26	7	2	Sz	UHF	-0.03467703038273478	0.26482932042085155	7.637024205876247	0.11309693229725157	0.8909132317710745	-0.03467703038273478
4.0	4	26	7	2	DoubleOcc	chi8	0.10795498889491568	-0.010645701438411634	0.09861240825817	2.792881386435851	0.8909132317710745	-0.03467703038273478
4.0	4	26	7	2	DoubleOcc	chi32	0.10795498889491568	-0.00847456634151754	0.07850092365593919	11.874158104528222	0.8909132317710745	-0.03467703038273478
4.0	4	26	7	2	DoubleOcc	exact	0.10795498889491568	0.0	0.0	12.485316804701517	0.8909132317710745	-0.03467703038273478
4.0	4	26	7	2	DoubleOcc	UHF	0.10795498889491568	-0.023918947069821492	0.22156407327413466	1.1481542521075887	0.8909132317710745	-0.03467703038273478
4.0	4	26	7	2	ZZ onsite	chi8	-0.35000650796248506	0.1016026528528336	0.2902878962002722	6.1135239511845425	0.8909132317710745	-0.03467703038273478
4.0	4	26	7	2	ZZ onsite	chi32	-0.35000650796248506	0.010788586649022436	0.0308239601367035	12.5109283039265	0.8909132317710745	-0.03467703038273478
4.0	4	26	7	2	ZZ onsite	exact	-0.35000650796248506	0.0	0.0	12.752047786620206	0.8909132317710745	-0.03467703038273478
4.0	4	26	7	2	ZZ onsite	UHF	-0.35000650796248506	0.005380602257037348	0.01537286346005332	12.666424555544207	0.8909132317710745	-0.03467703038273478
4.0	4	26	7	2	ZZ up-up nb	chi8	-0.12179105225877802	-0.043075795991412466	0.35368604829758993	1.826438286545902	0.8909132317710745	-0.03467703038273478
4.0	4	26	7	2	ZZ up-up nb	chi32	-0.12179105225877802	0.003646175458348347	0.029937958419154316	2.0479996562592566	0.8909132317710745	-0.03467703038273478
4.0	4	26	7	2	ZZ up-up nb	exact	-0.12179105225877802	0.0	0.0	2.052151113051674	0.8909132317710745	-0.03467703038273478
4.0	4	26	7	2	ZZ up-up nb	UHF	-0.12179105225877802	0.3497586205899026	2.8717924190912303	0.20382486590335971	0.8909132317710745	-0.03467703038273478
4.0	4	26	7	2	SzSz nb	chi8	-0.03873597556031772	-0.025040259674020085	0.6464342077825985	1.7901839467770615	0.8909132317710745	-0.03467703038273478
4.0	4	26	7	2	SzSz nb	chi32	-0.03873597556031772	0.0004276345163036904	0.011039724961561878	3.6720744702380803	0.8909132317710745	-0.03467703038273478
4.0	4	26	7	2	SzSz nb	exact	-0.03873597556031772	0.0	0.0	3.8078593527185505	0.8909132317710745	-0.03467703038273478
4.0	4	26	7	2	SzSz nb	UHF	-0.03873597556031772	0.0654883989400101	1.6906350748294656	0.4755803809142391	0.8909132317710745	-0.03467703038273478
4.0	4	27	7	3	n	chi8	0.8912241929976938	-0.05313907611276947	0.05962481329645297	0.9691523241486247	0.8912241929976938	-0.03425371400860457
4.0	4	27	7	3	n	chi32	0.8912241929976938	-0.009170949457507627	0.01029028333113412	1.8932816444388585	0.8912241929976938	-0.03425371400860457
4.0	4	27	7	3	n	exact	0.8912241929976938	0.0	0.0	2.0181800511530734	0.8912241929976938	-0.03425371400860457
4.0	4	27	7	3	n	UHF	0.8912241929976938	-0.05021723404148615	0.056346354190158404	0.05066924562879764	0.8912241929976938	-0.03425371400860457
4.0	4	27	7	3	Sz	chi8	-0.03425371400860457	-0.050143337530523496	1.46388031142922	1.2469574573499702	0.8912241929976938	-0.03425371400860457
4.0	4	27	7	3	Sz	chi32	-0.03425371400860457	-0.010916721512535012	0.3187018350708691	2.028120498432551	0.8912241929976938	-0.03425371400860457
4.0	4	27	7	3	Sz	exact	-0.03425371400860457	0.0	0.0	2.076985901463468	0.8912241929976938	-0.03425371400860457
4.0	4	27	7	3	Sz	UHF	-0.03425371400860457	-0.3337600648121707	9.743762814401082	0.09048199068556322	0.8912241929976938	-0.03425371400860457
4.0	4	27	7	3	DoubleOcc	chi8	0.10799118292109791	-0.0019158728848375634	0.01774101211797417	6.321205606331538	0.8912241929976938	-0.03425371400860457
4.0	4	27	7	3	DoubleOcc	chi32	0.10799118292109791	-0.006713492871402174	0.06216704632550681	11.821589048023055	0.8912241929976938	-0.03425371400860457
4.0	4	27	7	3	DoubleOcc	exact	0.10799118292109791	0.0	0.0	12.203509357223028	0.8912241929976938	-0.03425371400860457
4.0	4	27	7	3	DoubleOcc	UHF	0.10799118292109791	-0.023882753043625193	0.22115465723784836	0.6213024795060726	0.8912241929976938	-0.03425371400860457
4.0	4	27	7	3	ZZ onsite	chi8	-0.3504836543109947	0.09861466068618269	0.2813673604266832	7.326788156049836	0.8912241929976938	-0.03425371400860457
4.0	4	27	7	3	ZZ onsite	chi32	-0.3504836543109947	-0.008512072570595108	0.024286646369653775	13.020521807387315	0.8912241929976938	-0.03425371400860457
4.0	4	27	7	3	ZZ onsite	exact	-0.3504836543109947	0.0	0.0	13.252595531580724	0.8912241929976938	-0.03425371400860457
4.0	4	27	7	3	ZZ onsite	UHF	-0.3504836543109947	0.0049034559084728535	0.013990540922978021	13.305090417500745	0.8912241929976938	-0.03425371400860457
4.0	4	27	7	3	ZZ up-up nb	chi8	-0.12213857912529674	0.07282387006980226	0.5962397024047199	1.645432109275746	0.8912241929976938	-0.03425371400860457
4.0	4	27	7	3	ZZ up-up nb	chi32	-0.12213857912529674	-0.030452530916985646	0.24932769920096826	2.0325398047800007	0.8912241929976938	-0.03425371400860457
4.0	4	27	7	3	ZZ up-up nb	exact	-0.12213857912529674	0.0	0.0	2.220485095775292	0.8912241929976938	-0.03425371400860457
4.0	4	27	7	3	ZZ up-up nb	UHF	-0.12213857912529674	0.3494110937233893	2.8607758189567885	0.22184782638904493	0.8912241929976938	-0.03425371400860457
4.0	4	27	7	3	SzSz nb	chi8	-0.03860917679881308	0.009423929591393529	0.24408522462160442	2.6109623922291845	0.8912241929976938	-0.03425371400860457
4.0	4	27	7	3	SzSz nb	chi32	-0.03860917679881308	-0.004947308644624095	0.12813815405606327	3.199473846887173	0.8912241929976938	-0.03425371400860457
4.0	4	27	7	3	SzSz nb	exact	-0.03860917679881308	0.0	0.0	3.5023585856451684	0.8912241929976938	-0.03425371400860457
4.0	4	27	7	3	SzSz nb	UHF	-0.03860917679881308	0.06561519770150033	1.6994715542217276	0.40245780939193465	0.8912241929976938	-0.03425371400860457
4.0	4	28	7	4	n	chi8	0.8919859775374367	-0.013980807170259069	0.015673797035304058	0.7189934631552631	0.8919859775374367	-0.033665339178202
4.0	4	28	7	4	n	chi32	0.8919859775374367	-0.0026493340613960026	0.002970152141528267	2.2717482772332303	0.8919859775374367	-0.033665339178202
4.0	4	28	7	4	n	exact	0.8919859775374367	0.0	0.0	2.256142136896316	0.8919859775374367	-0.033665339178202
4.0	4	28	7	4	n	UHF	0.8919859775374367	-0.04945544950168557	0.05544420063443197	0.08449942281172845	0.8919859775374367	-0.033665339178202
4.0	4	28	7	4	Sz	chi8	-0.033665339178202	-0.08494791287655468	2.5233048277605854	0.7430861323379706	0.8919859775374367	-0.033665339178202
4.0	4	28	7	4	Sz	chi32	-0.033665339178202	-0.003651686268378994	0.1084702057819583	1.660530688981126	0.8919859775374367	-0.033665339178202
4.0	4	28	7	4	Sz	exact	-0.033665339178202	0.0	0.0	1.6509020623103399	0.8919859775374367	-0.033665339178202
4.0	4	28	7	4	Sz	UHF	-0.033665339178202	0.2658410116253428	7.8965790369185545	0.11102760550110766	0.8919859775374367	-0.033665339178202
4.0	4	28	7	4	DoubleOcc	chi8	0.10808196775130711	0.01572877254579068	0.14552633406880638	4.74530810555874	0.8919859775374367	-0.033665339178202
4.0	4	28	7	4	DoubleOcc	chi32	0.10808196775130711	0.010565594935132275	0.09775539023718872	11.003172834899084	0.8919859775374367	-0.033665339178202
4.0	4	28	7	4	DoubleOcc	exact	0.10808196775130711	0.0	0.0	13.464367048858	0.8919859775374367	-0.033665339178202
4.0	4	28	7	4	DoubleOcc	UHF	0.10808196775130711	-0.023791968213401557	0.22012893277578047	1.022175881983019	0.8919859775374367	-0.033665339178202
4.0	4	28	7	4	ZZ onsite	chi8	-0.35164408406964415	0.09087670452367508	0.25843376482249214	6.465435824204286	0.8919859775374367	-0.033665339178202
4.0	4	28	7	4	ZZ onsite	chi32	-0.35164408406964415	0.04756104786331877	0.13525337128634635	10.088534966255848	0.8919859775374367	-0.033665339178202
4.0	4	28	7	4	ZZ onsite	exact	-0.35164408406964415	0.0	0.0	13.755421165448174	0.8919859775374367	-0.033665339178202
4.0	4	28	7	4	ZZ onsite	UHF	-0.35164408406964415	0.0037430261497656825	0.010644359792569025	13.611651524062541	0.8919859775374367	-0.033665339178202
4.0	4	28	7	4	ZZ up-up nb	chi8	0.07394602271969353	-0.06140429189047905	0.8303934360776063	0.9948021848318849	0.8919859775374367	-0.033665339178202
4.0	4	28	7	4	ZZ up-up nb	chi32	0.07394602271969353	2.0578476393154355e-5	0.00027829051024368123	1.4385853796038661	0.8919859775374367	-0.033665339178202
4.0	4	28	7	4	ZZ up-up nb	exact	0.07394602271969353	0.0	0.0	1.4385475992898256	0.8919859775374367	-0.033665339178202
4.0	4	28	7	4	ZZ up-up nb	UHF	0.07394602271969353	-0.4039125166199642	5.4622615492258655	0.08257557728637878	0.8919859775374367	-0.033665339178202
4.0	4	28	7	4	SzSz nb	chi8	0.01351194442304526	-0.03348977793324995	2.4785313560150195	0.4271370635889733	0.8919859775374367	-0.033665339178202
4.0	4	28	7	4	SzSz nb	chi32	0.01351194442304526	-0.002670985360652793	0.1976758693661662	1.2071501389044648	0.8919859775374367	-0.033665339178202
4.0	4	28	7	4	SzSz nb	exact	0.01351194442304526	0.0	0.0	1.2304347876507138	0.8919859775374367	-0.033665339178202
4.0	4	28	7	4	SzSz nb	UHF	0.01351194442304526	-0.09292523308119104	6.877265785870364	0.08477991939655734	0.8919859775374367	-0.033665339178202
4.0	4	29	8	1	n	chi8	0.8942267868496013	-0.044609500356174614	0.04988611503501898	1.559337873827615	0.8942267868496013	-0.074845507164167
4.0	4	29	8	1	n	chi32	0.8942267868496013	-0.011823033078966705	0.01322151522727221	3.720654138299158	0.8942267868496013	-0.074845507164167
4.0	4	29	8	1	n	exact	0.8942267868496013	0.0	0.0	3.799103814397427	0.8942267868496013	-0.074845507164167
4.0	4	29	8	1	n	UHF	0.8942267868496013	-0.08165277516548275	0.09131103693857004	0.1526403678272272	0.8942267868496013	-0.074845507164167
4.0	4	29	8	1	Sz	chi8	-0.074845507164167	0.06463544623472893	0.863584852100164	1.2919136815423042	0.8942267868496013	-0.074845507164167
4.0	4	29	8	1	Sz	chi32	-0.074845507164167	0.0010467503630777059	0.013985480261116429	2.7308196957671265	0.8942267868496013	-0.074845507164167
4.0	4	29	8	1	Sz	exact	-0.074845507164167	0.0	0.0	2.77231713611693	0.8942267868496013	-0.074845507164167
4.0	4	29	8	1	Sz	UHF	-0.074845507164167	0.2837477318621741	3.791112420947306	0.13869409314671433	0.8942267868496013	-0.074845507164167
4.0	4	29	8	1	DoubleOcc	chi8	0.09263573846817845	0.020131552738852018	0.21731950402454514	5.995726401615621	0.8942267868496013	-0.074845507164167
4.0	4	29	8	1	DoubleOcc	chi32	0.09263573846817845	0.0006717049240721057	0.0072510343759265745	17.865686786902568	0.8942267868496013	-0.074845507164167
4.0	4	29	8	1	DoubleOcc	exact	0.09263573846817845	0.0	0.0	18.32296733901537	0.8942267868496013	-0.074845507164167
4.0	4	29	8	1	DoubleOcc	UHF	0.09263573846817845	-0.016860380346107026	0.1820072968047724	1.8360738487254085	0.8942267868496013	-0.074845507164167
4.0	4	29	8	1	ZZ onsite	chi8	-0.4179106198264884	0.16974521166775175	0.40617587497113133	4.996173173333266	0.8942267868496013	-0.074845507164167
4.0	4	29	8	1	ZZ onsite	chi32	-0.4179106198264884	0.026332885854218724	0.06301080806501598	21.433683182192112	0.8942267868496013	-0.074845507164167
4.0	4	29	8	1	ZZ onsite	exact	-0.4179106198264884	0.0	0.0	23.290979045711165	0.8942267868496013	-0.074845507164167
4.0	4	29	8	1	ZZ onsite	UHF	-0.4179106198264884	0.09586402894653773	0.2293888319620577	10.757238453354717	0.8942267868496013	-0.074845507164167
4.0	4	29	8	1	ZZ up-up nb	chi8	-0.17528985069026376	-0.09053547227168458	0.5164900986290432	2.0730210851633566	0.8942267868496013	-0.074845507164167
4.0	4	29	8	1	ZZ up-up nb	chi32	-0.17528985069026376	0.01240297087814718	0.07075692533997968	3.3929178514751404	0.8942267868496013	-0.074845507164167
4.0	4	29	8	1	ZZ up-up nb	exact	-0.17528985069026376	0.0	0.0	3.428050389515779	0.8942267868496013	-0.074845507164167
4.0	4	29	8	1	ZZ up-up nb	UHF	-0.17528985069026376	0.47262963668342456	2.6962749687006045	0.18615826875649588	0.8942267868496013	-0.074845507164167
4.0	4	29	8	1	SzSz nb	chi8	-0.04584993448947046	-0.019060545571633523	0.41571587361833245	2.848413468306071	0.8942267868496013	-0.074845507164167
4.0	4	29	8	1	SzSz nb	chi32	-0.04584993448947046	0.0013378638973429585	0.02917918885249884	3.926974346985864	0.8942267868496013	-0.074845507164167
4.0	4	29	8	1	SzSz nb	exact	-0.04584993448947046	0.0	0.0	4.151653959457207	0.8942267868496013	-0.074845507164167
4.0	4	29	8	1	SzSz nb	UHF	-0.04584993448947046	0.0995072814110151	2.170281866681122	0.24818425213550765	0.8942267868496013	-0.074845507164167
4.0	4	30	8	2	n	chi8	0.8948713862759502	-0.008898820516139438	0.009944245231901204	1.4125225001707211	0.8948713862759502	-0.07322771954690861
4.0	4	30	8	2	n	chi32	0.8948713862759502	-0.004434731642593226	0.0049557195711090645	3.4975726427994767	0.8948713862759502	-0.07322771954690861
4.0	4	30	8	2	n	exact	0.8948713862759502	0.0	0.0	3.5093338685280715	0.8948713862759502	-0.07322771954690861
4.0	4	30	8	2	n	UHF	0.8948713862759502	-0.08100817573912455	0.09052493685851766	0.05635087293783222	0.8948713862759502	-0.07322771954690861
4.0	4	30	8	2	Sz	chi8	-0.07322771954690861	0.0659094869750995	0.9000619899528463	1.3931390080638106	0.8948713862759502	-0.07322771954690861
4.0	4	30	8	2	Sz	chi32	-0.07322771954690861	0.00019621719683636518	0.0026795481007799416	2.768632570616847	0.8948713862759502	-0.07322771954690861
4.0	4	30	8	2	Sz	exact	-0.07322771954690861	0.0	0.0	2.7605739302295444	0.8948713862759502	-0.07322771954690861
4.0	4	30	8	2	Sz	UHF	-0.07322771954690861	-0.43182095857324937	5.896960348418759	0.06449113469395404	0.8948713862759502	-0.07322771954690861
4.0	4	30	8	2	DoubleOcc	chi8	0.09288816387066044	0.011989918861848275	0.12907908136222077	9.36097530726206	0.8948713862759502	-0.07322771954690861
4.0	4	30	8	2	DoubleOcc	chi32	0.09288816387066044	0.007322553956874228	0.07883193780286492	14.977777516608436	0.8948713862759502	-0.07322771954690861
4.0	4	30	8	2	DoubleOcc	exact	0.09288816387066044	0.0	0.0	15.367441378989655	0.8948713862759502	-0.07322771954690861
4.0	4	30	8	2	DoubleOcc	UHF	0.09288816387066044	-0.016607954943620787	0.17879516885214863	0.5704894108309085	0.8948713862759502	-0.07322771954690861
4.0	4	30	8	2	ZZ onsite	chi8	-0.41819011706925874	0.06575731647966587	0.15724263629304144	12.260191739780284	0.8948713862759502	-0.07322771954690861
4.0	4	30	8	2	ZZ onsite	chi32	-0.41819011706925874	0.038159679112680034	0.09124959571046057	14.810472795136462	0.8948713862759502	-0.07322771954690861
4.0	4	30	8	2	ZZ onsite	exact	-0.41819011706925874	0.0	0.0	16.30440983081125	0.8948713862759502	-0.07322771954690861
4.0	4	30	8	2	ZZ onsite	UHF	-0.41819011706925874	0.09558453170376607	0.22856717029478676	9.453793186304953	0.8948713862759502	-0.07322771954690861
4.0	4	30	8	2	ZZ up-up nb	chi8	-0.17943648803765824	-0.015416071238675583	0.08591380386045128	3.992399210588381	0.8948713862759502	-0.07322771954690861
4.0	4	30	8	2	ZZ up-up nb	chi32	-0.17943648803765824	0.051782163790736385	0.28858212929283866	3.340996448265637	0.8948713862759502	-0.07322771954690861
4.0	4	30	8	2	ZZ up-up nb	exact	-0.17943648803765824	0.0	0.0	4.108570845685663	0.8948713862759502	-0.07322771954690861
4.0	4	30	8	2	ZZ up-up nb	UHF	-0.17943648803765824	0.4684829993360302	2.6108569358407747	0.19153163396313438	0.8948713862759502	-0.07322771954690861
4.0	4	30	8	2	SzSz nb	chi8	-0.04647618729126869	0.0026649023069588926	0.05733909045201601	3.8664514363236253	0.8948713862759502	-0.07322771954690861
4.0	4	30	8	2	SzSz nb	chi32	-0.04647618729126869	0.007552282565627379	0.16249789420756117	4.313259483385072	0.8948713862759502	-0.07322771954690861
4.0	4	30	8	2	SzSz nb	exact	-0.04647618729126869	0.0	0.0	4.708558386139362	0.8948713862759502	-0.07322771954690861
4.0	4	30	8	2	SzSz nb	UHF	-0.04647618729126869	0.09888102860921687	2.1275632613648856	0.28514531060907866	0.8948713862759502	-0.07322771954690861
4.0	4	31	8	3	n	chi8	0.895315174089657	-0.026519233539104126	0.029619997858372594	2.971983640183323	0.895315174089657	-0.0731536397720222
4.0	4	31	8	3	n	chi32	0.895315174089657	-0.011966972933186826	0.013366212569059453	3.263733489771926	0.895315174089657	-0.0731536397720222
4.0	4	31	8	3	n	exact	0.895315174089657	0.0	0.0	3.3129647961441333	0.895315174089657	-0.0731536397720222
4.0	4	31	8	3	n	UHF	0.895315174089657	-0.08056438792542686	0.08998438790825088	0.12643565291501174	0.895315174089657	-0.0731536397720222
4.0	4	31	8	3	Sz	chi8	-0.0731536397720222	0.012246736088158197	0.16741116540918846	2.7818053637502196	0.895315174089657	-0.0731536397720222
4.0	4	31	8	3	Sz	chi32	-0.0731536397720222	-0.002367640165569604	0.03236530913496821	2.842302649957811	0.895315174089657	-0.0731536397720222
4.0	4	31	8	3	Sz	exact	-0.0731536397720222	0.0	0.0	2.8917469329968175	0.895315174089657	-0.0731536397720222
4.0	4	31	8	3	Sz	UHF	-0.0731536397720222	0.28543959925431883	3.9019193049569343	0.16625927683140246	0.895315174089657	-0.0731536397720222
4.0	4	31	8	3	DoubleOcc	chi8	0.09302929164982127	0.020184720246986615	0.21697166439754778	6.766161303837276	0.895315174089657	-0.0731536397720222
4.0	4	31	8	3	DoubleOcc	chi32	0.09302929164982127	0.0034419558560946223	0.0369986247885317	13.355600301310218	0.895315174089657	-0.0731536397720222
4.0	4	31	8	3	DoubleOcc	exact	0.09302929164982127	0.0	0.0	14.889666751496938	0.895315174089657	-0.0731536397720222
4.0	4	31	8	3	DoubleOcc	UHF	0.09302929164982127	-0.01646682716446418	0.1770069068831378	1.266014933997528	0.895315174089657	-0.0731536397720222
4.0	4	31	8	3	ZZ onsite	chi8	-0.41851318158002904	0.1337773480661486	0.3196490671120412	5.6849607210476245	0.895315174089657	-0.0731536397720222
4.0	4	31	8	3	ZZ onsite	chi32	-0.41851318158002904	0.0377017692907487	0.0900850222886929	14.291483719645756	0.895315174089657	-0.0731536397720222
4.0	4	31	8	3	ZZ onsite	exact	-0.41851318158002904	0.0	0.0	17.516731431754767	0.895315174089657	-0.0731536397720222
4.0	4	31	8	3	ZZ onsite	UHF	-0.41851318158002904	0.09526146719299688	0.22761879765256754	8.276302301274317	0.895315174089657	-0.0731536397720222
4.0	4	31	8	3	ZZ up-up nb	chi8	-0.17690611544567292	0.12236055708321836	0.6916694585427983	1.8269798863474243	0.895315174089657	-0.0731536397720222
4.0	4	31	8	3	ZZ up-up nb	chi32	-0.17690611544567292	0.040973909848370876	0.23161386900134484	3.8376356613853786	0.895315174089657	-0.0731536397720222
4.0	4	31	8	3	ZZ up-up nb	exact	-0.17690611544567292	0.0	0.0	4.308736796850316	0.895315174089657	-0.0731536397720222
4.0	4	31	8	3	ZZ up-up nb	UHF	-0.17690611544567292	0.47101337192803383	2.6625047457597923	0.19078559054820865	0.895315174089657	-0.0731536397720222
4.0	4	31	8	3	SzSz nb	chi8	-0.045949226894077336	0.02632152591798323	0.5728393641673211	2.026526883737516	0.895315174089657	-0.0731536397720222
4.0	4	31	8	3	SzSz nb	chi32	-0.045949226894077336	0.005322257949905623	0.11582910768389099	4.839041424561294	0.895315174089657	-0.0731536397720222
4.0	4	31	8	3	SzSz nb	exact	-0.045949226894077336	0.0	0.0	5.291284624568771	0.895315174089657	-0.0731536397720222
4.0	4	31	8	3	SzSz nb	UHF	-0.045949226894077336	0.09940798900641008	2.163431154904227	0.2411062206095375	0.895315174089657	-0.0731536397720222
4.0	4	32	8	4	n	chi8	0.8948078352604165	-0.025835761098183863	0.028872971469527716	1.9579255546895848	0.8948078352604165	-0.07341583420124739
4.0	4	32	8	4	n	chi32	0.8948078352604165	-0.0031492142879396834	0.003519430836256776	4.054267271733739	0.8948078352604165	-0.07341583420124739
4.0	4	32	8	4	n	exact	0.8948078352604165	0.0	0.0	4.051406354881272	0.8948078352604165	-0.07341583420124739
4.0	4	32	8	4	n	UHF	0.8948078352604165	-0.08107172675467766	0.0906023880882573	0.0569991823230237	0.8948078352604165	-0.07341583420124739
4.0	4	32	8	4	Sz	chi8	-0.07341583420124739	0.054697406283438915	0.7450355482374885	1.932875351810278	0.8948078352604165	-0.07341583420124739
4.0	4	32	8	4	Sz	chi32	-0.07341583420124739	0.0013319784593252282	0.01814293161437096	3.315562812757666	0.8948078352604165	-0.07341583420124739
4.0	4	32	8	4	Sz	exact	-0.07341583420124739	0.0	0.0	3.3368114563036384	0.8948078352604165	-0.07341583420124739
4.0	4	32	8	4	Sz	UHF	-0.07341583420124739	-0.4320090732275894	5.884412782716146	0.07339819470323462	0.8948078352604165	-0.07341583420124739
4.0	4	32	8	4	DoubleOcc	chi8	0.09282797480965421	0.020542022693497503	0.2212912943066933	6.670051127321634	0.8948078352604165	-0.07341583420124739
4.0	4	32	8	4	DoubleOcc	chi32	0.09282797480965421	0.007379090798354665	0.07949210152958364	15.008543262437358	0.8948078352604165	-0.07341583420124739
4.0	4	32	8	4	DoubleOcc	exact	0.09282797480965421	0.0	0.0	16.365723074233756	0.8948078352604165	-0.07341583420124739
4.0	4	32	8	4	DoubleOcc	UHF	0.09282797480965421	-0.016668144004635455	0.1795594920476704	0.5893223605878997	0.8948078352604165	-0.07341583420124739
4.0	4	32	8	4	ZZ onsite	chi8	-0.4183037712822162	0.13383961297035218	0.319957940039835	6.250576524697951	0.8948078352604165	-0.07341583420124739
4.0	4	32	8	4	ZZ onsite	chi32	-0.4183037712822162	0.03581479176929514	0.0856190984353618	15.080454127229997	0.8948078352604165	-0.07341583420124739
4.0	4	32	8	4	ZZ onsite	exact	-0.4183037712822162	0.0	0.0	17.172821975958552	0.8948078352604165	-0.07341583420124739
4.0	4	32	8	4	ZZ onsite	UHF	-0.4183037712822162	0.09547087749081329	0.22823336542763834	9.02246542598336	0.8948078352604165	-0.07341583420124739
