L	doping	site	prior	observable	true	Delta	prior_fid	G	G_max
8	0.0	1	chi2	n	1.0000000000408056	4.080535909167793e-11	0.3492286746761149	1.0000000000060647	0.9999999999989025
8	0.0	1	chi4	n	1.0000000000408056	-8.282270425041816e-10	0.7090574719632964	0.9999999999689919	0.9999999999989025
8	0.0	1	chi8	n	1.0000000000408056	9.512941545608555e-10	0.9910999615936822	1.0000000000275724	0.9999999999989025
8	0.0	1	chi16	n	1.0000000000408056	6.770708438352813e-10	0.9994216301235046	1.0000000000124993	0.9999999999989025
8	0.0	1	chi32	n	1.0000000000408056	1.6804013736049228e-10	0.999994302332707	0.9999999999987332	0.9999999999989025
8	0.0	1	exact	n	1.0000000000408056	0.0	NaN	0.9999999999989025	0.9999999999989025
8	0.0	1	UHF	n	1.0000000000408056	4.0806580337005016e-11	NaN	0.014906804327733992	0.9999999999989025
8	0.0	1	UHFsym	n	1.0000000000408056	4.0806469314702554e-11	NaN	1.0000000000000004	0.9999999999989025
8	0.0	1	chi2	Sz	5.598785324245625e-13	7.458277051508588e-12	0.3492286746761149	1.0000000000099074	0.9999999999800943
8	0.0	1	chi4	Sz	5.598785324245625e-13	-2.004125337906615e-11	0.7090574719632964	0.9999999995636074	0.9999999999800943
8	0.0	1	chi8	Sz	5.598785324245625e-13	1.6553231008131775e-11	0.9910999615936822	1.0000000004491814	0.9999999999800943
8	0.0	1	chi16	Sz	5.598785324245625e-13	4.035757839027099e-12	0.9994216301235046	1.0000000003028362	0.9999999999800943
8	0.0	1	chi32	Sz	5.598785324245625e-13	-3.029281686606211e-12	0.999994302332707	1.0000000000544056	0.9999999999800943
8	0.0	1	exact	Sz	5.598785324245625e-13	0.0	NaN	0.9999999999800943	0.9999999999800943
8	0.0	1	UHF	Sz	5.598785324245625e-13	-0.4377959965790061	NaN	0.021175929507743302	0.9999999999800943
8	0.0	1	UHFsym	Sz	5.598785324245625e-13	5.598937112549773e-13	NaN	1.0000000000000002	0.9999999999800943
8	0.0	1	chi2	DoubleOcc	0.07170178342758995	0.07170178342758995	0.3492286746761149	5.511393340269439	45.470623140201994
8	0.0	1	chi4	DoubleOcc	0.07170178342758995	0.0002649415578242498	0.7090574719632964	45.45914438462497	45.470623140201994
8	0.0	1	chi8	DoubleOcc	0.07170178342758995	0.00010993854431567973	0.9910999615936822	45.46694554889231	45.470623140201994
8	0.0	1	chi16	DoubleOcc	0.07170178342758995	5.0726110213950015e-6	0.9994216301235046	45.4704873586021	45.470623140201994
8	0.0	1	chi32	DoubleOcc	0.07170178342758995	1.1301496416482593e-7	0.999994302332707	45.47062015163559	45.470623140201994
8	0.0	1	exact	DoubleOcc	0.07170178342758995	0.0	NaN	45.470623140201994	45.470623140201994
8	0.0	1	UHF	DoubleOcc	0.07170178342758995	0.013367118048685817	NaN	1.294701774653313	45.470623140201994
8	0.0	1	UHFsym	DoubleOcc	0.07170178342758995	0.013367118048685983	NaN	36.13632670823648	45.470623140201994
8	0.0	1	chi2	ZZ onsite	-0.7131928663712516	0.28680713362874866	0.3492286746761149	5.844348061396306	92.76487105862397
8	0.0	1	chi4	ZZ onsite	-0.7131928663712516	0.001059767887750418	0.7090574719632964	92.73817760962433	92.76487105862397
8	0.0	1	chi8	ZZ onsite	-0.7131928663712516	0.0004397522746734106	0.9910999615936822	92.75835775440396	92.76487105862397
8	0.0	1	chi16	ZZ onsite	-0.7131928663712516	2.028908994367029e-5	0.9994216301235046	92.76471304912718	92.76487105862397
8	0.0	1	chi32	ZZ onsite	-0.7131928663712516	4.517237762735604e-7	0.999994302332707	92.7648676906995	92.76487105862397
8	0.0	1	exact	ZZ onsite	-0.7131928663712516	0.0	NaN	92.76487105862397	92.76487105862397
8	0.0	1	UHF	ZZ onsite	-0.7131928663712516	0.05346847211312988	NaN	61.01397863300904	92.76487105862397
8	0.0	1	UHFsym	ZZ onsite	-0.7131928663712516	0.05346847211313066	NaN	61.01397863300843	92.76487105862397
8	0.0	1	chi2	ZZ up-up r=1	-0.8353022271126436	0.16469777288735665	0.3492286746761149	23.442352854740818	190.75509052062642
8	0.0	1	chi4	ZZ up-up r=1	-0.8353022271126436	0.09061838758909035	0.7090574719632964	61.31484902486679	190.75509052062642
8	0.0	1	chi8	ZZ up-up r=1	-0.8353022271126436	0.004920337443570899	0.9910999615936822	190.64757974728678	190.75509052062642
8	0.0	1	chi16	ZZ up-up r=1	-0.8353022271126436	0.0002741885253998433	0.9994216301235046	190.81484921189866	190.75509052062642
8	0.0	1	chi32	ZZ up-up r=1	-0.8353022271126436	5.531579355011473e-6	0.999994302332707	190.75637242810268	190.75509052062642
8	0.0	1	exact	ZZ up-up r=1	-0.8353022271126436	0.0	NaN	190.75509052062642	190.75509052062642
8	0.0	1	UHF	ZZ up-up r=1	-0.8353022271126436	0.050564271663555926	NaN	117.02000153487046	190.75509052062642
8	0.0	1	UHFsym	ZZ up-up r=1	-0.8353022271126436	-0.3945183803120695	NaN	4.376875054594803	190.75509052062642
8	0.0	1	chi2	SzSz r=1	-0.17714883483934366	0.0728511651606564	0.3492286746761149	5.182802286803602	99.12529919667669
8	0.0	1	chi4	SzSz r=1	-0.17714883483934366	0.027872821280748333	0.7090574719632964	27.166800321714057	99.12529919667669
8	0.0	1	chi8	SzSz r=1	-0.17714883483934366	0.0010503007918326035	0.9910999615936822	98.91418515501539	99.12529919667669
8	0.0	1	chi16	SzSz r=1	-0.17714883483934366	5.8526932840446966e-5	0.9994216301235046	99.13150155140714	99.12529919667669
8	0.0	1	chi32	SzSz r=1	-0.17714883483934366	1.2113284361958687e-6	0.999994302332707	99.12544496379203	99.12529919667669
8	0.0	1	exact	SzSz r=1	-0.17714883483934366	0.0	NaN	99.12529919667669	99.12529919667669
8	0.0	1	UHF	SzSz r=1	-0.17714883483934366	0.017027288863053353	NaN	50.876315174749855	99.12529919667669
8	0.0	1	UHFsym	SzSz r=1	-0.17714883483934366	-0.09424337413085328	NaN	3.455457362866111	99.12529919667669
8	0.0	1	chi2	hop up r=1	0.6413966450395938	0.6413966450395938	0.3492286746761149	1.0	67.5644833196989
8	0.0	1	chi4	hop up r=1	0.6413966450395938	-0.04320191269288087	0.7090574719632964	55.43496737523079	67.5644833196989
8	0.0	1	chi8	hop up r=1	0.6413966450395938	-0.0021988285551097775	0.9910999615936822	67.78124642436089	67.5644833196989
8	0.0	1	chi16	hop up r=1	0.6413966450395938	-0.00015838463433204275	0.9994216301235046	67.58352409562016	67.5644833196989
8	0.0	1	chi32	hop up r=1	0.6413966450395938	-2.2876378158454003e-6	0.999994302332707	67.56476209589573	67.5644833196989
8	0.0	1	exact	hop up r=1	0.6413966450395938	0.0	NaN	67.5644833196989	67.5644833196989
8	0.0	1	UHF	hop up r=1	0.6413966450395938	0.1741450982971301	NaN	11.011499266862703	67.5644833196989
8	0.0	1	UHFsym	hop up r=1	0.6413966450395938	0.17414509829712976	NaN	11.011499266862735	67.5644833196989
8	0.0	2	chi2	n	1.0000000000038078	3.807620885254437e-12	0.3492286746761149	1.0000000000097484	0.9999999999966298
8	0.0	2	chi4	n	1.0000000000038078	1.5702936728700934e-9	0.7090574719632964	1.0000000008040018	0.9999999999966298
8	0.0	2	chi8	n	1.0000000000038078	-1.2610259503276211e-9	0.9910999615936822	0.999999998945795	0.9999999999966298
8	0.0	2	chi16	n	1.0000000000038078	-9.328668948427321e-10	0.9994216301235046	0.9999999991759022	0.9999999999966298
8	0.0	2	chi32	n	1.0000000000038078	-2.0355517271752888e-10	0.999994302332707	0.9999999998300438	0.9999999999966298
8	0.0	2	exact	n	1.0000000000038078	0.0	NaN	0.9999999999966298	0.9999999999966298
8	0.0	2	UHF	n	1.0000000000038078	3.808064974464287e-12	NaN	0.017457021203157497	0.9999999999966298
8	0.0	2	UHFsym	n	1.0000000000038078	3.8079539521618244e-12	NaN	0.9999999999999983	0.9999999999966298
8	0.0	2	chi2	Sz	-1.0301481889740671e-13	-7.001468849132664e-12	0.3492286746761149	0.999999999997145	0.9999999999989141
8	0.0	2	chi4	Sz	-1.0301481889740671e-13	3.69225088003855e-10	0.7090574719632964	1.0000000006172631	0.9999999999989141
8	0.0	2	chi8	Sz	-1.0301481889740671e-13	-1.1735022675818385e-11	0.9910999615936822	0.9999999996202195	0.9999999999989141
8	0.0	2	chi16	Sz	-1.0301481889740671e-13	2.1993420973309696e-11	0.9994216301235046	0.9999999997314646	0.9999999999989141
8	0.0	2	chi32	Sz	-1.0301481889740671e-13	-4.045444534916953e-12	0.999994302332707	0.9999999999368948	0.9999999999989141
8	0.0	2	exact	Sz	-1.0301481889740671e-13	0.0	NaN	0.9999999999989141	0.9999999999989141
8	0.0	2	UHF	Sz	-1.0301481889740671e-13	0.3811949492790042	NaN	0.029792220475485735	0.9999999999989141
8	0.0	2	UHFsym	Sz	-1.0301481889740671e-13	-1.0303129877042849e-13	NaN	1.0000000000000002	0.9999999999989141
8	0.0	2	chi2	DoubleOcc	0.09902588449919161	0.09902588449919161	0.3492286746761149	2.395736459759133	32.74509460997387
8	0.0	2	chi4	DoubleOcc	0.09902588449919161	0.009069197522618644	0.7090574719632964	30.99253827571388	32.74509460997387
8	0.0	2	chi8	DoubleOcc	0.09902588449919161	0.00044339803305420977	0.9910999615936822	32.824177446464034	32.74509460997387
8	0.0	2	chi16	DoubleOcc	0.09902588449919161	2.1873068086597502e-5	0.9994216301235046	32.74939545609593	32.74509460997387
8	0.0	2	chi32	DoubleOcc	0.09902588449919161	3.1302140646172205e-7	0.999994302332707	32.745156463251405	32.74509460997387
8	0.0	2	exact	DoubleOcc	0.09902588449919161	0.0	NaN	32.74509460997387	32.74509460997387
8	0.0	2	UHF	DoubleOcc	0.09902588449919161	-0.0056645261449072	NaN	1.1572654447166333	32.74509460997387
8	0.0	2	UHFsym	DoubleOcc	0.09902588449919161	-0.005664526144907173	NaN	30.387526037871908	32.74509460997387
8	0.0	2	chi2	ZZ onsite	-0.6038964620108492	0.396103537989151	0.3492286746761149	2.301821363987021	55.39074758881156
8	0.0	2	chi4	ZZ onsite	-0.6038964620108492	0.036276786949886786	0.7090574719632964	47.07856717114309	55.39074758881156
8	0.0	2	chi8	ZZ onsite	-0.6038964620108492	0.0017735946542685177	0.9910999615936822	55.41527663672763	55.39074758881156
8	0.0	2	chi16	ZZ onsite	-0.6038964620108492	8.749413807995765e-5	0.9994216301235046	55.39316898671996	55.39074758881156
8	0.0	2	chi32	ZZ onsite	-0.6038964620108492	1.2524927361923233e-6	0.999994302332707	55.39078313728166	55.39074758881156
8	0.0	2	exact	ZZ onsite	-0.6038964620108492	0.0	NaN	55.39074758881156	55.39074758881156
8	0.0	2	UHF	ZZ onsite	-0.6038964620108492	-0.02265810458724482	NaN	50.922482209538586	55.39074758881156
8	0.0	2	UHFsym	ZZ onsite	-0.6038964620108492	-0.02265810458724471	NaN	50.92248220953862	55.39074758881156
8	0.0	2	chi2	ZZ up-up r=1	-0.3135791090430252	-0.3135791090430253	0.3492286746761149	0.9999999999999996	11.451924563621834
8	0.0	2	chi4	ZZ up-up r=1	-0.3135791090430252	-0.27653941639389207	0.7090574719632964	1.2547530940826204	11.451924563621834
8	0.0	2	chi8	ZZ up-up r=1	-0.3135791090430252	-0.00445283505451477	0.9910999615936822	11.430555478230184	11.451924563621834
8	0.0	2	chi16	ZZ up-up r=1	-0.3135791090430252	2.3011100720005118e-5	0.9994216301235046	11.451909626170904	11.451924563621834
8	0.0	2	chi32	ZZ up-up r=1	-0.3135791090430252	1.7978528041306951e-6	0.999994302332707	11.451923443059753	11.451924563621834
8	0.0	2	exact	ZZ up-up r=1	-0.3135791090430252	0.0	NaN	11.451924563621834	11.451924563621834
8	0.0	2	UHF	ZZ up-up r=1	-0.3135791090430252	0.4633859337762384	NaN	0.47943973678571605	11.451924563621834
8	0.0	2	UHFsym	ZZ up-up r=1	-0.3135791090430252	0.07141418811692513	NaN	7.403409437261853	11.451924563621834
8	0.0	2	chi2	SzSz r=1	-0.06340708048414227	-0.06340708048414229	0.3492286746761149	0.9999999999999998	8.210923373327063
8	0.0	2	chi4	SzSz r=1	-0.06340708048414227	-0.06340708048414227	0.7090574719632964	1.004830973136271	8.210923373327063
8	0.0	2	chi8	SzSz r=1	-0.06340708048414227	-0.00017091643478174545	0.9910999615936822	8.202030155994395	8.210923373327063
8	0.0	2	chi16	SzSz r=1	-0.06340708048414227	-4.22766341197367e-6	0.9994216301235046	8.211097195597343	8.210923373327063
8	0.0	2	chi32	SzSz r=1	-0.06340708048414227	4.083075597627328e-7	0.999994302332707	8.210915438279429	8.210923373327063
8	0.0	2	exact	SzSz r=1	-0.06340708048414227	0.0	NaN	8.210923373327063	8.210923373327063
8	0.0	2	UHF	SzSz r=1	-0.06340708048414227	0.1071992817531311	NaN	0.36535277147592576	8.210923373327063
8	0.0	2	UHFsym	SzSz r=1	-0.06340708048414227	0.00920634533830307	NaN	6.82197607276757	8.210923373327063
8	0.0	2	chi2	hop up r=1	0.3702408788783661	0.3702408788783661	0.3492286746761149	1.0	16.302092692795934
8	0.0	2	chi4	hop up r=1	0.3702408788783661	0.12376265867861733	0.7090574719632964	5.927162889613606	16.302092692795934
8	0.0	2	chi8	hop up r=1	0.3702408788783661	0.0024941403744284663	0.9910999615936822	16.270959880539237	16.302092692795934
8	0.0	2	chi16	hop up r=1	0.3702408788783661	-5.743102004307499e-5	0.9994216301235046	16.302547454507174	16.302092692795934
8	0.0	2	chi32	hop up r=1	0.3702408788783661	-7.110862374481997e-7	0.999994302332707	16.302098395829205	16.302092692795934
8	0.0	2	exact	hop up r=1	0.3702408788783661	0.0	NaN	16.302092692795934	16.302092692795934
8	0.0	2	UHF	hop up r=1	0.3702408788783661	-0.06459148852353086	NaN	11.412822966433566	16.302092692795934
8	0.0	2	UHFsym	hop up r=1	0.3702408788783661	-0.06459148852353042	NaN	11.41282296643361	16.302092692795934
8	0.0	3	chi2	n	0.9999999999983601	-1.6401324742787438e-12	0.3492286746761149	0.9999999999891768	0.9999999999988709
8	0.0	3	chi4	n	0.9999999999983601	-6.024235554846769e-10	0.7090574719632964	0.9999999989168361	0.9999999999988709
8	0.0	3	chi8	n	0.9999999999983601	2.821156641630296e-10	0.9910999615936822	1.000000000043724	0.9999999999988709
8	0.0	3	chi16	n	0.9999999999983601	2.728045567224058e-10	0.9994216301235046	0.9999999999938315	0.9999999999988709
8	0.0	3	chi32	n	0.9999999999983601	4.518507790152171e-11	0.999994302332707	1.0000000000292943	0.9999999999988709
8	0.0	3	exact	n	0.9999999999983601	0.0	NaN	0.9999999999988709	0.9999999999988709
8	0.0	3	UHF	n	0.9999999999983601	-1.6405765634885938e-12	NaN	0.021071943024319337	0.9999999999988709
8	0.0	3	UHFsym	n	0.9999999999983601	-1.6407986080935189e-12	NaN	1.0000000000000007	0.9999999999988709
8	0.0	3	chi2	Sz	5.397696178910394e-13	-3.265408776709222e-12	0.3492286746761149	1.0000000000152849	1.0000000000015852
8	0.0	3	chi4	Sz	5.397696178910394e-13	-3.280582125397835e-10	0.7090574719632964	1.0000000015333672	1.0000000000015852
8	0.0	3	chi8	Sz	5.397696178910394e-13	-8.736379675244876e-12	0.9910999615936822	0.9999999999364527	1.0000000000015852
8	0.0	3	chi16	Sz	5.397696178910394e-13	-2.5466941055984904e-11	0.9994216301235046	1.000000000006965	1.0000000000015852
8	0.0	3	chi32	Sz	5.397696178910394e-13	6.770584093374055e-12	0.999994302332707	0.9999999999583363	1.0000000000015852
8	0.0	3	exact	Sz	5.397696178910394e-13	0.0	NaN	1.0000000000015852	1.0000000000015852
8	0.0	3	UHF	Sz	5.397696178910394e-13	-0.3855545936468173	NaN	0.03171071734248647	1.0000000000015852
8	0.0	3	UHFsym	Sz	5.397696178910394e-13	5.397583421884455e-13	NaN	1.0000000000000002	1.0000000000015852
8	0.0	3	chi2	DoubleOcc	0.09785017708886296	0.09785017708886296	0.3492286746761149	2.2972491664649533	28.67401279867719
8	0.0	3	chi4	DoubleOcc	0.09785017708886296	0.013358243197492875	0.7090574719632964	23.56965118462267	28.67401279867719
8	0.0	3	chi8	DoubleOcc	0.09785017708886296	-0.00038574828712842346	0.9910999615936822	28.671377558642185	28.67401279867719
8	0.0	3	chi16	DoubleOcc	0.09785017708886296	4.467059445273369e-5	0.9994216301235046	28.673658121398223	28.67401279867719
8	0.0	3	chi32	DoubleOcc	0.09785017708886296	4.0052881125629547e-7	0.999994302332707	28.674010227962565	28.67401279867719
8	0.0	3	exact	DoubleOcc	0.09785017708886296	0.0	NaN	28.67401279867719	28.67401279867719
8	0.0	3	UHF	DoubleOcc	0.09785017708886296	-0.0034974782285587813	NaN	1.1971394412955132	28.67401279867719
8	0.0	3	UHFsym	DoubleOcc	0.09785017708886296	-0.0034974782285588923	NaN	28.28203542882569	28.67401279867719
8	0.0	3	chi2	ZZ onsite	-0.6085992916412675	0.39140070835873275	0.3492286746761149	2.359383628763264	53.09127723590878
8	0.0	3	chi4	ZZ onsite	-0.6085992916412675	0.05343297399481928	0.7090574719632964	37.98561743925057	53.09127723590878
8	0.0	3	chi8	ZZ onsite	-0.6085992916412675	-0.0015429937127450222	0.9910999615936822	53.06807748938201	53.09127723590878
8	0.0	3	chi16	ZZ onsite	-0.6085992916412675	0.00017868183220248746	0.9994216301235046	53.09166979695599	53.09127723590878
8	0.0	3	chi32	ZZ onsite	-0.6085992916412675	1.602024875646535e-6	0.999994302332707	53.09128287204371	53.09127723590878
8	0.0	3	exact	ZZ onsite	-0.6085992916412675	0.0	NaN	53.09127723590878	53.09127723590878
8	0.0	3	UHF	ZZ onsite	-0.6085992916412675	-0.01398991291095264	NaN	51.623410784231574	53.09127723590878
8	0.0	3	UHFsym	ZZ onsite	-0.6085992916412675	-0.013989912910953084	NaN	51.62341078423149	53.09127723590878
8	0.0	3	chi2	ZZ up-up r=1	-0.7025056489987627	0.29749435100123756	0.3492286746761149	5.660936648264453	89.94522534332161
8	0.0	3	chi4	ZZ up-up r=1	-0.7025056489987627	0.14815799989608724	0.7090574719632964	19.960093789445168	89.94522534332161
8	0.0	3	chi8	ZZ up-up r=1	-0.7025056489987627	-0.00995576953468924	0.9910999615936822	86.28033715251374	89.94522534332161
8	0.0	3	chi16	ZZ up-up r=1	-0.7025056489987627	-0.0030273050584574968	0.9994216301235046	89.1243255115488	89.94522534332161
8	0.0	3	chi32	ZZ up-up r=1	-0.7025056489987627	2.1850058407046902e-7	0.999994302332707	89.94527462762348	89.94522534332161
8	0.0	3	exact	ZZ up-up r=1	-0.7025056489987627	0.0	NaN	89.94522534332161	89.94522534332161
8	0.0	3	UHF	ZZ up-up r=1	-0.7025056489987627	0.08344415529418747	NaN	44.50963039573773	89.94522534332161
8	0.0	3	UHFsym	ZZ up-up r=1	-0.7025056489987627	-0.311890859632387	NaN	4.742253554774904	89.94522534332161
8	0.0	3	chi2	SzSz r=1	-0.1478593746301876	0.10214062536981244	0.3492286746761149	2.024861378928573	53.80301501270825
8	0.0	3	chi4	SzSz r=1	-0.1478593746301876	0.048791679960268064	0.7090574719632964	7.617255781039313	53.80301501270825
8	0.0	3	chi8	SzSz r=1	-0.1478593746301876	-0.002267762075884916	0.9910999615936822	53.20959884853679	53.80301501270825
8	0.0	3	chi16	SzSz r=1	-0.1478593746301876	-0.000507084751576875	0.9994216301235046	53.80908839663661	53.80301501270825
8	0.0	3	chi32	SzSz r=1	-0.1478593746301876	-5.723357442422028e-7	0.999994302332707	53.80334866879943	53.80301501270825
8	0.0	3	exact	SzSz r=1	-0.1478593746301876	0.0	NaN	53.80301501270825	53.80301501270825
8	0.0	3	UHF	SzSz r=1	-0.1478593746301876	0.024500618809178337	NaN	21.284290075693065	53.80301501270825
8	0.0	3	UHFsym	SzSz r=1	-0.1478593746301876	-0.07433313492246424	NaN	3.8519249455579905	53.80301501270825
8	0.0	3	chi2	hop up r=1	0.5891219491580344	0.5891219491580344	0.3492286746761149	1.0	50.63285279606839
8	0.0	3	chi4	hop up r=1	0.5891219491580344	-0.06796154487336603	0.7090574719632964	29.81029387298192	50.63285279606839
8	0.0	3	chi8	hop up r=1	0.5891219491580344	0.005904554441764187	0.9910999615936822	50.528928348940134	50.63285279606839
8	0.0	3	chi16	hop up r=1	0.5891219491580344	0.0010680268074292343	0.9994216301235046	50.651648576550464	50.63285279606839
8	0.0	3	chi32	hop up r=1	0.5891219491580344	-1.2775992476177223e-6	0.999994302332707	50.63282036956332	50.63285279606839
8	0.0	3	exact	hop up r=1	0.5891219491580344	0.0	NaN	50.63285279606839	50.63285279606839
8	0.0	3	UHF	hop up r=1	0.5891219491580344	0.14978192017027425	NaN	12.193789022170957	50.63285279606839
8	0.0	3	UHFsym	hop up r=1	0.5891219491580344	0.14978192017027625	NaN	12.193789022170701	50.63285279606839
8	0.0	4	chi2	n	0.9999999999951111	-4.888867088936877e-12	0.3492286746761149	1.0000000000027305	0.9999999999919607
8	0.0	4	chi4	n	0.9999999999951111	1.5330181568629087e-11	0.7090574719632964	0.9999999999927994	0.9999999999919607
8	0.0	4	chi8	n	0.9999999999951111	3.533473513783747e-11	0.9910999615936822	0.9999999999277566	0.9999999999919607
8	0.0	4	chi16	n	0.9999999999951111	-2.50849341298931e-11	0.9994216301235046	1.0000000000342415	0.9999999999919607
8	0.0	4	chi32	n	0.9999999999951111	-4.2232883856740955e-13	0.999994302332707	0.9999999999929226	0.9999999999919607
8	0.0	4	exact	n	0.9999999999951111	0.0	NaN	0.9999999999919607	0.9999999999919607
8	0.0	4	UHF	n	0.9999999999951111	-4.8864245982827015e-12	NaN	0.02020154250232128	0.9999999999919607
8	0.0	4	UHFsym	n	0.9999999999951111	-4.8864245982827015e-12	NaN	0.9999999999999984	0.9999999999919607
8	0.0	4	chi2	Sz	-4.782702012207096e-13	3.326894315591744e-12	0.3492286746761149	1.0000000000054787	1.0000000000025357
8	0.0	4	chi4	Sz	-4.782702012207096e-13	3.7837732946854885e-11	0.7090574719632964	1.0000000000628073	1.0000000000025357
8	0.0	4	chi8	Sz	-4.782702012207096e-13	-5.039742928536484e-12	0.9910999615936822	1.0000000000086284	1.0000000000025357
8	0.0	4	chi16	Sz	-4.782702012207096e-13	-1.0262068972366478e-12	0.9994216301235046	0.9999999999915812	1.0000000000025357
8	0.0	4	chi32	Sz	-4.782702012207096e-13	3.2981256614661447e-13	0.999994302332707	1.0000000000028508	1.0000000000025357
8	0.0	4	exact	Sz	-4.782702012207096e-13	0.0	NaN	1.0000000000025357	1.0000000000025357
8	0.0	4	UHF	Sz	-4.782702012207096e-13	0.38446574946242273	NaN	0.029745480832164967	1.0000000000025357
8	0.0	4	UHFsym	Sz	-4.782702012207096e-13	-4.782333383468451e-13	NaN	1.000000000000001	1.0000000000025357
8	0.0	4	chi2	DoubleOcc	0.10006892733917214	0.10006892733917214	0.3492286746761149	2.137508248288944	33.07969767920699
8	0.0	4	chi4	DoubleOcc	0.10006892733917214	0.008499167078370257	0.7090574719632964	29.719486274258927	33.07969767920699
8	0.0	4	chi8	DoubleOcc	0.10006892733917214	-0.0006125586477554179	0.9910999615936822	33.084406264198876	33.07969767920699
8	0.0	4	chi16	DoubleOcc	0.10006892733917214	6.025578939775067e-5	0.9994216301235046	33.07731098147369	33.07969767920699
8	0.0	4	chi32	DoubleOcc	0.10006892733917214	-1.9342364404317802e-6	0.999994302332707	33.07976859084663	33.07969767920699
8	0.0	4	exact	DoubleOcc	0.10006892733917214	0.0	NaN	33.07969767920699	33.07969767920699
8	0.0	4	UHF	DoubleOcc	0.10006892733917214	-0.002117160150756442	NaN	1.2790455636434113	33.07969767920699
8	0.0	4	UHFsym	DoubleOcc	0.10006892733917214	-0.002117160150756331	NaN	32.94535857381313	33.07969767920699
8	0.0	4	chi2	ZZ onsite	-0.5997242906335326	0.4002757093664674	0.3492286746761149	2.204901629707404	53.12095546195351
8	0.0	4	chi4	ZZ onsite	-0.5997242906335326	0.03399666828282133	0.7090574719632964	45.76595885111988	53.12095546195351
8	0.0	4	chi8	ZZ onsite	-0.5997242906335326	-0.002450234661691697	0.9910999615936822	53.05037459363637	53.12095546195351
8	0.0	4	chi16	ZZ onsite	-0.5997242906335326	0.00024102320776242525	0.9994216301235046	53.122925152462116	53.12095546195351
8	0.0	4	chi32	ZZ onsite	-0.5997242906335326	-7.736944916070243e-6	0.999994302332707	53.12087745289092	53.12095546195351
8	0.0	4	exact	ZZ onsite	-0.5997242906335326	0.0	NaN	53.12095546195351	53.12095546195351
8	0.0	4	UHF	ZZ onsite	-0.5997242906335326	-0.008468640593251808	NaN	52.49270929859383	53.12095546195351
8	0.0	4	UHFsym	ZZ onsite	-0.5997242906335326	-0.008468640593251364	NaN	52.49270929859392	53.12095546195351
8	0.0	4	chi2	ZZ up-up r=1	-0.343511097144505	-0.03991757973648391	0.3492286746761149	11.870018760132856	14.4286083111779
8	0.0	4	chi4	ZZ up-up r=1	-0.343511097144505	-0.30287210249855107	0.7090574719632964	1.2575077402637596	14.4286083111779
8	0.0	4	chi8	ZZ up-up r=1	-0.343511097144505	-0.0016470944983955071	0.9910999615936822	14.401266115472614	14.4286083111779
8	0.0	4	chi16	ZZ up-up r=1	-0.343511097144505	-0.0004091128568229352	0.9994216301235046	14.422617524787334	14.4286083111779
8	0.0	4	chi32	ZZ up-up r=1	-0.343511097144505	-1.1217371869487458e-5	0.999994302332707	14.428451131645646	14.4286083111779
8	0.0	4	exact	ZZ up-up r=1	-0.343511097144505	0.0	NaN	14.4286083111779	14.4286083111779
8	0.0	4	UHF	ZZ up-up r=1	-0.343511097144505	0.44021343586746786	NaN	0.6534902495692687	14.4286083111779
8	0.0	4	UHFsym	ZZ up-up r=1	-0.343511097144505	0.04599488599933199	NaN	12.123174462998843	14.4286083111779
8	0.0	4	chi2	SzSz r=1	-0.06980259492960714	0.006095784422398137	0.3492286746761149	7.563297337901654	9.562789208902775
8	0.0	4	chi4	SzSz r=1	-0.06980259492960714	-0.06980259492960714	0.7090574719632964	1.0143413532109828	9.562789208902775
8	0.0	4	chi8	SzSz r=1	-0.06980259492960714	6.105015250819357e-5	0.9910999615936822	9.565543782545253	9.562789208902775
8	0.0	4	chi16	SzSz r=1	-0.06980259492960714	-8.858168501851837e-5	0.9994216301235046	9.56871262688599	9.562789208902775
8	0.0	4	chi32	SzSz r=1	-0.06980259492960714	-9.515011272803742e-6	0.999994302332707	9.564027864706066	9.562789208902775
8	0.0	4	exact	SzSz r=1	-0.06980259492960714	0.0	NaN	9.562789208902775	9.562789208902775
8	0.0	4	UHF	SzSz r=1	-0.06980259492960714	0.10206992795191844	NaN	0.4584503164374963	9.562789208902775
8	0.0	4	UHFsym	SzSz r=1	-0.06980259492960714	0.0035152904848848865	NaN	8.922195732503717	9.562789208902775
8	0.0	4	chi2	hop up r=1	0.39097164277894036	0.39097164277894036	0.3492286746761149	1.0	20.023156010564765
8	0.0	4	chi4	hop up r=1	0.39097164277894036	0.13330368337695264	0.7090574719632964	6.4421912267705475	20.023156010564765
8	0.0	4	chi8	hop up r=1	0.39097164277894036	0.002717423348740755	0.9910999615936822	20.06840176546865	20.023156010564765
8	0.0	4	chi16	hop up r=1	0.39097164277894036	0.0001652361797555013	0.9994216301235046	20.026978012476842	20.023156010564765
8	0.0	4	chi32	hop up r=1	0.39097164277894036	1.466707797709299e-5	0.999994302332707	20.023500845246392	20.023156010564765
8	0.0	4	exact	hop up r=1	0.39097164277894036	0.0	NaN	20.023156010564765	20.023156010564765
8	0.0	4	UHF	hop up r=1	0.39097164277894036	-0.0477411140127198	NaN	14.86889650306177	20.023156010564765
8	0.0	4	UHFsym	hop up r=1	0.39097164277894036	-0.04774111401271891	NaN	14.868896503061906	20.023156010564765
8	0.0	5	chi2	n	0.9999999999982246	-1.7755796832830129e-12	0.3492286746761149	1.0000000000019842	0.9999999999997777
8	0.0	5	chi4	n	0.9999999999982246	-9.235490150416581e-11	0.7090574719632964	0.9999999998961691	0.9999999999997777
8	0.0	5	chi8	n	0.9999999999982246	4.218736471273132e-12	0.9910999615936822	0.999999999999973	0.9999999999997777
8	0.0	5	chi16	n	0.9999999999982246	2.0756174556879614e-11	0.9994216301235046	1.000000000026611	0.9999999999997777
8	0.0	5	chi32	n	0.9999999999982246	4.072631121232462e-12	0.999994302332707	1.000000000005456	0.9999999999997777
8	0.0	5	exact	n	0.9999999999982246	0.0	NaN	0.9999999999997777	0.9999999999997777
8	0.0	5	UHF	n	0.9999999999982246	-1.7741363933510002e-12	NaN	0.018875879802694746	0.9999999999997777
8	0.0	5	UHFsym	n	0.9999999999982246	-1.7742474156534627e-12	NaN	1.000000000000001	0.9999999999997777
8	0.0	5	chi2	Sz	-2.0792742527753205e-12	-3.6775790746013115e-12	0.3492286746761149	1.0000000000006095	0.9999999999998141
8	0.0	5	chi4	Sz	-2.0792742527753205e-12	-1.5328828484317825e-11	0.7090574719632964	0.9999999999741088	0.9999999999998141
8	0.0	5	chi8	Sz	-2.0792742527753205e-12	4.355862892602147e-12	0.9910999615936822	0.9999999999995945	0.9999999999998141
8	0.0	5	chi16	Sz	-2.0792742527753205e-12	5.854830509299802e-13	0.9994216301235046	1.000000000006681	0.9999999999998141
8	0.0	5	chi32	Sz	-2.0792742527753205e-12	-2.186723024877324e-13	0.999994302332707	1.0000000000012883	0.9999999999998141
8	0.0	5	exact	Sz	-2.0792742527753205e-12	0.0	NaN	0.9999999999998141	0.9999999999998141
8	0.0	5	UHF	Sz	-2.0792742527753205e-12	-0.38446574946494955	NaN	0.027881041474966287	0.9999999999998141
8	0.0	5	UHFsym	Sz	-2.0792742527753205e-12	-2.0792660128388096e-12	NaN	1.0000000000000002	0.9999999999998141
8	0.0	5	chi2	DoubleOcc	0.10006892734624856	0.10006892734624856	0.3492286746761149	2.1453689691650255	36.97007844018723
8	0.0	5	chi4	DoubleOcc	0.10006892734624856	0.014694892560973616	0.7090574719632964	27.069481089451717	36.97007844018723
8	0.0	5	chi8	DoubleOcc	0.10006892734624856	-1.2344217124732326e-5	0.9910999615936822	36.970641105252696	36.97007844018723
8	0.0	5	chi16	DoubleOcc	0.10006892734624856	5.096897822398638e-5	0.9994216301235046	36.96756351795223	36.97007844018723
8	0.0	5	chi32	DoubleOcc	0.10006892734624856	-2.0727089045935454e-6	0.999994302332707	36.97017418181756	36.97007844018723
8	0.0	5	exact	DoubleOcc	0.10006892734624856	0.0	NaN	36.97007844018723	36.97007844018723
8	0.0	5	UHF	DoubleOcc	0.10006892734624856	-0.0021171601437043885	NaN	1.378939089970368	36.97007844018723
8	0.0	5	UHFsym	DoubleOcc	0.10006892734624856	-0.0021171601437043885	NaN	36.802348966040526	36.97007844018723
8	0.0	5	chi2	ZZ onsite	-0.5997242906114535	0.40027570938854673	0.3492286746761149	2.1263386714275	60.97289094980434
8	0.0	5	chi4	ZZ onsite	-0.5997242906114535	0.05877957042860493	0.7090574719632964	36.535713194553054	60.97289094980434
8	0.0	5	chi8	ZZ onsite	-0.5997242906114535	-4.9376876937734515e-5	0.9910999615936822	60.97719258277733	60.97289094980434
8	0.0	5	chi16	ZZ onsite	-0.5997242906114535	0.00020387587138537278	0.9994216301235046	60.95460387358529	60.97289094980434
8	0.0	5	chi32	ZZ onsite	-0.5997242906114535	-8.290843762637223e-6	0.999994302332707	60.973616705272484	60.97289094980434
8	0.0	5	exact	ZZ onsite	-0.5997242906114535	0.0	NaN	60.97289094980434	60.97289094980434
8	0.0	5	UHF	ZZ onsite	-0.5997242906114535	-0.008468640571267505	NaN	60.975299051960064	60.97289094980434
8	0.0	5	UHFsym	ZZ onsite	-0.5997242906114535	-0.008468640571267283	NaN	60.975299051960086	60.97289094980434
8	0.0	5	chi2	ZZ up-up r=1	-0.7025056481297685	0.29749435187023177	0.3492286746761149	5.090898973907662	90.86132819539459
8	0.0	5	chi4	ZZ up-up r=1	-0.7025056481297685	0.1449965394514552	0.7090574719632964	17.708880390337598	90.86132819539459
8	0.0	5	chi8	ZZ up-up r=1	-0.7025056481297685	-0.010034542128096624	0.9910999615936822	90.7507306181262	90.86132819539459
8	0.0	5	chi16	ZZ up-up r=1	-0.7025056481297685	-0.0030272947592187016	0.9994216301235046	91.18477401931897	90.86132819539459
8	0.0	5	chi32	ZZ up-up r=1	-0.7025056481297685	1.1598901967779796e-6	0.999994302332707	90.86114580754759	90.86132819539459
8	0.0	5	exact	ZZ up-up r=1	-0.7025056481297685	0.0	NaN	90.86132819539459	90.86132819539459
8	0.0	5	UHF	ZZ up-up r=1	-0.7025056481297685	0.08344415616309675	NaN	37.40096347614781	90.86132819539459
8	0.0	5	UHFsym	ZZ up-up r=1	-0.7025056481297685	-0.3118908587633572	NaN	4.934801885773376	90.86132819539459
8	0.0	5	chi2	SzSz r=1	-0.14785937467545981	0.10214062532454024	0.3492286746761149	2.0104989493960983	55.23808305516663
8	0.0	5	chi4	SzSz r=1	-0.14785937467545981	0.04871851559422927	0.7090574719632964	7.478739938028907	55.23808305516663
8	0.0	5	chi8	SzSz r=1	-0.14785937467545981	-0.0023490220780031656	0.9910999615936822	54.5550005809667	55.23808305516663
8	0.0	5	chi16	SzSz r=1	-0.14785937467545981	-0.000504745395852435	0.9994216301235046	55.30737328296159	55.23808305516663
8	0.0	5	chi32	SzSz r=1	-0.14785937467545981	-6.599456181255459e-7	0.999994302332707	55.238140412288764	55.23808305516663
8	0.0	5	exact	SzSz r=1	-0.14785937467545981	0.0	NaN	55.23808305516663	55.23808305516663
8	0.0	5	UHF	SzSz r=1	-0.14785937467545981	0.024500618763876075	NaN	21.329768767318402	55.23808305516663
8	0.0	5	UHFsym	SzSz r=1	-0.14785937467545981	-0.07433313496773888	NaN	3.8477581930289664	55.23808305516663
8	0.0	5	chi2	hop up r=1	0.5891219490305036	0.5891219490305036	0.3492286746761149	1.0	53.75378464050273
8	0.0	5	chi4	hop up r=1	0.5891219490305036	-0.06458046824069241	0.7090574719632964	32.60091452171395	53.75378464050273
8	0.0	5	chi8	hop up r=1	0.5891219490305036	0.005889237338030373	0.9910999615936822	53.536479792003824	53.75378464050273
8	0.0	5	chi16	hop up r=1	0.5891219490305036	0.0010854447695726188	0.9994216301235046	53.75627311747865	53.75378464050273
8	0.0	5	chi32	hop up r=1	0.5891219490305036	4.12321648834979e-6	0.999994302332707	53.75383060622845	53.75378464050273
8	0.0	5	exact	hop up r=1	0.5891219490305036	0.0	NaN	53.75378464050273	53.75378464050273
8	0.0	5	UHF	hop up r=1	0.5891219490305036	0.14978192004264396	NaN	12.253462548087791	53.75378464050273
8	0.0	5	UHFsym	hop up r=1	0.5891219490305036	0.14978192004264174	NaN	12.253462548088068	53.75378464050273
8	0.0	6	chi2	n	1.000000000019718	1.971800500655263e-11	0.3492286746761149	0.9999999999946759	1.0000000000321043
8	0.0	6	chi4	n	1.000000000019718	2.2297719226571644e-12	0.7090574719632964	1.000000000152506	1.0000000000321043
8	0.0	6	chi8	n	1.000000000019718	5.014433313021982e-12	0.9910999615936822	1.0000000000140474	1.0000000000321043
8	0.0	6	chi16	n	1.000000000019718	7.705613924713361e-12	0.9994216301235046	1.0000000000148794	1.0000000000321043
8	0.0	6	chi32	n	1.000000000019718	1.467714838554457e-12	0.999994302332707	1.0000000000287115	1.0000000000321043
8	0.0	6	exact	n	1.000000000019718	0.0	NaN	1.0000000000321043	1.0000000000321043
8	0.0	6	UHF	n	1.000000000019718	1.9713786159059055e-11	NaN	0.018672525151692265	1.0000000000321043
8	0.0	6	UHFsym	n	1.000000000019718	1.9713786159059055e-11	NaN	1.000000000000003	1.0000000000321043
8	0.0	6	chi2	Sz	3.99180688503975e-12	5.590139462441357e-12	0.3492286746761149	0.9999999999989755	1.0000000000165354
8	0.0	6	chi4	Sz	3.99180688503975e-12	-3.6791847346506756e-11	0.7090574719632964	1.0000000000385432	1.0000000000165354
8	0.0	6	chi8	Sz	3.99180688503975e-12	3.985006769013921e-12	0.9910999615936822	1.0000000000104248	1.0000000000165354
8	0.0	6	chi16	Sz	3.99180688503975e-12	2.965048345737742e-12	0.9994216301235046	1.0000000000091736	1.0000000000165354
8	0.0	6	chi32	Sz	3.99180688503975e-12	5.985073547876141e-13	0.999994302332707	1.000000000015112	1.0000000000165354
8	0.0	6	exact	Sz	3.99180688503975e-12	0.0	NaN	1.0000000000165354	1.0000000000165354
8	0.0	6	UHF	Sz	3.99180688503975e-12	0.385554593651272	NaN	0.026730089794325437	1.0000000000165354
8	0.0	6	UHFsym	Sz	3.99180688503975e-12	3.991826834359724e-12	NaN	1.000000000000003	1.0000000000165354
8	0.0	6	chi2	DoubleOcc	0.0978501770181062	0.0978501770181062	0.3492286746761149	2.3252984828264216	33.2929441711671
8	0.0	6	chi4	DoubleOcc	0.0978501770181062	0.0076602259327977484	0.7090574719632964	30.829042275064385	33.2929441711671
8	0.0	6	chi8	DoubleOcc	0.0978501770181062	-0.001069250814703493	0.9910999615936822	33.23146322090617	33.2929441711671
8	0.0	6	chi16	DoubleOcc	0.0978501770181062	5.0231724898347485e-5	0.9994216301235046	33.29322911897488	33.2929441711671
8	0.0	6	chi32	DoubleOcc	0.0978501770181062	4.7173246847664885e-7	0.999994302332707	33.29294793600874	33.2929441711671
8	0.0	6	exact	DoubleOcc	0.0978501770181062	0.0	NaN	33.2929441711671	33.2929441711671
8	0.0	6	UHF	DoubleOcc	0.0978501770181062	-0.0034974782993765496	NaN	1.195494172622959	33.2929441711671
8	0.0	6	UHFsym	DoubleOcc	0.0978501770181062	-0.0034974782993766884	NaN	32.70795738108842	33.2929441711671
8	0.0	6	chi2	ZZ onsite	-0.6085992919670097	0.3914007080329903	0.3492286746761149	2.394922821064525	58.38155820729526
8	0.0	6	chi4	ZZ onsite	-0.6085992919670097	0.03064090372673256	0.7090574719632964	51.77298640807019	58.38155820729526
8	0.0	6	chi8	ZZ onsite	-0.6085992919670097	-0.004277003268844615	0.9910999615936822	58.080503554449805	58.38155820729526
8	0.0	6	chi16	ZZ onsite	-0.6085992919670097	0.00020092688418393845	0.9994216301235046	58.38768530333284	58.38155820729526
8	0.0	6	chi32	ZZ onsite	-0.6085992919670097	1.886926939143052e-6	0.999994302332707	58.38161911851877	58.38155820729526
8	0.0	6	exact	ZZ onsite	-0.6085992919670097	0.0	NaN	58.38155820729526	58.38155820729526
8	0.0	6	UHF	ZZ onsite	-0.6085992919670097	-0.013989913236932217	NaN	56.25065686711531	58.38155820729526
8	0.0	6	UHFsym	ZZ onsite	-0.6085992919670097	-0.013989913236932772	NaN	56.250656867115154	58.38155820729526
8	0.0	6	chi2	ZZ up-up r=1	-0.31357910936468075	-0.027429089507693905	0.3492286746761149	11.05048608322491	12.452573717317467
8	0.0	6	chi4	ZZ up-up r=1	-0.31357910936468075	-0.2748188411351336	0.7090574719632964	1.2642705848889966	12.452573717317467
8	0.0	6	chi8	ZZ up-up r=1	-0.31357910936468075	-0.001921576756745924	0.9910999615936822	12.410066646916748	12.452573717317467
8	0.0	6	chi16	ZZ up-up r=1	-0.31357910936468075	-5.331821972948125e-5	0.9994216301235046	12.451528583628402	12.452573717317467
8	0.0	6	chi32	ZZ up-up r=1	-0.31357910936468075	1.944819628507677e-6	0.999994302332707	12.45261169343727	12.452573717317467
8	0.0	6	exact	ZZ up-up r=1	-0.31357910936468075	0.0	NaN	12.452573717317467	12.452573717317467
8	0.0	6	UHF	ZZ up-up r=1	-0.31357910936468075	0.4633859334544544	NaN	0.5143937466098463	12.452573717317467
8	0.0	6	UHFsym	ZZ up-up r=1	-0.31357910936468075	0.07141418779531716	NaN	8.549759558160966	12.452573717317467
8	0.0	6	chi2	SzSz r=1	-0.06340708049726203	0.008130424466984684	0.3492286746761149	8.060925276320681	9.733924839784398
8	0.0	6	chi4	SzSz r=1	-0.06340708049726203	-0.06340708049726204	0.7090574719632964	1.0159520278631542	9.733924839784398
8	0.0	6	chi8	SzSz r=1	-0.06340708049726203	-0.00025026261325412913	0.9910999615936822	9.71193810887312	9.733924839784398
8	0.0	6	chi16	SzSz r=1	-0.06340708049726203	2.8400028142666622e-6	0.9994216301235046	9.734255096564782	9.733924839784398
8	0.0	6	chi32	SzSz r=1	-0.06340708049726203	4.2472957757777596e-7	0.999994302332707	9.733947495960473	9.733924839784398
8	0.0	6	exact	SzSz r=1	-0.06340708049726203	0.0	NaN	9.733924839784398	9.733924839784398
8	0.0	6	UHF	SzSz r=1	-0.06340708049726203	0.1071992817399638	NaN	0.4090575818514876	9.733924839784398
8	0.0	6	UHFsym	SzSz r=1	-0.06340708049726203	0.009206345325178542	NaN	8.271555386164579	9.733924839784398
8	0.0	6	chi2	hop up r=1	0.3702408784141126	0.3702408784141126	0.3492286746761149	1.0	14.55541926827478
8	0.0	6	chi4	hop up r=1	0.3702408784141126	0.11817463775950826	0.7090574719632964	5.7283748751345405	14.55541926827478
8	0.0	6	chi8	hop up r=1	0.3702408784141126	0.0029853792315442385	0.9910999615936822	14.45756908789006	14.55541926827478
8	0.0	6	chi16	hop up r=1	0.3702408784141126	5.6080763168819825e-5	0.9994216301235046	14.553792495776534	14.55541926827478
8	0.0	6	chi32	hop up r=1	0.3702408784141126	-8.667470495216101e-7	0.999994302332707	14.555444346256236	14.55541926827478
8	0.0	6	exact	hop up r=1	0.3702408784141126	0.0	NaN	14.55541926827478	14.55541926827478
8	0.0	6	UHF	hop up r=1	0.3702408784141126	-0.06459148898793665	NaN	11.535752098521133	14.55541926827478
8	0.0	6	UHFsym	hop up r=1	0.3702408784141126	-0.06459148898793687	NaN	11.535752098521113	14.55541926827478
8	0.0	7	chi2	n	0.999999999890219	-1.0978118414328719e-10	0.3492286746761149	0.9999999999912268	0.9999999999779988
8	0.0	7	chi4	n	0.999999999890219	-5.124090041164209e-11	0.7090574719632964	0.999999999994626	0.9999999999779988
8	0.0	7	chi8	n	0.999999999890219	-1.2998491172311333e-12	0.9910999615936822	0.9999999999796901	0.9999999999779988
8	0.0	7	chi16	n	0.999999999890219	-4.395483976793457e-12	0.9994216301235046	0.9999999999808691	0.9999999999779988
8	0.0	7	chi32	n	0.999999999890219	-5.6742388565567126e-12	0.999994302332707	0.9999999999786725	0.9999999999779988
8	0.0	7	exact	n	0.999999999890219	0.0	NaN	0.9999999999779988	0.9999999999779988
8	0.0	7	UHF	n	0.999999999890219	-1.097808510763798e-10	NaN	0.021209727947199778	0.9999999999779988
8	0.0	7	UHFsym	n	0.999999999890219	-1.0978096209868227e-10	NaN	1.0000000000000013	0.9999999999779988
8	0.0	7	chi2	Sz	-4.079667159651024e-12	2.0226736952011493e-12	0.3492286746761149	1.0000000000090197	1.0000000001211962
8	0.0	7	chi4	Sz	-4.079667159651024e-12	-6.326182633298316e-12	0.7090574719632964	1.0000000000580904	1.0000000001211962
8	0.0	7	chi8	Sz	-4.079667159651024e-12	-1.0435888264659354e-12	0.9910999615936822	1.000000000118291	1.0000000001211962
8	0.0	7	chi16	Sz	-4.079667159651024e-12	-1.5469639458309814e-12	0.9994216301235046	1.0000000001142966	1.0000000001211962
8	0.0	7	chi32	Sz	-4.079667159651024e-12	1.1178558079194545e-13	0.999994302332707	1.0000000001154083	1.0000000001211962
8	0.0	7	exact	Sz	-4.079667159651024e-12	0.0	NaN	1.0000000001211962	1.0000000001211962
8	0.0	7	UHF	Sz	-4.079667159651024e-12	-0.3811949492830965	NaN	0.03349076908948265	1.0000000001211962
8	0.0	7	UHFsym	Sz	-4.079667159651024e-12	-4.0796740985449276e-12	NaN	1.0000000000000002	1.0000000001211962
8	0.0	7	chi2	DoubleOcc	0.0990258844389437	0.0990258844389437	0.3492286746761149	2.264484136794262	26.317576355442963
8	0.0	7	chi4	DoubleOcc	0.0990258844389437	0.012874217942874966	0.7090574719632964	22.666624432447282	26.317576355442963
8	0.0	7	chi8	DoubleOcc	0.0990258844389437	0.0005021553801327905	0.9910999615936822	26.33206897644424	26.317576355442963
8	0.0	7	chi16	DoubleOcc	0.0990258844389437	2.670184837516576e-5	0.9994216301235046	26.318714088655117	26.317576355442963
8	0.0	7	chi32	DoubleOcc	0.0990258844389437	3.350992199557812e-7	0.999994302332707	26.317590888847043	26.317576355442963
8	0.0	7	exact	DoubleOcc	0.0990258844389437	0.0	NaN	26.317576355442963	26.317576355442963
8	0.0	7	UHF	DoubleOcc	0.0990258844389437	-0.005664526205224063	NaN	1.103237450779967	26.317576355442963
8	0.0	7	UHFsym	DoubleOcc	0.0990258844389437	-0.0056645262052241185	NaN	25.193271679509486	26.317576355442963
8	0.0	7	chi2	ZZ onsite	-0.6038964620246616	0.3961035379753386	0.3492286746761149	2.303001973053608	52.1358189750492
8	0.0	7	chi4	ZZ onsite	-0.6038964620246616	0.05149687187398311	0.7090574719632964	38.877191293720664	52.1358189750492
8	0.0	7	chi8	ZZ onsite	-0.6038964620246616	0.002008621523130083	0.9910999615936822	52.164256100438664	52.1358189750492
8	0.0	7	chi16	ZZ onsite	-0.6038964620246616	0.0001068074022936294	0.9994216301235046	52.1388057143957	52.1358189750492
8	0.0	7	chi32	ZZ onsite	-0.6038964620246616	1.3404082289669716e-6	0.999994302332707	52.13585748254351	52.1358189750492
8	0.0	7	exact	ZZ onsite	-0.6038964620246616	0.0	NaN	52.1358189750492	52.1358189750492
8	0.0	7	UHF	ZZ onsite	-0.6038964620246616	-0.022658104601332885	NaN	48.09547601426536	52.1358189750492
8	0.0	7	UHFsym	ZZ onsite	-0.6038964620246616	-0.022658104601333107	NaN	48.09547601426527	52.1358189750492
8	0.0	7	chi2	ZZ up-up r=1	-0.8353022270161023	0.16469777298389787	0.3492286746761149	24.419466185858887	203.2547997147732
8	0.0	7	chi4	ZZ up-up r=1	-0.8353022270161023	0.08717723652480358	0.7090574719632964	69.14401772462251	203.2547997147732
8	0.0	7	chi8	ZZ up-up r=1	-0.8353022270161023	0.004279762199656534	0.9910999615936822	204.57654141268074	203.2547997147732
8	0.0	7	chi16	ZZ up-up r=1	-0.8353022270161023	0.0002717498248583361	0.9994216301235046	203.40173714797132	203.2547997147732
8	0.0	7	chi32	ZZ up-up r=1	-0.8353022270161023	5.067466091968065e-6	0.999994302332707	203.257616519317	203.2547997147732
8	0.0	7	exact	ZZ up-up r=1	-0.8353022270161023	0.0	NaN	203.2547997147732	203.2547997147732
8	0.0	7	UHF	ZZ up-up r=1	-0.8353022270161023	0.05056427176000544	NaN	127.47976836066957	203.2547997147732
8	0.0	7	UHFsym	ZZ up-up r=1	-0.8353022270161023	-0.39451838021547286	NaN	4.35354040328855	203.2547997147732
8	0.0	7	chi2	SzSz r=1	-0.1771488347354485	0.07285116526455154	0.3492286746761149	5.326659651685589	93.01909343548861
8	0.0	7	chi4	SzSz r=1	-0.1771488347354485	0.028372546027440382	0.7090574719632964	28.070483236209714	93.01909343548861
8	0.0	7	chi8	SzSz r=1	-0.1771488347354485	0.0009147417625499643	0.9910999615936822	92.94001390008717	93.01909343548861
8	0.0	7	chi16	SzSz r=1	-0.1771488347354485	5.411815682346277e-5	0.9994216301235046	93.02694852944383	93.01909343548861
8	0.0	7	chi32	SzSz r=1	-0.1771488347354485	1.162043267138868e-6	0.999994302332707	93.0192808545659	93.01909343548861
8	0.0	7	exact	SzSz r=1	-0.1771488347354485	0.0	NaN	93.01909343548861	93.01909343548861
8	0.0	7	UHF	SzSz r=1	-0.1771488347354485	0.017027288966908333	NaN	50.7050285894393	93.01909343548861
8	0.0	7	UHFsym	SzSz r=1	-0.1771488347354485	-0.09424337402696063	NaN	3.444896511662875	93.01909343548861
8	0.0	7	chi2	hop up r=1	0.6413966458302871	0.6413966458302871	0.3492286746761149	1.0	69.99608100856457
8	0.0	7	chi4	hop up r=1	0.6413966458302871	-0.03505486155069315	0.7090574719632964	59.39441061750522	69.99608100856457
8	0.0	7	chi8	hop up r=1	0.6413966458302871	-0.002099946611980097	0.9910999615936822	70.054448636359	69.99608100856457
8	0.0	7	chi16	hop up r=1	0.6413966458302871	-0.00017742426747568985	0.9994216301235046	70.00498604258631	69.99608100856457
8	0.0	7	chi32	hop up r=1	0.6413966458302871	-2.09095647962787e-6	0.999994302332707	69.9961902157418	69.99608100856457
8	0.0	7	exact	hop up r=1	0.6413966458302871	0.0	NaN	69.99608100856457	69.99608100856457
8	0.0	7	UHF	hop up r=1	0.6413966458302871	0.17414509908768144	NaN	11.324566704666253	69.99608100856457
8	0.0	7	UHFsym	hop up r=1	0.6413966458302871	0.17414509908768294	NaN	11.324566704666093	69.99608100856457
8	0.125	1	chi2	n	0.9150344992392141	-0.0849655007607859	0.15859062026681958	6.247244929317484	12.34502870866461
8	0.125	1	chi4	n	0.9150344992392141	-0.02654675944135687	0.7419358836054588	11.259841251428144	12.34502870866461
8	0.125	1	chi8	n	0.9150344992392141	-0.0021008404881547316	0.9653992717411799	12.281503193545968	12.34502870866461
8	0.125	1	chi16	n	0.9150344992392141	-0.00011775640740496751	0.9988235767160968	12.34459297329685	12.34502870866461
8	0.125	1	chi32	n	0.9150344992392141	-1.112766718214253e-6	0.9999826433049892	12.345022314268295	12.34502870866461
8	0.125	1	exact	n	0.9150344992392141	0.0	NaN	12.34502870866461	12.34502870866461
8	0.125	1	UHF	n	0.9150344992392141	-0.06519518453818263	NaN	0.4670200123478138	12.34502870866461
8	0.125	1	UHFsym	n	0.9150344992392141	-0.0651951845381824	NaN	1.0150130700647733	12.34502870866461
8	0.125	1	chi2	Sz	0.17425948192195265	-0.02543498314697154	0.15859062026681958	5.154578107363593	8.995509711679734
8	0.125	1	chi4	Sz	0.17425948192195265	-0.007920995905861011	0.7419358836054588	8.277267709992149	8.995509711679734
8	0.125	1	chi8	Sz	0.17425948192195265	-0.002976409672621555	0.9653992717411799	8.930305852184388	8.995509711679734
8	0.125	1	chi16	Sz	0.17425948192195265	-8.093248531851338e-5	0.9988235767160968	8.994148198518264	8.995509711679734
8	0.125	1	chi32	Sz	0.17425948192195265	-1.2019967801923936e-6	0.9999826433049892	8.995492165583054	8.995509711679734
8	0.125	1	exact	Sz	0.17425948192195265	0.0	NaN	8.995509711679734	8.995509711679734
8	0.125	1	UHF	Sz	0.17425948192195265	-0.2579089947854232	NaN	0.4624602403604479	8.995509711679734
8	0.125	1	UHFsym	Sz	0.17425948192195265	0.17425948192195265	NaN	1.0152145283663827	8.995509711679734
8	0.125	1	chi2	DoubleOcc	0.05046733390981745	0.05046733390981745	0.15859062026681958	4.27373647904373	49.35539803330095
8	0.125	1	chi4	DoubleOcc	0.05046733390981745	-0.0009407469629531817	0.7419358836054588	43.09585633040052	49.35539803330095
8	0.125	1	chi8	DoubleOcc	0.05046733390981745	-0.0003369553186368113	0.9653992717411799	49.28015638307384	49.35539803330095
8	0.125	1	chi16	DoubleOcc	0.05046733390981745	-6.761308655900411e-6	0.9988235767160968	49.35592293375442	49.35539803330095
8	0.125	1	chi32	DoubleOcc	0.05046733390981745	9.639145392981163e-8	0.9999826433049892	49.35541443525754	49.35539803330095
8	0.125	1	exact	DoubleOcc	0.05046733390981745	0.0	NaN	49.35539803330095	49.35539803330095
8	0.125	1	UHF	DoubleOcc	0.05046733390981745	-0.002975632070192663	NaN	3.3335591262143516	49.35539803330095
8	0.125	1	UHFsym	DoubleOcc	0.05046733390981745	-0.0029756320701925243	NaN	5.986569071905123	49.35539803330095
8	0.125	1	chi2	ZZ onsite	-0.6281996628391586	0.3718003371608414	0.15859062026681958	2.815068709085341	59.90022213022915
8	0.125	1	chi4	ZZ onsite	-0.6281996628391586	0.04933053103090046	0.7419358836054588	44.989648075921245	59.90022213022915
8	0.125	1	chi8	ZZ onsite	-0.6281996628391586	0.002853859701761996	0.9653992717411799	59.93000885612508	59.90022213022915
8	0.125	1	chi16	ZZ onsite	-0.6281996628391586	0.00020846758018633338	0.9988235767160968	59.9072966782927	59.90022213022915
8	0.125	1	chi32	ZZ onsite	-0.6281996628391586	2.6110992523697973e-6	0.9999826433049892	59.90031550495223	59.90022213022915
8	0.125	1	exact	ZZ onsite	-0.6281996628391586	0.0	NaN	59.90022213022915	59.90022213022915
8	0.125	1	UHF	ZZ onsite	-0.6281996628391586	0.11848784079559405	NaN	19.891972832849643	59.90022213022915
8	0.125	1	UHFsym	ZZ onsite	-0.6281996628391586	0.11848784079559438	NaN	19.891972832849575	59.90022213022915
8	0.125	1	chi2	ZZ up-up r=1	-0.762350903336104	0.237649096663896	0.15859062026681958	9.623672341329671	118.65392204738336
8	0.125	1	chi4	ZZ up-up r=1	-0.762350903336104	0.10260948226605238	0.7419358836054588	38.36643738204456	118.65392204738336
8	0.125	1	chi8	ZZ up-up r=1	-0.762350903336104	0.015172818121570009	0.9653992717411799	113.93152148442194	118.65392204738336
8	0.125	1	chi16	ZZ up-up r=1	-0.762350903336104	0.00046786009814137053	0.9988235767160968	118.66717035575861	118.65392204738336
8	0.125	1	chi32	ZZ up-up r=1	-0.762350903336104	1.2709826543444436e-5	0.9999826433049892	118.65442056582987	118.65392204738336
8	0.125	1	exact	ZZ up-up r=1	-0.762350903336104	0.0	NaN	118.65392204738336	118.65392204738336
8	0.125	1	UHF	ZZ up-up r=1	-0.762350903336104	0.13697955937909567	NaN	25.008029093051203	118.65392204738336
8	0.125	1	UHFsym	ZZ up-up r=1	-0.762350903336104	-0.3341528073738227	NaN	5.013559501666853	118.65392204738336
8	0.125	1	chi2	SzSz r=1	-0.14020271410820734	0.10979728589179266	0.15859062026681958	1.515555228398219	45.32738821047868
8	0.125	1	chi4	SzSz r=1	-0.14020271410820734	0.012717283246043376	0.7419358836054588	29.845093631414645	45.32738821047868
8	0.125	1	chi8	SzSz r=1	-0.14020271410820734	0.003217070200032479	0.9653992717411799	44.04216513429221	45.32738821047868
8	0.125	1	chi16	SzSz r=1	-0.14020271410820734	0.00010882694602015741	0.9988235767160968	45.31231700581287	45.32738821047868
8	0.125	1	chi32	SzSz r=1	-0.14020271410820734	2.586284289285423e-6	0.9999826433049892	45.32714995916202	45.32738821047868
8	0.125	1	exact	SzSz r=1	-0.14020271410820734	0.0	NaN	45.32738821047868	45.32738821047868
8	0.125	1	UHF	SzSz r=1	-0.14020271410820734	0.04219555134405456	NaN	8.778770040383124	45.32738821047868
8	0.125	1	UHFsym	SzSz r=1	-0.14020271410820734	-0.060926900010454144	NaN	4.6827904628557135	45.32738821047868
8	0.125	1	chi2	hop up r=1	0.656166069790556	0.656166069790556	0.15859062026681958	1.0	77.31396628333735
8	0.125	1	chi4	hop up r=1	0.656166069790556	-0.04843888197776591	0.7419358836054588	52.70139361841788	77.31396628333735
8	0.125	1	chi8	hop up r=1	0.656166069790556	-0.008699523677730525	0.9653992717411799	75.64365242888034	77.31396628333735
8	0.125	1	chi16	hop up r=1	0.656166069790556	-0.0002624871946088625	0.9988235767160968	77.29306611851084	77.31396628333735
8	0.125	1	chi32	hop up r=1	0.656166069790556	-6.629131977020641e-6	0.9999826433049892	77.31346174820816	77.31396628333735
8	0.125	1	exact	hop up r=1	0.656166069790556	0.0	NaN	77.31396628333735	77.31396628333735
8	0.125	1	UHF	hop up r=1	0.656166069790556	0.15069614583498736	NaN	15.743027338060726	77.31396628333735
8	0.125	1	UHFsym	hop up r=1	0.656166069790556	0.1839642941706966	NaN	11.256564948046332	77.31396628333735
8	0.125	2	chi2	n	0.9086653955863868	-0.09133460441361319	0.15859062026681958	0.32902534264317473	2.881455986699142
8	0.125	2	chi4	n	0.9086653955863868	0.008744973736924733	0.7419358836054588	2.5454798878709686	2.881455986699142
8	0.125	2	chi8	n	0.9086653955863868	-0.0014878395000830213	0.9653992717411799	2.864869577633568	2.881455986699142
8	0.125	2	chi16	n	0.9086653955863868	-8.918869794505291e-5	0.9988235767160968	2.880720620753189	2.881455986699142
8	0.125	2	chi32	n	0.9086653955863868	-3.032505079270109e-7	0.9999826433049892	2.8814460127561765	2.881455986699142
8	0.125	2	exact	n	0.9086653955863868	0.0	NaN	2.881455986699142	2.881455986699142
8	0.125	2	UHF	n	0.9086653955863868	-0.04349501934074007	NaN	0.09040530666104492	2.881455986699142
8	0.125	2	UHFsym	n	0.9086653955863868	-0.04349501934074007	NaN	1.2222487346378408	2.881455986699142
8	0.125	2	chi2	Sz	-0.06055741055993439	0.13913705450898986	0.15859062026681958	0.39263638319876715	2.39667259839758
8	0.125	2	chi4	Sz	-0.06055741055993439	0.018786545733508957	0.7419358836054588	2.2485726260269963	2.39667259839758
8	0.125	2	chi8	Sz	-0.06055741055993439	0.002177161882484173	0.9653992717411799	2.3953404258047932	2.39667259839758
8	0.125	2	chi16	Sz	-0.06055741055993439	0.00014240310283516328	0.9988235767160968	2.3967834552142264	2.39667259839758
8	0.125	2	chi32	Sz	-0.06055741055993439	3.1664962526142815e-6	0.9999826433049892	2.3966776521633237	2.39667259839758
8	0.125	2	exact	Sz	-0.06055741055993439	0.0	NaN	2.39667259839758	2.39667259839758
8	0.125	2	UHF	Sz	-0.06055741055993439	0.2966831401727137	NaN	0.11172285578617618	2.39667259839758
8	0.125	2	UHFsym	Sz	-0.06055741055993439	-0.06055741055993437	NaN	1.1965137375332013	2.39667259839758
8	0.125	2	chi2	DoubleOcc	0.08520506345540599	0.08520506345540599	0.15859062026681958	1.0979077854389274	23.818119919927923
8	0.125	2	chi4	DoubleOcc	0.08520506345540599	-0.002101377786544817	0.7419358836054588	20.779466580637216	23.818119919927923
8	0.125	2	chi8	DoubleOcc	0.08520506345540599	-4.103731685400902e-5	0.9653992717411799	23.790896918143638	23.818119919927923
8	0.125	2	chi16	DoubleOcc	0.08520506345540599	1.5906490372016857e-5	0.9988235767160968	23.819553966631677	23.818119919927923
8	0.125	2	chi32	DoubleOcc	0.08520506345540599	3.7293467049226425e-7	0.9999826433049892	23.818088509657333	23.818119919927923
8	0.125	2	exact	DoubleOcc	0.08520506345540599	0.0	NaN	23.818119919927923	23.818119919927923
8	0.125	2	UHF	DoubleOcc	0.08520506345540599	-0.013826489395377922	NaN	1.4374631688130863	23.818119919927923
8	0.125	2	UHFsym	DoubleOcc	0.08520506345540599	-0.013826489395378033	NaN	14.977476991981726	23.818119919927923
8	0.125	2	chi2	ZZ onsite	-0.47651053735114934	0.5234894626488507	0.15859062026681958	0.831369447562557	27.865648504925332
8	0.125	2	chi4	ZZ onsite	-0.47651053735114934	-0.025895458620029177	0.7419358836054588	25.867299616698766	27.865648504925332
8	0.125	2	chi8	ZZ onsite	-0.47651053735114934	0.0028115297327497846	0.9653992717411799	27.832907216683193	27.865648504925332
8	0.125	2	chi16	ZZ onsite	-0.47651053735114934	0.00024200335737784018	0.9988235767160968	27.864880292036823	27.865648504925332
8	0.125	2	chi32	ZZ onsite	-0.47651053735114934	2.0982396980451234e-6	0.9999826433049892	27.865643506270448	27.865648504925332
8	0.125	2	exact	ZZ onsite	-0.47651053735114934	0.0	NaN	27.865648504925332	27.865648504925332
8	0.125	2	UHF	ZZ onsite	-0.47651053735114934	0.031684081099968786	NaN	24.843264953906914	27.865648504925332
8	0.125	2	UHFsym	ZZ onsite	-0.47651053735114934	0.03168408109996845	NaN	24.843264953906985	27.865648504925332
8	0.125	2	chi2	ZZ up-up r=1	-0.2724598165638231	-0.1891559020139041	0.15859062026681958	1.8145133671451192	7.59076653188767
8	0.125	2	chi4	ZZ up-up r=1	-0.2724598165638231	-0.18672168936589872	0.7419358836054588	1.8503975249412468	7.59076653188767
8	0.125	2	chi8	ZZ up-up r=1	-0.2724598165638231	-0.03345644282255952	0.9653992717411799	6.8833079726853805	7.59076653188767
8	0.125	2	chi16	ZZ up-up r=1	-0.2724598165638231	4.465821433746742e-5	0.9988235767160968	7.59080447580048	7.59076653188767
8	0.125	2	chi32	ZZ up-up r=1	-0.2724598165638231	6.024826563921781e-6	0.9999826433049892	7.590771806980688	7.59076653188767
8	0.125	2	exact	ZZ up-up r=1	-0.2724598165638231	0.0	NaN	7.59076653188767	7.59076653188767
8	0.125	2	UHF	ZZ up-up r=1	-0.2724598165638231	0.222005051685232	NaN	1.4243978446407108	7.59076653188767
8	0.125	2	UHFsym	ZZ up-up r=1	-0.2724598165638231	0.07959672820946795	NaN	4.895435116697743	7.59076653188767
8	0.125	2	chi2	SzSz r=1	-0.067286876431123	-0.006950270845152054	0.15859062026681958	4.351931717316267	10.429536942229275
8	0.125	2	chi4	SzSz r=1	-0.067286876431123	-0.023347020758362702	0.7419358836054588	4.680461952139704	10.429536942229275
8	0.125	2	chi8	SzSz r=1	-0.067286876431123	-0.0025259644254571056	0.9653992717411799	10.23270763303444	10.429536942229275
8	0.125	2	chi16	SzSz r=1	-0.067286876431123	7.513437620498831e-5	0.9988235767160968	10.432545251185559	10.429536942229275
8	0.125	2	chi32	SzSz r=1	-0.067286876431123	1.3438626871586923e-6	0.9999826433049892	10.42958240720293	10.429536942229275
8	0.125	2	exact	SzSz r=1	-0.067286876431123	0.0	NaN	10.429536942229275	10.429536942229275
8	0.125	2	UHF	SzSz r=1	-0.067286876431123	0.06838955771173635	NaN	0.9846672296743635	10.429536942229275
8	0.125	2	UHFsym	SzSz r=1	-0.067286876431123	-0.005102179700336287	NaN	7.797906399569474	10.429536942229275
8	0.125	2	chi2	hop up r=1	0.4126262166370995	0.4126262166370995	0.15859062026681958	1.0	21.29430748006181
8	0.125	2	chi4	hop up r=1	0.4126262166370995	0.24523882029954278	0.7419358836054588	2.5957108050574846	21.29430748006181
8	0.125	2	chi8	hop up r=1	0.4126262166370995	0.01592035469166375	0.9653992717411799	20.56244843560637	21.29430748006181
8	0.125	2	chi16	hop up r=1	0.4126262166370995	-7.94541652928138e-5	0.9988235767160968	21.2948863918757	21.29430748006181
8	0.125	2	chi32	hop up r=1	0.4126262166370995	-3.7066457013179566e-6	0.9999826433049892	21.29433519394488	21.29430748006181
8	0.125	2	exact	hop up r=1	0.4126262166370995	0.0	NaN	21.29430748006181	21.29430748006181
8	0.125	2	UHF	hop up r=1	0.4126262166370995	0.04233744319771465	NaN	17.35462906744661	21.29430748006181
8	0.125	2	UHFsym	hop up r=1	0.4126262166370995	-0.0474634014478324	NaN	17.036595726572955	21.29430748006181
8	0.125	3	chi2	n	0.8380888231707702	0.23379960999557414	0.15859062026681958	0.45714595745745656	6.429157401850494
8	0.125	3	chi4	n	0.8380888231707702	-0.010606234489200395	0.7419358836054588	5.449009726385866	6.429157401850494
8	0.125	3	chi8	n	0.8380888231707702	0.004443547234806777	0.9653992717411799	6.380639554938816	6.429157401850494
8	0.125	3	chi16	n	0.8380888231707702	9.267761268327845e-5	0.9988235767160968	6.427447672742179	6.429157401850494
8	0.125	3	chi32	n	0.8380888231707702	2.0536114107017056e-6	0.9999826433049892	6.429135633511171	6.429157401850494
8	0.125	3	exact	n	0.8380888231707702	0.0	NaN	6.429157401850494	6.429157401850494
8	0.125	3	UHF	n	0.8380888231707702	-0.02487891945981424	NaN	0.5760944092908653	6.429157401850494
8	0.125	3	UHFsym	n	0.8380888231707702	-0.02487891945981413	NaN	1.2839201826750304	6.429157401850494
8	0.125	3	chi2	Sz	0.1213530758335445	-0.18079153075405352	0.15859062026681958	0.5719998601230385	6.342929809610389
8	0.125	3	chi4	Sz	0.1213530758335445	-0.0209812606976406	0.7419358836054588	6.060653172500152	6.342929809610389
8	0.125	3	chi8	Sz	0.1213530758335445	-0.0015193161610577294	0.9653992717411799	6.364740202139538	6.342929809610389
8	0.125	3	chi16	Sz	0.1213530758335445	-0.00010385479894790828	0.9988235767160968	6.34526615393852	6.342929809610389
8	0.125	3	chi32	Sz	0.1213530758335445	-1.0969510260555593e-6	0.9999826433049892	6.342953868976169	6.342929809610389
8	0.125	3	exact	Sz	0.1213530758335445	0.0	NaN	6.342929809610389	6.342929809610389
8	0.125	3	UHF	Sz	0.1213530758335445	-0.1815467569958092	NaN	0.7101628993286148	6.342929809610389
8	0.125	3	UHFsym	Sz	0.1213530758335445	0.12135307583354443	NaN	1.2221344377612524	6.342929809610389
8	0.125	3	chi2	DoubleOcc	0.06823921084443053	0.06823921084443055	0.15859062026681958	2.4577203860709256	21.150170498880527
8	0.125	3	chi4	DoubleOcc	0.06823921084443053	-0.00494217646083521	0.7419358836054588	18.41494318455961	21.150170498880527
8	0.125	3	chi8	DoubleOcc	0.06823921084443053	0.0028067956785044756	0.9653992717411799	20.99168314811764	21.150170498880527
8	0.125	3	chi16	DoubleOcc	0.06823921084443053	9.928607329337535e-5	0.9988235767160968	21.14249177196809	21.150170498880527
8	0.125	3	chi32	DoubleOcc	0.06823921084443053	2.103994791793906e-6	0.9999826433049892	21.150090646860406	21.150170498880527
8	0.125	3	exact	DoubleOcc	0.06823921084443053	0.0	NaN	21.150170498880527	21.150170498880527
8	0.125	3	UHF	DoubleOcc	0.06823921084443053	-0.026190811632750652	NaN	2.8014984406173857	21.150170498880527
8	0.125	3	UHFsym	DoubleOcc	0.06823921084443053	-0.026190811632750707	NaN	6.759439191586574	21.150170498880527
8	0.125	3	chi2	ZZ onsite	-0.4032208029638175	-0.1946423766134254	0.15859062026681958	3.5552471376236316	17.76641378281352
8	0.125	3	chi4	ZZ onsite	-0.4032208029638175	0.0014437631350608382	0.7419358836054588	17.785719861991005	17.76641378281352
8	0.125	3	chi8	ZZ onsite	-0.4032208029638175	0.002340088244404348	0.9653992717411799	17.793954338945657	17.76641378281352
8	0.125	3	chi16	ZZ onsite	-0.4032208029638175	0.00021178906780716655	0.9988235767160968	17.76971109172331	17.76641378281352
8	0.125	3	chi32	ZZ onsite	-0.4032208029638175	4.308756346327325e-6	0.9999826433049892	17.766482455475185	17.76641378281352
8	0.125	3	exact	ZZ onsite	-0.4032208029638175	0.0	NaN	17.76641378281352	17.76641378281352
8	0.125	3	UHF	ZZ onsite	-0.4032208029638175	-0.05500540761137368	NaN	13.11521854448162	17.76641378281352
8	0.125	3	UHFsym	ZZ onsite	-0.4032208029638175	-0.05500540761137368	NaN	13.11521854448162	17.76641378281352
8	0.125	3	chi2	ZZ up-up r=1	-0.5869187040253138	0.41308129597468624	0.15859062026681958	1.9974557429677913	52.95498335267959
8	0.125	3	chi4	ZZ up-up r=1	-0.5869187040253138	0.08709115962358582	0.7419358836054588	25.073036241762367	52.95498335267959
8	0.125	3	chi8	ZZ up-up r=1	-0.5869187040253138	-0.022871003398820977	0.9653992717411799	48.765271049768224	52.95498335267959
8	0.125	3	chi16	ZZ up-up r=1	-0.5869187040253138	-0.0016471287625972053	0.9988235767160968	52.90557192700757	52.95498335267959
8	0.125	3	chi32	ZZ up-up r=1	-0.5869187040253138	-3.87017206585627e-5	0.9999826433049892	52.95431666358737	52.95498335267959
8	0.125	3	exact	ZZ up-up r=1	-0.5869187040253138	0.0	NaN	52.95498335267959	52.95498335267959
8	0.125	3	UHF	ZZ up-up r=1	-0.5869187040253138	0.22463406164187272	NaN	6.2216338094799735	52.95498335267959
8	0.125	3	UHFsym	ZZ up-up r=1	-0.5869187040253138	-0.28858502786665335	NaN	3.8915420490094323	52.95498335267959
8	0.125	3	chi2	SzSz r=1	-0.07983970031408547	-0.03071656995782055	0.15859062026681958	1.252081997450644	17.636115399048975
8	0.125	3	chi4	SzSz r=1	-0.07983970031408547	-0.025918106334454835	0.7419358836054588	4.0205291179553235	17.636115399048975
8	0.125	3	chi8	SzSz r=1	-0.07983970031408547	-0.0026725624194362807	0.9653992717411799	17.187563699172394	17.636115399048975
8	0.125	3	chi16	SzSz r=1	-0.07983970031408547	-0.00024206869651967333	0.9988235767160968	17.628982452241548	17.636115399048975
8	0.125	3	chi32	SzSz r=1	-0.07983970031408547	-2.4433334777085314e-6	0.9999826433049892	17.636159384300605	17.636115399048975
8	0.125	3	exact	SzSz r=1	-0.07983970031408547	0.0	NaN	17.636115399048975	17.636115399048975
8	0.125	3	UHF	SzSz r=1	-0.07983970031408547	-0.0010508052250945699	NaN	3.9662059364548354	17.636115399048975
8	0.125	3	UHFsym	SzSz r=1	-0.07983970031408547	-0.03520777354661442	NaN	3.050781434439078	17.636115399048975
8	0.125	3	chi2	hop up r=1	0.6512702605360546	-0.3267353836507231	0.15859062026681958	3.9909704977605536	62.53105421305147
8	0.125	3	chi4	hop up r=1	0.6512702605360546	-0.11332393139660668	0.7419358836054588	23.67702820308779	62.53105421305147
8	0.125	3	chi8	hop up r=1	0.6512702605360546	0.02096068225266401	0.9653992717411799	56.97138187172887	62.53105421305147
8	0.125	3	chi16	hop up r=1	0.6512702605360546	0.000652448091580049	0.9988235767160968	62.45926325311395	62.53105421305147
8	0.125	3	chi32	hop up r=1	0.6512702605360546	7.219188149498734e-7	0.9999826433049892	62.530978879378324	62.53105421305147
8	0.125	3	exact	hop up r=1	0.6512702605360546	0.0	NaN	62.53105421305147	62.53105421305147
8	0.125	3	UHF	hop up r=1	0.6512702605360546	-0.09254131745051875	NaN	30.266998489284063	62.53105421305147
8	0.125	3	UHFsym	hop up r=1	0.6512702605360546	0.13115652755978435	NaN	17.037265515177225	62.53105421305147
8	0.125	4	chi2	n	0.8382112820759515	0.11733744891344577	0.15859062026681958	1.1952442924760522	3.0949641194228508
8	0.125	4	chi4	n	0.8382112820759515	0.02057054604585362	0.7419358836054588	2.8536314426362632	3.0949641194228508
8	0.125	4	chi8	n	0.8382112820759515	0.0011828179104457215	0.9653992717411799	3.0903883917052912	3.0949641194228508
8	0.125	4	chi16	n	0.8382112820759515	7.625534908928255e-5	0.9988235767160968	3.0945296860814153	3.0949641194228508
8	0.125	4	chi32	n	0.8382112820759515	2.173908902114441e-6	0.9999826433049892	3.094952650144738	3.0949641194228508
8	0.125	4	exact	n	0.8382112820759515	0.0	NaN	3.0949641194228508	3.0949641194228508
8	0.125	4	UHF	n	0.8382112820759515	0.1335690484484069	NaN	0.34597538315992066	3.0949641194228508
8	0.125	4	UHFsym	n	0.8382112820759515	0.1335690484484069	NaN	1.0997122174014027	3.0949641194228508
8	0.125	4	chi2	Sz	0.014944852915659695	-0.02032901732789135	0.15859062026681958	1.346245281292617	2.519697912404677
8	0.125	4	chi4	Sz	0.014944852915659695	-0.004482589820043063	0.7419358836054588	2.44704343091493	2.519697912404677
8	0.125	4	chi8	Sz	0.014944852915659695	0.0022792502331723252	0.9653992717411799	2.5234212003331624	2.519697912404677
8	0.125	4	chi16	Sz	0.014944852915659695	-8.636902092358512e-6	0.9988235767160968	2.519710285911012	2.519697912404677
8	0.125	4	chi32	Sz	0.014944852915659695	3.1233749156478474e-8	0.9999826433049892	2.519699063270523	2.519697912404677
8	0.125	4	exact	Sz	0.014944852915659695	0.0	NaN	2.519697912404677	2.519697912404677
8	0.125	4	UHF	Sz	0.014944852915659695	0.14277264697789238	NaN	0.3920535923670287	2.519697912404677
8	0.125	4	UHFsym	Sz	0.014944852915659695	0.01494485291565971	NaN	1.2819498154809066	2.519697912404677
8	0.125	4	chi2	DoubleOcc	0.07518051324508483	-0.05349001166755733	0.15859062026681958	1.3212382310127193	18.723351192577958
8	0.125	4	chi4	DoubleOcc	0.07518051324508483	-0.04919789474881599	0.7419358836054588	3.550630913721005	18.723351192577958
8	0.125	4	chi8	DoubleOcc	0.07518051324508483	0.0018512195569953815	0.9653992717411799	18.56114431512796	18.723351192577958
8	0.125	4	chi16	DoubleOcc	0.07518051324508483	5.6882522800408286e-5	0.9988235767160968	18.720948875789855	18.723351192577958
8	0.125	4	chi32	DoubleOcc	0.07518051324508483	3.419130222503952e-6	0.9999826433049892	18.723195388159322	18.723351192577958
8	0.125	4	exact	DoubleOcc	0.07518051324508483	0.0	NaN	18.723351192577958	18.723351192577958
8	0.125	4	UHF	DoubleOcc	0.07518051324508483	-0.03260971117300243	NaN	1.2908655059812328	18.723351192577958
8	0.125	4	UHFsym	DoubleOcc	0.07518051324508483	-0.03260971117300242	NaN	1.7313845578139737	18.723351192577958
8	0.125	4	chi2	ZZ onsite	-0.37570051117156317	-0.4486349444971203	0.15859062026681958	0.7156042813121325	14.409412830683431
8	0.125	4	chi4	ZZ onsite	-0.37570051117156317	-0.23793267108696997	0.7419358836054588	2.2644870797262366	14.409412830683431
8	0.125	4	chi8	ZZ onsite	-0.37570051117156317	0.005039242407090305	0.9653992717411799	14.362192909366316	14.409412830683431
8	0.125	4	chi16	ZZ onsite	-0.37570051117156317	7.501939302295701e-5	0.9988235767160968	14.409219802614686	14.409412830683431
8	0.125	4	chi32	ZZ onsite	-0.37570051117156317	9.32870308589795e-6	0.9999826433049892	14.409389670156083	14.409412830683431
8	0.125	4	exact	ZZ onsite	-0.37570051117156317	0.0	NaN	14.409412830683431	14.409412830683431
8	0.125	4	UHF	ZZ onsite	-0.37570051117156317	-0.39757694158882284	NaN	0.8994379869991744	14.409412830683431
8	0.125	4	UHFsym	ZZ onsite	-0.37570051117156317	-0.3975769415888228	NaN	0.899437986999175	14.409412830683431
8	0.125	4	chi2	ZZ up-up r=1	-0.2830664252337356	-0.49164485158412774	0.15859062026681958	0.36385099382214614	9.331129815541145
8	0.125	4	chi4	ZZ up-up r=1	-0.2830664252337356	-0.2145256339358561	0.7419358836054588	1.5937497329864265	9.331129815541145
8	0.125	4	chi8	ZZ up-up r=1	-0.2830664252337356	-0.0199765811011961	0.9653992717411799	8.749818119764747	9.331129815541145
8	0.125	4	chi16	ZZ up-up r=1	-0.2830664252337356	0.00011537150572105137	0.9988235767160968	9.332564053285415	9.331129815541145
8	0.125	4	chi32	ZZ up-up r=1	-0.2830664252337356	-0.000197412634748928	0.9999826433049892	9.328619565543905	9.331129815541145
8	0.125	4	exact	ZZ up-up r=1	-0.2830664252337356	0.0	NaN	9.331129815541145	9.331129815541145
8	0.125	4	UHF	ZZ up-up r=1	-0.2830664252337356	-0.5211475349929009	NaN	0.3256932129742895	9.331129815541145
8	0.125	4	UHFsym	ZZ up-up r=1	-0.2830664252337356	-0.019729565273516936	NaN	8.7605392406178	9.331129815541145
8	0.125	4	chi2	SzSz r=1	-0.07695145103965455	-0.0101913855616141	0.15859062026681958	1.1286114883901326	13.980967084138712
8	0.125	4	chi4	SzSz r=1	-0.07695145103965455	-0.0188448032260526	0.7419358836054588	4.462623739878939	13.980967084138712
8	0.125	4	chi8	SzSz r=1	-0.07695145103965455	-0.002517847077681365	0.9653992717411799	13.786549814584562	13.980967084138712
8	0.125	4	chi16	SzSz r=1	-0.07695145103965455	-0.00025717173743362853	0.9988235767160968	13.997605681025219	13.980967084138712
8	0.125	4	chi32	SzSz r=1	-0.07695145103965455	-2.7883105285952947e-5	0.9999826433049892	13.981431135806007	13.980967084138712
8	0.125	4	exact	SzSz r=1	-0.07695145103965455	0.0	NaN	13.980967084138712	13.980967084138712
8	0.125	4	UHF	SzSz r=1	-0.07695145103965455	-0.03795976696374884	NaN	1.243772213806909	13.980967084138712
8	0.125	4	UHFsym	SzSz r=1	-0.07695145103965455	-0.04463979474893229	NaN	2.4986356286166433	13.980967084138712
8	0.125	4	chi2	hop up r=1	0.44877478914450847	0.44877478914450847	0.15859062026681958	1.0	28.924260877838893
8	0.125	4	chi4	hop up r=1	0.44877478914450847	0.1922085299888921	0.7419358836054588	4.837306240642386	28.924260877838893
8	0.125	4	chi8	hop up r=1	0.44877478914450847	0.016575910880005096	0.9653992717411799	28.43154890491731	28.924260877838893
8	0.125	4	chi16	hop up r=1	0.44877478914450847	0.0002752321017558401	0.9988235767160968	28.934310098073443	28.924260877838893
8	0.125	4	chi32	hop up r=1	0.44877478914450847	7.311182743047207e-5	0.9999826433049892	28.92699015493437	28.924260877838893
8	0.125	4	exact	hop up r=1	0.44877478914450847	0.0	NaN	28.924260877838893	28.924260877838893
8	0.125	4	UHF	hop up r=1	0.44877478914450847	0.19277767228371812	NaN	4.8129373728772356	28.924260877838893
8	0.125	4	UHFsym	hop up r=1	0.44877478914450847	-0.131929889631963	NaN	7.9563409035747155	28.924260877838893
8	0.125	5	chi2	n	0.8382112818173766	0.16337432815507835	0.15859062026681958	0.07794025344317602	3.5370594970166187
8	0.125	5	chi4	n	0.8382112818173766	0.023436856133265627	0.7419358836054588	3.4394926310665657	3.5370594970166187
8	0.125	5	chi8	n	0.8382112818173766	0.00024334651718671552	0.9653992717411799	3.5218988579844024	3.5370594970166187
8	0.125	5	chi16	n	0.8382112818173766	6.39964285614747e-5	0.9988235767160968	3.5370886235635544	3.5370594970166187
8	0.125	5	chi32	n	0.8382112818173766	-3.728711694961362e-8	0.9999826433049892	3.537064847900214	3.5370594970166187
8	0.125	5	exact	n	0.8382112818173766	0.0	NaN	3.5370594970166187	3.5370594970166187
8	0.125	5	UHF	n	0.8382112818173766	0.13356910711904202	NaN	0.36393245594727586	3.5370594970166187
8	0.125	5	UHFsym	n	0.8382112818173766	0.13356910711904213	NaN	1.3464120362539138	3.5370594970166187
8	0.125	5	chi2	Sz	0.0149448527298277	0.3523633295609768	0.15859062026681958	0.08129719285926033	2.533179974190858
8	0.125	5	chi4	Sz	0.0149448527298277	-0.002201634725523406	0.7419358836054588	2.483530896439485	2.533179974190858
8	0.125	5	chi8	Sz	0.0149448527298277	0.001217989687252126	0.9653992717411799	2.5347142702087484	2.533179974190858
8	0.125	5	chi16	Sz	0.0149448527298277	9.618109668714514e-6	0.9988235767160968	2.533280085521206	2.533179974190858
8	0.125	5	chi32	Sz	0.0149448527298277	-4.721282460332099e-7	0.9999826433049892	2.533179111562864	2.533179974190858
8	0.125	5	exact	Sz	0.0149448527298277	0.0	NaN	2.533179974190858	2.533179974190858
8	0.125	5	UHF	Sz	0.0149448527298277	0.14277254179957005	NaN	0.3847720362231459	2.533179974190858
8	0.125	5	UHFsym	Sz	0.0149448527298277	0.0149448527298277	NaN	1.306420740425594	2.533179974190858
8	0.125	5	chi2	DoubleOcc	0.07518051317683926	0.07518051317683926	0.15859062026681958	0.9198394992439884	23.954236836528427
8	0.125	5	chi4	DoubleOcc	0.07518051317683926	0.00016691320440795354	0.7419358836054588	21.955443451797166	23.954236836528427
8	0.125	5	chi8	DoubleOcc	0.07518051317683926	0.0017584838226712557	0.9653992717411799	23.66554332869543	23.954236836528427
8	0.125	5	chi16	DoubleOcc	0.07518051317683926	-0.00017732421704312606	0.9988235767160968	23.97353226110443	23.954236836528427
8	0.125	5	chi32	DoubleOcc	0.07518051317683926	2.602808520740796e-6	0.9999826433049892	23.95397713290019	23.954236836528427
8	0.125	5	exact	DoubleOcc	0.07518051317683926	0.0	NaN	23.954236836528427	23.954236836528427
8	0.125	5	UHF	DoubleOcc	0.07518051317683926	-0.03260971732114956	NaN	1.3483486443851704	23.954236836528427
8	0.125	5	UHFsym	DoubleOcc	0.07518051317683926	-0.032609717321149534	NaN	1.845976878528756	23.954236836528427
8	0.125	5	chi2	ZZ onsite	-0.3757005109273957	-0.026026603602799236	0.15859062026681958	17.10253365527202	17.80869018384219
8	0.125	5	chi4	ZZ onsite	-0.3757005109273957	-0.046206059448899106	0.7419358836054588	14.985788875472135	17.80869018384219
8	0.125	5	chi8	ZZ onsite	-0.3757005109273957	0.00654724225631137	0.9653992717411799	17.529400217324905	17.80869018384219
8	0.125	5	chi16	ZZ onsite	-0.3757005109273957	-0.0008372897252952316	0.9988235767160968	17.831416255040168	17.80869018384219
8	0.125	5	chi32	ZZ onsite	-0.3757005109273957	1.0485808317528544e-5	0.9999826433049892	17.808386404239954	17.80869018384219
8	0.125	5	exact	ZZ onsite	-0.3757005109273957	0.0	NaN	17.80869018384219	17.80869018384219
8	0.125	5	UHF	ZZ onsite	-0.3757005109273957	-0.39757708352268184	NaN	0.8966748885973491	17.80869018384219
8	0.125	5	UHFsym	ZZ onsite	-0.3757005109273957	-0.3975770835226819	NaN	0.8966748885973488	17.80869018384219
8	0.125	5	chi2	ZZ up-up r=1	-0.5869187031080831	0.41308129689191686	0.15859062026681958	1.8940248811557248	44.181841950416775
8	0.125	5	chi4	ZZ up-up r=1	-0.5869187031080831	0.061475377346377424	0.7419358836054588	28.246842003064312	44.181841950416775
8	0.125	5	chi8	ZZ up-up r=1	-0.5869187031080831	-0.025928584941482202	0.9653992717411799	42.02620835349606	44.181841950416775
8	0.125	5	chi16	ZZ up-up r=1	-0.5869187031080831	-0.000950667895666446	0.9988235767160968	44.23270408429511	44.181841950416775
8	0.125	5	chi32	ZZ up-up r=1	-0.5869187031080831	-0.0001297826387531842	0.9999826433049892	44.18937953685051	44.181841950416775
8	0.125	5	exact	ZZ up-up r=1	-0.5869187031080831	0.0	NaN	44.181841950416775	44.181841950416775
8	0.125	5	UHF	ZZ up-up r=1	-0.5869187031080831	0.22463406635750283	NaN	5.709055600947792	44.181841950416775
8	0.125	5	UHFsym	ZZ up-up r=1	-0.5869187031080831	-0.2885850551941258	NaN	3.92916309735866	44.181841950416775
8	0.125	5	chi2	SzSz r=1	-0.07983970012913796	0.0888695382864366	0.15859062026681958	0.7152332884996364	16.796461836146033
8	0.125	5	chi4	SzSz r=1	-0.07983970012913796	-0.020439821262590405	0.7419358836054588	6.663081211711013	16.796461836146033
8	0.125	5	chi8	SzSz r=1	-0.07983970012913796	-0.0038282984255928187	0.9653992717411799	16.188387050901913	16.796461836146033
8	0.125	5	chi16	SzSz r=1	-0.07983970012913796	-0.00026285301206648015	0.9988235767160968	16.810654915038192	16.796461836146033
8	0.125	5	chi32	SzSz r=1	-0.07983970012913796	-8.32402370339047e-6	0.9999826433049892	16.7960457657283	16.796461836146033
8	0.125	5	exact	SzSz r=1	-0.07983970012913796	0.0	NaN	16.796461836146033	16.796461836146033
8	0.125	5	UHF	SzSz r=1	-0.07983970012913796	-0.001050834045329907	NaN	3.756142369933683	16.796461836146033
8	0.125	5	UHFsym	SzSz r=1	-0.07983970012913796	-0.035207782559406174	NaN	3.1197993107073514	16.796461836146033
8	0.125	5	chi2	hop up r=1	0.6512702602229784	0.6512702602229784	0.15859062026681958	1.0	78.10276678818012
8	0.125	5	chi4	hop up r=1	0.6512702602229784	-0.09039968393663222	0.7419358836054588	34.11356462864714	78.10276678818012
8	0.125	5	chi8	hop up r=1	0.6512702602229784	0.017824801862156403	0.9653992717411799	71.60335778410894	78.10276678818012
8	0.125	5	chi16	hop up r=1	0.6512702602229784	0.0029873083769094144	0.9988235767160968	77.53792942877914	78.10276678818012
8	0.125	5	chi32	hop up r=1	0.6512702602229784	2.539997231520985e-5	0.9999826433049892	78.09898032092846	78.10276678818012
8	0.125	5	exact	hop up r=1	0.6512702602229784	0.0	NaN	78.10276678818012	78.10276678818012
8	0.125	5	UHF	hop up r=1	0.6512702602229784	-0.09254142218633377	NaN	33.157718339442816	78.10276678818012
8	0.125	5	UHFsym	hop up r=1	0.6512702602229784	0.1311564920649918	NaN	18.052389763978027	78.10276678818012
8	0.125	6	chi2	n	0.8380888232066261	-0.16191117679337352	0.15859062026681958	0.17057856455260326	9.095643984346689
8	0.125	6	chi4	n	0.8380888232066261	-0.00479756756039551	0.7419358836054588	9.120134859990538	9.095643984346689
8	0.125	6	chi8	n	0.8380888232066261	0.004363888573676089	0.9653992717411799	9.117089340319534	9.095643984346689
8	0.125	6	chi16	n	0.8380888232066261	0.0001461715708711564	0.9988235767160968	9.097572001592944	9.095643984346689
8	0.125	6	chi32	n	0.8380888232066261	4.3531227056359256e-7	0.9999826433049892	9.095672579995986	9.095643984346689
8	0.125	6	exact	n	0.8380888232066261	0.0	NaN	9.095643984346689	9.095643984346689
8	0.125	6	UHF	n	0.8380888232066261	-0.024878861304259536	NaN	0.7429092908500806	9.095643984346689
8	0.125	6	UHFsym	n	0.8380888232066261	-0.024878861304259647	NaN	1.3557231929223184	9.095643984346689
8	0.125	6	chi2	Sz	0.12135307582416127	-0.3786469241758386	0.15859062026681958	0.16296721757062183	6.920534913168863
8	0.125	6	chi4	Sz	0.12135307582416127	-0.008164449141813745	0.7419358836054588	6.840899924981002	6.920534913168863
8	0.125	6	chi8	Sz	0.12135307582416127	-0.0030358692484305644	0.9653992717411799	6.895947566972897	6.920534913168863
8	0.125	6	chi16	Sz	0.12135307582416127	-9.120803878621964e-5	0.9988235767160968	6.920523775941332	6.920534913168863
8	0.125	6	chi32	Sz	0.12135307582416127	-1.0517207539029183e-6	0.9999826433049892	6.9205391063345685	6.920534913168863
8	0.125	6	exact	Sz	0.12135307582416127	0.0	NaN	6.920534913168863	6.920534913168863
8	0.125	6	UHF	Sz	0.12135307582416127	-0.18154671280611318	NaN	0.6836306267426774	6.920534913168863
8	0.125	6	UHFsym	Sz	0.12135307582416127	0.12135307582416127	NaN	1.3164206919189425	6.920534913168863
8	0.125	6	chi2	DoubleOcc	0.06823921090821869	0.06823921090821869	0.15859062026681958	0.5098752105050389	26.96475749133771
8	0.125	6	chi4	DoubleOcc	0.06823921090821869	-0.03302857149188143	0.7419358836054588	10.781199854630058	26.96475749133771
8	0.125	6	chi8	DoubleOcc	0.06823921090821869	0.004890157287829711	0.9653992717411799	26.644606115555334	26.96475749133771
8	0.125	6	chi16	DoubleOcc	0.06823921090821869	0.0001745131820042739	0.9988235767160968	26.970280368580884	26.96475749133771
8	0.125	6	chi32	DoubleOcc	0.06823921090821869	1.2611243527388405e-6	0.9999826433049892	26.964833667094855	26.96475749133771
8	0.125	6	exact	DoubleOcc	0.06823921090821869	0.0	NaN	26.96475749133771	26.96475749133771
8	0.125	6	UHF	DoubleOcc	0.06823921090821869	-0.026190813267036317	NaN	3.6393794252550404	26.96475749133771
8	0.125	6	UHFsym	DoubleOcc	0.06823921090821869	-0.026190813267036345	NaN	6.23162013388346	26.96475749133771
8	0.125	6	chi2	ZZ onsite	-0.40322080278037675	0.596779197219623	0.15859062026681958	0.47730967344770914	20.84260201228708
8	0.125	6	chi4	ZZ onsite	-0.40322080278037675	-0.12251915084673415	0.7419358836054588	7.242095719654077	20.84260201228708
8	0.125	6	chi8	ZZ onsite	-0.40322080278037675	0.010832852003967663	0.9653992717411799	20.670571253553323	20.84260201228708
8	0.125	6	chi16	ZZ onsite	-0.40322080278037675	0.00040570958627556	0.9988235767160968	20.84674924314828	20.84260201228708
8	0.125	6	chi32	ZZ onsite	-0.40322080278037675	4.1738728708273776e-6	0.9999826433049892	20.842648886330725	20.84260201228708
8	0.125	6	exact	ZZ onsite	-0.40322080278037675	0.0	NaN	20.84260201228708	20.84260201228708
8	0.125	6	UHF	ZZ onsite	-0.40322080278037675	-0.055005530459625196	NaN	14.942294243641962	20.84260201228708
8	0.125	6	UHFsym	ZZ onsite	-0.40322080278037675	-0.05500553045962531	NaN	14.942294243641948	20.84260201228708
8	0.125	6	chi2	ZZ up-up r=1	-0.27245981766719285	0.07135435549132713	0.15859062026681958	7.4310543482602185	10.91003542381521
8	0.125	6	chi4	ZZ up-up r=1	-0.27245981766719285	-0.16150243886882865	0.7419358836054588	2.353073440082681	10.91003542381521
8	0.125	6	chi8	ZZ up-up r=1	-0.27245981766719285	-0.06181610288989259	0.9653992717411799	6.724664023105382	10.91003542381521
8	0.125	6	chi16	ZZ up-up r=1	-0.27245981766719285	0.0002781512271000097	0.9988235767160968	10.917063439595928	10.91003542381521
8	0.125	6	chi32	ZZ up-up r=1	-0.27245981766719285	6.402962200169338e-6	0.9999826433049892	10.910199475600407	10.91003542381521
8	0.125	6	exact	ZZ up-up r=1	-0.27245981766719285	0.0	NaN	10.91003542381521	10.91003542381521
8	0.125	6	UHF	ZZ up-up r=1	-0.27245981766719285	0.22200491799125094	NaN	1.644796511450327	10.91003542381521
8	0.125	6	UHFsym	ZZ up-up r=1	-0.27245981766719285	0.0795967098573565	NaN	6.801033830145661	10.91003542381521
8	0.125	6	chi2	SzSz r=1	-0.06728687662291394	0.018666666666716056	0.15859062026681958	5.669349091666415	11.689199584937287
8	0.125	6	chi4	SzSz r=1	-0.06728687662291394	-0.026647999135592314	0.7419358836054588	4.041919673523752	11.689199584937287
8	0.125	6	chi8	SzSz r=1	-0.06728687662291394	-0.003917566539467288	0.9653992717411799	10.609190340286581	11.689199584937287
8	0.125	6	chi16	SzSz r=1	-0.06728687662291394	3.10581148748601e-5	0.9988235767160968	11.692320703590685	11.689199584937287
8	0.125	6	chi32	SzSz r=1	-0.06728687662291394	1.364513303181436e-6	0.9999826433049892	11.689267854754485	11.689199584937287
8	0.125	6	exact	SzSz r=1	-0.06728687662291394	0.0	NaN	11.689199584937287	11.689199584937287
8	0.125	6	UHF	SzSz r=1	-0.06728687662291394	0.06838954022592586	NaN	0.9631456808028256	11.689199584937287
8	0.125	6	UHFsym	SzSz r=1	-0.06728687662291394	-0.005102185198794643	NaN	9.003679109656893	11.689199584937287
8	0.125	6	chi2	hop up r=1	0.4126262171379459	0.4126262171379459	0.15859062026681958	1.0	17.51503000552225
8	0.125	6	chi4	hop up r=1	0.4126262171379459	0.1992015583685538	0.7419358836054588	3.625416641250286	17.51503000552225
8	0.125	6	chi8	hop up r=1	0.4126262171379459	0.04436012131962774	0.9653992717411799	14.792896348420925	17.51503000552225
8	0.125	6	chi16	hop up r=1	0.4126262171379459	2.987584887420569e-5	0.9988235767160968	17.515119147294115	17.51503000552225
8	0.125	6	chi32	hop up r=1	0.4126262171379459	-5.532469349034397e-6	0.9999826433049892	17.515013163916915	17.51503000552225
8	0.125	6	exact	hop up r=1	0.4126262171379459	0.0	NaN	17.51503000552225	17.51503000552225
8	0.125	6	UHF	hop up r=1	0.4126262171379459	0.04233746965127083	NaN	15.004949539846976	17.51503000552225
8	0.125	6	UHFsym	hop up r=1	0.4126262171379459	-0.04746341463854847	NaN	14.266703943198799	17.51503000552225
8	0.125	7	chi2	n	0.9086653948899327	-0.09133460511006708	0.15859062026681958	0.4837368376312315	2.8216904221617147
8	0.125	7	chi4	n	0.9086653948899327	-0.0005825320188336258	0.7419358836054588	2.414632012486819	2.8216904221617147
8	0.125	7	chi8	n	0.9086653948899327	-0.002346809297721464	0.9653992717411799	2.787250077440403	2.8216904221617147
8	0.125	7	chi16	n	0.9086653948899327	-7.38904535010354e-5	0.9988235767160968	2.820425393946742	2.8216904221617147
8	0.125	7	chi32	n	0.9086653948899327	-1.5268217558039865e-6	0.9999826433049892	2.821672053386266	2.8216904221617147
8	0.125	7	exact	n	0.9086653948899327	0.0	NaN	2.8216904221617147	2.8216904221617147
8	0.125	7	UHF	n	0.9086653948899327	-0.043494997406871794	NaN	0.09078342525680297	2.8216904221617147
8	0.125	7	UHFsym	n	0.9086653948899327	-0.04349499740687157	NaN	1.2401998187793135	2.8216904221617147
8	0.125	7	chi2	Sz	-0.060557409933941354	0.11134967664531864	0.15859062026681958	0.7118312670094878	2.50864978050731
8	0.125	7	chi4	Sz	-0.060557409933941354	0.01887198837402187	0.7419358836054588	2.4549079940101826	2.50864978050731
8	0.125	7	chi8	Sz	-0.060557409933941354	0.003169653442632585	0.9653992717411799	2.5167155168127677	2.50864978050731
8	0.125	7	chi16	Sz	-0.060557409933941354	0.0001621700870304832	0.9988235767160968	2.509451577441734	2.50864978050731
8	0.125	7	chi32	Sz	-0.060557409933941354	2.369397397367079e-6	0.9999826433049892	2.5086604243152735	2.50864978050731
8	0.125	7	exact	Sz	-0.060557409933941354	0.0	NaN	2.50864978050731	2.50864978050731
8	0.125	7	UHF	Sz	-0.060557409933941354	0.29668312769478505	NaN	0.14573833086217747	2.50864978050731
8	0.125	7	UHFsym	Sz	-0.060557409933941354	-0.06055740993394135	NaN	1.2213768081629064	2.50864978050731
8	0.125	7	chi2	DoubleOcc	0.08520506435729502	0.08520506435729502	0.15859062026681958	1.0852793532477454	22.27133484695562
8	0.125	7	chi4	DoubleOcc	0.08520506435729502	0.011124326586078176	0.7419358836054588	18.04163702410141	22.27133484695562
8	0.125	7	chi8	DoubleOcc	0.08520506435729502	0.0013161294189787398	0.9653992717411799	22.05692563339128	22.27133484695562
8	0.125	7	chi16	DoubleOcc	0.08520506435729502	2.1325091120710793e-5	0.9988235767160968	22.26545278033094	22.27133484695562
8	0.125	7	chi32	DoubleOcc	0.08520506435729502	9.747314518027128e-8	0.9999826433049892	22.27124864620629	22.27133484695562
8	0.125	7	exact	DoubleOcc	0.08520506435729502	0.0	NaN	22.27133484695562	22.27133484695562
8	0.125	7	UHF	DoubleOcc	0.08520506435729502	-0.013826487082144567	NaN	1.3169827800442102	22.27133484695562
8	0.125	7	UHFsym	DoubleOcc	0.08520506435729502	-0.013826487082144429	NaN	14.245616619508496	22.27133484695562
8	0.125	7	chi2	ZZ onsite	-0.47651053235068397	0.5234894676493158	0.15859062026681958	0.8608111130566389	27.1586847343391
8	0.125	7	chi4	ZZ onsite	-0.47651053235068397	0.04566237038198129	0.7419358836054588	22.751411905587982	27.1586847343391
8	0.125	7	chi8	ZZ onsite	-0.47651053235068397	0.009958136271359108	0.9653992717411799	27.10506959451583	27.1586847343391
8	0.125	7	chi16	ZZ onsite	-0.47651053235068397	0.0002330812714864683	0.9988235767160968	27.164400660118307	27.1586847343391
8	0.125	7	chi32	ZZ onsite	-0.47651053235068397	3.443536093772348e-6	0.9999826433049892	27.158771596054038	27.1586847343391
8	0.125	7	exact	ZZ onsite	-0.47651053235068397	0.0	NaN	27.1586847343391	27.1586847343391
8	0.125	7	UHF	ZZ onsite	-0.47651053235068397	0.03168404648516654	NaN	25.048260798928276	27.1586847343391
8	0.125	7	UHFsym	ZZ onsite	-0.47651053235068397	0.03168404648516698	NaN	25.048260798928215	27.1586847343391
8	0.125	7	chi2	ZZ up-up r=1	-0.7623509033793057	0.2376490966206941	0.15859062026681958	10.17747919496909	140.9960262831497
8	0.125	7	chi4	ZZ up-up r=1	-0.7623509033793057	0.07750630453019125	0.7419358836054588	62.904432669976686	140.9960262831497
8	0.125	7	chi8	ZZ up-up r=1	-0.7623509033793057	0.01705289535108112	0.9653992717411799	137.14659845856016	140.9960262831497
8	0.125	7	chi16	ZZ up-up r=1	-0.7623509033793057	0.0007657156751920136	0.9988235767160968	141.23675344610442	140.9960262831497
8	0.125	7	chi32	ZZ up-up r=1	-0.7623509033793057	1.304205831453853e-5	0.9999826433049892	141.00044864897703	140.9960262831497
8	0.125	7	exact	ZZ up-up r=1	-0.7623509033793057	0.0	NaN	140.9960262831497	140.9960262831497
8	0.125	7	UHF	ZZ up-up r=1	-0.7623509033793057	0.1369795628775783	NaN	27.480987039053673	140.9960262831497
8	0.125	7	UHFsym	ZZ up-up r=1	-0.7623509033793057	-0.3341528141649632	NaN	4.973674410773636	140.9960262831497
8	0.125	7	chi2	SzSz r=1	-0.14020271348408186	0.10979728651591808	0.15859062026681958	1.8196391007155546	49.38875355201471
8	0.125	7	chi4	SzSz r=1	-0.14020271348408186	0.015449374619016465	0.7419358836054588	37.08297642346002	49.38875355201471
8	0.125	7	chi8	SzSz r=1	-0.14020271348408186	0.0026572719446086857	0.9653992717411799	50.569922991920826	49.38875355201471
8	0.125	7	chi16	SzSz r=1	-0.14020271348408186	0.0001431579725379717	0.9988235767160968	49.49283285906698	49.38875355201471
8	0.125	7	chi32	SzSz r=1	-0.14020271348408186	2.4133430734651906e-6	0.9999826433049892	49.39055116088404	49.38875355201471
8	0.125	7	exact	SzSz r=1	-0.14020271348408186	0.0	NaN	49.38875355201471	49.38875355201471
8	0.125	7	UHF	SzSz r=1	-0.14020271348408186	0.04219554560538197	NaN	10.958620606094252	49.38875355201471
8	0.125	7	UHFsym	SzSz r=1	-0.14020271348408186	-0.06092690134706405	NaN	4.318007873265757	49.38875355201471
8	0.125	7	chi2	hop up r=1	0.6561660747900881	0.6561660747900881	0.15859062026681958	1.0	74.89812850451287
8	0.125	7	chi4	hop up r=1	0.6561660747900881	-0.04142735198714198	0.7419358836054588	59.00892116459569	74.89812850451287
8	0.125	7	chi8	hop up r=1	0.6561660747900881	-0.010315657104868925	0.9653992717411799	73.99201454119542	74.89812850451287
8	0.125	7	chi16	hop up r=1	0.6561660747900881	-0.00033397419143899043	0.9988235767160968	74.91107129052905	74.89812850451287
8	0.125	7	chi32	hop up r=1	0.6561660747900881	-7.320888620543364e-6	0.9999826433049892	74.89844275434625	74.89812850451287
8	0.125	7	exact	hop up r=1	0.6561660747900881	0.0	NaN	74.89812850451287	74.89812850451287
8	0.125	7	UHF	hop up r=1	0.6561660747900881	0.15069613151705852	NaN	15.087072745610511	74.89812850451287
8	0.125	7	UHFsym	hop up r=1	0.6561660747900881	0.183964296003638	NaN	10.87898972491745	74.89812850451287
16	0.0	1	chi2	n	1.0000000000064635	6.463052315552886e-12	0.09698363280829767	1.0000000024441758	0.9999999997996896
16	0.0	1	chi4	n	1.0000000000064635	1.2971893559310388e-9	0.4016684908724763	1.0000000277734493	0.9999999997996896
16	0.0	1	chi8	n	1.0000000000064635	-9.256659883050133e-10	0.9531835469652283	0.9999999947890977	0.9999999997996896
16	0.0	1	chi16	n	1.0000000000064635	1.0216849588573496e-10	0.9951061220758266	0.9999999966258102	0.9999999997996896
16	0.0	1	chi32	n	1.0000000000064635	-3.076650045841234e-11	0.9998374729774914	0.9999999999953505	0.9999999997996896
16	0.0	1	exact	n	1.0000000000064635	0.0	NaN	0.9999999997996896	0.9999999997996896
16	0.0	1	UHF	n	1.0000000000064635	6.465494806207062e-12	NaN	0.016396655319553616	0.9999999997996896
16	0.0	1	UHFsym	n	1.0000000000064635	6.465494806207062e-12	NaN	0.9999999999999986	0.9999999997996896
16	0.0	1	chi2	Sz	-6.944073788206495e-11	-8.856788987127615e-10	0.09698363280829767	1.0000000019830821	0.9999999998318322
16	0.0	1	chi4	Sz	-6.944073788206495e-11	-9.853060631281885e-9	0.4016684908724763	1.000000023661651	0.9999999998318322
16	0.0	1	chi8	Sz	-6.944073788206495e-11	2.038050478381237e-9	0.9531835469652283	0.9999999949577727	0.9999999998318322
16	0.0	1	chi16	Sz	-6.944073788206495e-11	1.0196664380901499e-9	0.9951061220758266	0.9999999973459626	0.9999999998318322
16	0.0	1	chi32	Sz	-6.944073788206495e-11	-5.321778434597135e-11	0.9998374729774914	0.9999999999637014	0.9999999998318322
16	0.0	1	exact	Sz	-6.944073788206495e-11	0.0	NaN	0.9999999998318322	0.9999999998318322
16	0.0	1	UHF	Sz	-6.944073788206495e-11	0.4377960183118275	NaN	0.023972973835953454	0.9999999998318322
16	0.0	1	UHFsym	Sz	-6.944073788206495e-11	-6.944074351991625e-11	NaN	1.0	0.9999999998318322
16	0.0	1	chi2	DoubleOcc	0.07119533627239613	0.07119533627239613	0.09698363280829767	5.785269957332369	50.7515797098529
16	0.0	1	chi4	DoubleOcc	0.07119533627239613	-0.00014569069534833834	0.4016684908724763	50.74135744597931	50.7515797098529
16	0.0	1	chi8	DoubleOcc	0.07119533627239613	-1.0944224256292934e-5	0.9531835469652283	50.75092747940799	50.7515797098529
16	0.0	1	chi16	DoubleOcc	0.07119533627239613	-1.0642497255408667e-6	0.9951061220758266	50.751517027630285	50.7515797098529
16	0.0	1	chi32	DoubleOcc	0.07119533627239613	-1.5644445658380413e-7	0.9998374729774914	50.75157052727939	50.7515797098529
16	0.0	1	exact	DoubleOcc	0.07119533627239613	0.0	NaN	50.7515797098529	50.7515797098529
16	0.0	1	UHF	DoubleOcc	0.07119533627239613	0.012860689982888834	NaN	1.5066297690629193	50.7515797098529
16	0.0	1	UHFsym	DoubleOcc	0.07119533627239613	0.012860689982889001	NaN	40.88154265542361	50.7515797098529
16	0.0	1	chi2	ZZ onsite	-0.715218654923342	0.2847813450766584	0.09698363280829767	5.981367216310786	98.7384580126365
16	0.0	1	chi4	ZZ onsite	-0.715218654923342	-0.0005827653757716211	0.4016684908724763	98.73378166970689	98.7384580126365
16	0.0	1	chi8	ZZ onsite	-0.715218654923342	-4.37750456920849e-5	0.9531835469652283	98.73855195036525	98.7384580126365
16	0.0	1	chi16	ZZ onsite	-0.715218654923342	-4.257203238045015e-6	0.9951061220758266	98.73847032283352	98.7384580126365
16	0.0	1	chi32	ZZ onsite	-0.715218654923342	-6.257162928902105e-7	0.9998374729774914	98.73845986484524	98.7384580126365
16	0.0	1	exact	ZZ onsite	-0.715218654923342	0.0	NaN	98.7384580126365	98.7384580126365
16	0.0	1	UHF	ZZ onsite	-0.715218654923342	0.0514427599186249	NaN	65.5071067006441	98.7384580126365
16	0.0	1	UHFsym	ZZ onsite	-0.715218654923342	0.05144275991862557	NaN	65.50710670064352	98.7384580126365
16	0.0	1	chi2	ZZ up-up r=1	-0.8262748807780136	0.17372511922198686	0.09698363280829767	19.610231196528147	157.27385922125455
16	0.0	1	chi4	ZZ up-up r=1	-0.8262748807780136	0.0981598974128961	0.4016684908724763	48.18581689895223	157.27385922125455
16	0.0	1	chi8	ZZ up-up r=1	-0.8262748807780136	0.008062866416410852	0.9531835469652283	154.30945224323196	157.27385922125455
16	0.0	1	chi16	ZZ up-up r=1	-0.8262748807780136	0.0006529437941248384	0.9951061220758266	157.2038799642642	157.27385922125455
16	0.0	1	chi32	ZZ up-up r=1	-0.8262748807780136	3.64701450719096e-5	0.9998374729774914	157.2707604979254	157.27385922125455
16	0.0	1	exact	ZZ up-up r=1	-0.8262748807780136	0.0	NaN	157.27385922125455	157.27385922125455
16	0.0	1	UHF	ZZ up-up r=1	-0.8262748807780136	0.05958927835765815	NaN	85.16199505332385	157.27385922125455
16	0.0	1	UHFsym	ZZ up-up r=1	-0.8262748807780136	-0.3854920343696558	NaN	4.505712993341288	157.27385922125455
16	0.0	1	chi2	SzSz r=1	-0.17517400917987783	0.07482599082012228	0.09698363280829767	5.083945141174555	94.17024025471424
16	0.0	1	chi4	SzSz r=1	-0.17517400917987783	0.029709824287432157	0.4016684908724763	24.428246489352677	94.17024025471424
16	0.0	1	chi8	SzSz r=1	-0.17517400917987783	0.00173744912958676	0.9531835469652283	93.51428957608199	94.17024025471424
16	0.0	1	chi16	SzSz r=1	-0.17517400917987783	0.00014015725085192443	0.9951061220758266	94.17924172655941	94.17024025471424
16	0.0	1	chi32	SzSz r=1	-0.17517400917987783	8.088969353503561e-6	0.9998374729774914	94.17116313795862	94.17024025471424
16	0.0	1	exact	SzSz r=1	-0.17517400917987783	0.0	NaN	94.17024025471424	94.17024025471424
16	0.0	1	UHF	SzSz r=1	-0.17517400917987783	0.019001570989044037	NaN	45.88595234754747	94.17024025471424
16	0.0	1	UHFsym	SzSz r=1	-0.17517400917987783	-0.09226875719278474	NaN	3.529063271137171	94.17024025471424
16	0.0	1	chi2	hop up r=1	0.6366345352834233	0.6366345352834233	0.09698363280829767	1.0	68.0449343418644
16	0.0	1	chi4	hop up r=1	0.6366345352834233	-0.04727477381235268	0.4016684908724763	53.637126818887324	68.0449343418644
16	0.0	1	chi8	hop up r=1	0.6366345352834233	-0.0037015811688569933	0.9531835469652283	68.39674548040092	68.0449343418644
16	0.0	1	chi16	hop up r=1	0.6366345352834233	-0.00035748008033709144	0.9951061220758266	68.09196980587552	68.0449343418644
16	0.0	1	chi32	hop up r=1	0.6366345352834233	-1.6023318482494275e-5	0.9998374729774914	68.04710164404031	68.0449343418644
16	0.0	1	exact	hop up r=1	0.6366345352834233	0.0	NaN	68.0449343418644	68.0449343418644
16	0.0	1	UHF	hop up r=1	0.6366345352834233	0.16938334275421196	NaN	11.353265762677172	68.0449343418644
16	0.0	1	UHFsym	hop up r=1	0.6366345352834233	0.16938334275421152	NaN	11.353265762677221	68.0449343418644
16	0.0	2	chi2	n	1.0000000000004123	4.1233683134578314e-13	0.09698363280829767	1.000000003693449	0.9999999999287755
16	0.0	2	chi4	n	1.0000000000004123	6.839650845691381e-9	0.4016684908724763	1.0000000539638731	0.9999999999287755
16	0.0	2	chi8	n	1.0000000000004123	1.044417108353457e-9	0.9531835469652283	0.9999999916439788	0.9999999999287755
16	0.0	2	chi16	n	1.0000000000004123	-2.1667556637794405e-11	0.9951061220758266	0.999999995895087	0.9999999999287755
16	0.0	2	chi32	n	1.0000000000004123	1.985567266160615e-11	0.9998374729774914	1.0000000000701728	0.9999999999287755
16	0.0	2	exact	n	1.0000000000004123	0.0	NaN	0.9999999999287755	0.9999999999287755
16	0.0	2	UHF	n	1.0000000000004123	4.1444625509257094e-13	NaN	0.020078337155803965	0.9999999999287755
16	0.0	2	UHFsym	n	1.0000000000004123	4.1444625509257094e-13	NaN	0.9999999999999977	0.9999999999287755
16	0.0	2	chi2	Sz	1.5856201768249534e-11	8.32094306651987e-10	0.09698363280829767	1.0000000005423124	0.9999999999900308
16	0.0	2	chi4	Sz	1.5856201768249534e-11	1.3864458196094498e-8	0.4016684908724763	0.9999999997975246	0.9999999999900308
16	0.0	2	chi8	Sz	1.5856201768249534e-11	-1.5372820481862615e-9	0.9531835469652283	0.9999999975326483	0.9999999999900308
16	0.0	2	chi16	Sz	1.5856201768249534e-11	-8.975213107442759e-10	0.9951061220758266	0.9999999994235049	0.9999999999900308
16	0.0	2	chi32	Sz	1.5856201768249534e-11	3.683030616596916e-11	0.9998374729774914	0.9999999999872017	0.9999999999900308
16	0.0	2	exact	Sz	1.5856201768249534e-11	0.0	NaN	0.9999999999900308	0.9999999999900308
16	0.0	2	UHF	Sz	1.5856201768249534e-11	-0.38119378326928194	NaN	0.027142678428374013	0.9999999999900308
16	0.0	2	UHFsym	Sz	1.5856201768249534e-11	1.5856193961993892e-11	NaN	0.9999999999999972	0.9999999999900308
16	0.0	2	chi2	DoubleOcc	0.09924590305558903	0.09924590305558903	0.09698363280829767	2.11978719613595	30.455488097335007
16	0.0	2	chi4	DoubleOcc	0.09924590305558903	0.009013573409828057	0.4016684908724763	26.71071089594262	30.455488097335007
16	0.0	2	chi8	DoubleOcc	0.09924590305558903	0.0005442486836430283	0.9531835469652283	30.383192795101834	30.455488097335007
16	0.0	2	chi16	DoubleOcc	0.09924590305558903	3.408702816568021e-5	0.9951061220758266	30.451649056002527	30.455488097335007
16	0.0	2	chi32	DoubleOcc	0.09924590305558903	1.8250737891245539e-6	0.9998374729774914	30.455284898154634	30.455488097335007
16	0.0	2	exact	DoubleOcc	0.09924590305558903	0.0	NaN	30.455488097335007	30.455488097335007
16	0.0	2	UHF	DoubleOcc	0.09924590305558903	-0.005445396529173058	NaN	1.2807802075428185	30.455488097335007
16	0.0	2	UHFsym	DoubleOcc	0.09924590305558903	-0.00544539652917303	NaN	29.880123163538187	30.455488097335007
16	0.0	2	chi2	ZZ onsite	-0.6030163877784674	0.39698361222153256	0.09698363280829767	2.280097309600135	57.244821128377474
16	0.0	2	chi4	ZZ onsite	-0.6030163877784674	0.03605427996001187	0.4016684908724763	48.29199039408925	57.244821128377474
16	0.0	2	chi8	ZZ onsite	-0.6030163877784674	0.0021769926457388955	0.9531835469652283	57.25417107312913	57.244821128377474
16	0.0	2	chi16	ZZ onsite	-0.6030163877784674	0.0001363481559982782	0.9951061220758266	57.24785959732562	57.244821128377474
16	0.0	2	chi32	ZZ onsite	-0.6030163877784674	7.300255446152093e-6	0.9998374729774914	57.244992108696856	57.244821128377474
16	0.0	2	exact	ZZ onsite	-0.6030163877784674	0.0	NaN	57.244821128377474	57.244821128377474
16	0.0	2	UHF	ZZ onsite	-0.6030163877784674	-0.021781586117520013	NaN	52.90660053537277	57.244821128377474
16	0.0	2	UHFsym	ZZ onsite	-0.6030163877784674	-0.021781586117519902	NaN	52.906600535372796	57.244821128377474
16	0.0	2	chi2	ZZ up-up r=1	-0.3246202548466486	-0.32462025484664875	0.09698363280829767	0.9999999999999994	9.423264657416125
16	0.0	2	chi4	ZZ up-up r=1	-0.3246202548466486	-0.2868376439421034	0.4016684908724763	1.2486091274302031	9.423264657416125
16	0.0	2	chi8	ZZ up-up r=1	-0.3246202548466486	-0.006279721857524179	0.9531835469652283	9.445048622061009	9.423264657416125
16	0.0	2	chi16	ZZ up-up r=1	-0.3246202548466486	-3.0197857231517578e-5	0.9951061220758266	9.423516185150804	9.423264657416125
16	0.0	2	chi32	ZZ up-up r=1	-0.3246202548466486	-6.362418673633297e-6	0.9998374729774914	9.423317769077986	9.423264657416125
16	0.0	2	exact	ZZ up-up r=1	-0.3246202548466486	0.0	NaN	9.423264657416125	9.423264657416125
16	0.0	2	UHF	ZZ up-up r=1	-0.3246202548466486	0.45234632192297697	NaN	0.5144981931003364	9.423264657416125
16	0.0	2	UHFsym	ZZ up-up r=1	-0.3246202548466486	0.060375179355255604	NaN	6.955262229013193	9.423264657416125
16	0.0	2	chi2	SzSz r=1	-0.06579499793592983	-0.06579499793592987	0.09698363280829767	0.9999999999999988	7.293761873888248
16	0.0	2	chi4	SzSz r=1	-0.06579499793592983	-0.06579499793592984	0.4016684908724763	1.0130756665414022	7.293761873888248
16	0.0	2	chi8	SzSz r=1	-0.06579499793592983	-0.0006096562391949834	0.9531835469652283	7.264016606417695	7.293761873888248
16	0.0	2	chi16	SzSz r=1	-0.06579499793592983	-1.4335396470527284e-5	0.9951061220758266	7.293741825139105	7.293761873888248
16	0.0	2	chi32	SzSz r=1	-0.06579499793592983	-1.3535442405510079e-6	0.9998374729774914	7.293738345702695	7.293761873888248
16	0.0	2	exact	SzSz r=1	-0.06579499793592983	0.0	NaN	7.293761873888248	7.293761873888248
16	0.0	2	UHF	SzSz r=1	-0.06579499793592983	0.10481144297926959	NaN	0.4510925208876538	7.293761873888248
16	0.0	2	UHFsym	SzSz r=1	-0.06579499793592983	0.006818657337337677	NaN	6.853543217121954	7.293761873888248
16	0.0	2	chi2	hop up r=1	0.37651192422886853	0.37651192422886853	0.09698363280829767	1.0	16.5242621631485
16	0.0	2	chi4	hop up r=1	0.37651192422886853	0.12765781177698393	0.4016684908724763	6.195139094202972	16.5242621631485
16	0.0	2	chi8	hop up r=1	0.37651192422886853	0.003593930333580575	0.9531835469652283	16.58289446415753	16.5242621631485
16	0.0	2	chi16	hop up r=1	0.37651192422886853	1.080426077532115e-5	0.9951061220758266	16.52451022384706	16.5242621631485
16	0.0	2	chi32	hop up r=1	0.37651192422886853	7.888494412189306e-6	0.9998374729774914	16.524443321528437	16.5242621631485
16	0.0	2	exact	hop up r=1	0.37651192422886853	0.0	NaN	16.5242621631485	16.5242621631485
16	0.0	2	UHF	hop up r=1	0.37651192422886853	-0.05832324709201919	NaN	11.270283099865903	16.5242621631485
16	0.0	2	UHFsym	hop up r=1	0.37651192422886853	-0.05832324709202219	NaN	11.270283099865562	16.5242621631485
16	0.0	3	chi2	n	1.000000000016988	1.6988521700511683e-11	0.09698363280829767	1.0000000240969986	1.0000000000320373
16	0.0	3	chi4	n	1.000000000016988	-4.98177099572672e-9	0.4016684908724763	0.9999999953216387	1.0000000000320373
16	0.0	3	chi8	n	1.000000000016988	-1.9442247811696234e-10	0.9531835469652283	0.99999999961041	1.0000000000320373
16	0.0	3	chi16	n	1.000000000016988	-2.101427920564447e-10	0.9951061220758266	0.9999999998238766	1.0000000000320373
16	0.0	3	chi32	n	1.000000000016988	2.227773521212839e-12	0.9998374729774914	1.0000000000412874	1.0000000000320373
16	0.0	3	exact	n	1.000000000016988	0.0	NaN	1.0000000000320373	1.0000000000320373
16	0.0	3	UHF	n	1.000000000016988	1.698530205374027e-11	NaN	0.0205798938515658	1.0000000000320373
16	0.0	3	UHFsym	n	1.000000000016988	1.698530205374027e-11	NaN	0.9999999999999981	1.0000000000320373
16	0.0	3	chi2	Sz	-9.937313472097031e-11	4.901752835552899e-8	0.09698363280829767	0.9999999456226406	0.9999999998792342
16	0.0	3	chi4	Sz	-9.937313472097031e-11	3.9292861325757045e-10	0.4016684908724763	0.9999999962911285	0.9999999998792342
16	0.0	3	chi8	Sz	-9.937313472097031e-11	-4.693455762927456e-10	0.9531835469652283	1.0000000002757852	0.9999999998792342
16	0.0	3	chi16	Sz	-9.937313472097031e-11	-2.7135516056375764e-12	0.9951061220758266	0.9999999997492317	0.9999999998792342
16	0.0	3	chi32	Sz	-9.937313472097031e-11	1.4388323865688335e-11	0.9998374729774914	0.9999999998647133	0.9999999998792342
16	0.0	3	exact	Sz	-9.937313472097031e-11	0.0	NaN	0.9999999998792342	0.9999999998792342
16	0.0	3	UHF	Sz	-9.937313472097031e-11	0.385555179660876	NaN	0.02836574796541051	0.9999999998792342
16	0.0	3	UHFsym	Sz	-9.937313472097031e-11	-9.937316247654593e-11	NaN	0.9999999999999983	0.9999999998792342
16	0.0	3	chi2	DoubleOcc	0.09729310249735976	0.09729310249735976	0.09698363280829767	2.410124890243456	30.32061448009834
16	0.0	3	chi4	DoubleOcc	0.09729310249735976	0.013228953723014664	0.4016684908724763	25.457491194041214	30.32061448009834
16	0.0	3	chi8	DoubleOcc	0.09729310249735976	-0.000594035337130927	0.9531835469652283	30.271030899030627	30.32061448009834
16	0.0	3	chi16	DoubleOcc	0.09729310249735976	0.00010006815731788965	0.9951061220758266	30.326361709659118	30.32061448009834
16	0.0	3	chi32	DoubleOcc	0.09729310249735976	2.7494965200991484e-6	0.9998374729774914	30.320782457175973	30.32061448009834
16	0.0	3	exact	DoubleOcc	0.09729310249735976	0.0	NaN	30.32061448009834	30.32061448009834
16	0.0	3	UHF	DoubleOcc	0.09729310249735976	-0.004054100862683624	NaN	1.2585161352549616	30.32061448009834
16	0.0	3	UHFsym	DoubleOcc	0.09729310249735976	-0.004054100862683763	NaN	29.476675329584992	30.32061448009834
16	0.0	3	chi2	ZZ onsite	-0.6108275900445349	0.38917240995546454	0.09698363280829767	2.403427262259715	59.12792856899276
16	0.0	3	chi4	ZZ onsite	-0.6108275900445349	0.05291582485560242	0.4016684908724763	41.15356847528445	59.12792856899276
16	0.0	3	chi8	ZZ onsite	-0.6108275900445349	-0.0023761409596765315	0.9531835469652283	59.07725207746351	59.12792856899276
16	0.0	3	chi16	ZZ onsite	-0.6108275900445349	0.0004002730495595852	0.9951061220758266	59.12623447126554	59.12792856899276
16	0.0	3	chi32	ZZ onsite	-0.6108275900445349	1.0997981627292042e-5	0.9998374729774914	59.127921461652825	59.12792856899276
16	0.0	3	exact	ZZ onsite	-0.6108275900445349	0.0	NaN	59.12792856899276	59.12792856899276
16	0.0	3	UHF	ZZ onsite	-0.6108275900445349	-0.0162164034847031	NaN	56.80878718631364	59.12792856899276
16	0.0	3	UHFsym	ZZ onsite	-0.6108275900445349	-0.016216403484703434	NaN	56.808787186313516	59.12792856899276
16	0.0	3	chi2	ZZ up-up r=1	-0.6785492054021198	0.3214507945978796	0.09698363280829767	4.128706748742179	78.7767573583157
16	0.0	3	chi4	ZZ up-up r=1	-0.6785492054021198	0.14980475988067088	0.4016684908724763	15.654251488117891	78.7767573583157
16	0.0	3	chi8	ZZ up-up r=1	-0.6785492054021198	-0.006589648528159908	0.9531835469652283	78.87769420206298	78.7767573583157
16	0.0	3	chi16	ZZ up-up r=1	-0.6785492054021198	-0.0035793677550416403	0.9951061220758266	78.97705681033361	78.7767573583157
16	0.0	3	chi32	ZZ up-up r=1	-0.6785492054021198	4.9068933696050365e-5	0.9998374729774914	78.77162224597133	78.7767573583157
16	0.0	3	exact	ZZ up-up r=1	-0.6785492054021198	0.0	NaN	78.7767573583157	78.7767573583157
16	0.0	3	UHF	ZZ up-up r=1	-0.6785492054021198	0.10734252134793854	NaN	25.32591422409497	78.7767573583157
16	0.0	3	UHFsym	ZZ up-up r=1	-0.6785492054021198	-0.28795941395429625	NaN	5.326956574260017	78.7767573583157
16	0.0	3	chi2	SzSz r=1	-0.14263832135243526	0.1073616786475646	0.09698363280829767	1.8300851450075968	50.935290442834855
16	0.0	3	chi4	SzSz r=1	-0.14263832135243526	0.03899583069746751	0.4016684908724763	11.401120692197242	50.935290442834855
16	0.0	3	chi8	SzSz r=1	-0.14263832135243526	-0.0016035311963698284	0.9531835469652283	49.83335563160877	50.935290442834855
16	0.0	3	chi16	SzSz r=1	-0.14263832135243526	-0.00063972728331535	0.9951061220758266	50.64761639956226	50.935290442834855
16	0.0	3	chi32	SzSz r=1	-0.14263832135243526	8.22674314515659e-6	0.9998374729774914	50.938173302573155	50.935290442834855
16	0.0	3	exact	SzSz r=1	-0.14263832135243526	0.0	NaN	50.935290442834855	50.935290442834855
16	0.0	3	UHF	SzSz r=1	-0.14263832135243526	0.029708210721548695	NaN	17.43053781367749	50.935290442834855
16	0.0	3	UHFsym	SzSz r=1	-0.14263832135243526	-0.0691172731040114	NaN	4.018666234121776	50.935290442834855
16	0.0	3	chi2	hop up r=1	0.5762690314955982	0.5762690314955982	0.09698363280829767	1.0	52.87672511833191
16	0.0	3	chi4	hop up r=1	0.5762690314955982	-0.07290155048398905	0.4016684908724763	31.07056523399944	52.87672511833191
16	0.0	3	chi8	hop up r=1	0.5762690314955982	0.004585645806265082	0.9531835469652283	52.332606208621655	52.87672511833191
16	0.0	3	chi16	hop up r=1	0.5762690314955982	0.0011055441237333152	0.9951061220758266	52.77560252446719	52.87672511833191
16	0.0	3	chi32	hop up r=1	0.5762690314955982	-2.3299663651443758e-5	0.9998374729774914	52.87864697783473	52.87672511833191
16	0.0	3	exact	hop up r=1	0.5762690314955982	0.0	NaN	52.87672511833191	52.87672511833191
16	0.0	3	UHF	hop up r=1	0.5762690314955982	0.13693863542874862	NaN	12.920112484794766	52.87672511833191
16	0.0	3	UHFsym	hop up r=1	0.5762690314955982	0.1369386354287469	NaN	12.920112484795009	52.87672511833191
16	0.0	4	chi2	n	0.9999999999961621	-3.8374858846168536e-12	0.09698363280829767	0.999999888636151	0.999999999917131
16	0.0	4	chi4	n	0.9999999999961621	-3.135043891155931e-9	0.4016684908724763	0.9999999802703623	0.999999999917131
16	0.0	4	chi8	n	0.9999999999961621	5.525797597272231e-10	0.9531835469652283	1.0000000003319842	0.999999999917131
16	0.0	4	chi16	n	0.9999999999961621	3.7205150071883963e-10	0.9951061220758266	0.9999999995457829	0.999999999917131
16	0.0	4	chi32	n	0.9999999999961621	-2.3219204337010524e-12	0.9998374729774914	0.9999999999034084	0.999999999917131
16	0.0	4	exact	n	0.9999999999961621	0.0	NaN	0.999999999917131	0.999999999917131
16	0.0	4	UHF	n	0.9999999999961621	-3.835154416265141e-12	NaN	0.019475047016336067	0.999999999917131
16	0.0	4	UHFsym	n	0.9999999999961621	-3.835043393962678e-12	NaN	0.9999999999999997	0.999999999917131
16	0.0	4	chi2	Sz	3.560809633262885e-11	-4.908129332473199e-8	0.09698363280829767	1.000000019362799	1.000000000014081
16	0.0	4	chi4	Sz	3.560809633262885e-11	-9.434490150922459e-9	0.4016684908724763	1.0000000036981087	1.000000000014081
16	0.0	4	chi8	Sz	3.560809633262885e-11	3.185598937416323e-10	0.9531835469652283	0.9999999998947189	1.000000000014081
16	0.0	4	chi16	Sz	3.560809633262885e-11	-7.249270975173694e-11	0.9951061220758266	1.0000000000468503	1.000000000014081
16	0.0	4	chi32	Sz	3.560809633262885e-11	-6.622105641618248e-12	0.9998374729774914	1.0000000000166656	1.000000000014081
16	0.0	4	exact	Sz	3.560809633262885e-11	0.0	NaN	1.000000000014081	1.000000000014081
16	0.0	4	UHF	Sz	3.560809633262885e-11	-0.3844329948799838	NaN	0.028074975460326272	1.000000000014081
16	0.0	4	UHFsym	Sz	3.560809633262885e-11	3.560808939373494e-11	NaN	0.9999999999999999	1.000000000014081
16	0.0	4	chi2	DoubleOcc	0.10073818251303357	0.10073818251303357	0.09698363280829767	2.0855227792046414	30.566166798500372
16	0.0	4	chi4	DoubleOcc	0.10073818251303357	0.0302379765411942	0.4016684908724763	13.560209022626102	30.566166798500372
16	0.0	4	chi8	DoubleOcc	0.10073818251303357	-0.00041710853130080827	0.9531835469652283	30.573344560775837	30.566166798500372
16	0.0	4	chi16	DoubleOcc	0.10073818251303357	0.0001580231313569047	0.9951061220758266	30.55974202277795	30.566166798500372
16	0.0	4	chi32	DoubleOcc	0.10073818251303357	-2.1818354845881682e-6	0.9998374729774914	30.566241265798624	30.566166798500372
16	0.0	4	exact	DoubleOcc	0.10073818251303357	0.0	NaN	30.566166798500372	30.566166798500372
16	0.0	4	UHF	DoubleOcc	0.10073818251303357	-0.0014730899071935533	NaN	1.255781234151464	30.566166798500372
16	0.0	4	UHFsym	DoubleOcc	0.10073818251303357	-0.0014730899071935533	NaN	30.52810197821951	30.566166798500372
16	0.0	4	chi2	ZZ onsite	-0.5970472699401885	0.402952730059811	0.09698363280829767	2.1382283281406678	54.49039073595317
16	0.0	4	chi4	ZZ onsite	-0.5970472699401885	0.12095191243486547	0.4016684908724763	16.91789994107647	54.49039073595317
16	0.0	4	chi8	ZZ onsite	-0.5970472699401885	-0.0016684352303610872	0.9531835469652283	54.483600624404815	54.49039073595317
16	0.0	4	chi16	ZZ onsite	-0.5970472699401885	0.0006320917813268379	0.9951061220758266	54.48105162697731	54.49039073595317
16	0.0	4	chi32	ZZ onsite	-0.5970472699401885	-8.72733729373465e-6	0.9998374729774914	54.49047388463032	54.49039073595317
16	0.0	4	exact	ZZ onsite	-0.5970472699401885	0.0	NaN	54.49039073595317	54.49039073595317
16	0.0	4	UHF	ZZ onsite	-0.5970472699401885	-0.005892359621102572	NaN	54.26344730787305	54.49039073595317
16	0.0	4	UHFsym	ZZ onsite	-0.5970472699401885	-0.005892359621102572	NaN	54.26344730787305	54.49039073595317
16	0.0	4	chi2	ZZ up-up r=1	-0.3746278709413151	-0.05834358486266056	0.09698363280829767	10.517211230970183	14.297281553736749
16	0.0	4	chi4	ZZ up-up r=1	-0.3746278709413151	-0.32266054172845976	0.4016684908724763	1.3119704711361015	14.297281553736749
16	0.0	4	chi8	ZZ up-up r=1	-0.3746278709413151	-0.004067532816917074	0.9531835469652283	14.232072358488706	14.297281553736749
16	0.0	4	chi16	ZZ up-up r=1	-0.3746278709413151	-0.0010760568432716666	0.9951061220758266	14.284231953079669	14.297281553736749
16	0.0	4	chi32	ZZ up-up r=1	-0.3746278709413151	-5.9866406613928724e-5	0.9998374729774914	14.296635574859993	14.297281553736749
16	0.0	4	exact	ZZ up-up r=1	-0.3746278709413151	0.0	NaN	14.297281553736749	14.297281553736749
16	0.0	4	UHF	ZZ up-up r=1	-0.3746278709413151	0.4092036932794785	NaN	0.8812632629046881	14.297281553736749
16	0.0	4	UHFsym	ZZ up-up r=1	-0.3746278709413151	0.014968499647882438	NaN	14.161808204796454	14.297281553736749
16	0.0	4	chi2	SzSz r=1	-0.07653632727931148	0.0025347442403521603	0.09698363280829767	8.044837327910916	9.786335290126594
16	0.0	4	chi4	SzSz r=1	-0.07653632727931148	-0.06354449497609767	0.4016684908724763	1.3859069266509505	9.786335290126594
16	0.0	4	chi8	SzSz r=1	-0.07653632727931148	-0.0006425566366094204	0.9531835469652283	9.837483198453253	9.786335290126594
16	0.0	4	chi16	SzSz r=1	-0.07653632727931148	-0.00025062798024269584	0.9951061220758266	9.798683966154185	9.786335290126594
16	0.0	4	chi32	SzSz r=1	-0.07653632727931148	-2.2582632492731958e-5	0.9998374729774914	9.788661500056993	9.786335290126594
16	0.0	4	exact	SzSz r=1	-0.07653632727931148	0.0	NaN	9.786335290126594	9.786335290126594
16	0.0	4	UHF	SzSz r=1	-0.07653632727931148	0.09535269482806585	NaN	0.6293260831044649	9.786335290126594
16	0.0	4	UHFsym	SzSz r=1	-0.07653632727931148	-0.0032061035798322535	NaN	9.69082950468024	9.786335290126594
16	0.0	4	chi2	hop up r=1	0.40906608401236844	0.40906608401236844	0.09698363280829767	1.0	17.07500157140401
16	0.0	4	chi4	hop up r=1	0.40906608401236844	0.40906608401236844	0.4016684908724763	1.0	17.07500157140401
16	0.0	4	chi8	hop up r=1	0.40906608401236844	0.004297488704715746	0.9531835469652283	16.938029772122626	17.07500157140401
16	0.0	4	chi16	hop up r=1	0.40906608401236844	0.0004458910115745507	0.9951061220758266	17.063393505844857	17.07500157140401
16	0.0	4	chi32	hop up r=1	0.40906608401236844	4.979423580114828e-5	0.9998374729774914	17.07373559958568	17.07500157140401
16	0.0	4	exact	hop up r=1	0.40906608401236844	0.0	NaN	17.07500157140401	17.07500157140401
16	0.0	4	UHF	hop up r=1	0.40906608401236844	-0.029740196232754923	NaN	16.4561024895481	17.07500157140401
16	0.0	4	UHFsym	hop up r=1	0.40906608401236844	-0.02974019623275498	NaN	16.4561024895481	17.07500157140401
16	0.0	5	chi2	n	0.9999999999924027	-7.596812068300096e-12	0.09698363280829767	1.0000000613416	1.0000000000729055
16	0.0	5	chi4	n	0.9999999999924027	-2.100601470544916e-9	0.4016684908724763	1.0000000228527237	1.0000000000729055
16	0.0	5	chi8	n	0.9999999999924027	-8.009992669144594e-11	0.9531835469652283	0.9999999990361575	1.0000000000729055
16	0.0	5	chi16	n	0.9999999999924027	-2.8886071312683725e-10	0.9951061220758266	1.000000000590341	1.0000000000729055
16	0.0	5	chi32	n	0.9999999999924027	2.4416690891371218e-11	0.9998374729774914	1.0000000000137024	1.0000000000729055
16	0.0	5	exact	n	0.9999999999924027	0.0	NaN	1.0000000000729055	1.0000000000729055
16	0.0	5	UHF	n	0.9999999999924027	-7.590150730152345e-12	NaN	0.01864065103589005	1.0000000000729055
16	0.0	5	UHFsym	n	0.9999999999924027	-7.590150730152345e-12	NaN	0.9999999999999867	1.0000000000729055
16	0.0	5	chi2	Sz	-1.0968347757822627e-10	7.641966923831677e-8	0.09698363280829767	1.0000000734664616	1.0000000000930553
16	0.0	5	chi4	Sz	-1.0968347757822627e-10	2.3241180452382437e-8	0.4016684908724763	1.0000000257881334	1.0000000000930553
16	0.0	5	chi8	Sz	-1.0968347757822627e-10	-1.4908465434393392e-9	0.9531835469652283	0.9999999987908836	1.0000000000930553
16	0.0	5	chi16	Sz	-1.0968347757822627e-10	-6.652520201377854e-11	0.9951061220758266	1.0000000004945109	1.0000000000930553
16	0.0	5	chi32	Sz	-1.0968347757822627e-10	-1.3674852916700786e-11	0.9998374729774914	1.0000000000405973	1.0000000000930553
16	0.0	5	exact	Sz	-1.0968347757822627e-10	0.0	NaN	1.0000000000930553	1.0000000000930553
16	0.0	5	UHF	Sz	-1.0968347757822627e-10	0.38451474007803976	NaN	0.03039243025066037	1.0000000000930553
16	0.0	5	UHFsym	Sz	-1.0968347757822627e-10	-1.0968346630252368e-10	NaN	0.9999999999999885	1.0000000000930553
16	0.0	5	chi2	DoubleOcc	0.09948769046722405	0.09948769046722405	0.09698363280829767	2.093178295233348	31.75874961816283
16	0.0	5	chi4	DoubleOcc	0.09948769046722405	0.033609799732775225	0.4016684908724763	11.691980799966773	31.75874961816283
16	0.0	5	chi8	DoubleOcc	0.09948769046722405	-0.00029613421826957254	0.9531835469652283	31.796683602470004	31.75874961816283
16	0.0	5	chi16	DoubleOcc	0.09948769046722405	0.0002107985377021726	0.9951061220758266	31.7271026212039	31.75874961816283
16	0.0	5	chi32	DoubleOcc	0.09948769046722405	-8.000307901712134e-7	0.9998374729774914	31.75886238855316	31.75874961816283
16	0.0	5	exact	DoubleOcc	0.09948769046722405	0.0	NaN	31.75874961816283	31.75874961816283
16	0.0	5	UHF	DoubleOcc	0.09948769046722405	-0.0026607241111401003	NaN	1.1111240172190286	31.75874961816283
16	0.0	5	UHFsym	DoubleOcc	0.09948769046722405	-0.002660724111140128	NaN	31.822111118332085	31.75874961816283
16	0.0	5	chi2	ZZ onsite	-0.6020492381159082	0.3979507618840914	0.09698363280829767	2.2434461106675614	57.58688341222194
16	0.0	5	chi4	ZZ onsite	-0.6020492381159082	0.1344392031323045	0.4016684908724763	15.122322813935734	57.58688341222194
16	0.0	5	chi8	ZZ onsite	-0.6020492381159082	-0.0011845367128771045	0.9531835469652283	57.56865233219024	57.58688341222194
16	0.0	5	chi16	ZZ onsite	-0.6020492381159082	0.0008431947285314489	0.9951061220758266	57.584507239590394	57.58688341222194
16	0.0	5	chi32	ZZ onsite	-0.6020492381159082	-3.2001719927343686e-6	0.9998374729774914	57.586868100994266	57.58688341222194
16	0.0	5	exact	ZZ onsite	-0.6020492381159082	0.0	NaN	57.58688341222194	57.58688341222194
16	0.0	5	UHF	ZZ onsite	-0.6020492381159082	-0.01064289642937899	NaN	56.53826670944418	57.58688341222194
16	0.0	5	UHFsym	ZZ onsite	-0.6020492381159082	-0.0106428964293791	NaN	56.53826670944418	57.58688341222194
16	0.0	5	chi2	ZZ up-up r=1	-0.644911359398449	0.35508864060155054	0.09698363280829767	3.0693373966499657	55.455571390265504
16	0.0	5	chi4	ZZ up-up r=1	-0.644911359398449	0.14844252527264246	0.4016684908724763	13.624061812835613	55.455571390265504
16	0.0	5	chi8	ZZ up-up r=1	-0.644911359398449	-0.010073083485553802	0.9531835469652283	55.27747212569662	55.455571390265504
16	0.0	5	chi16	ZZ up-up r=1	-0.644911359398449	-0.002736273612226503	0.9951061220758266	55.554730537779065	55.455571390265504
16	0.0	5	chi32	ZZ up-up r=1	-0.644911359398449	2.7799216733237486e-5	0.9998374729774914	55.454001201344546	55.455571390265504
16	0.0	5	exact	ZZ up-up r=1	-0.644911359398449	0.0	NaN	55.455571390265504	55.455571390265504
16	0.0	5	UHF	ZZ up-up r=1	-0.644911359398449	0.13908520344847763	NaN	14.970128457814601	55.455571390265504
16	0.0	5	UHFsym	ZZ up-up r=1	-0.644911359398449	-0.2551996259224178	NaN	5.91803141456693	55.455571390265504
16	0.0	5	chi2	SzSz r=1	-0.135294613558523	0.11470538644147688	0.09698363280829767	1.4409608619024838	37.91347752740564
16	0.0	5	chi4	SzSz r=1	-0.135294613558523	0.03010491276527638	0.4016684908724763	14.224912807120992	37.91347752740564
16	0.0	5	chi8	SzSz r=1	-0.135294613558523	-0.002581334223996201	0.9531835469652283	36.60324843223045	37.91347752740564
16	0.0	5	chi16	SzSz r=1	-0.135294613558523	-5.1185673060200054e-5	0.9951061220758266	37.87095509620584	37.91347752740564
16	0.0	5	chi32	SzSz r=1	-0.135294613558523	-8.485754965370518e-8	0.9998374729774914	37.91409179399944	37.91347752740564
16	0.0	5	exact	SzSz r=1	-0.135294613558523	0.0	NaN	37.91347752740564	37.91347752740564
16	0.0	5	UHF	SzSz r=1	-0.135294613558523	0.03662433894230538	NaN	11.03103708389639	37.91347752740564
16	0.0	5	UHFsym	SzSz r=1	-0.135294613558523	-0.061946868400416785	NaN	4.3340824719520805	37.91347752740564
16	0.0	5	chi2	hop up r=1	0.5594892111601015	0.5594892111601015	0.09698363280829767	1.0	42.78774818168493
16	0.0	5	chi4	hop up r=1	0.5594892111601015	-0.07398602428643652	0.4016684908724763	24.526880409341466	42.78774818168493
16	0.0	5	chi8	hop up r=1	0.5594892111601015	0.0075652904049763325	0.9531835469652283	42.515113660939925	42.78774818168493
16	0.0	5	chi16	hop up r=1	0.5594892111601015	0.0020613812279711707	0.9951061220758266	42.77793557271878	42.78774818168493
16	0.0	5	chi32	hop up r=1	0.5594892111601015	-5.915913203757839e-7	0.9998374729774914	42.787744015379225	42.78774818168493
16	0.0	5	exact	hop up r=1	0.5594892111601015	0.0	NaN	42.78774818168493	42.78774818168493
16	0.0	5	UHF	hop up r=1	0.5594892111601015	0.1205797607181977	NaN	14.626348059755319	42.78774818168493
16	0.0	5	UHFsym	hop up r=1	0.5594892111601015	0.1205797607181987	NaN	14.626348059755157	42.78774818168493
16	0.0	6	chi2	n	0.9999999999939023	-6.09734485124136e-12	0.09698363280829767	1.0000000938470486	1.000000000086007
16	0.0	6	chi4	n	0.9999999999939023	2.0869050931793254e-9	0.4016684908724763	1.0000000409633414	1.000000000086007
16	0.0	6	chi8	n	0.9999999999939023	-2.0226009755930363e-10	0.9531835469652283	0.9999999973085344	1.000000000086007
16	0.0	6	chi16	n	0.9999999999939023	6.409650588068416e-12	0.9951061220758266	1.0000000001012803	1.000000000086007
16	0.0	6	chi32	n	0.9999999999939023	-9.552247881572384e-12	0.9998374729774914	1.0000000000682407	1.000000000086007
16	0.0	6	exact	n	0.9999999999939023	0.0	NaN	1.000000000086007	1.000000000086007
16	0.0	6	UHF	n	0.9999999999939023	-6.097677918148747e-12	NaN	0.018816231338029944	1.000000000086007
16	0.0	6	UHFsym	n	0.9999999999939023	-6.097677918148747e-12	NaN	1.0000000000000013	1.000000000086007
16	0.0	6	chi2	Sz	6.774579508483924e-11	-7.646160699037452e-8	0.09698363280829767	0.9999999400915512	0.9999999999477547
16	0.0	6	chi4	Sz	6.774579508483924e-11	-3.251686476329896e-8	0.4016684908724763	0.9999999747622343	0.9999999999477547
16	0.0	6	chi8	Sz	6.774579508483924e-11	2.1857170066919007e-9	0.9531835469652283	1.0000000016326709	0.9999999999477547
16	0.0	6	chi16	Sz	6.774579508483924e-11	-9.9472374781584e-12	0.9951061220758266	0.9999999999407935	0.9999999999477547
16	0.0	6	chi32	Sz	6.774579508483924e-11	1.0747253781362431e-11	0.9998374729774914	0.9999999999549362	0.9999999999477547
16	0.0	6	exact	Sz	6.774579508483924e-11	0.0	NaN	0.9999999999477547	0.9999999999477547
16	0.0	6	UHF	Sz	6.774579508483924e-11	-0.38448139645232177	NaN	0.03272549128929007	0.9999999999477547
16	0.0	6	UHFsym	Sz	6.774579508483924e-11	6.774579638588185e-11	NaN	1.0000000000000002	0.9999999999477547
16	0.0	6	chi2	DoubleOcc	0.10059020074832262	0.10059020074832264	0.09698363280829767	2.017414620217417	27.109964601723522
16	0.0	6	chi4	DoubleOcc	0.10059020074832262	0.034712312106877474	0.4016684908724763	10.578895513704946	27.109964601723522
16	0.0	6	chi8	DoubleOcc	0.10059020074832262	-0.000579074030720661	0.9531835469652283	27.155452259386347	27.109964601723522
16	0.0	6	chi16	DoubleOcc	0.10059020074832262	0.000272382553767353	0.9951061220758266	27.081130091725672	27.109964601723522
16	0.0	6	chi32	DoubleOcc	0.10059020074832262	-3.2396538096057803e-6	0.9998374729774914	27.110279027008275	27.109964601723522
16	0.0	6	exact	DoubleOcc	0.10059020074832262	0.0	NaN	27.109964601723522	27.109964601723522
16	0.0	6	UHF	DoubleOcc	0.10059020074832262	-0.0015838549816560021	NaN	1.1370023338324327	27.109964601723522
16	0.0	6	UHFsym	DoubleOcc	0.10059020074832262	-0.0015838549816560021	NaN	27.182870610220967	27.109964601723522
16	0.0	6	chi2	ZZ onsite	-0.5976391969945118	0.4023608030054877	0.09698363280829767	2.071415470207992	45.33299247574039
16	0.0	6	chi4	ZZ onsite	-0.5976391969945118	0.13884924425370093	0.4016684908724763	12.614073606370665	45.33299247574039
16	0.0	6	chi8	ZZ onsite	-0.5976391969945118	-0.0023162957183610056	0.9531835469652283	45.4257897731413	45.33299247574039
16	0.0	6	chi16	ZZ onsite	-0.5976391969945118	0.0010895302022536635	0.9951061220758266	45.26831423841335	45.33299247574039
16	0.0	6	chi32	ZZ onsite	-0.5976391969945118	-1.2958596131373845e-5	0.9998374729774914	45.333681190847365	45.33299247574039
16	0.0	6	exact	ZZ onsite	-0.5976391969945118	0.0	NaN	45.33299247574039	45.33299247574039
16	0.0	6	UHF	ZZ onsite	-0.5976391969945118	-0.006335419914426099	NaN	45.4410029806041	45.33299247574039
16	0.0	6	UHFsym	ZZ onsite	-0.5976391969945118	-0.006335419914426321	NaN	45.44100298060409	45.33299247574039
16	0.0	6	chi2	ZZ up-up r=1	-0.3928212550108728	-0.05884260824890336	0.09698363280829767	13.930416037861974	18.12121713975464
16	0.0	6	chi4	ZZ up-up r=1	-0.3928212550108728	-0.33448191630655083	0.4016684908724763	1.3593669510652306	18.12121713975464
16	0.0	6	chi8	ZZ up-up r=1	-0.3928212550108728	-0.004330807601033881	0.9531835469652283	18.213259705090806	18.12121713975464
16	0.0	6	chi16	ZZ up-up r=1	-0.3928212550108728	-0.0013452157608666582	0.9951061220758266	18.15812135220148	18.12121713975464
16	0.0	6	chi32	ZZ up-up r=1	-0.3928212550108728	-0.00011871498799775893	0.9998374729774914	18.124771950926494	18.12121713975464
16	0.0	6	exact	ZZ up-up r=1	-0.3928212550108728	0.0	NaN	18.12121713975464	18.12121713975464
16	0.0	6	UHF	ZZ up-up r=1	-0.3928212550108728	0.3911158075215258	NaN	0.9402348711231114	18.12121713975464
16	0.0	6	UHFsym	ZZ up-up r=1	-0.3928212550108728	-0.0031366411608726996	NaN	18.19566683235599	18.12121713975464
16	0.0	6	chi2	SzSz r=1	-0.08047344677040667	0.0030212149200856825	0.09698363280829767	9.348042400736333	10.779110621996866
16	0.0	6	chi4	SzSz r=1	-0.08047344677040667	-0.06588861209432632	0.4016684908724763	1.4259025550946938	10.779110621996866
16	0.0	6	chi8	SzSz r=1	-0.08047344677040667	-0.0008027317112162119	0.9531835469652283	10.797055250226014	10.779110621996866
16	0.0	6	chi16	SzSz r=1	-0.08047344677040667	-0.0003887262114232043	0.9951061220758266	10.783605215790566	10.779110621996866
16	0.0	6	chi32	SzSz r=1	-0.08047344677040667	-3.817183883099429e-5	0.9998374729774914	10.78062224667754	10.779110621996866
16	0.0	6	exact	SzSz r=1	-0.08047344677040667	0.0	NaN	10.779110621996866	10.779110621996866
16	0.0	6	UHF	SzSz r=1	-0.08047344677040667	0.09143199755306076	NaN	0.756751981044957	10.779110621996866
16	0.0	6	UHFsym	SzSz r=1	-0.08047344677040667	-0.007131114617540027	NaN	9.980222881899357	10.779110621996866
16	0.0	6	chi2	hop up r=1	0.4198436250901364	0.4198436250901364	0.09698363280829767	1.0	19.25045799902114
16	0.0	6	chi4	hop up r=1	0.4198436250901364	0.4198436250901364	0.4016684908724763	1.0	19.25045799902114
16	0.0	6	chi8	hop up r=1	0.4198436250901364	0.005203185160547297	0.9531835469652283	19.149403796782227	19.25045799902114
16	0.0	6	chi16	hop up r=1	0.4198436250901364	0.0017476935742700705	0.9951061220758266	19.228265067188904	19.25045799902114
16	0.0	6	chi32	hop up r=1	0.4198436250901364	8.646347638979757e-5	0.9998374729774914	19.249641934147014	19.25045799902114
16	0.0	6	exact	hop up r=1	0.4198436250901364	0.0	NaN	19.25045799902114	19.25045799902114
16	0.0	6	UHF	hop up r=1	0.4198436250901364	-0.019053367924244946	NaN	18.726167672974217	19.25045799902114
16	0.0	6	UHFsym	hop up r=1	0.4198436250901364	-0.019053367924246223	NaN	18.726167672974142	19.25045799902114
16	0.0	7	chi2	n	0.999999999997504	-2.496003403962277e-12	0.09698363280829767	0.9999998640309459	0.9999999998586225
16	0.0	7	chi4	n	0.999999999997504	1.1309086223043607e-8	0.4016684908724763	0.9999999700704066	0.9999999998586225
16	0.0	7	chi8	n	0.999999999997504	-9.381324606039243e-10	0.9531835469652283	1.0000000019812967	0.9999999998586225
16	0.0	7	chi16	n	0.999999999997504	-1.0183875964742128e-10	0.9951061220758266	0.999999999737232	0.9999999998586225
16	0.0	7	chi32	n	0.999999999997504	-1.2360779066966643e-11	0.9998374729774914	0.999999999887711	0.9999999998586225
16	0.0	7	exact	n	0.999999999997504	0.0	NaN	0.9999999998586225	0.9999999998586225
16	0.0	7	UHF	n	0.999999999997504	-2.5006663406657026e-12	NaN	0.021937284235162214	0.9999999998586225
16	0.0	7	UHFsym	n	0.999999999997504	-2.5004442960607776e-12	NaN	0.9999999999999981	0.9999999998586225
16	0.0	7	chi2	Sz	-8.673294721317504e-11	8.291688772374013e-8	0.09698363280829767	0.9999999783747915	0.9999999999787649
16	0.0	7	chi4	Sz	-8.673294721317504e-11	2.0119487673109226e-8	0.4016684908724763	1.0000000008955865	0.9999999999787649
16	0.0	7	chi8	Sz	-8.673294721317504e-11	-1.456325025850358e-9	0.9531835469652283	0.9999999998472995	0.9999999999787649
16	0.0	7	chi16	Sz	-8.673294721317504e-11	5.668189528851286e-11	0.9951061220758266	0.9999999999085417	0.9999999999787649
16	0.0	7	chi32	Sz	-8.673294721317504e-11	-1.9872603562731683e-11	0.9998374729774914	0.9999999999772096	0.9999999999787649
16	0.0	7	exact	Sz	-8.673294721317504e-11	0.0	NaN	0.9999999999787649	0.9999999999787649
16	0.0	7	UHF	Sz	-8.673294721317504e-11	0.3844831617822403	NaN	0.026496736095847788	0.9999999999787649
16	0.0	7	UHFsym	Sz	-8.673294721317504e-11	-8.673295458574981e-11	NaN	0.9999999999999973	0.9999999999787649
16	0.0	7	chi2	DoubleOcc	0.1000684870102381	0.1000684870102381	0.09698363280829767	2.212225084999724	34.18144406613083
16	0.0	7	chi4	DoubleOcc	0.1000684870102381	0.03514264429077951	0.4016684908724763	12.487697093789162	34.18144406613083
16	0.0	7	chi8	DoubleOcc	0.1000684870102381	-8.326590307872195e-5	0.9531835469652283	34.175472135927016	34.18144406613083
16	0.0	7	chi16	DoubleOcc	0.1000684870102381	0.00037169806551332063	0.9951061220758266	34.19966139771403	34.18144406613083
16	0.0	7	chi32	DoubleOcc	0.1000684870102381	-2.089214322709143e-6	0.9998374729774914	34.181302678807455	34.18144406613083
16	0.0	7	exact	DoubleOcc	0.1000684870102381	0.0	NaN	34.18144406613083	34.18144406613083
16	0.0	7	UHF	DoubleOcc	0.1000684870102381	-0.002104211229001146	NaN	1.3801687083634493	34.18144406613083
16	0.0	7	UHFsym	DoubleOcc	0.1000684870102381	-0.0021042112290009796	NaN	33.821684380128886	34.18144406613083
16	0.0	7	chi2	ZZ onsite	-0.5997260519540544	0.4002739480459456	0.09698363280829767	2.234118091045549	51.52327743467617
16	0.0	7	chi4	ZZ onsite	-0.5997260519540544	0.14057055454494582	0.4016684908724763	14.076404993534181	51.52327743467617
16	0.0	7	chi8	ZZ onsite	-0.5997260519540544	-0.0003330617360500776	0.9531835469652283	51.51106583868041	51.52327743467617
16	0.0	7	chi16	ZZ onsite	-0.5997260519540544	0.001486792465732245	0.9951061220758266	51.55839883321977	51.52327743467617
16	0.0	7	chi32	ZZ onsite	-0.5997260519540544	-8.356832566724925e-6	0.9998374729774914	51.52299044710005	51.52327743467617
16	0.0	7	exact	ZZ onsite	-0.5997260519540544	0.0	NaN	51.52327743467617	51.52327743467617
16	0.0	7	UHF	ZZ onsite	-0.5997260519540544	-0.00841684491100203	NaN	50.73820060064109	51.52327743467617
16	0.0	7	UHFsym	ZZ onsite	-0.5997260519540544	-0.008416844911001364	NaN	50.7382006006412	51.52327743467617
16	0.0	7	chi2	ZZ up-up r=1	-0.6334932221813381	0.3665067778186619	0.09698363280829767	2.9451419238691523	66.52549091457877
16	0.0	7	chi4	ZZ up-up r=1	-0.6334932221813381	0.14442684071713008	0.4016684908724763	15.47015216924354	66.52549091457877
16	0.0	7	chi8	ZZ up-up r=1	-0.6334932221813381	-0.011561950418248368	0.9531835469652283	64.67678694535854	66.52549091457877
16	0.0	7	chi16	ZZ up-up r=1	-0.6334932221813381	-0.0027771563460523563	0.9951061220758266	66.33277838892855	66.52549091457877
16	0.0	7	chi32	ZZ up-up r=1	-0.6334932221813381	-1.6717929188447833e-5	0.9998374729774914	66.52482584865376	66.52549091457877
16	0.0	7	exact	ZZ up-up r=1	-0.6334932221813381	0.0	NaN	66.52549091457877	66.52549091457877
16	0.0	7	UHF	ZZ up-up r=1	-0.6334932221813381	0.15044755337923088	NaN	14.509784451292415	66.52549091457877
16	0.0	7	UHFsym	ZZ up-up r=1	-0.6334932221813381	-0.24380550785084715	NaN	6.162805917657431	66.52549091457877
16	0.0	7	chi2	SzSz r=1	-0.13280813092550825	0.11719186907449175	0.09698363280829767	1.2846811837910208	38.205178656219324
16	0.0	7	chi4	SzSz r=1	-0.13280813092550825	0.029208960611483703	0.4016684908724763	13.831048637007113	38.205178656219324
16	0.0	7	chi8	SzSz r=1	-0.13280813092550825	-0.0030441918411234503	0.9531835469652283	37.53971962349358	38.205178656219324
16	0.0	7	chi16	SzSz r=1	-0.13280813092550825	-4.587216157403429e-5	0.9951061220758266	38.28507206951411	38.205178656219324
16	0.0	7	chi32	SzSz r=1	-0.13280813092550825	-9.412355322646615e-6	0.9998374729774914	38.20983410642908	38.205178656219324
16	0.0	7	exact	SzSz r=1	-0.13280813092550825	0.0	NaN	38.205178656219324	38.205178656219324
16	0.0	7	UHF	SzSz r=1	-0.13280813092550825	0.03909789236515071	NaN	9.313365844028365	38.205178656219324
16	0.0	7	UHFsym	SzSz r=1	-0.13280813092550825	-0.05946537294236892	NaN	4.518208387779681	38.205178656219324
16	0.0	7	chi2	hop up r=1	0.5534715307610385	0.5534715307610385	0.09698363280829767	1.0	46.6028505455962
16	0.0	7	chi4	hop up r=1	0.5534715307610385	-0.07276052736122718	0.4016684908724763	24.71708010177207	46.6028505455962
16	0.0	7	chi8	hop up r=1	0.5534715307610385	0.009121349817252544	0.9531835469652283	46.52006134096388	46.6028505455962
16	0.0	7	chi16	hop up r=1	0.5534715307610385	0.0021740844647157864	0.9951061220758266	46.68953323339648	46.6028505455962
16	0.0	7	chi32	hop up r=1	0.5534715307610385	1.5299730284468183e-5	0.9998374729774914	46.60369187328492	46.6028505455962
16	0.0	7	exact	hop up r=1	0.5534715307610385	0.0	NaN	46.6028505455962	46.6028505455962
16	0.0	7	UHF	hop up r=1	0.5534715307610385	0.114571354415816	NaN	16.37073417391822	46.6028505455962
16	0.0	7	UHFsym	hop up r=1	0.5534715307610385	0.11457135441581634	NaN	16.37073417391815	46.6028505455962
16	0.0	8	chi2	n	0.9999999999895501	-1.0449308085469511e-11	0.09698363280829767	0.9999998326439835	0.999999999852272
16	0.0	8	chi4	n	0.9999999999895501	-1.1322032866800669e-8	0.4016684908724763	0.9999999938777018	0.999999999852272
16	0.0	8	chi8	n	0.9999999999895501	1.0861844756959727e-9	0.9531835469652283	0.9999999995294581	0.999999999852272
16	0.0	8	chi16	n	0.9999999999895501	2.1350632373184908e-10	0.9951061220758266	0.9999999989406135	0.999999999852272
16	0.0	8	chi32	n	0.9999999999895501	1.4782730595186422e-11	0.9998374729774914	0.9999999998393478	0.999999999852272
16	0.0	8	exact	n	0.9999999999895501	0.0	NaN	0.999999999852272	0.999999999852272
16	0.0	8	UHF	n	0.9999999999895501	-1.0453415910660624e-11	NaN	0.020432657437481353	0.999999999852272
16	0.0	8	UHFsym	n	0.9999999999895501	-1.0453637955265549e-11	NaN	1.0000000000000033	0.999999999852272
16	0.0	8	chi2	Sz	6.825333007109968e-11	-8.293536743822494e-8	0.09698363280829767	1.0000003115999212	1.000000000247619
16	0.0	8	chi4	Sz	6.825333007109968e-11	-8.397395851594824e-9	0.4016684908724763	1.0000000410978065	1.000000000247619
16	0.0	8	chi8	Sz	6.825333007109968e-11	3.612213861359237e-10	0.9531835469652283	0.9999999979968932	1.000000000247619
16	0.0	8	chi16	Sz	6.825333007109968e-11	-3.496867274910276e-10	0.9951061220758266	1.0000000013845065	1.000000000247619
16	0.0	8	chi32	Sz	6.825333007109968e-11	6.841992250539164e-13	0.9998374729774914	1.000000000232876	1.000000000247619
16	0.0	8	exact	Sz	6.825333007109968e-11	0.0	NaN	1.000000000247619	1.000000000247619
16	0.0	8	UHF	Sz	6.825333007109968e-11	-0.38448199381826426	NaN	0.031045080568311064	1.000000000247619
16	0.0	8	UHFsym	Sz	6.825333007109968e-11	6.825336650029268e-11	NaN	1.000000000000003	1.000000000247619
16	0.0	8	chi2	DoubleOcc	0.10035737699017858	0.10035737699017855	0.09698363280829767	2.2117259715424447	26.814572268690625
16	0.0	8	chi4	DoubleOcc	0.10035737699017858	0.0354315229591369	0.4016684908724763	11.557984320321566	26.814572268690625
16	0.0	8	chi8	DoubleOcc	0.10035737699017858	-0.0005939715950023794	0.9531835469652283	26.757733504155052	26.814572268690625
16	0.0	8	chi16	DoubleOcc	0.10035737699017858	0.0003963305637770531	0.9951061220758266	26.840675788605704	26.814572268690625
16	0.0	8	chi32	DoubleOcc	0.10035737699017858	-2.2000763591489836e-6	0.9998374729774914	26.81440085902568	26.814572268690625
16	0.0	8	exact	DoubleOcc	0.10035737699017858	0.0	NaN	26.814572268690625	26.814572268690625
16	0.0	8	UHF	DoubleOcc	0.10035737699017858	-0.0018162193868711818	NaN	1.218674286775896	26.814572268690625
16	0.0	8	UHFsym	DoubleOcc	0.10035737699017858	-0.0018162193868711818	NaN	26.57509670786401	26.814572268690625
16	0.0	8	chi2	ZZ onsite	-0.5985704920183841	0.40142950798161536	0.09698363280829767	2.279396881860845	48.924788227147644
16	0.0	8	chi4	ZZ onsite	-0.5985704920183841	0.14172611448061567	0.4016684908724763	14.382912810832332	48.924788227147644
16	0.0	8	chi8	ZZ onsite	-0.5985704920183841	-0.002375888552378913	0.9531835469652283	48.70051747957914	48.924788227147644
16	0.0	8	chi16	ZZ onsite	-0.5985704920183841	0.0015853218280976744	0.9951061220758266	49.03510984917705	48.924788227147644
16	0.0	8	chi32	ZZ onsite	-0.5985704920183841	-8.800334999614634e-6	0.9998374729774914	48.92408726260986	48.924788227147644
16	0.0	8	exact	ZZ onsite	-0.5985704920183841	0.0	NaN	48.924788227147644	48.924788227147644
16	0.0	8	UHF	ZZ onsite	-0.5985704920183841	-0.007264877526575564	NaN	48.02500960332765	48.924788227147644
16	0.0	8	UHFsym	ZZ onsite	-0.5985704920183841	-0.007264877526575342	NaN	48.02500960332768	48.924788227147644
16	0.0	8	chi2	ZZ up-up r=1	-0.3978048604828066	-0.05588934129602918	0.09698363280829767	15.535974124760415	20.831220737424466
16	0.0	8	chi4	ZZ up-up r=1	-0.3978048604828066	-0.33694326491432003	0.4016684908724763	1.3729131750444898	20.831220737424466
16	0.0	8	chi8	ZZ up-up r=1	-0.3978048604828066	-0.004365509915066401	0.9531835469652283	20.876315019523457	20.831220737424466
16	0.0	8	chi16	ZZ up-up r=1	-0.3978048604828066	-0.0024360747095731883	0.9951061220758266	20.868927652452363	20.831220737424466
16	0.0	8	chi32	ZZ up-up r=1	-0.3978048604828066	-0.00014386712555558567	0.9998374729774914	20.834323096261652	20.831220737424466
16	0.0	8	exact	ZZ up-up r=1	-0.3978048604828066	0.0	NaN	20.831220737424466	20.831220737424466
16	0.0	8	UHF	ZZ up-up r=1	-0.3978048604828066	0.38613370076021036	NaN	1.0168397308947017	20.831220737424466
16	0.0	8	UHFsym	ZZ up-up r=1	-0.3978048604828066	-0.008118162808426588	NaN	20.833689287442954	20.831220737424466
16	0.0	8	chi2	SzSz r=1	-0.08155407383732062	0.003924805959373737	0.09698363280829767	11.520565609420979	13.623994890973592
16	0.0	8	chi4	SzSz r=1	-0.08155407383732062	-0.06633867494519897	0.4016684908724763	1.4544586022364958	13.623994890973592
16	0.0	8	chi8	SzSz r=1	-0.08155407383732062	-0.0007873035619198054	0.9531835469652283	13.658498428897028	13.623994890973592
16	0.0	8	chi16	SzSz r=1	-0.08155407383732062	-0.00024211850106507782	0.9951061220758266	13.643358496137465	13.623994890973592
16	0.0	8	chi32	SzSz r=1	-0.08155407383732062	-4.321406686590146e-5	0.9998374729774914	13.626288824291883	13.623994890973592
16	0.0	8	exact	SzSz r=1	-0.08155407383732062	0.0	NaN	13.623994890973592	13.623994890973592
16	0.0	8	UHF	SzSz r=1	-0.08155407383732062	0.0903514481295316	NaN	0.8101148418309889	13.623994890973592
16	0.0	8	UHFsym	SzSz r=1	-0.08155407383732062	-0.00821151776262656	NaN	11.928002686777221	13.623994890973592
16	0.0	8	chi2	hop up r=1	0.4227169615035098	0.4227169615035098	0.09698363280829767	1.0	20.812303384507928
16	0.0	8	chi4	hop up r=1	0.4227169615035098	0.4227169615035098	0.4016684908724763	1.0	20.812303384507928
16	0.0	8	chi8	hop up r=1	0.4227169615035098	0.005699855880129889	0.9531835469652283	20.68705221662839	20.812303384507928
16	0.0	8	chi16	hop up r=1	0.4227169615035098	0.0021823156396939547	0.9951061220758266	20.781652062309096	20.812303384507928
16	0.0	8	chi32	hop up r=1	0.4227169615035098	0.00010409997357258005	0.9998374729774914	20.81133373594459	20.812303384507928
16	0.0	8	exact	hop up r=1	0.4227169615035098	0.0	NaN	20.812303384507928	20.812303384507928
16	0.0	8	UHF	hop up r=1	0.4227169615035098	-0.016182738600295565	NaN	20.370107351073457	20.812303384507928
16	0.0	8	UHFsym	hop up r=1	0.4227169615035098	-0.016182738600292512	NaN	20.370107351073653	20.812303384507928
16	0.0	9	chi2	n	1.0000000000074658	7.465583706789403e-12	0.09698363280829767	0.9999999722950541	0.9999999999570196
16	0.0	9	chi4	n	1.0000000000074658	4.811645526459074e-10	0.4016684908724763	0.9999999998055861	0.9999999999570196
16	0.0	9	chi8	n	1.0000000000074658	-2.5551405435919605e-10	0.9531835469652283	0.999999999735484	0.9999999999570196
16	0.0	9	chi16	n	1.0000000000074658	-6.006573016748007e-11	0.9951061220758266	0.9999999997673725	0.9999999999570196
16	0.0	9	chi32	n	1.0000000000074658	-1.113775738303957e-11	0.9998374729774914	0.9999999999505703	0.9999999999570196
16	0.0	9	exact	n	1.0000000000074658	0.0	NaN	0.9999999999570196	0.9999999999570196
16	0.0	9	UHF	n	1.0000000000074658	7.464251439159852e-12	NaN	0.0198937074380054	0.9999999999570196
16	0.0	9	UHFsym	n	1.0000000000074658	7.464251439159852e-12	NaN	0.9999999999999996	0.9999999999570196
16	0.0	9	chi2	Sz	-9.023015667963818e-11	6.856611259309237e-8	0.09698363280829767	0.9999999652095769	0.9999999999495552
16	0.0	9	chi4	Sz	-9.023015667963818e-11	1.4253085656168452e-9	0.4016684908724763	0.9999999995318476	0.9999999999495552
16	0.0	9	chi8	Sz	-9.023015667963818e-11	-8.56920090441804e-12	0.9531835469652283	0.9999999997921876	0.9999999999495552
16	0.0	9	chi16	Sz	-9.023015667963818e-11	3.3891389694673535e-10	0.9951061220758266	0.9999999997398071	0.9999999999495552
16	0.0	9	chi32	Sz	-9.023015667963818e-11	-8.327068201641197e-12	0.9998374729774914	0.9999999999467244	0.9999999999495552
16	0.0	9	exact	Sz	-9.023015667963818e-11	0.0	NaN	0.9999999999495552	0.9999999999495552
16	0.0	9	UHF	Sz	-9.023015667963818e-11	0.3844819937962851	NaN	0.026782595225930544	0.9999999999495552
16	0.0	9	UHFsym	Sz	-9.023015667963818e-11	-9.023014887338254e-11	NaN	0.9999999999999993	0.9999999999495552
16	0.0	9	chi2	DoubleOcc	0.10035737704411643	0.10035737704411643	0.09698363280829767	2.267622272339524	29.339461416230716
16	0.0	9	chi4	DoubleOcc	0.10035737704411643	0.035750283137516076	0.4016684908724763	12.203912471273789	29.339461416230716
16	0.0	9	chi8	DoubleOcc	0.10035737704411643	2.770173901106565e-5	0.9531835469652283	29.343349767599072	29.339461416230716
16	0.0	9	chi16	DoubleOcc	0.10035737704411643	0.0003629631085777518	0.9951061220758266	29.386072297578192	29.339461416230716
16	0.0	9	chi32	DoubleOcc	0.10035737704411643	-2.8099566050099334e-6	0.9998374729774914	29.339063954195545	29.339461416230716
16	0.0	9	exact	DoubleOcc	0.10035737704411643	0.0	NaN	29.339461416230716	29.339461416230716
16	0.0	9	UHF	DoubleOcc	0.10035737704411643	-0.0018162193329339937	NaN	1.1866483260917413	29.339461416230716
16	0.0	9	UHFsym	DoubleOcc	0.10035737704411643	-0.001816219332933966	NaN	28.968136367989366	29.339461416230716
16	0.0	9	chi2	ZZ onsite	-0.5985704918384641	0.4014295081615361	0.09698363280829767	2.186454741469888	51.54248081318399
16	0.0	9	chi4	ZZ onsite	-0.5985704918384641	0.14300113158773686	0.4016684908724763	13.412835563736637	51.54248081318399
16	0.0	9	chi8	ZZ onsite	-0.5985704918384641	0.00011080746707148315	0.9531835469652283	51.543744340020496	51.54248081318399
16	0.0	9	chi16	ZZ onsite	-0.5985704918384641	0.0014518525544433558	0.9951061220758266	51.54491901896581	51.54248081318399
16	0.0	9	chi32	ZZ onsite	-0.5985704918384641	-1.1239804141860432e-5	0.9998374729774914	51.542342704068915	51.54248081318399
16	0.0	9	exact	ZZ onsite	-0.5985704918384641	0.0	NaN	51.54248081318399	51.54248081318399
16	0.0	9	UHF	ZZ onsite	-0.5985704918384641	-0.0072648773466627015	NaN	51.075403527570685	51.54248081318399
16	0.0	9	UHFsym	ZZ onsite	-0.5985704918384641	-0.0072648773466625904	NaN	51.075403527570685	51.54248081318399
16	0.0	9	chi2	ZZ up-up r=1	-0.6334932220897574	0.3665067779102428	0.09698363280829767	2.760409657984385	69.54374406158814
16	0.0	9	chi4	ZZ up-up r=1	-0.6334932220897574	0.1411633869788287	0.4016684908724763	14.559281033524671	69.54374406158814
16	0.0	9	chi8	ZZ up-up r=1	-0.6334932220897574	-0.012122126445865966	0.9531835469652283	69.58546280054294	69.54374406158814
16	0.0	9	chi16	ZZ up-up r=1	-0.6334932220897574	-0.002921317323128836	0.9951061220758266	69.8810588295013	69.54374406158814
16	0.0	9	chi32	ZZ up-up r=1	-0.6334932220897574	-2.5230895980943302e-5	0.9998374729774914	69.54752880193521	69.54374406158814
16	0.0	9	exact	ZZ up-up r=1	-0.6334932220897574	0.0	NaN	69.54374406158814	69.54374406158814
16	0.0	9	UHF	ZZ up-up r=1	-0.6334932220897574	0.1504475534708053	NaN	13.20039567350755	69.54374406158814
16	0.0	9	UHFsym	ZZ up-up r=1	-0.6334932220897574	-0.2438055077592678	NaN	6.422396175798643	69.54374406158814
16	0.0	9	chi2	SzSz r=1	-0.13280813089215746	0.1171918691078426	0.09698363280829767	1.215439924164058	48.654754833369005
16	0.0	9	chi4	SzSz r=1	-0.13280813089215746	0.028552474303264158	0.4016684908724763	14.373355898847985	48.654754833369005
16	0.0	9	chi8	SzSz r=1	-0.13280813089215746	-0.00323229229705993	0.9531835469652283	45.924776167951954	48.654754833369005
16	0.0	9	chi16	SzSz r=1	-0.13280813089215746	-7.084383034164365e-5	0.9951061220758266	48.583558859059266	48.654754833369005
16	0.0	9	chi32	SzSz r=1	-0.13280813089215746	-9.431688026168006e-6	0.9998374729774914	48.650676347424266	48.654754833369005
16	0.0	9	exact	SzSz r=1	-0.13280813089215746	0.0	NaN	48.654754833369005	48.654754833369005
16	0.0	9	UHF	SzSz r=1	-0.13280813089215746	0.03909789239849959	NaN	9.030245292148713	48.654754833369005
16	0.0	9	UHFsym	SzSz r=1	-0.13280813089215746	-0.05946537290901864	NaN	4.705639333204493	48.654754833369005
16	0.0	9	chi2	hop up r=1	0.5534715307633535	0.5534715307633535	0.09698363280829767	1.0	39.19077718836796
16	0.0	9	chi4	hop up r=1	0.5534715307633535	-0.07075650964115754	0.4016684908724763	23.10792691559342	39.19077718836796
16	0.0	9	chi8	hop up r=1	0.5534715307633535	0.009464106867595912	0.9531835469652283	39.08155393092915	39.19077718836796
16	0.0	9	chi16	hop up r=1	0.5534715307633535	0.0022492306236898685	0.9951061220758266	39.24514555278341	39.19077718836796
16	0.0	9	chi32	hop up r=1	0.5534715307633535	1.6944431840304475e-5	0.9998374729774914	39.191373432405996	39.19077718836796
16	0.0	9	exact	hop up r=1	0.5534715307633535	0.0	NaN	39.19077718836796	39.19077718836796
16	0.0	9	UHF	hop up r=1	0.5534715307633535	0.11457135441812966	NaN	15.340378537071143	39.19077718836796
16	0.0	9	UHFsym	hop up r=1	0.5534715307633535	0.11457135441812938	NaN	15.340378537071185	39.19077718836796
16	0.0	10	chi2	n	0.9999999999993634	-6.368239269249898e-13	0.09698363280829767	1.0000000748006985	1.0000000000676168
16	0.0	10	chi4	n	0.9999999999993634	-4.743359038883455e-10	0.4016684908724763	0.9999999996333787	1.0000000000676168
16	0.0	10	chi8	n	0.9999999999993634	8.893330516457354e-12	0.9531835469652283	1.0000000000009117	1.0000000000676168
16	0.0	10	chi16	n	0.9999999999993634	-4.6564974098828316e-12	0.9951061220758266	1.000000000160069	1.0000000000676168
16	0.0	10	chi32	n	0.9999999999993634	-5.399014568752136e-13	0.9998374729774914	1.0000000000753766	1.0000000000676168
16	0.0	10	exact	n	0.9999999999993634	0.0	NaN	1.0000000000676168	1.0000000000676168
16	0.0	10	UHF	n	0.9999999999993634	-6.3815619455454e-13	NaN	0.018736627204863156	1.0000000000676168
16	0.0	10	UHFsym	n	0.9999999999993634	-6.38378239159465e-13	NaN	1.0000000000000007	1.0000000000676168
16	0.0	10	chi2	Sz	6.24833240703282e-11	-6.859385952295849e-8	0.09698363280829767	0.9999999222976963	0.9999999999296186
16	0.0	10	chi4	Sz	6.24833240703282e-11	7.114683356346241e-10	0.4016684908724763	1.0000000004870726	0.9999999999296186
16	0.0	10	chi8	Sz	6.24833240703282e-11	5.535716676718927e-11	0.9531835469652283	0.9999999999969142	0.9999999999296186
16	0.0	10	chi16	Sz	6.24833240703282e-11	-8.178238641853852e-11	0.9951061220758266	0.9999999998346291	0.9999999999296186
16	0.0	10	chi32	Sz	6.24833240703282e-11	-6.764144799831229e-12	0.9998374729774914	0.9999999999216798	0.9999999999296186
16	0.0	10	exact	Sz	6.24833240703282e-11	0.0	NaN	0.9999999999296186	0.9999999999296186
16	0.0	10	UHF	Sz	6.24833240703282e-11	-0.3844831618064869	NaN	0.026060626525340084	0.9999999999296186
16	0.0	10	UHFsym	Sz	6.24833240703282e-11	6.248331929983864e-11	NaN	0.9999999999999992	0.9999999999296186
16	0.0	10	chi2	DoubleOcc	0.10006848700547705	0.10006848700547705	0.09698363280829767	2.093140692577304	29.84080440553483
16	0.0	10	chi4	DoubleOcc	0.10006848700547705	0.035461392625177696	0.4016684908724763	10.967414501476954	29.84080440553483
16	0.0	10	chi8	DoubleOcc	0.10006848700547705	-0.0007072885771070292	0.9531835469652283	29.873183854676782	29.84080440553483
16	0.0	10	chi16	DoubleOcc	0.10006848700547705	0.00036314015379290687	0.9951061220758266	29.80915982145808	29.84080440553483
16	0.0	10	chi32	DoubleOcc	0.10006848700547705	-1.461224667903549e-6	0.9998374729774914	29.8409112176469	29.84080440553483
16	0.0	10	exact	DoubleOcc	0.10006848700547705	0.0	NaN	29.84080440553483	29.84080440553483
16	0.0	10	UHF	DoubleOcc	0.10006848700547705	-0.0021042112337630314	NaN	1.167059692832543	29.84080440553483
16	0.0	10	UHFsym	DoubleOcc	0.10006848700547705	-0.0021042112337630037	NaN	29.82306989528688	29.84080440553483
16	0.0	10	chi2	ZZ onsite	-0.599726051976817	0.40027394802318317	0.09698363280829767	2.1718450935569273	54.603444017812
16	0.0	10	chi4	ZZ onsite	-0.599726051976817	0.14184557144938392	0.4016684908724763	13.423357281022147	54.603444017812
16	0.0	10	chi8	ZZ onsite	-0.599726051976817	-0.002829154326216221	0.9531835469652283	54.59896490110602	54.603444017812
16	0.0	10	chi16	ZZ onsite	-0.599726051976817	0.0014525606244863987	0.9951061220758266	54.55495097883119	54.603444017812
16	0.0	10	chi32	ZZ onsite	-0.599726051976817	-5.844897589146747e-6	0.9998374729774914	54.603569646000004	54.603444017812
16	0.0	10	exact	ZZ onsite	-0.599726051976817	0.0	NaN	54.603444017812	54.603444017812
16	0.0	10	UHF	ZZ onsite	-0.599726051976817	-0.008416844933773815	NaN	54.20857784112194	54.603444017812
16	0.0	10	UHFsym	ZZ onsite	-0.599726051976817	-0.008416844933773704	NaN	54.20857784112195	54.603444017812
16	0.0	10	chi2	ZZ up-up r=1	-0.3928212549606516	-0.050068479718867576	0.09698363280829767	13.114438889942022	16.150379115397328
16	0.0	10	chi4	ZZ up-up r=1	-0.3928212549606516	-0.3325919781890538	0.4016684908724763	1.3636375360370074	16.150379115397328
16	0.0	10	chi8	ZZ up-up r=1	-0.3928212549606516	-0.004086277107493097	0.9531835469652283	16.145778064492642	16.150379115397328
16	0.0	10	chi16	ZZ up-up r=1	-0.3928212549606516	-0.0013283879024249545	0.9951061220758266	16.154743807882934	16.150379115397328
16	0.0	10	chi32	ZZ up-up r=1	-0.3928212549606516	-0.00012401509062748284	0.9998374729774914	16.15102540335599	16.150379115397328
16	0.0	10	exact	ZZ up-up r=1	-0.3928212549606516	0.0	NaN	16.150379115397328	16.150379115397328
16	0.0	10	UHF	ZZ up-up r=1	-0.3928212549606516	0.39111580757174863	NaN	0.9920045232622563	16.150379115397328
16	0.0	10	UHFsym	ZZ up-up r=1	-0.3928212549606516	-0.0031366411106480974	NaN	16.15161065948597	16.150379115397328
16	0.0	10	chi2	SzSz r=1	-0.08047344676094989	0.005214747049496121	0.09698363280829767	9.34504952249447	11.163019785248371
16	0.0	10	chi4	SzSz r=1	-0.08047344676094989	-0.06541612756805043	0.4016684908724763	1.430291160149472	11.163019785248371
16	0.0	10	chi8	SzSz r=1	-0.08047344676094989	-0.0006323853382196043	0.9531835469652283	11.133444326461149	11.163019785248371
16	0.0	10	chi16	SzSz r=1	-0.08047344676094989	-0.0003889470165871489	0.9951061220758266	11.141299030707547	11.163019785248371
16	0.0	10	chi32	SzSz r=1	-0.08047344676094989	-3.782178830526173e-5	0.9998374729774914	11.16202801642868	11.163019785248371
16	0.0	10	exact	SzSz r=1	-0.08047344676094989	0.0	NaN	11.163019785248371	11.163019785248371
16	0.0	10	UHF	SzSz r=1	-0.08047344676094989	0.09143199756251782	NaN	0.8367148454305764	11.163019785248371
16	0.0	10	UHFsym	SzSz r=1	-0.08047344676094989	-0.007131114608082842	NaN	9.955882758436609	11.163019785248371
16	0.0	10	chi2	hop up r=1	0.4198436251594537	0.4198436251594537	0.09698363280829767	1.0	22.211700820940333
16	0.0	10	chi4	hop up r=1	0.4198436251594537	0.4198436251594537	0.4016684908724763	1.0	22.211700820940333
16	0.0	10	chi8	hop up r=1	0.4198436251594537	0.005672459675133468	0.9531835469652283	22.004766154406674	22.211700820940333
16	0.0	10	chi16	hop up r=1	0.4198436251594537	0.001703695434076835	0.9951061220758266	22.166774907309637	22.211700820940333
16	0.0	10	chi32	hop up r=1	0.4198436251594537	9.416916379589857e-5	0.9998374729774914	22.209609971427284	22.211700820940333
16	0.0	10	exact	hop up r=1	0.4198436251594537	0.0	NaN	22.211700820940333	22.211700820940333
16	0.0	10	UHF	hop up r=1	0.4198436251594537	-0.01905336785493128	NaN	21.691215234998083	22.211700820940333
16	0.0	10	UHFsym	hop up r=1	0.4198436251594537	-0.019053367854932723	NaN	21.691215234997983	22.211700820940333
16	0.0	11	chi2	n	0.999999999997671	-2.328914838756191e-12	0.09698363280829767	1.0000000001933822	0.9999999999414465
16	0.0	11	chi4	n	0.999999999997671	8.198164369588312e-11	0.4016684908724763	1.0000000000400158	0.9999999999414465
16	0.0	11	chi8	n	0.999999999997671	-2.2593371618029323e-10	0.9531835469652283	0.9999999998279125	0.9999999999414465
16	0.0	11	chi16	n	0.999999999997671	-1.3032908086074713e-11	0.9951061220758266	0.9999999999135438	0.9999999999414465
16	0.0	11	chi32	n	0.999999999997671	2.73003841755326e-12	0.9998374729774914	0.9999999999465945	0.9999999999414465
16	0.0	11	exact	n	0.999999999997671	0.0	NaN	0.9999999999414465	0.9999999999414465
16	0.0	11	UHF	n	0.999999999997671	-2.3361312884162544e-12	NaN	0.01993601572508085	0.9999999999414465
16	0.0	11	UHFsym	n	0.999999999997671	-2.3361312884162544e-12	NaN	0.9999999999999928	0.9999999999414465
16	0.0	11	chi2	Sz	-6.841527344647602e-11	-2.848648820046468e-10	0.09698363280829767	0.9999999998202427	1.0000000000529923
16	0.0	11	chi4	Sz	-6.841527344647602e-11	-9.205608497708795e-12	0.4016684908724763	0.9999999999108387	1.0000000000529923
16	0.0	11	chi8	Sz	-6.841527344647602e-11	-1.5161294442123108e-10	0.9531835469652283	1.0000000002977836	1.0000000000529923
16	0.0	11	chi16	Sz	-6.841527344647602e-11	1.5151685461844977e-11	0.9951061220758266	1.0000000000869635	1.0000000000529923
16	0.0	11	chi32	Sz	-6.841527344647602e-11	-2.399962173438297e-12	0.9998374729774914	1.000000000046527	1.0000000000529923
16	0.0	11	exact	Sz	-6.841527344647602e-11	0.0	NaN	1.0000000000529923	1.0000000000529923
16	0.0	11	UHF	Sz	-6.841527344647602e-11	0.38448139645165486	NaN	0.026117019571474574	1.0000000000529923
16	0.0	11	UHFsym	Sz	-6.841527344647602e-11	-6.841524742562388e-11	NaN	1.0000000000000122	1.0000000000529923
16	0.0	11	chi2	DoubleOcc	0.10059020076841657	0.10059020076841657	0.09698363280829767	2.2084252786921117	29.796530444102917
16	0.0	11	chi4	DoubleOcc	0.10059020076841657	0.03557539963920228	0.4016684908724763	11.985804658125069	29.796530444102917
16	0.0	11	chi8	DoubleOcc	0.10059020076841657	5.180200661578094e-5	0.9531835469652283	29.80156804256066	29.796530444102917
16	0.0	11	chi16	DoubleOcc	0.10059020076841657	0.0002634803306492406	0.9951061220758266	29.82006065672293	29.796530444102917
16	0.0	11	chi32	DoubleOcc	0.10059020076841657	-3.695681908999493e-6	0.9998374729774914	29.796163367708935	29.796530444102917
16	0.0	11	exact	DoubleOcc	0.10059020076841657	0.0	NaN	29.796530444102917	29.796530444102917
16	0.0	11	UHF	DoubleOcc	0.10059020076841657	-0.0015838549615636577	NaN	1.289651818536894	29.796530444102917
16	0.0	11	UHFsym	DoubleOcc	0.10059020076841657	-0.0015838549615637687	NaN	29.54678586223966	29.796530444102917
16	0.0	11	chi2	ZZ onsite	-0.5976391969216732	0.4023608030783268	0.09698363280829767	2.19642997506445	56.45334689500032
16	0.0	11	chi4	ZZ onsite	-0.5976391969216732	0.14230159839284817	0.4016684908724763	14.006039607522025	56.45334689500032
16	0.0	11	chi8	ZZ onsite	-0.5976391969216732	0.00020720847832988998	0.9531835469652283	56.460493896157665	56.45334689500032
16	0.0	11	chi16	ZZ onsite	-0.5976391969216732	0.001053921348665443	0.9951061220758266	56.48194125639723	56.45334689500032
16	0.0	11	chi32	ZZ onsite	-0.5976391969216732	-1.4782733091633915e-5	0.9998374729774914	56.452808517613	56.45334689500032
16	0.0	11	exact	ZZ onsite	-0.5976391969216732	0.0	NaN	56.45334689500032	56.45334689500032
16	0.0	11	UHF	ZZ onsite	-0.5976391969216732	-0.006335419841579704	NaN	55.8799536839226	56.45334689500032
16	0.0	11	UHFsym	ZZ onsite	-0.5976391969216732	-0.006335419841580148	NaN	55.87995368392254	56.45334689500032
16	0.0	11	chi2	ZZ up-up r=1	-0.6449113592105007	0.3550886407894993	0.09698363280829767	3.0570799512446496	61.798968557644976
16	0.0	11	chi4	ZZ up-up r=1	-0.6449113592105007	0.141993868917484	0.4016684908724763	14.735765312852637	61.798968557644976
16	0.0	11	chi8	ZZ up-up r=1	-0.6449113592105007	-0.011601212461509136	0.9531835469652283	61.585250219342306	61.798968557644976
16	0.0	11	chi16	ZZ up-up r=1	-0.6449113592105007	-0.003048082054289636	0.9951061220758266	61.98223770128692	61.798968557644976
16	0.0	11	chi32	ZZ up-up r=1	-0.6449113592105007	7.532785948782816e-6	0.9998374729774914	61.79830591311536	61.798968557644976
16	0.0	11	exact	ZZ up-up r=1	-0.6449113592105007	0.0	NaN	61.798968557644976	61.798968557644976
16	0.0	11	UHF	ZZ up-up r=1	-0.6449113592105007	0.1390852036364264	NaN	15.190166185158347	61.798968557644976
16	0.0	11	UHFsym	ZZ up-up r=1	-0.6449113592105007	-0.2551996257344606	NaN	5.9992731145162095	61.798968557644976
16	0.0	11	chi2	SzSz r=1	-0.13529461352959127	0.11470538647040873	0.09698363280829767	1.3792721473210208	45.26410465422098
16	0.0	11	chi4	SzSz r=1	-0.13529461352959127	0.02892429291672005	0.4016684908724763	14.857666653339184	45.26410465422098
16	0.0	11	chi8	SzSz r=1	-0.13529461352959127	-0.003108910282533156	0.9531835469652283	44.335676853643704	45.26410465422098
16	0.0	11	chi16	SzSz r=1	-0.13529461352959127	-8.47388779173508e-5	0.9951061220758266	45.31191820420796	45.26410465422098
16	0.0	11	chi32	SzSz r=1	-0.13529461352959127	-3.644019481996441e-7	0.9998374729774914	45.26705214095528	45.26410465422098
16	0.0	11	exact	SzSz r=1	-0.13529461352959127	0.0	NaN	45.26410465422098	45.26410465422098
16	0.0	11	UHF	SzSz r=1	-0.13529461352959127	0.036624338971239845	NaN	10.775863790062068	45.26410465422098
16	0.0	11	UHFsym	SzSz r=1	-0.13529461352959127	-0.06194686837148364	NaN	4.457041578164802	45.26410465422098
16	0.0	11	chi2	hop up r=1	0.5594892111347365	0.5594892111347365	0.09698363280829767	1.0	46.302543401134734
16	0.0	11	chi4	hop up r=1	0.5594892111347365	-0.06910800947736329	0.4016684908724763	27.518597045901483	46.302543401134734
16	0.0	11	chi8	hop up r=1	0.5594892111347365	0.008370074481606316	0.9531835469652283	45.79640549266899	46.302543401134734
16	0.0	11	chi16	hop up r=1	0.5594892111347365	0.002258579149066242	0.9951061220758266	46.25687325875994	46.302543401134734
16	0.0	11	chi32	hop up r=1	0.5594892111347365	4.110354247521819e-6	0.9998374729774914	46.30252221632095	46.302543401134734
16	0.0	11	exact	hop up r=1	0.5594892111347365	0.0	NaN	46.302543401134734	46.302543401134734
16	0.0	11	UHF	hop up r=1	0.5594892111347365	0.12057976069282844	NaN	14.865917621262202	46.302543401134734
16	0.0	11	UHFsym	hop up r=1	0.5594892111347365	0.12057976069282694	NaN	14.865917621262454	46.302543401134734
16	0.0	12	chi2	n	0.9999999999824938	-1.7507995053733794e-11	0.09698363280829767	1.0000000003778566	0.9999999998500698
16	0.0	12	chi4	n	0.9999999999824938	-1.0181744336534848e-10	0.4016684908724763	1.0000000000099163	0.9999999998500698
16	0.0	12	chi8	n	0.9999999999824938	2.523569131440695e-10	0.9531835469652283	0.999999999957304	0.9999999998500698
16	0.0	12	chi16	n	0.9999999999824938	5.1025850211772195e-12	0.9951061220758266	0.9999999998007405	0.9999999998500698
16	0.0	12	chi32	n	0.9999999999824938	3.0723201760451957e-12	0.9998374729774914	0.9999999998584298	0.9999999998500698
16	0.0	12	exact	n	0.9999999999824938	0.0	NaN	0.9999999998500698	0.9999999998500698
16	0.0	12	UHF	n	0.9999999999824938	-1.7506218696894393e-11	NaN	0.02371746417218714	0.9999999998500698
16	0.0	12	UHFsym	n	0.9999999999824938	-1.7506218696894393e-11	NaN	1.0000000000000016	0.9999999998500698
16	0.0	12	chi2	Sz	1.0088496704696581e-10	3.173344920170962e-10	0.09698363280829767	0.9999999993727362	1.0000000002964504
16	0.0	12	chi4	Sz	1.0088496704696581e-10	1.7878685337757716e-10	0.4016684908724763	0.9999999997545543	1.0000000002964504
16	0.0	12	chi8	Sz	1.0088496704696581e-10	-1.5474322864750256e-10	0.9531835469652283	1.0000000008038221	1.0000000002964504
16	0.0	12	chi16	Sz	1.0088496704696581e-10	-3.26253711546709e-11	0.9951061220758266	1.0000000003921883	1.0000000002964504
16	0.0	12	chi32	Sz	1.0088496704696581e-10	2.160549517071786e-12	0.9998374729774914	1.0000000002909057	1.0000000002964504
16	0.0	12	exact	Sz	1.0088496704696581e-10	0.0	NaN	1.0000000002964504	1.0000000002964504
16	0.0	12	UHF	Sz	1.0088496704696581e-10	-0.3845147400868408	NaN	0.037848467900973765	1.0000000002964504
16	0.0	12	UHFsym	Sz	1.0088496704696581e-10	1.0088494883236931e-10	NaN	1.0000000000000002	1.0000000002964504
16	0.0	12	chi2	DoubleOcc	0.09948769048239811	0.09948769048239811	0.09698363280829767	2.273682056363467	23.757369334705
16	0.0	12	chi4	DoubleOcc	0.09948769048239811	0.03447288926887296	0.4016684908724763	11.49301573695434	23.757369334705
16	0.0	12	chi8	DoubleOcc	0.09948769048239811	-0.0010212840857546646	0.9531835469652283	23.6608111247321	23.757369334705
16	0.0	12	chi16	DoubleOcc	0.09948769048239811	0.0002249333153297728	0.9951061220758266	23.772174197792665	23.757369334705
16	0.0	12	chi32	DoubleOcc	0.09948769048239811	-3.9984469260567757e-7	0.9998374729774914	23.75734092604275	23.757369334705
16	0.0	12	exact	DoubleOcc	0.09948769048239811	0.0	NaN	23.757369334705	23.757369334705
16	0.0	12	UHF	DoubleOcc	0.09948769048239811	-0.002660724095967709	NaN	1.2008047848963685	23.757369334705
16	0.0	12	UHFsym	DoubleOcc	0.09948769048239811	-0.0026607240959677647	NaN	23.407951920893375	23.757369334705
16	0.0	12	chi2	ZZ onsite	-0.602049238035392	0.39795076196460977	0.09698363280829767	2.247375656607595	45.83298325246369
16	0.0	12	chi4	ZZ onsite	-0.602049238035392	0.13789155727912938	0.4016684908724763	13.880028549620992	45.83298325246369
16	0.0	12	chi8	ZZ onsite	-0.602049238035392	-0.004085136847731485	0.9531835469652283	45.68425282784709	45.83298325246369
16	0.0	12	chi16	ZZ onsite	-0.602049238035392	0.0008997332511175848	0.9951061220758266	45.840522537913344	45.83298325246369
16	0.0	12	chi32	ZZ onsite	-0.602049238035392	-1.5993849108442149e-6	0.9998374729774914	45.83296171250619	45.83298325246369
16	0.0	12	exact	ZZ onsite	-0.602049238035392	0.0	NaN	45.83298325246369	45.83298325246369
16	0.0	12	UHF	ZZ onsite	-0.602049238035392	-0.010642896348855069	NaN	45.06328102567534	45.83298325246369
16	0.0	12	UHFsym	ZZ onsite	-0.602049238035392	-0.010642896348855513	NaN	45.06328102567528	45.83298325246369
16	0.0	12	chi2	ZZ up-up r=1	-0.37462787007011394	-0.041111173372186116	0.09698363280829767	13.026603329721095	15.934122773240466
16	0.0	12	chi4	ZZ up-up r=1	-0.37462787007011394	-0.32086569917857327	0.4016684908724763	1.3267500366527594	15.934122773240466
16	0.0	12	chi8	ZZ up-up r=1	-0.37462787007011394	-0.0037325125570906725	0.9531835469652283	15.841298197815384	15.934122773240466
16	0.0	12	chi16	ZZ up-up r=1	-0.37462787007011394	-0.001150126368522686	0.9951061220758266	15.91027443588729	15.934122773240466
16	0.0	12	chi32	ZZ up-up r=1	-0.37462787007011394	-5.9613182932127806e-5	0.9998374729774914	15.932991847082938	15.934122773240466
16	0.0	12	exact	ZZ up-up r=1	-0.37462787007011394	0.0	NaN	15.934122773240466	15.934122773240466
16	0.0	12	UHF	ZZ up-up r=1	-0.37462787007011394	0.4092036941506843	NaN	0.8949829517858818	15.934122773240466
16	0.0	12	UHFsym	ZZ up-up r=1	-0.37462787007011394	0.014968500519086825	NaN	15.848498727910874	15.934122773240466
16	0.0	12	chi2	SzSz r=1	-0.07653632725953585	0.006842846914946105	0.09698363280829767	8.799193460892532	11.503356777390573
16	0.0	12	chi4	SzSz r=1	-0.07653632725953585	-0.06309578453665068	0.4016684908724763	1.4021804521395154	11.503356777390573
16	0.0	12	chi8	SzSz r=1	-0.07653632725953585	-0.0004327068400934997	0.9531835469652283	11.47160732778623	11.503356777390573
16	0.0	12	chi16	SzSz r=1	-0.07653632725953585	-0.0002435749677474064	0.9951061220758266	11.50266124953399	11.503356777390573
16	0.0	12	chi32	SzSz r=1	-0.07653632725953585	-2.1625421582086024e-5	0.9998374729774914	11.503879436816936	11.503356777390573
16	0.0	12	exact	SzSz r=1	-0.07653632725953585	0.0	NaN	11.503356777390573	11.503356777390573
16	0.0	12	UHF	SzSz r=1	-0.07653632725953585	0.09535269484784206	NaN	0.6723397095339595	11.503356777390573
16	0.0	12	UHFsym	SzSz r=1	-0.07653632725953585	-0.003206103560056184	NaN	11.32413636754866	11.503356777390573
16	0.0	12	chi2	hop up r=1	0.40906608393018296	0.40906608393018296	0.09698363280829767	1.0	19.19597998230854
16	0.0	12	chi4	hop up r=1	0.40906608393018296	0.40906608393018296	0.4016684908724763	1.0	19.19597998230854
16	0.0	12	chi8	hop up r=1	0.40906608393018296	0.005170450328755127	0.9531835469652283	19.10703626076201	19.19597998230854
16	0.0	12	chi16	hop up r=1	0.40906608393018296	0.0004760437682070351	0.9951061220758266	19.192382301869056	19.19597998230854
16	0.0	12	chi32	hop up r=1	0.40906608393018296	5.588569489639594e-5	0.9998374729774914	19.19560619247451	19.19597998230854
16	0.0	12	exact	hop up r=1	0.40906608393018296	0.0	NaN	19.19597998230854	19.19597998230854
16	0.0	12	UHF	hop up r=1	0.40906608393018296	-0.029740196314944567	NaN	17.687998819026934	19.19597998230854
16	0.0	12	UHFsym	hop up r=1	0.40906608393018296	-0.02974019631494379	NaN	17.687998819027005	19.19597998230854
16	0.0	13	chi2	n	1.0000000000096598	9.657830091214237e-12	0.09698363280829767	0.9999999121942436	0.9999999997437037
16	0.0	13	chi4	n	1.0000000000096598	2.5193402919398977e-11	0.4016684908724763	0.9999999994011749	0.9999999997437037
16	0.0	13	chi8	n	1.0000000000096598	-1.2406564664502184e-10	0.9531835469652283	0.9999999996220705	0.9999999997437037
16	0.0	13	chi16	n	1.0000000000096598	-2.717603919677458e-12	0.9951061220758266	0.9999999997520458	0.9999999997437037
16	0.0	13	chi32	n	1.0000000000096598	-1.7108536809473662e-12	0.9998374729774914	0.9999999997430546	0.9999999997437037
16	0.0	13	exact	n	1.0000000000096598	0.0	NaN	0.9999999997437037	0.9999999997437037
16	0.0	13	UHF	n	1.0000000000096598	9.664269384757063e-12	NaN	0.016682282090767213	0.9999999997437037
16	0.0	13	UHFsym	n	1.0000000000096598	9.664269384757063e-12	NaN	0.9999999999999999	0.9999999997437037
16	0.0	13	chi2	Sz	-9.58578771914631e-11	3.223258301931996e-8	0.09698363280829767	1.0000000340026316	1.0000000000937352
16	0.0	13	chi4	Sz	-9.58578771914631e-11	1.222174896009509e-10	0.4016684908724763	1.0000000002407727	1.0000000000937352
16	0.0	13	chi8	Sz	-9.58578771914631e-11	6.397086332876611e-11	0.9531835469652283	1.0000000000699487	1.0000000000937352
16	0.0	13	chi16	Sz	-9.58578771914631e-11	-2.6506505323986573e-12	0.9951061220758266	1.0000000000889493	1.0000000000937352
16	0.0	13	chi32	Sz	-9.58578771914631e-11	5.042771755725539e-13	0.9998374729774914	1.0000000000930063	1.0000000000937352
16	0.0	13	exact	Sz	-9.58578771914631e-11	0.0	NaN	1.0000000000937352	1.0000000000937352
16	0.0	13	UHF	Sz	-9.58578771914631e-11	0.38443299481973214	NaN	0.032587055021515814	1.0000000000937352
16	0.0	13	UHFsym	Sz	-9.58578771914631e-11	-9.585786114527095e-11	NaN	1.0000000000000033	1.0000000000937352
16	0.0	13	chi2	DoubleOcc	0.1007381825985241	0.1007381825985241	0.09698363280829767	2.1479264562097797	32.88260964297772
16	0.0	13	chi4	DoubleOcc	0.1007381825985241	0.034585730275624726	0.4016684908724763	12.371842856862914	32.88260964297772
16	0.0	13	chi8	DoubleOcc	0.1007381825985241	0.00013589609143840886	0.9531835469652283	32.88740367734581	32.88260964297772
16	0.0	13	chi16	DoubleOcc	0.1007381825985241	0.00013569947831085227	0.9951061220758266	32.88739798808455	32.88260964297772
16	0.0	13	chi32	DoubleOcc	0.1007381825985241	-2.4554148714273083e-6	0.9998374729774914	32.88250714483487	32.88260964297772
16	0.0	13	exact	DoubleOcc	0.1007381825985241	0.0	NaN	32.88260964297772	32.88260964297772
16	0.0	13	UHF	DoubleOcc	0.1007381825985241	-0.0014730898217036326	NaN	1.1937997429139064	32.88260964297772
16	0.0	13	UHFsym	DoubleOcc	0.1007381825985241	-0.001473089821703577	NaN	32.720580924744354	32.88260964297772
16	0.0	13	chi2	ZZ onsite	-0.5970472696252193	0.40295273037478274	0.09698363280829767	2.1810120618925284	58.68043994720365
16	0.0	13	chi4	ZZ onsite	-0.5970472696252193	0.13834292105211599	0.4016684908724763	14.65596159749806	58.68043994720365
16	0.0	13	chi8	ZZ onsite	-0.5970472696252193	0.0005435846138878153	0.9531835469652283	58.695067224198866	58.68043994720365
16	0.0	13	chi16	ZZ onsite	-0.5970472696252193	0.0005427979186826137	0.9951061220758266	58.695050083515106	58.68043994720365
16	0.0	13	chi32	ZZ onsite	-0.5970472696252193	-9.82165605911689e-6	0.9998374729774914	58.68012440627004	58.68043994720365
16	0.0	13	exact	ZZ onsite	-0.5970472696252193	0.0	NaN	58.68043994720365	58.68043994720365
16	0.0	13	UHF	ZZ onsite	-0.5970472696252193	-0.005892359306138961	NaN	58.16837909861717	58.68043994720365
16	0.0	13	UHFsym	ZZ onsite	-0.5970472696252193	-0.00589235930613885	NaN	58.16837909861721	58.68043994720365
16	0.0	13	chi2	ZZ up-up r=1	-0.6785492039911389	0.32145079600886306	0.09698363280829767	4.178928155706004	90.62009012779443
16	0.0	13	chi4	ZZ up-up r=1	-0.6785492039911389	0.1435229513095564	0.4016684908724763	17.361851532140683	90.62009012779443
16	0.0	13	chi8	ZZ up-up r=1	-0.6785492039911389	-0.00849796837380179	0.9531835469652283	90.26626715118374	90.62009012779443
16	0.0	13	chi16	ZZ up-up r=1	-0.6785492039911389	-0.0037217255007011563	0.9951061220758266	90.78122149531303	90.62009012779443
16	0.0	13	chi32	ZZ up-up r=1	-0.6785492039911389	3.3382188369235344e-5	0.9998374729774914	90.61641626491256	90.62009012779443
16	0.0	13	exact	ZZ up-up r=1	-0.6785492039911389	0.0	NaN	90.62009012779443	90.62009012779443
16	0.0	13	UHF	ZZ up-up r=1	-0.6785492039911389	0.10734252275892286	NaN	26.708309360218163	90.62009012779443
16	0.0	13	UHFsym	ZZ up-up r=1	-0.6785492039911389	-0.2879594125433158	NaN	5.349525373559563	90.62009012779443
16	0.0	13	chi2	SzSz r=1	-0.14263832131175663	0.10736167868824387	0.09698363280829767	1.771975156417885	58.14426734182441
16	0.0	13	chi4	SzSz r=1	-0.14263832131175663	0.038603929212611965	0.4016684908724763	12.20674404867895	58.14426734182441
16	0.0	13	chi8	SzSz r=1	-0.14263832131175663	-0.0022824217834857274	0.9531835469652283	55.77269135921428	58.14426734182441
16	0.0	13	chi16	SzSz r=1	-0.14263832131175663	-0.0006604155936236755	0.9951061220758266	57.69166588413982	58.14426734182441
16	0.0	13	chi32	SzSz r=1	-0.14263832131175663	7.14812016153199e-6	0.9998374729774914	58.14806026112202	58.14426734182441
16	0.0	13	exact	SzSz r=1	-0.14263832131175663	0.0	NaN	58.14426734182441	58.14426734182441
16	0.0	13	UHF	SzSz r=1	-0.14263832131175663	0.02970821076222574	NaN	18.09164667459177	58.14426734182441
16	0.0	13	UHFsym	SzSz r=1	-0.14263832131175663	-0.06911727306333317	NaN	3.9829703011941797	58.14426734182441
16	0.0	13	chi2	hop up r=1	0.576269031278561	0.576269031278561	0.09698363280829767	1.0	46.36308324808175
16	0.0	13	chi4	hop up r=1	0.576269031278561	-0.0646695525271257	0.4016684908724763	30.400636301142658	46.36308324808175
16	0.0	13	chi8	hop up r=1	0.576269031278561	0.0053823001369277534	0.9531835469652283	46.02328846415515	46.36308324808175
16	0.0	13	chi16	hop up r=1	0.576269031278561	0.0012454399467387578	0.9951061220758266	46.31628677335066	46.36308324808175
16	0.0	13	chi32	hop up r=1	0.576269031278561	-7.649419910937816e-6	0.9998374729774914	46.36331074987587	46.36308324808175
16	0.0	13	exact	hop up r=1	0.576269031278561	0.0	NaN	46.36308324808175	46.36308324808175
16	0.0	13	UHF	hop up r=1	0.576269031278561	0.13693863521170707	NaN	12.777007275901354	46.36308324808175
16	0.0	13	UHFsym	hop up r=1	0.576269031278561	0.1369386352117073	NaN	12.77700727590133	46.36308324808175
16	0.0	14	chi2	n	1.0000000000280027	2.8000490814861223e-11	0.09698363280829767	1.0000000145245755	1.000000000043914
16	0.0	14	chi4	n	1.0000000000280027	3.4728664388694597e-11	0.4016684908724763	1.0000000000499454	1.000000000043914
16	0.0	14	chi8	n	1.0000000000280027	3.383737734452552e-12	0.9531835469652283	0.9999999999892978	1.000000000043914
16	0.0	14	chi16	n	1.0000000000280027	1.6460832696907346e-11	0.9951061220758266	1.0000000000384166	1.000000000043914
16	0.0	14	chi32	n	1.0000000000280027	6.859179890739142e-12	0.9998374729774914	1.0000000000378189	1.000000000043914
16	0.0	14	exact	n	1.0000000000280027	0.0	NaN	1.000000000043914	1.000000000043914
16	0.0	14	UHF	n	1.0000000000280027	2.800393250623756e-11	NaN	0.020924085611322866	1.000000000043914
16	0.0	14	UHFsym	n	1.0000000000280027	2.8003599439330173e-11	NaN	1.0000000000000004	1.000000000043914
16	0.0	14	chi2	Sz	1.3343103358320896e-10	-3.219500991843982e-8	0.09698363280829767	1.0000000223646284	1.0000000000726745
16	0.0	14	chi4	Sz	1.3343103358320896e-10	3.084007701992242e-11	0.4016684908724763	1.0000000000756888	1.0000000000726745
16	0.0	14	chi8	Sz	1.3343103358320896e-10	1.258702586603988e-10	0.9531835469652283	0.9999999999879683	1.0000000000726745
16	0.0	14	chi16	Sz	1.3343103358320896e-10	3.3214233446932084e-11	0.9951061220758266	1.0000000000612375	1.0000000000726745
16	0.0	14	chi32	Sz	1.3343103358320896e-10	2.2303710961457668e-11	0.9998374729774914	1.0000000000620515	1.0000000000726745
16	0.0	14	exact	Sz	1.3343103358320896e-10	0.0	NaN	1.0000000000726745	1.0000000000726745
16	0.0	14	UHF	Sz	1.3343103358320896e-10	-0.38555517962681507	NaN	0.030569180886167408	1.0000000000726745
16	0.0	14	UHFsym	Sz	1.3343103358320896e-10	1.3343103531793243e-10	NaN	1.0000000000000007	1.0000000000726745
16	0.0	14	chi2	DoubleOcc	0.09729310242583825	0.09729310242583825	0.09698363280829767	2.2132395302534333	27.957821622204712
16	0.0	14	chi4	DoubleOcc	0.09729310242583825	0.011050172436333772	0.4016684908724763	23.44605840519083	27.957821622204712
16	0.0	14	chi8	DoubleOcc	0.09729310242583825	-0.0013825352535467572	0.9531835469652283	28.062167682905997	27.957821622204712
16	0.0	14	chi16	DoubleOcc	0.09729310242583825	8.392780511068398e-5	0.9951061220758266	27.94743928566076	27.957821622204712
16	0.0	14	chi32	DoubleOcc	0.09729310242583825	2.517924725387033e-6	0.9998374729774914	27.957516816173705	27.957821622204712
16	0.0	14	exact	DoubleOcc	0.09729310242583825	0.0	NaN	27.957821622204712	27.957821622204712
16	0.0	14	UHF	DoubleOcc	0.09729310242583825	-0.004054100934205523	NaN	1.3129174799635146	27.957821622204712
16	0.0	14	UHFsym	DoubleOcc	0.09729310242583825	-0.004054100934205412	NaN	27.904137159875987	27.957821622204712
16	0.0	14	chi2	ZZ onsite	-0.6108275903526489	0.38917240964735333	0.09698363280829767	2.251154773450375	49.74469135716713
16	0.0	14	chi4	ZZ onsite	-0.6108275903526489	0.0442006896758812	0.4016684908724763	36.773061809759994	49.74469135716713
16	0.0	14	chi8	ZZ onsite	-0.6108275903526489	-0.005530141020952284	0.9531835469652283	50.10939112294615	49.74469135716713
16	0.0	14	chi16	ZZ onsite	-0.6108275903526489	0.0003357111875237351	0.9951061220758266	49.70961022131631	49.74469135716713
16	0.0	14	chi32	ZZ onsite	-0.6108275903526489	1.0071685187185153e-5	0.9998374729774914	49.74366002920037	49.74469135716713
16	0.0	14	exact	ZZ onsite	-0.6108275903526489	0.0	NaN	49.74469135716713	49.74469135716713
16	0.0	14	UHF	ZZ onsite	-0.6108275903526489	-0.016216403792826184	NaN	49.65128076508709	49.74469135716713
16	0.0	14	UHFsym	ZZ onsite	-0.6108275903526489	-0.016216403792825518	NaN	49.65128076508715	49.74469135716713
16	0.0	14	chi2	ZZ up-up r=1	-0.3246202570823324	-0.02748719963572821	0.09698363280829767	11.187049856918856	12.340931062279438
16	0.0	14	chi4	ZZ up-up r=1	-0.3246202570823324	-0.28443930175793003	0.4016684908724763	1.2673335614344776	12.340931062279438
16	0.0	14	chi8	ZZ up-up r=1	-0.3246202570823324	-0.0032421176569405463	0.9531835469652283	12.292787571701087	12.340931062279438
16	0.0	14	chi16	ZZ up-up r=1	-0.3246202570823324	-6.057619263649672e-5	0.9951061220758266	12.340277664080588	12.340931062279438
16	0.0	14	chi32	ZZ up-up r=1	-0.3246202570823324	-2.8450675672586634e-6	0.9998374729774914	12.340900585460894	12.340931062279438
16	0.0	14	exact	ZZ up-up r=1	-0.3246202570823324	0.0	NaN	12.340931062279438	12.340931062279438
16	0.0	14	UHF	ZZ up-up r=1	-0.3246202570823324	0.4523463196872977	NaN	0.5588767267037671	12.340931062279438
16	0.0	14	UHFsym	ZZ up-up r=1	-0.3246202570823324	0.06037517711957141	NaN	9.277752606037058	12.340931062279438
16	0.0	14	chi2	SzSz r=1	-0.06579499798705452	0.008488266374596529	0.09698363280829767	6.888550710963376	8.635068658567183
16	0.0	14	chi4	SzSz r=1	-0.06579499798705452	-0.06579499798705453	0.4016684908724763	0.9959246031975776	8.635068658567183
16	0.0	14	chi8	SzSz r=1	-0.06579499798705452	-0.0005197524720136071	0.9531835469652283	8.635313295238857	8.635068658567183
16	0.0	14	chi16	SzSz r=1	-0.06579499798705452	8.803232921419935e-6	0.9951061220758266	8.634460713211965	8.635068658567183
16	0.0	14	chi32	SzSz r=1	-0.06579499798705452	-7.093171612848614e-7	0.9998374729774914	8.635046821347206	8.635068658567183
16	0.0	14	exact	SzSz r=1	-0.06579499798705452	0.0	NaN	8.635068658567183	8.635068658567183
16	0.0	14	UHF	SzSz r=1	-0.06579499798705452	0.10481144292814384	NaN	0.44764700238232175	8.635068658567183
16	0.0	14	UHFsym	SzSz r=1	-0.06579499798705452	0.00681865728621274	NaN	7.975931183094844	8.635068658567183
16	0.0	14	chi2	hop up r=1	0.37651192379106113	0.37651192379106113	0.09698363280829767	1.0	16.999537547871014
16	0.0	14	chi4	hop up r=1	0.37651192379106113	0.11863478757994039	0.4016684908724763	6.696639522892548	16.999537547871014
16	0.0	14	chi8	hop up r=1	0.37651192379106113	0.004103327152023939	0.9531835469652283	17.009639421051915	16.999537547871014
16	0.0	14	chi16	hop up r=1	0.37651192379106113	6.946731045703869e-5	0.9951061220758266	17.000253907467815	16.999537547871014
16	0.0	14	chi32	hop up r=1	0.37651192379106113	4.332414148877639e-6	0.9998374729774914	16.999582772000416	16.999537547871014
16	0.0	14	exact	hop up r=1	0.37651192379106113	0.0	NaN	16.999537547871014	16.999537547871014
16	0.0	14	UHF	hop up r=1	0.37651192379106113	-0.058323247529832034	NaN	11.926924204855862	16.999537547871014
16	0.0	14	UHFsym	hop up r=1	0.37651192379106113	-0.05832324752983048	NaN	11.926924204856045	16.999537547871014
16	0.0	15	chi2	n	0.9999999998787324	-1.212697720021083e-10	0.09698363280829767	1.0000000312472266	0.9999999996846846
16	0.0	15	chi4	n	0.9999999998787324	2.241206109587779e-10	0.4016684908724763	1.0000000001571632	0.9999999996846846
16	0.0	15	chi8	n	0.9999999998787324	9.935385847370526e-13	0.9531835469652283	0.9999999998387475	0.9999999996846846
16	0.0	15	chi16	n	0.9999999998787324	-5.648037593175559e-12	0.9951061220758266	0.9999999997757554	0.9999999996846846
16	0.0	15	chi32	n	0.9999999998787324	-4.078071214053125e-12	0.9998374729774914	0.9999999997180794	0.9999999996846846
16	0.0	15	exact	n	0.9999999998787324	0.0	NaN	0.9999999996846846	0.9999999996846846
16	0.0	15	UHF	n	0.9999999998787324	-1.2126522008770735e-10	NaN	0.01783455985849651	0.9999999996846846
16	0.0	15	UHFsym	n	0.9999999998787324	-1.212653311100098e-10	NaN	1.000000000000001	0.9999999996846846
16	0.0	15	chi2	Sz	1.1502132579721547e-10	9.893853819553541e-9	0.09698363280829767	1.000000016409984	0.9999999999021387
16	0.0	15	chi4	Sz	1.1502132579721547e-10	1.176585981421674e-10	0.4016684908724763	1.000000000275441	0.9999999999021387
16	0.0	15	chi8	Sz	1.1502132579721547e-10	4.8080393832972135e-11	0.9531835469652283	0.9999999999836012	0.9999999999021387
16	0.0	15	chi16	Sz	1.1502132579721547e-10	2.926235642686237e-11	0.9951061220758266	0.9999999999468098	0.9999999999021387
16	0.0	15	chi32	Sz	1.1502132579721547e-10	1.1000943211936232e-11	0.9998374729774914	0.9999999999173964	0.9999999999021387
16	0.0	15	exact	Sz	1.1502132579721547e-10	0.0	NaN	0.9999999999021387	0.9999999999021387
16	0.0	15	UHF	Sz	1.1502132579721547e-10	0.3811937834001592	NaN	0.03417668784172563	0.9999999999021387
16	0.0	15	UHFsym	Sz	1.1502132579721547e-10	1.1502133880764154e-10	NaN	1.000000000000002	0.9999999999021387
16	0.0	15	chi2	DoubleOcc	0.09924590374246695	0.09924590374246695	0.09698363280829767	2.215728657365601	28.4361788389677
16	0.0	15	chi4	DoubleOcc	0.09924590374246695	0.012895145679966219	0.4016684908724763	23.7781866350466	28.4361788389677
16	0.0	15	chi8	DoubleOcc	0.09924590374246695	0.0005924826038268549	0.9531835469652283	28.429987910911276	28.4361788389677
16	0.0	15	chi16	DoubleOcc	0.09924590374246695	3.086668435889339e-5	0.9951061220758266	28.436450204395914	28.4361788389677
16	0.0	15	chi32	DoubleOcc	0.09924590374246695	1.5277831434123978e-6	0.9998374729774914	28.436193806572042	28.4361788389677
16	0.0	15	exact	DoubleOcc	0.09924590374246695	0.0	NaN	28.4361788389677	28.4361788389677
16	0.0	15	UHF	DoubleOcc	0.09924590374246695	-0.005445395842295253	NaN	1.232769903896347	28.4361788389677
16	0.0	15	UHFsym	DoubleOcc	0.09924590374246695	-0.005445395842295142	NaN	27.405334853184975	28.4361788389677
16	0.0	15	chi2	ZZ onsite	-0.6030163847875935	0.39698361521240877	0.09698363280829767	2.2861204083795386	47.87638276076865
16	0.0	15	chi4	ZZ onsite	-0.6030163847875935	0.05158058227162754	0.4016684908724763	36.51409383418507	47.87638276076865
16	0.0	15	chi8	ZZ onsite	-0.6030163847875935	0.002369930413322341	0.9531835469652283	47.90643828320747	47.87638276076865
16	0.0	15	chi16	ZZ onsite	-0.6030163847875935	0.0001234667487348684	0.9951061220758266	47.879647155004	47.87638276076865
16	0.0	15	chi32	ZZ onsite	-0.6030163847875935	6.111140734010867e-6	0.9998374729774914	47.8765487195753	47.87638276076865
16	0.0	15	exact	ZZ onsite	-0.6030163847875935	0.0	NaN	47.87638276076865	47.87638276076865
16	0.0	15	UHF	ZZ onsite	-0.6030163847875935	-0.021781583126646797	NaN	44.615597431288904	47.87638276076865
16	0.0	15	UHFsym	ZZ onsite	-0.6030163847875935	-0.021781583126646242	NaN	44.615597431289046	47.87638276076865
16	0.0	15	chi2	ZZ up-up r=1	-0.8262748806957504	0.17372511930425183	0.09698363280829767	20.542156566348464	226.29533893557664
16	0.0	15	chi4	ZZ up-up r=1	-0.8262748806957504	0.093363208655445	0.4016684908724763	57.957058791913184	226.29533893557664
16	0.0	15	chi8	ZZ up-up r=1	-0.8262748806957504	0.0061710206626922615	0.9531835469652283	223.1164317594889	226.29533893557664
16	0.0	15	chi16	ZZ up-up r=1	-0.8262748806957504	0.0005221612703945056	0.9951061220758266	226.24301796769018	226.29533893557664
16	0.0	15	chi32	ZZ up-up r=1	-0.8262748806957504	2.956513626728441e-5	0.9998374729774914	226.29346444569944	226.29533893557664
16	0.0	15	exact	ZZ up-up r=1	-0.8262748806957504	0.0	NaN	226.29533893557664	226.29533893557664
16	0.0	15	UHF	ZZ up-up r=1	-0.8262748806957504	0.059589278439929005	NaN	103.3766390893573	226.29533893557664
16	0.0	15	UHFsym	ZZ up-up r=1	-0.8262748806957504	-0.3854920342873915	NaN	4.527489192825183	226.29533893557664
16	0.0	15	chi2	SzSz r=1	-0.1751740086799362	0.07482599132006434	0.09698363280829767	4.895433266583272	106.71945813495752
16	0.0	15	chi4	SzSz r=1	-0.1751740086799362	0.03020308550456499	0.4016684908724763	25.18014333691076	106.71945813495752
16	0.0	15	chi8	SzSz r=1	-0.1751740086799362	0.0012823743471619409	0.9531835469652283	106.09298350075704	106.71945813495752
16	0.0	15	chi16	SzSz r=1	-0.1751740086799362	0.00010575574267482346	0.9951061220758266	106.71237792706502	106.71945813495752
16	0.0	15	chi32	SzSz r=1	-0.1751740086799362	6.429521978990049e-6	0.9998374729774914	106.71934380892634	106.71945813495752
16	0.0	15	exact	SzSz r=1	-0.1751740086799362	0.0	NaN	106.71945813495752	106.71945813495752
16	0.0	15	UHF	SzSz r=1	-0.1751740086799362	0.01900157148898618	NaN	47.11228196958276	106.71945813495752
16	0.0	15	UHFsym	SzSz r=1	-0.1751740086799362	-0.0922687566928429	NaN	3.5141411440771666	106.71945813495752
16	0.0	15	chi2	hop up r=1	0.6366345383915865	0.6366345383915865	0.09698363280829767	1.0	74.33700136615238
16	0.0	15	chi4	hop up r=1	0.6366345383915865	-0.03752678444727586	0.4016684908724763	58.37732489281728	74.33700136615238
16	0.0	15	chi8	hop up r=1	0.6366345383915865	-0.0030695672199029245	0.9531835469652283	74.10383701937985	74.33700136615238
16	0.0	15	chi16	hop up r=1	0.6366345383915865	-0.0003449260629110329	0.9951061220758266	74.3234131626911	74.33700136615238
16	0.0	15	chi32	hop up r=1	0.6366345383915865	-1.3455488277247518e-5	0.9998374729774914	74.33653143469695	74.33700136615238
16	0.0	15	exact	hop up r=1	0.6366345383915865	0.0	NaN	74.33700136615238	74.33700136615238
16	0.0	15	UHF	hop up r=1	0.6366345383915865	0.16938334586237247	NaN	12.120242543987997	74.33700136615238
16	0.0	15	UHFsym	hop up r=1	0.6366345383915865	0.16938334586237386	NaN	12.120242543987825	74.33700136615238
16	0.125	1	chi2	n	0.922075804910052	-0.07792419508994775	0.004397889498404903	0.9999974427153395	1.5045142937949332
16	0.125	1	chi4	n	0.922075804910052	-0.011341868683739542	0.3688295372786557	1.500635018461332	1.5045142937949332
16	0.125	1	chi8	n	0.922075804910052	-0.006780774484891894	0.7966425798103399	1.5186415772466548	1.5045142937949332
16	0.125	1	chi16	n	0.922075804910052	-0.0005384157499221942	0.9761322305279158	1.5043434801402265	1.5045142937949332
16	0.125	1	chi32	n	0.922075804910052	-5.219040430093358e-5	0.9983502060500806	1.5046924345068085	1.5045142937949332
16	0.125	1	exact	n	0.922075804910052	0.0	NaN	1.5045142937949332	1.5045142937949332
16	0.125	1	UHF	n	0.922075804910052	-0.06380007090994744	NaN	0.025419699772756866	1.5045142937949332
16	0.125	1	UHFsym	n	0.922075804910052	-0.06380007090994744	NaN	1.1341189257458748	1.5045142937949332
16	0.125	1	chi2	Sz	-2.955546189731262e-9	2.0875994669390996e-6	0.004397889498404903	0.9999978939805542	1.2607899996494167
16	0.125	1	chi4	Sz	-2.955546189731262e-9	0.000542636015296076	0.3688295372786557	1.2539259152267794	1.2607899996494167
16	0.125	1	chi8	Sz	-2.955546189731262e-9	-0.004924043849214235	0.7966425798103399	1.2640423611995446	1.2607899996494167
16	0.125	1	chi16	Sz	-2.955546189731262e-9	0.00020540654478720666	0.9761322305279158	1.2603372850796501	1.2607899996494167
16	0.125	1	chi32	Sz	-2.955546189731262e-9	-2.2194208861257836e-5	0.9983502060500806	1.2608517971641444	1.2607899996494167
16	0.125	1	exact	Sz	-2.955546189731262e-9	0.0	NaN	1.2607899996494167	1.2607899996494167
16	0.125	1	UHF	Sz	-2.955546189731262e-9	0.4339166766795141	NaN	0.028505699868505985	1.2607899996494167
16	0.125	1	UHFsym	Sz	-2.955546189731262e-9	-2.955546173251389e-9	NaN	1.0744006567803324	1.2607899996494167
16	0.125	1	chi2	DoubleOcc	0.05484809989389766	0.05484809989389766	0.004397889498404903	3.570900777341631	43.9855466849809
16	0.125	1	chi4	DoubleOcc	0.05484809989389766	-0.0026666238970979306	0.3688295372786557	43.82791274594554	43.9855466849809
16	0.125	1	chi8	DoubleOcc	0.05484809989389766	-0.0006941973674523816	0.7966425798103399	43.850796358319656	43.9855466849809
16	0.125	1	chi16	DoubleOcc	0.05484809989389766	-0.0001287859025202176	0.9761322305279158	43.98292479338956	43.9855466849809
16	0.125	1	chi32	DoubleOcc	0.05484809989389766	-1.2105041057253185e-5	0.9983502060500806	43.98772296777372	43.9855466849809
16	0.125	1	exact	DoubleOcc	0.05484809989389766	0.0	NaN	43.9855466849809	43.9855466849809
16	0.125	1	UHF	DoubleOcc	0.05484809989389766	0.00014397412845046365	NaN	1.2962754320574978	43.9855466849809
16	0.125	1	UHFsym	DoubleOcc	0.05484809989389766	0.00014397412845060242	NaN	21.788007957535545	43.9855466849809
16	0.125	1	chi2	ZZ onsite	-0.6247592102445133	0.37524078975548647	0.004397889498404903	2.6401357250014974	61.151058769084116
16	0.125	1	chi4	ZZ onsite	-0.6247592102445133	0.01201724177908714	0.3688295372786557	59.27210268716226	61.151058769084116
16	0.125	1	chi8	ZZ onsite	-0.6247592102445133	0.010784759499973928	0.7966425798103399	59.57909157315427	61.151058769084116
16	0.125	1	chi16	ZZ onsite	-0.6247592102445133	0.000561687889763296	0.9761322305279158	61.12158826399829	61.151058769084116
16	0.125	1	chi32	ZZ onsite	-0.6247592102445133	5.596064437329851e-5	0.9983502060500806	61.14839017515303	61.151058769084116
16	0.125	1	exact	ZZ onsite	-0.6247592102445133	0.0	NaN	61.151058769084116	61.151058769084116
16	0.125	1	UHF	ZZ onsite	-0.6247592102445133	0.12817603833369684	NaN	16.74941593623866	61.151058769084116
16	0.125	1	UHFsym	ZZ onsite	-0.6247592102445133	0.1281760383336975	NaN	16.74941593623853	61.151058769084116
16	0.125	1	chi2	ZZ up-up r=1	-0.7250268111375712	0.2749731888624286	0.004397889498404903	6.647688479652083	93.32497337656461
16	0.125	1	chi4	ZZ up-up r=1	-0.7250268111375712	0.12818537177068134	0.3688295372786557	24.623681170433994	93.32497337656461
16	0.125	1	chi8	ZZ up-up r=1	-0.7250268111375712	0.02537693263113272	0.7966425798103399	85.11867318017825	93.32497337656461
16	0.125	1	chi16	ZZ up-up r=1	-0.7250268111375712	0.003162746161821106	0.9761322305279158	93.34947467382035	93.32497337656461
16	0.125	1	chi32	ZZ up-up r=1	-0.7250268111375712	0.00026860840864750823	0.9983502060500806	93.33973471757218	93.32497337656461
16	0.125	1	exact	ZZ up-up r=1	-0.7250268111375712	0.0	NaN	93.32497337656461	93.32497337656461
16	0.125	1	UHF	ZZ up-up r=1	-0.7250268111375712	0.08734754519421783	NaN	40.97141562685776	93.32497337656461
16	0.125	1	UHFsym	ZZ up-up r=1	-0.7250268111375712	-0.2928341803547686	NaN	5.770776564282068	93.32497337656461
16	0.125	1	chi2	SzSz r=1	-0.15279383200685734	0.0972061679931426	0.004397889498404903	2.438035354703949	59.99147908469538
16	0.125	1	chi4	SzSz r=1	-0.15279383200685734	0.024425576153237483	0.3688295372786557	24.573911584587787	59.99147908469538
16	0.125	1	chi8	SzSz r=1	-0.15279383200685734	0.005123903142458058	0.7966425798103399	57.029712392168236	59.99147908469538
16	0.125	1	chi16	SzSz r=1	-0.15279383200685734	0.0007423577249102697	0.9761322305279158	60.03869983364337	59.99147908469538
16	0.125	1	chi32	SzSz r=1	-0.15279383200685734	6.0648758466425035e-5	0.9983502060500806	60.002074953892865	59.99147908469538
16	0.125	1	exact	SzSz r=1	-0.15279383200685734	0.0	NaN	59.99147908469538	59.99147908469538
16	0.125	1	UHF	SzSz r=1	-0.15279383200685734	0.03322839163752292	NaN	15.44619733959837	59.99147908469538
16	0.125	1	UHFsym	SzSz r=1	-0.15279383200685734	-0.07238658847861008	NaN	4.20860794060093	59.99147908469538
16	0.125	1	chi2	hop up r=1	0.6302158746042631	0.6302158746042631	0.004397889498404903	1.0	69.14828713522736
16	0.125	1	chi4	hop up r=1	0.6302158746042631	-0.06208492481854333	0.3688295372786557	45.24748827735049	69.14828713522736
16	0.125	1	chi8	hop up r=1	0.6302158746042631	-0.011351822459746308	0.7966425798103399	69.17948573601076	69.14828713522736
16	0.125	1	chi16	hop up r=1	0.6302158746042631	-0.0012375143991643078	0.9761322305279158	69.29783423481865	69.14828713522736
16	0.125	1	chi32	hop up r=1	0.6302158746042631	-0.00011532502118005716	0.9983502060500806	69.16370468682427	69.14828713522736
16	0.125	1	exact	hop up r=1	0.6302158746042631	0.0	NaN	69.14828713522736	69.14828713522736
16	0.125	1	UHF	hop up r=1	0.6302158746042631	0.1835380837837277	NaN	9.830599773830004	69.14828713522736
16	0.125	1	UHFsym	hop up r=1	0.6302158746042631	0.15954800642822836	NaN	12.347032698395227	69.14828713522736
16	0.125	2	chi2	n	0.9236408001255243	-0.07635919987447515	0.004397889498404903	0.9999931545694928	1.4213145095653779
16	0.125	2	chi4	n	0.9236408001255243	0.0053767038773693265	0.3688295372786557	1.4036164645569633	1.4213145095653779
16	0.125	2	chi8	n	0.9236408001255243	-0.0057231389908875	0.7966425798103399	1.429083454440959	1.4213145095653779
16	0.125	2	chi16	n	0.9236408001255243	-0.0005167843067307443	0.9761322305279158	1.4217955110734115	1.4213145095653779
16	0.125	2	chi32	n	0.9236408001255243	-5.8062698065297624e-5	0.9983502060500806	1.4214170241573227	1.4213145095653779
16	0.125	2	exact	n	0.9236408001255243	0.0	NaN	1.4213145095653779	1.4213145095653779
16	0.125	2	UHF	n	0.9236408001255243	-0.04179236256743479	NaN	0.031960370328260816	1.4213145095653779
16	0.125	2	UHFsym	n	0.9236408001255243	-0.04179236256743479	NaN	1.2784238036823543	1.4213145095653779
16	0.125	2	chi2	Sz	-3.2365841950987573e-10	-2.090878671631713e-6	0.004397889498404903	0.9999984982805791	1.2397760560956776
16	0.125	2	chi4	Sz	-3.2365841950987573e-10	-0.0013078458276533853	0.3688295372786557	1.2266806985597234	1.2397760560956776
16	0.125	2	chi8	Sz	-3.2365841950987573e-10	0.0009328453009707777	0.7966425798103399	1.2480619420221988	1.2397760560956776
16	0.125	2	chi16	Sz	-3.2365841950987573e-10	-7.899223153820523e-6	0.9761322305279158	1.2406713378391219	1.2397760560956776
16	0.125	2	chi32	Sz	-3.2365841950987573e-10	6.536024496843484e-6	0.9983502060500806	1.239884264779985	1.2397760560956776
16	0.125	2	exact	Sz	-3.2365841950987573e-10	0.0	NaN	1.2397760560956776	1.2397760560956776
16	0.125	2	UHF	Sz	-3.2365841950987573e-10	-0.3647226771158252	NaN	0.03564557626616498	1.2397760560956776
16	0.125	2	UHFsym	Sz	-3.2365841950987573e-10	-3.236584056320879e-10	NaN	1.1867959573424371	1.2397760560956776
16	0.125	2	chi2	DoubleOcc	0.08776990851551712	0.08776990851551712	0.004397889498404903	1.2342969634119332	25.221240413515883
16	0.125	2	chi4	DoubleOcc	0.08776990851551712	0.002480495104945399	0.3688295372786557	25.053772463552743	25.221240413515883
16	0.125	2	chi8	DoubleOcc	0.08776990851551712	0.0003956307187294311	0.7966425798103399	24.807371408790488	25.221240413515883
16	0.125	2	chi16	DoubleOcc	0.08776990851551712	-1.7007033975238728e-5	0.9761322305279158	25.20508829245969	25.221240413515883
16	0.125	2	chi32	DoubleOcc	0.08776990851551712	-8.331573175576756e-6	0.9983502060500806	25.220563659705387	25.221240413515883
16	0.125	2	exact	DoubleOcc	0.08776990851551712	0.0	NaN	25.221240413515883	25.221240413515883
16	0.125	2	UHF	DoubleOcc	0.08776990851551712	-0.012222758424871985	NaN	1.1040048189716372	25.221240413515883
16	0.125	2	UHFsym	DoubleOcc	0.08776990851551712	-0.012222758424871819	NaN	23.789389026088873	25.221240413515883
16	0.125	2	chi2	ZZ onsite	-0.49620196618898	0.5037980338110193	0.004397889498404903	0.9810998623091184	31.658391452138737
16	0.125	2	chi4	ZZ onsite	-0.49620196618898	-0.0008314273349568357	0.3688295372786557	31.64697511477362	31.658391452138737
16	0.125	2	chi8	ZZ onsite	-0.49620196618898	0.013028800856692613	0.7966425798103399	31.138001618440956	31.658391452138737
16	0.125	2	chi16	ZZ onsite	-0.49620196618898	0.0009655404775598675	0.9761322305279158	31.664852409393774	31.658391452138737
16	0.125	2	chi32	ZZ onsite	-0.49620196618898	8.279910342784413e-5	0.9983502060500806	31.659231996815546	31.658391452138737
16	0.125	2	exact	ZZ onsite	-0.49620196618898	0.0	NaN	31.658391452138737	31.658391452138737
16	0.125	2	UHF	ZZ onsite	-0.49620196618898	0.03469369143538176	NaN	27.82926862523293	31.658391452138737
16	0.125	2	UHFsym	ZZ onsite	-0.49620196618898	0.03469369143538242	NaN	27.829268625232796	31.658391452138737
16	0.125	2	chi2	ZZ up-up r=1	-0.3009728985964889	-0.3009728985919953	0.004397889498404903	1.000000000026556	8.922455718826383
16	0.125	2	chi4	ZZ up-up r=1	-0.3009728985964889	-0.23973498185832964	0.3688295372786557	1.4815441934528621	8.922455718826383
16	0.125	2	chi8	ZZ up-up r=1	-0.3009728985964889	-0.022334517101213036	0.7966425798103399	8.563805593115532	8.922455718826383
16	0.125	2	chi16	ZZ up-up r=1	-0.3009728985964889	-0.00014853560554967116	0.9761322305279158	8.922550455511502	8.922455718826383
16	0.125	2	chi32	ZZ up-up r=1	-0.3009728985964889	-5.088201848646445e-5	0.9983502060500806	8.922492061274186	8.922455718826383
16	0.125	2	exact	ZZ up-up r=1	-0.3009728985964889	0.0	NaN	8.922455718826383	8.922455718826383
16	0.125	2	UHF	ZZ up-up r=1	-0.3009728985964889	0.4949217604782784	NaN	0.39596395821818553	8.922455718826383
16	0.125	2	UHFsym	ZZ up-up r=1	-0.3009728985964889	0.06052487105301563	NaN	6.726165270025627	8.922455718826383
16	0.125	2	chi2	SzSz r=1	-0.059874542021131745	-0.05987454202000834	0.004397889498404903	1.0000000000319724	7.456512077758126
16	0.125	2	chi4	SzSz r=1	-0.059874542021131745	-0.0544404641703547	0.3688295372786557	1.1914602344253713	7.456512077758126
16	0.125	2	chi8	SzSz r=1	-0.059874542021131745	-0.004160190952077626	0.7966425798103399	7.146827320917554	7.456512077758126
16	0.125	2	chi16	SzSz r=1	-0.059874542021131745	-0.00012782701859927886	0.9761322305279158	7.459330035589921	7.456512077758126
16	0.125	2	chi32	SzSz r=1	-0.059874542021131745	-1.2469433240687444e-5	0.9983502060500806	7.456738113872771	7.456512077758126
16	0.125	2	exact	SzSz r=1	-0.059874542021131745	0.0	NaN	7.456512077758126	7.456512077758126
16	0.125	2	UHF	SzSz r=1	-0.059874542021131745	0.08554670118737162	NaN	0.511812709503406	7.456512077758126
16	0.125	2	UHFsym	SzSz r=1	-0.059874542021131745	0.005264165800325633	NaN	6.871929917605393	7.456512077758126
16	0.125	2	chi2	hop up r=1	0.43745056748733774	0.43745056748733774	0.004397889498404903	1.0	24.958652132006986
16	0.125	2	chi4	hop up r=1	0.43745056748733774	0.15726740273583317	0.3688295372786557	6.321372856667202	24.958652132006986
16	0.125	2	chi8	hop up r=1	0.43745056748733774	0.025938051637228066	0.7966425798103399	23.808387484035265	24.958652132006986
16	0.125	2	chi16	hop up r=1	0.43745056748733774	0.00018514028937771654	0.9761322305279158	24.96534621847522	24.958652132006986
16	0.125	2	chi32	hop up r=1	0.43745056748733774	2.759636267074539e-5	0.9983502060500806	24.959663653286587	24.958652132006986
16	0.125	2	exact	hop up r=1	0.43745056748733774	0.0	NaN	24.958652132006986	24.958652132006986
16	0.125	2	UHF	hop up r=1	0.43745056748733774	-0.08168185065132721	NaN	12.618000324863912	24.958652132006986
16	0.125	2	UHFsym	hop up r=1	0.43745056748733774	-0.01483825054295107	NaN	23.766753969061522	24.958652132006986
16	0.125	3	chi2	n	0.8444838055363845	-0.15551619446361464	0.004397889498404903	1.0000001929738325	3.1652848534117894
16	0.125	3	chi4	n	0.8444838055363845	-0.005041983901188707	0.3688295372786557	3.151896569766588	3.1652848534117894
16	0.125	3	chi8	n	0.8444838055363845	0.005780649998487264	0.7966425798103399	3.1343555388577244	3.1652848534117894
16	0.125	3	chi16	n	0.8444838055363845	0.0005055168586555192	0.9761322305279158	3.1673172709880295	3.1652848534117894
16	0.125	3	chi32	n	0.8444838055363845	2.7412892845135595e-5	0.9983502060500806	3.165224598315726	3.1652848534117894
16	0.125	3	exact	n	0.8444838055363845	0.0	NaN	3.1652848534117894	3.1652848534117894
16	0.125	3	UHF	n	0.8444838055363845	-0.0521314821185479	NaN	0.08434706094288719	3.1652848534117894
16	0.125	3	UHFsym	n	0.8444838055363845	-0.05213148211854801	NaN	2.479602340073929	3.1652848534117894
16	0.125	3	chi2	Sz	-1.477074879074891e-9	5.35906225645884e-7	0.004397889498404903	0.9999998119291693	2.5571710566829258
16	0.125	3	chi4	Sz	-1.477074879074891e-9	0.003557686011522912	0.3688295372786557	2.5352651807301307	2.5571710566829258
16	0.125	3	chi8	Sz	-1.477074879074891e-9	-0.003774541672856624	0.7966425798103399	2.5549486614415926	2.5571710566829258
16	0.125	3	chi16	Sz	-1.477074879074891e-9	8.992253388655225e-5	0.9761322305279158	2.5578508858509243	2.5571710566829258
16	0.125	3	chi32	Sz	-1.477074879074891e-9	-2.2393551241069176e-5	0.9983502060500806	2.5572293388464087	2.5571710566829258
16	0.125	3	exact	Sz	-1.477074879074891e-9	0.0	NaN	2.5571710566829258	2.5571710566829258
16	0.125	3	UHF	Sz	-1.477074879074891e-9	0.32707614589570044	NaN	0.09675693662836829	2.5571710566829258
16	0.125	3	UHFsym	Sz	-1.477074879074891e-9	-1.4770748651971033e-9	NaN	2.1379285150253087	2.5571710566829258
16	0.125	3	chi2	DoubleOcc	0.06963436493606666	0.06963436493606666	0.004397889498404903	0.9225325770567259	23.11202347470074
16	0.125	3	chi4	DoubleOcc	0.06963436493606666	-0.021736200743174033	0.3688295372786557	14.753731876646608	23.11202347470074
16	0.125	3	chi8	DoubleOcc	0.06963436493606666	0.005023921550747365	0.7966425798103399	22.76799938241202	23.11202347470074
16	0.125	3	chi16	DoubleOcc	0.06963436493606666	0.00025219686311443723	0.9761322305279158	23.117352694217345	23.11202347470074
16	0.125	3	chi32	DoubleOcc	0.06963436493606666	1.054393108758378e-5	0.9983502060500806	23.11216675131886	23.11202347470074
16	0.125	3	exact	DoubleOcc	0.06963436493606666	0.0	NaN	23.11202347470074	23.11202347470074
16	0.125	3	UHF	DoubleOcc	0.06963436493606666	-0.024366572397850214	NaN	1.1379101140519177	23.11202347470074
16	0.125	3	UHFsym	DoubleOcc	0.06963436493606666	-0.024366572397850297	NaN	20.76291360460992	23.11202347470074
16	0.125	3	chi2	ZZ onsite	-0.4104301513285022	0.5895698486714969	0.004397889498404903	0.47994108760217596	20.573680110364926
16	0.125	3	chi4	ZZ onsite	-0.4104301513285022	-0.07686083517031805	0.3688295372786557	12.682807703337755	20.573680110364926
16	0.125	3	chi8	ZZ onsite	-0.4104301513285022	0.008534386206014044	0.7966425798103399	20.221287946170076	20.573680110364926
16	0.125	3	chi16	ZZ onsite	-0.4104301513285022	-2.246264853844604e-6	0.9761322305279158	20.57372764710551	20.573680110364926
16	0.125	3	chi32	ZZ onsite	-0.4104301513285022	-1.2650061339380958e-5	0.9983502060500806	20.57394749963841	20.573680110364926
16	0.125	3	exact	ZZ onsite	-0.4104301513285022	0.0	NaN	20.573680110364926	20.573680110364926
16	0.125	3	UHF	ZZ onsite	-0.4104301513285022	0.0067966746456950555	NaN	20.32015562766421	20.573680110364926
16	0.125	3	UHFsym	ZZ onsite	-0.4104301513285022	0.0067966746456948335	NaN	20.320155627664224	20.573680110364926
16	0.125	3	chi2	ZZ up-up r=1	-0.4730348298701575	0.5269651701298417	0.004397889498404903	0.8244174657539737	31.049513496891972
16	0.125	3	chi4	ZZ up-up r=1	-0.4730348298701575	0.04469557515968697	0.3688295372786557	25.02723790993371	31.049513496891972
16	0.125	3	chi8	ZZ up-up r=1	-0.4730348298701575	-0.00714212290513655	0.7966425798103399	30.716982639959838	31.049513496891972
16	0.125	3	chi16	ZZ up-up r=1	-0.4730348298701575	-0.001134382824011515	0.9761322305279158	31.02431045223437	31.049513496891972
16	0.125	3	chi32	ZZ up-up r=1	-0.4730348298701575	4.558732536025234e-5	0.9983502060500806	31.05030487163536	31.049513496891972
16	0.125	3	exact	ZZ up-up r=1	-0.4730348298701575	0.0	NaN	31.049513496891972	31.049513496891972
16	0.125	3	UHF	ZZ up-up r=1	-0.4730348298701575	-0.2682194729631264	NaN	2.894560462134432	31.049513496891972
16	0.125	3	UHFsym	ZZ up-up r=1	-0.4730348298701575	-0.1552351987167565	NaN	7.22903436758075	31.049513496891972
16	0.125	3	chi2	SzSz r=1	-0.09672381349577548	0.1532761865042243	0.004397889498404903	0.43185662277218795	22.53887908253954
16	0.125	3	chi4	SzSz r=1	-0.09672381349577548	0.0012044656150159844	0.3688295372786557	15.472261196780737	22.53887908253954
16	0.125	3	chi8	SzSz r=1	-0.09672381349577548	0.0004193722520179771	0.7966425798103399	22.53901367813771	22.53887908253954
16	0.125	3	chi16	SzSz r=1	-0.09672381349577548	-0.0005542397227356888	0.9761322305279158	22.4854379986512	22.53887908253954
16	0.125	3	chi32	SzSz r=1	-0.09672381349577548	9.140255782247309e-6	0.9983502060500806	22.54021885587248	22.53887908253954
16	0.125	3	exact	SzSz r=1	-0.09672381349577548	0.0	NaN	22.53887908253954	22.53887908253954
16	0.125	3	UHF	SzSz r=1	-0.09672381349577548	0.0012772724777372346	NaN	3.1634868003337706	22.53887908253954
16	0.125	3	UHFsym	SzSz r=1	-0.09672381349577548	-0.04595800727712208	NaN	3.8749086442621237	22.53887908253954
16	0.125	3	chi2	hop up r=1	0.5614597220951425	0.5614597220951425	0.004397889498404903	1.0	54.91292855301107
16	0.125	3	chi4	hop up r=1	0.5614597220951425	-0.06770825019902293	0.3688295372786557	34.41839760286369	54.91292855301107
16	0.125	3	chi8	hop up r=1	0.5614597220951425	0.026618605996781453	0.7966425798103399	46.37116124122332	54.91292855301107
16	0.125	3	chi16	hop up r=1	0.5614597220951425	0.0007641476002927527	0.9761322305279158	54.80350682154856	54.91292855301107
16	0.125	3	chi32	hop up r=1	0.5614597220951425	-0.0001258911066731594	0.9983502060500806	54.929971699107426	54.91292855301107
16	0.125	3	exact	hop up r=1	0.5614597220951425	0.0	NaN	54.91292855301107	54.91292855301107
16	0.125	3	UHF	hop up r=1	0.5614597220951425	0.24094489597041857	NaN	4.872248624620732	54.91292855301107
16	0.125	3	UHFsym	hop up r=1	0.5614597220951425	0.06228738703743819	NaN	30.487416846708058	54.91292855301107
16	0.125	4	chi2	n	0.8768353063049832	-0.12316469369501604	0.004397889498404903	0.9999998861381727	2.2042931486560646
16	0.125	4	chi4	n	0.8768353063049832	0.0003645767793146737	0.3688295372786557	2.205390753081526	2.2042931486560646
16	0.125	4	chi8	n	0.8768353063049832	0.006793485093657403	0.7966425798103399	2.189435518985957	2.2042931486560646
16	0.125	4	chi16	n	0.8768353063049832	-9.092279890565713e-5	0.9761322305279158	2.2045600457057826	2.2042931486560646
16	0.125	4	chi32	n	0.8768353063049832	-2.1118744000681033e-5	0.9983502060500806	2.2042994126956312	2.2042931486560646
16	0.125	4	exact	n	0.8768353063049832	0.0	NaN	2.2042931486560646	2.2042931486560646
16	0.125	4	UHF	n	0.8768353063049832	0.12647914559544016	NaN	0.1558570104478442	2.2042931486560646
16	0.125	4	UHFsym	n	0.8768353063049832	0.12647914559544016	NaN	0.9540501579261749	2.2042931486560646
16	0.125	4	chi2	Sz	-4.2854275683623655e-11	-5.374261546343624e-7	0.004397889498404903	0.9999998002477651	1.9427136889706529
16	0.125	4	chi4	Sz	-4.2854275683623655e-11	0.0012799430462512446	0.3688295372786557	1.9443665830073034	1.9427136889706529
16	0.125	4	chi8	Sz	-4.2854275683623655e-11	-0.0014937184271452547	0.7966425798103399	1.9319630045170397	1.9427136889706529
16	0.125	4	chi16	Sz	-4.2854275683623655e-11	0.00013414138595957414	0.9761322305279158	1.9429841729584647	1.9427136889706529
16	0.125	4	chi32	Sz	-4.2854275683623655e-11	-5.417286338682548e-7	0.9983502060500806	1.942715808746774	1.9427136889706529
16	0.125	4	exact	Sz	-4.2854275683623655e-11	0.0	NaN	1.9427136889706529	1.9427136889706529
16	0.125	4	UHF	Sz	-4.2854275683623655e-11	-0.1922018642886357	NaN	0.164529682015027	1.9427136889706529
16	0.125	4	UHFsym	Sz	-4.2854275683623655e-11	-4.285426874472975e-11	NaN	0.9643907378621748	1.9427136889706529
16	0.125	4	chi2	DoubleOcc	0.08402585571358262	0.08402585571358262	0.004397889498404903	0.869249311103829	20.474587399314622
16	0.125	4	chi4	DoubleOcc	0.08402585571358262	-0.040110315811212854	0.3688295372786557	6.4298584406009995	20.474587399314622
16	0.125	4	chi8	DoubleOcc	0.08402585571358262	0.007863011780835052	0.7966425798103399	19.71487850367297	20.474587399314622
16	0.125	4	chi16	DoubleOcc	0.08402585571358262	-0.00019445861785151453	0.9761322305279158	20.474526499551473	20.474587399314622
16	0.125	4	chi32	DoubleOcc	0.08402585571358262	-1.702232048657326e-5	0.9983502060500806	20.474558704248825	20.474587399314622
16	0.125	4	exact	DoubleOcc	0.08402585571358262	0.0	NaN	20.474587399314622	20.474587399314622
16	0.125	4	UHF	DoubleOcc	0.08402585571358262	-0.019791179645555004	NaN	1.6030526910137604	20.474587399314622
16	0.125	4	UHFsym	DoubleOcc	0.08402585571358262	-0.01979117964555499	NaN	2.7856775360607533	20.474587399314622
16	0.125	4	chi2	ZZ onsite	-0.4175671897556361	0.5824328102443631	0.004397889498404903	0.5360563350654289	20.50201717548176
16	0.125	4	chi4	ZZ onsite	-0.4175671897556361	-0.161170416803481	0.3688295372786557	5.1841988451795125	20.50201717548176
16	0.125	4	chi8	ZZ onsite	-0.4175671897556361	0.017865076936024515	0.7966425798103399	19.974612206157413	20.50201717548176
16	0.125	4	chi16	ZZ onsite	-0.4175671897556361	-0.000595988873595632	0.9761322305279158	20.49511801541184	20.50201717548176
16	0.125	4	chi32	ZZ onsite	-0.4175671897556361	-2.585179394548609e-5	0.9983502060500806	20.501751255303095	20.50201717548176
16	0.125	4	exact	ZZ onsite	-0.4175671897556361	0.0	NaN	20.50201717548176	20.50201717548176
16	0.125	4	UHF	ZZ onsite	-0.4175671897556361	-0.33212300977310044	NaN	1.533281347968744	20.50201717548176
16	0.125	4	UHFsym	ZZ onsite	-0.4175671897556361	-0.3321230097731005	NaN	1.5332813479687437	20.50201717548176
16	0.125	4	chi2	ZZ up-up r=1	-0.38322015452527836	-0.38321907975867764	0.004397889498404903	1.0000051804464363	15.080017450256943
16	0.125	4	chi4	ZZ up-up r=1	-0.38322015452527836	-0.14111964003547417	0.3688295372786557	5.059866176607942	15.080017450256943
16	0.125	4	chi8	ZZ up-up r=1	-0.38322015452527836	-0.03706212671499881	0.7966425798103399	13.018522788716025	15.080017450256943
16	0.125	4	chi16	ZZ up-up r=1	-0.38322015452527836	-0.0022110090379498515	0.9761322305279158	15.046628359277193	15.080017450256943
16	0.125	4	chi32	ZZ up-up r=1	-0.38322015452527836	-0.00034604165685109267	0.9983502060500806	15.075694253921036	15.080017450256943
16	0.125	4	exact	ZZ up-up r=1	-0.38322015452527836	0.0	NaN	15.080017450256943	15.080017450256943
16	0.125	4	UHF	ZZ up-up r=1	-0.38322015452527836	0.4309681360372529	NaN	0.8341557447795828	15.080017450256943
16	0.125	4	UHFsym	ZZ up-up r=1	-0.38322015452527836	-0.1170825852791742	NaN	6.3387161373929235	15.080017450256943
16	0.125	4	chi2	SzSz r=1	-0.07703851440424647	-0.07703851440424647	0.004397889498404903	0.9999997864512367	11.89917030444921
16	0.125	4	chi4	SzSz r=1	-0.07703851440424647	-0.04048837959816164	0.3688295372786557	2.8032512362084274	11.89917030444921
16	0.125	4	chi8	SzSz r=1	-0.07703851440424647	-0.004333078173426999	0.7966425798103399	11.100961438578837	11.89917030444921
16	0.125	4	chi16	SzSz r=1	-0.07703851440424647	-0.000460856942920973	0.9761322305279158	11.890884087473264	11.89917030444921
16	0.125	4	chi32	SzSz r=1	-0.07703851440424647	-6.591652559487238e-5	0.9983502060500806	11.900495546568353	11.89917030444921
16	0.125	4	exact	SzSz r=1	-0.07703851440424647	0.0	NaN	11.89917030444921	11.89917030444921
16	0.125	4	UHF	SzSz r=1	-0.07703851440424647	-0.03450461605964318	NaN	0.8505814923170139	11.89917030444921
16	0.125	4	UHFsym	SzSz r=1	-0.07703851440424647	-0.043634676530063254	NaN	2.645829702749594	11.89917030444921
16	0.125	4	chi2	hop up r=1	0.5198745072902489	0.5198745072902489	0.004397889498404903	1.0	33.6158367900432
16	0.125	4	chi4	hop up r=1	0.5198745072902489	0.01169174498722425	0.3688295372786557	32.86933499274951	33.6158367900432
16	0.125	4	chi8	hop up r=1	0.5198745072902489	0.035876834031952354	0.7966425798103399	28.645930196156936	33.6158367900432
16	0.125	4	chi16	hop up r=1	0.5198745072902489	0.0012955955763751525	0.9761322305279158	33.5854308535226	33.6158367900432
16	0.125	4	chi32	hop up r=1	0.5198745072902489	0.0001273734452892361	0.9983502060500806	33.61344337604957	33.6158367900432
16	0.125	4	exact	hop up r=1	0.5198745072902489	0.0	NaN	33.6158367900432	33.6158367900432
16	0.125	4	UHF	hop up r=1	0.5198745072902489	-0.3665247873824744	NaN	1.992376334359449	33.6158367900432
16	0.125	4	UHFsym	hop up r=1	0.5198745072902489	-0.053471810388741714	NaN	25.602668404937333	33.6158367900432
16	0.125	5	chi2	n	0.8263607515893698	0.8263607515893698	0.004397889498404903	0.05791906405731024	3.234026373323864
16	0.125	5	chi4	n	0.8263607515893698	0.03391233038047714	0.3688295372786557	2.8763206403016732	3.234026373323864
16	0.125	5	chi8	n	0.8263607515893698	-0.0003975634319387522	0.7966425798103399	3.2321369061092673	3.234026373323864
16	0.125	5	chi16	n	0.8263607515893698	0.0006693860209691094	0.9761322305279158	3.231987562770503	3.234026373323864
16	0.125	5	chi32	n	0.8263607515893698	8.658638419734022e-5	0.9983502060500806	3.2337693765672366	3.234026373323864
16	0.125	5	exact	n	0.8263607515893698	0.0	NaN	3.234026373323864	3.234026373323864
16	0.125	5	UHF	n	0.8263607515893698	0.15018955377710874	NaN	0.7859607917549436	3.234026373323864
16	0.125	5	UHFsym	n	0.8263607515893698	0.15018955377710874	NaN	1.1072153361830288	3.234026373323864
16	0.125	5	chi2	Sz	-4.6265180575488785e-10	-4.6265180575488785e-10	0.004397889498404903	0.06304520784887449	2.704727907455097
16	0.125	5	chi4	Sz	-4.6265180575488785e-10	-0.0026336227155261266	0.3688295372786557	2.4698158537102888	2.704727907455097
16	0.125	5	chi8	Sz	-4.6265180575488785e-10	-0.0014612323981219866	0.7966425798103399	2.7035571021637756	2.704727907455097
16	0.125	5	chi16	Sz	-4.6265180575488785e-10	0.00025380117349015074	0.9761322305279158	2.7034875366288245	2.704727907455097
16	0.125	5	chi32	Sz	-4.6265180575488785e-10	-1.7142517220139486e-5	0.9983502060500806	2.704556435980175	2.704727907455097
16	0.125	5	exact	Sz	-4.6265180575488785e-10	0.0	NaN	2.704727907455097	2.704727907455097
16	0.125	5	UHF	Sz	-4.6265180575488785e-10	-0.0562279798211871	NaN	0.858511428301336	2.704727907455097
16	0.125	5	UHFsym	Sz	-4.6265180575488785e-10	-4.6265179187710004e-10	NaN	1.095430670000332	2.704727907455097
16	0.125	5	chi2	DoubleOcc	0.06925822926590684	0.06925822926590684	0.004397889498404903	0.1998604195927893	20.323371841775117
16	0.125	5	chi4	DoubleOcc	0.06925822926590684	-0.02698206836430035	0.3688295372786557	6.299565644808292	20.323371841775117
16	0.125	5	chi8	DoubleOcc	0.06925822926590684	0.003132393015971499	0.7966425798103399	19.783747095666037	20.323371841775117
16	0.125	5	chi16	DoubleOcc	0.06925822926590684	0.0002912000092604866	0.9761322305279158	20.31896296481163	20.323371841775117
16	0.125	5	chi32	DoubleOcc	0.06925822926590684	4.713589248928063e-5	0.9983502060500806	20.321328323748972	20.323371841775117
16	0.125	5	exact	DoubleOcc	0.06925822926590684	0.0	NaN	20.323371841775117	20.323371841775117
16	0.125	5	UHF	DoubleOcc	0.06925822926590684	-0.04188205725906631	NaN	1.2526925860542841	20.323371841775117
16	0.125	5	UHFsym	DoubleOcc	0.06925822926590684	-0.041882057259066255	NaN	1.317787322285064	20.323371841775117
16	0.125	5	chi2	ZZ onsite	-0.3756885861151121	-1.3756885861151114	0.004397889498404903	0.07886171625974599	16.48291063435604
16	0.125	5	chi4	ZZ onsite	-0.3756885861151121	-0.17575293421815613	0.3688295372786557	3.7648620772505934	16.48291063435604
16	0.125	5	chi8	ZZ onsite	-0.3756885861151121	0.013324698927762502	0.7966425798103399	16.14380470019321	16.48291063435604
16	0.125	5	chi16	ZZ onsite	-0.3756885861151121	-0.00017397200489649434	0.9761322305279158	16.483173506102233	16.48291063435604
16	0.125	5	chi32	ZZ onsite	-0.3756885861151121	1.5370801562553105e-5	0.9983502060500806	16.482882133039123	16.48291063435604
16	0.125	5	exact	ZZ onsite	-0.3756885861151121	0.0	NaN	16.48291063435604	16.48291063435604
16	0.125	5	UHF	ZZ onsite	-0.3756885861151121	-0.4679073365904823	NaN	0.658536943616586	16.48291063435604
16	0.125	5	UHFsym	ZZ onsite	-0.3756885861151121	-0.4679073365904821	NaN	0.6585369436165867	16.48291063435604
16	0.125	5	chi2	ZZ up-up r=1	-0.37660114505657877	-0.37660001309082747	0.004397889498404903	1.0000056429937019	15.321703248289666
16	0.125	5	chi4	ZZ up-up r=1	-0.37660114505657877	-0.1640287912478947	0.3688295372786557	4.155586557272769	15.321703248289666
16	0.125	5	chi8	ZZ up-up r=1	-0.37660114505657877	-0.04693514533572812	0.7966425798103399	12.671036536531437	15.321703248289666
16	0.125	5	chi16	ZZ up-up r=1	-0.37660114505657877	-0.005370203359594872	0.9761322305279158	15.303276333500108	15.321703248289666
16	0.125	5	chi32	ZZ up-up r=1	-0.37660114505657877	-0.0007211692812114645	0.9983502060500806	15.324457473328733	15.321703248289666
16	0.125	5	exact	ZZ up-up r=1	-0.37660114505657877	0.0	NaN	15.321703248289666	15.321703248289666
16	0.125	5	UHF	ZZ up-up r=1	-0.37660114505657877	-0.4483050201518599	NaN	0.7185848255494823	15.321703248289666
16	0.125	5	UHFsym	ZZ up-up r=1	-0.37660114505657877	-0.093764117374875	NaN	8.215137476675938	15.321703248289666
16	0.125	5	chi2	SzSz r=1	-0.07609655440621471	-0.07609655440621471	0.004397889498404903	0.9999997021314488	11.298933627191895
16	0.125	5	chi4	SzSz r=1	-0.07609655440621471	-0.043193662284557066	0.3688295372786557	2.426752651240798	11.298933627191895
16	0.125	5	chi8	SzSz r=1	-0.07609655440621471	-0.006055904660934142	0.7966425798103399	9.932180587193054	11.298933627191895
16	0.125	5	chi16	SzSz r=1	-0.07609655440621471	-0.0009463582169157436	0.9761322305279158	11.284881053360289	11.298933627191895
16	0.125	5	chi32	SzSz r=1	-0.07609655440621471	-0.00011845408853207451	0.9983502060500806	11.294628256720909	11.298933627191895
16	0.125	5	exact	SzSz r=1	-0.07609655440621471	0.0	NaN	11.298933627191895	11.298933627191895
16	0.125	5	UHF	SzSz r=1	-0.07609655440621471	-0.015229158058548027	NaN	1.1099567276064068	11.298933627191895
16	0.125	5	UHFsym	SzSz r=1	-0.07609655440621471	-0.036919368458576046	NaN	3.2481107642160922	11.298933627191895
16	0.125	5	chi2	hop up r=1	0.5139176166368111	0.5139176166368111	0.004397889498404903	1.0	34.84001170566577
16	0.125	5	chi4	hop up r=1	0.5139176166368111	0.10280509295737167	0.3688295372786557	15.045571249813994	34.84001170566577
16	0.125	5	chi8	hop up r=1	0.5139176166368111	0.08682691703134093	0.7966425798103399	18.031892640358944	34.84001170566577
16	0.125	5	chi16	hop up r=1	0.5139176166368111	0.0030151741327958392	0.9761322305279158	34.84836588395561	34.84001170566577
16	0.125	5	chi32	hop up r=1	0.5139176166368111	0.00024105486701209156	0.9983502060500806	34.843686196542976	34.84001170566577
16	0.125	5	exact	hop up r=1	0.5139176166368111	0.0	NaN	34.84001170566577	34.84001170566577
16	0.125	5	UHF	hop up r=1	0.5139176166368111	0.2340708891558837	NaN	4.3767245458261	34.84001170566577
16	0.125	5	UHFsym	hop up r=1	0.5139176166368111	-0.031028197987143846	NaN	30.5943667081915	34.84001170566577
16	0.125	6	chi2	n	0.8728627898341237	-0.12713721016587565	0.004397889498404903	0.9999998771705703	2.2761632854269807
16	0.125	6	chi4	n	0.8728627898341237	-0.018558707116808293	0.3688295372786557	2.2000141251043717	2.2761632854269807
16	0.125	6	chi8	n	0.8728627898341237	0.009707697544335536	0.7966425798103399	2.253694869726338	2.2761632854269807
16	0.125	6	chi16	n	0.8728627898341237	-0.00037004697147036136	0.9761322305279158	2.2761114980800583	2.2761632854269807
16	0.125	6	chi32	n	0.8728627898341237	7.3563150034816616e-6	0.9983502060500806	2.276179826890679	2.2761632854269807
16	0.125	6	exact	n	0.8728627898341237	0.0	NaN	2.2761632854269807	2.2761632854269807
16	0.125	6	UHF	n	0.8728627898341237	0.05040551969802076	NaN	0.09169471395241344	2.2761632854269807
16	0.125	6	UHFsym	n	0.8728627898341237	0.05040551969802087	NaN	1.8937410967781056	2.2761632854269807
16	0.125	6	chi2	Sz	-5.906507782871273e-10	-5.665735264009514e-7	0.004397889498404903	0.9999996645240545	1.9149462244661022
16	0.125	6	chi4	Sz	-5.906507782871273e-10	0.00452214153026638	0.3688295372786557	1.874549515630164	1.9149462244661022
16	0.125	6	chi8	Sz	-5.906507782871273e-10	0.002123506248699808	0.7966425798103399	1.9058604328465965	1.9149462244661022
16	0.125	6	chi16	Sz	-5.906507782871273e-10	5.4820625067938944e-5	0.9761322305279158	1.9149629298152173	1.9149462244661022
16	0.125	6	chi32	Sz	-5.906507782871273e-10	-2.2928613126887987e-5	0.9983502060500806	1.914921345570192	1.9149462244661022
16	0.125	6	exact	Sz	-5.906507782871273e-10	0.0	NaN	1.9149462244661022	1.9149462244661022
16	0.125	6	UHF	Sz	-5.906507782871273e-10	0.2660946227326121	NaN	0.11760391012007555	1.9149462244661022
16	0.125	6	UHFsym	Sz	-5.906507782871273e-10	-5.906507782871273e-10	NaN	1.6782166050986165	1.9149462244661022
16	0.125	6	chi2	DoubleOcc	0.08107439372935421	0.08107439372935421	0.004397889498404903	0.8956666595989439	19.982087836226633
16	0.125	6	chi4	DoubleOcc	0.08107439372935421	-0.041737781788831904	0.3688295372786557	7.718276121825775	19.982087836226633
16	0.125	6	chi8	DoubleOcc	0.08107439372935421	0.01177409796540696	0.7966425798103399	18.60082773123574	19.982087836226633
16	0.125	6	chi16	DoubleOcc	0.08107439372935421	-0.00015186927342650258	0.9761322305279158	19.982346085108073	19.982087836226633
16	0.125	6	chi32	DoubleOcc	0.08107439372935421	-2.123914305762753e-6	0.9983502060500806	19.981943716069487	19.982087836226633
16	0.125	6	exact	DoubleOcc	0.08107439372935421	0.0	NaN	19.982087836226633	19.982087836226633
16	0.125	6	UHF	DoubleOcc	0.08107439372935421	-0.017228248009029265	NaN	1.3742959553062435	19.982087836226633
16	0.125	6	UHFsym	DoubleOcc	0.08107439372935421	-0.01722824800902925	NaN	7.163877906270831	19.982087836226633
16	0.125	6	chi2	ZZ onsite	-0.4214280047508304	0.578571995249169	0.004397889498404903	0.5567046874204538	19.44036968674369
16	0.125	6	chi4	ZZ onsite	-0.4214280047508304	-0.12983371292171103	0.3688295372786557	6.930719204875407	19.44036968674369
16	0.125	6	chi8	ZZ onsite	-0.4214280047508304	0.027680996772955324	0.7966425798103399	18.312483464045602	19.44036968674369
16	0.125	6	chi16	ZZ onsite	-0.4214280047508304	0.00013261684923404626	0.9761322305279158	19.441905081200627	19.44036968674369
16	0.125	6	chi32	ZZ onsite	-0.4214280047508304	-2.320828723123558e-5	0.9983502060500806	19.440093815788266	19.44036968674369
16	0.125	6	exact	ZZ onsite	-0.4214280047508304	0.0	NaN	19.44036968674369	19.44036968674369
16	0.125	6	UHF	ZZ onsite	-0.4214280047508304	-0.16972403143215847	NaN	4.796899369514529	19.44036968674369
16	0.125	6	UHFsym	ZZ onsite	-0.4214280047508304	-0.16972403143215842	NaN	4.79689936951453	19.44036968674369
16	0.125	6	chi2	ZZ up-up r=1	-0.4601314294620662	0.5398685705379332	0.004397889498404903	0.7252283744195871	24.01951676698521
16	0.125	6	chi4	ZZ up-up r=1	-0.4601314294620662	0.10270623835194059	0.3688295372786557	10.952590150949494	24.01951676698521
16	0.125	6	chi8	ZZ up-up r=1	-0.4601314294620662	-0.01510544095698857	0.7966425798103399	23.56142404906949	24.01951676698521
16	0.125	6	chi16	ZZ up-up r=1	-0.4601314294620662	-0.005804461318893284	0.9761322305279158	23.982149273416162	24.01951676698521
16	0.125	6	chi32	ZZ up-up r=1	-0.4601314294620662	-0.0008880182424425564	0.9983502060500806	24.02527783502124	24.01951676698521
16	0.125	6	exact	ZZ up-up r=1	-0.4601314294620662	0.0	NaN	24.01951676698521	24.01951676698521
16	0.125	6	UHF	ZZ up-up r=1	-0.4601314294620662	0.34066176821580907	NaN	1.7360878288839483	24.01951676698521
16	0.125	6	UHFsym	ZZ up-up r=1	-0.4601314294620662	-0.11755006062486045	NaN	9.723598402223386	24.01951676698521
16	0.125	6	chi2	SzSz r=1	-0.094335342134994	0.15566465786500586	0.004397889498404903	0.37857930507882676	17.63302375793139
16	0.125	6	chi4	SzSz r=1	-0.094335342134994	0.010675077833580432	0.3688295372786557	9.296219794818398	17.63302375793139
16	0.125	6	chi8	SzSz r=1	-0.094335342134994	-0.0011792704741781235	0.7966425798103399	17.145092326407756	17.63302375793139
16	0.125	6	chi16	SzSz r=1	-0.094335342134994	-0.0014295713235018687	0.9761322305279158	17.589278961004627	17.63302375793139
16	0.125	6	chi32	SzSz r=1	-0.094335342134994	-9.781914111696433e-5	0.9983502060500806	17.630428834199567	17.63302375793139
16	0.125	6	exact	SzSz r=1	-0.094335342134994	0.0	NaN	17.63302375793139	17.63302375793139
16	0.125	6	UHF	SzSz r=1	-0.094335342134994	0.028520716880286123	NaN	3.194581350689017	17.63302375793139
16	0.125	6	UHFsym	SzSz r=1	-0.094335342134994	-0.03572490913058997	NaN	5.392217561908024	17.63302375793139
16	0.125	6	chi2	hop up r=1	0.5510020018436598	0.5510020018436598	0.004397889498404903	1.0	40.839332667263534
16	0.125	6	chi4	hop up r=1	0.5510020018436598	-0.11237594199001122	0.3688295372786557	15.05015425213626	40.839332667263534
16	0.125	6	chi8	hop up r=1	0.5510020018436598	0.03000552137970791	0.7966425798103399	36.914959010885575	40.839332667263534
16	0.125	6	chi16	hop up r=1	0.5510020018436598	0.006305953055179225	0.9761322305279158	40.732704258590424	40.839332667263534
16	0.125	6	chi32	hop up r=1	0.5510020018436598	0.00036903255776554733	0.9983502060500806	40.844885930171884	40.839332667263534
16	0.125	6	exact	hop up r=1	0.5510020018436598	0.0	NaN	40.839332667263534	40.839332667263534
16	0.125	6	UHF	hop up r=1	0.5510020018436598	-0.04481228785244573	NaN	31.813163484455405	40.839332667263534
16	0.125	6	UHFsym	hop up r=1	0.5510020018436598	0.07519121992693945	NaN	23.81570836590784	40.839332667263534
16	0.125	7	chi2	n	0.8556599662896922	-0.14434003371030713	0.004397889498404903	1.0000005511449381	2.7151968045858097
16	0.125	7	chi4	n	0.8556599662896922	-0.03010779883862502	0.3688295372786557	2.460562971758239	2.7151968045858097
16	0.125	7	chi8	n	0.8556599662896922	0.00036913396499871354	0.7966425798103399	2.69697350092232	2.7151968045858097
16	0.125	7	chi16	n	0.8556599662896922	0.0004882808076513978	0.9761322305279158	2.7160195338201536	2.7151968045858097
16	0.125	7	chi32	n	0.8556599662896922	7.456721891840878e-6	0.9983502060500806	2.7151948786012423	2.7151968045858097
16	0.125	7	exact	n	0.8556599662896922	0.0	NaN	2.7151968045858097	2.7151968045858097
16	0.125	7	UHF	n	0.8556599662896922	-0.07529336407992215	NaN	0.07672310359061202	2.7151968045858097
16	0.125	7	UHFsym	n	0.8556599662896922	-0.07529336407992204	NaN	1.8229407647528415	2.7151968045858097
16	0.125	7	chi2	Sz	6.506033212172468e-11	5.660479359542725e-7	0.004397889498404903	1.0000003811098241	2.2357890936340032
16	0.125	7	chi4	Sz	6.506033212172468e-11	-0.005984552119333967	0.3688295372786557	2.1072467062710403	2.2357890936340032
16	0.125	7	chi8	Sz	6.506033212172468e-11	0.005290643942226697	0.7966425798103399	2.2110994860087256	2.2357890936340032
16	0.125	7	chi16	Sz	6.506033212172468e-11	0.00013966381830289587	0.9761322305279158	2.235480585020851	2.2357890936340032
16	0.125	7	chi32	Sz	6.506033212172468e-11	-3.585259768967841e-5	0.9983502060500806	2.2358410057230085	2.2357890936340032
16	0.125	7	exact	Sz	6.506033212172468e-11	0.0	NaN	2.2357890936340032	2.2357890936340032
16	0.125	7	UHF	Sz	6.506033212172468e-11	-0.34858451884929204	NaN	0.06500342584567921	2.2357890936340032
16	0.125	7	UHFsym	Sz	6.506033212172468e-11	6.506033559117164e-11	NaN	1.6754017019231136	2.2357890936340032
16	0.125	7	chi2	DoubleOcc	0.07347600779005177	0.07347600779005177	0.004397889498404903	0.9407873654941332	23.59788677088799
16	0.125	7	chi4	DoubleOcc	0.07347600779005177	-0.02768164772925988	0.3688295372786557	16.747697892320076	23.59788677088799
16	0.125	7	chi8	DoubleOcc	0.07347600779005177	0.004713863082691949	0.7966425798103399	22.686327222382214	23.59788677088799
16	0.125	7	chi16	DoubleOcc	0.07347600779005177	0.0004020011111610655	0.9761322305279158	23.58755956207709	23.59788677088799
16	0.125	7	chi32	DoubleOcc	0.07347600779005177	3.75655389947549e-5	0.9983502060500806	23.59823593688208	23.59788677088799
16	0.125	7	exact	DoubleOcc	0.07347600779005177	0.0	NaN	23.59788677088799	23.59788677088799
16	0.125	7	UHF	DoubleOcc	0.07347600779005177	-0.021681351214766775	NaN	1.163946258544763	23.59788677088799
16	0.125	7	UHFsym	DoubleOcc	0.07347600779005177	-0.02168135121476686	NaN	20.76532018910171	23.59788677088799
16	0.125	7	chi2	ZZ onsite	-0.41741590141917734	0.5825840985808219	0.004397889498404903	0.5184161824474306	19.513405247999035
16	0.125	7	chi4	ZZ onsite	-0.41741590141917734	-0.050510993239788804	0.3688295372786557	15.576637525562392	19.513405247999035
16	0.125	7	chi8	ZZ onsite	-0.41741590141917734	0.018117184400769593	0.7966425798103399	18.714433604280025	19.513405247999035
16	0.125	7	chi16	ZZ onsite	-0.41741590141917734	0.0006314428293415775	0.9761322305279158	19.5074776909181	19.513405247999035
16	0.125	7	chi32	ZZ onsite	-0.41741590141917734	0.00013534871219289535	0.9983502060500806	19.512274882772015	19.513405247999035
16	0.125	7	exact	ZZ onsite	-0.41741590141917734	0.0	NaN	19.513405247999035	19.513405247999035
16	0.125	7	UHF	ZZ onsite	-0.41741590141917734	0.06386132330077698	NaN	13.330815113479149	19.513405247999035
16	0.125	7	UHFsym	ZZ onsite	-0.41741590141917734	0.06386132330077665	NaN	13.330815113479204	19.513405247999035
16	0.125	7	chi2	ZZ up-up r=1	-0.34801373092784443	-0.3480137309282482	0.004397889498404903	0.9999999999978108	13.760027021239722
16	0.125	7	chi4	ZZ up-up r=1	-0.34801373092784443	-0.2836216216591849	0.3688295372786557	1.4625421776568204	13.760027021239722
16	0.125	7	chi8	ZZ up-up r=1	-0.34801373092784443	-0.08013145197815585	0.7966425798103399	8.610016588020786	13.760027021239722
16	0.125	7	chi16	ZZ up-up r=1	-0.34801373092784443	-0.0015114808292064352	0.9761322305279158	13.783058680826649	13.760027021239722
16	0.125	7	chi32	ZZ up-up r=1	-0.34801373092784443	-0.0013598915509106524	0.9983502060500806	13.781055455124383	13.760027021239722
16	0.125	7	exact	ZZ up-up r=1	-0.34801373092784443	0.0	NaN	13.760027021239722	13.760027021239722
16	0.125	7	UHF	ZZ up-up r=1	-0.34801373092784443	0.30585140499880653	NaN	1.1876932570829988	13.760027021239722
16	0.125	7	UHFsym	ZZ up-up r=1	-0.34801373092784443	0.025269709180502142	NaN	12.489733677604205	13.760027021239722
16	0.125	7	chi2	SzSz r=1	-0.07078642233686022	-0.07078642233696117	0.004397889498404903	0.99999999999739	10.569945825469057
16	0.125	7	chi4	SzSz r=1	-0.07078642233686022	-0.06554766384521886	0.3688295372786557	1.1467647975665147	10.569945825469057
16	0.125	7	chi8	SzSz r=1	-0.07078642233686022	-0.008393407765036567	0.7966425798103399	9.079020919776372	10.569945825469057
16	0.125	7	chi16	SzSz r=1	-0.07078642233686022	-0.0005883255383168778	0.9761322305279158	10.615939406424225	10.569945825469057
16	0.125	7	chi32	SzSz r=1	-0.07078642233686022	-0.00030223553414779336	0.9983502060500806	10.593673568528319	10.569945825469057
16	0.125	7	exact	SzSz r=1	-0.07078642233686022	0.0	NaN	10.569945825469057	10.569945825469057
16	0.125	7	UHF	SzSz r=1	-0.07078642233686022	0.08464284837085712	NaN	0.6797743960956684	10.569945825469057
16	0.125	7	UHFsym	SzSz r=1	-0.07078642233686022	-0.0023405046444386762	NaN	10.06935723551061	10.569945825469057
16	0.125	7	chi2	hop up r=1	0.4779371119338767	0.4779371119338767	0.004397889498404903	1.0	31.88456807416664
16	0.125	7	chi4	hop up r=1	0.4779371119338767	0.2234245642562161	0.3688295372786557	4.211405832566587	31.88456807416664
16	0.125	7	chi8	hop up r=1	0.4779371119338767	0.05893609941334643	0.7966425798103399	22.902484122899452	31.88456807416664
16	0.125	7	chi16	hop up r=1	0.4779371119338767	0.003411865668126346	0.9761322305279158	31.996679302574723	31.88456807416664
16	0.125	7	chi32	hop up r=1	0.4779371119338767	0.000730365401236166	0.9983502060500806	31.917155373597648	31.88456807416664
16	0.125	7	exact	hop up r=1	0.4779371119338767	0.0	NaN	31.88456807416664	31.88456807416664
16	0.125	7	UHF	hop up r=1	0.4779371119338767	0.06854749888871386	NaN	20.606679694098954	31.88456807416664
16	0.125	7	UHFsym	hop up r=1	0.4779371119338767	0.029267709351828097	NaN	29.670175195528344	31.88456807416664
16	0.125	8	chi2	n	0.8780807761122326	-0.12191922388776699	0.004397889498404903	1.0000002972674606	2.319177505756683
16	0.125	8	chi4	n	0.8780807761122326	0.014806363547446244	0.3688295372786557	2.2631185786579695	2.319177505756683
16	0.125	8	chi8	n	0.8780807761122326	-0.009171817624789247	0.7966425798103399	2.3067498912230877	2.319177505756683
16	0.125	8	chi16	n	0.8780807761122326	0.0003675167301385729	0.9761322305279158	2.3174641416138213	2.319177505756683
16	0.125	8	chi32	n	0.8780807761122326	-1.1138475017213878e-5	0.9983502060500806	2.319271945670551	2.319177505756683
16	0.125	8	exact	n	0.8780807761122326	0.0	NaN	2.319177505756683	2.319177505756683
16	0.125	8	UHF	n	0.8780807761122326	-0.09405693869233145	NaN	0.05324448752799813	2.319177505756683
16	0.125	8	UHFsym	n	0.8780807761122326	-0.09405693869233145	NaN	1.3020105997209475	2.319177505756683
16	0.125	8	chi2	Sz	-4.636608111341367e-10	1.7793225031531708e-7	0.004397889498404903	0.9999998554154942	1.763600520299642
16	0.125	8	chi4	Sz	-4.636608111341367e-10	0.006177640397870488	0.3688295372786557	1.682781049787678	1.763600520299642
16	0.125	8	chi8	Sz	-4.636608111341367e-10	0.00029057471783821426	0.7966425798103399	1.7615472488148294	1.763600520299642
16	0.125	8	chi16	Sz	-4.636608111341367e-10	-0.0003492964922173977	0.9761322305279158	1.7650249905475397	1.763600520299642
16	0.125	8	chi32	Sz	-4.636608111341367e-10	2.1715721522881648e-5	0.9983502060500806	1.7634980007632388	1.763600520299642
16	0.125	8	exact	Sz	-4.636608111341367e-10	0.0	NaN	1.763600520299642	1.763600520299642
16	0.125	8	UHF	Sz	-4.636608111341367e-10	0.3731473190957377	NaN	0.04638197967643512	1.763600520299642
16	0.125	8	UHFsym	Sz	-4.636608111341367e-10	-4.6366080939941323e-10	NaN	1.2210317964795787	1.763600520299642
16	0.125	8	chi2	DoubleOcc	0.07821145128242184	0.07821145128242184	0.004397889498404903	1.0841981510622118	21.905319263446735
16	0.125	8	chi4	DoubleOcc	0.07821145128242184	0.0045550129297034225	0.3688295372786557	21.39153921408064	21.905319263446735
16	0.125	8	chi8	DoubleOcc	0.07821145128242184	0.004024630230991491	0.7966425798103399	20.87477989653898	21.905319263446735
16	0.125	8	chi16	DoubleOcc	0.07821145128242184	0.0010031076569417263	0.9761322305279158	21.914316512580385	21.905319263446735
16	0.125	8	chi32	DoubleOcc	0.07821145128242184	-2.626932754301592e-5	0.9983502060500806	21.904641740827753	21.905319263446735
16	0.125	8	exact	DoubleOcc	0.07821145128242184	0.0	NaN	21.905319263446735	21.905319263446735
16	0.125	8	UHF	DoubleOcc	0.07821145128242184	-0.018812560759574284	NaN	0.9435386764430185	21.905319263446735
16	0.125	8	UHFsym	DoubleOcc	0.07821145128242184	-0.01881256075957434	NaN	15.366259830123813	21.905319263446735
16	0.125	8	chi2	ZZ onsite	-0.443315747094777	0.5566842529052225	0.004397889498404903	0.6489686395574035	24.118992953080397
16	0.125	8	chi4	ZZ onsite	-0.443315747094777	-0.011392675376077022	0.3688295372786557	23.69640678687705	24.118992953080397
16	0.125	8	chi8	ZZ onsite	-0.443315747094777	0.034442156173544236	0.7966425798103399	21.325920557463466	24.118992953080397
16	0.125	8	chi16	ZZ onsite	-0.443315747094777	0.0032773971674910918	0.9761322305279158	24.106923923274895	24.118992953080397
16	0.125	8	chi32	ZZ onsite	-0.443315747094777	-8.280036013907921e-5	0.9983502060500806	24.118512122798585	24.118992953080397
16	0.125	8	exact	ZZ onsite	-0.443315747094777	0.0	NaN	24.118992953080397	24.118992953080397
16	0.125	8	UHF	ZZ onsite	-0.443315747094777	0.11286363434636654	NaN	9.781568994524509	24.118992953080397
16	0.125	8	UHFsym	ZZ onsite	-0.443315747094777	0.11286363434636631	NaN	9.78156899452453	24.118992953080397
16	0.125	8	chi2	ZZ up-up r=1	-0.49509350901658067	0.5049064909834189	0.004397889498404903	0.9870491781889972	38.97486034266306
16	0.125	8	chi4	ZZ up-up r=1	-0.49509350901658067	0.20954411594167688	0.3688295372786557	5.191438127689194	38.97486034266306
16	0.125	8	chi8	ZZ up-up r=1	-0.49509350901658067	-0.01954761575311087	0.7966425798103399	36.16240065285176	38.97486034266306
16	0.125	8	chi16	ZZ up-up r=1	-0.49509350901658067	-0.006855218365556914	0.9761322305279158	38.437942060371846	38.97486034266306
16	0.125	8	chi32	ZZ up-up r=1	-0.49509350901658067	-0.0011920153242165332	0.9983502060500806	38.920506212867046	38.97486034266306
16	0.125	8	exact	ZZ up-up r=1	-0.49509350901658067	0.0	NaN	38.97486034266306	38.97486034266306
16	0.125	8	UHF	ZZ up-up r=1	-0.49509350901658067	0.25759549597550424	NaN	3.5780734090249955	38.97486034266306
16	0.125	8	UHFsym	ZZ up-up r=1	-0.49509350901658067	-0.11375362144611195	NaN	12.607544518865607	38.97486034266306
16	0.125	8	chi2	SzSz r=1	-0.10242517696344625	0.14757482303655364	0.004397889498404903	0.49475504763719097	26.156533654826653
16	0.125	8	chi4	SzSz r=1	-0.10242517696344625	0.04658552479408473	0.3688295372786557	4.265501469859581	26.156533654826653
16	0.125	8	chi8	SzSz r=1	-0.10242517696344625	-0.0026384249607338955	0.7966425798103399	25.339542359155306	26.156533654826653
16	0.125	8	chi16	SzSz r=1	-0.10242517696344625	-0.001344044538811262	0.9761322305279158	26.01910560252143	26.156533654826653
16	0.125	8	chi32	SzSz r=1	-0.10242517696344625	-0.00015986161510642138	0.9983502060500806	26.15578676339606	26.156533654826653
16	0.125	8	exact	SzSz r=1	-0.10242517696344625	0.0	NaN	26.156533654826653	26.156533654826653
16	0.125	8	UHF	SzSz r=1	-0.10242517696344625	0.06137744807478415	NaN	2.6199263424936605	26.156533654826653
16	0.125	8	UHFsym	SzSz r=1	-0.10242517696344625	-0.03145983128061505	NaN	7.751662751524403	26.156533654826653
16	0.125	8	chi2	hop up r=1	0.556907788631027	0.556907788631027	0.004397889498404903	1.0	40.961380648420715
16	0.125	8	chi4	hop up r=1	0.556907788631027	-0.12926933744977875	0.3688295372786557	12.448291186698478	40.961380648420715
16	0.125	8	chi8	hop up r=1	0.556907788631027	0.027758871661436535	0.7966425798103399	38.0495365114829	40.961380648420715
16	0.125	8	chi16	hop up r=1	0.556907788631027	0.01646952763950993	0.9761322305279158	40.112604086546	40.961380648420715
16	0.125	8	chi32	hop up r=1	0.556907788631027	0.0004733980321837139	0.9983502060500806	40.97691963845462	40.961380648420715
16	0.125	8	exact	hop up r=1	0.556907788631027	0.0	NaN	40.961380648420715	40.961380648420715
16	0.125	8	UHF	hop up r=1	0.556907788631027	0.11361372872167191	NaN	15.844935851000775	40.961380648420715
16	0.125	8	UHFsym	hop up r=1	0.556907788631027	0.1136137287216813	NaN	15.844935850999123	40.961380648420715
16	0.125	9	chi2	n	0.8780807760742477	-0.12191922392575272	0.004397889498404903	0.9999998992425659	2.199257509818243
16	0.125	9	chi4	n	0.8780807760742477	0.014815422714922644	0.3688295372786557	2.168691765571713	2.199257509818243
16	0.125	9	chi8	n	0.8780807760742477	-0.007947301885730118	0.7966425798103399	2.1766225950568945	2.199257509818243
16	0.125	9	chi16	n	0.8780807760742477	-4.5243357249424854e-5	0.9761322305279158	2.19918383786367	2.199257509818243
16	0.125	9	chi32	n	0.8780807760742477	-2.9232415943658552e-5	0.9983502060500806	2.1992092345381833	2.199257509818243
16	0.125	9	exact	n	0.8780807760742477	0.0	NaN	2.199257509818243	2.199257509818243
16	0.125	9	UHF	n	0.8780807760742477	-0.09405693873033094	NaN	0.04758303813441771	2.199257509818243
16	0.125	9	UHFsym	n	0.8780807760742477	-0.09405693873033094	NaN	1.2719083073961155	2.199257509818243
16	0.125	9	chi2	Sz	6.355350967712781e-10	-1.7776037589123383e-7	0.004397889498404903	0.9999998929984318	2.079105039828995
16	0.125	9	chi4	Sz	6.355350967712781e-10	0.004773430256931568	0.3688295372786557	2.0638576347678854	2.079105039828995
16	0.125	9	chi8	Sz	6.355350967712781e-10	7.965665610279449e-5	0.7966425798103399	2.056826571255428	2.079105039828995
16	0.125	9	chi16	Sz	6.355350967712781e-10	1.702678706617944e-5	0.9761322305279158	2.0790313565028034	2.079105039828995
16	0.125	9	chi32	Sz	6.355350967712781e-10	1.6544314981659092e-5	0.9983502060500806	2.0790594163726075	2.079105039828995
16	0.125	9	exact	Sz	6.355350967712781e-10	0.0	NaN	2.079105039828995	2.079105039828995
16	0.125	9	UHF	Sz	6.355350967712781e-10	-0.37314731892387065	NaN	0.05684649019709422	2.079105039828995
16	0.125	9	UHFsym	Sz	6.355350967712781e-10	6.35535103710172e-10	NaN	1.2521949027958128	2.079105039828995
16	0.125	9	chi2	DoubleOcc	0.0782114512910888	0.07821145129108874	0.004397889498404903	1.0743427389820568	20.66224484585415
16	0.125	9	chi4	DoubleOcc	0.0782114512910888	0.00895115938451961	0.3688295372786557	20.455719992033252	20.66224484585415
16	0.125	9	chi8	DoubleOcc	0.0782114512910888	0.003807368936891889	0.7966425798103399	20.03678107126224	20.66224484585415
16	0.125	9	chi16	DoubleOcc	0.0782114512910888	0.0006978108727694471	0.9761322305279158	20.702727108391542	20.66224484585415
16	0.125	9	chi32	DoubleOcc	0.0782114512910888	-1.0246822457385396e-5	0.9983502060500806	20.662473177530302	20.66224484585415
16	0.125	9	exact	DoubleOcc	0.0782114512910888	0.0	NaN	20.66224484585415	20.66224484585415
16	0.125	9	UHF	DoubleOcc	0.0782114512910888	-0.018812560750908994	NaN	0.9116996970864676	20.66224484585415
16	0.125	9	UHFsym	DoubleOcc	0.0782114512910888	-0.01881256075090905	NaN	14.543701903227303	20.66224484585415
16	0.125	9	chi2	ZZ onsite	-0.4433157469841386	0.5566842530158618	0.004397889498404903	0.6484397407163792	20.11249941950812
16	0.125	9	chi4	ZZ onsite	-0.4433157469841386	0.006173792108236487	0.3688295372786557	20.05025843645736	20.11249941950812
16	0.125	9	chi8	ZZ onsite	-0.4433157469841386	0.031124079519029013	0.7966425798103399	18.43490242568614	20.11249941950812
16	0.125	9	chi16	ZZ onsite	-0.4433157469841386	0.0028817302055785254	0.9761322305279158	20.101877055590478	20.11249941950812
16	0.125	9	chi32	ZZ onsite	-0.4433157469841386	1.747754205644325e-5	0.9983502060500806	20.112532657763463	20.11249941950812
16	0.125	9	exact	ZZ onsite	-0.4433157469841386	0.0	NaN	20.11249941950812	20.11249941950812
16	0.125	9	UHF	ZZ onsite	-0.4433157469841386	0.11286363445702757	NaN	9.038654084303936	20.11249941950812
16	0.125	9	UHFsym	ZZ onsite	-0.4433157469841386	0.11286363445702735	NaN	9.038654084303953	20.11249941950812
16	0.125	9	chi2	ZZ up-up r=1	-0.34801372879090803	-0.34801372879094467	0.004397889498404903	0.9999999999998066	14.630392706788017
16	0.125	9	chi4	ZZ up-up r=1	-0.34801372879090803	-0.31544381683282785	0.3688295372786557	1.196579501589095	14.630392706788017
16	0.125	9	chi8	ZZ up-up r=1	-0.34801372879090803	-0.035448439802285014	0.7966425798103399	12.483329378610641	14.630392706788017
16	0.125	9	chi16	ZZ up-up r=1	-0.34801372879090803	-0.0012045732187356828	0.9761322305279158	14.611163171857118	14.630392706788017
16	0.125	9	chi32	ZZ up-up r=1	-0.34801372879090803	-0.0017667201063501503	0.9983502060500806	14.600617615014928	14.630392706788017
16	0.125	9	exact	ZZ up-up r=1	-0.34801372879090803	0.0	NaN	14.630392706788017	14.630392706788017
16	0.125	9	UHF	ZZ up-up r=1	-0.34801372879090803	0.4405548396214947	NaN	0.668527467882466	14.630392706788017
16	0.125	9	UHFsym	ZZ up-up r=1	-0.34801372879090803	0.02526971131745498	NaN	13.989192617512677	14.630392706788017
16	0.125	9	chi2	SzSz r=1	-0.07078642275855963	-0.07078642275856879	0.004397889498404903	0.999999999999767	10.906018111544137
16	0.125	9	chi4	SzSz r=1	-0.07078642275855963	-0.06589556054504395	0.3688295372786557	1.1404496937227093	10.906018111544137
16	0.125	9	chi8	SzSz r=1	-0.07078642275855963	-0.006833884527328402	0.7966425798103399	9.57961057532269	10.906018111544137
16	0.125	9	chi16	SzSz r=1	-0.07078642275855963	-0.0006026396192202327	0.9761322305279158	10.950026937600851	10.906018111544137
16	0.125	9	chi32	SzSz r=1	-0.07078642275855963	-0.00032274665746076514	0.9983502060500806	10.916403247021844	10.906018111544137
16	0.125	9	exact	SzSz r=1	-0.07078642275855963	0.0	NaN	10.906018111544137	10.906018111544137
16	0.125	9	UHF	SzSz r=1	-0.07078642275855963	0.08464284794916942	NaN	0.68840899125391	10.906018111544137
16	0.125	9	UHFsym	SzSz r=1	-0.07078642275855963	-0.0023405050661341326	NaN	10.53759585083474	10.906018111544137
16	0.125	9	chi2	hop up r=1	0.4779371112786408	0.4779371112786408	0.004397889498404903	1.0	27.35866502840671
16	0.125	9	chi4	hop up r=1	0.4779371112786408	0.21351958004251148	0.3688295372786557	4.481807295665662	27.35866502840671
16	0.125	9	chi8	hop up r=1	0.4779371112786408	0.04388184903965231	0.7966425798103399	23.395246925454686	27.35866502840671
16	0.125	9	chi16	hop up r=1	0.4779371112786408	0.004912065494096951	0.9761322305279158	27.45905062002963	27.35866502840671
16	0.125	9	chi32	hop up r=1	0.4779371112786408	0.0007744642370587362	0.9983502060500806	27.3848189181004	27.35866502840671
16	0.125	9	exact	hop up r=1	0.4779371112786408	0.0	NaN	27.35866502840671	27.35866502840671
16	0.125	9	UHF	hop up r=1	0.4779371112786408	-0.01001208084026256	NaN	26.688568131491376	27.35866502840671
16	0.125	9	UHFsym	hop up r=1	0.4779371112786408	0.029267708696593675	NaN	25.75055292008493	27.35866502840671
16	0.125	10	chi2	n	0.8556599669023021	-0.14434003309769838	0.004397889498404903	1.0000000145749022	2.7897685456035326
16	0.125	10	chi4	n	0.8556599669023021	-0.009555972391119494	0.3688295372786557	2.776475534643475	2.7897685456035326
16	0.125	10	chi8	n	0.8556599669023021	-0.00041199466986174826	0.7966425798103399	2.7778932819562927	2.7897685456035326
16	0.125	10	chi16	n	0.8556599669023021	0.00037384496141257273	0.9761322305279158	2.7891856286812664	2.7897685456035326
16	0.125	10	chi32	n	0.8556599669023021	1.8264637194786992e-5	0.9983502060500806	2.7898908984181863	2.7897685456035326
16	0.125	10	exact	n	0.8556599669023021	0.0	NaN	2.7897685456035326	2.7897685456035326
16	0.125	10	UHF	n	0.8556599669023021	-0.07529336346736082	NaN	0.06487328045611841	2.7897685456035326
16	0.125	10	UHFsym	n	0.8556599669023021	-0.07529336346736082	NaN	1.8836236510586082	2.7897685456035326
16	0.125	10	chi2	Sz	-2.806570115199136e-10	-5.1724378127877896e-8	0.004397889498404903	1.0000000428253963	2.430276404599068
16	0.125	10	chi4	Sz	-2.806570115199136e-10	0.0012940566817797525	0.3688295372786557	2.406677276226807	2.430276404599068
16	0.125	10	chi8	Sz	-2.806570115199136e-10	-0.0017717525872272682	0.7966425798103399	2.4278292189542134	2.430276404599068
16	0.125	10	chi16	Sz	-2.806570115199136e-10	-7.210407280912323e-5	0.9761322305279158	2.4305453029770727	2.430276404599068
16	0.125	10	chi32	Sz	-2.806570115199136e-10	2.557044338995229e-5	0.9983502060500806	2.430291417895116	2.430276404599068
16	0.125	10	exact	Sz	-2.806570115199136e-10	0.0	NaN	2.430276404599068	2.430276404599068
16	0.125	10	UHF	Sz	-2.806570115199136e-10	0.34858451863372125	NaN	0.07041982242757423	2.430276404599068
16	0.125	10	UHFsym	Sz	-2.806570115199136e-10	-2.8065699417267886e-10	NaN	1.734655765688772	2.430276404599068
16	0.125	10	chi2	DoubleOcc	0.07347600789251434	0.07347600789251434	0.004397889498404903	0.9089810297730729	21.58375530970157
16	0.125	10	chi4	DoubleOcc	0.07347600789251434	-0.010849420306882948	0.3688295372786557	20.522478587780277	21.58375530970157
16	0.125	10	chi8	DoubleOcc	0.07347600789251434	0.0053027974974056424	0.7966425798103399	20.2786002849837	21.58375530970157
16	0.125	10	chi16	DoubleOcc	0.07347600789251434	0.0004462855864030141	0.9761322305279158	21.559092864312305	21.58375530970157
16	0.125	10	chi32	DoubleOcc	0.07347600789251434	2.170728524521215e-5	0.9983502060500806	21.583102040265555	21.58375530970157
16	0.125	10	exact	DoubleOcc	0.07347600789251434	0.0	NaN	21.58375530970157	21.58375530970157
16	0.125	10	UHF	DoubleOcc	0.07347600789251434	-0.021681351112308803	NaN	0.9568325065951583	21.58375530970157
16	0.125	10	UHFsym	DoubleOcc	0.07347600789251434	-0.021681351112308858	NaN	17.234472311112853	21.58375530970157
16	0.125	10	chi2	ZZ onsite	-0.4174159022345441	0.5825840977654564	0.004397889498404903	0.506295585953073	21.96392174641662
16	0.125	10	chi4	ZZ onsite	-0.4174159022345441	-0.024285736445288475	0.3688295372786557	21.005095170722004	21.96392174641662
16	0.125	10	chi8	ZZ onsite	-0.4174159022345441	0.022035179329347954	0.7966425798103399	20.26009309866531	21.96392174641662
16	0.125	10	chi16	ZZ onsite	-0.4174159022345441	0.0010374524227897974	0.9761322305279158	21.93582965048277	21.96392174641662
16	0.125	10	chi32	ZZ onsite	-0.4174159022345441	5.029986659038643e-5	0.9983502060500806	21.96269216368027	21.96392174641662
16	0.125	10	exact	ZZ onsite	-0.4174159022345441	0.0	NaN	21.96392174641662	21.96392174641662
16	0.125	10	UHF	ZZ onsite	-0.4174159022345441	0.06386132248548909	NaN	13.970253956073341	21.96392174641662
16	0.125	10	UHFsym	ZZ onsite	-0.4174159022345441	0.06386132248548898	NaN	13.970253956073359	21.96392174641662
16	0.125	10	chi2	ZZ up-up r=1	-0.46013142897418224	0.5398685710258182	0.004397889498404903	0.7231041239977171	20.204628091265576
16	0.125	10	chi4	ZZ up-up r=1	-0.46013142897418224	0.09314225388225017	0.3688295372786557	11.010378523319465	20.204628091265576
16	0.125	10	chi8	ZZ up-up r=1	-0.46013142897418224	-0.04512313657917638	0.7966425798103399	17.310320956757874	20.204628091265576
16	0.125	10	chi16	ZZ up-up r=1	-0.46013142897418224	-0.0023258292921088386	0.9761322305279158	20.214809416626803	20.204628091265576
16	0.125	10	chi32	ZZ up-up r=1	-0.46013142897418224	-0.0010404678011453061	0.9983502060500806	20.211659148215627	20.204628091265576
16	0.125	10	exact	ZZ up-up r=1	-0.46013142897418224	0.0	NaN	20.204628091265576	20.204628091265576
16	0.125	10	UHF	ZZ up-up r=1	-0.46013142897418224	-0.06179688089036711	NaN	15.267090352315174	20.204628091265576
16	0.125	10	UHFsym	ZZ up-up r=1	-0.46013142897418224	-0.1175500601369262	NaN	9.118483203505289	20.204628091265576
16	0.125	10	chi2	SzSz r=1	-0.09433534193886316	0.15566465806113694	0.004397889498404903	0.3928767759072623	19.716496375602777
16	0.125	10	chi4	SzSz r=1	-0.09433534193886316	0.01300957392789985	0.3688295372786557	10.07569690311598	19.716496375602777
16	0.125	10	chi8	SzSz r=1	-0.09433534193886316	-0.0018775608160885443	0.7966425798103399	18.839038686238858	19.716496375602777
16	0.125	10	chi16	SzSz r=1	-0.09433534193886316	-0.0010446409161750242	0.9761322305279158	19.638755744738102	19.716496375602777
16	0.125	10	chi32	SzSz r=1	-0.09433534193886316	-0.00010197409993022155	0.9983502060500806	19.716764897144504	19.716496375602777
16	0.125	10	exact	SzSz r=1	-0.09433534193886316	0.0	NaN	19.716496375602777	19.716496375602777
16	0.125	10	UHF	SzSz r=1	-0.09433534193886316	0.02852071707645147	NaN	3.5849896898694875	19.716496375602777
16	0.125	10	UHFsym	SzSz r=1	-0.09433534193886316	-0.03572490893444714	NaN	5.203315989552612	19.716496375602777
16	0.125	10	chi2	hop up r=1	0.5510020024063186	0.5510020024063186	0.004397889498404903	1.0	46.69926101578558
16	0.125	10	chi4	hop up r=1	0.5510020024063186	-0.06029025423386847	0.3688295372786557	31.677670170281242	46.69926101578558
16	0.125	10	chi8	hop up r=1	0.5510020024063186	0.04873931221466732	0.7966425798103399	33.21386887598013	46.69926101578558
16	0.125	10	chi16	hop up r=1	0.5510020024063186	0.004264788898843408	0.9761322305279158	46.3584195357247	46.69926101578558
16	0.125	10	chi32	hop up r=1	0.5510020024063186	0.0005018140029884322	0.9983502060500806	46.671976209383025	46.69926101578558
16	0.125	10	exact	hop up r=1	0.5510020024063186	0.0	NaN	46.69926101578558	46.69926101578558
16	0.125	10	UHF	hop up r=1	0.5510020024063186	0.19519472826892365	NaN	6.795070618210076	46.69926101578558
16	0.125	10	UHFsym	hop up r=1	0.5510020024063186	0.07519122048961047	NaN	24.299523230031568	46.69926101578558
16	0.125	11	chi2	n	0.8728627906235625	-0.1271372093764379	0.004397889498404903	0.9999999690145819	2.5333494489317494
16	0.125	11	chi4	n	0.8728627906235625	-0.018217290011511955	0.3688295372786557	2.412334186619997	2.5333494489317494
16	0.125	11	chi8	n	0.8728627906235625	0.010321670553625872	0.7966425798103399	2.5380066133102153	2.5333494489317494
16	0.125	11	chi16	n	0.8728627906235625	-0.0006219044311793764	0.9761322305279158	2.5320420037161298	2.5333494489317494
16	0.125	11	chi32	n	0.8728627906235625	8.309315899790448e-6	0.9983502060500806	2.5333325850936745	2.5333494489317494
16	0.125	11	exact	n	0.8728627906235625	0.0	NaN	2.5333494489317494	2.5333494489317494
16	0.125	11	UHF	n	0.8728627906235625	0.050405520487342925	NaN	0.11113157426883515	2.5333494489317494
16	0.125	11	UHFsym	n	0.8728627906235625	0.050405520487342925	NaN	2.1810787414003676	2.5333494489317494
16	0.125	11	chi2	Sz	-8.604989568117283e-10	5.0583222187233366e-8	0.004397889498404903	1.000000061942378	1.7560998963041108
16	0.125	11	chi4	Sz	-8.604989568117283e-10	-0.004335305334605875	0.3688295372786557	1.7595045187250187	1.7560998963041108
16	0.125	11	chi8	Sz	-8.604989568117283e-10	0.0005729161388778117	0.7966425798103399	1.708995615289786	1.7560998963041108
16	0.125	11	chi16	Sz	-8.604989568117283e-10	-0.0002298844612167658	0.9761322305279158	1.7573551040375974	1.7560998963041108
16	0.125	11	chi32	Sz	-8.604989568117283e-10	1.5607778153542418e-5	0.9983502060500806	1.7561377813616812	1.7560998963041108
16	0.125	11	exact	Sz	-8.604989568117283e-10	0.0	NaN	1.7560998963041108	1.7560998963041108
16	0.125	11	UHF	Sz	-8.604989568117283e-10	-0.26609462418385144	NaN	0.07954064783442194	1.7560998963041108
16	0.125	11	UHFsym	Sz	-8.604989568117283e-10	-8.604989568117283e-10	NaN	1.3828201601747319	1.7560998963041108
16	0.125	11	chi2	DoubleOcc	0.08107439430917068	0.08107439430917068	0.004397889498404903	0.9432251093800753	21.219333124631422
16	0.125	11	chi4	DoubleOcc	0.08107439430917068	-0.04220390759297944	0.3688295372786557	7.811601681460128	21.219333124631422
16	0.125	11	chi8	DoubleOcc	0.08107439430917068	0.01248220231681127	0.7966425798103399	19.41785084156896	21.219333124631422
16	0.125	11	chi16	DoubleOcc	0.08107439430917068	-0.0002947060992313788	0.9761322305279158	21.217873237554084	21.219333124631422
16	0.125	11	chi32	DoubleOcc	0.08107439430917068	-9.0462171065675e-6	0.9983502060500806	21.219070446031786	21.219333124631422
16	0.125	11	exact	DoubleOcc	0.08107439430917068	0.0	NaN	21.219333124631422	21.219333124631422
16	0.125	11	UHF	DoubleOcc	0.08107439430917068	-0.01722824742921307	NaN	1.5237051302333053	21.219333124631422
16	0.125	11	UHFsym	DoubleOcc	0.08107439430917068	-0.01722824742921311	NaN	7.661153101082521	21.219333124631422
16	0.125	11	chi2	ZZ onsite	-0.42142800401043956	0.5785719959895609	0.004397889498404903	0.5390966335261325	21.11979564789882
16	0.125	11	chi4	ZZ onsite	-0.42142800401043956	-0.13238105034889053	0.3688295372786557	7.114644747120829	21.11979564789882
16	0.125	11	chi8	ZZ onsite	-0.42142800401043956	0.029285468159995665	0.7966425798103399	19.148310656235235	21.11979564789882
16	0.125	11	chi16	ZZ onsite	-0.42142800401043956	6.498446543579117e-5	0.9761322305279158	21.11953134844157	21.11979564789882
16	0.125	11	chi32	ZZ onsite	-0.42142800401043956	-5.2803500226183964e-5	0.9983502060500806	21.11999547186404	21.11979564789882
16	0.125	11	exact	ZZ onsite	-0.42142800401043956	0.0	NaN	21.11979564789882	21.11979564789882
16	0.125	11	UHF	ZZ onsite	-0.42142800401043956	-0.16972403069153558	NaN	4.975713617891347	21.11979564789882
16	0.125	11	UHFsym	ZZ onsite	-0.42142800401043956	-0.16972403069153574	NaN	4.975713617891337	21.11979564789882
16	0.125	11	chi2	ZZ up-up r=1	-0.376601145662502	-0.3766012485499443	0.004397889498404903	0.9999994772877586	15.974683702611333
16	0.125	11	chi4	ZZ up-up r=1	-0.376601145662502	-0.16471500076969206	0.3688295372786557	4.302066248184758	15.974683702611333
16	0.125	11	chi8	ZZ up-up r=1	-0.376601145662502	-0.06541638686699563	0.7966425798103399	11.715407770050117	15.974683702611333
16	0.125	11	chi16	ZZ up-up r=1	-0.376601145662502	-0.0023441845182587406	0.9761322305279158	16.0263468097724	15.974683702611333
16	0.125	11	chi32	ZZ up-up r=1	-0.376601145662502	-0.0010165075743473473	0.9983502060500806	15.999422159063045	15.974683702611333
16	0.125	11	exact	ZZ up-up r=1	-0.376601145662502	0.0	NaN	15.974683702611333	15.974683702611333
16	0.125	11	UHF	ZZ up-up r=1	-0.376601145662502	0.43429846799644045	NaN	0.7118370536580909	15.974683702611333
16	0.125	11	UHFsym	ZZ up-up r=1	-0.376601145662502	-0.09376411798073886	NaN	8.809860980994294	15.974683702611333
16	0.125	11	chi2	SzSz r=1	-0.07609655474515223	-0.07609655474515223	0.004397889498404903	1.000000009238356	11.311331180455111
16	0.125	11	chi4	SzSz r=1	-0.07609655474515223	-0.04324380087490978	0.3688295372786557	2.4759752204093557	11.311331180455111
16	0.125	11	chi8	SzSz r=1	-0.07609655474515223	-0.006080839431773649	0.7966425798103399	10.514933752841715	11.311331180455111
16	0.125	11	chi16	SzSz r=1	-0.07609655474515223	-0.0009924346017177454	0.9761322305279158	11.306773454607368	11.311331180455111
16	0.125	11	chi32	SzSz r=1	-0.07609655474515223	-9.504374021782058e-5	0.9983502060500806	11.319662556630606	11.311331180455111
16	0.125	11	exact	SzSz r=1	-0.07609655474515223	0.0	NaN	11.311331180455111	11.311331180455111
16	0.125	11	UHF	SzSz r=1	-0.07609655474515223	-0.015229158397447436	NaN	0.9472152391715116	11.311331180455111
16	0.125	11	UHFsym	SzSz r=1	-0.07609655474515223	-0.036919368797500116	NaN	3.2656746183598298	11.311331180455111
16	0.125	11	chi2	hop up r=1	0.5139176166598598	0.5139176166598598	0.004397889498404903	1.0	37.09085798374346
16	0.125	11	chi4	hop up r=1	0.5139176166598598	0.07805027052294988	0.3688295372786557	19.831673709166882	37.09085798374346
16	0.125	11	chi8	hop up r=1	0.5139176166598598	0.04465232596567892	0.7966425798103399	28.624804879631693	37.09085798374346
16	0.125	11	chi16	hop up r=1	0.5139176166598598	0.0040817374559875	0.9761322305279158	36.921355468498504	37.09085798374346
16	0.125	11	chi32	hop up r=1	0.5139176166598598	0.00046808415877175324	0.9983502060500806	37.07983738584125	37.09085798374346
16	0.125	11	exact	hop up r=1	0.5139176166598598	0.0	NaN	37.09085798374346	37.09085798374346
16	0.125	11	UHF	hop up r=1	0.5139176166598598	-0.29612728510700137	NaN	2.9168006001593048	37.09085798374346
16	0.125	11	UHFsym	hop up r=1	0.5139176166598598	-0.0310281979640612	NaN	33.33242130937481	37.09085798374346
16	0.125	12	chi2	n	0.826360750584937	0.826360750584937	0.004397889498404903	0.06717448681943072	3.1017592361671937
16	0.125	12	chi4	n	0.826360750584937	0.022956157659316356	0.3688295372786557	2.954391737931171	3.1017592361671937
16	0.125	12	chi8	n	0.826360750584937	-0.003087218867078634	0.7966425798103399	3.0957280422200184	3.1017592361671937
16	0.125	12	chi16	n	0.826360750584937	0.0005657039068260872	0.9761322305279158	3.1022444035254244	3.1017592361671937
16	0.125	12	chi32	n	0.826360750584937	9.355999591842412e-5	0.9983502060500806	3.101927153432188	3.1017592361671937
16	0.125	12	exact	n	0.826360750584937	0.0	NaN	3.1017592361671937	3.1017592361671937
16	0.125	12	UHF	n	0.826360750584937	0.15018955277262258	NaN	0.9764283406836156	3.1017592361671937
16	0.125	12	UHFsym	n	0.826360750584937	0.15018955277262258	NaN	1.2766843840748354	3.1017592361671937
16	0.125	12	chi2	Sz	2.6938717367919196e-9	2.6938717367919196e-9	0.004397889498404903	0.07528891128607797	2.503623683998563
16	0.125	12	chi4	Sz	2.6938717367919196e-9	-0.007727693324751733	0.3688295372786557	2.485868809185718	2.503623683998563
16	0.125	12	chi8	Sz	2.6938717367919196e-9	0.0002207842784190811	0.7966425798103399	2.498036024335581	2.503623683998563
16	0.125	12	chi16	Sz	2.6938717367919196e-9	-8.614591425563228e-5	0.9761322305279158	2.5047069187682967	2.503623683998563
16	0.125	12	chi32	Sz	2.6938717367919196e-9	5.552525414662113e-6	0.9983502060500806	2.5036733601806653	2.503623683998563
16	0.125	12	exact	Sz	2.6938717367919196e-9	0.0	NaN	2.503623683998563	2.503623683998563
16	0.125	12	UHF	Sz	2.6938717367919196e-9	0.05622798205257043	NaN	0.9100150635739138	2.503623683998563
16	0.125	12	UHFsym	Sz	2.6938717367919196e-9	2.6938717367919196e-9	NaN	1.2400992403769941	2.503623683998563
16	0.125	12	chi2	DoubleOcc	0.0692582291471212	0.0692582291471212	0.004397889498404903	0.20419717269799217	16.130468547990354
16	0.125	12	chi4	DoubleOcc	0.0692582291471212	-0.029820275642764224	0.3688295372786557	5.850964067836474	16.130468547990354
16	0.125	12	chi8	DoubleOcc	0.0692582291471212	0.003232582108505619	0.7966425798103399	16.072997916528863	16.130468547990354
16	0.125	12	chi16	DoubleOcc	0.0692582291471212	0.00021945550716417905	0.9761322305279158	16.134610099180176	16.130468547990354
16	0.125	12	chi32	DoubleOcc	0.0692582291471212	6.51738374277816e-5	0.9983502060500806	16.13311998087799	16.130468547990354
16	0.125	12	exact	DoubleOcc	0.0692582291471212	0.0	NaN	16.130468547990354	16.130468547990354
16	0.125	12	UHF	DoubleOcc	0.0692582291471212	-0.04188205737785157	NaN	1.2638068355228491	16.130468547990354
16	0.125	12	UHFsym	DoubleOcc	0.0692582291471212	-0.04188205737785157	NaN	1.3141215424921349	16.130468547990354
16	0.125	12	chi2	ZZ onsite	-0.3756885845813854	-1.3756885845813858	0.004397889498404903	0.08215371675726367	13.750575041929645
16	0.125	12	chi4	ZZ onsite	-0.3756885845813854	-0.16519341788968553	0.3688295372786557	3.8395517026660864	13.750575041929645
16	0.125	12	chi8	ZZ onsite	-0.3756885845813854	0.019104766168183296	0.7966425798103399	13.644161459729663	13.750575041929645
16	0.125	12	chi16	ZZ onsite	-0.3756885845813854	-0.00025358578499101725	0.9761322305279158	13.746127257543037	13.750575041929645
16	0.125	12	chi32	ZZ onsite	-0.3756885845813854	7.357535787461122e-5	0.9983502060500806	13.751837258626008	13.750575041929645
16	0.125	12	exact	ZZ onsite	-0.3756885845813854	0.0	NaN	13.750575041929645	13.750575041929645
16	0.125	12	UHF	ZZ onsite	-0.3756885845813854	-0.46790733505664756	NaN	0.6663879747436445	13.750575041929645
16	0.125	12	UHFsym	ZZ onsite	-0.3756885845813854	-0.4679073350566476	NaN	0.6663879747436444	13.750575041929645
16	0.125	12	chi2	ZZ up-up r=1	-0.38322015104613477	-0.3832201442222613	0.004397889498404903	1.0000000329737722	16.046763915361847
16	0.125	12	chi4	ZZ up-up r=1	-0.38322015104613477	-0.12624048241666969	0.3688295372786557	5.907163052071891	16.046763915361847
16	0.125	12	chi8	ZZ up-up r=1	-0.38322015104613477	-0.04284473187162885	0.7966425798103399	13.092094023036807	16.046763915361847
16	0.125	12	chi16	ZZ up-up r=1	-0.38322015104613477	-0.0008802769988105474	0.9761322305279158	16.031577984417005	16.046763915361847
16	0.125	12	chi32	ZZ up-up r=1	-0.38322015104613477	-0.0006463935998279324	0.9983502060500806	16.035851945659438	16.046763915361847
16	0.125	12	exact	ZZ up-up r=1	-0.38322015104613477	0.0	NaN	16.046763915361847	16.046763915361847
16	0.125	12	UHF	ZZ up-up r=1	-0.38322015104613477	-0.5920928193532113	NaN	0.43843317712050306	16.046763915361847
16	0.125	12	UHFsym	ZZ up-up r=1	-0.38322015104613477	-0.11708258180003073	NaN	6.457765954817234	16.046763915361847
16	0.125	12	chi2	SzSz r=1	-0.07703851412504858	-0.07703851412504858	0.004397889498404903	1.0000000005045084	12.719640571222815
16	0.125	12	chi4	SzSz r=1	-0.07703851412504858	-0.03869055446912031	0.3688295372786557	2.9483905580855283	12.719640571222815
16	0.125	12	chi8	SzSz r=1	-0.07703851412504858	-0.0033325258934607527	0.7966425798103399	11.5930835743048	12.719640571222815
16	0.125	12	chi16	SzSz r=1	-0.07703851412504858	-0.000341609918895619	0.9761322305279158	12.73762365192763	12.719640571222815
16	0.125	12	chi32	SzSz r=1	-0.07703851412504858	-6.451852584048179e-5	0.9983502060500806	12.715641808170677	12.719640571222815
16	0.125	12	exact	SzSz r=1	-0.07703851412504858	0.0	NaN	12.719640571222815	12.719640571222815
16	0.125	12	UHF	SzSz r=1	-0.07703851412504858	-0.03450461578046075	NaN	0.9696439605314073	12.719640571222815
16	0.125	12	UHFsym	SzSz r=1	-0.07703851412504858	-0.04363467625086964	NaN	2.7354593565237324	12.719640571222815
16	0.125	12	chi2	hop up r=1	0.5198745056061476	0.5198745056061476	0.004397889498404903	1.0	32.42664700158823
16	0.125	12	chi4	hop up r=1	0.5198745056061476	0.024801453653254646	0.3688295372786557	29.792205089312926	32.42664700158823
16	0.125	12	chi8	hop up r=1	0.5198745056061476	0.041446923494373455	0.7966425798103399	26.426582047838558	32.42664700158823
16	0.125	12	chi16	hop up r=1	0.5198745056061476	0.0020534459781812453	0.9761322305279158	32.36340660048731	32.42664700158823
16	0.125	12	chi32	hop up r=1	0.5198745056061476	0.00018894363569665895	0.9983502060500806	32.422129904837355	32.42664700158823
16	0.125	12	exact	hop up r=1	0.5198745056061476	0.0	NaN	32.42664700158823	32.42664700158823
16	0.125	12	UHF	hop up r=1	0.5198745056061476	0.259581164920902	NaN	3.6319501920507413	32.42664700158823
16	0.125	12	UHFsym	hop up r=1	0.5198745056061476	-0.05347181207287899	NaN	25.13177171043887	32.42664700158823
16	0.125	13	chi2	n	0.8768353050872947	-0.12316469491270576	0.004397889498404903	1.0000000037895036	2.219920951532182
16	0.125	13	chi4	n	0.8768353050872947	0.0028214395667006675	0.3688295372786557	2.204133191575171	2.219920951532182
16	0.125	13	chi8	n	0.8768353050872947	0.007977608729724861	0.7966425798103399	2.192619998219043	2.219920951532182
16	0.125	13	chi16	n	0.8768353050872947	-0.00010784994184920293	0.9761322305279158	2.2203922700846843	2.219920951532182
16	0.125	13	chi32	n	0.8768353050872947	-1.3928578135757874e-5	0.9983502060500806	2.2198788228347235	2.219920951532182
16	0.125	13	exact	n	0.8768353050872947	0.0	NaN	2.219920951532182	2.219920951532182
16	0.125	13	UHF	n	0.8768353050872947	0.12647914437785046	NaN	0.1479341857875174	2.219920951532182
16	0.125	13	UHFsym	n	0.8768353050872947	0.12647914437785046	NaN	0.971756434415317	2.219920951532182
16	0.125	13	chi2	Sz	1.1071074612623022e-11	-3.4008657695806335e-9	0.004397889498404903	0.9999999996403719	2.01893856184387
16	0.125	13	chi4	Sz	1.1071074612623022e-11	0.002320002642840536	0.3688295372786557	2.023475010502198	2.01893856184387
16	0.125	13	chi8	Sz	1.1071074612623022e-11	0.002564198127139823	0.7966425798103399	2.0267383789714266	2.01893856184387
16	0.125	13	chi16	Sz	1.1071074612623022e-11	-0.0001061694961245474	0.9761322305279158	2.0186118356783354	2.01893856184387
16	0.125	13	chi32	Sz	1.1071074612623022e-11	9.175901589414392e-6	0.9983502060500806	2.0189204741698417	2.01893856184387
16	0.125	13	exact	Sz	1.1071074612623022e-11	0.0	NaN	2.01893856184387	2.01893856184387
16	0.125	13	UHF	Sz	1.1071074612623022e-11	0.19220186425672742	NaN	0.20089822844292102	2.01893856184387
16	0.125	13	UHFsym	Sz	1.1071074612623022e-11	1.107108849041083e-11	NaN	1.1063332518322808	2.01893856184387
16	0.125	13	chi2	DoubleOcc	0.08402585575475167	0.08402585575475167	0.004397889498404903	0.8621237406826143	20.838332705998287
16	0.125	13	chi4	DoubleOcc	0.08402585575475167	-0.039291017686389235	0.3688295372786557	6.299288609064902	20.838332705998287
16	0.125	13	chi8	DoubleOcc	0.08402585575475167	0.009916484128788927	0.7966425798103399	19.866374397592107	20.838332705998287
16	0.125	13	chi16	DoubleOcc	0.08402585575475167	-5.4848825295272796e-5	0.9761322305279158	20.83915225052271	20.838332705998287
16	0.125	13	chi32	DoubleOcc	0.08402585575475167	-4.423996865149382e-6	0.9983502060500806	20.838088590751923	20.838332705998287
16	0.125	13	exact	DoubleOcc	0.08402585575475167	0.0	NaN	20.838332705998287	20.838332705998287
16	0.125	13	UHF	DoubleOcc	0.08402585575475167	-0.01979117960439694	NaN	1.372555157630771	20.838332705998287
16	0.125	13	UHFsym	DoubleOcc	0.08402585575475167	-0.019791179604396983	NaN	2.7116999325922264	20.838332705998287
16	0.125	13	chi2	ZZ onsite	-0.417567187155579	0.5824328128444214	0.004397889498404903	0.5371511005950003	20.468683687351135
16	0.125	13	chi4	ZZ onsite	-0.417567187155579	-0.16280694987895483	0.3688295372786557	5.098710997875224	20.468683687351135
16	0.125	13	chi8	ZZ onsite	-0.417567187155579	0.02371071905570943	0.7966425798103399	19.514004711280155	20.468683687351135
16	0.125	13	chi16	ZZ onsite	-0.417567187155579	-3.6954174782444227e-6	0.9761322305279158	20.468641846410502	20.468683687351135
16	0.125	13	chi32	ZZ onsite	-0.417567187155579	1.0161168811473331e-5	0.9983502060500806	20.468798418922166	20.468683687351135
16	0.125	13	exact	ZZ onsite	-0.417567187155579	0.0	NaN	20.468683687351135	20.468683687351135
16	0.125	13	UHF	ZZ onsite	-0.417567187155579	-0.332123007173285	NaN	1.532786001711173	20.468683687351135
16	0.125	13	UHFsym	ZZ onsite	-0.417567187155579	-0.3321230071732851	NaN	1.5327860017111725	20.468683687351135
16	0.125	13	chi2	ZZ up-up r=1	-0.47303482695550764	0.5269651730444929	0.004397889498404903	0.8588945151898848	28.10315828426965
16	0.125	13	chi4	ZZ up-up r=1	-0.47303482695550764	0.029779570496375862	0.3688295372786557	26.68883579395882	28.10315828426965
16	0.125	13	chi8	ZZ up-up r=1	-0.47303482695550764	-0.021896217666426132	0.7966425798103399	25.689001082935615	28.10315828426965
16	0.125	13	chi16	ZZ up-up r=1	-0.47303482695550764	-0.0020991820287140084	0.9761322305279158	27.98765722095832	28.10315828426965
16	0.125	13	chi32	ZZ up-up r=1	-0.47303482695550764	-0.000151162841443786	0.9983502060500806	28.09578091421714	28.10315828426965
16	0.125	13	exact	ZZ up-up r=1	-0.47303482695550764	0.0	NaN	28.10315828426965	28.10315828426965
16	0.125	13	UHF	ZZ up-up r=1	-0.47303482695550764	0.3356313164831554	NaN	2.057626646037956	28.10315828426965
16	0.125	13	UHFsym	ZZ up-up r=1	-0.47303482695550764	-0.15523519580213713	NaN	6.857482000305413	28.10315828426965
16	0.125	13	chi2	SzSz r=1	-0.09672381297643828	0.15327618702356183	0.004397889498404903	0.4248968766239564	21.87849223033373
16	0.125	13	chi4	SzSz r=1	-0.09672381297643828	-0.0020150274192423934	0.3688295372786557	15.251937961099438	21.87849223033373
16	0.125	13	chi8	SzSz r=1	-0.09672381297643828	-5.077246297405247e-6	0.7966425798103399	21.33064717246851	21.87849223033373
16	0.125	13	chi16	SzSz r=1	-0.09672381297643828	-0.0005464499801652034	0.9761322305279158	21.833968072241294	21.87849223033373
16	0.125	13	chi32	SzSz r=1	-0.09672381297643828	1.0161999511593134e-6	0.9983502060500806	21.87747455342754	21.87849223033373
16	0.125	13	exact	SzSz r=1	-0.09672381297643828	0.0	NaN	21.87849223033373	21.87849223033373
16	0.125	13	UHF	SzSz r=1	-0.09672381297643828	0.0012772729970355057	NaN	3.0591407723432336	21.87849223033373
16	0.125	13	UHFsym	SzSz r=1	-0.09672381297643828	-0.04595800675779657	NaN	3.764718058038833	21.87849223033373
16	0.125	13	chi2	hop up r=1	0.5614597217785594	0.5614597217785594	0.004397889498404903	1.0	41.35162517814014
16	0.125	13	chi4	hop up r=1	0.5614597217785594	-0.0771605132597003	0.3688295372786557	23.382760279026186	41.35162517814014
16	0.125	13	chi8	hop up r=1	0.5614597217785594	0.030372691511576844	0.7966425798103399	37.05339502849674	41.35162517814014
16	0.125	13	chi16	hop up r=1	0.5614597217785594	0.0013785307463736185	0.9761322305279158	41.34568970719317	41.35162517814014
16	0.125	13	chi32	hop up r=1	0.5614597217785594	-8.680596586430056e-6	0.9983502060500806	41.35159875534328	41.35162517814014
16	0.125	13	exact	hop up r=1	0.5614597217785594	0.0	NaN	41.35162517814014	41.35162517814014
16	0.125	13	UHF	hop up r=1	0.5614597217785594	-0.1163701222122655	NaN	15.071937267704676	41.35162517814014
16	0.125	13	UHFsym	hop up r=1	0.5614597217785594	0.0622873867208068	NaN	27.7043310229371	41.35162517814014
16	0.125	14	chi2	n	0.8444838057072767	-0.1555161942927238	0.004397889498404903	0.9999999981985856	3.294981526058221
16	0.125	14	chi4	n	0.8444838057072767	-0.0093494904993634	0.3688295372786557	3.232437499546267	3.294981526058221
16	0.125	14	chi8	n	0.8444838057072767	0.002980354182768208	0.7966425798103399	3.300436560750021	3.294981526058221
16	0.125	14	chi16	n	0.8444838057072767	0.0002418090477261936	0.9761322305279158	3.295566929412346	3.294981526058221
16	0.125	14	chi32	n	0.8444838057072767	2.4154095013884103e-5	0.9983502060500806	3.2950277738002085	3.294981526058221
16	0.125	14	exact	n	0.8444838057072767	0.0	NaN	3.294981526058221	3.294981526058221
16	0.125	14	UHF	n	0.8444838057072767	-0.05213148194760031	NaN	0.09246187844566432	3.294981526058221
16	0.125	14	UHFsym	n	0.8444838057072767	-0.05213148194760031	NaN	2.56377735302264	3.294981526058221
16	0.125	14	chi2	Sz	1.235476193572893e-9	4.647413079372775e-9	0.004397889498404903	0.9999999978026687	2.3148708442928174
16	0.125	14	chi4	Sz	1.235476193572893e-9	-0.004523277448287719	0.3688295372786557	2.2965370511953846	2.3148708442928174
16	0.125	14	chi8	Sz	1.235476193572893e-9	-0.0011168227504609884	0.7966425798103399	2.3160348733642424	2.3148708442928174
16	0.125	14	chi16	Sz	1.235476193572893e-9	1.6117662676853883e-5	0.9761322305279158	2.3149419603221753	2.3148708442928174
16	0.125	14	chi32	Sz	1.235476193572893e-9	1.0324742124825925e-5	0.9983502060500806	2.3148652125716906	2.3148708442928174
16	0.125	14	exact	Sz	1.235476193572893e-9	0.0	NaN	2.3148708442928174	2.3148708442928174
16	0.125	14	UHF	Sz	1.235476193572893e-9	-0.32707614613725666	NaN	0.08870965426040889	2.3148708442928174
16	0.125	14	UHFsym	Sz	1.235476193572893e-9	1.2354761901034461e-9	NaN	2.0057227483889704	2.3148708442928174
16	0.125	14	chi2	DoubleOcc	0.06963436524343015	0.06963436524343015	0.004397889498404903	0.8953914431935769	22.57652877781024
16	0.125	14	chi4	DoubleOcc	0.06963436524343015	-0.025383042751594212	0.3688295372786557	14.095909985431629	22.57652877781024
16	0.125	14	chi8	DoubleOcc	0.06963436524343015	0.0041870237331353005	0.7966425798103399	21.98916462522073	22.57652877781024
16	0.125	14	chi16	DoubleOcc	0.06963436524343015	0.00020414995604327302	0.9761322305279158	22.566321711234643	22.57652877781024
16	0.125	14	chi32	DoubleOcc	0.06963436524343015	1.1845071832952692e-5	0.9983502060500806	22.576408954805288	22.57652877781024
16	0.125	14	exact	DoubleOcc	0.06963436524343015	0.0	NaN	22.57652877781024	22.57652877781024
16	0.125	14	UHF	DoubleOcc	0.06963436524343015	-0.02436657209048962	NaN	1.195538430674071	22.57652877781024
16	0.125	14	UHFsym	DoubleOcc	0.06963436524343015	-0.024366572090489536	NaN	20.874575329956954	22.57652877781024
16	0.125	14	chi2	ZZ onsite	-0.41043015044082903	0.5895698495591715	0.004397889498404903	0.4653476372424502	18.57924280466904
16	0.125	14	chi4	ZZ onsite	-0.41043015044082903	-0.08283319000764605	0.3688295372786557	11.655911151355722	18.57924280466904
16	0.125	14	chi8	ZZ onsite	-0.41043015044082903	0.010787386567008228	0.7966425798103399	17.99300912906405	18.57924280466904
16	0.125	14	chi16	ZZ onsite	-0.41043015044082903	0.00033298172872514575	0.9761322305279158	18.56760520941539	18.57924280466904
16	0.125	14	chi32	ZZ onsite	-0.41043015044082903	-9.279026954023273e-7	0.9983502060500806	18.579274628300883	18.57924280466904
16	0.125	14	exact	ZZ onsite	-0.41043015044082903	0.0	NaN	18.57924280466904	18.57924280466904
16	0.125	14	UHF	ZZ onsite	-0.41043015044082903	0.006796675533245811	NaN	18.258343338334264	18.57924280466904
16	0.125	14	UHFsym	ZZ onsite	-0.41043015044082903	0.006796675533246144	NaN	18.25834333833424	18.57924280466904
16	0.125	14	chi2	ZZ up-up r=1	-0.3009729005233593	-0.30097290052335923	0.004397889498404903	1.0000000000000002	11.383803891021474
16	0.125	14	chi4	ZZ up-up r=1	-0.3009729005233593	-0.21251326443725924	0.3688295372786557	1.8277321132621385	11.383803891021474
16	0.125	14	chi8	ZZ up-up r=1	-0.3009729005233593	-0.03394736892600286	0.7966425798103399	9.83989972315048	11.383803891021474
16	0.125	14	chi16	ZZ up-up r=1	-0.3009729005233593	-0.00021242085223044382	0.9761322305279158	11.38175570572701	11.383803891021474
16	0.125	14	chi32	ZZ up-up r=1	-0.3009729005233593	-9.71231928853511e-6	0.9983502060500806	11.383712735449402	11.383803891021474
16	0.125	14	exact	ZZ up-up r=1	-0.3009729005233593	0.0	NaN	11.383803891021474	11.383803891021474
16	0.125	14	UHF	ZZ up-up r=1	-0.3009729005233593	0.26838826279712275	NaN	1.2878956398398234	11.383803891021474
16	0.125	14	UHFsym	ZZ up-up r=1	-0.3009729005233593	0.06052486912613564	NaN	8.3700399081266	11.383803891021474
16	0.125	14	chi2	SzSz r=1	-0.05987454238124322	-0.05987454238124321	0.004397889498404903	1.0000000000000002	8.444497430174314
16	0.125	14	chi4	SzSz r=1	-0.05987454238124322	-0.05352525362361792	0.3688295372786557	1.202460032968654	8.444497430174314
16	0.125	14	chi8	SzSz r=1	-0.05987454238124322	-0.0027709187726533066	0.7966425798103399	8.12116837993748	8.444497430174314
16	0.125	14	chi16	SzSz r=1	-0.05987454238124322	2.594215479698181e-5	0.9761322305279158	8.446599410789585	8.444497430174314
16	0.125	14	chi32	SzSz r=1	-0.05987454238124322	-3.109963554182027e-6	0.9983502060500806	8.444243328732336	8.444497430174314
16	0.125	14	exact	SzSz r=1	-0.05987454238124322	0.0	NaN	8.444497430174314	8.444497430174314
16	0.125	14	UHF	SzSz r=1	-0.05987454238124322	0.08554670082724349	NaN	0.5449657035291464	8.444497430174314
16	0.125	14	UHFsym	SzSz r=1	-0.05987454238124322	0.005264165440209703	NaN	7.8703825862254435	8.444497430174314
16	0.125	14	chi2	hop up r=1	0.4374505682996689	0.4374505682996689	0.004397889498404903	1.0	25.86975981445079
16	0.125	14	chi4	hop up r=1	0.4374505682996689	0.15201749353164418	0.3688295372786557	6.647496430035231	25.86975981445079
16	0.125	14	chi8	hop up r=1	0.4374505682996689	0.03399316393458568	0.7966425798103399	23.204037828292567	25.86975981445079
16	0.125	14	chi16	hop up r=1	0.4374505682996689	0.0010324031478466389	0.9761322305279158	25.896197890295348	25.86975981445079
16	0.125	14	chi32	hop up r=1	0.4374505682996689	-6.4467220236563705e-6	0.9983502060500806	25.869571932672432	25.86975981445079
16	0.125	14	exact	hop up r=1	0.4374505682996689	0.0	NaN	25.86975981445079	25.86975981445079
16	0.125	14	UHF	hop up r=1	0.4374505682996689	0.052005350377778536	NaN	19.901283608212005	25.86975981445079
16	0.125	14	UHFsym	hop up r=1	0.4374505682996689	-0.014838249730640907	NaN	24.7348224610579	25.86975981445079
16	0.125	15	chi2	n	0.9236408000599792	-0.07635919994002105	0.004397889498404903	0.9999999984118768	1.5514640591269926
16	0.125	15	chi4	n	0.9236408000599792	0.010575075833701542	0.3688295372786557	1.5410955660556591	1.5514640591269926
16	0.125	15	chi8	n	0.9236408000599792	-0.004992994965490438	0.7966425798103399	1.5487530134618244	1.5514640591269926
16	0.125	15	chi16	n	0.9236408000599792	-0.000490910254874688	0.9761322305279158	1.5512800404435396	1.5514640591269926
16	0.125	15	chi32	n	0.9236408000599792	-4.936657607779171e-5	0.9983502060500806	1.5514513595787833	1.5514640591269926
16	0.125	15	exact	n	0.9236408000599792	0.0	NaN	1.5514640591269926	1.5514640591269926
16	0.125	15	UHF	n	0.9236408000599792	-0.041792362632959046	NaN	0.03259483680550944	1.5514640591269926
16	0.125	15	UHFsym	n	0.9236408000599792	-0.041792362632959046	NaN	1.3265808571773579	1.5514640591269926
16	0.125	15	chi2	Sz	1.5564894789710237e-9	9.73155458960567e-10	0.004397889498404903	0.9999999991903464	1.3096202284956227
16	0.125	15	chi4	Sz	1.5564894789710237e-9	0.0005237672847011737	0.3688295372786557	1.308965742079377	1.3096202284956227
16	0.125	15	chi8	Sz	1.5564894789710237e-9	0.0007062569094994087	0.7966425798103399	1.3060861560679318	1.3096202284956227
16	0.125	15	chi16	Sz	1.5564894789710237e-9	6.257317164179432e-6	0.9761322305279158	1.3093414341455227	1.3096202284956227
16	0.125	15	chi32	Sz	1.5564894789710237e-9	1.3262477334546885e-6	0.9983502060500806	1.3095943723433596	1.3096202284956227
16	0.125	15	exact	Sz	1.5564894789710237e-9	0.0	NaN	1.3096202284956227	1.3096202284956227
16	0.125	15	UHF	Sz	1.5564894789710237e-9	0.36472267834864325	NaN	0.04950323062986041	1.3096202284956227
16	0.125	15	UHFsym	Sz	1.5564894789710237e-9	1.5564894859099176e-9	NaN	1.189772515724238	1.3096202284956227
16	0.125	15	chi2	DoubleOcc	0.08776990885064949	0.08776990885064949	0.004397889498404903	1.2980465610329697	22.410607747855032
16	0.125	15	chi4	DoubleOcc	0.08776990885064949	0.0032729369363936195	0.3688295372786557	22.330591286091348	22.410607747855032
16	0.125	15	chi8	DoubleOcc	0.08776990885064949	0.0007336333462850536	0.7966425798103399	22.237081656752142	22.410607747855032
16	0.125	15	chi16	DoubleOcc	0.08776990885064949	-1.2518611966064186e-5	0.9761322305279158	22.41110783585376	22.410607747855032
16	0.125	15	chi32	DoubleOcc	0.08776990885064949	-6.620435756277132e-6	0.9983502060500806	22.410719398376727	22.410607747855032
16	0.125	15	exact	DoubleOcc	0.08776990885064949	0.0	NaN	22.410607747855032	22.410607747855032
16	0.125	15	UHF	DoubleOcc	0.08776990885064949	-0.012222758089739008	NaN	1.0493973216497665	22.410607747855032
16	0.125	15	UHFsym	DoubleOcc	0.08776990885064949	-0.01222275808973887	NaN	21.381565364725517	22.410607747855032
16	0.125	15	chi2	ZZ onsite	-0.4962019647173565	0.5037980352826437	0.004397889498404903	1.0079715794761197	27.796408329585063
16	0.125	15	chi4	ZZ onsite	-0.4962019647173565	-0.008058403921824275	0.3688295372786557	27.37918563741122	27.796408329585063
16	0.125	15	chi8	ZZ onsite	-0.4962019647173565	0.012920523316124533	0.7966425798103399	27.67177718492975	27.796408329585063
16	0.125	15	chi16	ZZ onsite	-0.4962019647173565	0.0009317460618894491	0.9761322305279158	27.82054873042491	27.796408329585063
16	0.125	15	chi32	ZZ onsite	-0.4962019647173565	7.225140913103001e-5	0.9983502060500806	27.798463078596757	27.796408329585063
16	0.125	15	exact	ZZ onsite	-0.4962019647173565	0.0	NaN	27.796408329585063	27.796408329585063
16	0.125	15	UHF	ZZ onsite	-0.4962019647173565	0.034693692906965945	NaN	25.437443670544653	27.796408329585063
16	0.125	15	UHFsym	ZZ onsite	-0.4962019647173565	0.0346936929069665	NaN	25.437443670544564	27.796408329585063
16	0.125	15	chi2	ZZ up-up r=1	-0.725026814696176	0.2749731853038242	0.004397889498404903	6.35267462186721	109.62426299828351
16	0.125	15	chi4	ZZ up-up r=1	-0.725026814696176	0.10948015796270394	0.3688295372786557	29.734060656694837	109.62426299828351
16	0.125	15	chi8	ZZ up-up r=1	-0.725026814696176	0.019705922476843885	0.7966425798103399	98.40758348530163	109.62426299828351
16	0.125	15	chi16	ZZ up-up r=1	-0.725026814696176	0.002710274008081992	0.9761322305279158	108.96478720936072	109.62426299828351
16	0.125	15	chi32	ZZ up-up r=1	-0.725026814696176	0.00022206456395923446	0.9983502060500806	109.58257410939233	109.62426299828351
16	0.125	15	exact	ZZ up-up r=1	-0.725026814696176	0.0	NaN	109.62426299828351	109.62426299828351
16	0.125	15	UHF	ZZ up-up r=1	-0.725026814696176	0.1719039314667088	NaN	14.693109330942397	109.62426299828351
16	0.125	15	UHFsym	ZZ up-up r=1	-0.725026814696176	-0.29283418391337906	NaN	5.948468675258564	109.62426299828351
16	0.125	15	chi2	SzSz r=1	-0.15279383114065628	0.09720616885934377	0.004397889498404903	2.2556535939265316	66.9204870682187
16	0.125	15	chi4	SzSz r=1	-0.15279383114065628	0.02197640658759628	0.3688295372786557	26.77075894943699	66.9204870682187
16	0.125	15	chi8	SzSz r=1	-0.15279383114065628	0.0037418187466577157	0.7966425798103399	63.658668084052586	66.9204870682187
16	0.125	15	chi16	SzSz r=1	-0.15279383114065628	0.0005448881634496916	0.9761322305279158	66.74512847980148	66.9204870682187
16	0.125	15	chi32	SzSz r=1	-0.15279383114065628	4.658266165685765e-5	0.9983502060500806	66.90957567501033	66.9204870682187
16	0.125	15	exact	SzSz r=1	-0.15279383114065628	0.0	NaN	66.9204870682187	66.9204870682187
16	0.125	15	UHF	SzSz r=1	-0.15279383114065628	0.03322839250371784	NaN	14.808882982079613	66.9204870682187
16	0.125	15	UHFsym	SzSz r=1	-0.15279383114065628	-0.07238658761241086	NaN	4.27552767013649	66.9204870682187
16	0.125	15	chi2	hop up r=1	0.6302158790449005	0.6302158790449005	0.004397889498404903	1.0	69.118914288041
16	0.125	15	chi4	hop up r=1	0.6302158790449005	-0.06714842385328013	0.3688295372786557	38.93447118073932	69.118914288041
16	0.125	15	chi8	hop up r=1	0.6302158790449005	-0.009419537537154077	0.7966425798103399	68.06611511283295	69.118914288041
16	0.125	15	chi16	hop up r=1	0.6302158790449005	-0.0011838919317767038	0.9761322305279158	69.10016333367551	69.118914288041
16	0.125	15	chi32	hop up r=1	0.6302158790449005	-9.40008110135171e-5	0.9983502060500806	69.11863986481556	69.118914288041
16	0.125	15	exact	hop up r=1	0.6302158790449005	0.0	NaN	69.118914288041	69.118914288041
16	0.125	15	UHF	hop up r=1	0.6302158790449005	0.1355579335133451	NaN	16.65966201743378	69.118914288041
16	0.125	15	UHFsym	hop up r=1	0.6302158790449005	0.15954801086886167	NaN	12.888661547081162	69.118914288041
32	0.0	1	chi2	n	1.0000000000249558	2.495514905831442e-11	0.006921655960620817	1.0000000366645945	0.9999999945450688
32	0.0	1	chi4	n	1.0000000000249558	-3.6736813591176087e-10	0.14457364341676135	1.0000000225015444	0.9999999945450688
32	0.0	1	chi8	n	1.0000000000249558	-1.737658905653916e-9	0.8418403364003674	1.00000000947199	0.9999999945450688
32	0.0	1	chi16	n	1.0000000000249558	-4.2982284398362935e-10	0.9811892809767304	1.0000000005779492	0.9999999945450688
32	0.0	1	chi32	n	1.0000000000249558	-2.496014506192523e-10	0.9985421657906371	0.9999999969273841	0.9999999945450688
32	0.0	1	exact	n	1.0000000000249558	0.0	NaN	0.9999999945450688	0.9999999945450688
32	0.0	1	UHF	n	1.0000000000249558	2.495614825903658e-11	NaN	0.014052790966225434	0.9999999945450688
32	0.0	1	UHFsym	n	1.0000000000249558	2.4956259281339044e-11	NaN	1.000000000000001	0.9999999945450688
32	0.0	1	chi2	Sz	-2.0867452071859915e-9	-1.6074298240008047e-8	0.006921655960620817	1.000000006172557	0.9999999990935564
32	0.0	1	chi4	Sz	-2.0867452071859915e-9	-1.0581610102033956e-8	0.14457364341676135	1.00000000397541	0.9999999990935564
32	0.0	1	chi8	Sz	-2.0867452071859915e-9	-5.2983223294833515e-9	0.8418403364003674	1.000000002435785	0.9999999990935564
32	0.0	1	chi16	Sz	-2.0867452071859915e-9	-2.2035149260801745e-9	0.9811892809767304	1.0000000003143275	0.9999999990935564
32	0.0	1	chi32	Sz	-2.0867452071859915e-9	-8.519276256668817e-10	0.9985421657906371	0.9999999996137396	0.9999999990935564
32	0.0	1	exact	Sz	-2.0867452071859915e-9	0.0	NaN	0.9999999990935564	0.9999999990935564
32	0.0	1	UHF	Sz	-2.0867452071859915e-9	0.4377960162941858	NaN	0.02528990385395531	0.9999999990935564
32	0.0	1	UHFsym	Sz	-2.0867452071859915e-9	-2.0867452110891194e-9	NaN	0.9999999999999999	0.9999999990935564
32	0.0	1	chi2	DoubleOcc	0.07103917650270683	0.07103917650270683	0.006921655960620817	5.966188753649131	39.75990968903435
32	0.0	1	chi4	DoubleOcc	0.07103917650270683	-0.00028629034546942544	0.14457364341676135	39.705277721149415	39.75990968903435
32	0.0	1	chi8	DoubleOcc	0.07103917650270683	-9.770149529961247e-5	0.8418403364003674	39.74211651944973	39.75990968903435
32	0.0	1	chi16	DoubleOcc	0.07103917650270683	-1.6562344622217395e-5	0.9811892809767304	39.756955717773884	39.75990968903435
32	0.0	1	chi32	DoubleOcc	0.07103917650270683	-2.716823319731665e-6	0.9985421657906371	39.75942693228767	39.75990968903435
32	0.0	1	exact	DoubleOcc	0.07103917650270683	0.0	NaN	39.75990968903435	39.75990968903435
32	0.0	1	UHF	DoubleOcc	0.07103917650270683	0.012704530212903492	NaN	1.1137662155062162	39.75990968903435
32	0.0	1	UHFsym	DoubleOcc	0.07103917650270683	0.012704530212903298	NaN	35.044374649646436	39.75990968903435
32	0.0	1	chi2	ZZ onsite	-0.7158432940390848	0.2841567059609159	0.006921655960620817	6.386893822062334	86.12428874225276
32	0.0	1	chi4	ZZ onsite	-0.7158432940390848	-0.001145160647141652	0.14457364341676135	85.875873014367	86.12428874225276
32	0.0	1	chi8	ZZ onsite	-0.7158432940390848	-0.0003908025058806386	0.8418403364003674	86.04347871566155	86.12428874225276
32	0.0	1	chi16	ZZ onsite	-0.7158432940390848	-6.624851884384775e-5	0.9811892809767304	86.11088067730402	86.12428874225276
32	0.0	1	chi32	ZZ onsite	-0.7158432940390848	-1.08667940769136e-5	0.9985421657906371	86.12209756139231	86.12428874225276
32	0.0	1	exact	ZZ onsite	-0.7158432940390848	0.0	NaN	86.12428874225276	86.12428874225276
32	0.0	1	UHF	ZZ onsite	-0.7158432940390848	0.05081812080170123	NaN	66.16469234957295	86.12428874225276
32	0.0	1	UHFsym	ZZ onsite	-0.7158432940390848	0.05081812080170045	NaN	66.16469234957353	86.12428874225276
32	0.0	1	chi2	ZZ up-up r=1	-0.8236645841501689	0.1763354158498318	0.006921655960620817	18.872061740011706	172.52565927991662
32	0.0	1	chi4	ZZ up-up r=1	-0.8236645841501689	0.1005174732948777	0.14457364341676135	46.60072834315672	172.52565927991662
32	0.0	1	chi8	ZZ up-up r=1	-0.8236645841501689	0.009645766902902642	0.8418403364003674	166.48213672786179	172.52565927991662
32	0.0	1	chi16	ZZ up-up r=1	-0.8236645841501689	0.0009229156843083564	0.9811892809767304	172.28013415391257	172.52565927991662
32	0.0	1	chi32	ZZ up-up r=1	-0.8236645841501689	8.832400162217535e-5	0.9985421657906371	172.50536678304823	172.52565927991662
32	0.0	1	exact	ZZ up-up r=1	-0.8236645841501689	0.0	NaN	172.52565927991662	172.52565927991662
32	0.0	1	UHF	ZZ up-up r=1	-0.8236645841501689	0.06219957497506445	NaN	83.51770494493809	172.52565927991662
32	0.0	1	UHFsym	ZZ up-up r=1	-0.8236645841501689	-0.38288173774564116	NaN	4.5646338942291305	172.52565927991662
32	0.0	1	chi2	SzSz r=1	-0.17460270162350297	0.0753972983764972	0.006921655960620817	4.889028038848386	80.44622563537744
32	0.0	1	chi4	SzSz r=1	-0.17460270162350297	0.030257322231120737	0.14457364341676135	23.52679269009098	80.44622563537744
32	0.0	1	chi8	SzSz r=1	-0.17460270162350297	0.0020845570686209014	0.8418403364003674	79.68315813224318	80.44622563537744
32	0.0	1	chi16	SzSz r=1	-0.17460270162350297	0.00019898395705772454	0.9811892809767304	80.45078632324294	80.44622563537744
32	0.0	1	chi32	SzSz r=1	-0.17460270162350297	1.953331730400465e-5	0.9985421657906371	80.44749266731075	80.44622563537744
32	0.0	1	exact	SzSz r=1	-0.17460270162350297	0.0	NaN	80.44622563537744	80.44622563537744
32	0.0	1	UHF	SzSz r=1	-0.17460270162350297	0.019572878542874456	NaN	40.846268628134396	80.44622563537744
32	0.0	1	UHFsym	SzSz r=1	-0.17460270162350297	-0.09169744963730166	NaN	3.5469245430940606	80.44622563537744
32	0.0	1	chi2	hop up r=1	0.6352368042646861	0.6352368042646861	0.006921655960620817	1.0	64.18661383256308
32	0.0	1	chi4	hop up r=1	0.6352368042646861	-0.04855817787013583	0.14457364341676135	45.87109244039175	64.18661383256308
32	0.0	1	chi8	hop up r=1	0.6352368042646861	-0.004522630126741034	0.8418403364003674	63.815019506378604	64.18661383256308
32	0.0	1	chi16	hop up r=1	0.6352368042646861	-0.0005096894838848565	0.9811892809767304	64.16517557229444	64.18661383256308
32	0.0	1	chi32	hop up r=1	0.6352368042646861	-4.2059094724766766e-5	0.9985421657906371	64.18504303732482	64.18661383256308
32	0.0	1	exact	hop up r=1	0.6352368042646861	0.0	NaN	64.18661383256308	64.18661383256308
32	0.0	1	UHF	hop up r=1	0.6352368042646861	0.16798561173603604	NaN	12.002756532195448	64.18661383256308
32	0.0	1	UHFsym	hop up r=1	0.6352368042646861	0.1679856117360366	NaN	12.002756532195377	64.18661383256308
32	0.0	2	chi2	n	1.0000000000025384	2.537747789688183e-12	0.006921655960620817	0.9999999840367743	1.0000000011838748
32	0.0	2	chi4	n	1.0000000000025384	-7.538509816384931e-10	0.14457364341676135	0.9999999906058663	1.0000000011838748
32	0.0	2	chi8	n	1.0000000000025384	1.2244595337662645e-9	0.8418403364003674	0.9999999982417939	1.0000000011838748
32	0.0	2	chi16	n	1.0000000000025384	3.034852369410146e-10	0.9811892809767304	0.9999999997181442	1.0000000011838748
32	0.0	2	chi32	n	1.0000000000025384	2.5011492876814145e-10	0.9985421657906371	1.0000000006797263	1.0000000011838748
32	0.0	2	exact	n	1.0000000000025384	0.0	NaN	1.0000000011838748	1.0000000011838748
32	0.0	2	UHF	n	1.0000000000025384	2.538191878898033e-12	NaN	0.019480941275436692	1.0000000011838748
32	0.0	2	UHFsym	n	1.0000000000025384	2.537969834293108e-12	NaN	1.000000000000001	1.0000000011838748
32	0.0	2	chi2	Sz	1.0384006501884535e-9	1.502595361330128e-8	0.006921655960620817	1.0000000157332118	0.9999999988327457
32	0.0	2	chi4	Sz	1.0384006501884535e-9	8.958908559453249e-9	0.14457364341676135	1.0000000091304704	0.9999999988327457
32	0.0	2	chi8	Sz	1.0384006501884535e-9	3.081398435023086e-9	0.8418403364003674	1.0000000019402029	0.9999999988327457
32	0.0	2	chi16	Sz	1.0384006501884535e-9	1.4091084236944607e-9	0.9811892809767304	1.0000000003288585	0.9999999988327457
32	0.0	2	chi32	Sz	1.0384006501884535e-9	5.445884784793797e-10	0.9985421657906371	0.9999999993720693	0.9999999988327457
32	0.0	2	exact	Sz	1.0384006501884535e-9	0.0	NaN	0.9999999988327457	0.9999999988327457
32	0.0	2	UHF	Sz	1.0384006501884535e-9	-0.3811937822413693	NaN	0.0275033107302382	0.9999999988327457
32	0.0	2	UHFsym	Sz	1.0384006501884535e-9	1.03840063847907e-9	NaN	0.9999999999999999	0.9999999988327457
32	0.0	2	chi2	DoubleOcc	0.09928952943200883	0.09928952943200883	0.006921655960620817	2.280802648560666	31.878990357429544
32	0.0	2	chi4	DoubleOcc	0.09928952943200883	0.009009576763061411	0.14457364341676135	29.362717514163094	31.878990357429544
32	0.0	2	chi8	DoubleOcc	0.09928952943200883	0.0005707856507699005	0.8418403364003674	31.912072080943066	31.878990357429544
32	0.0	2	chi16	DoubleOcc	0.09928952943200883	3.3857217525745664e-5	0.9811892809767304	31.881728785472095	31.878990357429544
32	0.0	2	chi32	DoubleOcc	0.09928952943200883	2.548635211874206e-6	0.9985421657906371	31.87919988715721	31.878990357429544
32	0.0	2	exact	DoubleOcc	0.09928952943200883	0.0	NaN	31.878990357429544	31.878990357429544
32	0.0	2	UHF	DoubleOcc	0.09928952943200883	-0.0054017701568470355	NaN	1.228533773853605	31.878990357429544
32	0.0	2	UHFsym	DoubleOcc	0.09928952943200883	-0.005401770156847119	NaN	30.27104662287539	31.878990357429544
32	0.0	2	chi2	ZZ onsite	-0.6028418822770419	0.3971581177229587	0.006921655960620817	2.20243800961386	57.13127772182016
32	0.0	2	chi4	ZZ onsite	-0.6028418822770419	0.03603830855994761	0.14457364341676135	46.295084815777955	57.13127772182016
32	0.0	2	chi8	ZZ onsite	-0.6028418822770419	0.0022831401541598684	0.8418403364003674	56.97098942862484	57.13127772182016
32	0.0	2	chi16	ZZ onsite	-0.6028418822770419	0.00013542826313150957	0.9811892809767304	57.12433479952836	57.13127772182016
32	0.0	2	chi32	ZZ onsite	-0.6028418822770419	1.0194040616862132e-5	0.9985421657906371	57.13076642219521	57.13127772182016
32	0.0	2	exact	ZZ onsite	-0.6028418822770419	0.0	NaN	57.13127772182016	57.13127772182016
32	0.0	2	UHF	ZZ onsite	-0.6028418822770419	-0.02160708063246497	NaN	54.21182563301617	57.13127772182016
32	0.0	2	UHFsym	ZZ onsite	-0.6028418822770419	-0.02160708063246508	NaN	54.211825633016154	57.13127772182016
32	0.0	2	chi2	ZZ up-up r=1	-0.32770579074152784	-0.0540140113651425	0.006921655960620817	10.361538491709945	13.089236264930559
32	0.0	2	chi4	ZZ up-up r=1	-0.32770579074152784	-0.28979681946405095	0.14457364341676135	1.2579014987217336	13.089236264930559
32	0.0	2	chi8	ZZ up-up r=1	-0.32770579074152784	-0.007768597880102035	0.8418403364003674	13.143973402994868	13.089236264930559
32	0.0	2	chi16	ZZ up-up r=1	-0.32770579074152784	-0.00022793520560210334	0.9811892809767304	13.093468750790947	13.089236264930559
32	0.0	2	chi32	ZZ up-up r=1	-0.32770579074152784	-4.7093870221337486e-5	0.9985421657906371	13.090123560021722	13.089236264930559
32	0.0	2	exact	ZZ up-up r=1	-0.32770579074152784	0.0	NaN	13.089236264930559	13.089236264930559
32	0.0	2	UHF	ZZ up-up r=1	-0.32770579074152784	0.44926078601526676	NaN	0.5181803470064159	13.089236264930559
32	0.0	2	UHFsym	ZZ up-up r=1	-0.32770579074152784	0.05728964346137794	NaN	8.924166940156198	13.089236264930559
32	0.0	2	chi2	SzSz r=1	-0.06646314172120063	0.0019598031228957036	0.006921655960620817	7.9546630803466805	8.817647260962222
32	0.0	2	chi4	SzSz r=1	-0.06646314172120063	-0.06646314172120059	0.14457364341676135	1.0205258012917666	8.817647260962222
32	0.0	2	chi8	SzSz r=1	-0.06646314172120063	-0.0009440150426831551	0.8418403364003674	8.804524414320511	8.817647260962222
32	0.0	2	chi16	SzSz r=1	-0.06646314172120063	-5.6801342082718476e-5	0.9811892809767304	8.816687153668319	8.817647260962222
32	0.0	2	chi32	SzSz r=1	-0.06646314172120063	-1.0098921293430485e-5	0.9985421657906371	8.817518424656434	8.817647260962222
32	0.0	2	exact	SzSz r=1	-0.06646314172120063	0.0	NaN	8.817647260962222	8.817647260962222
32	0.0	2	UHF	SzSz r=1	-0.06646314172120063	0.10414329918979953	NaN	0.4572325494904867	8.817647260962222
32	0.0	2	UHFsym	SzSz r=1	-0.06646314172120063	0.0061505135513274245	NaN	7.910293061432871	8.817647260962222
32	0.0	2	chi2	hop up r=1	0.37822321560786293	0.37822321560786293	0.006921655960620817	1.0	17.96444464397411
32	0.0	2	chi4	hop up r=1	0.37822321560786293	0.12896780025713284	0.14457364341676135	6.048275976696005	17.96444464397411
32	0.0	2	chi8	hop up r=1	0.37822321560786293	0.004423519667447695	0.8418403364003674	17.924946051766394	17.96444464397411
32	0.0	2	chi16	hop up r=1	0.37822321560786293	0.0001156086850122584	0.9811892809767304	17.964471703559358	17.96444464397411
32	0.0	2	chi32	hop up r=1	0.37822321560786293	3.2648705702686964e-5	0.9985421657906371	17.964458059441583	17.96444464397411
32	0.0	2	exact	hop up r=1	0.37822321560786293	0.0	NaN	17.96444464397411	17.96444464397411
32	0.0	2	UHF	hop up r=1	0.37822321560786293	-0.056611955722133234	NaN	13.000686724850047	17.96444464397411
32	0.0	2	UHFsym	hop up r=1	0.37822321560786293	-0.05661195572213307	NaN	13.000686724850063	17.96444464397411
32	0.0	3	chi2	n	0.9999999999847895	-1.5211387704994195e-11	0.006921655960620817	0.9999999937423242	1.0000000007132777
32	0.0	3	chi4	n	0.9999999999847895	3.4895597522677235e-10	0.14457364341676135	0.9999999985000146	1.0000000007132777
32	0.0	3	chi8	n	0.9999999999847895	-3.0236702031061213e-11	0.8418403364003674	0.9999999997385596	1.0000000007132777
32	0.0	3	chi16	n	0.9999999999847895	3.532896197810942e-11	0.9811892809767304	1.0000000003676424	1.0000000007132777
32	0.0	3	chi32	n	0.9999999999847895	-1.2112066904990115e-10	0.9985421657906371	1.0000000003067036	1.0000000007132777
32	0.0	3	exact	n	0.9999999999847895	0.0	NaN	1.0000000007132777	1.0000000007132777
32	0.0	3	UHF	n	0.9999999999847895	-1.5210166459667107e-11	NaN	0.018271657258232828	1.0000000007132777
32	0.0	3	UHFsym	n	0.9999999999847895	-1.5210166459667107e-11	NaN	1.0000000000000004	1.0000000007132777
32	0.0	3	chi2	Sz	-2.3078444016944033e-9	-2.3268903596065668e-8	0.006921655960620817	1.000000057563587	0.9999999936696395
32	0.0	3	chi4	Sz	-2.3078444016944033e-9	-9.282650856312635e-9	0.14457364341676135	1.000000019333663	0.9999999936696395
32	0.0	3	chi8	Sz	-2.3078444016944033e-9	-3.103130953585609e-9	0.8418403364003674	1.0000000021766335	0.9999999936696395
32	0.0	3	chi16	Sz	-2.3078444016944033e-9	-1.3470050630459696e-9	0.9811892809767304	0.9999999973862099	0.9999999936696395
32	0.0	3	chi32	Sz	-2.3078444016944033e-9	-7.132626711481294e-10	0.9985421657906371	0.9999999955687764	0.9999999936696395
32	0.0	3	exact	Sz	-2.3078444016944033e-9	0.0	NaN	0.9999999936696395	0.9999999936696395
32	0.0	3	UHF	Sz	-2.3078444016944033e-9	0.3855551774442216	NaN	0.027273561519419294	0.9999999936696395
32	0.0	3	UHFsym	Sz	-2.3078444016944033e-9	-2.307844419475319e-9	NaN	1.0000000000000002	0.9999999936696395
32	0.0	3	chi2	DoubleOcc	0.0971222771592172	0.0971222771592172	0.006921655960620817	2.393392076119586	28.008655184128532
32	0.0	3	chi4	DoubleOcc	0.0971222771592172	0.013244677858776532	0.14457364341676135	23.64069902116579	28.008655184128532
32	0.0	3	chi8	DoubleOcc	0.0971222771592172	-0.0007002766845487229	0.8418403364003674	27.968481629694296	28.008655184128532
32	0.0	3	chi16	DoubleOcc	0.0971222771592172	9.248387596252905e-5	0.9811892809767304	28.01161240304052	28.008655184128532
32	0.0	3	chi32	DoubleOcc	0.0971222771592172	1.6448110299605023e-6	0.9985421657906371	28.008712571220137	28.008655184128532
32	0.0	3	exact	DoubleOcc	0.0971222771592172	0.0	NaN	28.008655184128532	28.008655184128532
32	0.0	3	UHF	DoubleOcc	0.0971222771592172	-0.004224926207134716	NaN	1.186826429819829	28.008655184128532
32	0.0	3	UHFsym	DoubleOcc	0.0971222771592172	-0.004224926207134605	NaN	27.30545043046384	28.008655184128532
32	0.0	3	chi2	ZZ onsite	-0.6115108913327105	0.38848910866729036	0.006921655960620817	2.4185561897523886	46.998027490488205
32	0.0	3	chi4	ZZ onsite	-0.6115108913327105	0.05297871073719407	0.14457364341676135	35.250805764133936	46.998027490488205
32	0.0	3	chi8	ZZ onsite	-0.6115108913327105	-0.002801106677722487	0.8418403364003674	46.92545755874034	46.998027490488205
32	0.0	3	chi16	ZZ onsite	-0.6115108913327105	0.000369935433191082	0.9811892809767304	47.000863720874165	46.998027490488205
32	0.0	3	chi32	ZZ onsite	-0.6115108913327105	6.579486359958864e-6	0.9985421657906371	46.998091713844566	46.998027490488205
32	0.0	3	exact	ZZ onsite	-0.6115108913327105	0.0	NaN	46.998027490488205	46.998027490488205
32	0.0	3	UHF	ZZ onsite	-0.6115108913327105	-0.016899704798118753	NaN	45.25319614108681	46.998027490488205
32	0.0	3	UHFsym	ZZ onsite	-0.6115108913327105	-0.01689970479811831	NaN	45.25319614108691	46.998027490488205
32	0.0	3	chi2	ZZ up-up r=1	-0.6724112048520569	0.32758879514794403	0.006921655960620817	3.993592334435054	81.92491437980452
32	0.0	3	chi4	ZZ up-up r=1	-0.6724112048520569	0.1504201615167815	0.14457364341676135	15.859836699242349	81.92491437980452
32	0.0	3	chi8	ZZ up-up r=1	-0.6724112048520569	-0.00372897882581269	0.8418403364003674	81.91221724714846	81.92491437980452
32	0.0	3	chi16	ZZ up-up r=1	-0.6724112048520569	-0.00346410032695299	0.9811892809767304	81.92664215771644	81.92491437980452
32	0.0	3	chi32	ZZ up-up r=1	-0.6724112048520569	0.00014374948653028685	0.9985421657906371	81.91719892531921	81.92491437980452
32	0.0	3	exact	ZZ up-up r=1	-0.6724112048520569	0.0	NaN	81.92491437980452	81.92491437980452
32	0.0	3	UHF	ZZ up-up r=1	-0.6724112048520569	0.11348052170267298	NaN	24.17814490137012	81.92491437980452
32	0.0	3	UHFsym	ZZ up-up r=1	-0.6724112048520569	-0.2818214134732179	NaN	5.4210340852430985	81.92491437980452
32	0.0	3	chi2	SzSz r=1	-0.14130099811227856	0.10869900188772166	0.006921655960620817	1.672078995101971	51.09399241882273
32	0.0	3	chi4	SzSz r=1	-0.14130099811227856	0.03905166606042021	0.14457364341676135	10.73618031541437	51.09399241882273
32	0.0	3	chi8	SzSz r=1	-0.14130099811227856	-0.0009889183973971205	0.8418403364003674	50.952075142513905	51.09399241882273
32	0.0	3	chi16	SzSz r=1	-0.14130099811227856	-0.0006180321684252366	0.9811892809767304	50.94117189999636	51.09399241882273
32	0.0	3	chi32	SzSz r=1	-0.14130099811227856	2.860208707511358e-5	0.9985421657906371	51.09792582187593	51.09399241882273
32	0.0	3	exact	SzSz r=1	-0.14130099811227856	0.0	NaN	51.09399241882273	51.09399241882273
32	0.0	3	UHF	SzSz r=1	-0.14130099811227856	0.03104553391360096	NaN	15.365367908826313	51.09399241882273
32	0.0	3	UHFsym	SzSz r=1	-0.14130099811227856	-0.06777994988037173	NaN	4.100797519634885	51.09399241882273
32	0.0	3	chi2	hop up r=1	0.5728713156631078	0.5728713156631078	0.006921655960620817	1.0	46.85228532243222
32	0.0	3	chi4	hop up r=1	0.5728713156631078	-0.07410837656822888	0.14457364341676135	24.596344199184866	46.85228532243222
32	0.0	3	chi8	hop up r=1	0.5728713156631078	0.003100149392603946	0.8418403364003674	47.02738975068453	46.85228532243222
32	0.0	3	chi16	hop up r=1	0.5728713156631078	0.0009278078947522195	0.9811892809767304	46.91805182225334	46.85228532243222
32	0.0	3	chi32	hop up r=1	0.5728713156631078	-7.133390928715233e-5	0.9985421657906371	46.846760516571095	46.85228532243222
32	0.0	3	exact	hop up r=1	0.5728713156631078	0.0	NaN	46.85228532243222	46.85228532243222
32	0.0	3	UHF	hop up r=1	0.5728713156631078	0.13354091960289433	NaN	14.098066198614216	46.85228532243222
32	0.0	3	UHFsym	hop up r=1	0.5728713156631078	0.13354091960289471	NaN	14.098066198614157	46.85228532243222
32	0.0	4	chi2	n	0.9999999999937093	-6.290745702131062e-12	0.006921655960620817	1.0000000225803394	0.9999999986390603
32	0.0	4	chi4	n	0.9999999999937093	7.782570143888279e-10	0.14457364341676135	1.000000008272929	0.9999999986390603
32	0.0	4	chi8	n	0.9999999999937093	1.08170516988082e-9	0.8418403364003674	1.0000000023539632	0.9999999986390603
32	0.0	4	chi16	n	0.9999999999937093	1.7605050750546525e-10	0.9811892809767304	1.0000000001813887	0.9999999986390603
32	0.0	4	chi32	n	0.9999999999937093	2.3045187980130777e-10	0.9985421657906371	0.9999999993537864	0.9999999986390603
32	0.0	4	exact	n	0.9999999999937093	0.0	NaN	0.9999999986390603	0.9999999986390603
32	0.0	4	UHF	n	0.9999999999937093	-6.289857523711362e-12	NaN	0.01850967424480369	0.9999999986390603
32	0.0	4	UHFsym	n	0.9999999999937093	-6.289857523711362e-12	NaN	0.9999999999999996	0.9999999986390603
32	0.0	4	chi2	Sz	1.2628270130987662e-9	2.2223886234767898e-8	0.006921655960620817	0.9999999756247593	1.0000000014582477
32	0.0	4	chi4	Sz	1.2628270130987662e-9	9.00579110243993e-9	0.14457364341676135	0.9999999897156359	1.0000000014582477
32	0.0	4	chi8	Sz	1.2628270130987662e-9	3.5358034729260357e-9	0.8418403364003674	0.999999995581401	1.0000000014582477
32	0.0	4	chi16	Sz	1.2628270130987662e-9	1.4459276102829488e-9	0.9811892809767304	0.9999999994895286	1.0000000014582477
32	0.0	4	chi32	Sz	1.2628270130987662e-9	6.820711495603149e-10	0.9985421657906371	1.0000000002890264	1.0000000014582477
32	0.0	4	exact	Sz	1.2628270130987662e-9	0.0	NaN	1.0000000014582477	1.0000000014582477
32	0.0	4	UHF	Sz	1.2628270130987662e-9	-0.3844329935380484	NaN	0.028767014511880573	1.0000000014582477
32	0.0	4	UHFsym	Sz	1.2628270130987662e-9	1.2628270165682132e-9	NaN	0.9999999999999987	1.0000000014582477
32	0.0	4	chi2	DoubleOcc	0.10080893393612533	0.10080893393612533	0.006921655960620817	2.046142732363684	27.28135473266235
32	0.0	4	chi4	DoubleOcc	0.10080893393612533	0.03055966545244959	0.14457364341676135	12.540687495310396	27.28135473266235
32	0.0	4	chi8	DoubleOcc	0.10080893393612533	-0.0003827946472996224	0.8418403364003674	27.2972173153319	27.28135473266235
32	0.0	4	chi16	DoubleOcc	0.10080893393612533	0.00016863096273575517	0.9811892809767304	27.271345664176128	27.28135473266235
32	0.0	4	chi32	DoubleOcc	0.10080893393612533	-1.794215138628541e-6	0.9985421657906371	27.281451319914993	27.28135473266235
32	0.0	4	exact	DoubleOcc	0.10080893393612533	0.0	NaN	27.28135473266235	27.28135473266235
32	0.0	4	UHF	DoubleOcc	0.10080893393612533	-0.0014023385723044013	NaN	1.1214429403092807	27.28135473266235
32	0.0	4	UHFsym	DoubleOcc	0.10080893393612533	-0.00140233857230454	NaN	27.292864523181247	27.28135473266235
32	0.0	4	chi2	ZZ onsite	-0.5967642642429175	0.4032357357570825	0.006921655960620817	2.0716310315999826	48.33333389384646
32	0.0	4	chi4	ZZ onsite	-0.5967642642429175	0.122238660253284	0.14457364341676135	15.378622664810907	48.33333389384646
32	0.0	4	chi8	ZZ onsite	-0.5967642642429175	-0.0015311807526102728	0.8418403364003674	48.39699330497126	48.33333389384646
32	0.0	4	chi16	ZZ onsite	-0.5967642642429175	0.0006745234988407844	0.9811892809767304	48.29567053622331	48.33333389384646
32	0.0	4	chi32	ZZ onsite	-0.5967642642429175	-7.177321460161146e-6	0.9985421657906371	48.33370311557654	48.33333389384646
32	0.0	4	exact	ZZ onsite	-0.5967642642429175	0.0	NaN	48.33333389384646	48.33333389384646
32	0.0	4	UHF	ZZ onsite	-0.5967642642429175	-0.005609354276638001	NaN	48.417454715732624	48.33333389384646
32	0.0	4	UHFsym	ZZ onsite	-0.5967642642429175	-0.005609354276638556	NaN	48.41745471573261	48.33333389384646
32	0.0	4	chi2	ZZ up-up r=1	-0.3819862078610525	-0.06482456833912514	0.006921655960620817	13.209531397138512	17.458589678194674
32	0.0	4	chi4	ZZ up-up r=1	-0.3819862078610525	-0.3271535640871635	0.14457364341676135	1.3492286515034853	17.458589678194674
32	0.0	4	chi8	ZZ up-up r=1	-0.3819862078610525	-0.007006885786190242	0.8418403364003674	17.705209968591724	17.458589678194674
32	0.0	4	chi16	ZZ up-up r=1	-0.3819862078610525	-0.0016144640929368625	0.9811892809767304	17.53321018497576	17.458589678194674
32	0.0	4	chi32	ZZ up-up r=1	-0.3819862078610525	-0.00013325666061136943	0.9985421657906371	17.46513927134972	17.458589678194674
32	0.0	4	exact	ZZ up-up r=1	-0.3819862078610525	0.0	NaN	17.458589678194674	17.458589678194674
32	0.0	4	UHF	ZZ up-up r=1	-0.3819862078610525	0.4018453561506384	NaN	0.8102128688107705	17.458589678194674
32	0.0	4	UHFsym	ZZ up-up r=1	-0.3819862078610525	0.007610162777283491	NaN	16.97480719338125	17.458589678194674
32	0.0	4	chi2	SzSz r=1	-0.07813339925887229	0.0011570106216095416	0.006921655960620817	10.382189219621834	11.512617367411284
32	0.0	4	chi4	SzSz r=1	-0.07813339925887229	-0.06442523831540005	0.14457364341676135	1.409349710913424	11.512617367411284
32	0.0	4	chi8	SzSz r=1	-0.07813339925887229	-0.001332252601558101	0.8418403364003674	11.47587600658975	11.512617367411284
32	0.0	4	chi16	SzSz r=1	-0.07813339925887229	-0.0003916508987397843	0.9811892809767304	11.50719635181272	11.512617367411284
32	0.0	4	chi32	SzSz r=1	-0.07813339925887229	-3.8414107837767e-5	0.9985421657906371	11.512095646078937	11.512617367411284
32	0.0	4	exact	SzSz r=1	-0.07813339925887229	0.0	NaN	11.512617367411284	11.512617367411284
32	0.0	4	UHF	SzSz r=1	-0.07813339925887229	0.09375562277395573	NaN	0.715052419428617	11.512617367411284
32	0.0	4	UHFsym	SzSz r=1	-0.07813339925887229	-0.004803175569384338	NaN	10.553363162149408	11.512617367411284
32	0.0	4	chi2	hop up r=1	0.41314892873143827	0.41314892873143827	0.006921655960620817	1.0	17.076415097927224
32	0.0	4	chi4	hop up r=1	0.41314892873143827	0.41314892873143827	0.14457364341676135	1.0	17.076415097927224
32	0.0	4	chi8	hop up r=1	0.41314892873143827	0.00594441782298033	0.8418403364003674	17.136548097182242	17.076415097927224
32	0.0	4	chi16	hop up r=1	0.41314892873143827	0.000737801142752792	0.9811892809767304	17.09022714286368	17.076415097927224
32	0.0	4	chi32	hop up r=1	0.41314892873143827	9.495405081633157e-5	0.9985421657906371	17.078292577605726	17.076415097927224
32	0.0	4	exact	hop up r=1	0.41314892873143827	0.0	NaN	17.076415097927224	17.076415097927224
32	0.0	4	UHF	hop up r=1	0.41314892873143827	-0.025657351716742327	NaN	15.61198224347741	17.076415097927224
32	0.0	4	UHFsym	hop up r=1	0.41314892873143827	-0.02565735171674316	NaN	15.61198224347734	17.076415097927224
32	0.0	5	chi2	n	0.9999999999724923	-2.750744076962519e-11	0.006921655960620817	1.0000000024817346	0.9999999995972874
32	0.0	5	chi4	n	0.9999999999724923	-1.1426426471672357e-10	0.14457364341676135	0.999999999623347	0.9999999995972874
32	0.0	5	chi8	n	0.9999999999724923	-5.817949455533267e-10	0.8418403364003674	0.9999999989845196	0.9999999995972874
32	0.0	5	chi16	n	0.9999999999724923	-9.742240347776487e-11	0.9811892809767304	0.9999999994701463	0.9999999995972874
32	0.0	5	chi32	n	0.9999999999724923	-1.0820333518068992e-10	0.9985421657906371	0.9999999995705908	0.9999999995972874
32	0.0	5	exact	n	0.9999999999724923	0.0	NaN	0.9999999995972874	0.9999999995972874
32	0.0	5	UHF	n	0.9999999999724923	-2.7512547795538467e-11	NaN	0.01931319770171847	0.9999999995972874
32	0.0	5	UHFsym	n	0.9999999999724923	-2.7512547795538467e-11	NaN	0.9999999999999967	0.9999999995972874
32	0.0	5	chi2	Sz	-2.3819084621345965e-9	-1.6054563692399873e-8	0.006921655960620817	0.9999999958443148	1.0000000007183547
32	0.0	5	chi4	Sz	-2.3819084621345965e-9	-8.218671854187676e-10	0.14457364341676135	1.000000000491809	1.0000000007183547
32	0.0	5	chi8	Sz	-2.3819084621345965e-9	-7.780801697387929e-11	0.8418403364003674	1.0000000008130892	1.0000000007183547
32	0.0	5	chi16	Sz	-2.3819084621345965e-9	1.2212653111021154e-10	0.9811892809767304	1.0000000007752972	1.0000000007183547
32	0.0	5	chi32	Sz	-2.3819084621345965e-9	-4.952363172328056e-10	0.9985421657906371	1.000000000589851	1.0000000007183547
32	0.0	5	exact	Sz	-2.3819084621345965e-9	0.0	NaN	1.0000000007183547	1.0000000007183547
32	0.0	5	UHF	Sz	-2.3819084621345965e-9	0.3845147376686908	NaN	0.030237945499172445	1.0000000007183547
32	0.0	5	UHFsym	Sz	-2.3819084621345965e-9	-2.381908467338767e-9	NaN	1.000000000000001	1.0000000007183547
32	0.0	5	chi2	DoubleOcc	0.09928176441518102	0.09928176441518102	0.006921655960620817	2.2877800144573555	31.945653958442026
32	0.0	5	chi4	DoubleOcc	0.09928176441518102	0.03721972922614561	0.14457364341676135	11.589862906277466	31.945653958442026
32	0.0	5	chi8	DoubleOcc	0.09928176441518102	-0.00039017291120890807	0.8418403364003674	31.904035099397383	31.945653958442026
32	0.0	5	chi16	DoubleOcc	0.09928176441518102	0.00022950112115138754	0.9811892809767304	31.964072752313925	31.945653958442026
32	0.0	5	chi32	DoubleOcc	0.09928176441518102	2.5353717650333785e-7	0.9985421657906371	31.945676799007366	31.945653958442026
32	0.0	5	exact	DoubleOcc	0.09928176441518102	0.0	NaN	31.945653958442026	31.945653958442026
32	0.0	5	UHF	DoubleOcc	0.09928176441518102	-0.002866650268641441	NaN	1.2751883085228817	31.945653958442026
32	0.0	5	UHFsym	DoubleOcc	0.09928176441518102	-0.002866650268641441	NaN	31.346230038494685	31.945653958442026
32	0.0	5	chi2	ZZ onsite	-0.6028729422842608	0.397127057715739	0.006921655960620817	2.299371748751122	55.11284530906997
32	0.0	5	chi4	ZZ onsite	-0.6028729422842608	0.14887891713311163	0.14457364341676135	13.261820135916194	55.11284530906997
32	0.0	5	chi8	ZZ onsite	-0.6028729422842608	-0.0015606904812472955	0.8418403364003674	55.02632987475612	55.11284530906997
32	0.0	5	chi16	ZZ onsite	-0.6028729422842608	0.0009180046794492469	0.9811892809767304	55.14532374049618	55.11284530906997
32	0.0	5	chi32	ZZ onsite	-0.6028729422842608	1.0143651115734897e-6	0.9985421657906371	55.112888741887645	55.11284530906997
32	0.0	5	exact	ZZ onsite	-0.6028729422842608	0.0	NaN	55.11284530906997	55.11284530906997
32	0.0	5	UHF	ZZ onsite	-0.6028729422842608	-0.01146660101954089	NaN	53.59521647111276	55.11284530906997
32	0.0	5	UHFsym	ZZ onsite	-0.6028729422842608	-0.01146660101954089	NaN	53.59521647111276	55.11284530906997
32	0.0	5	chi2	ZZ up-up r=1	-0.6337633299515094	0.36623667004849036	0.006921655960620817	2.668414493256598	50.80069945290459
32	0.0	5	chi4	ZZ up-up r=1	-0.6337633299515094	0.14911724186057096	0.14457364341676135	12.07932772967057	50.80069945290459
32	0.0	5	chi8	ZZ up-up r=1	-0.6337633299515094	-0.006193623584654029	0.8418403364003674	51.32314839192707	50.80069945290459
32	0.0	5	chi16	ZZ up-up r=1	-0.6337633299515094	-0.002283584590465848	0.9811892809767304	51.05057164183775	50.80069945290459
32	0.0	5	chi32	ZZ up-up r=1	-0.6337633299515094	0.00012630023284743164	0.9985421657906371	50.7849755180858	50.80069945290459
32	0.0	5	exact	ZZ up-up r=1	-0.6337633299515094	0.0	NaN	50.80069945290459	50.80069945290459
32	0.0	5	UHF	ZZ up-up r=1	-0.6337633299515094	0.15023322880999934	NaN	11.9502590688336	50.80069945290459
32	0.0	5	UHFsym	ZZ up-up r=1	-0.6337633299515094	-0.24405159796403608	NaN	6.3347020410845145	50.80069945290459
32	0.0	5	chi2	SzSz r=1	-0.13286804728606968	0.11713195271393026	0.006921655960620817	1.298048584278631	45.06272070204961
32	0.0	5	chi4	SzSz r=1	-0.13286804728606968	0.031821078094122074	0.14457364341676135	12.564643653043587	45.06272070204961
32	0.0	5	chi8	SzSz r=1	-0.13286804728606968	-0.0017570005101651687	0.8418403364003674	44.70819938491974	45.06272070204961
32	0.0	5	chi16	SzSz r=1	-0.13286804728606968	5.9472121071241224e-5	0.9811892809767304	45.101315998352185	45.06272070204961
32	0.0	5	chi32	SzSz r=1	-0.13286804728606968	2.1099221607978613e-5	0.9985421657906371	45.06212955826872	45.06272070204961
32	0.0	5	exact	SzSz r=1	-0.13286804728606968	0.0	NaN	45.06272070204961	45.06272070204961
32	0.0	5	UHF	SzSz r=1	-0.13286804728606968	0.03905090421722965	NaN	9.438166010099266	45.06272070204961
32	0.0	5	UHFsym	SzSz r=1	-0.13286804728606968	-0.05952030247627753	NaN	4.697669239991481	45.06272070204961
32	0.0	5	chi2	hop up r=1	0.5533113834288794	0.5533113834288794	0.006921655960620817	1.0	44.47034681980101
32	0.0	5	chi4	hop up r=1	0.5533113834288794	-0.06236765053331472	0.14457364341676135	29.72922658812555	44.47034681980101
32	0.0	5	chi8	hop up r=1	0.5533113834288794	0.005850385551512849	0.8418403364003674	44.048866012339	44.47034681980101
32	0.0	5	chi16	hop up r=1	0.5533113834288794	0.0017035505580901278	0.9811892809767304	44.390730408036056	44.47034681980101
32	0.0	5	chi32	hop up r=1	0.5533113834288794	-5.187182984867089e-5	0.9985421657906371	44.472206498358595	44.47034681980101
32	0.0	5	exact	hop up r=1	0.5533113834288794	0.0	NaN	44.47034681980101	44.47034681980101
32	0.0	5	UHF	hop up r=1	0.5533113834288794	0.11440193320410696	NaN	15.166520430698085	44.47034681980101
32	0.0	5	UHFsym	hop up r=1	0.5533113834288794	0.11440193320411007	NaN	15.166520430697556	44.47034681980101
32	0.0	6	chi2	n	0.9999999999538189	-4.618128102151786e-11	0.006921655960620817	1.0000000078258584	0.999999999198259
32	0.0	6	chi4	n	0.9999999999538189	4.057598701479037e-11	0.14457364341676135	1.0000000014116623	0.999999999198259
32	0.0	6	chi8	n	0.9999999999538189	-1.0521805648977534e-11	0.8418403364003674	0.999999999750342	0.999999999198259
32	0.0	6	chi16	n	0.9999999999538189	-4.739209025217406e-12	0.9811892809767304	0.9999999995133808	0.999999999198259
32	0.0	6	chi32	n	0.9999999999538189	-2.983446822923952e-11	0.9985421657906371	0.9999999996578739	0.999999999198259
32	0.0	6	exact	n	0.9999999999538189	0.0	NaN	0.999999999198259	0.999999999198259
32	0.0	6	UHF	n	0.9999999999538189	-4.619149507334441e-11	NaN	0.017097797961415053	0.999999999198259
32	0.0	6	UHFsym	n	0.9999999999538189	-4.619127302873949e-11	NaN	1.0000000000000155	0.999999999198259
32	0.0	6	chi2	Sz	1.2843227176206895e-9	1.4956978086622108e-8	0.006921655960620817	0.9999999852232756	1.0000000013707595
32	0.0	6	chi4	Sz	1.2843227176206895e-9	3.969303323525519e-9	0.14457364341676135	0.9999999970657726	1.0000000013707595
32	0.0	6	chi8	Sz	1.2843227176206895e-9	9.380272947279167e-10	0.8418403364003674	1.0000000003609233	1.0000000013707595
32	0.0	6	chi16	Sz	1.2843227176206895e-9	5.386085154268638e-10	0.9811892809767304	1.0000000007904313	1.0000000013707595
32	0.0	6	chi32	Sz	1.2843227176206895e-9	7.277983840592306e-10	0.9985421657906371	1.0000000005953493	1.0000000013707595
32	0.0	6	exact	Sz	1.2843227176206895e-9	0.0	NaN	1.0000000013707595	1.0000000013707595
32	0.0	6	UHF	Sz	1.2843227176206895e-9	-0.3844813928405648	NaN	0.02876765603121923	1.0000000013707595
32	0.0	6	UHFsym	Sz	1.2843227176206895e-9	1.284322715885966e-9	NaN	1.000000000000004	1.0000000013707595
32	0.0	6	chi2	DoubleOcc	0.10070850732629763	0.10070850732629763	0.006921655960620817	2.0191633401927978	27.69361867983325
32	0.0	6	chi4	DoubleOcc	0.10070850732629763	0.03864647222401965	0.14457364341676135	9.378935719478628	27.69361867983325
32	0.0	6	chi8	DoubleOcc	0.10070850732629763	-0.00046935402888215183	0.8418403364003674	27.730029268841037	27.69361867983325
32	0.0	6	chi16	DoubleOcc	0.10070850732629763	0.000319137145773446	0.9811892809767304	27.660430130309198	27.69361867983325
32	0.0	6	chi32	DoubleOcc	0.10070850732629763	-1.4921309940685301e-6	0.9985421657906371	27.693757908520023	27.69361867983325
32	0.0	6	exact	DoubleOcc	0.10070850732629763	0.0	NaN	27.69361867983325	27.69361867983325
32	0.0	6	UHF	DoubleOcc	0.10070850732629763	-0.0014655502454904157	NaN	1.0533567943184954	27.69361867983325
32	0.0	6	UHFsym	DoubleOcc	0.10070850732629763	-0.0014655502454903602	NaN	27.757973008239762	27.69361867983325
32	0.0	6	chi2	ZZ onsite	-0.5971659706024479	0.4028340293975523	0.006921655960620817	2.1431742186954508	48.173228409030195
32	0.0	6	chi4	ZZ onsite	-0.5971659706024479	0.15458588881492574	0.14457364341676135	11.567931459359391	48.173228409030195
32	0.0	6	chi8	ZZ onsite	-0.5971659706024479	-0.0018774160944871054	0.8418403364003674	48.152271123657286	48.173228409030195
32	0.0	6	chi16	ZZ onsite	-0.5971659706024479	0.0012765485925692044	0.9811892809767304	48.16182485349217	48.173228409030195
32	0.0	6	chi32	ZZ onsite	-0.5971659706024479	-5.9684643090029965e-6	0.9985421657906371	48.17323294893448	48.173228409030195
32	0.0	6	exact	ZZ onsite	-0.5971659706024479	0.0	NaN	48.173228409030195	48.173228409030195
32	0.0	6	UHF	ZZ onsite	-0.5971659706024479	-0.00586220088957945	NaN	47.959819928054074	48.173228409030195
32	0.0	6	UHFsym	ZZ onsite	-0.5971659706024479	-0.00586220088957945	NaN	47.959819928054074	48.173228409030195
32	0.0	6	chi2	ZZ up-up r=1	-0.40607456590891855	-0.06977439688875348	0.006921655960620817	13.01427358992328	21.44394598918362
32	0.0	6	chi4	ZZ up-up r=1	-0.40607456590891855	-0.1369667834979728	0.14457364341676135	6.315996055773664	21.44394598918362
32	0.0	6	chi8	ZZ up-up r=1	-0.40607456590891855	-0.008618420175669217	0.8418403364003674	21.113496498255923	21.44394598918362
32	0.0	6	chi16	ZZ up-up r=1	-0.40607456590891855	-0.0038403894106204817	0.9811892809767304	21.342915014902616	21.44394598918362
32	0.0	6	chi32	ZZ up-up r=1	-0.40607456590891855	-0.00024301047547692356	0.9985421657906371	21.439812450131445	21.44394598918362
32	0.0	6	exact	ZZ up-up r=1	-0.40607456590891855	0.0	NaN	21.44394598918362	21.44394598918362
32	0.0	6	UHF	ZZ up-up r=1	-0.40607456590891855	0.37786249390127946	NaN	1.1818208530089302	21.44394598918362
32	0.0	6	UHFsym	ZZ up-up r=1	-0.40607456590891855	-0.01638995031291607	NaN	20.514305342113875	21.44394598918362
32	0.0	6	chi2	SzSz r=1	-0.08335212818631342	0.0007229140687278479	0.006921655960620817	10.61085700526971	12.738323592143342
32	0.0	6	chi4	SzSz r=1	-0.08335212818631342	-0.014666173312322464	0.14457364341676135	7.409404907330879	12.738323592143342
32	0.0	6	chi8	SzSz r=1	-0.08335212818631342	-0.0018400640921901606	0.8418403364003674	12.696228169896836	12.738323592143342
32	0.0	6	chi16	SzSz r=1	-0.08335212818631342	-0.0003950001917808754	0.9811892809767304	12.736389283775633	12.738323592143342
32	0.0	6	chi32	SzSz r=1	-0.08335212818631342	-6.25383483936065e-5	0.9985421657906371	12.740188537391328	12.738323592143342
32	0.0	6	exact	SzSz r=1	-0.08335212818631342	0.0	NaN	12.738323592143342	12.738323592143342
32	0.0	6	UHF	SzSz r=1	-0.08335212818631342	0.08855331495918929	NaN	0.8869567217122204	12.738323592143342
32	0.0	6	UHFsym	SzSz r=1	-0.08335212818631342	-0.010009796094357662	NaN	10.84408841635085	12.738323592143342
32	0.0	6	chi2	hop up r=1	0.42720655055198603	0.42720655055198603	0.006921655960620817	1.0	22.050729428054403
32	0.0	6	chi4	hop up r=1	0.42720655055198603	0.42720655055198603	0.14457364341676135	1.0	22.050729428054403
32	0.0	6	chi8	hop up r=1	0.42720655055198603	0.0077106230263856435	0.8418403364003674	22.06619039163457	22.050729428054403
32	0.0	6	chi16	hop up r=1	0.42720655055198603	0.002647572748168181	0.9811892809767304	22.09089192841071	22.050729428054403
32	0.0	6	chi32	hop up r=1	0.42720655055198603	0.0001621013353579337	0.9985421657906371	22.05423000842269	22.050729428054403
32	0.0	6	exact	hop up r=1	0.42720655055198603	0.0	NaN	22.050729428054403	22.050729428054403
32	0.0	6	UHF	hop up r=1	0.42720655055198603	-0.011690446995687942	NaN	21.455282765531663	22.050729428054403
32	0.0	6	UHFsym	hop up r=1	0.42720655055198603	-0.011690446995683168	NaN	21.455282765532033	22.050729428054403
32	0.0	7	chi2	n	0.9999999999640898	-3.591016373150069e-11	0.006921655960620817	0.9999999960493239	1.0000000006149194
32	0.0	7	chi4	n	0.9999999999640898	1.3836620738061356e-10	0.14457364341676135	0.9999999997033123	1.0000000006149194
32	0.0	7	chi8	n	0.9999999999640898	4.7256976110077176e-11	0.8418403364003674	1.0000000002996698	1.0000000006149194
32	0.0	7	chi16	n	0.9999999999640898	1.3094747508546334e-11	0.9811892809767304	1.000000000415859	1.0000000006149194
32	0.0	7	chi32	n	0.9999999999640898	5.242251077675064e-12	0.9985421657906371	1.000000000287129	1.0000000006149194
32	0.0	7	exact	n	0.9999999999640898	0.0	NaN	1.0000000006149194	1.0000000006149194
32	0.0	7	UHF	n	0.9999999999640898	-3.591593689122874e-11	NaN	0.018289776100731757	1.0000000006149194
32	0.0	7	UHFsym	n	0.9999999999640898	-3.591593689122874e-11	NaN	1.000000000000006	1.0000000006149194
32	0.0	7	chi2	Sz	-2.3042117172633603e-9	-1.638374684446274e-8	0.006921655960620817	0.9999999947046514	1.0000000008936045
32	0.0	7	chi4	Sz	-2.3042117172633603e-9	-2.8146289951513914e-9	0.14457364341676135	0.9999999999390422	1.0000000008936045
32	0.0	7	chi8	Sz	-2.3042117172633603e-9	-9.752018984010569e-10	0.8418403364003674	1.0000000005623595	1.0000000008936045
32	0.0	7	chi16	Sz	-2.3042117172633603e-9	-6.683304396015721e-10	0.9811892809767304	1.000000000652093	1.0000000008936045
32	0.0	7	chi32	Sz	-2.3042117172633603e-9	-1.15176525955496e-9	0.9985421657906371	1.0000000004643692	1.0000000008936045
32	0.0	7	exact	Sz	-2.3042117172633603e-9	0.0	NaN	1.0000000008936045	1.0000000008936045
32	0.0	7	UHF	Sz	-2.3042117172633603e-9	0.3844831576024565	NaN	0.02491174987712548	1.0000000008936045
32	0.0	7	UHFsym	Sz	-2.3042117172633603e-9	-2.3042117103244664e-9	NaN	0.999999999999996	1.0000000008936045
32	0.0	7	chi2	DoubleOcc	0.09980703259588919	0.09980703259588922	0.006921655960620817	2.0633030512146378	25.999503154492782
32	0.0	7	chi4	DoubleOcc	0.09980703259588919	0.0390808858269753	0.14457364341676135	9.093852488314623	25.999503154492782
32	0.0	7	chi8	DoubleOcc	0.09980703259588919	-0.00011544753396813823	0.8418403364003674	26.009256002845294	25.999503154492782
32	0.0	7	chi16	DoubleOcc	0.09980703259588919	0.0004122036759541814	0.9811892809767304	25.958364870308547	25.999503154492782
32	0.0	7	chi32	DoubleOcc	0.09980703259588919	3.6238032788404873e-6	0.9985421657906371	25.999184456423855	25.999503154492782
32	0.0	7	exact	DoubleOcc	0.09980703259588919	0.0	NaN	25.999503154492782	25.999503154492782
32	0.0	7	UHF	DoubleOcc	0.09980703259588919	-0.002365667152297024	NaN	1.0890396130808118	25.999503154492782
32	0.0	7	UHFsym	DoubleOcc	0.09980703259588919	-0.002365667152297052	NaN	26.04285278272794	25.999503154492782
32	0.0	7	chi2	ZZ onsite	-0.6007718695446234	0.39922813045537664	0.006921655960620817	2.2045545260118846	47.02155975219876
32	0.0	7	chi4	ZZ onsite	-0.6007718695446234	0.15632354303116802	0.14457364341676135	11.41892587792106	47.02155975219876
32	0.0	7	chi8	ZZ onsite	-0.6007718695446234	-0.00046179023038905864	0.8418403364003674	47.02049140989269	47.02155975219876
32	0.0	7	chi16	ZZ onsite	-0.6007718695446234	0.001648814677624011	0.9811892809767304	47.0045129013651	47.02155975219876
32	0.0	7	chi32	ZZ onsite	-0.6007718695446234	1.4495202629971615e-5	0.9985421657906371	47.021551888714136	47.02155975219876
32	0.0	7	exact	ZZ onsite	-0.6007718695446234	0.0	NaN	47.02155975219876	47.02155975219876
32	0.0	7	UHF	ZZ onsite	-0.6007718695446234	-0.009462668537356889	NaN	46.49490165613747	47.02155975219876
32	0.0	7	UHFsym	ZZ onsite	-0.6007718695446234	-0.009462668537357222	NaN	46.494901656137415	47.02155975219876
32	0.0	7	chi2	ZZ up-up r=1	-0.6152690984796418	0.38473090152035816	0.006921655960620817	2.486039016626698	49.19512940775418
32	0.0	7	chi4	ZZ up-up r=1	-0.6152690984796418	0.14872479724381615	0.14457364341676135	12.947814920134704	49.19512940775418
32	0.0	7	chi8	ZZ up-up r=1	-0.6152690984796418	-0.007145500611820732	0.8418403364003674	48.846686024542905	49.19512940775418
32	0.0	7	chi16	ZZ up-up r=1	-0.6152690984796418	-0.002474408189858668	0.9811892809767304	49.145963964578804	49.19512940775418
32	0.0	7	chi32	ZZ up-up r=1	-0.6152690984796418	4.67716475708313e-5	0.9985421657906371	49.195321963360584	49.19512940775418
32	0.0	7	exact	ZZ up-up r=1	-0.6152690984796418	0.0	NaN	49.19512940775418	49.19512940775418
32	0.0	7	UHF	ZZ up-up r=1	-0.6152690984796418	0.16867158712505848	NaN	10.688072460711066	49.19512940775418
32	0.0	7	UHFsym	ZZ up-up r=1	-0.6152690984796418	-0.2255814183816907	NaN	6.566895700876037	49.19512940775418
32	0.0	7	chi2	SzSz r=1	-0.1288430333354586	0.1211569666645414	0.006921655960620817	1.096718402539093	33.20300669021636
32	0.0	7	chi4	SzSz r=1	-0.1288430333354586	0.03179236716737979	0.14457364341676135	10.880211871455687	33.20300669021636
32	0.0	7	chi8	SzSz r=1	-0.1288430333354586	-0.0021177745655297786	0.8418403364003674	32.99493336579796	33.20300669021636
32	0.0	7	chi16	SzSz r=1	-0.1288430333354586	3.976689590479143e-5	0.9811892809767304	33.204531273917915	33.20300669021636
32	0.0	7	chi32	SzSz r=1	-0.1288430333354586	2.8650493537618615e-6	0.9985421657906371	33.20644159903154	33.20300669021636
32	0.0	7	exact	SzSz r=1	-0.1288430333354586	0.0	NaN	33.20300669021636	33.20300669021636
32	0.0	7	UHF	SzSz r=1	-0.1288430333354586	0.04306296826386802	NaN	7.062185067492377	33.20300669021636
32	0.0	7	UHFsym	SzSz r=1	-0.1288430333354586	-0.05550028311281954	NaN	4.857257894657223	33.20300669021636
32	0.0	7	chi2	hop up r=1	0.5433866169483674	0.5433866169483674	0.006921655960620817	1.0	44.95273546893698
32	0.0	7	chi4	hop up r=1	0.5433866169483674	-0.03454472405500575	0.14457364341676135	40.3231290023941	44.95273546893698
32	0.0	7	chi8	hop up r=1	0.5433866169483674	0.0078018534878678825	0.8418403364003674	43.976042224822095	44.95273546893698
32	0.0	7	chi16	hop up r=1	0.5433866169483674	0.0018325958102558548	0.9811892809767304	44.79046289118512	44.95273546893698
32	0.0	7	chi32	hop up r=1	0.5433866169483674	-2.7447693189741607e-5	0.9985421657906371	44.954840403529545	44.95273546893698
32	0.0	7	exact	hop up r=1	0.5433866169483674	0.0	NaN	44.95273546893698	44.95273546893698
32	0.0	7	UHF	hop up r=1	0.5433866169483674	0.10448644787253841	NaN	16.231721425247915	44.95273546893698
32	0.0	7	UHFsym	hop up r=1	0.5433866169483674	0.10448644787253991	NaN	16.231721425247645	44.95273546893698
32	0.0	8	chi2	n	0.9999999998895907	-1.104093483306201e-10	0.006921655960620817	0.9999999813593942	1.0000000016243007
32	0.0	8	chi4	n	0.9999999998895907	-2.846870517103639e-10	0.14457364341676135	1.0000000036423118	1.0000000016243007
32	0.0	8	chi8	n	0.9999999998895907	2.941613619356076e-11	0.8418403364003674	1.0000000031478002	1.0000000016243007
32	0.0	8	chi16	n	0.9999999998895907	2.536758580973242e-10	0.9811892809767304	1.0000000031492882	1.0000000016243007
32	0.0	8	chi32	n	0.9999999998895907	2.7746249742222062e-11	0.9985421657906371	1.0000000012807302	1.0000000016243007
32	0.0	8	exact	n	0.9999999998895907	0.0	NaN	1.0000000016243007	1.0000000016243007
32	0.0	8	UHF	n	0.9999999998895907	-1.1041156877666936e-10	NaN	0.025205416629014574	1.0000000016243007
32	0.0	8	UHFsym	n	0.9999999998895907	-1.1041156877666936e-10	NaN	1.0000000000000007	1.0000000016243007
32	0.0	8	chi2	Sz	1.176672339425755e-9	1.5256207488295592e-8	0.006921655960620817	0.9999999930868548	1.000000000538095
32	0.0	8	chi4	Sz	1.176672339425755e-9	-1.6536508030962072e-9	0.14457364341676135	1.0000000014522927	1.000000000538095
32	0.0	8	chi8	Sz	1.176672339425755e-9	-1.1373546306148175e-9	0.8418403364003674	1.0000000010859742	1.000000000538095
32	0.0	8	chi16	Sz	1.176672339425755e-9	-1.036535343668099e-9	0.9811892809767304	1.000000000955924	1.000000000538095
32	0.0	8	chi32	Sz	1.176672339425755e-9	2.721177554121379e-10	0.9985421657906371	1.0000000003945182	1.000000000538095
32	0.0	8	exact	Sz	1.176672339425755e-9	0.0	NaN	1.000000000538095	1.000000000538095
32	0.0	8	UHF	Sz	1.176672339425755e-9	-0.38448194032984856	NaN	0.03249719982928594	1.000000000538095
32	0.0	8	UHFsym	Sz	1.176672339425755e-9	1.176672325981648e-9	NaN	1.000000000000001	1.000000000538095
32	0.0	8	chi2	DoubleOcc	0.1005617259793051	0.1005617259793051	0.006921655960620817	2.0527257630905367	26.748549229461396
32	0.0	8	chi4	DoubleOcc	0.1005617259793051	0.03983557903611451	0.14457364341676135	9.095403132138577	26.748549229461396
32	0.0	8	chi8	DoubleOcc	0.1005617259793051	-0.00032341721102560617	0.8418403364003674	26.764361620243196	26.748549229461396
32	0.0	8	chi16	DoubleOcc	0.1005617259793051	0.00045356275485036734	0.9811892809767304	26.715420294521543	26.748549229461396
32	0.0	8	chi32	DoubleOcc	0.1005617259793051	5.481547493552119e-6	0.9985421657906371	26.74822507619238	26.748549229461396
32	0.0	8	exact	DoubleOcc	0.1005617259793051	0.0	NaN	26.748549229461396	26.748549229461396
32	0.0	8	UHF	DoubleOcc	0.1005617259793051	-0.0016119106760722202	NaN	1.2661175765634067	26.748549229461396
32	0.0	8	UHFsym	DoubleOcc	0.1005617259793051	-0.0016119106760720814	NaN	26.762444345591952	26.748549229461396
32	0.0	8	chi2	ZZ onsite	-0.5977530958619611	0.4022469041380389	0.006921655960620817	2.1528383247054754	50.29825043274456
32	0.0	8	chi4	ZZ onsite	-0.5977530958619611	0.15934231671383103	0.14457364341676135	11.140341344528904	50.29825043274456
32	0.0	8	chi8	ZZ onsite	-0.5977530958619611	-0.0012936689029353632	0.8418403364003674	50.29046099671212	50.29825043274456
32	0.0	8	chi16	ZZ onsite	-0.5977530958619611	0.0018142505120476438	0.9811892809767304	50.27003417489393	50.29825043274456
32	0.0	8	chi32	ZZ onsite	-0.5977530958619611	2.1926134480265702e-5	0.9985421657906371	50.29818214994043	50.29825043274456
32	0.0	8	exact	ZZ onsite	-0.5977530958619611	0.0	NaN	50.29825043274456	50.29825043274456
32	0.0	8	UHF	ZZ onsite	-0.5977530958619611	-0.006447642483466187	NaN	50.03008161533721	50.29825043274456
32	0.0	8	UHFsym	ZZ onsite	-0.5977530958619611	-0.006447642483465632	NaN	50.03008161533727	50.29825043274456
32	0.0	8	chi2	ZZ up-up r=1	-0.41952773163417123	-0.07233046493128859	0.006921655960620817	12.110391126591717	19.88912748631079
32	0.0	8	chi4	ZZ up-up r=1	-0.41952773163417123	-0.13819418444500964	0.14457364341676135	6.264768825876717	19.88912748631079
32	0.0	8	chi8	ZZ up-up r=1	-0.41952773163417123	-0.009770101960396682	0.8418403364003674	19.4394604240943	19.88912748631079
32	0.0	8	chi16	ZZ up-up r=1	-0.41952773163417123	-0.0043856173702117585	0.9811892809767304	19.732744545567517	19.88912748631079
32	0.0	8	chi32	ZZ up-up r=1	-0.41952773163417123	-0.000368211026882892	0.9985421657906371	19.878961743187745	19.88912748631079
32	0.0	8	exact	ZZ up-up r=1	-0.41952773163417123	0.0	NaN	19.88912748631079	19.88912748631079
32	0.0	8	UHF	ZZ up-up r=1	-0.41952773163417123	0.3644108201592351	NaN	1.3877140649945947	19.88912748631079
32	0.0	8	UHFsym	ZZ up-up r=1	-0.41952773163417123	-0.02984097345751774	NaN	17.55435487612719	19.88912748631079
32	0.0	8	chi2	SzSz r=1	-0.08627353746608804	0.0005257792096326208	0.006921655960620817	11.485109114479888	14.203158253697236
32	0.0	8	chi4	SzSz r=1	-0.08627353746608804	-0.014591155004735845	0.14457364341676135	7.856230381103001	14.203158253697236
32	0.0	8	chi8	SzSz r=1	-0.08627353746608804	-0.002152061498134114	0.8418403364003674	14.118449439636695	14.203158253697236
32	0.0	8	chi16	SzSz r=1	-0.08627353746608804	-0.00041158149319103776	0.9811892809767304	14.187117784611752	14.203158253697236
32	0.0	8	chi32	SzSz r=1	-0.08627353746608804	-8.523194044079974e-5	0.9985421657906371	14.205744753631663	14.203158253697236
32	0.0	8	exact	SzSz r=1	-0.08627353746608804	0.0	NaN	14.203158253697236	14.203158253697236
32	0.0	8	UHF	SzSz r=1	-0.08627353746608804	0.08563197020518495	NaN	1.0153945115651575	14.203158253697236
32	0.0	8	UHFsym	SzSz r=1	-0.08627353746608804	-0.012930978199001783	NaN	11.213199981734922	14.203158253697236
32	0.0	8	chi2	hop up r=1	0.43481443631768735	0.43481443631768735	0.006921655960620817	1.0	19.568404909497747
32	0.0	8	chi4	hop up r=1	0.43481443631768735	0.43481443631768735	0.14457364341676135	1.0	19.568404909497747
32	0.0	8	chi8	hop up r=1	0.43481443631768735	0.009108071443368115	0.8418403364003674	19.45410203890917	19.568404909497747
32	0.0	8	chi16	hop up r=1	0.43481443631768735	0.0029167819298876463	0.9811892809767304	19.566498776597538	19.568404909497747
32	0.0	8	chi32	hop up r=1	0.43481443631768735	0.00021435727684143702	0.9985421657906371	19.569384807704473	19.568404909497747
32	0.0	8	exact	hop up r=1	0.43481443631768735	0.0	NaN	19.568404909497747	19.568404909497747
32	0.0	8	UHF	hop up r=1	0.43481443631768735	-0.004085372541483445	NaN	19.51591062482048	19.568404909497747
32	0.0	8	UHFsym	hop up r=1	0.43481443631768735	-0.004085372541484	NaN	19.515910624820474	19.568404909497747
32	0.0	9	chi2	n	0.9999999999342984	-6.570155530738475e-11	0.006921655960620817	0.9999999618154768	1.000000003705669
32	0.0	9	chi4	n	0.9999999999342984	-1.1064963389983973e-9	0.14457364341676135	1.000000004806722	1.000000003705669
32	0.0	9	chi8	n	0.9999999999342984	-3.27328275595562e-10	0.8418403364003674	1.0000000038071366	1.000000003705669
32	0.0	9	chi16	n	0.9999999999342984	-2.848740132677108e-10	0.9811892809767304	1.0000000049206637	1.000000003705669
32	0.0	9	chi32	n	0.9999999999342984	-1.3147605226748738e-10	0.9985421657906371	1.0000000035865868	1.000000003705669
32	0.0	9	exact	n	0.9999999999342984	0.0	NaN	1.000000003705669	1.000000003705669
32	0.0	9	UHF	n	0.9999999999342984	-6.569533805844685e-11	NaN	0.021642948329038975	1.000000003705669
32	0.0	9	UHFsym	n	0.9999999999342984	-6.569544908074931e-11	NaN	0.9999999999999988	1.000000003705669
32	0.0	9	chi2	Sz	-2.099919314824117e-9	-2.361760852892772e-8	0.006921655960620817	1.0000000300671092	0.9999999970709188
32	0.0	9	chi4	Sz	-2.099919314824117e-9	4.234598297014891e-10	0.14457364341676135	0.9999999963918378	0.9999999970709188
32	0.0	9	chi8	Sz	-2.099919314824117e-9	-1.1008138844914583e-12	0.8418403364003674	0.9999999970466109	0.9999999970709188
32	0.0	9	chi16	Sz	-2.099919314824117e-9	6.339545069455887e-10	0.9811892809767304	0.9999999961625841	0.9999999970709188
32	0.0	9	chi32	Sz	-2.099919314824117e-9	-9.051420030159463e-11	0.9985421657906371	0.999999997187015	0.9999999970709188
32	0.0	9	exact	Sz	-2.099919314824117e-9	0.0	NaN	0.9999999970709188	0.9999999970709188
32	0.0	9	UHF	Sz	-2.099919314824117e-9	0.3844819759481673	NaN	0.034910445983694804	0.9999999970709188
32	0.0	9	UHFsym	Sz	-2.099919314824117e-9	-2.099919344314416e-9	NaN	1.0000000000000007	0.9999999970709188
32	0.0	9	chi2	DoubleOcc	0.1000083700020839	0.10000837000208393	0.006921655960620817	2.034873547387529	24.615329501373886
32	0.0	9	chi4	DoubleOcc	0.1000083700020839	0.0401538715305004	0.14457364341676135	8.561573401288479	24.615329501373886
32	0.0	9	chi8	DoubleOcc	0.1000083700020839	0.00011200802570268675	0.8418403364003674	24.605109283929448	24.615329501373886
32	0.0	9	chi16	DoubleOcc	0.1000083700020839	0.00043527550553559835	0.9811892809767304	24.571954140057233	24.615329501373886
32	0.0	9	chi32	DoubleOcc	0.1000083700020839	9.291016970780497e-6	0.9985421657906371	24.614506629606495	24.615329501373886
32	0.0	9	exact	DoubleOcc	0.1000083700020839	0.0	NaN	24.615329501373886	24.615329501373886
32	0.0	9	UHF	DoubleOcc	0.1000083700020839	-0.002165238554143717	NaN	1.0069197096966138	24.615329501373886
32	0.0	9	UHFsym	DoubleOcc	0.1000083700020839	-0.002165238554143717	NaN	24.682857071119294	24.615329501373886
32	0.0	9	chi2	ZZ onsite	-0.5999665198602605	0.4000334801397395	0.006921655960620817	2.092524486726886	46.667565865585466
32	0.0	9	chi4	ZZ onsite	-0.5999665198602605	0.16061548833499395	0.14457364341676135	10.193543283390921	46.667565865585466
32	0.0	9	chi8	ZZ onsite	-0.5999665198602605	0.0004480327574678533	0.8418403364003674	46.63502816584383	46.667565865585466
32	0.0	9	chi16	ZZ onsite	-0.5999665198602605	0.001741102591890309	0.9811892809767304	46.5278600882158	46.667565865585466
32	0.0	9	chi32	ZZ onsite	-0.5999665198602605	3.7164330835337545e-5	0.9985421657906371	46.664957312046646	46.667565865585466
32	0.0	9	exact	ZZ onsite	-0.5999665198602605	0.0	NaN	46.667565865585466	46.667565865585466
32	0.0	9	UHF	ZZ onsite	-0.5999665198602605	-0.008660954085183303	NaN	46.8212023707692	46.667565865585466
32	0.0	9	UHFsym	ZZ onsite	-0.5999665198602605	-0.008660954085183081	NaN	46.821202370769214	46.667565865585466
32	0.0	9	chi2	ZZ up-up r=1	-0.6046396278628264	0.39536037213717357	0.006921655960620817	2.3639501526268916	49.61032983942995
32	0.0	9	chi4	ZZ up-up r=1	-0.6046396278628264	0.146937355487882	0.14457364341676135	13.599201499704497	49.61032983942995
32	0.0	9	chi8	ZZ up-up r=1	-0.6046396278628264	-0.007864047087615234	0.8418403364003674	48.74803251245712	49.61032983942995
32	0.0	9	chi16	ZZ up-up r=1	-0.6046396278628264	-0.0028185784397576352	0.9811892809767304	49.38917924741254	49.61032983942995
32	0.0	9	chi32	ZZ up-up r=1	-0.6046396278628264	-3.3706343948947115e-5	0.9985421657906371	49.60828322100032	49.61032983942995
32	0.0	9	exact	ZZ up-up r=1	-0.6046396278628264	0.0	NaN	49.61032983942995	49.61032983942995
32	0.0	9	UHF	ZZ up-up r=1	-0.6046396278628264	0.17929900443662994	NaN	9.939860514455638	49.61032983942995
32	0.0	9	UHFsym	ZZ up-up r=1	-0.6046396278628264	-0.21495277495139148	NaN	6.784289263073525	49.61032983942995
32	0.0	9	chi2	SzSz r=1	-0.12653145964082807	0.12346854035917193	0.006921655960620817	1.114495213227196	32.87372826429756
32	0.0	9	chi4	SzSz r=1	-0.12653145964082807	0.03143553722125575	0.14457364341676135	11.590658854536217	32.87372826429756
32	0.0	9	chi8	SzSz r=1	-0.12653145964082807	-0.0023681477348833635	0.8418403364003674	31.530050792662024	32.87372826429756
32	0.0	9	chi16	SzSz r=1	-0.12653145964082807	-2.4619888804477963e-5	0.9811892809767304	32.82992019179379	32.87372826429756
32	0.0	9	chi32	SzSz r=1	-0.12653145964082807	-1.2413752622786323e-5	0.9985421657906371	32.8723115400728	32.87372826429756
32	0.0	9	exact	SzSz r=1	-0.12653145964082807	0.0	NaN	32.87372826429756	32.87372826429756
32	0.0	9	UHF	SzSz r=1	-0.12653145964082807	0.04537405542613965	NaN	6.871020141980982	32.87372826429756
32	0.0	9	UHFsym	SzSz r=1	-0.12653145964082807	-0.05318888942086422	NaN	5.025791065783301	32.87372826429756
32	0.0	9	chi2	hop up r=1	0.5375665243419834	0.5375665243419834	0.006921655960620817	1.0	38.64969681125835
32	0.0	9	chi4	hop up r=1	0.5375665243419834	-0.03218976910581506	0.14457364341676135	36.69459892893601	38.64969681125835
32	0.0	9	chi8	hop up r=1	0.5375665243419834	0.009383842030438738	0.8418403364003674	37.3948459769939	38.64969681125835
32	0.0	9	chi16	hop up r=1	0.5375665243419834	0.0019983734994962754	0.9811892809767304	38.44635011810713	38.64969681125835
32	0.0	9	chi32	hop up r=1	0.5375665243419834	3.8936247865217766e-5	0.9985421657906371	38.64608522855486	38.64969681125835
32	0.0	9	exact	hop up r=1	0.5375665243419834	0.0	NaN	38.64969681125835	38.64969681125835
32	0.0	9	UHF	hop up r=1	0.5375665243419834	0.09866659945800899	NaN	15.702966900242014	38.64969681125835
32	0.0	9	UHFsym	hop up r=1	0.5375665243419834	0.09866659945800799	NaN	15.702966900242195	38.64969681125835
32	0.0	10	chi2	n	0.9999999998991842	-1.0081424584029719e-10	0.006921655960620817	1.000000004675837	0.9999999999052352
32	0.0	10	chi4	n	0.9999999998991842	9.399775402485488e-10	0.14457364341676135	1.0000000009006458	0.9999999999052352
32	0.0	10	chi8	n	0.9999999998991842	1.418744011161266e-10	0.8418403364003674	1.000000000082807	0.9999999999052352
32	0.0	10	chi16	n	0.9999999998991842	-2.2464230475804925e-10	0.9811892809767304	0.9999999993537055	0.9999999999052352
32	0.0	10	chi32	n	0.9999999998991842	-6.898748239336783e-11	0.9985421657906371	0.999999999914795	0.9999999999052352
32	0.0	10	exact	n	0.9999999998991842	0.0	NaN	0.9999999999052352	0.9999999999052352
32	0.0	10	UHF	n	0.9999999998991842	-1.0081846468779077e-10	NaN	0.0184645601730447	0.9999999999052352
32	0.0	10	UHFsym	n	0.9999999998991842	-1.0081846468779077e-10	NaN	0.9999999999999954	0.9999999999052352
32	0.0	10	chi2	Sz	1.1843490320406769e-9	2.2702038093153076e-8	0.006921655960620817	1.0000000170800547	0.9999999990197322
32	0.0	10	chi4	Sz	1.1843490320406769e-9	-2.395903586638326e-9	0.14457364341676135	0.9999999967434621	0.9999999990197322
32	0.0	10	chi8	Sz	1.1843490320406769e-9	-2.3584338995630283e-10	0.8418403364003674	0.9999999987760072	0.9999999990197322
32	0.0	10	chi16	Sz	1.1843490320406769e-9	-8.706738940933434e-10	0.9811892809767304	0.9999999984181067	0.9999999990197322
32	0.0	10	chi32	Sz	1.1843490320406769e-9	5.560191335129971e-10	0.9985421657906371	0.9999999994885687	0.9999999990197322
32	0.0	10	exact	Sz	1.1843490320406769e-9	0.0	NaN	0.9999999990197322	0.9999999990197322
32	0.0	10	UHF	Sz	1.1843490320406769e-9	-0.3844819264460389	NaN	0.02909568503454322	0.9999999990197322
32	0.0	10	UHFsym	Sz	1.1843490320406769e-9	1.1843490402806134e-9	NaN	1.000000000000001	0.9999999990197322
32	0.0	10	chi2	DoubleOcc	0.1004561701824414	0.1004561701824414	0.006921655960620817	2.1745823006390017	33.61672822946325
32	0.0	10	chi4	DoubleOcc	0.1004561701824414	0.04060167275165169	0.14457364341676135	10.11152702475557	33.61672822946325
32	0.0	10	chi8	DoubleOcc	0.1004561701824414	-0.00015233953450624615	0.8418403364003674	33.60769276446144	33.61672822946325
32	0.0	10	chi16	DoubleOcc	0.1004561701824414	0.000485187885952032	0.9811892809767304	33.63046021638644	33.61672822946325
32	0.0	10	chi32	DoubleOcc	0.1004561701824414	1.4962850066413402e-5	0.9985421657906371	33.61749408336789	33.61672822946325
32	0.0	10	exact	DoubleOcc	0.1004561701824414	0.0	NaN	33.61672822946325	33.61672822946325
32	0.0	10	UHF	DoubleOcc	0.1004561701824414	-0.0017174771431810454	NaN	1.2737862776066518	33.61672822946325
32	0.0	10	UHFsym	DoubleOcc	0.1004561701824414	-0.001717477143181101	NaN	33.385572510160834	33.61672822946325
32	0.0	10	chi2	ZZ onsite	-0.5981753190686011	0.40182468093139734	0.006921655960620817	2.136419935829588	60.025602634485054
32	0.0	10	chi4	ZZ onsite	-0.5981753190686011	0.1624066891266529	0.14457364341676135	10.92811275508696	60.025602634485054
32	0.0	10	chi8	ZZ onsite	-0.5981753190686011	-0.0006093584217722325	0.8418403364003674	60.047015397156606	60.025602634485054
32	0.0	10	chi16	ZZ onsite	-0.5981753190686011	0.0019407519930939587	0.9811892809767304	59.908311983976965	60.025602634485054
32	0.0	10	chi32	ZZ onsite	-0.5981753190686011	5.985153824095146e-5	0.9985421657906371	60.02310095128209	60.025602634485054
32	0.0	10	exact	ZZ onsite	-0.5981753190686011	0.0	NaN	60.025602634485054	60.025602634485054
32	0.0	10	UHF	ZZ onsite	-0.5981753190686011	-0.006869908371085587	NaN	59.838669277310636	60.025602634485054
32	0.0	10	UHFsym	ZZ onsite	-0.5981753190686011	-0.006869908371085809	NaN	59.838669277310636	60.025602634485054
32	0.0	10	chi2	ZZ up-up r=1	-0.4276806289748711	-0.07349430818260688	0.006921655960620817	13.406715155402953	21.417224728294325
32	0.0	10	chi4	ZZ up-up r=1	-0.4276806289748711	-0.13835133233696695	0.14457364341676135	6.846372532011273	21.417224728294325
32	0.0	10	chi8	ZZ up-up r=1	-0.4276806289748711	-0.010316067209766022	0.8418403364003674	21.184587580355714	21.417224728294325
32	0.0	10	chi16	ZZ up-up r=1	-0.4276806289748711	-0.0049414537454045004	0.9811892809767304	21.368289731637418	21.417224728294325
32	0.0	10	chi32	ZZ up-up r=1	-0.4276806289748711	-0.00040076216655082764	0.9985421657906371	21.417605445392468	21.417224728294325
32	0.0	10	exact	ZZ up-up r=1	-0.4276806289748711	0.0	NaN	21.417224728294325	21.417224728294325
32	0.0	10	UHF	ZZ up-up r=1	-0.4276806289748711	0.35625791609116025	NaN	1.4066665975271209	21.417224728294325
32	0.0	10	UHFsym	ZZ up-up r=1	-0.4276806289748711	-0.03799381204193114	NaN	18.494286098929365	21.417224728294325
32	0.0	10	chi2	SzSz r=1	-0.08804547822654607	0.0005011019715199794	0.006921655960620817	12.359342143064664	15.89947740725078
32	0.0	10	chi4	SzSz r=1	-0.08804547822654607	-0.014404809573727972	0.14457364341676135	8.273227107655591	15.89947740725078
32	0.0	10	chi8	SzSz r=1	-0.08804547822654607	-0.0023047547972012694	0.8418403364003674	15.649086187528551	15.89947740725078
32	0.0	10	chi16	SzSz r=1	-0.08804547822654607	-0.0004962067025312544	0.9811892809767304	15.85610087258911	15.89947740725078
32	0.0	10	chi32	SzSz r=1	-0.08804547822654607	-8.264123351389707e-5	0.9985421657906371	15.898743251323992	15.89947740725078
32	0.0	10	exact	SzSz r=1	-0.08804547822654607	0.0	NaN	15.89947740725078	15.89947740725078
32	0.0	10	UHF	SzSz r=1	-0.08804547822654607	0.08386001632711768	NaN	1.094623984357981	15.89947740725078
32	0.0	10	UHFsym	SzSz r=1	-0.08804547822654607	-0.014702915706154132	NaN	11.484105039647694	15.89947740725078
32	0.0	10	chi2	hop up r=1	0.43937337803725884	0.43937337803725884	0.006921655960620817	1.0	27.565699625876096
32	0.0	10	chi4	hop up r=1	0.43937337803725884	0.43937337803725884	0.14457364341676135	1.0	27.565699625876096
32	0.0	10	chi8	hop up r=1	0.43937337803725884	0.010052712047796897	0.8418403364003674	26.93991297132934	27.565699625876096
32	0.0	10	chi16	hop up r=1	0.43937337803725884	0.003145777483119505	0.9811892809767304	27.44696504168767	27.565699625876096
32	0.0	10	chi32	hop up r=1	0.43937337803725884	0.0002844322627074125	0.9985421657906371	27.557958505698927	27.565699625876096
32	0.0	10	exact	hop up r=1	0.43937337803725884	0.0	NaN	27.565699625876096	27.565699625876096
32	0.0	10	UHF	hop up r=1	0.43937337803725884	0.0004734649559889337	NaN	27.552482328022787	27.565699625876096
32	0.0	10	UHFsym	hop up r=1	0.43937337803725884	0.00047346495599137617	NaN	27.55248232802271	27.565699625876096
32	0.0	11	chi2	n	0.99999999998768	-1.2318590592030887e-11	0.006921655960620817	1.0000000175093575	0.9999999989119105
32	0.0	11	chi4	n	0.99999999998768	-4.541976794669722e-10	0.14457364341676135	1.0000000094125268	0.9999999989119105
32	0.0	11	chi8	n	0.99999999998768	-2.833014933756317e-10	0.8418403364003674	1.0000000001414207	0.9999999989119105
32	0.0	11	chi16	n	0.99999999998768	-4.858302649068946e-11	0.9811892809767304	0.9999999988459995	0.9999999989119105
32	0.0	11	chi32	n	0.99999999998768	5.452638340841531e-12	0.9985421657906371	0.9999999982855109	0.9999999989119105
32	0.0	11	exact	n	0.99999999998768	0.0	NaN	0.9999999989119105	0.9999999989119105
32	0.0	11	UHF	n	0.99999999998768	-1.2319922859660437e-11	NaN	0.019972058402328245	0.9999999989119105
32	0.0	11	UHFsym	n	0.99999999998768	-1.2319811837357975e-11	NaN	0.9999999999999998	0.9999999989119105
32	0.0	11	chi2	Sz	-1.8626381340092202e-9	-3.175166677687136e-8	0.006921655960620817	0.9999999981150786	1.0000000001199927
32	0.0	11	chi4	Sz	-1.8626381340092202e-9	-1.8118886668805345e-8	0.14457364341676135	0.9999999988838085	1.0000000001199927
32	0.0	11	chi8	Sz	-1.8626381340092202e-9	-2.2198803975581605e-9	0.8418403364003674	0.9999999999216354	1.0000000001199927
32	0.0	11	chi16	Sz	-1.8626381340092202e-9	9.174039999892969e-11	0.9811892809767304	1.0000000001157663	1.0000000001199927
32	0.0	11	chi32	Sz	-1.8626381340092202e-9	1.0715927728499608e-9	0.9985421657906371	1.0000000001886875	1.0000000001199927
32	0.0	11	exact	Sz	-1.8626381340092202e-9	0.0	NaN	1.0000000001199927	1.0000000001199927
32	0.0	11	UHF	Sz	-1.8626381340092202e-9	0.3844819262006488	NaN	0.032608322807854515	1.0000000001199927
32	0.0	11	UHFsym	Sz	-1.8626381340092202e-9	-1.8626381370449863e-9	NaN	1.0000000000000002	1.0000000001199927
32	0.0	11	chi2	DoubleOcc	0.1001125288916937	0.1001125288916937	0.006921655960620817	2.093546621380991	23.789419243351887
32	0.0	11	chi4	DoubleOcc	0.1001125288916937	0.04084559047535888	0.14457364341676135	8.63959328568724	23.789419243351887
32	0.0	11	chi8	DoubleOcc	0.1001125288916937	0.00029399705360852457	0.8418403364003674	23.77909014581228	23.789419243351887
32	0.0	11	chi16	DoubleOcc	0.1001125288916937	0.0004437896030499433	0.9811892809767304	23.77221649927065	23.789419243351887
32	0.0	11	chi32	DoubleOcc	0.1001125288916937	1.660357627789044e-5	0.9985421657906371	23.788947657276783	23.789419243351887
32	0.0	11	exact	DoubleOcc	0.1001125288916937	0.0	NaN	23.789419243351887	23.789419243351887
32	0.0	11	UHF	DoubleOcc	0.1001125288916937	-0.002061118101043674	NaN	1.0669897653109124	23.789419243351887
32	0.0	11	UHFsym	DoubleOcc	0.1001125288916937	-0.00206111810104348	NaN	23.74390619902976	23.789419243351887
32	0.0	11	chi2	ZZ onsite	-0.599549884408583	0.4004501155914155	0.006921655960620817	2.127485715481976	40.00647260865636
32	0.0	11	chi4	ZZ onsite	-0.599549884408583	0.16338236280983187	0.14457364341676135	9.94649532785575	40.00647260865636
32	0.0	11	chi8	ZZ onsite	-0.599549884408583	0.0011759887810389724	0.8418403364003674	39.97203978483493	40.00647260865636
32	0.0	11	chi16	ZZ onsite	-0.599549884408583	0.0017751585093679356	0.9811892809767304	39.949871270954326	40.00647260865636
32	0.0	11	chi32	ZZ onsite	-0.599549884408583	6.641429420728429e-5	0.9985421657906371	40.004849279484425	40.00647260865636
32	0.0	11	exact	ZZ onsite	-0.599549884408583	0.0	NaN	40.00647260865636	40.00647260865636
32	0.0	11	UHF	ZZ onsite	-0.599549884408583	-0.008244472379532852	NaN	39.90802007809565	40.00647260865636
32	0.0	11	UHFsym	ZZ onsite	-0.599549884408583	-0.008244472379532186	NaN	39.90802007809569	40.00647260865636
32	0.0	11	chi2	ZZ up-up r=1	-0.5981913405623466	0.401808659437652	0.006921655960620817	2.1567096277101223	46.15048052036178
32	0.0	11	chi4	ZZ up-up r=1	-0.5981913405623466	0.14504696439027231	0.14457364341676135	12.602909330437642	46.15048052036178
32	0.0	11	chi8	ZZ up-up r=1	-0.5981913405623466	-0.008574280610717855	0.8418403364003674	45.74179871252686	46.15048052036178
32	0.0	11	chi16	ZZ up-up r=1	-0.5981913405623466	-0.003070861764966515	0.9811892809767304	46.1013220618437	46.15048052036178
32	0.0	11	chi32	ZZ up-up r=1	-0.5981913405623466	-9.46114033846257e-5	0.9985421657906371	46.15060496793478	46.15048052036178
32	0.0	11	exact	ZZ up-up r=1	-0.5981913405623466	0.0	NaN	46.15048052036178	46.15048052036178
32	0.0	11	UHF	ZZ up-up r=1	-0.5981913405623466	0.18574720586663607	NaN	8.604983960721947	46.15048052036178
32	0.0	11	UHFsym	ZZ up-up r=1	-0.5981913405623466	-0.2085045203948947	NaN	7.122024315175078	46.15048052036178
32	0.0	11	chi2	SzSz r=1	-0.12512946560314897	0.12487053439685067	0.006921655960620817	0.9967410405861948	37.104801168020664
32	0.0	11	chi4	SzSz r=1	-0.12512946560314897	0.03104664153730749	0.14457364341676135	12.303356224534554	37.104801168020664
32	0.0	11	chi8	SzSz r=1	-0.12512946560314897	-0.0025825699577093353	0.8418403364003674	35.61430381854748	37.104801168020664
32	0.0	11	chi16	SzSz r=1	-0.12512946560314897	-7.520018296311437e-5	0.9811892809767304	37.05412528403955	37.104801168020664
32	0.0	11	chi32	SzSz r=1	-0.12512946560314897	-2.537203478580885e-5	0.9985421657906371	37.10468970504764	37.104801168020664
32	0.0	11	exact	SzSz r=1	-0.12512946560314897	0.0	NaN	37.104801168020664	37.104801168020664
32	0.0	11	UHF	SzSz r=1	-0.12512946560314897	0.046776028770008804	NaN	6.433478624092687	37.104801168020664
32	0.0	11	UHFsym	SzSz r=1	-0.12512946560314897	-0.05178690279537276	NaN	5.023090459751268	37.104801168020664
32	0.0	11	chi2	hop up r=1	0.5340093070862708	0.5340093070862708	0.006921655960620817	1.0	39.72697293699017
32	0.0	11	chi4	hop up r=1	0.5340093070862708	-0.03026703627844385	0.14457364341676135	34.83123699321322	39.72697293699017
32	0.0	11	chi8	hop up r=1	0.5340093070862708	0.01068276246096267	0.8418403364003674	39.32533711991352	39.72697293699017
32	0.0	11	chi16	hop up r=1	0.5340093070862708	0.002105043543010665	0.9811892809767304	39.74512542553567	39.72697293699017
32	0.0	11	chi32	hop up r=1	0.5340093070862708	6.406519318191695e-5	0.9985421657906371	39.72823553387801	39.72697293699017
32	0.0	11	exact	hop up r=1	0.5340093070862708	0.0	NaN	39.72697293699017	39.72697293699017
32	0.0	11	UHF	hop up r=1	0.5340093070862708	0.09510938925454493	NaN	18.148440261007067	39.72697293699017
32	0.0	11	UHFsym	hop up r=1	0.5340093070862708	0.09510938925454615	NaN	18.148440261006815	39.72697293699017
32	0.0	12	chi2	n	1.0000000000576033	5.760547594491072e-11	0.006921655960620817	0.9999999456915247	1.0000000021254734
32	0.0	12	chi4	n	1.0000000000576033	4.994786806378215e-10	0.14457364341676135	0.9999999671561449	1.0000000021254734
32	0.0	12	chi8	n	1.0000000000576033	3.999167663693015e-10	0.8418403364003674	0.9999999982655514	1.0000000021254734
32	0.0	12	chi16	n	1.0000000000576033	1.9761681180341384e-10	0.9811892809767304	1.0000000015953059	1.0000000021254734
32	0.0	12	chi32	n	1.0000000000576033	2.628275375116118e-11	0.9985421657906371	1.0000000053626434	1.0000000021254734
32	0.0	12	exact	n	1.0000000000576033	0.0	NaN	1.0000000021254734	1.0000000021254734
32	0.0	12	UHF	n	1.0000000000576033	5.759970278518267e-11	NaN	0.019128411241273565	1.0000000021254734
32	0.0	12	UHFsym	n	1.0000000000576033	5.759970278518267e-11	NaN	1.000000000000004	1.0000000021254734
32	0.0	12	chi2	Sz	1.146143749353179e-9	3.103517236258124e-8	0.006921655960620817	1.000000057720714	0.9999999977891343
32	0.0	12	chi4	Sz	1.146143749353179e-9	1.9040743336196098e-8	0.14457364341676135	1.000000034538045	0.9999999977891343
32	0.0	12	chi8	Sz	1.146143749353179e-9	1.9602838380317067e-9	0.8418403364003674	1.0000000015571617	0.9999999977891343
32	0.0	12	chi16	Sz	1.146143749353179e-9	2.107125897377049e-10	0.9811892809767304	0.9999999981873489	0.9999999977891343
32	0.0	12	chi32	Sz	1.146143749353179e-9	-1.792391832178275e-9	0.9985421657906371	0.9999999943265526	0.9999999977891343
32	0.0	12	exact	Sz	1.146143749353179e-9	0.0	NaN	0.9999999977891343	0.9999999977891343
32	0.0	12	UHF	Sz	1.146143749353179e-9	-0.3844819246590616	NaN	0.02623401034016891	0.9999999977891343
32	0.0	12	UHFsym	Sz	1.146143749353179e-9	1.1461437367764338e-9	NaN	1.0000000000000002	0.9999999977891343
32	0.0	12	chi2	DoubleOcc	0.1003817064640759	0.1003817064640759	0.006921655960620817	2.0253511491650324	24.848666305601647
32	0.0	12	chi4	DoubleOcc	0.1003817064640759	0.04111476848961765	0.14457364341676135	8.373039058801087	24.848666305601647
32	0.0	12	chi8	DoubleOcc	0.1003817064640759	-6.458297523825873e-6	0.8418403364003674	24.849175872298726	24.848666305601647
32	0.0	12	chi16	DoubleOcc	0.1003817064640759	0.000505575437440009	0.9811892809767304	24.801873467126615	24.848666305601647
32	0.0	12	chi32	DoubleOcc	0.1003817064640759	2.1234597179120573e-5	0.9985421657906371	24.84697510387706	24.848666305601647
32	0.0	12	exact	DoubleOcc	0.1003817064640759	0.0	NaN	24.848666305601647	24.848666305601647
32	0.0	12	UHF	DoubleOcc	0.1003817064640759	-0.00179194226504642	NaN	1.160499464109539	24.848666305601647
32	0.0	12	UHFsym	DoubleOcc	0.1003817064640759	-0.001791942265046531	NaN	24.903787509885593	24.848666305601647
32	0.0	12	chi2	ZZ onsite	-0.5984731742589011	0.40152682574109666	0.006921655960620817	2.0930863249240463	43.565034417786066
32	0.0	12	chi4	ZZ onsite	-0.5984731742589011	0.1644590729595139	0.14457364341676135	9.859507325776299	43.565034417786066
32	0.0	12	chi8	ZZ onsite	-0.5984731742589011	-2.583398992772601e-5	0.8418403364003674	43.56612785261469	43.565034417786066
32	0.0	12	chi16	ZZ onsite	-0.5984731742589011	0.0020223013545265234	0.9811892809767304	43.45796768381124	43.565034417786066
32	0.0	12	chi32	ZZ onsite	-0.5984731742589011	8.493833615075275e-5	0.9985421657906371	43.56139038132092	43.565034417786066
32	0.0	12	exact	ZZ onsite	-0.5984731742589011	0.0	NaN	43.565034417786066	43.565034417786066
32	0.0	12	UHF	ZZ onsite	-0.5984731742589011	-0.0071677691753833095	NaN	43.599767506300445	43.565034417786066
32	0.0	12	UHFsym	ZZ onsite	-0.5984731742589011	-0.007167769175383754	NaN	43.599767506300424	43.565034417786066
32	0.0	12	chi2	ZZ up-up r=1	-0.43262215062538456	-0.07367639753936017	0.006921655960620817	13.871151869661489	22.492096941494328
32	0.0	12	chi4	ZZ up-up r=1	-0.43262215062538456	-0.13784320934075972	0.14457364341676135	7.075040442431002	22.492096941494328
32	0.0	12	chi8	ZZ up-up r=1	-0.43262215062538456	-0.010420156654670443	0.8418403364003674	22.22178609416542	22.492096941494328
32	0.0	12	chi16	ZZ up-up r=1	-0.43262215062538456	-0.005292560676670555	0.9811892809767304	22.423476325606114	22.492096941494328
32	0.0	12	chi32	ZZ up-up r=1	-0.43262215062538456	-0.00044473419746476894	0.9985421657906371	22.491884963342528	22.492096941494328
32	0.0	12	exact	ZZ up-up r=1	-0.43262215062538456	0.0	NaN	22.492096941494328	22.492096941494328
32	0.0	12	UHF	ZZ up-up r=1	-0.43262215062538456	0.35131639192754627	NaN	1.4805302189609286	22.492096941494328
32	0.0	12	UHFsym	ZZ up-up r=1	-0.43262215062538456	-0.042935331995588855	NaN	18.580390968872088	22.492096941494328
32	0.0	12	chi2	SzSz r=1	-0.08911982711667468	0.0006166111548314146	0.006921655960620817	12.930897563903883	17.112206792804077
32	0.0	12	chi4	SzSz r=1	-0.08911982711667468	-0.01414461058177821	0.14457364341676135	8.079903699456425	17.112206792804077
32	0.0	12	chi8	SzSz r=1	-0.08911982711667468	-0.0023463123356589066	0.8418403364003674	16.580721255169493	17.112206792804077
32	0.0	12	chi16	SzSz r=1	-0.08911982711667468	-0.0005521406017328645	0.9811892809767304	16.971004385884918	17.112206792804077
32	0.0	12	chi32	SzSz r=1	-0.08911982711667468	-8.844266044384652e-5	0.9985421657906371	17.100885202675904	17.112206792804077
32	0.0	12	exact	SzSz r=1	-0.08911982711667468	0.0	NaN	17.112206792804077	17.112206792804077
32	0.0	12	UHF	SzSz r=1	-0.08911982711667468	0.0827856663335795	NaN	1.244631149963861	17.112206792804077
32	0.0	12	UHFsym	SzSz r=1	-0.08911982711667468	-0.015777264647202	NaN	11.054660020381572	17.112206792804077
32	0.0	12	chi2	hop up r=1	0.4421248977570664	0.4421248977570664	0.006921655960620817	1.0	24.763424343800992
32	0.0	12	chi4	hop up r=1	0.4421248977570664	0.4421248977570664	0.14457364341676135	1.0	24.763424343800992
32	0.0	12	chi8	hop up r=1	0.4421248977570664	0.010619440723268758	0.8418403364003674	24.255685681854757	24.763424343800992
32	0.0	12	chi16	hop up r=1	0.4421248977570664	0.003295503950336065	0.9811892809767304	24.674598567912543	24.763424343800992
32	0.0	12	chi32	hop up r=1	0.4421248977570664	0.0003263157412645157	0.9985421657906371	24.757477689453907	24.763424343800992
32	0.0	12	exact	hop up r=1	0.4421248977570664	0.0	NaN	24.763424343800992	24.763424343800992
32	0.0	12	UHF	hop up r=1	0.4421248977570664	0.00322498034557267	NaN	24.67716385128439	24.763424343800992
32	0.0	12	UHFsym	hop up r=1	0.4421248977570664	0.0032249803455794424	NaN	24.677163851284142	24.763424343800992
32	0.0	13	chi2	n	0.9999999999992383	-7.58948459633757e-13	0.006921655960620817	1.0000000618722114	0.9999999952648624
32	0.0	13	chi4	n	0.9999999999992383	-2.5065227671206003e-10	0.14457364341676135	0.9999999647789197	0.9999999952648624
32	0.0	13	chi8	n	0.9999999999992383	-3.6776304224162004e-10	0.8418403364003674	0.9999999926363761	0.9999999952648624
32	0.0	13	chi16	n	0.9999999999992383	1.374511615637175e-11	0.9811892809767304	0.9999999941185126	0.9999999952648624
32	0.0	13	chi32	n	0.9999999999992383	1.9146217944410182e-10	0.9985421657906371	0.9999999963261151	0.9999999952648624
32	0.0	13	exact	n	0.9999999999992383	0.0	NaN	0.9999999952648624	0.9999999952648624
32	0.0	13	UHF	n	0.9999999999992383	-7.615019725903949e-13	NaN	0.02135873411968271	0.9999999952648624
32	0.0	13	UHFsym	n	0.9999999999992383	-7.615019725903949e-13	NaN	0.9999999999999998	0.9999999952648624
32	0.0	13	chi2	Sz	-1.6390045431968758e-9	-2.3056874995498724e-8	0.006921655960620817	0.9999999683129346	1.0000000024247508
32	0.0	13	chi4	Sz	-1.6390045431968758e-9	1.0592763582950582e-8	0.14457364341676135	1.000000018128016	1.0000000024247508
32	0.0	13	chi8	Sz	-1.6390045431968758e-9	9.68125205003112e-10	0.8418403364003674	1.000000003903547	1.0000000024247508
32	0.0	13	chi16	Sz	-1.6390045431968758e-9	3.9464624623786193e-10	0.9811892809767304	1.000000003006878	1.0000000024247508
32	0.0	13	chi32	Sz	-1.6390045431968758e-9	-3.976872997579761e-10	0.9985421657906371	1.0000000018121833	1.0000000024247508
32	0.0	13	exact	Sz	-1.6390045431968758e-9	0.0	NaN	1.0000000024247508	1.0000000024247508
32	0.0	13	UHF	Sz	-1.6390045431968758e-9	0.38448192414382915	NaN	0.030448422256623045	1.0000000024247508
32	0.0	13	UHFsym	Sz	-1.6390045431968758e-9	-1.6390045154413002e-9	NaN	0.9999999999999999	1.0000000024247508
32	0.0	13	chi2	DoubleOcc	0.1001796245100218	0.1001796245100218	0.006921655960620817	2.018956872475189	24.687670863471244
32	0.0	13	chi4	DoubleOcc	0.1001796245100218	0.041316049361493384	0.14457364341676135	8.223060279719082	24.687670863471244
32	0.0	13	chi8	DoubleOcc	0.1001796245100218	0.0004326773627919278	0.8418403364003674	24.64206447652521	24.687670863471244
32	0.0	13	chi16	DoubleOcc	0.1001796245100218	0.00044757894271879595	0.9811892809767304	24.64031954325766	24.687670863471244
32	0.0	13	chi32	DoubleOcc	0.1001796245100218	2.0712117348109516e-5	0.9985421657906371	24.685711498735795	24.687670863471244
32	0.0	13	exact	DoubleOcc	0.1001796245100218	0.0	NaN	24.687670863471244	24.687670863471244
32	0.0	13	UHF	DoubleOcc	0.1001796245100218	-0.001994024236301628	NaN	1.157655806256953	24.687670863471244
32	0.0	13	UHFsym	DoubleOcc	0.1001796245100218	-0.001994024236301628	NaN	24.769403044477126	24.687670863471244
32	0.0	13	chi2	ZZ onsite	-0.5992815019583876	0.40071849804160975	0.006921655960620817	2.198153458592325	47.391469892712514
32	0.0	13	chi4	ZZ onsite	-0.5992815019583876	0.16526419794727787	0.14457364341676135	10.600968117512451	47.391469892712514
32	0.0	13	chi8	ZZ onsite	-0.5992815019583876	0.001730710186694684	0.8418403364003674	47.39558953653942	47.391469892712514
32	0.0	13	chi16	ZZ onsite	-0.5992815019583876	0.0017903157433852845	0.9811892809767304	47.39508035490254	47.391469892712514
32	0.0	13	chi32	ZZ onsite	-0.5992815019583876	8.284808646841224e-5	0.9985421657906371	47.392499912348455	47.391469892712514
32	0.0	13	exact	ZZ onsite	-0.5992815019583876	0.0	NaN	47.391469892712514	47.391469892712514
32	0.0	13	UHF	ZZ onsite	-0.5992815019583876	-0.007976096943681843	NaN	46.90523592921713	47.391469892712514
32	0.0	13	UHFsym	ZZ onsite	-0.5992815019583876	-0.007976096943681843	NaN	46.90523592921713	47.391469892712514
32	0.0	13	chi2	ZZ up-up r=1	-0.5944326606753488	0.4055673393246485	0.006921655960620817	2.0499507570878737	43.49281011634943
32	0.0	13	chi4	ZZ up-up r=1	-0.5944326606753488	0.1431012546627063	0.14457364341676135	12.16208799720088	43.49281011634943
32	0.0	13	chi8	ZZ up-up r=1	-0.5944326606753488	-0.009307197834627412	0.8418403364003674	43.29531070543319	43.49281011634943
32	0.0	13	chi16	ZZ up-up r=1	-0.5944326606753488	-0.003248278939644522	0.9811892809767304	43.52745298077546	43.49281011634943
32	0.0	13	chi32	ZZ up-up r=1	-0.5944326606753488	-0.00013719019918878583	0.9985421657906371	43.496524714646526	43.49281011634943
32	0.0	13	exact	ZZ up-up r=1	-0.5944326606753488	0.0	NaN	43.49281011634943	43.49281011634943
32	0.0	13	UHF	ZZ up-up r=1	-0.5944326606753488	0.18950588186340067	NaN	7.938877446083874	43.49281011634943
32	0.0	13	UHFsym	ZZ up-up r=1	-0.5944326606753488	-0.2047458419275197	NaN	7.302981570860423	43.49281011634943
32	0.0	13	chi2	SzSz r=1	-0.12431228771009217	0.12568771228990716	0.006921655960620817	1.0281712175027682	34.65510614206358
32	0.0	13	chi4	SzSz r=1	-0.12431228771009217	0.030639403612629568	0.14457364341676135	11.75196471374162	34.65510614206358
32	0.0	13	chi8	SzSz r=1	-0.12431228771009217	-0.0027822732136332656	0.8418403364003674	32.85705287066694	34.65510614206358
32	0.0	13	chi16	SzSz r=1	-0.12431228771009217	-0.00011122788533488026	0.9811892809767304	34.647791946067315	34.65510614206358
32	0.0	13	chi32	SzSz r=1	-0.12431228771009217	-3.416288244370569e-5	0.9985421657906371	34.64906010886771	34.65510614206358
32	0.0	13	exact	SzSz r=1	-0.12431228771009217	0.0	NaN	34.65510614206358	34.65510614206358
32	0.0	13	UHF	SzSz r=1	-0.12431228771009217	0.04759320571360018	NaN	6.145961567940457	34.65510614206358
32	0.0	13	UHFsym	SzSz r=1	-0.12431228771009217	-0.0509697252341261	NaN	5.266362800126294	34.65510614206358
32	0.0	13	chi2	hop up r=1	0.5319297809702818	0.5319297809702818	0.006921655960620817	1.0	37.26735619194461
32	0.0	13	chi4	hop up r=1	0.5319297809702818	-0.028586077886775807	0.14457364341676135	32.874286106065554	37.26735619194461
32	0.0	13	chi8	hop up r=1	0.5319297809702818	0.011732399925326598	0.8418403364003674	37.02158675655255	37.26735619194461
32	0.0	13	chi16	hop up r=1	0.5319297809702818	0.0021847145248328204	0.9811892809767304	37.322408867213085	37.26735619194461
32	0.0	13	chi32	hop up r=1	0.5319297809702818	8.426713300302424e-5	0.9985421657906371	37.27033412616688	37.26735619194461
32	0.0	13	exact	hop up r=1	0.5319297809702818	0.0	NaN	37.26735619194461	37.26735619194461
32	0.0	13	UHF	hop up r=1	0.5319297809702818	0.09302986334903535	NaN	18.307039496322144	37.26735619194461
32	0.0	13	UHFsym	hop up r=1	0.5319297809702818	0.09302986334904362	NaN	18.307039496320428	37.26735619194461
32	0.0	14	chi2	n	1.0000000001538325	1.538351668273208e-10	0.006921655960620817	1.0000000511363472	0.9999999970485892
32	0.0	14	chi4	n	1.0000000001538325	4.037182810279205e-10	0.14457364341676135	0.9999999699137481	0.9999999970485892
32	0.0	14	chi8	n	1.0000000001538325	4.731158798065849e-10	0.8418403364003674	0.9999999940517571	0.9999999970485892
32	0.0	14	chi16	n	1.0000000001538325	4.3055559117988196e-11	0.9811892809767304	0.9999999956628832	0.9999999970485892
32	0.0	14	chi32	n	1.0000000001538325	1.5695000854520913e-11	0.9985421657906371	0.9999999983979472	0.9999999970485892
32	0.0	14	exact	n	1.0000000001538325	0.0	NaN	0.9999999970485892	0.9999999970485892
32	0.0	14	UHF	n	1.0000000001538325	1.5382228824023514e-10	NaN	0.01843260713704203	0.9999999970485892
32	0.0	14	UHFsym	n	1.0000000001538325	1.5382228824023514e-10	NaN	0.9999999999999982	0.9999999970485892
32	0.0	14	chi2	Sz	1.222116484400626e-9	2.263998683665891e-8	0.006921655960620817	0.9999999807435568	1.0000000012755779
32	0.0	14	chi4	Sz	1.222116484400626e-9	-1.1401915446518363e-8	0.14457364341676135	1.0000000110627503	1.0000000012755779
32	0.0	14	chi8	Sz	1.222116484400626e-9	-1.298377641512083e-9	0.8418403364003674	1.000000001899159	1.0000000012755779
32	0.0	14	chi16	Sz	1.222116484400626e-9	-5.843156722362686e-10	0.9811892809767304	1.000000001751439	1.0000000012755779
32	0.0	14	chi32	Sz	1.222116484400626e-9	5.637282828041545e-10	0.9985421657906371	1.000000000750704	1.0000000012755779
32	0.0	14	exact	Sz	1.222116484400626e-9	0.0	NaN	1.0000000012755779	1.0000000012755779
32	0.0	14	UHF	Sz	1.222116484400626e-9	-0.38448192445414436	NaN	0.0283183473116919	1.0000000012755779
32	0.0	14	UHFsym	Sz	1.222116484400626e-9	1.2221164917732008e-9	NaN	1.0000000000000122	1.0000000012755779
32	0.0	14	chi2	DoubleOcc	0.10032518230217272	0.10032518230217272	0.006921655960620817	2.097690360182533	28.257094557868893
32	0.0	14	chi4	DoubleOcc	0.10032518230217272	0.04146160740353291	0.14457364341676135	8.935139270587307	28.257094557868893
32	0.0	14	chi8	DoubleOcc	0.10032518230217272	0.00010087410308434741	0.8418403364003674	28.25292637489298	28.257094557868893
32	0.0	14	chi16	DoubleOcc	0.10032518230217272	0.0005183139969725525	0.9811892809767304	28.22821082795	28.257094557868893
32	0.0	14	chi32	DoubleOcc	0.10032518230217272	2.4465944304635778e-5	0.9985421657906371	28.256148287831973	28.257094557868893
32	0.0	14	exact	DoubleOcc	0.10032518230217272	0.0	NaN	28.257094557868893	28.257094557868893
32	0.0	14	UHF	DoubleOcc	0.10032518230217272	-0.0018484665261067068	NaN	1.1734108913533006	28.257094557868893
32	0.0	14	UHFsym	DoubleOcc	0.10032518230217272	-0.0018484665261066513	NaN	28.208774231377657	28.257094557868893
32	0.0	14	chi2	ZZ onsite	-0.5986992710989715	0.40130072890102586	0.006921655960620817	2.1507636357238558	50.59293970590689
32	0.0	14	chi4	ZZ onsite	-0.5986992710989715	0.16584642880669498	0.14457364341676135	10.363279108078952	50.59293970590689
32	0.0	14	chi8	ZZ onsite	-0.5986992710989715	0.0004034954661068513	0.8418403364003674	50.58443070533707	50.59293970590689
32	0.0	14	chi16	ZZ onsite	-0.5986992710989715	0.00207325590177998	0.9811892809767304	50.52496441000007	50.59293970590689
32	0.0	14	chi32	ZZ onsite	-0.5986992710989715	9.78637458289855e-5	0.9985421657906371	50.59108593570921	50.59293970590689
32	0.0	14	exact	ZZ onsite	-0.5986992710989715	0.0	NaN	50.59293970590689	50.59293970590689
32	0.0	14	UHF	ZZ onsite	-0.5986992710989715	-0.007393866412068295	NaN	50.34479138778766	50.59293970590689
32	0.0	14	UHFsym	ZZ onsite	-0.5986992710989715	-0.007393866412068073	NaN	50.34479138778769	50.59293970590689
32	0.0	14	chi2	ZZ up-up r=1	-0.435302924571451	-0.07305982071086375	0.006921655960620817	13.681208519615033	20.09269177163579
32	0.0	14	chi4	ZZ up-up r=1	-0.435302924571451	-0.13682491391152052	0.14457364341676135	7.228767906841739	20.09269177163579
32	0.0	14	chi8	ZZ up-up r=1	-0.435302924571451	-0.010204103938937892	0.8418403364003674	20.109768591399735	20.09269177163579
32	0.0	14	chi16	ZZ up-up r=1	-0.435302924571451	-0.005495901339657883	0.9811892809767304	20.155824610286476	20.09269177163579
32	0.0	14	chi32	ZZ up-up r=1	-0.435302924571451	-0.0004661459335164042	0.9985421657906371	20.10290477905046	20.09269177163579
32	0.0	14	exact	ZZ up-up r=1	-0.435302924571451	0.0	NaN	20.09269177163579	20.09269177163579
32	0.0	14	UHF	ZZ up-up r=1	-0.435302924571451	0.34863561778531266	NaN	1.4391525954753077	20.09269177163579
32	0.0	14	UHFsym	ZZ up-up r=1	-0.435302924571451	-0.04561610589354431	NaN	17.273799400133278	20.09269177163579
32	0.0	14	chi2	SzSz r=1	-0.08970274307268875	0.0008580328924580605	0.006921655960620817	11.730335646438226	13.126893556727799
32	0.0	14	chi4	SzSz r=1	-0.08970274307268875	-0.013824333373262485	0.14457364341676135	8.319263410576205	13.126893556727799
32	0.0	14	chi8	SzSz r=1	-0.08970274307268875	-0.0023064483339339387	0.8418403364003674	12.897987341652914	13.126893556727799
32	0.0	14	chi16	SzSz r=1	-0.08970274307268875	-0.0005840706197382528	0.9811892809767304	13.125156733652767	13.126893556727799
32	0.0	14	chi32	SzSz r=1	-0.08970274307268875	-9.05326104473636e-5	0.9985421657906371	13.124090335422547	13.126893556727799
32	0.0	14	exact	SzSz r=1	-0.08970274307268875	0.0	NaN	13.126893556727799	13.126893556727799
32	0.0	14	UHF	SzSz r=1	-0.08970274307268875	0.08220275030724761	NaN	1.2286361975788374	13.126893556727799
32	0.0	14	UHFsym	SzSz r=1	-0.08970274307268875	-0.016360180612464054	NaN	8.862083606980756	13.126893556727799
32	0.0	14	chi2	hop up r=1	0.4436151734094539	0.4436151734094539	0.006921655960620817	1.0	19.190369585940857
32	0.0	14	chi4	hop up r=1	0.4436151734094539	0.4436151734094539	0.14457364341676135	1.0	19.190369585940857
32	0.0	14	chi8	hop up r=1	0.4436151734094539	0.0108795217631103	0.8418403364003674	18.816027288114743	19.190369585940857
32	0.0	14	chi16	hop up r=1	0.4436151734094539	0.003384300337325674	0.9811892809767304	19.115964883214193	19.190369585940857
32	0.0	14	chi32	hop up r=1	0.4436151734094539	0.00035086816255347486	0.9985421657906371	19.184476548648206	19.190369585940857
32	0.0	14	exact	hop up r=1	0.4436151734094539	0.0	NaN	19.190369585940857	19.190369585940857
32	0.0	14	UHF	hop up r=1	0.4436151734094539	0.004715255804060514	NaN	19.07608156942013	19.190369585940857
32	0.0	14	UHFsym	hop up r=1	0.4436151734094539	0.004715255804066343	NaN	19.076081569419937	19.190369585940857
32	0.0	15	chi2	n	1.000000000063023	6.302547372882827e-11	0.006921655960620817	0.9999999319429088	1.0000000033588023
32	0.0	15	chi4	n	1.000000000063023	9.148515278667446e-11	0.14457364341676135	1.0000000104935807	1.0000000033588023
32	0.0	15	chi8	n	1.000000000063023	-2.5971003125846437e-11	0.8418403364003674	1.0000000069173243	1.0000000033588023
32	0.0	15	chi16	n	1.000000000063023	6.09956529729061e-11	0.9811892809767304	1.0000000041237833	1.0000000033588023
32	0.0	15	chi32	n	1.000000000063023	-6.856382128717087e-11	0.9985421657906371	1.0000000027011455	1.0000000033588023
32	0.0	15	exact	n	1.000000000063023	0.0	NaN	1.0000000033588023	1.0000000033588023
32	0.0	15	UHF	n	1.000000000063023	6.301914545758791e-11	NaN	0.01996382023705773	1.0000000033588023
32	0.0	15	UHFsym	n	1.000000000063023	6.301914545758791e-11	NaN	1.000000000000003	1.0000000033588023
32	0.0	15	chi2	Sz	-1.496454772598188e-9	-3.181602881861788e-8	0.006921655960620817	0.9999999521340025	1.0000000023547626
32	0.0	15	chi4	Sz	-1.496454772598188e-9	3.1784367152121185e-9	0.14457364341676135	1.000000007383763	1.0000000023547626
32	0.0	15	chi8	Sz	-1.496454772598188e-9	1.5853762885820188e-9	0.8418403364003674	1.000000004854433	1.0000000023547626
32	0.0	15	chi16	Sz	-1.496454772598188e-9	3.4070953697229456e-10	0.9811892809767304	1.000000002900098	1.0000000023547626
32	0.0	15	chi32	Sz	-1.496454772598188e-9	-2.9288528546889125e-10	0.9985421657906371	1.0000000018840027	1.0000000023547626
32	0.0	15	exact	Sz	-1.496454772598188e-9	0.0	NaN	1.0000000023547626	1.0000000023547626
32	0.0	15	UHF	Sz	-1.496454772598188e-9	0.38448192417709753	NaN	0.025746452052609798	1.0000000023547626
32	0.0	15	UHFsym	Sz	-1.496454772598188e-9	-1.4964547491794211e-9	NaN	0.9999999999999996	1.0000000023547626
32	0.0	15	chi2	DoubleOcc	0.10023113116946397	0.10023113116946397	0.006921655960620817	2.1120653001245473	30.602228815214772
32	0.0	15	chi4	DoubleOcc	0.10023113116946397	0.04163428253208454	0.14457364341676135	9.104891920982661	30.602228815214772
32	0.0	15	chi8	DoubleOcc	0.10023113116946397	0.0005302152659658055	0.8418403364003674	30.56843232229446	30.602228815214772
32	0.0	15	chi16	DoubleOcc	0.10023113116946397	0.0004485284025412817	0.9811892809767304	30.575121620884993	30.602228815214772
32	0.0	15	chi32	DoubleOcc	0.10023113116946397	2.2714553497366063e-5	0.9985421657906371	30.601248212628434	30.602228815214772
32	0.0	15	exact	DoubleOcc	0.10023113116946397	0.0	NaN	30.602228815214772	30.602228815214772
32	0.0	15	UHF	DoubleOcc	0.10023113116946397	-0.0019425176608949268	NaN	1.3571478083320847	30.602228815214772
32	0.0	15	UHFsym	DoubleOcc	0.10023113116946397	-0.0019425176608949546	NaN	30.53100620590471	30.602228815214772
32	0.0	15	chi2	ZZ onsite	-0.5990754754481877	0.4009245245518098	0.006921655960620817	2.145157307695932	56.11557784123006
32	0.0	15	chi4	ZZ onsite	-0.5990754754481877	0.1665371299453674	0.14457364341676135	10.372575616148003	56.11557784123006
32	0.0	15	chi8	ZZ onsite	-0.5990754754481877	0.002120861115805006	0.8418403364003674	55.99249408239591	56.11557784123006
32	0.0	15	chi16	ZZ onsite	-0.5990754754481877	0.001794113488174931	0.9811892809767304	56.016494017789086	56.11557784123006
32	0.0	15	chi32	ZZ onsite	-0.5990754754481877	9.085835111755092e-5	0.9985421657906371	56.11189526591246	56.11557784123006
32	0.0	15	exact	ZZ onsite	-0.5990754754481877	0.0	NaN	56.11557784123006	56.11557784123006
32	0.0	15	UHF	ZZ onsite	-0.5990754754481877	-0.007770070769615778	NaN	55.90092588844293	56.11557784123006
32	0.0	15	UHFsym	ZZ onsite	-0.5990754754481877	-0.007770070769615889	NaN	55.90092588844292	56.11557784123006
32	0.0	15	chi2	ZZ up-up r=1	-0.592689086108045	0.4073109138919525	0.006921655960620817	2.077897523242643	52.645361967582055
32	0.0	15	chi4	ZZ up-up r=1	-0.592689086108045	0.14111608099017092	0.14457364341676135	13.451510909740906	52.645361967582055
32	0.0	15	chi8	ZZ up-up r=1	-0.592689086108045	-0.010047332964792988	0.8418403364003674	51.83498883189734	52.645361967582055
32	0.0	15	chi16	ZZ up-up r=1	-0.592689086108045	-0.0033597516168031305	0.9811892809767304	52.54408375209364	52.645361967582055
32	0.0	15	chi32	ZZ up-up r=1	-0.592689086108045	-0.0001623180393974799	0.9985421657906371	52.64447288667828	52.645361967582055
32	0.0	15	exact	ZZ up-up r=1	-0.592689086108045	0.0	NaN	52.645361967582055	52.645361967582055
32	0.0	15	UHF	ZZ up-up r=1	-0.592689086108045	0.19124945624551648	NaN	8.281244137668251	52.645361967582055
32	0.0	15	UHFsym	ZZ up-up r=1	-0.592689086108045	-0.20300226742547722	NaN	7.446932873363592	52.645361967582055
32	0.0	15	chi2	SzSz r=1	-0.12393321690013107	0.12606678309986832	0.006921655960620817	0.9696528675912663	32.526922367759624
32	0.0	15	chi4	SzSz r=1	-0.12393321690013107	0.030219650548616972	0.14457364341676135	11.45444155134385	32.526922367759624
32	0.0	15	chi8	SzSz r=1	-0.12393321690013107	-0.002971418433424078	0.8418403364003674	30.841526173725853	32.526922367759624
32	0.0	15	chi16	SzSz r=1	-0.12393321690013107	-0.00013319845388802543	0.9811892809767304	32.477321723999694	32.526922367759624
32	0.0	15	chi32	SzSz r=1	-0.12393321690013107	-3.902879222586475e-5	0.9985421657906371	32.522365544956	32.526922367759624
32	0.0	15	exact	SzSz r=1	-0.12393321690013107	0.0	NaN	32.526922367759624	32.526922367759624
32	0.0	15	UHF	SzSz r=1	-0.12393321690013107	0.047972276477932785	NaN	5.785500520704778	32.526922367759624
32	0.0	15	UHFsym	SzSz r=1	-0.12393321690013107	-0.05059065443981464	NaN	5.239550419612984	32.526922367759624
32	0.0	15	chi2	hop up r=1	0.5309640544387946	0.5309640544387946	0.006921655960620817	1.0	35.809887023603004
32	0.0	15	chi4	hop up r=1	0.5309640544387946	-0.027054509533267934	0.14457364341676135	32.82759605849487	35.809887023603004
32	0.0	15	chi8	hop up r=1	0.5309640544387946	0.012539633029471475	0.8418403364003674	35.134867747950636	35.809887023603004
32	0.0	15	chi16	hop up r=1	0.5309640544387946	0.00224017698226997	0.9811892809767304	35.78903435055141	35.809887023603004
32	0.0	15	chi32	hop up r=1	0.5309640544387946	9.630202432597823e-5	0.9985421657906371	35.80990317800488	35.809887023603004
32	0.0	15	exact	hop up r=1	0.5309640544387946	0.0	NaN	35.809887023603004	35.809887023603004
32	0.0	15	UHF	hop up r=1	0.5309640544387946	0.0920641368236193	NaN	17.508615079869585	35.809887023603004
32	0.0	15	UHFsym	hop up r=1	0.5309640544387946	0.09206413682362347	NaN	17.50861507986878	35.809887023603004
32	0.0	16	chi2	n	0.9999999999397187	-6.027878196590564e-11	0.006921655960620817	1.000000006813516	0.9999999997146357
32	0.0	16	chi4	n	0.9999999999397187	-8.874967427630054e-11	0.14457364341676135	0.999999998744459	0.9999999997146357
32	0.0	16	chi8	n	0.9999999999397187	1.3719847480331282e-10	0.8418403364003674	0.9999999993392723	0.9999999997146357
32	0.0	16	chi16	n	0.9999999999397187	8.236400450556403e-11	0.9811892809767304	0.9999999995975541	0.9999999997146357
32	0.0	16	chi32	n	0.9999999999397187	-1.7261903018095381e-10	0.9985421657906371	0.9999999998604452	0.9999999997146357
32	0.0	16	exact	n	0.9999999999397187	0.0	NaN	0.9999999997146357	0.9999999997146357
32	0.0	16	UHF	n	0.9999999999397187	-6.028577637096078e-11	NaN	0.02028083302758373	0.9999999997146357
32	0.0	16	UHFsym	n	0.9999999999397187	-6.028577637096078e-11	NaN	1.0000000000000016	0.9999999997146357
32	0.0	16	chi2	Sz	1.104945791113865e-9	3.142451993412565e-8	0.006921655960620817	1.000000010850076	0.9999999995884402
32	0.0	16	chi4	Sz	1.104945791113865e-9	-4.559641029328043e-9	0.14457364341676135	0.999999997980466	0.9999999995884402
32	0.0	16	chi8	Sz	1.104945791113865e-9	-1.2950912495202083e-9	0.8418403364003674	0.9999999990882398	0.9999999995884402
32	0.0	16	chi16	Sz	1.104945791113865e-9	-2.957603953412935e-10	0.9811892809767304	0.9999999994605464	0.9999999995884402
32	0.0	16	chi32	Sz	1.104945791113865e-9	1.7679894354083459e-10	0.9985421657906371	0.9999999996979263	0.9999999995884402
32	0.0	16	exact	Sz	1.104945791113865e-9	0.0	NaN	0.9999999995884402	0.9999999995884402
32	0.0	16	UHF	Sz	1.104945791113865e-9	-0.38448192456365266	NaN	0.031775280915599	0.9999999995884402
32	0.0	16	UHFsym	Sz	1.104945791113865e-9	1.1049458019558867e-9	NaN	1.0000000000000009	0.9999999995884402
32	0.0	16	chi2	DoubleOcc	0.10027732097400133	0.10027732097400133	0.006921655960620817	2.1101424815091185	27.036286628353057
32	0.0	16	chi4	DoubleOcc	0.10027732097400133	0.04168047230815694	0.14457364341676135	8.834742543741116	27.036286628353057
32	0.0	16	chi8	DoubleOcc	0.10027732097400133	0.0001646698976922878	0.8418403364003674	27.031883811522786	27.036286628353057
32	0.0	16	chi16	DoubleOcc	0.10027732097400133	0.0005251098877087912	0.9811892809767304	27.016288541288596	27.036286628353057
32	0.0	16	chi32	DoubleOcc	0.10027732097400133	2.592949279930923e-5	0.9985421657906371	27.035706729240793	27.036286628353057
32	0.0	16	exact	DoubleOcc	0.10027732097400133	0.0	NaN	27.036286628353057	27.036286628353057
32	0.0	16	UHF	DoubleOcc	0.10027732097400133	-0.001896327860167274	NaN	1.163448884957097	27.036286628353057
32	0.0	16	UHFsym	DoubleOcc	0.10027732097400133	-0.0018963278601671907	NaN	26.963901791211867	27.036286628353057
32	0.0	16	chi2	ZZ onsite	-0.5988907159834311	0.4011092840165663	0.006921655960620817	2.2350298198341503	47.55820384184419
32	0.0	16	chi4	ZZ onsite	-0.5988907159834311	0.16672188941012467	0.14457364341676135	10.771232021509235	47.55820384184419
32	0.0	16	chi8	ZZ onsite	-0.5988907159834311	0.000658679316369204	0.8418403364003674	47.58391709976015	47.55820384184419
32	0.0	16	chi16	ZZ onsite	-0.5988907159834311	0.0021004393861070447	0.9811892809767304	47.62176290185448	47.55820384184419
32	0.0	16	chi32	ZZ onsite	-0.5988907159834311	0.0001037183164344091	0.9985421657906371	47.56260217861932	47.55820384184419
32	0.0	16	exact	ZZ onsite	-0.5988907159834311	0.0	NaN	47.55820384184419	47.55820384184419
32	0.0	16	UHF	ZZ onsite	-0.5988907159834311	-0.007585311320096433	NaN	46.8902165465076	47.55820384184419
32	0.0	16	UHFsym	ZZ onsite	-0.5988907159834311	-0.007585311320096322	NaN	46.89021654650762	47.55820384184419
32	0.0	16	chi2	ZZ up-up r=1	-0.43615457551091447	-0.0717102881286859	0.006921655960620817	13.922261756913969	21.42586083931578
32	0.0	16	chi4	ZZ up-up r=1	-0.43615457551091447	-0.1353720034309961	0.14457364341676135	7.270056638597098	21.42586083931578
32	0.0	16	chi8	ZZ up-up r=1	-0.43615457551091447	-0.009747196629135202	0.8418403364003674	21.2536366884991	21.42586083931578
32	0.0	16	chi16	ZZ up-up r=1	-0.43615457551091447	-0.0055691964977110375	0.9811892809767304	21.38053871458613	21.42586083931578
32	0.0	16	chi32	ZZ up-up r=1	-0.43615457551091447	-0.00047561596471779044	0.9985421657906371	21.427581775765226	21.42586083931578
32	0.0	16	exact	ZZ up-up r=1	-0.43615457551091447	0.0	NaN	21.42586083931578	21.42586083931578
32	0.0	16	UHF	ZZ up-up r=1	-0.43615457551091447	0.3477839668340628	NaN	1.516883424782188	21.42586083931578
32	0.0	16	UHFsym	ZZ up-up r=1	-0.43615457551091447	-0.046467756831849005	NaN	17.523301457641224	21.42586083931578
32	0.0	16	chi2	SzSz r=1	-0.08988793853918652	0.0012231333063706246	0.006921655960620817	11.84524116950782	13.475490103017544
32	0.0	16	chi4	SzSz r=1	-0.08988793853918652	-0.013452665613809686	0.14457364341676135	9.274916979588404	13.475490103017544
32	0.0	16	chi8	SzSz r=1	-0.08988793853918652	-0.002202788020386065	0.8418403364003674	13.519655216720732	13.475490103017544
32	0.0	16	chi16	SzSz r=1	-0.08988793853918652	-0.000593150572037307	0.9811892809767304	13.533794872099564	13.475490103017544
32	0.0	16	chi32	SzSz r=1	-0.08988793853918652	-9.112057776027027e-5	0.9985421657906371	13.482938654120247	13.475490103017544
32	0.0	16	exact	SzSz r=1	-0.08988793853918652	0.0	NaN	13.475490103017544	13.475490103017544
32	0.0	16	UHF	SzSz r=1	-0.08988793853918652	0.0820175548368526	NaN	1.1224333838098084	13.475490103017544
32	0.0	16	UHFsym	SzSz r=1	-0.08988793853918652	-0.016545376079625168	NaN	9.902769754065538	13.475490103017544
32	0.0	16	chi2	hop up r=1	0.4440883507129863	0.4440883507129863	0.006921655960620817	1.0	24.84319595214053
32	0.0	16	chi4	hop up r=1	0.4440883507129863	0.4440883507129863	0.14457364341676135	1.0	24.84319595214053
32	0.0	16	chi8	hop up r=1	0.4440883507129863	0.010882160012626707	0.8418403364003674	24.761149659547133	24.84319595214053
32	0.0	16	chi16	hop up r=1	0.4440883507129863	0.0034166299040546133	0.9811892809767304	24.89555113235226	24.84319595214053
32	0.0	16	chi32	hop up r=1	0.4440883507129863	0.0003624394837012934	0.9985421657906371	24.852130357610445	24.84319595214053
32	0.0	16	exact	hop up r=1	0.4440883507129863	0.0	NaN	24.84319595214053	24.84319595214053
32	0.0	16	UHF	hop up r=1	0.4440883507129863	0.005188433098916756	NaN	24.894495861582577	24.84319595214053
32	0.0	16	UHFsym	hop up r=1	0.4440883507129863	0.005188433098913203	NaN	24.894495861582595	24.84319595214053
32	0.0	17	chi2	n	0.9999999997965489	-2.0344836926255994e-10	0.006921655960620817	0.9999999849299649	1.000000000389512
32	0.0	17	chi4	n	0.9999999997965489	7.966471926579288e-10	0.14457364341676135	1.0000000009170051	1.000000000389512
32	0.0	17	chi8	n	0.9999999997965489	-1.914969294247726e-10	0.8418403364003674	1.000000000939664	1.000000000389512
32	0.0	17	chi16	n	0.9999999997965489	-5.6514570800914044e-11	0.9811892809767304	1.000000000632871	1.000000000389512
32	0.0	17	chi32	n	0.9999999997965489	-1.2259182557983195e-10	0.9985421657906371	1.0000000004747025	1.000000000389512
32	0.0	17	exact	n	0.9999999997965489	0.0	NaN	1.000000000389512	1.000000000389512
32	0.0	17	UHF	n	0.9999999997965489	-2.0345047868630672e-10	NaN	0.01965676886974715	1.000000000389512
32	0.0	17	UHFsym	n	0.9999999997965489	-2.0345058970860919e-10	NaN	0.9999999999999989	1.000000000389512
32	0.0	17	chi2	Sz	-1.4690433453035112e-9	-3.926092238857124e-8	0.006921655960620817	1.000000038364041	0.9999999983143721
32	0.0	17	chi4	Sz	-1.4690433453035112e-9	3.2502018090796447e-9	0.14457364341676135	0.9999999942540014	0.9999999983143721
32	0.0	17	chi8	Sz	-1.4690433453035112e-9	9.164066519518066e-10	0.8418403364003674	0.9999999975669926	0.9999999983143721
32	0.0	17	chi16	Sz	-1.4690433453035112e-9	4.735764419505628e-10	0.9811892809767304	0.999999997887603	0.9999999983143721
32	0.0	17	chi32	Sz	-1.4690433453035112e-9	-8.294046005552502e-11	0.9985421657906371	0.9999999985156635	0.9999999983143721
32	0.0	17	exact	Sz	-1.4690433453035112e-9	0.0	NaN	0.9999999983143721	0.9999999983143721
32	0.0	17	UHF	Sz	-1.4690433453035112e-9	0.3844819241995562	NaN	0.028001009635104872	0.9999999983143721
32	0.0	17	UHFsym	Sz	-1.4690433453035112e-9	-1.4690433643854695e-9	NaN	0.9999999999999996	0.9999999983143721
32	0.0	17	chi2	DoubleOcc	0.10027732099065109	0.10027732099065109	0.006921655960620817	1.9295283975309234	24.37957180466722
32	0.0	17	chi4	DoubleOcc	0.10027732099065109	0.04182884414600688	0.14457364341676135	7.638719008592359	24.37957180466722
32	0.0	17	chi8	DoubleOcc	0.10027732099065109	0.0005872496287984974	0.8418403364003674	24.272761037806266	24.37957180466722
32	0.0	17	chi16	DoubleOcc	0.10027732099065109	0.00044698204664020413	0.9811892809767304	24.29984133340594	24.37957180466722
32	0.0	17	chi32	DoubleOcc	0.10027732099065109	2.303475984241632e-5	0.9985421657906371	24.375709298981565	24.37957180466722
32	0.0	17	exact	DoubleOcc	0.10027732099065109	0.0	NaN	24.37957180466722	24.37957180466722
32	0.0	17	UHF	DoubleOcc	0.10027732099065109	-0.0018963278435140951	NaN	1.1201683963066242	24.37957180466722
32	0.0	17	UHFsym	DoubleOcc	0.10027732099065109	-0.0018963278435141506	NaN	24.603021895574	24.37957180466722
32	0.0	17	chi2	ZZ onsite	-0.5988907156304913	0.401109284369506	0.006921655960620817	2.0086805554282385	42.983226491669846
32	0.0	17	chi4	ZZ onsite	-0.5988907156304913	0.16731537499073024	0.14457364341676135	8.997148711786124	42.983226491669846
32	0.0	17	chi8	ZZ onsite	-0.5988907156304913	0.0023489988981876264	0.8418403364003674	42.720032517979575	42.983226491669846
32	0.0	17	chi16	ZZ onsite	-0.5988907156304913	0.0017879282995910684	0.9811892809767304	42.787771937351515	42.983226491669846
32	0.0	17	chi32	ZZ onsite	-0.5988907156304913	9.213928455298337e-5	0.9985421657906371	42.97392227866631	42.983226491669846
32	0.0	17	exact	ZZ onsite	-0.5988907156304913	0.0	NaN	42.983226491669846	42.983226491669846
32	0.0	17	UHF	ZZ onsite	-0.5988907156304913	-0.007585310967153425	NaN	43.45162893226874	42.983226491669846
32	0.0	17	UHFsym	ZZ onsite	-0.5988907156304913	-0.007585310967153536	NaN	43.45162893226874	42.983226491669846
32	0.0	17	chi2	ZZ up-up r=1	-0.5926890848871881	0.40731091511280926	0.006921655960620817	2.132806688942516	44.94975230845399
32	0.0	17	chi4	ZZ up-up r=1	-0.5926890848871881	0.13913088560580922	0.14457364341676135	13.82390094511135	44.94975230845399
32	0.0	17	chi8	ZZ up-up r=1	-0.5926890848871881	-0.010760852936551824	0.8418403364003674	43.855157963257206	44.94975230845399
32	0.0	17	chi16	ZZ up-up r=1	-0.5926890848871881	-0.0034097659551518555	0.9811892809767304	44.7343700465626	44.94975230845399
32	0.0	17	chi32	ZZ up-up r=1	-0.5926890848871881	-0.000167011717313148	0.9985421657906371	44.94215830574302	44.94975230845399
32	0.0	17	exact	ZZ up-up r=1	-0.5926890848871881	0.0	NaN	44.94975230845399	44.94975230845399
32	0.0	17	UHF	ZZ up-up r=1	-0.5926890848871881	0.19124945746633115	NaN	8.440536272471839	44.94975230845399
32	0.0	17	UHFsym	ZZ up-up r=1	-0.5926890848871881	-0.20300226620463496	NaN	7.148286304366344	44.94975230845399
32	0.0	17	chi2	SzSz r=1	-0.12393321667487098	0.12606678332512836	0.006921655960620817	0.9840943419499226	39.504019255218125
32	0.0	17	chi4	SzSz r=1	-0.12393321667487098	0.02979753727603049	0.14457364341676135	12.478792534805628	39.504019255218125
32	0.0	17	chi8	SzSz r=1	-0.12393321667487098	-0.003146567001877154	0.8418403364003674	37.65160027280439	39.504019255218125
32	0.0	17	chi16	SzSz r=1	-0.12393321667487098	-0.00014141082862111076	0.9811892809767304	39.60753542723902	39.504019255218125
32	0.0	17	chi32	SzSz r=1	-0.12393321667487098	-3.9507880624900515e-5	0.9985421657906371	39.50495613915331	39.504019255218125
32	0.0	17	exact	SzSz r=1	-0.12393321667487098	0.0	NaN	39.504019255218125	39.504019255218125
32	0.0	17	UHF	SzSz r=1	-0.12393321667487098	0.04797227670318929	NaN	6.020408108986104	39.504019255218125
32	0.0	17	UHFsym	SzSz r=1	-0.12393321667487098	-0.05059065421455672	NaN	5.334202485228391	39.504019255218125
32	0.0	17	chi2	hop up r=1	0.5309640537296278	0.5309640537296278	0.006921655960620817	1.0	39.27703258084584
32	0.0	17	chi4	hop up r=1	0.5309640537296278	-0.025641630985249186	0.14457364341676135	36.31106948984674	39.27703258084584
32	0.0	17	chi8	hop up r=1	0.5309640537296278	0.01308635035937411	0.8418403364003674	38.249882580602375	39.27703258084584
32	0.0	17	chi16	hop up r=1	0.5309640537296278	0.002272431074891057	0.9811892809767304	39.22448170596257	39.27703258084584
32	0.0	17	chi32	hop up r=1	0.5309640537296278	9.837341702589875e-5	0.9985421657906371	39.275890677047826	39.27703258084584
32	0.0	17	exact	hop up r=1	0.5309640537296278	0.0	NaN	39.27703258084584	39.27703258084584
32	0.0	17	UHF	hop up r=1	0.5309640537296278	0.09206413611447717	NaN	18.08126582750189	39.27703258084584
32	0.0	17	UHFsym	hop up r=1	0.5309640537296278	0.09206413611447017	NaN	18.081265827503373	39.27703258084584
32	0.0	18	chi2	n	0.9999999998724812	-1.275151095825322e-10	0.006921655960620817	1.000000005793658	0.9999999996701865
32	0.0	18	chi4	n	0.9999999998724812	-1.1276265476922731e-9	0.14457364341676135	1.0000000002118945	0.9999999996701865
32	0.0	18	chi8	n	0.9999999998724812	-2.8828617271159374e-10	0.8418403364003674	0.999999999738788	0.9999999996701865
32	0.0	18	chi16	n	0.9999999998724812	-2.0118939847435513e-10	0.9811892809767304	0.9999999997791165	0.9999999996701865
32	0.0	18	chi32	n	0.9999999998724812	1.3219259020758045e-10	0.9985421657906371	0.9999999996067801	0.9999999996701865
32	0.0	18	exact	n	0.9999999998724812	0.0	NaN	0.9999999996701865	0.9999999996701865
32	0.0	18	UHF	n	0.9999999998724812	-1.2750278610695887e-10	NaN	0.01983422679786828	0.9999999996701865
32	0.0	18	UHFsym	n	0.9999999998724812	-1.2750278610695887e-10	NaN	0.999999999999989	0.9999999996701865
32	0.0	18	chi2	Sz	1.4544186584253271e-9	3.924629764576193e-8	0.006921655960620817	1.0000000752656748	0.9999999968983112
32	0.0	18	chi4	Sz	1.4544186584253271e-9	-2.6280841426695734e-9	0.14457364341676135	0.9999999934776913	0.9999999968983112
32	0.0	18	chi8	Sz	1.4544186584253271e-9	-1.1277486132443837e-9	0.8418403364003674	0.999999995115922	0.9999999968983112
32	0.0	18	chi16	Sz	1.4544186584253271e-9	-3.888191088541326e-10	0.9811892809767304	0.9999999964474997	0.9999999968983112
32	0.0	18	chi32	Sz	1.4544186584253271e-9	3.0872826864425384e-10	0.9985421657906371	0.9999999973005828	0.9999999968983112
32	0.0	18	exact	Sz	1.4544186584253271e-9	0.0	NaN	0.9999999968983112	0.9999999968983112
32	0.0	18	UHF	Sz	1.4544186584253271e-9	-0.38448192421912725	NaN	0.031185255694001865	0.9999999968983112
32	0.0	18	UHFsym	Sz	1.4544186584253271e-9	1.454418655823242e-9	NaN	0.9999999999999742	0.9999999968983112
32	0.0	18	chi2	DoubleOcc	0.1002311309452662	0.10023113094526623	0.006921655960620817	2.175332900462663	27.997596907119625
32	0.0	18	chi4	DoubleOcc	0.1002311309452662	0.041782653100518874	0.14457364341676135	9.238370455372017	27.997596907119625
32	0.0	18	chi8	DoubleOcc	0.1002311309452662	0.00018028984967063955	0.8418403364003674	28.003184501032333	27.997596907119625
32	0.0	18	chi16	DoubleOcc	0.1002311309452662	0.0005264532412982692	0.9811892809767304	28.007817415877234	27.997596907119625
32	0.0	18	chi32	DoubleOcc	0.1002311309452662	2.5669899545693875e-5	0.9985421657906371	27.998525126832543	27.997596907119625
32	0.0	18	exact	DoubleOcc	0.1002311309452662	0.0	NaN	27.997596907119625	27.997596907119625
32	0.0	18	UHF	DoubleOcc	0.1002311309452662	-0.0019425178850876745	NaN	1.208761450895354	27.997596907119625
32	0.0	18	UHFsym	DoubleOcc	0.1002311309452662	-0.0019425178850876745	NaN	27.80086065999214	27.997596907119625
32	0.0	18	chi2	ZZ onsite	-0.5990754759638943	0.400924524036102	0.006921655960620817	2.2365640160064757	47.40493603113267
32	0.0	18	chi4	ZZ onsite	-0.5990754759638943	0.16713061465732726	0.14457364341676135	10.715973795003986	47.40493603113267
32	0.0	18	chi8	ZZ onsite	-0.5990754759638943	0.0007211599752564579	0.8418403364003674	47.43185865339675	47.40493603113267
32	0.0	18	chi16	ZZ onsite	-0.5990754759638943	0.002105813367574094	0.9811892809767304	47.465915143788514	47.40493603113267
32	0.0	18	chi32	ZZ onsite	-0.5990754759638943	0.00010267933379992655	0.9985421657906371	47.40915233100962	47.40493603113267
32	0.0	18	exact	ZZ onsite	-0.5990754759638943	0.0	NaN	47.40493603113267	47.40493603113267
32	0.0	18	UHF	ZZ onsite	-0.5990754759638943	-0.007770071285341906	NaN	46.72509873275069	47.40493603113267
32	0.0	18	UHFsym	ZZ onsite	-0.5990754759638943	-0.007770071285342017	NaN	46.72509873275068	47.40493603113267
32	0.0	18	chi2	ZZ up-up r=1	-0.43530292757406314	-0.06961419629052729	0.006921655960620817	14.413998874322607	23.79948650530261
32	0.0	18	chi4	ZZ up-up r=1	-0.43530292757406314	-0.13353053040780222	0.14457364341676135	7.315983590811109	23.79948650530261
32	0.0	18	chi8	ZZ up-up r=1	-0.43530292757406314	-0.009104350288030916	0.8418403364003674	23.324943401168824	23.79948650530261
32	0.0	18	chi16	ZZ up-up r=1	-0.43530292757406314	-0.005516516115910752	0.9811892809767304	23.563874810956634	23.79948650530261
32	0.0	18	chi32	ZZ up-up r=1	-0.43530292757406314	-0.0004732523985450654	0.9985421657906371	23.785762383959767	23.79948650530261
32	0.0	18	exact	ZZ up-up r=1	-0.43530292757406314	0.0	NaN	23.79948650530261	23.79948650530261
32	0.0	18	UHF	ZZ up-up r=1	-0.43530292757406314	0.34863561478264465	NaN	1.5979116455313709	23.79948650530261
32	0.0	18	UHFsym	ZZ up-up r=1	-0.43530292757406314	-0.04561610889617379	NaN	18.33718376571498	23.79948650530261
32	0.0	18	chi2	SzSz r=1	-0.0897027439946418	0.0017194388262421617	0.006921655960620817	12.510691114046287	16.36817202066932
32	0.0	18	chi4	SzSz r=1	-0.0897027439946418	-0.013040388353710838	0.14457364341676135	8.895680499211185	16.36817202066932
32	0.0	18	chi8	SzSz r=1	-0.0897027439946418	-0.0020457968111781966	0.8418403364003674	16.14228372554898	16.36817202066932
32	0.0	18	chi16	SzSz r=1	-0.0897027439946418	-0.0005796000449014155	0.9811892809767304	16.32859266026742	16.36817202066932
32	0.0	18	chi32	SzSz r=1	-0.0897027439946418	-9.023219817992645e-5	0.9985421657906371	16.368523464560244	16.36817202066932
32	0.0	18	exact	SzSz r=1	-0.0897027439946418	0.0	NaN	16.36817202066932	16.36817202066932
32	0.0	18	UHF	SzSz r=1	-0.0897027439946418	0.08220274938528986	NaN	1.160600374572624	16.36817202066932
32	0.0	18	UHFsym	SzSz r=1	-0.0897027439946418	-0.016360181534419788	NaN	11.092603301762649	16.36817202066932
32	0.0	18	chi2	hop up r=1	0.4436151742297212	0.4436151742297212	0.006921655960620817	1.0	22.44694943988674
32	0.0	18	chi4	hop up r=1	0.4436151742297212	0.4436151742297212	0.14457364341676135	1.0	22.44694943988674
32	0.0	18	chi8	hop up r=1	0.4436151742297212	0.010657555852860712	0.8418403364003674	22.0007523419559	22.44694943988674
32	0.0	18	chi16	hop up r=1	0.4436151742297212	0.003393038683343952	0.9811892809767304	22.361688836955064	22.44694943988674
32	0.0	18	chi32	hop up r=1	0.4436151742297212	0.00036122576909902726	0.9985421657906371	22.440476794752776	22.44694943988674
32	0.0	18	exact	hop up r=1	0.4436151742297212	0.0	NaN	22.44694943988674	22.44694943988674
32	0.0	18	UHF	hop up r=1	0.4436151742297212	0.004715256624359732	NaN	22.313794809295445	22.44694943988674
32	0.0	18	UHFsym	hop up r=1	0.4436151742297212	0.004715256624349129	NaN	22.31379480929587	22.44694943988674
32	0.0	19	chi2	n	0.9999999999052951	-9.47006917328963e-11	0.006921655960620817	1.000000061165157	0.9999999985523083
32	0.0	19	chi4	n	0.9999999999052951	-1.24624977004828e-9	0.14457364341676135	0.9999999945298909	0.9999999985523083
32	0.0	19	chi8	n	0.9999999999052951	-3.634987866263373e-10	0.8418403364003674	0.9999999969898278	0.9999999985523083
32	0.0	19	chi16	n	0.9999999999052951	-3.7741565428461854e-10	0.9811892809767304	0.9999999976285573	0.9999999985523083
32	0.0	19	chi32	n	0.9999999999052951	-2.382070096729194e-10	0.9985421657906371	0.9999999986191765	0.9999999985523083
32	0.0	19	exact	n	0.9999999999052951	0.0	NaN	0.9999999985523083	0.9999999985523083
32	0.0	19	UHF	n	0.9999999999052951	-9.470291217894555e-11	NaN	0.02212134258699678	0.9999999985523083
32	0.0	19	UHFsym	n	0.9999999999052951	-9.470291217894555e-11	NaN	1.0000000000000058	0.9999999985523083
32	0.0	19	chi2	Sz	-1.266936805466301e-9	-4.860689720430935e-8	0.006921655960620817	1.0000001352023777	0.9999999963090067
32	0.0	19	chi4	Sz	-1.266936805466301e-9	1.1857056031461255e-9	0.14457364341676135	0.9999999938782658	0.9999999963090067
32	0.0	19	chi8	Sz	-1.266936805466301e-9	6.470980973283247e-10	0.8418403364003674	0.9999999947396296	0.9999999963090067
32	0.0	19	chi16	Sz	-1.266936805466301e-9	1.3122039566049182e-10	0.9811892809767304	0.9999999962236485	0.9999999963090067
32	0.0	19	chi32	Sz	-1.266936805466301e-9	-4.2017449936038176e-10	0.9985421657906371	0.9999999976916851	0.9999999963090067
32	0.0	19	exact	Sz	-1.266936805466301e-9	0.0	NaN	0.9999999963090067	0.9999999963090067
32	0.0	19	UHF	Sz	-1.266936805466301e-9	0.3844819244093226	NaN	0.028310033882837385	0.9999999963090067
32	0.0	19	UHFsym	Sz	-1.266936805466301e-9	-1.2669368180430463e-9	NaN	0.9999999999999984	0.9999999963090067
32	0.0	19	chi2	DoubleOcc	0.10032518215490693	0.10032518215490693	0.006921655960620817	2.364891286734725	27.524546583887712
32	0.0	19	chi4	DoubleOcc	0.10032518215490693	0.04190197990835612	0.14457364341676135	10.30993009787974	27.524546583887712
32	0.0	19	chi8	DoubleOcc	0.10032518215490693	0.0006024282187984398	0.8418403364003674	27.640200117161605	27.524546583887712
32	0.0	19	chi16	DoubleOcc	0.10032518215490693	0.00044257188535282155	0.9811892809767304	27.611636612307297	27.524546583887712
32	0.0	19	chi32	DoubleOcc	0.10032518215490693	2.1485616930910778e-5	0.9985421657906371	27.529044126562003	27.524546583887712
32	0.0	19	exact	DoubleOcc	0.10032518215490693	0.0	NaN	27.524546583887712	27.524546583887712
32	0.0	19	UHF	DoubleOcc	0.10032518215490693	-0.0018484666733674104	NaN	1.3939953639242244	27.524546583887712
32	0.0	19	UHFsym	DoubleOcc	0.10032518215490693	-0.0018484666733672717	NaN	27.038612183498927	27.524546583887712
32	0.0	19	chi2	ZZ onsite	-0.598699271190959	0.4013007288090368	0.006921655960620817	2.315294979045007	50.06056753662828
32	0.0	19	chi4	ZZ onsite	-0.598699271190959	0.1676079221259228	0.14457364341676135	11.40222510792383	50.06056753662828
32	0.0	19	chi8	ZZ onsite	-0.598699271190959	0.0024097136021923315	0.8418403364003674	50.27840475483753	50.06056753662828
32	0.0	19	chi16	ZZ onsite	-0.598699271190959	0.0017702882962447042	0.9811892809767304	50.22802138340756	50.06056753662828
32	0.0	19	chi32	ZZ onsite	-0.598699271190959	8.594294413932779e-5	0.9985421657906371	50.06963774337736	50.06056753662828
32	0.0	19	exact	ZZ onsite	-0.598699271190959	0.0	NaN	50.06056753662828	50.06056753662828
32	0.0	19	UHF	ZZ onsite	-0.598699271190959	-0.007393866504060376	NaN	48.93703147038583	50.06056753662828
32	0.0	19	UHFsym	ZZ onsite	-0.598699271190959	-0.007393866504059932	NaN	48.93703147038593	50.06056753662828
32	0.0	19	chi2	ZZ up-up r=1	-0.5944326575677735	0.40556734243222226	0.006921655960620817	2.167291988449867	53.311817429330446
32	0.0	19	chi4	ZZ up-up r=1	-0.5944326575677735	0.13725278625975723	0.14457364341676135	14.798537775709832	53.311817429330446
32	0.0	19	chi8	ZZ up-up r=1	-0.5944326575677735	-0.01139829190360353	0.8418403364003674	51.68025491720476	53.311817429330446
32	0.0	19	chi16	ZZ up-up r=1	-0.5944326575677735	-0.00339820416838732	0.9811892809767304	53.023482880164934	53.311817429330446
32	0.0	19	chi32	ZZ up-up r=1	-0.5944326575677735	-0.00015072021427209314	0.9985421657906371	53.30277561401064	53.311817429330446
32	0.0	19	exact	ZZ up-up r=1	-0.5944326575677735	0.0	NaN	53.311817429330446	53.311817429330446
32	0.0	19	UHF	ZZ up-up r=1	-0.5944326575677735	0.1895058849709198	NaN	8.825144070285742	53.311817429330446
32	0.0	19	UHFsym	ZZ up-up r=1	-0.5944326575677735	-0.20474583881996183	NaN	7.249076232940949	53.311817429330446
32	0.0	19	chi2	SzSz r=1	-0.12431228716391965	0.1256877128360793	0.006921655960620817	0.9754317485583139	35.38845398304929
32	0.0	19	chi4	SzSz r=1	-0.12431228716391965	0.02939747295757264	0.14457364341676135	12.018834080853606	35.38845398304929
32	0.0	19	chi8	SzSz r=1	-0.12431228716391965	-0.0032987337166291153	0.8418403364003674	34.57954552594092	35.38845398304929
32	0.0	19	chi16	SzSz r=1	-0.12431228716391965	-0.00013572431156230746	0.9811892809767304	35.446709813098416	35.38845398304929
32	0.0	19	chi32	SzSz r=1	-0.12431228716391965	-3.597754313153234e-5	0.9985421657906371	35.397339152150096	35.38845398304929
32	0.0	19	exact	SzSz r=1	-0.12431228716391965	0.0	NaN	35.38845398304929	35.38845398304929
32	0.0	19	UHF	SzSz r=1	-0.12431228716391965	0.04759320625976898	NaN	5.8731595871826165	35.38845398304929
32	0.0	19	UHFsym	SzSz r=1	-0.12431228716391965	-0.05096972468795606	NaN	5.276483182457012	35.38845398304929
32	0.0	19	chi2	hop up r=1	0.5319297793108707	0.5319297793108707	0.006921655960620817	1.0	46.07191862567628
32	0.0	19	chi4	hop up r=1	0.5319297793108707	-0.024378326183194132	0.14457364341676135	43.31238423103974	46.07191862567628
32	0.0	19	chi8	hop up r=1	0.5319297793108707	0.013327003848359387	0.8418403364003674	44.12732381235341	46.07191862567628
32	0.0	19	chi16	hop up r=1	0.5319297793108707	0.0022813898991936865	0.9811892809767304	45.90723999888939	46.07191862567628
32	0.0	19	chi32	hop up r=1	0.5319297793108707	9.007160494634014e-5	0.9985421657906371	46.06682195829008	46.07191862567628
32	0.0	19	exact	hop up r=1	0.5319297793108707	0.0	NaN	46.07191862567628	46.07191862567628
32	0.0	19	UHF	hop up r=1	0.5319297793108707	0.0930298616896601	NaN	18.6389242326901	46.07191862567628
32	0.0	19	UHFsym	hop up r=1	0.5319297793108707	0.0930298616896496	NaN	18.638924232692517	46.07191862567628
32	0.0	20	chi2	n	1.0000000000141085	1.411226691061529e-11	0.006921655960620817	0.9999999059341748	1.0000000031318428
32	0.0	20	chi4	n	1.0000000000141085	1.165643359613e-9	0.14457364341676135	1.0000000038218124	1.0000000031318428
32	0.0	20	chi8	n	1.0000000000141085	7.457823247847273e-11	0.8418403364003674	1.0000000034005718	1.0000000031318428
32	0.0	20	chi16	n	1.0000000000141085	7.91312571024605e-11	0.9811892809767304	1.0000000029542642	1.0000000031318428
32	0.0	20	chi32	n	1.0000000000141085	1.1458989312984613e-10	0.9985421657906371	1.0000000027001514	1.0000000031318428
32	0.0	20	exact	n	1.0000000000141085	0.0	NaN	1.0000000031318428	1.0000000031318428
32	0.0	20	UHF	n	1.0000000000141085	1.4122703007046766e-11	NaN	0.021012867057692418	1.0000000031318428
32	0.0	20	UHFsym	n	1.0000000000141085	1.4122703007046766e-11	NaN	0.9999999999999979	1.0000000031318428
32	0.0	20	chi2	Sz	1.57489869409555e-9	4.8914858979259845e-8	0.006921655960620817	0.9999999559250649	1.0000000014501493
32	0.0	20	chi4	Sz	1.57489869409555e-9	-4.511529379247481e-10	0.14457364341676135	1.0000000032018055	1.0000000014501493
32	0.0	20	chi8	Sz	1.57489869409555e-9	-1.4189100588923864e-10	0.8418403364003674	1.0000000016674484	1.0000000014501493
32	0.0	20	chi16	Sz	1.57489869409555e-9	8.231558837334951e-11	0.9811892809767304	1.0000000014639092	1.0000000014501493
32	0.0	20	chi32	Sz	1.57489869409555e-9	2.0704132505655615e-10	0.9985421657906371	1.000000001388293	1.0000000014501493
32	0.0	20	exact	Sz	1.57489869409555e-9	0.0	NaN	1.0000000014501493	1.0000000014501493
32	0.0	20	UHF	Sz	1.57489869409555e-9	-0.38448192420793176	NaN	0.0331070512008462	1.0000000014501493
32	0.0	20	UHFsym	Sz	1.57489869409555e-9	1.5748986914934648e-9	NaN	1.0000000000000162	1.0000000014501493
32	0.0	20	chi2	DoubleOcc	0.10017962444479678	0.10017962444479678	0.006921655960620817	2.117302798748792	30.23882078100233
32	0.0	20	chi4	DoubleOcc	0.10017962444479678	0.04175642334978602	0.14457364341676135	9.059196328148715	30.23882078100233
32	0.0	20	chi8	DoubleOcc	0.10017962444479678	0.00014036796756439207	0.8418403364003674	30.232741381663562	30.23882078100233
32	0.0	20	chi16	DoubleOcc	0.10017962444479678	0.0005216511242943367	0.9811892809767304	30.208369343932628	30.23882078100233
32	0.0	20	chi32	DoubleOcc	0.10017962444479678	2.3417067304271066e-5	0.9985421657906371	30.237914955782013	30.23882078100233
32	0.0	20	exact	DoubleOcc	0.10017962444479678	0.0	NaN	30.23882078100233	30.23882078100233
32	0.0	20	UHF	DoubleOcc	0.10017962444479678	-0.001994024301522096	NaN	1.366286146056294	30.23882078100233
32	0.0	20	UHFsym	DoubleOcc	0.10017962444479678	-0.0019940243015221237	NaN	30.156707490049264	30.23882078100233
32	0.0	20	chi2	ZZ onsite	-0.5992815022490265	0.4007184977509697	0.006921655960620817	2.196776916289242	55.52000844509846
32	0.0	20	chi4	ZZ onsite	-0.5992815022490265	0.16702569106785536	0.14457364341676135	10.672594900930761	55.52000844509846
32	0.0	20	chi8	ZZ onsite	-0.5992815022490265	0.0005614717211029907	0.8418403364003674	55.52216694296184	55.52000844509846
32	0.0	20	chi16	ZZ onsite	-0.5992815022490265	0.002086604338916498	0.9811892809767304	55.50125960472755	55.52000844509846
32	0.0	20	chi32	ZZ onsite	-0.5992815022490265	9.366804004018459e-5	0.9985421657906371	55.52073722410368	55.52000844509846
32	0.0	20	exact	ZZ onsite	-0.5992815022490265	0.0	NaN	55.52000844509846	55.52000844509846
32	0.0	20	UHF	ZZ onsite	-0.5992815022490265	-0.00797609723433057	NaN	54.92287011669774	55.52000844509846
32	0.0	20	UHFsym	ZZ onsite	-0.5992815022490265	-0.00797609723433057	NaN	54.92287011669774	55.52000844509846
32	0.0	20	chi2	ZZ up-up r=1	-0.4326221541191404	-0.06668644573187205	0.006921655960620817	14.851521372981146	21.34553788796452
32	0.0	20	chi4	ZZ up-up r=1	-0.4326221541191404	-0.13136236869981566	0.14457364341676135	7.620756931672046	21.34553788796452
32	0.0	20	chi8	ZZ up-up r=1	-0.4326221541191404	-0.00831850027893044	0.8418403364003674	21.3275003619163	21.34553788796452
32	0.0	20	chi16	ZZ up-up r=1	-0.4326221541191404	-0.005328615158038452	0.9811892809767304	21.371616986360426	21.34553788796452
32	0.0	20	chi32	ZZ up-up r=1	-0.4326221541191404	-0.00044682076713475904	0.9985421657906371	21.352874036098168	21.34553788796452
32	0.0	20	exact	ZZ up-up r=1	-0.4326221541191404	0.0	NaN	21.34553788796452	21.34553788796452
32	0.0	20	UHF	ZZ up-up r=1	-0.4326221541191404	0.351316388433745	NaN	1.4289668277997443	21.34553788796452
32	0.0	20	UHFsym	ZZ up-up r=1	-0.4326221541191404	-0.042935335489362125	NaN	18.26365424452747	21.34553788796452
32	0.0	20	chi2	SzSz r=1	-0.0891198283080864	0.002364098788730687	0.006921655960620817	12.310659538323371	15.649299819409983
32	0.0	20	chi4	SzSz r=1	-0.0891198283080864	-0.01261166687025607	0.14457364341676135	9.19933178181157	15.649299819409983
32	0.0	20	chi8	SzSz r=1	-0.0891198283080864	-0.0018412306425159564	0.8418403364003674	15.457226150787335	15.649299819409983
32	0.0	20	chi16	SzSz r=1	-0.0891198283080864	-0.0005423888883588357	0.9811892809767304	15.633655419218996	15.649299819409983
32	0.0	20	chi32	SzSz r=1	-0.0891198283080864	-8.719935900700082e-5	0.9985421657906371	15.64916293986576	15.649299819409983
32	0.0	20	exact	SzSz r=1	-0.0891198283080864	0.0	NaN	15.649299819409983	15.649299819409983
32	0.0	20	UHF	SzSz r=1	-0.0891198283080864	0.08278566514216396	NaN	1.1348162364976417	15.649299819409983
32	0.0	20	UHFsym	SzSz r=1	-0.0891198283080864	-0.01577726583861623	NaN	10.682432226556973	15.649299819409983
32	0.0	20	chi2	hop up r=1	0.44212489877657873	0.44212489877657873	0.006921655960620817	1.0	26.91606413208083
32	0.0	20	chi4	hop up r=1	0.44212489877657873	0.44212489877657873	0.14457364341676135	1.0	26.91606413208083
32	0.0	20	chi8	hop up r=1	0.44212489877657873	0.010220771578431265	0.8418403364003674	26.83729598913305	26.91606413208083
32	0.0	20	chi16	hop up r=1	0.44212489877657873	0.003310005735874977	0.9811892809767304	26.973755074238273	26.91606413208083
32	0.0	20	chi32	hop up r=1	0.44212489877657873	0.0003428672018273571	0.9985421657906371	26.92572884552037	26.91606413208083
32	0.0	20	exact	hop up r=1	0.44212489877657873	0.0	NaN	26.91606413208083	26.91606413208083
32	0.0	20	UHF	hop up r=1	0.44212489877657873	0.003224981365117119	NaN	26.97327102201604	26.91606413208083
32	0.0	20	UHFsym	hop up r=1	0.44212489877657873	0.0032249813651085146	NaN	26.973271022015993	26.91606413208083
32	0.0	21	chi2	n	1.0000000000950657	9.50697298662817e-11	0.006921655960620817	0.9999999327760551	1.0000000014275798
32	0.0	21	chi4	n	1.0000000000950657	-2.2961632595297488e-12	0.14457364341676135	1.0000000021857725	1.0000000014275798
32	0.0	21	chi8	n	1.0000000000950657	-1.4515055823949297e-12	0.8418403364003674	1.000000001786595	1.0000000014275798
32	0.0	21	chi16	n	1.0000000000950657	3.525180147789797e-12	0.9811892809767304	1.0000000014702468	1.0000000014275798
32	0.0	21	chi32	n	1.0000000000950657	4.865841063406151e-11	0.9985421657906371	1.0000000014766426	1.0000000014275798
32	0.0	21	exact	n	1.0000000000950657	0.0	NaN	1.0000000014275798	1.0000000014275798
32	0.0	21	UHF	n	1.0000000000950657	9.507217235693588e-11	NaN	0.023914146833810206	1.0000000014275798
32	0.0	21	UHFsym	n	1.0000000000950657	9.507217235693588e-11	NaN	1.0000000000000004	1.0000000014275798
32	0.0	21	chi2	Sz	-1.2621972356186006e-9	-6.045947009763643e-8	0.006921655960620817	0.9999997807233411	1.0000000047253552
32	0.0	21	chi4	Sz	-1.2621972356186006e-9	6.677950553646284e-10	0.14457364341676135	1.0000000072001793	1.0000000047253552
32	0.0	21	chi8	Sz	-1.2621972356186006e-9	3.162297090852917e-10	0.8418403364003674	1.0000000058974845	1.0000000047253552
32	0.0	21	chi16	Sz	-1.2621972356186006e-9	3.7385053386351785e-11	0.9811892809767304	1.0000000048619837	1.0000000047253552
32	0.0	21	chi32	Sz	-1.2621972356186006e-9	4.0617904872863875e-11	0.9985421657906371	1.0000000048502296	1.0000000047253552
32	0.0	21	exact	Sz	-1.2621972356186006e-9	0.0	NaN	1.0000000047253552	1.0000000047253552
32	0.0	21	UHF	Sz	-1.2621972356186006e-9	0.3844819245430061	NaN	0.03315798077216327	1.0000000047253552
32	0.0	21	UHFsym	Sz	-1.2621972356186006e-9	-1.2621972135008763e-9	NaN	0.9999999999999968	1.0000000047253552
32	0.0	21	chi2	DoubleOcc	0.10038170673119667	0.10038170673119667	0.006921655960620817	2.038197481186133	24.78431508703928
32	0.0	21	chi4	DoubleOcc	0.10038170673119667	0.04182624539882526	0.14457364341676135	8.251667747611158	24.78431508703928
32	0.0	21	chi8	DoubleOcc	0.10038170673119667	0.0005724098601482541	0.8418403364003674	24.7372433664883	24.78431508703928
32	0.0	21	chi16	DoubleOcc	0.10038170673119667	0.00043405115878314415	0.9811892809767304	24.750208603727472	24.78431508703928
32	0.0	21	chi32	DoubleOcc	0.10038170673119667	1.826462896828418e-5	0.9985421657906371	24.78308137120553	24.78431508703928
32	0.0	21	exact	DoubleOcc	0.10038170673119667	0.0	NaN	24.78431508703928	24.78431508703928
32	0.0	21	UHF	DoubleOcc	0.10038170673119667	-0.0017919419979222917	NaN	1.2852258906981986	24.78431508703928
32	0.0	21	UHFsym	DoubleOcc	0.10038170673119667	-0.0017919419979224305	NaN	24.818536159935586	24.78431508703928
32	0.0	21	chi2	ZZ onsite	-0.5984731732653399	0.4015268267346561	0.006921655960620817	2.1115679482196894	48.59632207701647
32	0.0	21	chi4	ZZ onsite	-0.5984731732653399	0.16730498159989293	0.14457364341676135	9.901833068216543	48.59632207701647
32	0.0	21	chi8	ZZ onsite	-0.5984731732653399	0.0022896394434998024	0.8418403364003674	48.46465084163852	48.59632207701647
32	0.0	21	chi16	ZZ onsite	-0.5984731732653399	0.001736204628085769	0.9811892809767304	48.502660812226544	48.59632207701647
32	0.0	21	chi32	ZZ onsite	-0.5984731732653399	7.305841855986817e-5	0.9985421657906371	48.59316680712019	48.59632207701647
32	0.0	21	exact	ZZ onsite	-0.5984731732653399	0.0	NaN	48.59632207701647	48.59632207701647
32	0.0	21	UHF	ZZ onsite	-0.5984731732653399	-0.0071677681818285155	NaN	48.56705373729386	48.59632207701647
32	0.0	21	UHFsym	ZZ onsite	-0.5984731732653399	-0.007167768181829071	NaN	48.56705373729384	48.59632207701647
32	0.0	21	chi2	ZZ up-up r=1	-0.5981913374335911	0.4018086625664049	0.006921655960620817	2.1154323357908043	57.11115463757225
32	0.0	21	chi4	ZZ up-up r=1	-0.5981913374335911	0.13576305447947412	0.14457364341676135	14.070164717972908	57.11115463757225
32	0.0	21	chi8	ZZ up-up r=1	-0.5981913374335911	-0.01188864570162429	0.8418403364003674	56.525802202572734	57.11115463757225
32	0.0	21	chi16	ZZ up-up r=1	-0.5981913374335911	-0.003322171231459725	0.9811892809767304	57.203659676671876	57.11115463757225
32	0.0	21	chi32	ZZ up-up r=1	-0.5981913374335911	-0.00012445492640311695	0.9985421657906371	57.11821786083312	57.11115463757225
32	0.0	21	exact	ZZ up-up r=1	-0.5981913374335911	0.0	NaN	57.11115463757225	57.11115463757225
32	0.0	21	UHF	ZZ up-up r=1	-0.5981913374335911	0.1857472089953759	NaN	8.57927532452546	57.11115463757225
32	0.0	21	UHFsym	ZZ up-up r=1	-0.5981913374335911	-0.20850451726614733	NaN	7.436867623962563	57.11115463757225
32	0.0	21	chi2	SzSz r=1	-0.12512946479991213	0.12487053520008687	0.006921655960620817	0.9658717080106278	30.414694037133767
32	0.0	21	chi4	SzSz r=1	-0.12512946479991213	0.029081402536507595	0.14457364341676135	11.186943563311528	30.414694037133767
32	0.0	21	chi8	SzSz r=1	-0.12512946479991213	-0.0034123677582038048	0.8418403364003674	30.457524239618692	30.414694037133767
32	0.0	21	chi16	SzSz r=1	-0.12512946479991213	-0.00011598926733419335	0.9811892809767304	30.391123752397846	30.414694037133767
32	0.0	21	chi32	SzSz r=1	-0.12512946479991213	-2.9132413069205e-5	0.9985421657906371	30.42786374711245	30.414694037133767
32	0.0	21	exact	SzSz r=1	-0.12512946479991213	0.0	NaN	30.414694037133767	30.414694037133767
32	0.0	21	UHF	SzSz r=1	-0.12512946479991213	0.046776029573243755	NaN	5.70092314703768	30.414694037133767
32	0.0	21	UHFsym	SzSz r=1	-0.12512946479991213	-0.05178690199213709	NaN	5.207750651576274	30.414694037133767
32	0.0	21	chi2	hop up r=1	0.534009305109199	0.534009305109199	0.006921655960620817	1.0	32.09704070526743
32	0.0	21	chi4	hop up r=1	0.534009305109199	-0.02340639924419574	0.14457364341676135	31.51737186823563	32.09704070526743
32	0.0	21	chi8	hop up r=1	0.534009305109199	0.013181555190355132	0.8418403364003674	30.84158577115575	32.09704070526743
32	0.0	21	chi16	hop up r=1	0.534009305109199	0.0022662225923179014	0.9811892809767304	31.957090105157484	32.09704070526743
32	0.0	21	chi32	hop up r=1	0.534009305109199	7.448852391911398e-5	0.9985421657906371	32.0929758581613	32.09704070526743
32	0.0	21	exact	hop up r=1	0.534009305109199	0.0	NaN	32.09704070526743	32.09704070526743
32	0.0	21	UHF	hop up r=1	0.534009305109199	0.0951093872774883	NaN	15.14914467891177	32.09704070526743
32	0.0	21	UHFsym	hop up r=1	0.534009305109199	0.09510938727748247	NaN	15.149144678912682	32.09704070526743
32	0.0	22	chi2	n	1.0000000001641576	1.6416112913475445e-10	0.006921655960620817	0.9999997684926082	1.0000000057222636
32	0.0	22	chi4	n	1.0000000001641576	2.615087035806596e-10	0.14457364341676135	1.0000000056615848	1.0000000057222636
32	0.0	22	chi8	n	1.0000000001641576	2.0734791661425334e-10	0.8418403364003674	1.0000000056382916	1.0000000057222636
32	0.0	22	chi16	n	1.0000000001641576	1.9395862693727395e-10	0.9811892809767304	1.0000000045962771	1.0000000057222636
32	0.0	22	chi32	n	1.0000000001641576	8.135669915532162e-11	0.9985421657906371	1.0000000050101243	1.0000000057222636
32	0.0	22	exact	n	1.0000000001641576	0.0	NaN	1.0000000057222636	1.0000000057222636
32	0.0	22	UHF	n	1.0000000001641576	1.6415757642107565e-10	NaN	0.018910603765193955	1.0000000057222636
32	0.0	22	UHFsym	n	1.0000000001641576	1.6415757642107565e-10	NaN	1.0000000000000007	1.0000000057222636
32	0.0	22	chi2	Sz	1.3901019918494129e-9	6.058737479774923e-8	0.006921655960620817	1.0000002050563932	0.9999999952108128
32	0.0	22	chi4	Sz	1.3901019918494129e-9	-1.0095291963496678e-10	0.14457364341676135	0.9999999948195711	0.9999999952108128
32	0.0	22	chi8	Sz	1.3901019918494129e-9	-7.087362988156265e-11	0.8418403364003674	0.9999999949323695	0.9999999952108128
32	0.0	22	chi16	Sz	1.3901019918494129e-9	2.0153780727616422e-10	0.9811892809767304	0.9999999958781205	0.9999999952108128
32	0.0	22	chi32	Sz	1.3901019918494129e-9	1.458651636976338e-10	0.9985421657906371	0.9999999957031609	0.9999999952108128
32	0.0	22	exact	Sz	1.3901019918494129e-9	0.0	NaN	0.9999999952108128	0.9999999952108128
32	0.0	22	UHF	Sz	1.3901019918494129e-9	-0.3844819266731843	NaN	0.024016523950828875	0.9999999952108128
32	0.0	22	UHFsym	Sz	1.3901019918494129e-9	1.3901019987883068e-9	NaN	1.0	0.9999999952108128
32	0.0	22	chi2	DoubleOcc	0.10011252914258842	0.10011252914258842	0.006921655960620817	2.02694673744134	29.84146241120606
32	0.0	22	chi4	DoubleOcc	0.10011252914258842	0.041557067907573436	0.14457364341676135	8.55279745592115	29.84146241120606
32	0.0	22	chi8	DoubleOcc	0.10011252914258842	3.2381056470159875e-5	0.8418403364003674	29.836469684426753	29.84146241120606
32	0.0	22	chi16	DoubleOcc	0.10011252914258842	0.0005082712819442503	0.9811892809767304	29.753825335639288	29.84146241120606
32	0.0	22	chi32	DoubleOcc	0.10011252914258842	1.7871029835525576e-5	0.9985421657906371	29.83871691054062	29.84146241120606
32	0.0	22	exact	DoubleOcc	0.10011252914258842	0.0	NaN	29.84146241120606	29.84146241120606
32	0.0	22	UHF	DoubleOcc	0.10011252914258842	-0.002061117850149452	NaN	1.2215143581577026	29.84146241120606
32	0.0	22	UHFsym	DoubleOcc	0.10011252914258842	-0.00206111785014948	NaN	29.990346173005154	29.84146241120606
32	0.0	22	chi2	ZZ onsite	-0.5995498837579573	0.4004501162420391	0.006921655960620817	2.168774735748701	50.95807679109725
32	0.0	22	chi4	ZZ onsite	-0.5995498837579573	0.16622827110727523	0.14457364341676135	10.385177064278858	50.95807679109725
32	0.0	22	chi8	ZZ onsite	-0.5995498837579573	0.0001295238111869157	0.8418403364003674	50.95588997775372	50.95807679109725
32	0.0	22	chi16	ZZ onsite	-0.5995498837579573	0.002033084739861968	0.9811892809767304	50.89631284869316	50.95807679109725
32	0.0	22	chi32	ZZ onsite	-0.5995498837579573	7.148395663181262e-5	0.9985421657906371	50.95689936211953	50.95807679109725
32	0.0	22	exact	ZZ onsite	-0.5995498837579573	0.0	NaN	50.95807679109725	50.95807679109725
32	0.0	22	UHF	ZZ onsite	-0.5995498837579573	-0.008244471728908853	NaN	50.60890001165997	50.95807679109725
32	0.0	22	UHFsym	ZZ onsite	-0.5995498837579573	-0.008244471728908964	NaN	50.60890001165995	50.95807679109725
32	0.0	22	chi2	ZZ up-up r=1	-0.4276806324350674	-0.06275919018816223	0.006921655960620817	14.58563642011904	19.863344704182815
32	0.0	22	chi4	ZZ up-up r=1	-0.4276806324350674	-0.12905323633374022	0.14457364341676135	7.515601628336919	19.863344704182815
32	0.0	22	chi8	ZZ up-up r=1	-0.4276806324350674	-0.007429954311526099	0.8418403364003674	19.870373025364866	19.863344704182815
32	0.0	22	chi16	ZZ up-up r=1	-0.4276806324350674	-0.004981607972322388	0.9811892809767304	19.8935551164824	19.863344704182815
32	0.0	22	chi32	ZZ up-up r=1	-0.4276806324350674	-0.00038287362062416896	0.9985421657906371	19.86933944166231	19.863344704182815
32	0.0	22	exact	ZZ up-up r=1	-0.4276806324350674	0.0	NaN	19.863344704182815	19.863344704182815
32	0.0	22	UHF	ZZ up-up r=1	-0.4276806324350674	0.3562579126309543	NaN	1.3577207917881422	19.863344704182815
32	0.0	22	UHFsym	ZZ up-up r=1	-0.4276806324350674	-0.03799381550212627	NaN	17.732009749105256	19.863344704182815
32	0.0	22	chi2	SzSz r=1	-0.08804547949210018	0.003184881069626111	0.006921655960620817	12.354412491087105	14.494206631022067
32	0.0	22	chi4	SzSz r=1	-0.08804547949210018	-0.012236863706464235	0.14457364341676135	9.152096191644409	14.494206631022067
32	0.0	22	chi8	SzSz r=1	-0.08804547949210018	-0.001591188001567892	0.8418403364003674	14.310013833270101	14.494206631022067
32	0.0	22	chi16	SzSz r=1	-0.08804547949210018	-0.00047913703027779864	0.9811892809767304	14.476963875801648	14.494206631022067
32	0.0	22	chi32	SzSz r=1	-0.08804547949210018	-7.976992515801307e-5	0.9985421657906371	14.490218813213863	14.494206631022067
32	0.0	22	exact	SzSz r=1	-0.08804547949210018	0.0	NaN	14.494206631022067	14.494206631022067
32	0.0	22	UHF	SzSz r=1	-0.08804547949210018	0.08386001506156404	NaN	1.1514996693418047	14.494206631022067
32	0.0	22	UHFsym	SzSz r=1	-0.08804547949210018	-0.01470291697170803	NaN	10.067610448064272	14.494206631022067
32	0.0	22	chi2	hop up r=1	0.4393733796987622	0.4393733796987622	0.006921655960620817	1.0	24.415971579932567
32	0.0	22	chi4	hop up r=1	0.4393733796987622	0.4393733796987622	0.14457364341676135	1.0	24.415971579932567
32	0.0	22	chi8	hop up r=1	0.4393733796987622	0.009573733265612061	0.8418403364003674	24.156002591655444	24.415971579932567
32	0.0	22	chi16	hop up r=1	0.4393733796987622	0.0031579004841204017	0.9811892809767304	24.389372181212543	24.415971579932567
32	0.0	22	chi32	hop up r=1	0.4393733796987622	0.0003335150175687307	0.9985421657906371	24.415950966856133	24.415971579932567
32	0.0	22	exact	hop up r=1	0.4393733796987622	0.0	NaN	24.415971579932567	24.415971579932567
32	0.0	22	UHF	hop up r=1	0.4393733796987622	0.0004734666174963098	NaN	24.415745940107286	24.415971579932567
32	0.0	22	UHFsym	hop up r=1	0.4393733796987622	0.0004734666174939228	NaN	24.415745940107286	24.415971579932567
32	0.0	23	chi2	n	1.0000000002163678	2.1637225344761646e-10	0.006921655960620817	0.9999999307123778	1.000000001077187
32	0.0	23	chi4	n	1.0000000002163678	-5.1801674061380254e-11	0.14457364341676135	1.000000001921866	1.000000001077187
32	0.0	23	chi8	n	1.0000000002163678	1.166582386247228e-10	0.8418403364003674	1.0000000016048507	1.000000001077187
32	0.0	23	chi16	n	1.0000000002163678	4.167666212140375e-11	0.9811892809767304	1.0000000011887835	1.000000001077187
32	0.0	23	chi32	n	1.0000000002163678	5.702682770447609e-11	0.9985421657906371	1.0000000011617813	1.000000001077187
32	0.0	23	exact	n	1.0000000002163678	0.0	NaN	1.000000001077187	1.000000001077187
32	0.0	23	UHF	n	1.0000000002163678	2.163602630389505e-10	NaN	0.01955286602678897	1.000000001077187
32	0.0	23	UHFsym	n	1.0000000002163678	2.163602630389505e-10	NaN	1.0000000000000033	1.000000001077187
32	0.0	23	chi2	Sz	-9.944509798964773e-10	-6.665473105435569e-8	0.006921655960620817	1.0000000664919841	0.9999999988987054
32	0.0	23	chi4	Sz	-9.944509798964773e-10	7.941635959962667e-10	0.14457364341676135	0.9999999980719094	0.9999999988987054
32	0.0	23	chi8	Sz	-9.944509798964773e-10	5.142638537236621e-10	0.8418403364003674	0.9999999984287279	0.9999999988987054
32	0.0	23	chi16	Sz	-9.944509798964773e-10	1.1083441109338565e-10	0.9811892809767304	0.9999999988046157	0.9999999988987054
32	0.0	23	chi32	Sz	-9.944509798964773e-10	8.711531496174985e-11	0.9985421657906371	0.9999999988353204	0.9999999988987054
32	0.0	23	exact	Sz	-9.944509798964773e-10	0.0	NaN	0.9999999988987054	0.9999999988987054
32	0.0	23	UHF	Sz	-9.944509798964773e-10	0.3844819266359387	NaN	0.03252890203896011	0.9999999988987054
32	0.0	23	UHFsym	Sz	-9.944509798964773e-10	-9.944509681870939e-10	NaN	0.9999999999999964	0.9999999988987054
32	0.0	23	chi2	DoubleOcc	0.10045617057119019	0.10045617057119019	0.006921655960620817	2.1589078674543423	26.81456655372625
32	0.0	23	chi4	DoubleOcc	0.10045617057119019	0.04151290373591035	0.14457364341676135	9.192040065584193	26.81456655372625
32	0.0	23	chi8	DoubleOcc	0.10045617057119019	0.0004924588530230423	0.8418403364003674	26.825079904951433	26.81456655372625
32	0.0	23	chi16	DoubleOcc	0.10045617057119019	0.00041769075434613945	0.9811892809767304	26.82444287345172	26.81456655372625
32	0.0	23	chi32	DoubleOcc	0.10045617057119019	1.2797954858867477e-5	0.9985421657906371	26.815028187416942	26.81456655372625
32	0.0	23	exact	DoubleOcc	0.10045617057119019	0.0	NaN	26.81456655372625	26.81456655372625
32	0.0	23	UHF	DoubleOcc	0.10045617057119019	-0.001717476754433317	NaN	1.2336599602660612	26.81456655372625
32	0.0	23	UHFsym	DoubleOcc	0.10045617057119019	-0.001717476754433317	NaN	26.662229506641776	26.81456655372625
32	0.0	23	chi2	ZZ onsite	-0.5981753181479693	0.40182468185202624	0.006921655960620817	2.2286477054290366	50.38183597892824
32	0.0	23	chi4	ZZ onsite	-0.5981753181479693	0.1660516150472452	0.14457364341676135	10.9727347250392	50.38183597892824
32	0.0	23	chi8	ZZ onsite	-0.5981753181479693	0.0019698351787792445	0.8418403364003674	50.45531807622829	50.38183597892824
32	0.0	23	chi16	ZZ onsite	-0.5981753181479693	0.0016707629340347863	0.9811892809767304	50.4475884578566	50.38183597892824
32	0.0	23	chi32	ZZ onsite	-0.5981753181479693	5.1191705386921527e-5	0.9985421657906371	50.38441756425101	50.38183597892824
32	0.0	23	exact	ZZ onsite	-0.5981753181479693	0.0	NaN	50.38183597892824	50.38183597892824
32	0.0	23	UHF	ZZ onsite	-0.5981753181479693	-0.006869907450448687	NaN	49.71770803217515	50.38183597892824
32	0.0	23	UHFsym	ZZ onsite	-0.5981753181479693	-0.006869907450447799	NaN	49.71770803217529	50.38183597892824
32	0.0	23	chi2	ZZ up-up r=1	-0.6046396223265053	0.3953603776734903	0.006921655960620817	2.2549253303005763	53.654570758723864
32	0.0	23	chi4	ZZ up-up r=1	-0.6046396223265053	0.13545330542519884	0.14457364341676135	14.44677532088976	53.654570758723864
32	0.0	23	chi8	ZZ up-up r=1	-0.6046396223265053	-0.012126070308882464	0.8418403364003674	52.806484481798734	53.654570758723864
32	0.0	23	chi16	ZZ up-up r=1	-0.6046396223265053	-0.0031841746071500365	0.9811892809767304	53.64941158475356	53.654570758723864
32	0.0	23	chi32	ZZ up-up r=1	-0.6046396223265053	-6.963430548689864e-5	0.9985421657906371	53.65614222922519	53.654570758723864
32	0.0	23	exact	ZZ up-up r=1	-0.6046396223265053	0.0	NaN	53.654570758723864	53.654570758723864
32	0.0	23	UHF	ZZ up-up r=1	-0.6046396223265053	0.17929900997294201	NaN	9.363299259023222	53.654570758723864
32	0.0	23	UHFsym	ZZ up-up r=1	-0.6046396223265053	-0.2149527694150633	NaN	7.064419024062547	53.654570758723864
32	0.0	23	chi2	SzSz r=1	-0.1265314584229304	0.12346854157706849	0.006921655960620817	1.0046241309835617	43.11822527021047
32	0.0	23	chi4	SzSz r=1	-0.1265314584229304	0.0290201401643968	0.14457364341676135	12.863286915959382	43.11822527021047
32	0.0	23	chi8	SzSz r=1	-0.1265314584229304	-0.0034614407650120083	0.8418403364003674	42.01886529579922	43.11822527021047
32	0.0	23	chi16	SzSz r=1	-0.1265314584229304	-8.425811570605957e-5	0.9811892809767304	43.044369725976196	43.11822527021047
32	0.0	23	chi32	SzSz r=1	-0.1265314584229304	-1.826295931195432e-5	0.9985421657906371	43.12825666613279	43.11822527021047
32	0.0	23	exact	SzSz r=1	-0.1265314584229304	0.0	NaN	43.11822527021047	43.11822527021047
32	0.0	23	UHF	SzSz r=1	-0.1265314584229304	0.045374056644038374	NaN	6.465293023408293	43.11822527021047
32	0.0	23	UHFsym	SzSz r=1	-0.1265314584229304	-0.05318888820296565	NaN	5.220373686988479	43.11822527021047
32	0.0	23	chi2	hop up r=1	0.5375665219484528	0.5375665219484528	0.006921655960620817	1.0	37.982669012059226
32	0.0	23	chi4	hop up r=1	0.5375665219484528	-0.023174508996716248	0.14457364341676135	35.27400343256405	37.982669012059226
32	0.0	23	chi8	hop up r=1	0.5375665219484528	0.012522301207085196	0.8418403364003674	37.384847838052174	37.982669012059226
32	0.0	23	chi16	hop up r=1	0.5375665219484528	0.002225405056556884	0.9811892809767304	37.986655268863295	37.982669012059226
32	0.0	23	chi32	hop up r=1	0.5375665219484528	5.646501112566149e-5	0.9985421657906371	37.98336835595742	37.982669012059226
32	0.0	23	exact	hop up r=1	0.5375665219484528	0.0	NaN	37.982669012059226	37.982669012059226
32	0.0	23	UHF	hop up r=1	0.5375665219484528	0.09866659706447606	NaN	17.11685570122804	37.982669012059226
32	0.0	23	UHFsym	hop up r=1	0.5375665219484528	0.09866659706447023	NaN	17.116855701229156	37.982669012059226
32	0.0	24	chi2	n	1.0000000001212028	1.2120693337891453e-10	0.006921655960620817	1.0000000085569123	0.9999999997852923
32	0.0	24	chi4	n	1.0000000001212028	3.893626532303074e-10	0.14457364341676135	0.9999999997262412	0.9999999997852923
32	0.0	24	chi8	n	1.0000000001212028	2.6992152957205917e-10	0.8418403364003674	0.9999999997461627	0.9999999997852923
32	0.0	24	chi16	n	1.0000000001212028	2.6240976058744536e-10	0.9811892809767304	0.9999999997667547	0.9999999997852923
32	0.0	24	chi32	n	1.0000000001212028	9.050538096744276e-11	0.9985421657906371	0.9999999997887967	0.9999999997852923
32	0.0	24	exact	n	1.0000000001212028	0.0	NaN	0.9999999997852923	0.9999999997852923
32	0.0	24	UHF	n	1.0000000001212028	1.2120238146451356e-10	NaN	0.01839556421484059	0.9999999997852923
32	0.0	24	UHFsym	n	1.0000000001212028	1.2120238146451356e-10	NaN	1.0000000000000016	0.9999999997852923
32	0.0	24	chi2	Sz	1.8265681814289003e-9	6.748684832497132e-8	0.006921655960620817	0.9999999468339152	1.0000000012848098
32	0.0	24	chi4	Sz	1.8265681814289003e-9	1.2310807928628265e-10	0.14457364341676135	1.000000001808892	1.0000000012848098
32	0.0	24	chi8	Sz	1.8265681814289003e-9	9.919577659278644e-11	0.8418403364003674	1.0000000016369037	1.0000000012848098
32	0.0	24	chi16	Sz	1.8265681814289003e-9	2.460641274071307e-10	0.9811892809767304	1.0000000015059518	1.0000000012848098
32	0.0	24	chi32	Sz	1.8265681814289003e-9	1.60799262793887e-10	0.9985421657906371	1.000000001299594	1.0000000012848098
32	0.0	24	exact	Sz	1.8265681814289003e-9	0.0	NaN	1.0000000012848098	1.0000000012848098
32	0.0	24	UHF	Sz	1.8265681814289003e-9	-0.3844819762215174	NaN	0.027934519385681356	1.0000000012848098
32	0.0	24	UHFsym	Sz	1.8265681814289003e-9	1.8265681901025177e-9	NaN	0.9999999999999993	1.0000000012848098
32	0.0	24	chi2	DoubleOcc	0.10000837015329644	0.10000837015329644	0.006921655960620817	2.087686495075053	28.676721693476516
32	0.0	24	chi4	DoubleOcc	0.10000837015329644	0.04106510358618096	0.14457364341676135	8.933272262499544	28.676721693476516
32	0.0	24	chi8	DoubleOcc	0.10000837015329644	-0.0001651272230395462	0.8418403364003674	28.688020844207443	28.676721693476516
32	0.0	24	chi16	DoubleOcc	0.10000837015329644	0.00047819577015428827	0.9811892809767304	28.633074399391358	28.676721693476516
32	0.0	24	chi32	DoubleOcc	0.10000837015329644	1.1339301452778505e-5	0.9985421657906371	28.67587452834267	28.676721693476516
32	0.0	24	exact	DoubleOcc	0.10000837015329644	0.0	NaN	28.676721693476516	28.676721693476516
32	0.0	24	UHF	DoubleOcc	0.10000837015329644	-0.002165238402935199	NaN	1.215484788908457	28.676721693476516
32	0.0	24	UHFsym	DoubleOcc	0.10000837015329644	-0.0021652384029353378	NaN	28.669898739089817	28.676721693476516
32	0.0	24	chi2	ZZ onsite	-0.5999665196292145	0.40003348037078135	0.006921655960620817	2.2072527169784677	50.62127170417411
32	0.0	24	chi4	ZZ onsite	-0.5999665196292145	0.1642604135659993	0.14457364341676135	10.816691293411688	50.62127170417411
32	0.0	24	chi8	ZZ onsite	-0.5999665196292145	-0.0006605094319981353	0.8418403364003674	50.61191798019167	50.62127170417411
32	0.0	24	chi16	ZZ onsite	-0.5999665196292145	0.0019127825558001854	0.9811892809767304	50.61409582949474	50.62127170417411
32	0.0	24	chi32	ZZ onsite	-0.5999665196292145	4.535702480479298e-5	0.9985421657906371	50.621691238916526	50.62127170417411
32	0.0	24	exact	ZZ onsite	-0.5999665196292145	0.0	NaN	50.62127170417411	50.62127170417411
32	0.0	24	UHF	ZZ onsite	-0.5999665196292145	-0.00866095385414023	NaN	50.02331668419771	50.62127170417411
32	0.0	24	UHFsym	ZZ onsite	-0.5999665196292145	-0.008660953854140785	NaN	50.02331668419764	50.62127170417411
32	0.0	24	chi2	ZZ up-up r=1	-0.4195277363172364	-0.05755136084611423	0.006921655960620817	16.444388997018255	21.99499312929741
32	0.0	24	chi4	ZZ up-up r=1	-0.4195277363172364	-0.1273614367814352	0.14457364341676135	7.766218588402477	21.99499312929741
32	0.0	24	chi8	ZZ up-up r=1	-0.4195277363172364	-0.0064855168074858804	0.8418403364003674	22.04755935016472	21.99499312929741
32	0.0	24	chi16	ZZ up-up r=1	-0.4195277363172364	-0.004435698025425816	0.9811892809767304	22.055433599553186	21.99499312929741
32	0.0	24	chi32	ZZ up-up r=1	-0.4195277363172364	-0.0003297433411053041	0.9985421657906371	22.003111440484545	21.99499312929741
32	0.0	24	exact	ZZ up-up r=1	-0.4195277363172364	0.0	NaN	21.99499312929741	21.99499312929741
32	0.0	24	UHF	ZZ up-up r=1	-0.4195277363172364	0.3644108154761675	NaN	1.2475795738227513	21.99499312929741
32	0.0	24	UHFsym	ZZ up-up r=1	-0.4195277363172364	-0.02984097814057729	NaN	20.477739896668425	21.99499312929741
32	0.0	24	chi2	SzSz r=1	-0.08627353885491651	0.00422055501286403	0.006921655960620817	11.254512147723394	13.680106510598144
32	0.0	24	chi4	SzSz r=1	-0.08627353885491651	-0.012170831856384345	0.14457364341676135	8.585212775686973	13.680106510598144
32	0.0	24	chi8	SzSz r=1	-0.08627353885491651	-0.001294568008291308	0.8418403364003674	13.60168385221794	13.680106510598144
32	0.0	24	chi16	SzSz r=1	-0.08627353885491651	-0.0003871966093997592	0.9811892809767304	13.657956508872525	13.680106510598144
32	0.0	24	chi32	SzSz r=1	-0.08627353885491651	-7.901781965170829e-5	0.9985421657906371	13.678433927404088	13.680106510598144
32	0.0	24	exact	SzSz r=1	-0.08627353885491651	0.0	NaN	13.680106510598144	13.680106510598144
32	0.0	24	UHF	SzSz r=1	-0.08627353885491651	0.0856319688163554	NaN	1.0463220129564474	13.680106510598144
32	0.0	24	UHFsym	SzSz r=1	-0.08627353885491651	-0.012930979587829919	NaN	10.461050111398654	13.680106510598144
32	0.0	24	chi2	hop up r=1	0.434814438856966	0.434814438856966	0.006921655960620817	1.0	21.85286056769354
32	0.0	24	chi4	hop up r=1	0.434814438856966	0.434814438856966	0.14457364341676135	1.0	21.85286056769354
32	0.0	24	chi8	hop up r=1	0.434814438856966	0.008705114655618185	0.8418403364003674	21.514555013933393	21.85286056769354
32	0.0	24	chi16	hop up r=1	0.434814438856966	0.0029081825891814073	0.9811892809767304	21.778220961078222	21.85286056769354
32	0.0	24	chi32	hop up r=1	0.434814438856966	0.0002509911790172237	0.9985421657906371	21.847976341340974	21.85286056769354
32	0.0	24	exact	hop up r=1	0.434814438856966	0.0	NaN	21.85286056769354	21.85286056769354
32	0.0	24	UHF	hop up r=1	0.434814438856966	-0.004085370002215094	NaN	21.890512708620616	21.85286056769354
32	0.0	24	UHFsym	hop up r=1	0.434814438856966	-0.004085370002214539	NaN	21.89051270862062	21.85286056769354
32	0.0	25	chi2	n	1.0000000000262035	2.6206037340159583e-11	0.006921655960620817	0.9999999868809649	1.0000000002065415
32	0.0	25	chi4	n	1.0000000000262035	3.4723668385083784e-10	0.14457364341676135	1.0000000004929828	1.0000000002065415
32	0.0	25	chi8	n	1.0000000000262035	-2.577154045724228e-10	0.8418403364003674	1.0000000003280787	1.0000000002065415
32	0.0	25	chi16	n	1.0000000000262035	-1.2599499221721544e-10	0.9811892809767304	1.0000000002142027	1.0000000002065415
32	0.0	25	chi32	n	1.0000000000262035	-2.8821833808478914e-11	0.9985421657906371	1.000000000230643	1.0000000002065415
32	0.0	25	exact	n	1.0000000000262035	0.0	NaN	1.0000000002065415	1.0000000002065415
32	0.0	25	UHF	n	1.0000000000262035	2.6207369607789133e-11	NaN	0.016849685035098188	1.0000000002065415
32	0.0	25	UHFsym	n	1.0000000000262035	2.620725858548667e-11	NaN	1.0000000000000009	1.0000000002065415
32	0.0	25	chi2	Sz	-9.113549359618389e-10	-5.7355786870160506e-8	0.006921655960620817	0.9999999512372296	1.0000000008303698
32	0.0	25	chi4	Sz	-9.113549359618389e-10	9.32555609123309e-10	0.14457364341676135	1.0000000010653127	1.0000000008303698
32	0.0	25	chi8	Sz	-9.113549359618389e-10	7.456117528947814e-10	0.8418403364003674	1.000000001898068	1.0000000008303698
32	0.0	25	chi16	Sz	-9.113549359618389e-10	1.4181596175166788e-10	0.9811892809767304	1.0000000011599655	1.0000000008303698
32	0.0	25	chi32	Sz	-9.113549359618389e-10	1.2861249565343513e-10	0.9985421657906371	1.0000000009888559	1.0000000008303698
32	0.0	25	exact	Sz	-9.113549359618389e-10	0.0	NaN	1.0000000008303698	1.0000000008303698
32	0.0	25	UHF	Sz	-9.113549359618389e-10	0.3844819405951614	NaN	0.02959502603245192	1.0000000008303698
32	0.0	25	UHFsym	Sz	-9.113549359618389e-10	-9.11354922517732e-10	NaN	0.9999999999999939	1.0000000008303698
32	0.0	25	chi2	DoubleOcc	0.10056172610463399	0.10056172610463401	0.006921655960620817	1.934152705469622	23.626069941388298
32	0.0	25	chi4	DoubleOcc	0.10056172610463399	0.04064759981498481	0.14457364341676135	7.949833980038936	23.626069941388298
32	0.0	25	chi8	DoubleOcc	0.10056172610463399	0.0003601960025569617	0.8418403364003674	23.57393030790885	23.626069941388298
32	0.0	25	chi16	DoubleOcc	0.10056172610463399	0.00036951740092397434	0.9811892809767304	23.572498871436203	23.626069941388298
32	0.0	25	chi32	DoubleOcc	0.10056172610463399	4.497271419656723e-6	0.9985421657906371	23.62545726829205	23.626069941388298
32	0.0	25	exact	DoubleOcc	0.10056172610463399	0.0	NaN	23.626069941388298	23.626069941388298
32	0.0	25	UHF	DoubleOcc	0.10056172610463399	-0.0016119105507438614	NaN	0.903304415232946	23.626069941388298
32	0.0	25	UHFsym	DoubleOcc	0.10056172610463399	-0.0016119105507437503	NaN	23.78194806216631	23.626069941388298
32	0.0	25	chi2	ZZ onsite	-0.5977530956338641	0.4022469043661332	0.006921655960620817	2.065027328434104	42.928289336959985
32	0.0	25	chi4	ZZ onsite	-0.5977530956338641	0.16259039856546886	0.14457364341676135	9.872130692742438	42.928289336959985
32	0.0	25	chi8	ZZ onsite	-0.5977530956338641	0.001440784525663319	0.8418403364003674	42.84414636638243	42.928289336959985
32	0.0	25	chi16	ZZ onsite	-0.5977530956338641	0.0014780698556894345	0.9811892809767304	42.84169206007678	42.928289336959985
32	0.0	25	chi32	ZZ onsite	-0.5977530956338641	1.798914332806767e-5	0.9985421657906371	42.927367834371545	42.928289336959985
32	0.0	25	exact	ZZ onsite	-0.5977530956338641	0.0	NaN	42.928289336959985	42.928289336959985
32	0.0	25	UHF	ZZ onsite	-0.5977530956338641	-0.006447642255383301	NaN	43.04533226780697	42.928289336959985
32	0.0	25	UHFsym	ZZ onsite	-0.5977530956338641	-0.006447642255382746	NaN	43.04533226780698	42.928289336959985
32	0.0	25	chi2	ZZ up-up r=1	-0.6152690928149819	0.38473090718501546	0.006921655960620817	2.5137848316817197	55.59386111942984
32	0.0	25	chi4	ZZ up-up r=1	-0.6152690928149819	0.13887436496743633	0.14457364341676135	14.950639489265225	55.59386111942984
32	0.0	25	chi8	ZZ up-up r=1	-0.6152690928149819	-0.011942222971115801	0.8418403364003674	54.24358654694802	55.59386111942984
32	0.0	25	chi16	ZZ up-up r=1	-0.6152690928149819	-0.002978196382192433	0.9811892809767304	55.462204821748344	55.59386111942984
32	0.0	25	chi32	ZZ up-up r=1	-0.6152690928149819	-7.656853628468241e-6	0.9985421657906371	55.593703431472285	55.59386111942984
32	0.0	25	exact	ZZ up-up r=1	-0.6152690928149819	0.0	NaN	55.59386111942984	55.59386111942984
32	0.0	25	UHF	ZZ up-up r=1	-0.6152690928149819	0.1686715927897232	NaN	11.066569749230034	55.59386111942984
32	0.0	25	UHFsym	ZZ up-up r=1	-0.6152690928149819	-0.22558141271703325	NaN	6.625029749704318	55.59386111942984
32	0.0	25	chi2	SzSz r=1	-0.12884303209536677	0.12115696790463257	0.006921655960620817	1.1189175295137008	36.9305191585839
32	0.0	25	chi4	SzSz r=1	-0.12884303209536677	0.02973576912515391	0.14457364341676135	12.382451604491207	36.9305191585839
32	0.0	25	chi8	SzSz r=1	-0.12884303209536677	-0.003399196987349057	0.8418403364003674	35.19416069143695	36.9305191585839
32	0.0	25	chi16	SzSz r=1	-0.12884303209536677	-6.796512714182801e-5	0.9811892809767304	36.94236154684769	36.9305191585839
32	0.0	25	chi32	SzSz r=1	-0.12884303209536677	-2.888168970177629e-6	0.9985421657906371	36.92855749833779	36.9305191585839
32	0.0	25	exact	SzSz r=1	-0.12884303209536677	0.0	NaN	36.9305191585839	36.9305191585839
32	0.0	25	UHF	SzSz r=1	-0.12884303209536677	0.043062969503958465	NaN	7.299837260803328	36.9305191585839
32	0.0	25	UHFsym	SzSz r=1	-0.12884303209536677	-0.05550028187272822	NaN	4.916731042691209	36.9305191585839
32	0.0	25	chi2	hop up r=1	0.543386614123124	0.543386614123124	0.006921655960620817	1.0	50.049737895085066
32	0.0	25	chi4	hop up r=1	0.543386614123124	-0.025368904919091828	0.14457364341676135	46.808495560526744	50.049737895085066
32	0.0	25	chi8	hop up r=1	0.543386614123124	0.011156865109463787	0.8418403364003674	48.302213480634066	50.049737895085066
32	0.0	25	chi16	hop up r=1	0.543386614123124	0.0021954078028959545	0.9811892809767304	49.85518815250359	50.049737895085066
32	0.0	25	chi32	hop up r=1	0.543386614123124	3.366220188938396e-5	0.9985421657906371	50.047338846512794	50.049737895085066
32	0.0	25	exact	hop up r=1	0.543386614123124	0.0	NaN	50.049737895085066	50.049737895085066
32	0.0	25	UHF	hop up r=1	0.543386614123124	0.10448644504729343	NaN	17.06258185366529	50.049737895085066
32	0.0	25	UHFsym	hop up r=1	0.543386614123124	0.1044864450472976	NaN	17.062581853664433	50.049737895085066
32	0.0	26	chi2	n	1.0000000000062466	6.248557227195306e-12	0.006921655960620817	0.9999999142668943	1.000000003328447
32	0.0	26	chi4	n	1.0000000000062466	-3.147946348036612e-10	0.14457364341676135	1.0000000031382044	1.000000003328447
32	0.0	26	chi8	n	1.0000000000062466	-1.5888823590159973e-10	0.8418403364003674	1.0000000027461764	1.000000003328447
32	0.0	26	chi16	n	1.0000000000062466	-4.246825113796149e-11	0.9811892809767304	1.0000000032619334	1.000000003328447
32	0.0	26	chi32	n	1.0000000000062466	4.970879263765937e-11	0.9985421657906371	1.0000000030321448	1.000000003328447
32	0.0	26	exact	n	1.0000000000062466	0.0	NaN	1.000000003328447	1.000000003328447
32	0.0	26	UHF	n	1.0000000000062466	6.24256202286233e-12	NaN	0.01932301381629861	1.000000003328447
32	0.0	26	UHFsym	n	1.0000000000062466	6.24256202286233e-12	NaN	1.0000000000000033	1.000000003328447
32	0.0	26	chi2	Sz	2.1887548266874557e-9	5.863318673290929e-8	0.006921655960620817	0.9999999995457155	1.0000000000223415
32	0.0	26	chi4	Sz	2.1887548266874557e-9	2.5819610685595684e-10	0.14457364341676135	1.0000000002601526	1.0000000000223415
32	0.0	26	chi8	Sz	2.1887548266874557e-9	4.504589236342671e-10	0.8418403364003674	1.000000000139802	1.0000000000223415
32	0.0	26	chi16	Sz	2.1887548266874557e-9	6.172756403244328e-11	0.9811892809767304	1.00000000005421	1.0000000000223415
32	0.0	26	chi32	Sz	2.1887548266874557e-9	1.740885630097111e-10	0.9985421657906371	0.9999999999830665	1.0000000000223415
32	0.0	26	exact	Sz	2.1887548266874557e-9	0.0	NaN	1.0000000000223415	1.0000000000223415
32	0.0	26	UHF	Sz	2.1887548266874557e-9	-0.3844831577179145	NaN	0.02770802538360127	1.0000000000223415
32	0.0	26	UHFsym	Sz	2.1887548266874557e-9	2.1887548206159235e-9	NaN	1.0000000000000029	1.0000000000223415
32	0.0	26	chi2	DoubleOcc	0.09980703267183991	0.09980703267183991	0.006921655960620817	2.187664142574564	29.2749943767987
32	0.0	26	chi4	DoubleOcc	0.09980703267183991	0.03989290606115364	0.14457364341676135	9.87983223179441	29.2749943767987
32	0.0	26	chi8	DoubleOcc	0.09980703267183991	-0.000488487716926389	0.8418403364003674	29.257307403385006	29.2749943767987
32	0.0	26	chi16	DoubleOcc	0.09980703267183991	0.00039980598227709607	0.9811892809767304	29.27649079480201	29.2749943767987
32	0.0	26	chi32	DoubleOcc	0.09980703267183991	4.7467217129670836e-6	0.9985421657906371	29.27508072010725	29.2749943767987
32	0.0	26	exact	DoubleOcc	0.09980703267183991	0.0	NaN	29.2749943767987	29.2749943767987
32	0.0	26	UHF	DoubleOcc	0.09980703267183991	-0.002365667076344641	NaN	1.252504706393987	29.2749943767987
32	0.0	26	UHFsym	DoubleOcc	0.09980703267183991	-0.0023656670763445575	NaN	29.028963662419873	29.2749943767987
32	0.0	26	chi2	ZZ onsite	-0.6007718693251282	0.39922813067486984	0.006921655960620817	2.2583976418542258	53.936249920226416
32	0.0	26	chi4	ZZ onsite	-0.6007718693251282	0.15957162487420473	0.14457364341676135	11.764808604604763	53.936249920226416
32	0.0	26	chi8	ZZ onsite	-0.6007718693251282	-0.00195395054992753	0.8418403364003674	53.82820664684763	53.936249920226416
32	0.0	26	chi16	ZZ onsite	-0.6007718693251282	0.001599224014047551	0.9811892809767304	53.98032009359679	53.936249920226416
32	0.0	26	chi32	ZZ onsite	-0.6007718693251282	1.898678743872395e-5	0.9985421657906371	53.93700807484997	53.936249920226416
32	0.0	26	exact	ZZ onsite	-0.6007718693251282	0.0	NaN	53.936249920226416	53.936249920226416
32	0.0	26	UHF	ZZ onsite	-0.6007718693251282	-0.009462668317858358	NaN	52.87589282672958	53.936249920226416
32	0.0	26	UHFsym	ZZ onsite	-0.6007718693251282	-0.009462668317858025	NaN	52.87589282672963	53.936249920226416
32	0.0	26	chi2	ZZ up-up r=1	-0.4060745708016114	-0.050611109074260696	0.006921655960620817	15.778285695935354	19.164528196756148
32	0.0	26	chi4	ZZ up-up r=1	-0.4060745708016114	-0.1308419933052964	0.14457364341676135	6.967327381447824	19.164528196756148
32	0.0	26	chi8	ZZ up-up r=1	-0.4060745708016114	-0.00554948900477209	0.8418403364003674	19.259932205682876	19.164528196756148
32	0.0	26	chi16	ZZ up-up r=1	-0.4060745708016114	-0.002289165278366423	0.9811892809767304	19.220141507859765	19.164528196756148
32	0.0	26	chi32	ZZ up-up r=1	-0.4060745708016114	-0.0002177278379825176	0.9985421657906371	19.170789032974923	19.164528196756148
32	0.0	26	exact	ZZ up-up r=1	-0.4060745708016114	0.0	NaN	19.164528196756148	19.164528196756148
32	0.0	26	UHF	ZZ up-up r=1	-0.4060745708016114	0.37786248900857705	NaN	1.0742142594420432	19.164528196756148
32	0.0	26	UHFsym	ZZ up-up r=1	-0.4060745708016114	-0.016389955205611706	NaN	19.05762365370514	19.164528196756148
32	0.0	26	chi2	SzSz r=1	-0.0833521294060694	0.005513736025768282	0.006921655960620817	10.754632192590087	13.038835330657653
32	0.0	26	chi4	SzSz r=1	-0.0833521294060694	-0.013960834192654578	0.14457364341676135	7.772191245915002	13.038835330657653
32	0.0	26	chi8	SzSz r=1	-0.0833521294060694	-0.0009517138513801537	0.8418403364003674	12.983077635244445	13.038835330657653
32	0.0	26	chi16	SzSz r=1	-0.0833521294060694	-0.0003369569289094765	0.9811892809767304	13.063862127552925	13.038835330657653
32	0.0	26	chi32	SzSz r=1	-0.0833521294060694	-5.721663484895001e-5	0.9985421657906371	13.040799800701945	13.038835330657653
32	0.0	26	exact	SzSz r=1	-0.0833521294060694	0.0	NaN	13.038835330657653	13.038835330657653
32	0.0	26	UHF	SzSz r=1	-0.0833521294060694	0.08855331373943065	NaN	0.8535312737869486	13.038835330657653
32	0.0	26	UHFsym	SzSz r=1	-0.0833521294060694	-0.010009797314114444	NaN	11.25696528754989	13.038835330657653
32	0.0	26	chi2	hop up r=1	0.42720655321675616	0.42720655321675616	0.006921655960620817	1.0	22.49480384046778
32	0.0	26	chi4	hop up r=1	0.42720655321675616	0.42720655321675616	0.14457364341676135	1.0	22.49480384046778
32	0.0	26	chi8	hop up r=1	0.42720655321675616	0.007591488616703446	0.8418403364003674	22.47035045183055	22.49480384046778
32	0.0	26	chi16	hop up r=1	0.42720655321675616	0.0021271711975922036	0.9811892809767304	22.519233593561264	22.49480384046778
32	0.0	26	chi32	hop up r=1	0.42720655321675616	0.00016965906534455177	0.9985421657906371	22.497643797110467	22.49480384046778
32	0.0	26	exact	hop up r=1	0.42720655321675616	0.0	NaN	22.49480384046778	22.49480384046778
32	0.0	26	UHF	hop up r=1	0.42720655321675616	-0.011690444330918759	NaN	21.94024424380381	22.49480384046778
32	0.0	26	UHFsym	hop up r=1	0.42720655321675616	-0.011690444330914318	NaN	21.94024424380415	22.49480384046778
32	0.0	27	chi2	n	0.9999999999973929	-2.6052493495853923e-12	0.006921655960620817	1.0000000010455772	0.9999999981916377
32	0.0	27	chi4	n	0.9999999999973929	1.779998370921021e-10	0.14457364341676135	0.9999999951173065	0.9999999981916377
32	0.0	27	chi8	n	0.9999999999973929	4.879889825559758e-10	0.8418403364003674	0.9999999974252622	0.9999999981916377
32	0.0	27	chi16	n	0.9999999999973929	4.4414805167036775e-11	0.9811892809767304	0.999999997808394	0.9999999981916377
32	0.0	27	chi32	n	0.9999999999973929	9.48718881232935e-12	0.9985421657906371	0.9999999980527363	0.9999999981916377
32	0.0	27	exact	n	0.9999999999973929	0.0	NaN	0.9999999981916377	0.9999999981916377
32	0.0	27	UHF	n	0.9999999999973929	-2.6054713941903174e-12	NaN	0.018133241783586607	0.9999999981916377
32	0.0	27	UHFsym	n	0.9999999999973929	-2.60558241649278e-12	NaN	0.9999999999999982	0.9999999981916377
32	0.0	27	chi2	Sz	-9.764582198368288e-10	-1.5422475242690666e-9	0.006921655960620817	1.0000000002613207	0.9999999995483387
32	0.0	27	chi4	Sz	-9.764582198368288e-10	1.5208867082394661e-9	0.14457364341676135	0.9999999988005737	0.9999999995483387
32	0.0	27	chi8	Sz	-9.764582198368288e-10	2.3451303399202317e-11	0.8418403364003674	0.9999999994132807	0.9999999995483387
32	0.0	27	chi16	Sz	-9.764582198368288e-10	1.717744002593946e-10	0.9811892809767304	0.9999999994576952	0.9999999995483387
32	0.0	27	chi32	Sz	-9.764582198368288e-10	6.756011028397069e-11	0.9985421657906371	0.9999999995147206	0.9999999995483387
32	0.0	27	exact	Sz	-9.764582198368288e-10	0.0	NaN	0.9999999995483387	0.9999999995483387
32	0.0	27	UHF	Sz	-9.764582198368288e-10	0.384481393148421	NaN	0.028099483454606028	0.9999999995483387
32	0.0	27	UHFsym	Sz	-9.764582198368288e-10	-9.764582215715523e-10	NaN	0.9999999999999999	0.9999999995483387
32	0.0	27	chi2	DoubleOcc	0.10070850739065307	0.10070850739065307	0.006921655960620817	1.8985907778028508	27.140492959166814
32	0.0	27	chi4	DoubleOcc	0.10070850739065307	0.03640544537314225	0.14457364341676135	9.262015011561637	27.140492959166814
32	0.0	27	chi8	DoubleOcc	0.10070850739065307	0.00019737119121973623	0.8418403364003674	27.094809835858502	27.140492959166814
32	0.0	27	chi16	DoubleOcc	0.10070850739065307	0.00025495685389029243	0.9811892809767304	27.081022719466908	27.140492959166814
32	0.0	27	chi32	DoubleOcc	0.10070850739065307	-1.162160630396869e-6	0.9985421657906371	27.140754711696612	27.140492959166814
32	0.0	27	exact	DoubleOcc	0.10070850739065307	0.0	NaN	27.140492959166814	27.140492959166814
32	0.0	27	UHF	DoubleOcc	0.10070850739065307	-0.0014655501811353666	NaN	1.0480034632661943	27.140492959166814
32	0.0	27	UHFsym	DoubleOcc	0.10070850739065307	-0.0014655501811352278	NaN	27.401510266997704	27.140492959166814
32	0.0	27	chi2	ZZ onsite	-0.5971659704321682	0.40283402956782977	0.006921655960620817	2.0020237214293695	52.30384061681013
32	0.0	27	chi4	ZZ onsite	-0.5971659704321682	0.14562178113657065	0.14457364341676135	11.549642483978085	52.30384061681013
32	0.0	27	chi8	ZZ onsite	-0.5971659704321682	0.00078948378890209	0.8418403364003674	52.19032398052359	52.30384061681013
32	0.0	27	chi16	ZZ onsite	-0.5971659704321682	0.001019827326734113	0.9811892809767304	52.155484956004614	52.30384061681013
32	0.0	27	chi32	ZZ onsite	-0.5971659704321682	-4.648661491413186e-6	0.9985421657906371	52.30448185866758	52.30384061681013
32	0.0	27	exact	ZZ onsite	-0.5971659704321682	0.0	NaN	52.30384061681013	52.30384061681013
32	0.0	27	UHF	ZZ onsite	-0.5971659704321682	-0.005862200719325195	NaN	52.8518308171974	52.30384061681013
32	0.0	27	UHFsym	ZZ onsite	-0.5971659704321682	-0.0058622007193245285	NaN	52.85183081719736	52.30384061681013
32	0.0	27	chi2	ZZ up-up r=1	-0.6337633251363505	0.3662366748636475	0.006921655960620817	2.8347672618573627	53.34025591691746
32	0.0	27	chi4	ZZ up-up r=1	-0.6337633251363505	0.14340953812846613	0.14457364341676135	14.100548571294324	53.34025591691746
32	0.0	27	chi8	ZZ up-up r=1	-0.6337633251363505	-0.010989424654386792	0.8418403364003674	52.84232899472099	53.34025591691746
32	0.0	27	chi16	ZZ up-up r=1	-0.6337633251363505	-0.002922637769996239	0.9811892809767304	53.37163800654093	53.34025591691746
32	0.0	27	chi32	ZZ up-up r=1	-0.6337633251363505	6.336984406540846e-5	0.9985421657906371	53.338251384536015	53.34025591691746
32	0.0	27	exact	ZZ up-up r=1	-0.6337633251363505	0.0	NaN	53.34025591691746	53.34025591691746
32	0.0	27	UHF	ZZ up-up r=1	-0.6337633251363505	0.15023323362513052	NaN	13.171094683634763	53.34025591691746
32	0.0	27	UHFsym	ZZ up-up r=1	-0.6337633251363505	-0.24405159314888536	NaN	6.1496294214391565	53.34025591691746
32	0.0	27	chi2	SzSz r=1	-0.13286804615734754	0.11713195384265196	0.006921655960620817	1.2059950362582947	38.87965174638422
32	0.0	27	chi4	SzSz r=1	-0.13286804615734754	0.02927363860494847	0.14457364341676135	12.327450571103622	38.87965174638422
32	0.0	27	chi8	SzSz r=1	-0.13286804615734754	-0.003118793212402049	0.8418403364003674	38.14371234214841	38.87965174638422
32	0.0	27	chi16	SzSz r=1	-0.13286804615734754	-4.477793328258595e-5	0.9811892809767304	38.88775592019455	38.87965174638422
32	0.0	27	chi32	SzSz r=1	-0.13286804615734754	1.4804863318396144e-5	0.9985421657906371	38.87355219610427	38.87965174638422
32	0.0	27	exact	SzSz r=1	-0.13286804615734754	0.0	NaN	38.87965174638422	38.87965174638422
32	0.0	27	UHF	SzSz r=1	-0.13286804615734754	0.039050905345946796	NaN	8.376619780492375	38.87965174638422
32	0.0	27	UHFsym	SzSz r=1	-0.13286804615734754	-0.0595203013475572	NaN	4.737500378798217	38.87965174638422
32	0.0	27	chi2	hop up r=1	0.5533113806547502	0.5533113806547502	0.006921655960620817	1.0	44.29623802648183
32	0.0	27	chi4	hop up r=1	0.5533113806547502	-0.040805063011894904	0.14457364341676135	35.112358548973	44.29623802648183
32	0.0	27	chi8	hop up r=1	0.5533113806547502	0.008821644104242132	0.8418403364003674	44.03917067265068	44.29623802648183
32	0.0	27	chi16	hop up r=1	0.5533113806547502	0.0021344339309802285	0.9811892809767304	44.32378784594519	44.29623802648183
32	0.0	27	chi32	hop up r=1	0.5533113806547502	5.234437089662869e-6	0.9985421657906371	44.29637589614158	44.29623802648183
32	0.0	27	exact	hop up r=1	0.5533113806547502	0.0	NaN	44.29623802648183	44.29623802648183
32	0.0	27	UHF	hop up r=1	0.5533113806547502	0.1144019304299797	NaN	15.837902121593313	44.29623802648183
32	0.0	27	UHFsym	hop up r=1	0.5533113806547502	0.11440193042998259	NaN	15.837902121592787	44.29623802648183
32	0.0	28	chi2	n	1.0000000000023728	2.3741009158584347e-12	0.006921655960620817	0.9999999999445046	1.0000000002429141
32	0.0	28	chi4	n	1.0000000000023728	-1.782411995776556e-10	0.14457364341676135	1.000000000446978	1.0000000002429141
32	0.0	28	chi8	n	1.0000000000023728	-2.106945728996834e-10	0.8418403364003674	1.0000000003625518	1.0000000002429141
32	0.0	28	chi16	n	1.0000000000023728	5.0212944913141655e-11	0.9811892809767304	1.0000000001701144	1.0000000002429141
32	0.0	28	chi32	n	1.0000000000023728	2.4158453015843406e-13	0.9985421657906371	1.0000000002277591	1.0000000002429141
32	0.0	28	exact	n	1.0000000000023728	0.0	NaN	1.0000000002429141	1.0000000002429141
32	0.0	28	UHF	n	1.0000000000023728	2.3779866964446228e-12	NaN	0.01994400230950618	1.0000000002429141
32	0.0	28	UHFsym	n	1.0000000000023728	2.3778756741421603e-12	NaN	0.999999999999997	1.0000000002429141
32	0.0	28	chi2	Sz	2.454237139903892e-9	3.020026138889076e-9	0.006921655960620817	0.999999998898817	1.0000000047774373
32	0.0	28	chi4	Sz	2.454237139903892e-9	-4.0388790922829543e-10	0.14457364341676135	1.000000005624515	1.0000000047774373
32	0.0	28	chi8	Sz	2.454237139903892e-9	7.620944778019556e-10	0.8418403364003674	1.0000000033662955	1.0000000047774373
32	0.0	28	chi16	Sz	2.454237139903892e-9	2.6991441026691376e-10	0.9811892809767304	1.0000000042349262	1.0000000047774373
32	0.0	28	chi32	Sz	2.454237139903892e-9	1.5227533470274501e-10	0.9985421657906371	1.0000000044809865	1.0000000047774373
32	0.0	28	exact	Sz	2.454237139903892e-9	0.0	NaN	1.0000000047774373	1.0000000047774373
32	0.0	28	UHF	Sz	2.454237139903892e-9	-0.38451473759635807	NaN	0.0361220105707774	1.0000000047774373
32	0.0	28	UHFsym	Sz	2.454237139903892e-9	2.4542371550827224e-9	NaN	0.999999999999998	1.0000000047774373
32	0.0	28	chi2	DoubleOcc	0.09928176444189837	0.09928176444189837	0.006921655960620817	2.1416949323117986	24.722104467029308
32	0.0	28	chi4	DoubleOcc	0.09928176444189837	0.03497870224377675	0.14457364341676135	10.551147141880756	24.722104467029308
32	0.0	28	chi8	DoubleOcc	0.09928176444189837	-0.0009813311257923507	0.8418403364003674	24.73380866087915	24.722104467029308
32	0.0	28	chi16	DoubleOcc	0.09928176444189837	0.0002280212568607498	0.9811892809767304	24.712202259958506	24.722104467029308
32	0.0	28	chi32	DoubleOcc	0.09928176444189837	1.5674338793847387e-6	0.9985421657906371	24.722045620815436	24.722104467029308
32	0.0	28	exact	DoubleOcc	0.09928176444189837	0.0	NaN	24.722104467029308	24.722104467029308
32	0.0	28	UHF	DoubleOcc	0.09928176444189837	-0.002866650241922203	NaN	1.0635856820366953	24.722104467029308
32	0.0	28	UHFsym	DoubleOcc	0.09928176444189837	-0.002866650241922092	NaN	24.615862536061908	24.722104467029308
32	0.0	28	chi2	ZZ onsite	-0.6028729422371467	0.39712705776285195	0.006921655960620817	2.2876351648715514	46.584330340253395
32	0.0	28	chi4	ZZ onsite	-0.6028729422371467	0.13991480933159162	0.14457364341676135	13.921243629142316	46.584330340253395
32	0.0	28	chi8	ZZ onsite	-0.6028729422371467	-0.003925324081779369	0.8418403364003674	46.380388826251654	46.584330340253395
32	0.0	28	chi16	ZZ onsite	-0.6028729422371467	0.000912084927019996	0.9811892809767304	46.60637411828834	46.584330340253395
32	0.0	28	chi32	ZZ onsite	-0.6028729422371467	6.269735039254876e-6	0.9985421657906371	46.58451470366676	46.584330340253395
32	0.0	28	exact	ZZ onsite	-0.6028729422371467	0.0	NaN	46.584330340253395	46.584330340253395
32	0.0	28	UHF	ZZ onsite	-0.6028729422371467	-0.011466600972439456	NaN	45.51030577062703	46.584330340253395
32	0.0	28	UHFsym	ZZ onsite	-0.6028729422371467	-0.0114666009724389	NaN	45.51030577062711	46.584330340253395
32	0.0	28	chi2	ZZ up-up r=1	-0.3819862119740266	-0.04120337327095497	0.006921655960620817	14.734489085341586	18.572321654679296
32	0.0	28	chi4	ZZ up-up r=1	-0.3819862119740266	-0.32599905539968244	0.14457364341676135	1.33888126605704	18.572321654679296
32	0.0	28	chi8	ZZ up-up r=1	-0.3819862119740266	-0.004709935078867744	0.8418403364003674	18.392813834706676	18.572321654679296
32	0.0	28	chi16	ZZ up-up r=1	-0.3819862119740266	-0.0016116960333399932	0.9811892809767304	18.521235806627114	18.572321654679296
32	0.0	28	chi32	ZZ up-up r=1	-0.3819862119740266	-0.00010847039547423609	0.9985421657906371	18.569227126321824	18.572321654679296
32	0.0	28	exact	ZZ up-up r=1	-0.3819862119740266	0.0	NaN	18.572321654679296	18.572321654679296
32	0.0	28	UHF	ZZ up-up r=1	-0.3819862119740266	0.40184535203766114	NaN	0.9677858794162058	18.572321654679296
32	0.0	28	UHFsym	ZZ up-up r=1	-0.3819862119740266	0.007610158664308586	NaN	18.66287606837384	18.572321654679296
32	0.0	28	chi2	SzSz r=1	-0.07813340044273184	0.007062309233036065	0.006921655960620817	8.97876149647267	10.684824185629049
32	0.0	28	chi4	SzSz r=1	-0.07813340044273184	-0.0641366112991458	0.14457364341676135	1.3945667584485044	10.684824185629049
32	0.0	28	chi8	SzSz r=1	-0.07813340044273184	-0.0006158390404191472	0.8418403364003674	10.588809301342275	10.684824185629049
32	0.0	28	chi16	SzSz r=1	-0.07813340044273184	-0.0003436351468202037	0.9811892809767304	10.666874873213956	10.684824185629049
32	0.0	28	chi32	SzSz r=1	-0.07813340044273184	-3.158421726628946e-5	0.9985421657906371	10.682769379728569	10.684824185629049
32	0.0	28	exact	SzSz r=1	-0.07813340044273184	0.0	NaN	10.684824185629049	10.684824185629049
32	0.0	28	UHF	SzSz r=1	-0.07813340044273184	0.09375562159009479	NaN	0.7847213103102828	10.684824185629049
32	0.0	28	UHFsym	SzSz r=1	-0.07813340044273184	-0.004803176753244279	NaN	9.961099851259048	10.684824185629049
32	0.0	28	chi2	hop up r=1	0.4131489311393816	0.4131489311393816	0.006921655960620817	1.0	17.614977287949824
32	0.0	28	chi4	hop up r=1	0.4131489311393816	0.4131489311393816	0.14457364341676135	1.0	17.614977287949824
32	0.0	28	chi8	hop up r=1	0.4131489311393816	0.00623539269288248	0.8418403364003674	17.524644066011184	17.614977287949824
32	0.0	28	chi16	hop up r=1	0.4131489311393816	0.000696928791095508	0.9811892809767304	17.611411020017563	17.614977287949824
32	0.0	28	chi32	hop up r=1	0.4131489311393816	8.94991473392448e-5	0.9985421657906371	17.614611922342032	17.614977287949824
32	0.0	28	exact	hop up r=1	0.4131489311393816	0.0	NaN	17.614977287949824	17.614977287949824
32	0.0	28	UHF	hop up r=1	0.4131489311393816	-0.02565734930880198	NaN	16.649337962835464	17.614977287949824
32	0.0	28	UHFsym	hop up r=1	0.4131489311393816	-0.025657349308801536	NaN	16.649337962835492	17.614977287949824
32	0.0	29	chi2	n	0.9999999999711165	-2.888256300792591e-11	0.006921655960620817	1.000000021836354	0.9999999992525657
32	0.0	29	chi4	n	0.9999999999711165	6.747979952592686e-11	0.14457364341676135	0.9999999987509804	0.9999999992525657
32	0.0	29	chi8	n	0.9999999999711165	1.6477164077599582e-10	0.8418403364003674	0.9999999992900339	0.9999999992525657
32	0.0	29	chi16	n	0.9999999999711165	1.4147460980495907e-11	0.9811892809767304	0.9999999992663455	0.9999999992525657
32	0.0	29	chi32	n	0.9999999999711165	9.493628105872176e-12	0.9985421657906371	0.999999999263397	0.9999999992525657
32	0.0	29	exact	n	0.9999999999711165	0.0	NaN	0.9999999992525657	0.9999999992525657
32	0.0	29	UHF	n	0.9999999999711165	-2.888345118634561e-11	NaN	0.01750334107641996	0.9999999992525657
32	0.0	29	UHFsym	n	0.9999999999711165	-2.888345118634561e-11	NaN	1.0000000000000002	0.9999999992525657
32	0.0	29	chi2	Sz	-1.1671665231527406e-9	-3.496266384051095e-8	0.006921655960620817	0.999999940579277	1.0000000020402546
32	0.0	29	chi4	Sz	-1.1671665231527406e-9	8.005809556954624e-10	0.14457364341676135	1.0000000034200691	1.0000000020402546
32	0.0	29	chi8	Sz	-1.1671665231527406e-9	1.3708756352315277e-12	0.8418403364003674	1.0000000019747917	1.0000000020402546
32	0.0	29	chi16	Sz	-1.1671665231527406e-9	-1.6231058164173362e-11	0.9811892809767304	1.0000000020058906	1.0000000020402546
32	0.0	29	chi32	Sz	-1.1671665231527406e-9	-1.3345706484368947e-11	0.9985421657906371	1.0000000020128812	1.0000000020402546
32	0.0	29	exact	Sz	-1.1671665231527406e-9	0.0	NaN	1.0000000020402546	1.0000000020402546
32	0.0	29	UHF	Sz	-1.1671665231527406e-9	0.3844329936337088	NaN	0.031989208086096343	1.0000000020402546
32	0.0	29	UHFsym	Sz	-1.1671665231527406e-9	-1.1671665227190597e-9	NaN	1.0	1.0000000020402546
32	0.0	29	chi2	DoubleOcc	0.10080893407234875	0.10080893407234878	0.006921655960620817	2.105558925115359	30.68911064139783
32	0.0	29	chi4	DoubleOcc	0.10080893407234875	0.035060174961606794	0.14457364341676135	11.603897670619704	30.68911064139783
32	0.0	29	chi8	DoubleOcc	0.10080893407234875	0.00017167712778629052	0.8418403364003674	30.687280858693203	30.68911064139783
32	0.0	29	chi16	DoubleOcc	0.10080893407234875	0.00013647763582622097	0.9811892809767304	30.68785275503829	30.68911064139783
32	0.0	29	chi32	DoubleOcc	0.10080893407234875	-1.915091902532362e-6	0.9985421657906371	30.68911743807161	30.68911064139783
32	0.0	29	exact	DoubleOcc	0.10080893407234875	0.0	NaN	30.68911064139783	30.68911064139783
32	0.0	29	UHF	DoubleOcc	0.10080893407234875	-0.0014023384360813684	NaN	1.025824888546757	30.68911064139783
32	0.0	29	UHFsym	DoubleOcc	0.10080893407234875	-0.001402338436081535	NaN	30.613833400598356	30.68911064139783
32	0.0	29	chi2	ZZ onsite	-0.5967642636528322	0.4032357363471669	0.006921655960620817	2.1168239560531705	54.32024421923376
32	0.0	29	chi4	ZZ onsite	-0.5967642636528322	0.14024069971147013	0.14457364341676135	13.493094903772935	54.32024421923376
32	0.0	29	chi8	ZZ onsite	-0.5967642636528322	0.0006867081816038789	0.8418403364003674	54.29892520829174	54.32024421923376
32	0.0	29	chi16	ZZ onsite	-0.5967642636528322	0.0005459105150138477	0.9811892809767304	54.30392295458885	54.32024421923376
32	0.0	29	chi32	ZZ onsite	-0.5967642636528322	-7.660386592167612e-6	0.9985421657906371	54.32043864471173	54.32024421923376
32	0.0	29	exact	ZZ onsite	-0.5967642636528322	0.0	NaN	54.32024421923376	54.32024421923376
32	0.0	29	UHF	ZZ onsite	-0.5967642636528322	-0.005609353686552798	NaN	54.205961290646854	54.32024421923376
32	0.0	29	UHFsym	ZZ onsite	-0.5967642636528322	-0.005609353686553575	NaN	54.205961290646805	54.32024421923376
32	0.0	29	chi2	ZZ up-up r=1	-0.6724112003528401	0.32758879964715903	0.006921655960620817	4.080534144011471	78.39534353130969
32	0.0	29	chi4	ZZ up-up r=1	-0.6724112003528401	0.1450662079092767	0.14457364341676135	17.247987616588503	78.39534353130969
32	0.0	29	chi8	ZZ up-up r=1	-0.6724112003528401	-0.007745570878591734	0.8418403364003674	77.40853382062852	78.39534353130969
32	0.0	29	chi16	ZZ up-up r=1	-0.6724112003528401	-0.0038273297279739493	0.9811892809767304	78.10328356163862	78.39534353130969
32	0.0	29	chi32	ZZ up-up r=1	-0.6724112003528401	9.527367280015575e-5	0.9985421657906371	78.39764000139819	78.39534353130969
32	0.0	29	exact	ZZ up-up r=1	-0.6724112003528401	0.0	NaN	78.39534353130969	78.39534353130969
32	0.0	29	UHF	ZZ up-up r=1	-0.6724112003528401	0.11348052620189375	NaN	24.79727270085244	78.39534353130969
32	0.0	29	UHFsym	ZZ up-up r=1	-0.6724112003528401	-0.2818214089740004	NaN	5.3517939281255975	78.39534353130969
32	0.0	29	chi2	SzSz r=1	-0.14130099731080348	0.1086990026891963	0.006921655960620817	1.6419977696651253	51.11663299835271
32	0.0	29	chi4	SzSz r=1	-0.14130099731080348	0.039012509998912925	0.14457364341676135	10.291675202098917	51.11663299835271
32	0.0	29	chi8	SzSz r=1	-0.14130099731080348	-0.0022039246384353284	0.8418403364003674	49.31398239720046	51.11663299835271
32	0.0	29	chi16	SzSz r=1	-0.14130099731080348	-0.0006861617444533785	0.9811892809767304	51.12659204379409	51.11663299835271
32	0.0	29	chi32	SzSz r=1	-0.14130099731080348	2.1135056455845458e-5	0.9985421657906371	51.113704064996554	51.11663299835271
32	0.0	29	exact	SzSz r=1	-0.14130099731080348	0.0	NaN	51.11663299835271	51.11663299835271
32	0.0	29	UHF	SzSz r=1	-0.14130099731080348	0.031045534715076428	NaN	14.874989717238368	51.11663299835271
32	0.0	29	UHFsym	SzSz r=1	-0.14130099731080348	-0.0677799490788965	NaN	4.130824239650298	51.11663299835271
32	0.0	29	chi2	hop up r=1	0.5728713132330872	0.5728713132330872	0.006921655960620817	1.0	45.076083766996945
32	0.0	29	chi4	hop up r=1	0.5728713132330872	-0.06544527257747512	0.14457364341676135	28.13462469462555	45.076083766996945
32	0.0	29	chi8	hop up r=1	0.5728713132330872	0.005121981278419119	0.8418403364003674	45.00185944936484	45.076083766996945
32	0.0	29	chi16	hop up r=1	0.5728713132330872	0.0011992631934950593	0.9811892809767304	45.08729541150788	45.076083766996945
32	0.0	29	chi32	hop up r=1	0.5728713132330872	-4.0223621655011144e-5	0.9985421657906371	45.07540455374389	45.076083766996945
32	0.0	29	exact	hop up r=1	0.5728713132330872	0.0	NaN	45.076083766996945	45.076083766996945
32	0.0	29	UHF	hop up r=1	0.5728713132330872	0.1335409171728713	NaN	13.426460389408728	45.076083766996945
32	0.0	29	UHFsym	hop up r=1	0.5728713132330872	0.13354091717287447	NaN	13.42646038940828	45.076083766996945
32	0.0	30	chi2	n	0.999999999934885	-6.511446937196297e-11	0.006921655960620817	0.9999999281019116	1.0000000054778388
32	0.0	30	chi4	n	0.999999999934885	2.622029260379577e-10	0.14457364341676135	1.0000000070447537	1.0000000054778388
32	0.0	30	chi8	n	0.999999999934885	-6.091238624605921e-11	0.8418403364003674	1.0000000048258137	1.0000000054778388
32	0.0	30	chi16	n	0.999999999934885	2.8091418080578023e-11	0.9811892809767304	1.0000000050729847	1.0000000054778388
32	0.0	30	chi32	n	0.999999999934885	-3.77731179668217e-12	0.9985421657906371	1.000000005166398	1.0000000054778388
32	0.0	30	exact	n	0.999999999934885	0.0	NaN	1.0000000054778388	1.0000000054778388
32	0.0	30	UHF	n	0.999999999934885	-6.51146914165679e-11	NaN	0.01694930651712617	1.0000000054778388
32	0.0	30	UHFsym	n	0.999999999934885	-6.511458039426543e-11	NaN	0.9999999999999989	1.0000000054778388
32	0.0	30	chi2	Sz	2.5514066241683064e-9	3.63469040386144e-8	0.006921655960620817	1.0000000023561237	0.9999999998923119
32	0.0	30	chi4	Sz	2.5514066241683064e-9	-6.420946031815422e-10	0.14457364341676135	1.000000000130232	0.9999999998923119
32	0.0	30	chi8	Sz	2.5514066241683064e-9	2.845455641942163e-10	0.8418403364003674	0.9999999998464769	0.9999999998923119
32	0.0	30	chi16	Sz	2.5514066241683064e-9	2.0041801204739862e-10	0.9811892809767304	0.9999999999365689	0.9999999998923119
32	0.0	30	chi32	Sz	2.5514066241683064e-9	1.4503016496081322e-10	0.9985421657906371	0.9999999998983446	0.9999999998923119
32	0.0	30	exact	Sz	2.5514066241683064e-9	0.0	NaN	0.9999999998923119	0.9999999998923119
32	0.0	30	UHF	Sz	2.5514066241683064e-9	-0.3855551772006604	NaN	0.027449398130590823	0.9999999998923119
32	0.0	30	UHFsym	Sz	2.5514066241683064e-9	2.5514066298061577e-9	NaN	1.0000000000000009	0.9999999998923119
32	0.0	30	chi2	DoubleOcc	0.09712227706944432	0.09712227706944432	0.006921655960620817	2.3975575752084994	30.91126034097849
32	0.0	30	chi4	DoubleOcc	0.09712227706944432	0.011125972251828625	0.14457364341676135	26.9979510464173	30.91126034097849
32	0.0	30	chi8	DoubleOcc	0.09712227706944432	-0.0014502086776447265	0.8418403364003674	30.778499833602222	30.91126034097849
32	0.0	30	chi16	DoubleOcc	0.09712227706944432	7.795908657196038e-5	0.9811892809767304	30.9137423136956	30.91126034097849
32	0.0	30	chi32	DoubleOcc	0.09712227706944432	1.858371120294633e-6	0.9985421657906371	30.9113250649579	30.91126034097849
32	0.0	30	exact	DoubleOcc	0.09712227706944432	0.0	NaN	30.91126034097849	30.91126034097849
32	0.0	30	UHF	DoubleOcc	0.09712227706944432	-0.004224926296906767	NaN	1.1420651980999685	30.91126034097849
32	0.0	30	UHFsym	DoubleOcc	0.09712227706944432	-0.004224926296906767	NaN	30.084449155445466	30.91126034097849
32	0.0	30	chi2	ZZ onsite	-0.6115108915919866	0.3884891084080129	0.006921655960620817	2.407727469005607	49.85111961986378
32	0.0	30	chi4	ZZ onsite	-0.6115108915919866	0.044503888482911425	0.14457364341676135	39.63144166050238	49.85111961986378
32	0.0	30	chi8	ZZ onsite	-0.6115108915919866	-0.005800834588751691	0.8418403364003674	49.62775818869437	49.85111961986378
32	0.0	30	chi16	ZZ onsite	-0.6115108915919866	0.0003118362901091132	0.9811892809767304	49.85077014390622	49.85111961986378
32	0.0	30	chi32	ZZ onsite	-0.6115108915919866	7.433492042019374e-6	0.9985421657906371	49.85112602180149	49.85111961986378
32	0.0	30	exact	ZZ onsite	-0.6115108915919866	0.0	NaN	49.85111961986378	49.85111961986378
32	0.0	30	UHF	ZZ onsite	-0.6115108915919866	-0.01689970505739158	NaN	48.044188724812706	49.85111961986378
32	0.0	30	UHFsym	ZZ onsite	-0.6115108915919866	-0.01689970505739158	NaN	48.044188724812706	49.85111961986378
32	0.0	30	chi2	ZZ up-up r=1	-0.32770579605738204	-0.02748361104538144	0.006921655960620817	11.68503642371399	12.838593496589741
32	0.0	30	chi4	ZZ up-up r=1	-0.32770579605738204	-0.2872107044126798	0.14457364341676135	1.2692221491128572	12.838593496589741
32	0.0	30	chi8	ZZ up-up r=1	-0.32770579605738204	-0.0037741776546055816	0.8418403364003674	12.789228512932485	12.838593496589741
32	0.0	30	chi16	ZZ up-up r=1	-0.32770579605738204	-0.00011591910086239388	0.9811892809767304	12.837661508870891	12.838593496589741
32	0.0	30	chi32	ZZ up-up r=1	-0.32770579605738204	-2.468462523269599e-5	0.9985421657906371	12.838398154399863	12.838593496589741
32	0.0	30	exact	ZZ up-up r=1	-0.32770579605738204	0.0	NaN	12.838593496589741	12.838593496589741
32	0.0	30	UHF	ZZ up-up r=1	-0.32770579605738204	0.4492607806994141	NaN	0.5681741497288184	12.838593496589741
32	0.0	30	UHFsym	ZZ up-up r=1	-0.32770579605738204	0.057289638145524124	NaN	9.722476762252013	12.838593496589741
32	0.0	30	chi2	SzSz r=1	-0.06646314260265437	0.008592403650345776	0.006921655960620817	7.254047523324172	8.412324505946989
32	0.0	30	chi4	SzSz r=1	-0.06646314260265437	-0.06646314260265437	0.14457364341676135	1.013655396766038	8.412324505946989
32	0.0	30	chi8	SzSz r=1	-0.06646314260265437	-0.0006153948676284465	0.8418403364003674	8.395642862011698	8.412324505946989
32	0.0	30	chi16	SzSz r=1	-0.06646314260265437	1.3606286292100478e-7	0.9811892809767304	8.41232285929367	8.412324505946989
32	0.0	30	chi32	SzSz r=1	-0.06646314260265437	-5.314100884987183e-6	0.9985421657906371	8.412151842309093	8.412324505946989
32	0.0	30	exact	SzSz r=1	-0.06646314260265437	0.0	NaN	8.412324505946989	8.412324505946989
32	0.0	30	UHF	SzSz r=1	-0.06646314260265437	0.10414329830834626	NaN	0.47173876952789146	8.412324505946989
32	0.0	30	UHFsym	SzSz r=1	-0.06646314260265437	0.006150512669873834	NaN	7.6896637115946955	8.412324505946989
32	0.0	30	chi2	hop up r=1	0.37822321663486935	0.37822321663486935	0.006921655960620817	1.0	15.753722203218635
32	0.0	30	chi4	hop up r=1	0.37822321663486935	0.11926285232381406	0.14457364341676135	6.375376839639526	15.753722203218635
32	0.0	30	chi8	hop up r=1	0.37822321663486935	0.004527797616970308	0.8418403364003674	15.71698197889153	15.753722203218635
32	0.0	30	chi16	hop up r=1	0.37822321663486935	9.486445307521629e-5	0.9811892809767304	15.753633020397052	15.753722203218635
32	0.0	30	chi32	hop up r=1	0.37822321663486935	1.7868765430639755e-5	0.9985421657906371	15.753707637079438	15.753722203218635
32	0.0	30	exact	hop up r=1	0.37822321663486935	0.0	NaN	15.753722203218635	15.753722203218635
32	0.0	30	UHF	hop up r=1	0.37822321663486935	-0.056611954695128475	NaN	11.869087789793962	15.753722203218635
32	0.0	30	UHFsym	hop up r=1	0.37822321663486935	-0.0566119546951262	NaN	11.869087789794198	15.753722203218635
32	0.0	31	chi2	n	0.999999999416949	-5.830509408610851e-10	0.006921655960620817	0.9999999955442543	1.0000000006357415
32	0.0	31	chi4	n	0.999999999416949	-1.3210110783035134e-10	0.14457364341676135	1.0000000010096426	1.0000000006357415
32	0.0	31	chi8	n	0.999999999416949	4.487832327981778e-11	0.8418403364003674	1.0000000006057892	1.0000000006357415
32	0.0	31	chi16	n	0.999999999416949	5.5420112943238564e-12	0.9811892809767304	1.0000000006034988	1.0000000006357415
32	0.0	31	chi32	n	0.999999999416949	1.75470749042006e-12	0.9985421657906371	1.0000000006063812	1.0000000006357415
32	0.0	31	exact	n	0.999999999416949	0.0	NaN	1.0000000006357415	1.0000000006357415
32	0.0	31	UHF	n	0.999999999416949	-5.83052828240227e-10	NaN	0.01949676811432229	1.0000000006357415
32	0.0	31	UHFsym	n	0.999999999416949	-5.83052828240227e-10	NaN	1.0	1.0000000006357415
32	0.0	31	chi2	Sz	-1.1390192747318117e-9	-1.0313224281536338e-8	0.006921655960620817	1.0000000131953053	0.9999999987489914
32	0.0	31	chi4	Sz	-1.1390192747318117e-9	8.083608921127805e-10	0.14457364341676135	0.9999999974985803	0.9999999987489914
32	0.0	31	chi8	Sz	-1.1390192747318117e-9	-7.475228769315834e-11	0.8418403364003674	0.9999999988863134	0.9999999987489914
32	0.0	31	chi16	Sz	-1.1390192747318117e-9	-6.800230517578498e-11	0.9811892809767304	0.9999999988504783	0.9999999987489914
32	0.0	31	chi32	Sz	-1.1390192747318117e-9	-6.096294302704308e-11	0.9985421657906371	0.9999999988378362	0.9999999987489914
32	0.0	31	exact	Sz	-1.1390192747318117e-9	0.0	NaN	0.9999999987489914	0.9999999987489914
32	0.0	31	UHF	Sz	-1.1390192747318117e-9	0.381193782140751	NaN	0.03178373616122759	0.9999999987489914
32	0.0	31	UHFsym	Sz	-1.1390192747318117e-9	-1.1390192755991735e-9	NaN	0.9999999999999987	0.9999999987489914
32	0.0	31	chi2	DoubleOcc	0.0992895298397421	0.0992895298397421	0.006921655960620817	2.1760647526307753	28.787720121137365
32	0.0	31	chi4	DoubleOcc	0.0992895298397421	0.012920721806516378	0.14457364341676135	23.623695595614926	28.787720121137365
32	0.0	31	chi8	DoubleOcc	0.0992895298397421	0.0006147540293529041	0.8418403364003674	28.756260553965387	28.787720121137365
32	0.0	31	chi16	DoubleOcc	0.0992895298397421	2.985699044685819e-5	0.9811892809767304	28.786809020570576	28.787720121137365
32	0.0	31	chi32	DoubleOcc	0.0992895298397421	2.026326534509959e-6	0.9985421657906371	28.78766028540949	28.787720121137365
32	0.0	31	exact	DoubleOcc	0.0992895298397421	0.0	NaN	28.787720121137365	28.787720121137365
32	0.0	31	UHF	DoubleOcc	0.0992895298397421	-0.005401769749114271	NaN	1.0549010076644818	28.787720121137365
32	0.0	31	UHFsym	DoubleOcc	0.0992895298397421	-0.005401769749114438	NaN	27.939263830883164	28.787720121137365
32	0.0	31	chi2	ZZ onsite	-0.602841879474924	0.39715812052507604	0.006921655960620817	2.189220263037763	47.50223110634712
32	0.0	31	chi4	ZZ onsite	-0.602841879474924	0.051682887490269835	0.14457364341676135	34.281695189954306	47.50223110634712
32	0.0	31	chi8	ZZ onsite	-0.602841879474924	0.0024590160276575235	0.8418403364003674	47.37416424434992	47.50223110634712
32	0.0	31	chi16	ZZ onsite	-0.602841879474924	0.00011942795070640777	0.9811892809767304	47.49771040426089	47.50223110634712
32	0.0	31	chi32	ZZ onsite	-0.602841879474924	8.105302634509037e-6	0.9985421657906371	47.501929809339174	47.50223110634712
32	0.0	31	exact	ZZ onsite	-0.602841879474924	0.0	NaN	47.50223110634712	47.50223110634712
32	0.0	31	UHF	ZZ onsite	-0.602841879474924	-0.021607077830345878	NaN	45.52384183337752	47.50223110634712
32	0.0	31	UHFsym	ZZ onsite	-0.602841879474924	-0.021607077830346544	NaN	45.523841833377396	47.50223110634712
32	0.0	31	chi2	ZZ up-up r=1	-0.8236645820594233	0.17633541794057672	0.006921655960620817	19.697663187709033	193.15988680405422
32	0.0	31	chi4	ZZ up-up r=1	-0.8236645820594233	0.09534523465117573	0.14457364341676135	54.04003357454712	193.15988680405422
32	0.0	31	chi8	ZZ up-up r=1	-0.8236645820594233	0.006799370553153272	0.8418403364003674	190.66940230964312	193.15988680405422
32	0.0	31	chi16	ZZ up-up r=1	-0.8236645820594233	0.0006485720070816825	0.9811892809767304	193.1374791377408	193.15988680405422
32	0.0	31	chi32	ZZ up-up r=1	-0.8236645820594233	5.951646812951683e-5	0.9985421657906371	193.15974838218557	193.15988680405422
32	0.0	31	exact	ZZ up-up r=1	-0.8236645820594233	0.0	NaN	193.15988680405422	193.15988680405422
32	0.0	31	UHF	ZZ up-up r=1	-0.8236645820594233	0.06219957706580692	NaN	92.17878866260506	193.15988680405422
32	0.0	31	UHFsym	ZZ up-up r=1	-0.8236645820594233	-0.38288173565489514	NaN	4.542348987390827	193.15988680405422
32	0.0	31	chi2	SzSz r=1	-0.17460270066102557	0.07539729933897443	0.006921655960620817	4.810094966971538	122.99229568905737
32	0.0	31	chi4	SzSz r=1	-0.17460270066102557	0.030756117200653882	0.14457364341676135	24.474523112044324	122.99229568905737
32	0.0	31	chi8	SzSz r=1	-0.17460270066102557	0.0014022944982526597	0.8418403364003674	121.09664063581518	122.99229568905737
32	0.0	31	chi16	SzSz r=1	-0.17460270066102557	0.00013211194556661532	0.9811892809767304	122.89675485331539	122.99229568905737
32	0.0	31	chi32	SzSz r=1	-0.17460270066102557	1.293727773965525e-5	0.9985421657906371	122.98361406081118	122.99229568905737
32	0.0	31	exact	SzSz r=1	-0.17460270066102557	0.0	NaN	122.99229568905737	122.99229568905737
32	0.0	31	UHF	SzSz r=1	-0.17460270066102557	0.019572879505351942	NaN	45.83048618559978	122.99229568905737
32	0.0	31	UHFsym	SzSz r=1	-0.17460270066102557	-0.09169744867482417	NaN	3.6138771958641853	122.99229568905737
32	0.0	31	chi2	hop up r=1	0.6352368057061951	0.6352368057061951	0.006921655960620817	1.0	58.73641154289068
32	0.0	31	chi4	hop up r=1	0.6352368057061951	-0.03830686673844175	0.14457364341676135	47.492439745017776	58.73641154289068
32	0.0	31	chi8	hop up r=1	0.6352368057061951	-0.003394752515981203	0.8418403364003674	58.50820565516966	58.73641154289068
32	0.0	31	chi16	hop up r=1	0.6352368057061951	-0.0004269479790840469	0.9811892809767304	58.71833036736912	58.73641154289068
32	0.0	31	chi32	hop up r=1	0.6352368057061951	-2.847429043739691e-5	0.9985421657906371	58.735301357115866	58.73641154289068
32	0.0	31	exact	hop up r=1	0.6352368057061951	0.0	NaN	58.73641154289068	58.73641154289068
32	0.0	31	UHF	hop up r=1	0.6352368057061951	0.16798561317754573	NaN	11.851386852542902	58.73641154289068
32	0.0	31	UHFsym	hop up r=1	0.6352368057061951	0.16798561317754518	NaN	11.851386852542957	58.73641154289068
32	0.125	1	chi2	n	0.9277379524170756	-0.07226204758292432	7.408170551659085e-6	0.9999608539545558	1.3749312758102628
32	0.125	1	chi4	n	0.9277379524170756	-0.013405993371909952	0.07364262204155658	1.3537440779051237	1.3749312758102628
32	0.125	1	chi8	n	0.9277379524170756	-0.006626305331563831	0.4730613531860257	1.3883637527794443	1.3749312758102628
32	0.125	1	chi16	n	0.9277379524170756	-0.0009497475721393922	0.8709279763636144	1.3706935752279492	1.3749312758102628
32	0.125	1	chi32	n	0.9277379524170756	-0.0001440694762837591	0.9809673027539881	1.3753914769913929	1.3749312758102628
32	0.125	1	exact	n	0.9277379524170756	0.0	NaN	1.3749312758102628	1.3749312758102628
32	0.125	1	UHF	n	0.9277379524170756	-0.06360764003836616	NaN	0.019572748653291602	1.3749312758102628
32	0.125	1	UHFsym	n	0.9277379524170756	-0.06360764003836639	NaN	1.0677623197042834	1.3749312758102628
32	0.125	1	chi2	Sz	-4.1999215107113574e-7	1.7346523870039203e-5	7.408170551659085e-6	0.9999848512212105	1.2587152474147338
32	0.125	1	chi4	Sz	-4.1999215107113574e-7	0.0015608080786973164	0.07364262204155658	1.2508165810082479	1.2587152474147338
32	0.125	1	chi8	Sz	-4.1999215107113574e-7	-0.005305176589858579	0.4730613531860257	1.2637081706073	1.2587152474147338
32	0.125	1	chi16	Sz	-4.1999215107113574e-7	0.0007946890034061863	0.8709279763636144	1.2574334066275124	1.2587152474147338
32	0.125	1	chi32	Sz	-4.1999215107113574e-7	-7.160999529988443e-5	0.9809673027539881	1.2589546996679175	1.2587152474147338
32	0.125	1	exact	Sz	-4.1999215107113574e-7	0.0	NaN	1.2587152474147338	1.2587152474147338
32	0.125	1	UHF	Sz	-4.1999215107113574e-7	0.4354226947348353	NaN	0.03253114938205683	1.2587152474147338
32	0.125	1	UHFsym	Sz	-4.1999215107113574e-7	-4.199921510746052e-7	NaN	1.051894519693726	1.2587152474147338
32	0.125	1	chi2	DoubleOcc	0.05584124906126722	0.05584124906126722	7.408170551659085e-6	3.887901086148052	36.906587939169754
32	0.125	1	chi4	DoubleOcc	0.05584124906126722	-0.003229480146733965	0.07364262204155658	36.91710809397287	36.906587939169754
32	0.125	1	chi8	DoubleOcc	0.05584124906126722	-0.0007377922458138286	0.4730613531860257	37.464173499826046	36.906587939169754
32	0.125	1	chi16	DoubleOcc	0.05584124906126722	-0.0002177308614949025	0.8709279763636144	36.849452804844354	36.906587939169754
32	0.125	1	chi32	DoubleOcc	0.05584124906126722	-3.7079782748167256e-5	0.9809673027539881	36.91938992063984	36.906587939169754
32	0.125	1	exact	DoubleOcc	0.05584124906126722	0.0	NaN	36.906587939169754	36.906587939169754
32	0.125	1	UHF	DoubleOcc	0.05584124906126722	-0.00025698302039023346	NaN	0.9757966393868787	36.906587939169754
32	0.125	1	UHFsym	DoubleOcc	0.05584124906126722	-0.00025698302039017795	NaN	21.933318583850696	36.906587939169754
32	0.125	1	chi2	ZZ onsite	-0.6321109085890823	0.36788909141091763	7.408170551659085e-6	3.0008347269430047	56.608362340824215
32	0.125	1	chi4	ZZ onsite	-0.6321109085890823	0.013894066156884044	0.07364262204155658	56.430130546635205	56.608362340824215
32	0.125	1	chi8	ZZ onsite	-0.6321109085890823	0.010301441679872014	0.4730613531860257	56.76225321270408	56.608362340824215
32	0.125	1	chi16	ZZ onsite	-0.6321109085890823	0.0010285716982996185	0.8709279763636144	56.69754243421563	56.608362340824215
32	0.125	1	chi32	ZZ onsite	-0.6321109085890823	0.00013981982157507122	0.9809673027539881	56.62142948578872	56.608362340824215
32	0.125	1	exact	ZZ onsite	-0.6321109085890823	0.0	NaN	56.608362340824215	56.608362340824215
32	0.125	1	UHF	ZZ onsite	-0.6321109085890823	0.1261873479951715	NaN	19.102952221556475	56.608362340824215
32	0.125	1	UHFsym	ZZ onsite	-0.6321109085890823	0.12618734799517184	NaN	19.10295222155641	56.608362340824215
32	0.125	1	chi2	ZZ up-up r=1	-0.7298724088460677	0.2701275911530928	7.408170551659085e-6	7.007172282646329	105.22169997897375
32	0.125	1	chi4	ZZ up-up r=1	-0.7298724088460677	0.13653847996616542	0.07364262204155658	23.20905102743858	105.22169997897375
32	0.125	1	chi8	ZZ up-up r=1	-0.7298724088460677	0.02743316467802881	0.4730613531860257	93.34177712623192	105.22169997897375
32	0.125	1	chi16	ZZ up-up r=1	-0.7298724088460677	0.0048525415957877405	0.8709279763636144	105.09759076862868	105.22169997897375
32	0.125	1	chi32	ZZ up-up r=1	-0.7298724088460677	0.0007434919973697829	0.9809673027539881	105.26526183260013	105.22169997897375
32	0.125	1	exact	ZZ up-up r=1	-0.7298724088460677	0.0	NaN	105.22169997897375	105.22169997897375
32	0.125	1	UHF	ZZ up-up r=1	-0.7298724088460677	0.11403993315469263	NaN	30.4824386435312	105.22169997897375
32	0.125	1	UHFsym	ZZ up-up r=1	-0.7298724088460677	-0.2934982301595924	NaN	5.853457089257681	105.22169997897375
32	0.125	1	chi2	SzSz r=1	-0.15387442691286568	0.09612557308686959	7.408170551659085e-6	2.3867017163362774	59.04722262364234
32	0.125	1	chi4	SzSz r=1	-0.15387442691286568	0.02675611941031139	0.07364262204155658	20.184841025768225	59.04722262364234
32	0.125	1	chi8	SzSz r=1	-0.15387442691286568	0.005619973157058034	0.4730613531860257	53.68645611708726	59.04722262364234
32	0.125	1	chi16	SzSz r=1	-0.15387442691286568	0.0011206786807278768	0.8709279763636144	58.6269909931291	59.04722262364234
32	0.125	1	chi32	SzSz r=1	-0.15387442691286568	0.00016184764733401247	0.9809673027539881	59.006974673071845	59.04722262364234
32	0.125	1	exact	SzSz r=1	-0.15387442691286568	0.0	NaN	59.04722262364234	59.04722262364234
32	0.125	1	UHF	SzSz r=1	-0.15387442691286568	0.035791873754327075	NaN	13.876670310236902	59.04722262364234
32	0.125	1	UHFsym	SzSz r=1	-0.15387442691286568	-0.07231467327717044	NaN	4.384256097557695	59.04722262364234
32	0.125	1	chi2	hop up r=1	0.6293322847655338	0.6293322847655338	7.408170551659085e-6	1.0	60.21159731089458
32	0.125	1	chi4	hop up r=1	0.6293322847655338	-0.0636268275962395	0.07364262204155658	36.682567357602814	60.21159731089458
32	0.125	1	chi8	hop up r=1	0.6293322847655338	-0.012375267581598681	0.4730613531860257	58.491204921969995	60.21159731089458
32	0.125	1	chi16	hop up r=1	0.6293322847655338	-0.001916012507845899	0.8709279763636144	60.118930180742105	60.21159731089458
32	0.125	1	chi32	hop up r=1	0.6293322847655338	-0.00031424410218039434	0.9809673027539881	60.20093335948051	60.21159731089458
32	0.125	1	exact	hop up r=1	0.6293322847655338	0.0	NaN	60.21159731089458	60.21159731089458
32	0.125	1	UHF	hop up r=1	0.6293322847655338	0.17423842831296477	NaN	11.000244808621213	60.21159731089458
32	0.125	1	UHFsym	hop up r=1	0.6293322847655338	0.15984605357078713	NaN	12.654010455367201	60.21159731089458
32	0.125	2	chi2	n	0.9287762373483432	-0.07122376265143604	7.408170551659085e-6	0.9999862960786025	1.4433188284353657
32	0.125	2	chi4	n	0.9287762373483432	0.004525150742226591	0.07364262204155658	1.44615769552214	1.4433188284353657
32	0.125	2	chi8	n	0.9287762373483432	-0.005533520279537241	0.4730613531860257	1.4328609303954256	1.4433188284353657
32	0.125	2	chi16	n	0.9287762373483432	-0.0009402857689775335	0.8709279763636144	1.4426749724896837	1.4433188284353657
32	0.125	2	chi32	n	0.9287762373483432	-0.0001546728757779725	0.9809673027539881	1.443128463914469	1.4433188284353657
32	0.125	2	exact	n	0.9287762373483432	0.0	NaN	1.4433188284353657	1.4433188284353657
32	0.125	2	UHF	n	0.9287762373483432	-0.05076404643455579	NaN	0.03035708766474562	1.4433188284353657
32	0.125	2	UHFsym	n	0.9287762373483432	-0.0507640464345559	NaN	1.1686865327448466	1.4433188284353657
32	0.125	2	chi2	Sz	1.1848973640454785e-7	-1.7648026544504758e-5	7.408170551659085e-6	0.9999739110970555	1.319877162518611
32	0.125	2	chi4	Sz	1.1848973640454785e-7	-0.002069037789686097	0.07364262204155658	1.314877095057176	1.319877162518611
32	0.125	2	chi8	Sz	1.1848973640454785e-7	0.0011417647260325153	0.4730613531860257	1.3188265135705808	1.319877162518611
32	0.125	2	chi16	Sz	1.1848973640454785e-7	-0.0003806465302960485	0.8709279763636144	1.319737015223231	1.319877162518611
32	0.125	2	chi32	Sz	1.1848973640454785e-7	3.180556474297741e-5	0.9809673027539881	1.3199261361983796	1.319877162518611
32	0.125	2	exact	Sz	1.1848973640454785e-7	0.0	NaN	1.319877162518611	1.319877162518611
32	0.125	2	UHF	Sz	1.1848973640454785e-7	-0.37225444831777577	NaN	0.036989774615382526	1.319877162518611
32	0.125	2	UHFsym	Sz	1.1848973640454785e-7	1.1848973639153743e-7	NaN	1.1377287876453621	1.319877162518611
32	0.125	2	chi2	DoubleOcc	0.08848986391905783	0.0884898639190578	7.408170551659085e-6	1.3888987349697592	26.51356814400113
32	0.125	2	chi4	DoubleOcc	0.08848986391905783	0.004687746024675088	0.07364262204155658	26.392820002136283	26.51356814400113
32	0.125	2	chi8	DoubleOcc	0.08848986391905783	0.0005185786523914382	0.4730613531860257	26.447130032872586	26.51356814400113
32	0.125	2	chi16	DoubleOcc	0.08848986391905783	-5.152905743779912e-5	0.8709279763636144	26.53474910557135	26.51356814400113
32	0.125	2	chi32	DoubleOcc	0.08848986391905783	-2.0908950588066633e-5	0.9809673027539881	26.51655398485406	26.51356814400113
32	0.125	2	exact	DoubleOcc	0.08848986391905783	0.0	NaN	26.51356814400113	26.51356814400113
32	0.125	2	UHF	DoubleOcc	0.08848986391905783	-0.012811465460264293	NaN	1.0473019963178336	26.51356814400113
32	0.125	2	UHFsym	DoubleOcc	0.08848986391905783	-0.012811465460264237	NaN	24.457277508377707	26.51356814400113
32	0.125	2	chi2	ZZ onsite	-0.5035930190204552	0.4964069809791045	7.408170551659085e-6	1.0053456331070825	34.045088767661326
32	0.125	2	chi4	ZZ onsite	-0.5035930190204552	0.009700682614246503	0.07364262204155658	33.382835437934176	34.045088767661326
32	0.125	2	chi8	ZZ onsite	-0.5035930190204552	0.013141355168639124	0.4730613531860257	32.96276403797831	34.045088767661326
32	0.125	2	chi16	ZZ onsite	-0.5035930190204552	0.0016744553082039815	0.8709279763636144	33.98891641873284	34.045088767661326
32	0.125	2	chi32	ZZ onsite	-0.5035930190204552	0.00022570994920301235	0.9809673027539881	34.0389730718323	34.045088767661326
32	0.125	2	exact	ZZ onsite	-0.5035930190204552	0.0	NaN	34.045088767661326	34.045088767661326
32	0.125	2	UHF	ZZ onsite	-0.5035930190204552	0.050282231028054625	NaN	24.81752724362506	34.045088767661326
32	0.125	2	UHFsym	ZZ onsite	-0.5035930190204552	0.05028223102805485	NaN	24.817527243625015	34.045088767661326
32	0.125	2	chi2	ZZ up-up r=1	-0.30488179367322216	-0.3048817925035222	7.408170551659085e-6	1.0000000069639616	12.25936986503781
32	0.125	2	chi4	ZZ up-up r=1	-0.30488179367322216	-0.2478806082253301	0.07364262204155658	1.445127130059552	12.25936986503781
32	0.125	2	chi8	ZZ up-up r=1	-0.30488179367322216	-0.02396315828502099	0.4730613531860257	11.259236429203783	12.25936986503781
32	0.125	2	chi16	ZZ up-up r=1	-0.30488179367322216	-0.0009018392816573795	0.8709279763636144	12.24855059286937	12.25936986503781
32	0.125	2	chi32	ZZ up-up r=1	-0.30488179367322216	-0.0002973383015841824	0.9809673027539881	12.25606107402834	12.25936986503781
32	0.125	2	exact	ZZ up-up r=1	-0.30488179367322216	0.0	NaN	12.25936986503781	12.25936986503781
32	0.125	2	UHF	ZZ up-up r=1	-0.30488179367322216	0.4879564727943892	NaN	0.42665494387288305	12.25936986503781
32	0.125	2	UHFsym	ZZ up-up r=1	-0.30488179367322216	0.06557222596461437	NaN	8.44725881741773	12.25936986503781
32	0.125	2	chi2	SzSz r=1	-0.0607762478352043	-0.0607762475428342	7.408170551659085e-6	1.0000000081924778	10.117475784038
32	0.125	2	chi4	SzSz r=1	-0.0607762478352043	-0.056241892185595915	0.07364262204155658	1.1671806790211448	10.117475784038
32	0.125	2	chi8	SzSz r=1	-0.0607762478352043	-0.004706468083967526	0.4730613531860257	9.142845281813779	10.117475784038
32	0.125	2	chi16	SzSz r=1	-0.0607762478352043	-0.0003455506748631723	0.8709279763636144	10.090070371855484	10.117475784038
32	0.125	2	chi32	SzSz r=1	-0.0607762478352043	-6.953717228221079e-5	0.9809673027539881	10.112520315741046	10.117475784038
32	0.125	2	exact	SzSz r=1	-0.0607762478352043	0.0	NaN	10.117475784038	10.117475784038
32	0.125	2	UHF	SzSz r=1	-0.0607762478352043	0.09453644728962601	NaN	0.47694247030283315	10.117475784038
32	0.125	2	UHFsym	SzSz r=1	-0.0607762478352043	0.00728466012367511	NaN	8.941659914424081	10.117475784038
32	0.125	2	chi2	hop up r=1	0.43433157380297516	0.4343315738023783	7.408170551659085e-6	1.0000000000026426	24.00312048638139
32	0.125	2	chi4	hop up r=1	0.43433157380297516	0.1677099980778261	0.07364262204155658	5.463071343816713	24.00312048638139
32	0.125	2	chi8	hop up r=1	0.43433157380297516	0.02575252262401312	0.4730613531860257	22.38285946029428	24.00312048638139
32	0.125	2	chi16	hop up r=1	0.43433157380297516	0.0005167132785359185	0.8709279763636144	24.00667627539961	24.00312048638139
32	0.125	2	chi32	hop up r=1	0.43433157380297516	0.0001746965666868383	0.9809673027539881	24.004498608096135	24.00312048638139
32	0.125	2	exact	hop up r=1	0.43433157380297516	0.0	NaN	24.00312048638139	24.00312048638139
32	0.125	2	UHF	hop up r=1	0.43433157380297516	-0.05220864037401918	NaN	17.742642601618858	24.00312048638139
32	0.125	2	UHFsym	hop up r=1	0.43433157380297516	-0.009957795355448607	NaN	23.63309404053956	24.00312048638139
32	0.125	3	chi2	n	0.8555841329704217	-0.14441586702979703	7.408170551659085e-6	1.0000007954253205	3.0269953439407784
32	0.125	3	chi4	n	0.8555841329704217	-0.012709873255876802	0.07364262204155658	2.9309219971378404	3.0269953439407784
32	0.125	3	chi8	n	0.8555841329704217	0.007200723800236064	0.4730613531860257	3.012614987207387	3.0269953439407784
32	0.125	3	chi16	n	0.8555841329704217	0.0007386355048820681	0.8709279763636144	3.0288421487360853	3.0269953439407784
32	0.125	3	chi32	n	0.8555841329704217	0.0001171927925076588	0.9809673027539881	3.027277468688867	3.0269953439407784
32	0.125	3	exact	n	0.8555841329704217	0.0	NaN	3.0269953439407784	3.0269953439407784
32	0.125	3	UHF	n	0.8555841329704217	-0.0770297454901473	NaN	0.06891596610390001	3.0269953439407784
32	0.125	3	UHFsym	n	0.8555841329704217	-0.0770297454901474	NaN	1.8798277255340163	3.0269953439407784
32	0.125	3	chi2	Sz	-2.6943406434415396e-7	1.6186806929014016e-5	7.408170551659085e-6	0.9999799403209283	2.344963941041343
32	0.125	3	chi4	Sz	-2.6943406434415396e-7	0.004508925123607725	0.07364262204155658	2.263882144702322	2.344963941041343
32	0.125	3	chi8	Sz	-2.6943406434415396e-7	-0.004194145387672869	0.4730613531860257	2.3662292873017923	2.344963941041343
32	0.125	3	chi16	Sz	-2.6943406434415396e-7	0.0006349342562269392	0.8709279763636144	2.341536598991812	2.344963941041343
32	0.125	3	chi32	Sz	-2.6943406434415396e-7	-7.603308783694224e-5	0.9809673027539881	2.3456419537783577	2.344963941041343
32	0.125	3	exact	Sz	-2.6943406434415396e-7	0.0	NaN	2.344963941041343	2.344963941041343
32	0.125	3	UHF	Sz	-2.6943406434415396e-7	0.35033908049463575	NaN	0.07022897265422967	2.344963941041343
32	0.125	3	UHFsym	Sz	-2.6943406434415396e-7	-2.694340643233373e-7	NaN	1.668128099254219	2.344963941041343
32	0.125	3	chi2	DoubleOcc	0.07143732347416543	0.07143732347394591	7.408170551659085e-6	1.027034660005361	19.987311863054586
32	0.125	3	chi4	DoubleOcc	0.07143732347416543	-0.02157558757053353	0.07364262204155658	14.722489081268467	19.987311863054586
32	0.125	3	chi8	DoubleOcc	0.07143732347416543	0.0052827005805947125	0.4730613531860257	19.94109726671154	19.987311863054586
32	0.125	3	chi16	DoubleOcc	0.07143732347416543	0.00022983512318289212	0.8709279763636144	19.9990614397768	19.987311863054586
32	0.125	3	chi32	DoubleOcc	0.07143732347416543	2.6124184719714116e-5	0.9809673027539881	19.990375883201267	19.987311863054586
32	0.125	3	exact	DoubleOcc	0.07143732347416543	0.0	NaN	19.987311863054586	19.987311863054586
32	0.125	3	UHF	DoubleOcc	0.07143732347416543	-0.023267177991686636	NaN	0.9910717667541942	19.987311863054586
32	0.125	3	UHFsym	DoubleOcc	0.07143732347416543	-0.02326717799168676	NaN	16.25904898435858	19.987311863054586
32	0.125	3	chi2	ZZ onsite	-0.4254189720441808	0.5745810279553795	7.408170551659085e-6	0.5648850678586431	16.7282908282866
32	0.125	3	chi4	ZZ onsite	-0.4254189720441808	-0.060882603770379407	0.07364262204155658	12.623855618283047	16.7282908282866
32	0.125	3	chi8	ZZ onsite	-0.4254189720441808	0.0067293547219065	0.4730613531860257	16.66924444467207	16.7282908282866
32	0.125	3	chi16	ZZ onsite	-0.4254189720441808	-0.0005579305170323456	0.8709279763636144	16.727302170971228	16.7282908282866
32	0.125	3	chi32	ZZ onsite	-0.4254189720441808	-0.00012988884613512885	0.9809673027539881	16.728141353348615	16.7282908282866
32	0.125	3	exact	ZZ onsite	-0.4254189720441808	0.0	NaN	16.7282908282866	16.7282908282866
32	0.125	3	UHF	ZZ onsite	-0.4254189720441808	0.060990779013549046	NaN	12.679992154511277	16.7282908282866
32	0.125	3	UHFsym	ZZ onsite	-0.4254189720441808	0.060990779013548546	NaN	12.679992154511327	16.7282908282866
32	0.125	3	chi2	ZZ up-up r=1	-0.4837212854848799	0.5162787145125569	7.408170551659085e-6	0.8308715768024934	27.777205436592943
32	0.125	3	chi4	ZZ up-up r=1	-0.4837212854848799	0.07165793038770485	0.07364262204155658	15.998147665429052	27.777205436592943
32	0.125	3	chi8	ZZ up-up r=1	-0.4837212854848799	-0.004609188730058167	0.4730613531860257	27.939733087950156	27.777205436592943
32	0.125	3	chi16	ZZ up-up r=1	-0.4837212854848799	-0.00022821725004540383	0.8709279763636144	27.788492467810812	27.777205436592943
32	0.125	3	chi32	ZZ up-up r=1	-0.4837212854848799	0.00048068745279139513	0.9809673027539881	27.752345244203777	27.777205436592943
32	0.125	3	exact	ZZ up-up r=1	-0.4837212854848799	0.0	NaN	27.777205436592943	27.777205436592943
32	0.125	3	UHF	ZZ up-up r=1	-0.4837212854848799	-0.08060577571016952	NaN	17.12339639164593	27.777205436592943
32	0.125	3	UHFsym	ZZ up-up r=1	-0.4837212854848799	-0.13939166714269413	NaN	9.124375950496047	27.777205436592943
32	0.125	3	chi2	SzSz r=1	-0.09913442174986431	0.15086557824954977	7.408170551659085e-6	0.44443601610751843	22.33656773559164
32	0.125	3	chi4	SzSz r=1	-0.09913442174986431	0.008186679413821937	0.07364262204155658	14.377631995820073	22.33656773559164
32	0.125	3	chi8	SzSz r=1	-0.09913442174986431	0.0009777408047111358	0.4730613531860257	22.12191655135526	22.33656773559164
32	0.125	3	chi16	SzSz r=1	-0.09913442174986431	-0.00026430646350777964	0.8709279763636144	22.35471488419091	22.33656773559164
32	0.125	3	chi32	SzSz r=1	-0.09913442174986431	8.99843577611692e-5	0.9809673027539881	22.334816710378497	22.33656773559164
32	0.125	3	exact	SzSz r=1	-0.09913442174986431	0.0	NaN	22.33656773559164	22.33656773559164
32	0.125	3	UHF	SzSz r=1	-0.09913442174986431	0.024652789813795886	NaN	4.149190203465237	22.33656773559164
32	0.125	3	UHFsym	SzSz r=1	-0.09913442174986431	-0.04021544452539586	NaN	5.020383427078783	22.33656773559164
32	0.125	3	chi2	hop up r=1	0.56093340982305	0.56093340982305	7.408170551659085e-6	1.0	45.83568115118371
32	0.125	3	chi4	hop up r=1	0.56093340982305	-0.07765483217963653	0.07364262204155658	22.71355043489374	45.83568115118371
32	0.125	3	chi8	hop up r=1	0.56093340982305	0.023142524777894247	0.4730613531860257	44.22216038059944	45.83568115118371
32	0.125	3	chi16	hop up r=1	0.56093340982305	-0.0003066339404919072	0.8709279763636144	45.80983725348368	45.83568115118371
32	0.125	3	chi32	hop up r=1	0.56093340982305	-0.00045080992009161047	0.9809673027539881	45.79726247701347	45.83568115118371
32	0.125	3	exact	hop up r=1	0.56093340982305	0.0	NaN	45.83568115118371	45.83568115118371
32	0.125	3	UHF	hop up r=1	0.56093340982305	0.2052596346530568	NaN	6.770499132101234	45.83568115118371
32	0.125	3	UHFsym	hop up r=1	0.56093340982305	0.08510731771013225	NaN	24.091953439294585	45.83568115118371
32	0.125	4	chi2	n	0.8833148681029181	-0.1166851318970814	7.408170551659085e-6	0.9999784280816733	2.0790600166328406
32	0.125	4	chi4	n	0.8833148681029181	-0.0014826869224358052	0.07364262204155658	2.0789382322946177	2.0790600166328406
32	0.125	4	chi8	n	0.8833148681029181	0.007424499014702324	0.4730613531860257	2.069268679654838	2.0790600166328406
32	0.125	4	chi16	n	0.8833148681029181	-2.514649314722117e-5	0.8709279763636144	2.079006978904572	2.0790600166328406
32	0.125	4	chi32	n	0.8833148681029181	-3.28506324417388e-5	0.9809673027539881	2.0790807893057237	2.0790600166328406
32	0.125	4	exact	n	0.8833148681029181	0.0	NaN	2.0790600166328406	2.0790600166328406
32	0.125	4	UHF	n	0.8833148681029181	0.05797717078348996	NaN	0.08639051099662823	2.0790600166328406
32	0.125	4	UHFsym	n	0.8833148681029181	0.05797717078348985	NaN	1.6520222707506853	2.0790600166328406
32	0.125	4	chi2	Sz	-5.295030225394015e-8	-1.65091920939887e-5	7.408170551659085e-6	1.0000041858170674	1.6863703798969378
32	0.125	4	chi4	Sz	-5.295030225394015e-8	0.0008847443098840904	0.07364262204155658	1.6870679029605695	1.6863703798969378
32	0.125	4	chi8	Sz	-5.295030225394015e-8	-0.0013171720197512164	0.4730613531860257	1.6621087353000463	1.6863703798969378
32	0.125	4	chi16	Sz	-5.295030225394015e-8	-4.200725051470289e-5	0.8709279763636144	1.6866052213822063	1.6863703798969378
32	0.125	4	chi32	Sz	-5.295030225394015e-8	2.4638591864203918e-5	0.9809673027539881	1.6863787541541622	1.6863703798969378
32	0.125	4	exact	Sz	-5.295030225394015e-8	0.0	NaN	1.6863703798969378	1.6863703798969378
32	0.125	4	UHF	Sz	-5.295030225394015e-8	-0.2674017320150445	NaN	0.08885108527545978	1.6863703798969378
32	0.125	4	UHFsym	Sz	-5.295030225394015e-8	-5.295030227475683e-8	NaN	1.2695276821095052	1.6863703798969378
32	0.125	4	chi2	DoubleOcc	0.08467963765888738	0.08467963765888738	7.408170551659085e-6	0.8777635881097198	18.435523639457887
32	0.125	4	chi4	DoubleOcc	0.08467963765888738	-0.03730220086462065	0.07364262204155658	7.404444757511656	18.435523639457887
32	0.125	4	chi8	DoubleOcc	0.08467963765888738	0.008030063204677682	0.4730613531860257	17.558513389230853	18.435523639457887
32	0.125	4	chi16	DoubleOcc	0.08467963765888738	-0.0003195755575113035	0.8709279763636144	18.450334087349447	18.435523639457887
32	0.125	4	chi32	DoubleOcc	0.08467963765888738	-5.327713022174052e-5	0.9809673027539881	18.43758559100247	18.435523639457887
32	0.125	4	exact	DoubleOcc	0.08467963765888738	0.0	NaN	18.435523639457887	18.435523639457887
32	0.125	4	UHF	DoubleOcc	0.08467963765888738	-0.014112283028603262	NaN	1.3390610308699848	18.435523639457887
32	0.125	4	UHFsym	DoubleOcc	0.08467963765888738	-0.014112283028603276	NaN	7.434710925341405	18.435523639457887
32	0.125	4	chi2	ZZ onsite	-0.42791118557028457	0.5720888144297149	7.408170551659085e-6	0.543162190000734	18.59530084255367
32	0.125	4	chi4	ZZ onsite	-0.42791118557028457	-0.1462434296136083	0.07364262204155658	6.353942612302179	18.59530084255367
32	0.125	4	chi8	ZZ onsite	-0.42791118557028457	0.0172712547893063	0.4730613531860257	17.66502310075296	18.59530084255367
32	0.125	4	chi16	ZZ onsite	-0.42791118557028457	-0.0012280092437491064	0.8709279763636144	18.623058230866658	18.59530084255367
32	0.125	4	chi32	ZZ onsite	-0.42791118557028457	-0.00014740725599993176	0.9809673027539881	18.598922383890645	18.59530084255367
32	0.125	4	exact	ZZ onsite	-0.42791118557028457	0.0	NaN	18.59530084255367	18.59530084255367
32	0.125	4	UHF	ZZ onsite	-0.42791118557028457	-0.17240347368139053	NaN	5.000531655749844	18.59530084255367
32	0.125	4	UHFsym	ZZ onsite	-0.42791118557028457	-0.17240347368139047	NaN	5.000531655749847	18.59530084255367
32	0.125	4	chi2	ZZ up-up r=1	-0.3825976423503168	-0.38256472986673334	7.408170551659085e-6	1.000161584895955	18.580514496010892
32	0.125	4	chi4	ZZ up-up r=1	-0.3825976423503168	-0.17353270461636236	0.07364262204155658	3.968409300656982	18.580514496010892
32	0.125	4	chi8	ZZ up-up r=1	-0.3825976423503168	-0.04284526358041879	0.4730613531860257	14.9034639007576	18.580514496010892
32	0.125	4	chi16	ZZ up-up r=1	-0.3825976423503168	-0.002709168936620321	0.8709279763636144	18.529787157579047	18.580514496010892
32	0.125	4	chi32	ZZ up-up r=1	-0.3825976423503168	-0.000532922416670023	0.9809673027539881	18.573060772592985	18.580514496010892
32	0.125	4	exact	ZZ up-up r=1	-0.3825976423503168	0.0	NaN	18.580514496010892	18.580514496010892
32	0.125	4	UHF	ZZ up-up r=1	-0.3825976423503168	0.4295818786997537	NaN	0.8245438068868094	18.580514496010892
32	0.125	4	UHFsym	ZZ up-up r=1	-0.3825976423503168	-0.09753751542748484	NaN	8.47367402982003	18.580514496010892
32	0.125	4	chi2	SzSz r=1	-0.0769712744521264	-0.0769712744521264	7.408170551659085e-6	1.0000071525581227	14.502700091429546
32	0.125	4	chi4	SzSz r=1	-0.0769712744521264	-0.04638464286047156	0.07364262204155658	2.311721789093153	14.502700091429546
32	0.125	4	chi8	SzSz r=1	-0.0769712744521264	-0.00521943568270454	0.4730613531860257	13.621474183707136	14.502700091429546
32	0.125	4	chi16	SzSz r=1	-0.0769712744521264	-0.000677758131882783	0.8709279763636144	14.456569977328382	14.502700091429546
32	0.125	4	chi32	SzSz r=1	-0.0769712744521264	-0.00013092795039255922	0.9809673027539881	14.509795809678803	14.502700091429546
32	0.125	4	exact	SzSz r=1	-0.0769712744521264	0.0	NaN	14.502700091429546	14.502700091429546
32	0.125	4	UHF	SzSz r=1	-0.0769712744521264	-0.01509377179269708	NaN	1.2040675329805135	14.502700091429546
32	0.125	4	UHFsym	SzSz r=1	-0.0769712744521264	-0.0373728514758679	NaN	3.2562008941277516	14.502700091429546
32	0.125	4	chi2	hop up r=1	0.51360608122249	0.51360608122249	7.408170551659085e-6	1.0	30.1205664731417
32	0.125	4	chi4	hop up r=1	0.51360608122249	0.03575492604314945	0.07364262204155658	26.500252807799082	30.1205664731417
32	0.125	4	chi8	hop up r=1	0.51360608122249	0.03853651216790238	0.4730613531860257	25.986079546235285	30.1205664731417
32	0.125	4	chi16	hop up r=1	0.51360608122249	0.0010186699317167314	0.8709279763636144	30.121270487369554	30.1205664731417
32	0.125	4	chi32	hop up r=1	0.51360608122249	7.655168096942777e-5	0.9809673027539881	30.120859761810483	30.1205664731417
32	0.125	4	exact	hop up r=1	0.51360608122249	0.0	NaN	30.1205664731417	30.1205664731417
32	0.125	4	UHF	hop up r=1	0.51360608122249	-0.2942138830191092	NaN	2.8365980001126836	30.1205664731417
32	0.125	4	UHFsym	hop up r=1	0.51360608122249	-0.031241056789513943	NaN	27.0810040944983	30.1205664731417
32	0.125	5	chi2	n	0.8363356900501482	0.8363356900490684	7.408170551659085e-6	0.06157216411861682	3.341147854521741
32	0.125	5	chi4	n	0.8363356900501482	0.0212728749715404	0.07364262204155658	3.337565981719974	3.341147854521741
32	0.125	5	chi8	n	0.8363356900501482	0.0033460275462582345	0.4730613531860257	3.3600737077934397	3.341147854521741
32	0.125	5	chi16	n	0.8363356900501482	0.0020805002871365774	0.8709279763636144	3.3479021133369913	3.341147854521741
32	0.125	5	chi32	n	0.8363356900501482	0.00043298461863527926	0.9809673027539881	3.343648268532495	3.341147854521741
32	0.125	5	exact	n	0.8363356900501482	0.0	NaN	3.341147854521741	3.341147854521741
32	0.125	5	UHF	n	0.8363356900501482	0.15890169132842646	NaN	0.8568474673159766	3.341147854521741
32	0.125	5	UHFsym	n	0.8363356900501482	0.15890169132842646	NaN	1.2263113769550875	3.341147854521741
32	0.125	5	chi2	Sz	-6.022748968992353e-8	-6.022694978846665e-8	7.408170551659085e-6	0.0636069045242413	2.6697992258933323
32	0.125	5	chi4	Sz	-6.022748968992353e-8	-0.00270472861565553	0.07364262204155658	2.6298060212456487	2.6697992258933323
32	0.125	5	chi8	Sz	-6.022748968992353e-8	-0.0012719156003409282	0.4730613531860257	2.674794721549747	2.6697992258933323
32	0.125	5	chi16	Sz	-6.022748968992353e-8	0.0005222890106093558	0.8709279763636144	2.670485920078353	2.6697992258933323
32	0.125	5	chi32	Sz	-6.022748968992353e-8	-6.590287110019855e-5	0.9809673027539881	2.6705287618669735	2.6697992258933323
32	0.125	5	exact	Sz	-6.022748968992353e-8	0.0	NaN	2.6697992258933323	2.6697992258933323
32	0.125	5	UHF	Sz	-6.022748968992353e-8	0.060305708322465484	NaN	0.808185040529118	2.6697992258933323
32	0.125	5	UHFsym	Sz	-6.022748968992353e-8	-6.022748968992353e-8	NaN	1.106484953731332	2.6697992258933323
32	0.125	5	chi2	DoubleOcc	0.07106814822267202	0.07106814822267202	7.408170551659085e-6	0.21492857515929792	20.15556394813034
32	0.125	5	chi4	DoubleOcc	0.07106814822267202	-0.03899999206648548	0.07364262204155658	4.83028200152671	20.15556394813034
32	0.125	5	chi8	DoubleOcc	0.07106814822267202	0.003934554586478525	0.4730613531860257	20.262414578247622	20.15556394813034
32	0.125	5	chi16	DoubleOcc	0.07106814822267202	0.0003257814713210627	0.8709279763636144	20.11160734019596	20.15556394813034
32	0.125	5	chi32	DoubleOcc	0.07106814822267202	0.00011952019985392304	0.9809673027539881	20.149813322802125	20.15556394813034
32	0.125	5	exact	DoubleOcc	0.07106814822267202	0.0	NaN	20.15556394813034	20.15556394813034
32	0.125	5	UHF	DoubleOcc	0.07106814822267202	-0.04002427171295264	NaN	1.288126543700139	20.15556394813034
32	0.125	5	UHFsym	DoubleOcc	0.07106814822267202	-0.04002427171295264	NaN	1.3362179812130799	20.15556394813034
32	0.125	5	chi2	ZZ onsite	-0.3883987872096062	-1.3883987872074464	7.408170551659085e-6	0.08439878528542115	17.35242087105716
32	0.125	5	chi4	ZZ onsite	-0.3883987872096062	-0.1985457182090204	0.07364262204155658	3.218539743645019	17.35242087105716
32	0.125	5	chi8	ZZ onsite	-0.3883987872096062	0.009046163253397743	0.4730613531860257	17.39431481878517	17.35242087105716
32	0.125	5	chi16	ZZ onsite	-0.3883987872096062	-0.0028578746889865725	0.8709279763636144	17.277403508233068	17.35242087105716
32	0.125	5	chi32	ZZ onsite	-0.3883987872096062	-0.00038788843785231286	0.9809673027539881	17.34394896167614	17.35242087105716
32	0.125	5	exact	ZZ onsite	-0.3883987872096062	0.0	NaN	17.35242087105716	17.35242087105716
32	0.125	5	UHF	ZZ onsite	-0.3883987872096062	-0.4779004695086614	NaN	0.677220523231157	17.35242087105716
32	0.125	5	UHFsym	ZZ onsite	-0.3883987872096062	-0.4779004695086613	NaN	0.6772205232311572	17.35242087105716
32	0.125	5	chi2	ZZ up-up r=1	-0.39153606719330547	-0.3915814129501753	7.408170551659085e-6	0.99977978067929	16.716759555265888
32	0.125	5	chi4	ZZ up-up r=1	-0.39153606719330547	-0.1381318912978381	0.07364262204155658	5.815728904589525	16.716759555265888
32	0.125	5	chi8	ZZ up-up r=1	-0.39153606719330547	-0.04772396176938293	0.4730613531860257	13.98689324678704	16.716759555265888
32	0.125	5	chi16	ZZ up-up r=1	-0.39153606719330547	-0.00903939194376302	0.8709279763636144	16.71174172545287	16.716759555265888
32	0.125	5	chi32	ZZ up-up r=1	-0.39153606719330547	-0.0007744382023111562	0.9809673027539881	16.727556252846906	16.716759555265888
32	0.125	5	exact	ZZ up-up r=1	-0.39153606719330547	0.0	NaN	16.716759555265888	16.716759555265888
32	0.125	5	UHF	ZZ up-up r=1	-0.39153606719330547	-0.6049215656982703	NaN	0.4306486286063613	16.716759555265888
32	0.125	5	UHFsym	ZZ up-up r=1	-0.39153606719330547	-0.12737137117985847	NaN	6.467655225294774	16.716759555265888
32	0.125	5	chi2	SzSz r=1	-0.07931276641845383	-0.07931276641845383	7.408170551659085e-6	1.000002807708259	13.262622953163135
32	0.125	5	chi4	SzSz r=1	-0.07931276641845383	-0.03974596122168379	0.07364262204155658	3.172663975274106	13.262622953163135
32	0.125	5	chi8	SzSz r=1	-0.07931276641845383	-0.006303028125131657	0.4730613531860257	12.11270482660577	13.262622953163135
32	0.125	5	chi16	SzSz r=1	-0.07931276641845383	-0.001443081261357268	0.8709279763636144	13.166381517529665	13.262622953163135
32	0.125	5	chi32	SzSz r=1	-0.07931276641845383	-0.00016482801121470159	0.9809673027539881	13.271426685509223	13.262622953163135
32	0.125	5	exact	SzSz r=1	-0.07931276641845383	0.0	NaN	13.262622953163135	13.262622953163135
32	0.125	5	UHF	SzSz r=1	-0.07931276641845383	-0.03749579175952109	NaN	0.889622696646322	13.262622953163135
32	0.125	5	UHFsym	SzSz r=1	-0.07931276641845383	-0.0462489645790356	NaN	2.6051952909927665	13.262622953163135
32	0.125	5	chi2	hop up r=1	0.5186914725452993	0.5186914725452993	7.408170551659085e-6	1.0	37.42988654711603
32	0.125	5	chi4	hop up r=1	0.5186914725452993	0.027704735388650592	0.07364262204155658	32.756589789294694	37.42988654711603
32	0.125	5	chi8	hop up r=1	0.5186914725452993	0.0824688230460554	0.4730613531860257	18.498892385689317	37.42988654711603
32	0.125	5	chi16	hop up r=1	0.5186914725452993	0.003987139619140767	0.8709279763636144	37.13295056773138	37.42988654711603
32	0.125	5	chi32	hop up r=1	0.5186914725452993	0.0001783377068269587	0.9809673027539881	37.419871824876395	37.42988654711603
32	0.125	5	exact	hop up r=1	0.5186914725452993	0.0	NaN	37.42988654711603	37.42988654711603
32	0.125	5	UHF	hop up r=1	0.5186914725452993	0.2597717144023469	NaN	3.6237848664738044	37.42988654711603
32	0.125	5	UHFsym	hop up r=1	0.5186914725452993	-0.05397626665416211	NaN	28.649504807712095	37.42988654711603
32	0.125	6	chi2	n	0.8754451640998867	-0.12455483589903393	7.408170551659085e-6	1.0000534299133654	2.0768719213706275
32	0.125	6	chi4	n	0.8754451640998867	-0.005908519082751362	0.07364262204155658	2.070676005351009	2.0768719213706275
32	0.125	6	chi8	n	0.8754451640998867	0.01076738983577985	0.4730613531860257	2.024901380128055	2.0768719213706275
32	0.125	6	chi16	n	0.8754451640998867	-0.0005080235333637662	0.8709279763636144	2.0784917517273054	2.0768719213706275
32	0.125	6	chi32	n	0.8754451640998867	-3.0883638980960804e-5	0.9809673027539881	2.0769677708389067	2.0768719213706275
32	0.125	6	exact	n	0.8754451640998867	0.0	NaN	2.0768719213706275	2.0768719213706275
32	0.125	6	UHF	n	0.8754451640998867	0.12743569810080746	NaN	0.13219998108471342	2.0768719213706275
32	0.125	6	UHFsym	n	0.8754451640998867	0.12743569810080746	NaN	0.8314733117015607	2.0768719213706275
32	0.125	6	chi2	Sz	-2.0104623184302728e-7	2.24718316631842e-5	7.408170551659085e-6	1.000018884253998	2.004786839818858
32	0.125	6	chi4	Sz	-2.0104623184302728e-7	0.006243515722735592	0.07364262204155658	1.962835254035463	2.004786839818858
32	0.125	6	chi8	Sz	-2.0104623184302728e-7	0.0018120525855414016	0.4730613531860257	1.988889662473221	2.004786839818858
32	0.125	6	chi16	Sz	-2.0104623184302728e-7	0.00013284063406715854	0.8709279763636144	2.0040552987044724	2.004786839818858
32	0.125	6	chi32	Sz	-2.0104623184302728e-7	3.3090282725717346e-6	0.9809673027539881	2.0047586131385686	2.004786839818858
32	0.125	6	exact	Sz	-2.0104623184302728e-7	0.0	NaN	2.004786839818858	2.004786839818858
32	0.125	6	UHF	Sz	-2.0104623184302728e-7	0.19038444223484746	NaN	0.17609999816006264	2.004786839818858
32	0.125	6	UHFsym	Sz	-2.0104623184302728e-7	-2.0104623185690507e-7	NaN	1.0147842669328149	2.004786839818858
32	0.125	6	chi2	DoubleOcc	0.08144191825373458	0.08144191825373458	7.408170551659085e-6	0.8594524908879427	18.517237824267717
32	0.125	6	chi4	DoubleOcc	0.08144191825373458	-0.04497021629521532	0.07364262204155658	6.235740695382803	18.517237824267717
32	0.125	6	chi8	DoubleOcc	0.08144191825373458	0.012049104441934813	0.4730613531860257	16.59855108408886	18.517237824267717
32	0.125	6	chi16	DoubleOcc	0.08144191825373458	-0.00023005808140985629	0.8709279763636144	18.521158632697237	18.517237824267717
32	0.125	6	chi32	DoubleOcc	0.08144191825373458	-3.495949702564394e-5	0.9809673027539881	18.51920988966642	18.517237824267717
32	0.125	6	exact	DoubleOcc	0.08144191825373458	0.0	NaN	18.517237824267717	18.517237824267717
32	0.125	6	UHF	DoubleOcc	0.08144191825373458	-0.02219130965505854	NaN	1.5901355100264454	18.517237824267717
32	0.125	6	UHFsym	DoubleOcc	0.08144191825373458	-0.022191309655058555	NaN	2.7095327354614516	18.517237824267717
32	0.125	6	chi2	ZZ onsite	-0.4251226551848318	0.5748773448130091	7.408170551659085e-6	0.550925844156746	19.594326473910897
32	0.125	6	chi4	ZZ onsite	-0.4251226551848318	-0.16806382701535538	0.07364262204155658	5.071491989828371	19.594326473910897
32	0.125	6	chi8	ZZ onsite	-0.4251226551848318	0.026661638096180662	0.4730613531860257	18.059958520132433	19.594326473910897
32	0.125	6	chi16	ZZ onsite	-0.4251226551848318	9.581474109165988e-5	0.8709279763636144	19.593524310922955	19.594326473910897
32	0.125	6	chi32	ZZ onsite	-0.4251226551848318	-7.807071013632427e-5	0.9809673027539881	19.594952501731076	19.594326473910897
32	0.125	6	exact	ZZ onsite	-0.4251226551848318	0.0	NaN	19.594326473910897	19.594326473910897
32	0.125	6	UHF	ZZ onsite	-0.4251226551848318	-0.34363663482184575	NaN	1.493265065966703	19.594326473910897
32	0.125	6	UHFsym	ZZ onsite	-0.4251226551848318	-0.3436366348218458	NaN	1.493265065966703	19.594326473910897
32	0.125	6	chi2	ZZ up-up r=1	-0.4471142395550071	0.5528857604411752	7.408170551659085e-6	0.6333884625774232	22.16945958301517
32	0.125	6	chi4	ZZ up-up r=1	-0.4471142395550071	0.05162692508665656	0.07364262204155658	16.32248905560114	22.16945958301517
32	0.125	6	chi8	ZZ up-up r=1	-0.4471142395550071	-0.016059460359647226	0.4730613531860257	22.01784786479616	22.16945958301517
32	0.125	6	chi16	ZZ up-up r=1	-0.4471142395550071	-0.004245673552191964	0.8709279763636144	22.250427909482386	22.16945958301517
32	0.125	6	chi32	ZZ up-up r=1	-0.4471142395550071	-0.0007989209244812501	0.9809673027539881	22.19130642034716	22.16945958301517
32	0.125	6	exact	ZZ up-up r=1	-0.4471142395550071	0.0	NaN	22.16945958301517	22.16945958301517
32	0.125	6	UHF	ZZ up-up r=1	-0.4471142395550071	0.35896363083322264	NaN	1.4304036934921383	22.16945958301517
32	0.125	6	UHFsym	ZZ up-up r=1	-0.4471142395550071	-0.1300867975105678	NaN	8.302165425926958	22.16945958301517
32	0.125	6	chi2	SzSz r=1	-0.09142990541755669	0.15857009458175225	7.408170551659085e-6	0.3306133170484996	15.81207784659761
32	0.125	6	chi4	SzSz r=1	-0.09142990541755669	0.0008368026227784653	0.07364262204155658	9.703459319489369	15.81207784659761
32	0.125	6	chi8	SzSz r=1	-0.09142990541755669	-0.0009075961632321883	0.4730613531860257	15.815589241978524	15.81207784659761
32	0.125	6	chi16	SzSz r=1	-0.09142990541755669	-0.0011603370577947109	0.8709279763636144	15.845340054743753	15.81207784659761
32	0.125	6	chi32	SzSz r=1	-0.09142990541755669	-6.01766688139993e-5	0.9809673027539881	15.82293984937739	15.81207784659761
32	0.125	6	exact	SzSz r=1	-0.09142990541755669	0.0	NaN	15.81207784659761	15.81207784659761
32	0.125	6	UHF	SzSz r=1	-0.09142990541755669	0.005672276240780844	NaN	2.2291046744893896	15.81207784659761
32	0.125	6	UHFsym	SzSz r=1	-0.09142990541755669	-0.040880850954919196	NaN	4.039590893788832	15.81207784659761
32	0.125	6	chi2	hop up r=1	0.542858982659737	0.542858982659737	7.408170551659085e-6	1.0	39.044436060318176
32	0.125	6	chi4	hop up r=1	0.542858982659737	-0.0955632758826036	0.07364262204155658	16.7880075115028	39.044436060318176
32	0.125	6	chi8	hop up r=1	0.542858982659737	0.033203505001290656	0.4730613531860257	35.44289055371529	39.044436060318176
32	0.125	6	chi16	hop up r=1	0.542858982659737	0.004818696174054837	0.8709279763636144	39.17133677556408	39.044436060318176
32	0.125	6	chi32	hop up r=1	0.542858982659737	0.00019987304785629156	0.9809673027539881	39.054425257276186	39.044436060318176
32	0.125	6	exact	hop up r=1	0.542858982659737	0.0	NaN	39.044436060318176	39.044436060318176
32	0.125	6	UHF	hop up r=1	0.542858982659737	-0.13605071780760403	NaN	10.810322291475	39.044436060318176
32	0.125	6	UHFsym	hop up r=1	0.542858982659737	0.042669861357212846	NaN	32.98496856528589	39.044436060318176
32	0.125	7	chi2	n	0.8583680262532664	-0.14163197374676006	7.408170551659085e-6	0.9999667698092388	2.5303294085121473
32	0.125	7	chi4	n	0.8583680262532664	-0.008404512872286607	0.07364262204155658	2.4425849693014587	2.5303294085121473
32	0.125	7	chi8	n	0.8583680262532664	0.0036428988890521152	0.4730613531860257	2.500004989227734	2.5303294085121473
32	0.125	7	chi16	n	0.8583680262532664	0.0020987633142489637	0.8709279763636144	2.5236964929850836	2.5303294085121473
32	0.125	7	chi32	n	0.8583680262532664	0.00013901178540387527	0.9809673027539881	2.5298414005891416	2.5303294085121473
32	0.125	7	exact	n	0.8583680262532664	0.0	NaN	2.5303294085121473	2.5303294085121473
32	0.125	7	UHF	n	0.8583680262532664	-0.03752537643616094	NaN	0.06794951226966509	2.5303294085121473
32	0.125	7	UHFsym	n	0.8583680262532664	-0.03752537643616083	NaN	2.3529700743429167	2.5303294085121473
32	0.125	7	chi2	Sz	4.6152655100439866e-8	-2.262672521630149e-5	7.408170551659085e-6	0.9999550497912911	2.381842005271201
32	0.125	7	chi4	Sz	4.6152655100439866e-8	-0.00969378303127838	0.07364262204155658	2.2512120351193077	2.381842005271201
32	0.125	7	chi8	Sz	4.6152655100439866e-8	0.005372986915738814	0.4730613531860257	2.396538163431545	2.381842005271201
32	0.125	7	chi16	Sz	4.6152655100439866e-8	0.00040181643717856347	0.8709279763636144	2.3861597179776872	2.381842005271201
32	0.125	7	chi32	Sz	4.6152655100439866e-8	-4.5884445494012716e-5	0.9809673027539881	2.381768675723654	2.381842005271201
32	0.125	7	exact	Sz	4.6152655100439866e-8	0.0	NaN	2.381842005271201	2.381842005271201
32	0.125	7	UHF	Sz	4.6152655100439866e-8	-0.3247945658594316	NaN	0.08096660246073652	2.381842005271201
32	0.125	7	UHFsym	Sz	4.6152655100439866e-8	4.615265509697042e-8	NaN	2.1404521318859002	2.381842005271201
32	0.125	7	chi2	DoubleOcc	0.0745686432471655	0.07456864324713908	7.408170551659085e-6	0.9491978883838412	19.859856045295743
32	0.125	7	chi4	DoubleOcc	0.0745686432471655	-0.028282439436228227	0.07364262204155658	10.976038642083717	19.859856045295743
32	0.125	7	chi8	DoubleOcc	0.0745686432471655	0.0068681463492342165	0.4730613531860257	19.099319859144718	19.859856045295743
32	0.125	7	chi16	DoubleOcc	0.0745686432471655	0.0008331226190935598	0.8709279763636144	19.875761758488277	19.859856045295743
32	0.125	7	chi32	DoubleOcc	0.0745686432471655	8.430413356633193e-5	0.9809673027539881	19.86198175800986	19.859856045295743
32	0.125	7	exact	DoubleOcc	0.0745686432471655	0.0	NaN	19.859856045295743	19.859856045295743
32	0.125	7	UHF	DoubleOcc	0.0745686432471655	-0.02059606400636259	NaN	1.0681318989315058	19.859856045295743
32	0.125	7	UHFsym	DoubleOcc	0.0745686432471655	-0.02059606400636252	NaN	17.940536977587776	19.859856045295743
32	0.125	7	chi2	ZZ onsite	-0.4184614795178683	0.5815385204820789	7.408170551659085e-6	0.5680089098633958	20.97825870015069
32	0.125	7	chi4	ZZ onsite	-0.4184614795178683	-0.0963207320003377	0.07364262204155658	9.535915295342637	20.97825870015069
32	0.125	7	chi8	ZZ onsite	-0.4184614795178683	0.02018678761883308	0.4730613531860257	20.850427052147356	20.97825870015069
32	0.125	7	chi16	ZZ onsite	-0.4184614795178683	-0.0008650361521204686	0.8709279763636144	20.94198889714314	20.97825870015069
32	0.125	7	chi32	ZZ onsite	-0.4184614795178683	5.9192963460019676e-5	0.9809673027539881	20.980619438751805	20.97825870015069
32	0.125	7	exact	ZZ onsite	-0.4184614795178683	0.0	NaN	20.97825870015069	20.97825870015069
32	0.125	7	UHF	ZZ onsite	-0.4184614795178683	-0.007333503153126253	NaN	20.569371411528465	20.97825870015069
32	0.125	7	UHFsym	ZZ onsite	-0.4184614795178683	-0.007333503153125975	NaN	20.569371411528493	20.97825870015069
32	0.125	7	chi2	ZZ up-up r=1	-0.3660117000056261	-0.36601169779657916	7.408170551659085e-6	1.0000000111583602	15.551835540343028
32	0.125	7	chi4	ZZ up-up r=1	-0.3660117000056261	-0.2816121929668163	0.07364262204155658	1.6071159222698417	15.551835540343028
32	0.125	7	chi8	ZZ up-up r=1	-0.3660117000056261	-0.08697352482047294	0.4730613531860257	8.248825948341544	15.551835540343028
32	0.125	7	chi16	ZZ up-up r=1	-0.3660117000056261	-0.005401083754438207	0.8709279763636144	15.424157311522636	15.551835540343028
32	0.125	7	chi32	ZZ up-up r=1	-0.3660117000056261	-0.00277982799337384	0.9809673027539881	15.497778883016188	15.551835540343028
32	0.125	7	exact	ZZ up-up r=1	-0.3660117000056261	0.0	NaN	15.551835540343028	15.551835540343028
32	0.125	7	UHF	ZZ up-up r=1	-0.3660117000056261	0.20790164673711142	NaN	2.8895469226417685	15.551835540343028
32	0.125	7	UHFsym	ZZ up-up r=1	-0.3660117000056261	-0.0013518405197753824	NaN	15.528672761026733	15.551835540343028
32	0.125	7	chi2	SzSz r=1	-0.07443451211568086	-0.07443451156342573	7.408170551659085e-6	1.000000013059587	12.385573229361043
32	0.125	7	chi4	SzSz r=1	-0.07443451211568086	-0.0661487973154829	0.07364262204155658	1.2446297391878134	12.385573229361043
32	0.125	7	chi8	SzSz r=1	-0.07443451211568086	-0.009248631388339049	0.4730613531860257	9.297095075857127	12.385573229361043
32	0.125	7	chi16	SzSz r=1	-0.07443451211568086	-0.001297473024528692	0.8709279763636144	12.260296616384482	12.385573229361043
32	0.125	7	chi32	SzSz r=1	-0.07443451211568086	-0.0005460037288716885	0.9809673027539881	12.326250547082875	12.385573229361043
32	0.125	7	exact	SzSz r=1	-0.07443451211568086	0.0	NaN	12.385573229361043	12.385573229361043
32	0.125	7	UHF	SzSz r=1	-0.07443451211568086	0.0711213521180922	NaN	1.10062628532201	12.385573229361043
32	0.125	7	UHFsym	SzSz r=1	-0.07443451211568086	-0.008885248902678833	NaN	9.929464129017719	12.385573229361043
32	0.125	7	chi2	hop up r=1	0.4897324640133036	0.4897324640130253	7.408170551659085e-6	1.0000000000010965	33.0759296274914
32	0.125	7	chi4	hop up r=1	0.4897324640133036	0.20363736207491134	0.07364262204155658	4.988236354961652	33.0759296274914
32	0.125	7	chi8	hop up r=1	0.4897324640133036	0.06975237228772146	0.4730613531860257	19.53279954248827	33.0759296274914
32	0.125	7	chi16	hop up r=1	0.4897324640133036	0.005799225564278587	0.8709279763636144	32.794415339583416	33.0759296274914
32	0.125	7	chi32	hop up r=1	0.4897324640133036	0.0013609489303084144	0.9809673027539881	33.03577487086201	33.0759296274914
32	0.125	7	exact	hop up r=1	0.4897324640133036	0.0	NaN	33.0759296274914	33.0759296274914
32	0.125	7	UHF	hop up r=1	0.4897324640133036	0.09902739618613643	NaN	13.968770878432759	33.0759296274914
32	0.125	7	UHFsym	hop up r=1	0.4897324640133036	0.03269291689683124	NaN	28.398628845739367	33.0759296274914
32	0.125	8	chi2	n	0.8790574948214666	-0.12094250517850735	7.408170551659085e-6	0.9999962828796778	2.1329876781829693
32	0.125	8	chi4	n	0.8790574948214666	-0.015992080882680892	0.07364262204155658	1.8934831653755944	2.1329876781829693
32	0.125	8	chi8	n	0.8790574948214666	-0.012198291459034616	0.4730613531860257	2.0955208112900823	2.1329876781829693
32	0.125	8	chi16	n	0.8790574948214666	0.0007371330044528834	0.8709279763636144	2.132306322777175	2.1329876781829693
32	0.125	8	chi32	n	0.8790574948214666	-0.00019286796450590504	0.9809673027539881	2.132831724721914	2.1329876781829693
32	0.125	8	exact	n	0.8790574948214666	0.0	NaN	2.1329876781829693	2.1329876781829693
32	0.125	8	UHF	n	0.8790574948214666	-0.08079232392542257	NaN	0.05659635280839198	2.1329876781829693
32	0.125	8	UHFsym	n	0.8790574948214666	-0.08079232392542257	NaN	1.4024740000017175	2.1329876781829693
32	0.125	8	chi2	Sz	-2.3331017744154803e-7	2.4124212192569306e-5	7.408170551659085e-6	1.0000088937018767	1.6126636619351111
32	0.125	8	chi4	Sz	-2.3331017744154803e-7	0.01706291519855768	0.07364262204155658	1.5183901443536882	1.6126636619351111
32	0.125	8	chi8	Sz	-2.3331017744154803e-7	8.475172362375216e-5	0.4730613531860257	1.613948324334927	1.6126636619351111
32	0.125	8	chi16	Sz	-2.3331017744154803e-7	0.0004716652808054722	0.8709279763636144	1.611682564591114	1.6126636619351111
32	0.125	8	chi32	Sz	-2.3331017744154803e-7	-2.9389501025212095e-5	0.9809673027539881	1.6128663083973422	1.6126636619351111
32	0.125	8	exact	Sz	-2.3331017744154803e-7	0.0	NaN	1.6126636619351111	1.6126636619351111
32	0.125	8	UHF	Sz	-2.3331017744154803e-7	0.3660624521230769	NaN	0.05642249726042588	1.6126636619351111
32	0.125	8	UHFsym	Sz	-2.3331017744154803e-7	-2.3331017741379245e-7	NaN	1.2837631843631392	1.6126636619351111
32	0.125	8	chi2	DoubleOcc	0.07903228693728237	0.07903228693728237	7.408170551659085e-6	1.0284796540372299	20.953971471732533
32	0.125	8	chi4	DoubleOcc	0.07903228693728237	-0.010011462390073445	0.07364262204155658	19.425823432329533	20.953971471732533
32	0.125	8	chi8	DoubleOcc	0.07903228693728237	0.003860230932051345	0.4730613531860257	19.156387262172544	20.953971471732533
32	0.125	8	chi16	DoubleOcc	0.07903228693728237	0.0015938259180654363	0.8709279763636144	20.933926226425715	20.953971471732533
32	0.125	8	chi32	DoubleOcc	0.07903228693728237	-4.8584644844695823e-5	0.9809673027539881	20.95154324115062	20.953971471732533
32	0.125	8	exact	DoubleOcc	0.07903228693728237	0.0	NaN	20.953971471732533	20.953971471732533
32	0.125	8	UHF	DoubleOcc	0.07903228693728237	-0.01729374203322087	NaN	0.9996162969212478	20.953971471732533
32	0.125	8	UHFsym	DoubleOcc	0.07903228693728237	-0.01729374203322101	NaN	15.161904572950542	20.953971471732533
32	0.125	8	chi2	ZZ onsite	-0.44198584189380064	0.5580141581061469	7.408170551659085e-6	0.6658077373141582	21.888174899234567
32	0.125	8	chi4	ZZ onsite	-0.44198584189380064	-0.008061687794929773	0.07364262204155658	21.5466347422933	21.888174899234567
32	0.125	8	chi8	ZZ onsite	-0.44198584189380064	0.039837506646274834	0.4730613531860257	19.528213632547963	21.888174899234567
32	0.125	8	chi16	ZZ onsite	-0.44198584189380064	0.004901037663360308	0.8709279763636144	21.954151099144553	21.888174899234567
32	0.125	8	chi32	ZZ onsite	-0.44198584189380064	0.00019139734963746768	0.9809673027539881	21.89280413806774	21.888174899234567
32	0.125	8	exact	ZZ onsite	-0.44198584189380064	0.0	NaN	21.888174899234567	21.888174899234567
32	0.125	8	UHF	ZZ onsite	-0.44198584189380064	0.09240967971796465	NaN	12.245599243790954	21.888174899234567
32	0.125	8	UHFsym	ZZ onsite	-0.44198584189380064	0.09240967971796421	NaN	12.245599243791004	21.888174899234567
32	0.125	8	chi2	ZZ up-up r=1	-0.47451609196532657	0.5254839080336668	7.408170551659085e-6	0.870192536561512	25.56040771332451
32	0.125	8	chi4	ZZ up-up r=1	-0.47451609196532657	0.22347002301884172	0.07364262204155658	4.311257933076637	25.56040771332451
32	0.125	8	chi8	ZZ up-up r=1	-0.47451609196532657	-0.011077447332480783	0.4730613531860257	24.80514598653213	25.56040771332451
32	0.125	8	chi16	ZZ up-up r=1	-0.47451609196532657	-0.00578170231199665	0.8709279763636144	25.24101430157428	25.56040771332451
32	0.125	8	chi32	ZZ up-up r=1	-0.47451609196532657	-0.0008489297872104618	0.9809673027539881	25.524288181709125	25.56040771332451
32	0.125	8	exact	ZZ up-up r=1	-0.47451609196532657	0.0	NaN	25.56040771332451	25.56040771332451
32	0.125	8	UHF	ZZ up-up r=1	-0.47451609196532657	0.2986549181273754	NaN	2.565886722230026	25.56040771332451
32	0.125	8	UHFsym	ZZ up-up r=1	-0.47451609196532657	-0.0948834276708147	NaN	12.161608565525428	25.56040771332451
32	0.125	8	chi2	SzSz r=1	-0.09780790995626087	0.15219209004347303	7.408170551659085e-6	0.44555411819747137	22.323104907915045
32	0.125	8	chi4	SzSz r=1	-0.09780790995626087	0.05000741604814962	0.07364262204155658	3.57210259214007	22.323104907915045
32	0.125	8	chi8	SzSz r=1	-0.09780790995626087	-0.0011534703566327686	0.4730613531860257	21.343389991519086	22.323104907915045
32	0.125	8	chi16	SzSz r=1	-0.09780790995626087	-0.0008920413934039167	0.8709279763636144	22.227681091362765	22.323104907915045
32	0.125	8	chi32	SzSz r=1	-0.09780790995626087	-3.22917203586931e-5	0.9809673027539881	22.300073745714087	22.323104907915045
32	0.125	8	exact	SzSz r=1	-0.09780790995626087	0.0	NaN	22.323104907915045	22.323104907915045
32	0.125	8	UHF	SzSz r=1	-0.09780790995626087	0.06441620513631785	NaN	2.2176236300951855	22.323104907915045
32	0.125	8	UHFsym	SzSz r=1	-0.09780790995626087	-0.027336002448499527	NaN	8.48222176061047	22.323104907915045
32	0.125	8	chi2	hop up r=1	0.5468694438129774	0.5468694438129774	7.408170551659085e-6	1.0	34.111009372259936
32	0.125	8	chi4	hop up r=1	0.5468694438129774	-0.13462024750158352	0.07364262204155658	10.788243736188969	34.111009372259936
32	0.125	8	chi8	hop up r=1	0.5468694438129774	0.025188211530844606	0.4730613531860257	32.54928542014102	34.111009372259936
32	0.125	8	chi16	hop up r=1	0.5468694438129774	0.019076223683901605	0.8709279763636144	33.33654869599422	34.111009372259936
32	0.125	8	chi32	hop up r=1	0.5468694438129774	0.00048231447498625624	0.9809673027539881	34.12536654793488	34.111009372259936
32	0.125	8	exact	hop up r=1	0.5468694438129774	0.0	NaN	34.111009372259936	34.111009372259936
32	0.125	8	UHF	hop up r=1	0.5468694438129774	0.08787946581143541	NaN	19.091731502950385	34.111009372259936
32	0.125	8	UHFsym	hop up r=1	0.5468694438129774	0.10288086518810102	NaN	16.28623616411031	34.111009372259936
32	0.125	9	chi2	n	0.8774071011944413	-0.12259289880564306	7.408170551659085e-6	1.00000967361842	1.8884936037779998
32	0.125	9	chi4	n	0.8774071011944413	0.014781739045288678	0.07364262204155658	1.5283804382913133	1.8884936037779998
32	0.125	9	chi8	n	0.8774071011944413	-0.011996469614862115	0.4730613531860257	1.8827233851309744	1.8884936037779998
32	0.125	9	chi16	n	0.8774071011944413	-0.0014506578252918567	0.8709279763636144	1.890523421228685	1.8884936037779998
32	0.125	9	chi32	n	0.8774071011944413	-4.9398523917165704e-5	0.9809673027539881	1.8884397702406743	1.8884936037779998
32	0.125	9	exact	n	0.8774071011944413	0.0	NaN	1.8884936037779998	1.8884936037779998
32	0.125	9	UHF	n	0.8774071011944413	-0.09941951144359285	NaN	0.04285350880464216	1.8884936037779998
32	0.125	9	UHFsym	n	0.8774071011944413	-0.09941951144359296	NaN	1.1983393448732569	1.8884936037779998
32	0.125	9	chi2	Sz	5.182214395799134e-8	-2.4305700388867202e-5	7.408170551659085e-6	1.0000311858942195	1.998111869913322
32	0.125	9	chi4	Sz	5.182214395799134e-8	-0.02444970908276888	0.07364262204155658	1.8126818789051116	1.998111869913322
32	0.125	9	chi8	Sz	5.182214395799134e-8	0.0007845952170728934	0.4730613531860257	1.9616541635690983	1.998111869913322
32	0.125	9	chi16	Sz	5.182214395799134e-8	0.0005584303315588138	0.8709279763636144	1.9944539397360745	1.998111869913322
32	0.125	9	chi32	Sz	5.182214395799134e-8	-4.208355526361812e-5	0.9809673027539881	1.9981227174690817	1.998111869913322
32	0.125	9	exact	Sz	5.182214395799134e-8	0.0	NaN	1.998111869913322	1.998111869913322
32	0.125	9	UHF	Sz	5.182214395799134e-8	-0.3757696129777532	NaN	0.06848081394103192	1.998111869913322
32	0.125	9	UHFsym	Sz	5.182214395799134e-8	5.182214398748164e-8	NaN	1.1962474617054721	1.998111869913322
32	0.125	9	chi2	DoubleOcc	0.07845781171050935	0.0784578117104252	7.408170551659085e-6	0.9571129558201938	18.05949464597102
32	0.125	9	chi4	DoubleOcc	0.07845781171050935	0.013529845369353519	0.07364262204155658	14.481733543241083	18.05949464597102
32	0.125	9	chi8	DoubleOcc	0.07845781171050935	0.003824372768468129	0.4730613531860257	16.42585365361481	18.05949464597102
32	0.125	9	chi16	DoubleOcc	0.07845781171050935	0.0003812355020803987	0.8709279763636144	18.020837747536746	18.05949464597102
32	0.125	9	chi32	DoubleOcc	0.07845781171050935	2.163944306510235e-5	0.9809673027539881	18.05606036848672	18.05949464597102
32	0.125	9	exact	DoubleOcc	0.07845781171050935	0.0	NaN	18.05949464597102	18.05949464597102
32	0.125	9	UHF	DoubleOcc	0.07845781171050935	-0.018886905095137643	NaN	0.7089264171875658	18.05949464597102
32	0.125	9	UHFsym	DoubleOcc	0.07845781171050935	-0.018886905095137504	NaN	11.034148595866196	18.05949464597102
32	0.125	9	chi2	ZZ onsite	-0.4409829555468426	0.5590170444529894	7.408170551659085e-6	0.6293162382125256	20.592056178422766
32	0.125	9	chi4	ZZ onsite	-0.4409829555468426	0.024555903386838163	0.07364262204155658	19.324225291625904	20.592056178422766
32	0.125	9	chi8	ZZ onsite	-0.4409829555468426	0.039290430303596524	0.4730613531860257	17.697647245113213	20.592056178422766
32	0.125	9	chi16	ZZ onsite	-0.4409829555468426	0.00442625765890875	0.8709279763636144	20.534320881369723	20.592056178422766
32	0.125	9	chi32	ZZ onsite	-0.4409829555468426	0.00018535482009862658	0.9809673027539881	20.59126934617159	20.592056178422766
32	0.125	9	exact	ZZ onsite	-0.4409829555468426	0.0	NaN	20.592056178422766	20.592056178422766
32	0.125	9	UHF	ZZ onsite	-0.4409829555468426	0.123291402506638	NaN	8.040593282173404	20.592056178422766
32	0.125	9	UHFsym	ZZ onsite	-0.4409829555468426	0.12329140250663845	NaN	8.040593282173367	20.592056178422766
32	0.125	9	chi2	ZZ up-up r=1	-0.36980516696770116	-0.3698051669419151	7.408170551659085e-6	1.0000000001306961	15.164199546519022
32	0.125	9	chi4	ZZ up-up r=1	-0.36980516696770116	-0.3377882491861525	0.07364262204155658	1.1837521420440482	15.164199546519022
32	0.125	9	chi8	ZZ up-up r=1	-0.36980516696770116	-0.04918252888914221	0.4730613531860257	12.232820848888517	15.164199546519022
32	0.125	9	chi16	ZZ up-up r=1	-0.36980516696770116	-0.004381021104173155	0.8709279763636144	15.150850727954504	15.164199546519022
32	0.125	9	chi32	ZZ up-up r=1	-0.36980516696770116	-0.003463432980771064	0.9809673027539881	15.158664003893211	15.164199546519022
32	0.125	9	exact	ZZ up-up r=1	-0.36980516696770116	0.0	NaN	15.164199546519022	15.164199546519022
32	0.125	9	UHF	ZZ up-up r=1	-0.36980516696770116	0.40738747206525916	NaN	0.823768284834124	15.164199546519022
32	0.125	9	UHFsym	ZZ up-up r=1	-0.36980516696770116	0.008811314484606259	NaN	15.008889991789479	15.164199546519022
32	0.125	9	chi2	SzSz r=1	-0.07530409590062345	-0.07530409589419798	7.408170551659085e-6	1.0000000001458995	10.219796127979807
32	0.125	9	chi4	SzSz r=1	-0.07530409590062345	-0.07300552873261273	0.07364262204155658	1.0550931977198321	10.219796127979807
32	0.125	9	chi8	SzSz r=1	-0.07530409590062345	-0.009563967021839925	0.4730613531860257	7.902937946781524	10.219796127979807
32	0.125	9	chi16	SzSz r=1	-0.07530409590062345	-0.001420045914499471	0.8709279763636144	10.086882755362561	10.219796127979807
32	0.125	9	chi32	SzSz r=1	-0.07530409590062345	-0.0007328714229389993	0.9809673027539881	10.16286368699168	10.219796127979807
32	0.125	9	exact	SzSz r=1	-0.07530409590062345	0.0	NaN	10.219796127979807	10.219796127979807
32	0.125	9	UHF	SzSz r=1	-0.07530409590062345	0.08592591038227262	NaN	0.8792044040764565	10.219796127979807
32	0.125	9	UHFsym	SzSz r=1	-0.07530409590062345	-0.00513679620313566	NaN	9.343954986517543	10.219796127979807
32	0.125	9	chi2	hop up r=1	0.4887778149583163	0.4887778149582221	7.408170551659085e-6	1.0000000000003693	35.47527915074899
32	0.125	9	chi4	hop up r=1	0.4887778149583163	0.22990607858597373	0.07364262204155658	3.9914433841350903	35.47527915074899
32	0.125	9	chi8	hop up r=1	0.4887778149583163	0.050886831569092406	0.4730613531860257	24.114440881916938	35.47527915074899
32	0.125	9	chi16	hop up r=1	0.4887778149583163	0.007796211030311306	0.8709279763636144	34.604306818930844	35.47527915074899
32	0.125	9	chi32	hop up r=1	0.4887778149583163	0.0017551734841681488	0.9809673027539881	35.32751386728665	35.47527915074899
32	0.125	9	exact	hop up r=1	0.4887778149583163	0.0	NaN	35.47527915074899	35.47527915074899
32	0.125	9	UHF	hop up r=1	0.4887778149583163	0.02476276186936155	NaN	31.153208187838697	35.47527915074899
32	0.125	9	UHFsym	hop up r=1	0.4887778149583163	0.04425461001001024	NaN	25.919944982220134	35.47527915074899
32	0.125	10	chi2	n	0.8680923457054198	-0.13190765429449636	7.408170551659085e-6	1.0000002790885656	2.5941960246766
32	0.125	10	chi4	n	0.8680923457054198	-0.0006677367863210382	0.07364262204155658	2.443659055202679	2.5941960246766
32	0.125	10	chi8	n	0.8680923457054198	-0.006731164117002586	0.4730613531860257	2.5500577970587837	2.5941960246766
32	0.125	10	chi16	n	0.8680923457054198	0.00010943148044229023	0.8709279763636144	2.596403073673234	2.5941960246766
32	0.125	10	chi32	n	0.8680923457054198	5.082133669231936e-5	0.9809673027539881	2.5943297797140352	2.5941960246766
32	0.125	10	exact	n	0.8680923457054198	0.0	NaN	2.5941960246766	2.5941960246766
32	0.125	10	UHF	n	0.8680923457054198	-0.08689380879689212	NaN	0.057411409688038206	2.5941960246766
32	0.125	10	UHFsym	n	0.8680923457054198	-0.08689380879689212	NaN	1.4905866490069164	2.5941960246766
32	0.125	10	chi2	Sz	-1.7049851992051446e-7	9.330042460496758e-8	7.408170551659085e-6	1.000000277134906	2.0604830056183348
32	0.125	10	chi4	Sz	-1.7049851992051446e-7	0.01502703210946562	0.07364262204155658	1.9800294330422532	2.0604830056183348
32	0.125	10	chi8	Sz	-1.7049851992051446e-7	-0.0016380645329432016	0.4730613531860257	2.053923798652304	2.0604830056183348
32	0.125	10	chi16	Sz	-1.7049851992051446e-7	0.0010109549385433694	0.8709279763636144	2.0617032398651185	2.0604830056183348
32	0.125	10	chi32	Sz	-1.7049851992051446e-7	-3.10613170369442e-5	0.9809673027539881	2.0603991760470866	2.0604830056183348
32	0.125	10	exact	Sz	-1.7049851992051446e-7	0.0	NaN	2.0604830056183348	2.0604830056183348
32	0.125	10	UHF	Sz	-1.7049851992051446e-7	0.36320744731276217	NaN	0.06391682133388636	2.0604830056183348
32	0.125	10	UHFsym	Sz	-1.7049851992051446e-7	-1.7049851991877973e-7	NaN	1.418860947214867	2.0604830056183348
32	0.125	10	chi2	DoubleOcc	0.07629396235645025	0.07629396235645025	7.408170551659085e-6	0.91142948081955	23.439598136406865
32	0.125	10	chi4	DoubleOcc	0.07629396235645025	-0.0011651282177949362	0.07364262204155658	22.719572831489895	23.439598136406865
32	0.125	10	chi8	DoubleOcc	0.07629396235645025	0.0020219932525243622	0.4730613531860257	22.31311158934951	23.439598136406865
32	0.125	10	chi16	DoubleOcc	0.07629396235645025	0.0005174613275732431	0.8709279763636144	23.40702540992932	23.439598136406865
32	0.125	10	chi32	DoubleOcc	0.07629396235645025	7.802335275915173e-5	0.9809673027539881	23.435989301021852	23.439598136406865
32	0.125	10	exact	DoubleOcc	0.07629396235645025	0.0	NaN	23.439598136406865	23.439598136406865
32	0.125	10	UHF	DoubleOcc	0.07629396235645025	-0.01978590283018175	NaN	0.9509282608188546	23.439598136406865
32	0.125	10	UHFsym	DoubleOcc	0.07629396235645025	-0.019785902830181695	NaN	15.280981132460642	23.439598136406865
32	0.125	10	chi2	ZZ onsite	-0.43100884198503575	0.5689911580147963	7.408170551659085e-6	0.5556128693366754	22.252962053888506
32	0.125	10	chi4	ZZ onsite	-0.43100884198503575	-0.0033250392985362254	0.07364262204155658	22.337048147057864	22.252962053888506
32	0.125	10	chi8	ZZ onsite	-0.43100884198503575	0.0215503012441024	0.4730613531860257	20.46017183673534	22.252962053888506
32	0.125	10	chi16	ZZ onsite	-0.43100884198503575	0.0018509823494121669	0.8709279763636144	22.181414800333176	22.252962053888506
32	0.125	10	chi32	ZZ onsite	-0.43100884198503575	0.0002104507376564091	0.9809673027539881	22.245709619892253	22.252962053888506
32	0.125	10	exact	ZZ onsite	-0.43100884198503575	0.0	NaN	22.252962053888506	22.252962053888506
32	0.125	10	UHF	ZZ onsite	-0.43100884198503575	0.09464400627306002	NaN	10.11161896411518	22.252962053888506
32	0.125	10	UHFsym	ZZ onsite	-0.43100884198503575	0.09464400627306013	NaN	10.111618964115172	22.252962053888506
32	0.125	10	chi2	ZZ up-up r=1	-0.45337572518558755	0.5466242748123854	7.408170551659085e-6	0.7229422241448159	24.62051390207447
32	0.125	10	chi4	ZZ up-up r=1	-0.45337572518558755	0.14171516017113361	0.07364262204155658	7.9156811263074065	24.62051390207447
32	0.125	10	chi8	ZZ up-up r=1	-0.45337572518558755	-0.025752937743012905	0.4730613531860257	22.341630120966453	24.62051390207447
32	0.125	10	chi16	ZZ up-up r=1	-0.45337572518558755	-0.005801873548764103	0.8709279763636144	24.377969995847014	24.62051390207447
32	0.125	10	chi32	ZZ up-up r=1	-0.45337572518558755	-0.0016289218484741852	0.9809673027539881	24.570680946321517	24.62051390207447
32	0.125	10	exact	ZZ up-up r=1	-0.45337572518558755	0.0	NaN	24.62051390207447	24.62051390207447
32	0.125	10	UHF	ZZ up-up r=1	-0.45337572518558755	0.09139120537070178	NaN	13.357403424792787	24.62051390207447
32	0.125	10	UHFsym	ZZ up-up r=1	-0.45337572518558755	-0.0921633515237198	NaN	11.986335025528877	24.62051390207447
32	0.125	10	chi2	SzSz r=1	-0.09305187913088293	0.15694812086863136	7.408170551659085e-6	0.3808288375867399	18.919751832608895
32	0.125	10	chi4	SzSz r=1	-0.09305187913088293	0.029878829085680556	0.07364262204155658	5.661239889785937	18.919751832608895
32	0.125	10	chi8	SzSz r=1	-0.09305187913088293	-0.0004346533236573996	0.4730613531860257	18.095648584243282	18.919751832608895
32	0.125	10	chi16	SzSz r=1	-0.09305187913088293	-0.001839517055754622	0.8709279763636144	18.552804205856077	18.919751832608895
32	0.125	10	chi32	SzSz r=1	-0.09305187913088293	-0.0001246439881359418	0.9809673027539881	18.88419391747225	18.919751832608895
32	0.125	10	exact	SzSz r=1	-0.09305187913088293	0.0	NaN	18.919751832608895	18.919751832608895
32	0.125	10	UHF	SzSz r=1	-0.09305187913088293	0.04875339530869381	NaN	2.8406100295555987	18.919751832608895
32	0.125	10	UHFsym	SzSz r=1	-0.09305187913088293	-0.028622460203743705	NaN	6.886367610637157	18.919751832608895
32	0.125	10	chi2	hop up r=1	0.5404844889953633	0.5404844889953633	7.408170551659085e-6	1.0	40.9698406446077
32	0.125	10	chi4	hop up r=1	0.5404844889953633	-0.08739139446510658	0.07364262204155658	19.391155449286476	40.9698406446077
32	0.125	10	chi8	hop up r=1	0.5404844889953633	0.03419443174175307	0.4730613531860257	35.98330075049961	40.9698406446077
32	0.125	10	chi16	hop up r=1	0.5404844889953633	0.010607440925052503	0.8709279763636144	40.626709346901	40.9698406446077
32	0.125	10	chi32	hop up r=1	0.5404844889953633	0.0010262452477421968	0.9809673027539881	40.991992118644255	40.9698406446077
32	0.125	10	exact	hop up r=1	0.5404844889953633	0.0	NaN	40.9698406446077	40.9698406446077
32	0.125	10	UHF	hop up r=1	0.5404844889953633	0.1559510923966257	NaN	9.631928326630234	40.9698406446077
32	0.125	10	UHFsym	hop up r=1	0.5404844889953633	0.08030184257025991	NaN	22.307287653697276	40.9698406446077
32	0.125	11	chi2	n	0.8766220480669444	-0.12337795193305623	7.408170551659085e-6	1.0000000552306847	2.097226361946067
32	0.125	11	chi4	n	0.8766220480669444	-0.010834803943994276	0.07364262204155658	2.0758225439021714	2.097226361946067
32	0.125	11	chi8	n	0.8766220480669444	-0.009368401081605193	0.4730613531860257	2.0805394911574746	2.097226361946067
32	0.125	11	chi16	n	0.8766220480669444	-0.0020381064436291174	0.8709279763636144	2.09601489394518	2.097226361946067
32	0.125	11	chi32	n	0.8766220480669444	-6.334698550269913e-6	0.9809673027539881	2.097223830874329	2.097226361946067
32	0.125	11	exact	n	0.8766220480669444	0.0	NaN	2.097226361946067	2.097226361946067
32	0.125	11	UHF	n	0.8766220480669444	-0.006730717650203721	NaN	0.06355886044276343	2.097226361946067
32	0.125	11	UHFsym	n	0.8766220480669444	-0.006730717650203943	NaN	2.0886681444254616	2.097226361946067
32	0.125	11	chi2	Sz	-3.337042361883924e-8	-2.9717022865467064e-7	7.408170551659085e-6	1.0000001636501832	1.9585891876931059
32	0.125	11	chi4	Sz	-3.337042361883924e-8	0.0012894798599102641	0.07364262204155658	1.9380836099331449	1.9585891876931059
32	0.125	11	chi8	Sz	-3.337042361883924e-8	0.0013040699463743935	0.4730613531860257	1.9420380336338083	1.9585891876931059
32	0.125	11	chi16	Sz	-3.337042361883924e-8	-0.00020416025589645864	0.8709279763636144	1.9577404296184397	1.9585891876931059
32	0.125	11	chi32	Sz	-3.337042361883924e-8	-1.37786704465237e-5	0.9809673027539881	1.9586102269523211	1.9585891876931059
32	0.125	11	exact	Sz	-3.337042361883924e-8	0.0	NaN	1.9585891876931059	1.9585891876931059
32	0.125	11	UHF	Sz	-3.337042361883924e-8	-0.31557412704311827	NaN	0.08733999217125393	1.9585891876931059
32	0.125	11	UHFsym	Sz	-3.337042361883924e-8	-3.3370423670880944e-8	NaN	1.9509190135084966	1.9585891876931059
32	0.125	11	chi2	DoubleOcc	0.08022650580706307	0.08022650580706307	7.408170551659085e-6	0.8624204429785239	16.383563074811576
32	0.125	11	chi4	DoubleOcc	0.08022650580706307	-0.0313937301136933	0.07364262204155658	9.929422657841165	16.383563074811576
32	0.125	11	chi8	DoubleOcc	0.08022650580706307	0.003594771514187592	0.4730613531860257	15.00079729267011	16.383563074811576
32	0.125	11	chi16	DoubleOcc	0.08022650580706307	-0.0004620128729673767	0.8709279763636144	16.342146063505123	16.383563074811576
32	0.125	11	chi32	DoubleOcc	0.08022650580706307	-3.225941039911029e-5	0.9809673027539881	16.385662121357033	16.383563074811576
32	0.125	11	exact	DoubleOcc	0.08022650580706307	0.0	NaN	16.383563074811576	16.383563074811576
32	0.125	11	UHF	DoubleOcc	0.08022650580706307	-0.015264512770628028	NaN	1.0286764773656973	16.383563074811576
32	0.125	11	UHFsym	DoubleOcc	0.08022650580706307	-0.015264512770628125	NaN	14.758589320408563	16.383563074811576
32	0.125	11	chi2	ZZ onsite	-0.4323380729056329	0.5676619270943677	7.408170551659085e-6	0.5541191131065865	18.275296570392264
32	0.125	11	chi4	ZZ onsite	-0.4323380729056329	-0.10390531256678232	0.07364262204155658	9.795637282659188	18.275296570392264
32	0.125	11	chi8	ZZ onsite	-0.4323380729056329	0.0331158882199612	0.4730613531860257	15.740269466705753	18.275296570392264
32	0.125	11	chi16	ZZ onsite	-0.4323380729056329	0.00222816139539328	0.8709279763636144	18.198699087310203	18.275296570392264
32	0.125	11	chi32	ZZ onsite	-0.4323380729056329	-0.00011636824449023919	0.9809673027539881	18.278834350043667	18.275296570392264
32	0.125	11	exact	ZZ onsite	-0.4323380729056329	0.0	NaN	18.275296570392264	18.275296570392264
32	0.125	11	UHF	ZZ onsite	-0.4323380729056329	-0.04759661578210078	NaN	16.052716465381444	18.275296570392264
32	0.125	11	UHFsym	ZZ onsite	-0.4323380729056329	-0.04759661578210095	NaN	16.052716465381422	18.275296570392264
32	0.125	11	chi2	ZZ up-up r=1	-0.38949586903363426	-0.3894953414340242	7.408170551659085e-6	1.0000025589525494	15.48200421829671
32	0.125	11	chi4	ZZ up-up r=1	-0.38949586903363426	-0.2352230349752868	0.07364262204155658	2.4914613888540753	15.48200421829671
32	0.125	11	chi8	ZZ up-up r=1	-0.38949586903363426	-0.0841667728366775	0.4730613531860257	9.508410691746494	15.48200421829671
32	0.125	11	chi16	ZZ up-up r=1	-0.38949586903363426	-0.003628182571966232	0.8709279763636144	15.503064206469803	15.48200421829671
32	0.125	11	chi32	ZZ up-up r=1	-0.38949586903363426	-0.0044270660021206165	0.9809673027539881	15.502363959118915	15.48200421829671
32	0.125	11	exact	ZZ up-up r=1	-0.38949586903363426	0.0	NaN	15.48200421829671	15.48200421829671
32	0.125	11	UHF	ZZ up-up r=1	-0.38949586903363426	0.41778266744593934	NaN	0.8463880142902472	15.48200421829671
32	0.125	11	UHFsym	ZZ up-up r=1	-0.38949586903363426	-0.080032984688642	NaN	9.891469960106063	15.48200421829671
32	0.125	11	chi2	SzSz r=1	-0.07913989002469099	-0.07913989002469099	7.408170551659085e-6	0.9999999250498995	12.3332487022684
32	0.125	11	chi4	SzSz r=1	-0.07913989002469099	-0.05672583372163832	0.07364262204155658	1.729796952768844	12.3332487022684
32	0.125	11	chi8	SzSz r=1	-0.07913989002469099	-0.009012321240923549	0.4730613531860257	10.530356051218012	12.3332487022684
32	0.125	11	chi16	SzSz r=1	-0.07913989002469099	-0.0017249474570849577	0.8709279763636144	12.312196542574988	12.3332487022684
32	0.125	11	chi32	SzSz r=1	-0.07913989002469099	-0.0006201975381951164	0.9809673027539881	12.356161999789293	12.3332487022684
32	0.125	11	exact	SzSz r=1	-0.07913989002469099	0.0	NaN	12.3332487022684	12.3332487022684
32	0.125	11	UHF	SzSz r=1	-0.07913989002469099	0.010113352859867114	NaN	1.782481569090904	12.3332487022684
32	0.125	11	UHFsym	SzSz r=1	-0.07913989002469099	-0.03105026375601573	NaN	4.26707088261232	12.3332487022684
32	0.125	11	chi2	hop up r=1	0.5093152166803852	0.5093152166803852	7.408170551659085e-6	1.0	38.58756165898552
32	0.125	11	chi4	hop up r=1	0.5093152166803852	0.11418563312188929	0.07364262204155658	13.414112086206115	38.58756165898552
32	0.125	11	chi8	hop up r=1	0.5093152166803852	0.08209236358683214	0.4730613531860257	19.620542782746917	38.58756165898552
32	0.125	11	chi16	hop up r=1	0.5093152166803852	0.007016732173700468	0.8709279763636144	38.35179271107239	38.58756165898552
32	0.125	11	chi32	hop up r=1	0.5093152166803852	0.0021101388728886894	0.9809673027539881	38.5742302943557	38.58756165898552
32	0.125	11	exact	hop up r=1	0.5093152166803852	0.0	NaN	38.58756165898552	38.58756165898552
32	0.125	11	UHF	hop up r=1	0.5093152166803852	-0.19623540736592215	NaN	5.8301292465953	38.58756165898552
32	0.125	11	UHFsym	hop up r=1	0.5093152166803852	0.0005462543857089885	NaN	38.58889522040421	38.58756165898552
32	0.125	12	chi2	n	0.8541294285285057	0.854129428527568	7.408170551659085e-6	0.04371374739456168	2.895639768515454
32	0.125	12	chi4	n	0.8541294285285057	0.023298531305341652	0.07364262204155658	2.7597279327137803	2.895639768515454
32	0.125	12	chi8	n	0.8541294285285057	0.020523147698751854	0.4730613531860257	2.7877307659249118	2.895639768515454
32	0.125	12	chi16	n	0.8541294285285057	0.0008423894460249937	0.8709279763636144	2.893292234282172	2.895639768515454
32	0.125	12	chi32	n	0.8541294285285057	0.0004435927962791464	0.9809673027539881	2.8956240825251345	2.895639768515454
32	0.125	12	exact	n	0.8541294285285057	0.0	NaN	2.895639768515454	2.895639768515454
32	0.125	12	UHF	n	0.8541294285285057	0.12571804031639378	NaN	0.24206262007509755	2.895639768515454
32	0.125	12	UHFsym	n	0.8541294285285057	0.12571804031639378	NaN	1.1975616664710622	2.895639768515454
32	0.125	12	chi2	Sz	-6.010278232049249e-8	-6.010231347330919e-8	7.408170551659085e-6	0.046667339182724886	2.243332653861967
32	0.125	12	chi4	Sz	-6.010278232049249e-8	0.0004015313245180757	0.07364262204155658	2.132060747412728	2.243332653861967
32	0.125	12	chi8	Sz	-6.010278232049249e-8	-0.0002138803495714131	0.4730613531860257	2.1520171176743217	2.243332653861967
32	0.125	12	chi16	Sz	-6.010278232049249e-8	-0.0004885762973716873	0.8709279763636144	2.241037978422114	2.243332653861967
32	0.125	12	chi32	Sz	-6.010278232049249e-8	2.3940205923195235e-5	0.9809673027539881	2.242580211475013	2.243332653861967
32	0.125	12	exact	Sz	-6.010278232049249e-8	0.0	NaN	2.243332653861967	2.243332653861967
32	0.125	12	UHF	Sz	-6.010278232049249e-8	0.16496003644441265	NaN	0.23302385545500306	2.243332653861967
32	0.125	12	UHFsym	Sz	-6.010278232049249e-8	-6.010278233437027e-8	NaN	1.067693736667659	2.243332653861967
32	0.125	12	chi2	DoubleOcc	0.0744117740515351	0.0744117740515351	7.408170551659085e-6	0.2246098847171162	18.880335602631693
32	0.125	12	chi4	DoubleOcc	0.0744117740515351	-0.03341051714921278	0.07364262204155658	6.1677154130263645	18.880335602631693
32	0.125	12	chi8	DoubleOcc	0.0744117740515351	0.013706897033723561	0.4730613531860257	17.834139879120652	18.880335602631693
32	0.125	12	chi16	DoubleOcc	0.0744117740515351	1.765145706313087e-5	0.8709279763636144	18.881146996070672	18.880335602631693
32	0.125	12	chi32	DoubleOcc	0.0744117740515351	0.0003694703017422807	0.9809673027539881	18.875628440402256	18.880335602631693
32	0.125	12	exact	DoubleOcc	0.0744117740515351	0.0	NaN	18.880335602631693	18.880335602631693
32	0.125	12	UHF	DoubleOcc	0.0744117740515351	-0.031022180114879047	NaN	1.5393869129976736	18.880335602631693
32	0.125	12	UHFsym	DoubleOcc	0.0744117740515351	-0.031022180114879006	NaN	2.2617693329322046	18.880335602631693
32	0.125	12	chi2	ZZ onsite	-0.4106117608508678	-1.410611760848993	7.408170551659085e-6	0.08846624047450734	18.650576071552514
32	0.125	12	chi4	ZZ onsite	-0.4106117608508678	-0.18023913120753346	0.07364262204155658	4.28116180580283	18.650576071552514
32	0.125	12	chi8	ZZ onsite	-0.4106117608508678	0.013781292737390649	0.4730613531860257	18.17534013257982	18.650576071552514
32	0.125	12	chi16	ZZ onsite	-0.4106117608508678	-0.0016141730637938	0.8709279763636144	18.658680783132258	18.650576071552514
32	0.125	12	chi32	ZZ onsite	-0.4106117608508678	0.000590695614416048	0.9809673027539881	18.64504418683871	18.650576071552514
32	0.125	12	exact	ZZ onsite	-0.4106117608508678	0.0	NaN	18.650576071552514	18.650576071552514
32	0.125	12	UHF	ZZ onsite	-0.4106117608508678	-0.3755248010923004	NaN	1.1842504481569203	18.650576071552514
32	0.125	12	UHFsym	ZZ onsite	-0.4106117608508678	-0.37552480109230035	NaN	1.1842504481569205	18.650576071552514
32	0.125	12	chi2	ZZ up-up r=1	-0.41261891111801724	-0.41263991886768664	7.408170551659085e-6	0.9999026627043602	18.673629882131348
32	0.125	12	chi4	ZZ up-up r=1	-0.41261891111801724	-0.09930470265938257	0.07364262204155658	9.534095188976876	18.673629882131348
32	0.125	12	chi8	ZZ up-up r=1	-0.41261891111801724	-0.03795375057800687	0.4730613531860257	16.675961307511102	18.673629882131348
32	0.125	12	chi16	ZZ up-up r=1	-0.41261891111801724	-0.003515247586224568	0.8709279763636144	18.7058957902906	18.673629882131348
32	0.125	12	chi32	ZZ up-up r=1	-0.41261891111801724	-0.0033578588727671277	0.9809673027539881	18.70549736411837	18.673629882131348
32	0.125	12	exact	ZZ up-up r=1	-0.41261891111801724	0.0	NaN	18.673629882131348	18.673629882131348
32	0.125	12	UHF	ZZ up-up r=1	-0.41261891111801724	-0.6441209407094318	NaN	0.42076093491548194	18.673629882131348
32	0.125	12	UHFsym	ZZ up-up r=1	-0.41261891111801724	-0.15072221776653133	NaN	5.700736136017725	18.673629882131348
32	0.125	12	chi2	SzSz r=1	-0.08403601614392985	-0.08403601614392985	7.408170551659085e-6	0.9999923435557007	14.7175239364594
32	0.125	12	chi4	SzSz r=1	-0.08403601614392985	-0.02869848928117471	0.07364262204155658	4.453938195061285	14.7175239364594
32	0.125	12	chi8	SzSz r=1	-0.08403601614392985	-0.003461498899366547	0.4730613531860257	13.65111294775324	14.7175239364594
32	0.125	12	chi16	SzSz r=1	-0.08403601614392985	-0.0013798425249063745	0.8709279763636144	14.670377879043228	14.7175239364594
32	0.125	12	chi32	SzSz r=1	-0.08403601614392985	-0.0004947773986869186	0.9809673027539881	14.707790242323735	14.7175239364594
32	0.125	12	exact	SzSz r=1	-0.08403601614392985	0.0	NaN	14.7175239364594	14.7175239364594
32	0.125	12	UHF	SzSz r=1	-0.08403601614392985	-0.04462926137266164	NaN	0.9616988424362098	14.7175239364594
32	0.125	12	UHFsym	SzSz r=1	-0.08403601614392985	-0.05173319851338477	NaN	2.385731727641201	14.7175239364594
32	0.125	12	chi2	hop up r=1	0.5248780950183343	0.5248780950183343	7.408170551659085e-6	1.0	38.42067885756602
32	0.125	12	chi4	hop up r=1	0.5248780950183343	-0.007134727810053643	0.07364262204155658	38.44953839226881	38.42067885756602
32	0.125	12	chi8	hop up r=1	0.5248780950183343	0.046973448244291116	0.4730613531860257	28.56470056139984	38.42067885756602
32	0.125	12	chi16	hop up r=1	0.5248780950183343	0.005457162727099174	0.8709279763636144	38.048977877850994	38.42067885756602
32	0.125	12	chi32	hop up r=1	0.5248780950183343	0.0019068024676530682	0.9809673027539881	38.32457829026422	38.42067885756602
32	0.125	12	exact	hop up r=1	0.5248780950183343	0.0	NaN	38.42067885756602	38.42067885756602
32	0.125	12	UHF	hop up r=1	0.5248780950183343	0.26843032255786753	NaN	3.5163823478912573	38.42067885756602
32	0.125	12	UHFsym	hop up r=1	0.5248780950183343	-0.05181370957668008	NaN	29.456527606440392	38.42067885756602
32	0.125	13	chi2	n	0.8733233974382981	-0.12667660256076463	7.408170551659085e-6	0.9999941964102995	2.1648882965939884
32	0.125	13	chi4	n	0.8733233974382981	-0.00052248614543704	0.07364262204155658	2.0819924824559584	2.1648882965939884
32	0.125	13	chi8	n	0.8733233974382981	0.01272568555192688	0.4730613531860257	2.10411717956954	2.1648882965939884
32	0.125	13	chi16	n	0.8733233974382981	-0.0008504084093328146	0.8709279763636144	2.167306892812849	2.1648882965939884
32	0.125	13	chi32	n	0.8733233974382981	-0.00014181935014156988	0.9809673027539881	2.165243174109764	2.1648882965939884
32	0.125	13	exact	n	0.8733233974382981	0.0	NaN	2.1648882965939884	2.1648882965939884
32	0.125	13	UHF	n	0.8733233974382981	0.18585276092799174	NaN	0.32175009524367354	2.1648882965939884
32	0.125	13	UHFsym	n	0.8733233974382981	0.18585276092799186	NaN	0.5473669443486145	2.1648882965939884
32	0.125	13	chi2	Sz	-1.0874581421460583e-7	1.0395128551631658e-5	7.408170551659085e-6	1.0000126469951542	1.975661346917128
32	0.125	13	chi4	Sz	-1.0874581421460583e-7	0.008557092254737723	0.07364262204155658	1.965412256759838	1.975661346917128
32	0.125	13	chi8	Sz	-1.0874581421460583e-7	0.0012970729779601398	0.4730613531860257	1.9654238698163102	1.975661346917128
32	0.125	13	chi16	Sz	-1.0874581421460583e-7	-0.00016176727499435384	0.8709279763636144	1.97468066411741	1.975661346917128
32	0.125	13	chi32	Sz	-1.0874581421460583e-7	-1.2439606027841998e-5	0.9809673027539881	1.9755576420559215	1.975661346917128
32	0.125	13	exact	Sz	-1.0874581421460583e-7	0.0	NaN	1.975661346917128	1.975661346917128
32	0.125	13	UHF	Sz	-1.0874581421460583e-7	0.09083673751567342	NaN	0.3895142611889516	1.975661346917128
32	0.125	13	UHFsym	Sz	-1.0874581421460583e-7	-1.0874581420072804e-7	NaN	0.6588746086225321	1.975661346917128
32	0.125	13	chi2	DoubleOcc	0.08029600204309877	0.08029600204309877	7.408170551659085e-6	0.900079135377346	18.609130403452603
32	0.125	13	chi4	DoubleOcc	0.08029600204309877	-0.047054851324345184	0.07364262204155658	5.378911582023123	18.609130403452603
32	0.125	13	chi8	DoubleOcc	0.08029600204309877	0.013468287638511323	0.4730613531860257	16.758860712003912	18.609130403452603
32	0.125	13	chi16	DoubleOcc	0.08029600204309877	0.0003493080826418582	0.8709279763636144	18.56682742693406	18.609130403452603
32	0.125	13	chi32	DoubleOcc	0.08029600204309877	8.996180938819487e-5	0.9809673027539881	18.601798419954456	18.609130403452603
32	0.125	13	exact	DoubleOcc	0.08029600204309877	0.0	NaN	18.609130403452603	18.609130403452603
32	0.125	13	UHF	DoubleOcc	0.08029600204309877	-0.029606634334139542	NaN	1.3411523945674952	18.609130403452603
32	0.125	13	UHFsym	DoubleOcc	0.08029600204309877	-0.02960663433413953	NaN	1.4465568906368849	18.609130403452603
32	0.125	13	chi2	ZZ onsite	-0.4254627867041976	0.5745372132939275	7.408170551659085e-6	0.5841083623379171	18.7845365539012
32	0.125	13	chi4	ZZ onsite	-0.4254627867041976	-0.18717443300650588	0.07364262204155658	4.136920320539522	18.7845365539012
32	0.125	13	chi8	ZZ onsite	-0.4254627867041976	0.02842177945019153	0.4730613531860257	17.876100192577052	18.7845365539012
32	0.125	13	chi16	ZZ onsite	-0.4254627867041976	0.0030980491492366147	0.8709279763636144	18.822085427954033	18.7845365539012
32	0.125	13	chi32	ZZ onsite	-0.4254627867041976	0.0006434859378414703	0.9809673027539881	18.795175485808464	18.7845365539012
32	0.125	13	exact	ZZ onsite	-0.4254627867041976	0.0	NaN	18.7845365539012	18.7845365539012
32	0.125	13	UHF	ZZ onsite	-0.4254627867041976	-0.4901320591925381	NaN	0.76572535556895	18.7845365539012
32	0.125	13	UHFsym	ZZ onsite	-0.4254627867041976	-0.49013205919253816	NaN	0.7657253555689499	18.7845365539012
32	0.125	13	chi2	ZZ up-up r=1	-0.423951578962727	0.5760484210336909	7.408170551659085e-6	0.5451966114828664	19.09311699947055
32	0.125	13	chi4	ZZ up-up r=1	-0.423951578962727	-0.00999092119363304	0.07364262204155658	18.986386152632324	19.09311699947055
32	0.125	13	chi8	ZZ up-up r=1	-0.423951578962727	-0.03187195320610109	0.4730613531860257	17.53459578480693	19.09311699947055
32	0.125	13	chi16	ZZ up-up r=1	-0.423951578962727	-0.006182808932157002	0.8709279763636144	19.072453273852567	19.09311699947055
32	0.125	13	chi32	ZZ up-up r=1	-0.423951578962727	-0.0037517229658812212	0.9809673027539881	19.098282755346734	19.09311699947055
32	0.125	13	exact	ZZ up-up r=1	-0.423951578962727	0.0	NaN	19.09311699947055	19.09311699947055
32	0.125	13	UHF	ZZ up-up r=1	-0.423951578962727	0.38647746421892365	NaN	1.166266579697721	19.09311699947055
32	0.125	13	UHFsym	ZZ up-up r=1	-0.423951578962727	-0.13299613501751195	NaN	6.970451011805051	19.09311699947055
32	0.125	13	chi2	SzSz r=1	-0.0865027922687717	0.16349720773044255	7.408170551659085e-6	0.296147338701912	15.816211730934663
32	0.125	13	chi4	SzSz r=1	-0.0865027922687717	-0.015663057511913686	0.07364262204155658	8.186046426689632	15.816211730934663
32	0.125	13	chi8	SzSz r=1	-0.0865027922687717	-0.0019605048053199514	0.4730613531860257	15.734286515620465	15.816211730934663
32	0.125	13	chi16	SzSz r=1	-0.0865027922687717	-0.001880919863751107	0.8709279763636144	15.837594417862505	15.816211730934663
32	0.125	13	chi32	SzSz r=1	-0.0865027922687717	-0.0004915081655015446	0.9809673027539881	15.860009327665376	15.816211730934663
32	0.125	13	exact	SzSz r=1	-0.0865027922687717	0.0	NaN	15.816211730934663	15.816211730934663
32	0.125	13	UHF	SzSz r=1	-0.0865027922687717	-0.017540372735124807	NaN	1.6934769828910041	15.816211730934663
32	0.125	13	UHFsym	SzSz r=1	-0.0865027922687717	-0.04472619873774326	NaN	3.2916113406167273	15.816211730934663
32	0.125	13	chi2	hop up r=1	0.5300309347749343	0.5300309347749343	7.408170551659085e-6	1.0	34.41878837134511
32	0.125	13	chi4	hop up r=1	0.5300309347749343	-0.0764295103753494	0.07364262204155658	18.43356673772173	34.41878837134511
32	0.125	13	chi8	hop up r=1	0.5300309347749343	0.05072868445717493	0.4730613531860257	28.31096553447412	34.41878837134511
32	0.125	13	chi16	hop up r=1	0.5300309347749343	0.007859686378926756	0.8709279763636144	34.69312047827744	34.41878837134511
32	0.125	13	chi32	hop up r=1	0.5300309347749343	0.0021088407532897646	0.9809673027539881	34.54346891541355	34.41878837134511
32	0.125	13	exact	hop up r=1	0.5300309347749343	0.0	NaN	34.41878837134511	34.41878837134511
32	0.125	13	UHF	hop up r=1	0.5300309347749343	-0.24959653717186825	NaN	3.768143856985155	34.41878837134511
32	0.125	13	UHFsym	hop up r=1	0.5300309347749343	-0.004409094190255258	NaN	34.04188359264907	34.41878837134511
32	0.125	14	chi2	n	0.8579221688129544	-0.14207783118754547	7.408170551659085e-6	0.9999947776971297	2.6495657835930904
32	0.125	14	chi4	n	0.8579221688129544	0.010159899232214387	0.07364262204155658	2.4676624292954923	2.6495657835930904
32	0.125	14	chi8	n	0.8579221688129544	0.014101178661277691	0.4730613531860257	2.6002038132701264	2.6495657835930904
32	0.125	14	chi16	n	0.8579221688129544	0.0012933314820734454	0.8709279763636144	2.65120632640056	2.6495657835930904
32	0.125	14	chi32	n	0.8579221688129544	0.0002097149115926067	0.9809673027539881	2.6497253781059626	2.6495657835930904
32	0.125	14	exact	n	0.8579221688129544	0.0	NaN	2.6495657835930904	2.6495657835930904
32	0.125	14	UHF	n	0.8579221688129544	0.014779249407247286	NaN	0.09410981202110079	2.6495657835930904
32	0.125	14	UHFsym	n	0.8579221688129544	0.014779249407247175	NaN	2.624192863955738	2.6495657835930904
32	0.125	14	chi2	Sz	-9.46287068148699e-9	-1.051333680177069e-5	7.408170551659085e-6	1.0000080095754418	2.2542723412724994
32	0.125	14	chi4	Sz	-9.46287068148699e-9	-0.013564495499483492	0.07364262204155658	2.1799454302293855	2.2542723412724994
32	0.125	14	chi8	Sz	-9.46287068148699e-9	-0.004715914418127673	0.4730613531860257	2.2038600779382556	2.2542723412724994
32	0.125	14	chi16	Sz	-9.46287068148699e-9	0.0001562871189813575	0.8709279763636144	2.2503030202163967	2.2542723412724994
32	0.125	14	chi32	Sz	-9.46287068148699e-9	-5.731638642691994e-5	0.9809673027539881	2.254078059063965	2.2542723412724994
32	0.125	14	exact	Sz	-9.46287068148699e-9	0.0	NaN	2.2542723412724994	2.2542723412724994
32	0.125	14	UHF	Sz	-9.46287068148699e-9	-0.2834151900715799	NaN	0.10686896935692569	2.2542723412724994
32	0.125	14	UHFsym	Sz	-9.46287068148699e-9	-9.462870688425884e-9	NaN	2.188840517457237	2.2542723412724994
32	0.125	14	chi2	DoubleOcc	0.07501604862675679	0.07501604862625808	7.408170551659085e-6	0.8467338614286181	19.823308124705196
32	0.125	14	chi4	DoubleOcc	0.07501604862675679	-0.033722174953446676	0.07364262204155658	7.337166047161671	19.823308124705196
32	0.125	14	chi8	DoubleOcc	0.07501604862675679	0.010201579587544057	0.4730613531860257	18.615325104961187	19.823308124705196
32	0.125	14	chi16	DoubleOcc	0.07501604862675679	0.0006021055373880702	0.8709279763636144	19.817416732099524	19.823308124705196
32	0.125	14	chi32	DoubleOcc	0.07501604862675679	0.00028395566313661746	0.9809673027539881	19.80343940510614	19.823308124705196
32	0.125	14	exact	DoubleOcc	0.07501604862675679	0.0	NaN	19.823308124705196	19.823308124705196
32	0.125	14	UHF	DoubleOcc	0.07501604862675679	-0.022382282409770596	NaN	1.3387681343321354	19.823308124705196
32	0.125	14	UHFsym	DoubleOcc	0.07501604862675679	-0.022382282409770582	NaN	10.44500009372523	19.823308124705196
32	0.125	14	chi2	ZZ onsite	-0.41578014311887823	0.5842198568801255	7.408170551659085e-6	0.49509237932218547	17.85808991804575
32	0.125	14	chi4	ZZ onsite	-0.41578014311887823	-0.15520849827821503	0.07364262204155658	5.536544943800791	17.85808991804575
32	0.125	14	chi8	ZZ onsite	-0.41578014311887823	0.012603961027621402	0.4730613531860257	17.30433176441834	17.85808991804575
32	0.125	14	chi16	ZZ onsite	-0.41578014311887823	-0.0001782408145912795	0.8709279763636144	17.862080452378375	17.85808991804575
32	0.125	14	chi32	ZZ onsite	-0.41578014311887823	0.0007163928293663635	0.9809673027539881	17.840919984954763	17.85808991804575
32	0.125	14	exact	ZZ onsite	-0.41578014311887823	0.0	NaN	17.85808991804575	17.85808991804575
32	0.125	14	UHF	ZZ onsite	-0.41578014311887823	-0.11908762845357362	NaN	7.849922287918093	17.85808991804575
32	0.125	14	UHFsym	ZZ onsite	-0.41578014311887823	-0.11908762845357357	NaN	7.849922287918096	17.85808991804575
32	0.125	14	chi2	ZZ up-up r=1	-0.38496348877682596	-0.38496348858457213	7.408170551659085e-6	1.000000000936549	15.354028750578257
32	0.125	14	chi4	ZZ up-up r=1	-0.38496348877682596	-0.2750978816475461	0.07364262204155658	1.847074030840695	15.354028750578257
32	0.125	14	chi8	ZZ up-up r=1	-0.38496348877682596	-0.050418788258145275	0.4730613531860257	12.417628899195012	15.354028750578257
32	0.125	14	chi16	ZZ up-up r=1	-0.38496348877682596	-0.006677661170436167	0.8709279763636144	15.310253739530095	15.354028750578257
32	0.125	14	chi32	ZZ up-up r=1	-0.38496348877682596	-0.00543359092138368	0.9809673027539881	15.328462788927055	15.354028750578257
32	0.125	14	exact	ZZ up-up r=1	-0.38496348877682596	0.0	NaN	15.354028750578257	15.354028750578257
32	0.125	14	UHF	ZZ up-up r=1	-0.38496348877682596	0.06311474871719969	NaN	10.950162877433378	15.354028750578257
32	0.125	14	UHFsym	ZZ up-up r=1	-0.38496348877682596	-0.03565153163141177	NaN	13.759168850268097	15.354028750578257
32	0.125	14	chi2	SzSz r=1	-0.07831673406015399	-0.07831673401221521	7.408170551659085e-6	1.0000000011207417	11.889010354519844
32	0.125	14	chi4	SzSz r=1	-0.07831673406015399	-0.06290518120934915	0.07364262204155658	1.4483399209635186	11.889010354519844
32	0.125	14	chi8	SzSz r=1	-0.07831673406015399	-0.00384642980883948	0.4730613531860257	11.14631572351843	11.889010354519844
32	0.125	14	chi16	SzSz r=1	-0.07831673406015399	-0.0012934021024125775	0.8709279763636144	11.847645481587689	11.889010354519844
32	0.125	14	chi32	SzSz r=1	-0.07831673406015399	-0.0008760911325311482	0.9809673027539881	11.901175182147966	11.889010354519844
32	0.125	14	exact	SzSz r=1	-0.07831673406015399	0.0	NaN	11.889010354519844	11.889010354519844
32	0.125	14	UHF	SzSz r=1	-0.07831673406015399	0.050995601160521264	NaN	1.47319473358479	11.889010354519844
32	0.125	14	UHFsym	SzSz r=1	-0.07831673406015399	-0.01769323275830846	NaN	7.495426489170937	11.889010354519844
32	0.125	14	chi2	hop up r=1	0.5042411995621962	0.50424119956091	7.408170551659085e-6	1.0000000000048686	29.197293300834456
32	0.125	14	chi4	hop up r=1	0.5042411995621962	0.1834621398440045	0.07364262204155658	5.9732484302648565	29.197293300834456
32	0.125	14	chi8	hop up r=1	0.5042411995621962	0.08096101156404523	0.4730613531860257	16.06588032945942	29.197293300834456
32	0.125	14	chi16	hop up r=1	0.5042411995621962	0.008661724201012466	0.8709279763636144	28.634674121622204	29.197293300834456
32	0.125	14	chi32	hop up r=1	0.5042411995621962	0.0026777020019805864	0.9809673027539881	29.07114298934884	29.197293300834456
32	0.125	14	exact	hop up r=1	0.5042411995621962	0.0	NaN	29.197293300834456	29.197293300834456
32	0.125	14	UHF	hop up r=1	0.5042411995621962	0.13910599716435834	NaN	8.901605992633586	29.197293300834456
32	0.125	14	UHFsym	hop up r=1	0.5042411995621962	0.033652504414749485	NaN	25.010858841447202	29.197293300834456
32	0.125	15	chi2	n	0.8760953659612695	-0.1239046340382336	7.408170551659085e-6	1.000008567546747	2.4806978217854936
32	0.125	15	chi4	n	0.8760953659612695	-0.02676338801493594	0.07364262204155658	1.9842707787935498	2.4806978217854936
32	0.125	15	chi8	n	0.8760953659612695	-0.0063793536831472375	0.4730613531860257	2.483014534267135	2.4806978217854936
32	0.125	15	chi16	n	0.8760953659612695	0.0033273362139384366	0.8709279763636144	2.4778665405015423	2.4806978217854936
32	0.125	15	chi32	n	0.8760953659612695	-0.00016222641032381802	0.9809673027539881	2.480942905332249	2.4806978217854936
32	0.125	15	exact	n	0.8760953659612695	0.0	NaN	2.4806978217854936	2.4806978217854936
32	0.125	15	UHF	n	0.8760953659612695	-0.06353676544825393	NaN	0.06363640849266097	2.4806978217854936
32	0.125	15	UHFsym	n	0.8760953659612695	-0.06353676544825382	NaN	1.7855351129362245	2.4806978217854936
32	0.125	15	chi2	Sz	-5.202077883736944e-8	4.511892883492956e-6	7.408170551659085e-6	1.0000070268455583	1.8649399425278927
32	0.125	15	chi4	Sz	-5.202077883736944e-8	0.03018629376300111	0.07364262204155658	1.5179069170466275	1.8649399425278927
32	0.125	15	chi8	Sz	-5.202077883736944e-8	0.0019071799045647375	0.4730613531860257	1.8614214273098844	1.8649399425278927
32	0.125	15	chi16	Sz	-5.202077883736944e-8	-2.399887719559124e-5	0.8709279763636144	1.8659321201718224	1.8649399425278927
32	0.125	15	chi32	Sz	-5.202077883736944e-8	3.320197918606216e-5	0.9809673027539881	1.8649405492140028	1.8649399425278927
32	0.125	15	exact	Sz	-5.202077883736944e-8	0.0	NaN	1.8649399425278927	1.8649399425278927
32	0.125	15	UHF	Sz	-5.202077883736944e-8	0.3536880077143191	NaN	0.05554130310843923	1.8649399425278927
32	0.125	15	UHFsym	Sz	-5.202077883736944e-8	-5.202077883736944e-8	NaN	1.506065440989175	1.8649399425278927
32	0.125	15	chi2	DoubleOcc	0.07938166399517813	0.07938166399517813	7.408170551659085e-6	0.9701596195831446	23.76379828025656
32	0.125	15	chi4	DoubleOcc	0.07938166399517813	-0.02503527133040205	0.07364262204155658	16.61128176825064	23.76379828025656
32	0.125	15	chi8	DoubleOcc	0.07938166399517813	0.00912510916789551	0.4730613531860257	19.175563512497813	23.76379828025656
32	0.125	15	chi16	DoubleOcc	0.07938166399517813	0.0030616785488052772	0.8709279763636144	23.45917246172141	23.76379828025656
32	0.125	15	chi32	DoubleOcc	0.07938166399517813	-6.963662354152189e-5	0.9809673027539881	23.764910192600723	23.76379828025656
32	0.125	15	exact	DoubleOcc	0.07938166399517813	0.0	NaN	23.76379828025656	23.76379828025656
32	0.125	15	UHF	DoubleOcc	0.07938166399517813	-0.016250227999944633	NaN	1.1161209594254677	23.76379828025656
32	0.125	15	UHFsym	DoubleOcc	0.07938166399517813	-0.01625022799994455	NaN	20.12890733876224	23.76379828025656
32	0.125	15	chi2	ZZ onsite	-0.4346640759418223	0.565335924057182	7.408170551659085e-6	0.583833993344546	25.096761723160853
32	0.125	15	chi4	ZZ onsite	-0.4346640759418223	-0.04661430929173488	0.07364262204155658	20.272135057490114	25.096761723160853
32	0.125	15	chi8	ZZ onsite	-0.4346640759418223	0.04925914403787729	0.4730613531860257	18.439193811894505	25.096761723160853
32	0.125	15	chi16	ZZ onsite	-0.4346640759418223	0.005592041767349232	0.8709279763636144	24.865129355874	25.096761723160853
32	0.125	15	chi32	ZZ onsite	-0.4346640759418223	4.5906326487765714e-5	0.9809673027539881	25.09567131269707	25.096761723160853
32	0.125	15	exact	ZZ onsite	-0.4346640759418223	0.0	NaN	25.096761723160853	25.096761723160853
32	0.125	15	UHF	ZZ onsite	-0.4346640759418223	0.062072618896733434	NaN	16.106898502637524	25.096761723160853
32	0.125	15	UHFsym	ZZ onsite	-0.4346640759418223	0.06207261889673377	NaN	16.106898502637478	25.096761723160853
32	0.125	15	chi2	ZZ up-up r=1	-0.4545568751310635	0.5454431248655869	7.408170551659085e-6	0.7377895895553681	27.239829318704466
32	0.125	15	chi4	ZZ up-up r=1	-0.4545568751310635	0.18642131113618016	0.07364262204155658	5.441733130324281	27.239829318704466
32	0.125	15	chi8	ZZ up-up r=1	-0.4545568751310635	0.006183826583871566	0.4730613531860257	27.37299386688848	27.239829318704466
32	0.125	15	chi16	ZZ up-up r=1	-0.4545568751310635	-0.008230927736164295	0.8709279763636144	26.675954755049094	27.239829318704466
32	0.125	15	chi32	ZZ up-up r=1	-0.4545568751310635	-0.0021483609940268766	0.9809673027539881	27.133944286932138	27.239829318704466
32	0.125	15	exact	ZZ up-up r=1	-0.4545568751310635	0.0	NaN	27.239829318704466	27.239829318704466
32	0.125	15	UHF	ZZ up-up r=1	-0.4545568751310635	0.3343355923049007	NaN	1.9054749284124715	27.239829318704466
32	0.125	15	UHFsym	ZZ up-up r=1	-0.4545568751310635	-0.07899327896486513	NaN	14.384762390474421	27.239829318704466
32	0.125	15	chi2	SzSz r=1	-0.09338842859647228	0.15661157140266174	7.408170551659085e-6	0.3765119802748171	17.319494604291602
32	0.125	15	chi4	SzSz r=1	-0.09338842859647228	0.041635052102096615	0.07364262204155658	3.993430878411618	17.319494604291602
32	0.125	15	chi8	SzSz r=1	-0.09338842859647228	-0.0004027942970412368	0.4730613531860257	17.045246069628565	17.319494604291602
32	0.125	15	chi16	SzSz r=1	-0.09338842859647228	-0.0012488881918999578	0.8709279763636144	17.22744503169512	17.319494604291602
32	0.125	15	chi32	SzSz r=1	-0.09338842859647228	-0.000183012866532134	0.9809673027539881	17.32298863526534	17.319494604291602
32	0.125	15	exact	SzSz r=1	-0.09338842859647228	0.0	NaN	17.319494604291602	17.319494604291602
32	0.125	15	UHF	SzSz r=1	-0.09338842859647228	0.06434938214503808	NaN	1.9569259522376445	17.319494604291602
32	0.125	15	UHFsym	SzSz r=1	-0.09338842859647228	-0.024263244823549912	NaN	8.121865864925185	17.319494604291602
32	0.125	15	chi2	hop up r=1	0.5395297312450618	0.5395297312450618	7.408170551659085e-6	1.0	32.42495881107039
32	0.125	15	chi4	hop up r=1	0.5395297312450618	-0.12933273110017063	0.07364262204155658	11.180398974705465	32.42495881107039
32	0.125	15	chi8	hop up r=1	0.5395297312450618	0.03546849297326915	0.4730613531860257	29.046815777769137	32.42495881107039
32	0.125	15	chi16	hop up r=1	0.5395297312450618	0.027034192803050416	0.8709279763636144	30.480888348308625	32.42495881107039
32	0.125	15	chi32	hop up r=1	0.5395297312450618	0.001201231024538174	0.9809673027539881	32.442798349718935	32.42495881107039
32	0.125	15	exact	hop up r=1	0.5395297312450618	0.0	NaN	32.42495881107039	32.42495881107039
32	0.125	15	UHF	hop up r=1	0.5395297312450618	0.05840286100714348	NaN	24.24184672230049	32.42495881107039
32	0.125	15	UHFsym	hop up r=1	0.5395297312450618	0.09249191025328063	NaN	17.261904470307538	32.42495881107039
32	0.125	16	chi2	n	0.8717890003370856	-0.12821099966352856	7.408170551659085e-6	1.0000039463257049	2.3813964562601497
32	0.125	16	chi4	n	0.8717890003370856	-0.011649748415731853	0.07364262204155658	2.283500427942056	2.3813964562601497
32	0.125	16	chi8	n	0.8717890003370856	-0.014269082915053799	0.4730613531860257	2.342814269865844	2.3813964562601497
32	0.125	16	chi16	n	0.8717890003370856	-0.003728826902384741	0.8709279763636144	2.378536235776561	2.3813964562601497
32	0.125	16	chi32	n	0.8717890003370856	-0.00011231601587602391	0.9809673027539881	2.381484714512104	2.3813964562601497
32	0.125	16	exact	n	0.8717890003370856	0.0	NaN	2.3813964562601497	2.3813964562601497
32	0.125	16	UHF	n	0.8717890003370856	-0.10436425309232256	NaN	0.050399749288045775	2.3813964562601497
32	0.125	16	UHFsym	n	0.8717890003370856	-0.10436425309232245	NaN	1.2434662825443616	2.3813964562601497
32	0.125	16	chi2	Sz	4.431143425798201e-8	-4.5196019875654025e-6	7.408170551659085e-6	1.000001174006851	2.013792209427672
32	0.125	16	chi4	Sz	4.431143425798201e-8	-0.012022360462224223	0.07364262204155658	1.9254457270313228	2.013792209427672
32	0.125	16	chi8	Sz	4.431143425798201e-8	-0.000437281349678742	0.4730613531860257	1.9869599636231856	2.013792209427672
32	0.125	16	chi16	Sz	4.431143425798201e-8	5.418866495961183e-5	0.8709279763636144	2.0115646509486913	2.013792209427672
32	0.125	16	chi32	Sz	4.431143425798201e-8	-3.014323697310417e-5	0.9809673027539881	2.013768623948477	2.013792209427672
32	0.125	16	exact	Sz	4.431143425798201e-8	0.0	NaN	2.013792209427672	2.013792209427672
32	0.125	16	UHF	Sz	4.431143425798201e-8	-0.3749410867416889	NaN	0.0546832483111353	2.013792209427672
32	0.125	16	UHFsym	Sz	4.431143425798201e-8	4.4311434281400774e-8	NaN	1.2036298337819478	2.013792209427672
32	0.125	16	chi2	DoubleOcc	0.07735923575205927	0.07735923575144621	7.408170551659085e-6	0.9857193235047618	20.321242407919662
32	0.125	16	chi4	DoubleOcc	0.07735923575205927	-0.0002852783172234419	0.07364262204155658	19.343202647220995	20.321242407919662
32	0.125	16	chi8	DoubleOcc	0.07735923575205927	0.005630000969793089	0.4730613531860257	17.340001885752176	20.321242407919662
32	0.125	16	chi16	DoubleOcc	0.07735923575205927	8.204186651505907e-5	0.8709279763636144	20.20768226802074	20.321242407919662
32	0.125	16	chi32	DoubleOcc	0.07735923575205927	0.00016518438437505834	0.9809673027539881	20.311068635536994	20.321242407919662
32	0.125	16	exact	DoubleOcc	0.07735923575205927	0.0	NaN	20.321242407919662	20.321242407919662
32	0.125	16	UHF	DoubleOcc	0.07735923575205927	-0.020278706037750005	NaN	0.8493615067193448	20.321242407919662
32	0.125	16	UHFsym	DoubleOcc	0.07735923575205927	-0.020278706037749866	NaN	12.406245031908735	20.321242407919662
32	0.125	16	chi2	ZZ onsite	-0.43414105766593103	0.565858942332844	7.408170551659085e-6	0.6023950502338731	19.994586057112816
32	0.125	16	chi4	ZZ onsite	-0.43414105766593103	0.022158383562570938	0.07364262204155658	19.076912203675864	19.994586057112816
32	0.125	16	chi8	ZZ onsite	-0.43414105766593103	0.051058169709278844	0.4730613531860257	15.876940502473083	19.994586057112816
32	0.125	16	chi16	ZZ onsite	-0.43414105766593103	0.007785821270834603	0.8709279763636144	19.882444324302273	19.994586057112816
32	0.125	16	chi32	ZZ onsite	-0.43414105766593103	0.0008853695692578323	0.9809673027539881	19.99405592892258	19.994586057112816
32	0.125	16	exact	ZZ onsite	-0.43414105766593103	0.0	NaN	19.994586057112816	19.994586057112816
32	0.125	16	UHF	ZZ onsite	-0.43414105766593103	0.12761368203364798	NaN	7.598356748476824	19.994586057112816
32	0.125	16	UHFsym	ZZ onsite	-0.43414105766593103	0.12761368203364853	NaN	7.59835674847678	19.994586057112816
32	0.125	16	chi2	ZZ up-up r=1	-0.37701031500468307	-0.37701031494454845	7.408170551659085e-6	1.0000000003025593	17.289232782560784
32	0.125	16	chi4	ZZ up-up r=1	-0.37701031500468307	-0.3055729967004657	0.07364262204155658	1.4818083918938154	17.289232782560784
32	0.125	16	chi8	ZZ up-up r=1	-0.37701031500468307	-0.05307356706715505	0.4730613531860257	13.334720421989049	17.289232782560784
32	0.125	16	chi16	ZZ up-up r=1	-0.37701031500468307	-0.002184943192230282	0.8709279763636144	17.301405527848054	17.289232782560784
32	0.125	16	chi32	ZZ up-up r=1	-0.37701031500468307	-0.0037677792094223395	0.9809673027539881	17.2982397110218	17.289232782560784
32	0.125	16	exact	ZZ up-up r=1	-0.37701031500468307	0.0	NaN	17.289232782560784	17.289232782560784
32	0.125	16	UHF	ZZ up-up r=1	-0.37701031500468307	0.3808413260249015	NaN	0.957177399706037	17.289232782560784
32	0.125	16	UHFsym	ZZ up-up r=1	-0.37701031500468307	0.005913292681175408	NaN	17.161120599412826	17.289232782560784
32	0.125	16	chi2	SzSz r=1	-0.07683502762973418	-0.07683502761485381	7.408170551659085e-6	1.0000000003454361	12.14794750811896
32	0.125	16	chi4	SzSz r=1	-0.07683502762973418	-0.0755898020195786	0.07364262204155658	1.043788567265414	12.14794750811896
32	0.125	16	chi8	SzSz r=1	-0.07683502762973418	-0.004501516230439248	0.4730613531860257	11.263725415541401	12.14794750811896
32	0.125	16	chi16	SzSz r=1	-0.07683502762973418	-0.001550550440534773	0.8709279763636144	11.94496208324949	12.14794750811896
32	0.125	16	chi32	SzSz r=1	-0.07683502762973418	-0.0008268540969672972	0.9809673027539881	12.092462779158755	12.14794750811896
32	0.125	16	exact	SzSz r=1	-0.07683502762973418	0.0	NaN	12.14794750811896	12.14794750811896
32	0.125	16	UHF	SzSz r=1	-0.07683502762973418	0.08825793679191421	NaN	0.8143955071341769	12.14794750811896
32	0.125	16	UHFsym	SzSz r=1	-0.07683502762973418	-0.0054740715440205895	NaN	10.760557586838138	12.14794750811896
32	0.125	16	chi2	hop up r=1	0.4941279805805366	0.4941279805788532	7.408170551659085e-6	1.0000000000066864	32.087639548057915
32	0.125	16	chi4	hop up r=1	0.4941279805805366	0.2297195341078188	0.07364262204155658	4.266885606623252	32.087639548057915
32	0.125	16	chi8	hop up r=1	0.4941279805805366	0.06172202354176354	0.4730613531860257	22.957784266013263	32.087639548057915
32	0.125	16	chi16	hop up r=1	0.4941279805805366	0.008669394541468312	0.8709279763636144	32.22325236403755	32.087639548057915
32	0.125	16	chi32	hop up r=1	0.4941279805805366	0.0028407149126705167	0.9809673027539881	32.201678556523866	32.087639548057915
32	0.125	16	exact	hop up r=1	0.4941279805805366	0.0	NaN	32.087639548057915	32.087639548057915
32	0.125	16	UHF	hop up r=1	0.4941279805805366	0.05129968278329078	NaN	25.45218762937422	32.087639548057915
32	0.125	16	UHFsym	hop up r=1	0.4941279805805366	0.05129968278328434	NaN	25.452187629375757	32.087639548057915
32	0.125	17	chi2	n	0.8717890324404693	-0.12821096755891814	7.408170551659085e-6	1.0000026510983147	2.2647854928312836
32	0.125	17	chi4	n	0.8717890324404693	0.01591696055612324	0.07364262204155658	2.2024101631378223	2.2647854928312836
32	0.125	17	chi8	n	0.8717890324404693	-0.01120579776018027	0.4730613531860257	2.226145032229135	2.2647854928312836
32	0.125	17	chi16	n	0.8717890324404693	-0.003836930150911355	0.8709279763636144	2.264866403449459	2.2647854928312836
32	0.125	17	chi32	n	0.8717890324404693	-0.000228316068354939	0.9809673027539881	2.2654636515914914	2.2647854928312836
32	0.125	17	exact	n	0.8717890324404693	0.0	NaN	2.2647854928312836	2.2647854928312836
32	0.125	17	UHF	n	0.8717890324404693	-0.1043642209889486	NaN	0.048956723342253095	2.2647854928312836
32	0.125	17	UHFsym	n	0.8717890324404693	-0.1043642209889486	NaN	1.2407087586639933	2.2647854928312836
32	0.125	17	chi2	Sz	-2.7779126415827804e-8	3.232659931930827e-6	7.408170551659085e-6	0.9999971739789192	1.7076096682184267
32	0.125	17	chi4	Sz	-2.7779126415827804e-8	0.0009931351586539433	0.07364262204155658	1.6434888309755944	1.7076096682184267
32	0.125	17	chi8	Sz	-2.7779126415827804e-8	-0.003536488051614984	0.4730613531860257	1.7248988843300164	1.7076096682184267
32	0.125	17	chi16	Sz	-2.7779126415827804e-8	-0.0004029407613213021	0.8709279763636144	1.7166962787545448	1.7076096682184267
32	0.125	17	chi32	Sz	-2.7779126415827804e-8	5.144970534722709e-5	0.9809673027539881	1.7081403266342947	1.7076096682184267
32	0.125	17	exact	Sz	-2.7779126415827804e-8	0.0	NaN	1.7076096682184267	1.7076096682184267
32	0.125	17	UHF	Sz	-2.7779126415827804e-8	0.3749411032740011	NaN	0.05102271536171513	1.7076096682184267
32	0.125	17	UHFsym	Sz	-2.7779126415827804e-8	-2.77791263932764e-8	NaN	1.1864807835276152	1.7076096682184267
32	0.125	17	chi2	DoubleOcc	0.07735924198221175	0.07735924198221178	7.408170551659085e-6	0.9098945847231124	18.755380704982237
32	0.125	17	chi4	DoubleOcc	0.07735924198221175	-0.006273502300440992	0.07364262204155658	16.974308344090904	18.755380704982237
32	0.125	17	chi8	DoubleOcc	0.07735924198221175	0.005192089282541043	0.4730613531860257	16.029286925360108	18.755380704982237
32	0.125	17	chi16	DoubleOcc	0.07735924198221175	0.00024906036569292966	0.8709279763636144	18.499292280646085	18.755380704982237
32	0.125	17	chi32	DoubleOcc	0.07735924198221175	-2.2876102528698872e-5	0.9809673027539881	18.751421652225556	18.755380704982237
32	0.125	17	exact	DoubleOcc	0.07735924198221175	0.0	NaN	18.755380704982237	18.755380704982237
32	0.125	17	UHF	DoubleOcc	0.07735924198221175	-0.020278699807599027	NaN	0.7855565193659625	18.755380704982237
32	0.125	17	UHFsym	DoubleOcc	0.07735924198221175	-0.020278699807599027	NaN	10.88073518533747	18.755380704982237
32	0.125	17	chi2	ZZ onsite	-0.4341410969520889	0.5658589030466856	7.408170551659085e-6	0.5600407679555752	20.6164640261954
32	0.125	17	chi4	ZZ onsite	-0.4341410969520889	-0.05692793031401133	0.07364262204155658	16.587211754302388	20.6164640261954
32	0.125	17	chi8	ZZ onsite	-0.4341410969520889	0.043179952650522824	0.4730613531860257	16.048414710128924	20.6164640261954
32	0.125	17	chi16	ZZ onsite	-0.4341410969520889	0.008670101764598759	0.8709279763636144	20.119558797774637	20.6164640261954
32	0.125	17	chi32	ZZ onsite	-0.4341410969520889	0.00036512772660074466	0.9809673027539881	20.601812633730805	20.6164640261954
32	0.125	17	exact	ZZ onsite	-0.4341410969520889	0.0	NaN	20.6164640261954	20.6164640261954
32	0.125	17	UHF	ZZ onsite	-0.4341410969520889	0.12761364274750386	NaN	6.849291158113997	20.6164640261954
32	0.125	17	UHFsym	ZZ onsite	-0.4341410969520889	0.12761364274750386	NaN	6.849291158113997	20.6164640261954
32	0.125	17	chi2	ZZ up-up r=1	-0.454556861458469	0.5454431385364382	7.408170551659085e-6	0.7238003817818096	24.197929230241854
32	0.125	17	chi4	ZZ up-up r=1	-0.454556861458469	0.1808436930146487	0.07364262204155658	5.4165350710140485	24.197929230241854
32	0.125	17	chi8	ZZ up-up r=1	-0.454556861458469	-0.0327470007903613	0.4730613531860257	21.134188984588892	24.197929230241854
32	0.125	17	chi16	ZZ up-up r=1	-0.454556861458469	-0.006908506235888068	0.8709279763636144	23.937981711109423	24.197929230241854
32	0.125	17	chi32	ZZ up-up r=1	-0.454556861458469	-0.001895334751083666	0.9809673027539881	24.15133331314601	24.197929230241854
32	0.125	17	exact	ZZ up-up r=1	-0.454556861458469	0.0	NaN	24.197929230241854	24.197929230241854
32	0.125	17	UHF	ZZ up-up r=1	-0.454556861458469	0.2165788791867364	NaN	4.027783187473941	24.197929230241854
32	0.125	17	UHFsym	ZZ up-up r=1	-0.454556861458469	-0.07899326529226086	NaN	13.801043724041046	24.197929230241854
32	0.125	17	chi2	SzSz r=1	-0.09338841353695257	0.15661158646192755	7.408170551659085e-6	0.3801751864610872	19.905407295819924
32	0.125	17	chi4	SzSz r=1	-0.09338841353695257	0.03983335446673755	0.07364262204155658	4.28918892780203	19.905407295819924
32	0.125	17	chi8	SzSz r=1	-0.09338841353695257	-0.0004421155352197781	0.4730613531860257	19.131155129503494	19.905407295819924
32	0.125	17	chi16	SzSz r=1	-0.09338841353695257	-0.0015884671738199269	0.8709279763636144	19.52628400998531	19.905407295819924
32	0.125	17	chi32	SzSz r=1	-0.09338841353695257	-0.0001692619738576373	0.9809673027539881	19.876848382513227	19.905407295819924
32	0.125	17	exact	SzSz r=1	-0.09338841353695257	0.0	NaN	19.905407295819924	19.905407295819924
32	0.125	17	UHF	SzSz r=1	-0.09338841353695257	0.06434939720456581	NaN	1.991910451126421	19.905407295819924
32	0.125	17	UHFsym	SzSz r=1	-0.09338841353695257	-0.024263229764027602	NaN	8.519804005582783	19.905407295819924
32	0.125	17	chi2	hop up r=1	0.5395297907319994	0.5395297907319994	7.408170551659085e-6	1.0	40.475935032092245
32	0.125	17	chi4	hop up r=1	0.5395297907319994	-0.09364159312188103	0.07364262204155658	18.657943799523007	40.475935032092245
32	0.125	17	chi8	hop up r=1	0.5395297907319994	0.04269122795961111	0.4730613531860257	32.271288636320286	40.475935032092245
32	0.125	17	chi16	hop up r=1	0.5395297907319994	0.026332206795875446	0.8709279763636144	36.84512436278529	40.475935032092245
32	0.125	17	chi32	hop up r=1	0.5395297907319994	0.001409563530981539	0.9809673027539881	40.454792824273746	40.475935032092245
32	0.125	17	exact	hop up r=1	0.5395297907319994	0.0	NaN	40.475935032092245	40.475935032092245
32	0.125	17	UHF	hop up r=1	0.5395297907319994	0.12658101898633572	NaN	12.687022563937823	40.475935032092245
32	0.125	17	UHFsym	hop up r=1	0.5395297907319994	0.0924919697402205	NaN	18.618713351822056	40.475935032092245
32	0.125	18	chi2	n	0.8760952647786491	-0.1239047352213527	7.408170551659085e-6	1.0000046851268973	1.9971361353113868
32	0.125	18	chi4	n	0.8760952647786491	0.011534490251210339	0.07364262204155658	1.8180278072999725	1.9971361353113868
32	0.125	18	chi8	n	0.8760952647786491	-0.00897470008885859	0.4730613531860257	2.001317435562767	1.9971361353113868
32	0.125	18	chi16	n	0.8760952647786491	0.0020215538613612694	0.8709279763636144	1.991750272981204	1.9971361353113868
32	0.125	18	chi32	n	0.8760952647786491	-0.00027487707706119746	0.9809673027539881	1.9977923263002069	1.9971361353113868
32	0.125	18	exact	n	0.8760952647786491	0.0	NaN	1.9971361353113868	1.9971361353113868
32	0.125	18	UHF	n	0.8760952647786491	-0.06353686663090663	NaN	0.05221601872298885	1.9971361353113868
32	0.125	18	UHFsym	n	0.8760952647786491	-0.06353686663090663	NaN	1.6297735261786175	1.9971361353113868
32	0.125	18	chi2	Sz	5.89384283600225e-8	-3.2015002252499997e-6	7.408170551659085e-6	1.0000003221731322	1.6771800299682231
32	0.125	18	chi4	Sz	5.89384283600225e-8	-0.0157676166560256	0.07364262204155658	1.5226268162370928	1.6771800299682231
32	0.125	18	chi8	Sz	5.89384283600225e-8	0.0023047812838732917	0.4730613531860257	1.6908573750833111	1.6771800299682231
32	0.125	18	chi16	Sz	5.89384283600225e-8	-1.721493118117534e-5	0.8709279763636144	1.673044721872089	1.6771800299682231
32	0.125	18	chi32	Sz	5.89384283600225e-8	-3.227833579257447e-5	0.9809673027539881	1.6775890299539282	1.6771800299682231
32	0.125	18	exact	Sz	5.89384283600225e-8	0.0	NaN	1.6771800299682231	1.6771800299682231
32	0.125	18	UHF	Sz	5.89384283600225e-8	-0.35368800079668805	NaN	0.06049827733764871	1.6771800299682231
32	0.125	18	UHFsym	Sz	5.89384283600225e-8	5.893842834094054e-8	NaN	1.4660816742166036	1.6771800299682231
32	0.125	18	chi2	DoubleOcc	0.0793816312848771	0.0793816312848771	7.408170551659085e-6	0.9952812098831184	20.853894966803303
32	0.125	18	chi4	DoubleOcc	0.0793816312848771	-0.007552583601009674	0.07364262204155658	16.525928625944125	20.853894966803303
32	0.125	18	chi8	DoubleOcc	0.0793816312848771	0.002701384953529118	0.4730613531860257	20.187459186532354	20.853894966803303
32	0.125	18	chi16	DoubleOcc	0.0793816312848771	0.002151517923220908	0.8709279763636144	20.831321285288848	20.853894966803303
32	0.125	18	chi32	DoubleOcc	0.0793816312848771	-8.79937810268766e-5	0.9809673027539881	20.85476770507013	20.853894966803303
32	0.125	18	exact	DoubleOcc	0.0793816312848771	0.0	NaN	20.853894966803303	20.853894966803303
32	0.125	18	UHF	DoubleOcc	0.0793816312848771	-0.016250260710247752	NaN	0.9909817209097816	20.853894966803303
32	0.125	18	UHFsym	DoubleOcc	0.0793816312848771	-0.016250260710247613	NaN	18.661591378865282	20.853894966803303
32	0.125	18	chi2	ZZ onsite	-0.43466400441778663	0.5653359955822151	7.408170551659085e-6	0.6265454721735884	21.67264147957541
32	0.125	18	chi4	ZZ onsite	-0.43466400441778663	-0.05327931490646137	0.07364262204155658	15.933447596288572	21.67264147957541
32	0.125	18	chi8	ZZ onsite	-0.43466400441778663	0.028754939991832318	0.4730613531860257	20.485541431957653	21.67264147957541
32	0.125	18	chi16	ZZ onsite	-0.43466400441778663	0.0045629639701658675	0.8709279763636144	21.729429843690113	21.67264147957541
32	0.125	18	chi32	ZZ onsite	-0.43466400441778663	0.0001977790300203286	0.9809673027539881	21.677099063331823	21.67264147957541
32	0.125	18	exact	ZZ onsite	-0.43466400441778663	0.0	NaN	21.67264147957541	21.67264147957541
32	0.125	18	UHF	ZZ onsite	-0.43466400441778663	0.06207269042082536	NaN	16.097526582677798	21.67264147957541
32	0.125	18	UHFsym	ZZ onsite	-0.43466400441778663	0.06207269042082603	NaN	16.09752658267771	21.67264147957541
32	0.125	18	chi2	ZZ up-up r=1	-0.38496336148690175	-0.3849568406095945	7.408170551659085e-6	1.0000318048103318	15.848327162957697
32	0.125	18	chi4	ZZ up-up r=1	-0.38496336148690175	-0.27124345642230785	0.07364262204155658	1.8959367405572474	15.848327162957697
32	0.125	18	chi8	ZZ up-up r=1	-0.38496336148690175	-0.08185497078769566	0.4730613531860257	9.539560718543177	15.848327162957697
32	0.125	18	chi16	ZZ up-up r=1	-0.38496336148690175	-0.00292246390990597	0.8709279763636144	15.841894072315405	15.848327162957697
32	0.125	18	chi32	ZZ up-up r=1	-0.38496336148690175	-0.004334677704798895	0.9809673027539881	15.829045675127501	15.848327162957697
32	0.125	18	exact	ZZ up-up r=1	-0.38496336148690175	0.0	NaN	15.848327162957697	15.848327162957697
32	0.125	18	UHF	ZZ up-up r=1	-0.38496336148690175	0.41509298666054545	NaN	0.8614498035770559	15.848327162957697
32	0.125	18	UHFsym	ZZ up-up r=1	-0.38496336148690175	-0.035651404341465465	NaN	14.120883234274812	15.848327162957697
32	0.125	18	chi2	SzSz r=1	-0.07831672513732328	-0.07831672513732328	7.408170551659085e-6	0.9999990375625123	12.382634892742436
32	0.125	18	chi4	SzSz r=1	-0.07831672513732328	-0.06505578886385521	0.07364262204155658	1.3511019743362178	12.382634892742436
32	0.125	18	chi8	SzSz r=1	-0.07831672513732328	-0.009620189344562102	0.4730613531860257	9.901671251189816	12.382634892742436
32	0.125	18	chi16	SzSz r=1	-0.07831672513732328	-0.00148088971330676	0.8709279763636144	12.327325802139084	12.382634892742436
32	0.125	18	chi32	SzSz r=1	-0.07831672513732328	-0.0006366038838219595	0.9809673027539881	12.385974485991591	12.382634892742436
32	0.125	18	exact	SzSz r=1	-0.07831672513732328	0.0	NaN	12.382634892742436	12.382634892742436
32	0.125	18	UHF	SzSz r=1	-0.07831672513732328	0.05099561008337365	NaN	1.6267238312570296	12.382634892742436
32	0.125	18	UHFsym	SzSz r=1	-0.07831672513732328	-0.017693223835471054	NaN	7.540463401532753	12.382634892742436
32	0.125	18	chi2	hop up r=1	0.5042411917591355	0.5042411917591355	7.408170551659085e-6	1.0	30.392302313024413
32	0.125	18	chi4	hop up r=1	0.5042411917591355	0.14470666599463444	0.07364262204155658	8.581642108598919	30.392302313024413
32	0.125	18	chi8	hop up r=1	0.5042411917591355	0.07000364239644313	0.4730613531860257	18.564385700714524	30.392302313024413
32	0.125	18	chi16	hop up r=1	0.5042411917591355	0.008786381746534677	0.8709279763636144	29.824464016232284	30.392302313024413
32	0.125	18	chi32	hop up r=1	0.5042411917591355	0.002447432408408279	0.9809673027539881	30.2849121736845	30.392302313024413
32	0.125	18	exact	hop up r=1	0.5042411917591355	0.0	NaN	30.392302313024413	30.392302313024413
32	0.125	18	UHF	hop up r=1	0.5042411917591355	-0.07180099613785385	NaN	20.26344891021617	30.392302313024413
32	0.125	18	UHFsym	hop up r=1	0.5042411917591355	0.03365249661170655	NaN	26.02721478441095	30.392302313024413
32	0.125	19	chi2	n	0.8579220963366985	0.857922096335191	7.408170551659085e-6	0.04653318812290784	2.9122958134060424
32	0.125	19	chi4	n	0.8579220963366985	0.013169062174561708	0.07364262204155658	2.914952759802635	2.9122958134060424
32	0.125	19	chi8	n	0.8579220963366985	0.014759291615167536	0.4730613531860257	2.9154739106106407	2.9122958134060424
32	0.125	19	chi16	n	0.8579220963366985	0.0017960742197766777	0.8709279763636144	2.919018456346352	2.9122958134060424
32	0.125	19	chi32	n	0.8579220963366985	0.0002731182309235747	0.9809673027539881	2.913025831948141	2.9122958134060424
32	0.125	19	exact	n	0.8579220963366985	0.0	NaN	2.9122958134060424	2.9122958134060424
32	0.125	19	UHF	n	0.8579220963366985	0.014779176930929783	NaN	0.12159093651509013	2.9122958134060424
32	0.125	19	UHFsym	n	0.8579220963366985	0.014779176930929783	NaN	2.9161050622919196	2.9122958134060424
32	0.125	19	chi2	Sz	7.348801978057651e-8	7.34887735387435e-8	7.408170551659085e-6	0.052107055974677734	1.9405547987249676
32	0.125	19	chi4	Sz	7.348801978057651e-8	0.0012113434948166357	0.07364262204155658	1.9096715249344944	1.9405547987249676
32	0.125	19	chi8	Sz	7.348801978057651e-8	0.00017048648964455848	0.4730613531860257	1.9102832937998167	1.9405547987249676
32	0.125	19	chi16	Sz	7.348801978057651e-8	-0.00011599665571419837	0.8709279763636144	1.9396993924700527	1.9405547987249676
32	0.125	19	chi32	Sz	7.348801978057651e-8	7.907362203400659e-5	0.9809673027539881	1.9399783531764565	1.9405547987249676
32	0.125	19	exact	Sz	7.348801978057651e-8	0.0	NaN	1.9405547987249676	1.9405547987249676
32	0.125	19	UHF	Sz	7.348801978057651e-8	0.28341525409678503	NaN	0.09332294714234174	1.9405547987249676
32	0.125	19	UHFsym	Sz	7.348801978057651e-8	7.348801978057651e-8	NaN	1.9110509196592114	1.9405547987249676
32	0.125	19	chi2	DoubleOcc	0.0750160290800887	0.0750160290800887	7.408170551659085e-6	0.24501337849195276	21.506871156961083
32	0.125	19	chi4	DoubleOcc	0.0750160290800887	-0.03249218873319559	0.07364262204155658	7.224331913393184	21.506871156961083
32	0.125	19	chi8	DoubleOcc	0.0750160290800887	0.010913437249911367	0.4730613531860257	21.308600353904474	21.506871156961083
32	0.125	19	chi16	DoubleOcc	0.0750160290800887	0.0007786685669075588	0.8709279763636144	21.53001512228634	21.506871156961083
32	0.125	19	chi32	DoubleOcc	0.0750160290800887	0.0003748112846700402	0.9809673027539881	21.53861485518783	21.506871156961083
32	0.125	19	exact	DoubleOcc	0.0750160290800887	0.0	NaN	21.506871156961083	21.506871156961083
32	0.125	19	UHF	DoubleOcc	0.0750160290800887	-0.022382301956432912	NaN	1.5910060895512674	21.506871156961083
32	0.125	19	UHFsym	DoubleOcc	0.0750160290800887	-0.022382301956432857	NaN	10.073374057798912	21.506871156961083
32	0.125	19	chi2	ZZ onsite	-0.4157800763530386	-1.4157800763500257	7.408170551659085e-6	0.09138848029262253	19.838050462463322
32	0.125	19	chi4	ZZ onsite	-0.4157800763530386	-0.15630687928190767	0.07364262204155658	5.318983838164335	19.838050462463322
32	0.125	19	chi8	ZZ onsite	-0.4157800763530386	0.014135165769308955	0.4730613531860257	19.60891051681499	19.838050462463322
32	0.125	19	chi16	ZZ onsite	-0.4157800763530386	-0.00047747417191723596	0.8709279763636144	19.83103035937204	19.838050462463322
32	0.125	19	chi32	ZZ onsite	-0.4157800763530386	0.0009530086768395618	0.9809673027539881	19.84917118502707	19.838050462463322
32	0.125	19	exact	ZZ onsite	-0.4157800763530386	0.0	NaN	19.838050462463322	19.838050462463322
32	0.125	19	UHF	ZZ onsite	-0.4157800763530386	-0.11908756168758766	NaN	7.618152242567096	19.838050462463322
32	0.125	19	UHFsym	ZZ onsite	-0.4157800763530386	-0.11908756168758744	NaN	7.618152242567117	19.838050462463322
32	0.125	19	chi2	ZZ up-up r=1	-0.42395158884029815	-0.423951328733985	7.408170551659085e-6	1.0000011653288032	25.007402446330353
32	0.125	19	chi4	ZZ up-up r=1	-0.42395158884029815	-0.043216056908008615	0.07364262204155658	19.285348629869763	25.007402446330353
32	0.125	19	chi8	ZZ up-up r=1	-0.42395158884029815	-0.04103858684762085	0.4730613531860257	19.689694948550788	25.007402446330353
32	0.125	19	chi16	ZZ up-up r=1	-0.42395158884029815	-0.005675268418611101	0.8709279763636144	24.732425894274396	25.007402446330353
32	0.125	19	chi32	ZZ up-up r=1	-0.42395158884029815	-0.003550879102302784	0.9809673027539881	24.858985007330386	25.007402446330353
32	0.125	19	exact	ZZ up-up r=1	-0.42395158884029815	0.0	NaN	25.007402446330353	25.007402446330353
32	0.125	19	UHF	ZZ up-up r=1	-0.42395158884029815	-0.43498313611038547	NaN	0.9523269424375705	25.007402446330353
32	0.125	19	UHFsym	ZZ up-up r=1	-0.42395158884029815	-0.13299614489507217	NaN	7.199048283529444	25.007402446330353
32	0.125	19	chi2	SzSz r=1	-0.08650277895838479	-0.08650277895838479	7.408170551659085e-6	1.0000000720673474	17.708140913772613
32	0.125	19	chi4	SzSz r=1	-0.08650277895838479	-0.016160029337520254	0.07364262204155658	7.481759372617809	17.708140913772613
32	0.125	19	chi8	SzSz r=1	-0.08650277895838479	-0.0017750871927780243	0.4730613531860257	17.526746137950433	17.708140913772613
32	0.125	19	chi16	SzSz r=1	-0.08650277895838479	-0.001722609173947759	0.8709279763636144	17.41819798891794	17.708140913772613
32	0.125	19	chi32	SzSz r=1	-0.08650277895838479	-0.0004340980831500363	0.9809673027539881	17.716461050970786	17.708140913772613
32	0.125	19	exact	SzSz r=1	-0.08650277895838479	0.0	NaN	17.708140913772613	17.708140913772613
32	0.125	19	UHF	SzSz r=1	-0.08650277895838479	-0.01754035942471191	NaN	1.5761371100132973	17.708140913772613
32	0.125	19	UHFsym	SzSz r=1	-0.08650277895838479	-0.044726185427349185	NaN	3.1513749580250217	17.708140913772613
32	0.125	19	chi2	hop up r=1	0.5300309464417394	0.5300309464417394	7.408170551659085e-6	1.0	46.37404619678809
32	0.125	19	chi4	hop up r=1	0.5300309464417394	-0.039845207737232546	0.07364262204155658	37.87493001613514	46.37404619678809
32	0.125	19	chi8	hop up r=1	0.5300309464417394	0.04877179479717797	0.4730613531860257	32.72023645288666	46.37404619678809
32	0.125	19	chi16	hop up r=1	0.5300309464417394	0.00829395218499629	0.8709279763636144	45.589311333134376	46.37404619678809
32	0.125	19	chi32	hop up r=1	0.5300309464417394	0.0023332984893507103	0.9809673027539881	46.253057617258165	46.37404619678809
32	0.125	19	exact	hop up r=1	0.5300309464417394	0.0	NaN	46.37404619678809	46.37404619678809
32	0.125	19	UHF	hop up r=1	0.5300309464417394	0.24077836045814344	NaN	4.4327195242983155	46.37404619678809
32	0.125	19	UHFsym	hop up r=1	0.5300309464417394	-0.004409082523402774	NaN	46.38255462023094	46.37404619678809
32	0.125	20	chi2	n	0.873323281267468	-0.12667671873102693	7.408170551659085e-6	1.0000002458353199	2.333025811468271
32	0.125	20	chi4	n	0.873323281267468	0.003901360422213118	0.07364262204155658	2.2557674021551644	2.333025811468271
32	0.125	20	chi8	n	0.873323281267468	0.011844871250519029	0.4730613531860257	2.308667926151904	2.333025811468271
32	0.125	20	chi16	n	0.873323281267468	-0.0009143281764795175	0.8709279763636144	2.330631145984609	2.333025811468271
32	0.125	20	chi32	n	0.873323281267468	-0.0001037434587458641	0.9809673027539881	2.332536609565844	2.333025811468271
32	0.125	20	exact	n	0.873323281267468	0.0	NaN	2.333025811468271	2.333025811468271
32	0.125	20	UHF	n	0.873323281267468	0.18585264475713237	NaN	0.3852456827070655	2.333025811468271
32	0.125	20	UHFsym	n	0.873323281267468	0.18585264475713237	NaN	0.6490829974336146	2.333025811468271
32	0.125	20	chi2	Sz	3.0123230576606375e-8	-9.993067958625275e-8	7.408170551659085e-6	1.00000013914595	1.9640385270078924
32	0.125	20	chi4	Sz	3.0123230576606375e-8	0.007071061879287136	0.07364262204155658	1.9324917544924154	1.9640385270078924
32	0.125	20	chi8	Sz	3.0123230576606375e-8	0.0019855146818958946	0.4730613531860257	1.9595350328939254	1.9640385270078924
32	0.125	20	chi16	Sz	3.0123230576606375e-8	0.00014043078143757826	0.8709279763636144	1.962435627450805	1.9640385270078924
32	0.125	20	chi32	Sz	3.0123230576606375e-8	5.043333650979476e-5	0.9809673027539881	1.9637968650494926	1.9640385270078924
32	0.125	20	exact	Sz	3.0123230576606375e-8	0.0	NaN	1.9640385270078924	1.9640385270078924
32	0.125	20	UHF	Sz	3.0123230576606375e-8	-0.09083681613836753	NaN	0.4209149059830673	1.9640385270078924
32	0.125	20	UHFsym	Sz	3.0123230576606375e-8	3.01232305488508e-8	NaN	0.7109335389778196	1.9640385270078924
32	0.125	20	chi2	DoubleOcc	0.08029598999753244	0.08029598999753244	7.408170551659085e-6	0.8870296433986049	21.996454162993395
32	0.125	20	chi4	DoubleOcc	0.08029598999753244	-0.045638948269928745	0.07364262204155658	5.3238665678263395	21.996454162993395
32	0.125	20	chi8	DoubleOcc	0.08029598999753244	0.014379679517521449	0.4730613531860257	19.220510147887715	21.996454162993395
32	0.125	20	chi16	DoubleOcc	0.08029598999753244	0.0002744761772852239	0.8709279763636144	21.96001509840061	21.996454162993395
32	0.125	20	chi32	DoubleOcc	0.08029598999753244	0.0001322708328990313	0.9809673027539881	21.98977020140336	21.996454162993395
32	0.125	20	exact	DoubleOcc	0.08029598999753244	0.0	NaN	21.996454162993395	21.996454162993395
32	0.125	20	UHF	DoubleOcc	0.08029598999753244	-0.029606646379695872	NaN	1.3260589177311088	21.996454162993395
32	0.125	20	UHFsym	DoubleOcc	0.08029598999753244	-0.02960664637969586	NaN	1.3872830107622611	21.996454162993395
32	0.125	20	chi2	ZZ onsite	-0.4254626025448039	0.5745373974521835	7.408170551659085e-6	0.5565414194784044	22.90006223320857
32	0.125	20	chi4	ZZ onsite	-0.4254626025448039	-0.19035851392414366	0.07364262204155658	4.266442578988554	22.90006223320857
32	0.125	20	chi8	ZZ onsite	-0.4254626025448039	0.03382897556904463	0.4730613531860257	20.014485487284126	22.90006223320857
32	0.125	20	chi16	ZZ onsite	-0.4254626025448039	0.0029265610621043714	0.8709279763636144	22.86581152505829	22.90006223320857
32	0.125	20	chi32	ZZ onsite	-0.4254626025448039	0.0007365702490932935	0.9809673027539881	22.895912357366598	22.90006223320857
32	0.125	20	exact	ZZ onsite	-0.4254626025448039	0.0	NaN	22.90006223320857	22.90006223320857
32	0.125	20	UHF	ZZ onsite	-0.4254626025448039	-0.4901318750330458	NaN	0.7614265206776312	22.90006223320857
32	0.125	20	UHFsym	ZZ onsite	-0.4254626025448039	-0.49013187503304584	NaN	0.761426520677631	22.90006223320857
32	0.125	20	chi2	ZZ up-up r=1	-0.4126187928397743	0.5873812071554031	7.408170551659085e-6	0.5333494086078329	17.386684032512544
32	0.125	20	chi4	ZZ up-up r=1	-0.4126187928397743	-0.07041368511027268	0.07364262204155658	11.266783179201664	17.386684032512544
32	0.125	20	chi8	ZZ up-up r=1	-0.4126187928397743	-0.049795335129864504	0.4730613531860257	13.497708124391254	17.386684032512544
32	0.125	20	chi16	ZZ up-up r=1	-0.4126187928397743	-0.005091097186894877	0.8709279763636144	17.24569563792379	17.386684032512544
32	0.125	20	chi32	ZZ up-up r=1	-0.4126187928397743	-0.00424596750391526	0.9809673027539881	17.274698730597862	17.386684032512544
32	0.125	20	exact	ZZ up-up r=1	-0.4126187928397743	0.0	NaN	17.386684032512544	17.386684032512544
32	0.125	20	UHF	ZZ up-up r=1	-0.4126187928397743	0.39950812058035134	NaN	1.1236392439766638	17.386684032512544
32	0.125	20	UHFsym	ZZ up-up r=1	-0.4126187928397743	-0.1507220994883255	NaN	5.2773855087170105	17.386684032512544
32	0.125	20	chi2	SzSz r=1	-0.08403600613227115	0.1659639938668997	7.408170551659085e-6	0.27291341918660644	15.65285866327324
32	0.125	20	chi4	SzSz r=1	-0.08403600613227115	-0.02814325186216937	0.07364262204155658	4.69791805857975	15.65285866327324
32	0.125	20	chi8	SzSz r=1	-0.08403600613227115	-0.0024971893696421055	0.4730613531860257	13.993304405624817	15.65285866327324
32	0.125	20	chi16	SzSz r=1	-0.08403600613227115	-0.0015037640920207151	0.8709279763636144	15.437411405443964	15.65285866327324
32	0.125	20	chi32	SzSz r=1	-0.08403600613227115	-0.0005464223220928571	0.9809673027539881	15.588005933069322	15.65285866327324
32	0.125	20	exact	SzSz r=1	-0.08403600613227115	0.0	NaN	15.65285866327324	15.65285866327324
32	0.125	20	UHF	SzSz r=1	-0.08403600613227115	-0.04462925136101206	NaN	0.9811748494847725	15.65285866327324
32	0.125	20	UHFsym	SzSz r=1	-0.08403600613227115	-0.05173318850173031	NaN	2.322744022948285	15.65285866327324
32	0.125	20	chi2	hop up r=1	0.524878130866202	0.524878130866202	7.408170551659085e-6	1.0	37.39557231470285
32	0.125	20	chi4	hop up r=1	0.524878130866202	-0.04511655978634488	0.07364262204155658	28.478391558107745	37.39557231470285
32	0.125	20	chi8	hop up r=1	0.524878130866202	0.04943235353804881	0.4730613531860257	29.160423529917274	37.39557231470285
32	0.125	20	chi16	hop up r=1	0.524878130866202	0.006369960812322661	0.8709279763636144	37.40746914900635	37.39557231470285
32	0.125	20	chi32	hop up r=1	0.524878130866202	0.0025723251554518045	0.9809673027539881	37.44934064458283	37.39557231470285
32	0.125	20	exact	hop up r=1	0.524878130866202	0.0	NaN	37.39557231470285	37.39557231470285
32	0.125	20	UHF	hop up r=1	0.524878130866202	-0.37205770586336373	NaN	1.8828502666237121	37.39557231470285
32	0.125	20	UHFsym	hop up r=1	0.524878130866202	-0.05181367372880574	NaN	26.596392005472232	37.39557231470285
32	0.125	21	chi2	n	0.8541293316913516	-0.14587066830865214	7.408170551659085e-6	1.0000000873317312	2.4835172302359907
32	0.125	21	chi4	n	0.8541293316913516	0.02250036658105925	0.07364262204155658	2.2911227273371555	2.4835172302359907
32	0.125	21	chi8	n	0.8541293316913516	0.012911117775439629	0.4730613531860257	2.439141234483634	2.4835172302359907
32	0.125	21	chi16	n	0.8541293316913516	-0.00028022896003954134	0.8709279763636144	2.484376915348153	2.4835172302359907
32	0.125	21	chi32	n	0.8541293316913516	0.0003451252342496769	0.9809673027539881	2.4838433283833887	2.4835172302359907
32	0.125	21	exact	n	0.8541293316913516	0.0	NaN	2.4835172302359907	2.4835172302359907
32	0.125	21	UHF	n	0.8541293316913516	0.12571794347932796	NaN	0.26128967283106297	2.4835172302359907
32	0.125	21	UHFsym	n	0.8541293316913516	0.12571794347932808	NaN	1.190683357149015	2.4835172302359907
32	0.125	21	chi2	Sz	9.389135231796519e-8	2.2394523302438074e-7	7.408170551659085e-6	1.0000002241078825	1.9637032696754242
32	0.125	21	chi4	Sz	9.389135231796519e-8	-0.01191533021377579	0.07364262204155658	1.7927841764143115	1.9637032696754242
32	0.125	21	chi8	Sz	9.389135231796519e-8	-0.0036683566134618623	0.4730613531860257	1.9135897876394237	1.9637032696754242
32	0.125	21	chi16	Sz	9.389135231796519e-8	0.0003629071504756415	0.8709279763636144	1.9659820345171324	1.9637032696754242
32	0.125	21	chi32	Sz	9.389135231796519e-8	0.00010635907634819197	0.9809673027539881	1.9640650740473233	1.9637032696754242
32	0.125	21	exact	Sz	9.389135231796519e-8	0.0	NaN	1.9637032696754242	1.9637032696754242
32	0.125	21	UHF	Sz	9.389135231796519e-8	-0.16496000265574134	NaN	0.2583259105325433	1.9637032696754242
32	0.125	21	UHFsym	Sz	9.389135231796519e-8	9.38913523040874e-8	NaN	1.0901389736895746	1.9637032696754242
32	0.125	21	chi2	DoubleOcc	0.07441174365017102	0.07441174365016938	7.408170551659085e-6	0.8257835447754843	16.69938891323874
32	0.125	21	chi4	DoubleOcc	0.07441174365017102	-0.03368291181676179	0.07364262204155658	5.8015157359914	16.69938891323874
32	0.125	21	chi8	DoubleOcc	0.07441174365017102	0.012640727147441314	0.4730613531860257	15.105877578701635	16.69938891323874
32	0.125	21	chi16	DoubleOcc	0.07441174365017102	0.00015823516386452574	0.8709279763636144	16.69321716584668	16.69938891323874
32	0.125	21	chi32	DoubleOcc	0.07441174365017102	0.0004007536722430288	0.9809673027539881	16.683025136334724	16.69938891323874
32	0.125	21	exact	DoubleOcc	0.07441174365017102	0.0	NaN	16.69938891323874	16.69938891323874
32	0.125	21	UHF	DoubleOcc	0.07441174365017102	-0.031022210516244347	NaN	1.4044939829458905	16.69938891323874
32	0.125	21	UHFsym	DoubleOcc	0.07441174365017102	-0.031022210516244347	NaN	2.1215489720817025	16.69938891323874
32	0.125	21	chi2	ZZ onsite	-0.4106116887820163	0.5893883112179827	7.408170551659085e-6	0.4768357389916371	17.257401065576715
32	0.125	21	chi4	ZZ onsite	-0.4106116887820163	-0.1797323804291679	0.07364262204155658	4.319211857388651	17.257401065576715
32	0.125	21	chi8	ZZ onsite	-0.4106116887820163	0.024740673038883554	0.4730613531860257	15.832354972551624	17.257401065576715
32	0.125	21	chi16	ZZ onsite	-0.4106116887820163	0.0011933985755419596	0.8709279763636144	17.230673323644183	17.257401065576715
32	0.125	21	chi32	ZZ onsite	-0.4106116887820163	0.0009127642204796449	0.9809673027539881	17.23738899161803	17.257401065576715
32	0.125	21	exact	ZZ onsite	-0.4106116887820163	0.0	NaN	17.257401065576715	17.257401065576715
32	0.125	21	UHF	ZZ onsite	-0.4106116887820163	-0.37552472902363065	NaN	1.185277502494239	17.257401065576715
32	0.125	21	UHFsym	ZZ onsite	-0.4106116887820163	-0.37552472902363065	NaN	1.185277502494239	17.257401065576715
32	0.125	21	chi2	ZZ up-up r=1	-0.3894957444316806	-0.3894957444318076	7.408170551659085e-6	0.9999999999993777	16.740786295601147
32	0.125	21	chi4	ZZ up-up r=1	-0.3894957444316806	-0.2475432929980893	0.07364262204155658	2.3095035573126066	16.740786295601147
32	0.125	21	chi8	ZZ up-up r=1	-0.3894957444316806	-0.050407606601295896	0.4730613531860257	13.830428348545347	16.740786295601147
32	0.125	21	chi16	ZZ up-up r=1	-0.3894957444316806	-0.00803244498040806	0.8709279763636144	16.788533973519225	16.740786295601147
32	0.125	21	chi32	ZZ up-up r=1	-0.3894957444316806	-0.0041549114935594544	0.9809673027539881	16.794409407879215	16.740786295601147
32	0.125	21	exact	ZZ up-up r=1	-0.3894957444316806	0.0	NaN	16.740786295601147	16.740786295601147
32	0.125	21	UHF	ZZ up-up r=1	-0.3894957444316806	-0.24853957929445483	NaN	2.2931756661725946	16.740786295601147
32	0.125	21	UHFsym	ZZ up-up r=1	-0.3894957444316806	-0.08003286008672866	NaN	10.545408960804236	16.740786295601147
32	0.125	21	chi2	SzSz r=1	-0.07913986558719568	-0.07913986558722785	7.408170551659085e-6	0.9999999999992609	12.677601088956797
32	0.125	21	chi4	SzSz r=1	-0.07913986558719568	-0.05707017100611175	0.07364262204155658	1.7520737737400038	12.677601088956797
32	0.125	21	chi8	SzSz r=1	-0.07913986558719568	-0.006583181161346985	0.4730613531860257	10.940424760974311	12.677601088956797
32	0.125	21	chi16	SzSz r=1	-0.07913986558719568	-0.0012764211512994034	0.8709279763636144	12.670131365562362	12.677601088956797
32	0.125	21	chi32	SzSz r=1	-0.07913986558719568	-0.000562509868797384	0.9809673027539881	12.675458275126116	12.677601088956797
32	0.125	21	exact	SzSz r=1	-0.07913986558719568	0.0	NaN	12.677601088956797	12.677601088956797
32	0.125	21	UHF	SzSz r=1	-0.07913986558719568	0.010113377297331111	NaN	1.6735838653318156	12.677601088956797
32	0.125	21	UHFsym	SzSz r=1	-0.07913986558719568	-0.031050239318531125	NaN	4.549675944429571	12.677601088956797
32	0.125	21	chi2	hop up r=1	0.5093151562880832	0.5093151562881498	7.408170551659085e-6	0.9999999999997495	31.929294318467843
32	0.125	21	chi4	hop up r=1	0.5093151562880832	0.1556123043632171	0.07364262204155658	7.906550651603564	31.929294318467843
32	0.125	21	chi8	hop up r=1	0.5093151562880832	0.08139398271666604	0.4730613531860257	16.933915941999516	31.929294318467843
32	0.125	21	chi16	hop up r=1	0.5093151562880832	0.007729361821015135	0.8709279763636144	31.371962978975063	31.929294318467843
32	0.125	21	chi32	hop up r=1	0.5093151562880832	0.0020569780023432793	0.9809673027539881	31.82209822581252	31.929294318467843
32	0.125	21	exact	hop up r=1	0.5093151562880832	0.0	NaN	31.929294318467843	31.929294318467843
32	0.125	21	UHF	hop up r=1	0.5093151562880832	0.19732785574508493	NaN	5.49394905276973	31.929294318467843
32	0.125	21	UHFsym	hop up r=1	0.5093151562880832	0.0005461939933830706	NaN	31.903823915509722	31.929294318467843
32	0.125	22	chi2	n	0.8766219732549372	-0.12337802674506482	7.408170551659085e-6	0.999999390142333	1.969541234298701
32	0.125	22	chi4	n	0.8766219732549372	-0.022769677029708446	0.07364262204155658	1.4664069302303104	1.969541234298701
32	0.125	22	chi8	n	0.8766219732549372	-0.01067079427849471	0.4730613531860257	1.9714314860683788	1.969541234298701
32	0.125	22	chi16	n	0.8766219732549372	-0.001322993674652495	0.8709279763636144	1.9721005628170578	1.969541234298701
32	0.125	22	chi32	n	0.8766219732549372	-6.267721974706486e-5	0.9809673027539881	1.9700825817212129	1.969541234298701
32	0.125	22	exact	n	0.8766219732549372	0.0	NaN	1.969541234298701	1.969541234298701
32	0.125	22	UHF	n	0.8766219732549372	-0.006730792462162238	NaN	0.061419886000650674	1.969541234298701
32	0.125	22	UHFsym	n	0.8766219732549372	-0.006730792462162238	NaN	1.9856313036251014	1.969541234298701
32	0.125	22	chi2	Sz	6.755068659991537e-8	3.149049316618656e-7	7.408170551659085e-6	1.0000002554491714	2.000459876160868
32	0.125	22	chi4	Sz	6.755068659991537e-8	0.028159796048286417	0.07364262204155658	1.7196401348408452	2.000459876160868
32	0.125	22	chi8	Sz	6.755068659991537e-8	0.0020742535373940996	0.4730613531860257	2.0020726393672392	2.000459876160868
32	0.125	22	chi16	Sz	6.755068659991537e-8	0.00024339757711185073	0.8709279763636144	2.0025688658547054	2.000459876160868
32	0.125	22	chi32	Sz	6.755068659991537e-8	-4.917728360240292e-5	0.9809673027539881	2.000161178471437	2.000459876160868
32	0.125	22	exact	Sz	6.755068659991537e-8	0.0	NaN	2.000459876160868	2.000459876160868
32	0.125	22	UHF	Sz	6.755068659991537e-8	0.3155741612233457	NaN	0.0716418128748471	2.000459876160868
32	0.125	22	UHFsym	Sz	6.755068659991537e-8	6.755068662073205e-8	NaN	1.9980735434034544	2.000459876160868
32	0.125	22	chi2	DoubleOcc	0.08022649076320394	0.08022649076320394	7.408170551659085e-6	0.899232661549045	19.239899598618365
32	0.125	22	chi4	DoubleOcc	0.08022649076320394	-0.033810276417097995	0.07364262204155658	10.191729735083314	19.239899598618365
32	0.125	22	chi8	DoubleOcc	0.08022649076320394	0.004608050356310345	0.4730613531860257	16.76423811169184	19.239899598618365
32	0.125	22	chi16	DoubleOcc	0.08022649076320394	0.000215249879410781	0.8709279763636144	19.133848719793633	19.239899598618365
32	0.125	22	chi32	DoubleOcc	0.08022649076320394	-4.091572608429239e-5	0.9809673027539881	19.244547777145453	19.239899598618365
32	0.125	22	exact	DoubleOcc	0.08022649076320394	0.0	NaN	19.239899598618365	19.239899598618365
32	0.125	22	UHF	DoubleOcc	0.08022649076320394	-0.015264527814488019	NaN	1.101688168892527	19.239899598618365
32	0.125	22	UHFsym	DoubleOcc	0.08022649076320394	-0.015264527814487963	NaN	17.028459812087316	19.239899598618365
32	0.125	22	chi2	ZZ onsite	-0.4323379834570546	0.5676620165429458	7.408170551659085e-6	0.6001556244735484	21.05689346704461
32	0.125	22	chi4	ZZ onsite	-0.4323379834570546	-0.08970175160897687	0.07364262204155658	11.140903863036955	21.05689346704461
32	0.125	22	chi8	ZZ onsite	-0.4323379834570546	0.03977378998223058	0.4730613531860257	18.255178177565096	21.05689346704461
32	0.125	22	chi16	ZZ onsite	-0.4323379834570546	0.0035069868669538873	0.8709279763636144	21.057000437442607	21.05689346704461
32	0.125	22	chi32	ZZ onsite	-0.4323379834570546	-3.830846483404704e-5	0.9809673027539881	21.05658790895784	21.05689346704461
32	0.125	22	exact	ZZ onsite	-0.4323379834570546	0.0	NaN	21.05689346704461	21.05689346704461
32	0.125	22	UHF	ZZ onsite	-0.4323379834570546	-0.0475965263336236	NaN	16.7255965999488	21.05689346704461
32	0.125	22	UHFsym	ZZ onsite	-0.4323379834570546	-0.04759652633362327	NaN	16.72559659994885	21.05689346704461
32	0.125	22	chi2	ZZ up-up r=1	-0.4533758442625428	0.5466241557373952	7.408170551659085e-6	0.6673761711899383	26.3494213889849
32	0.125	22	chi4	ZZ up-up r=1	-0.4533758442625428	0.13878393541632544	0.07364262204155658	7.2771354824170915	26.3494213889849
32	0.125	22	chi8	ZZ up-up r=1	-0.4533758442625428	-0.019453182762095456	0.4730613531860257	25.795980822013103	26.3494213889849
32	0.125	22	chi16	ZZ up-up r=1	-0.4533758442625428	-0.009595539392188768	0.8709279763636144	26.38543923594238	26.3494213889849
32	0.125	22	chi32	ZZ up-up r=1	-0.4533758442625428	-0.002263954745878427	0.9809673027539881	26.41330588312596	26.3494213889849
32	0.125	22	exact	ZZ up-up r=1	-0.4533758442625428	0.0	NaN	26.3494213889849	26.3494213889849
32	0.125	22	UHF	ZZ up-up r=1	-0.4533758442625428	0.34328881660442173	NaN	1.6115408178836619	26.3494213889849
32	0.125	22	UHFsym	ZZ up-up r=1	-0.4533758442625428	-0.09216347060068436	NaN	13.52575442612712	26.3494213889849
32	0.125	22	chi2	SzSz r=1	-0.09305186952958812	0.1569481304703952	7.408170551659085e-6	0.3666342187184641	22.19549717330345
32	0.125	22	chi4	SzSz r=1	-0.09305186952958812	0.029259793796288444	0.07364262204155658	6.117742944798516	22.19549717330345
32	0.125	22	chi8	SzSz r=1	-0.09305186952958812	-0.0019167440082326764	0.4730613531860257	21.49576573941805	22.19549717330345
32	0.125	22	chi16	SzSz r=1	-0.09305186952958812	-0.002665140446816386	0.8709279763636144	21.629152830180782	22.19549717330345
32	0.125	22	chi32	SzSz r=1	-0.09305186952958812	-0.00022382883955530952	0.9809673027539881	22.177911071594032	22.19549717330345
32	0.125	22	exact	SzSz r=1	-0.09305186952958812	0.0	NaN	22.19549717330345	22.19549717330345
32	0.125	22	UHF	SzSz r=1	-0.09305186952958812	0.048753404909975526	NaN	2.8028372149701317	22.19549717330345
32	0.125	22	UHFsym	SzSz r=1	-0.09305186952958812	-0.028622450602452637	NaN	7.271378132726055	22.19549717330345
32	0.125	22	chi2	hop up r=1	0.540484575049069	0.540484575049069	7.408170551659085e-6	1.0	41.51378136354178
32	0.125	22	chi4	hop up r=1	0.540484575049069	-0.12127647669431973	0.07364262204155658	13.31224070718489	41.51378136354178
32	0.125	22	chi8	hop up r=1	0.540484575049069	0.03443834263816958	0.4730613531860257	36.18066705165397	41.51378136354178
32	0.125	22	chi16	hop up r=1	0.540484575049069	0.011314928456130802	0.8709279763636144	41.02608652587577	41.51378136354178
32	0.125	22	chi32	hop up r=1	0.540484575049069	0.0011404921406016344	0.9809673027539881	41.531327591514234	41.51378136354178
32	0.125	22	exact	hop up r=1	0.540484575049069	0.0	NaN	41.51378136354178	41.51378136354178
32	0.125	22	UHF	hop up r=1	0.540484575049069	0.00465267879754816	NaN	41.49059710830946	41.51378136354178
32	0.125	22	UHFsym	hop up r=1	0.540484575049069	0.0803019286239513	NaN	22.342156065720726	41.51378136354178
32	0.125	23	chi2	n	0.8680922721266174	-0.13190772787339256	7.408170551659085e-6	0.9999997296949362	2.3227795085319807
32	0.125	23	chi4	n	0.8680922721266174	0.005131765380198883	0.07364262204155658	2.076840635472096	2.3227795085319807
32	0.125	23	chi8	n	0.8680922721266174	-0.008617598800457427	0.4730613531860257	2.319173840956038	2.3227795085319807
32	0.125	23	chi16	n	0.8680922721266174	0.00042610964808453833	0.8709279763636144	2.319249055896592	2.3227795085319807
32	0.125	23	chi32	n	0.8680922721266174	-8.600474487641119e-5	0.9809673027539881	2.3224721473072636	2.3227795085319807
32	0.125	23	exact	n	0.8680922721266174	0.0	NaN	2.3227795085319807	2.3227795085319807
32	0.125	23	UHF	n	0.8680922721266174	-0.08689388237568108	NaN	0.05158952784809143	2.3227795085319807
32	0.125	23	UHFsym	n	0.8680922721266174	-0.08689388237568108	NaN	1.4824817485459674	2.3227795085319807
32	0.125	23	chi2	Sz	1.32363165844529e-7	-1.1499109241197569e-7	7.408170551659085e-6	1.0000000707957537	1.9655964443938059
32	0.125	23	chi4	Sz	1.32363165844529e-7	-0.016605338409267822	0.07364262204155658	1.8880021473892956	1.9655964443938059
32	0.125	23	chi8	Sz	1.32363165844529e-7	0.0025501257891209113	0.4730613531860257	1.950466158999354	1.9655964443938059
32	0.125	23	chi16	Sz	1.32363165844529e-7	-0.0007617866165360587	0.8709279763636144	1.9670732147786176	1.9655964443938059
32	0.125	23	chi32	Sz	1.32363165844529e-7	-9.356388802450599e-5	0.9809673027539881	1.9658312231940576	1.9655964443938059
32	0.125	23	exact	Sz	1.32363165844529e-7	0.0	NaN	1.9655964443938059	1.9655964443938059
32	0.125	23	UHF	Sz	1.32363165844529e-7	-0.3632074854481081	NaN	0.06617096042065605	1.9655964443938059
32	0.125	23	UHFsym	Sz	1.32363165844529e-7	1.3236316586881514e-7	NaN	1.3879218542594343	1.9655964443938059
32	0.125	23	chi2	DoubleOcc	0.07629393653924761	0.07629393653924117	7.408170551659085e-6	0.9787805235491549	21.88664885200304
32	0.125	23	chi4	DoubleOcc	0.07629393653924761	0.0021052331939809543	0.07364262204155658	20.50455174971434	21.88664885200304
32	0.125	23	chi8	DoubleOcc	0.07629393653924761	0.001196698490765341	0.4730613531860257	21.45559174745783	21.88664885200304
32	0.125	23	chi16	DoubleOcc	0.07629393653924761	0.000819319518220743	0.8709279763636144	21.87832964787762	21.88664885200304
32	0.125	23	chi32	DoubleOcc	0.07629393653924761	7.30045647838462e-5	0.9809673027539881	21.886886946459608	21.88664885200304
32	0.125	23	exact	DoubleOcc	0.07629393653924761	0.0	NaN	21.88664885200304	21.88664885200304
32	0.125	23	UHF	DoubleOcc	0.07629393653924761	-0.019785928647383974	NaN	0.9113798355072241	21.88664885200304
32	0.125	23	UHFsym	DoubleOcc	0.07629393653924761	-0.019785928647384113	NaN	15.64488284110259	21.88664885200304
32	0.125	23	chi2	ZZ onsite	-0.43100879809624043	0.5689912019037502	7.408170551659085e-6	0.608518750203072	23.476577375820536
32	0.125	23	chi4	ZZ onsite	-0.43100879809624043	-0.0018425979844747253	0.07364262204155658	23.415167089395766	23.476577375820536
32	0.125	23	chi8	ZZ onsite	-0.43100879809624043	0.02202199156397633	0.4730613531860257	22.7757248615677	23.476577375820536
32	0.125	23	chi16	ZZ onsite	-0.43100879809624043	0.0024250587767183363	0.8709279763636144	23.529011293343714	23.476577375820536
32	0.125	23	chi32	ZZ onsite	-0.43100879809624043	0.00046402774889797715	0.9809673027539881	23.489119798946323	23.476577375820536
32	0.125	23	exact	ZZ onsite	-0.43100879809624043	0.0	NaN	23.476577375820536	23.476577375820536
32	0.125	23	UHF	ZZ onsite	-0.43100879809624043	0.09464405016183025	NaN	12.072493267000777	23.476577375820536
32	0.125	23	UHFsym	ZZ onsite	-0.43100879809624043	0.09464405016182958	NaN	12.072493267000869	23.476577375820536
32	0.125	23	chi2	ZZ up-up r=1	-0.36980512065553467	-0.36980512065500143	7.408170551659085e-6	1.0000000000026776	14.41641169789211
32	0.125	23	chi4	ZZ up-up r=1	-0.36980512065553467	-0.2934169399433633	0.07364262204155658	1.5244973537401079	14.41641169789211
32	0.125	23	chi8	ZZ up-up r=1	-0.36980512065553467	-0.08881318243273006	0.4730613531860257	8.075020127256805	14.41641169789211
32	0.125	23	chi16	ZZ up-up r=1	-0.36980512065553467	-0.002725016841001071	0.8709279763636144	14.399295982641043	14.41641169789211
32	0.125	23	chi32	ZZ up-up r=1	-0.36980512065553467	-0.0027739689532274014	0.9809673027539881	14.398798200050688	14.41641169789211
32	0.125	23	exact	ZZ up-up r=1	-0.36980512065553467	0.0	NaN	14.41641169789211	14.41641169789211
32	0.125	23	UHF	ZZ up-up r=1	-0.36980512065553467	0.33873685589934993	NaN	1.1868870883350848	14.41641169789211
32	0.125	23	UHFsym	ZZ up-up r=1	-0.36980512065553467	0.008811360796767254	NaN	14.329258160904672	14.41641169789211
32	0.125	23	chi2	SzSz r=1	-0.07530409413433922	-0.07530409413420752	7.408170551659085e-6	1.000000000003151	12.339819257878585
32	0.125	23	chi4	SzSz r=1	-0.07530409413433922	-0.07328046554461648	0.07364262204155658	1.0542050729561485	12.339819257878585
32	0.125	23	chi8	SzSz r=1	-0.07530409413433922	-0.008182078152665737	0.4730613531860257	9.681627315413653	12.339819257878585
32	0.125	23	chi16	SzSz r=1	-0.07530409413433922	-0.0008580849731163881	0.8709279763636144	12.258764162172147	12.339819257878585
32	0.125	23	chi32	SzSz r=1	-0.07530409413433922	-0.0006059966732387678	0.9809673027539881	12.301726951586522	12.339819257878585
32	0.125	23	exact	SzSz r=1	-0.07530409413433922	0.0	NaN	12.339819257878585	12.339819257878585
32	0.125	23	UHF	SzSz r=1	-0.07530409413433922	0.08592591214855311	NaN	0.8107356826868722	12.339819257878585
32	0.125	23	UHFsym	SzSz r=1	-0.07530409413433922	-0.0051367944368527485	NaN	11.156135710848423	12.339819257878585
32	0.125	23	chi2	hop up r=1	0.48877773068813724	0.48877773068811003	7.408170551659085e-6	1.0000000000001077	28.901407674215726
32	0.125	23	chi4	hop up r=1	0.48877773068813724	0.22120328885896556	0.07364262204155658	4.336073805815249	28.901407674215726
32	0.125	23	chi8	hop up r=1	0.48877773068813724	0.06388264427901374	0.4730613531860257	19.876862937466147	28.901407674215726
32	0.125	23	chi16	hop up r=1	0.48877773068813724	0.008196207245311282	0.8709279763636144	28.770017400359457	28.901407674215726
32	0.125	23	chi32	hop up r=1	0.48877773068813724	0.0016163944268501873	0.9809673027539881	28.911536012825852	28.901407674215726
32	0.125	23	exact	hop up r=1	0.48877773068813724	0.0	NaN	28.901407674215726	28.901407674215726
32	0.125	23	UHF	hop up r=1	0.48877773068813724	0.06374637388049531	NaN	19.90410735187086	28.901407674215726
32	0.125	23	UHFsym	hop up r=1	0.48877773068813724	0.04425452573983141	NaN	23.83910761223924	28.901407674215726
32	0.125	24	chi2	n	0.8774070809664757	-0.12259291903352099	7.408170551659085e-6	0.9999993917636864	2.1405498974619417
32	0.125	24	chi4	n	0.8774070809664757	-0.004491305005533852	0.07364262204155658	2.070545749741891	2.1405498974619417
32	0.125	24	chi8	n	0.8774070809664757	-0.011043614775374078	0.4730613531860257	2.133833680953849	2.1405498974619417
32	0.125	24	chi16	n	0.8774070809664757	-0.000844205408868981	0.8709279763636144	2.1394920055394446	2.1405498974619417
32	0.125	24	chi32	n	0.8774070809664757	-0.00011085487317008536	0.9809673027539881	2.140761735432672	2.1405498974619417
32	0.125	24	exact	n	0.8774070809664757	0.0	NaN	2.1405498974619417	2.1405498974619417
32	0.125	24	UHF	n	0.8774070809664757	-0.09941953167155493	NaN	0.04399366282992745	2.1405498974619417
32	0.125	24	UHFsym	n	0.8774070809664757	-0.09941953167155482	NaN	1.2318320571700276	2.1405498974619417
32	0.125	24	chi2	Sz	1.9244259685802234e-8	5.517627470775148e-7	7.408170551659085e-6	0.9999991598073287	2.1485380654756954
32	0.125	24	chi4	Sz	1.9244259685802234e-8	0.010977837825033969	0.07364262204155658	2.0422651357602297	2.1485380654756954
32	0.125	24	chi8	Sz	1.9244259685802234e-8	0.0016817906325213017	0.4730613531860257	2.0885818734352237	2.1485380654756954
32	0.125	24	chi16	Sz	1.9244259685802234e-8	-0.0011583600393600124	0.8709279763636144	2.147576577401535	2.1485380654756954
32	0.125	24	chi32	Sz	1.9244259685802234e-8	5.579420047953365e-5	0.9809673027539881	2.1480104505062867	2.1485380654756954
32	0.125	24	exact	Sz	1.9244259685802234e-8	0.0	NaN	2.1485380654756954	2.1485380654756954
32	0.125	24	UHF	Sz	1.9244259685802234e-8	0.3757696840441548	NaN	0.05611482460373262	2.1485380654756954
32	0.125	24	UHFsym	Sz	1.9244259685802234e-8	1.9244259691006405e-8	NaN	1.2029005085627151	2.1485380654756954
32	0.125	24	chi2	DoubleOcc	0.07845780628746439	0.07845780628746439	7.408170551659085e-6	0.9833699879531883	22.73174613430198
32	0.125	24	chi4	DoubleOcc	0.07845780628746439	-0.012633746657447861	0.07364262204155658	19.747131447985428	22.73174613430198
32	0.125	24	chi8	DoubleOcc	0.07845780628746439	0.00520934093281919	0.4730613531860257	19.449879425613585	22.73174613430198
32	0.125	24	chi16	DoubleOcc	0.07845780628746439	0.000991163828385641	0.8709279763636144	22.53708887651328	22.73174613430198
32	0.125	24	chi32	DoubleOcc	0.07845780628746439	2.9746642549677293e-5	0.9809673027539881	22.722950911556875	22.73174613430198
32	0.125	24	exact	DoubleOcc	0.07845780628746439	0.0	NaN	22.73174613430198	22.73174613430198
32	0.125	24	UHF	DoubleOcc	0.07845780628746439	-0.01888691051818238	NaN	0.8787758232488057	22.73174613430198
32	0.125	24	UHFsym	DoubleOcc	0.07845780628746439	-0.01888691051818238	NaN	12.71422049618646	22.73174613430198
32	0.125	24	chi2	ZZ onsite	-0.4409829367830898	0.5590170632169003	7.408170551659085e-6	0.6302718988671375	24.40582752480693
32	0.125	24	chi4	ZZ onsite	-0.4409829367830898	-0.04155237661872507	0.07364262204155658	20.261587898109124	24.40582752480693
32	0.125	24	chi8	ZZ onsite	-0.4409829367830898	0.04292459328202458	0.4730613531860257	19.90906972832654	24.40582752480693
32	0.125	24	chi16	ZZ onsite	-0.4409829367830898	0.005653066131284967	0.8709279763636144	24.300250091326873	24.40582752480693
32	0.125	24	chi32	ZZ onsite	-0.4409829367830898	0.0003406963165485388	0.9809673027539881	24.404762301888546	24.40582752480693
32	0.125	24	exact	ZZ onsite	-0.4409829367830898	0.0	NaN	24.40582752480693	24.40582752480693
32	0.125	24	UHF	ZZ onsite	-0.4409829367830898	0.12329142127038434	NaN	8.583658618269089	24.40582752480693
32	0.125	24	UHFsym	ZZ onsite	-0.4409829367830898	0.12329142127038434	NaN	8.583658618269089	24.40582752480693
32	0.125	24	chi2	ZZ up-up r=1	-0.4745161638224701	0.5254838361774862	7.408170551659085e-6	0.7728896256334536	26.57653787921433
32	0.125	24	chi4	ZZ up-up r=1	-0.4745161638224701	0.19890684265613	0.07364262204155658	4.422811570297092	26.57653787921433
32	0.125	24	chi8	ZZ up-up r=1	-0.4745161638224701	-0.03664580259490113	0.4730613531860257	24.362936901976894	26.57653787921433
32	0.125	24	chi16	ZZ up-up r=1	-0.4745161638224701	-0.007223917582850292	0.8709279763636144	26.76519583685827	26.57653787921433
32	0.125	24	chi32	ZZ up-up r=1	-0.4745161638224701	-0.0014092492223420905	0.9809673027539881	26.638801950311393	26.57653787921433
32	0.125	24	exact	ZZ up-up r=1	-0.4745161638224701	0.0	NaN	26.57653787921433	26.57653787921433
32	0.125	24	UHF	ZZ up-up r=1	-0.4745161638224701	0.24559581535245745	NaN	3.115186260728947	26.57653787921433
32	0.125	24	UHFsym	ZZ up-up r=1	-0.4745161638224701	-0.09488349952795005	NaN	14.105171949447547	26.57653787921433
32	0.125	24	chi2	SzSz r=1	-0.09780789398526216	0.15219210601472766	7.408170551659085e-6	0.43103955067571686	20.473533153043523
32	0.125	24	chi4	SzSz r=1	-0.09780789398526216	0.04885299629892581	0.07364262204155658	3.4588451517432066	20.473533153043523
32	0.125	24	chi8	SzSz r=1	-0.09780789398526216	-0.0024545369422688396	0.4730613531860257	19.902637512418487	20.473533153043523
32	0.125	24	chi16	SzSz r=1	-0.09780789398526216	-0.0014780906719562836	0.8709279763636144	20.29307722611461	20.473533153043523
32	0.125	24	chi32	SzSz r=1	-0.09780789398526216	-6.527905496751807e-5	0.9809673027539881	20.47099202245953	20.473533153043523
32	0.125	24	exact	SzSz r=1	-0.09780789398526216	0.0	NaN	20.473533153043523	20.473533153043523
32	0.125	24	UHF	SzSz r=1	-0.09780789398526216	0.06441622110732201	NaN	2.1981048080227024	20.473533153043523
32	0.125	24	UHFsym	SzSz r=1	-0.09780789398526216	-0.027335986477498922	NaN	8.086346673489647	20.473533153043523
32	0.125	24	chi2	hop up r=1	0.5468694651413936	0.5468694651413936	7.408170551659085e-6	1.0	40.72675109476033
32	0.125	24	chi4	hop up r=1	0.5468694651413936	-0.08559957565446819	0.07364262204155658	21.588567368852956	40.72675109476033
32	0.125	24	chi8	hop up r=1	0.5468694651413936	0.04259356900219302	0.4730613531860257	31.93148940186726	40.72675109476033
32	0.125	24	chi16	hop up r=1	0.5468694651413936	0.021131095122828736	0.8709279763636144	37.81035434559637	40.72675109476033
32	0.125	24	chi32	hop up r=1	0.5468694651413936	0.0007102079794064631	0.9809673027539881	40.69870501207785	40.72675109476033
32	0.125	24	exact	hop up r=1	0.5468694651413936	0.0	NaN	40.72675109476033	40.72675109476033
32	0.125	24	UHF	hop up r=1	0.5468694651413936	0.11788228589316257	NaN	13.914035778825806	40.72675109476033
32	0.125	24	UHFsym	hop up r=1	0.5468694651413936	0.10288088651651667	NaN	16.426978990321974	40.72675109476033
32	0.125	25	chi2	n	0.87905745069228	-0.12094254930772641	7.408170551659085e-6	0.9999997872928015	2.1481270252412443
32	0.125	25	chi4	n	0.87905745069228	-0.008879820188178678	0.07364262204155658	2.0372546559220526	2.1481270252412443
32	0.125	25	chi8	n	0.87905745069228	-0.010562991581711034	0.4730613531860257	2.1221548101793624	2.1481270252412443
32	0.125	25	chi16	n	0.87905745069228	0.0004471725893459011	0.8709279763636144	2.1479432880440883	2.1481270252412443
32	0.125	25	chi32	n	0.87905745069228	-0.00024960425172737555	0.9809673027539881	2.148049107204212	2.1481270252412443
32	0.125	25	exact	n	0.87905745069228	0.0	NaN	2.1481270252412443	2.1481270252412443
32	0.125	25	UHF	n	0.87905745069228	-0.08079236805464018	NaN	0.04051586310781498	2.1481270252412443
32	0.125	25	UHFsym	n	0.87905745069228	-0.08079236805464007	NaN	1.413567479259111	2.1481270252412443
32	0.125	25	chi2	Sz	2.0043542886538646e-7	-3.320830642139505e-7	7.408170551659085e-6	0.999999798380514	2.0014958649271812
32	0.125	25	chi4	Sz	2.0043542886538646e-7	-0.010209471163076304	0.07364262204155658	1.9419237941174963	2.0014958649271812
32	0.125	25	chi8	Sz	2.0043542886538646e-7	-0.0009028149537274044	0.4730613531860257	1.996218653056605	2.0014958649271812
32	0.125	25	chi16	Sz	2.0043542886538646e-7	-0.00027881126352684305	0.8709279763636144	2.000597119612189	2.0014958649271812
32	0.125	25	chi32	Sz	2.0043542886538646e-7	6.50933115880839e-5	0.9809673027539881	2.0018512529738657	2.0014958649271812
32	0.125	25	exact	Sz	2.0043542886538646e-7	0.0	NaN	2.0014958649271812	2.0014958649271812
32	0.125	25	UHF	Sz	2.0043542886538646e-7	-0.366062484997842	NaN	0.060550366378777275	2.0014958649271812
32	0.125	25	UHFsym	Sz	2.0043542886538646e-7	2.0043542890355037e-7	NaN	1.3985983478740645	2.0014958649271812
32	0.125	25	chi2	DoubleOcc	0.07903227524774606	0.07903227524774253	7.408170551659085e-6	0.9321568523789919	17.833205060486474
32	0.125	25	chi4	DoubleOcc	0.07903227524774606	-0.0006701463355294479	0.07364262204155658	17.02600897920943	17.833205060486474
32	0.125	25	chi8	DoubleOcc	0.07903227524774606	0.0034554847511181347	0.4730613531860257	16.121871498456436	17.833205060486474
32	0.125	25	chi16	DoubleOcc	0.07903227524774606	0.0013853730901829675	0.8709279763636144	17.713538092266425	17.833205060486474
32	0.125	25	chi32	DoubleOcc	0.07903227524774606	-5.080702550312732e-5	0.9809673027539881	17.82598555955715	17.833205060486474
32	0.125	25	exact	DoubleOcc	0.07903227524774606	0.0	NaN	17.833205060486474	17.833205060486474
32	0.125	25	UHF	DoubleOcc	0.07903227524774606	-0.017293753722759958	NaN	0.7143751919235032	17.833205060486474
32	0.125	25	UHFsym	DoubleOcc	0.07903227524774606	-0.017293753722759875	NaN	12.205410988480544	17.833205060486474
32	0.125	25	chi2	ZZ onsite	-0.4419858003935714	0.5580141996064245	7.408170551659085e-6	0.6259202570062972	18.280988940088772
32	0.125	25	chi4	ZZ onsite	-0.4419858003935714	0.015079055034238897	0.07364262204155658	17.7781245647855	18.280988940088772
32	0.125	25	chi8	ZZ onsite	-0.4419858003935714	0.034947922167895495	0.4730613531860257	16.209361149684963	18.280988940088772
32	0.125	25	chi16	ZZ onsite	-0.4419858003935714	0.004647147182045286	0.8709279763636144	18.20142579206756	18.280988940088772
32	0.125	25	chi32	ZZ onsite	-0.4419858003935714	0.00029598040145201177	0.9809673027539881	18.278010418958093	18.280988940088772
32	0.125	25	exact	ZZ onsite	-0.4419858003935714	0.0	NaN	18.280988940088772	18.280988940088772
32	0.125	25	UHF	ZZ onsite	-0.4419858003935714	0.09240972121824476	NaN	10.077898894942763	18.280988940088772
32	0.125	25	UHFsym	ZZ onsite	-0.4419858003935714	0.09240972121824498	NaN	10.077898894942734	18.280988940088772
32	0.125	25	chi2	ZZ up-up r=1	-0.3660119512855411	-0.3660119512845574	7.408170551659085e-6	1.0000000000050715	14.586584356845911
32	0.125	25	chi4	ZZ up-up r=1	-0.3660119512855411	-0.2980347450040651	0.07364262204155658	1.4651646206021536	14.586584356845911
32	0.125	25	chi8	ZZ up-up r=1	-0.3660119512855411	-0.03256637791647776	0.4730613531860257	13.516201369092673	14.586584356845911
32	0.125	25	chi16	ZZ up-up r=1	-0.3660119512855411	-0.0029530336594110196	0.8709279763636144	14.614593280259118	14.586584356845911
32	0.125	25	chi32	ZZ up-up r=1	-0.3660119512855411	-0.0030406598641932736	0.9809673027539881	14.615020135341744	14.586584356845911
32	0.125	25	exact	ZZ up-up r=1	-0.3660119512855411	0.0	NaN	14.586584356845911	14.586584356845911
32	0.125	25	UHF	ZZ up-up r=1	-0.3660119512855411	0.4294472291096081	NaN	0.7082015225407942	14.586584356845911
32	0.125	25	UHFsym	ZZ up-up r=1	-0.3660119512855411	-0.001352091799669941	NaN	14.602686587355743	14.586584356845911
32	0.125	25	chi2	SzSz r=1	-0.07443450839314619	-0.07443450839290112	7.408170551659085e-6	1.0000000000058926	11.209107100081527
32	0.125	25	chi4	SzSz r=1	-0.07443450839314619	-0.06668868303227143	0.07364262204155658	1.204688873839829	11.209107100081527
32	0.125	25	chi8	SzSz r=1	-0.07443450839314619	-0.005925181106693364	0.4730613531860257	9.642565311906859	11.209107100081527
32	0.125	25	chi16	SzSz r=1	-0.07443450839314619	-0.001146988698712409	0.8709279763636144	11.149955844756208	11.209107100081527
32	0.125	25	chi32	SzSz r=1	-0.07443450839314619	-0.00040426063061521633	0.9809673027539881	11.195993502735893	11.209107100081527
32	0.125	25	exact	SzSz r=1	-0.07443450839314619	0.0	NaN	11.209107100081527	11.209107100081527
32	0.125	25	UHF	SzSz r=1	-0.07443450839314619	0.07112135584064355	NaN	1.0085373352533866	11.209107100081527
32	0.125	25	UHFsym	SzSz r=1	-0.07443450839314619	-0.008885245180138862	NaN	9.503243518218254	11.209107100081527
32	0.125	25	chi2	hop up r=1	0.48973260794000684	0.48973260793999235	7.408170551659085e-6	1.0000000000000575	37.40870442013417
32	0.125	25	chi4	hop up r=1	0.48973260794000684	0.17502829814403303	0.07364262204155658	6.615166176265169	37.40870442013417
32	0.125	25	chi8	hop up r=1	0.48973260794000684	0.051505557449761374	0.4730613531860257	26.63422533338578	37.40870442013417
32	0.125	25	chi16	hop up r=1	0.48973260794000684	0.007428322445188318	0.8709279763636144	37.08731019599168	37.40870442013417
32	0.125	25	chi32	hop up r=1	0.48973260794000684	0.0014687640228429055	0.9809673027539881	37.3942931739061	37.40870442013417
32	0.125	25	exact	hop up r=1	0.48973260794000684	0.0	NaN	37.40870442013417	37.40870442013417
32	0.125	25	UHF	hop up r=1	0.48973260794000684	-0.033641418465728545	NaN	31.962777114711486	37.40870442013417
32	0.125	25	UHFsym	hop up r=1	0.48973260794000684	0.03269306082354234	NaN	32.15293716683576	37.40870442013417
32	0.125	26	chi2	n	0.8583680053550689	-0.14163199464493015	7.408170551659085e-6	0.9999993081425803	2.6113214992400566
32	0.125	26	chi4	n	0.8583680053550689	0.006988035835558959	0.07364262204155658	2.6056223354997288	2.6113214992400566
32	0.125	26	chi8	n	0.8583680053550689	0.0010859213230921538	0.4730613531860257	2.6240482383501753	2.6113214992400566
32	0.125	26	chi16	n	0.8583680053550689	0.0012749638541275088	0.8709279763636144	2.6108738284057744	2.6113214992400566
32	0.125	26	chi32	n	0.8583680053550689	0.00011794627092343024	0.9809673027539881	2.6109429433954245	2.6113214992400566
32	0.125	26	exact	n	0.8583680053550689	0.0	NaN	2.6113214992400566	2.6113214992400566
32	0.125	26	UHF	n	0.8583680053550689	-0.037525397334409294	NaN	0.06825078739576482	2.6113214992400566
32	0.125	26	UHFsym	n	0.8583680053550689	-0.037525397334409294	NaN	2.381211597038123	2.6113214992400566
32	0.125	26	chi2	Sz	-2.756542702431197e-10	4.5987722587199464e-7	7.408170551659085e-6	0.9999999358951449	2.170682854399519
32	0.125	26	chi4	Sz	-2.756542702431197e-10	-0.0024073284355761934	0.07364262204155658	2.1485387107149774	2.170682854399519
32	0.125	26	chi8	Sz	-2.756542702431197e-10	-0.0020980620125218494	0.4730613531860257	2.165812139729791	2.170682854399519
32	0.125	26	chi16	Sz	-2.756542702431197e-10	-0.0002198805500841436	0.8709279763636144	2.1682320401521733	2.170682854399519
32	0.125	26	chi32	Sz	-2.756542702431197e-10	2.160259319728547e-5	0.9809673027539881	2.170486251304978	2.170682854399519
32	0.125	26	exact	Sz	-2.756542702431197e-10	0.0	NaN	2.170682854399519	2.170682854399519
32	0.125	26	UHF	Sz	-2.756542702431197e-10	0.32479461173646734	NaN	0.07822265878585809	2.170682854399519
32	0.125	26	UHFsym	Sz	-2.756542702431197e-10	-2.756542806514606e-10	NaN	2.0464097078949877	2.170682854399519
32	0.125	26	chi2	DoubleOcc	0.07456863860506076	0.07456863860506079	7.408170551659085e-6	0.9613173375328928	22.68373995898416
32	0.125	26	chi4	DoubleOcc	0.07456863860506076	-0.01477406308856688	0.07364262204155658	15.67891723980774	22.68373995898416
32	0.125	26	chi8	DoubleOcc	0.07456863860506076	0.007778163961841292	0.4730613531860257	21.390688528626097	22.68373995898416
32	0.125	26	chi16	DoubleOcc	0.07456863860506076	0.0008427130043002773	0.8709279763636144	22.702703039430872	22.68373995898416
32	0.125	26	chi32	DoubleOcc	0.07456863860506076	0.00010146460975367366	0.9809673027539881	22.685186676577025	22.68373995898416
32	0.125	26	exact	DoubleOcc	0.07456863860506076	0.0	NaN	22.68373995898416	22.68373995898416
32	0.125	26	UHF	DoubleOcc	0.07456863860506076	-0.02059606864846751	NaN	1.1560638646968964	22.68373995898416
32	0.125	26	UHFsym	DoubleOcc	0.07456863860506076	-0.020596068648467608	NaN	20.568445271353237	22.68373995898416
32	0.125	26	chi2	ZZ onsite	-0.41846145628989	0.5815385437101057	7.408170551659085e-6	0.5481721192358777	21.79700825571282
32	0.125	26	chi4	ZZ onsite	-0.41846145628989	-0.07307232402538577	0.07364262204155658	12.859630550525033	21.79700825571282
32	0.125	26	chi8	ZZ onsite	-0.41846145628989	0.02894081320118208	0.4730613531860257	20.4041847078337	21.79700825571282
32	0.125	26	chi16	ZZ onsite	-0.41846145628989	0.0008209243089511986	0.8709279763636144	21.813361397066863	21.79700825571282
32	0.125	26	chi32	ZZ onsite	-0.41846145628989	0.0001699658971779372	0.9809673027539881	21.800672727773108	21.79700825571282
32	0.125	26	exact	ZZ onsite	-0.41846145628989	0.0	NaN	21.79700825571282	21.79700825571282
32	0.125	26	UHF	ZZ onsite	-0.41846145628989	-0.007333479925046793	NaN	21.503377106091165	21.79700825571282
32	0.125	26	UHFsym	ZZ onsite	-0.41846145628989	-0.007333479925047182	NaN	21.503377106091143	21.79700825571282
32	0.125	26	chi2	ZZ up-up r=1	-0.44711406137052784	0.5528859386294425	7.408170551659085e-6	0.6765471866206944	21.470983295911843
32	0.125	26	chi4	ZZ up-up r=1	-0.44711406137052784	0.0292882883887276	0.07364262204155658	19.99985940032699	21.470983295911843
32	0.125	26	chi8	ZZ up-up r=1	-0.44711406137052784	-0.05047623872043594	0.4730613531860257	16.75594182619727	21.470983295911843
32	0.125	26	chi16	ZZ up-up r=1	-0.44711406137052784	-0.0015844087349886071	0.8709279763636144	21.449969875747467	21.470983295911843
32	0.125	26	chi32	ZZ up-up r=1	-0.44711406137052784	-0.0014255133373460294	0.9809673027539881	21.452567563474485	21.470983295911843
32	0.125	26	exact	ZZ up-up r=1	-0.44711406137052784	0.0	NaN	21.470983295911843	21.470983295911843
32	0.125	26	UHF	ZZ up-up r=1	-0.44711406137052784	-0.24671203010402737	NaN	2.9479328006907997	21.470983295911843
32	0.125	26	UHFsym	ZZ up-up r=1	-0.44711406137052784	-0.1300866193260523	NaN	7.737037205180458	21.470983295911843
32	0.125	26	chi2	SzSz r=1	-0.09142989402963046	0.15857010597036297	7.408170551659085e-6	0.36319156351805226	18.889206068105615
32	0.125	26	chi4	SzSz r=1	-0.09142989402963046	0.0019937453234116637	0.07364262204155658	12.04681980226332	18.889206068105615
32	0.125	26	chi8	SzSz r=1	-0.09142989402963046	-0.0022390743743112423	0.4730613531860257	17.785179619185737	18.889206068105615
32	0.125	26	chi16	SzSz r=1	-0.09142989402963046	-0.0009402675041808584	0.8709279763636144	18.877196989930805	18.889206068105615
32	0.125	26	chi32	SzSz r=1	-0.09142989402963046	-0.00010015360186445277	0.9809673027539881	18.88326793135899	18.889206068105615
32	0.125	26	exact	SzSz r=1	-0.09142989402963046	0.0	NaN	18.889206068105615	18.889206068105615
32	0.125	26	UHF	SzSz r=1	-0.09142989402963046	0.005672287628739878	NaN	2.768134149732768	18.889206068105615
32	0.125	26	UHFsym	SzSz r=1	-0.09142989402963046	-0.04088083956698243	NaN	4.219884386438516	18.889206068105615
32	0.125	26	chi2	hop up r=1	0.5428588435753661	0.5428588435753661	7.408170551659085e-6	1.0	43.14301056914921
32	0.125	26	chi4	hop up r=1	0.5428588435753661	-0.03064884768786491	0.07364262204155658	36.55022905889459	43.14301056914921
32	0.125	26	chi8	hop up r=1	0.5428588435753661	0.05884039576322886	0.4730613531860257	30.371523601569578	43.14301056914921
32	0.125	26	chi16	hop up r=1	0.5428588435753661	0.004009294633763982	0.8709279763636144	43.28847905536177	43.14301056914921
32	0.125	26	chi32	hop up r=1	0.5428588435753661	0.0006148039455442511	0.9809673027539881	43.17838303096171	43.14301056914921
32	0.125	26	exact	hop up r=1	0.5428588435753661	0.0	NaN	43.14301056914921	43.14301056914921
32	0.125	26	UHF	hop up r=1	0.5428588435753661	0.22139030143761684	NaN	5.5150499159187705	43.14301056914921
32	0.125	26	UHFsym	hop up r=1	0.5428588435753661	0.0426697222728728	NaN	35.81930368393867	43.14301056914921
32	0.125	27	chi2	n	0.8754450994857929	-0.12455490051420981	7.408170551659085e-6	1.000001113523748	2.128670970995767
32	0.125	27	chi4	n	0.8754450994857929	-0.001297587108981868	0.07364262204155658	2.1381834444973458	2.128670970995767
32	0.125	27	chi8	n	0.8754450994857929	0.012716638869489483	0.4730613531860257	2.06869238168763	2.128670970995767
32	0.125	27	chi16	n	0.8754450994857929	-0.00040269157416572554	0.8709279763636144	2.131656147674694	2.128670970995767
32	0.125	27	chi32	n	0.8754450994857929	-3.3127075144356866e-5	0.9809673027539881	2.128519272990286	2.128670970995767
32	0.125	27	exact	n	0.8754450994857929	0.0	NaN	2.128670970995767	2.128670970995767
32	0.125	27	UHF	n	0.8754450994857929	0.12743563348662335	NaN	0.14162170941053742	2.128670970995767
32	0.125	27	UHFsym	n	0.8754450994857929	0.12743563348662346	NaN	0.8749898418660161	2.128670970995767
32	0.125	27	chi2	Sz	1.6202552839683637e-7	-2.9812735358843995e-7	7.408170551659085e-6	1.0000003956384973	1.9451735574701712
32	0.125	27	chi4	Sz	1.6202552839683637e-7	-0.0037252687665308565	0.07364262204155658	1.9353423404046646	1.9451735574701712
32	0.125	27	chi8	Sz	1.6202552839683637e-7	0.001518975940006051	0.4730613531860257	1.9099675067262987	1.9451735574701712
32	0.125	27	chi16	Sz	1.6202552839683637e-7	-0.0005187870952378625	0.8709279763636144	1.9448859522409974	1.9451735574701712
32	0.125	27	chi32	Sz	1.6202552839683637e-7	4.805554719972127e-5	0.9809673027539881	1.9452771655126944	1.9451735574701712
32	0.125	27	exact	Sz	1.6202552839683637e-7	0.0	NaN	1.9451735574701712	1.9451735574701712
32	0.125	27	UHF	Sz	1.6202552839683637e-7	-0.19038448125565316	NaN	0.16505164581486806	1.9451735574701712
32	0.125	27	UHFsym	Sz	1.6202552839683637e-7	1.6202552838295858e-7	NaN	0.8997935602116832	1.9451735574701712
32	0.125	27	chi2	DoubleOcc	0.08144190545160367	0.08144190545160367	7.408170551659085e-6	0.8582821584510266	19.150127027010342
32	0.125	27	chi4	DoubleOcc	0.08144190545160367	-0.043783381028731735	0.07364262204155658	6.255767258957004	19.150127027010342
32	0.125	27	chi8	DoubleOcc	0.08144190545160367	0.013866107114715018	0.4730613531860257	16.521394733292507	19.150127027010342
32	0.125	27	chi16	DoubleOcc	0.08144190545160367	-0.00030816894890077495	0.8709279763636144	19.178041906938713	19.150127027010342
32	0.125	27	chi32	DoubleOcc	0.08144190545160367	-1.5245731681573504e-5	0.9809673027539881	19.149020791144345	19.150127027010342
32	0.125	27	exact	DoubleOcc	0.08144190545160367	0.0	NaN	19.150127027010342	19.150127027010342
32	0.125	27	UHF	DoubleOcc	0.08144190545160367	-0.022191322457184234	NaN	1.5559928553623323	19.150127027010342
32	0.125	27	UHFsym	DoubleOcc	0.08144190545160367	-0.022191322457184207	NaN	2.7970670954575136	19.150127027010342
32	0.125	27	chi2	ZZ onsite	-0.42512257716516716	0.5748774228348354	7.408170551659085e-6	0.5338770420336634	20.222563867030864
32	0.125	27	chi4	ZZ onsite	-0.42512257716516716	-0.17253834989696454	0.07364262204155658	5.011394298798923	20.222563867030864
32	0.125	27	chi8	ZZ onsite	-0.42512257716516716	0.030031150719880106	0.4730613531860257	17.785722025710413	20.222563867030864
32	0.125	27	chi16	ZZ onsite	-0.42512257716516716	-0.00042729264726776295	0.8709279763636144	20.233207776945225	20.222563867030864
32	0.125	27	chi32	ZZ onsite	-0.42512257716516716	5.2712235716345646e-6	0.9809673027539881	20.222427587280897	20.222563867030864
32	0.125	27	exact	ZZ onsite	-0.42512257716516716	0.0	NaN	20.222563867030864	20.222563867030864
32	0.125	27	UHF	ZZ onsite	-0.42512257716516716	-0.34363655680197996	NaN	1.5006800577766137	20.222563867030864
32	0.125	27	UHFsym	ZZ onsite	-0.42512257716516716	-0.3436365568019799	NaN	1.5006800577766144	20.222563867030864
32	0.125	27	chi2	ZZ up-up r=1	-0.39153657758933197	-0.391535657283568	7.408170551659085e-6	1.000004531829969	16.560305690188606
32	0.125	27	chi4	ZZ up-up r=1	-0.39153657758933197	-0.12631637533606832	0.07364262204155658	6.778796548520806	16.560305690188606
32	0.125	27	chi8	ZZ up-up r=1	-0.39153657758933197	-0.06758909363789184	0.4730613531860257	12.28255524170915	16.560305690188606
32	0.125	27	chi16	ZZ up-up r=1	-0.39153657758933197	-0.0031515291482464014	0.8709279763636144	16.650947088156627	16.560305690188606
32	0.125	27	chi32	ZZ up-up r=1	-0.39153657758933197	-0.0013583984532544724	0.9809673027539881	16.603581753185225	16.560305690188606
32	0.125	27	exact	ZZ up-up r=1	-0.39153657758933197	0.0	NaN	16.560305690188606	16.560305690188606
32	0.125	27	UHF	ZZ up-up r=1	-0.39153657758933197	0.4202036954986636	NaN	0.7992349470974063	16.560305690188606
32	0.125	27	UHFsym	ZZ up-up r=1	-0.39153657758933197	-0.1273718815758597	NaN	6.706291163009458	16.560305690188606
32	0.125	27	chi2	SzSz r=1	-0.07931275485812023	-0.07931275485812023	7.408170551659085e-6	0.9999998849522274	12.646477854508662
32	0.125	27	chi4	SzSz r=1	-0.07931275485812023	-0.03986883701685488	0.07364262204155658	3.045574156968454	12.646477854508662
32	0.125	27	chi8	SzSz r=1	-0.07931275485812023	-0.006114531312578969	0.4730613531860257	11.875541792340599	12.646477854508662
32	0.125	27	chi16	SzSz r=1	-0.07931275485812023	-0.0013531436980129818	0.8709279763636144	12.665139197904633	12.646477854508662
32	0.125	27	chi32	SzSz r=1	-0.07931275485812023	-0.00012435491425892564	0.9809673027539881	12.663756469030009	12.646477854508662
32	0.125	27	exact	SzSz r=1	-0.07931275485812023	0.0	NaN	12.646477854508662	12.646477854508662
32	0.125	27	UHF	SzSz r=1	-0.07931275485812023	-0.037495780199173434	NaN	0.7689774374060447	12.646477854508662
32	0.125	27	UHFsym	SzSz r=1	-0.07931275485812023	-0.04624895301869697	NaN	2.537782211155448	12.646477854508662
32	0.125	27	chi2	hop up r=1	0.5186918159059909	0.5186918159059909	7.408170551659085e-6	1.0	40.32746780442928
32	0.125	27	chi4	hop up r=1	0.5186918159059909	-0.0008537003058156634	0.07364262204155658	40.33765375163288	40.32746780442928
32	0.125	27	chi8	hop up r=1	0.5186918159059909	0.046908172603338016	0.4730613531860257	30.105051816988865	40.32746780442928
32	0.125	27	chi16	hop up r=1	0.5186918159059909	0.004732267555973668	0.8709279763636144	40.11715627068049	40.32746780442928
32	0.125	27	chi32	hop up r=1	0.5186918159059909	0.0005124843887819308	0.9809673027539881	40.31725275233285	40.32746780442928
32	0.125	27	exact	hop up r=1	0.5186918159059909	0.0	NaN	40.32746780442928	40.32746780442928
32	0.125	27	UHF	hop up r=1	0.5186918159059909	-0.3677239043499373	NaN	1.9669796817451104	40.32746780442928
32	0.125	27	UHFsym	hop up r=1	0.5186918159059909	-0.053975923293457906	NaN	28.78790016580543	40.32746780442928
32	0.125	28	chi2	n	0.836335651130054	0.8363356511300425	7.408170551659085e-6	0.05404356493169341	2.715175288031149
32	0.125	28	chi4	n	0.836335651130054	0.021876434524240707	0.07364262204155658	2.527621387847589	2.715175288031149
32	0.125	28	chi8	n	0.836335651130054	-0.001787901028807437	0.4730613531860257	2.71892408665543	2.715175288031149
32	0.125	28	chi16	n	0.836335651130054	0.0013180103100101093	0.8709279763636144	2.7119965662656003	2.715175288031149
32	0.125	28	chi32	n	0.836335651130054	0.00024750758811775686	0.9809673027539881	2.71458071625382	2.715175288031149
32	0.125	28	exact	n	0.836335651130054	0.0	NaN	2.715175288031149	2.715175288031149
32	0.125	28	UHF	n	0.836335651130054	0.15890165240836096	NaN	0.668637534568298	2.715175288031149
32	0.125	28	UHFsym	n	0.836335651130054	0.15890165240836096	NaN	0.9396102008745266	2.715175288031149
32	0.125	28	chi2	Sz	8.018363208822654e-8	8.018363786138627e-8	7.408170551659085e-6	0.05797435270512705	2.317888296537033
32	0.125	28	chi4	Sz	8.018363208822654e-8	-0.009179239789632969	0.07364262204155658	2.2346568072231787	2.317888296537033
32	0.125	28	chi8	Sz	8.018363208822654e-8	-6.673426513022912e-5	0.4730613531860257	2.3216230744165482	2.317888296537033
32	0.125	28	chi16	Sz	8.018363208822654e-8	-0.0001645366915648469	0.8709279763636144	2.3159858537863527	2.317888296537033
32	0.125	28	chi32	Sz	8.018363208822654e-8	-1.358209865444382e-6	0.9809673027539881	2.3173766135366605	2.317888296537033
32	0.125	28	exact	Sz	8.018363208822654e-8	0.0	NaN	2.317888296537033	2.317888296537033
32	0.125	28	UHF	Sz	8.018363208822654e-8	-0.060305688366194966	NaN	0.7488490361099381	2.317888296537033
32	0.125	28	UHFsym	Sz	8.018363208822654e-8	8.018363211598212e-8	NaN	0.9189827522073778	2.317888296537033
32	0.125	28	chi2	DoubleOcc	0.07106813850689946	0.07106813850689946	7.408170551659085e-6	0.20272003962127136	15.703195721196558
32	0.125	28	chi4	DoubleOcc	0.07106813850689946	-0.03211507333038531	0.07364262204155658	5.916765538876246	15.703195721196558
32	0.125	28	chi8	DoubleOcc	0.07106813850689946	0.0038948241830070035	0.4730613531860257	15.25452611649882	15.703195721196558
32	0.125	28	chi16	DoubleOcc	0.07106813850689946	0.00041224340458533015	0.8709279763636144	15.716530023365081	15.703195721196558
32	0.125	28	chi32	DoubleOcc	0.07106813850689946	9.375587315083034e-5	0.9809673027539881	15.705204296855536	15.703195721196558
32	0.125	28	exact	DoubleOcc	0.07106813850689946	0.0	NaN	15.703195721196558	15.703195721196558
32	0.125	28	UHF	DoubleOcc	0.07106813850689946	-0.04002428142873095	NaN	1.2917427102320378	15.703195721196558
32	0.125	28	UHFsym	DoubleOcc	0.07106813850689946	-0.04002428142873099	NaN	1.3236177718335609	15.703195721196558
32	0.125	28	chi2	ZZ onsite	-0.38839874823250636	-1.3883987482324869	7.408170551659085e-6	0.08473385078496574	13.333842911243305
32	0.125	28	chi4	ZZ onsite	-0.38839874823250636	-0.17221316237002401	0.07364262204155658	3.8557683402902314	13.333842911243305
32	0.125	28	chi8	ZZ onsite	-0.38839874823250636	0.019155098789642666	0.4730613531860257	13.033999879929771	13.333842911243305
32	0.125	28	chi16	ZZ onsite	-0.38839874823250636	-0.000987047001674013	0.8709279763636144	13.328214785949848	13.333842911243305
32	0.125	28	chi32	ZZ onsite	-0.38839874823250636	-0.00011999168362275547	0.9809673027539881	13.333270635079504	13.333842911243305
32	0.125	28	exact	ZZ onsite	-0.38839874823250636	0.0	NaN	13.333842911243305	13.333842911243305
32	0.125	28	UHF	ZZ onsite	-0.38839874823250636	-0.47790043053164183	NaN	0.6790914148361739	13.333842911243305
32	0.125	28	UHFsym	ZZ onsite	-0.38839874823250636	-0.4779004305316419	NaN	0.6790914148361739	13.333842911243305
32	0.125	28	chi2	ZZ up-up r=1	-0.3825973322952066	-0.38259820079192286	7.408170551659085e-6	0.9999957142109026	17.326926984267885
32	0.125	28	chi4	ZZ up-up r=1	-0.3825973322952066	-0.16321849130095709	0.07364262204155658	4.3790374655144815	17.326926984267885
32	0.125	28	chi8	ZZ up-up r=1	-0.3825973322952066	-0.044827912305721807	0.4730613531860257	14.226119254426054	17.326926984267885
32	0.125	28	chi16	ZZ up-up r=1	-0.3825973322952066	-0.0012006829802029273	0.8709279763636144	17.327375874457214	17.326926984267885
32	0.125	28	chi32	ZZ up-up r=1	-0.3825973322952066	-0.0006035534463759706	0.9809673027539881	17.327851728139315	17.326926984267885
32	0.125	28	exact	ZZ up-up r=1	-0.3825973322952066	0.0	NaN	17.326926984267885	17.326926984267885
32	0.125	28	UHF	ZZ up-up r=1	-0.3825973322952066	-0.4464239620344513	NaN	0.7455522005302849	17.326926984267885
32	0.125	28	UHFsym	ZZ up-up r=1	-0.3825973322952066	-0.09753720537239491	NaN	8.453082795426745	17.326926984267885
32	0.125	28	chi2	SzSz r=1	-0.0769712722928719	-0.0769712722928719	7.408170551659085e-6	0.9999998663690997	13.11611826536898
32	0.125	28	chi4	SzSz r=1	-0.0769712722928719	-0.04338929740373821	0.07364262204155658	2.489116243637374	13.11611826536898
32	0.125	28	chi8	SzSz r=1	-0.0769712722928719	-0.0035394114030035395	0.4730613531860257	12.04621533559857	13.11611826536898
32	0.125	28	chi16	SzSz r=1	-0.0769712722928719	-0.00037863967520564146	0.8709279763636144	13.090723172076553	13.11611826536898
32	0.125	28	chi32	SzSz r=1	-0.0769712722928719	-5.1876598833655585e-5	0.9809673027539881	13.1144987008177	13.11611826536898
32	0.125	28	exact	SzSz r=1	-0.0769712722928719	0.0	NaN	13.11611826536898	13.11611826536898
32	0.125	28	UHF	SzSz r=1	-0.0769712722928719	-0.01509376963347027	NaN	1.113326543071285	13.11611826536898
32	0.125	28	UHFsym	SzSz r=1	-0.0769712722928719	-0.03737284931662164	NaN	3.4447068654404847	13.11611826536898
32	0.125	28	chi2	hop up r=1	0.513605831513227	0.513605831513227	7.408170551659085e-6	1.0	31.103348625709586
32	0.125	28	chi4	hop up r=1	0.513605831513227	0.10398582247150556	0.07364262204155658	13.778528282269068	31.103348625709586
32	0.125	28	chi8	hop up r=1	0.513605831513227	0.043908285297547534	0.4730613531860257	25.259581294883596	31.103348625709586
32	0.125	28	chi16	hop up r=1	0.513605831513227	0.0023110973531970114	0.8709279763636144	31.06423811216859	31.103348625709586
32	0.125	28	chi32	hop up r=1	0.513605831513227	0.00020493851016722964	0.9809673027539881	31.10140090766856	31.103348625709586
32	0.125	28	exact	hop up r=1	0.513605831513227	0.0	NaN	31.103348625709586	31.103348625709586
32	0.125	28	UHF	hop up r=1	0.513605831513227	0.23173151973084366	NaN	4.341622026403151	31.103348625709586
32	0.125	28	UHFsym	hop up r=1	0.513605831513227	-0.03124130649882151	NaN	28.223799899830237	31.103348625709586
32	0.125	29	chi2	n	0.8833148102815088	-0.1166851897184833	7.408170551659085e-6	1.0000000559233841	2.189321463829119
32	0.125	29	chi4	n	0.8833148102815088	-0.013250404962159568	0.07364262204155658	2.135706188678954	2.189321463829119
32	0.125	29	chi8	n	0.8833148102815088	0.009021895872150298	0.4730613531860257	2.184932623013863	2.189321463829119
32	0.125	29	chi16	n	0.8833148102815088	-5.014064317521161e-6	0.8709279763636144	2.189177490601968	2.189321463829119
32	0.125	29	chi32	n	0.8833148102815088	-3.787607639327284e-5	0.9809673027539881	2.189295592090813	2.189321463829119
32	0.125	29	exact	n	0.8833148102815088	0.0	NaN	2.189321463829119	2.189321463829119
32	0.125	29	UHF	n	0.8833148102815088	0.05797711296215813	NaN	0.08043008731522057	2.189321463829119
32	0.125	29	UHFsym	n	0.8833148102815088	0.05797711296215813	NaN	1.770002491133156	2.189321463829119
32	0.125	29	chi2	Sz	3.3075845243257795e-8	4.673241977988319e-7	7.408170551659085e-6	1.0000003514752729	1.8692816196348179
32	0.125	29	chi4	Sz	3.3075845243257795e-8	0.0030350872670951504	0.07364262204155658	1.8594892401885013	1.8692816196348179
32	0.125	29	chi8	Sz	3.3075845243257795e-8	0.002564289995762647	0.4730613531860257	1.8595381198860768	1.8692816196348179
32	0.125	29	chi16	Sz	3.3075845243257795e-8	-0.00012904037558428977	0.8709279763636144	1.8688848255747015	1.8692816196348179
32	0.125	29	chi32	Sz	3.3075845243257795e-8	3.064834767325941e-5	0.9809673027539881	1.8693936366766988	1.8692816196348179
32	0.125	29	exact	Sz	3.3075845243257795e-8	0.0	NaN	1.8692816196348179	1.8692816196348179
32	0.125	29	UHF	Sz	3.3075845243257795e-8	0.2674017121405195	NaN	0.10537888891375775	1.8692816196348179
32	0.125	29	UHFsym	Sz	3.3075845243257795e-8	3.3075845277952265e-8	NaN	1.509324917218934	1.8692816196348179
32	0.125	29	chi2	DoubleOcc	0.08467962140145036	0.08467962140145033	7.408170551659085e-6	0.9116313574297987	20.913134972215506
32	0.125	29	chi4	DoubleOcc	0.08467962140145036	-0.040374835551697796	0.07364262204155658	7.748792922647085	20.913134972215506
32	0.125	29	chi8	DoubleOcc	0.08467962140145036	0.010751440993024039	0.4730613531860257	19.721292860855293	20.913134972215506
32	0.125	29	chi16	DoubleOcc	0.08467962140145036	-6.073330081797501e-5	0.8709279763636144	20.914263797516412	20.913134972215506
32	0.125	29	chi32	DoubleOcc	0.08467962140145036	-1.3264154080386281e-5	0.9809673027539881	20.911728705864864	20.913134972215506
32	0.125	29	exact	DoubleOcc	0.08467962140145036	0.0	NaN	20.913134972215506	20.913134972215506
32	0.125	29	UHF	DoubleOcc	0.08467962140145036	-0.014112299286044641	NaN	1.2498313002516785	20.913134972215506
32	0.125	29	UHFsym	DoubleOcc	0.08467962140145036	-0.014112299286044613	NaN	7.670464758978389	20.913134972215506
32	0.125	29	chi2	ZZ onsite	-0.42791113495721167	0.5720888650427688	7.408170551659085e-6	0.570413590810845	19.84768611878896
32	0.125	29	chi4	ZZ onsite	-0.42791113495721167	-0.1349985322824725	0.07364262204155658	6.919192364182655	19.84768611878896
32	0.125	29	chi8	ZZ onsite	-0.42791113495721167	0.024961972227796114	0.4730613531860257	18.614435966250007	19.84768611878896
32	0.125	29	chi16	ZZ onsite	-0.42791113495721167	-0.00023290507463197274	0.8709279763636144	19.84794524318194	19.84768611878896
32	0.125	29	chi32	ZZ onsite	-0.42791113495721167	2.2695536475214606e-5	0.9809673027539881	19.847648995933262	19.84768611878896
32	0.125	29	exact	ZZ onsite	-0.42791113495721167	0.0	NaN	19.84768611878896	19.84768611878896
32	0.125	29	UHF	ZZ onsite	-0.42791113495721167	-0.17240342306849027	NaN	4.899209138051791	19.84768611878896
32	0.125	29	UHFsym	ZZ onsite	-0.42791113495721167	-0.17240342306849005	NaN	4.8992091380518	19.84768611878896
32	0.125	29	chi2	ZZ up-up r=1	-0.4837219272656882	0.5162780727342713	7.408170551659085e-6	0.9039461592009622	26.981642813528932
32	0.125	29	chi4	ZZ up-up r=1	-0.4837219272656882	0.06894514679458252	0.07364262204155658	18.322247251214744	26.981642813528932
32	0.125	29	chi8	ZZ up-up r=1	-0.4837219272656882	-0.021640429821408957	0.4730613531860257	25.29956275078244	26.981642813528932
32	0.125	29	chi16	ZZ up-up r=1	-0.4837219272656882	-0.001834917485639631	0.8709279763636144	26.937067350827085	26.981642813528932
32	0.125	29	chi32	ZZ up-up r=1	-0.4837219272656882	2.729271718476811e-5	0.9809673027539881	26.982156654663044	26.981642813528932
32	0.125	29	exact	ZZ up-up r=1	-0.4837219272656882	0.0	NaN	26.981642813528932	26.981642813528932
32	0.125	29	UHF	ZZ up-up r=1	-0.4837219272656882	0.3207676743575031	NaN	2.238923565873001	26.981642813528932
32	0.125	29	UHFsym	ZZ up-up r=1	-0.4837219272656882	-0.1393923089235305	NaN	8.361110277175019	26.981642813528932
32	0.125	29	chi2	SzSz r=1	-0.09913440179524824	0.1508655982047441	7.408170551659085e-6	0.4696361303973882	21.19551895224474
32	0.125	29	chi4	SzSz r=1	-0.09913440179524824	0.004650113312790069	0.07364262204155658	13.326473828100958	21.19551895224474
32	0.125	29	chi8	SzSz r=1	-0.09913440179524824	5.135275895920555e-5	0.4730613531860257	21.143537590776784	21.19551895224474
32	0.125	29	chi16	SzSz r=1	-0.09913440179524824	-0.0005596585679610716	0.8709279763636144	21.113030970443567	21.19551895224474
32	0.125	29	chi32	SzSz r=1	-0.09913440179524824	4.876321540574213e-5	0.9809673027539881	21.2036104122854	21.19551895224474
32	0.125	29	exact	SzSz r=1	-0.09913440179524824	0.0	NaN	21.19551895224474	21.19551895224474
32	0.125	29	UHF	SzSz r=1	-0.09913440179524824	0.02465280976838649	NaN	4.2307462797699005	21.19551895224474
32	0.125	29	UHFsym	SzSz r=1	-0.09913440179524824	-0.04021542457078785	NaN	4.764013138716575	21.19551895224474
32	0.125	29	chi2	hop up r=1	0.560933821250184	0.560933821250184	7.408170551659085e-6	1.0	43.29175184001067
32	0.125	29	chi4	hop up r=1	0.560933821250184	-0.09594393680549618	0.07364262204155658	19.730293860055177	43.29175184001067
32	0.125	29	chi8	hop up r=1	0.560933821250184	0.029267942525996293	0.4730613531860257	38.4549109275779	43.29175184001067
32	0.125	29	chi16	hop up r=1	0.560933821250184	0.0009817440631484375	0.8709279763636144	43.2698785492779	43.29175184001067
32	0.125	29	chi32	hop up r=1	0.560933821250184	-0.0001265686277738265	0.9809673027539881	43.29376121010515	43.29175184001067
32	0.125	29	exact	hop up r=1	0.560933821250184	0.0	NaN	43.29175184001067	43.29175184001067
32	0.125	29	UHF	hop up r=1	0.560933821250184	-0.035044587805732164	NaN	37.61920774048653	43.29175184001067
32	0.125	29	UHFsym	hop up r=1	0.560933821250184	0.08510772913724723	NaN	21.63210835322535	43.29175184001067
32	0.125	30	chi2	n	0.8555841014690898	-0.14441589853091552	7.408170551659085e-6	1.0000000580833	2.8934910112904135
32	0.125	30	chi4	n	0.8555841014690898	-0.02262121218453994	0.07364262204155658	2.7709797536019942	2.8934910112904135
32	0.125	30	chi8	n	0.8555841014690898	0.003621368877853137	0.4730613531860257	2.9003497499700135	2.8934910112904135
32	0.125	30	chi16	n	0.8555841014690898	0.0004972052929328452	0.8709279763636144	2.895006595600732	2.8934910112904135
32	0.125	30	chi32	n	0.8555841014690898	3.7536537858540164e-5	0.9809673027539881	2.893428967510432	2.8934910112904135
32	0.125	30	exact	n	0.8555841014690898	0.0	NaN	2.8934910112904135	2.8934910112904135
32	0.125	30	UHF	n	0.8555841014690898	-0.07702977699144331	NaN	0.05832322045657713	2.8934910112904135
32	0.125	30	UHFsym	n	0.8555841014690898	-0.07702977699144331	NaN	1.8789890016124688	2.8934910112904135
32	0.125	30	chi2	Sz	2.3533908397738168e-7	-1.9890926968718636e-7	7.408170551659085e-6	0.9999998485073847	2.5772103047502513
32	0.125	30	chi4	Sz	2.3533908397738168e-7	-0.00425642334869843	0.07364262204155658	2.3988677192634955	2.5772103047502513
32	0.125	30	chi8	Sz	2.3533908397738168e-7	-0.0015863253314793782	0.4730613531860257	2.5924295067985326	2.5772103047502513
32	0.125	30	chi16	Sz	2.3533908397738168e-7	-0.00019885140325937717	0.8709279763636144	2.579680132662298	2.5772103047502513
32	0.125	30	chi32	Sz	2.3533908397738168e-7	8.256255275083946e-6	0.9809673027539881	2.577364478880574	2.5772103047502513
32	0.125	30	exact	Sz	2.3533908397738168e-7	0.0	NaN	2.5772103047502513	2.5772103047502513
32	0.125	30	UHF	Sz	2.3533908397738168e-7	-0.3503391145895953	NaN	0.08542998914674733	2.5772103047502513
32	0.125	30	UHFsym	Sz	2.3533908397738168e-7	2.353390840016678e-7	NaN	1.7057281299005889	2.5772103047502513
32	0.125	30	chi2	DoubleOcc	0.07143731797968607	0.07143731797968457	7.408170551659085e-6	1.0008390505213955	20.466051892416733
32	0.125	30	chi4	DoubleOcc	0.07143731797968607	-0.0270905460921243	0.07364262204155658	14.035269879413427	20.466051892416733
32	0.125	30	chi8	DoubleOcc	0.07143731797968607	0.004336288902877905	0.4730613531860257	20.301088517296765	20.466051892416733
32	0.125	30	chi16	DoubleOcc	0.07143731797968607	0.0002753757185568334	0.8709279763636144	20.467930747377707	20.466051892416733
32	0.125	30	chi32	DoubleOcc	0.07143731797968607	2.059587034514143e-5	0.9809673027539881	20.46607911397331	20.466051892416733
32	0.125	30	exact	DoubleOcc	0.07143731797968607	0.0	NaN	20.466051892416733	20.466051892416733
32	0.125	30	UHF	DoubleOcc	0.07143731797968607	-0.023267183486163814	NaN	0.9659891236784602	20.466051892416733
32	0.125	30	UHFsym	DoubleOcc	0.07143731797968607	-0.02326718348616369	NaN	18.00592763824973	20.466051892416733
32	0.125	30	chi2	ZZ onsite	-0.42541893101943046	0.5745810689805702	7.408170551659085e-6	0.5657267569866757	19.711553873138357
32	0.125	30	chi4	ZZ onsite	-0.42541893101943046	-0.06311975999941755	0.07364262204155658	13.847493393513501	19.711553873138357
32	0.125	30	chi8	ZZ onsite	-0.42541893101943046	0.010102417855806012	0.4730613531860257	19.54875872946247	19.711553873138357
32	0.125	30	chi16	ZZ onsite	-0.42541893101943046	0.00010709228836652818	0.8709279763636144	19.711984594271968	19.711553873138357
32	0.125	30	chi32	ZZ onsite	-0.42541893101943046	7.310405673477405e-6	0.9809673027539881	19.711584754037673	19.711553873138357
32	0.125	30	exact	ZZ onsite	-0.42541893101943046	0.0	NaN	19.711553873138357	19.711553873138357
32	0.125	30	UHF	ZZ onsite	-0.42541893101943046	0.06099082003823625	NaN	14.392202124537054	19.711553873138357
32	0.125	30	UHFsym	ZZ onsite	-0.42541893101943046	0.06099082003823664	NaN	14.392202124537	19.711553873138357
32	0.125	30	chi2	ZZ up-up r=1	-0.3048815742607293	-0.304881574260201	7.408170551659085e-6	1.000000000003129	10.355119389010108
32	0.125	30	chi4	ZZ up-up r=1	-0.3048815742607293	-0.22208127033654934	0.07364262204155658	1.7357052896252507	10.355119389010108
32	0.125	30	chi8	ZZ up-up r=1	-0.3048815742607293	-0.03459446323450749	0.4730613531860257	9.232799039321714	10.355119389010108
32	0.125	30	chi16	ZZ up-up r=1	-0.3048815742607293	-0.00036760050568312996	0.8709279763636144	10.35484098631373	10.355119389010108
32	0.125	30	chi32	ZZ up-up r=1	-0.3048815742607293	-6.028118962120299e-5	0.9809673027539881	10.355093018001371	10.355119389010108
32	0.125	30	exact	ZZ up-up r=1	-0.3048815742607293	0.0	NaN	10.355119389010108	10.355119389010108
32	0.125	30	UHF	ZZ up-up r=1	-0.3048815742607293	0.34120249587487034	NaN	0.8159613279300778	10.355119389010108
32	0.125	30	UHFsym	ZZ up-up r=1	-0.3048815742607293	0.065572445377101	NaN	7.242053813949149	10.355119389010108
32	0.125	30	chi2	SzSz r=1	-0.06077625277601412	-0.06077625277588243	7.408170551659085e-6	1.000000000003649	7.48366412670523
32	0.125	30	chi4	SzSz r=1	-0.06077625277601412	-0.05530299669970629	0.07364262204155658	1.1818165167509485	7.48366412670523
32	0.125	30	chi8	SzSz r=1	-0.06077625277601412	-0.0028452725714194355	0.4730613531860257	7.206802701050209	7.48366412670523
32	0.125	30	chi16	SzSz r=1	-0.06077625277601412	2.4432183822545306e-6	0.8709279763636144	7.481745078108627	7.48366412670523
32	0.125	30	chi32	SzSz r=1	-0.06077625277601412	-1.954708454936227e-5	0.9809673027539881	7.483490457125073	7.48366412670523
32	0.125	30	exact	SzSz r=1	-0.06077625277601412	0.0	NaN	7.48366412670523	7.48366412670523
32	0.125	30	UHF	SzSz r=1	-0.06077625277601412	0.09453644234880787	NaN	0.4597479471530327	7.48366412670523
32	0.125	30	UHFsym	SzSz r=1	-0.06077625277601412	0.007284655182862976	NaN	6.562224195336219	7.48366412670523
32	0.125	30	chi2	hop up r=1	0.4343313993442317	0.4343313993442243	7.408170551659085e-6	1.0000000000000326	20.68221028441565
32	0.125	30	chi4	hop up r=1	0.4343313993442317	0.16229958544974094	0.07364262204155658	5.633286515281569	20.68221028441565
32	0.125	30	chi8	hop up r=1	0.4343313993442317	0.0335513922632662	0.4730613531860257	18.904548185758433	20.68221028441565
32	0.125	30	chi16	hop up r=1	0.4343313993442317	0.0010971221629269001	0.8709279763636144	20.69674200844697	20.68221028441565
32	0.125	30	chi32	hop up r=1	0.4343313993442317	3.6154501563245844e-5	0.9809673027539881	20.682772996440292	20.68221028441565
32	0.125	30	exact	hop up r=1	0.4343313993442317	0.0	NaN	20.68221028441565	20.68221028441565
32	0.125	30	UHF	hop up r=1	0.4343313993442317	0.032292875204391336	NaN	19.04096872155629	20.68221028441565
32	0.125	30	UHFsym	hop up r=1	0.4343313993442317	-0.009957969814200385	NaN	20.315507179560985	20.68221028441565
32	0.125	31	chi2	n	0.9287762035609134	-0.07122379643908883	7.408170551659085e-6	1.000000074806529	1.3956947019676307
32	0.125	31	chi4	n	0.9287762035609134	0.010038324274265542	0.07364262204155658	1.3818235011221942	1.3956947019676307
32	0.125	31	chi8	n	0.9287762035609134	-0.00457293116078783	0.4730613531860257	1.3947813274306824	1.3956947019676307
32	0.125	31	chi16	n	0.9287762035609134	-0.0004981205497464058	0.8709279763636144	1.3958558080831702	1.3956947019676307
32	0.125	31	chi32	n	0.9287762035609134	-0.00011006279968828192	0.9809673027539881	1.3957255355527802	1.3956947019676307
32	0.125	31	exact	n	0.9287762035609134	0.0	NaN	1.3956947019676307	1.3956947019676307
32	0.125	31	UHF	n	0.9287762035609134	-0.05076408022197565	NaN	0.028410895210964456	1.3956947019676307
32	0.125	31	UHFsym	n	0.9287762035609134	-0.05076408022197565	NaN	1.164945471412288	1.3956947019676307
32	0.125	31	chi2	Sz	-9.044053401324748e-8	2.128229863463405e-7	7.408170551659085e-6	0.9999996354825748	1.3235222441375294
32	0.125	31	chi4	Sz	-9.044053401324748e-8	0.00043129968297234145	0.07364262204155658	1.3224433992906444	1.3235222441375294
32	0.125	31	chi8	Sz	-9.044053401324748e-8	0.0008304938993551059	0.4730613531860257	1.3167912220181792	1.3235222441375294
32	0.125	31	chi16	Sz	-9.044053401324748e-8	8.779169160539474e-5	0.8709279763636144	1.3229605544812046	1.3235222441375294
32	0.125	31	chi32	Sz	-9.044053401324748e-8	2.1255655387811268e-6	0.9809673027539881	1.3234368059356838	1.3235222441375294
32	0.125	31	exact	Sz	-9.044053401324748e-8	0.0	NaN	1.3235222441375294	1.3235222441375294
32	0.125	31	UHF	Sz	-9.044053401324748e-8	0.3722544763669731	NaN	0.04309105895261099	1.3235222441375294
32	0.125	31	UHFsym	Sz	-9.044053401324748e-8	-9.04405340149822e-8	NaN	1.1289189950423122	1.3235222441375294
32	0.125	31	chi2	DoubleOcc	0.08848985888202657	0.08848985888202662	7.408170551659085e-6	1.3411002358570736	24.46273780320467
32	0.125	31	chi4	DoubleOcc	0.08848985888202657	0.004806911346798448	0.07364262204155658	24.223967316104847	24.46273780320467
32	0.125	31	chi8	DoubleOcc	0.08848985888202657	0.0008982113750892473	0.4730613531860257	24.207001001106672	24.46273780320467
32	0.125	31	chi16	DoubleOcc	0.08848985888202657	-4.5452356268183e-6	0.8709279763636144	24.460601426947807	24.46273780320467
32	0.125	31	chi32	DoubleOcc	0.08848985888202657	-1.3752007964690227e-5	0.9809673027539881	24.463330323111038	24.46273780320467
32	0.125	31	exact	DoubleOcc	0.08848985888202657	0.0	NaN	24.46273780320467	24.46273780320467
32	0.125	31	UHF	DoubleOcc	0.08848985888202657	-0.012811470497294364	NaN	0.8973044735880777	24.46273780320467
32	0.125	31	UHFsym	DoubleOcc	0.08848985888202657	-0.012811470497294308	NaN	22.52068889175366	24.46273780320467
32	0.125	31	chi2	ZZ onsite	-0.5035929715937163	0.4964070284062846	7.408170551659085e-6	1.0179634503172401	32.24576610449038
32	0.125	31	chi4	ZZ onsite	-0.5035929715937163	-0.0008490031613384019	0.07364262204155658	32.25167409331228	32.24576610449038
32	0.125	31	chi8	ZZ onsite	-0.5035929715937163	0.012738707821932649	0.4730613531860257	31.484331417775042	32.24576610449038
32	0.125	31	chi16	ZZ onsite	-0.5035929715937163	0.0009780601569898684	0.8709279763636144	32.231831160466804	32.24576610449038
32	0.125	31	chi32	ZZ onsite	-0.5035929715937163	0.00016511756752690676	0.9809673027539881	32.243948713081465	32.24576610449038
32	0.125	31	exact	ZZ onsite	-0.5035929715937163	0.0	NaN	32.24576610449038	32.24576610449038
32	0.125	31	UHF	ZZ onsite	-0.5035929715937163	0.05028227845477806	NaN	24.258621898387318	32.24576610449038
32	0.125	31	UHFsym	ZZ onsite	-0.5035929715937163	0.050282278454778284	NaN	24.258621898387265	32.24576610449038
32	0.125	31	chi2	ZZ up-up r=1	-0.7298727907821683	0.27012720921782696	7.408170551659085e-6	6.740955159840029	98.46520184799165
32	0.125	31	chi4	ZZ up-up r=1	-0.7298727907821683	0.11724761055354715	0.07364262204155658	27.279261548998097	98.46520184799165
32	0.125	31	chi8	ZZ up-up r=1	-0.7298727907821683	0.020132122263630814	0.4730613531860257	90.45939288268062	98.46520184799165
32	0.125	31	chi16	ZZ up-up r=1	-0.7298727907821683	0.0033315269450389096	0.8709279763636144	98.03855737803273	98.46520184799165
32	0.125	31	chi32	ZZ up-up r=1	-0.7298727907821683	0.0004348504408506759	0.9809673027539881	98.4320926271945	98.46520184799165
32	0.125	31	exact	ZZ up-up r=1	-0.7298727907821683	0.0	NaN	98.46520184799165	98.46520184799165
32	0.125	31	UHF	ZZ up-up r=1	-0.7298727907821683	0.16381560084199398	NaN	16.278102510729124	98.46520184799165
32	0.125	31	UHFsym	ZZ up-up r=1	-0.7298727907821683	-0.2934986120956982	NaN	5.917841259480584	98.46520184799165
32	0.125	31	chi2	SzSz r=1	-0.15387440670210462	0.09612559329789455	7.408170551659085e-6	2.5157471109197953	79.113933043707
32	0.125	31	chi4	SzSz r=1	-0.15387440670210462	0.02366004824717194	0.07364262204155658	28.130399305816383	79.113933043707
32	0.125	31	chi8	SzSz r=1	-0.15387440670210462	0.003820531818442524	0.4730613531860257	76.01124905121439	79.113933043707
32	0.125	31	chi16	SzSz r=1	-0.15387440670210462	0.0006532668665615304	0.8709279763636144	79.13084545563989	79.113933043707
32	0.125	31	chi32	SzSz r=1	-0.15387440670210462	9.453691366023698e-5	0.9809673027539881	79.13092746951784	79.113933043707
32	0.125	31	exact	SzSz r=1	-0.15387440670210462	0.0	NaN	79.113933043707	79.113933043707
32	0.125	31	UHF	SzSz r=1	-0.15387440670210462	0.03579189396508431	NaN	15.269492896795374	79.113933043707
32	0.125	31	UHFsym	SzSz r=1	-0.15387440670210462	-0.07231465306641065	NaN	4.345054042712077	79.113933043707
32	0.125	31	chi2	hop up r=1	0.6293325128938921	0.6293325128938921	7.408170551659085e-6	1.0	56.08815998377112
32	0.125	31	chi4	hop up r=1	0.6293325128938921	-0.06886802506928302	0.07364262204155658	33.244315741270015	56.08815998377112
32	0.125	31	chi8	hop up r=1	0.6293325128938921	-0.009761390888687438	0.4730613531860257	55.16050972911844	56.08815998377112
32	0.125	31	chi16	hop up r=1	0.6293325128938921	-0.0015048629649881962	0.8709279763636144	56.04011441938198	56.08815998377112
32	0.125	31	chi32	hop up r=1	0.6293325128938921	-0.0001712721824462804	0.9809673027539881	56.0844765521901	56.08815998377112
32	0.125	31	exact	hop up r=1	0.6293325128938921	0.0	NaN	56.08815998377112	56.08815998377112
32	0.125	31	UHF	hop up r=1	0.6293325128938921	0.14545390695695992	NaN	14.372334585490957	56.08815998377112
32	0.125	31	UHFsym	hop up r=1	0.6293325128938921	0.15984628169914555	NaN	12.433620513682465	56.08815998377112
