L	doping	site	observable	pure	absA	prior	true	Delta	absDelta	F_window	infid	D_trace	G_theory	G_max
16	0.0	2	n	false	0	chi2	1.0000000000004123	4.1233683134578314e-13	4.1233683134578314e-13	0.6251171873166854	0.3748828126833146	0.49618559814012164	NaN	NaN
16	0.0	2	Sz	false	0	chi2	1.5856201768249534e-11	8.32094306651987e-10	8.32094306651987e-10	0.6251171873166854	0.3748828126833146	0.49618559814012164	NaN	NaN
16	0.0	2	DoubleOcc	false	0	chi2	0.09924590305558903	0.09924590305558903	0.09924590305558903	0.6251171873166854	0.3748828126833146	0.49618559814012164	NaN	NaN
16	0.0	2	ZZ onsite	true	2	chi2	-0.6030163877784674	0.39698361222153256	0.39698361222153256	0.6251171873166854	0.3748828126833146	0.49618559814012164	2.250539100453945	51.79198266927526
16	0.0	2	ZZ up-up r=1	true	2	chi2	-0.3246202548466486	-0.32462025484664875	0.32462025484664875	0.6251171873166854	0.3748828126833146	0.49618559814012164	0.999999999999999	11.470303793608025
16	0.0	2	SzSz r=1	false	0	chi2	-0.06579499793592983	-0.06579499793592987	0.06579499793592987	0.6251171873166854	0.3748828126833146	0.49618559814012164	NaN	NaN
16	0.0	2	hop up r=1	false	0	chi2	0.37651192422886853	0.37651192422886853	0.37651192422886853	0.6251171873166854	0.3748828126833146	0.49618559814012164	NaN	NaN
16	0.0	2	n	false	0	chi4	1.0000000000004123	6.839650845691381e-9	6.839650845691381e-9	0.8930986311298793	0.1069013688701207	0.30943990815281425	NaN	NaN
16	0.0	2	Sz	false	0	chi4	1.5856201768249534e-11	1.3864458196094498e-8	1.3864458196094498e-8	0.8930986311298793	0.1069013688701207	0.30943990815281425	NaN	NaN
16	0.0	2	DoubleOcc	false	0	chi4	0.09924590305558903	0.009013573409828057	0.009013573409828057	0.8930986311298793	0.1069013688701207	0.30943990815281425	NaN	NaN
16	0.0	2	ZZ onsite	true	2	chi4	-0.6030163877784674	0.03605427996001187	0.03605427996001187	0.8930986311298793	0.1069013688701207	0.30943990815281425	43.83308955376548	51.79198266927526
16	0.0	2	ZZ up-up r=1	true	2	chi4	-0.3246202548466486	-0.2868376439421034	0.2868376439421034	0.8930986311298793	0.1069013688701207	0.30943990815281425	1.2501883670518756	11.470303793608025
16	0.0	2	SzSz r=1	false	0	chi4	-0.06579499793592983	-0.06579499793592984	0.06579499793592984	0.8930986311298793	0.1069013688701207	0.30943990815281425	NaN	NaN
16	0.0	2	hop up r=1	false	0	chi4	0.37651192422886853	0.12765781177698393	0.12765781177698393	0.8930986311298793	0.1069013688701207	0.30943990815281425	NaN	NaN
16	0.0	2	n	false	0	chi8	1.0000000000004123	1.044417108353457e-9	1.044417108353457e-9	0.9998816020194282	0.00011839798057178275	0.006826006820187364	NaN	NaN
16	0.0	2	Sz	false	0	chi8	1.5856201768249534e-11	-1.5372820481862615e-9	1.5372820481862615e-9	0.9998816020194282	0.00011839798057178275	0.006826006820187364	NaN	NaN
16	0.0	2	DoubleOcc	false	0	chi8	0.09924590305558903	0.0005442486836430283	0.0005442486836430283	0.9998816020194282	0.00011839798057178275	0.006826006820187364	NaN	NaN
16	0.0	2	ZZ onsite	true	2	chi8	-0.6030163877784674	0.0021769926457388955	0.0021769926457388955	0.9998816020194282	0.00011839798057178275	0.006826006820187364	51.75771962135343	51.79198266927526
16	0.0	2	ZZ up-up r=1	true	2	chi8	-0.3246202548466486	-0.006279721857524179	0.006279721857524179	0.9998816020194282	0.00011839798057178275	0.006826006820187364	11.4255360243161	11.470303793608025
16	0.0	2	SzSz r=1	false	0	chi8	-0.06579499793592983	-0.0006096562391949834	0.0006096562391949834	0.9998816020194282	0.00011839798057178275	0.006826006820187364	NaN	NaN
16	0.0	2	hop up r=1	false	0	chi8	0.37651192422886853	0.003593930333580575	0.003593930333580575	0.9998816020194282	0.00011839798057178275	0.006826006820187364	NaN	NaN
16	0.0	2	n	false	0	chi16	1.0000000000004123	-2.1667556637794405e-11	2.1667556637794405e-11	0.9999997864902809	2.135097191269253e-7	0.0003374962656731839	NaN	NaN
16	0.0	2	Sz	false	0	chi16	1.5856201768249534e-11	-8.975213107442759e-10	8.975213107442759e-10	0.9999997864902809	2.135097191269253e-7	0.0003374962656731839	NaN	NaN
16	0.0	2	DoubleOcc	false	0	chi16	0.09924590305558903	3.408702816568021e-5	3.408702816568021e-5	0.9999997864902809	2.135097191269253e-7	0.0003374962656731839	NaN	NaN
16	0.0	2	ZZ onsite	true	2	chi16	-0.6030163877784674	0.0001363481559982782	0.0001363481559982782	0.9999997864902809	2.135097191269253e-7	0.0003374962656731839	51.791848177141816	51.79198266927526
16	0.0	2	ZZ up-up r=1	true	2	chi16	-0.3246202548466486	-3.0197857231517578e-5	3.0197857231517578e-5	0.9999997864902809	2.135097191269253e-7	0.0003374962656731839	11.470302754321754	11.470303793608025
16	0.0	2	SzSz r=1	false	0	chi16	-0.06579499793592983	-1.4335396470527284e-5	1.4335396470527284e-5	0.9999997864902809	2.135097191269253e-7	0.0003374962656731839	NaN	NaN
16	0.0	2	hop up r=1	false	0	chi16	0.37651192422886853	1.080426077532115e-5	1.080426077532115e-5	0.9999997864902809	2.135097191269253e-7	0.0003374962656731839	NaN	NaN
16	0.0	2	n	false	0	chi32	1.0000000000004123	1.985567266160615e-11	1.985567266160615e-11	0.9999999998197122	1.8028778470124962e-10	1.1838094483714839e-5	NaN	NaN
16	0.0	2	Sz	false	0	chi32	1.5856201768249534e-11	3.683030616596916e-11	3.683030616596916e-11	0.9999999998197122	1.8028778470124962e-10	1.1838094483714839e-5	NaN	NaN
16	0.0	2	DoubleOcc	false	0	chi32	0.09924590305558903	1.8250737891245539e-6	1.8250737891245539e-6	0.9999999998197122	1.8028778470124962e-10	1.1838094483714839e-5	NaN	NaN
16	0.0	2	ZZ onsite	true	2	chi32	-0.6030163877784674	7.300255446152093e-6	7.300255446152093e-6	0.9999999998197122	1.8028778470124962e-10	1.1838094483714839e-5	51.79198228372981	51.79198266927526
16	0.0	2	ZZ up-up r=1	true	2	chi32	-0.3246202548466486	-6.362418673633297e-6	6.362418673633297e-6	0.9999999998197122	1.8028778470124962e-10	1.1838094483714839e-5	11.47030374747335	11.470303793608025
16	0.0	2	SzSz r=1	false	0	chi32	-0.06579499793592983	-1.3535442405510079e-6	1.3535442405510079e-6	0.9999999998197122	1.8028778470124962e-10	1.1838094483714839e-5	NaN	NaN
16	0.0	2	hop up r=1	false	0	chi32	0.37651192422886853	7.888494412189306e-6	7.888494412189306e-6	0.9999999998197122	1.8028778470124962e-10	1.1838094483714839e-5	NaN	NaN
16	0.0	2	n	false	0	UHF	1.0000000000004123	4.1466829969749597e-13	4.1466829969749597e-13	0.5357421972528735	0.46425780274712647	0.57935560893511	NaN	NaN
16	0.0	2	Sz	false	0	UHF	1.5856201768249534e-11	-0.3811937832692819	0.3811937832692819	0.5357421972528735	0.46425780274712647	0.57935560893511	NaN	NaN
16	0.0	2	DoubleOcc	false	0	UHF	0.09924590305558903	-0.005445396529172947	0.005445396529172947	0.5357421972528735	0.46425780274712647	0.57935560893511	NaN	NaN
16	0.0	2	ZZ onsite	true	2	UHF	-0.6030163877784674	-0.021781586117520013	0.021781586117520013	0.5357421972528735	0.46425780274712647	0.57935560893511	48.57305402296215	51.79198266927526
16	0.0	2	ZZ up-up r=1	true	2	UHF	-0.3246202548466486	0.45234632192297697	0.45234632192297697	0.5357421972528735	0.46425780274712647	0.57935560893511	0.5377394058336169	11.470303793608025
16	0.0	2	SzSz r=1	false	0	UHF	-0.06579499793592983	0.10481144297926956	0.10481144297926956	0.5357421972528735	0.46425780274712647	0.57935560893511	NaN	NaN
16	0.0	2	hop up r=1	false	0	UHF	0.37651192422886853	-0.05832324709201914	0.05832324709201914	0.5357421972528735	0.46425780274712647	0.57935560893511	NaN	NaN
16	0.0	2	n	false	0	UHFsym	1.0000000000004123	4.141131881851834e-13	4.141131881851834e-13	0.9931641819612925	0.006835818038707475	0.07261252396092784	NaN	NaN
16	0.0	2	Sz	false	0	UHFsym	1.5856201768249534e-11	1.585621564603734e-11	1.585621564603734e-11	0.9931641819612925	0.006835818038707475	0.07261252396092784	NaN	NaN
16	0.0	2	DoubleOcc	false	0	UHFsym	0.09924590305558903	-0.00544539652917389	0.00544539652917389	0.9931641819612925	0.006835818038707475	0.07261252396092784	NaN	NaN
16	0.0	2	ZZ onsite	true	2	UHFsym	-0.6030163877784674	-0.02178158611752301	0.02178158611752301	0.9931641819612925	0.006835818038707475	0.07261252396092784	48.57305402296131	51.79198266927526
16	0.0	2	ZZ up-up r=1	true	2	UHFsym	-0.3246202548466486	0.06008281035677182	0.06008281035677182	0.9931641819612925	0.006835818038707475	0.07261252396092784	8.442233816435389	11.470303793608025
16	0.0	2	SzSz r=1	false	0	UHFsym	-0.06579499793592983	0.006745565087716718	0.006745565087716718	0.9931641819612925	0.006835818038707475	0.07261252396092784	NaN	NaN
16	0.0	2	hop up r=1	false	0	UHFsym	0.37651192422886853	-0.058323247092022135	0.058323247092022135	0.9931641819612925	0.006835818038707475	0.07261252396092784	NaN	NaN
16	0.0	3	n	false	0	chi2	1.000000000016988	1.6988521700511683e-11	1.6988521700511683e-11	0.6405272805905325	0.35947271940946746	0.47894974197737045	NaN	NaN
16	0.0	3	Sz	false	0	chi2	-9.937313472097031e-11	4.901752835552899e-8	4.901752835552899e-8	0.6405272805905325	0.35947271940946746	0.47894974197737045	NaN	NaN
16	0.0	3	DoubleOcc	false	0	chi2	0.09729310249735976	0.09729310249735976	0.09729310249735976	0.6405272805905325	0.35947271940946746	0.47894974197737045	NaN	NaN
16	0.0	3	ZZ onsite	true	2	chi2	-0.6108275900445349	0.38917240995546454	0.38917240995546454	0.6405272805905325	0.35947271940946746	0.47894974197737045	2.398387696226814	53.90462795388589
16	0.0	3	ZZ up-up r=1	true	2	chi2	-0.6785492054021198	0.3214507945978796	0.3214507945978796	0.6405272805905325	0.35947271940946746	0.47894974197737045	4.264130187404643	76.8510487053533
16	0.0	3	SzSz r=1	false	0	chi2	-0.14263832135243526	0.1073616786475646	0.1073616786475646	0.6405272805905325	0.35947271940946746	0.47894974197737045	NaN	NaN
16	0.0	3	hop up r=1	false	0	chi2	0.5762690314955982	0.5762690314955982	0.5762690314955982	0.6405272805905325	0.35947271940946746	0.47894974197737045	NaN	NaN
16	0.0	3	n	false	0	chi4	1.000000000016988	-4.98177099572672e-9	4.98177099572672e-9	0.8565907112482744	0.14340928875172565	0.19568463860143326	NaN	NaN
16	0.0	3	Sz	false	0	chi4	-9.937313472097031e-11	3.9292861325757045e-10	3.9292861325757045e-10	0.8565907112482744	0.14340928875172565	0.19568463860143326	NaN	NaN
16	0.0	3	DoubleOcc	false	0	chi4	0.09729310249735976	0.013228953723014664	0.013228953723014664	0.8565907112482744	0.14340928875172565	0.19568463860143326	NaN	NaN
16	0.0	3	ZZ onsite	true	2	chi4	-0.6108275900445349	0.05291582485560242	0.05291582485560242	0.8565907112482744	0.14340928875172565	0.19568463860143326	38.58505551962861	53.90462795388589
16	0.0	3	ZZ up-up r=1	true	2	chi4	-0.6785492054021198	0.14980475988067088	0.14980475988067088	0.8565907112482744	0.14340928875172565	0.19568463860143326	16.361710684117256	76.8510487053533
16	0.0	3	SzSz r=1	false	0	chi4	-0.14263832135243526	0.03899583069746751	0.03899583069746751	0.8565907112482744	0.14340928875172565	0.19568463860143326	NaN	NaN
16	0.0	3	hop up r=1	false	0	chi4	0.5762690314955982	-0.07290155048398905	0.07290155048398905	0.8565907112482744	0.14340928875172565	0.19568463860143326	NaN	NaN
16	0.0	3	n	false	0	chi8	1.000000000016988	-1.9442247811696234e-10	1.9442247811696234e-10	0.9993856569658793	0.0006143430341206679	0.01253475157454867	NaN	NaN
16	0.0	3	Sz	false	0	chi8	-9.937313472097031e-11	-4.693455762927456e-10	4.693455762927456e-10	0.9993856569658793	0.0006143430341206679	0.01253475157454867	NaN	NaN
16	0.0	3	DoubleOcc	false	0	chi8	0.09729310249735976	-0.000594035337130927	0.000594035337130927	0.9993856569658793	0.0006143430341206679	0.01253475157454867	NaN	NaN
16	0.0	3	ZZ onsite	true	2	chi8	-0.6108275900445349	-0.0023761409596765315	0.0023761409596765315	0.9993856569658793	0.0006143430341206679	0.01253475157454867	53.86150790114507	53.90462795388589
16	0.0	3	ZZ up-up r=1	true	2	chi8	-0.6785492054021198	-0.006589648528159908	0.006589648528159908	0.9993856569658793	0.0006143430341206679	0.01253475157454867	76.30519344820569	76.8510487053533
16	0.0	3	SzSz r=1	false	0	chi8	-0.14263832135243526	-0.0016035311963698284	0.0016035311963698284	0.9993856569658793	0.0006143430341206679	0.01253475157454867	NaN	NaN
16	0.0	3	hop up r=1	false	0	chi8	0.5762690314955982	0.004585645806265082	0.004585645806265082	0.9993856569658793	0.0006143430341206679	0.01253475157454867	NaN	NaN
16	0.0	3	n	false	0	chi16	1.000000000016988	-2.101427920564447e-10	2.101427920564447e-10	0.999924417287735	7.55827122650432e-5	0.0021547619241846817	NaN	NaN
16	0.0	3	Sz	false	0	chi16	-9.937313472097031e-11	-2.7135516056375764e-12	2.7135516056375764e-12	0.999924417287735	7.55827122650432e-5	0.0021547619241846817	NaN	NaN
16	0.0	3	DoubleOcc	false	0	chi16	0.09729310249735976	0.00010006815731788965	0.00010006815731788965	0.999924417287735	7.55827122650432e-5	0.0021547619241846817	NaN	NaN
16	0.0	3	ZZ onsite	true	2	chi16	-0.6108275900445349	0.0004002730495595852	0.0004002730495595852	0.999924417287735	7.55827122650432e-5	0.0021547619241846817	53.90340337924678	53.90462795388589
16	0.0	3	ZZ up-up r=1	true	2	chi16	-0.6785492054021198	-0.0035793677550416403	0.0035793677550416403	0.999924417287735	7.55827122650432e-5	0.0021547619241846817	76.68918641909178	76.8510487053533
16	0.0	3	SzSz r=1	false	0	chi16	-0.14263832135243526	-0.00063972728331535	0.00063972728331535	0.999924417287735	7.55827122650432e-5	0.0021547619241846817	NaN	NaN
16	0.0	3	hop up r=1	false	0	chi16	0.5762690314955982	0.0011055441237333152	0.0011055441237333152	0.999924417287735	7.55827122650432e-5	0.0021547619241846817	NaN	NaN
16	0.0	3	n	false	0	chi32	1.000000000016988	2.227773521212839e-12	2.227773521212839e-12	0.99999998260283	1.7397170037902754e-8	7.692019055671325e-5	NaN	NaN
16	0.0	3	Sz	false	0	chi32	-9.937313472097031e-11	1.4388323865688335e-11	1.4388323865688335e-11	0.99999998260283	1.7397170037902754e-8	7.692019055671325e-5	NaN	NaN
16	0.0	3	DoubleOcc	false	0	chi32	0.09729310249735976	2.7494965200991484e-6	2.7494965200991484e-6	0.99999998260283	1.7397170037902754e-8	7.692019055671325e-5	NaN	NaN
16	0.0	3	ZZ onsite	true	2	chi32	-0.6108275900445349	1.0997981627292042e-5	1.0997981627292042e-5	0.99999998260283	1.7397170037902754e-8	7.692019055671325e-5	53.90462702938274	53.90462795388589
16	0.0	3	ZZ up-up r=1	true	2	chi32	-0.6785492054021198	4.9068933696050365e-5	4.9068933696050365e-5	0.99999998260283	1.7397170037902754e-8	7.692019055671325e-5	76.85101822206848	76.8510487053533
16	0.0	3	SzSz r=1	false	0	chi32	-0.14263832135243526	8.22674314515659e-6	8.22674314515659e-6	0.99999998260283	1.7397170037902754e-8	7.692019055671325e-5	NaN	NaN
16	0.0	3	hop up r=1	false	0	chi32	0.5762690314955982	-2.3299663651443758e-5	2.3299663651443758e-5	0.99999998260283	1.7397170037902754e-8	7.692019055671325e-5	NaN	NaN
16	0.0	3	n	false	0	UHF	1.000000000016988	1.698530205374027e-11	1.698530205374027e-11	0.6235428348781876	0.3764571651218124	0.5751204310154165	NaN	NaN
16	0.0	3	Sz	false	0	UHF	-9.937313472097031e-11	0.385555179660876	0.385555179660876	0.6235428348781876	0.3764571651218124	0.5751204310154165	NaN	NaN
16	0.0	3	DoubleOcc	false	0	UHF	0.09729310249735976	-0.004054100862683568	0.004054100862683568	0.6235428348781876	0.3764571651218124	0.5751204310154165	NaN	NaN
16	0.0	3	ZZ onsite	true	2	UHF	-0.6108275900445349	-0.01621640348470288	0.01621640348470288	0.6235428348781876	0.3764571651218124	0.5751204310154165	51.96690230778847	53.90462795388589
16	0.0	3	ZZ up-up r=1	true	2	UHF	-0.6785492054021198	0.10734252134793854	0.10734252134793854	0.6235428348781876	0.3764571651218124	0.5751204310154165	26.51679985050062	76.8510487053533
16	0.0	3	SzSz r=1	false	0	UHF	-0.14263832135243526	0.029708210721548722	0.029708210721548722	0.6235428348781876	0.3764571651218124	0.5751204310154165	NaN	NaN
16	0.0	3	hop up r=1	false	0	UHF	0.5762690314955982	0.13693863542874862	0.13693863542874862	0.6235428348781876	0.3764571651218124	0.5751204310154165	NaN	NaN
16	0.0	3	n	false	0	UHFsym	1.000000000016988	1.698530205374027e-11	1.698530205374027e-11	0.9243568929716133	0.07564310702838672	0.23145533891143977	NaN	NaN
16	0.0	3	Sz	false	0	UHFsym	-9.937313472097031e-11	-9.937313472097031e-11	9.937313472097031e-11	0.9243568929716133	0.07564310702838672	0.23145533891143977	NaN	NaN
16	0.0	3	DoubleOcc	false	0	UHFsym	0.09729310249735976	-0.004054100862683763	0.004054100862683763	0.9243568929716133	0.07564310702838672	0.23145533891143977	NaN	NaN
16	0.0	3	ZZ onsite	true	2	UHFsym	-0.6108275900445349	-0.016216403484703656	0.016216403484703656	0.9243568929716133	0.07564310702838672	0.23145533891143977	51.966902307788295	53.90462795388589
16	0.0	3	ZZ up-up r=1	true	2	UHFsym	-0.6785492054021198	-0.28825426737173415	0.28825426737173415	0.9243568929716133	0.07564310702838672	0.23145533891143977	5.232117040864803	76.8510487053533
16	0.0	3	SzSz r=1	false	0	UHFsym	-0.14263832135243526	-0.06919098645837093	0.06919098645837093	0.9243568929716133	0.07564310702838672	0.23145533891143977	NaN	NaN
16	0.0	3	hop up r=1	false	0	UHFsym	0.5762690314955982	0.13693863542874746	0.13693863542874746	0.9243568929716133	0.07564310702838672	0.23145533891143977	NaN	NaN
16	0.0	4	n	false	0	chi2	0.9999999999961621	-3.8374858846168536e-12	3.8374858846168536e-12	0.629352458057787	0.37064754194221305	0.4832824471302691	NaN	NaN
16	0.0	4	Sz	false	0	chi2	3.560809633262885e-11	-4.908129332473199e-8	4.908129332473199e-8	0.629352458057787	0.37064754194221305	0.4832824471302691	NaN	NaN
16	0.0	4	DoubleOcc	false	0	chi2	0.10073818251303357	0.10073818251303357	0.10073818251303357	0.629352458057787	0.37064754194221305	0.4832824471302691	NaN	NaN
16	0.0	4	ZZ onsite	true	2	chi2	-0.5970472699401885	0.402952730059811	0.402952730059811	0.629352458057787	0.37064754194221305	0.4832824471302691	2.144353382726978	50.23716488536049
16	0.0	4	ZZ up-up r=1	true	2	chi2	-0.3746278709413151	-0.05834358486266056	0.05834358486266056	0.629352458057787	0.37064754194221305	0.4832824471302691	11.473515886441604	15.511890028275579
16	0.0	4	SzSz r=1	false	0	chi2	-0.07653632727931148	0.0025347442403521603	0.0025347442403521603	0.629352458057787	0.37064754194221305	0.4832824471302691	NaN	NaN
16	0.0	4	hop up r=1	false	0	chi2	0.40906608401236844	0.40906608401236844	0.40906608401236844	0.629352458057787	0.37064754194221305	0.4832824471302691	NaN	NaN
16	0.0	4	n	false	0	chi4	0.9999999999961621	-3.135043891155931e-9	3.135043891155931e-9	0.876936589555695	0.12306341044430502	0.33704257547748706	NaN	NaN
16	0.0	4	Sz	false	0	chi4	3.560809633262885e-11	-9.434490150922459e-9	9.434490150922459e-9	0.876936589555695	0.12306341044430502	0.33704257547748706	NaN	NaN
16	0.0	4	DoubleOcc	false	0	chi4	0.10073818251303357	0.0302379765411942	0.0302379765411942	0.876936589555695	0.12306341044430502	0.33704257547748706	NaN	NaN
16	0.0	4	ZZ onsite	true	2	chi4	-0.5970472699401885	0.12095191243486547	0.12095191243486547	0.876936589555695	0.12306341044430502	0.33704257547748706	16.630987365488412	50.23716488536049
16	0.0	4	ZZ up-up r=1	true	2	chi4	-0.3746278709413151	-0.32266054172845976	0.32266054172845976	0.876936589555695	0.12306341044430502	0.33704257547748706	1.3184735420132025	15.511890028275579
16	0.0	4	SzSz r=1	false	0	chi4	-0.07653632727931148	-0.06354449497609767	0.06354449497609767	0.876936589555695	0.12306341044430502	0.33704257547748706	NaN	NaN
16	0.0	4	hop up r=1	false	0	chi4	0.40906608401236844	0.40906608401236844	0.40906608401236844	0.876936589555695	0.12306341044430502	0.33704257547748706	NaN	NaN
16	0.0	4	n	false	0	chi8	0.9999999999961621	5.525797597272231e-10	5.525797597272231e-10	0.9998204767657048	0.0001795232342951536	0.007089219157168629	NaN	NaN
16	0.0	4	Sz	false	0	chi8	3.560809633262885e-11	3.185598937416323e-10	3.185598937416323e-10	0.9998204767657048	0.0001795232342951536	0.007089219157168629	NaN	NaN
16	0.0	4	DoubleOcc	false	0	chi8	0.10073818251303357	-0.00041710853130080827	0.00041710853130080827	0.9998204767657048	0.0001795232342951536	0.007089219157168629	NaN	NaN
16	0.0	4	ZZ onsite	true	2	chi8	-0.5970472699401885	-0.0016684352303610872	0.0016684352303610872	0.9998204767657048	0.0001795232342951536	0.007089219157168629	50.217856210182816	50.23716488536049
16	0.0	4	ZZ up-up r=1	true	2	chi8	-0.3746278709413151	-0.004067532816917074	0.004067532816917074	0.9998204767657048	0.0001795232342951536	0.007089219157168629	15.485398419975047	15.511890028275579
16	0.0	4	SzSz r=1	false	0	chi8	-0.07653632727931148	-0.0006425566366094204	0.0006425566366094204	0.9998204767657048	0.0001795232342951536	0.007089219157168629	NaN	NaN
16	0.0	4	hop up r=1	false	0	chi8	0.40906608401236844	0.004297488704715746	0.004297488704715746	0.9998204767657048	0.0001795232342951536	0.007089219157168629	NaN	NaN
16	0.0	4	n	false	0	chi16	0.9999999999961621	3.7205150071883963e-10	3.7205150071883963e-10	0.9999924259130214	7.57408697860118e-6	0.0015629816523307111	NaN	NaN
16	0.0	4	Sz	false	0	chi16	3.560809633262885e-11	-7.249270975173694e-11	7.249270975173694e-11	0.9999924259130214	7.57408697860118e-6	0.0015629816523307111	NaN	NaN
16	0.0	4	DoubleOcc	false	0	chi16	0.10073818251303357	0.0001580231313569047	0.0001580231313569047	0.9999924259130214	7.57408697860118e-6	0.0015629816523307111	NaN	NaN
16	0.0	4	ZZ onsite	true	2	chi16	-0.5970472699401885	0.0006320917813268379	0.0006320917813268379	0.9999924259130214	7.57408697860118e-6	0.0015629816523307111	50.2343926056479	50.23716488536049
16	0.0	4	ZZ up-up r=1	true	2	chi16	-0.3746278709413151	-0.0010760568432716666	0.0010760568432716666	0.9999924259130214	7.57408697860118e-6	0.0015629816523307111	15.510033049409788	15.511890028275579
16	0.0	4	SzSz r=1	false	0	chi16	-0.07653632727931148	-0.00025062798024269584	0.00025062798024269584	0.9999924259130214	7.57408697860118e-6	0.0015629816523307111	NaN	NaN
16	0.0	4	hop up r=1	false	0	chi16	0.40906608401236844	0.0004458910115745507	0.0004458910115745507	0.9999924259130214	7.57408697860118e-6	0.0015629816523307111	NaN	NaN
16	0.0	4	n	false	0	chi32	0.9999999999961621	-2.3219204337010524e-12	2.3219204337010524e-12	0.999999951558742	4.8441258004849885e-8	0.00013452567851155708	NaN	NaN
16	0.0	4	Sz	false	0	chi32	3.560809633262885e-11	-6.622105641618248e-12	6.622105641618248e-12	0.999999951558742	4.8441258004849885e-8	0.00013452567851155708	NaN	NaN
16	0.0	4	DoubleOcc	false	0	chi32	0.10073818251303357	-2.1818354845881682e-6	2.1818354845881682e-6	0.999999951558742	4.8441258004849885e-8	0.00013452567851155708	NaN	NaN
16	0.0	4	ZZ onsite	true	2	chi32	-0.5970472699401885	-8.72733729373465e-6	8.72733729373465e-6	0.999999951558742	4.8441258004849885e-8	0.00013452567851155708	50.23716435683707	50.23716488536049
16	0.0	4	ZZ up-up r=1	true	2	chi32	-0.3746278709413151	-5.9866406613928724e-5	5.9866406613928724e-5	0.999999951558742	4.8441258004849885e-8	0.00013452567851155708	15.51188427977276	15.511890028275579
16	0.0	4	SzSz r=1	false	0	chi32	-0.07653632727931148	-2.2582632492731958e-5	2.2582632492731958e-5	0.999999951558742	4.8441258004849885e-8	0.00013452567851155708	NaN	NaN
16	0.0	4	hop up r=1	false	0	chi32	0.40906608401236844	4.979423580114828e-5	4.979423580114828e-5	0.999999951558742	4.8441258004849885e-8	0.00013452567851155708	NaN	NaN
16	0.0	4	n	false	0	UHF	0.9999999999961621	-3.834932371660216e-12	3.834932371660216e-12	0.5505259235403701	0.4494740764596299	0.574672958341866	NaN	NaN
16	0.0	4	Sz	false	0	UHF	3.560809633262885e-11	-0.3844329948799838	0.3844329948799838	0.5505259235403701	0.4494740764596299	0.574672958341866	NaN	NaN
16	0.0	4	DoubleOcc	false	0	UHF	0.10073818251303357	-0.0014730899071935533	0.0014730899071935533	0.5505259235403701	0.4494740764596299	0.574672958341866	NaN	NaN
16	0.0	4	ZZ onsite	true	2	UHF	-0.5970472699401885	-0.005892359621102572	0.005892359621102572	0.5505259235403701	0.4494740764596299	0.574672958341866	49.997391244355846	50.23716488536049
16	0.0	4	ZZ up-up r=1	true	2	UHF	-0.3746278709413151	0.4092036932794785	0.4092036932794785	0.5505259235403701	0.4494740764596299	0.574672958341866	0.846986172244847	15.511890028275579
16	0.0	4	SzSz r=1	false	0	UHF	-0.07653632727931148	0.09535269482806583	0.09535269482806583	0.5505259235403701	0.4494740764596299	0.574672958341866	NaN	NaN
16	0.0	4	hop up r=1	false	0	UHF	0.40906608401236844	-0.029740196232754923	0.029740196232754923	0.5505259235403701	0.4494740764596299	0.574672958341866	NaN	NaN
16	0.0	4	n	false	0	UHFsym	0.9999999999961621	-3.835487483172528e-12	3.835487483172528e-12	0.9936773951899601	0.006322604810039878	0.07149207729685267	NaN	NaN
16	0.0	4	Sz	false	0	UHFsym	3.560809633262885e-11	3.5608110210416655e-11	3.5608110210416655e-11	0.9936773951899601	0.006322604810039878	0.07149207729685267	NaN	NaN
16	0.0	4	DoubleOcc	false	0	UHFsym	0.10073818251303357	-0.001473089907193248	0.001473089907193248	0.9936773951899601	0.006322604810039878	0.07149207729685267	NaN	NaN
16	0.0	4	ZZ onsite	true	2	UHFsym	-0.5970472699401885	-0.005892359621101018	0.005892359621101018	0.9936773951899601	0.006322604810039878	0.07149207729685267	49.99739124435597	50.23716488536049
16	0.0	4	ZZ up-up r=1	true	2	UHFsym	-0.3746278709413151	0.014674441906860292	0.014674441906860292	0.9936773951899601	0.006322604810039878	0.07149207729685267	15.174021536588585	15.511890028275579
16	0.0	4	SzSz r=1	false	0	UHFsym	-0.07653632727931148	-0.0032796180150877763	0.0032796180150877763	0.9936773951899601	0.006322604810039878	0.07149207729685267	NaN	NaN
16	0.0	4	hop up r=1	false	0	UHFsym	0.40906608401236844	-0.029740196232753868	0.029740196232753868	0.9936773951899601	0.006322604810039878	0.07149207729685267	NaN	NaN
16	0.0	5	n	false	0	chi2	0.9999999999924027	-7.596812068300096e-12	7.596812068300096e-12	0.6258565030554242	0.3741434969445758	0.47971274594055413	NaN	NaN
16	0.0	5	Sz	false	0	chi2	-1.0968347757822627e-10	7.641966923831677e-8	7.641966923831677e-8	0.6258565030554242	0.3741434969445758	0.47971274594055413	NaN	NaN
16	0.0	5	DoubleOcc	false	0	chi2	0.09948769046722405	0.09948769046722405	0.09948769046722405	0.6258565030554242	0.3741434969445758	0.47971274594055413	NaN	NaN
16	0.0	5	ZZ onsite	true	2	chi2	-0.6020492381159082	0.3979507618840914	0.3979507618840914	0.6258565030554242	0.3741434969445758	0.47971274594055413	2.2329470555010795	51.536632518226696
16	0.0	5	ZZ up-up r=1	true	2	chi2	-0.644911359398449	0.35508864060155054	0.35508864060155054	0.6258565030554242	0.3741434969445758	0.47971274594055413	3.184720471017592	64.2948320369144
16	0.0	5	SzSz r=1	false	0	chi2	-0.135294613558523	0.11470538644147688	0.11470538644147688	0.6258565030554242	0.3741434969445758	0.47971274594055413	NaN	NaN
16	0.0	5	hop up r=1	false	0	chi2	0.5594892111601015	0.5594892111601015	0.5594892111601015	0.6258565030554242	0.3741434969445758	0.47971274594055413	NaN	NaN
16	0.0	5	n	false	0	chi4	0.9999999999924027	-2.100601470544916e-9	2.100601470544916e-9	0.788421596667102	0.211578403332898	0.22419464277342563	NaN	NaN
16	0.0	5	Sz	false	0	chi4	-1.0968347757822627e-10	2.3241180452382437e-8	2.3241180452382437e-8	0.788421596667102	0.211578403332898	0.22419464277342563	NaN	NaN
16	0.0	5	DoubleOcc	false	0	chi4	0.09948769046722405	0.033609799732775225	0.033609799732775225	0.788421596667102	0.211578403332898	0.22419464277342563	NaN	NaN
16	0.0	5	ZZ onsite	true	2	chi4	-0.6020492381159082	0.1344392031323045	0.1344392031323045	0.788421596667102	0.211578403332898	0.22419464277342563	14.641243351947105	51.536632518226696
16	0.0	5	ZZ up-up r=1	true	2	chi4	-0.644911359398449	0.14844252527264246	0.14844252527264246	0.788421596667102	0.211578403332898	0.22419464277342563	14.768890601908224	64.2948320369144
16	0.0	5	SzSz r=1	false	0	chi4	-0.135294613558523	0.03010491276527638	0.03010491276527638	0.788421596667102	0.211578403332898	0.22419464277342563	NaN	NaN
16	0.0	5	hop up r=1	false	0	chi4	0.5594892111601015	-0.07398602428643652	0.07398602428643652	0.788421596667102	0.211578403332898	0.22419464277342563	NaN	NaN
16	0.0	5	n	false	0	chi8	0.9999999999924027	-8.009992669144594e-11	8.009992669144594e-11	0.9987275832260772	0.0012724167739227576	0.018807661086742786	NaN	NaN
16	0.0	5	Sz	false	0	chi8	-1.0968347757822627e-10	-1.4908465434393392e-9	1.4908465434393392e-9	0.9987275832260772	0.0012724167739227576	0.018807661086742786	NaN	NaN
16	0.0	5	DoubleOcc	false	0	chi8	0.09948769046722405	-0.00029613421826957254	0.00029613421826957254	0.9987275832260772	0.0012724167739227576	0.018807661086742786	NaN	NaN
16	0.0	5	ZZ onsite	true	2	chi8	-0.6020492381159082	-0.0011845367128771045	0.0011845367128771045	0.9987275832260772	0.0012724167739227576	0.018807661086742786	51.52655228889744	51.536632518226696
16	0.0	5	ZZ up-up r=1	true	2	chi8	-0.644911359398449	-0.010073083485553802	0.010073083485553802	0.9987275832260772	0.0012724167739227576	0.018807661086742786	63.317112781464836	64.2948320369144
16	0.0	5	SzSz r=1	false	0	chi8	-0.135294613558523	-0.002581334223996201	0.002581334223996201	0.9987275832260772	0.0012724167739227576	0.018807661086742786	NaN	NaN
16	0.0	5	hop up r=1	false	0	chi8	0.5594892111601015	0.0075652904049763325	0.0075652904049763325	0.9987275832260772	0.0012724167739227576	0.018807661086742786	NaN	NaN
16	0.0	5	n	false	0	chi16	0.9999999999924027	-2.8886071312683725e-10	2.8886071312683725e-10	0.9998876343898517	0.0001123656101482684	0.006628729636777344	NaN	NaN
16	0.0	5	Sz	false	0	chi16	-1.0968347757822627e-10	-6.652520201377854e-11	6.652520201377854e-11	0.9998876343898517	0.0001123656101482684	0.006628729636777344	NaN	NaN
16	0.0	5	DoubleOcc	false	0	chi16	0.09948769046722405	0.0002107985377021726	0.0002107985377021726	0.9998876343898517	0.0001123656101482684	0.006628729636777344	NaN	NaN
16	0.0	5	ZZ onsite	true	2	chi16	-0.6020492381159082	0.0008431947285314489	0.0008431947285314489	0.9998876343898517	0.0001123656101482684	0.006628729636777344	51.53152428130569	51.536632518226696
16	0.0	5	ZZ up-up r=1	true	2	chi16	-0.644911359398449	-0.002736273612226503	0.002736273612226503	0.9998876343898517	0.0001123656101482684	0.006628729636777344	64.22165602392917	64.2948320369144
16	0.0	5	SzSz r=1	false	0	chi16	-0.135294613558523	-5.1185673060200054e-5	5.1185673060200054e-5	0.9998876343898517	0.0001123656101482684	0.006628729636777344	NaN	NaN
16	0.0	5	hop up r=1	false	0	chi16	0.5594892111601015	0.0020613812279711707	0.0020613812279711707	0.9998876343898517	0.0001123656101482684	0.006628729636777344	NaN	NaN
16	0.0	5	n	false	0	chi32	0.9999999999924027	2.4416690891371218e-11	2.4416690891371218e-11	0.9999999305497015	6.945029851213036e-8	0.00011147272835480436	NaN	NaN
16	0.0	5	Sz	false	0	chi32	-1.0968347757822627e-10	-1.3674852916700786e-11	1.3674852916700786e-11	0.9999999305497015	6.945029851213036e-8	0.00011147272835480436	NaN	NaN
16	0.0	5	DoubleOcc	false	0	chi32	0.09948769046722405	-8.000307901712134e-7	8.000307901712134e-7	0.9999999305497015	6.945029851213036e-8	0.00011147272835480436	NaN	NaN
16	0.0	5	ZZ onsite	true	2	chi32	-0.6020492381159082	-3.2001719927343686e-6	3.2001719927343686e-6	0.9999999305497015	6.945029851213036e-8	0.00011147272835480436	51.53663244463905	51.536632518226696
16	0.0	5	ZZ up-up r=1	true	2	chi32	-0.644911359398449	2.7799216733237486e-5	2.7799216733237486e-5	0.9999999305497015	6.945029851213036e-8	0.00011147272835480436	64.29482447539046	64.2948320369144
16	0.0	5	SzSz r=1	false	0	chi32	-0.135294613558523	-8.485754965370518e-8	8.485754965370518e-8	0.9999999305497015	6.945029851213036e-8	0.00011147272835480436	NaN	NaN
16	0.0	5	hop up r=1	false	0	chi32	0.5594892111601015	-5.915913203757839e-7	5.915913203757839e-7	0.9999999305497015	6.945029851213036e-8	0.00011147272835480436	NaN	NaN
16	0.0	5	n	false	0	UHF	0.9999999999924027	-7.590483797059733e-12	7.590483797059733e-12	0.6192792034364039	0.38072079656359614	0.5718758515064373	NaN	NaN
16	0.0	5	Sz	false	0	UHF	-1.0968347757822627e-10	0.3845147400780398	0.3845147400780398	0.6192792034364039	0.38072079656359614	0.5718758515064373	NaN	NaN
16	0.0	5	DoubleOcc	false	0	UHF	0.09948769046722405	-0.002660724111140156	0.002660724111140156	0.6192792034364039	0.38072079656359614	0.5718758515064373	NaN	NaN
16	0.0	5	ZZ onsite	true	2	UHF	-0.6020492381159082	-0.010642896429378768	0.010642896429378768	0.6192792034364039	0.38072079656359614	0.5718758515064373	50.73537371735549	51.536632518226696
16	0.0	5	ZZ up-up r=1	true	2	UHF	-0.644911359398449	0.13908520344847797	0.13908520344847797	0.6192792034364039	0.38072079656359614	0.5718758515064373	16.302152164620423	64.2948320369144
16	0.0	5	SzSz r=1	false	0	UHF	-0.135294613558523	0.036624338942305434	0.036624338942305434	0.6192792034364039	0.38072079656359614	0.5718758515064373	NaN	NaN
16	0.0	5	hop up r=1	false	0	UHF	0.5594892111601015	0.12057976071819776	0.12057976071819776	0.6192792034364039	0.38072079656359614	0.5718758515064373	NaN	NaN
16	0.0	5	n	false	0	UHFsym	0.9999999999924027	-7.590150730152345e-12	7.590150730152345e-12	0.9393874339466869	0.06061256605331311	0.21196271669904276	NaN	NaN
16	0.0	5	Sz	false	0	UHFsym	-1.0968347757822627e-10	-1.0968347063933237e-10	1.0968347063933237e-10	0.9393874339466869	0.06061256605331311	0.21196271669904276	NaN	NaN
16	0.0	5	DoubleOcc	false	0	UHFsym	0.09948769046722405	-0.0026607241111393787	0.0026607241111393787	0.9393874339466869	0.06061256605331311	0.21196271669904276	NaN	NaN
16	0.0	5	ZZ onsite	true	2	UHFsym	-0.6020492381159082	-0.010642896429376103	0.010642896429376103	0.9393874339466869	0.06061256605331311	0.21196271669904276	50.73537371735589	51.536632518226696
16	0.0	5	ZZ up-up r=1	true	2	UHFsym	-0.644911359398449	-0.2554937206864492	0.2554937206864492	0.9393874339466869	0.06061256605331311	0.21196271669904276	5.880210915859644	64.2948320369144
16	0.0	5	SzSz r=1	false	0	UHFsym	-0.135294613558523	-0.06202039209142471	0.06202039209142471	0.9393874339466869	0.06061256605331311	0.21196271669904276	NaN	NaN
16	0.0	5	hop up r=1	false	0	UHFsym	0.5594892111601015	0.12057976071819931	0.12057976071819931	0.9393874339466869	0.06061256605331311	0.21196271669904276	NaN	NaN
16	0.0	6	n	false	0	chi2	0.9999999999939023	-6.09734485124136e-12	6.09734485124136e-12	0.625232769869703	0.374767230130297	0.4902713212479249	NaN	NaN
16	0.0	6	Sz	false	0	chi2	6.774579508483924e-11	-7.646160699037452e-8	7.646160699037452e-8	0.625232769869703	0.374767230130297	0.4902713212479249	NaN	NaN
16	0.0	6	DoubleOcc	false	0	chi2	0.10059020074832262	0.10059020074832264	0.10059020074832264	0.625232769869703	0.374767230130297	0.4902713212479249	NaN	NaN
16	0.0	6	ZZ onsite	true	2	chi2	-0.5976391969945118	0.4023608030054877	0.4023608030054877	0.625232769869703	0.374767230130297	0.4902713212479249	2.1546324418050773	50.3891158163162
16	0.0	6	ZZ up-up r=1	true	2	chi2	-0.3928212550108728	-0.05884260824890336	0.05884260824890336	0.625232769869703	0.374767230130297	0.4902713212479249	12.624575272930791	17.219052865055538
16	0.0	6	SzSz r=1	false	0	chi2	-0.08047344677040667	0.0030212149200856825	0.0030212149200856825	0.625232769869703	0.374767230130297	0.4902713212479249	NaN	NaN
16	0.0	6	hop up r=1	false	0	chi2	0.4198436250901364	0.4198436250901364	0.4198436250901364	0.625232769869703	0.374767230130297	0.4902713212479249	NaN	NaN
16	0.0	6	n	false	0	chi4	0.9999999999939023	2.0869050931793254e-9	2.0869050931793254e-9	0.8715113904010647	0.12848860959893527	0.3467995424604459	NaN	NaN
16	0.0	6	Sz	false	0	chi4	6.774579508483924e-11	-3.251686476329896e-8	3.251686476329896e-8	0.8715113904010647	0.12848860959893527	0.3467995424604459	NaN	NaN
16	0.0	6	DoubleOcc	false	0	chi4	0.10059020074832262	0.034712312106877474	0.034712312106877474	0.8715113904010647	0.12848860959893527	0.3467995424604459	NaN	NaN
16	0.0	6	ZZ onsite	true	2	chi4	-0.5976391969945118	0.13884924425370093	0.13884924425370093	0.8715113904010647	0.12848860959893527	0.3467995424604459	13.745445550120467	50.3891158163162
16	0.0	6	ZZ up-up r=1	true	2	chi4	-0.3928212550108728	-0.33448191630655083	0.33448191630655083	0.8715113904010647	0.12848860959893527	0.3467995424604459	1.3495314575047768	17.219052865055538
16	0.0	6	SzSz r=1	false	0	chi4	-0.08047344677040667	-0.06588861209432632	0.06588861209432632	0.8715113904010647	0.12848860959893527	0.3467995424604459	NaN	NaN
16	0.0	6	hop up r=1	false	0	chi4	0.4198436250901364	0.4198436250901364	0.4198436250901364	0.8715113904010647	0.12848860959893527	0.3467995424604459	NaN	NaN
16	0.0	6	n	false	0	chi8	0.9999999999939023	-2.0226009755930363e-10	2.0226009755930363e-10	0.9997111110702659	0.0002888889297341102	0.009733475624390085	NaN	NaN
16	0.0	6	Sz	false	0	chi8	6.774579508483924e-11	2.1857170066919007e-9	2.1857170066919007e-9	0.9997111110702659	0.0002888889297341102	0.009733475624390085	NaN	NaN
16	0.0	6	DoubleOcc	false	0	chi8	0.10059020074832262	-0.000579074030720661	0.000579074030720661	0.9997111110702659	0.0002888889297341102	0.009733475624390085	NaN	NaN
16	0.0	6	ZZ onsite	true	2	chi8	-0.5976391969945118	-0.0023162957183610056	0.0023162957183610056	0.9997111110702659	0.0002888889297341102	0.009733475624390085	50.35176021167346	50.3891158163162
16	0.0	6	ZZ up-up r=1	true	2	chi8	-0.3928212550108728	-0.004330807601033881	0.004330807601033881	0.9997111110702659	0.0002888889297341102	0.009733475624390085	17.185174125103313	17.219052865055538
16	0.0	6	SzSz r=1	false	0	chi8	-0.08047344677040667	-0.0008027317112162119	0.0008027317112162119	0.9997111110702659	0.0002888889297341102	0.009733475624390085	NaN	NaN
16	0.0	6	hop up r=1	false	0	chi8	0.4198436250901364	0.005203185160547297	0.005203185160547297	0.9997111110702659	0.0002888889297341102	0.009733475624390085	NaN	NaN
16	0.0	6	n	false	0	chi16	0.9999999999939023	6.409650588068416e-12	6.409650588068416e-12	0.9998776313795554	0.00012236862044456842	0.0031418472501106255	NaN	NaN
16	0.0	6	Sz	false	0	chi16	6.774579508483924e-11	-9.9472374781584e-12	9.9472374781584e-12	0.9998776313795554	0.00012236862044456842	0.0031418472501106255	NaN	NaN
16	0.0	6	DoubleOcc	false	0	chi16	0.10059020074832262	0.000272382553767353	0.000272382553767353	0.9998776313795554	0.00012236862044456842	0.0031418472501106255	NaN	NaN
16	0.0	6	ZZ onsite	true	2	chi16	-0.5976391969945118	0.0010895302022536635	0.0010895302022536635	0.9998776313795554	0.00012236862044456842	0.0031418472501106255	50.3808459763169	50.3891158163162
16	0.0	6	ZZ up-up r=1	true	2	chi16	-0.3928212550108728	-0.0013452157608666582	0.0013452157608666582	0.9998776313795554	0.00012236862044456842	0.0031418472501106255	17.21577835680976	17.219052865055538
16	0.0	6	SzSz r=1	false	0	chi16	-0.08047344677040667	-0.0003887262114232043	0.0003887262114232043	0.9998776313795554	0.00012236862044456842	0.0031418472501106255	NaN	NaN
16	0.0	6	hop up r=1	false	0	chi16	0.4198436250901364	0.0017476935742700705	0.0017476935742700705	0.9998776313795554	0.00012236862044456842	0.0031418472501106255	NaN	NaN
16	0.0	6	n	false	0	chi32	0.9999999999939023	-9.552247881572384e-12	9.552247881572384e-12	0.9999999085988512	9.140114876071692e-8	0.00020108884111530895	NaN	NaN
16	0.0	6	Sz	false	0	chi32	6.774579508483924e-11	1.0747253781362431e-11	1.0747253781362431e-11	0.9999999085988512	9.140114876071692e-8	0.00020108884111530895	NaN	NaN
16	0.0	6	DoubleOcc	false	0	chi32	0.10059020074832262	-3.2396538096057803e-6	3.2396538096057803e-6	0.9999999085988512	9.140114876071692e-8	0.00020108884111530895	NaN	NaN
16	0.0	6	ZZ onsite	true	2	chi32	-0.5976391969945118	-1.2958596131373845e-5	1.2958596131373845e-5	0.9999999085988512	9.140114876071692e-8	0.00020108884111530895	50.38911464626264	50.3891158163162
16	0.0	6	ZZ up-up r=1	true	2	chi32	-0.3928212550108728	-0.00011871498799775893	0.00011871498799775893	0.9999999085988512	9.140114876071692e-8	0.00020108884111530895	17.219027358298014	17.219052865055538
16	0.0	6	SzSz r=1	false	0	chi32	-0.08047344677040667	-3.817183883099429e-5	3.817183883099429e-5	0.9999999085988512	9.140114876071692e-8	0.00020108884111530895	NaN	NaN
16	0.0	6	hop up r=1	false	0	chi32	0.4198436250901364	8.646347638979757e-5	8.646347638979757e-5	0.9999999085988512	9.140114876071692e-8	0.00020108884111530895	NaN	NaN
16	0.0	6	n	false	0	UHF	0.9999999999939023	-6.097677918148747e-12	6.097677918148747e-12	0.5563184304235681	0.4436815695764319	0.5729969729789506	NaN	NaN
16	0.0	6	Sz	false	0	UHF	6.774579508483924e-11	-0.3844813964523217	0.3844813964523217	0.5563184304235681	0.4436815695764319	0.5729969729789506	NaN	NaN
16	0.0	6	DoubleOcc	false	0	UHF	0.10059020074832262	-0.0015838549816559744	0.0015838549816559744	0.5563184304235681	0.4436815695764319	0.5729969729789506	NaN	NaN
16	0.0	6	ZZ onsite	true	2	UHF	-0.5976391969945118	-0.00633541991442621	0.00633541991442621	0.5563184304235681	0.4436815695764319	0.5729969729789506	50.11099280551873	50.3891158163162
16	0.0	6	ZZ up-up r=1	true	2	UHF	-0.3928212550108728	0.3911158075215256	0.3911158075215256	0.5563184304235681	0.4436815695764319	0.5729969729789506	1.0082281966127207	17.219052865055538
16	0.0	6	SzSz r=1	false	0	UHF	-0.08047344677040667	0.09143199755306074	0.09143199755306074	0.5563184304235681	0.4436815695764319	0.5729969729789506	NaN	NaN
16	0.0	6	hop up r=1	false	0	UHF	0.4198436250901364	-0.019053367924244946	0.019053367924244946	0.5563184304235681	0.4436815695764319	0.5729969729789506	NaN	NaN
16	0.0	6	n	false	0	UHFsym	0.9999999999939023	-6.097677918148747e-12	6.097677918148747e-12	0.9934994331869385	0.006500566813061548	0.07528917163749203	NaN	NaN
16	0.0	6	Sz	false	0	UHFsym	6.774579508483924e-11	6.774580896262705e-11	6.774580896262705e-11	0.9934994331869385	0.006500566813061548	0.07528917163749203	NaN	NaN
16	0.0	6	DoubleOcc	false	0	UHFsym	0.10059020074832262	-0.00158385498165603	0.00158385498165603	0.9934994331869385	0.006500566813061548	0.07528917163749203	NaN	NaN
16	0.0	6	ZZ onsite	true	2	UHFsym	-0.5976391969945118	-0.006335419914426432	0.006335419914426432	0.9934994331869385	0.006500566813061548	0.07528917163749203	50.110992805518705	50.3891158163162
16	0.0	6	ZZ up-up r=1	true	2	UHFsym	-0.3928212550108728	-0.0034307117723367253	0.0034307117723367253	0.9934994331869385	0.006500566813061548	0.07528917163749203	17.197777534128576	17.219052865055538
16	0.0	6	SzSz r=1	false	0	UHFsym	-0.08047344677040667	-0.007204632270406061	0.007204632270406061	0.9934994331869385	0.006500566813061548	0.07528917163749203	NaN	NaN
16	0.0	6	hop up r=1	false	0	UHFsym	0.4198436250901364	-0.019053367924245557	0.019053367924245557	0.9934994331869385	0.006500566813061548	0.07528917163749203	NaN	NaN
16	0.0	7	n	false	0	chi2	0.999999999997504	-2.496003403962277e-12	2.496003403962277e-12	0.6200402166552493	0.37995978334475067	0.48280098178343134	NaN	NaN
16	0.0	7	Sz	false	0	chi2	-8.673294721317504e-11	8.291688772374013e-8	8.291688772374013e-8	0.6200402166552493	0.37995978334475067	0.48280098178343134	NaN	NaN
16	0.0	7	DoubleOcc	false	0	chi2	0.1000684870102381	0.1000684870102381	0.1000684870102381	0.6200402166552493	0.37995978334475067	0.48280098178343134	NaN	NaN
16	0.0	7	ZZ onsite	true	2	chi2	-0.5997260519540544	0.4002739480459456	0.4002739480459456	0.6200402166552493	0.37995978334475067	0.48280098178343134	2.1913069660763886	50.92871225816537
16	0.0	7	ZZ up-up r=1	true	2	chi2	-0.6334932221813381	0.3665067778186619	0.3665067778186619	0.6200402166552493	0.37995978334475067	0.48280098178343134	2.8926827392221566	60.58433210935571
16	0.0	7	SzSz r=1	false	0	chi2	-0.13280813092550825	0.11719186907449175	0.11719186907449175	0.6200402166552493	0.37995978334475067	0.48280098178343134	NaN	NaN
16	0.0	7	hop up r=1	false	0	chi2	0.5534715307610385	0.5534715307610385	0.5534715307610385	0.6200402166552493	0.37995978334475067	0.48280098178343134	NaN	NaN
16	0.0	7	n	false	0	chi4	0.999999999997504	1.1309086223043607e-8	1.1309086223043607e-8	0.7845845743540137	0.21541542564598626	0.2291914146959418	NaN	NaN
16	0.0	7	Sz	false	0	chi4	-8.673294721317504e-11	2.0119487673109226e-8	2.0119487673109226e-8	0.7845845743540137	0.21541542564598626	0.2291914146959418	NaN	NaN
16	0.0	7	DoubleOcc	false	0	chi4	0.1000684870102381	0.03514264429077951	0.03514264429077951	0.7845845743540137	0.21541542564598626	0.2291914146959418	NaN	NaN
16	0.0	7	ZZ onsite	true	2	chi4	-0.5997260519540544	0.14057055454494582	0.14057055454494582	0.7845845743540137	0.21541542564598626	0.2291914146959418	13.60621761969542	50.92871225816537
16	0.0	7	ZZ up-up r=1	true	2	chi4	-0.6334932221813381	0.14442684071713008	0.14442684071713008	0.7845845743540137	0.21541542564598626	0.2291914146959418	14.787415761751571	60.58433210935571
16	0.0	7	SzSz r=1	false	0	chi4	-0.13280813092550825	0.029208960611483703	0.029208960611483703	0.7845845743540137	0.21541542564598626	0.2291914146959418	NaN	NaN
16	0.0	7	hop up r=1	false	0	chi4	0.5534715307610385	-0.07276052736122718	0.07276052736122718	0.7845845743540137	0.21541542564598626	0.2291914146959418	NaN	NaN
16	0.0	7	n	false	0	chi8	0.999999999997504	-9.381324606039243e-10	9.381324606039243e-10	0.9983777124606538	0.0016222875393462344	0.021395457753794686	NaN	NaN
16	0.0	7	Sz	false	0	chi8	-8.673294721317504e-11	-1.456325025850358e-9	1.456325025850358e-9	0.9983777124606538	0.0016222875393462344	0.021395457753794686	NaN	NaN
16	0.0	7	DoubleOcc	false	0	chi8	0.1000684870102381	-8.326590307872195e-5	8.326590307872195e-5	0.9983777124606538	0.0016222875393462344	0.021395457753794686	NaN	NaN
16	0.0	7	ZZ onsite	true	2	chi8	-0.5997260519540544	-0.0003330617360500776	0.0003330617360500776	0.9983777124606538	0.0016222875393462344	0.021395457753794686	50.927928016294715	50.92871225816537
16	0.0	7	ZZ up-up r=1	true	2	chi8	-0.6334932221813381	-0.011561950418248368	0.011561950418248368	0.9983777124606538	0.0016222875393462344	0.021395457753794686	59.405273655886454	60.58433210935571
16	0.0	7	SzSz r=1	false	0	chi8	-0.13280813092550825	-0.0030441918411234503	0.0030441918411234503	0.9983777124606538	0.0016222875393462344	0.021395457753794686	NaN	NaN
16	0.0	7	hop up r=1	false	0	chi8	0.5534715307610385	0.009121349817252544	0.009121349817252544	0.9983777124606538	0.0016222875393462344	0.021395457753794686	NaN	NaN
16	0.0	7	n	false	0	chi16	0.999999999997504	-1.0183875964742128e-10	1.0183875964742128e-10	0.9998884617533281	0.00011153824667187173	0.006721045013949821	NaN	NaN
16	0.0	7	Sz	false	0	chi16	-8.673294721317504e-11	5.668189528851286e-11	5.668189528851286e-11	0.9998884617533281	0.00011153824667187173	0.006721045013949821	NaN	NaN
16	0.0	7	DoubleOcc	false	0	chi16	0.1000684870102381	0.00037169806551332063	0.00037169806551332063	0.9998884617533281	0.00011153824667187173	0.006721045013949821	NaN	NaN
16	0.0	7	ZZ onsite	true	2	chi16	-0.5997260519540544	0.001486792465732245	0.001486792465732245	0.9998884617533281	0.00011153824667187173	0.006721045013949821	50.9130888893548	50.92871225816537
16	0.0	7	ZZ up-up r=1	true	2	chi16	-0.6334932221813381	-0.0027771563460523563	0.0027771563460523563	0.9998884617533281	0.00011153824667187173	0.006721045013949821	60.515035484491456	60.58433210935571
16	0.0	7	SzSz r=1	false	0	chi16	-0.13280813092550825	-4.587216157403429e-5	4.587216157403429e-5	0.9998884617533281	0.00011153824667187173	0.006721045013949821	NaN	NaN
16	0.0	7	hop up r=1	false	0	chi16	0.5534715307610385	0.0021740844647157864	0.0021740844647157864	0.9998884617533281	0.00011153824667187173	0.006721045013949821	NaN	NaN
16	0.0	7	n	false	0	chi32	0.999999999997504	-1.2360779066966643e-11	1.2360779066966643e-11	0.999999695758572	3.042414280507444e-7	0.0001398249936990519	NaN	NaN
16	0.0	7	Sz	false	0	chi32	-8.673294721317504e-11	-1.9872603562731683e-11	1.9872603562731683e-11	0.999999695758572	3.042414280507444e-7	0.0001398249936990519	NaN	NaN
16	0.0	7	DoubleOcc	false	0	chi32	0.1000684870102381	-2.089214322709143e-6	2.089214322709143e-6	0.999999695758572	3.042414280507444e-7	0.0001398249936990519	NaN	NaN
16	0.0	7	ZZ onsite	true	2	chi32	-0.5997260519540544	-8.356832566724925e-6	8.356832566724925e-6	0.999999695758572	3.042414280507444e-7	0.0001398249936990519	50.92871176443411	50.92871225816537
16	0.0	7	ZZ up-up r=1	true	2	chi32	-0.6334932221813381	-1.6717929188447833e-5	1.6717929188447833e-5	0.999999695758572	3.042414280507444e-7	0.0001398249936990519	60.58432959530865	60.58433210935571
16	0.0	7	SzSz r=1	false	0	chi32	-0.13280813092550825	-9.412355322646615e-6	9.412355322646615e-6	0.999999695758572	3.042414280507444e-7	0.0001398249936990519	NaN	NaN
16	0.0	7	hop up r=1	false	0	chi32	0.5534715307610385	1.5299730284468183e-5	1.5299730284468183e-5	0.999999695758572	3.042414280507444e-7	0.0001398249936990519	NaN	NaN
16	0.0	7	n	false	0	UHF	0.999999999997504	-2.5004442960607776e-12	2.5004442960607776e-12	0.6172944970002252	0.3827055029997748	0.5710192177350892	NaN	NaN
16	0.0	7	Sz	false	0	UHF	-8.673294721317504e-11	0.3844831617822403	0.3844831617822403	0.6172944970002252	0.3827055029997748	0.5710192177350892	NaN	NaN
16	0.0	7	DoubleOcc	false	0	UHF	0.1000684870102381	-0.0021042112290010073	0.0021042112290010073	0.6172944970002252	0.3827055029997748	0.5710192177350892	NaN	NaN
16	0.0	7	ZZ onsite	true	2	UHF	-0.5997260519540544	-0.00841684491100192	0.00841684491100192	0.6172944970002252	0.3827055029997748	0.5710192177350892	50.43274185036308	50.92871225816537
16	0.0	7	ZZ up-up r=1	true	2	UHF	-0.6334932221813381	0.15044755337923066	0.15044755337923066	0.6172944970002252	0.3827055029997748	0.5710192177350892	13.893538440291035	60.58433210935571
16	0.0	7	SzSz r=1	false	0	UHF	-0.13280813092550825	0.03909789236515068	0.03909789236515068	0.6172944970002252	0.3827055029997748	0.5710192177350892	NaN	NaN
16	0.0	7	hop up r=1	false	0	UHF	0.5534715307610385	0.11457135441581606	0.11457135441581606	0.6172944970002252	0.3827055029997748	0.5710192177350892	NaN	NaN
16	0.0	7	n	false	0	UHFsym	0.999999999997504	-2.5006663406657026e-12	2.5006663406657026e-12	0.9441918220933797	0.05580817790662029	0.20498839085152148	NaN	NaN
16	0.0	7	Sz	false	0	UHFsym	-8.673294721317504e-11	-8.673297496875065e-11	8.673297496875065e-11	0.9441918220933797	0.05580817790662029	0.20498839085152148	NaN	NaN
16	0.0	7	DoubleOcc	false	0	UHFsym	0.1000684870102381	-0.0021042112290008963	0.0021042112290008963	0.9441918220933797	0.05580817790662029	0.20498839085152148	NaN	NaN
16	0.0	7	ZZ onsite	true	2	UHFsym	-0.5997260519540544	-0.008416844911001031	0.008416844911001031	0.9441918220933797	0.05580817790662029	0.20498839085152148	50.43274185036318	50.92871225816537
16	0.0	7	ZZ up-up r=1	true	2	UHFsym	-0.6334932221813381	-0.24409957891920697	0.24409957891920697	0.9441918220933797	0.05580817790662029	0.20498839085152148	6.15274360850912	60.58433210935571
16	0.0	7	SzSz r=1	false	0	UHFsym	-0.13280813092550825	-0.05953889070945889	0.05953889070945889	0.9441918220933797	0.05580817790662029	0.20498839085152148	NaN	NaN
16	0.0	7	hop up r=1	false	0	UHFsym	0.5534715307610385	0.11457135441581512	0.11457135441581512	0.9441918220933797	0.05580817790662029	0.20498839085152148	NaN	NaN
16	0.0	8	n	false	0	chi2	0.9999999999895501	-1.0449308085469511e-11	1.0449308085469511e-11	0.62427374787527	0.37572625212473	0.4917081945760169	NaN	NaN
16	0.0	8	Sz	false	0	chi2	6.825333007109968e-11	-8.293536743822494e-8	8.293536743822494e-8	0.62427374787527	0.37572625212473	0.4917081945760169	NaN	NaN
16	0.0	8	DoubleOcc	false	0	chi2	0.10035737699017858	0.10035737699017855	0.10035737699017855	0.62427374787527	0.37572625212473	0.4917081945760169	NaN	NaN
16	0.0	8	ZZ onsite	true	2	chi2	-0.5985704920183841	0.40142950798161536	0.40142950798161536	0.62427374787527	0.37572625212473	0.4917081945760169	2.1709148075097433	50.62916852856082
16	0.0	8	ZZ up-up r=1	true	2	chi2	-0.3978048604828066	-0.05588934129602918	0.05588934129602918	0.62427374787527	0.37572625212473	0.4917081945760169	13.318044978697623	17.71105450364996
16	0.0	8	SzSz r=1	false	0	chi2	-0.08155407383732062	0.003924805959373737	0.003924805959373737	0.62427374787527	0.37572625212473	0.4917081945760169	NaN	NaN
16	0.0	8	hop up r=1	false	0	chi2	0.4227169615035098	0.4227169615035098	0.4227169615035098	0.62427374787527	0.37572625212473	0.4917081945760169	NaN	NaN
16	0.0	8	n	false	0	chi4	0.9999999999895501	-1.1322032866800669e-8	1.1322032866800669e-8	0.8700843856463436	0.1299156143536564	0.3494750639558627	NaN	NaN
16	0.0	8	Sz	false	0	chi4	6.825333007109968e-11	-8.397395851594824e-9	8.397395851594824e-9	0.8700843856463436	0.1299156143536564	0.3494750639558627	NaN	NaN
16	0.0	8	DoubleOcc	false	0	chi4	0.10035737699017858	0.0354315229591369	0.0354315229591369	0.8700843856463436	0.1299156143536564	0.3494750639558627	NaN	NaN
16	0.0	8	ZZ onsite	true	2	chi4	-0.5985704920183841	0.14172611448061567	0.14172611448061567	0.8700843856463436	0.1299156143536564	0.3494750639558627	13.385765280004362	50.62916852856082
16	0.0	8	ZZ up-up r=1	true	2	chi4	-0.3978048604828066	-0.33694326491432003	0.33694326491432003	0.8700843856463436	0.1299156143536564	0.3494750639558627	1.363559137402918	17.71105450364996
16	0.0	8	SzSz r=1	false	0	chi4	-0.08155407383732062	-0.06633867494519897	0.06633867494519897	0.8700843856463436	0.1299156143536564	0.3494750639558627	NaN	NaN
16	0.0	8	hop up r=1	false	0	chi4	0.4227169615035098	0.4227169615035098	0.4227169615035098	0.8700843856463436	0.1299156143536564	0.3494750639558627	NaN	NaN
16	0.0	8	n	false	0	chi8	0.9999999999895501	1.0861844756959727e-9	1.0861844756959727e-9	0.9996557292188516	0.0003442707811484036	0.010948481697721935	NaN	NaN
16	0.0	8	Sz	false	0	chi8	6.825333007109968e-11	3.612213861359237e-10	3.612213861359237e-10	0.9996557292188516	0.0003442707811484036	0.010948481697721935	NaN	NaN
16	0.0	8	DoubleOcc	false	0	chi8	0.10035737699017858	-0.0005939715950023794	0.0005939715950023794	0.9996557292188516	0.0003442707811484036	0.010948481697721935	NaN	NaN
16	0.0	8	ZZ onsite	true	2	chi8	-0.5985704920183841	-0.002375888552378913	0.002375888552378913	0.9996557292188516	0.0003442707811484036	0.010948481697721935	50.58961184532023	50.62916852856082
16	0.0	8	ZZ up-up r=1	true	2	chi8	-0.3978048604828066	-0.004365509915066401	0.004365509915066401	0.9996557292188516	0.0003442707811484036	0.010948481697721935	17.675482778502886	17.71105450364996
16	0.0	8	SzSz r=1	false	0	chi8	-0.08155407383732062	-0.0007873035619198054	0.0007873035619198054	0.9996557292188516	0.0003442707811484036	0.010948481697721935	NaN	NaN
16	0.0	8	hop up r=1	false	0	chi8	0.4227169615035098	0.005699855880129889	0.005699855880129889	0.9996557292188516	0.0003442707811484036	0.010948481697721935	NaN	NaN
16	0.0	8	n	false	0	chi16	0.9999999999895501	2.1350632373184908e-10	2.1350632373184908e-10	0.9998502137068342	0.00014978629316575454	0.003594422250993182	NaN	NaN
16	0.0	8	Sz	false	0	chi16	6.825333007109968e-11	-3.496867274910276e-10	3.496867274910276e-10	0.9998502137068342	0.00014978629316575454	0.003594422250993182	NaN	NaN
16	0.0	8	DoubleOcc	false	0	chi16	0.10035737699017858	0.0003963305637770531	0.0003963305637770531	0.9998502137068342	0.00014978629316575454	0.003594422250993182	NaN	NaN
16	0.0	8	ZZ onsite	true	2	chi16	-0.5985704920183841	0.0015853218280976744	0.0015853218280976744	0.9998502137068342	0.00014978629316575454	0.003594422250993182	50.6115491372183	50.62916852856082
16	0.0	8	ZZ up-up r=1	true	2	chi16	-0.3978048604828066	-0.0024360747095731883	0.0024360747095731883	0.9998502137068342	0.00014978629316575454	0.003594422250993182	17.699962315354497	17.71105450364996
16	0.0	8	SzSz r=1	false	0	chi16	-0.08155407383732062	-0.00024211850106507782	0.00024211850106507782	0.9998502137068342	0.00014978629316575454	0.003594422250993182	NaN	NaN
16	0.0	8	hop up r=1	false	0	chi16	0.4227169615035098	0.0021823156396939547	0.0021823156396939547	0.9998502137068342	0.00014978629316575454	0.003594422250993182	NaN	NaN
16	0.0	8	n	false	0	chi32	0.9999999999895501	1.4782730595186422e-11	1.4782730595186422e-11	0.9999998963673589	1.0363264113522064e-7	0.00021771764163405755	NaN	NaN
16	0.0	8	Sz	false	0	chi32	6.825333007109968e-11	6.841992250539164e-13	6.841992250539164e-13	0.9999998963673589	1.0363264113522064e-7	0.00021771764163405755	NaN	NaN
16	0.0	8	DoubleOcc	false	0	chi32	0.10035737699017858	-2.2000763591489836e-6	2.2000763591489836e-6	0.9999998963673589	1.0363264113522064e-7	0.00021771764163405755	NaN	NaN
16	0.0	8	ZZ onsite	true	2	chi32	-0.5985704920183841	-8.800334999614634e-6	8.800334999614634e-6	0.9999998963673589	1.0363264113522064e-7	0.00021771764163405755	50.629167985428566	50.62916852856082
16	0.0	8	ZZ up-up r=1	true	2	chi32	-0.3978048604828066	-0.00014386712555558567	0.00014386712555558567	0.9999998963673589	1.0363264113522064e-7	0.00021771764163405755	17.71101579301555	17.71105450364996
16	0.0	8	SzSz r=1	false	0	chi32	-0.08155407383732062	-4.321406686590146e-5	4.321406686590146e-5	0.9999998963673589	1.0363264113522064e-7	0.00021771764163405755	NaN	NaN
16	0.0	8	hop up r=1	false	0	chi32	0.4227169615035098	0.00010409997357258005	0.00010409997357258005	0.9999998963673589	1.0363264113522064e-7	0.00021771764163405755	NaN	NaN
16	0.0	8	n	false	0	UHF	0.9999999999895501	-1.0453859999870474e-11	1.0453859999870474e-11	0.5578594800877292	0.44214051991227077	0.5725724818625076	NaN	NaN
16	0.0	8	Sz	false	0	UHF	6.825333007109968e-11	-0.3844819938182643	0.3844819938182643	0.5578594800877292	0.44214051991227077	0.5725724818625076	NaN	NaN
16	0.0	8	DoubleOcc	false	0	UHF	0.10035737699017858	-0.0018162193868712373	0.0018162193868712373	0.5578594800877292	0.44214051991227077	0.5725724818625076	NaN	NaN
16	0.0	8	ZZ onsite	true	2	UHF	-0.5985704920183841	-0.007264877526575342	0.007264877526575342	0.5578594800877292	0.44214051991227077	0.5725724818625076	50.261716790845675	50.62916852856082
16	0.0	8	ZZ up-up r=1	true	2	UHF	-0.3978048604828066	0.3861337007602106	0.3861337007602106	0.5578594800877292	0.44214051991227077	0.5725724818625076	1.0577002806434532	17.71105450364996
16	0.0	8	SzSz r=1	false	0	UHF	-0.08155407383732062	0.09035144812953165	0.09035144812953165	0.5578594800877292	0.44214051991227077	0.5725724818625076	NaN	NaN
16	0.0	8	hop up r=1	false	0	UHF	0.4227169615035098	-0.01618273860029551	0.01618273860029551	0.5578594800877292	0.44214051991227077	0.5725724818625076	NaN	NaN
16	0.0	8	n	false	0	UHFsym	0.9999999999895501	-1.0453637955265549e-11	1.0453637955265549e-11	0.9933874477567844	0.006612552243215553	0.07651485562106689	NaN	NaN
16	0.0	8	Sz	false	0	UHFsym	6.825333007109968e-11	6.825334394888749e-11	6.825334394888749e-11	0.9933874477567844	0.006612552243215553	0.07651485562106689	NaN	NaN
16	0.0	8	DoubleOcc	false	0	UHFsym	0.10035737699017858	-0.0018162193868718202	0.0018162193868718202	0.9933874477567844	0.006612552243215553	0.07651485562106689	NaN	NaN
16	0.0	8	ZZ onsite	true	2	UHFsym	-0.5985704920183841	-0.007264877526578117	0.007264877526578117	0.9933874477567844	0.006612552243215553	0.07651485562106689	50.26171679084539	50.62916852856082
16	0.0	8	ZZ up-up r=1	true	2	UHFsym	-0.3978048604828066	-0.00841223298345778	0.00841223298345778	0.9933874477567844	0.006612552243215553	0.07651485562106689	17.579684159332295	17.71105450364996
16	0.0	8	SzSz r=1	false	0	UHFsym	-0.08155407383732062	-0.008285035306384372	0.008285035306384372	0.9933874477567844	0.006612552243215553	0.07651485562106689	NaN	NaN
16	0.0	8	hop up r=1	false	0	UHFsym	0.4227169615035098	-0.016182738600293123	0.016182738600293123	0.9933874477567844	0.006612552243215553	0.07651485562106689	NaN	NaN
16	0.0	9	n	false	0	chi2	1.0000000000074658	7.465583706789403e-12	7.465583706789403e-12	0.6201535246583286	0.3798464753416714	0.48302744475345494	NaN	NaN
16	0.0	9	Sz	false	0	chi2	-9.023015667963818e-11	6.856611259309237e-8	6.856611259309237e-8	0.6201535246583286	0.3798464753416714	0.48302744475345494	NaN	NaN
16	0.0	9	DoubleOcc	false	0	chi2	0.10035737704411643	0.10035737704411643	0.10035737704411643	0.6201535246583286	0.3798464753416714	0.48302744475345494	NaN	NaN
16	0.0	9	ZZ onsite	true	2	chi2	-0.5985704918384641	0.4014295081615361	0.4014295081615361	0.6201535246583286	0.3798464753416714	0.48302744475345494	2.170914804351024	50.62916848206756
16	0.0	9	ZZ up-up r=1	true	2	chi2	-0.6334932220897574	0.3665067779102428	0.3665067779102428	0.6201535246583286	0.3798464753416714	0.48302744475345494	2.892682737005493	60.58433208058008
16	0.0	9	SzSz r=1	false	0	chi2	-0.13280813089215746	0.1171918691078426	0.1171918691078426	0.6201535246583286	0.3798464753416714	0.48302744475345494	NaN	NaN
16	0.0	9	hop up r=1	false	0	chi2	0.5534715307633535	0.5534715307633535	0.5534715307633535	0.6201535246583286	0.3798464753416714	0.48302744475345494	NaN	NaN
16	0.0	9	n	false	0	chi4	1.0000000000074658	4.811645526459074e-10	4.811645526459074e-10	0.7848256569446218	0.2151743430553782	0.22915317240334826	NaN	NaN
16	0.0	9	Sz	false	0	chi4	-9.023015667963818e-11	1.4253085656168452e-9	1.4253085656168452e-9	0.7848256569446218	0.2151743430553782	0.22915317240334826	NaN	NaN
16	0.0	9	DoubleOcc	false	0	chi4	0.10035737704411643	0.035750283137516076	0.035750283137516076	0.7848256569446218	0.2151743430553782	0.22915317240334826	NaN	NaN
16	0.0	9	ZZ onsite	true	2	chi4	-0.5985704918384641	0.14300113158773686	0.14300113158773686	0.7848256569446218	0.2151743430553782	0.22915317240334826	13.210134311030357	50.62916848206756
16	0.0	9	ZZ up-up r=1	true	2	chi4	-0.6334932220897574	0.1411633869788287	0.1411633869788287	0.7848256569446218	0.2151743430553782	0.22915317240334826	15.304325953898932	60.58433208058008
16	0.0	9	SzSz r=1	false	0	chi4	-0.13280813089215746	0.028552474303264158	0.028552474303264158	0.7848256569446218	0.2151743430553782	0.22915317240334826	NaN	NaN
16	0.0	9	hop up r=1	false	0	chi4	0.5534715307633535	-0.07075650964115754	0.07075650964115754	0.7848256569446218	0.2151743430553782	0.22915317240334826	NaN	NaN
16	0.0	9	n	false	0	chi8	1.0000000000074658	-2.5551405435919605e-10	2.5551405435919605e-10	0.9983260134972568	0.0016739865027431966	0.021879180327579646	NaN	NaN
16	0.0	9	Sz	false	0	chi8	-9.023015667963818e-11	-8.56920090441804e-12	8.56920090441804e-12	0.9983260134972568	0.0016739865027431966	0.021879180327579646	NaN	NaN
16	0.0	9	DoubleOcc	false	0	chi8	0.10035737704411643	2.770173901106565e-5	2.770173901106565e-5	0.9983260134972568	0.0016739865027431966	0.021879180327579646	NaN	NaN
16	0.0	9	ZZ onsite	true	2	chi8	-0.5985704918384641	0.00011080746707148315	0.00011080746707148315	0.9983260134972568	0.0016739865027431966	0.021879180327579646	50.629082373869046	50.62916848206756
16	0.0	9	ZZ up-up r=1	true	2	chi8	-0.6334932220897574	-0.012122126445865966	0.012122126445865966	0.9983260134972568	0.0016739865027431966	0.021879180327579646	59.29075378077163	60.58433208058008
16	0.0	9	SzSz r=1	false	0	chi8	-0.13280813089215746	-0.00323229229705993	0.00323229229705993	0.9983260134972568	0.0016739865027431966	0.021879180327579646	NaN	NaN
16	0.0	9	hop up r=1	false	0	chi8	0.5534715307633535	0.009464106867595912	0.009464106867595912	0.9983260134972568	0.0016739865027431966	0.021879180327579646	NaN	NaN
16	0.0	9	n	false	0	chi16	1.0000000000074658	-6.006573016748007e-11	6.006573016748007e-11	0.9998864869348234	0.00011351306517659587	0.006774719369262623	NaN	NaN
16	0.0	9	Sz	false	0	chi16	-9.023015667963818e-11	3.3891389694673535e-10	3.3891389694673535e-10	0.9998864869348234	0.00011351306517659587	0.006774719369262623	NaN	NaN
16	0.0	9	DoubleOcc	false	0	chi16	0.10035737704411643	0.0003629631085777518	0.0003629631085777518	0.9998864869348234	0.00011351306517659587	0.006774719369262623	NaN	NaN
16	0.0	9	ZZ onsite	true	2	chi16	-0.5985704918384641	0.0014518525544433558	0.0014518525544433558	0.9998864869348234	0.00011351306517659587	0.006774719369262623	50.614390149802304	50.62916848206756
16	0.0	9	ZZ up-up r=1	true	2	chi16	-0.6334932220897574	-0.002921317323128836	0.002921317323128836	0.9998864869348234	0.00011351306517659587	0.006774719369262623	60.50766375418317	60.58433208058008
16	0.0	9	SzSz r=1	false	0	chi16	-0.13280813089215746	-7.084383034164365e-5	7.084383034164365e-5	0.9998864869348234	0.00011351306517659587	0.006774719369262623	NaN	NaN
16	0.0	9	hop up r=1	false	0	chi16	0.5534715307633535	0.0022492306236898685	0.0022492306236898685	0.9998864869348234	0.00011351306517659587	0.006774719369262623	NaN	NaN
16	0.0	9	n	false	0	chi32	1.0000000000074658	-1.113775738303957e-11	1.113775738303957e-11	0.999999695826788	3.0417321195130853e-7	0.00014028000747622822	NaN	NaN
16	0.0	9	Sz	false	0	chi32	-9.023015667963818e-11	-8.327068201641197e-12	8.327068201641197e-12	0.999999695826788	3.0417321195130853e-7	0.00014028000747622822	NaN	NaN
16	0.0	9	DoubleOcc	false	0	chi32	0.10035737704411643	-2.8099566050099334e-6	2.8099566050099334e-6	0.999999695826788	3.0417321195130853e-7	0.00014028000747622822	NaN	NaN
16	0.0	9	ZZ onsite	true	2	chi32	-0.5985704918384641	-1.1239804141860432e-5	1.1239804141860432e-5	0.999999695826788	3.0417321195130853e-7	0.00014028000747622822	50.62916759608603	50.62916848206756
16	0.0	9	ZZ up-up r=1	true	2	chi32	-0.6334932220897574	-2.5230895980943302e-5	2.5230895980943302e-5	0.999999695826788	3.0417321195130853e-7	0.00014028000747622822	60.58432635428453	60.58433208058008
16	0.0	9	SzSz r=1	false	0	chi32	-0.13280813089215746	-9.431688026168006e-6	9.431688026168006e-6	0.999999695826788	3.0417321195130853e-7	0.00014028000747622822	NaN	NaN
16	0.0	9	hop up r=1	false	0	chi32	0.5534715307633535	1.6944431840304475e-5	1.6944431840304475e-5	0.999999695826788	3.0417321195130853e-7	0.00014028000747622822	NaN	NaN
16	0.0	9	n	false	0	UHF	1.0000000000074658	7.464251439159852e-12	7.464251439159852e-12	0.6172944970132844	0.3827055029867156	0.5710192177440744	NaN	NaN
16	0.0	9	Sz	false	0	UHF	-9.023015667963818e-11	0.3844819937962851	0.3844819937962851	0.6172944970132844	0.3827055029867156	0.5710192177440744	NaN	NaN
16	0.0	9	DoubleOcc	false	0	UHF	0.10035737704411643	-0.0018162193329339937	0.0018162193329339937	0.6172944970132844	0.3827055029867156	0.5710192177440744	NaN	NaN
16	0.0	9	ZZ onsite	true	2	UHF	-0.5985704918384641	-0.0072648773466627015	0.0072648773466627015	0.6172944970132844	0.3827055029867156	0.5710192177440744	50.26171676287988	50.62916848206756
16	0.0	9	ZZ up-up r=1	true	2	UHF	-0.6334932220897574	0.1504475534708053	0.1504475534708053	0.6172944970132844	0.3827055029867156	0.5710192177440744	13.893538422732467	60.58433208058008
16	0.0	9	SzSz r=1	false	0	UHF	-0.13280813089215746	0.03909789239849962	0.03909789239849962	0.6172944970132844	0.3827055029867156	0.5710192177440744	NaN	NaN
16	0.0	9	hop up r=1	false	0	UHF	0.5534715307633535	0.1145713544181296	0.1145713544181296	0.6172944970132844	0.3827055029867156	0.5710192177440744	NaN	NaN
16	0.0	9	n	false	0	UHFsym	1.0000000000074658	7.464251439159852e-12	7.464251439159852e-12	0.9441918220914568	0.0558081779085432	0.2049883908881986	NaN	NaN
16	0.0	9	Sz	false	0	UHFsym	-9.023015667963818e-11	-9.023019831300161e-11	9.023019831300161e-11	0.9441918220914568	0.0558081779085432	0.2049883908881986	NaN	NaN
16	0.0	9	DoubleOcc	false	0	UHFsym	0.10035737704411643	-0.0018162193329338827	0.0018162193329338827	0.9441918220914568	0.0558081779085432	0.2049883908881986	NaN	NaN
16	0.0	9	ZZ onsite	true	2	UHFsym	-0.5985704918384641	-0.007264877346662257	0.007264877346662257	0.9441918220914568	0.0558081779085432	0.2049883908881986	50.26171676287993	50.62916848206756
16	0.0	9	ZZ up-up r=1	true	2	UHFsym	-0.6334932220897574	-0.24409957882762812	0.24409957882762812	0.9441918220914568	0.0558081779085432	0.2049883908881986	6.152743610805924	60.58433208058008
16	0.0	9	SzSz r=1	false	0	UHFsym	-0.13280813089215746	-0.05953889067610864	0.05953889067610864	0.9441918220914568	0.0558081779085432	0.2049883908881986	NaN	NaN
16	0.0	9	hop up r=1	false	0	UHFsym	0.5534715307633535	0.11457135441812927	0.11457135441812927	0.9441918220914568	0.0558081779085432	0.2049883908881986	NaN	NaN
16	0.0	10	n	false	0	chi2	0.9999999999993634	-6.368239269249898e-13	6.368239269249898e-13	0.6254929692099591	0.3745070307900409	0.48916407425683567	NaN	NaN
16	0.0	10	Sz	false	0	chi2	6.24833240703282e-11	-6.859385952295849e-8	6.859385952295849e-8	0.6254929692099591	0.3745070307900409	0.48916407425683567	NaN	NaN
16	0.0	10	DoubleOcc	false	0	chi2	0.10006848700547705	0.10006848700547705	0.10006848700547705	0.6254929692099591	0.3745070307900409	0.48916407425683567	NaN	NaN
16	0.0	10	ZZ onsite	true	2	chi2	-0.599726051976817	0.40027394802318317	0.40027394802318317	0.6254929692099591	0.3745070307900409	0.48916407425683567	2.1913069664801537	50.92871226408435
16	0.0	10	ZZ up-up r=1	true	2	chi2	-0.3928212549606516	-0.050068479718867576	0.050068479718867576	0.6254929692099591	0.3745070307900409	0.48916407425683567	13.628165776559657	17.219052860151706
16	0.0	10	SzSz r=1	false	0	chi2	-0.08047344676094989	0.005214747049496121	0.005214747049496121	0.6254929692099591	0.3745070307900409	0.48916407425683567	NaN	NaN
16	0.0	10	hop up r=1	false	0	chi2	0.4198436251594537	0.4198436251594537	0.4198436251594537	0.6254929692099591	0.3745070307900409	0.48916407425683567	NaN	NaN
16	0.0	10	n	false	0	chi4	0.9999999999993634	-4.743359038883455e-10	4.743359038883455e-10	0.871587397468117	0.12841260253188302	0.34742392324400656	NaN	NaN
16	0.0	10	Sz	false	0	chi4	6.24833240703282e-11	7.114683356346241e-10	7.114683356346241e-10	0.871587397468117	0.12841260253188302	0.34742392324400656	NaN	NaN
16	0.0	10	DoubleOcc	false	0	chi4	0.10006848700547705	0.035461392625177696	0.035461392625177696	0.871587397468117	0.12841260253188302	0.34742392324400656	NaN	NaN
16	0.0	10	ZZ onsite	true	2	chi4	-0.599726051976817	0.14184557144938392	0.14184557144938392	0.871587397468117	0.12841260253188302	0.34742392324400656	13.42690917826729	50.92871226408435
16	0.0	10	ZZ up-up r=1	true	2	chi4	-0.3928212549606516	-0.3325919781890538	0.3325919781890538	0.871587397468117	0.12841260253188302	0.34742392324400656	1.363694214451758	17.219052860151706
16	0.0	10	SzSz r=1	false	0	chi4	-0.08047344676094989	-0.06541612756805043	0.06541612756805043	0.871587397468117	0.12841260253188302	0.34742392324400656	NaN	NaN
16	0.0	10	hop up r=1	false	0	chi4	0.4198436251594537	0.4198436251594537	0.4198436251594537	0.871587397468117	0.12841260253188302	0.34742392324400656	NaN	NaN
16	0.0	10	n	false	0	chi8	0.9999999999993634	8.893330516457354e-12	8.893330516457354e-12	0.9996744890564138	0.000325510943586238	0.0105351514079295	NaN	NaN
16	0.0	10	Sz	false	0	chi8	6.24833240703282e-11	5.535716676718927e-11	5.535716676718927e-11	0.9996744890564138	0.000325510943586238	0.0105351514079295	NaN	NaN
16	0.0	10	DoubleOcc	false	0	chi8	0.10006848700547705	-0.0007072885771070292	0.0007072885771070292	0.9996744890564138	0.000325510943586238	0.0105351514079295	NaN	NaN
16	0.0	10	ZZ onsite	true	2	chi8	-0.599726051976817	-0.002829154326216221	0.002829154326216221	0.9996744890564138	0.000325510943586238	0.0105351514079295	50.872187569427645	50.92871226408435
16	0.0	10	ZZ up-up r=1	true	2	chi8	-0.3928212549606516	-0.004086277107493097	0.004086277107493097	0.9996744890564138	0.000325510943586238	0.0105351514079295	17.188885391034194	17.219052860151706
16	0.0	10	SzSz r=1	false	0	chi8	-0.08047344676094989	-0.0006323853382196043	0.0006323853382196043	0.9996744890564138	0.000325510943586238	0.0105351514079295	NaN	NaN
16	0.0	10	hop up r=1	false	0	chi8	0.4198436251594537	0.005672459675133468	0.005672459675133468	0.9996744890564138	0.000325510943586238	0.0105351514079295	NaN	NaN
16	0.0	10	n	false	0	chi16	0.9999999999993634	-4.6564974098828316e-12	4.6564974098828316e-12	0.9998749968065722	0.0001250031934277862	0.003188584739599356	NaN	NaN
16	0.0	10	Sz	false	0	chi16	6.24833240703282e-11	-8.178238641853852e-11	8.178238641853852e-11	0.9998749968065722	0.0001250031934277862	0.003188584739599356	NaN	NaN
16	0.0	10	DoubleOcc	false	0	chi16	0.10006848700547705	0.00036314015379290687	0.00036314015379290687	0.9998749968065722	0.0001250031934277862	0.003188584739599356	NaN	NaN
16	0.0	10	ZZ onsite	true	2	chi16	-0.599726051976817	0.0014525606244863987	0.0014525606244863987	0.9998749968065722	0.0001250031934277862	0.003188584739599356	50.91379982850363	50.92871226408435
16	0.0	10	ZZ up-up r=1	true	2	chi16	-0.3928212549606516	-0.0013283879024249545	0.0013283879024249545	0.9998749968065722	0.0001250031934277862	0.003188584739599356	17.215859748743952	17.219052860151706
16	0.0	10	SzSz r=1	false	0	chi16	-0.08047344676094989	-0.0003889470165871489	0.0003889470165871489	0.9998749968065722	0.0001250031934277862	0.003188584739599356	NaN	NaN
16	0.0	10	hop up r=1	false	0	chi16	0.4198436251594537	0.001703695434076835	0.001703695434076835	0.9998749968065722	0.0001250031934277862	0.003188584739599356	NaN	NaN
16	0.0	10	n	false	0	chi32	0.9999999999993634	-5.399014568752136e-13	5.399014568752136e-13	0.9999999129457783	8.705422172017308e-8	0.00019580013993783827	NaN	NaN
16	0.0	10	Sz	false	0	chi32	6.24833240703282e-11	-6.764144799831229e-12	6.764144799831229e-12	0.9999999129457783	8.705422172017308e-8	0.00019580013993783827	NaN	NaN
16	0.0	10	DoubleOcc	false	0	chi32	0.10006848700547705	-1.461224667903549e-6	1.461224667903549e-6	0.9999999129457783	8.705422172017308e-8	0.00019580013993783827	NaN	NaN
16	0.0	10	ZZ onsite	true	2	chi32	-0.599726051976817	-5.844897589146747e-6	5.844897589146747e-6	0.9999999129457783	8.705422172017308e-8	0.00019580013993783827	50.92871202255994	50.92871226408435
16	0.0	10	ZZ up-up r=1	true	2	chi32	-0.3928212549606516	-0.00012401509062748284	0.00012401509062748284	0.9999999129457783	8.705422172017308e-8	0.00019580013993783827	17.2190250250278	17.219052860151706
16	0.0	10	SzSz r=1	false	0	chi32	-0.08047344676094989	-3.782178830526173e-5	3.782178830526173e-5	0.9999999129457783	8.705422172017308e-8	0.00019580013993783827	NaN	NaN
16	0.0	10	hop up r=1	false	0	chi32	0.4198436251594537	9.416916379589857e-5	9.416916379589857e-5	0.9999999129457783	8.705422172017308e-8	0.00019580013993783827	NaN	NaN
16	0.0	10	n	false	0	UHF	0.9999999999993634	-6.38378239159465e-13	6.38378239159465e-13	0.5563184304449905	0.4436815695550095	0.5729969729624672	NaN	NaN
16	0.0	10	Sz	false	0	UHF	6.24833240703282e-11	-0.384483161806487	0.384483161806487	0.5563184304449905	0.4436815695550095	0.5729969729624672	NaN	NaN
16	0.0	10	DoubleOcc	false	0	UHF	0.10006848700547705	-0.0021042112337630314	0.0021042112337630314	0.5563184304449905	0.4436815695550095	0.5729969729624672	NaN	NaN
16	0.0	10	ZZ onsite	true	2	UHF	-0.599726051976817	-0.008416844933773815	0.008416844933773815	0.5563184304449905	0.4436815695550095	0.5729969729624672	50.4327418535459	50.92871226408435
16	0.0	10	ZZ up-up r=1	true	2	UHF	-0.3928212549606516	0.39111580757174874	0.39111580757174874	0.5563184304449905	0.4436815695550095	0.5729969729624672	1.0082281961260995	17.219052860151706
16	0.0	10	SzSz r=1	false	0	UHF	-0.08047344676094989	0.09143199756251782	0.09143199756251782	0.5563184304449905	0.4436815695550095	0.5729969729624672	NaN	NaN
16	0.0	10	hop up r=1	false	0	UHF	0.4198436251594537	-0.01905336785493128	0.01905336785493128	0.5563184304449905	0.4436815695550095	0.5729969729624672	NaN	NaN
16	0.0	10	n	false	0	UHFsym	0.9999999999993634	-6.38378239159465e-13	6.38378239159465e-13	0.9934994331505409	0.0065005668494591	0.07528917185218925	NaN	NaN
16	0.0	10	Sz	false	0	UHFsym	6.24833240703282e-11	6.2483337948116e-11	6.2483337948116e-11	0.9934994331505409	0.0065005668494591	0.07528917185218925	NaN	NaN
16	0.0	10	DoubleOcc	false	0	UHFsym	0.10006848700547705	-0.0021042112337632535	0.0021042112337632535	0.9934994331505409	0.0065005668494591	0.07528917185218925	NaN	NaN
16	0.0	10	ZZ onsite	true	2	UHFsym	-0.599726051976817	-0.008416844933774703	0.008416844933774703	0.9934994331505409	0.0065005668494591	0.07528917185218925	50.43274185354579	50.92871226408435
16	0.0	10	ZZ up-up r=1	true	2	UHFsym	-0.3928212549606516	-0.003430711722112456	0.003430711722112456	0.9934994331505409	0.0065005668494591	0.07528917185218925	17.197777529853955	17.219052860151706
16	0.0	10	SzSz r=1	false	0	UHFsym	-0.08047344676094989	-0.007204632260948918	0.007204632260948918	0.9934994331505409	0.0065005668494591	0.07528917185218925	NaN	NaN
16	0.0	10	hop up r=1	false	0	UHFsym	0.4198436251594537	-0.0190533678549325	0.0190533678549325	0.9934994331505409	0.0065005668494591	0.07528917185218925	NaN	NaN
16	0.0	11	n	false	0	chi2	0.999999999997671	-2.328914838756191e-12	2.328914838756191e-12	0.6261762398735686	0.37382376012643137	0.4803829209853083	NaN	NaN
16	0.0	11	Sz	false	0	chi2	-6.841527344647602e-11	-2.848648820046468e-10	2.848648820046468e-10	0.6261762398735686	0.37382376012643137	0.4803829209853083	NaN	NaN
16	0.0	11	DoubleOcc	false	0	chi2	0.10059020076841657	0.10059020076841657	0.10059020076841657	0.6261762398735686	0.37382376012643137	0.4803829209853083	NaN	NaN
16	0.0	11	ZZ onsite	true	2	chi2	-0.5976391969216732	0.4023608030783268	0.4023608030783268	0.6261762398735686	0.37382376012643137	0.4803829209853083	2.154632440536866	50.389115797588296
16	0.0	11	ZZ up-up r=1	true	2	chi2	-0.6449113592105007	0.3550886407894993	0.3550886407894993	0.6261762398735686	0.37382376012643137	0.4803829209853083	3.1847204659409267	64.2948319737522
16	0.0	11	SzSz r=1	false	0	chi2	-0.13529461352959127	0.11470538647040873	0.11470538647040873	0.6261762398735686	0.37382376012643137	0.4803829209853083	NaN	NaN
16	0.0	11	hop up r=1	false	0	chi2	0.5594892111347365	0.5594892111347365	0.5594892111347365	0.6261762398735686	0.37382376012643137	0.4803829209853083	NaN	NaN
16	0.0	11	n	false	0	chi4	0.999999999997671	8.198164369588312e-11	8.198164369588312e-11	0.7888862992676829	0.21111370073231706	0.22416909663969492	NaN	NaN
16	0.0	11	Sz	false	0	chi4	-6.841527344647602e-11	-9.205608497708795e-12	9.205608497708795e-12	0.7888862992676829	0.21111370073231706	0.22416909663969492	NaN	NaN
16	0.0	11	DoubleOcc	false	0	chi4	0.10059020076841657	0.03557539963920228	0.03557539963920228	0.7888862992676829	0.21111370073231706	0.22416909663969492	NaN	NaN
16	0.0	11	ZZ onsite	true	2	chi4	-0.5976391969216732	0.14230159839284817	0.14230159839284817	0.7888862992676829	0.21111370073231706	0.22416909663969492	13.259964501542315	50.389115797588296
16	0.0	11	ZZ up-up r=1	true	2	chi4	-0.6449113592105007	0.141993868917484	0.141993868917484	0.7888862992676829	0.21111370073231706	0.22416909663969492	15.803594665245098	64.2948319737522
16	0.0	11	SzSz r=1	false	0	chi4	-0.13529461352959127	0.02892429291672005	0.02892429291672005	0.7888862992676829	0.21111370073231706	0.22416909663969492	NaN	NaN
16	0.0	11	hop up r=1	false	0	chi4	0.5594892111347365	-0.06910800947736329	0.06910800947736329	0.7888862992676829	0.21111370073231706	0.22416909663969492	NaN	NaN
16	0.0	11	n	false	0	chi8	0.999999999997671	-2.2593371618029323e-10	2.2593371618029323e-10	0.9986004912883422	0.0013995087116578375	0.0201422157343141	NaN	NaN
16	0.0	11	Sz	false	0	chi8	-6.841527344647602e-11	-1.5161294442123108e-10	1.5161294442123108e-10	0.9986004912883422	0.0013995087116578375	0.0201422157343141	NaN	NaN
16	0.0	11	DoubleOcc	false	0	chi8	0.10059020076841657	5.180200661578094e-5	5.180200661578094e-5	0.9986004912883422	0.0013995087116578375	0.0201422157343141	NaN	NaN
16	0.0	11	ZZ onsite	true	2	chi8	-0.5976391969216732	0.00020720847832988998	0.00020720847832988998	0.9986004912883422	0.0013995087116578375	0.0201422157343141	50.3888166384275	50.389115797588296
16	0.0	11	ZZ up-up r=1	true	2	chi8	-0.6449113592105007	-0.011601212461509136	0.011601212461509136	0.9986004912883422	0.0013995087116578375	0.0201422157343141	63.00436877477658	64.2948319737522
16	0.0	11	SzSz r=1	false	0	chi8	-0.13529461352959127	-0.003108910282533156	0.003108910282533156	0.9986004912883422	0.0013995087116578375	0.0201422157343141	NaN	NaN
16	0.0	11	hop up r=1	false	0	chi8	0.5594892111347365	0.008370074481606316	0.008370074481606316	0.9986004912883422	0.0013995087116578375	0.0201422157343141	NaN	NaN
16	0.0	11	n	false	0	chi16	0.999999999997671	-1.3032908086074713e-11	1.3032908086074713e-11	0.9998813969899911	0.00011860301000887752	0.00685758948148644	NaN	NaN
16	0.0	11	Sz	false	0	chi16	-6.841527344647602e-11	1.5151685461844977e-11	1.5151685461844977e-11	0.9998813969899911	0.00011860301000887752	0.00685758948148644	NaN	NaN
16	0.0	11	DoubleOcc	false	0	chi16	0.10059020076841657	0.0002634803306492406	0.0002634803306492406	0.9998813969899911	0.00011860301000887752	0.00685758948148644	NaN	NaN
16	0.0	11	ZZ onsite	true	2	chi16	-0.5976391969216732	0.001053921348665443	0.001053921348665443	0.9998813969899911	0.00011860301000887752	0.00685758948148644	50.381377604784696	50.389115797588296
16	0.0	11	ZZ up-up r=1	true	2	chi16	-0.6449113592105007	-0.003048082054289636	0.003048082054289636	0.9998813969899911	0.00011860301000887752	0.00685758948148644	64.20405327507467	64.2948319737522
16	0.0	11	SzSz r=1	false	0	chi16	-0.13529461352959127	-8.47388779173508e-5	8.47388779173508e-5	0.9998813969899911	0.00011860301000887752	0.00685758948148644	NaN	NaN
16	0.0	11	hop up r=1	false	0	chi16	0.5594892111347365	0.002258579149066242	0.002258579149066242	0.9998813969899911	0.00011860301000887752	0.00685758948148644	NaN	NaN
16	0.0	11	n	false	0	chi32	0.999999999997671	2.73003841755326e-12	2.73003841755326e-12	0.9999999296460685	7.035393145837787e-8	0.00011228751182519184	NaN	NaN
16	0.0	11	Sz	false	0	chi32	-6.841527344647602e-11	-2.399962173438297e-12	2.399962173438297e-12	0.9999999296460685	7.035393145837787e-8	0.00011228751182519184	NaN	NaN
16	0.0	11	DoubleOcc	false	0	chi32	0.10059020076841657	-3.695681908999493e-6	3.695681908999493e-6	0.9999999296460685	7.035393145837787e-8	0.00011228751182519184	NaN	NaN
16	0.0	11	ZZ onsite	true	2	chi32	-0.5976391969216732	-1.4782733091633915e-5	1.4782733091633915e-5	0.9999999296460685	7.035393145837787e-8	0.00011228751182519184	50.38911427494105	50.389115797588296
16	0.0	11	ZZ up-up r=1	true	2	chi32	-0.6449113592105007	7.532785948782816e-6	7.532785948782816e-6	0.9999999296460685	7.035393145837787e-8	0.00011228751182519184	64.29483141854445	64.2948319737522
16	0.0	11	SzSz r=1	false	0	chi32	-0.13529461352959127	-3.644019481996441e-7	3.644019481996441e-7	0.9999999296460685	7.035393145837787e-8	0.00011228751182519184	NaN	NaN
16	0.0	11	hop up r=1	false	0	chi32	0.5594892111347365	4.110354247521819e-6	4.110354247521819e-6	0.9999999296460685	7.035393145837787e-8	0.00011228751182519184	NaN	NaN
16	0.0	11	n	false	0	UHF	0.999999999997671	-2.3365753776261045e-12	2.3365753776261045e-12	0.6192792034416255	0.38072079655837454	0.5718758514969773	NaN	NaN
16	0.0	11	Sz	false	0	UHF	-6.841527344647602e-11	0.38448139645165486	0.38448139645165486	0.6192792034416255	0.38072079655837454	0.5718758514969773	NaN	NaN
16	0.0	11	DoubleOcc	false	0	UHF	0.10059020076841657	-0.0015838549615637132	0.0015838549615637132	0.6192792034416255	0.38072079655837454	0.5718758514969773	NaN	NaN
16	0.0	11	ZZ onsite	true	2	UHF	-0.5976391969216732	-0.006335419841579704	0.006335419841579704	0.6192792034416255	0.38072079655837454	0.5718758514969773	50.110992793292226	50.389115797588296
16	0.0	11	ZZ up-up r=1	true	2	UHF	-0.6449113592105007	0.1390852036364265	0.1390852036364265	0.6192792034416255	0.38072079655837454	0.5718758514969773	16.30215212076835	64.2948319737522
16	0.0	11	SzSz r=1	false	0	UHF	-0.13529461352959127	0.036624338971239845	0.036624338971239845	0.6192792034416255	0.38072079655837454	0.5718758514969773	NaN	NaN
16	0.0	11	hop up r=1	false	0	UHF	0.5594892111347365	0.12057976069282844	0.12057976069282844	0.6192792034416255	0.38072079655837454	0.5718758514969773	NaN	NaN
16	0.0	11	n	false	0	UHFsym	0.999999999997671	-2.3363533330211794e-12	2.3363533330211794e-12	0.9393874339610662	0.060612566038933835	0.2119627166917924	NaN	NaN
16	0.0	11	Sz	false	0	UHFsym	-6.841527344647602e-11	-6.84152318131126e-11	6.84152318131126e-11	0.9393874339610662	0.060612566038933835	0.2119627166917924	NaN	NaN
16	0.0	11	DoubleOcc	false	0	UHFsym	0.10059020076841657	-0.001583854961563047	0.001583854961563047	0.9393874339610662	0.060612566038933835	0.2119627166917924	NaN	NaN
16	0.0	11	ZZ onsite	true	2	UHFsym	-0.5976391969216732	-0.006335419841577261	0.006335419841577261	0.9393874339610662	0.060612566038933835	0.2119627166917924	50.11099279329244	50.389115797588296
16	0.0	11	ZZ up-up r=1	true	2	UHFsym	-0.6449113592105007	-0.25549372049849217	0.25549372049849217	0.9393874339610662	0.060612566038933835	0.2119627166917924	5.880210920160772	64.2948319737522
16	0.0	11	SzSz r=1	false	0	UHFsym	-0.13529461352959127	-0.06202039206249152	0.06202039206249152	0.9393874339610662	0.060612566038933835	0.2119627166917924	NaN	NaN
16	0.0	11	hop up r=1	false	0	UHFsym	0.5594892111347365	0.12057976069282589	0.12057976069282589	0.9393874339610662	0.060612566038933835	0.2119627166917924	NaN	NaN
16	0.0	12	n	false	0	chi2	0.9999999999824938	-1.7507995053733794e-11	1.7507995053733794e-11	0.629823511724025	0.37017648827597505	0.48114827741147037	NaN	NaN
16	0.0	12	Sz	false	0	chi2	1.0088496704696581e-10	3.173344920170962e-10	3.173344920170962e-10	0.629823511724025	0.37017648827597505	0.48114827741147037	NaN	NaN
16	0.0	12	DoubleOcc	false	0	chi2	0.09948769048239811	0.09948769048239811	0.09948769048239811	0.629823511724025	0.37017648827597505	0.48114827741147037	NaN	NaN
16	0.0	12	ZZ onsite	true	2	chi2	-0.602049238035392	0.39795076196460977	0.39795076196460977	0.629823511724025	0.37017648827597505	0.48114827741147037	2.232947054042845	51.53663249702444
16	0.0	12	ZZ up-up r=1	true	2	chi2	-0.37462787007011394	-0.041111173372186116	0.041111173372186116	0.629823511724025	0.37017648827597505	0.48114827741147037	13.204298648759968	15.511889949761292
16	0.0	12	SzSz r=1	false	0	chi2	-0.07653632725953585	0.006842846914946105	0.006842846914946105	0.629823511724025	0.37017648827597505	0.48114827741147037	NaN	NaN
16	0.0	12	hop up r=1	false	0	chi2	0.40906608393018296	0.40906608393018296	0.40906608393018296	0.629823511724025	0.37017648827597505	0.48114827741147037	NaN	NaN
16	0.0	12	n	false	0	chi4	0.9999999999824938	-1.0181744336534848e-10	1.0181744336534848e-10	0.8769976071470522	0.12300239285294778	0.3384291446867689	NaN	NaN
16	0.0	12	Sz	false	0	chi4	1.0088496704696581e-10	1.7878685337757716e-10	1.7878685337757716e-10	0.8769976071470522	0.12300239285294778	0.3384291446867689	NaN	NaN
16	0.0	12	DoubleOcc	false	0	chi4	0.09948769048239811	0.03447288926887296	0.03447288926887296	0.8769976071470522	0.12300239285294778	0.3384291446867689	NaN	NaN
16	0.0	12	ZZ onsite	true	2	chi4	-0.602049238035392	0.13789155727912938	0.13789155727912938	0.8769976071470522	0.12300239285294778	0.3384291446867689	14.11557151807341	51.53663249702444
16	0.0	12	ZZ up-up r=1	true	2	chi4	-0.37462787007011394	-0.32086569917857327	0.32086569917857327	0.8769976071470522	0.12300239285294778	0.3384291446867689	1.3319950634204785	15.511889949761292
16	0.0	12	SzSz r=1	false	0	chi4	-0.07653632725953585	-0.06309578453665068	0.06309578453665068	0.8769976071470522	0.12300239285294778	0.3384291446867689	NaN	NaN
16	0.0	12	hop up r=1	false	0	chi4	0.40906608393018296	0.40906608393018296	0.40906608393018296	0.8769976071470522	0.12300239285294778	0.3384291446867689	NaN	NaN
16	0.0	12	n	false	0	chi8	0.9999999999824938	2.523569131440695e-10	2.523569131440695e-10	0.9997591314829842	0.00024086851701576872	0.00840167180498714	NaN	NaN
16	0.0	12	Sz	false	0	chi8	1.0088496704696581e-10	-1.5474322864750256e-10	1.5474322864750256e-10	0.9997591314829842	0.00024086851701576872	0.00840167180498714	NaN	NaN
16	0.0	12	DoubleOcc	false	0	chi8	0.09948769048239811	-0.0010212840857546646	0.0010212840857546646	0.9997591314829842	0.00024086851701576872	0.00840167180498714	NaN	NaN
16	0.0	12	ZZ onsite	true	2	chi8	-0.602049238035392	-0.004085136847731485	0.004085136847731485	0.9997591314829842	0.00024086851701576872	0.00840167180498714	51.41699641015227	51.53663249702444
16	0.0	12	ZZ up-up r=1	true	2	chi8	-0.37462787007011394	-0.0037325125570906725	0.0037325125570906725	0.9997591314829842	0.00024086851701576872	0.00840167180498714	15.489576541586155	15.511889949761292
16	0.0	12	SzSz r=1	false	0	chi8	-0.07653632725953585	-0.0004327068400934997	0.0004327068400934997	0.9997591314829842	0.00024086851701576872	0.00840167180498714	NaN	NaN
16	0.0	12	hop up r=1	false	0	chi8	0.40906608393018296	0.005170450328755127	0.005170450328755127	0.9997591314829842	0.00024086851701576872	0.00840167180498714	NaN	NaN
16	0.0	12	n	false	0	chi16	0.9999999999824938	5.1025850211772195e-12	5.1025850211772195e-12	0.9999922258217777	7.77417822228621e-6	0.001403015325903909	NaN	NaN
16	0.0	12	Sz	false	0	chi16	1.0088496704696581e-10	-3.26253711546709e-11	3.26253711546709e-11	0.9999922258217777	7.77417822228621e-6	0.001403015325903909	NaN	NaN
16	0.0	12	DoubleOcc	false	0	chi16	0.09948769048239811	0.0002249333153297728	0.0002249333153297728	0.9999922258217777	7.77417822228621e-6	0.001403015325903909	NaN	NaN
16	0.0	12	ZZ onsite	true	2	chi16	-0.602049238035392	0.0008997332511175848	0.0008997332511175848	0.9999922258217777	7.77417822228621e-6	0.001403015325903909	51.53081633038094	51.53663249702444
16	0.0	12	ZZ up-up r=1	true	2	chi16	-0.37462787007011394	-0.001150126368522686	0.001150126368522686	0.9999922258217777	7.77417822228621e-6	0.001403015325903909	15.509768561075868	15.511889949761292
16	0.0	12	SzSz r=1	false	0	chi16	-0.07653632725953585	-0.0002435749677474064	0.0002435749677474064	0.9999922258217777	7.77417822228621e-6	0.001403015325903909	NaN	NaN
16	0.0	12	hop up r=1	false	0	chi16	0.40906608393018296	0.0004760437682070351	0.0004760437682070351	0.9999922258217777	7.77417822228621e-6	0.001403015325903909	NaN	NaN
16	0.0	12	n	false	0	chi32	0.9999999999824938	3.0723201760451957e-12	3.0723201760451957e-12	0.9999999581301573	4.186984270404537e-8	0.00012462301065226884	NaN	NaN
16	0.0	12	Sz	false	0	chi32	1.0088496704696581e-10	2.160549517071786e-12	2.160549517071786e-12	0.9999999581301573	4.186984270404537e-8	0.00012462301065226884	NaN	NaN
16	0.0	12	DoubleOcc	false	0	chi32	0.09948769048239811	-3.9984469260567757e-7	3.9984469260567757e-7	0.9999999581301573	4.186984270404537e-8	0.00012462301065226884	NaN	NaN
16	0.0	12	ZZ onsite	true	2	chi32	-0.602049238035392	-1.5993849108442149e-6	1.5993849108442149e-6	0.9999999581301573	4.186984270404537e-8	0.00012462301065226884	51.536632478643654	51.53663249702444
16	0.0	12	ZZ up-up r=1	true	2	chi32	-0.37462787007011394	-5.9613182932127806e-5	5.9613182932127806e-5	0.9999999581301573	4.186984270404537e-8	0.00012462301065226884	15.511884249785817	15.511889949761292
16	0.0	12	SzSz r=1	false	0	chi32	-0.07653632725953585	-2.1625421582086024e-5	2.1625421582086024e-5	0.9999999581301573	4.186984270404537e-8	0.00012462301065226884	NaN	NaN
16	0.0	12	hop up r=1	false	0	chi32	0.40906608393018296	5.588569489639594e-5	5.588569489639594e-5	0.9999999581301573	4.186984270404537e-8	0.00012462301065226884	NaN	NaN
16	0.0	12	n	false	0	UHF	0.9999999999824938	-1.7506662786104243e-11	1.7506662786104243e-11	0.5505259236225244	0.4494740763774756	0.574672958134144	NaN	NaN
16	0.0	12	Sz	false	0	UHF	1.0088496704696581e-10	-0.38451474008684083	0.38451474008684083	0.5505259236225244	0.4494740763774756	0.574672958134144	NaN	NaN
16	0.0	12	DoubleOcc	false	0	UHF	0.09948769048239811	-0.0026607240959678202	0.0026607240959678202	0.5505259236225244	0.4494740763774756	0.574672958134144	NaN	NaN
16	0.0	12	ZZ onsite	true	2	UHF	-0.602049238035392	-0.010642896348855069	0.010642896348855069	0.5505259236225244	0.4494740763774756	0.574672958134144	50.73537370853891	51.53663249702444
16	0.0	12	ZZ up-up r=1	true	2	UHF	-0.37462787007011394	0.4092036941506845	0.4092036941506845	0.5505259236225244	0.4494740763774756	0.574672958134144	0.8469861651562068	15.511889949761292
16	0.0	12	SzSz r=1	false	0	UHF	-0.07653632725953585	0.09535269484784206	0.09535269484784206	0.5505259236225244	0.4494740763774756	0.574672958134144	NaN	NaN
16	0.0	12	hop up r=1	false	0	UHF	0.40906608393018296	-0.029740196314944622	0.029740196314944622	0.5505259236225244	0.4494740763774756	0.574672958134144	NaN	NaN
16	0.0	12	n	false	0	UHFsym	0.9999999999824938	-1.7506218696894393e-11	1.7506218696894393e-11	0.993677395148285	0.006322604851714986	0.07149207753023214	NaN	NaN
16	0.0	12	Sz	false	0	UHFsym	1.0088496704696581e-10	1.0088496704696581e-10	1.0088496704696581e-10	0.993677395148285	0.006322604851714986	0.07149207753023214	NaN	NaN
16	0.0	12	DoubleOcc	false	0	UHFsym	0.09948769048239811	-0.002660724095967959	0.002660724095967959	0.993677395148285	0.006322604851714986	0.07149207753023214	NaN	NaN
16	0.0	12	ZZ onsite	true	2	UHFsym	-0.602049238035392	-0.010642896348855846	0.010642896348855846	0.993677395148285	0.006322604851714986	0.07149207753023214	50.735373708538795	51.53663249702444
16	0.0	12	ZZ up-up r=1	true	2	UHFsym	-0.37462787007011394	0.014674442778064789	0.014674442778064789	0.993677395148285	0.006322604851714986	0.07149207753023214	15.1740214207915	15.511889949761292
16	0.0	12	SzSz r=1	false	0	UHFsym	-0.07653632725953585	-0.0032796179953117066	0.0032796179953117066	0.993677395148285	0.006322604851714986	0.07149207753023214	NaN	NaN
16	0.0	12	hop up r=1	false	0	UHFsym	0.40906608393018296	-0.029740196314943956	0.029740196314943956	0.993677395148285	0.006322604851714986	0.07149207753023214	NaN	NaN
16	0.0	13	n	false	0	chi2	1.0000000000096598	9.657830091214237e-12	9.657830091214237e-12	0.6446032355787548	0.35539676442124524	0.4714995260861094	NaN	NaN
16	0.0	13	Sz	false	0	chi2	-9.58578771914631e-11	3.223258301931996e-8	3.223258301931996e-8	0.6446032355787548	0.35539676442124524	0.4714995260861094	NaN	NaN
16	0.0	13	DoubleOcc	false	0	chi2	0.1007381825985241	0.1007381825985241	0.1007381825985241	0.6446032355787548	0.35539676442124524	0.4714995260861094	NaN	NaN
16	0.0	13	ZZ onsite	true	2	chi2	-0.5970472696252193	0.40295273037478274	0.40295273037478274	0.6446032355787548	0.35539676442124524	0.4714995260861094	2.1443533772717656	50.23716480463501
16	0.0	13	ZZ up-up r=1	true	2	chi2	-0.6785492039911389	0.32145079600886306	0.32145079600886306	0.6446032355787548	0.35539676442124524	0.4714995260861094	4.264130133901843	76.85104812072102
16	0.0	13	SzSz r=1	false	0	chi2	-0.14263832131175663	0.10736167868824387	0.10736167868824387	0.6446032355787548	0.35539676442124524	0.4714995260861094	NaN	NaN
16	0.0	13	hop up r=1	false	0	chi2	0.576269031278561	0.576269031278561	0.576269031278561	0.6446032355787548	0.35539676442124524	0.4714995260861094	NaN	NaN
16	0.0	13	n	false	0	chi4	1.0000000000096598	2.5193402919398977e-11	2.5193402919398977e-11	0.8412643742333521	0.1587356257666479	0.20682202334021998	NaN	NaN
16	0.0	13	Sz	false	0	chi4	-9.58578771914631e-11	1.222174896009509e-10	1.222174896009509e-10	0.8412643742333521	0.1587356257666479	0.20682202334021998	NaN	NaN
16	0.0	13	DoubleOcc	false	0	chi4	0.1007381825985241	0.034585730275624726	0.034585730275624726	0.8412643742333521	0.1587356257666479	0.20682202334021998	NaN	NaN
16	0.0	13	ZZ onsite	true	2	chi4	-0.5970472696252193	0.13834292105211599	0.13834292105211599	0.8412643742333521	0.1587356257666479	0.20682202334021998	13.787926745635884	50.23716480463501
16	0.0	13	ZZ up-up r=1	true	2	chi4	-0.6785492039911389	0.1435229513095564	0.1435229513095564	0.8412643742333521	0.1587356257666479	0.20682202334021998	17.49218202428167	76.85104812072102
16	0.0	13	SzSz r=1	false	0	chi4	-0.14263832131175663	0.038603929212611965	0.038603929212611965	0.8412643742333521	0.1587356257666479	0.20682202334021998	NaN	NaN
16	0.0	13	hop up r=1	false	0	chi4	0.576269031278561	-0.0646695525271257	0.0646695525271257	0.8412643742333521	0.1587356257666479	0.20682202334021998	NaN	NaN
16	0.0	13	n	false	0	chi8	1.0000000000096598	-1.2406564664502184e-10	1.2406564664502184e-10	0.9992624210989217	0.0007375789010782841	0.01424670217952382	NaN	NaN
16	0.0	13	Sz	false	0	chi8	-9.58578771914631e-11	6.397086332876611e-11	6.397086332876611e-11	0.9992624210989217	0.0007375789010782841	0.01424670217952382	NaN	NaN
16	0.0	13	DoubleOcc	false	0	chi8	0.1007381825985241	0.00013589609143840886	0.00013589609143840886	0.9992624210989217	0.0007375789010782841	0.01424670217952382	NaN	NaN
16	0.0	13	ZZ onsite	true	2	chi8	-0.5970472696252193	0.0005435846138878153	0.0005435846138878153	0.9992624210989217	0.0007375789010782841	0.01424670217952382	50.23511450510703	50.23716480463501
16	0.0	13	ZZ up-up r=1	true	2	chi8	-0.6785492039911389	-0.00849796837380179	0.00849796837380179	0.9992624210989217	0.0007375789010782841	0.01424670217952382	75.94751786236166	76.85104812072102
16	0.0	13	SzSz r=1	false	0	chi8	-0.14263832131175663	-0.0022824217834857274	0.0022824217834857274	0.9992624210989217	0.0007375789010782841	0.01424670217952382	NaN	NaN
16	0.0	13	hop up r=1	false	0	chi8	0.576269031278561	0.0053823001369277534	0.0053823001369277534	0.9992624210989217	0.0007375789010782841	0.01424670217952382	NaN	NaN
16	0.0	13	n	false	0	chi16	1.0000000000096598	-2.717603919677458e-12	2.717603919677458e-12	0.9999240851211024	7.591487889757609e-5	0.0022825603223573937	NaN	NaN
16	0.0	13	Sz	false	0	chi16	-9.58578771914631e-11	-2.6506505323986573e-12	2.6506505323986573e-12	0.9999240851211024	7.591487889757609e-5	0.0022825603223573937	NaN	NaN
16	0.0	13	DoubleOcc	false	0	chi16	0.1007381825985241	0.00013569947831085227	0.00013569947831085227	0.9999240851211024	7.591487889757609e-5	0.0022825603223573937	NaN	NaN
16	0.0	13	ZZ onsite	true	2	chi16	-0.5970472696252193	0.0005427979186826137	0.0005427979186826137	0.9999240851211024	7.591487889757609e-5	0.0022825603223573937	50.23512043510581	50.23716480463501
16	0.0	13	ZZ up-up r=1	true	2	chi16	-0.6785492039911389	-0.0037217255007011563	0.0037217255007011563	0.9999240851211024	7.591487889757609e-5	0.0022825603223573937	76.67608460377926	76.85104812072102
16	0.0	13	SzSz r=1	false	0	chi16	-0.14263832131175663	-0.0006604155936236755	0.0006604155936236755	0.9999240851211024	7.591487889757609e-5	0.0022825603223573937	NaN	NaN
16	0.0	13	hop up r=1	false	0	chi16	0.576269031278561	0.0012454399467387578	0.0012454399467387578	0.9999240851211024	7.591487889757609e-5	0.0022825603223573937	NaN	NaN
16	0.0	13	n	false	0	chi32	1.0000000000096598	-1.7108536809473662e-12	1.7108536809473662e-12	0.9999999808460264	1.9153973629393306e-8	7.678525857730372e-5	NaN	NaN
16	0.0	13	Sz	false	0	chi32	-9.58578771914631e-11	5.042771755725539e-13	5.042771755725539e-13	0.9999999808460264	1.9153973629393306e-8	7.678525857730372e-5	NaN	NaN
16	0.0	13	DoubleOcc	false	0	chi32	0.1007381825985241	-2.4554148714273083e-6	2.4554148714273083e-6	0.9999999808460264	1.9153973629393306e-8	7.678525857730372e-5	NaN	NaN
16	0.0	13	ZZ onsite	true	2	chi32	-0.5970472696252193	-9.82165605911689e-6	9.82165605911689e-6	0.9999999808460264	1.9153973629393306e-8	7.678525857730372e-5	50.237164135258965	50.23716480463501
16	0.0	13	ZZ up-up r=1	true	2	chi32	-0.6785492039911389	3.3382188369235344e-5	3.3382188369235344e-5	0.9999999808460264	1.9153973629393306e-8	7.678525857730372e-5	76.85103401230627	76.85104812072102
16	0.0	13	SzSz r=1	false	0	chi32	-0.14263832131175663	7.14812016153199e-6	7.14812016153199e-6	0.9999999808460264	1.9153973629393306e-8	7.678525857730372e-5	NaN	NaN
16	0.0	13	hop up r=1	false	0	chi32	0.576269031278561	-7.649419910937816e-6	7.649419910937816e-6	0.9999999808460264	1.9153973629393306e-8	7.678525857730372e-5	NaN	NaN
16	0.0	13	n	false	0	UHF	1.0000000000096598	9.664380407059525e-12	9.664380407059525e-12	0.6235428345116523	0.37645716548834773	0.5751204316608725	NaN	NaN
16	0.0	13	Sz	false	0	UHF	-9.58578771914631e-11	0.3844329948197321	0.3844329948197321	0.6235428345116523	0.37645716548834773	0.5751204316608725	NaN	NaN
16	0.0	13	DoubleOcc	false	0	UHF	0.1007381825985241	-0.0014730898217037158	0.0014730898217037158	0.6235428345116523	0.37645716548834773	0.5751204316608725	NaN	NaN
16	0.0	13	ZZ onsite	true	2	UHF	-0.5970472696252193	-0.005892359306139405	0.005892359306139405	0.6235428345116523	0.37645716548834773	0.5751204316608725	49.99739118966592	50.23716480463501
16	0.0	13	ZZ up-up r=1	true	2	UHF	-0.6785492039911389	0.10734252275892264	0.10734252275892264	0.6235428345116523	0.37645716548834773	0.5751204316608725	26.516799253833753	76.85104812072102
16	0.0	13	SzSz r=1	false	0	UHF	-0.14263832131175663	0.029708210762225684	0.029708210762225684	0.6235428345116523	0.37645716548834773	0.5751204316608725	NaN	NaN
16	0.0	13	hop up r=1	false	0	UHF	0.576269031278561	0.13693863521170707	0.13693863521170707	0.6235428345116523	0.37645716548834773	0.5751204316608725	NaN	NaN
16	0.0	13	n	false	0	UHFsym	1.0000000000096598	9.664269384757063e-12	9.664269384757063e-12	0.9243568930400631	0.07564310695993692	0.23145533879196267	NaN	NaN
16	0.0	13	Sz	false	0	UHFsym	-9.58578771914631e-11	-9.58578771914631e-11	9.58578771914631e-11	0.9243568930400631	0.07564310695993692	0.23145533879196267	NaN	NaN
16	0.0	13	DoubleOcc	false	0	UHFsym	0.1007381825985241	-0.0014730898217039101	0.0014730898217039101	0.9243568930400631	0.07564310695993692	0.23145533879196267	NaN	NaN
16	0.0	13	ZZ onsite	true	2	UHFsym	-0.5970472696252193	-0.00589235930613996	0.00589235930613996	0.9243568930400631	0.07564310695993692	0.23145533879196267	49.997391189665876	50.23716480463501
16	0.0	13	ZZ up-up r=1	true	2	UHFsym	-0.6785492039911389	-0.2882542659607542	0.2882542659607542	0.9243568930400631	0.07564310695993692	0.23145533879196267	5.2321170661003125	76.85104812072102
16	0.0	13	SzSz r=1	false	0	UHFsym	-0.14263832131175663	-0.0691909864176927	0.0691909864176927	0.9243568930400631	0.07564310695993692	0.23145533879196267	NaN	NaN
16	0.0	13	hop up r=1	false	0	UHFsym	0.576269031278561	0.13693863521170924	0.13693863521170924	0.9243568930400631	0.07564310695993692	0.23145533879196267	NaN	NaN
16	0.0	14	n	false	0	chi2	1.0000000000280027	2.8000490814861223e-11	2.8000490814861223e-11	0.6446257131936218	0.35537428680637817	0.4571229609472118	NaN	NaN
16	0.0	14	Sz	false	0	chi2	1.3343103358320896e-10	-3.219500991843982e-8	3.219500991843982e-8	0.6446257131936218	0.35537428680637817	0.4571229609472118	NaN	NaN
16	0.0	14	DoubleOcc	false	0	chi2	0.09729310242583825	0.09729310242583825	0.09729310242583825	0.6446257131936218	0.35537428680637817	0.4571229609472118	NaN	NaN
16	0.0	14	ZZ onsite	true	2	chi2	-0.6108275903526489	0.38917240964735333	0.38917240964735333	0.6446257131936218	0.35537428680637817	0.4571229609472118	2.3983877022675575	53.904628039024246
16	0.0	14	ZZ up-up r=1	true	2	chi2	-0.3246202570823324	-0.02748719963572821	0.02748719963572821	0.6446257131936218	0.35537428680637817	0.4571229609472118	10.669350926173363	11.470303954815293
16	0.0	14	SzSz r=1	false	0	chi2	-0.06579499798705452	0.008488266374596529	0.008488266374596529	0.6446257131936218	0.35537428680637817	0.4571229609472118	NaN	NaN
16	0.0	14	hop up r=1	false	0	chi2	0.37651192379106113	0.37651192379106113	0.37651192379106113	0.6446257131936218	0.35537428680637817	0.4571229609472118	NaN	NaN
16	0.0	14	n	false	0	chi4	1.0000000000280027	3.4728664388694597e-11	3.4728664388694597e-11	0.8936072566679049	0.10639274333209514	0.30919283841681	NaN	NaN
16	0.0	14	Sz	false	0	chi4	1.3343103358320896e-10	3.084007701992242e-11	3.084007701992242e-11	0.8936072566679049	0.10639274333209514	0.30919283841681	NaN	NaN
16	0.0	14	DoubleOcc	false	0	chi4	0.09729310242583825	0.011050172436333772	0.011050172436333772	0.8936072566679049	0.10639274333209514	0.30919283841681	NaN	NaN
16	0.0	14	ZZ onsite	true	2	chi4	-0.6108275903526489	0.0442006896758812	0.0442006896758812	0.8936072566679049	0.10639274333209514	0.30919283841681	42.21119330651419	53.904628039024246
16	0.0	14	ZZ up-up r=1	true	2	chi4	-0.3246202570823324	-0.28443930175793003	0.28443930175793003	0.8936072566679049	0.10639274333209514	0.30919283841681	1.2690176797526305	11.470303954815293
16	0.0	14	SzSz r=1	false	0	chi4	-0.06579499798705452	-0.06579499798705453	0.06579499798705453	0.8936072566679049	0.10639274333209514	0.30919283841681	NaN	NaN
16	0.0	14	hop up r=1	false	0	chi4	0.37651192379106113	0.11863478757994039	0.11863478757994039	0.8936072566679049	0.10639274333209514	0.30919283841681	NaN	NaN
16	0.0	14	n	false	0	chi8	1.0000000000280027	3.383737734452552e-12	3.383737734452552e-12	0.9998436548608479	0.00015634513915208093	0.007698552553544616	NaN	NaN
16	0.0	14	Sz	false	0	chi8	1.3343103358320896e-10	1.258702586603988e-10	1.258702586603988e-10	0.9998436548608479	0.00015634513915208093	0.007698552553544616	NaN	NaN
16	0.0	14	DoubleOcc	false	0	chi8	0.09729310242583825	-0.0013825352535467572	0.0013825352535467572	0.9998436548608479	0.00015634513915208093	0.007698552553544616	NaN	NaN
16	0.0	14	ZZ onsite	true	2	chi8	-0.6108275903526489	-0.005530141020952284	0.005530141020952284	0.9998436548608479	0.00015634513915208093	0.007698552553544616	53.67188556862988	53.904628039024246
16	0.0	14	ZZ up-up r=1	true	2	chi8	-0.3246202570823324	-0.0032421176569405463	0.0032421176569405463	0.9998436548608479	0.00015634513915208093	0.007698552553544616	11.45833690262599	11.470303954815293
16	0.0	14	SzSz r=1	false	0	chi8	-0.06579499798705452	-0.0005197524720136071	0.0005197524720136071	0.9998436548608479	0.00015634513915208093	0.007698552553544616	NaN	NaN
16	0.0	14	hop up r=1	false	0	chi8	0.37651192379106113	0.004103327152023939	0.004103327152023939	0.9998436548608479	0.00015634513915208093	0.007698552553544616	NaN	NaN
16	0.0	14	n	false	0	chi16	1.0000000000280027	1.6460832696907346e-11	1.6460832696907346e-11	0.99999983752827	1.6247172995864645e-7	0.0002786707327766443	NaN	NaN
16	0.0	14	Sz	false	0	chi16	1.3343103358320896e-10	3.3214233446932084e-11	3.3214233446932084e-11	0.99999983752827	1.6247172995864645e-7	0.0002786707327766443	NaN	NaN
16	0.0	14	DoubleOcc	false	0	chi16	0.09729310242583825	8.392780511068398e-5	8.392780511068398e-5	0.99999983752827	1.6247172995864645e-7	0.0002786707327766443	NaN	NaN
16	0.0	14	ZZ onsite	true	2	chi16	-0.6108275903526489	0.0003357111875237351	0.0003357111875237351	0.99999983752827	1.6247172995864645e-7	0.0002786707327766443	53.903766634563226	53.904628039024246
16	0.0	14	ZZ up-up r=1	true	2	chi16	-0.3246202570823324	-6.057619263649672e-5	6.057619263649672e-5	0.99999983752827	1.6247172995864645e-7	0.0002786707327766443	11.470299772788897	11.470303954815293
16	0.0	14	SzSz r=1	false	0	chi16	-0.06579499798705452	8.803232921419935e-6	8.803232921419935e-6	0.99999983752827	1.6247172995864645e-7	0.0002786707327766443	NaN	NaN
16	0.0	14	hop up r=1	false	0	chi16	0.37651192379106113	6.946731045703869e-5	6.946731045703869e-5	0.99999983752827	1.6247172995864645e-7	0.0002786707327766443	NaN	NaN
16	0.0	14	n	false	0	chi32	1.0000000000280027	6.859179890739142e-12	6.859179890739142e-12	0.9999999998891194	1.1088063800457348e-10	8.198056492833467e-6	NaN	NaN
16	0.0	14	Sz	false	0	chi32	1.3343103358320896e-10	2.2303710961457668e-11	2.2303710961457668e-11	0.9999999998891194	1.1088063800457348e-10	8.198056492833467e-6	NaN	NaN
16	0.0	14	DoubleOcc	false	0	chi32	0.09729310242583825	2.517924725387033e-6	2.517924725387033e-6	0.9999999998891194	1.1088063800457348e-10	8.198056492833467e-6	NaN	NaN
16	0.0	14	ZZ onsite	true	2	chi32	-0.6108275903526489	1.0071685187185153e-5	1.0071685187185153e-5	0.9999999998891194	1.1088063800457348e-10	8.198056492833467e-6	53.90462726369404	53.904628039024246
16	0.0	14	ZZ up-up r=1	true	2	chi32	-0.3246202570823324	-2.8450675672586634e-6	2.8450675672586634e-6	0.9999999998891194	1.1088063800457348e-10	8.198056492833467e-6	11.470303945590256	11.470303954815293
16	0.0	14	SzSz r=1	false	0	chi32	-0.06579499798705452	-7.093171612848614e-7	7.093171612848614e-7	0.9999999998891194	1.1088063800457348e-10	8.198056492833467e-6	NaN	NaN
16	0.0	14	hop up r=1	false	0	chi32	0.37651192379106113	4.332414148877639e-6	4.332414148877639e-6	0.9999999998891194	1.1088063800457348e-10	8.198056492833467e-6	NaN	NaN
16	0.0	14	n	false	0	UHF	1.0000000000280027	2.80038214839351e-11	2.80038214839351e-11	0.5357421975364244	0.4642578024635756	0.5793556081561977	NaN	NaN
16	0.0	14	Sz	false	0	UHF	1.3343103358320896e-10	-0.38555517962681507	0.38555517962681507	0.5357421975364244	0.4642578024635756	0.5793556081561977	NaN	NaN
16	0.0	14	DoubleOcc	false	0	UHF	0.09729310242583825	-0.004054100934205551	0.004054100934205551	0.5357421975364244	0.4642578024635756	0.5793556081561977	NaN	NaN
16	0.0	14	ZZ onsite	true	2	UHF	-0.6108275903526489	-0.016216403792826184	0.016216403792826184	0.5357421975364244	0.4642578024635756	0.5793556081561977	51.96690231775535	53.904628039024246
16	0.0	14	ZZ up-up r=1	true	2	UHF	-0.3246202570823324	0.4523463196872976	0.4523463196872976	0.5357421975364244	0.4642578024635756	0.5793556081561977	0.5377394176258721	11.470303954815293
16	0.0	14	SzSz r=1	false	0	UHF	-0.06579499798705452	0.10481144292814382	0.10481144292814382	0.5357421975364244	0.4642578024635756	0.5793556081561977	NaN	NaN
16	0.0	14	hop up r=1	false	0	UHF	0.37651192379106113	-0.05832324752983209	0.05832324752983209	0.5357421975364244	0.4642578024635756	0.5793556081561977	NaN	NaN
16	0.0	14	n	false	0	UHFsym	1.0000000000280027	2.800393250623756e-11	2.800393250623756e-11	0.9931641818565591	0.006835818143440919	0.07261252377235354	NaN	NaN
16	0.0	14	Sz	false	0	UHFsym	1.3343103358320896e-10	1.3343103358320896e-10	1.3343103358320896e-10	0.9931641818565591	0.006835818143440919	0.07261252377235354	NaN	NaN
16	0.0	14	DoubleOcc	false	0	UHFsym	0.09729310242583825	-0.0040541009342060785	0.0040541009342060785	0.9931641818565591	0.006835818143440919	0.07261252377235354	NaN	NaN
16	0.0	14	ZZ onsite	true	2	UHFsym	-0.6108275903526489	-0.016216403792828293	0.016216403792828293	0.9931641818565591	0.006835818143440919	0.07261252377235354	51.96690231775486	53.904628039024246
16	0.0	14	ZZ up-up r=1	true	2	UHFsym	-0.3246202570823324	0.06008280812108735	0.06008280812108735	0.9931641818565591	0.006835818143440919	0.07261252377235354	8.44223409732808	11.470303954815293
16	0.0	14	SzSz r=1	false	0	UHFsym	-0.06579499798705452	0.006745565036591711	0.006745565036591711	0.9931641818565591	0.006835818143440919	0.07261252377235354	NaN	NaN
16	0.0	14	hop up r=1	false	0	UHFsym	0.37651192379106113	-0.05832324752983192	0.05832324752983192	0.9931641818565591	0.006835818143440919	0.07261252377235354	NaN	NaN
16	0.125	2	n	false	0	chi2	0.9236408001255243	-0.07635919987447515	0.07635919987447515	0.48426382302524434	0.5157361769747557	0.5979316928745536	NaN	NaN
16	0.125	2	Sz	false	0	chi2	-3.2365841950987573e-10	-2.090878671631713e-6	2.090878671631713e-6	0.48426382302524434	0.5157361769747557	0.5979316928745536	NaN	NaN
16	0.125	2	DoubleOcc	false	0	chi2	0.08776990851551712	0.08776990851551712	0.08776990851551712	0.48426382302524434	0.5157361769747557	0.5979316928745536	NaN	NaN
16	0.125	2	ZZ onsite	true	2	chi2	-0.49620196618898	0.5037980338110193	0.5037980338110193	0.48426382302524434	0.5157361769747557	0.5979316928745536	0.9710397098149103	30.03472719540215
16	0.125	2	ZZ up-up r=1	true	2	chi2	-0.3009728985964889	-0.3009728985919953	0.3009728985919953	0.48426382302524434	0.5157361769747557	0.5979316928745536	1.0000000000268303	9.854009751750008
16	0.125	2	SzSz r=1	false	0	chi2	-0.059874542021131745	-0.05987454202000834	0.05987454202000834	0.48426382302524434	0.5157361769747557	0.5979316928745536	NaN	NaN
16	0.125	2	hop up r=1	false	0	chi2	0.43745056748733774	0.43745056748733774	0.43745056748733774	0.48426382302524434	0.5157361769747557	0.5979316928745536	NaN	NaN
16	0.125	2	n	false	0	chi4	0.9236408001255243	0.0053767038773693265	0.0053767038773693265	0.9236154491499555	0.07638455085004447	0.23548739878251557	NaN	NaN
16	0.125	2	Sz	false	0	chi4	-3.2365841950987573e-10	-0.0013078458276533853	0.0013078458276533853	0.9236154491499555	0.07638455085004447	0.23548739878251557	NaN	NaN
16	0.125	2	DoubleOcc	false	0	chi4	0.08776990851551712	0.002480495104945399	0.002480495104945399	0.9236154491499555	0.07638455085004447	0.23548739878251557	NaN	NaN
16	0.125	2	ZZ onsite	true	2	chi4	-0.49620196618898	-0.0008314273349568357	0.0008314273349568357	0.9236154491499555	0.07638455085004447	0.23548739878251557	30.03227904736118	30.03472719540215
16	0.125	2	ZZ up-up r=1	true	2	chi4	-0.3009728985964889	-0.23973498185832964	0.23973498185832964	0.9236154491499555	0.07638455085004447	0.23548739878251557	1.4890690342301607	9.854009751750008
16	0.125	2	SzSz r=1	false	0	chi4	-0.059874542021131745	-0.0544404641703547	0.0544404641703547	0.9236154491499555	0.07638455085004447	0.23548739878251557	NaN	NaN
16	0.125	2	hop up r=1	false	0	chi4	0.43745056748733774	0.15726740273583317	0.15726740273583317	0.9236154491499555	0.07638455085004447	0.23548739878251557	NaN	NaN
16	0.125	2	n	false	0	chi8	0.9236408001255243	-0.0057231389908875	0.0057231389908875	0.9973315220870742	0.002668477912925793	0.038094818138293365	NaN	NaN
16	0.125	2	Sz	false	0	chi8	-3.2365841950987573e-10	0.0009328453009707777	0.0009328453009707777	0.9973315220870742	0.002668477912925793	0.038094818138293365	NaN	NaN
16	0.125	2	DoubleOcc	false	0	chi8	0.08776990851551712	0.0003956307187294311	0.0003956307187294311	0.9973315220870742	0.002668477912925793	0.038094818138293365	NaN	NaN
16	0.125	2	ZZ onsite	true	2	chi8	-0.49620196618898	0.013028800856692613	0.013028800856692613	0.9973315220870742	0.002668477912925793	0.038094818138293365	29.44530599567107	30.03472719540215
16	0.125	2	ZZ up-up r=1	true	2	chi8	-0.3009728985964889	-0.022334517101213036	0.022334517101213036	0.9973315220870742	0.002668477912925793	0.038094818138293365	9.395892760815089	9.854009751750008
16	0.125	2	SzSz r=1	false	0	chi8	-0.059874542021131745	-0.004160190952077626	0.004160190952077626	0.9973315220870742	0.002668477912925793	0.038094818138293365	NaN	NaN
16	0.125	2	hop up r=1	false	0	chi8	0.43745056748733774	0.025938051637228066	0.025938051637228066	0.9973315220870742	0.002668477912925793	0.038094818138293365	NaN	NaN
16	0.125	2	n	false	0	chi16	0.9236408001255243	-0.0005167843067307443	0.0005167843067307443	0.999995361428271	4.638571729054242e-6	0.001392605746559274	NaN	NaN
16	0.125	2	Sz	false	0	chi16	-3.2365841950987573e-10	-7.899223153820523e-6	7.899223153820523e-6	0.999995361428271	4.638571729054242e-6	0.001392605746559274	NaN	NaN
16	0.125	2	DoubleOcc	false	0	chi16	0.08776990851551712	-1.7007033975238728e-5	1.7007033975238728e-5	0.999995361428271	4.638571729054242e-6	0.001392605746559274	NaN	NaN
16	0.125	2	ZZ onsite	true	2	chi16	-0.49620196618898	0.0009655404775598675	0.0009655404775598675	0.999995361428271	4.638571729054242e-6	0.001392605746559274	30.0314256467022	30.03472719540215
16	0.125	2	ZZ up-up r=1	true	2	chi16	-0.3009728985964889	-0.00014853560554967116	0.00014853560554967116	0.999995361428271	4.638571729054242e-6	0.001392605746559274	9.853988501775785	9.854009751750008
16	0.125	2	SzSz r=1	false	0	chi16	-0.059874542021131745	-0.00012782701859927886	0.00012782701859927886	0.999995361428271	4.638571729054242e-6	0.001392605746559274	NaN	NaN
16	0.125	2	hop up r=1	false	0	chi16	0.43745056748733774	0.00018514028937771654	0.00018514028937771654	0.999995361428271	4.638571729054242e-6	0.001392605746559274	NaN	NaN
16	0.125	2	n	false	0	chi32	0.9236408001255243	-5.8062698065297624e-5	5.8062698065297624e-5	0.9999999871886343	1.2811365746046022e-8	9.134341171251007e-5	NaN	NaN
16	0.125	2	Sz	false	0	chi32	-3.2365841950987573e-10	6.536024496843484e-6	6.536024496843484e-6	0.9999999871886343	1.2811365746046022e-8	9.134341171251007e-5	NaN	NaN
16	0.125	2	DoubleOcc	false	0	chi32	0.08776990851551712	-8.331573175576756e-6	8.331573175576756e-6	0.9999999871886343	1.2811365746046022e-8	9.134341171251007e-5	NaN	NaN
16	0.125	2	ZZ onsite	true	2	chi32	-0.49620196618898	8.279910342784413e-5	8.279910342784413e-5	0.9999999871886343	1.2811365746046022e-8	9.134341171251007e-5	30.03470291390858	30.03472719540215
16	0.125	2	ZZ up-up r=1	true	2	chi32	-0.3009728985964889	-5.088201848646445e-5	5.088201848646445e-5	0.9999999871886343	1.2811365746046022e-8	9.134341171251007e-5	9.854007258150206	9.854009751750008
16	0.125	2	SzSz r=1	false	0	chi32	-0.059874542021131745	-1.2469433240687444e-5	1.2469433240687444e-5	0.9999999871886343	1.2811365746046022e-8	9.134341171251007e-5	NaN	NaN
16	0.125	2	hop up r=1	false	0	chi32	0.43745056748733774	2.759636267074539e-5	2.759636267074539e-5	0.9999999871886343	1.2811365746046022e-8	9.134341171251007e-5	NaN	NaN
16	0.125	2	n	false	0	UHF	0.9236408001255243	-0.04179236256743457	0.04179236256743457	0.6080964250079081	0.39190357499209194	0.551196762101182	NaN	NaN
16	0.125	2	Sz	false	0	UHF	-3.2365841950987573e-10	-0.3647226771158251	0.3647226771158251	0.6080964250079081	0.39190357499209194	0.551196762101182	NaN	NaN
16	0.125	2	DoubleOcc	false	0	UHF	0.08776990851551712	-0.012222758424871985	0.012222758424871985	0.6080964250079081	0.39190357499209194	0.551196762101182	NaN	NaN
16	0.125	2	ZZ onsite	true	2	UHF	-0.49620196618898	0.034693691435381646	0.034693691435381646	0.6080964250079081	0.39190357499209194	0.551196762101182	26.301515748515122	30.03472719540215
16	0.125	2	ZZ up-up r=1	true	2	UHF	-0.3009728985964889	0.4949217604782785	0.4949217604782785	0.6080964250079081	0.39190357499209194	0.551196762101182	0.39507881471937656	9.854009751750008
16	0.125	2	SzSz r=1	false	0	UHF	-0.059874542021131745	0.08554670118737162	0.08554670118737162	0.6080964250079081	0.39190357499209194	0.551196762101182	NaN	NaN
16	0.125	2	hop up r=1	false	0	UHF	0.43745056748733774	-0.08168185065132721	0.08168185065132721	0.6080964250079081	0.39190357499209194	0.551196762101182	NaN	NaN
16	0.125	2	n	false	0	UHFsym	0.9236408001255243	-0.04179236256743479	0.04179236256743479	0.9736458384806083	0.02635416151939174	0.13569038800223804	NaN	NaN
16	0.125	2	Sz	false	0	UHFsym	-3.2365841950987573e-10	-3.236583917543001e-10	3.236583917543001e-10	0.9736458384806083	0.02635416151939174	0.13569038800223804	NaN	NaN
16	0.125	2	DoubleOcc	false	0	UHFsym	0.08776990851551712	-0.01222275842487243	0.01222275842487243	0.9736458384806083	0.02635416151939174	0.13569038800223804	NaN	NaN
16	0.125	2	ZZ onsite	true	2	UHFsym	-0.49620196618898	0.03469369143538009	0.03469369143538009	0.9736458384806083	0.02635416151939174	0.13569038800223804	26.301515748515417	30.03472719540215
16	0.125	2	ZZ up-up r=1	true	2	UHFsym	-0.3009728985964889	0.06028534194571339	0.06028534194571339	0.9736458384806083	0.02635416151939174	0.13569038800223804	7.271101943720318	9.854009751750008
16	0.125	2	SzSz r=1	false	0	UHFsym	-0.059874542021131745	0.005204283523500074	0.005204283523500074	0.9736458384806083	0.02635416151939174	0.13569038800223804	NaN	NaN
16	0.125	2	hop up r=1	false	0	UHFsym	0.43745056748733774	-0.014838250542951237	0.014838250542951237	0.9736458384806083	0.02635416151939174	0.13569038800223804	NaN	NaN
16	0.125	3	n	false	0	chi2	0.8444838055363845	-0.15551619446361464	0.15551619446361464	0.4218665392364788	0.5781334607635211	0.6320208468387706	NaN	NaN
16	0.125	3	Sz	false	0	chi2	-1.477074879074891e-9	5.35906225645884e-7	5.35906225645884e-7	0.4218665392364788	0.5781334607635211	0.6320208468387706	NaN	NaN
16	0.125	3	DoubleOcc	false	0	chi2	0.06963436493606666	0.06963436493606666	0.06963436493606666	0.4218665392364788	0.5781334607635211	0.6320208468387706	NaN	NaN
16	0.125	3	ZZ onsite	true	2	chi2	-0.4104301513285022	0.5895698486714969	0.5895698486714969	0.4218665392364788	0.5781334607635211	0.6320208468387706	0.49813434271268037	19.006907950194652
16	0.125	3	ZZ up-up r=1	true	2	chi2	-0.4730348298701575	0.5269651701298417	0.5269651701298417	0.4218665392364788	0.5781334607635211	0.6320208468387706	0.8117121544072191	26.62351992673193
16	0.125	3	SzSz r=1	false	0	chi2	-0.09672381349577548	0.1532761865042243	0.1532761865042243	0.4218665392364788	0.5781334607635211	0.6320208468387706	NaN	NaN
16	0.125	3	hop up r=1	false	0	chi2	0.5614597220951425	0.5614597220951425	0.5614597220951425	0.4218665392364788	0.5781334607635211	0.6320208468387706	NaN	NaN
16	0.125	3	n	false	0	chi4	0.8444838055363845	-0.005041983901188707	0.005041983901188707	0.956360437567291	0.043639562432708945	0.14291186648086565	NaN	NaN
16	0.125	3	Sz	false	0	chi4	-1.477074879074891e-9	0.003557686011522912	0.003557686011522912	0.956360437567291	0.043639562432708945	0.14291186648086565	NaN	NaN
16	0.125	3	DoubleOcc	false	0	chi4	0.06963436493606666	-0.021736200743174033	0.021736200743174033	0.956360437567291	0.043639562432708945	0.14291186648086565	NaN	NaN
16	0.125	3	ZZ onsite	true	2	chi4	-0.4104301513285022	-0.07686083517031805	0.07686083517031805	0.956360437567291	0.043639562432708945	0.14291186648086565	11.649985145975174	19.006907950194652
16	0.125	3	ZZ up-up r=1	true	2	chi4	-0.4730348298701575	0.04469557515968697	0.04469557515968697	0.956360437567291	0.043639562432708945	0.14291186648086565	21.6669671408209	26.62351992673193
16	0.125	3	SzSz r=1	false	0	chi4	-0.09672381349577548	0.0012044656150159844	0.0012044656150159844	0.956360437567291	0.043639562432708945	0.14291186648086565	NaN	NaN
16	0.125	3	hop up r=1	false	0	chi4	0.5614597220951425	-0.06770825019902293	0.06770825019902293	0.956360437567291	0.043639562432708945	0.14291186648086565	NaN	NaN
16	0.125	3	n	false	0	chi8	0.8444838055363845	0.005780649998487264	0.005780649998487264	0.996154823634808	0.0038451763651919935	0.026396984795524544	NaN	NaN
16	0.125	3	Sz	false	0	chi8	-1.477074879074891e-9	-0.003774541672856624	0.003774541672856624	0.996154823634808	0.0038451763651919935	0.026396984795524544	NaN	NaN
16	0.125	3	DoubleOcc	false	0	chi8	0.06963436493606666	0.005023921550747365	0.005023921550747365	0.996154823634808	0.0038451763651919935	0.026396984795524544	NaN	NaN
16	0.125	3	ZZ onsite	true	2	chi8	-0.4104301513285022	0.008534386206014044	0.008534386206014044	0.996154823634808	0.0038451763651919935	0.026396984795524544	18.86006657785416	19.006907950194652
16	0.125	3	ZZ up-up r=1	true	2	chi8	-0.4730348298701575	-0.00714212290513655	0.00714212290513655	0.996154823634808	0.0038451763651919935	0.026396984795524544	26.46890792161978	26.62351992673193
16	0.125	3	SzSz r=1	false	0	chi8	-0.09672381349577548	0.0004193722520179771	0.0004193722520179771	0.996154823634808	0.0038451763651919935	0.026396984795524544	NaN	NaN
16	0.125	3	hop up r=1	false	0	chi8	0.5614597220951425	0.026618605996781453	0.026618605996781453	0.996154823634808	0.0038451763651919935	0.026396984795524544	NaN	NaN
16	0.125	3	n	false	0	chi16	0.8444838055363845	0.0005055168586555192	0.0005055168586555192	0.9999339432524444	6.605674755555402e-5	0.0033559598143304177	NaN	NaN
16	0.125	3	Sz	false	0	chi16	-1.477074879074891e-9	8.992253388655225e-5	8.992253388655225e-5	0.9999339432524444	6.605674755555402e-5	0.0033559598143304177	NaN	NaN
16	0.125	3	DoubleOcc	false	0	chi16	0.06963436493606666	0.00025219686311443723	0.00025219686311443723	0.9999339432524444	6.605674755555402e-5	0.0033559598143304177	NaN	NaN
16	0.125	3	ZZ onsite	true	2	chi16	-0.4104301513285022	-2.246264853844604e-6	2.246264853844604e-6	0.9999339432524444	6.605674755555402e-5	0.0033559598143304177	19.006907939942995	19.006907950194652
16	0.125	3	ZZ up-up r=1	true	2	chi16	-0.4730348298701575	-0.001134382824011515	0.001134382824011515	0.9999339432524444	6.605674755555402e-5	0.0033559598143304177	26.619597333123806	26.62351992673193
16	0.125	3	SzSz r=1	false	0	chi16	-0.09672381349577548	-0.0005542397227356888	0.0005542397227356888	0.9999339432524444	6.605674755555402e-5	0.0033559598143304177	NaN	NaN
16	0.125	3	hop up r=1	false	0	chi16	0.5614597220951425	0.0007641476002927527	0.0007641476002927527	0.9999339432524444	6.605674755555402e-5	0.0033559598143304177	NaN	NaN
16	0.125	3	n	false	0	chi32	0.8444838055363845	2.7412892845135595e-5	2.7412892845135595e-5	0.9999996752705397	3.247294603214712e-7	0.0002590070091276481	NaN	NaN
16	0.125	3	Sz	false	0	chi32	-1.477074879074891e-9	-2.2393551241069176e-5	2.2393551241069176e-5	0.9999996752705397	3.247294603214712e-7	0.0002590070091276481	NaN	NaN
16	0.125	3	DoubleOcc	false	0	chi32	0.06963436493606666	1.054393108758378e-5	1.054393108758378e-5	0.9999996752705397	3.247294603214712e-7	0.0002590070091276481	NaN	NaN
16	0.125	3	ZZ onsite	true	2	chi32	-0.4104301513285022	-1.2650061339380958e-5	1.2650061339380958e-5	0.9999996752705397	3.247294603214712e-7	0.0002590070091276481	19.006907625064418	19.006907950194652
16	0.125	3	ZZ up-up r=1	true	2	chi32	-0.4730348298701575	4.558732536025234e-5	4.558732536025234e-5	0.9999996752705397	3.247294603214712e-7	0.0002590070091276481	26.623513590863567	26.62351992673193
16	0.125	3	SzSz r=1	false	0	chi32	-0.09672381349577548	9.140255782247309e-6	9.140255782247309e-6	0.9999996752705397	3.247294603214712e-7	0.0002590070091276481	NaN	NaN
16	0.125	3	hop up r=1	false	0	chi32	0.5614597220951425	-0.0001258911066731594	0.0001258911066731594	0.9999996752705397	3.247294603214712e-7	0.0002590070091276481	NaN	NaN
16	0.125	3	n	false	0	UHF	0.8444838055363845	-0.05213148211854801	0.05213148211854801	0.7042171235209453	0.29578287647905466	0.5162041841417181	NaN	NaN
16	0.125	3	Sz	false	0	UHF	-1.477074879074891e-9	0.32707614589570033	0.32707614589570033	0.7042171235209453	0.29578287647905466	0.5162041841417181	NaN	NaN
16	0.125	3	DoubleOcc	false	0	UHF	0.06963436493606666	-0.024366572397850256	0.024366572397850256	0.7042171235209453	0.29578287647905466	0.5162041841417181	NaN	NaN
16	0.125	3	ZZ onsite	true	2	UHF	-0.4104301513285022	0.006796674645695111	0.006796674645695111	0.7042171235209453	0.29578287647905466	0.5162041841417181	18.913512486785855	19.006907950194652
16	0.125	3	ZZ up-up r=1	true	2	UHF	-0.4730348298701575	-0.2682194729631264	0.2682194729631264	0.7042171235209453	0.29578287647905466	0.5162041841417181	2.881889829219433	26.62351992673193
16	0.125	3	SzSz r=1	false	0	UHF	-0.09672381349577548	0.0012772724777372346	0.0012772724777372346	0.7042171235209453	0.29578287647905466	0.5162041841417181	NaN	NaN
16	0.125	3	hop up r=1	false	0	UHF	0.5614597220951425	0.24094489597041852	0.24094489597041852	0.7042171235209453	0.29578287647905466	0.5162041841417181	NaN	NaN
16	0.125	3	n	false	0	UHFsym	0.8444838055363845	-0.05213148211854812	0.05213148211854812	0.934080684537047	0.06591931546295304	0.24132053486951485	NaN	NaN
16	0.125	3	Sz	false	0	UHFsym	-1.477074879074891e-9	-1.4770749207082545e-9	1.4770749207082545e-9	0.934080684537047	0.06591931546295304	0.24132053486951485	NaN	NaN
16	0.125	3	DoubleOcc	false	0	UHFsym	0.06963436493606666	-0.024366572397850353	0.024366572397850353	0.934080684537047	0.06591931546295304	0.24132053486951485	NaN	NaN
16	0.125	3	ZZ onsite	true	2	UHFsym	-0.4104301513285022	0.0067966746456947225	0.0067966746456947225	0.934080684537047	0.06591931546295304	0.24132053486951485	18.913512486785866	19.006907950194652
16	0.125	3	ZZ up-up r=1	true	2	UHFsym	-0.4730348298701575	-0.15537612879997204	0.15537612879997204	0.934080684537047	0.06591931546295304	0.24132053486951485	7.072204837269889	26.62351992673193
16	0.125	3	SzSz r=1	false	0	UHFsym	-0.09672381349577548	-0.04599323979792598	0.04599323979792598	0.934080684537047	0.06591931546295304	0.24132053486951485	NaN	NaN
16	0.125	3	hop up r=1	false	0	UHFsym	0.5614597220951425	0.062287387037437913	0.062287387037437913	0.934080684537047	0.06591931546295304	0.24132053486951485	NaN	NaN
16	0.125	4	n	false	0	chi2	0.8768353063049832	-0.12316469369501604	0.12316469369501604	0.1772791856585153	0.8227208143414847	0.8459160541842277	NaN	NaN
16	0.125	4	Sz	false	0	chi2	-4.2854275683623655e-11	-5.374261546343624e-7	5.374261546343624e-7	0.1772791856585153	0.8227208143414847	0.8459160541842277	NaN	NaN
16	0.125	4	DoubleOcc	false	0	chi2	0.08402585571358262	0.08402585571358262	0.08402585571358262	0.1772791856585153	0.8227208143414847	0.8459160541842277	NaN	NaN
16	0.125	4	ZZ onsite	true	2	chi2	-0.4175671897556361	0.5824328102443631	0.5824328102443631	0.1772791856585153	0.8227208143414847	0.8459160541842277	0.5269501820302236	19.77200780824548
16	0.125	4	ZZ up-up r=1	true	2	chi2	-0.38322015452527836	-0.38321907975867764	0.38321907975867764	0.1772791856585153	0.8227208143414847	0.8459160541842277	1.000005265058935	16.30110089026389
16	0.125	4	SzSz r=1	false	0	chi2	-0.07703851440424647	-0.07703851440424647	0.07703851440424647	0.1772791856585153	0.8227208143414847	0.8459160541842277	NaN	NaN
16	0.125	4	hop up r=1	false	0	chi2	0.5198745072902489	0.5198745072902489	0.5198745072902489	0.1772791856585153	0.8227208143414847	0.8459160541842277	NaN	NaN
16	0.125	4	n	false	0	chi4	0.8768353063049832	0.0003645767793146737	0.0003645767793146737	0.9428723902183824	0.05712760978161757	0.19859419666282846	NaN	NaN
16	0.125	4	Sz	false	0	chi4	-4.2854275683623655e-11	0.0012799430462512446	0.0012799430462512446	0.9428723902183824	0.05712760978161757	0.19859419666282846	NaN	NaN
16	0.125	4	DoubleOcc	false	0	chi4	0.08402585571358262	-0.040110315811212854	0.040110315811212854	0.9428723902183824	0.05712760978161757	0.19859419666282846	NaN	NaN
16	0.125	4	ZZ onsite	true	2	chi4	-0.4175671897556361	-0.161170416803481	0.161170416803481	0.9428723902183824	0.05712760978161757	0.19859419666282846	5.207834616059422	19.77200780824548
16	0.125	4	ZZ up-up r=1	true	2	chi4	-0.38322015452527836	-0.14111964003547417	0.14111964003547417	0.9428723902183824	0.05712760978161757	0.19859419666282846	5.301312577344479	16.30110089026389
16	0.125	4	SzSz r=1	false	0	chi4	-0.07703851440424647	-0.04048837959816164	0.04048837959816164	0.9428723902183824	0.05712760978161757	0.19859419666282846	NaN	NaN
16	0.125	4	hop up r=1	false	0	chi4	0.5198745072902489	0.01169174498722425	0.01169174498722425	0.9428723902183824	0.05712760978161757	0.19859419666282846	NaN	NaN
16	0.125	4	n	false	0	chi8	0.8768353063049832	0.006793485093657403	0.006793485093657403	0.9917410285451899	0.008258971454810138	0.0687333902132515	NaN	NaN
16	0.125	4	Sz	false	0	chi8	-4.2854275683623655e-11	-0.0014937184271452547	0.0014937184271452547	0.9917410285451899	0.008258971454810138	0.0687333902132515	NaN	NaN
16	0.125	4	DoubleOcc	false	0	chi8	0.08402585571358262	0.007863011780835052	0.007863011780835052	0.9917410285451899	0.008258971454810138	0.0687333902132515	NaN	NaN
16	0.125	4	ZZ onsite	true	2	chi8	-0.4175671897556361	0.017865076936024515	0.017865076936024515	0.9917410285451899	0.008258971454810138	0.0687333902132515	19.115187844442296	19.77200780824548
16	0.125	4	ZZ up-up r=1	true	2	chi8	-0.38322015452527836	-0.03706212671499881	0.03706212671499881	0.9917410285451899	0.008258971454810138	0.0687333902132515	14.260239588467188	16.30110089026389
16	0.125	4	SzSz r=1	false	0	chi8	-0.07703851440424647	-0.004333078173426999	0.004333078173426999	0.9917410285451899	0.008258971454810138	0.0687333902132515	NaN	NaN
16	0.125	4	hop up r=1	false	0	chi8	0.5198745072902489	0.035876834031952354	0.035876834031952354	0.9917410285451899	0.008258971454810138	0.0687333902132515	NaN	NaN
16	0.125	4	n	false	0	chi16	0.8768353063049832	-9.092279890565713e-5	9.092279890565713e-5	0.9999537793120665	4.622068793347367e-5	0.0028461028642137874	NaN	NaN
16	0.125	4	Sz	false	0	chi16	-4.2854275683623655e-11	0.00013414138595957414	0.00013414138595957414	0.9999537793120665	4.622068793347367e-5	0.0028461028642137874	NaN	NaN
16	0.125	4	DoubleOcc	false	0	chi16	0.08402585571358262	-0.00019445861785151453	0.00019445861785151453	0.9999537793120665	4.622068793347367e-5	0.0028461028642137874	NaN	NaN
16	0.125	4	ZZ onsite	true	2	chi16	-0.4175671897556361	-0.000595988873595632	0.000595988873595632	0.9999537793120665	4.622068793347367e-5	0.0028461028642137874	19.771251727005563	19.77200780824548
16	0.125	4	ZZ up-up r=1	true	2	chi16	-0.38322015452527836	-0.0022110090379498515	0.0022110090379498515	0.9999537793120665	4.622068793347367e-5	0.0028461028642137874	16.292802328711158	16.30110089026389
16	0.125	4	SzSz r=1	false	0	chi16	-0.07703851440424647	-0.000460856942920973	0.000460856942920973	0.9999537793120665	4.622068793347367e-5	0.0028461028642137874	NaN	NaN
16	0.125	4	hop up r=1	false	0	chi16	0.5198745072902489	0.0012955955763751525	0.0012955955763751525	0.9999537793120665	4.622068793347367e-5	0.0028461028642137874	NaN	NaN
16	0.125	4	n	false	0	chi32	0.8768353063049832	-2.1118744000681033e-5	2.1118744000681033e-5	0.9999993365820771	6.634179229303427e-7	0.00045037448693256005	NaN	NaN
16	0.125	4	Sz	false	0	chi32	-4.2854275683623655e-11	-5.417286338682548e-7	5.417286338682548e-7	0.9999993365820771	6.634179229303427e-7	0.00045037448693256005	NaN	NaN
16	0.125	4	DoubleOcc	false	0	chi32	0.08402585571358262	-1.702232048657326e-5	1.702232048657326e-5	0.9999993365820771	6.634179229303427e-7	0.00045037448693256005	NaN	NaN
16	0.125	4	ZZ onsite	true	2	chi32	-0.4175671897556361	-2.585179394548609e-5	2.585179394548609e-5	0.9999993365820771	6.634179229303427e-7	0.00045037448693256005	19.77200638562156	19.77200780824548
16	0.125	4	ZZ up-up r=1	true	2	chi32	-0.38322015452527836	-0.00034604165685109267	0.00034604165685109267	0.9999993365820771	6.634179229303427e-7	0.00045037448693256005	16.300897516803598	16.30110089026389
16	0.125	4	SzSz r=1	false	0	chi32	-0.07703851440424647	-6.591652559487238e-5	6.591652559487238e-5	0.9999993365820771	6.634179229303427e-7	0.00045037448693256005	NaN	NaN
16	0.125	4	hop up r=1	false	0	chi32	0.5198745072902489	0.0001273734452892361	0.0001273734452892361	0.9999993365820771	6.634179229303427e-7	0.00045037448693256005	NaN	NaN
16	0.125	4	n	false	0	UHF	0.8768353063049832	0.12647914559544005	0.12647914559544005	0.7137363084815013	0.28626369151849873	0.494063887021939	NaN	NaN
16	0.125	4	Sz	false	0	UHF	-4.2854275683623655e-11	-0.19220186428863578	0.19220186428863578	0.7137363084815013	0.28626369151849873	0.494063887021939	NaN	NaN
16	0.125	4	DoubleOcc	false	0	UHF	0.08402585571358262	-0.01979117964555499	0.01979117964555499	0.7137363084815013	0.28626369151849873	0.494063887021939	NaN	NaN
16	0.125	4	ZZ onsite	true	2	UHF	-0.4175671897556361	-0.3321230097731005	0.3321230097731005	0.7137363084815013	0.28626369151849873	0.494063887021939	1.5356171849949387	19.77200780824548
16	0.125	4	ZZ up-up r=1	true	2	UHF	-0.38322015452527836	0.4309681360372529	0.4309681360372529	0.7137363084815013	0.28626369151849873	0.494063887021939	0.8009749053648834	16.30110089026389
16	0.125	4	SzSz r=1	false	0	UHF	-0.07703851440424647	-0.03450461605964318	0.03450461605964318	0.7137363084815013	0.28626369151849873	0.494063887021939	NaN	NaN
16	0.125	4	hop up r=1	false	0	UHF	0.5198745072902489	-0.3665247873824742	0.3665247873824742	0.7137363084815013	0.28626369151849873	0.494063887021939	NaN	NaN
16	0.125	4	n	false	0	UHFsym	0.8768353063049832	0.12647914559543993	0.12647914559543993	0.883934968643962	0.11606503135603796	0.327183619291152	NaN	NaN
16	0.125	4	Sz	false	0	UHFsym	-4.2854275683623655e-11	-4.285424792804804e-11	4.285424792804804e-11	0.883934968643962	0.11606503135603796	0.327183619291152	NaN	NaN
16	0.125	4	DoubleOcc	false	0	UHFsym	0.08402585571358262	-0.019791179645554935	0.019791179645554935	0.883934968643962	0.11606503135603796	0.327183619291152	NaN	NaN
16	0.125	4	ZZ onsite	true	2	UHFsym	-0.4175671897556361	-0.33212300977310016	0.33212300977310016	0.883934968643962	0.11606503135603796	0.327183619291152	1.5356171849949416	19.77200780824548
16	0.125	4	ZZ up-up r=1	true	2	UHFsym	-0.38322015452527836	-0.11710982551546667	0.11710982551546667	0.883934968643962	0.11606503135603796	0.327183619291152	6.7112115838493915	16.30110089026389
16	0.125	4	SzSz r=1	false	0	UHFsym	-0.07703851440424647	-0.04364148658913637	0.04364148658913637	0.883934968643962	0.11606503135603796	0.327183619291152	NaN	NaN
16	0.125	4	hop up r=1	false	0	UHFsym	0.5198745072902489	-0.05347181038874238	0.05347181038874238	0.883934968643962	0.11606503135603796	0.327183619291152	NaN	NaN
16	0.125	5	n	false	0	chi2	0.8263607515893698	0.8263607515893698	0.8263607515893698	0.17805418545699808	0.8219458145430019	0.8448739677339718	NaN	NaN
16	0.125	5	Sz	false	0	chi2	-4.6265180575488785e-10	-4.6265180575488785e-10	4.6265180575488785e-10	0.17805418545699808	0.8219458145430019	0.8448739677339718	NaN	NaN
16	0.125	5	DoubleOcc	false	0	chi2	0.06925822926590684	0.06925822926590684	0.06925822926590684	0.17805418545699808	0.8219458145430019	0.8448739677339718	NaN	NaN
16	0.125	5	ZZ onsite	true	2	chi2	-0.3756885861151121	-1.3756885861151114	1.3756885861151114	0.17805418545699808	0.8219458145430019	0.8448739677339718	0.07927954712254218	15.607707709128217
16	0.125	5	ZZ up-up r=1	true	2	chi2	-0.37660114505657877	-0.37660001309082747	0.37660001309082747	0.17805418545699808	0.8219458145430019	0.8448739677339718	1.0000056283777232	15.690501544291614
16	0.125	5	SzSz r=1	false	0	chi2	-0.07609655440621471	-0.07609655440621471	0.07609655440621471	0.17805418545699808	0.8219458145430019	0.8448739677339718	NaN	NaN
16	0.125	5	hop up r=1	false	0	chi2	0.5139176166368111	0.5139176166368111	0.5139176166368111	0.17805418545699808	0.8219458145430019	0.8448739677339718	NaN	NaN
16	0.125	5	n	false	0	chi4	0.8263607515893698	0.03391233038047714	0.03391233038047714	0.9279715001714679	0.0720284998285321	0.223948883315099	NaN	NaN
16	0.125	5	Sz	false	0	chi4	-4.6265180575488785e-10	-0.0026336227155261266	0.0026336227155261266	0.9279715001714679	0.0720284998285321	0.223948883315099	NaN	NaN
16	0.125	5	DoubleOcc	false	0	chi4	0.06925822926590684	-0.02698206836430035	0.02698206836430035	0.9279715001714679	0.0720284998285321	0.223948883315099	NaN	NaN
16	0.125	5	ZZ onsite	true	2	chi4	-0.3756885861151121	-0.17575293421815613	0.17575293421815613	0.9279715001714679	0.0720284998285321	0.223948883315099	3.7188515036525196	15.607707709128217
16	0.125	5	ZZ up-up r=1	true	2	chi4	-0.37660114505657877	-0.1640287912478947	0.1640287912478947	0.9279715001714679	0.0720284998285321	0.223948883315099	4.143418278631004	15.690501544291614
16	0.125	5	SzSz r=1	false	0	chi4	-0.07609655440621471	-0.043193662284557066	0.043193662284557066	0.9279715001714679	0.0720284998285321	0.223948883315099	NaN	NaN
16	0.125	5	hop up r=1	false	0	chi4	0.5139176166368111	0.10280509295737167	0.10280509295737167	0.9279715001714679	0.0720284998285321	0.223948883315099	NaN	NaN
16	0.125	5	n	false	0	chi8	0.8263607515893698	-0.0003975634319387522	0.0003975634319387522	0.9886820504753341	0.011317949524665916	0.07840416776220978	NaN	NaN
16	0.125	5	Sz	false	0	chi8	-4.6265180575488785e-10	-0.0014612323981219866	0.0014612323981219866	0.9886820504753341	0.011317949524665916	0.07840416776220978	NaN	NaN
16	0.125	5	DoubleOcc	false	0	chi8	0.06925822926590684	0.003132393015971499	0.003132393015971499	0.9886820504753341	0.011317949524665916	0.07840416776220978	NaN	NaN
16	0.125	5	ZZ onsite	true	2	chi8	-0.3756885861151121	0.013324698927762502	0.013324698927762502	0.9886820504753341	0.011317949524665916	0.07840416776220978	15.326082175116396	15.607707709128217
16	0.125	5	ZZ up-up r=1	true	2	chi8	-0.37660114505657877	-0.04693514533572812	0.04693514533572812	0.9886820504753341	0.011317949524665916	0.07840416776220978	12.775451896172655	15.690501544291614
16	0.125	5	SzSz r=1	false	0	chi8	-0.07609655440621471	-0.006055904660934142	0.006055904660934142	0.9886820504753341	0.011317949524665916	0.07840416776220978	NaN	NaN
16	0.125	5	hop up r=1	false	0	chi8	0.5139176166368111	0.08682691703134093	0.08682691703134093	0.9886820504753341	0.011317949524665916	0.07840416776220978	NaN	NaN
16	0.125	5	n	false	0	chi16	0.8263607515893698	0.0006693860209691094	0.0006693860209691094	0.9998198868998512	0.00018011310014875992	0.006218624888111684	NaN	NaN
16	0.125	5	Sz	false	0	chi16	-4.6265180575488785e-10	0.00025380117349015074	0.00025380117349015074	0.9998198868998512	0.00018011310014875992	0.006218624888111684	NaN	NaN
16	0.125	5	DoubleOcc	false	0	chi16	0.06925822926590684	0.0002912000092604866	0.0002912000092604866	0.9998198868998512	0.00018011310014875992	0.006218624888111684	NaN	NaN
16	0.125	5	ZZ onsite	true	2	chi16	-0.3756885861151121	-0.00017397200489649434	0.00017397200489649434	0.9998198868998512	0.00018011310014875992	0.006218624888111684	15.60765881884329	15.607707709128217
16	0.125	5	ZZ up-up r=1	true	2	chi16	-0.37660114505657877	-0.005370203359594872	0.005370203359594872	0.9998198868998512	0.00018011310014875992	0.006218624888111684	15.643771490785454	15.690501544291614
16	0.125	5	SzSz r=1	false	0	chi16	-0.07609655440621471	-0.0009463582169157436	0.0009463582169157436	0.9998198868998512	0.00018011310014875992	0.006218624888111684	NaN	NaN
16	0.125	5	hop up r=1	false	0	chi16	0.5139176166368111	0.0030151741327958392	0.0030151741327958392	0.9998198868998512	0.00018011310014875992	0.006218624888111684	NaN	NaN
16	0.125	5	n	false	0	chi32	0.8263607515893698	8.658638419734022e-5	8.658638419734022e-5	0.9999985875782311	1.4124217688760154e-6	0.0006926786505452643	NaN	NaN
16	0.125	5	Sz	false	0	chi32	-4.6265180575488785e-10	-1.7142517220139486e-5	1.7142517220139486e-5	0.9999985875782311	1.4124217688760154e-6	0.0006926786505452643	NaN	NaN
16	0.125	5	DoubleOcc	false	0	chi32	0.06925822926590684	4.713589248928063e-5	4.713589248928063e-5	0.9999985875782311	1.4124217688760154e-6	0.0006926786505452643	NaN	NaN
16	0.125	5	ZZ onsite	true	2	chi32	-0.3756885861151121	1.5370801562553105e-5	1.5370801562553105e-5	0.9999985875782311	1.4124217688760154e-6	0.0006926786505452643	15.60770732748442	15.607707709128217
16	0.125	5	ZZ up-up r=1	true	2	chi32	-0.37660114505657877	-0.0007211692812114645	0.0007211692812114645	0.9999985875782311	1.4124217688760154e-6	0.0006926786505452643	15.689656340920454	15.690501544291614
16	0.125	5	SzSz r=1	false	0	chi32	-0.07609655440621471	-0.00011845408853207451	0.00011845408853207451	0.9999985875782311	1.4124217688760154e-6	0.0006926786505452643	NaN	NaN
16	0.125	5	hop up r=1	false	0	chi32	0.5139176166368111	0.00024105486701209156	0.00024105486701209156	0.9999985875782311	1.4124217688760154e-6	0.0006926786505452643	NaN	NaN
16	0.125	5	n	false	0	UHF	0.8263607515893698	0.15018955377710874	0.15018955377710874	0.7125150912485906	0.2874849087514094	0.49166386029970754	NaN	NaN
16	0.125	5	Sz	false	0	UHF	-4.6265180575488785e-10	-0.056227979821187046	0.056227979821187046	0.7125150912485906	0.2874849087514094	0.49166386029970754	NaN	NaN
16	0.125	5	DoubleOcc	false	0	UHF	0.06925822926590684	-0.04188205725906628	0.04188205725906628	0.7125150912485906	0.2874849087514094	0.49166386029970754	NaN	NaN
16	0.125	5	ZZ onsite	true	2	UHF	-0.3756885861151121	-0.4679073365904823	0.4679073365904823	0.7125150912485906	0.2874849087514094	0.49166386029970754	0.6596869808363742	15.607707709128217
16	0.125	5	ZZ up-up r=1	true	2	UHF	-0.37660114505657877	-0.4483050201518599	0.4483050201518599	0.7125150912485906	0.2874849087514094	0.49166386029970754	0.7191831307399811	15.690501544291614
16	0.125	5	SzSz r=1	false	0	UHF	-0.07609655440621471	-0.015229158058548034	0.015229158058548034	0.7125150912485906	0.2874849087514094	0.49166386029970754	NaN	NaN
16	0.125	5	hop up r=1	false	0	UHF	0.5139176166368111	0.2340708891558837	0.2340708891558837	0.7125150912485906	0.2874849087514094	0.49166386029970754	NaN	NaN
16	0.125	5	n	false	0	UHFsym	0.8263607515893698	0.15018955377710852	0.15018955377710852	0.9228133132375884	0.07718668676241158	0.26861289367657826	NaN	NaN
16	0.125	5	Sz	false	0	UHFsym	-4.6265180575488785e-10	-4.6265179187710004e-10	4.6265179187710004e-10	0.9228133132375884	0.07718668676241158	0.26861289367657826	NaN	NaN
16	0.125	5	DoubleOcc	false	0	UHFsym	0.06925822926590684	-0.04188205725906634	0.04188205725906634	0.9228133132375884	0.07718668676241158	0.26861289367657826	NaN	NaN
16	0.125	5	ZZ onsite	true	2	UHFsym	-0.3756885861151121	-0.46790733659048217	0.46790733659048217	0.9228133132375884	0.07718668676241158	0.26861289367657826	0.6596869808363746	15.607707709128217
16	0.125	5	ZZ up-up r=1	true	2	UHFsym	-0.37660114505657877	-0.09382883178267548	0.09382883178267548	0.9228133132375884	0.07718668676241158	0.26861289367657826	8.206769718153563	15.690501544291614
16	0.125	5	SzSz r=1	false	0	UHFsym	-0.07609655440621471	-0.0369355470605262	0.0369355470605262	0.9228133132375884	0.07718668676241158	0.26861289367657826	NaN	NaN
16	0.125	5	hop up r=1	false	0	UHFsym	0.5139176166368111	-0.031028197987142847	0.031028197987142847	0.9228133132375884	0.07718668676241158	0.26861289367657826	NaN	NaN
16	0.125	6	n	false	0	chi2	0.8728627898341237	-0.12713721016587565	0.12713721016587565	0.4160449907902784	0.5839550092097217	0.6359886751918306	NaN	NaN
16	0.125	6	Sz	false	0	chi2	-5.906507782871273e-10	-5.665735264009514e-7	5.665735264009514e-7	0.4160449907902784	0.5839550092097217	0.6359886751918306	NaN	NaN
16	0.125	6	DoubleOcc	false	0	chi2	0.08107439372935421	0.08107439372935421	0.08107439372935421	0.4160449907902784	0.5839550092097217	0.6359886751918306	NaN	NaN
16	0.125	6	ZZ onsite	true	2	chi2	-0.4214280047508304	0.578571995249169	0.578571995249169	0.4160449907902784	0.5839550092097217	0.6359886751918306	0.5431828021805355	20.196054990008104
16	0.125	6	ZZ up-up r=1	true	2	chi2	-0.4601314294620662	0.5398685705379332	0.5398685705379332	0.4160449907902784	0.5839550092097217	0.6359886751918306	0.7344982301459955	24.87433487288185
16	0.125	6	SzSz r=1	false	0	chi2	-0.094335342134994	0.15566465786500586	0.15566465786500586	0.4160449907902784	0.5839550092097217	0.6359886751918306	NaN	NaN
16	0.125	6	hop up r=1	false	0	chi2	0.5510020018436598	0.5510020018436598	0.5510020018436598	0.4160449907902784	0.5839550092097217	0.6359886751918306	NaN	NaN
16	0.125	6	n	false	0	chi4	0.8728627898341237	-0.018558707116808293	0.018558707116808293	0.926987852284011	0.07301214771598896	0.1608759140881719	NaN	NaN
16	0.125	6	Sz	false	0	chi4	-5.906507782871273e-10	0.00452214153026638	0.00452214153026638	0.926987852284011	0.07301214771598896	0.1608759140881719	NaN	NaN
16	0.125	6	DoubleOcc	false	0	chi4	0.08107439372935421	-0.041737781788831904	0.041737781788831904	0.926987852284011	0.07301214771598896	0.1608759140881719	NaN	NaN
16	0.125	6	ZZ onsite	true	2	chi4	-0.4214280047508304	-0.12983371292171103	0.12983371292171103	0.926987852284011	0.07301214771598896	0.1608759140881719	7.156733418537436	20.196054990008104
16	0.125	6	ZZ up-up r=1	true	2	chi4	-0.4601314294620662	0.10270623835194059	0.10270623835194059	0.926987852284011	0.07301214771598896	0.1608759140881719	11.360784684103242	24.87433487288185
16	0.125	6	SzSz r=1	false	0	chi4	-0.094335342134994	0.010675077833580432	0.010675077833580432	0.926987852284011	0.07301214771598896	0.1608759140881719	NaN	NaN
16	0.125	6	hop up r=1	false	0	chi4	0.5510020018436598	-0.11237594199001122	0.11237594199001122	0.926987852284011	0.07301214771598896	0.1608759140881719	NaN	NaN
16	0.125	6	n	false	0	chi8	0.8728627898341237	0.009707697544335536	0.009707697544335536	0.996150621090261	0.0038493789097390207	0.040222869814976574	NaN	NaN
16	0.125	6	Sz	false	0	chi8	-5.906507782871273e-10	0.002123506248699808	0.002123506248699808	0.996150621090261	0.0038493789097390207	0.040222869814976574	NaN	NaN
16	0.125	6	DoubleOcc	false	0	chi8	0.08107439372935421	0.01177409796540696	0.01177409796540696	0.996150621090261	0.0038493789097390207	0.040222869814976574	NaN	NaN
16	0.125	6	ZZ onsite	true	2	chi8	-0.4214280047508304	0.027680996772955324	0.027680996772955324	0.996150621090261	0.0038493789097390207	0.040222869814976574	18.651371767451547	20.196054990008104
16	0.125	6	ZZ up-up r=1	true	2	chi8	-0.4601314294620662	-0.01510544095698857	0.01510544095698857	0.996150621090261	0.0038493789097390207	0.040222869814976574	24.250380467455486	24.87433487288185
16	0.125	6	SzSz r=1	false	0	chi8	-0.094335342134994	-0.0011792704741781235	0.0011792704741781235	0.996150621090261	0.0038493789097390207	0.040222869814976574	NaN	NaN
16	0.125	6	hop up r=1	false	0	chi8	0.5510020018436598	0.03000552137970791	0.03000552137970791	0.996150621090261	0.0038493789097390207	0.040222869814976574	NaN	NaN
16	0.125	6	n	false	0	chi16	0.8728627898341237	-0.00037004697147036136	0.00037004697147036136	0.9996162266222698	0.00038377337773021214	0.008908725454120643	NaN	NaN
16	0.125	6	Sz	false	0	chi16	-5.906507782871273e-10	5.4820625067938944e-5	5.4820625067938944e-5	0.9996162266222698	0.00038377337773021214	0.008908725454120643	NaN	NaN
16	0.125	6	DoubleOcc	false	0	chi16	0.08107439372935421	-0.00015186927342650258	0.00015186927342650258	0.9996162266222698	0.00038377337773021214	0.008908725454120643	NaN	NaN
16	0.125	6	ZZ onsite	true	2	chi16	-0.4214280047508304	0.00013261684923404626	0.00013261684923404626	0.9996162266222698	0.00038377337773021214	0.008908725454120643	20.196016599104738	20.196054990008104
16	0.125	6	ZZ up-up r=1	true	2	chi16	-0.4601314294620662	-0.005804461318893284	0.005804461318893284	0.9996162266222698	0.00038377337773021214	0.008908725454120643	24.78019015447404	24.87433487288185
16	0.125	6	SzSz r=1	false	0	chi16	-0.094335342134994	-0.0014295713235018687	0.0014295713235018687	0.9996162266222698	0.00038377337773021214	0.008908725454120643	NaN	NaN
16	0.125	6	hop up r=1	false	0	chi16	0.5510020018436598	0.006305953055179225	0.006305953055179225	0.9996162266222698	0.00038377337773021214	0.008908725454120643	NaN	NaN
16	0.125	6	n	false	0	chi32	0.8728627898341237	7.3563150034816616e-6	7.3563150034816616e-6	0.9999963172025262	3.682797473758548e-6	0.0008394714480049366	NaN	NaN
16	0.125	6	Sz	false	0	chi32	-5.906507782871273e-10	-2.2928613126887987e-5	2.2928613126887987e-5	0.9999963172025262	3.682797473758548e-6	0.0008394714480049366	NaN	NaN
16	0.125	6	DoubleOcc	false	0	chi32	0.08107439372935421	-2.123914305762753e-6	2.123914305762753e-6	0.9999963172025262	3.682797473758548e-6	0.0008394714480049366	NaN	NaN
16	0.125	6	ZZ onsite	true	2	chi32	-0.4214280047508304	-2.320828723123558e-5	2.320828723123558e-5	0.9999963172025262	3.682797473758548e-6	0.0008394714480049366	20.19605381425021	20.196054990008104
16	0.125	6	ZZ up-up r=1	true	2	chi32	-0.4601314294620662	-0.0008880182424425564	0.0008880182424425564	0.9999963172025262	3.682797473758548e-6	0.0008394714480049366	24.872123183574345	24.87433487288185
16	0.125	6	SzSz r=1	false	0	chi32	-0.094335342134994	-9.781914111696433e-5	9.781914111696433e-5	0.9999963172025262	3.682797473758548e-6	0.0008394714480049366	NaN	NaN
16	0.125	6	hop up r=1	false	0	chi32	0.5510020018436598	0.00036903255776554733	0.00036903255776554733	0.9999963172025262	3.682797473758548e-6	0.0008394714480049366	NaN	NaN
16	0.125	6	n	false	0	UHF	0.8728627898341237	0.05040551969802054	0.05040551969802054	0.6859512989156117	0.3140487010843883	0.5269203361278844	NaN	NaN
16	0.125	6	Sz	false	0	UHF	-5.906507782871273e-10	0.2660946227326121	0.2660946227326121	0.6859512989156117	0.3140487010843883	0.5269203361278844	NaN	NaN
16	0.125	6	DoubleOcc	false	0	UHF	0.08107439372935421	-0.01722824800902935	0.01722824800902935	0.6859512989156117	0.3140487010843883	0.5269203361278844	NaN	NaN
16	0.125	6	ZZ onsite	true	2	UHF	-0.4214280047508304	-0.16972403143215858	0.16972403143215858	0.6859512989156117	0.3140487010843883	0.5269203361278844	4.909675232845831	20.196054990008104
16	0.125	6	ZZ up-up r=1	true	2	UHF	-0.4601314294620662	0.3406617682158093	0.3406617682158093	0.6859512989156117	0.3140487010843883	0.5269203361278844	1.7658627898388712	24.87433487288185
16	0.125	6	SzSz r=1	false	0	UHF	-0.094335342134994	0.02852071688028615	0.02852071688028615	0.6859512989156117	0.3140487010843883	0.5269203361278844	NaN	NaN
16	0.125	6	hop up r=1	false	0	UHF	0.5510020018436598	-0.04481228785244573	0.04481228785244573	0.6859512989156117	0.3140487010843883	0.5269203361278844	NaN	NaN
16	0.125	6	n	false	0	UHFsym	0.8728627898341237	0.05040551969802065	0.05040551969802065	0.9435295631988436	0.056470436801156376	0.21405007368967824	NaN	NaN
16	0.125	6	Sz	false	0	UHFsym	-5.906507782871273e-10	-5.906507921649151e-10	5.906507921649151e-10	0.9435295631988436	0.056470436801156376	0.21405007368967824	NaN	NaN
16	0.125	6	DoubleOcc	false	0	UHFsym	0.08107439372935421	-0.017228248009029515	0.017228248009029515	0.9435295631988436	0.056470436801156376	0.21405007368967824	NaN	NaN
16	0.125	6	ZZ onsite	true	2	UHFsym	-0.4214280047508304	-0.16972403143215914	0.16972403143215914	0.9435295631988436	0.056470436801156376	0.21405007368967824	4.909675232845807	20.196054990008104
16	0.125	6	ZZ up-up r=1	true	2	UHFsym	-0.4601314294620662	-0.11774174238194862	0.11774174238194862	0.9435295631988436	0.056470436801156376	0.21405007368967824	9.704217761121644	24.87433487288185
16	0.125	6	SzSz r=1	false	0	UHFsym	-0.094335342134994	-0.03577282956986197	0.03577282956986197	0.9435295631988436	0.056470436801156376	0.21405007368967824	NaN	NaN
16	0.125	6	hop up r=1	false	0	UHFsym	0.5510020018436598	0.07519121992693928	0.07519121992693928	0.9435295631988436	0.056470436801156376	0.21405007368967824	NaN	NaN
16	0.125	7	n	false	0	chi2	0.8556599662896922	-0.14434003371030713	0.14434003371030713	0.445906113133886	0.554093886866114	0.6385202834772806	NaN	NaN
16	0.125	7	Sz	false	0	chi2	6.506033212172468e-11	5.660479359542725e-7	5.660479359542725e-7	0.445906113133886	0.554093886866114	0.6385202834772806	NaN	NaN
16	0.125	7	DoubleOcc	false	0	chi2	0.07347600779005177	0.07347600779005177	0.07347600779005177	0.445906113133886	0.554093886866114	0.6385202834772806	NaN	NaN
16	0.125	7	ZZ onsite	true	2	chi2	-0.41741590141917734	0.5825840985808219	0.5825840985808219	0.445906113133886	0.554093886866114	0.6385202834772806	0.5263234787176433	19.75553812700081
16	0.125	7	ZZ up-up r=1	true	2	chi2	-0.34801373092784443	-0.3480137309282482	0.3480137309282482	0.445906113133886	0.554093886866114	0.6385202834772806	0.9999999999978546	13.249192814600521
16	0.125	7	SzSz r=1	false	0	chi2	-0.07078642233686022	-0.07078642233696117	0.07078642233696117	0.445906113133886	0.554093886866114	0.6385202834772806	NaN	NaN
16	0.125	7	hop up r=1	false	0	chi2	0.4779371119338767	0.4779371119338767	0.4779371119338767	0.445906113133886	0.554093886866114	0.6385202834772806	NaN	NaN
16	0.125	7	n	false	0	chi4	0.8556599662896922	-0.03010779883862502	0.03010779883862502	0.8869486777350998	0.11305132226490022	0.2877057785661854	NaN	NaN
16	0.125	7	Sz	false	0	chi4	6.506033212172468e-11	-0.005984552119333967	0.005984552119333967	0.8869486777350998	0.11305132226490022	0.2877057785661854	NaN	NaN
16	0.125	7	DoubleOcc	false	0	chi4	0.07347600779005177	-0.02768164772925988	0.02768164772925988	0.8869486777350998	0.11305132226490022	0.2877057785661854	NaN	NaN
16	0.125	7	ZZ onsite	true	2	chi4	-0.41741590141917734	-0.050510993239788804	0.050510993239788804	0.8869486777350998	0.11305132226490022	0.2877057785661854	15.498919124986122	19.75553812700081
16	0.125	7	ZZ up-up r=1	true	2	chi4	-0.34801373092784443	-0.2836216216591849	0.2836216216591849	0.8869486777350998	0.11305132226490022	0.2877057785661854	1.4502703360263571	13.249192814600521
16	0.125	7	SzSz r=1	false	0	chi4	-0.07078642233686022	-0.06554766384521886	0.06554766384521886	0.8869486777350998	0.11305132226490022	0.2877057785661854	NaN	NaN
16	0.125	7	hop up r=1	false	0	chi4	0.4779371119338767	0.2234245642562161	0.2234245642562161	0.8869486777350998	0.11305132226490022	0.2877057785661854	NaN	NaN
16	0.125	7	n	false	0	chi8	0.8556599662896922	0.00036913396499871354	0.00036913396499871354	0.991762035678883	0.008237964321117008	0.07378755546868866	NaN	NaN
16	0.125	7	Sz	false	0	chi8	6.506033212172468e-11	0.005290643942226697	0.005290643942226697	0.991762035678883	0.008237964321117008	0.07378755546868866	NaN	NaN
16	0.125	7	DoubleOcc	false	0	chi8	0.07347600779005177	0.004713863082691949	0.004713863082691949	0.991762035678883	0.008237964321117008	0.07378755546868866	NaN	NaN
16	0.125	7	ZZ onsite	true	2	chi8	-0.41741590141917734	0.018117184400769593	0.018117184400769593	0.991762035678883	0.008237964321117008	0.07378755546868866	19.081348564379066	19.75553812700081
16	0.125	7	ZZ up-up r=1	true	2	chi8	-0.34801373092784443	-0.08013145197815585	0.08013145197815585	0.991762035678883	0.008237964321117008	0.07378755546868866	8.032673270432435	13.249192814600521
16	0.125	7	SzSz r=1	false	0	chi8	-0.07078642233686022	-0.008393407765036567	0.008393407765036567	0.991762035678883	0.008237964321117008	0.07378755546868866	NaN	NaN
16	0.125	7	hop up r=1	false	0	chi8	0.4779371119338767	0.05893609941334643	0.05893609941334643	0.991762035678883	0.008237964321117008	0.07378755546868866	NaN	NaN
16	0.125	7	n	false	0	chi16	0.8556599662896922	0.0004882808076513978	0.0004882808076513978	0.999794546478459	0.00020545352154099916	0.006133156854646465	NaN	NaN
16	0.125	7	Sz	false	0	chi16	6.506033212172468e-11	0.00013966381830289587	0.00013966381830289587	0.999794546478459	0.00020545352154099916	0.006133156854646465	NaN	NaN
16	0.125	7	DoubleOcc	false	0	chi16	0.07347600779005177	0.0004020011111610655	0.0004020011111610655	0.999794546478459	0.00020545352154099916	0.006133156854646465	NaN	NaN
16	0.125	7	ZZ onsite	true	2	chi16	-0.41741590141917734	0.0006314428293415775	0.0006314428293415775	0.999794546478459	0.00020545352154099916	0.006133156854646465	19.754690255873417	19.75553812700081
16	0.125	7	ZZ up-up r=1	true	2	chi16	-0.34801373092784443	-0.0015114808292064352	0.0015114808292064352	0.999794546478459	0.00020545352154099916	0.006133156854646465	13.246132196914928	13.249192814600521
16	0.125	7	SzSz r=1	false	0	chi16	-0.07078642233686022	-0.0005883255383168778	0.0005883255383168778	0.999794546478459	0.00020545352154099916	0.006133156854646465	NaN	NaN
16	0.125	7	hop up r=1	false	0	chi16	0.4779371119338767	0.003411865668126346	0.003411865668126346	0.999794546478459	0.00020545352154099916	0.006133156854646465	NaN	NaN
16	0.125	7	n	false	0	chi32	0.8556599662896922	7.456721891840878e-6	7.456721891840878e-6	0.9999977097485478	2.2902514521527806e-6	0.0011364289231799237	NaN	NaN
16	0.125	7	Sz	false	0	chi32	6.506033212172468e-11	-3.585259768967841e-5	3.585259768967841e-5	0.9999977097485478	2.2902514521527806e-6	0.0011364289231799237	NaN	NaN
16	0.125	7	DoubleOcc	false	0	chi32	0.07347600779005177	3.75655389947549e-5	3.75655389947549e-5	0.9999977097485478	2.2902514521527806e-6	0.0011364289231799237	NaN	NaN
16	0.125	7	ZZ onsite	true	2	chi32	-0.41741590141917734	0.00013534871219289535	0.00013534871219289535	0.9999977097485478	2.2902514521527806e-6	0.0011364289231799237	19.75549916979373	19.75553812700081
16	0.125	7	ZZ up-up r=1	true	2	chi32	-0.34801373092784443	-0.0013598915509106524	0.0013598915509106524	0.9999977097485478	2.2902514521527806e-6	0.0011364289231799237	13.246715213058211	13.249192814600521
16	0.125	7	SzSz r=1	false	0	chi32	-0.07078642233686022	-0.00030223553414779336	0.00030223553414779336	0.9999977097485478	2.2902514521527806e-6	0.0011364289231799237	NaN	NaN
16	0.125	7	hop up r=1	false	0	chi32	0.4779371119338767	0.000730365401236166	0.000730365401236166	0.9999977097485478	2.2902514521527806e-6	0.0011364289231799237	NaN	NaN
16	0.125	7	n	false	0	UHF	0.8556599662896922	-0.07529336407992182	0.07529336407992182	0.6048431160516191	0.3951568839483809	0.5718034896957067	NaN	NaN
16	0.125	7	Sz	false	0	UHF	6.506033212172468e-11	-0.3485845188492921	0.3485845188492921	0.6048431160516191	0.3951568839483809	0.5718034896957067	NaN	NaN
16	0.125	7	DoubleOcc	false	0	UHF	0.07347600779005177	-0.021681351214766595	0.021681351214766595	0.6048431160516191	0.3951568839483809	0.5718034896957067	NaN	NaN
16	0.125	7	ZZ onsite	true	2	UHF	-0.41741590141917734	0.06386132330077715	0.06386132330077715	0.6048431160516191	0.3951568839483809	0.5718034896957067	13.728629935215748	19.75553812700081
16	0.125	7	ZZ up-up r=1	true	2	UHF	-0.34801373092784443	0.3058514049988063	0.3058514049988063	0.6048431160516191	0.3951568839483809	0.5718034896957067	1.2665357645663577	13.249192814600521
16	0.125	7	SzSz r=1	false	0	UHF	-0.07078642233686022	0.08464284837085714	0.08464284837085714	0.6048431160516191	0.3951568839483809	0.5718034896957067	NaN	NaN
16	0.125	7	hop up r=1	false	0	UHF	0.4779371119338767	0.06854749888871392	0.06854749888871392	0.6048431160516191	0.3951568839483809	0.5718034896957067	NaN	NaN
16	0.125	7	n	false	0	UHFsym	0.8556599662896922	-0.07529336407992193	0.07529336407992193	0.9489300779749078	0.051069922025092196	0.17951881501196032	NaN	NaN
16	0.125	7	Sz	false	0	UHFsym	6.506033212172468e-11	6.506034599951249e-11	6.506034599951249e-11	0.9489300779749078	0.051069922025092196	0.17951881501196032	NaN	NaN
16	0.125	7	DoubleOcc	false	0	UHFsym	0.07347600779005177	-0.021681351214766345	0.021681351214766345	0.9489300779749078	0.051069922025092196	0.17951881501196032	NaN	NaN
16	0.125	7	ZZ onsite	true	2	UHFsym	-0.41741590141917734	0.06386132330077848	0.06386132330077848	0.9489300779749078	0.051069922025092196	0.17951881501196032	13.728629935215574	19.75553812700081
16	0.125	7	ZZ up-up r=1	true	2	UHFsym	-0.34801373092784443	0.02501018766941049	0.02501018766941049	0.9489300779749078	0.051069922025092196	0.17951881501196032	12.460882150114259	13.249192814600521
16	0.125	7	SzSz r=1	false	0	UHFsym	-0.07078642233686022	-0.0024053850222116174	0.0024053850222116174	0.9489300779749078	0.051069922025092196	0.17951881501196032	NaN	NaN
16	0.125	7	hop up r=1	false	0	UHFsym	0.4779371119338767	0.02926770935182793	0.02926770935182793	0.9489300779749078	0.051069922025092196	0.17951881501196032	NaN	NaN
16	0.125	8	n	false	0	chi2	0.8780807761122326	-0.12191922388776699	0.12191922388776699	0.446561828552901	0.5534381714470991	0.6125213347605671	NaN	NaN
16	0.125	8	Sz	false	0	chi2	-4.636608111341367e-10	1.7793225031531708e-7	1.7793225031531708e-7	0.446561828552901	0.5534381714470991	0.6125213347605671	NaN	NaN
16	0.125	8	DoubleOcc	false	0	chi2	0.07821145128242184	0.07821145128242184	0.07821145128242184	0.446561828552901	0.5534381714470991	0.6125213347605671	NaN	NaN
16	0.125	8	ZZ onsite	true	2	chi2	-0.443315747094777	0.5566842529052225	0.5566842529052225	0.446561828552901	0.5534381714470991	0.6125213347605671	0.6445419744518782	22.742201061701966
16	0.125	8	ZZ up-up r=1	true	2	chi2	-0.49509350901658067	0.5049064909834189	0.5049064909834189	0.446561828552901	0.5534381714470991	0.6125213347605671	0.9627481948383192	29.863077309142295
16	0.125	8	SzSz r=1	false	0	chi2	-0.10242517696344625	0.14757482303655364	0.14757482303655364	0.446561828552901	0.5534381714470991	0.6125213347605671	NaN	NaN
16	0.125	8	hop up r=1	false	0	chi2	0.556907788631027	0.556907788631027	0.556907788631027	0.446561828552901	0.5534381714470991	0.6125213347605671	NaN	NaN
16	0.125	8	n	false	0	chi4	0.8780807761122326	0.014806363547446244	0.014806363547446244	0.8180675851190888	0.18193241488091116	0.21298685976019313	NaN	NaN
16	0.125	8	Sz	false	0	chi4	-4.636608111341367e-10	0.006177640397870488	0.006177640397870488	0.8180675851190888	0.18193241488091116	0.21298685976019313	NaN	NaN
16	0.125	8	DoubleOcc	false	0	chi4	0.07821145128242184	0.0045550129297034225	0.0045550129297034225	0.8180675851190888	0.18193241488091116	0.21298685976019313	NaN	NaN
16	0.125	8	ZZ onsite	true	2	chi4	-0.443315747094777	-0.011392675376077022	0.011392675376077022	0.8180675851190888	0.18193241488091116	0.21298685976019313	22.42026518186186	22.742201061701966
16	0.125	8	ZZ up-up r=1	true	2	chi4	-0.49509350901658067	0.20954411594167688	0.20954411594167688	0.8180675851190888	0.18193241488091116	0.21298685976019313	4.839778200668945	29.863077309142295
16	0.125	8	SzSz r=1	false	0	chi4	-0.10242517696344625	0.04658552479408473	0.04658552479408473	0.8180675851190888	0.18193241488091116	0.21298685976019313	NaN	NaN
16	0.125	8	hop up r=1	false	0	chi4	0.556907788631027	-0.12926933744977875	0.12926933744977875	0.8180675851190888	0.18193241488091116	0.21298685976019313	NaN	NaN
16	0.125	8	n	false	0	chi8	0.8780807761122326	-0.009171817624789247	0.009171817624789247	0.9980276859729117	0.0019723140270883066	0.03561778847956207	NaN	NaN
16	0.125	8	Sz	false	0	chi8	-4.636608111341367e-10	0.00029057471783821426	0.00029057471783821426	0.9980276859729117	0.0019723140270883066	0.03561778847956207	NaN	NaN
16	0.125	8	DoubleOcc	false	0	chi8	0.07821145128242184	0.004024630230991491	0.004024630230991491	0.9980276859729117	0.0019723140270883066	0.03561778847956207	NaN	NaN
16	0.125	8	ZZ onsite	true	2	chi8	-0.443315747094777	0.034442156173544236	0.034442156173544236	0.9980276859729117	0.0019723140270883066	0.03561778847956207	20.103825796475043	22.742201061701966
16	0.125	8	ZZ up-up r=1	true	2	chi8	-0.49509350901658067	-0.01954761575311087	0.01954761575311087	0.9980276859729117	0.0019723140270883066	0.03561778847956207	28.577268292750688	29.863077309142295
16	0.125	8	SzSz r=1	false	0	chi8	-0.10242517696344625	-0.0026384249607338955	0.0026384249607338955	0.9980276859729117	0.0019723140270883066	0.03561778847956207	NaN	NaN
16	0.125	8	hop up r=1	false	0	chi8	0.556907788631027	0.027758871661436535	0.027758871661436535	0.9980276859729117	0.0019723140270883066	0.03561778847956207	NaN	NaN
16	0.125	8	n	false	0	chi16	0.8780807761122326	0.0003675167301385729	0.0003675167301385729	0.9990494716288542	0.0009505283711458423	0.014790218072401964	NaN	NaN
16	0.125	8	Sz	false	0	chi16	-4.636608111341367e-10	-0.0003492964922173977	0.0003492964922173977	0.9990494716288542	0.0009505283711458423	0.014790218072401964	NaN	NaN
16	0.125	8	DoubleOcc	false	0	chi16	0.07821145128242184	0.0010031076569417263	0.0010031076569417263	0.9990494716288542	0.0009505283711458423	0.014790218072401964	NaN	NaN
16	0.125	8	ZZ onsite	true	2	chi16	-0.443315747094777	0.0032773971674910918	0.0032773971674910918	0.9990494716288542	0.0009505283711458423	0.014790218072401964	22.715208005604772	22.742201061701966
16	0.125	8	ZZ up-up r=1	true	2	chi16	-0.49509350901658067	-0.006855218365556914	0.006855218365556914	0.9990494716288542	0.0009505283711458423	0.014790218072401964	29.698735255678212	29.863077309142295
16	0.125	8	SzSz r=1	false	0	chi16	-0.10242517696344625	-0.001344044538811262	0.001344044538811262	0.9990494716288542	0.0009505283711458423	0.014790218072401964	NaN	NaN
16	0.125	8	hop up r=1	false	0	chi16	0.556907788631027	0.01646952763950993	0.01646952763950993	0.9990494716288542	0.0009505283711458423	0.014790218072401964	NaN	NaN
16	0.125	8	n	false	0	chi32	0.8780807761122326	-1.1138475017213878e-5	1.1138475017213878e-5	0.9999957534381662	4.246561833842755e-6	0.0013161724032521352	NaN	NaN
16	0.125	8	Sz	false	0	chi32	-4.636608111341367e-10	2.1715721522881648e-5	2.1715721522881648e-5	0.9999957534381662	4.246561833842755e-6	0.0013161724032521352	NaN	NaN
16	0.125	8	DoubleOcc	false	0	chi32	0.07821145128242184	-2.626932754301592e-5	2.626932754301592e-5	0.9999957534381662	4.246561833842755e-6	0.0013161724032521352	NaN	NaN
16	0.125	8	ZZ onsite	true	2	chi32	-0.443315747094777	-8.280036013907921e-5	8.280036013907921e-5	0.9999957534381662	4.246561833842755e-6	0.0013161724032521352	22.742183812309325	22.742201061701966
16	0.125	8	ZZ up-up r=1	true	2	chi32	-0.49509350901658067	-0.0011920153242165332	0.0011920153242165332	0.9999957534381662	4.246561833842755e-6	0.0013161724032521352	29.858081639100458	29.863077309142295
16	0.125	8	SzSz r=1	false	0	chi32	-0.10242517696344625	-0.00015986161510642138	0.00015986161510642138	0.9999957534381662	4.246561833842755e-6	0.0013161724032521352	NaN	NaN
16	0.125	8	hop up r=1	false	0	chi32	0.556907788631027	0.0004733980321837139	0.0004733980321837139	0.9999957534381662	4.246561833842755e-6	0.0013161724032521352	NaN	NaN
16	0.125	8	n	false	0	UHF	0.8780807761122326	-0.09405693869233145	0.09405693869233145	0.6249412259589595	0.3750587740410405	0.5805549519397255	NaN	NaN
16	0.125	8	Sz	false	0	UHF	-4.636608111341367e-10	0.3731473190957377	0.3731473190957377	0.6249412259589595	0.3750587740410405	0.5805549519397255	NaN	NaN
16	0.125	8	DoubleOcc	false	0	UHF	0.07821145128242184	-0.01881256075957434	0.01881256075957434	0.6249412259589595	0.3750587740410405	0.5805549519397255	NaN	NaN
16	0.125	8	ZZ onsite	true	2	UHF	-0.443315747094777	0.11286363434636643	0.11286363434636643	0.6249412259589595	0.3750587740410405	0.5805549519397255	9.439571042330613	22.742201061701966
16	0.125	8	ZZ up-up r=1	true	2	UHF	-0.49509350901658067	0.25759549597550413	0.25759549597550413	0.6249412259589595	0.3750587740410405	0.5805549519397255	3.388339853961315	29.863077309142295
16	0.125	8	SzSz r=1	false	0	UHF	-0.10242517696344625	0.06137744807478407	0.06137744807478407	0.6249412259589595	0.3750587740410405	0.5805549519397255	NaN	NaN
16	0.125	8	hop up r=1	false	0	UHF	0.556907788631027	0.11361372872167197	0.11361372872167197	0.6249412259589595	0.3750587740410405	0.5805549519397255	NaN	NaN
16	0.125	8	n	false	0	UHFsym	0.8780807761122326	-0.09405693869233145	0.09405693869233145	0.9050345741442175	0.09496542585578249	0.2391969969542085	NaN	NaN
16	0.125	8	Sz	false	0	UHFsym	-4.636608111341367e-10	-4.636608319508184e-10	4.636608319508184e-10	0.9050345741442175	0.09496542585578249	0.2391969969542085	NaN	NaN
16	0.125	8	DoubleOcc	false	0	UHFsym	0.07821145128242184	-0.018812560759574756	0.018812560759574756	0.9050345741442175	0.09496542585578249	0.2391969969542085	NaN	NaN
16	0.125	8	ZZ onsite	true	2	UHFsym	-0.443315747094777	0.11286363434636465	0.11286363434636465	0.9050345741442175	0.09496542585578249	0.2391969969542085	9.439571042330787	22.742201061701966
16	0.125	8	ZZ up-up r=1	true	2	UHFsym	-0.49509350901658067	-0.1140306085958222	0.1140306085958222	0.9050345741442175	0.09496542585578249	0.2391969969542085	11.79833492537089	29.863077309142295
16	0.125	8	SzSz r=1	false	0	UHFsym	-0.10242517696344625	-0.03152907806804259	0.03152907806804259	0.9050345741442175	0.09496542585578249	0.2391969969542085	NaN	NaN
16	0.125	8	hop up r=1	false	0	UHFsym	0.556907788631027	0.1136137287216814	0.1136137287216814	0.9050345741442175	0.09496542585578249	0.2391969969542085	NaN	NaN
16	0.125	9	n	false	0	chi2	0.8780807760742477	-0.12191922392575272	0.12191922392575272	0.4459061134231944	0.5540938865768056	0.6385202837356534	NaN	NaN
16	0.125	9	Sz	false	0	chi2	6.355350967712781e-10	-1.7776037589123383e-7	1.7776037589123383e-7	0.4459061134231944	0.5540938865768056	0.6385202837356534	NaN	NaN
16	0.125	9	DoubleOcc	false	0	chi2	0.0782114512910888	0.07821145129108874	0.07821145129108874	0.4459061134231944	0.5540938865768056	0.6385202837356534	NaN	NaN
16	0.125	9	ZZ onsite	true	2	chi2	-0.4433157469841386	0.5566842530158618	0.5566842530158618	0.4459061134231944	0.5540938865768056	0.6385202837356534	0.6445419738965971	22.742201048195057
16	0.125	9	ZZ up-up r=1	true	2	chi2	-0.34801372879090803	-0.34801372879094467	0.34801372879094467	0.4459061134231944	0.5540938865768056	0.6385202837356534	0.9999999999998055	13.24919264344145
16	0.125	9	SzSz r=1	false	0	chi2	-0.07078642275855963	-0.07078642275856879	0.07078642275856879	0.4459061134231944	0.5540938865768056	0.6385202837356534	NaN	NaN
16	0.125	9	hop up r=1	false	0	chi2	0.4779371112786408	0.4779371112786408	0.4779371112786408	0.4459061134231944	0.5540938865768056	0.6385202837356534	NaN	NaN
16	0.125	9	n	false	0	chi4	0.8780807760742477	0.014815422714922644	0.014815422714922644	0.8643229664972331	0.13567703350276694	0.3126356197826835	NaN	NaN
16	0.125	9	Sz	false	0	chi4	6.355350967712781e-10	0.004773430256931568	0.004773430256931568	0.8643229664972331	0.13567703350276694	0.3126356197826835	NaN	NaN
16	0.125	9	DoubleOcc	false	0	chi4	0.0782114512910888	0.00895115938451961	0.00895115938451961	0.8643229664972331	0.13567703350276694	0.3126356197826835	NaN	NaN
16	0.125	9	ZZ onsite	true	2	chi4	-0.4433157469841386	0.006173792108236487	0.006173792108236487	0.8643229664972331	0.13567703350276694	0.3126356197826835	22.646704821209358	22.742201048195057
16	0.125	9	ZZ up-up r=1	true	2	chi4	-0.34801372879090803	-0.31544381683282785	0.31544381683282785	0.8643229664972331	0.13567703350276694	0.3126356197826835	1.1975345519664689	13.24919264344145
16	0.125	9	SzSz r=1	false	0	chi4	-0.07078642275855963	-0.06589556054504395	0.06589556054504395	0.8643229664972331	0.13567703350276694	0.3126356197826835	NaN	NaN
16	0.125	9	hop up r=1	false	0	chi4	0.4779371112786408	0.21351958004251148	0.21351958004251148	0.8643229664972331	0.13567703350276694	0.3126356197826835	NaN	NaN
16	0.125	9	n	false	0	chi8	0.8780807760742477	-0.007947301885730118	0.007947301885730118	0.9918752144737296	0.008124785526270384	0.07196132206343436	NaN	NaN
16	0.125	9	Sz	false	0	chi8	6.355350967712781e-10	7.965665610279449e-5	7.965665610279449e-5	0.9918752144737296	0.008124785526270384	0.07196132206343436	NaN	NaN
16	0.125	9	DoubleOcc	false	0	chi8	0.0782114512910888	0.003807368936891889	0.003807368936891889	0.9918752144737296	0.008124785526270384	0.07196132206343436	NaN	NaN
16	0.125	9	ZZ onsite	true	2	chi8	-0.4433157469841386	0.031124079519029013	0.031124079519029013	0.9918752144737296	0.008124785526270384	0.07196132206343436	20.54085306775284	22.742201048195057
16	0.125	9	ZZ up-up r=1	true	2	chi8	-0.34801372879090803	-0.035448439802285014	0.035448439802285014	0.9918752144737296	0.008124785526270384	0.07196132206343436	11.755228917609445	13.24919264344145
16	0.125	9	SzSz r=1	false	0	chi8	-0.07078642275855963	-0.006833884527328402	0.006833884527328402	0.9918752144737296	0.008124785526270384	0.07196132206343436	NaN	NaN
16	0.125	9	hop up r=1	false	0	chi8	0.4779371112786408	0.04388184903965231	0.04388184903965231	0.9918752144737296	0.008124785526270384	0.07196132206343436	NaN	NaN
16	0.125	9	n	false	0	chi16	0.8780807760742477	-4.5243357249424854e-5	4.5243357249424854e-5	0.9998247538179493	0.0001752461820506701	0.006130513978288927	NaN	NaN
16	0.125	9	Sz	false	0	chi16	6.355350967712781e-10	1.702678706617944e-5	1.702678706617944e-5	0.9998247538179493	0.0001752461820506701	0.006130513978288927	NaN	NaN
16	0.125	9	DoubleOcc	false	0	chi16	0.0782114512910888	0.0006978108727694471	0.0006978108727694471	0.9998247538179493	0.0001752461820506701	0.006130513978288927	NaN	NaN
16	0.125	9	ZZ onsite	true	2	chi16	-0.4433157469841386	0.0028817302055785254	0.0028817302055785254	0.9998247538179493	0.0001752461820506701	0.006130513978288927	22.7213264795208	22.742201048195057
16	0.125	9	ZZ up-up r=1	true	2	chi16	-0.34801372879090803	-0.0012045732187356828	0.0012045732187356828	0.9998247538179493	0.0001752461820506701	0.006130513978288927	13.247248596245338	13.24919264344145
16	0.125	9	SzSz r=1	false	0	chi16	-0.07078642275855963	-0.0006026396192202327	0.0006026396192202327	0.9998247538179493	0.0001752461820506701	0.006130513978288927	NaN	NaN
16	0.125	9	hop up r=1	false	0	chi16	0.4779371112786408	0.004912065494096951	0.004912065494096951	0.9998247538179493	0.0001752461820506701	0.006130513978288927	NaN	NaN
16	0.125	9	n	false	0	chi32	0.8780807760742477	-2.9232415943658552e-5	2.9232415943658552e-5	0.9999977826427736	2.217357226386163e-6	0.0013001325346983265	NaN	NaN
16	0.125	9	Sz	false	0	chi32	6.355350967712781e-10	1.6544314981659092e-5	1.6544314981659092e-5	0.9999977826427736	2.217357226386163e-6	0.0013001325346983265	NaN	NaN
16	0.125	9	DoubleOcc	false	0	chi32	0.0782114512910888	-1.0246822457385396e-5	1.0246822457385396e-5	0.9999977826427736	2.217357226386163e-6	0.0013001325346983265	NaN	NaN
16	0.125	9	ZZ onsite	true	2	chi32	-0.4433157469841386	1.747754205644325e-5	1.747754205644325e-5	0.9999977826427736	2.217357226386163e-6	0.0013001325346983265	22.74220027964814	22.742201048195057
16	0.125	9	ZZ up-up r=1	true	2	chi32	-0.34801372879090803	-0.0017667201063501503	0.0017667201063501503	0.9999977826427736	2.217357226386163e-6	0.0013001325346983265	13.24501142793949	13.24919264344145
16	0.125	9	SzSz r=1	false	0	chi32	-0.07078642275855963	-0.00032274665746076514	0.00032274665746076514	0.9999977826427736	2.217357226386163e-6	0.0013001325346983265	NaN	NaN
16	0.125	9	hop up r=1	false	0	chi32	0.4779371112786408	0.0007744642370587362	0.0007744642370587362	0.9999977826427736	2.217357226386163e-6	0.0013001325346983265	NaN	NaN
16	0.125	9	n	false	0	UHF	0.8780807760742477	-0.09405693873033094	0.09405693873033094	0.6048431167386301	0.3951568832613699	0.571803489460053	NaN	NaN
16	0.125	9	Sz	false	0	UHF	6.355350967712781e-10	-0.37314731892387065	0.37314731892387065	0.6048431167386301	0.3951568832613699	0.571803489460053	NaN	NaN
16	0.125	9	DoubleOcc	false	0	UHF	0.0782114512910888	-0.01881256075090905	0.01881256075090905	0.6048431167386301	0.3951568832613699	0.571803489460053	NaN	NaN
16	0.125	9	ZZ onsite	true	2	UHF	-0.4433157469841386	0.11286363445702735	0.11286363445702735	0.6048431167386301	0.3951568832613699	0.571803489460053	9.439571026570954	22.742201048195057
16	0.125	9	ZZ up-up r=1	true	2	UHF	-0.34801372879090803	0.44055483962149483	0.44055483962149483	0.6048431167386301	0.3951568832613699	0.571803489460053	0.6422373354846902	13.24919264344145
16	0.125	9	SzSz r=1	false	0	UHF	-0.07078642275855963	0.08464284794916942	0.08464284794916942	0.6048431167386301	0.3951568832613699	0.571803489460053	NaN	NaN
16	0.125	9	hop up r=1	false	0	UHF	0.4779371112786408	-0.010012080840262672	0.010012080840262672	0.6048431167386301	0.3951568832613699	0.571803489460053	NaN	NaN
16	0.125	9	n	false	0	UHFsym	0.8780807760742477	-0.09405693873033083	0.09405693873033083	0.948930078444868	0.051069921555132014	0.17951881346882634	NaN	NaN
16	0.125	9	Sz	false	0	UHFsym	6.355350967712781e-10	6.355351106490659e-10	6.355351106490659e-10	0.948930078444868	0.051069921555132014	0.17951881346882634	NaN	NaN
16	0.125	9	DoubleOcc	false	0	UHFsym	0.0782114512910888	-0.018812560750908577	0.018812560750908577	0.948930078444868	0.051069921555132014	0.17951881346882634	NaN	NaN
16	0.125	9	ZZ onsite	true	2	UHFsym	-0.4433157469841386	0.11286363445702902	0.11286363445702902	0.948930078444868	0.051069921555132014	0.17951881346882634	9.43957102657079	22.742201048195057
16	0.125	9	ZZ up-up r=1	true	2	UHFsym	-0.34801372879090803	0.025010189806363103	0.025010189806363103	0.948930078444868	0.051069921555132014	0.17951881346882634	12.460881863697121	13.24919264344145
16	0.125	9	SzSz r=1	false	0	UHFsym	-0.07078642275855963	-0.002405385443907046	0.002405385443907046	0.948930078444868	0.051069921555132014	0.17951881346882634	NaN	NaN
16	0.125	9	hop up r=1	false	0	UHFsym	0.4779371112786408	0.029267708696594064	0.029267708696594064	0.948930078444868	0.051069921555132014	0.17951881346882634	NaN	NaN
16	0.125	10	n	false	0	chi2	0.8556599669023021	-0.14434003309769838	0.14434003309769838	0.4160449829702528	0.5839550170297472	0.6359886754866169	NaN	NaN
16	0.125	10	Sz	false	0	chi2	-2.806570115199136e-10	-5.1724378127877896e-8	5.1724378127877896e-8	0.4160449829702528	0.5839550170297472	0.6359886754866169	NaN	NaN
16	0.125	10	DoubleOcc	false	0	chi2	0.07347600789251434	0.07347600789251434	0.07347600789251434	0.4160449829702528	0.5839550170297472	0.6359886754866169	NaN	NaN
16	0.125	10	ZZ onsite	true	2	chi2	-0.4174159022345441	0.5825840977654564	0.5825840977654564	0.4160449829702528	0.5839550170297472	0.6359886754866169	0.5263234820933649	19.755538215734312
16	0.125	10	ZZ up-up r=1	true	2	chi2	-0.46013142897418224	0.5398685710258182	0.5398685710258182	0.4160449829702528	0.5839550170297472	0.6359886754866169	0.734498227367134	24.874334808655107
16	0.125	10	SzSz r=1	false	0	chi2	-0.09433534193886316	0.15566465806113694	0.15566465806113694	0.4160449829702528	0.5839550170297472	0.6359886754866169	NaN	NaN
16	0.125	10	hop up r=1	false	0	chi2	0.5510020024063186	0.5510020024063186	0.5510020024063186	0.4160449829702528	0.5839550170297472	0.6359886754866169	NaN	NaN
16	0.125	10	n	false	0	chi4	0.8556599669023021	-0.009555972391119494	0.009555972391119494	0.9128159145369522	0.08718408546304779	0.17515794744373223	NaN	NaN
16	0.125	10	Sz	false	0	chi4	-2.806570115199136e-10	0.0012940566817797525	0.0012940566817797525	0.9128159145369522	0.08718408546304779	0.17515794744373223	NaN	NaN
16	0.125	10	DoubleOcc	false	0	chi4	0.07347600789251434	-0.010849420306882948	0.010849420306882948	0.9128159145369522	0.08718408546304779	0.17515794744373223	NaN	NaN
16	0.125	10	ZZ onsite	true	2	chi4	-0.4174159022345441	-0.024285736445288475	0.024285736445288475	0.9128159145369522	0.08718408546304779	0.17515794744373223	18.576167794763755	19.755538215734312
16	0.125	10	ZZ up-up r=1	true	2	chi4	-0.46013142897418224	0.09314225388225017	0.09314225388225017	0.9128159145369522	0.08718408546304779	0.17515794744373223	12.57374956511754	24.874334808655107
16	0.125	10	SzSz r=1	false	0	chi4	-0.09433534193886316	0.01300957392789985	0.01300957392789985	0.9128159145369522	0.08718408546304779	0.17515794744373223	NaN	NaN
16	0.125	10	hop up r=1	false	0	chi4	0.5510020024063186	-0.06029025423386847	0.06029025423386847	0.9128159145369522	0.08718408546304779	0.17515794744373223	NaN	NaN
16	0.125	10	n	false	0	chi8	0.8556599669023021	-0.00041199466986174826	0.00041199466986174826	0.9952495287388442	0.0047504712611557975	0.048776321275161634	NaN	NaN
16	0.125	10	Sz	false	0	chi8	-2.806570115199136e-10	-0.0017717525872272682	0.0017717525872272682	0.9952495287388442	0.0047504712611557975	0.048776321275161634	NaN	NaN
16	0.125	10	DoubleOcc	false	0	chi8	0.07347600789251434	0.0053027974974056424	0.0053027974974056424	0.9952495287388442	0.0047504712611557975	0.048776321275161634	NaN	NaN
16	0.125	10	ZZ onsite	true	2	chi8	-0.4174159022345441	0.022035179329347954	0.022035179329347954	0.9952495287388442	0.0047504712611557975	0.048776321275161634	18.77426987802153	19.755538215734312
16	0.125	10	ZZ up-up r=1	true	2	chi8	-0.46013142897418224	-0.04512313657917638	0.04512313657917638	0.9952495287388442	0.0047504712611557975	0.048776321275161634	20.229665958446255	24.874334808655107
16	0.125	10	SzSz r=1	false	0	chi8	-0.09433534193886316	-0.0018775608160885443	0.0018775608160885443	0.9952495287388442	0.0047504712611557975	0.048776321275161634	NaN	NaN
16	0.125	10	hop up r=1	false	0	chi8	0.5510020024063186	0.04873931221466732	0.04873931221466732	0.9952495287388442	0.0047504712611557975	0.048776321275161634	NaN	NaN
16	0.125	10	n	false	0	chi16	0.8556599669023021	0.00037384496141257273	0.00037384496141257273	0.9996914203743287	0.0003085796256713236	0.007562300339426104	NaN	NaN
16	0.125	10	Sz	false	0	chi16	-2.806570115199136e-10	-7.210407280912323e-5	7.210407280912323e-5	0.9996914203743287	0.0003085796256713236	0.007562300339426104	NaN	NaN
16	0.125	10	DoubleOcc	false	0	chi16	0.07347600789251434	0.0004462855864030141	0.0004462855864030141	0.9996914203743287	0.0003085796256713236	0.007562300339426104	NaN	NaN
16	0.125	10	ZZ onsite	true	2	chi16	-0.4174159022345441	0.0010374524227897974	0.0010374524227897974	0.9996914203743287	0.0003085796256713236	0.007562300339426104	19.75324963371531	19.755538215734312
16	0.125	10	ZZ up-up r=1	true	2	chi16	-0.46013142897418224	-0.0023258292921088386	0.0023258292921088386	0.9996914203743287	0.0003085796256713236	0.007562300339426104	24.85917094762742	24.874334808655107
16	0.125	10	SzSz r=1	false	0	chi16	-0.09433534193886316	-0.0010446409161750242	0.0010446409161750242	0.9996914203743287	0.0003085796256713236	0.007562300339426104	NaN	NaN
16	0.125	10	hop up r=1	false	0	chi16	0.5510020024063186	0.004264788898843408	0.004264788898843408	0.9996914203743287	0.0003085796256713236	0.007562300339426104	NaN	NaN
16	0.125	10	n	false	0	chi32	0.8556599669023021	1.8264637194786992e-5	1.8264637194786992e-5	0.9999958510767906	4.14892320943494e-6	0.0008409279225571914	NaN	NaN
16	0.125	10	Sz	false	0	chi32	-2.806570115199136e-10	2.557044338995229e-5	2.557044338995229e-5	0.9999958510767906	4.14892320943494e-6	0.0008409279225571914	NaN	NaN
16	0.125	10	DoubleOcc	false	0	chi32	0.07347600789251434	2.170728524521215e-5	2.170728524521215e-5	0.9999958510767906	4.14892320943494e-6	0.0008409279225571914	NaN	NaN
16	0.125	10	ZZ onsite	true	2	chi32	-0.4174159022345441	5.029986659038643e-5	5.029986659038643e-5	0.9999958510767906	4.14892320943494e-6	0.0008409279225571914	19.755532835341736	19.755538215734312
16	0.125	10	ZZ up-up r=1	true	2	chi32	-0.46013142897418224	-0.0010404678011453061	0.0010404678011453061	0.9999958510767906	4.14892320943494e-6	0.0008409279225571914	24.871298658574954	24.874334808655107
16	0.125	10	SzSz r=1	false	0	chi32	-0.09433534193886316	-0.00010197409993022155	0.00010197409993022155	0.9999958510767906	4.14892320943494e-6	0.0008409279225571914	NaN	NaN
16	0.125	10	hop up r=1	false	0	chi32	0.5510020024063186	0.0005018140029884322	0.0005018140029884322	0.9999958510767906	4.14892320943494e-6	0.0008409279225571914	NaN	NaN
16	0.125	10	n	false	0	UHF	0.8556599669023021	-0.07529336346736115	0.07529336346736115	0.6859512983775615	0.3140487016224385	0.5269203374702068	NaN	NaN
16	0.125	10	Sz	false	0	UHF	-2.806570115199136e-10	0.3485845186337213	0.3485845186337213	0.6859512983775615	0.3140487016224385	0.5269203374702068	NaN	NaN
16	0.125	10	DoubleOcc	false	0	UHF	0.07347600789251434	-0.0216813511123089	0.0216813511123089	0.6859512983775615	0.3140487016224385	0.5269203374702068	NaN	NaN
16	0.125	10	ZZ onsite	true	2	UHF	-0.4174159022345441	0.06386132248548915	0.06386132248548915	0.6859512983775615	0.3140487016224385	0.5269203374702068	13.728630100365452	19.755538215734312
16	0.125	10	ZZ up-up r=1	true	2	UHF	-0.46013142897418224	-0.061796880890367056	0.061796880890367056	0.6859512983775615	0.3140487016224385	0.5269203374702068	17.387024174803	24.874334808655107
16	0.125	10	SzSz r=1	false	0	UHF	-0.09433534193886316	0.028520717076451485	0.028520717076451485	0.6859512983775615	0.3140487016224385	0.5269203374702068	NaN	NaN
16	0.125	10	hop up r=1	false	0	UHF	0.5510020024063186	0.1951947282689236	0.1951947282689236	0.6859512983775615	0.3140487016224385	0.5269203374702068	NaN	NaN
16	0.125	10	n	false	0	UHFsym	0.8556599669023021	-0.07529336346736071	0.07529336346736071	0.9435295631517193	0.05647043684828068	0.2140500719591443	NaN	NaN
16	0.125	10	Sz	false	0	UHFsym	-2.806570115199136e-10	-2.8065702539770143e-10	2.8065702539770143e-10	0.9435295631517193	0.05647043684828068	0.2140500719591443	NaN	NaN
16	0.125	10	DoubleOcc	false	0	UHFsym	0.07347600789251434	-0.02168135111230904	0.02168135111230904	0.9435295631517193	0.05647043684828068	0.2140500719591443	NaN	NaN
16	0.125	10	ZZ onsite	true	2	UHFsym	-0.4174159022345441	0.06386132248548804	0.06386132248548804	0.9435295631517193	0.05647043684828068	0.2140500719591443	13.728630100365597	19.755538215734312
16	0.125	10	ZZ up-up r=1	true	2	UHFsym	-0.46013142897418224	-0.11774174189401398	0.11774174189401398	0.9435295631517193	0.05647043684828068	0.2140500719591443	9.704217788488062	24.874334808655107
16	0.125	10	SzSz r=1	false	0	UHFsym	-0.09433534193886316	-0.03577282937371909	0.03577282937371909	0.9435295631517193	0.05647043684828068	0.2140500719591443	NaN	NaN
16	0.125	10	hop up r=1	false	0	UHFsym	0.5510020024063186	0.07519122048961019	0.07519122048961019	0.9435295631517193	0.05647043684828068	0.2140500719591443	NaN	NaN
16	0.125	11	n	false	0	chi2	0.8728627906235625	-0.1271372093764379	0.1271372093764379	0.1780541857331778	0.8219458142668222	0.844873967737881	NaN	NaN
16	0.125	11	Sz	false	0	chi2	-8.604989568117283e-10	5.0583222187233366e-8	5.0583222187233366e-8	0.1780541857331778	0.8219458142668222	0.844873967737881	NaN	NaN
16	0.125	11	DoubleOcc	false	0	chi2	0.08107439430917068	0.08107439430917068	0.08107439430917068	0.1780541857331778	0.8219458142668222	0.844873967737881	NaN	NaN
16	0.125	11	ZZ onsite	true	2	chi2	-0.42142800401043956	0.5785719959895609	0.5785719959895609	0.1780541857331778	0.8219458142668222	0.844873967737881	0.5431827990229482	20.196054907992334
16	0.125	11	ZZ up-up r=1	true	2	chi2	-0.376601145662502	-0.3766012485499443	0.3766012485499443	0.1780541857331778	0.8219458142668222	0.844873967737881	0.9999994884237613	15.690501599375992
16	0.125	11	SzSz r=1	false	0	chi2	-0.07609655474515223	-0.07609655474515223	0.07609655474515223	0.1780541857331778	0.8219458142668222	0.844873967737881	NaN	NaN
16	0.125	11	hop up r=1	false	0	chi2	0.5139176166598598	0.5139176166598598	0.5139176166598598	0.1780541857331778	0.8219458142668222	0.844873967737881	NaN	NaN
16	0.125	11	n	false	0	chi4	0.8728627906235625	-0.018217290011511955	0.018217290011511955	0.9276907717699637	0.07230922823003627	0.22227547560012495	NaN	NaN
16	0.125	11	Sz	false	0	chi4	-8.604989568117283e-10	-0.004335305334605875	0.004335305334605875	0.9276907717699637	0.07230922823003627	0.22227547560012495	NaN	NaN
16	0.125	11	DoubleOcc	false	0	chi4	0.08107439430917068	-0.04220390759297944	0.04220390759297944	0.9276907717699637	0.07230922823003627	0.22227547560012495	NaN	NaN
16	0.125	11	ZZ onsite	true	2	chi4	-0.42142800401043956	-0.13238105034889053	0.13238105034889053	0.9276907717699637	0.07230922823003627	0.22227547560012495	6.9782075886829205	20.196054907992334
16	0.125	11	ZZ up-up r=1	true	2	chi4	-0.376601145662502	-0.16471500076969206	0.16471500076969206	0.9276907717699637	0.07230922823003627	0.22227547560012495	4.118008747759631	15.690501599375992
16	0.125	11	SzSz r=1	false	0	chi4	-0.07609655474515223	-0.04324380087490978	0.04324380087490978	0.9276907717699637	0.07230922823003627	0.22227547560012495	NaN	NaN
16	0.125	11	hop up r=1	false	0	chi4	0.5139176166598598	0.07805027052294988	0.07805027052294988	0.9276907717699637	0.07230922823003627	0.22227547560012495	NaN	NaN
16	0.125	11	n	false	0	chi8	0.8728627906235625	0.010321670553625872	0.010321670553625872	0.9873422733146096	0.012657726685390447	0.08017231422684752	NaN	NaN
16	0.125	11	Sz	false	0	chi8	-8.604989568117283e-10	0.0005729161388778117	0.0005729161388778117	0.9873422733146096	0.012657726685390447	0.08017231422684752	NaN	NaN
16	0.125	11	DoubleOcc	false	0	chi8	0.08107439430917068	0.01248220231681127	0.01248220231681127	0.9873422733146096	0.012657726685390447	0.08017231422684752	NaN	NaN
16	0.125	11	ZZ onsite	true	2	chi8	-0.42142800401043956	0.029285468159995665	0.029285468159995665	0.9873422733146096	0.012657726685390447	0.08017231422684752	18.482744680164053	20.196054907992334
16	0.125	11	ZZ up-up r=1	true	2	chi8	-0.376601145662502	-0.06541638686699563	0.06541638686699563	0.9873422733146096	0.012657726685390447	0.08017231422684752	10.871662549531932	15.690501599375992
16	0.125	11	SzSz r=1	false	0	chi8	-0.07609655474515223	-0.006080839431773649	0.006080839431773649	0.9873422733146096	0.012657726685390447	0.08017231422684752	NaN	NaN
16	0.125	11	hop up r=1	false	0	chi8	0.5139176166598598	0.04465232596567892	0.04465232596567892	0.9873422733146096	0.012657726685390447	0.08017231422684752	NaN	NaN
16	0.125	11	n	false	0	chi16	0.8728627906235625	-0.0006219044311793764	0.0006219044311793764	0.9998273187460219	0.00017268125397806866	0.0064986761348454465	NaN	NaN
16	0.125	11	Sz	false	0	chi16	-8.604989568117283e-10	-0.0002298844612167658	0.0002298844612167658	0.9998273187460219	0.00017268125397806866	0.0064986761348454465	NaN	NaN
16	0.125	11	DoubleOcc	false	0	chi16	0.08107439430917068	-0.0002947060992313788	0.0002947060992313788	0.9998273187460219	0.00017268125397806866	0.0064986761348454465	NaN	NaN
16	0.125	11	ZZ onsite	true	2	chi16	-0.42142800401043956	6.498446543579117e-5	6.498446543579117e-5	0.9998273187460219	0.00017268125397806866	0.0064986761348454465	20.19604568969638	20.196054907992334
16	0.125	11	ZZ up-up r=1	true	2	chi16	-0.376601145662502	-0.0023441845182587406	0.0023441845182587406	0.9998273187460219	0.00017268125397806866	0.0064986761348454465	15.681575809890468	15.690501599375992
16	0.125	11	SzSz r=1	false	0	chi16	-0.07609655474515223	-0.0009924346017177454	0.0009924346017177454	0.9998273187460219	0.00017268125397806866	0.0064986761348454465	NaN	NaN
16	0.125	11	hop up r=1	false	0	chi16	0.5139176166598598	0.0040817374559875	0.0040817374559875	0.9998273187460219	0.00017268125397806866	0.0064986761348454465	NaN	NaN
16	0.125	11	n	false	0	chi32	0.8728627906235625	8.309315899790448e-6	8.309315899790448e-6	0.9999975978603899	2.402139610113707e-6	0.0007834960194416045	NaN	NaN
16	0.125	11	Sz	false	0	chi32	-8.604989568117283e-10	1.5607778153542418e-5	1.5607778153542418e-5	0.9999975978603899	2.402139610113707e-6	0.0007834960194416045	NaN	NaN
16	0.125	11	DoubleOcc	false	0	chi32	0.08107439430917068	-9.0462171065675e-6	9.0462171065675e-6	0.9999975978603899	2.402139610113707e-6	0.0007834960194416045	NaN	NaN
16	0.125	11	ZZ onsite	true	2	chi32	-0.42142800401043956	-5.2803500226183964e-5	5.2803500226183964e-5	0.9999975978603899	2.402139610113707e-6	0.0007834960194416045	20.196048821640748	20.196054907992334
16	0.125	11	ZZ up-up r=1	true	2	chi32	-0.376601145662502	-0.0010165075743473473	0.0010165075743473473	0.9999975978603899	2.402139610113707e-6	0.0007834960194416045	15.688822466991047	15.690501599375992
16	0.125	11	SzSz r=1	false	0	chi32	-0.07609655474515223	-9.504374021782058e-5	9.504374021782058e-5	0.9999975978603899	2.402139610113707e-6	0.0007834960194416045	NaN	NaN
16	0.125	11	hop up r=1	false	0	chi32	0.5139176166598598	0.00046808415877175324	0.00046808415877175324	0.9999975978603899	2.402139610113707e-6	0.0007834960194416045	NaN	NaN
16	0.125	11	n	false	0	UHF	0.8728627906235625	0.050405520487342925	0.050405520487342925	0.7125150910658921	0.28748490893410794	0.49166386098913645	NaN	NaN
16	0.125	11	Sz	false	0	UHF	-8.604989568117283e-10	-0.26609462418385144	0.26609462418385144	0.7125150910658921	0.28748490893410794	0.49166386098913645	NaN	NaN
16	0.125	11	DoubleOcc	false	0	UHF	0.08107439430917068	-0.017228247429213056	0.017228247429213056	0.7125150910658921	0.28748490893410794	0.49166386098913645	NaN	NaN
16	0.125	11	ZZ onsite	true	2	UHF	-0.42142800401043956	-0.16972403069153552	0.16972403069153552	0.7125150910658921	0.28748490893410794	0.49166386098913645	4.9096752481596475	20.196054907992334
16	0.125	11	ZZ up-up r=1	true	2	UHF	-0.376601145662502	0.43429846799644034	0.43429846799644034	0.7125150910658921	0.28748490893410794	0.49166386098913645	0.7640246469626766	15.690501599375992
16	0.125	11	SzSz r=1	false	0	UHF	-0.07609655474515223	-0.015229158397447429	0.015229158397447429	0.7125150910658921	0.28748490893410794	0.49166386098913645	NaN	NaN
16	0.125	11	hop up r=1	false	0	UHF	0.5139176166598598	-0.29612728510700126	0.29612728510700126	0.7125150910658921	0.28748490893410794	0.49166386098913645	NaN	NaN
16	0.125	11	n	false	0	UHFsym	0.8728627906235625	0.050405520487343036	0.050405520487343036	0.9228133135865458	0.07718668641345416	0.2686128930581704	NaN	NaN
16	0.125	11	Sz	false	0	UHFsym	-8.604989568117283e-10	-8.604989290561527e-10	8.604989290561527e-10	0.9228133135865458	0.07718668641345416	0.2686128930581704	NaN	NaN
16	0.125	11	DoubleOcc	false	0	UHFsym	0.08107439430917068	-0.017228247429213125	0.017228247429213125	0.9228133135865458	0.07718668641345416	0.2686128930581704	NaN	NaN
16	0.125	11	ZZ onsite	true	2	UHFsym	-0.42142800401043956	-0.1697240306915358	0.1697240306915358	0.9228133135865458	0.07718668641345416	0.2686128930581704	4.909675248159636	20.196054907992334
16	0.125	11	ZZ up-up r=1	true	2	UHFsym	-0.376601145662502	-0.09382883238853973	0.09382883238853973	0.9228133135865458	0.07718668641345416	0.2686128930581704	8.206769694333104	15.690501599375992
16	0.125	11	SzSz r=1	false	0	UHFsym	-0.07609655474515223	-0.036935547399450326	0.036935547399450326	0.9228133135865458	0.07718668641345416	0.2686128930581704	NaN	NaN
16	0.125	11	hop up r=1	false	0	UHFsym	0.5139176166598598	-0.03102819796406131	0.03102819796406131	0.9228133135865458	0.07718668641345416	0.2686128930581704	NaN	NaN
16	0.125	12	n	false	0	chi2	0.826360750584937	0.826360750584937	0.826360750584937	0.17727919075775464	0.8227208092422453	0.8459160540799578	NaN	NaN
16	0.125	12	Sz	false	0	chi2	2.6938717367919196e-9	2.6938717367919196e-9	2.6938717367919196e-9	0.17727919075775464	0.8227208092422453	0.8459160540799578	NaN	NaN
16	0.125	12	DoubleOcc	false	0	chi2	0.0692582291471212	0.0692582291471212	0.0692582291471212	0.17727919075775464	0.8227208092422453	0.8459160540799578	NaN	NaN
16	0.125	12	ZZ onsite	true	2	chi2	-0.3756885845813854	-1.3756885845813858	1.3756885845813858	0.17727919075775464	0.8227208092422453	0.8459160540799578	0.07927954669885906	15.607707570257512
16	0.125	12	ZZ up-up r=1	true	2	chi2	-0.38322015104613477	-0.3832201442222613	0.3832201442222613	0.17727919075775464	0.8227208092422453	0.8459160540799578	1.0000000334286145	16.3011005646108
16	0.125	12	SzSz r=1	false	0	chi2	-0.07703851412504858	-0.07703851412504858	0.07703851412504858	0.17727919075775464	0.8227208092422453	0.8459160540799578	NaN	NaN
16	0.125	12	hop up r=1	false	0	chi2	0.5198745056061476	0.5198745056061476	0.5198745056061476	0.17727919075775464	0.8227208092422453	0.8459160540799578	NaN	NaN
16	0.125	12	n	false	0	chi4	0.826360750584937	0.022956157659316356	0.022956157659316356	0.9442143381117399	0.05578566188826006	0.1952544833293752	NaN	NaN
16	0.125	12	Sz	false	0	chi4	2.6938717367919196e-9	-0.007727693324751733	0.007727693324751733	0.9442143381117399	0.05578566188826006	0.1952544833293752	NaN	NaN
16	0.125	12	DoubleOcc	false	0	chi4	0.0692582291471212	-0.029820275642764224	0.029820275642764224	0.9442143381117399	0.05578566188826006	0.1952544833293752	NaN	NaN
16	0.125	12	ZZ onsite	true	2	chi4	-0.3756885845813854	-0.16519341788968553	0.16519341788968553	0.9442143381117399	0.05578566188826006	0.1952544833293752	4.081188312956573	15.607707570257512
16	0.125	12	ZZ up-up r=1	true	2	chi4	-0.38322015104613477	-0.12624048241666969	0.12624048241666969	0.9442143381117399	0.05578566188826006	0.1952544833293752	6.127218906482094	16.3011005646108
16	0.125	12	SzSz r=1	false	0	chi4	-0.07703851412504858	-0.03869055446912031	0.03869055446912031	0.9442143381117399	0.05578566188826006	0.1952544833293752	NaN	NaN
16	0.125	12	hop up r=1	false	0	chi4	0.5198745056061476	0.024801453653254646	0.024801453653254646	0.9442143381117399	0.05578566188826006	0.1952544833293752	NaN	NaN
16	0.125	12	n	false	0	chi8	0.826360750584937	-0.003087218867078634	0.003087218867078634	0.9918639512569274	0.00813604874307261	0.06921508767659033	NaN	NaN
16	0.125	12	Sz	false	0	chi8	2.6938717367919196e-9	0.0002207842784190811	0.0002207842784190811	0.9918639512569274	0.00813604874307261	0.06921508767659033	NaN	NaN
16	0.125	12	DoubleOcc	false	0	chi8	0.0692582291471212	0.003232582108505619	0.003232582108505619	0.9918639512569274	0.00813604874307261	0.06921508767659033	NaN	NaN
16	0.125	12	ZZ onsite	true	2	chi8	-0.3756885845813854	0.019104766168183296	0.019104766168183296	0.9918639512569274	0.00813604874307261	0.06921508767659033	15.039580801817543	15.607707570257512
16	0.125	12	ZZ up-up r=1	true	2	chi8	-0.38322015104613477	-0.04284473187162885	0.04284473187162885	0.9918639512569274	0.00813604874307261	0.06921508767659033	13.683931672284706	16.3011005646108
16	0.125	12	SzSz r=1	false	0	chi8	-0.07703851412504858	-0.0033325258934607527	0.0033325258934607527	0.9918639512569274	0.00813604874307261	0.06921508767659033	NaN	NaN
16	0.125	12	hop up r=1	false	0	chi8	0.5198745056061476	0.041446923494373455	0.041446923494373455	0.9918639512569274	0.00813604874307261	0.06921508767659033	NaN	NaN
16	0.125	12	n	false	0	chi16	0.826360750584937	0.0005657039068260872	0.0005657039068260872	0.999947966399347	5.2033600652978684e-5	0.003101033694854804	NaN	NaN
16	0.125	12	Sz	false	0	chi16	2.6938717367919196e-9	-8.614591425563228e-5	8.614591425563228e-5	0.999947966399347	5.2033600652978684e-5	0.003101033694854804	NaN	NaN
16	0.125	12	DoubleOcc	false	0	chi16	0.0692582291471212	0.00021945550716417905	0.00021945550716417905	0.999947966399347	5.2033600652978684e-5	0.003101033694854804	NaN	NaN
16	0.125	12	ZZ onsite	true	2	chi16	-0.3756885845813854	-0.00025358578499101725	0.00025358578499101725	0.999947966399347	5.2033600652978684e-5	0.003101033694854804	15.607603695001494	15.607707570257512
16	0.125	12	ZZ up-up r=1	true	2	chi16	-0.38322015104613477	-0.0008802769988105474	0.0008802769988105474	0.999947966399347	5.2033600652978684e-5	0.003101033694854804	16.299784592857712	16.3011005646108
16	0.125	12	SzSz r=1	false	0	chi16	-0.07703851412504858	-0.000341609918895619	0.000341609918895619	0.999947966399347	5.2033600652978684e-5	0.003101033694854804	NaN	NaN
16	0.125	12	hop up r=1	false	0	chi16	0.5198745056061476	0.0020534459781812453	0.0020534459781812453	0.999947966399347	5.2033600652978684e-5	0.003101033694854804	NaN	NaN
16	0.125	12	n	false	0	chi32	0.826360750584937	9.355999591842412e-5	9.355999591842412e-5	0.9999991217821768	8.782178232413784e-7	0.0005065145462898467	NaN	NaN
16	0.125	12	Sz	false	0	chi32	2.6938717367919196e-9	5.552525414662113e-6	5.552525414662113e-6	0.9999991217821768	8.782178232413784e-7	0.0005065145462898467	NaN	NaN
16	0.125	12	DoubleOcc	false	0	chi32	0.0692582291471212	6.51738374277816e-5	6.51738374277816e-5	0.9999991217821768	8.782178232413784e-7	0.0005065145462898467	NaN	NaN
16	0.125	12	ZZ onsite	true	2	chi32	-0.3756885845813854	7.357535787461122e-5	7.357535787461122e-5	0.9999991217821768	8.782178232413784e-7	0.0005065145462898467	15.607698825863652	15.607707570257512
16	0.125	12	ZZ up-up r=1	true	2	chi32	-0.38322015104613477	-0.0006463935998279324	0.0006463935998279324	0.9999991217821768	8.782178232413784e-7	0.0005065145462898467	16.30039095725244	16.3011005646108
16	0.125	12	SzSz r=1	false	0	chi32	-0.07703851412504858	-6.451852584048179e-5	6.451852584048179e-5	0.9999991217821768	8.782178232413784e-7	0.0005065145462898467	NaN	NaN
16	0.125	12	hop up r=1	false	0	chi32	0.5198745056061476	0.00018894363569665895	0.00018894363569665895	0.9999991217821768	8.782178232413784e-7	0.0005065145462898467	NaN	NaN
16	0.125	12	n	false	0	UHF	0.826360750584937	0.15018955277262258	0.15018955277262258	0.7137363085247009	0.28626369147529906	0.4940638863694792	NaN	NaN
16	0.125	12	Sz	false	0	UHF	2.6938717367919196e-9	0.05622798205257044	0.05622798205257044	0.7137363085247009	0.28626369147529906	0.4940638863694792	NaN	NaN
16	0.125	12	DoubleOcc	false	0	UHF	0.0692582291471212	-0.04188205737785157	0.04188205737785157	0.7137363085247009	0.28626369147529906	0.4940638863694792	NaN	NaN
16	0.125	12	ZZ onsite	true	2	UHF	-0.3756885845813854	-0.46790733505664756	0.46790733505664756	0.7137363085247009	0.28626369147529906	0.4940638863694792	0.6596869799567115	15.607707570257512
16	0.125	12	ZZ up-up r=1	true	2	UHF	-0.38322015104613477	-0.5920928193532113	0.5920928193532113	0.7137363085247009	0.28626369147529906	0.4940638863694792	0.4343914586309885	16.3011005646108
16	0.125	12	SzSz r=1	false	0	UHF	-0.07703851412504858	-0.034504615780460754	0.034504615780460754	0.7137363085247009	0.28626369147529906	0.4940638863694792	NaN	NaN
16	0.125	12	hop up r=1	false	0	UHF	0.5198745056061476	0.259581164920902	0.259581164920902	0.7137363085247009	0.28626369147529906	0.4940638863694792	NaN	NaN
16	0.125	12	n	false	0	UHFsym	0.826360750584937	0.15018955277262258	0.15018955277262258	0.8839349697425213	0.11606503025747872	0.3271836176575422	NaN	NaN
16	0.125	12	Sz	false	0	UHFsym	2.6938717367919196e-9	2.693871792303071e-9	2.693871792303071e-9	0.8839349697425213	0.11606503025747872	0.3271836176575422	NaN	NaN
16	0.125	12	DoubleOcc	false	0	UHFsym	0.0692582291471212	-0.04188205737785146	0.04188205737785146	0.8839349697425213	0.11606503025747872	0.3271836176575422	NaN	NaN
16	0.125	12	ZZ onsite	true	2	UHFsym	-0.3756885845813854	-0.4679073350566472	0.4679073350566472	0.8839349697425213	0.11606503025747872	0.3271836176575422	0.6596869799567125	15.607707570257512
16	0.125	12	ZZ up-up r=1	true	2	UHFsym	-0.38322015104613477	-0.11710982203632275	0.11710982203632275	0.8839349697425213	0.11606503025747872	0.3271836176575422	6.711211696705841	16.3011005646108
16	0.125	12	SzSz r=1	false	0	UHFsym	-0.07703851412504858	-0.04364148630994269	0.04364148630994269	0.8839349697425213	0.11606503025747872	0.3271836176575422	NaN	NaN
16	0.125	12	hop up r=1	false	0	UHFsym	0.5198745056061476	-0.05347181207287921	0.05347181207287921	0.8839349697425213	0.11606503025747872	0.3271836176575422	NaN	NaN
16	0.125	13	n	false	0	chi2	0.8768353050872947	-0.12316469491270576	0.12316469491270576	0.4218665371647203	0.5781334628352797	0.6320208483290357	NaN	NaN
16	0.125	13	Sz	false	0	chi2	1.1071074612623022e-11	-3.4008657695806335e-9	3.4008657695806335e-9	0.4218665371647203	0.5781334628352797	0.6320208483290357	NaN	NaN
16	0.125	13	DoubleOcc	false	0	chi2	0.08402585575475167	0.08402585575475167	0.08402585575475167	0.4218665371647203	0.5781334628352797	0.6320208483290357	NaN	NaN
16	0.125	13	ZZ onsite	true	2	chi2	-0.417567187155579	0.5824328128444214	0.5824328128444214	0.4218665371647203	0.5781334628352797	0.6320208483290357	0.5269501712536143	19.772007525101227
16	0.125	13	ZZ up-up r=1	true	2	chi2	-0.47303482695550764	0.5269651730444929	0.5269651730444929	0.4218665371647203	0.5781334628352797	0.6320208483290357	0.8117121360950235	26.623519519944875
16	0.125	13	SzSz r=1	false	0	chi2	-0.09672381297643828	0.15327618702356183	0.15327618702356183	0.4218665371647203	0.5781334628352797	0.6320208483290357	NaN	NaN
16	0.125	13	hop up r=1	false	0	chi2	0.5614597217785594	0.5614597217785594	0.5614597217785594	0.4218665371647203	0.5781334628352797	0.6320208483290357	NaN	NaN
16	0.125	13	n	false	0	chi4	0.8768353050872947	0.0028214395667006675	0.0028214395667006675	0.9581568278248659	0.04184317217513411	0.1419109226037719	NaN	NaN
16	0.125	13	Sz	false	0	chi4	1.1071074612623022e-11	0.002320002642840536	0.002320002642840536	0.9581568278248659	0.04184317217513411	0.1419109226037719	NaN	NaN
16	0.125	13	DoubleOcc	false	0	chi4	0.08402585575475167	-0.039291017686389235	0.039291017686389235	0.9581568278248659	0.04184317217513411	0.1419109226037719	NaN	NaN
16	0.125	13	ZZ onsite	true	2	chi4	-0.417567187155579	-0.16280694987895483	0.16280694987895483	0.9581568278248659	0.04184317217513411	0.1419109226037719	5.130694483826261	19.772007525101227
16	0.125	13	ZZ up-up r=1	true	2	chi4	-0.47303482695550764	0.029779570496375862	0.029779570496375862	0.9581568278248659	0.04184317217513411	0.1419109226037719	24.16909440441029	26.623519519944875
16	0.125	13	SzSz r=1	false	0	chi4	-0.09672381297643828	-0.0020150274192423934	0.0020150274192423934	0.9581568278248659	0.04184317217513411	0.1419109226037719	NaN	NaN
16	0.125	13	hop up r=1	false	0	chi4	0.5614597217785594	-0.0771605132597003	0.0771605132597003	0.9581568278248659	0.04184317217513411	0.1419109226037719	NaN	NaN
16	0.125	13	n	false	0	chi8	0.8768353050872947	0.007977608729724861	0.007977608729724861	0.9961980963269911	0.0038019036730089217	0.029177487571185323	NaN	NaN
16	0.125	13	Sz	false	0	chi8	1.1071074612623022e-11	0.002564198127139823	0.002564198127139823	0.9961980963269911	0.0038019036730089217	0.029177487571185323	NaN	NaN
16	0.125	13	DoubleOcc	false	0	chi8	0.08402585575475167	0.009916484128788927	0.009916484128788927	0.9961980963269911	0.0038019036730089217	0.029177487571185323	NaN	NaN
16	0.125	13	ZZ onsite	true	2	chi8	-0.417567187155579	0.02371071905570943	0.02371071905570943	0.9961980963269911	0.0038019036730089217	0.029177487571185323	18.643572452900408	19.772007525101227
16	0.125	13	ZZ up-up r=1	true	2	chi8	-0.47303482695550764	-0.021896217666426132	0.021896217666426132	0.9961980963269911	0.0038019036730089217	0.029177487571185323	25.237900077155434	26.623519519944875
16	0.125	13	SzSz r=1	false	0	chi8	-0.09672381297643828	-5.077246297405247e-6	5.077246297405247e-6	0.9961980963269911	0.0038019036730089217	0.029177487571185323	NaN	NaN
16	0.125	13	hop up r=1	false	0	chi8	0.5614597217785594	0.030372691511576844	0.030372691511576844	0.9961980963269911	0.0038019036730089217	0.029177487571185323	NaN	NaN
16	0.125	13	n	false	0	chi16	0.8768353050872947	-0.00010784994184920293	0.00010784994184920293	0.9999086031821361	9.139681786385356e-5	0.0034886571134228085	NaN	NaN
16	0.125	13	Sz	false	0	chi16	1.1071074612623022e-11	-0.0001061694961245474	0.0001061694961245474	0.9999086031821361	9.139681786385356e-5	0.0034886571134228085	NaN	NaN
16	0.125	13	DoubleOcc	false	0	chi16	0.08402585575475167	-5.4848825295272796e-5	5.4848825295272796e-5	0.9999086031821361	9.139681786385356e-5	0.0034886571134228085	NaN	NaN
16	0.125	13	ZZ onsite	true	2	chi16	-0.417567187155579	-3.6954174782444227e-6	3.6954174782444227e-6	0.9999086031821361	9.139681786385356e-5	0.0034886571134228085	19.77200749603184	19.772007525101227
16	0.125	13	ZZ up-up r=1	true	2	chi16	-0.47303482695550764	-0.0020991820287140084	0.0020991820287140084	0.9999086031821361	9.139681786385356e-5	0.0034886571134228085	26.610091897463604	26.623519519944875
16	0.125	13	SzSz r=1	false	0	chi16	-0.09672381297643828	-0.0005464499801652034	0.0005464499801652034	0.9999086031821361	9.139681786385356e-5	0.0034886571134228085	NaN	NaN
16	0.125	13	hop up r=1	false	0	chi16	0.5614597217785594	0.0013785307463736185	0.0013785307463736185	0.9999086031821361	9.139681786385356e-5	0.0034886571134228085	NaN	NaN
16	0.125	13	n	false	0	chi32	0.8768353050872947	-1.3928578135757874e-5	1.3928578135757874e-5	0.9999996799378857	3.2006211425628095e-7	0.00026555378845046656	NaN	NaN
16	0.125	13	Sz	false	0	chi32	1.1071074612623022e-11	9.175901589414392e-6	9.175901589414392e-6	0.9999996799378857	3.2006211425628095e-7	0.00026555378845046656	NaN	NaN
16	0.125	13	DoubleOcc	false	0	chi32	0.08402585575475167	-4.423996865149382e-6	4.423996865149382e-6	0.9999996799378857	3.2006211425628095e-7	0.00026555378845046656	NaN	NaN
16	0.125	13	ZZ onsite	true	2	chi32	-0.417567187155579	1.0161168811473331e-5	1.0161168811473331e-5	0.9999996799378857	3.2006211425628095e-7	0.00026555378845046656	19.772007305317217	19.772007525101227
16	0.125	13	ZZ up-up r=1	true	2	chi32	-0.47303482695550764	-0.000151162841443786	0.000151162841443786	0.9999996799378857	3.2006211425628095e-7	0.00026555378845046656	26.62344985617496	26.623519519944875
16	0.125	13	SzSz r=1	false	0	chi32	-0.09672381297643828	1.0161999511593134e-6	1.0161999511593134e-6	0.9999996799378857	3.2006211425628095e-7	0.00026555378845046656	NaN	NaN
16	0.125	13	hop up r=1	false	0	chi32	0.5614597217785594	-8.680596586430056e-6	8.680596586430056e-6	0.9999996799378857	3.2006211425628095e-7	0.00026555378845046656	NaN	NaN
16	0.125	13	n	false	0	UHF	0.8768353050872947	0.12647914437785046	0.12647914437785046	0.7042171229515937	0.29578287704840633	0.5162041846640097	NaN	NaN
16	0.125	13	Sz	false	0	UHF	1.1071074612623022e-11	0.19220186425672742	0.19220186425672742	0.7042171229515937	0.29578287704840633	0.5162041846640097	NaN	NaN
16	0.125	13	DoubleOcc	false	0	UHF	0.08402585575475167	-0.019791179604396997	0.019791179604396997	0.7042171229515937	0.29578287704840633	0.5162041846640097	NaN	NaN
16	0.125	13	ZZ onsite	true	2	UHF	-0.417567187155579	-0.332123007173285	0.332123007173285	0.7042171229515937	0.29578287704840633	0.5162041846640097	1.5356171889031769	19.772007525101227
16	0.125	13	ZZ up-up r=1	true	2	UHF	-0.47303482695550764	0.3356313164831554	0.3356313164831554	0.7042171229515937	0.29578287704840633	0.5162041846640097	1.9154110872281072	26.623519519944875
16	0.125	13	SzSz r=1	false	0	UHF	-0.09672381297643828	0.0012772729970355334	0.0012772729970355334	0.7042171229515937	0.29578287704840633	0.5162041846640097	NaN	NaN
16	0.125	13	hop up r=1	false	0	UHF	0.5614597217785594	-0.1163701222122655	0.1163701222122655	0.7042171229515937	0.29578287704840633	0.5162041846640097	NaN	NaN
16	0.125	13	n	false	0	UHFsym	0.8768353050872947	0.12647914437785035	0.12647914437785035	0.9340806849803222	0.06591931501967785	0.24132053384518873	NaN	NaN
16	0.125	13	Sz	false	0	UHFsym	1.1071074612623022e-11	1.1071130123774253e-11	1.1071130123774253e-11	0.9340806849803222	0.06591931501967785	0.24132053384518873	NaN	NaN
16	0.125	13	DoubleOcc	false	0	UHFsym	0.08402585575475167	-0.019791179604396913	0.019791179604396913	0.9340806849803222	0.06591931501967785	0.24132053384518873	NaN	NaN
16	0.125	13	ZZ onsite	true	2	UHFsym	-0.417567187155579	-0.3321230071732847	0.3321230071732847	0.9340806849803222	0.06591931501967785	0.24132053384518873	1.5356171889031798	19.772007525101227
16	0.125	13	ZZ up-up r=1	true	2	UHFsym	-0.47303482695550764	-0.15537612588535288	0.15537612588535288	0.9340806849803222	0.06591931501967785	0.24132053384518873	7.072204942507907	26.623519519944875
16	0.125	13	SzSz r=1	false	0	UHFsym	-0.09672381297643828	-0.045993239278600474	0.045993239278600474	0.9340806849803222	0.06591931501967785	0.24132053384518873	NaN	NaN
16	0.125	13	hop up r=1	false	0	UHFsym	0.5614597217785594	0.062287386720807025	0.062287386720807025	0.9340806849803222	0.06591931501967785	0.24132053384518873	NaN	NaN
16	0.125	14	n	false	0	chi2	0.8444838057072767	-0.1555161942927238	0.1555161942927238	0.484263815980658	0.515736184019342	0.5979316945332557	NaN	NaN
16	0.125	14	Sz	false	0	chi2	1.235476193572893e-9	4.647413079372775e-9	4.647413079372775e-9	0.484263815980658	0.515736184019342	0.5979316945332557	NaN	NaN
16	0.125	14	DoubleOcc	false	0	chi2	0.06963436524343015	0.06963436524343015	0.06963436524343015	0.484263815980658	0.515736184019342	0.5979316945332557	NaN	NaN
16	0.125	14	ZZ onsite	true	2	chi2	-0.41043015044082903	0.5895698495591715	0.5895698495591715	0.484263815980658	0.515736184019342	0.5979316945332557	0.49813433922215306	19.006907856525604
16	0.125	14	ZZ up-up r=1	true	2	chi2	-0.3009729005233593	-0.30097290052335923	0.30097290052335923	0.484263815980658	0.515736184019342	0.5979316945332557	1.0000000000000004	9.85400987641165
16	0.125	14	SzSz r=1	false	0	chi2	-0.05987454238124322	-0.05987454238124321	0.05987454238124321	0.484263815980658	0.515736184019342	0.5979316945332557	NaN	NaN
16	0.125	14	hop up r=1	false	0	chi2	0.4374505682996689	0.4374505682996689	0.4374505682996689	0.484263815980658	0.515736184019342	0.5979316945332557	NaN	NaN
16	0.125	14	n	false	0	chi4	0.8444838057072767	-0.0093494904993634	0.0093494904993634	0.9258024065482022	0.07419759345179777	0.2331851060179313	NaN	NaN
16	0.125	14	Sz	false	0	chi4	1.235476193572893e-9	-0.004523277448287719	0.004523277448287719	0.9258024065482022	0.07419759345179777	0.2331851060179313	NaN	NaN
16	0.125	14	DoubleOcc	false	0	chi4	0.06963436524343015	-0.025383042751594212	0.025383042751594212	0.9258024065482022	0.07419759345179777	0.2331851060179313	NaN	NaN
16	0.125	14	ZZ onsite	true	2	chi4	-0.41043015044082903	-0.08283319000764605	0.08283319000764605	0.9258024065482022	0.07419759345179777	0.2331851060179313	10.964797611849617	19.006907856525604
16	0.125	14	ZZ up-up r=1	true	2	chi4	-0.3009729005233593	-0.21251326443725924	0.21251326443725924	0.9258024065482022	0.07419759345179777	0.2331851060179313	1.8200125507839675	9.85400987641165
16	0.125	14	SzSz r=1	false	0	chi4	-0.05987454238124322	-0.05352525362361792	0.05352525362361792	0.9258024065482022	0.07419759345179777	0.2331851060179313	NaN	NaN
16	0.125	14	hop up r=1	false	0	chi4	0.4374505682996689	0.15201749353164418	0.15201749353164418	0.9258024065482022	0.07419759345179777	0.2331851060179313	NaN	NaN
16	0.125	14	n	false	0	chi8	0.8444838057072767	0.002980354182768208	0.002980354182768208	0.9973235890867778	0.002676410913222238	0.036163403470961565	NaN	NaN
16	0.125	14	Sz	false	0	chi8	1.235476193572893e-9	-0.0011168227504609884	0.0011168227504609884	0.9973235890867778	0.002676410913222238	0.036163403470961565	NaN	NaN
16	0.125	14	DoubleOcc	false	0	chi8	0.06963436524343015	0.0041870237331353005	0.0041870237331353005	0.9973235890867778	0.002676410913222238	0.036163403470961565	NaN	NaN
16	0.125	14	ZZ onsite	true	2	chi8	-0.41043015044082903	0.010787386567008228	0.010787386567008228	0.9973235890867778	0.002676410913222238	0.036163403470961565	18.773381651482556	19.006907856525604
16	0.125	14	ZZ up-up r=1	true	2	chi8	-0.3009729005233593	-0.03394736892600286	0.03394736892600286	0.9973235890867778	0.002676410913222238	0.036163403470961565	8.856412514525045	9.85400987641165
16	0.125	14	SzSz r=1	false	0	chi8	-0.05987454238124322	-0.0027709187726533066	0.0027709187726533066	0.9973235890867778	0.002676410913222238	0.036163403470961565	NaN	NaN
16	0.125	14	hop up r=1	false	0	chi8	0.4374505682996689	0.03399316393458568	0.03399316393458568	0.9973235890867778	0.002676410913222238	0.036163403470961565	NaN	NaN
16	0.125	14	n	false	0	chi16	0.8444838057072767	0.0002418090477261936	0.0002418090477261936	0.9999944555677065	5.544432293502766e-6	0.0016720630290787304	NaN	NaN
16	0.125	14	Sz	false	0	chi16	1.235476193572893e-9	1.6117662676853883e-5	1.6117662676853883e-5	0.9999944555677065	5.544432293502766e-6	0.0016720630290787304	NaN	NaN
16	0.125	14	DoubleOcc	false	0	chi16	0.06963436524343015	0.00020414995604327302	0.00020414995604327302	0.9999944555677065	5.544432293502766e-6	0.0016720630290787304	NaN	NaN
16	0.125	14	ZZ onsite	true	2	chi16	-0.41043015044082903	0.00033298172872514575	0.00033298172872514575	0.9999944555677065	5.544432293502766e-6	0.0016720630290787304	19.006682584243862	19.006907856525604
16	0.125	14	ZZ up-up r=1	true	2	chi16	-0.3009729005233593	-0.00021242085223044382	0.00021242085223044382	0.9999944555677065	5.544432293502766e-6	0.0016720630290787304	9.85396641632515	9.85400987641165
16	0.125	14	SzSz r=1	false	0	chi16	-0.05987454238124322	2.594215479698181e-5	2.594215479698181e-5	0.9999944555677065	5.544432293502766e-6	0.0016720630290787304	NaN	NaN
16	0.125	14	hop up r=1	false	0	chi16	0.4374505682996689	0.0010324031478466389	0.0010324031478466389	0.9999944555677065	5.544432293502766e-6	0.0016720630290787304	NaN	NaN
16	0.125	14	n	false	0	chi32	0.8444838057072767	2.4154095013884103e-5	2.4154095013884103e-5	0.999999991006379	8.993620959074633e-9	5.502564194203831e-5	NaN	NaN
16	0.125	14	Sz	false	0	chi32	1.235476193572893e-9	1.0324742124825925e-5	1.0324742124825925e-5	0.999999991006379	8.993620959074633e-9	5.502564194203831e-5	NaN	NaN
16	0.125	14	DoubleOcc	false	0	chi32	0.06963436524343015	1.1845071832952692e-5	1.1845071832952692e-5	0.999999991006379	8.993620959074633e-9	5.502564194203831e-5	NaN	NaN
16	0.125	14	ZZ onsite	true	2	chi32	-0.41043015044082903	-9.279026954023273e-7	9.279026954023273e-7	0.999999991006379	8.993620959074633e-9	5.502564194203831e-5	19.00690785477625	19.006907856525604
16	0.125	14	ZZ up-up r=1	true	2	chi32	-0.3009729005233593	-9.71231928853511e-6	9.71231928853511e-6	0.999999991006379	8.993620959074633e-9	5.502564194203831e-5	9.85400978555764	9.85400987641165
16	0.125	14	SzSz r=1	false	0	chi32	-0.05987454238124322	-3.109963554182027e-6	3.109963554182027e-6	0.999999991006379	8.993620959074633e-9	5.502564194203831e-5	NaN	NaN
16	0.125	14	hop up r=1	false	0	chi32	0.4374505682996689	-6.4467220236563705e-6	6.4467220236563705e-6	0.999999991006379	8.993620959074633e-9	5.502564194203831e-5	NaN	NaN
16	0.125	14	n	false	0	UHF	0.8444838057072767	-0.0521314819476002	0.0521314819476002	0.6080964248341311	0.39190357516586893	0.5511967625898779	NaN	NaN
16	0.125	14	Sz	false	0	UHF	1.235476193572893e-9	-0.32707614613725655	0.32707614613725655	0.6080964248341311	0.39190357516586893	0.5511967625898779	NaN	NaN
16	0.125	14	DoubleOcc	false	0	UHF	0.06963436524343015	-0.024366572090489633	0.024366572090489633	0.6080964248341311	0.39190357516586893	0.5511967625898779	NaN	NaN
16	0.125	14	ZZ onsite	true	2	UHF	-0.41043015044082903	0.006796675533245755	0.006796675533245755	0.6080964248341311	0.39190357516586893	0.5511967625898779	18.913512369386087	19.006907856525604
16	0.125	14	ZZ up-up r=1	true	2	UHF	-0.3009729005233593	0.26838826279712275	0.26838826279712275	0.6080964248341311	0.39190357516586893	0.5511967625898779	1.225525281397505	9.85400987641165
16	0.125	14	SzSz r=1	false	0	UHF	-0.05987454238124322	0.08554670082724346	0.08554670082724346	0.6080964248341311	0.39190357516586893	0.5511967625898779	NaN	NaN
16	0.125	14	hop up r=1	false	0	UHF	0.4374505682996689	0.052005350377778536	0.052005350377778536	0.6080964248341311	0.39190357516586893	0.5511967625898779	NaN	NaN
16	0.125	14	n	false	0	UHFsym	0.8444838057072767	-0.05213148194760042	0.05213148194760042	0.9736458382779505	0.02635416172204952	0.13569038926597018	NaN	NaN
16	0.125	14	Sz	false	0	UHFsym	1.235476193572893e-9	1.2354762490840443e-9	1.2354762490840443e-9	0.9736458382779505	0.02635416172204952	0.13569038926597018	NaN	NaN
16	0.125	14	DoubleOcc	false	0	UHFsym	0.06963436524343015	-0.024366572090489813	0.024366572090489813	0.9736458382779505	0.02635416172204952	0.13569038926597018	NaN	NaN
16	0.125	14	ZZ onsite	true	2	UHFsym	-0.41043015044082903	0.0067966755332452555	0.0067966755332452555	0.9736458382779505	0.02635416172204952	0.13569038926597018	18.913512369386098	19.006907856525604
16	0.125	14	ZZ up-up r=1	true	2	UHFsym	-0.3009729005233593	0.0602853400188334	0.0602853400188334	0.9736458382779505	0.02635416172204952	0.13569038926597018	7.2711021551093635	9.85400987641165
16	0.125	14	SzSz r=1	false	0	UHFsym	-0.05987454238124322	0.005204283163384157	0.005204283163384157	0.9736458382779505	0.02635416172204952	0.13569038926597018	NaN	NaN
16	0.125	14	hop up r=1	false	0	UHFsym	0.4374505682996689	-0.014838249730640851	0.014838249730640851	0.9736458382779505	0.02635416172204952	0.13569038926597018	NaN	NaN
32	0.0	2	n	false	0	chi2	1.0000000000025384	2.537747789688183e-12	2.537747789688183e-12	0.643845590820441	0.356154409179559	0.46110248852551355	NaN	NaN
32	0.0	2	Sz	false	0	chi2	1.0384006501884535e-9	1.502595361330128e-8	1.502595361330128e-8	0.643845590820441	0.356154409179559	0.46110248852551355	NaN	NaN
32	0.0	2	DoubleOcc	false	0	chi2	0.09928952943200883	0.09928952943200883	0.09928952943200883	0.643845590820441	0.356154409179559	0.46110248852551355	NaN	NaN
32	0.0	2	ZZ onsite	true	2	chi2	-0.6028418822770419	0.3971581177229587	0.3971581177229587	0.643845590820441	0.356154409179559	0.46110248852551355	2.2473536174381348	51.745809657926266
32	0.0	2	ZZ up-up r=1	true	2	chi2	-0.32770579074152784	-0.0540140113651425	0.0540140113651425	0.643845590820441	0.356154409179559	0.46110248852551355	9.061628191402892	11.69435235324333
32	0.0	2	SzSz r=1	false	0	chi2	-0.06646314172120063	0.0019598031228957036	0.0019598031228957036	0.643845590820441	0.356154409179559	0.46110248852551355	NaN	NaN
32	0.0	2	hop up r=1	false	0	chi2	0.37822321560786293	0.37822321560786293	0.37822321560786293	0.643845590820441	0.356154409179559	0.46110248852551355	NaN	NaN
32	0.0	2	n	false	0	chi4	1.0000000000025384	-7.538509816384931e-10	7.538509816384931e-10	0.8917844900883113	0.10821550991168871	0.3113501820831618	NaN	NaN
32	0.0	2	Sz	false	0	chi4	1.0384006501884535e-9	8.958908559453249e-9	8.958908559453249e-9	0.8917844900883113	0.10821550991168871	0.3113501820831618	NaN	NaN
32	0.0	2	DoubleOcc	false	0	chi4	0.09928952943200883	0.009009576763061411	0.009009576763061411	0.8917844900883113	0.10821550991168871	0.3113501820831618	NaN	NaN
32	0.0	2	ZZ onsite	true	2	chi4	-0.6028418822770419	0.03603830855994761	0.03603830855994761	0.8917844900883113	0.10821550991168871	0.3113501820831618	43.80219722495969	51.745809657926266
32	0.0	2	ZZ up-up r=1	true	2	chi4	-0.32770579074152784	-0.28979681946405095	0.28979681946405095	0.8917844900883113	0.10821550991168871	0.3113501820831618	1.2489670408294953	11.69435235324333
32	0.0	2	SzSz r=1	false	0	chi4	-0.06646314172120063	-0.06646314172120059	0.06646314172120059	0.8917844900883113	0.10821550991168871	0.3113501820831618	NaN	NaN
32	0.0	2	hop up r=1	false	0	chi4	0.37822321560786293	0.12896780025713284	0.12896780025713284	0.8917844900883113	0.10821550991168871	0.3113501820831618	NaN	NaN
32	0.0	2	n	false	0	chi8	1.0000000000025384	1.2244595337662645e-9	1.2244595337662645e-9	0.9998691424276432	0.00013085757235675732	0.007580172809449922	NaN	NaN
32	0.0	2	Sz	false	0	chi8	1.0384006501884535e-9	3.081398435023086e-9	3.081398435023086e-9	0.9998691424276432	0.00013085757235675732	0.007580172809449922	NaN	NaN
32	0.0	2	DoubleOcc	false	0	chi8	0.09928952943200883	0.0005707856507699005	0.0005707856507699005	0.9998691424276432	0.00013085757235675732	0.007580172809449922	NaN	NaN
32	0.0	2	ZZ onsite	true	2	chi8	-0.6028418822770419	0.0022831401541598684	0.0022831401541598684	0.9998691424276432	0.00013085757235675732	0.007580172809449922	51.70817242520396	51.745809657926266
32	0.0	2	ZZ up-up r=1	true	2	chi8	-0.32770579074152784	-0.007768597880102035	0.007768597880102035	0.9998691424276432	0.00013085757235675732	0.007580172809449922	11.624489641899109	11.69435235324333
32	0.0	2	SzSz r=1	false	0	chi8	-0.06646314172120063	-0.0009440150426831551	0.0009440150426831551	0.9998691424276432	0.00013085757235675732	0.007580172809449922	NaN	NaN
32	0.0	2	hop up r=1	false	0	chi8	0.37822321560786293	0.004423519667447695	0.004423519667447695	0.9998691424276432	0.00013085757235675732	0.007580172809449922	NaN	NaN
32	0.0	2	n	false	0	chi16	1.0000000000025384	3.034852369410146e-10	3.034852369410146e-10	0.9999997880489501	2.1195104993321223e-7	0.00032927531660812423	NaN	NaN
32	0.0	2	Sz	false	0	chi16	1.0384006501884535e-9	1.4091084236944607e-9	1.4091084236944607e-9	0.9999997880489501	2.1195104993321223e-7	0.00032927531660812423	NaN	NaN
32	0.0	2	DoubleOcc	false	0	chi16	0.09928952943200883	3.3857217525745664e-5	3.3857217525745664e-5	0.9999997880489501	2.1195104993321223e-7	0.00032927531660812423	NaN	NaN
32	0.0	2	ZZ onsite	true	2	chi16	-0.6028418822770419	0.00013542826313150957	0.00013542826313150957	0.9999997880489501	2.1195104993321223e-7	0.00032927531660812423	51.745677136517635	51.745809657926266
32	0.0	2	ZZ up-up r=1	true	2	chi16	-0.32770579074152784	-0.00022793520560210334	0.00022793520560210334	0.9999997880489501	2.1195104993321223e-7	0.00032927531660812423	11.694291849394281	11.69435235324333
32	0.0	2	SzSz r=1	false	0	chi16	-0.06646314172120063	-5.6801342082718476e-5	5.6801342082718476e-5	0.9999997880489501	2.1195104993321223e-7	0.00032927531660812423	NaN	NaN
32	0.0	2	hop up r=1	false	0	chi16	0.37822321560786293	0.0001156086850122584	0.0001156086850122584	0.9999997880489501	2.1195104993321223e-7	0.00032927531660812423	NaN	NaN
32	0.0	2	n	false	0	chi32	1.0000000000025384	2.5011492876814145e-10	2.5011492876814145e-10	0.9999999980731022	1.9268977524689035e-9	3.993311174551479e-5	NaN	NaN
32	0.0	2	Sz	false	0	chi32	1.0384006501884535e-9	5.445884784793797e-10	5.445884784793797e-10	0.9999999980731022	1.9268977524689035e-9	3.993311174551479e-5	NaN	NaN
32	0.0	2	DoubleOcc	false	0	chi32	0.09928952943200883	2.548635211874206e-6	2.548635211874206e-6	0.9999999980731022	1.9268977524689035e-9	3.993311174551479e-5	NaN	NaN
32	0.0	2	ZZ onsite	true	2	chi32	-0.6028418822770419	1.0194040616862132e-5	1.0194040616862132e-5	0.9999999980731022	1.9268977524689035e-9	3.993311174551479e-5	51.74580890706232	51.745809657926266
32	0.0	2	ZZ up-up r=1	true	2	chi32	-0.32770579074152784	-4.7093870221337486e-5	4.7093870221337486e-5	0.9999999980731022	1.9268977524689035e-9	3.993311174551479e-5	11.694349770441404	11.69435235324333
32	0.0	2	SzSz r=1	false	0	chi32	-0.06646314172120063	-1.0098921293430485e-5	1.0098921293430485e-5	0.9999999980731022	1.9268977524689035e-9	3.993311174551479e-5	NaN	NaN
32	0.0	2	hop up r=1	false	0	chi32	0.37822321560786293	3.2648705702686964e-5	3.2648705702686964e-5	0.9999999980731022	1.9268977524689035e-9	3.993311174551479e-5	NaN	NaN
32	0.0	2	n	false	0	UHF	1.0000000000025384	2.538635968107883e-12	2.538635968107883e-12	0.5366874041683436	0.4633125958316564	0.5790030256821052	NaN	NaN
32	0.0	2	Sz	false	0	UHF	1.0384006501884535e-9	-0.38119378224136924	0.38119378224136924	0.5366874041683436	0.4633125958316564	0.5790030256821052	NaN	NaN
32	0.0	2	DoubleOcc	false	0	UHF	0.09928952943200883	-0.005401770156846952	0.005401770156846952	0.5366874041683436	0.4633125958316564	0.5790030256821052	NaN	NaN
32	0.0	2	ZZ onsite	true	2	UHF	-0.6028418822770419	-0.02160708063246508	0.02160708063246508	0.5366874041683436	0.4633125958316564	0.5790030256821052	48.57891684654254	51.745809657926266
32	0.0	2	ZZ up-up r=1	true	2	UHF	-0.32770579074152784	0.44926078601526687	0.44926078601526687	0.5366874041683436	0.4633125958316564	0.5790030256821052	0.5542502388440695	11.69435235324333
32	0.0	2	SzSz r=1	false	0	UHF	-0.06646314172120063	0.1041432991897995	0.1041432991897995	0.5366874041683436	0.4633125958316564	0.5790030256821052	NaN	NaN
32	0.0	2	hop up r=1	false	0	UHF	0.37822321560786293	-0.056611955722133234	0.056611955722133234	0.5366874041683436	0.4633125958316564	0.5790030256821052	NaN	NaN
32	0.0	2	n	false	0	UHFsym	1.0000000000025384	2.538413923502958e-12	2.538413923502958e-12	0.9934192915987656	0.00658070840123437	0.07079300598465699	NaN	NaN
32	0.0	2	Sz	false	0	UHFsym	1.0384006501884535e-9	1.0384006501884535e-9	1.0384006501884535e-9	0.9934192915987656	0.00658070840123437	0.07079300598465699	NaN	NaN
32	0.0	2	DoubleOcc	false	0	UHFsym	0.09928952943200883	-0.0054017701568467025	0.0054017701568467025	0.9934192915987656	0.00658070840123437	0.07079300598465699	NaN	NaN
32	0.0	2	ZZ onsite	true	2	UHFsym	-0.6028418822770419	-0.021607080632463638	0.021607080632463638	0.9934192915987656	0.00658070840123437	0.07079300598465699	48.57891684654294	51.745809657926266
32	0.0	2	ZZ up-up r=1	true	2	UHFsym	-0.32770579074152784	0.056997274462903924	0.056997274462903924	0.9934192915987656	0.00658070840123437	0.07079300598465699	8.835829035357902	11.69435235324333
32	0.0	2	SzSz r=1	false	0	UHFsym	-0.06646314172120063	0.006077421301708935	0.006077421301708935	0.9934192915987656	0.00658070840123437	0.07079300598465699	NaN	NaN
32	0.0	2	hop up r=1	false	0	UHFsym	0.37822321560786293	-0.05661195572213157	0.05661195572213157	0.9934192915987656	0.00658070840123437	0.07079300598465699	NaN	NaN
32	0.0	3	n	false	0	chi2	0.9999999999847895	-1.5211387704994195e-11	1.5211387704994195e-11	0.6410605903715705	0.3589394096284295	0.47150113349712036	NaN	NaN
32	0.0	3	Sz	false	0	chi2	-2.3078444016944033e-9	-2.3268903596065668e-8	2.3268903596065668e-8	0.6410605903715705	0.3589394096284295	0.47150113349712036	NaN	NaN
32	0.0	3	DoubleOcc	false	0	chi2	0.0971222771592172	0.0971222771592172	0.0971222771592172	0.6410605903715705	0.3589394096284295	0.47150113349712036	NaN	NaN
32	0.0	3	ZZ onsite	true	2	chi2	-0.6115108913327105	0.38848910866729036	0.38848910866729036	0.6410605903715705	0.3589394096284295	0.47150113349712036	2.4118260396534774	54.09379609892568
32	0.0	3	ZZ up-up r=1	true	2	chi2	-0.6724112048520569	0.32758879514794403	0.32758879514794403	0.6410605903715705	0.3589394096284295	0.47150113349712036	4.038675128291425	74.3576235587601
32	0.0	3	SzSz r=1	false	0	chi2	-0.14130099811227856	0.10869900188772166	0.10869900188772166	0.6410605903715705	0.3589394096284295	0.47150113349712036	NaN	NaN
32	0.0	3	hop up r=1	false	0	chi2	0.5728713156631078	0.5728713156631078	0.5728713156631078	0.6410605903715705	0.3589394096284295	0.47150113349712036	NaN	NaN
32	0.0	3	n	false	0	chi4	0.9999999999847895	3.4895597522677235e-10	3.4895597522677235e-10	0.8547605451697956	0.1452394548302044	0.19771328696967508	NaN	NaN
32	0.0	3	Sz	false	0	chi4	-2.3078444016944033e-9	-9.282650856312635e-9	9.282650856312635e-9	0.8547605451697956	0.1452394548302044	0.19771328696967508	NaN	NaN
32	0.0	3	DoubleOcc	false	0	chi4	0.0971222771592172	0.013244677858776532	0.013244677858776532	0.8547605451697956	0.1452394548302044	0.19771328696967508	NaN	NaN
32	0.0	3	ZZ onsite	true	2	chi4	-0.6115108913327105	0.05297871073719407	0.05297871073719407	0.8547605451697956	0.1452394548302044	0.19771328696967508	38.679619038472396	54.09379609892568
32	0.0	3	ZZ up-up r=1	true	2	chi4	-0.6724112048520569	0.1504201615167815	0.1504201615167815	0.8547605451697956	0.1452394548302044	0.19771328696967508	15.918905622189065	74.3576235587601
32	0.0	3	SzSz r=1	false	0	chi4	-0.14130099811227856	0.03905166606042021	0.03905166606042021	0.8547605451697956	0.1452394548302044	0.19771328696967508	NaN	NaN
32	0.0	3	hop up r=1	false	0	chi4	0.5728713156631078	-0.07410837656822888	0.07410837656822888	0.8547605451697956	0.1452394548302044	0.19771328696967508	NaN	NaN
32	0.0	3	n	false	0	chi8	0.9999999999847895	-3.0236702031061213e-11	3.0236702031061213e-11	0.9993706821980641	0.0006293178019358692	0.012375645612637903	NaN	NaN
32	0.0	3	Sz	false	0	chi8	-2.3078444016944033e-9	-3.103130953585609e-9	3.103130953585609e-9	0.9993706821980641	0.0006293178019358692	0.012375645612637903	NaN	NaN
32	0.0	3	DoubleOcc	false	0	chi8	0.0971222771592172	-0.0007002766845487229	0.0007002766845487229	0.9993706821980641	0.0006293178019358692	0.012375645612637903	NaN	NaN
32	0.0	3	ZZ onsite	true	2	chi8	-0.6115108913327105	-0.002801106677722487	0.002801106677722487	0.9993706821980641	0.0006293178019358692	0.012375645612637903	54.03360135146338	54.09379609892568
32	0.0	3	ZZ up-up r=1	true	2	chi8	-0.6724112048520569	-0.00372897882581269	0.00372897882581269	0.9993706821980641	0.0006293178019358692	0.012375645612637903	74.19024415933552	74.3576235587601
32	0.0	3	SzSz r=1	false	0	chi8	-0.14130099811227856	-0.0009889183973971205	0.0009889183973971205	0.9993706821980641	0.0006293178019358692	0.012375645612637903	NaN	NaN
32	0.0	3	hop up r=1	false	0	chi8	0.5728713156631078	0.003100149392603946	0.003100149392603946	0.9993706821980641	0.0006293178019358692	0.012375645612637903	NaN	NaN
32	0.0	3	n	false	0	chi16	0.9999999999847895	3.532896197810942e-11	3.532896197810942e-11	0.999923906114984	7.609388501594871e-5	0.0021049883454062903	NaN	NaN
32	0.0	3	Sz	false	0	chi16	-2.3078444016944033e-9	-1.3470050630459696e-9	1.3470050630459696e-9	0.999923906114984	7.609388501594871e-5	0.0021049883454062903	NaN	NaN
32	0.0	3	DoubleOcc	false	0	chi16	0.0971222771592172	9.248387596252905e-5	9.248387596252905e-5	0.999923906114984	7.609388501594871e-5	0.0021049883454062903	NaN	NaN
32	0.0	3	ZZ onsite	true	2	chi16	-0.6115108913327105	0.000369935433191082	0.000369935433191082	0.999923906114984	7.609388501594871e-5	0.0021049883454062903	54.09274504192864	54.09379609892568
32	0.0	3	ZZ up-up r=1	true	2	chi16	-0.6724112048520569	-0.00346410032695299	0.00346410032695299	0.999923906114984	7.609388501594871e-5	0.0021049883454062903	74.21313380057863	74.3576235587601
32	0.0	3	SzSz r=1	false	0	chi16	-0.14130099811227856	-0.0006180321684252366	0.0006180321684252366	0.999923906114984	7.609388501594871e-5	0.0021049883454062903	NaN	NaN
32	0.0	3	hop up r=1	false	0	chi16	0.5728713156631078	0.0009278078947522195	0.0009278078947522195	0.999923906114984	7.609388501594871e-5	0.0021049883454062903	NaN	NaN
32	0.0	3	n	false	0	chi32	0.9999999999847895	-1.2112066904990115e-10	1.2112066904990115e-10	0.9999999627106014	3.7289398568951526e-8	0.00014880260186704236	NaN	NaN
32	0.0	3	Sz	false	0	chi32	-2.3078444016944033e-9	-7.132626711481294e-10	7.132626711481294e-10	0.9999999627106014	3.7289398568951526e-8	0.00014880260186704236	NaN	NaN
32	0.0	3	DoubleOcc	false	0	chi32	0.0971222771592172	1.6448110299605023e-6	1.6448110299605023e-6	0.9999999627106014	3.7289398568951526e-8	0.00014880260186704236	NaN	NaN
32	0.0	3	ZZ onsite	true	2	chi32	-0.6115108913327105	6.579486359958864e-6	6.579486359958864e-6	0.9999999627106014	3.7289398568951526e-8	0.00014880260186704236	54.09379576644469	54.09379609892568
32	0.0	3	ZZ up-up r=1	true	2	chi32	-0.6724112048520569	0.00014374948653028685	0.00014374948653028685	0.9999999627106014	3.7289398568951526e-8	0.00014880260186704236	74.35737426464888	74.3576235587601
32	0.0	3	SzSz r=1	false	0	chi32	-0.14130099811227856	2.860208707511358e-5	2.860208707511358e-5	0.9999999627106014	3.7289398568951526e-8	0.00014880260186704236	NaN	NaN
32	0.0	3	hop up r=1	false	0	chi32	0.5728713156631078	-7.133390928715233e-5	7.133390928715233e-5	0.9999999627106014	3.7289398568951526e-8	0.00014880260186704236	NaN	NaN
32	0.0	3	n	false	0	UHF	0.9999999999847895	-1.5210055437364645e-11	1.5210055437364645e-11	0.6224017471430744	0.3775982528569256	0.574683157928094	NaN	NaN
32	0.0	3	Sz	false	0	UHF	-2.3078444016944033e-9	0.3855551774442215	0.3855551774442215	0.6224017471430744	0.3775982528569256	0.574683157928094	NaN	NaN
32	0.0	3	DoubleOcc	false	0	UHF	0.0971222771592172	-0.004224926207134577	0.004224926207134577	0.6224017471430744	0.3775982528569256	0.574683157928094	NaN	NaN
32	0.0	3	ZZ onsite	true	2	UHF	-0.6115108913327105	-0.016899704798118642	0.016899704798118642	0.6224017471430744	0.3775982528569256	0.574683157928094	51.985760114299566	54.09379609892568
32	0.0	3	ZZ up-up r=1	true	2	UHF	-0.6724112048520569	0.11348052170267309	0.11348052170267309	0.6224017471430744	0.3775982528569256	0.574683157928094	24.06876327472035	74.3576235587601
32	0.0	3	SzSz r=1	false	0	UHF	-0.14130099811227856	0.03104553391360093	0.03104553391360093	0.6224017471430744	0.3775982528569256	0.574683157928094	NaN	NaN
32	0.0	3	hop up r=1	false	0	UHF	0.5728713156631078	0.13354091960289427	0.13354091960289427	0.6224017471430744	0.3775982528569256	0.574683157928094	NaN	NaN
32	0.0	3	n	false	0	UHFsym	0.9999999999847895	-1.5210166459667107e-11	1.5210166459667107e-11	0.9276191150973133	0.07238088490268668	0.2274403300634577	NaN	NaN
32	0.0	3	Sz	false	0	UHFsym	-2.3078444016944033e-9	-2.3078443878166155e-9	2.3078443878166155e-9	0.9276191150973133	0.07238088490268668	0.2274403300634577	NaN	NaN
32	0.0	3	DoubleOcc	false	0	UHFsym	0.0971222771592172	-0.004224926207134494	0.004224926207134494	0.9276191150973133	0.07238088490268668	0.2274403300634577	NaN	NaN
32	0.0	3	ZZ onsite	true	2	UHFsym	-0.6115108913327105	-0.016899704798117976	0.016899704798117976	0.9276191150973133	0.07238088490268668	0.2274403300634577	51.98576011429973	54.09379609892568
32	0.0	3	ZZ up-up r=1	true	2	UHFsym	-0.6724112048520569	-0.2821162668905613	0.2821162668905613	0.9276191150973133	0.07238088490268668	0.2274403300634577	5.344419771739854	74.3576235587601
32	0.0	3	SzSz r=1	false	0	UHFsym	-0.14130099811227856	-0.06785366323470764	0.06785366323470764	0.9276191150973133	0.07238088490268668	0.2274403300634577	NaN	NaN
32	0.0	3	hop up r=1	false	0	UHFsym	0.5728713156631078	0.13354091960289405	0.13354091960289405	0.9276191150973133	0.07238088490268668	0.2274403300634577	NaN	NaN
32	0.0	4	n	false	0	chi2	0.9999999999937093	-6.290745702131062e-12	6.290745702131062e-12	0.6280977149132921	0.37190228508670786	0.486440571623716	NaN	NaN
32	0.0	4	Sz	false	0	chi2	1.2628270130987662e-9	2.2223886234767898e-8	2.2223886234767898e-8	0.6280977149132921	0.37190228508670786	0.486440571623716	NaN	NaN
32	0.0	4	DoubleOcc	false	0	chi2	0.10080893393612533	0.10080893393612533	0.10080893393612533	0.6280977149132921	0.37190228508670786	0.486440571623716	NaN	NaN
32	0.0	4	ZZ onsite	true	2	chi2	-0.5967642642429175	0.4032357357570825	0.4032357357570825	0.6280977149132921	0.37190228508670786	0.486440571623716	2.139457957004453	50.1646867961016
32	0.0	4	ZZ up-up r=1	true	2	chi2	-0.3819862078610525	-0.06482456833912514	0.06482456833912514	0.6280977149132921	0.37190228508670786	0.486440571623716	11.26097567744994	16.185915053934043
32	0.0	4	SzSz r=1	false	0	chi2	-0.07813339925887229	0.0011570106216095416	0.0011570106216095416	0.6280977149132921	0.37190228508670786	0.486440571623716	NaN	NaN
32	0.0	4	hop up r=1	false	0	chi2	0.41314892873143827	0.41314892873143827	0.41314892873143827	0.6280977149132921	0.37190228508670786	0.486440571623716	NaN	NaN
32	0.0	4	n	false	0	chi4	0.9999999999937093	7.782570143888279e-10	7.782570143888279e-10	0.8748640363277744	0.12513596367222557	0.3413386497239604	NaN	NaN
32	0.0	4	Sz	false	0	chi4	1.2628270130987662e-9	9.00579110243993e-9	9.00579110243993e-9	0.8748640363277744	0.12513596367222557	0.3413386497239604	NaN	NaN
32	0.0	4	DoubleOcc	false	0	chi4	0.10080893393612533	0.03055966545244959	0.03055966545244959	0.8748640363277744	0.12513596367222557	0.3413386497239604	NaN	NaN
32	0.0	4	ZZ onsite	true	2	chi4	-0.5967642642429175	0.122238660253284	0.122238660253284	0.8748640363277744	0.12513596367222557	0.3413386497239604	16.378505878621098	50.1646867961016
32	0.0	4	ZZ up-up r=1	true	2	chi4	-0.3819862078610525	-0.3271535640871635	0.3271535640871635	0.8748640363277744	0.12513596367222557	0.3413386497239604	1.3333736217352552	16.185915053934043
32	0.0	4	SzSz r=1	false	0	chi4	-0.07813339925887229	-0.06442523831540005	0.06442523831540005	0.8748640363277744	0.12513596367222557	0.3413386497239604	NaN	NaN
32	0.0	4	hop up r=1	false	0	chi4	0.41314892873143827	0.41314892873143827	0.41314892873143827	0.8748640363277744	0.12513596367222557	0.3413386497239604	NaN	NaN
32	0.0	4	n	false	0	chi8	0.9999999999937093	1.08170516988082e-9	1.08170516988082e-9	0.9997881659418522	0.00021183405814784173	0.008430892888007746	NaN	NaN
32	0.0	4	Sz	false	0	chi8	1.2628270130987662e-9	3.5358034729260357e-9	3.5358034729260357e-9	0.9997881659418522	0.00021183405814784173	0.008430892888007746	NaN	NaN
32	0.0	4	DoubleOcc	false	0	chi8	0.10080893393612533	-0.0003827946472996224	0.0003827946472996224	0.9997881659418522	0.00021183405814784173	0.008430892888007746	NaN	NaN
32	0.0	4	ZZ onsite	true	2	chi8	-0.5967642642429175	-0.0015311807526102728	0.0015311807526102728	0.9997881659418522	0.00021183405814784173	0.008430892888007746	50.14845531529717	50.1646867961016
32	0.0	4	ZZ up-up r=1	true	2	chi8	-0.3819862078610525	-0.007006885786190242	0.007006885786190242	0.9997881659418522	0.00021183405814784173	0.008430892888007746	16.103630282046925	16.185915053934043
32	0.0	4	SzSz r=1	false	0	chi8	-0.07813339925887229	-0.001332252601558101	0.001332252601558101	0.9997881659418522	0.00021183405814784173	0.008430892888007746	NaN	NaN
32	0.0	4	hop up r=1	false	0	chi8	0.41314892873143827	0.00594441782298033	0.00594441782298033	0.9997881659418522	0.00021183405814784173	0.008430892888007746	NaN	NaN
32	0.0	4	n	false	0	chi16	0.9999999999937093	1.7605050750546525e-10	1.7605050750546525e-10	0.9999908302298247	9.169770175287972e-6	0.0021022128257182976	NaN	NaN
32	0.0	4	Sz	false	0	chi16	1.2628270130987662e-9	1.4459276102829488e-9	1.4459276102829488e-9	0.9999908302298247	9.169770175287972e-6	0.0021022128257182976	NaN	NaN
32	0.0	4	DoubleOcc	false	0	chi16	0.10080893393612533	0.00016863096273575517	0.00016863096273575517	0.9999908302298247	9.169770175287972e-6	0.0021022128257182976	NaN	NaN
32	0.0	4	ZZ onsite	true	2	chi16	-0.5967642642429175	0.0006745234988407844	0.0006745234988407844	0.9999908302298247	9.169770175287972e-6	0.0021022128257182976	50.16153605546058	50.1646867961016
32	0.0	4	ZZ up-up r=1	true	2	chi16	-0.3819862078610525	-0.0016144640929368625	0.0016144640929368625	0.9999908302298247	9.169770175287972e-6	0.0021022128257182976	16.181525485301634	16.185915053934043
32	0.0	4	SzSz r=1	false	0	chi16	-0.07813339925887229	-0.0003916508987397843	0.0003916508987397843	0.9999908302298247	9.169770175287972e-6	0.0021022128257182976	NaN	NaN
32	0.0	4	hop up r=1	false	0	chi16	0.41314892873143827	0.000737801142752792	0.000737801142752792	0.9999908302298247	9.169770175287972e-6	0.0021022128257182976	NaN	NaN
32	0.0	4	n	false	0	chi32	0.9999999999937093	2.3045187980130777e-10	2.3045187980130777e-10	0.9999999371673659	6.283263409567752e-8	0.00018720192734287194	NaN	NaN
32	0.0	4	Sz	false	0	chi32	1.2628270130987662e-9	6.820711495603149e-10	6.820711495603149e-10	0.9999999371673659	6.283263409567752e-8	0.00018720192734287194	NaN	NaN
32	0.0	4	DoubleOcc	false	0	chi32	0.10080893393612533	-1.794215138628541e-6	1.794215138628541e-6	0.9999999371673659	6.283263409567752e-8	0.00018720192734287194	NaN	NaN
32	0.0	4	ZZ onsite	true	2	chi32	-0.5967642642429175	-7.177321460161146e-6	7.177321460161146e-6	0.9999999371673659	6.283263409567752e-8	0.00018720192734287194	50.16468643934619	50.1646867961016
32	0.0	4	ZZ up-up r=1	true	2	chi32	-0.3819862078610525	-0.00013325666061136943	0.00013325666061136943	0.9999999371673659	6.283263409567752e-8	0.00018720192734287194	16.185885140938446	16.185915053934043
32	0.0	4	SzSz r=1	false	0	chi32	-0.07813339925887229	-3.8414107837767e-5	3.8414107837767e-5	0.9999999371673659	6.283263409567752e-8	0.00018720192734287194	NaN	NaN
32	0.0	4	hop up r=1	false	0	chi32	0.41314892873143827	9.495405081633157e-5	9.495405081633157e-5	0.9999999371673659	6.283263409567752e-8	0.00018720192734287194	NaN	NaN
32	0.0	4	n	false	0	UHF	0.9999999999937093	-6.289857523711362e-12	6.289857523711362e-12	0.5527422936421854	0.4472577063578146	0.5739988220129267	NaN	NaN
32	0.0	4	Sz	false	0	UHF	1.2628270130987662e-9	-0.3844329935380484	0.3844329935380484	0.5527422936421854	0.4472577063578146	0.5739988220129267	NaN	NaN
32	0.0	4	DoubleOcc	false	0	UHF	0.10080893393612533	-0.0014023385723044013	0.0014023385723044013	0.5527422936421854	0.4472577063578146	0.5739988220129267	NaN	NaN
32	0.0	4	ZZ onsite	true	2	UHF	-0.5967642642429175	-0.005609354276638001	0.005609354276638001	0.5527422936421854	0.4472577063578146	0.5739988220129267	49.94772209292089	50.1646867961016
32	0.0	4	ZZ up-up r=1	true	2	UHF	-0.3819862078610525	0.4018453561506384	0.4018453561506384	0.5527422936421854	0.4472577063578146	0.5739988220129267	0.9090163403596969	16.185915053934043
32	0.0	4	SzSz r=1	false	0	UHF	-0.07813339925887229	0.09375562277395576	0.09375562277395576	0.5527422936421854	0.4472577063578146	0.5739988220129267	NaN	NaN
32	0.0	4	hop up r=1	false	0	UHF	0.41314892873143827	-0.025657351716742327	0.025657351716742327	0.5527422936421854	0.4472577063578146	0.5739988220129267	NaN	NaN
32	0.0	4	n	false	0	UHFsym	0.9999999999937093	-6.289857523711362e-12	6.289857523711362e-12	0.9937469967806634	0.006253003219336639	0.0724063563328178	NaN	NaN
32	0.0	4	Sz	false	0	UHFsym	1.2628270130987662e-9	1.2628270547321296e-9	1.2628270547321296e-9	0.9937469967806634	0.006253003219336639	0.0724063563328178	NaN	NaN
32	0.0	4	DoubleOcc	false	0	UHFsym	0.10080893393612533	-0.001402338572304651	0.001402338572304651	0.9937469967806634	0.006253003219336639	0.0724063563328178	NaN	NaN
32	0.0	4	ZZ onsite	true	2	UHFsym	-0.5967642642429175	-0.005609354276639111	0.005609354276639111	0.9937469967806634	0.006253003219336639	0.0724063563328178	49.947722092920806	50.1646867961016
32	0.0	4	ZZ up-up r=1	true	2	UHFsym	-0.3819862078610525	0.007316105036454246	0.007316105036454246	0.9937469967806634	0.006253003219336639	0.0724063563328178	16.09624857097542	16.185915053934043
32	0.0	4	SzSz r=1	false	0	UHFsym	-0.07813339925887229	-0.004876690004591691	0.004876690004591691	0.9937469967806634	0.006253003219336639	0.0724063563328178	NaN	NaN
32	0.0	4	hop up r=1	false	0	UHFsym	0.41314892873143827	-0.025657351716742882	0.025657351716742882	0.9937469967806634	0.006253003219336639	0.0724063563328178	NaN	NaN
32	0.0	5	n	false	0	chi2	0.9999999999724923	-2.750744076962519e-11	2.750744076962519e-11	0.620207846031774	0.37979215396822597	0.4818441529587483	NaN	NaN
32	0.0	5	Sz	false	0	chi2	-2.3819084621345965e-9	-1.6054563692399873e-8	1.6054563692399873e-8	0.620207846031774	0.37979215396822597	0.4818441529587483	NaN	NaN
32	0.0	5	DoubleOcc	false	0	chi2	0.09928176441518102	0.09928176441518102	0.09928176441518102	0.620207846031774	0.37979215396822597	0.4818441529587483	NaN	NaN
32	0.0	5	ZZ onsite	true	2	chi2	-0.6028729422842608	0.397127057715739	0.397127057715739	0.620207846031774	0.37979215396822597	0.4818441529587483	2.2479202323193186	51.75402472150519
32	0.0	5	ZZ up-up r=1	true	2	chi2	-0.6337633299515094	0.36623667004849036	0.36623667004849036	0.620207846031774	0.37979215396822597	0.4818441529587483	2.899228946484734	60.669269474136435
32	0.0	5	SzSz r=1	false	0	chi2	-0.13286804728606968	0.11713195271393026	0.11713195271393026	0.620207846031774	0.37979215396822597	0.4818441529587483	NaN	NaN
32	0.0	5	hop up r=1	false	0	chi2	0.5533113834288794	0.5533113834288794	0.5533113834288794	0.620207846031774	0.37979215396822597	0.4818441529587483	NaN	NaN
32	0.0	5	n	false	0	chi4	0.9999999999724923	-1.1426426471672357e-10	1.1426426471672357e-10	0.8063651875056166	0.1936348124943834	0.21150448146874226	NaN	NaN
32	0.0	5	Sz	false	0	chi4	-2.3819084621345965e-9	-8.218671854187676e-10	8.218671854187676e-10	0.8063651875056166	0.1936348124943834	0.21150448146874226	NaN	NaN
32	0.0	5	DoubleOcc	false	0	chi4	0.09928176441518102	0.03721972922614561	0.03721972922614561	0.8063651875056166	0.1936348124943834	0.21150448146874226	NaN	NaN
32	0.0	5	ZZ onsite	true	2	chi4	-0.6028729422842608	0.14887891713311163	0.14887891713311163	0.8063651875056166	0.1936348124943834	0.21150448146874226	12.637803300273985	51.75402472150519
32	0.0	5	ZZ up-up r=1	true	2	chi4	-0.6337633299515094	0.14911724186057096	0.14911724186057096	0.8063651875056166	0.1936348124943834	0.21150448146874226	14.098207794154481	60.669269474136435
32	0.0	5	SzSz r=1	false	0	chi4	-0.13286804728606968	0.031821078094122074	0.031821078094122074	0.8063651875056166	0.1936348124943834	0.21150448146874226	NaN	NaN
32	0.0	5	hop up r=1	false	0	chi4	0.5533113834288794	-0.06236765053331472	0.06236765053331472	0.8063651875056166	0.1936348124943834	0.21150448146874226	NaN	NaN
32	0.0	5	n	false	0	chi8	0.9999999999724923	-5.817949455533267e-10	5.817949455533267e-10	0.9986247446498774	0.0013752553501226172	0.01904888344394082	NaN	NaN
32	0.0	5	Sz	false	0	chi8	-2.3819084621345965e-9	-7.780801697387929e-11	7.780801697387929e-11	0.9986247446498774	0.0013752553501226172	0.01904888344394082	NaN	NaN
32	0.0	5	DoubleOcc	false	0	chi8	0.09928176441518102	-0.00039017291120890807	0.00039017291120890807	0.9986247446498774	0.0013752553501226172	0.01904888344394082	NaN	NaN
32	0.0	5	ZZ onsite	true	2	chi8	-0.6028729422842608	-0.0015606904812472955	0.0015606904812472955	0.9986247446498774	0.0013752553501226172	0.01904888344394082	51.736427305547316	51.75402472150519
32	0.0	5	ZZ up-up r=1	true	2	chi8	-0.6337633299515094	-0.006193623584654029	0.006193623584654029	0.9986247446498774	0.0013752553501226172	0.01904888344394082	60.32548446065182	60.669269474136435
32	0.0	5	SzSz r=1	false	0	chi8	-0.13286804728606968	-0.0017570005101651687	0.0017570005101651687	0.9986247446498774	0.0013752553501226172	0.01904888344394082	NaN	NaN
32	0.0	5	hop up r=1	false	0	chi8	0.5533113834288794	0.005850385551512849	0.005850385551512849	0.9986247446498774	0.0013752553501226172	0.01904888344394082	NaN	NaN
32	0.0	5	n	false	0	chi16	0.9999999999724923	-9.742240347776487e-11	9.742240347776487e-11	0.9998870316707287	0.0001129683292713235	0.006787532159412575	NaN	NaN
32	0.0	5	Sz	false	0	chi16	-2.3819084621345965e-9	1.2212653111021154e-10	1.2212653111021154e-10	0.9998870316707287	0.0001129683292713235	0.006787532159412575	NaN	NaN
32	0.0	5	DoubleOcc	false	0	chi16	0.09928176441518102	0.00022950112115138754	0.00022950112115138754	0.9998870316707287	0.0001129683292713235	0.006787532159412575	NaN	NaN
32	0.0	5	ZZ onsite	true	2	chi16	-0.6028729422842608	0.0009180046794492469	0.0009180046794492469	0.9998870316707287	0.0001129683292713235	0.006787532159412575	51.747934939941	51.75402472150519
32	0.0	5	ZZ up-up r=1	true	2	chi16	-0.6337633299515094	-0.002283584590465848	0.002283584590465848	0.9998870316707287	0.0001129683292713235	0.006787532159412575	60.622305681206214	60.669269474136435
32	0.0	5	SzSz r=1	false	0	chi16	-0.13286804728606968	5.9472121071241224e-5	5.9472121071241224e-5	0.9998870316707287	0.0001129683292713235	0.006787532159412575	NaN	NaN
32	0.0	5	hop up r=1	false	0	chi16	0.5533113834288794	0.0017035505580901278	0.0017035505580901278	0.9998870316707287	0.0001129683292713235	0.006787532159412575	NaN	NaN
32	0.0	5	n	false	0	chi32	0.9999999999724923	-1.0820333518068992e-10	1.0820333518068992e-10	0.9999997401687435	2.598312565105232e-7	0.00021112997018828174	NaN	NaN
32	0.0	5	Sz	false	0	chi32	-2.3819084621345965e-9	-4.952363172328056e-10	4.952363172328056e-10	0.9999997401687435	2.598312565105232e-7	0.00021112997018828174	NaN	NaN
32	0.0	5	DoubleOcc	false	0	chi32	0.09928176441518102	2.5353717650333785e-7	2.5353717650333785e-7	0.9999997401687435	2.598312565105232e-7	0.00021112997018828174	NaN	NaN
32	0.0	5	ZZ onsite	true	2	chi32	-0.6028729422842608	1.0143651115734897e-6	1.0143651115734897e-6	0.9999997401687435	2.598312565105232e-7	0.00021112997018828174	51.75402471406898	51.75402472150519
32	0.0	5	ZZ up-up r=1	true	2	chi32	-0.6337633299515094	0.00012630023284743164	0.00012630023284743164	0.9999997401687435	2.598312565105232e-7	0.00021112997018828174	60.66912570272186	60.669269474136435
32	0.0	5	SzSz r=1	false	0	chi32	-0.13286804728606968	2.1099221607978613e-5	2.1099221607978613e-5	0.9999997401687435	2.598312565105232e-7	0.00021112997018828174	NaN	NaN
32	0.0	5	hop up r=1	false	0	chi32	0.5533113834288794	-5.187182984867089e-5	5.187182984867089e-5	0.9999997401687435	2.598312565105232e-7	0.00021112997018828174	NaN	NaN
32	0.0	5	n	false	0	UHF	0.9999999999724923	-2.7512991884748317e-11	2.7512991884748317e-11	0.6170461395803484	0.3829538604196516	0.571193729351319	NaN	NaN
32	0.0	5	Sz	false	0	UHF	-2.3819084621345965e-9	0.38451473766869093	0.38451473766869093	0.6170461395803484	0.3829538604196516	0.571193729351319	NaN	NaN
32	0.0	5	DoubleOcc	false	0	UHF	0.09928176441518102	-0.0028666502686414963	0.0028666502686414963	0.6170461395803484	0.3829538604196516	0.571193729351319	NaN	NaN
32	0.0	5	ZZ onsite	true	2	UHF	-0.6028729422842608	-0.011466601019540668	0.011466601019540668	0.6170461395803484	0.3829538604196516	0.571193729351319	50.820919070805985	51.75402472150519
32	0.0	5	ZZ up-up r=1	true	2	UHF	-0.6337633299515094	0.15023322880999956	0.15023322880999956	0.6170461395803484	0.3829538604196516	0.571193729351319	13.937471225212503	60.669269474136435
32	0.0	5	SzSz r=1	false	0	UHF	-0.13286804728606968	0.039050904217229676	0.039050904217229676	0.6170461395803484	0.3829538604196516	0.571193729351319	NaN	NaN
32	0.0	5	hop up r=1	false	0	UHF	0.5533113834288794	0.11440193320410702	0.11440193320410702	0.6170461395803484	0.3829538604196516	0.571193729351319	NaN	NaN
32	0.0	5	n	false	0	UHFsym	0.9999999999724923	-2.7512547795538467e-11	2.7512547795538467e-11	0.9443342365841525	0.0556657634158475	0.20470947309526102	NaN	NaN
32	0.0	5	Sz	false	0	UHFsym	-2.3819084621345965e-9	-2.381908507237407e-9	2.381908507237407e-9	0.9443342365841525	0.0556657634158475	0.20470947309526102	NaN	NaN
32	0.0	5	DoubleOcc	false	0	UHFsym	0.09928176441518102	-0.0028666502686418294	0.0028666502686418294	0.9443342365841525	0.0556657634158475	0.20470947309526102	NaN	NaN
32	0.0	5	ZZ onsite	true	2	UHFsym	-0.6028729422842608	-0.011466601019542444	0.011466601019542444	0.9443342365841525	0.0556657634158475	0.20470947309526102	50.8209190708057	51.75402472150519
32	0.0	5	ZZ up-up r=1	true	2	UHFsym	-0.6337633299515094	-0.24434569272613044	0.24434569272613044	0.9443342365841525	0.0556657634158475	0.20470947309526102	6.147061428699591	60.669269474136435
32	0.0	5	SzSz r=1	false	0	UHFsym	-0.13286804728606968	-0.05959382616680116	0.05959382616680116	0.9443342365841525	0.0556657634158475	0.20470947309526102	NaN	NaN
32	0.0	5	hop up r=1	false	0	UHFsym	0.5533113834288794	0.11440193320410952	0.11440193320410952	0.9443342365841525	0.0556657634158475	0.20470947309526102	NaN	NaN
32	0.0	6	n	false	0	chi2	0.9999999999538189	-4.618128102151786e-11	4.618128102151786e-11	0.6225895429183634	0.37741045708163656	0.49607321107062674	NaN	NaN
32	0.0	6	Sz	false	0	chi2	1.2843227176206895e-9	1.4956978086622108e-8	1.4956978086622108e-8	0.6225895429183634	0.37741045708163656	0.49607321107062674	NaN	NaN
32	0.0	6	DoubleOcc	false	0	chi2	0.10070850732629763	0.10070850732629763	0.10070850732629763	0.6225895429183634	0.37741045708163656	0.49607321107062674	NaN	NaN
32	0.0	6	ZZ onsite	true	2	chi2	-0.5971659706024479	0.4028340293975523	0.4028340293975523	0.6225895429183634	0.37741045708163656	0.49607321107062674	2.1464103331612803	50.267597161033436
32	0.0	6	ZZ up-up r=1	true	2	chi2	-0.40607456590891855	-0.06977439688875348	0.06977439688875348	0.6225895429183634	0.37741045708163656	0.49607321107062674	12.21950645182185	18.5516834935212
32	0.0	6	SzSz r=1	false	0	chi2	-0.08335212818631342	0.0007229140687278479	0.0007229140687278479	0.6225895429183634	0.37741045708163656	0.49607321107062674	NaN	NaN
32	0.0	6	hop up r=1	false	0	chi2	0.42720655055198603	0.42720655055198603	0.42720655055198603	0.6225895429183634	0.37741045708163656	0.49607321107062674	NaN	NaN
32	0.0	6	n	false	0	chi4	0.9999999999538189	4.057598701479037e-11	4.057598701479037e-11	0.891329880125547	0.10867011987445296	0.30178772291661	NaN	NaN
32	0.0	6	Sz	false	0	chi4	1.2843227176206895e-9	3.969303323525519e-9	3.969303323525519e-9	0.891329880125547	0.10867011987445296	0.30178772291661	NaN	NaN
32	0.0	6	DoubleOcc	false	0	chi4	0.10070850732629763	0.03864647222401965	0.03864647222401965	0.891329880125547	0.10867011987445296	0.30178772291661	NaN	NaN
32	0.0	6	ZZ onsite	true	2	chi4	-0.5971659706024479	0.15458588881492574	0.15458588881492574	0.891329880125547	0.10867011987445296	0.30178772291661	11.686069121653997	50.267597161033436
32	0.0	6	ZZ up-up r=1	true	2	chi4	-0.40607456590891855	-0.1369667834979728	0.1369667834979728	0.891329880125547	0.10867011987445296	0.30178772291661	6.190467803550381	18.5516834935212
32	0.0	6	SzSz r=1	false	0	chi4	-0.08335212818631342	-0.014666173312322464	0.014666173312322464	0.891329880125547	0.10867011987445296	0.30178772291661	NaN	NaN
32	0.0	6	hop up r=1	false	0	chi4	0.42720655055198603	0.42720655055198603	0.42720655055198603	0.891329880125547	0.10867011987445296	0.30178772291661	NaN	NaN
32	0.0	6	n	false	0	chi8	0.9999999999538189	-1.0521805648977534e-11	1.0521805648977534e-11	0.999631963502184	0.00036803649781602665	0.011836087029476318	NaN	NaN
32	0.0	6	Sz	false	0	chi8	1.2843227176206895e-9	9.380272947279167e-10	9.380272947279167e-10	0.999631963502184	0.00036803649781602665	0.011836087029476318	NaN	NaN
32	0.0	6	DoubleOcc	false	0	chi8	0.10070850732629763	-0.00046935402888215183	0.00046935402888215183	0.999631963502184	0.00036803649781602665	0.011836087029476318	NaN	NaN
32	0.0	6	ZZ onsite	true	2	chi8	-0.5971659706024479	-0.0018774160944871054	0.0018774160944871054	0.999631963502184	0.00036803649781602665	0.011836087029476318	50.24313081883153	50.267597161033436
32	0.0	6	ZZ up-up r=1	true	2	chi8	-0.40607456590891855	-0.008618420175669217	0.008618420175669217	0.999631963502184	0.00036803649781602665	0.011836087029476318	18.40616245708141	18.5516834935212
32	0.0	6	SzSz r=1	false	0	chi8	-0.08335212818631342	-0.0018400640921901606	0.0018400640921901606	0.999631963502184	0.00036803649781602665	0.011836087029476318	NaN	NaN
32	0.0	6	hop up r=1	false	0	chi8	0.42720655055198603	0.0077106230263856435	0.0077106230263856435	0.999631963502184	0.00036803649781602665	0.011836087029476318	NaN	NaN
32	0.0	6	n	false	0	chi16	0.9999999999538189	-4.739209025217406e-12	4.739209025217406e-12	0.9998526427323597	0.00014735726764025792	0.0042605915556248874	NaN	NaN
32	0.0	6	Sz	false	0	chi16	1.2843227176206895e-9	5.386085154268638e-10	5.386085154268638e-10	0.9998526427323597	0.00014735726764025792	0.0042605915556248874	NaN	NaN
32	0.0	6	DoubleOcc	false	0	chi16	0.10070850732629763	0.000319137145773446	0.000319137145773446	0.9998526427323597	0.00014735726764025792	0.0042605915556248874	NaN	NaN
32	0.0	6	ZZ onsite	true	2	chi16	-0.5971659706024479	0.0012765485925692044	0.0012765485925692044	0.9998526427323597	0.00014735726764025792	0.0042605915556248874	50.25628263561706	50.267597161033436
32	0.0	6	ZZ up-up r=1	true	2	chi16	-0.40607456590891855	-0.0038403894106204817	0.0038403894106204817	0.9998526427323597	0.00014735726764025792	0.0042605915556248874	18.52260580951471	18.5516834935212
32	0.0	6	SzSz r=1	false	0	chi16	-0.08335212818631342	-0.0003950001917808754	0.0003950001917808754	0.9998526427323597	0.00014735726764025792	0.0042605915556248874	NaN	NaN
32	0.0	6	hop up r=1	false	0	chi16	0.42720655055198603	0.002647572748168181	0.002647572748168181	0.9998526427323597	0.00014735726764025792	0.0042605915556248874	NaN	NaN
32	0.0	6	n	false	0	chi32	0.9999999999538189	-2.983446822923952e-11	2.983446822923952e-11	0.9999998702064394	1.297935605659717e-7	0.0002750560845889227	NaN	NaN
32	0.0	6	Sz	false	0	chi32	1.2843227176206895e-9	7.277983840592306e-10	7.277983840592306e-10	0.9999998702064394	1.297935605659717e-7	0.0002750560845889227	NaN	NaN
32	0.0	6	DoubleOcc	false	0	chi32	0.10070850732629763	-1.4921309940685301e-6	1.4921309940685301e-6	0.9999998702064394	1.297935605659717e-7	0.0002750560845889227	NaN	NaN
32	0.0	6	ZZ onsite	true	2	chi32	-0.5971659706024479	-5.9684643090029965e-6	5.9684643090029965e-6	0.9999998702064394	1.297935605659717e-7	0.0002750560845889227	50.26759691364203	50.267597161033436
32	0.0	6	ZZ up-up r=1	true	2	chi32	-0.40607456590891855	-0.00024301047547692356	0.00024301047547692356	0.9999998702064394	1.297935605659717e-7	0.0002750560845889227	18.55156688298614	18.5516834935212
32	0.0	6	SzSz r=1	false	0	chi32	-0.08335212818631342	-6.25383483936065e-5	6.25383483936065e-5	0.9999998702064394	1.297935605659717e-7	0.0002750560845889227	NaN	NaN
32	0.0	6	hop up r=1	false	0	chi32	0.42720655055198603	0.0001621013353579337	0.0001621013353579337	0.9999998702064394	1.297935605659717e-7	0.0002750560845889227	NaN	NaN
32	0.0	6	n	false	0	UHF	0.9999999999538189	-4.619127302873949e-11	4.619127302873949e-11	0.5602424039038862	0.43975759609611376	0.5719277328162408	NaN	NaN
32	0.0	6	Sz	false	0	UHF	1.2843227176206895e-9	-0.38448139284056476	0.38448139284056476	0.5602424039038862	0.43975759609611376	0.5719277328162408	NaN	NaN
32	0.0	6	DoubleOcc	false	0	UHF	0.10070850732629763	-0.001465550245490388	0.001465550245490388	0.5602424039038862	0.43975759609611376	0.5719277328162408	NaN	NaN
32	0.0	6	ZZ onsite	true	2	UHF	-0.5971659706024479	-0.005862200889579561	0.005862200889579561	0.5602424039038862	0.43975759609611376	0.5719277328162408	50.03006428151253	50.267597161033436
32	0.0	6	ZZ up-up r=1	true	2	UHF	-0.40607456590891855	0.37786249390127935	0.37786249390127935	0.5602424039038862	0.43975759609611376	0.5719277328162408	1.1453359090999704	18.5516834935212
32	0.0	6	SzSz r=1	false	0	UHF	-0.08335212818631342	0.08855331495918926	0.08855331495918926	0.5602424039038862	0.43975759609611376	0.5719277328162408	NaN	NaN
32	0.0	6	hop up r=1	false	0	UHF	0.42720655055198603	-0.011690446995687942	0.011690446995687942	0.5602424039038862	0.43975759609611376	0.5719277328162408	NaN	NaN
32	0.0	6	n	false	0	UHFsym	0.9999999999538189	-4.619127302873949e-11	4.619127302873949e-11	0.9932025804969389	0.0067974195030611195	0.07845976036505936	NaN	NaN
32	0.0	6	Sz	false	0	UHFsym	1.2843227176206895e-9	1.284322759254053e-9	1.284322759254053e-9	0.9932025804969389	0.0067974195030611195	0.07845976036505936	NaN	NaN
32	0.0	6	DoubleOcc	false	0	UHFsym	0.10070850732629763	-0.0014655502454908598	0.0014655502454908598	0.9932025804969389	0.0067974195030611195	0.07845976036505936	NaN	NaN
32	0.0	6	ZZ onsite	true	2	UHFsym	-0.5971659706024479	-0.005862200889581226	0.005862200889581226	0.9932025804969389	0.0067974195030611195	0.07845976036505936	50.030064281512395	50.267597161033436
32	0.0	6	ZZ up-up r=1	true	2	UHFsym	-0.40607456590891855	-0.01668402092104765	0.01668402092104765	0.9932025804969389	0.0067974195030611195	0.07845976036505936	18.017843074233628	18.5516834935212
32	0.0	6	SzSz r=1	false	0	UHFsym	-0.08335212818631342	-0.01008331374639053	0.01008331374639053	0.9932025804969389	0.0067974195030611195	0.07845976036505936	NaN	NaN
32	0.0	6	hop up r=1	false	0	UHFsym	0.42720655055198603	-0.011690446995683834	0.011690446995683834	0.9932025804969389	0.0067974195030611195	0.07845976036505936	NaN	NaN
32	0.0	7	n	false	0	chi2	0.9999999999640898	-3.591016373150069e-11	3.591016373150069e-11	0.6107876826724898	0.38921231732751016	0.4865012661394687	NaN	NaN
32	0.0	7	Sz	false	0	chi2	-2.3042117172633603e-9	-1.638374684446274e-8	1.638374684446274e-8	0.6107876826724898	0.38921231732751016	0.4865012661394687	NaN	NaN
32	0.0	7	DoubleOcc	false	0	chi2	0.09980703259588919	0.09980703259588922	0.09980703259588922	0.6107876826724898	0.38921231732751016	0.4865012661394687	NaN	NaN
32	0.0	7	ZZ onsite	true	2	chi2	-0.6007718695446234	0.39922813045537664	0.39922813045537664	0.6107876826724898	0.38921231732751016	0.4865012661394687	2.2099447959307037	51.20142869328532
32	0.0	7	ZZ up-up r=1	true	2	chi2	-0.6152690984796418	0.38473090152035816	0.38473090152035816	0.6107876826724898	0.38921231732751016	0.4865012661394687	2.4872557855836437	55.14716581268514
32	0.0	7	SzSz r=1	false	0	chi2	-0.1288430333354586	0.1211569666645414	0.1211569666645414	0.6107876826724898	0.38921231732751016	0.4865012661394687	NaN	NaN
32	0.0	7	hop up r=1	false	0	chi2	0.5433866169483674	0.5433866169483674	0.5433866169483674	0.6107876826724898	0.38921231732751016	0.4865012661394687	NaN	NaN
32	0.0	7	n	false	0	chi4	0.9999999999640898	1.3836620738061356e-10	1.3836620738061356e-10	0.8097027177343196	0.19029728226568043	0.19974504331717513	NaN	NaN
32	0.0	7	Sz	false	0	chi4	-2.3042117172633603e-9	-2.8146289951513914e-9	2.8146289951513914e-9	0.8097027177343196	0.19029728226568043	0.19974504331717513	NaN	NaN
32	0.0	7	DoubleOcc	false	0	chi4	0.09980703259588919	0.0390808858269753	0.0390808858269753	0.8097027177343196	0.19029728226568043	0.19974504331717513	NaN	NaN
32	0.0	7	ZZ onsite	true	2	chi4	-0.6007718695446234	0.15632354303116802	0.15632354303116802	0.8097027177343196	0.19029728226568043	0.19974504331717513	11.639447258756778	51.20142869328532
32	0.0	7	ZZ up-up r=1	true	2	chi4	-0.6152690984796418	0.14872479724381615	0.14872479724381615	0.8097027177343196	0.19029728226568043	0.19974504331717513	13.244356144687497	55.14716581268514
32	0.0	7	SzSz r=1	false	0	chi4	-0.1288430333354586	0.03179236716737979	0.03179236716737979	0.8097027177343196	0.19029728226568043	0.19974504331717513	NaN	NaN
32	0.0	7	hop up r=1	false	0	chi4	0.5433866169483674	-0.03454472405500575	0.03454472405500575	0.8097027177343196	0.19029728226568043	0.19974504331717513	NaN	NaN
32	0.0	7	n	false	0	chi8	0.9999999999640898	4.7256976110077176e-11	4.7256976110077176e-11	0.9980867881913948	0.001913211808605153	0.022472899585961412	NaN	NaN
32	0.0	7	Sz	false	0	chi8	-2.3042117172633603e-9	-9.752018984010569e-10	9.752018984010569e-10	0.9980867881913948	0.001913211808605153	0.022472899585961412	NaN	NaN
32	0.0	7	DoubleOcc	false	0	chi8	0.09980703259588919	-0.00011544753396813823	0.00011544753396813823	0.9980867881913948	0.001913211808605153	0.022472899585961412	NaN	NaN
32	0.0	7	ZZ onsite	true	2	chi8	-0.6007718695446234	-0.00046179023038905864	0.00046179023038905864	0.9980867881913948	0.001913211808605153	0.022472899585961412	51.19991005068531	51.20142869328532
32	0.0	7	ZZ up-up r=1	true	2	chi8	-0.6152690984796418	-0.007145500611820732	0.007145500611820732	0.9980867881913948	0.001913211808605153	0.022472899585961412	54.747337222903	55.14716581268514
32	0.0	7	SzSz r=1	false	0	chi8	-0.1288430333354586	-0.0021177745655297786	0.0021177745655297786	0.9980867881913948	0.001913211808605153	0.022472899585961412	NaN	NaN
32	0.0	7	hop up r=1	false	0	chi8	0.5433866169483674	0.0078018534878678825	0.0078018534878678825	0.9980867881913948	0.001913211808605153	0.022472899585961412	NaN	NaN
32	0.0	7	n	false	0	chi16	0.9999999999640898	1.3094747508546334e-11	1.3094747508546334e-11	0.9998886657418347	0.00011133425816534093	0.006917271059174528	NaN	NaN
32	0.0	7	Sz	false	0	chi16	-2.3042117172633603e-9	-6.683304396015721e-10	6.683304396015721e-10	0.9998886657418347	0.00011133425816534093	0.006917271059174528	NaN	NaN
32	0.0	7	DoubleOcc	false	0	chi16	0.09980703259588919	0.0004122036759541814	0.0004122036759541814	0.9998886657418347	0.00011133425816534093	0.006917271059174528	NaN	NaN
32	0.0	7	ZZ onsite	true	2	chi16	-0.6007718695446234	0.001648814677624011	0.001648814677624011	0.9998886657418347	0.00011133425816534093	0.006917271059174528	51.18207523951817	51.20142869328532
32	0.0	7	ZZ up-up r=1	true	2	chi16	-0.6152690984796418	-0.002474408189858668	0.002474408189858668	0.9998886657418347	0.00011133425816534093	0.006917271059174528	55.0989120443199	55.14716581268514
32	0.0	7	SzSz r=1	false	0	chi16	-0.1288430333354586	3.976689590479143e-5	3.976689590479143e-5	0.9998886657418347	0.00011133425816534093	0.006917271059174528	NaN	NaN
32	0.0	7	hop up r=1	false	0	chi16	0.5433866169483674	0.0018325958102558548	0.0018325958102558548	0.9998886657418347	0.00011133425816534093	0.006917271059174528	NaN	NaN
32	0.0	7	n	false	0	chi32	0.9999999999640898	5.242251077675064e-12	5.242251077675064e-12	0.9999989750874186	1.0249125813599491e-6	0.0002798167201679582	NaN	NaN
32	0.0	7	Sz	false	0	chi32	-2.3042117172633603e-9	-1.15176525955496e-9	1.15176525955496e-9	0.9999989750874186	1.0249125813599491e-6	0.0002798167201679582	NaN	NaN
32	0.0	7	DoubleOcc	false	0	chi32	0.09980703259588919	3.6238032788404873e-6	3.6238032788404873e-6	0.9999989750874186	1.0249125813599491e-6	0.0002798167201679582	NaN	NaN
32	0.0	7	ZZ onsite	true	2	chi32	-0.6007718695446234	1.4495202629971615e-5	1.4495202629971615e-5	0.9999989750874186	1.0249125813599491e-6	0.0002798167201679582	51.20142719695476	51.20142869328532
32	0.0	7	ZZ up-up r=1	true	2	chi32	-0.6152690984796418	4.67716475708313e-5	4.67716475708313e-5	0.9999989750874186	1.0249125813599491e-6	0.0002798167201679582	55.147148556931896	55.14716581268514
32	0.0	7	SzSz r=1	false	0	chi32	-0.1288430333354586	2.8650493537618615e-6	2.8650493537618615e-6	0.9999989750874186	1.0249125813599491e-6	0.0002798167201679582	NaN	NaN
32	0.0	7	hop up r=1	false	0	chi32	0.5433866169483674	-2.7447693189741607e-5	2.7447693189741607e-5	0.9999989750874186	1.0249125813599491e-6	0.0002798167201679582	NaN	NaN
32	0.0	7	n	false	0	UHF	0.9999999999640898	-3.5915714846623814e-11	3.5915714846623814e-11	0.6135481687339824	0.38645183126601756	0.5699809328270008	NaN	NaN
32	0.0	7	Sz	false	0	UHF	-2.3042117172633603e-9	0.38448315760245655	0.38448315760245655	0.6135481687339824	0.38645183126601756	0.5699809328270008	NaN	NaN
32	0.0	7	DoubleOcc	false	0	UHF	0.09980703259588919	-0.0023656671522969686	0.0023656671522969686	0.6135481687339824	0.38645183126601756	0.5699809328270008	NaN	NaN
32	0.0	7	ZZ onsite	true	2	UHF	-0.6007718695446234	-0.009462668537356889	0.009462668537356889	0.6135481687339824	0.38645183126601756	0.5699809328270008	50.57158795875519	51.20142869328532
32	0.0	7	ZZ up-up r=1	true	2	UHF	-0.6152690984796418	0.1686715871250586	0.1686715871250586	0.6135481687339824	0.38645183126601756	0.5699809328270008	10.878460419395253	55.14716581268514
32	0.0	7	SzSz r=1	false	0	UHF	-0.1288430333354586	0.04306296826386802	0.04306296826386802	0.6135481687339824	0.38645183126601756	0.5699809328270008	NaN	NaN
32	0.0	7	hop up r=1	false	0	UHF	0.5433866169483674	0.10448644787253841	0.10448644787253841	0.6135481687339824	0.38645183126601756	0.5699809328270008	NaN	NaN
32	0.0	7	n	false	0	UHFsym	0.9999999999640898	-3.5916158935833664e-11	3.5916158935833664e-11	0.9516325306628662	0.04836746933713376	0.19321632346628648	NaN	NaN
32	0.0	7	Sz	false	0	UHFsym	-2.3042117172633603e-9	-2.304211724202254e-9	2.304211724202254e-9	0.9516325306628662	0.04836746933713376	0.19321632346628648	NaN	NaN
32	0.0	7	DoubleOcc	false	0	UHFsym	0.09980703259588919	-0.00236566715229769	0.00236566715229769	0.9516325306628662	0.04836746933713376	0.19321632346628648	NaN	NaN
32	0.0	7	ZZ onsite	true	2	UHFsym	-0.6007718695446234	-0.009462668537359331	0.009462668537359331	0.9516325306628662	0.04836746933713376	0.19321632346628648	50.57158795875487	51.20142869328532
32	0.0	7	ZZ up-up r=1	true	2	UHFsym	-0.6152690984796418	-0.22587548940848678	0.22587548940848678	0.9516325306628662	0.04836746933713376	0.19321632346628648	6.646109084497905	55.14716581268514
32	0.0	7	SzSz r=1	false	0	UHFsym	-0.1288430333354586	-0.05557380086951856	0.05557380086951856	0.9516325306628662	0.04836746933713376	0.19321632346628648	NaN	NaN
32	0.0	7	hop up r=1	false	0	UHFsym	0.5433866169483674	0.10448644787254091	0.10448644787254091	0.9516325306628662	0.04836746933713376	0.19321632346628648	NaN	NaN
32	0.0	8	n	false	0	chi2	0.9999999998895907	-1.104093483306201e-10	1.104093483306201e-10	0.619672499857517	0.38032750014248295	0.501195203023719	NaN	NaN
32	0.0	8	Sz	false	0	chi2	1.176672339425755e-9	1.5256207488295592e-8	1.5256207488295592e-8	0.619672499857517	0.38032750014248295	0.501195203023719	NaN	NaN
32	0.0	8	DoubleOcc	false	0	chi2	0.1005617259793051	0.1005617259793051	0.1005617259793051	0.619672499857517	0.38032750014248295	0.501195203023719	NaN	NaN
32	0.0	8	ZZ onsite	true	2	chi2	-0.5977530958619611	0.4022469041380389	0.4022469041380389	0.619672499857517	0.38032750014248295	0.501195203023719	2.1566165611742862	50.41840994489038
32	0.0	8	ZZ up-up r=1	true	2	chi2	-0.41952773163417123	-0.07233046493128859	0.07233046493128859	0.619672499857517	0.38032750014248295	0.501195203023719	12.776021619531116	19.98643678128761
32	0.0	8	SzSz r=1	false	0	chi2	-0.08627353746608804	0.0005257792096326208	0.0005257792096326208	0.619672499857517	0.38032750014248295	0.501195203023719	NaN	NaN
32	0.0	8	hop up r=1	false	0	chi2	0.43481443631768735	0.43481443631768735	0.43481443631768735	0.619672499857517	0.38032750014248295	0.501195203023719	NaN	NaN
32	0.0	8	n	false	0	chi4	0.9999999998895907	-2.846870517103639e-10	2.846870517103639e-10	0.8890049764843492	0.11099502351565083	0.3065503178551799	NaN	NaN
32	0.0	8	Sz	false	0	chi4	1.176672339425755e-9	-1.6536508030962072e-9	1.6536508030962072e-9	0.8890049764843492	0.11099502351565083	0.3065503178551799	NaN	NaN
32	0.0	8	DoubleOcc	false	0	chi4	0.1005617259793051	0.03983557903611451	0.03983557903611451	0.8890049764843492	0.11099502351565083	0.3065503178551799	NaN	NaN
32	0.0	8	ZZ onsite	true	2	chi4	-0.5977530958619611	0.15934231671383103	0.15934231671383103	0.8890049764843492	0.11099502351565083	0.3065503178551799	11.175237363676533	50.41840994489038
32	0.0	8	ZZ up-up r=1	true	2	chi4	-0.41952773163417123	-0.13819418444500964	0.13819418444500964	0.8890049764843492	0.11099502351565083	0.3065503178551799	6.5311666649762214	19.98643678128761
32	0.0	8	SzSz r=1	false	0	chi4	-0.08627353746608804	-0.014591155004735845	0.014591155004735845	0.8890049764843492	0.11099502351565083	0.3065503178551799	NaN	NaN
32	0.0	8	hop up r=1	false	0	chi4	0.43481443631768735	0.43481443631768735	0.43481443631768735	0.8890049764843492	0.11099502351565083	0.3065503178551799	NaN	NaN
32	0.0	8	n	false	0	chi8	0.9999999998895907	2.941613619356076e-11	2.941613619356076e-11	0.9994976551744394	0.0005023448255605523	0.014176801083236467	NaN	NaN
32	0.0	8	Sz	false	0	chi8	1.176672339425755e-9	-1.1373546306148175e-9	1.1373546306148175e-9	0.9994976551744394	0.0005023448255605523	0.014176801083236467	NaN	NaN
32	0.0	8	DoubleOcc	false	0	chi8	0.1005617259793051	-0.00032341721102560617	0.00032341721102560617	0.9994976551744394	0.0005023448255605523	0.014176801083236467	NaN	NaN
32	0.0	8	ZZ onsite	true	2	chi8	-0.5977530958619611	-0.0012936689029353632	0.0012936689029353632	0.9994976551744394	0.0005023448255605523	0.014176801083236467	50.40674238581601	50.41840994489038
32	0.0	8	ZZ up-up r=1	true	2	chi8	-0.41952773163417123	-0.009770101960396682	0.009770101960396682	0.9994976551744394	0.0005023448255605523	0.014176801083236467	19.782729513032507	19.98643678128761
32	0.0	8	SzSz r=1	false	0	chi8	-0.08627353746608804	-0.002152061498134114	0.002152061498134114	0.9994976551744394	0.0005023448255605523	0.014176801083236467	NaN	NaN
32	0.0	8	hop up r=1	false	0	chi8	0.43481443631768735	0.009108071443368115	0.009108071443368115	0.9994976551744394	0.0005023448255605523	0.014176801083236467	NaN	NaN
32	0.0	8	n	false	0	chi16	0.9999999998895907	2.536758580973242e-10	2.536758580973242e-10	0.9998612810822831	0.0001387189177168846	0.005117029871581693	NaN	NaN
32	0.0	8	Sz	false	0	chi16	1.176672339425755e-9	-1.036535343668099e-9	1.036535343668099e-9	0.9998612810822831	0.0001387189177168846	0.005117029871581693	NaN	NaN
32	0.0	8	DoubleOcc	false	0	chi16	0.1005617259793051	0.00045356275485036734	0.00045356275485036734	0.9998612810822831	0.0001387189177168846	0.005117029871581693	NaN	NaN
32	0.0	8	ZZ onsite	true	2	chi16	-0.5977530958619611	0.0018142505120476438	0.0018142505120476438	0.9998612810822831	0.0001387189177168846	0.005117029871581693	50.39546795466062	50.41840994489038
32	0.0	8	ZZ up-up r=1	true	2	chi16	-0.41952773163417123	-0.0043856173702117585	0.0043856173702117585	0.9998612810822831	0.0001387189177168846	0.005117029871581693	19.94505408204162	19.98643678128761
32	0.0	8	SzSz r=1	false	0	chi16	-0.08627353746608804	-0.00041158149319103776	0.00041158149319103776	0.9998612810822831	0.0001387189177168846	0.005117029871581693	NaN	NaN
32	0.0	8	hop up r=1	false	0	chi16	0.43481443631768735	0.0029167819298876463	0.0029167819298876463	0.9998612810822831	0.0001387189177168846	0.005117029871581693	NaN	NaN
32	0.0	8	n	false	0	chi32	0.9999999998895907	2.7746249742222062e-11	2.7746249742222062e-11	0.9999997888680854	2.11131914618079e-7	0.0003472838292634812	NaN	NaN
32	0.0	8	Sz	false	0	chi32	1.176672339425755e-9	2.721177554121379e-10	2.721177554121379e-10	0.9999997888680854	2.11131914618079e-7	0.0003472838292634812	NaN	NaN
32	0.0	8	DoubleOcc	false	0	chi32	0.1005617259793051	5.481547493552119e-6	5.481547493552119e-6	0.9999997888680854	2.11131914618079e-7	0.0003472838292634812	NaN	NaN
32	0.0	8	ZZ onsite	true	2	chi32	-0.5977530958619611	2.1926134480265702e-5	2.1926134480265702e-5	0.9999997888680854	2.11131914618079e-7	0.0003472838292634812	50.41840659247084	50.41840994489038
32	0.0	8	ZZ up-up r=1	true	2	chi32	-0.41952773163417123	-0.000368211026882892	0.000368211026882892	0.9999997888680854	2.11131914618079e-7	0.0003472838292634812	19.986144470581007	19.98643678128761
32	0.0	8	SzSz r=1	false	0	chi32	-0.08627353746608804	-8.523194044079974e-5	8.523194044079974e-5	0.9999997888680854	2.11131914618079e-7	0.0003472838292634812	NaN	NaN
32	0.0	8	hop up r=1	false	0	chi32	0.43481443631768735	0.00021435727684143702	0.00021435727684143702	0.9999997888680854	2.11131914618079e-7	0.0003472838292634812	NaN	NaN
32	0.0	8	n	false	0	UHF	0.9999999998895907	-1.104111246874595e-10	1.104111246874595e-10	0.5642516933756163	0.4357483066243837	0.5709224337825871	NaN	NaN
32	0.0	8	Sz	false	0	UHF	1.176672339425755e-9	-0.3844819403298485	0.3844819403298485	0.5642516933756163	0.4357483066243837	0.5709224337825871	NaN	NaN
32	0.0	8	DoubleOcc	false	0	UHF	0.1005617259793051	-0.0016119106760721646	0.0016119106760721646	0.5642516933756163	0.4357483066243837	0.5709224337825871	NaN	NaN
32	0.0	8	ZZ onsite	true	2	UHF	-0.5977530958619611	-0.006447642483466187	0.006447642483466187	0.5642516933756163	0.4357483066243837	0.5709224337825871	50.130175274397914	50.41840994489038
32	0.0	8	ZZ up-up r=1	true	2	UHF	-0.41952773163417123	0.3644108201592352	0.3644108201592352	0.5642516933756163	0.4357483066243837	0.5709224337825871	1.3041439413183207	19.98643678128761
32	0.0	8	SzSz r=1	false	0	UHF	-0.08627353746608804	0.08563197020518493	0.08563197020518493	0.5642516933756163	0.4357483066243837	0.5709224337825871	NaN	NaN
32	0.0	8	hop up r=1	false	0	UHF	0.43481443631768735	-0.004085372541483501	0.004085372541483501	0.5642516933756163	0.4357483066243837	0.5709224337825871	NaN	NaN
32	0.0	8	n	false	0	UHFsym	0.9999999998895907	-1.1041156877666936e-10	1.1041156877666936e-10	0.9925906712575843	0.007409328742415733	0.08284803112956493	NaN	NaN
32	0.0	8	Sz	false	0	UHFsym	1.176672339425755e-9	1.1766723741202245e-9	1.1766723741202245e-9	0.9925906712575843	0.007409328742415733	0.08284803112956493	NaN	NaN
32	0.0	8	DoubleOcc	false	0	UHFsym	0.1005617259793051	-0.0016119106760720259	0.0016119106760720259	0.9925906712575843	0.007409328742415733	0.08284803112956493	NaN	NaN
32	0.0	8	ZZ onsite	true	2	UHFsym	-0.5977530958619611	-0.00644764248346541	0.00644764248346541	0.9925906712575843	0.007409328742415733	0.08284803112956493	50.130175274397985	50.41840994489038
32	0.0	8	ZZ up-up r=1	true	2	UHFsym	-0.41952773163417123	-0.030135043580372	0.030135043580372	0.9925906712575843	0.007409328742415733	0.08284803112956493	18.20318319021326	19.98643678128761
32	0.0	8	SzSz r=1	false	0	UHFsym	-0.08627353746608804	-0.013004495729715376	0.013004495729715376	0.9925906712575843	0.007409328742415733	0.08284803112956493	NaN	NaN
32	0.0	8	hop up r=1	false	0	UHFsym	0.43481443631768735	-0.004085372541484389	0.004085372541484389	0.9925906712575843	0.007409328742415733	0.08284803112956493	NaN	NaN
32	0.0	9	n	false	0	chi2	0.9999999999342984	-6.570155530738475e-11	6.570155530738475e-11	0.605496731844796	0.394503268155204	0.48915044882500885	NaN	NaN
32	0.0	9	Sz	false	0	chi2	-2.099919314824117e-9	-2.361760852892772e-8	2.361760852892772e-8	0.605496731844796	0.394503268155204	0.48915044882500885	NaN	NaN
32	0.0	9	DoubleOcc	false	0	chi2	0.1000083700020839	0.10000837000208393	0.10000837000208393	0.605496731844796	0.394503268155204	0.48915044882500885	NaN	NaN
32	0.0	9	ZZ onsite	true	2	chi2	-0.5999665198602605	0.4000334801397395	0.4000334801397395	0.605496731844796	0.394503268155204	0.48915044882500885	2.1955770068665874	50.991282004123875
32	0.0	9	ZZ up-up r=1	true	2	chi2	-0.6046396278628264	0.39536037213717357	0.39536037213717357	0.605496731844796	0.394503268155204	0.48915044882500885	2.2804109219336164	52.223593459831555
32	0.0	9	SzSz r=1	false	0	chi2	-0.12653145964082807	0.12346854035917193	0.12346854035917193	0.605496731844796	0.394503268155204	0.48915044882500885	NaN	NaN
32	0.0	9	hop up r=1	false	0	chi2	0.5375665243419834	0.5375665243419834	0.5375665243419834	0.605496731844796	0.394503268155204	0.48915044882500885	NaN	NaN
32	0.0	9	n	false	0	chi4	0.9999999999342984	-1.1064963389983973e-9	1.1064963389983973e-9	0.8071593334886675	0.19284066651133247	0.2022452673940361	NaN	NaN
32	0.0	9	Sz	false	0	chi4	-2.099919314824117e-9	4.234598297014891e-10	4.234598297014891e-10	0.8071593334886675	0.19284066651133247	0.2022452673940361	NaN	NaN
32	0.0	9	DoubleOcc	false	0	chi4	0.1000083700020839	0.0401538715305004	0.0401538715305004	0.8071593334886675	0.19284066651133247	0.2022452673940361	NaN	NaN
32	0.0	9	ZZ onsite	true	2	chi4	-0.5999665198602605	0.16061548833499395	0.16061548833499395	0.8071593334886675	0.19284066651133247	0.2022452673940361	11.126815147591198	50.991282004123875
32	0.0	9	ZZ up-up r=1	true	2	chi4	-0.6046396278628264	0.146937355487882	0.146937355487882	0.8071593334886675	0.19284066651133247	0.2022452673940361	12.974449116082129	52.223593459831555
32	0.0	9	SzSz r=1	false	0	chi4	-0.12653145964082807	0.03143553722125575	0.03143553722125575	0.8071593334886675	0.19284066651133247	0.2022452673940361	NaN	NaN
32	0.0	9	hop up r=1	false	0	chi4	0.5375665243419834	-0.03218976910581506	0.03218976910581506	0.8071593334886675	0.19284066651133247	0.2022452673940361	NaN	NaN
32	0.0	9	n	false	0	chi8	0.9999999999342984	-3.27328275595562e-10	3.27328275595562e-10	0.9977069052438263	0.0022930947561736748	0.02474455561584857	NaN	NaN
32	0.0	9	Sz	false	0	chi8	-2.099919314824117e-9	-1.1008138844914583e-12	1.1008138844914583e-12	0.9977069052438263	0.0022930947561736748	0.02474455561584857	NaN	NaN
32	0.0	9	DoubleOcc	false	0	chi8	0.1000083700020839	0.00011200802570268675	0.00011200802570268675	0.9977069052438263	0.0022930947561736748	0.02474455561584857	NaN	NaN
32	0.0	9	ZZ onsite	true	2	chi8	-0.5999665198602605	0.0004480327574678533	0.0004480327574678533	0.9977069052438263	0.0022930947561736748	0.02474455561584857	50.9898605147992	50.991282004123875
32	0.0	9	ZZ up-up r=1	true	2	chi8	-0.6046396278628264	-0.007864047087615234	0.007864047087615234	0.9977069052438263	0.0022930947561736748	0.02474455561584857	51.77496291965638	52.223593459831555
32	0.0	9	SzSz r=1	false	0	chi8	-0.12653145964082807	-0.0023681477348833635	0.0023681477348833635	0.9977069052438263	0.0022930947561736748	0.02474455561584857	NaN	NaN
32	0.0	9	hop up r=1	false	0	chi8	0.5375665243419834	0.009383842030438738	0.009383842030438738	0.9977069052438263	0.0022930947561736748	0.02474455561584857	NaN	NaN
32	0.0	9	n	false	0	chi16	0.9999999999342984	-2.848740132677108e-10	2.848740132677108e-10	0.9998868973534325	0.0001131026465674978	0.007018234298551063	NaN	NaN
32	0.0	9	Sz	false	0	chi16	-2.099919314824117e-9	6.339545069455887e-10	6.339545069455887e-10	0.9998868973534325	0.0001131026465674978	0.007018234298551063	NaN	NaN
32	0.0	9	DoubleOcc	false	0	chi16	0.1000083700020839	0.00043527550553559835	0.00043527550553559835	0.9998868973534325	0.0001131026465674978	0.007018234298551063	NaN	NaN
32	0.0	9	ZZ onsite	true	2	chi16	-0.5999665198602605	0.001741102591890309	0.001741102591890309	0.9998868973534325	0.0001131026465674978	0.007018234298551063	50.969823369016495	50.991282004123875
32	0.0	9	ZZ up-up r=1	true	2	chi16	-0.6046396278628264	-0.0028185784397576352	0.0028185784397576352	0.9998868973534325	0.0001131026465674978	0.007018234298551063	52.16552762386256	52.223593459831555
32	0.0	9	SzSz r=1	false	0	chi16	-0.12653145964082807	-2.4619888804477963e-5	2.4619888804477963e-5	0.9998868973534325	0.0001131026465674978	0.007018234298551063	NaN	NaN
32	0.0	9	hop up r=1	false	0	chi16	0.5375665243419834	0.0019983734994962754	0.0019983734994962754	0.9998868973534325	0.0001131026465674978	0.007018234298551063	NaN	NaN
32	0.0	9	n	false	0	chi32	0.9999999999342984	-1.3147605226748738e-10	1.3147605226748738e-10	0.9999986168973931	1.3831026068888974e-6	0.0002868319704876436	NaN	NaN
32	0.0	9	Sz	false	0	chi32	-2.099919314824117e-9	-9.051420030159463e-11	9.051420030159463e-11	0.9999986168973931	1.3831026068888974e-6	0.0002868319704876436	NaN	NaN
32	0.0	9	DoubleOcc	false	0	chi32	0.1000083700020839	9.291016970780497e-6	9.291016970780497e-6	0.9999986168973931	1.3831026068888974e-6	0.0002868319704876436	NaN	NaN
32	0.0	9	ZZ onsite	true	2	chi32	-0.5999665198602605	3.7164330835337545e-5	3.7164330835337545e-5	0.9999986168973931	1.3831026068888974e-6	0.0002868319704876436	50.99127222300077	50.991282004123875
32	0.0	9	ZZ up-up r=1	true	2	chi32	-0.6046396278628264	-3.3706343948947115e-5	3.3706343948947115e-5	0.9999986168973931	1.3831026068888974e-6	0.0002868319704876436	52.223585146658785	52.223593459831555
32	0.0	9	SzSz r=1	false	0	chi32	-0.12653145964082807	-1.2413752622786323e-5	1.2413752622786323e-5	0.9999986168973931	1.3831026068888974e-6	0.0002868319704876436	NaN	NaN
32	0.0	9	hop up r=1	false	0	chi32	0.5375665243419834	3.8936247865217766e-5	3.8936247865217766e-5	0.9999986168973931	1.3831026068888974e-6	0.0002868319704876436	NaN	NaN
32	0.0	9	n	false	0	UHF	0.9999999999342984	-6.569511601384193e-11	6.569511601384193e-11	0.6113643683278128	0.3886356316721872	0.5693909066893814	NaN	NaN
32	0.0	9	Sz	false	0	UHF	-2.099919314824117e-9	0.38448197594816724	0.38448197594816724	0.6113643683278128	0.3886356316721872	0.5693909066893814	NaN	NaN
32	0.0	9	DoubleOcc	false	0	UHF	0.1000083700020839	-0.002165238554143578	0.002165238554143578	0.6113643683278128	0.3886356316721872	0.5693909066893814	NaN	NaN
32	0.0	9	ZZ onsite	true	2	UHF	-0.5999665198602605	-0.008660954085183192	0.008660954085183192	0.6113643683278128	0.3886356316721872	0.5693909066893814	50.46554723261901	50.991282004123875
32	0.0	9	ZZ up-up r=1	true	2	UHF	-0.6046396278628264	0.17929900443662994	0.17929900443662994	0.6113643683278128	0.3886356316721872	0.5693909066893814	9.48768677723684	52.223593459831555
32	0.0	9	SzSz r=1	false	0	UHF	-0.12653145964082807	0.045374055426139676	0.045374055426139676	0.6113643683278128	0.3886356316721872	0.5693909066893814	NaN	NaN
32	0.0	9	hop up r=1	false	0	UHF	0.5375665243419834	0.09866659945800899	0.09866659945800899	0.6113643683278128	0.3886356316721872	0.5693909066893814	NaN	NaN
32	0.0	9	n	false	0	UHFsym	0.9999999999342984	-6.569544908074931e-11	6.569544908074931e-11	0.9555745457355366	0.044425454264463426	0.18649346730824864	NaN	NaN
32	0.0	9	Sz	false	0	UHFsym	-2.099919314824117e-9	-2.099919300946329e-9	2.099919300946329e-9	0.9555745457355366	0.044425454264463426	0.18649346730824864	NaN	NaN
32	0.0	9	DoubleOcc	false	0	UHFsym	0.1000083700020839	-0.0021652385541440222	0.0021652385541440222	0.9555745457355366	0.044425454264463426	0.18649346730824864	NaN	NaN
32	0.0	9	ZZ onsite	true	2	UHFsym	-0.5999665198602605	-0.008660954085184414	0.008660954085184414	0.9555745457355366	0.044425454264463426	0.18649346730824864	50.46554723261887	50.991282004123875
32	0.0	9	ZZ up-up r=1	true	2	UHFsym	-0.6046396278628264	-0.21524684506363284	0.21524684506363284	0.9555745457355366	0.044425454264463426	0.18649346730824864	6.9709718295418615	52.223593459831555
32	0.0	9	SzSz r=1	false	0	UHFsym	-0.12653145964082807	-0.05326240694892456	0.05326240694892456	0.9555745457355366	0.044425454264463426	0.18649346730824864	NaN	NaN
32	0.0	9	hop up r=1	false	0	UHFsym	0.5375665243419834	0.09866659945800876	0.09866659945800876	0.9555745457355366	0.044425454264463426	0.18649346730824864	NaN	NaN
32	0.0	10	n	false	0	chi2	0.9999999998991842	-1.0081424584029719e-10	1.0081424584029719e-10	0.6179181877607755	0.38208181223922455	0.5042104464685828	NaN	NaN
32	0.0	10	Sz	false	0	chi2	1.1843490320406769e-9	2.2702038093153076e-8	2.2702038093153076e-8	0.6179181877607755	0.38208181223922455	0.5042104464685828	NaN	NaN
32	0.0	10	DoubleOcc	false	0	chi2	0.1004561701824414	0.1004561701824414	0.1004561701824414	0.6179181877607755	0.38208181223922455	0.5042104464685828	NaN	NaN
32	0.0	10	ZZ onsite	true	2	chi2	-0.5981753190686011	0.40182468093139734	0.40182468093139734	0.6179181877607755	0.38208181223922455	0.5042104464685828	2.163989272037436	50.527160468336035
32	0.0	10	ZZ up-up r=1	true	2	chi2	-0.4276806289748711	-0.07349430818260688	0.07349430818260688	0.6179181877607755	0.38208181223922455	0.5042104464685828	13.163447211508299	20.8983527359687
32	0.0	10	SzSz r=1	false	0	chi2	-0.08804547822654607	0.0005011019715199794	0.0005011019715199794	0.6179181877607755	0.38208181223922455	0.5042104464685828	NaN	NaN
32	0.0	10	hop up r=1	false	0	chi2	0.43937337803725884	0.43937337803725884	0.43937337803725884	0.6179181877607755	0.38208181223922455	0.5042104464685828	NaN	NaN
32	0.0	10	n	false	0	chi4	0.9999999998991842	9.399775402485488e-10	9.399775402485488e-10	0.8876427852255452	0.11235721477445482	0.3092893480865506	NaN	NaN
32	0.0	10	Sz	false	0	chi4	1.1843490320406769e-9	-2.395903586638326e-9	2.395903586638326e-9	0.8876427852255452	0.11235721477445482	0.3092893480865506	NaN	NaN
32	0.0	10	DoubleOcc	false	0	chi4	0.1004561701824414	0.04060167275165169	0.04060167275165169	0.8876427852255452	0.11235721477445482	0.3092893480865506	NaN	NaN
32	0.0	10	ZZ onsite	true	2	chi4	-0.5981753190686011	0.1624066891266529	0.1624066891266529	0.8876427852255452	0.11235721477445482	0.3092893480865506	10.86406450616265	50.527160468336035
32	0.0	10	ZZ up-up r=1	true	2	chi4	-0.4276806289748711	-0.13835133233696695	0.13835133233696695	0.8876427852255452	0.11235721477445482	0.3092893480865506	6.780102068198824	20.8983527359687
32	0.0	10	SzSz r=1	false	0	chi4	-0.08804547822654607	-0.014404809573727972	0.014404809573727972	0.8876427852255452	0.11235721477445482	0.3092893480865506	NaN	NaN
32	0.0	10	hop up r=1	false	0	chi4	0.43937337803725884	0.43937337803725884	0.43937337803725884	0.8876427852255452	0.11235721477445482	0.3092893480865506	NaN	NaN
32	0.0	10	n	false	0	chi8	0.9999999998991842	1.418744011161266e-10	1.418744011161266e-10	0.9993959148485275	0.0006040851514724777	0.01575520603581032	NaN	NaN
32	0.0	10	Sz	false	0	chi8	1.1843490320406769e-9	-2.3584338995630283e-10	2.3584338995630283e-10	0.9993959148485275	0.0006040851514724777	0.01575520603581032	NaN	NaN
32	0.0	10	DoubleOcc	false	0	chi8	0.1004561701824414	-0.00015233953450624615	0.00015233953450624615	0.9993959148485275	0.0006040851514724777	0.01575520603581032	NaN	NaN
32	0.0	10	ZZ onsite	true	2	chi8	-0.5981753190686011	-0.0006093584217722325	0.0006093584217722325	0.9993959148485275	0.0006040851514724777	0.01575520603581032	50.524563691330016	50.527160468336035
32	0.0	10	ZZ up-up r=1	true	2	chi8	-0.4276806289748711	-0.010316067209766022	0.010316067209766022	0.9993959148485275	0.0006040851514724777	0.01575520603581032	20.65917580856608	20.8983527359687
32	0.0	10	SzSz r=1	false	0	chi8	-0.08804547822654607	-0.0023047547972012694	0.0023047547972012694	0.9993959148485275	0.0006040851514724777	0.01575520603581032	NaN	NaN
32	0.0	10	hop up r=1	false	0	chi8	0.43937337803725884	0.010052712047796897	0.010052712047796897	0.9993959148485275	0.0006040851514724777	0.01575520603581032	NaN	NaN
32	0.0	10	n	false	0	chi16	0.9999999998991842	-2.2464230475804925e-10	2.2464230475804925e-10	0.9998644430193847	0.0001355569806152923	0.005772301844598813	NaN	NaN
32	0.0	10	Sz	false	0	chi16	1.1843490320406769e-9	-8.706738940933434e-10	8.706738940933434e-10	0.9998644430193847	0.0001355569806152923	0.005772301844598813	NaN	NaN
32	0.0	10	DoubleOcc	false	0	chi16	0.1004561701824414	0.000485187885952032	0.000485187885952032	0.9998644430193847	0.0001355569806152923	0.005772301844598813	NaN	NaN
32	0.0	10	ZZ onsite	true	2	chi16	-0.5981753190686011	0.0019407519930939587	0.0019407519930939587	0.9998644430193847	0.0001355569806152923	0.005772301844598813	50.50083203213068	50.527160468336035
32	0.0	10	ZZ up-up r=1	true	2	chi16	-0.4276806289748711	-0.0049414537454045004	0.0049414537454045004	0.9998644430193847	0.0001355569806152923	0.005772301844598813	20.8429861971395	20.8983527359687
32	0.0	10	SzSz r=1	false	0	chi16	-0.08804547822654607	-0.0004962067025312544	0.0004962067025312544	0.9998644430193847	0.0001355569806152923	0.005772301844598813	NaN	NaN
32	0.0	10	hop up r=1	false	0	chi16	0.43937337803725884	0.003145777483119505	0.003145777483119505	0.9998644430193847	0.0001355569806152923	0.005772301844598813	NaN	NaN
32	0.0	10	n	false	0	chi32	0.9999999998991842	-6.898748239336783e-11	6.898748239336783e-11	0.9999973658894448	2.6341105552329935e-6	0.0007274912285894063	NaN	NaN
32	0.0	10	Sz	false	0	chi32	1.1843490320406769e-9	5.560191335129971e-10	5.560191335129971e-10	0.9999973658894448	2.6341105552329935e-6	0.0007274912285894063	NaN	NaN
32	0.0	10	DoubleOcc	false	0	chi32	0.1004561701824414	1.4962850066413402e-5	1.4962850066413402e-5	0.9999973658894448	2.6341105552329935e-6	0.0007274912285894063	NaN	NaN
32	0.0	10	ZZ onsite	true	2	chi32	-0.5981753190686011	5.985153824095146e-5	5.985153824095146e-5	0.9999973658894448	2.6341105552329935e-6	0.0007274912285894063	50.52713541521942	50.527160468336035
32	0.0	10	ZZ up-up r=1	true	2	chi32	-0.4276806289748711	-0.00040076216655082764	0.00040076216655082764	0.9999973658894448	2.6341105552329935e-6	0.0007274912285894063	20.897987598951303	20.8983527359687
32	0.0	10	SzSz r=1	false	0	chi32	-0.08804547822654607	-8.264123351389707e-5	8.264123351389707e-5	0.9999973658894448	2.6341105552329935e-6	0.0007274912285894063	NaN	NaN
32	0.0	10	hop up r=1	false	0	chi32	0.43937337803725884	0.0002844322627074125	0.0002844322627074125	0.9999973658894448	2.6341105552329935e-6	0.0007274912285894063	NaN	NaN
32	0.0	10	n	false	0	UHF	0.9999999998991842	-1.0081846468779077e-10	1.0081846468779077e-10	0.5666262373425982	0.4333737626574018	0.5703655327899999	NaN	NaN
32	0.0	10	Sz	false	0	UHF	1.1843490320406769e-9	-0.3844819264460389	0.3844819264460389	0.5666262373425982	0.4333737626574018	0.5703655327899999	NaN	NaN
32	0.0	10	DoubleOcc	false	0	UHF	0.1004561701824414	-0.0017174771431809899	0.0017174771431809899	0.5666262373425982	0.4333737626574018	0.5703655327899999	NaN	NaN
32	0.0	10	ZZ onsite	true	2	UHF	-0.5981753190686011	-0.006869908371085365	0.006869908371085365	0.5666262373425982	0.4333737626574018	0.5703655327899999	50.19922728050155	50.527160468336035
32	0.0	10	ZZ up-up r=1	true	2	UHF	-0.4276806289748711	0.3562579160911599	0.3562579160911599	0.5666262373425982	0.4333737626574018	0.5703655327899999	1.4113600214528839	20.8983527359687
32	0.0	10	SzSz r=1	false	0	UHF	-0.08804547822654607	0.08386001632711765	0.08386001632711765	0.5666262373425982	0.4333737626574018	0.5703655327899999	NaN	NaN
32	0.0	10	hop up r=1	false	0	UHF	0.43937337803725884	0.0004734649559890447	0.0004734649559890447	0.5666262373425982	0.4333737626574018	0.5703655327899999	NaN	NaN
32	0.0	10	n	false	0	UHFsym	0.9999999998991842	-1.0081868673239569e-10	1.0081868673239569e-10	0.9921022413531092	0.007897758646890796	0.08588060802643388	NaN	NaN
32	0.0	10	Sz	false	0	UHFsym	1.1843490320406769e-9	1.1843490042851013e-9	1.1843490042851013e-9	0.9921022413531092	0.007897758646890796	0.08588060802643388	NaN	NaN
32	0.0	10	DoubleOcc	false	0	UHFsym	0.1004561701824414	-0.0017174771431811564	0.0017174771431811564	0.9921022413531092	0.007897758646890796	0.08588060802643388	NaN	NaN
32	0.0	10	ZZ onsite	true	2	UHFsym	-0.5981753190686011	-0.006869908371085809	0.006869908371085809	0.9921022413531092	0.007897758646890796	0.08588060802643388	50.19922728050151	50.527160468336035
32	0.0	10	ZZ up-up r=1	true	2	UHFsym	-0.4276806289748711	-0.03828788211594192	0.03828788211594192	0.9921022413531092	0.007897758646890796	0.08588060802643388	18.023932819975943	20.8983527359687
32	0.0	10	SzSz r=1	false	0	UHFsym	-0.08804547822654607	-0.014776433224656785	0.014776433224656785	0.9921022413531092	0.007897758646890796	0.08588060802643388	NaN	NaN
32	0.0	10	hop up r=1	false	0	UHFsym	0.43937337803725884	0.00047346495599032146	0.00047346495599032146	0.9921022413531092	0.007897758646890796	0.08588060802643388	NaN	NaN
32	0.0	11	n	false	0	chi2	0.99999999998768	-1.2318590592030887e-11	1.2318590592030887e-11	0.6023299467173715	0.3976700532826285	0.4907768874750403	NaN	NaN
32	0.0	11	Sz	false	0	chi2	-1.8626381340092202e-9	-3.175166677687136e-8	3.175166677687136e-8	0.6023299467173715	0.3976700532826285	0.4907768874750403	NaN	NaN
32	0.0	11	DoubleOcc	false	0	chi2	0.1001125288916937	0.1001125288916937	0.1001125288916937	0.6023299467173715	0.3976700532826285	0.4907768874750403	NaN	NaN
32	0.0	11	ZZ onsite	true	2	chi2	-0.599549884408583	0.4004501155914155	0.4004501155914155	0.6023299467173715	0.3976700532826285	0.4907768874750403	2.1881845359516117	50.88292513618853
32	0.0	11	ZZ up-up r=1	true	2	chi2	-0.5981913405623466	0.401808659437652	0.401808659437652	0.6023299467173715	0.3976700532826285	0.4907768874750403	2.164269579953661	50.53129194867584
32	0.0	11	SzSz r=1	false	0	chi2	-0.12512946560314897	0.12487053439685067	0.12487053439685067	0.6023299467173715	0.3976700532826285	0.4907768874750403	NaN	NaN
32	0.0	11	hop up r=1	false	0	chi2	0.5340093070862708	0.5340093070862708	0.5340093070862708	0.6023299467173715	0.3976700532826285	0.4907768874750403	NaN	NaN
32	0.0	11	n	false	0	chi4	0.99999999998768	-4.541976794669722e-10	4.541976794669722e-10	0.805684474158131	0.19431552584186895	0.20360230910258936	NaN	NaN
32	0.0	11	Sz	false	0	chi4	-1.8626381340092202e-9	-1.8118886668805345e-8	1.8118886668805345e-8	0.805684474158131	0.19431552584186895	0.20360230910258936	NaN	NaN
32	0.0	11	DoubleOcc	false	0	chi4	0.1001125288916937	0.04084559047535888	0.04084559047535888	0.805684474158131	0.19431552584186895	0.20360230910258936	NaN	NaN
32	0.0	11	ZZ onsite	true	2	chi4	-0.599549884408583	0.16338236280983187	0.16338236280983187	0.805684474158131	0.19431552584186895	0.20360230910258936	10.816151506520573	50.88292513618853
32	0.0	11	ZZ up-up r=1	true	2	chi4	-0.5981913405623466	0.14504696439027231	0.14504696439027231	0.805684474158131	0.19431552584186895	0.20360230910258936	12.916436133959236	50.53129194867584
32	0.0	11	SzSz r=1	false	0	chi4	-0.12512946560314897	0.03104664153730749	0.03104664153730749	0.805684474158131	0.19431552584186895	0.20360230910258936	NaN	NaN
32	0.0	11	hop up r=1	false	0	chi4	0.5340093070862708	-0.03026703627844385	0.03026703627844385	0.805684474158131	0.19431552584186895	0.20360230910258936	NaN	NaN
32	0.0	11	n	false	0	chi8	0.99999999998768	-2.833014933756317e-10	2.833014933756317e-10	0.9974370094809951	0.002562990519004882	0.02638504948318293	NaN	NaN
32	0.0	11	Sz	false	0	chi8	-1.8626381340092202e-9	-2.2198803975581605e-9	2.2198803975581605e-9	0.9974370094809951	0.002562990519004882	0.02638504948318293	NaN	NaN
32	0.0	11	DoubleOcc	false	0	chi8	0.1001125288916937	0.00029399705360852457	0.00029399705360852457	0.9974370094809951	0.002562990519004882	0.02638504948318293	NaN	NaN
32	0.0	11	ZZ onsite	true	2	chi8	-0.599549884408583	0.0011759887810389724	0.0011759887810389724	0.9974370094809951	0.002562990519004882	0.02638504948318293	50.8731618425083	50.88292513618853
32	0.0	11	ZZ up-up r=1	true	2	chi8	-0.5981913405623466	-0.008574280610717855	0.008574280610717855	0.9974370094809951	0.002562990519004882	0.02638504948318293	50.02224484002697	50.53129194867584
32	0.0	11	SzSz r=1	false	0	chi8	-0.12512946560314897	-0.0025825699577093353	0.0025825699577093353	0.9974370094809951	0.002562990519004882	0.02638504948318293	NaN	NaN
32	0.0	11	hop up r=1	false	0	chi8	0.5340093070862708	0.01068276246096267	0.01068276246096267	0.9974370094809951	0.002562990519004882	0.02638504948318293	NaN	NaN
32	0.0	11	n	false	0	chi16	0.99999999998768	-4.858302649068946e-11	4.858302649068946e-11	0.999886308678073	0.00011369132192695641	0.007055956824971678	NaN	NaN
32	0.0	11	Sz	false	0	chi16	-1.8626381340092202e-9	9.174039999892969e-11	9.174039999892969e-11	0.999886308678073	0.00011369132192695641	0.007055956824971678	NaN	NaN
32	0.0	11	DoubleOcc	false	0	chi16	0.1001125288916937	0.0004437896030499433	0.0004437896030499433	0.999886308678073	0.00011369132192695641	0.007055956824971678	NaN	NaN
32	0.0	11	ZZ onsite	true	2	chi16	-0.599549884408583	0.0017751585093679356	0.0017751585093679356	0.999886308678073	0.00011369132192695641	0.007055956824971678	50.86068396059776	50.88292513618853
32	0.0	11	ZZ up-up r=1	true	2	chi16	-0.5981913405623466	-0.003070861764966515	0.003070861764966515	0.999886308678073	0.00011369132192695641	0.007055956824971678	50.46541798118714	50.53129194867584
32	0.0	11	SzSz r=1	false	0	chi16	-0.12512946560314897	-7.520018296311437e-5	7.520018296311437e-5	0.999886308678073	0.00011369132192695641	0.007055956824971678	NaN	NaN
32	0.0	11	hop up r=1	false	0	chi16	0.5340093070862708	0.002105043543010665	0.002105043543010665	0.999886308678073	0.00011369132192695641	0.007055956824971678	NaN	NaN
32	0.0	11	n	false	0	chi32	0.99999999998768	5.452638340841531e-12	5.452638340841531e-12	0.9999984325088583	1.567491141662991e-6	0.00030630641019030566	NaN	NaN
32	0.0	11	Sz	false	0	chi32	-1.8626381340092202e-9	1.0715927728499608e-9	1.0715927728499608e-9	0.9999984325088583	1.567491141662991e-6	0.00030630641019030566	NaN	NaN
32	0.0	11	DoubleOcc	false	0	chi32	0.1001125288916937	1.660357627789044e-5	1.660357627789044e-5	0.9999984325088583	1.567491141662991e-6	0.00030630641019030566	NaN	NaN
32	0.0	11	ZZ onsite	true	2	chi32	-0.599549884408583	6.641429420728429e-5	6.641429420728429e-5	0.9999984325088583	1.567491141662991e-6	0.00030630641019030566	50.882893990625014	50.88292513618853
32	0.0	11	ZZ up-up r=1	true	2	chi32	-0.5981913405623466	-9.46114033846257e-5	9.46114033846257e-5	0.9999984325088583	1.567491141662991e-6	0.00030630641019030566	50.53122933830946	50.53129194867584
32	0.0	11	SzSz r=1	false	0	chi32	-0.12512946560314897	-2.537203478580885e-5	2.537203478580885e-5	0.9999984325088583	1.567491141662991e-6	0.00030630641019030566	NaN	NaN
32	0.0	11	hop up r=1	false	0	chi32	0.5340093070862708	6.406519318191695e-5	6.406519318191695e-5	0.9999984325088583	1.567491141662991e-6	0.00030630641019030566	NaN	NaN
32	0.0	11	n	false	0	UHF	0.99999999998768	-1.2319811837357975e-11	1.2319811837357975e-11	0.6099924754235321	0.3900075245764679	0.5690661725202748	NaN	NaN
32	0.0	11	Sz	false	0	UHF	-1.8626381340092202e-9	0.3844819262006488	0.3844819262006488	0.6099924754235321	0.3900075245764679	0.5690661725202748	NaN	NaN
32	0.0	11	DoubleOcc	false	0	UHF	0.1001125288916937	-0.002061118101043563	0.002061118101043563	0.6099924754235321	0.3900075245764679	0.5690661725202748	NaN	NaN
32	0.0	11	ZZ onsite	true	2	UHF	-0.599549884408583	-0.00824447237953252	0.00824447237953252	0.6099924754235321	0.3900075245764679	0.5690661725202748	50.407456597854214	50.88292513618853
32	0.0	11	ZZ up-up r=1	true	2	UHF	-0.5981913405623466	0.18574720586663618	0.18574720586663618	0.6099924754235321	0.3900075245764679	0.5690661725202748	8.74883095316031	50.53129194867584
32	0.0	11	SzSz r=1	false	0	UHF	-0.12512946560314897	0.046776028770008804	0.046776028770008804	0.6099924754235321	0.3900075245764679	0.5690661725202748	NaN	NaN
32	0.0	11	hop up r=1	false	0	UHF	0.5340093070862708	0.09510938925454493	0.09510938925454493	0.6099924754235321	0.3900075245764679	0.5690661725202748	NaN	NaN
32	0.0	11	n	false	0	UHFsym	0.99999999998768	-1.2319922859660437e-11	1.2319922859660437e-11	0.9578688225729035	0.04213117742709649	0.18239165558465253	NaN	NaN
32	0.0	11	Sz	false	0	UHFsym	-1.8626381340092202e-9	-1.862638147887008e-9	1.862638147887008e-9	0.9578688225729035	0.04213117742709649	0.18239165558465253	NaN	NaN
32	0.0	11	DoubleOcc	false	0	UHFsym	0.1001125288916937	-0.0020611181010442847	0.0020611181010442847	0.9578688225729035	0.04213117742709649	0.18239165558465253	NaN	NaN
32	0.0	11	ZZ onsite	true	2	UHFsym	-0.599549884408583	-0.008244472379535184	0.008244472379535184	0.9578688225729035	0.04213117742709649	0.18239165558465253	50.40745659785391	50.88292513618853
32	0.0	11	ZZ up-up r=1	true	2	UHFsym	-0.5981913405623466	-0.20879859046750926	0.20879859046750926	0.9578688225729035	0.04213117742709649	0.18239165558465253	7.183164385801725	50.53129194867584
32	0.0	11	SzSz r=1	false	0	UHFsym	-0.12512946560314897	-0.05186042031352639	0.05186042031352639	0.9578688225729035	0.04213117742709649	0.18239165558465253	NaN	NaN
32	0.0	11	hop up r=1	false	0	UHFsym	0.5340093070862708	0.0951093892545472	0.0951093892545472	0.9578688225729035	0.04213117742709649	0.18239165558465253	NaN	NaN
32	0.0	12	n	false	0	chi2	1.0000000000576033	5.760547594491072e-11	5.760547594491072e-11	0.6168629686976864	0.3831370313023136	0.5059635158651574	NaN	NaN
32	0.0	12	Sz	false	0	chi2	1.146143749353179e-9	3.103517236258124e-8	3.103517236258124e-8	0.6168629686976864	0.3831370313023136	0.5059635158651574	NaN	NaN
32	0.0	12	DoubleOcc	false	0	chi2	0.1003817064640759	0.1003817064640759	0.1003817064640759	0.6168629686976864	0.3831370313023136	0.5059635158651574	NaN	NaN
32	0.0	12	ZZ onsite	true	2	chi2	-0.5984731742589011	0.40152682574109666	0.40152682574109666	0.6168629686976864	0.3831370313023136	0.5059635158651574	2.1692070177337666	50.60402717998788
32	0.0	12	ZZ up-up r=1	true	2	chi2	-0.43262215062538456	-0.07367639753936017	0.07367639753936017	0.6168629686976864	0.3831370313023136	0.5059635158651574	13.470884819600064	21.467318264723097
32	0.0	12	SzSz r=1	false	0	chi2	-0.08911982711667468	0.0006166111548314146	0.0006166111548314146	0.6168629686976864	0.3831370313023136	0.5059635158651574	NaN	NaN
32	0.0	12	hop up r=1	false	0	chi2	0.4421248977570664	0.4421248977570664	0.4421248977570664	0.6168629686976864	0.3831370313023136	0.5059635158651574	NaN	NaN
32	0.0	12	n	false	0	chi4	1.0000000000576033	4.994786806378215e-10	4.994786806378215e-10	0.88684209999758	0.11315790000241999	0.3108424005557282	NaN	NaN
32	0.0	12	Sz	false	0	chi4	1.146143749353179e-9	1.9040743336196098e-8	1.9040743336196098e-8	0.88684209999758	0.11315790000241999	0.3108424005557282	NaN	NaN
32	0.0	12	DoubleOcc	false	0	chi4	0.1003817064640759	0.04111476848961765	0.04111476848961765	0.88684209999758	0.11315790000241999	0.3108424005557282	NaN	NaN
32	0.0	12	ZZ onsite	true	2	chi4	-0.5984731742589011	0.1644590729595139	0.1644590729595139	0.88684209999758	0.11315790000241999	0.3108424005557282	10.662933820215724	50.60402717998788
32	0.0	12	ZZ up-up r=1	true	2	chi4	-0.43262215062538456	-0.13784320934075972	0.13784320934075972	0.88684209999758	0.11315790000241999	0.3108424005557282	6.974777301167753	21.467318264723097
32	0.0	12	SzSz r=1	false	0	chi4	-0.08911982711667468	-0.01414461058177821	0.01414461058177821	0.88684209999758	0.11315790000241999	0.3108424005557282	NaN	NaN
32	0.0	12	hop up r=1	false	0	chi4	0.4421248977570664	0.4421248977570664	0.4421248977570664	0.88684209999758	0.11315790000241999	0.3108424005557282	NaN	NaN
32	0.0	12	n	false	0	chi8	1.0000000000576033	3.999167663693015e-10	3.999167663693015e-10	0.9993227381798113	0.0006772618201886793	0.016819830388016304	NaN	NaN
32	0.0	12	Sz	false	0	chi8	1.146143749353179e-9	1.9602838380317067e-9	1.9602838380317067e-9	0.9993227381798113	0.0006772618201886793	0.016819830388016304	NaN	NaN
32	0.0	12	DoubleOcc	false	0	chi8	0.1003817064640759	-6.458297523825873e-6	6.458297523825873e-6	0.9993227381798113	0.0006772618201886793	0.016819830388016304	NaN	NaN
32	0.0	12	ZZ onsite	true	2	chi8	-0.5984731742589011	-2.583398992772601e-5	2.583398992772601e-5	0.9993227381798113	0.0006772618201886793	0.016819830388016304	50.60402250268416	50.60402717998788
32	0.0	12	ZZ up-up r=1	true	2	chi8	-0.43262215062538456	-0.010420156654670443	0.010420156654670443	0.9993227381798113	0.0006772618201886793	0.016819830388016304	21.215409456492274	21.467318264723097
32	0.0	12	SzSz r=1	false	0	chi8	-0.08911982711667468	-0.0023463123356589066	0.0023463123356589066	0.9993227381798113	0.0006772618201886793	0.016819830388016304	NaN	NaN
32	0.0	12	hop up r=1	false	0	chi8	0.4421248977570664	0.010619440723268758	0.010619440723268758	0.9993227381798113	0.0006772618201886793	0.016819830388016304	NaN	NaN
32	0.0	12	n	false	0	chi16	1.0000000000576033	1.9761681180341384e-10	1.9761681180341384e-10	0.9998654413144212	0.00013455868557876727	0.00617995947274224	NaN	NaN
32	0.0	12	Sz	false	0	chi16	1.146143749353179e-9	2.107125897377049e-10	2.107125897377049e-10	0.9998654413144212	0.00013455868557876727	0.00617995947274224	NaN	NaN
32	0.0	12	DoubleOcc	false	0	chi16	0.1003817064640759	0.000505575437440009	0.000505575437440009	0.9998654413144212	0.00013455868557876727	0.00617995947274224	NaN	NaN
32	0.0	12	ZZ onsite	true	2	chi16	-0.5984731742589011	0.0020223013545265234	0.0020223013545265234	0.9998654413144212	0.00013455868557876727	0.00617995947274224	50.57538154372431	50.60402717998788
32	0.0	12	ZZ up-up r=1	true	2	chi16	-0.43262215062538456	-0.005292560676670555	0.005292560676670555	0.9998654413144212	0.00013455868557876727	0.00617995947274224	21.40176042583959	21.467318264723097
32	0.0	12	SzSz r=1	false	0	chi16	-0.08911982711667468	-0.0005521406017328645	0.0005521406017328645	0.9998654413144212	0.00013455868557876727	0.00617995947274224	NaN	NaN
32	0.0	12	hop up r=1	false	0	chi16	0.4421248977570664	0.003295503950336065	0.003295503950336065	0.9998654413144212	0.00013455868557876727	0.00617995947274224	NaN	NaN
32	0.0	12	n	false	0	chi32	1.0000000000576033	2.628275375116118e-11	2.628275375116118e-11	0.9999973532578987	2.6467421012643655e-6	0.0007417532754874913	NaN	NaN
32	0.0	12	Sz	false	0	chi32	1.146143749353179e-9	-1.792391832178275e-9	1.792391832178275e-9	0.9999973532578987	2.6467421012643655e-6	0.0007417532754874913	NaN	NaN
32	0.0	12	DoubleOcc	false	0	chi32	0.1003817064640759	2.1234597179120573e-5	2.1234597179120573e-5	0.9999973532578987	2.6467421012643655e-6	0.0007417532754874913	NaN	NaN
32	0.0	12	ZZ onsite	true	2	chi32	-0.5984731742589011	8.493833615075275e-5	8.493833615075275e-5	0.9999973532578987	2.6467421012643655e-6	0.0007417532754874913	50.60397661851638	50.60402717998788
32	0.0	12	ZZ up-up r=1	true	2	chi32	-0.43262215062538456	-0.00044473419746476894	0.00044473419746476894	0.9999973532578987	2.6467421012643655e-6	0.0007417532754874913	21.466853949533437	21.467318264723097
32	0.0	12	SzSz r=1	false	0	chi32	-0.08911982711667468	-8.844266044384652e-5	8.844266044384652e-5	0.9999973532578987	2.6467421012643655e-6	0.0007417532754874913	NaN	NaN
32	0.0	12	hop up r=1	false	0	chi32	0.4421248977570664	0.0003263157412645157	0.0003263157412645157	0.9999973532578987	2.6467421012643655e-6	0.0007417532754874913	NaN	NaN
32	0.0	12	n	false	0	UHF	1.0000000000576033	5.759970278518267e-11	5.759970278518267e-11	0.5680484399215989	0.4319515600784011	0.5700466345114303	NaN	NaN
32	0.0	12	Sz	false	0	UHF	1.146143749353179e-9	-0.38448192465906167	0.38448192465906167	0.5680484399215989	0.4319515600784011	0.5700466345114303	NaN	NaN
32	0.0	12	DoubleOcc	false	0	UHF	0.1003817064640759	-0.001791942265046309	0.001791942265046309	0.5680484399215989	0.4319515600784011	0.5700466345114303	NaN	NaN
32	0.0	12	ZZ onsite	true	2	UHF	-0.5984731742589011	-0.0071677691753830874	0.0071677691753830874	0.5680484399215989	0.4319515600784011	0.5700466345114303	50.24650626588384	50.60402717998788
32	0.0	12	ZZ up-up r=1	true	2	UHF	-0.43262215062538456	0.35131639192754627	0.35131639192754627	0.5680484399215989	0.4319515600784011	0.5700466345114303	1.4808014995264007	21.467318264723097
32	0.0	12	SzSz r=1	false	0	UHF	-0.08911982711667468	0.08278566633357956	0.08278566633357956	0.5680484399215989	0.4319515600784011	0.5700466345114303	NaN	NaN
32	0.0	12	hop up r=1	false	0	UHF	0.4421248977570664	0.0032249803455726145	0.0032249803455726145	0.5680484399215989	0.4319515600784011	0.5700466345114303	NaN	NaN
32	0.0	12	n	false	0	UHFsym	1.0000000000576033	5.7599924829787597e-11	5.7599924829787597e-11	0.9917610001101818	0.008238999889818244	0.08785019905058086	NaN	NaN
32	0.0	12	Sz	false	0	UHFsym	1.146143749353179e-9	1.1461437632309668e-9	1.1461437632309668e-9	0.9917610001101818	0.008238999889818244	0.08785019905058086	NaN	NaN
32	0.0	12	DoubleOcc	false	0	UHFsym	0.1003817064640759	-0.001791942265046531	0.001791942265046531	0.9917610001101818	0.008238999889818244	0.08785019905058086	NaN	NaN
32	0.0	12	ZZ onsite	true	2	UHFsym	-0.5984731742589011	-0.007167769175383976	0.007167769175383976	0.9917610001101818	0.008238999889818244	0.08785019905058086	50.246506265883745	50.60402717998788
32	0.0	12	ZZ up-up r=1	true	2	UHFsym	-0.43262215062538456	-0.04322940206645931	0.04322940206645931	0.9917610001101818	0.008238999889818244	0.08785019905058086	17.824627122714517	21.467318264723097
32	0.0	12	SzSz r=1	false	0	UHFsym	-0.08911982711667468	-0.01585078216491964	0.01585078216491964	0.9917610001101818	0.008238999889818244	0.08785019905058086	NaN	NaN
32	0.0	12	hop up r=1	false	0	UHFsym	0.4421248977570664	0.003224980345579498	0.003224980345579498	0.9917610001101818	0.008238999889818244	0.08785019905058086	NaN	NaN
32	0.0	13	n	false	0	chi2	0.9999999999992383	-7.58948459633757e-13	7.58948459633757e-13	0.6005123500506957	0.3994876499493043	0.49175673421951493	NaN	NaN
32	0.0	13	Sz	false	0	chi2	-1.6390045431968758e-9	-2.3056874995498724e-8	2.3056874995498724e-8	0.6005123500506957	0.3994876499493043	0.49175673421951493	NaN	NaN
32	0.0	13	DoubleOcc	false	0	chi2	0.1001796245100218	0.1001796245100218	0.1001796245100218	0.6005123500506957	0.3994876499493043	0.49175673421951493	NaN	NaN
32	0.0	13	ZZ onsite	true	2	chi2	-0.5992815019583876	0.40071849804160975	0.40071849804160975	0.6005123500506957	0.3994876499493043	0.49175673421951493	2.1834370995781462	50.81325459587938
32	0.0	13	ZZ up-up r=1	true	2	chi2	-0.5944326606753488	0.4055673393246485	0.4055673393246485	0.6005123500506957	0.3994876499493043	0.49175673421951493	2.0995905705426035	49.571738563597435
32	0.0	13	SzSz r=1	false	0	chi2	-0.12431228771009217	0.12568771228990716	0.12568771228990716	0.6005123500506957	0.3994876499493043	0.49175673421951493	NaN	NaN
32	0.0	13	hop up r=1	false	0	chi2	0.5319297809702818	0.5319297809702818	0.5319297809702818	0.6005123500506957	0.3994876499493043	0.49175673421951493	NaN	NaN
32	0.0	13	n	false	0	chi4	0.9999999999992383	-2.5065227671206003e-10	2.5065227671206003e-10	0.8048581544621057	0.19514184553789427	0.2042549376277381	NaN	NaN
32	0.0	13	Sz	false	0	chi4	-1.6390045431968758e-9	1.0592763582950582e-8	1.0592763582950582e-8	0.8048581544621057	0.19514184553789427	0.2042549376277381	NaN	NaN
32	0.0	13	DoubleOcc	false	0	chi4	0.1001796245100218	0.041316049361493384	0.041316049361493384	0.8048581544621057	0.19514184553789427	0.2042549376277381	NaN	NaN
32	0.0	13	ZZ onsite	true	2	chi4	-0.5992815019583876	0.16526419794727787	0.16526419794727787	0.8048581544621057	0.19514184553789427	0.2042549376277381	10.612031553932047	50.81325459587938
32	0.0	13	ZZ up-up r=1	true	2	chi4	-0.5944326606753488	0.1431012546627063	0.1431012546627063	0.8048581544621057	0.19514184553789427	0.2042549376277381	12.9941939274711	49.571738563597435
32	0.0	13	SzSz r=1	false	0	chi4	-0.12431228771009217	0.030639403612629568	0.030639403612629568	0.8048581544621057	0.19514184553789427	0.2042549376277381	NaN	NaN
32	0.0	13	hop up r=1	false	0	chi4	0.5319297809702818	-0.028586077886775807	0.028586077886775807	0.8048581544621057	0.19514184553789427	0.2042549376277381	NaN	NaN
32	0.0	13	n	false	0	chi8	0.9999999999992383	-3.6776304224162004e-10	3.6776304224162004e-10	0.9972501888706219	0.0027498111293781102	0.027375510832125596	NaN	NaN
32	0.0	13	Sz	false	0	chi8	-1.6390045431968758e-9	9.68125205003112e-10	9.68125205003112e-10	0.9972501888706219	0.0027498111293781102	0.027375510832125596	NaN	NaN
32	0.0	13	DoubleOcc	false	0	chi8	0.1001796245100218	0.0004326773627919278	0.0004326773627919278	0.9972501888706219	0.0027498111293781102	0.027375510832125596	NaN	NaN
32	0.0	13	ZZ onsite	true	2	chi8	-0.5992815019583876	0.001730710186694684	0.001730710186694684	0.9972501888706219	0.0027498111293781102	0.027375510832125596	50.792152359224055	50.81325459587938
32	0.0	13	ZZ up-up r=1	true	2	chi8	-0.5944326606753488	-0.009307197834627412	0.009307197834627412	0.9972501888706219	0.0027498111293781102	0.027375510832125596	48.98841489280619	49.571738563597435
32	0.0	13	SzSz r=1	false	0	chi8	-0.12431228771009217	-0.0027822732136332656	0.0027822732136332656	0.9972501888706219	0.0027498111293781102	0.027375510832125596	NaN	NaN
32	0.0	13	hop up r=1	false	0	chi8	0.5319297809702818	0.011732399925326598	0.011732399925326598	0.9972501888706219	0.0027498111293781102	0.027375510832125596	NaN	NaN
32	0.0	13	n	false	0	chi16	0.9999999999992383	1.374511615637175e-11	1.374511615637175e-11	0.9998862634761221	0.00011373652387791644	0.007140517561974405	NaN	NaN
32	0.0	13	Sz	false	0	chi16	-1.6390045431968758e-9	3.9464624623786193e-10	3.9464624623786193e-10	0.9998862634761221	0.00011373652387791644	0.007140517561974405	NaN	NaN
32	0.0	13	DoubleOcc	false	0	chi16	0.1001796245100218	0.00044757894271879595	0.00044757894271879595	0.9998862634761221	0.00011373652387791644	0.007140517561974405	NaN	NaN
32	0.0	13	ZZ onsite	true	2	chi16	-0.5992815019583876	0.0017903157433852845	0.0017903157433852845	0.9998862634761221	0.00011373652387791644	0.007140517561974405	50.79067446711981	50.81325459587938
32	0.0	13	ZZ up-up r=1	true	2	chi16	-0.5944326606753488	-0.003248278939644522	0.003248278939644522	0.9998862634761221	0.00011373652387791644	0.007140517561974405	49.49994431325887	49.571738563597435
32	0.0	13	SzSz r=1	false	0	chi16	-0.12431228771009217	-0.00011122788533488026	0.00011122788533488026	0.9998862634761221	0.00011373652387791644	0.007140517561974405	NaN	NaN
32	0.0	13	hop up r=1	false	0	chi16	0.5319297809702818	0.0021847145248328204	0.0021847145248328204	0.9998862634761221	0.00011373652387791644	0.007140517561974405	NaN	NaN
32	0.0	13	n	false	0	chi32	0.9999999999992383	1.9146217944410182e-10	1.9146217944410182e-10	0.9999983701705493	1.629829450733311e-6	0.0003300283502061277	NaN	NaN
32	0.0	13	Sz	false	0	chi32	-1.6390045431968758e-9	-3.976872997579761e-10	3.976872997579761e-10	0.9999983701705493	1.629829450733311e-6	0.0003300283502061277	NaN	NaN
32	0.0	13	DoubleOcc	false	0	chi32	0.1001796245100218	2.0712117348109516e-5	2.0712117348109516e-5	0.9999983701705493	1.629829450733311e-6	0.0003300283502061277	NaN	NaN
32	0.0	13	ZZ onsite	true	2	chi32	-0.5992815019583876	8.284808646841224e-5	8.284808646841224e-5	0.9999983701705493	1.629829450733311e-6	0.0003300283502061277	50.81320622046083	50.81325459587938
32	0.0	13	ZZ up-up r=1	true	2	chi32	-0.5944326606753488	-0.00013719019918878583	0.00013719019918878583	0.9999983701705493	1.629829450733311e-6	0.0003300283502061277	49.571610313553585	49.571738563597435
32	0.0	13	SzSz r=1	false	0	chi32	-0.12431228771009217	-3.416288244370569e-5	3.416288244370569e-5	0.9999983701705493	1.629829450733311e-6	0.0003300283502061277	NaN	NaN
32	0.0	13	hop up r=1	false	0	chi32	0.5319297809702818	8.426713300302424e-5	8.426713300302424e-5	0.9999983701705493	1.629829450733311e-6	0.0003300283502061277	NaN	NaN
32	0.0	13	n	false	0	UHF	0.9999999999992383	-7.612799279854698e-13	7.612799279854698e-13	0.6091788932616398	0.39082110673836024	0.5688876117308748	NaN	NaN
32	0.0	13	Sz	false	0	UHF	-1.6390045431968758e-9	0.38448192414382915	0.38448192414382915	0.6091788932616398	0.39082110673836024	0.5688876117308748	NaN	NaN
32	0.0	13	DoubleOcc	false	0	UHF	0.1001796245100218	-0.0019940242363016003	0.0019940242363016003	0.6091788932616398	0.39082110673836024	0.5688876117308748	NaN	NaN
32	0.0	13	ZZ onsite	true	2	UHF	-0.5992815019583876	-0.007976096943681843	0.007976096943681843	0.6091788932616398	0.39082110673836024	0.5688876117308748	50.36880180240847	50.81325459587938
32	0.0	13	ZZ up-up r=1	true	2	UHF	-0.5944326606753488	0.18950588186340056	0.18950588186340056	0.6091788932616398	0.39082110673836024	0.5688876117308748	8.35025771300863	49.571738563597435
32	0.0	13	SzSz r=1	false	0	UHF	-0.12431228771009217	0.04759320571360015	0.04759320571360015	0.6091788932616398	0.39082110673836024	0.5688876117308748	NaN	NaN
32	0.0	13	hop up r=1	false	0	UHF	0.5319297809702818	0.09302986334903535	0.09302986334903535	0.6091788932616398	0.39082110673836024	0.5688876117308748	NaN	NaN
32	0.0	13	n	false	0	UHFsym	0.9999999999992383	-7.615019725903949e-13	7.615019725903949e-13	0.9591710238968942	0.04082897610310576	0.17999673161967966	NaN	NaN
32	0.0	13	Sz	false	0	UHFsym	-1.6390045431968758e-9	-1.6390045570746636e-9	1.6390045570746636e-9	0.9591710238968942	0.04082897610310576	0.17999673161967966	NaN	NaN
32	0.0	13	DoubleOcc	false	0	UHFsym	0.1001796245100218	-0.0019940242363012672	0.0019940242363012672	0.9591710238968942	0.04082897610310576	0.17999673161967966	NaN	NaN
32	0.0	13	ZZ onsite	true	2	UHFsym	-0.5992815019583876	-0.007976096943680178	0.007976096943680178	0.9591710238968942	0.04082897610310576	0.17999673161967966	50.368801802408655	50.81325459587938
32	0.0	13	ZZ up-up r=1	true	2	UHFsym	-0.5944326606753488	-0.20503991199829164	0.20503991199829164	0.9591710238968942	0.04082897610310576	0.17999673161967966	7.312509372570132	49.571738563597435
32	0.0	13	SzSz r=1	false	0	UHFsym	-0.12431228771009217	-0.051043242751819096	0.051043242751819096	0.9591710238968942	0.04082897610310576	0.17999673161967966	NaN	NaN
32	0.0	13	hop up r=1	false	0	UHFsym	0.5319297809702818	0.09302986334904373	0.09302986334904373	0.9591710238968942	0.04082897610310576	0.17999673161967966	NaN	NaN
32	0.0	14	n	false	0	chi2	1.0000000001538325	1.538351668273208e-10	1.538351668273208e-10	0.6163119181794773	0.3836880818205227	0.5068196346003464	NaN	NaN
32	0.0	14	Sz	false	0	chi2	1.222116484400626e-9	2.263998683665891e-8	2.263998683665891e-8	0.6163119181794773	0.3836880818205227	0.5068196346003464	NaN	NaN
32	0.0	14	DoubleOcc	false	0	chi2	0.10032518230217272	0.10032518230217272	0.10032518230217272	0.6163119181794773	0.3836880818205227	0.5068196346003464	NaN	NaN
32	0.0	14	ZZ onsite	true	2	chi2	-0.5986992710989715	0.40130072890102586	0.40130072890102586	0.6163119181794773	0.3836880818205227	0.5068196346003464	2.173176977715192	50.66245800781637
32	0.0	14	ZZ up-up r=1	true	2	chi2	-0.435302924571451	-0.07305982071086375	0.07305982071086375	0.6163119181794773	0.3836880818205227	0.5068196346003464	13.73872599579494	21.78124388458938
32	0.0	14	SzSz r=1	false	0	chi2	-0.08970274307268875	0.0008580328924580605	0.0008580328924580605	0.6163119181794773	0.3836880818205227	0.5068196346003464	NaN	NaN
32	0.0	14	hop up r=1	false	0	chi2	0.4436151734094539	0.4436151734094539	0.4436151734094539	0.6163119181794773	0.3836880818205227	0.5068196346003464	NaN	NaN
32	0.0	14	n	false	0	chi4	1.0000000001538325	4.037182810279205e-10	4.037182810279205e-10	0.8864310517471969	0.11356894825280306	0.3115728128638169	NaN	NaN
32	0.0	14	Sz	false	0	chi4	1.222116484400626e-9	-1.1401915446518363e-8	1.1401915446518363e-8	0.8864310517471969	0.11356894825280306	0.3115728128638169	NaN	NaN
32	0.0	14	DoubleOcc	false	0	chi4	0.10032518230217272	0.04146160740353291	0.04146160740353291	0.8864310517471969	0.11356894825280306	0.3115728128638169	NaN	NaN
32	0.0	14	ZZ onsite	true	2	chi4	-0.5986992710989715	0.16584642880669498	0.16584642880669498	0.8864310517471969	0.11356894825280306	0.3115728128638169	10.53085257890855	50.66245800781637
32	0.0	14	ZZ up-up r=1	true	2	chi4	-0.435302924571451	-0.13682491391152052	0.13682491391152052	0.8864310517471969	0.11356894825280306	0.3115728128638169	7.134044975385384	21.78124388458938
32	0.0	14	SzSz r=1	false	0	chi4	-0.08970274307268875	-0.013824333373262485	0.013824333373262485	0.8864310517471969	0.11356894825280306	0.3115728128638169	NaN	NaN
32	0.0	14	hop up r=1	false	0	chi4	0.4436151734094539	0.4436151734094539	0.4436151734094539	0.8864310517471969	0.11356894825280306	0.3115728128638169	NaN	NaN
32	0.0	14	n	false	0	chi8	1.0000000001538325	4.731158798065849e-10	4.731158798065849e-10	0.999274434145957	0.0007255658540430421	0.017504732600426225	NaN	NaN
32	0.0	14	Sz	false	0	chi8	1.222116484400626e-9	-1.298377641512083e-9	1.298377641512083e-9	0.999274434145957	0.0007255658540430421	0.017504732600426225	NaN	NaN
32	0.0	14	DoubleOcc	false	0	chi8	0.10032518230217272	0.00010087410308434741	0.00010087410308434741	0.999274434145957	0.0007255658540430421	0.017504732600426225	NaN	NaN
32	0.0	14	ZZ onsite	true	2	chi8	-0.5986992710989715	0.0004034954661068513	0.0004034954661068513	0.999274434145957	0.0007255658540430421	0.017504732600426225	50.66131522281806	50.66245800781637
32	0.0	14	ZZ up-up r=1	true	2	chi8	-0.435302924571451	-0.010204103938937892	0.010204103938937892	0.999274434145957	0.0007255658540430421	0.017504732600426225	21.535326306378373	21.78124388458938
32	0.0	14	SzSz r=1	false	0	chi8	-0.08970274307268875	-0.0023064483339339387	0.0023064483339339387	0.999274434145957	0.0007255658540430421	0.017504732600426225	NaN	NaN
32	0.0	14	hop up r=1	false	0	chi8	0.4436151734094539	0.0108795217631103	0.0108795217631103	0.999274434145957	0.0007255658540430421	0.017504732600426225	NaN	NaN
32	0.0	14	n	false	0	chi16	1.0000000001538325	4.3055559117988196e-11	4.3055559117988196e-11	0.9998656862663986	0.00013431373360139887	0.006403705121805387	NaN	NaN
32	0.0	14	Sz	false	0	chi16	1.222116484400626e-9	-5.843156722362686e-10	5.843156722362686e-10	0.9998656862663986	0.00013431373360139887	0.006403705121805387	NaN	NaN
32	0.0	14	DoubleOcc	false	0	chi16	0.10032518230217272	0.0005183139969725525	0.0005183139969725525	0.9998656862663986	0.00013431373360139887	0.006403705121805387	NaN	NaN
32	0.0	14	ZZ onsite	true	2	chi16	-0.5986992710989715	0.00207325590177998	0.00207325590177998	0.9998656862663986	0.00013431373360139887	0.006403705121805387	50.63230405413632	50.66245800781637
32	0.0	14	ZZ up-up r=1	true	2	chi16	-0.435302924571451	-0.005495901339657883	0.005495901339657883	0.9998656862663986	0.00013431373360139887	0.006403705121805387	21.70933001708618	21.78124388458938
32	0.0	14	SzSz r=1	false	0	chi16	-0.08970274307268875	-0.0005840706197382528	0.0005840706197382528	0.9998656862663986	0.00013431373360139887	0.006403705121805387	NaN	NaN
32	0.0	14	hop up r=1	false	0	chi16	0.4436151734094539	0.003384300337325674	0.003384300337325674	0.9998656862663986	0.00013431373360139887	0.006403705121805387	NaN	NaN
32	0.0	14	n	false	0	chi32	1.0000000001538325	1.5695000854520913e-11	1.5695000854520913e-11	0.9999973521172163	2.6478827837017604e-6	0.0007531689424754025	NaN	NaN
32	0.0	14	Sz	false	0	chi32	1.222116484400626e-9	5.637282828041545e-10	5.637282828041545e-10	0.9999973521172163	2.6478827837017604e-6	0.0007531689424754025	NaN	NaN
32	0.0	14	DoubleOcc	false	0	chi32	0.10032518230217272	2.4465944304635778e-5	2.4465944304635778e-5	0.9999973521172163	2.6478827837017604e-6	0.0007531689424754025	NaN	NaN
32	0.0	14	ZZ onsite	true	2	chi32	-0.5986992710989715	9.78637458289855e-5	9.78637458289855e-5	0.9999973521172163	2.6478827837017604e-6	0.0007531689424754025	50.66239078137816	50.66245800781637
32	0.0	14	ZZ up-up r=1	true	2	chi32	-0.435302924571451	-0.0004661459335164042	0.0004661459335164042	0.9999973521172163	2.6478827837017604e-6	0.0007531689424754025	21.78072484020382	21.78124388458938
32	0.0	14	SzSz r=1	false	0	chi32	-0.08970274307268875	-9.05326104473636e-5	9.05326104473636e-5	0.9999973521172163	2.6478827837017604e-6	0.0007531689424754025	NaN	NaN
32	0.0	14	hop up r=1	false	0	chi32	0.4436151734094539	0.00035086816255347486	0.00035086816255347486	0.9999973521172163	2.6478827837017604e-6	0.0007531689424754025	NaN	NaN
32	0.0	14	n	false	0	UHF	1.0000000001538325	1.5382228824023514e-10	1.5382228824023514e-10	0.5688151926933828	0.43118480730661723	0.5698794169292997	NaN	NaN
32	0.0	14	Sz	false	0	UHF	1.222116484400626e-9	-0.38448192445414436	0.38448192445414436	0.5688151926933828	0.43118480730661723	0.5698794169292997	NaN	NaN
32	0.0	14	DoubleOcc	false	0	UHF	0.10032518230217272	-0.001848466526106679	0.001848466526106679	0.5688151926933828	0.43118480730661723	0.5698794169292997	NaN	NaN
32	0.0	14	ZZ onsite	true	2	UHF	-0.5986992710989715	-0.007393866412068406	0.007393866412068406	0.5688151926933828	0.43118480730661723	0.5698794169292997	50.28160004442901	50.66245800781637
32	0.0	14	ZZ up-up r=1	true	2	UHF	-0.435302924571451	0.34863561778531255	0.34863561778531255	0.5688151926933828	0.43118480730661723	0.5698794169292997	1.519969523596346	21.78124388458938
32	0.0	14	SzSz r=1	false	0	UHF	-0.08970274307268875	0.08220275030724764	0.08220275030724764	0.5688151926933828	0.43118480730661723	0.5698794169292997	NaN	NaN
32	0.0	14	hop up r=1	false	0	UHF	0.4436151734094539	0.004715255804060514	0.004715255804060514	0.5688151926933828	0.43118480730661723	0.5698794169292997	NaN	NaN
32	0.0	14	n	false	0	UHFsym	1.0000000001538325	1.5382206619563021e-10	1.5382206619563021e-10	0.9915612333419729	0.00843876665802712	0.08895855957007337	NaN	NaN
32	0.0	14	Sz	false	0	UHFsym	1.222116484400626e-9	1.2221165121562017e-9	1.2221165121562017e-9	0.9915612333419729	0.00843876665802712	0.08895855957007337	NaN	NaN
32	0.0	14	DoubleOcc	false	0	UHFsym	0.10032518230217272	-0.0018484665261060407	0.0018484665261060407	0.9915612333419729	0.00843876665802712	0.08895855957007337	NaN	NaN
32	0.0	14	ZZ onsite	true	2	UHFsym	-0.5986992710989715	-0.007393866412065853	0.007393866412065853	0.9915612333419729	0.00843876665802712	0.08895855957007337	50.281600044429275	50.66245800781637
32	0.0	14	ZZ up-up r=1	true	2	UHFsym	-0.435302924571451	-0.04591017596423225	0.04591017596423225	0.9915612333419729	0.00843876665802712	0.08895855957007337	17.691692524601592	21.78124388458938
32	0.0	14	SzSz r=1	false	0	UHFsym	-0.08970274307268875	-0.016433698130136093	0.016433698130136093	0.9915612333419729	0.00843876665802712	0.08895855957007337	NaN	NaN
32	0.0	14	hop up r=1	false	0	UHFsym	0.4436151734094539	0.00471525580406662	0.00471525580406662	0.9915612333419729	0.00843876665802712	0.08895855957007337	NaN	NaN
32	0.0	15	n	false	0	chi2	1.000000000063023	6.302547372882827e-11	6.302547372882827e-11	0.599701626815941	0.40029837318405903	0.49225627224028656	NaN	NaN
32	0.0	15	Sz	false	0	chi2	-1.496454772598188e-9	-3.181602881861788e-8	3.181602881861788e-8	0.599701626815941	0.40029837318405903	0.49225627224028656	NaN	NaN
32	0.0	15	DoubleOcc	false	0	chi2	0.10023113116946397	0.10023113116946397	0.10023113116946397	0.599701626815941	0.40029837318405903	0.49225627224028656	NaN	NaN
32	0.0	15	ZZ onsite	true	2	chi2	-0.5990754754481877	0.4009245245518098	0.4009245245518098	0.599701626815941	0.40029837318405903	0.49225627224028656	2.1798003892722084	50.75983988250829
32	0.0	15	ZZ up-up r=1	true	2	chi2	-0.592689086108045	0.4073109138919525	0.4073109138919525	0.599701626815941	0.40029837318405903	0.49225627224028656	2.070311063285198	49.133150248353516
32	0.0	15	SzSz r=1	false	0	chi2	-0.12393321690013107	0.12606678309986832	0.12606678309986832	0.599701626815941	0.40029837318405903	0.49225627224028656	NaN	NaN
32	0.0	15	hop up r=1	false	0	chi2	0.5309640544387946	0.5309640544387946	0.5309640544387946	0.599701626815941	0.40029837318405903	0.49225627224028656	NaN	NaN
32	0.0	15	n	false	0	chi4	1.000000000063023	9.148515278667446e-11	9.148515278667446e-11	0.8045043315176744	0.19549566848232558	0.20438920793351256	NaN	NaN
32	0.0	15	Sz	false	0	chi4	-1.496454772598188e-9	3.1784367152121185e-9	3.1784367152121185e-9	0.8045043315176744	0.19549566848232558	0.20438920793351256	NaN	NaN
32	0.0	15	DoubleOcc	false	0	chi4	0.10023113116946397	0.04163428253208454	0.04163428253208454	0.8045043315176744	0.19549566848232558	0.20438920793351256	NaN	NaN
32	0.0	15	ZZ onsite	true	2	chi4	-0.5990754754481877	0.1665371299453674	0.1665371299453674	0.8045043315176744	0.19549566848232558	0.20438920793351256	10.475948840422987	50.75983988250829
32	0.0	15	ZZ up-up r=1	true	2	chi4	-0.592689086108045	0.14111608099017092	0.14111608099017092	0.8045043315176744	0.19549566848232558	0.20438920793351256	13.177293103508486	49.133150248353516
32	0.0	15	SzSz r=1	false	0	chi4	-0.12393321690013107	0.030219650548616972	0.030219650548616972	0.8045043315176744	0.19549566848232558	0.20438920793351256	NaN	NaN
32	0.0	15	hop up r=1	false	0	chi4	0.5309640544387946	-0.027054509533267934	0.027054509533267934	0.8045043315176744	0.19549566848232558	0.20438920793351256	NaN	NaN
32	0.0	15	n	false	0	chi8	1.000000000063023	-2.5971003125846437e-11	2.5971003125846437e-11	0.9971331535191735	0.002866846480826468	0.027864177835221424	NaN	NaN
32	0.0	15	Sz	false	0	chi8	-1.496454772598188e-9	1.5853762885820188e-9	1.5853762885820188e-9	0.9971331535191735	0.002866846480826468	0.027864177835221424	NaN	NaN
32	0.0	15	DoubleOcc	false	0	chi8	0.10023113116946397	0.0005302152659658055	0.0005302152659658055	0.9971331535191735	0.002866846480826468	0.027864177835221424	NaN	NaN
32	0.0	15	ZZ onsite	true	2	chi8	-0.5990754754481877	0.002120861115805006	0.002120861115805006	0.9971331535191735	0.002866846480826468	0.027864177835221424	50.728203280430165	50.75983988250829
32	0.0	15	ZZ up-up r=1	true	2	chi8	-0.592689086108045	-0.010047332964792988	0.010047332964792988	0.9971331535191735	0.002866846480826468	0.027864177835221424	48.46280191245067	49.133150248353516
32	0.0	15	SzSz r=1	false	0	chi8	-0.12393321690013107	-0.002971418433424078	0.002971418433424078	0.9971331535191735	0.002866846480826468	0.027864177835221424	NaN	NaN
32	0.0	15	hop up r=1	false	0	chi8	0.5309640544387946	0.012539633029471475	0.012539633029471475	0.9971331535191735	0.002866846480826468	0.027864177835221424	NaN	NaN
32	0.0	15	n	false	0	chi16	1.000000000063023	6.09956529729061e-11	6.09956529729061e-11	0.9998863072839811	0.0001136927160189094	0.00719243592681946	NaN	NaN
32	0.0	15	Sz	false	0	chi16	-1.496454772598188e-9	3.4070953697229456e-10	3.4070953697229456e-10	0.9998863072839811	0.0001136927160189094	0.00719243592681946	NaN	NaN
32	0.0	15	DoubleOcc	false	0	chi16	0.10023113116946397	0.0004485284025412817	0.0004485284025412817	0.9998863072839811	0.0001136927160189094	0.00719243592681946	NaN	NaN
32	0.0	15	ZZ onsite	true	2	chi16	-0.5990754754481877	0.001794113488174931	0.001794113488174931	0.9998863072839811	0.0001136927160189094	0.00719243592681946	50.737196454246224	50.75983988250829
32	0.0	15	ZZ up-up r=1	true	2	chi16	-0.592689086108045	-0.0033597516168031305	0.0033597516168031305	0.9998863072839811	0.0001136927160189094	0.00719243592681946	49.0572735932083	49.133150248353516
32	0.0	15	SzSz r=1	false	0	chi16	-0.12393321690013107	-0.00013319845388802543	0.00013319845388802543	0.9998863072839811	0.0001136927160189094	0.00719243592681946	NaN	NaN
32	0.0	15	hop up r=1	false	0	chi16	0.5309640544387946	0.00224017698226997	0.00224017698226997	0.9998863072839811	0.0001136927160189094	0.00719243592681946	NaN	NaN
32	0.0	15	n	false	0	chi32	1.000000000063023	-6.856382128717087e-11	6.856382128717087e-11	0.9999983455033505	1.6544966494613789e-6	0.0003471898909266293	NaN	NaN
32	0.0	15	Sz	false	0	chi32	-1.496454772598188e-9	-2.9288528546889125e-10	2.9288528546889125e-10	0.9999983455033505	1.6544966494613789e-6	0.0003471898909266293	NaN	NaN
32	0.0	15	DoubleOcc	false	0	chi32	0.10023113116946397	2.2714553497366063e-5	2.2714553497366063e-5	0.9999983455033505	1.6544966494613789e-6	0.0003471898909266293	NaN	NaN
32	0.0	15	ZZ onsite	true	2	chi32	-0.5990754754481877	9.085835111755092e-5	9.085835111755092e-5	0.9999983455033505	1.6544966494613789e-6	0.0003471898909266293	50.75978178395201	50.75983988250829
32	0.0	15	ZZ up-up r=1	true	2	chi32	-0.592689086108045	-0.0001623180393974799	0.0001623180393974799	0.9999983455033505	1.6544966494613789e-6	0.0003471898909266293	49.132972871459614	49.133150248353516
32	0.0	15	SzSz r=1	false	0	chi32	-0.12393321690013107	-3.902879222586475e-5	3.902879222586475e-5	0.9999983455033505	1.6544966494613789e-6	0.0003471898909266293	NaN	NaN
32	0.0	15	hop up r=1	false	0	chi32	0.5309640544387946	9.630202432597823e-5	9.630202432597823e-5	0.9999983455033505	1.6544966494613789e-6	0.0003471898909266293	NaN	NaN
32	0.0	15	n	false	0	UHF	1.000000000063023	6.301892341298299e-11	6.301892341298299e-11	0.6087983313305684	0.3912016686694316	0.5688073587208197	NaN	NaN
32	0.0	15	Sz	false	0	UHF	-1.496454772598188e-9	0.38448192417709753	0.38448192417709753	0.6087983313305684	0.3912016686694316	0.5688073587208197	NaN	NaN
32	0.0	15	DoubleOcc	false	0	UHF	0.10023113116946397	-0.00194251766089501	0.00194251766089501	0.6087983313305684	0.3912016686694316	0.5688073587208197	NaN	NaN
32	0.0	15	ZZ onsite	true	2	UHF	-0.5990754754481877	-0.007770070769615667	0.007770070769615667	0.6087983313305684	0.3912016686694316	0.5688073587208197	50.33846772827506	50.75983988250829
32	0.0	15	ZZ up-up r=1	true	2	UHF	-0.592689086108045	0.1912494562455167	0.1912494562455167	0.6087983313305684	0.3912016686694316	0.5688073587208197	8.172830528155595	49.133150248353516
32	0.0	15	SzSz r=1	false	0	UHF	-0.12393321690013107	0.047972276477932785	0.047972276477932785	0.6087983313305684	0.3912016686694316	0.5688073587208197	NaN	NaN
32	0.0	15	hop up r=1	false	0	UHF	0.5309640544387946	0.09206413682361936	0.09206413682361936	0.6087983313305684	0.3912016686694316	0.5688073587208197	NaN	NaN
32	0.0	15	n	false	0	UHFsym	1.000000000063023	6.301936750219284e-11	6.301936750219284e-11	0.9597661515090157	0.040233848490984325	0.1788853636310894	NaN	NaN
32	0.0	15	Sz	false	0	UHFsym	-1.496454772598188e-9	-1.4964548281093393e-9	1.4964548281093393e-9	0.9597661515090157	0.040233848490984325	0.1788853636310894	NaN	NaN
32	0.0	15	DoubleOcc	false	0	UHFsym	0.10023113116946397	-0.001942517660894233	0.001942517660894233	0.9597661515090157	0.040233848490984325	0.1788853636310894	NaN	NaN
32	0.0	15	ZZ onsite	true	2	UHFsym	-0.5990754754481877	-0.007770070769613002	0.007770070769613002	0.9597661515090157	0.040233848490984325	0.1788853636310894	50.338467728275354	50.75983988250829
32	0.0	15	ZZ up-up r=1	true	2	UHFsym	-0.592689086108045	-0.20329633749615972	0.20329633749615972	0.9597661515090157	0.040233848490984325	0.1788853636310894	7.373985335457539	49.133150248353516
32	0.0	15	SzSz r=1	false	0	UHFsym	-0.12393321690013107	-0.050664171957485196	0.050664171957485196	0.9597661515090157	0.040233848490984325	0.1788853636310894	NaN	NaN
32	0.0	15	hop up r=1	false	0	UHFsym	0.5309640544387946	0.0920641368236228	0.0920641368236228	0.9597661515090157	0.040233848490984325	0.1788853636310894	NaN	NaN
32	0.0	16	n	false	0	chi2	0.9999999999397187	-6.027878196590564e-11	6.027878196590564e-11	0.616178956806977	0.383821043193023	0.5069392495594609	NaN	NaN
32	0.0	16	Sz	false	0	chi2	1.104945791113865e-9	3.142451993412565e-8	3.142451993412565e-8	0.616178956806977	0.383821043193023	0.5069392495594609	NaN	NaN
32	0.0	16	DoubleOcc	false	0	chi2	0.10027732097400133	0.10027732097400133	0.10027732097400133	0.616178956806977	0.383821043193023	0.5069392495594609	NaN	NaN
32	0.0	16	ZZ onsite	true	2	chi2	-0.5988907159834311	0.4011092840165663	0.4011092840165663	0.616178956806977	0.383821043193023	0.5069392495594609	2.1765447578710653	50.7119894735152
32	0.0	16	ZZ up-up r=1	true	2	chi2	-0.43615457551091447	-0.0717102881286859	0.0717102881286859	0.616178956806977	0.383821043193023	0.5069392495594609	13.986595419744376	21.88175983057274
32	0.0	16	SzSz r=1	false	0	chi2	-0.08988793853918652	0.0012231333063706246	0.0012231333063706246	0.616178956806977	0.383821043193023	0.5069392495594609	NaN	NaN
32	0.0	16	hop up r=1	false	0	chi2	0.4440883507129863	0.4440883507129863	0.4440883507129863	0.616178956806977	0.383821043193023	0.5069392495594609	NaN	NaN
32	0.0	16	n	false	0	chi4	0.9999999999397187	-8.874967427630054e-11	8.874967427630054e-11	0.8863326717196962	0.11366732828030379	0.3116430556627096	NaN	NaN
32	0.0	16	Sz	false	0	chi4	1.104945791113865e-9	-4.559641029328043e-9	4.559641029328043e-9	0.8863326717196962	0.11366732828030379	0.3116430556627096	NaN	NaN
32	0.0	16	DoubleOcc	false	0	chi4	0.10027732097400133	0.04168047230815694	0.04168047230815694	0.8863326717196962	0.11366732828030379	0.3116430556627096	NaN	NaN
32	0.0	16	ZZ onsite	true	2	chi4	-0.5988907159834311	0.16672188941012467	0.16672188941012467	0.8863326717196962	0.11366732828030379	0.3116430556627096	10.450529395145685	50.7119894735152
32	0.0	16	ZZ up-up r=1	true	2	chi4	-0.43615457551091447	-0.1353720034309961	0.1353720034309961	0.8863326717196962	0.11366732828030379	0.3116430556627096	7.265799532920669	21.88175983057274
32	0.0	16	SzSz r=1	false	0	chi4	-0.08988793853918652	-0.013452665613809686	0.013452665613809686	0.8863326717196962	0.11366732828030379	0.3116430556627096	NaN	NaN
32	0.0	16	hop up r=1	false	0	chi4	0.4440883507129863	0.4440883507129863	0.4440883507129863	0.8863326717196962	0.11366732828030379	0.3116430556627096	NaN	NaN
32	0.0	16	n	false	0	chi8	0.9999999999397187	1.3719847480331282e-10	1.3719847480331282e-10	0.9992491678562594	0.0007508321437406096	0.017872756732548917	NaN	NaN
32	0.0	16	Sz	false	0	chi8	1.104945791113865e-9	-1.2950912495202083e-9	1.2950912495202083e-9	0.9992491678562594	0.0007508321437406096	0.017872756732548917	NaN	NaN
32	0.0	16	DoubleOcc	false	0	chi8	0.10027732097400133	0.0001646698976922878	0.0001646698976922878	0.9992491678562594	0.0007508321437406096	0.017872756732548917	NaN	NaN
32	0.0	16	ZZ onsite	true	2	chi8	-0.5988907159834311	0.000658679316369204	0.000658679316369204	0.9992491678562594	0.0007508321437406096	0.017872756732548917	50.708940184644845	50.7119894735152
32	0.0	16	ZZ up-up r=1	true	2	chi8	-0.43615457551091447	-0.009747196629135202	0.009747196629135202	0.9992491678562594	0.0007508321437406096	0.017872756732548917	21.65590878854925	21.88175983057274
32	0.0	16	SzSz r=1	false	0	chi8	-0.08988793853918652	-0.002202788020386065	0.002202788020386065	0.9992491678562594	0.0007508321437406096	0.017872756732548917	NaN	NaN
32	0.0	16	hop up r=1	false	0	chi8	0.4440883507129863	0.010882160012626707	0.010882160012626707	0.9992491678562594	0.0007508321437406096	0.017872756732548917	NaN	NaN
32	0.0	16	n	false	0	chi16	0.9999999999397187	8.236400450556403e-11	8.236400450556403e-11	0.9998656882910525	0.00013431170894750988	0.00647998103190198	NaN	NaN
32	0.0	16	Sz	false	0	chi16	1.104945791113865e-9	-2.957603953412935e-10	2.957603953412935e-10	0.9998656882910525	0.00013431170894750988	0.00647998103190198	NaN	NaN
32	0.0	16	DoubleOcc	false	0	chi16	0.10027732097400133	0.0005251098877087912	0.0005251098877087912	0.9998656882910525	0.00013431170894750988	0.00647998103190198	NaN	NaN
32	0.0	16	ZZ onsite	true	2	chi16	-0.5988907159834311	0.0021004393861070447	0.0021004393861070447	0.9998656882910525	0.00013431170894750988	0.00647998103190198	50.680998768651946	50.7119894735152
32	0.0	16	ZZ up-up r=1	true	2	chi16	-0.43615457551091447	-0.0055691964977110375	0.0055691964977110375	0.9998656882910525	0.00013431170894750988	0.00647998103190198	21.807513079363616	21.88175983057274
32	0.0	16	SzSz r=1	false	0	chi16	-0.08988793853918652	-0.000593150572037307	0.000593150572037307	0.9998656882910525	0.00013431170894750988	0.00647998103190198	NaN	NaN
32	0.0	16	hop up r=1	false	0	chi16	0.4440883507129863	0.0034166299040546133	0.0034166299040546133	0.9998656882910525	0.00013431170894750988	0.00647998103190198	NaN	NaN
32	0.0	16	n	false	0	chi32	0.9999999999397187	-1.7261903018095381e-10	1.7261903018095381e-10	0.9999973530989563	2.6469010436791507e-6	0.0007595469425922634	NaN	NaN
32	0.0	16	Sz	false	0	chi32	1.104945791113865e-9	1.7679894354083459e-10	1.7679894354083459e-10	0.9999973530989563	2.6469010436791507e-6	0.0007595469425922634	NaN	NaN
32	0.0	16	DoubleOcc	false	0	chi32	0.10027732097400133	2.592949279930923e-5	2.592949279930923e-5	0.9999973530989563	2.6469010436791507e-6	0.0007595469425922634	NaN	NaN
32	0.0	16	ZZ onsite	true	2	chi32	-0.5988907159834311	0.0001037183164344091	0.0001037183164344091	0.9999973530989563	2.6469010436791507e-6	0.0007595469425922634	50.71191386218109	50.7119894735152
32	0.0	16	ZZ up-up r=1	true	2	chi32	-0.43615457551091447	-0.00047561596471779044	0.00047561596471779044	0.9999973530989563	2.6469010436791507e-6	0.0007595469425922634	21.88121649199495	21.88175983057274
32	0.0	16	SzSz r=1	false	0	chi32	-0.08988793853918652	-9.112057776027027e-5	9.112057776027027e-5	0.9999973530989563	2.6469010436791507e-6	0.0007595469425922634	NaN	NaN
32	0.0	16	hop up r=1	false	0	chi32	0.4440883507129863	0.0003624394837012934	0.0003624394837012934	0.9999973530989563	2.6469010436791507e-6	0.0007595469425922634	NaN	NaN
32	0.0	16	n	false	0	UHF	0.9999999999397187	-6.028577637096078e-11	6.028577637096078e-11	0.5690581175660134	0.43094188243398657	0.5698271386300253	NaN	NaN
32	0.0	16	Sz	false	0	UHF	1.104945791113865e-9	-0.3844819245636526	0.3844819245636526	0.5690581175660134	0.43094188243398657	0.5698271386300253	NaN	NaN
32	0.0	16	DoubleOcc	false	0	UHF	0.10027732097400133	-0.0018963278601671352	0.0018963278601671352	0.5690581175660134	0.43094188243398657	0.5698271386300253	NaN	NaN
32	0.0	16	ZZ onsite	true	2	UHF	-0.5988907159834311	-0.007585311320096322	0.007585311320096322	0.5690581175660134	0.43094188243398657	0.5698271386300253	50.310777549321294	50.7119894735152
32	0.0	16	ZZ up-up r=1	true	2	UHF	-0.43615457551091447	0.34778396683406293	0.34778396683406293	0.5690581175660134	0.43094188243398657	0.5698271386300253	1.5326404234705795	21.88175983057274
32	0.0	16	SzSz r=1	false	0	UHF	-0.08988793853918652	0.08201755483685254	0.08201755483685254	0.5690581175660134	0.43094188243398657	0.5698271386300253	NaN	NaN
32	0.0	16	hop up r=1	false	0	UHF	0.4440883507129863	0.005188433098916756	0.005188433098916756	0.5690581175660134	0.43094188243398657	0.5698271386300253	NaN	NaN
32	0.0	16	n	false	0	UHFsym	0.9999999999397187	-6.028622046017063e-11	6.028622046017063e-11	0.9914955859370314	0.008504414062968646	0.08931638714240231	NaN	NaN
32	0.0	16	Sz	false	0	UHFsym	1.104945791113865e-9	1.104945860502804e-9	1.104945860502804e-9	0.9914955859370314	0.008504414062968646	0.08931638714240231	NaN	NaN
32	0.0	16	DoubleOcc	false	0	UHFsym	0.10027732097400133	-0.0018963278601675793	0.0018963278601675793	0.9914955859370314	0.008504414062968646	0.08931638714240231	NaN	NaN
32	0.0	16	ZZ onsite	true	2	UHFsym	-0.5988907159834311	-0.007585311320097432	0.007585311320097432	0.9914955859370314	0.008504414062968646	0.08931638714240231	50.31077754932118	50.7119894735152
32	0.0	16	ZZ up-up r=1	true	2	UHFsym	-0.43615457551091447	-0.04676182690252756	0.04676182690252756	0.9914955859370314	0.008504414062968646	0.08931638714240231	17.64612491306801	21.88175983057274
32	0.0	16	SzSz r=1	false	0	UHFsym	-0.08988793853918652	-0.016618893597294793	0.016618893597294793	0.9914955859370314	0.008504414062968646	0.08931638714240231	NaN	NaN
32	0.0	16	hop up r=1	false	0	UHFsym	0.4440883507129863	0.005188433098913203	0.005188433098913203	0.9914955859370314	0.008504414062968646	0.08931638714240231	NaN	NaN
32	0.0	17	n	false	0	chi2	0.9999999997965489	-2.0344836926255994e-10	2.0344836926255994e-10	0.599761462942956	0.40023853705704404	0.49234316329809613	NaN	NaN
32	0.0	17	Sz	false	0	chi2	-1.4690433453035112e-9	-3.926092238857124e-8	3.926092238857124e-8	0.599761462942956	0.40023853705704404	0.49234316329809613	NaN	NaN
32	0.0	17	DoubleOcc	false	0	chi2	0.10027732099065109	0.10027732099065109	0.10027732099065109	0.599761462942956	0.40023853705704404	0.49234316329809613	NaN	NaN
32	0.0	17	ZZ onsite	true	2	chi2	-0.5988907156304913	0.401109284369506	0.401109284369506	0.599761462942956	0.40023853705704404	0.49234316329809613	2.176544751657066	50.71198938215382
32	0.0	17	ZZ up-up r=1	true	2	chi2	-0.5926890848871881	0.40731091511280926	0.40731091511280926	0.599761462942956	0.40023853705704404	0.49234316329809613	2.0703110429411042	49.13314994268192
32	0.0	17	SzSz r=1	false	0	chi2	-0.12393321667487098	0.12606678332512836	0.12606678332512836	0.599761462942956	0.40023853705704404	0.49234316329809613	NaN	NaN
32	0.0	17	hop up r=1	false	0	chi2	0.5309640537296278	0.5309640537296278	0.5309640537296278	0.599761462942956	0.40023853705704404	0.49234316329809613	NaN	NaN
32	0.0	17	n	false	0	chi4	0.9999999997965489	7.966471926579288e-10	7.966471926579288e-10	0.80455364909169	0.19544635090830997	0.2040823266236508	NaN	NaN
32	0.0	17	Sz	false	0	chi4	-1.4690433453035112e-9	3.2502018090796447e-9	3.2502018090796447e-9	0.80455364909169	0.19544635090830997	0.2040823266236508	NaN	NaN
32	0.0	17	DoubleOcc	false	0	chi4	0.10027732099065109	0.04182884414600688	0.04182884414600688	0.80455364909169	0.19544635090830997	0.2040823266236508	NaN	NaN
32	0.0	17	ZZ onsite	true	2	chi4	-0.5988907156304913	0.16731537499073024	0.16731537499073024	0.80455364909169	0.19544635090830997	0.2040823266236508	10.391687737103732	50.71198938215382
32	0.0	17	ZZ up-up r=1	true	2	chi4	-0.5926890848871881	0.13913088560580922	0.13913088560580922	0.80455364909169	0.19544635090830997	0.2040823266236508	13.452325252756266	49.13314994268192
32	0.0	17	SzSz r=1	false	0	chi4	-0.12393321667487098	0.02979753727603049	0.02979753727603049	0.80455364909169	0.19544635090830997	0.2040823266236508	NaN	NaN
32	0.0	17	hop up r=1	false	0	chi4	0.5309640537296278	-0.025641630985249186	0.025641630985249186	0.80455364909169	0.19544635090830997	0.2040823266236508	NaN	NaN
32	0.0	17	n	false	0	chi8	0.9999999997965489	-1.914969294247726e-10	1.914969294247726e-10	0.9970818057227648	0.0029181942772351643	0.02791479160449593	NaN	NaN
32	0.0	17	Sz	false	0	chi8	-1.4690433453035112e-9	9.164066519518066e-10	9.164066519518066e-10	0.9970818057227648	0.0029181942772351643	0.02791479160449593	NaN	NaN
32	0.0	17	DoubleOcc	false	0	chi8	0.10027732099065109	0.0005872496287984974	0.0005872496287984974	0.9970818057227648	0.0029181942772351643	0.02791479160449593	NaN	NaN
32	0.0	17	ZZ onsite	true	2	chi8	-0.5988907156304913	0.0023489988981876264	0.0023489988981876264	0.9970818057227648	0.0029181942772351643	0.02791479160449593	50.67323594323031	50.71198938215382
32	0.0	17	ZZ up-up r=1	true	2	chi8	-0.5926890848871881	-0.010760852936551824	0.010760852936551824	0.9970818057227648	0.0029181942772351643	0.02791479160449593	48.36575003146847	49.13314994268192
32	0.0	17	SzSz r=1	false	0	chi8	-0.12393321667487098	-0.003146567001877154	0.003146567001877154	0.9970818057227648	0.0029181942772351643	0.02791479160449593	NaN	NaN
32	0.0	17	hop up r=1	false	0	chi8	0.5309640537296278	0.01308635035937411	0.01308635035937411	0.9970818057227648	0.0029181942772351643	0.02791479160449593	NaN	NaN
32	0.0	17	n	false	0	chi16	0.9999999997965489	-5.6514570800914044e-11	5.6514570800914044e-11	0.9998862496995751	0.00011375030042493073	0.00720719620873825	NaN	NaN
32	0.0	17	Sz	false	0	chi16	-1.4690433453035112e-9	4.735764419505628e-10	4.735764419505628e-10	0.9998862496995751	0.00011375030042493073	0.00720719620873825	NaN	NaN
32	0.0	17	DoubleOcc	false	0	chi16	0.10027732099065109	0.00044698204664020413	0.00044698204664020413	0.9998862496995751	0.00011375030042493073	0.00720719620873825	NaN	NaN
32	0.0	17	ZZ onsite	true	2	chi16	-0.5988907156304913	0.0017879282995910684	0.0017879282995910684	0.9998862496995751	0.00011375030042493073	0.00720719620873825	50.689530690651225	50.71198938215382
32	0.0	17	ZZ up-up r=1	true	2	chi16	-0.5926890848871881	-0.0034097659551518555	0.0034097659551518555	0.9998862496995751	0.00011375030042493073	0.00720719620873825	49.05500104525171	49.13314994268192
32	0.0	17	SzSz r=1	false	0	chi16	-0.12393321667487098	-0.00014141082862111076	0.00014141082862111076	0.9998862496995751	0.00011375030042493073	0.00720719620873825	NaN	NaN
32	0.0	17	hop up r=1	false	0	chi16	0.5309640537296278	0.002272431074891057	0.002272431074891057	0.9998862496995751	0.00011375030042493073	0.00720719620873825	NaN	NaN
32	0.0	17	n	false	0	chi32	0.9999999997965489	-1.2259182557983195e-10	1.2259182557983195e-10	0.9999983424573792	1.657542620825403e-6	0.00034961603659185777	NaN	NaN
32	0.0	17	Sz	false	0	chi32	-1.4690433453035112e-9	-8.294046005552502e-11	8.294046005552502e-11	0.9999983424573792	1.657542620825403e-6	0.00034961603659185777	NaN	NaN
32	0.0	17	DoubleOcc	false	0	chi32	0.10027732099065109	2.303475984241632e-5	2.303475984241632e-5	0.9999983424573792	1.657542620825403e-6	0.00034961603659185777	NaN	NaN
32	0.0	17	ZZ onsite	true	2	chi32	-0.5988907156304913	9.213928455298337e-5	9.213928455298337e-5	0.9999983424573792	1.657542620825403e-6	0.00034961603659185777	50.71192971081383	50.71198938215382
32	0.0	17	ZZ up-up r=1	true	2	chi32	-0.5926890848871881	-0.000167011717313148	0.000167011717313148	0.9999983424573792	1.657542620825403e-6	0.00034961603659185777	49.132962159256564	49.13314994268192
32	0.0	17	SzSz r=1	false	0	chi32	-0.12393321667487098	-3.9507880624900515e-5	3.9507880624900515e-5	0.9999983424573792	1.657542620825403e-6	0.00034961603659185777	NaN	NaN
32	0.0	17	hop up r=1	false	0	chi32	0.5309640537296278	9.837341702589875e-5	9.837341702589875e-5	0.9999983424573792	1.657542620825403e-6	0.00034961603659185777	NaN	NaN
32	0.0	17	n	false	0	UHF	0.9999999997965489	-2.0345036766400426e-10	2.0345036766400426e-10	0.6087983313085477	0.39120166869145234	0.5688073584587391	NaN	NaN
32	0.0	17	Sz	false	0	UHF	-1.4690433453035112e-9	0.38448192419955624	0.38448192419955624	0.6087983313085477	0.39120166869145234	0.5688073584587391	NaN	NaN
32	0.0	17	DoubleOcc	false	0	UHF	0.10027732099065109	-0.001896327843513984	0.001896327843513984	0.6087983313085477	0.39120166869145234	0.5688073584587391	NaN	NaN
32	0.0	17	ZZ onsite	true	2	UHF	-0.5988907156304913	-0.007585310967153203	0.007585310967153203	0.6087983313085477	0.39120166869145234	0.5688073584587391	50.310777495986336	50.71198938215382
32	0.0	17	ZZ up-up r=1	true	2	UHF	-0.5926890848871881	0.1912494574663316	0.1912494574663316	0.6087983313085477	0.39120166869145234	0.5688073584587391	8.172830405525135	49.13314994268192
32	0.0	17	SzSz r=1	false	0	UHF	-0.12393321667487098	0.04797227670318935	0.04797227670318935	0.6087983313085477	0.39120166869145234	0.5688073584587391	NaN	NaN
32	0.0	17	hop up r=1	false	0	UHF	0.5309640537296278	0.09206413611447717	0.09206413611447717	0.6087983313085477	0.39120166869145234	0.5688073584587391	NaN	NaN
32	0.0	17	n	false	0	UHFsym	0.9999999997965489	-2.0345047868630672e-10	2.0345047868630672e-10	0.959766151887157	0.04023384811284303	0.17888536293064577	NaN	NaN
32	0.0	17	Sz	false	0	UHFsym	-1.4690433453035112e-9	-1.4690433799979807e-9	1.4690433799979807e-9	0.959766151887157	0.04023384811284303	0.17888536293064577	NaN	NaN
32	0.0	17	DoubleOcc	false	0	UHFsym	0.10027732099065109	-0.0018963278435134845	0.0018963278435134845	0.959766151887157	0.04023384811284303	0.17888536293064577	NaN	NaN
32	0.0	17	ZZ onsite	true	2	UHFsym	-0.5988907156304913	-0.007585310967151093	0.007585310967151093	0.959766151887157	0.04023384811284303	0.17888536293064577	50.31077749598656	50.71198938215382
32	0.0	17	ZZ up-up r=1	true	2	UHFsym	-0.5926890848871881	-0.20329633627531746	0.20329633627531746	0.959766151887157	0.04023384811284303	0.17888536293064577	7.373985378836066	49.13314994268192
32	0.0	17	SzSz r=1	false	0	UHFsym	-0.12393321667487098	-0.05066417173222733	0.05066417173222733	0.959766151887157	0.04023384811284303	0.17888536293064577	NaN	NaN
32	0.0	17	hop up r=1	false	0	UHFsym	0.5309640537296278	0.09206413611447017	0.09206413611447017	0.959766151887157	0.04023384811284303	0.17888536293064577	NaN	NaN
32	0.0	18	n	false	0	chi2	0.9999999998724812	-1.275151095825322e-10	1.275151095825322e-10	0.6164392684702523	0.3835607315297477	0.5063651948184545	NaN	NaN
32	0.0	18	Sz	false	0	chi2	1.4544186584253271e-9	3.924629764576193e-8	3.924629764576193e-8	0.6164392684702523	0.3835607315297477	0.5063651948184545	NaN	NaN
32	0.0	18	DoubleOcc	false	0	chi2	0.1002311309452662	0.10023113094526623	0.10023113094526623	0.6164392684702523	0.3835607315297477	0.5063651948184545	NaN	NaN
32	0.0	18	ZZ onsite	true	2	chi2	-0.5990754759638943	0.400924524036102	0.400924524036102	0.6164392684702523	0.3835607315297477	0.5063651948184545	2.179800398366936	50.75984001613661
32	0.0	18	ZZ up-up r=1	true	2	chi2	-0.43530292757406314	-0.06961419629052729	0.06961419629052729	0.6164392684702523	0.3835607315297477	0.5063651948184545	14.222383062301201	21.781244238301614
32	0.0	18	SzSz r=1	false	0	chi2	-0.0897027439946418	0.0017194388262421617	0.0017194388262421617	0.6164392684702523	0.3835607315297477	0.5063651948184545	NaN	NaN
32	0.0	18	hop up r=1	false	0	chi2	0.4436151742297212	0.4436151742297212	0.4436151742297212	0.6164392684702523	0.3835607315297477	0.5063651948184545	NaN	NaN
32	0.0	18	n	false	0	chi4	0.9999999998724812	-1.1276265476922731e-9	1.1276265476922731e-9	0.886522477209682	0.11347752279031798	0.31110630715914034	NaN	NaN
32	0.0	18	Sz	false	0	chi4	1.4544186584253271e-9	-2.6280841426695734e-9	2.6280841426695734e-9	0.886522477209682	0.11347752279031798	0.31110630715914034	NaN	NaN
32	0.0	18	DoubleOcc	false	0	chi4	0.1002311309452662	0.041782653100518874	0.041782653100518874	0.886522477209682	0.11347752279031798	0.31110630715914034	NaN	NaN
32	0.0	18	ZZ onsite	true	2	chi4	-0.5990754759638943	0.16713061465732726	0.16713061465732726	0.886522477209682	0.11347752279031798	0.31110630715914034	10.416921660687262	50.75984001613661
32	0.0	18	ZZ up-up r=1	true	2	chi4	-0.43530292757406314	-0.13353053040780222	0.13353053040780222	0.886522477209682	0.11347752279031798	0.31110630715914034	7.369825650986025	21.781244238301614
32	0.0	18	SzSz r=1	false	0	chi4	-0.0897027439946418	-0.013040388353710838	0.013040388353710838	0.886522477209682	0.11347752279031798	0.31110630715914034	NaN	NaN
32	0.0	18	hop up r=1	false	0	chi4	0.4436151742297212	0.4436151742297212	0.4436151742297212	0.886522477209682	0.11347752279031798	0.31110630715914034	NaN	NaN
32	0.0	18	n	false	0	chi8	0.9999999998724812	-2.8828617271159374e-10	2.8828617271159374e-10	0.9992469996606921	0.0007530003393079188	0.017935996666206055	NaN	NaN
32	0.0	18	Sz	false	0	chi8	1.4544186584253271e-9	-1.1277486132443837e-9	1.1277486132443837e-9	0.9992469996606921	0.0007530003393079188	0.017935996666206055	NaN	NaN
32	0.0	18	DoubleOcc	false	0	chi8	0.1002311309452662	0.00018028984967063955	0.00018028984967063955	0.9992469996606921	0.0007530003393079188	0.017935996666206055	NaN	NaN
32	0.0	18	ZZ onsite	true	2	chi8	-0.5990754759638943	0.0007211599752564579	0.0007211599752564579	0.9992469996606921	0.0007530003393079188	0.017935996666206055	50.756180125967454	50.75984001613661
32	0.0	18	ZZ up-up r=1	true	2	chi8	-0.43530292757406314	-0.009104350288030916	0.009104350288030916	0.9992469996606921	0.0007530003393079188	0.017935996666206055	21.58502622739967	21.781244238301614
32	0.0	18	SzSz r=1	false	0	chi8	-0.0897027439946418	-0.0020457968111781966	0.0020457968111781966	0.9992469996606921	0.0007530003393079188	0.017935996666206055	NaN	NaN
32	0.0	18	hop up r=1	false	0	chi8	0.4436151742297212	0.010657555852860712	0.010657555852860712	0.9992469996606921	0.0007530003393079188	0.017935996666206055	NaN	NaN
32	0.0	18	n	false	0	chi16	0.9999999998724812	-2.0118939847435513e-10	2.0118939847435513e-10	0.9998655719702025	0.00013442802979746205	0.006420472959088014	NaN	NaN
32	0.0	18	Sz	false	0	chi16	1.4544186584253271e-9	-3.888191088541326e-10	3.888191088541326e-10	0.9998655719702025	0.00013442802979746205	0.006420472959088014	NaN	NaN
32	0.0	18	DoubleOcc	false	0	chi16	0.1002311309452662	0.0005264532412982692	0.0005264532412982692	0.9998655719702025	0.00013442802979746205	0.006420472959088014	NaN	NaN
32	0.0	18	ZZ onsite	true	2	chi16	-0.5990754759638943	0.002105813367574094	0.002105813367574094	0.9998655719702025	0.00013442802979746205	0.006420472959088014	50.728650476974224	50.75984001613661
32	0.0	18	ZZ up-up r=1	true	2	chi16	-0.43530292757406314	-0.005516516115910752	0.005516516115910752	0.9998655719702025	0.00013442802979746205	0.006420472959088014	21.708791666818893	21.781244238301614
32	0.0	18	SzSz r=1	false	0	chi16	-0.0897027439946418	-0.0005796000449014155	0.0005796000449014155	0.9998655719702025	0.00013442802979746205	0.006420472959088014	NaN	NaN
32	0.0	18	hop up r=1	false	0	chi16	0.4436151742297212	0.003393038683343952	0.003393038683343952	0.9998655719702025	0.00013442802979746205	0.006420472959088014	NaN	NaN
32	0.0	18	n	false	0	chi32	0.9999999998724812	1.3219259020758045e-10	1.3219259020758045e-10	0.9999973547519972	2.645248002752787e-6	0.0007570631988848591	NaN	NaN
32	0.0	18	Sz	false	0	chi32	1.4544186584253271e-9	3.0872826864425384e-10	3.0872826864425384e-10	0.9999973547519972	2.645248002752787e-6	0.0007570631988848591	NaN	NaN
32	0.0	18	DoubleOcc	false	0	chi32	0.1002311309452662	2.5669899545693875e-5	2.5669899545693875e-5	0.9999973547519972	2.645248002752787e-6	0.0007570631988848591	NaN	NaN
32	0.0	18	ZZ onsite	true	2	chi32	-0.5990754759638943	0.00010267933379992655	0.00010267933379992655	0.9999973547519972	2.645248002752787e-6	0.0007570631988848591	50.75976581653275	50.75984001613661
32	0.0	18	ZZ up-up r=1	true	2	chi32	-0.43530292757406314	-0.0004732523985450654	0.0004732523985450654	0.9999973547519972	2.645248002752787e-6	0.0007570631988848591	21.78070924784401	21.781244238301614
32	0.0	18	SzSz r=1	false	0	chi32	-0.0897027439946418	-9.023219817992645e-5	9.023219817992645e-5	0.9999973547519972	2.645248002752787e-6	0.0007570631988848591	NaN	NaN
32	0.0	18	hop up r=1	false	0	chi32	0.4436151742297212	0.00036122576909902726	0.00036122576909902726	0.9999973547519972	2.645248002752787e-6	0.0007570631988848591	NaN	NaN
32	0.0	18	n	false	0	UHF	0.9999999998724812	-1.2750278610695887e-10	1.2750278610695887e-10	0.5688151936582496	0.4311848063417504	0.5698794166684641	NaN	NaN
32	0.0	18	Sz	false	0	UHF	1.4544186584253271e-9	-0.38448192421912725	0.38448192421912725	0.5688151936582496	0.4311848063417504	0.5698794166684641	NaN	NaN
32	0.0	18	DoubleOcc	false	0	UHF	0.1002311309452662	-0.0019425178850876745	0.0019425178850876745	0.5688151936582496	0.4311848063417504	0.5698794166684641	NaN	NaN
32	0.0	18	ZZ onsite	true	2	UHF	-0.5990754759638943	-0.007770071285341906	0.007770071285341906	0.5688151936582496	0.4311848063417504	0.5698794166684641	50.338467804919866	50.75984001613661
32	0.0	18	ZZ up-up r=1	true	2	UHF	-0.43530292757406314	0.34863561478264443	0.34863561478264443	0.5688151936582496	0.4311848063417504	0.5698794166684641	1.5199695680742251	21.781244238301614
32	0.0	18	SzSz r=1	false	0	UHF	-0.0897027439946418	0.08220274938528983	0.08220274938528983	0.5688151936582496	0.4311848063417504	0.5698794166684641	NaN	NaN
32	0.0	18	hop up r=1	false	0	UHF	0.4436151742297212	0.004715256624359676	0.004715256624359676	0.5688151936582496	0.4311848063417504	0.5698794166684641	NaN	NaN
32	0.0	18	n	false	0	UHFsym	0.9999999998724812	-1.275030081515638e-10	1.275030081515638e-10	0.9915612331249386	0.008438766875061399	0.08895856083959588	NaN	NaN
32	0.0	18	Sz	false	0	UHFsym	1.4544186584253271e-9	1.454418672303115e-9	1.454418672303115e-9	0.9915612331249386	0.008438766875061399	0.08895856083959588	NaN	NaN
32	0.0	18	DoubleOcc	false	0	UHFsym	0.1002311309452662	-0.0019425178850880631	0.0019425178850880631	0.9915612331249386	0.008438766875061399	0.08895856083959588	NaN	NaN
32	0.0	18	ZZ onsite	true	2	UHFsym	-0.5990754759638943	-0.0077700712853431275	0.0077700712853431275	0.9915612331249386	0.008438766875061399	0.08895856083959588	50.33846780491973	50.75984001613661
32	0.0	18	ZZ up-up r=1	true	2	UHFsym	-0.43530292757406314	-0.045910178966862	0.045910178966862	0.9915612331249386	0.008438766875061399	0.08895856083959588	17.691692366693623	21.781244238301614
32	0.0	18	SzSz r=1	false	0	UHFsym	-0.0897027439946418	-0.016433699052091827	0.016433699052091827	0.9915612331249386	0.008438766875061399	0.08895856083959588	NaN	NaN
32	0.0	18	hop up r=1	false	0	UHFsym	0.4436151742297212	0.004715256624348685	0.004715256624348685	0.9915612331249386	0.008438766875061399	0.08895856083959588	NaN	NaN
32	0.0	19	n	false	0	chi2	0.9999999999052951	-9.47006917328963e-11	9.47006917328963e-11	0.6006915427848855	0.39930845721511454	0.49202028951719456	NaN	NaN
32	0.0	19	Sz	false	0	chi2	-1.266936805466301e-9	-4.860689720430935e-8	4.860689720430935e-8	0.6006915427848855	0.39930845721511454	0.49202028951719456	NaN	NaN
32	0.0	19	DoubleOcc	false	0	chi2	0.10032518215490693	0.10032518215490693	0.10032518215490693	0.6006915427848855	0.39930845721511454	0.49202028951719456	NaN	NaN
32	0.0	19	ZZ onsite	true	2	chi2	-0.598699271190959	0.4013007288090368	0.4013007288090368	0.6006915427848855	0.39930845721511454	0.49202028951719456	2.173176979332015	50.66245803160347
32	0.0	19	ZZ up-up r=1	true	2	chi2	-0.5944326575677735	0.40556734243222226	0.40556734243222226	0.6006915427848855	0.39930845721511454	0.49202028951719456	2.099590517954321	49.571737778247
32	0.0	19	SzSz r=1	false	0	chi2	-0.12431228716391965	0.1256877128360793	0.1256877128360793	0.6006915427848855	0.39930845721511454	0.49202028951719456	NaN	NaN
32	0.0	19	hop up r=1	false	0	chi2	0.5319297793108707	0.5319297793108707	0.5319297793108707	0.6006915427848855	0.39930845721511454	0.49202028951719456	NaN	NaN
32	0.0	19	n	false	0	chi4	0.9999999999052951	-1.24624977004828e-9	1.24624977004828e-9	0.8050035960703055	0.19499640392969453	0.2033495198160482	NaN	NaN
32	0.0	19	Sz	false	0	chi4	-1.266936805466301e-9	1.1857056031461255e-9	1.1857056031461255e-9	0.8050035960703055	0.19499640392969453	0.2033495198160482	NaN	NaN
32	0.0	19	DoubleOcc	false	0	chi4	0.10032518215490693	0.04190197990835612	0.04190197990835612	0.8050035960703055	0.19499640392969453	0.2033495198160482	NaN	NaN
32	0.0	19	ZZ onsite	true	2	chi4	-0.598699271190959	0.1676079221259228	0.1676079221259228	0.8050035960703055	0.19499640392969453	0.2033495198160482	10.355672897337353	50.66245803160347
32	0.0	19	ZZ up-up r=1	true	2	chi4	-0.5944326575677735	0.13725278625975723	0.13725278625975723	0.8050035960703055	0.19499640392969453	0.2033495198160482	13.810098123746634	49.571737778247
32	0.0	19	SzSz r=1	false	0	chi4	-0.12431228716391965	0.02939747295757264	0.02939747295757264	0.8050035960703055	0.19499640392969453	0.2033495198160482	NaN	NaN
32	0.0	19	hop up r=1	false	0	chi4	0.5319297793108707	-0.024378326183194132	0.024378326183194132	0.8050035960703055	0.19499640392969453	0.2033495198160482	NaN	NaN
32	0.0	19	n	false	0	chi8	0.9999999999052951	-3.634987866263373e-10	3.634987866263373e-10	0.9970997382426984	0.0029002617573016254	0.027530722796227987	NaN	NaN
32	0.0	19	Sz	false	0	chi8	-1.266936805466301e-9	6.470980973283247e-10	6.470980973283247e-10	0.9970997382426984	0.0029002617573016254	0.027530722796227987	NaN	NaN
32	0.0	19	DoubleOcc	false	0	chi8	0.10032518215490693	0.0006024282187984398	0.0006024282187984398	0.9970997382426984	0.0029002617573016254	0.027530722796227987	NaN	NaN
32	0.0	19	ZZ onsite	true	2	chi8	-0.598699271190959	0.0024097136021923315	0.0024097136021923315	0.9970997382426984	0.0029002617573016254	0.027530722796227987	50.62173138938008	50.66245803160347
32	0.0	19	ZZ up-up r=1	true	2	chi8	-0.5944326575677735	-0.01139829190360353	0.01139829190360353	0.9970997382426984	0.0029002617573016254	0.027530722796227987	48.701967868452606	49.571737778247
32	0.0	19	SzSz r=1	false	0	chi8	-0.12431228716391965	-0.0032987337166291153	0.0032987337166291153	0.9970997382426984	0.0029002617573016254	0.027530722796227987	NaN	NaN
32	0.0	19	hop up r=1	false	0	chi8	0.5319297793108707	0.013327003848359387	0.013327003848359387	0.9970997382426984	0.0029002617573016254	0.027530722796227987	NaN	NaN
32	0.0	19	n	false	0	chi16	0.9999999999052951	-3.7741565428461854e-10	3.7741565428461854e-10	0.9998860502364391	0.00011394976356093878	0.00718521354161715	NaN	NaN
32	0.0	19	Sz	false	0	chi16	-1.266936805466301e-9	1.3122039566049182e-10	1.3122039566049182e-10	0.9998860502364391	0.00011394976356093878	0.00718521354161715	NaN	NaN
32	0.0	19	DoubleOcc	false	0	chi16	0.10032518215490693	0.00044257188535282155	0.00044257188535282155	0.9998860502364391	0.00011394976356093878	0.00718521354161715	NaN	NaN
32	0.0	19	ZZ onsite	true	2	chi16	-0.598699271190959	0.0017702882962447042	0.0017702882962447042	0.9998860502364391	0.00011394976356093878	0.00718521354161715	50.640469487661576	50.66245803160347
32	0.0	19	ZZ up-up r=1	true	2	chi16	-0.5944326575677735	-0.00339820416838732	0.00339820416838732	0.9998860502364391	0.00011394976356093878	0.00718521354161715	49.4931739637104	49.571737778247
32	0.0	19	SzSz r=1	false	0	chi16	-0.12431228716391965	-0.00013572431156230746	0.00013572431156230746	0.9998860502364391	0.00011394976356093878	0.00718521354161715	NaN	NaN
32	0.0	19	hop up r=1	false	0	chi16	0.5319297793108707	0.0022813898991936865	0.0022813898991936865	0.9998860502364391	0.00011394976356093878	0.00718521354161715	NaN	NaN
32	0.0	19	n	false	0	chi32	0.9999999999052951	-2.382070096729194e-10	2.382070096729194e-10	0.9999983603211167	1.6396788833361597e-6	0.00033879590343775643	NaN	NaN
32	0.0	19	Sz	false	0	chi32	-1.266936805466301e-9	-4.2017449936038176e-10	4.2017449936038176e-10	0.9999983603211167	1.6396788833361597e-6	0.00033879590343775643	NaN	NaN
32	0.0	19	DoubleOcc	false	0	chi32	0.10032518215490693	2.1485616930910778e-5	2.1485616930910778e-5	0.9999983603211167	1.6396788833361597e-6	0.00033879590343775643	NaN	NaN
32	0.0	19	ZZ onsite	true	2	chi32	-0.598699271190959	8.594294413932779e-5	8.594294413932779e-5	0.9999983603211167	1.6396788833361597e-6	0.00033879590343775643	50.66240618539294	50.66245803160347
32	0.0	19	ZZ up-up r=1	true	2	chi32	-0.5944326575677735	-0.00015072021427209314	0.00015072021427209314	0.9999983603211167	1.6396788833361597e-6	0.00033879590343775643	49.571582984250604	49.571737778247
32	0.0	19	SzSz r=1	false	0	chi32	-0.12431228716391965	-3.597754313153234e-5	3.597754313153234e-5	0.9999983603211167	1.6396788833361597e-6	0.00033879590343775643	NaN	NaN
32	0.0	19	hop up r=1	false	0	chi32	0.5319297793108707	9.007160494634014e-5	9.007160494634014e-5	0.9999983603211167	1.6396788833361597e-6	0.00033879590343775643	NaN	NaN
32	0.0	19	n	false	0	UHF	0.9999999999052951	-9.470302320124802e-11	9.470302320124802e-11	0.6091788925876218	0.3908211074123782	0.5688876114557666	NaN	NaN
32	0.0	19	Sz	false	0	UHF	-1.266936805466301e-9	0.3844819244093227	0.3844819244093227	0.6091788925876218	0.3908211074123782	0.5688876114557666	NaN	NaN
32	0.0	19	DoubleOcc	false	0	UHF	0.10032518215490693	-0.0018484666733674382	0.0018484666733674382	0.6091788925876218	0.3908211074123782	0.5688876114557666	NaN	NaN
32	0.0	19	ZZ onsite	true	2	UHF	-0.598699271190959	-0.007393866504060376	0.007393866504060376	0.6091788925876218	0.3908211074123782	0.5688876114557666	50.281600058566625	50.66245803160347
32	0.0	19	ZZ up-up r=1	true	2	UHF	-0.5944326575677735	0.1895058849709198	0.1895058849709198	0.6091788925876218	0.3908211074123782	0.5688876114557666	8.35025739266423	49.571737778247
32	0.0	19	SzSz r=1	false	0	UHF	-0.12431228716391965	0.04759320625976901	0.04759320625976901	0.6091788925876218	0.3908211074123782	0.5688876114557666	NaN	NaN
32	0.0	19	hop up r=1	false	0	UHF	0.5319297793108707	0.0930298616896601	0.0930298616896601	0.6091788925876218	0.3908211074123782	0.5688876114557666	NaN	NaN
32	0.0	19	n	false	0	UHFsym	0.9999999999052951	-9.470291217894555e-11	9.470291217894555e-11	0.9591710249619557	0.04082897503804428	0.1799967296861215	NaN	NaN
32	0.0	19	Sz	false	0	UHFsym	-1.266936805466301e-9	-1.2669367777107254e-9	1.2669367777107254e-9	0.9591710249619557	0.04082897503804428	0.1799967296861215	NaN	NaN
32	0.0	19	DoubleOcc	false	0	UHFsym	0.10032518215490693	-0.0018484666733680766	0.0018484666733680766	0.9591710249619557	0.04082897503804428	0.1799967296861215	NaN	NaN
32	0.0	19	ZZ onsite	true	2	UHFsym	-0.598699271190959	-0.007393866504062929	0.007393866504062929	0.9591710249619557	0.04082897503804428	0.1799967296861215	50.28160005856637	50.66245803160347
32	0.0	19	ZZ up-up r=1	true	2	UHFsym	-0.5944326575677735	-0.20503990889073365	0.20503990889073365	0.9591710249619557	0.04082897503804428	0.1799967296861215	7.312509481293442	49.571737778247
32	0.0	19	SzSz r=1	false	0	UHFsym	-0.12431228716391965	-0.051043242205649	0.051043242205649	0.9591710249619557	0.04082897503804428	0.1799967296861215	NaN	NaN
32	0.0	19	hop up r=1	false	0	UHFsym	0.5319297793108707	0.09302986168964972	0.09302986168964972	0.9591710249619557	0.04082897503804428	0.1799967296861215	NaN	NaN
32	0.0	20	n	false	0	chi2	1.0000000000141085	1.411226691061529e-11	1.411226691061529e-11	0.6171177971851136	0.3828822028148864	0.5050440234942689	NaN	NaN
32	0.0	20	Sz	false	0	chi2	1.57489869409555e-9	4.8914858979259845e-8	4.8914858979259845e-8	0.6171177971851136	0.3828822028148864	0.5050440234942689	NaN	NaN
32	0.0	20	DoubleOcc	false	0	chi2	0.10017962444479678	0.10017962444479678	0.10017962444479678	0.6171177971851136	0.3828822028148864	0.5050440234942689	NaN	NaN
32	0.0	20	ZZ onsite	true	2	chi2	-0.5992815022490265	0.4007184977509697	0.4007184977509697	0.6171177971851136	0.3828822028148864	0.5050440234942689	2.1834371047131356	50.813254671272816
32	0.0	20	ZZ up-up r=1	true	2	chi2	-0.4326221541191404	-0.06668644573187205	0.06668644573187205	0.6171177971851136	0.3828822028148864	0.5050440234942689	14.443306995484225	21.467318671419854
32	0.0	20	SzSz r=1	false	0	chi2	-0.0891198283080864	0.002364098788730687	0.002364098788730687	0.6171177971851136	0.3828822028148864	0.5050440234942689	NaN	NaN
32	0.0	20	hop up r=1	false	0	chi2	0.44212489877657873	0.44212489877657873	0.44212489877657873	0.6171177971851136	0.3828822028148864	0.5050440234942689	NaN	NaN
32	0.0	20	n	false	0	chi4	1.0000000000141085	1.165643359613e-9	1.165643359613e-9	0.8870175509406861	0.11298244905931387	0.3099336949235866	NaN	NaN
32	0.0	20	Sz	false	0	chi4	1.57489869409555e-9	-4.511529379247481e-10	4.511529379247481e-10	0.8870175509406861	0.11298244905931387	0.3099336949235866	NaN	NaN
32	0.0	20	DoubleOcc	false	0	chi4	0.10017962444479678	0.04175642334978602	0.04175642334978602	0.8870175509406861	0.11298244905931387	0.3099336949235866	NaN	NaN
32	0.0	20	ZZ onsite	true	2	chi4	-0.5992815022490265	0.16702569106785536	0.16702569106785536	0.8870175509406861	0.11298244905931387	0.3099336949235866	10.435102376765526	50.813254671272816
32	0.0	20	ZZ up-up r=1	true	2	chi4	-0.4326221541191404	-0.13136236869981566	0.13136236869981566	0.8870175509406861	0.11298244905931387	0.3099336949235866	7.4357059496089715	21.467318671419854
32	0.0	20	SzSz r=1	false	0	chi4	-0.0891198283080864	-0.01261166687025607	0.01261166687025607	0.8870175509406861	0.11298244905931387	0.3099336949235866	NaN	NaN
32	0.0	20	hop up r=1	false	0	chi4	0.44212489877657873	0.44212489877657873	0.44212489877657873	0.8870175509406861	0.11298244905931387	0.3099336949235866	NaN	NaN
32	0.0	20	n	false	0	chi8	1.0000000000141085	7.457823247847273e-11	7.457823247847273e-11	0.9992699675403135	0.0007300324596865027	0.017658513384616784	NaN	NaN
32	0.0	20	Sz	false	0	chi8	1.57489869409555e-9	-1.4189100588923864e-10	1.4189100588923864e-10	0.9992699675403135	0.0007300324596865027	0.017658513384616784	NaN	NaN
32	0.0	20	DoubleOcc	false	0	chi8	0.10017962444479678	0.00014036796756439207	0.00014036796756439207	0.9992699675403135	0.0007300324596865027	0.017658513384616784	NaN	NaN
32	0.0	20	ZZ onsite	true	2	chi8	-0.5992815022490265	0.0005614717211029907	0.0005614717211029907	0.9992699675403135	0.0007300324596865027	0.017658513384616784	50.8110329121522	50.813254671272816
32	0.0	20	ZZ up-up r=1	true	2	chi8	-0.4326221541191404	-0.00831850027893044	0.00831850027893044	0.9992699675403135	0.0007300324596865027	0.017658513384616784	21.306091844623335	21.467318671419854
32	0.0	20	SzSz r=1	false	0	chi8	-0.0891198283080864	-0.0018412306425159564	0.0018412306425159564	0.9992699675403135	0.0007300324596865027	0.017658513384616784	NaN	NaN
32	0.0	20	hop up r=1	false	0	chi8	0.44212489877657873	0.010220771578431265	0.010220771578431265	0.9992699675403135	0.0007300324596865027	0.017658513384616784	NaN	NaN
32	0.0	20	n	false	0	chi16	1.0000000000141085	7.91312571024605e-11	7.91312571024605e-11	0.9998652392247068	0.00013476077529317454	0.006212028461991531	NaN	NaN
32	0.0	20	Sz	false	0	chi16	1.57489869409555e-9	8.231558837334951e-11	8.231558837334951e-11	0.9998652392247068	0.00013476077529317454	0.006212028461991531	NaN	NaN
32	0.0	20	DoubleOcc	false	0	chi16	0.10017962444479678	0.0005216511242943367	0.0005216511242943367	0.9998652392247068	0.00013476077529317454	0.006212028461991531	NaN	NaN
32	0.0	20	ZZ onsite	true	2	chi16	-0.5992815022490265	0.002086604338916498	0.002086604338916498	0.9998652392247068	0.00013476077529317454	0.006212028461991531	50.78258718299638	50.813254671272816
32	0.0	20	ZZ up-up r=1	true	2	chi16	-0.4326221541191404	-0.005328615158038452	0.005328615158038452	0.9998652392247068	0.00013476077529317454	0.006212028461991531	21.40086736435144	21.467318671419854
32	0.0	20	SzSz r=1	false	0	chi16	-0.0891198283080864	-0.0005423888883588357	0.0005423888883588357	0.9998652392247068	0.00013476077529317454	0.006212028461991531	NaN	NaN
32	0.0	20	hop up r=1	false	0	chi16	0.44212489877657873	0.003310005735874977	0.003310005735874977	0.9998652392247068	0.00013476077529317454	0.006212028461991531	NaN	NaN
32	0.0	20	n	false	0	chi32	1.0000000000141085	1.1458989312984613e-10	1.1458989312984613e-10	0.9999973706658296	2.6293341703897966e-6	0.0007425752843967491	NaN	NaN
32	0.0	20	Sz	false	0	chi32	1.57489869409555e-9	2.0704132505655615e-10	2.0704132505655615e-10	0.9999973706658296	2.6293341703897966e-6	0.0007425752843967491	NaN	NaN
32	0.0	20	DoubleOcc	false	0	chi32	0.10017962444479678	2.3417067304271066e-5	2.3417067304271066e-5	0.9999973706658296	2.6293341703897966e-6	0.0007425752843967491	NaN	NaN
32	0.0	20	ZZ onsite	true	2	chi32	-0.5992815022490265	9.366804004018459e-5	9.366804004018459e-5	0.9999973706658296	2.6293341703897966e-6	0.0007425752843967491	50.813192835111245	50.813254671272816
32	0.0	20	ZZ up-up r=1	true	2	chi32	-0.4326221541191404	-0.00044682076713475904	0.00044682076713475904	0.9999973706658296	2.6293341703897966e-6	0.0007425752843967491	21.466849989217756	21.467318671419854
32	0.0	20	SzSz r=1	false	0	chi32	-0.0891198283080864	-8.719935900700082e-5	8.719935900700082e-5	0.9999973706658296	2.6293341703897966e-6	0.0007425752843967491	NaN	NaN
32	0.0	20	hop up r=1	false	0	chi32	0.44212489877657873	0.0003428672018273571	0.0003428672018273571	0.9999973706658296	2.6293341703897966e-6	0.0007425752843967491	NaN	NaN
32	0.0	20	n	false	0	UHF	1.0000000000141085	1.4122703007046766e-11	1.4122703007046766e-11	0.5680484414901136	0.4319515585098864	0.5700466339522503	NaN	NaN
32	0.0	20	Sz	false	0	UHF	1.57489869409555e-9	-0.38448192420793176	0.38448192420793176	0.5680484414901136	0.4319515585098864	0.5700466339522503	NaN	NaN
32	0.0	20	DoubleOcc	false	0	UHF	0.10017962444479678	-0.001994024301522207	0.001994024301522207	0.5680484414901136	0.4319515585098864	0.5700466339522503	NaN	NaN
32	0.0	20	ZZ onsite	true	2	UHF	-0.5992815022490265	-0.007976097234330903	0.007976097234330903	0.5680484414901136	0.4319515585098864	0.5700466339522503	50.36880184479458	50.813254671272816
32	0.0	20	ZZ up-up r=1	true	2	UHF	-0.4326221541191404	0.35131638843374524	0.35131638843374524	0.5680484414901136	0.4319515585098864	0.5700466339522503	1.4808015498740041	21.467318671419854
32	0.0	20	SzSz r=1	false	0	UHF	-0.0891198283080864	0.08278566514216396	0.08278566514216396	0.5680484414901136	0.4319515585098864	0.5700466339522503	NaN	NaN
32	0.0	20	hop up r=1	false	0	UHF	0.44212489877657873	0.003224981365117119	0.003224981365117119	0.5680484414901136	0.4319515585098864	0.5700466339522503	NaN	NaN
32	0.0	20	n	false	0	UHFsym	1.0000000000141085	1.4122591984744304e-11	1.4122591984744304e-11	0.991760999760516	0.008239000239483985	0.0878502009529053	NaN	NaN
32	0.0	20	Sz	false	0	UHFsym	1.57489869409555e-9	1.5748987357289135e-9	1.5748987357289135e-9	0.991760999760516	0.008239000239483985	0.0878502009529053	NaN	NaN
32	0.0	20	DoubleOcc	false	0	UHFsym	0.10017962444479678	-0.001994024301522457	0.001994024301522457	0.991760999760516	0.008239000239483985	0.0878502009529053	NaN	NaN
32	0.0	20	ZZ onsite	true	2	UHFsym	-0.5992815022490265	-0.007976097234331903	0.007976097234331903	0.991760999760516	0.008239000239483985	0.0878502009529053	50.368801844794476	50.813254671272816
32	0.0	20	ZZ up-up r=1	true	2	UHFsym	-0.4326221541191404	-0.043229405560232026	0.043229405560232026	0.991760999760516	0.008239000239483985	0.0878502009529053	17.82462696026312	21.467318671419854
32	0.0	20	SzSz r=1	false	0	UHFsym	-0.0891198283080864	-0.015850783356333775	0.015850783356333775	0.991760999760516	0.008239000239483985	0.0878502009529053	NaN	NaN
32	0.0	20	hop up r=1	false	0	UHFsym	0.44212489877657873	0.0032249813651087367	0.0032249813651087367	0.991760999760516	0.008239000239483985	0.0878502009529053	NaN	NaN
32	0.0	21	n	false	0	chi2	1.0000000000950657	9.50697298662817e-11	9.50697298662817e-11	0.6026274823383089	0.3973725176616911	0.49122587579548127	NaN	NaN
32	0.0	21	Sz	false	0	chi2	-1.2621972356186006e-9	-6.045947009763643e-8	6.045947009763643e-8	0.6026274823383089	0.3973725176616911	0.49122587579548127	NaN	NaN
32	0.0	21	DoubleOcc	false	0	chi2	0.10038170673119667	0.10038170673119667	0.10038170673119667	0.6026274823383089	0.3973725176616911	0.49122587579548127	NaN	NaN
32	0.0	21	ZZ onsite	true	2	chi2	-0.5984731732653399	0.4015268267346561	0.4015268267346561	0.6026274823383089	0.3973725176616911	0.49122587579548127	2.169207000305744	50.604026923375876
32	0.0	21	ZZ up-up r=1	true	2	chi2	-0.5981913374335911	0.4018086625664049	0.4018086625664049	0.6026274823383089	0.3973725176616911	0.49122587579548127	2.1642695252098836	50.53129114182532
32	0.0	21	SzSz r=1	false	0	chi2	-0.12512946479991213	0.12487053520008687	0.12487053520008687	0.6026274823383089	0.3973725176616911	0.49122587579548127	NaN	NaN
32	0.0	21	hop up r=1	false	0	chi2	0.534009305109199	0.534009305109199	0.534009305109199	0.6026274823383089	0.3973725176616911	0.49122587579548127	NaN	NaN
32	0.0	21	n	false	0	chi4	1.0000000000950657	-2.2961632595297488e-12	2.2961632595297488e-12	0.8059171201003795	0.19408287989962048	0.20216177982274602	NaN	NaN
32	0.0	21	Sz	false	0	chi4	-1.2621972356186006e-9	6.677950553646284e-10	6.677950553646284e-10	0.8059171201003795	0.19408287989962048	0.20216177982274602	NaN	NaN
32	0.0	21	DoubleOcc	false	0	chi4	0.10038170673119667	0.04182624539882526	0.04182624539882526	0.8059171201003795	0.19408287989962048	0.20216177982274602	NaN	NaN
32	0.0	21	ZZ onsite	true	2	chi4	-0.5984731732653399	0.16730498159989293	0.16730498159989293	0.8059171201003795	0.19408287989962048	0.20216177982274602	10.37701548883718	50.604026923375876
32	0.0	21	ZZ up-up r=1	true	2	chi4	-0.5981913374335911	0.13576305447947412	0.13576305447947412	0.8059171201003795	0.19408287989962048	0.20216177982274602	14.228930457273313	50.53129114182532
32	0.0	21	SzSz r=1	false	0	chi4	-0.12512946479991213	0.029081402536507595	0.029081402536507595	0.8059171201003795	0.19408287989962048	0.20216177982274602	NaN	NaN
32	0.0	21	hop up r=1	false	0	chi4	0.534009305109199	-0.02340639924419574	0.02340639924419574	0.8059171201003795	0.19408287989962048	0.20216177982274602	NaN	NaN
32	0.0	21	n	false	0	chi8	1.0000000000950657	-1.4515055823949297e-12	1.4515055823949297e-12	0.9971989475105899	0.002801052489410094	0.02698693872543288	NaN	NaN
32	0.0	21	Sz	false	0	chi8	-1.2621972356186006e-9	3.162297090852917e-10	3.162297090852917e-10	0.9971989475105899	0.002801052489410094	0.02698693872543288	NaN	NaN
32	0.0	21	DoubleOcc	false	0	chi8	0.10038170673119667	0.0005724098601482541	0.0005724098601482541	0.9971989475105899	0.002801052489410094	0.02698693872543288	NaN	NaN
32	0.0	21	ZZ onsite	true	2	chi8	-0.5984731732653399	0.0022896394434998024	0.0022896394434998024	0.9971989475105899	0.002801052489410094	0.02698693872543288	50.56731292946645	50.604026923375876
32	0.0	21	ZZ up-up r=1	true	2	chi8	-0.5981913374335911	-0.01188864570162429	0.01188864570162429	0.9971989475105899	0.002801052489410094	0.02698693872543288	49.561652406221434	50.53129114182532
32	0.0	21	SzSz r=1	false	0	chi8	-0.12512946479991213	-0.0034123677582038048	0.0034123677582038048	0.9971989475105899	0.002801052489410094	0.02698693872543288	NaN	NaN
32	0.0	21	hop up r=1	false	0	chi8	0.534009305109199	0.013181555190355132	0.013181555190355132	0.9971989475105899	0.002801052489410094	0.02698693872543288	NaN	NaN
32	0.0	21	n	false	0	chi16	1.0000000000950657	3.525180147789797e-12	3.525180147789797e-12	0.9998857686041334	0.00011423139586663744	0.007119643396860957	NaN	NaN
32	0.0	21	Sz	false	0	chi16	-1.2621972356186006e-9	3.7385053386351785e-11	3.7385053386351785e-11	0.9998857686041334	0.00011423139586663744	0.007119643396860957	NaN	NaN
32	0.0	21	DoubleOcc	false	0	chi16	0.10038170673119667	0.00043405115878314415	0.00043405115878314415	0.9998857686041334	0.00011423139586663744	0.007119643396860957	NaN	NaN
32	0.0	21	ZZ onsite	true	2	chi16	-0.5984731732653399	0.001736204628085769	0.001736204628085769	0.9998857686041334	0.00011423139586663744	0.007119643396860957	50.58290987633428	50.604026923375876
32	0.0	21	ZZ up-up r=1	true	2	chi16	-0.5981913374335911	-0.003322171231459725	0.003322171231459725	0.9998857686041334	0.00011423139586663744	0.007119643396860957	50.45421129240139	50.53129114182532
32	0.0	21	SzSz r=1	false	0	chi16	-0.12512946479991213	-0.00011598926733419335	0.00011598926733419335	0.9998857686041334	0.00011423139586663744	0.007119643396860957	NaN	NaN
32	0.0	21	hop up r=1	false	0	chi16	0.534009305109199	0.0022662225923179014	0.0022662225923179014	0.9998857686041334	0.00011423139586663744	0.007119643396860957	NaN	NaN
32	0.0	21	n	false	0	chi32	1.0000000000950657	4.865841063406151e-11	4.865841063406151e-11	0.9999984085503902	1.5914496097613196e-6	0.00031715954302300375	NaN	NaN
32	0.0	21	Sz	false	0	chi32	-1.2621972356186006e-9	4.0617904872863875e-11	4.0617904872863875e-11	0.9999984085503902	1.5914496097613196e-6	0.00031715954302300375	NaN	NaN
32	0.0	21	DoubleOcc	false	0	chi32	0.10038170673119667	1.826462896828418e-5	1.826462896828418e-5	0.9999984085503902	1.5914496097613196e-6	0.00031715954302300375	NaN	NaN
32	0.0	21	ZZ onsite	true	2	chi32	-0.5984731732653399	7.305841855986817e-5	7.305841855986817e-5	0.9999984085503902	1.5914496097613196e-6	0.00031715954302300375	50.60398951637841	50.604026923375876
32	0.0	21	ZZ up-up r=1	true	2	chi32	-0.5981913374335911	-0.00012445492640311695	0.00012445492640311695	0.9999984085503902	1.5914496097613196e-6	0.00031715954302300375	50.53118280326541	50.53129114182532
32	0.0	21	SzSz r=1	false	0	chi32	-0.12512946479991213	-2.9132413069205e-5	2.9132413069205e-5	0.9999984085503902	1.5914496097613196e-6	0.00031715954302300375	NaN	NaN
32	0.0	21	hop up r=1	false	0	chi32	0.534009305109199	7.448852391911398e-5	7.448852391911398e-5	0.9999984085503902	1.5914496097613196e-6	0.00031715954302300375	NaN	NaN
32	0.0	21	n	false	0	UHF	1.0000000000950657	9.507183929002849e-11	9.507183929002849e-11	0.6099924747213478	0.39000752527865223	0.5690661718258027	NaN	NaN
32	0.0	21	Sz	false	0	UHF	-1.2621972356186006e-9	0.3844819245430061	0.3844819245430061	0.6099924747213478	0.39000752527865223	0.5690661718258027	NaN	NaN
32	0.0	21	DoubleOcc	false	0	UHF	0.10038170673119667	-0.0017919419979223472	0.0017919419979223472	0.6099924747213478	0.39000752527865223	0.5690661718258027	NaN	NaN
32	0.0	21	ZZ onsite	true	2	UHF	-0.5984731732653399	-0.0071677681818282935	0.0071677681818282935	0.6099924747213478	0.39000752527865223	0.5690661718258027	50.24650611015729	50.604026923375876
32	0.0	21	ZZ up-up r=1	true	2	UHF	-0.5981913374335911	0.18574720899537622	0.18574720899537622	0.6099924747213478	0.39000752527865223	0.5690661718258027	8.748830611929199	50.53129114182532
32	0.0	21	SzSz r=1	false	0	UHF	-0.12512946479991213	0.04677602957324378	0.04677602957324378	0.6099924747213478	0.39000752527865223	0.5690661718258027	NaN	NaN
32	0.0	21	hop up r=1	false	0	UHF	0.534009305109199	0.0951093872774883	0.0951093872774883	0.6099924747213478	0.39000752527865223	0.5690661718258027	NaN	NaN
32	0.0	21	n	false	0	UHFsym	1.0000000000950657	9.507195031233096e-11	9.507195031233096e-11	0.9578688240073719	0.042131175992628056	0.1823916522435649	NaN	NaN
32	0.0	21	Sz	false	0	UHFsym	-1.2621972356186006e-9	-1.2621972286797067e-9	1.2621972286797067e-9	0.9578688240073719	0.042131175992628056	0.1823916522435649	NaN	NaN
32	0.0	21	DoubleOcc	false	0	UHFsym	0.10038170673119667	-0.0017919419979218476	0.0017919419979218476	0.9578688240073719	0.042131175992628056	0.1823916522435649	NaN	NaN
32	0.0	21	ZZ onsite	true	2	UHFsym	-0.5984731732653399	-0.007167768181826517	0.007167768181826517	0.9578688240073719	0.042131175992628056	0.1823916522435649	50.24650611015747	50.604026923375876
32	0.0	21	ZZ up-up r=1	true	2	UHFsym	-0.5981913374335911	-0.2087985873387615	0.2087985873387615	0.9578688240073719	0.042131175992628056	0.1823916522435649	7.183164491695282	50.53129114182532
32	0.0	21	SzSz r=1	false	0	UHFsym	-0.12512946479991213	-0.05186041951029069	0.05186041951029069	0.9578688240073719	0.042131175992628056	0.1823916522435649	NaN	NaN
32	0.0	21	hop up r=1	false	0	UHFsym	0.534009305109199	0.09510938727748236	0.09510938727748236	0.9578688240073719	0.042131175992628056	0.1823916522435649	NaN	NaN
32	0.0	22	n	false	0	chi2	1.0000000001641576	1.6416112913475445e-10	1.6416112913475445e-10	0.6182999496949398	0.38170005030506016	0.5028051172175472	NaN	NaN
32	0.0	22	Sz	false	0	chi2	1.3901019918494129e-9	6.058737479774923e-8	6.058737479774923e-8	0.6182999496949398	0.38170005030506016	0.5028051172175472	NaN	NaN
32	0.0	22	DoubleOcc	false	0	chi2	0.10011252914258842	0.10011252914258842	0.10011252914258842	0.6182999496949398	0.38170005030506016	0.5028051172175472	NaN	NaN
32	0.0	22	ZZ onsite	true	2	chi2	-0.5995498837579573	0.4004501162420391	0.4004501162420391	0.6182999496949398	0.38170005030506016	0.5028051172175472	2.188184524428876	50.88292496716714
32	0.0	22	ZZ up-up r=1	true	2	chi2	-0.4276806324350674	-0.06275919018816223	0.06275919018816223	0.6182999496949398	0.38170005030506016	0.5028051172175472	14.629762546855696	20.898353130025452
32	0.0	22	SzSz r=1	false	0	chi2	-0.08804547949210018	0.003184881069626111	0.003184881069626111	0.6182999496949398	0.38170005030506016	0.5028051172175472	NaN	NaN
32	0.0	22	hop up r=1	false	0	chi2	0.4393733796987622	0.4393733796987622	0.4393733796987622	0.6182999496949398	0.38170005030506016	0.5028051172175472	NaN	NaN
32	0.0	22	n	false	0	chi4	1.0000000001641576	2.615087035806596e-10	2.615087035806596e-10	0.8878850582953876	0.11211494170461245	0.3080068347211434	NaN	NaN
32	0.0	22	Sz	false	0	chi4	1.3901019918494129e-9	-1.0095291963496678e-10	1.0095291963496678e-10	0.8878850582953876	0.11211494170461245	0.3080068347211434	NaN	NaN
32	0.0	22	DoubleOcc	false	0	chi4	0.10011252914258842	0.041557067907573436	0.041557067907573436	0.8878850582953876	0.11211494170461245	0.3080068347211434	NaN	NaN
32	0.0	22	ZZ onsite	true	2	chi4	-0.5995498837579573	0.16622827110727523	0.16622827110727523	0.8878850582953876	0.11211494170461245	0.3080068347211434	10.524917025412284	50.88292496716714
32	0.0	22	ZZ up-up r=1	true	2	chi4	-0.4276806324350674	-0.12905323633374022	0.12905323633374022	0.8878850582953876	0.11211494170461245	0.3080068347211434	7.432314617333668	20.898353130025452
32	0.0	22	SzSz r=1	false	0	chi4	-0.08804547949210018	-0.012236863706464235	0.012236863706464235	0.8878850582953876	0.11211494170461245	0.3080068347211434	NaN	NaN
32	0.0	22	hop up r=1	false	0	chi4	0.4393733796987622	0.4393733796987622	0.4393733796987622	0.8878850582953876	0.11211494170461245	0.3080068347211434	NaN	NaN
32	0.0	22	n	false	0	chi8	1.0000000001641576	2.0734791661425334e-10	2.0734791661425334e-10	0.9993223728891205	0.0006776271108794862	0.016943477126345096	NaN	NaN
32	0.0	22	Sz	false	0	chi8	1.3901019918494129e-9	-7.087362988156265e-11	7.087362988156265e-11	0.9993223728891205	0.0006776271108794862	0.016943477126345096	NaN	NaN
32	0.0	22	DoubleOcc	false	0	chi8	0.10011252914258842	3.2381056470159875e-5	3.2381056470159875e-5	0.9993223728891205	0.0006776271108794862	0.016943477126345096	NaN	NaN
32	0.0	22	ZZ onsite	true	2	chi8	-0.5995498837579573	0.0001295238111869157	0.0001295238111869157	0.9993223728891205	0.0006776271108794862	0.016943477126345096	50.88280650721523	50.88292496716714
32	0.0	22	ZZ up-up r=1	true	2	chi8	-0.4276806324350674	-0.007429954311526099	0.007429954311526099	0.9993223728891205	0.0006776271108794862	0.016943477126345096	20.773596982611664	20.898353130025452
32	0.0	22	SzSz r=1	false	0	chi8	-0.08804547949210018	-0.001591188001567892	0.001591188001567892	0.9993223728891205	0.0006776271108794862	0.016943477126345096	NaN	NaN
32	0.0	22	hop up r=1	false	0	chi8	0.4393733796987622	0.009573733265612061	0.009573733265612061	0.9993223728891205	0.0006776271108794862	0.016943477126345096	NaN	NaN
32	0.0	22	n	false	0	chi16	1.0000000001641576	1.9395862693727395e-10	1.9395862693727395e-10	0.9998641594341403	0.00013584056585969062	0.005813591090233761	NaN	NaN
32	0.0	22	Sz	false	0	chi16	1.3901019918494129e-9	2.0153780727616422e-10	2.0153780727616422e-10	0.9998641594341403	0.00013584056585969062	0.005813591090233761	NaN	NaN
32	0.0	22	DoubleOcc	false	0	chi16	0.10011252914258842	0.0005082712819442503	0.0005082712819442503	0.9998641594341403	0.00013584056585969062	0.005813591090233761	NaN	NaN
32	0.0	22	ZZ onsite	true	2	chi16	-0.5995498837579573	0.002033084739861968	0.002033084739861968	0.9998641594341403	0.00013584056585969062	0.005813591090233761	50.85375504617076	50.88292496716714
32	0.0	22	ZZ up-up r=1	true	2	chi16	-0.4276806324350674	-0.004981607972322388	0.004981607972322388	0.9998641594341403	0.00013584056585969062	0.005813591090233761	20.84208555012468	20.898353130025452
32	0.0	22	SzSz r=1	false	0	chi16	-0.08804547949210018	-0.00047913703027779864	0.00047913703027779864	0.9998641594341403	0.00013584056585969062	0.005813591090233761	NaN	NaN
32	0.0	22	hop up r=1	false	0	chi16	0.4393733796987622	0.0031579004841204017	0.0031579004841204017	0.9998641594341403	0.00013584056585969062	0.005813591090233761	NaN	NaN
32	0.0	22	n	false	0	chi32	1.0000000001641576	8.135669915532162e-11	8.135669915532162e-11	0.9999973296275814	2.6703724186338818e-6	0.0007456587272383665	NaN	NaN
32	0.0	22	Sz	false	0	chi32	1.3901019918494129e-9	1.458651636976338e-10	1.458651636976338e-10	0.9999973296275814	2.6703724186338818e-6	0.0007456587272383665	NaN	NaN
32	0.0	22	DoubleOcc	false	0	chi32	0.10011252914258842	1.7871029835525576e-5	1.7871029835525576e-5	0.9999973296275814	2.6703724186338818e-6	0.0007456587272383665	NaN	NaN
32	0.0	22	ZZ onsite	true	2	chi32	-0.5995498837579573	7.148395663181262e-5	7.148395663181262e-5	0.9999973296275814	2.6703724186338818e-6	0.0007456587272383665	50.88288888520133	50.88292496716714
32	0.0	22	ZZ up-up r=1	true	2	chi32	-0.4276806324350674	-0.00038287362062416896	0.00038287362062416896	0.9999973296275814	2.6703724186338818e-6	0.0007456587272383665	20.898019861734316	20.898353130025452
32	0.0	22	SzSz r=1	false	0	chi32	-0.08804547949210018	-7.976992515801307e-5	7.976992515801307e-5	0.9999973296275814	2.6703724186338818e-6	0.0007456587272383665	NaN	NaN
32	0.0	22	hop up r=1	false	0	chi32	0.4393733796987622	0.0003335150175687307	0.0003335150175687307	0.9999973296275814	2.6703724186338818e-6	0.0007456587272383665	NaN	NaN
32	0.0	22	n	false	0	UHF	1.0000000001641576	1.6415757642107565e-10	1.6415757642107565e-10	0.566626238757092	0.43337376124290805	0.5703655324925037	NaN	NaN
32	0.0	22	Sz	false	0	UHF	1.3901019918494129e-9	-0.3844819266731843	0.3844819266731843	0.566626238757092	0.43337376124290805	0.5703655324925037	NaN	NaN
32	0.0	22	DoubleOcc	false	0	UHF	0.10011252914258842	-0.0020611178501495075	0.0020611178501495075	0.566626238757092	0.43337376124290805	0.5703655324925037	NaN	NaN
32	0.0	22	ZZ onsite	true	2	UHF	-0.5995498837579573	-0.008244471728908964	0.008244471728908964	0.566626238757092	0.43337376124290805	0.5703655324925037	50.40745650532915	50.88292496716714
32	0.0	22	ZZ up-up r=1	true	2	UHF	-0.4276806324350674	0.3562579126309544	0.3562579126309544	0.566626238757092	0.43337376124290805	0.5703655324925037	1.4113600688627834	20.898353130025452
32	0.0	22	SzSz r=1	false	0	UHF	-0.08804547949210018	0.0838600150615641	0.0838600150615641	0.566626238757092	0.43337376124290805	0.5703655324925037	NaN	NaN
32	0.0	22	hop up r=1	false	0	UHF	0.4393733796987622	0.0004734666174963098	0.0004734666174963098	0.566626238757092	0.43337376124290805	0.5703655324925037	NaN	NaN
32	0.0	22	n	false	0	UHFsym	1.0000000001641576	1.641576874433781e-10	1.641576874433781e-10	0.9921022409205411	0.007897759079458888	0.0858806103739103	NaN	NaN
32	0.0	22	Sz	false	0	UHFsym	1.3901019918494129e-9	1.3901020057272007e-9	1.3901020057272007e-9	0.9921022409205411	0.007897759079458888	0.0858806103739103	NaN	NaN
32	0.0	22	DoubleOcc	false	0	UHFsym	0.10011252914258842	-0.002061117850149785	0.002061117850149785	0.9921022409205411	0.007897759079458888	0.0858806103739103	NaN	NaN
32	0.0	22	ZZ onsite	true	2	UHFsym	-0.5995498837579573	-0.008244471728910296	0.008244471728910296	0.9921022409205411	0.007897759079458888	0.0858806103739103	50.407456505329	50.88292496716714
32	0.0	22	ZZ up-up r=1	true	2	UHFsym	-0.4276806324350674	-0.03828788557613666	0.03828788557613666	0.9921022409205411	0.007897759079458888	0.0858806103739103	18.023932702771738	20.898353130025452
32	0.0	22	SzSz r=1	false	0	UHFsym	-0.08804547949210018	-0.014776434490210655	0.014776434490210655	0.9921022409205411	0.007897759079458888	0.0858806103739103	NaN	NaN
32	0.0	22	hop up r=1	false	0	UHFsym	0.4393733796987622	0.00047346661749303465	0.00047346661749303465	0.9921022409205411	0.007897759079458888	0.0858806103739103	NaN	NaN
32	0.0	23	n	false	0	chi2	1.0000000002163678	2.1637225344761646e-10	2.1637225344761646e-10	0.6059091472209802	0.3940908527790198	0.48979955857194085	NaN	NaN
32	0.0	23	Sz	false	0	chi2	-9.944509798964773e-10	-6.665473105435569e-8	6.665473105435569e-8	0.6059091472209802	0.3940908527790198	0.48979955857194085	NaN	NaN
32	0.0	23	DoubleOcc	false	0	chi2	0.10045617057119019	0.10045617057119019	0.10045617057119019	0.6059091472209802	0.3940908527790198	0.48979955857194085	NaN	NaN
32	0.0	23	ZZ onsite	true	2	chi2	-0.5981753181479693	0.40182468185202624	0.40182468185202624	0.6059091472209802	0.3940908527790198	0.48979955857194085	2.163989255931479	50.52716023094196
32	0.0	23	ZZ up-up r=1	true	2	chi2	-0.6046396223265053	0.3953603776734903	0.3953603776734903	0.6059091472209802	0.3940908527790198	0.48979955857194085	2.280410819305167	52.22359198122016
32	0.0	23	SzSz r=1	false	0	chi2	-0.1265314584229304	0.12346854157706849	0.12346854157706849	0.6059091472209802	0.3940908527790198	0.48979955857194085	NaN	NaN
32	0.0	23	hop up r=1	false	0	chi2	0.5375665219484528	0.5375665219484528	0.5375665219484528	0.6059091472209802	0.3940908527790198	0.48979955857194085	NaN	NaN
32	0.0	23	n	false	0	chi4	1.0000000002163678	-5.1801674061380254e-11	5.1801674061380254e-11	0.8074552469492883	0.19254475305071173	0.20047583419275927	NaN	NaN
32	0.0	23	Sz	false	0	chi4	-9.944509798964773e-10	7.941635959962667e-10	7.941635959962667e-10	0.8074552469492883	0.19254475305071173	0.20047583419275927	NaN	NaN
32	0.0	23	DoubleOcc	false	0	chi4	0.10045617057119019	0.04151290373591035	0.04151290373591035	0.8074552469492883	0.19254475305071173	0.20047583419275927	NaN	NaN
32	0.0	23	ZZ onsite	true	2	chi4	-0.5981753181479693	0.1660516150472452	0.1660516150472452	0.8074552469492883	0.19254475305071173	0.20047583419275927	10.4902894139134	50.52716023094196
32	0.0	23	ZZ up-up r=1	true	2	chi4	-0.6046396223265053	0.13545330542519884	0.13545330542519884	0.8074552469492883	0.19254475305071173	0.20047583419275927	14.62547687153311	52.22359198122016
32	0.0	23	SzSz r=1	false	0	chi4	-0.1265314584229304	0.0290201401643968	0.0290201401643968	0.8074552469492883	0.19254475305071173	0.20047583419275927	NaN	NaN
32	0.0	23	hop up r=1	false	0	chi4	0.5375665219484528	-0.023174508996716248	0.023174508996716248	0.8074552469492883	0.19254475305071173	0.20047583419275927	NaN	NaN
32	0.0	23	n	false	0	chi8	1.0000000002163678	1.166582386247228e-10	1.166582386247228e-10	0.9974030273909953	0.0025969726090047107	0.026274823898165763	NaN	NaN
32	0.0	23	Sz	false	0	chi8	-9.944509798964773e-10	5.142638537236621e-10	5.142638537236621e-10	0.9974030273909953	0.0025969726090047107	0.026274823898165763	NaN	NaN
32	0.0	23	DoubleOcc	false	0	chi8	0.10045617057119019	0.0004924588530230423	0.0004924588530230423	0.9974030273909953	0.0025969726090047107	0.026274823898165763	NaN	NaN
32	0.0	23	ZZ onsite	true	2	chi8	-0.5981753181479693	0.0019698351787792445	0.0019698351787792445	0.9974030273909953	0.0025969726090047107	0.026274823898165763	50.50003721837063	50.52716023094196
32	0.0	23	ZZ up-up r=1	true	2	chi8	-0.6046396223265053	-0.012126070308882464	0.012126070308882464	0.9974030273909953	0.0025969726090047107	0.026274823898165763	51.169381916942015	52.22359198122016
32	0.0	23	SzSz r=1	false	0	chi8	-0.1265314584229304	-0.0034614407650120083	0.0034614407650120083	0.9974030273909953	0.0025969726090047107	0.026274823898165763	NaN	NaN
32	0.0	23	hop up r=1	false	0	chi8	0.5375665219484528	0.012522301207085196	0.012522301207085196	0.9974030273909953	0.0025969726090047107	0.026274823898165763	NaN	NaN
32	0.0	23	n	false	0	chi16	1.0000000002163678	4.167666212140375e-11	4.167666212140375e-11	0.9998854128340653	0.00011458716593470974	0.007055535738874402	NaN	NaN
32	0.0	23	Sz	false	0	chi16	-9.944509798964773e-10	1.1083441109338565e-10	1.1083441109338565e-10	0.9998854128340653	0.00011458716593470974	0.007055535738874402	NaN	NaN
32	0.0	23	DoubleOcc	false	0	chi16	0.10045617057119019	0.00041769075434613945	0.00041769075434613945	0.9998854128340653	0.00011458716593470974	0.007055535738874402	NaN	NaN
32	0.0	23	ZZ onsite	true	2	chi16	-0.5981753181479693	0.0016707629340347863	0.0016707629340347863	0.9998854128340653	0.00011458716593470974	0.007055535738874402	50.50764502080847	50.52716023094196
32	0.0	23	ZZ up-up r=1	true	2	chi16	-0.6046396223265053	-0.0031841746071500365	0.0031841746071500365	0.9998854128340653	0.00011458716593470974	0.007055535738874402	52.14950860050938	52.22359198122016
32	0.0	23	SzSz r=1	false	0	chi16	-0.1265314584229304	-8.425811570605957e-5	8.425811570605957e-5	0.9998854128340653	0.00011458716593470974	0.007055535738874402	NaN	NaN
32	0.0	23	hop up r=1	false	0	chi16	0.5375665219484528	0.002225405056556884	0.002225405056556884	0.9998854128340653	0.00011458716593470974	0.007055535738874402	NaN	NaN
32	0.0	23	n	false	0	chi32	1.0000000002163678	5.702682770447609e-11	5.702682770447609e-11	0.9999985752767738	1.4247232261732634e-6	0.0002982078837284723	NaN	NaN
32	0.0	23	Sz	false	0	chi32	-9.944509798964773e-10	8.711531496174985e-11	8.711531496174985e-11	0.9999985752767738	1.4247232261732634e-6	0.0002982078837284723	NaN	NaN
32	0.0	23	DoubleOcc	false	0	chi32	0.10045617057119019	1.2797954858867477e-5	1.2797954858867477e-5	0.9999985752767738	1.4247232261732634e-6	0.0002982078837284723	NaN	NaN
32	0.0	23	ZZ onsite	true	2	chi32	-0.5981753181479693	5.1191705386921527e-5	5.1191705386921527e-5	0.9999985752767738	1.4247232261732634e-6	0.0002982078837284723	50.52714190314026	50.52716023094196
32	0.0	23	ZZ up-up r=1	true	2	chi32	-0.6046396223265053	-6.963430548689864e-5	6.963430548689864e-5	0.9999985752767738	1.4247232261732634e-6	0.0002982078837284723	52.223556500717464	52.22359198122016
32	0.0	23	SzSz r=1	false	0	chi32	-0.1265314584229304	-1.826295931195432e-5	1.826295931195432e-5	0.9999985752767738	1.4247232261732634e-6	0.0002982078837284723	NaN	NaN
32	0.0	23	hop up r=1	false	0	chi32	0.5375665219484528	5.646501112566149e-5	5.646501112566149e-5	0.9999985752767738	1.4247232261732634e-6	0.0002982078837284723	NaN	NaN
32	0.0	23	n	false	0	UHF	1.0000000002163678	2.1636048508355543e-10	2.1636048508355543e-10	0.6113643670850601	0.38863563291493985	0.5693909065744095	NaN	NaN
32	0.0	23	Sz	false	0	UHF	-9.944509798964773e-10	0.3844819266359387	0.3844819266359387	0.6113643670850601	0.38863563291493985	0.5693909065744095	NaN	NaN
32	0.0	23	DoubleOcc	false	0	UHF	0.10045617057119019	-0.001717476754433428	0.001717476754433428	0.6113643670850601	0.38863563291493985	0.5693909065744095	NaN	NaN
32	0.0	23	ZZ onsite	true	2	UHF	-0.5981753181479693	-0.006869907450448909	0.006869907450448909	0.6113643670850601	0.38863563291493985	0.5693909065744095	50.19922713252921	50.52716023094196
32	0.0	23	ZZ up-up r=1	true	2	UHF	-0.6046396223265053	0.17929900997294224	0.17929900997294224	0.6113643670850601	0.38863563291493985	0.5693909065744095	9.4876861110775	52.22359198122016
32	0.0	23	SzSz r=1	false	0	UHF	-0.1265314584229304	0.04537405664403843	0.04537405664403843	0.6113643670850601	0.38863563291493985	0.5693909065744095	NaN	NaN
32	0.0	23	hop up r=1	false	0	UHF	0.5375665219484528	0.09866659706447606	0.09866659706447606	0.6113643670850601	0.38863563291493985	0.5693909065744095	NaN	NaN
32	0.0	23	n	false	0	UHFsym	1.0000000002163678	2.1636070712816036e-10	2.1636070712816036e-10	0.9555745475868702	0.044425452413129785	0.1864934640915748	NaN	NaN
32	0.0	23	Sz	false	0	UHFsym	-9.944509798964773e-10	-9.944509868353713e-10	9.944509868353713e-10	0.9555745475868702	0.044425452413129785	0.1864934640915748	NaN	NaN
32	0.0	23	DoubleOcc	false	0	UHFsym	0.10045617057119019	-0.0017174767544337055	0.0017174767544337055	0.9555745475868702	0.044425452413129785	0.1864934640915748	NaN	NaN
32	0.0	23	ZZ onsite	true	2	UHFsym	-0.5981753181479693	-0.006869907450450241	0.006869907450450241	0.9555745475868702	0.044425452413129785	0.1864934640915748	50.19922713252909	50.52716023094196
32	0.0	23	ZZ up-up r=1	true	2	UHFsym	-0.6046396223265053	-0.21524683952730483	0.21524683952730483	0.9555745475868702	0.044425452413129785	0.1864934640915748	6.970972006648841	52.22359198122016
32	0.0	23	SzSz r=1	false	0	UHFsym	-0.1265314584229304	-0.053262405731026016	0.053262405731026016	0.9555745475868702	0.044425452413129785	0.1864934640915748	NaN	NaN
32	0.0	23	hop up r=1	false	0	UHFsym	0.5375665219484528	0.0986665970644699	0.0986665970644699	0.9555745475868702	0.044425452413129785	0.1864934640915748	NaN	NaN
32	0.0	24	n	false	0	chi2	1.0000000001212028	1.2120693337891453e-10	1.2120693337891453e-10	0.6201773531279678	0.37982264687203215	0.4992760087541851	NaN	NaN
32	0.0	24	Sz	false	0	chi2	1.8265681814289003e-9	6.748684832497132e-8	6.748684832497132e-8	0.6201773531279678	0.37982264687203215	0.4992760087541851	NaN	NaN
32	0.0	24	DoubleOcc	false	0	chi2	0.10000837015329644	0.10000837015329644	0.10000837015329644	0.6201773531279678	0.37982264687203215	0.4992760087541851	NaN	NaN
32	0.0	24	ZZ onsite	true	2	chi2	-0.5999665196292145	0.40003348037078135	0.40003348037078135	0.6201773531279678	0.37982264687203215	0.4992760087541851	2.195577002759489	50.99128194396657
32	0.0	24	ZZ up-up r=1	true	2	chi2	-0.4195277363172364	-0.05755136084611423	0.05755136084611423	0.6201773531279678	0.37982264687203215	0.4992760087541851	14.725140836427537	19.986437295707358
32	0.0	24	SzSz r=1	false	0	chi2	-0.08627353885491651	0.00422055501286403	0.00422055501286403	0.6201773531279678	0.37982264687203215	0.4992760087541851	NaN	NaN
32	0.0	24	hop up r=1	false	0	chi2	0.434814438856966	0.434814438856966	0.434814438856966	0.6201773531279678	0.37982264687203215	0.4992760087541851	NaN	NaN
32	0.0	24	n	false	0	chi4	1.0000000001212028	3.893626532303074e-10	3.893626532303074e-10	0.8892786496759345	0.11072135032406549	0.3050585639427184	NaN	NaN
32	0.0	24	Sz	false	0	chi4	1.8265681814289003e-9	1.2310807928628265e-10	1.2310807928628265e-10	0.8892786496759345	0.11072135032406549	0.3050585639427184	NaN	NaN
32	0.0	24	DoubleOcc	false	0	chi4	0.10000837015329644	0.04106510358618096	0.04106510358618096	0.8892786496759345	0.11072135032406549	0.3050585639427184	NaN	NaN
32	0.0	24	ZZ onsite	true	2	chi4	-0.5999665196292145	0.1642604135659993	0.1642604135659993	0.8892786496759345	0.11072135032406549	0.3050585639427184	10.741354225602942	50.99128194396657
32	0.0	24	ZZ up-up r=1	true	2	chi4	-0.4195277363172364	-0.1273614367814352	0.1273614367814352	0.8892786496759345	0.11072135032406549	0.3050585639427184	7.268221650601353	19.986437295707358
32	0.0	24	SzSz r=1	false	0	chi4	-0.08627353885491651	-0.012170831856384345	0.012170831856384345	0.8892786496759345	0.11072135032406549	0.3050585639427184	NaN	NaN
32	0.0	24	hop up r=1	false	0	chi4	0.434814438856966	0.434814438856966	0.434814438856966	0.8892786496759345	0.11072135032406549	0.3050585639427184	NaN	NaN
32	0.0	24	n	false	0	chi8	1.0000000001212028	2.6992152957205917e-10	2.6992152957205917e-10	0.999410999746158	0.0005890002538420092	0.015598702337632267	NaN	NaN
32	0.0	24	Sz	false	0	chi8	1.8265681814289003e-9	9.919577659278644e-11	9.919577659278644e-11	0.999410999746158	0.0005890002538420092	0.015598702337632267	NaN	NaN
32	0.0	24	DoubleOcc	false	0	chi8	0.10000837015329644	-0.0001651272230395462	0.0001651272230395462	0.999410999746158	0.0005890002538420092	0.015598702337632267	NaN	NaN
32	0.0	24	ZZ onsite	true	2	chi8	-0.5999665196292145	-0.0006605094319981353	0.0006605094319981353	0.999410999746158	0.0005890002538420092	0.015598702337632267	50.988192588321745	50.99128194396657
32	0.0	24	ZZ up-up r=1	true	2	chi8	-0.4195277363172364	-0.0064855168074858804	0.0064855168074858804	0.999410999746158	0.0005890002538420092	0.015598702337632267	19.8961595811962	19.986437295707358
32	0.0	24	SzSz r=1	false	0	chi8	-0.08627353885491651	-0.001294568008291308	0.001294568008291308	0.999410999746158	0.0005890002538420092	0.015598702337632267	NaN	NaN
32	0.0	24	hop up r=1	false	0	chi8	0.434814438856966	0.008705114655618185	0.008705114655618185	0.999410999746158	0.0005890002538420092	0.015598702337632267	NaN	NaN
32	0.0	24	n	false	0	chi16	1.0000000001212028	2.6240976058744536e-10	2.6240976058744536e-10	0.9998602354001117	0.00013976459988829237	0.005161457180344229	NaN	NaN
32	0.0	24	Sz	false	0	chi16	1.8265681814289003e-9	2.460641274071307e-10	2.460641274071307e-10	0.9998602354001117	0.00013976459988829237	0.005161457180344229	NaN	NaN
32	0.0	24	DoubleOcc	false	0	chi16	0.10000837015329644	0.00047819577015428827	0.00047819577015428827	0.9998602354001117	0.00013976459988829237	0.005161457180344229	NaN	NaN
32	0.0	24	ZZ onsite	true	2	chi16	-0.5999665196292145	0.0019127825558001854	0.0019127825558001854	0.9998602354001117	0.00013976459988829237	0.005161457180344229	50.96538510494752	50.99128194396657
32	0.0	24	ZZ up-up r=1	true	2	chi16	-0.4195277363172364	-0.004435698025425816	0.004435698025425816	0.9998602354001117	0.00013976459988829237	0.005161457180344229	19.944106089611232	19.986437295707358
32	0.0	24	SzSz r=1	false	0	chi16	-0.08627353885491651	-0.0003871966093997592	0.0003871966093997592	0.9998602354001117	0.00013976459988829237	0.005161457180344229	NaN	NaN
32	0.0	24	hop up r=1	false	0	chi16	0.434814438856966	0.0029081825891814073	0.0029081825891814073	0.9998602354001117	0.00013976459988829237	0.005161457180344229	NaN	NaN
32	0.0	24	n	false	0	chi32	1.0000000001212028	9.050538096744276e-11	9.050538096744276e-11	0.9999998113654611	1.886345388779631e-7	0.00032858738719108044	NaN	NaN
32	0.0	24	Sz	false	0	chi32	1.8265681814289003e-9	1.60799262793887e-10	1.60799262793887e-10	0.9999998113654611	1.886345388779631e-7	0.00032858738719108044	NaN	NaN
32	0.0	24	DoubleOcc	false	0	chi32	0.10000837015329644	1.1339301452778505e-5	1.1339301452778505e-5	0.9999998113654611	1.886345388779631e-7	0.00032858738719108044	NaN	NaN
32	0.0	24	ZZ onsite	true	2	chi32	-0.5999665196292145	4.535702480479298e-5	4.535702480479298e-5	0.9999998113654611	1.886345388779631e-7	0.00032858738719108044	50.99126737512009	50.99128194396657
32	0.0	24	ZZ up-up r=1	true	2	chi32	-0.4195277363172364	-0.0003297433411053041	0.0003297433411053041	0.9999998113654611	1.886345388779631e-7	0.00032858738719108044	19.986202870406796	19.986437295707358
32	0.0	24	SzSz r=1	false	0	chi32	-0.08627353885491651	-7.901781965170829e-5	7.901781965170829e-5	0.9999998113654611	1.886345388779631e-7	0.00032858738719108044	NaN	NaN
32	0.0	24	hop up r=1	false	0	chi32	0.434814438856966	0.0002509911790172237	0.0002509911790172237	0.9999998113654611	1.886345388779631e-7	0.00032858738719108044	NaN	NaN
32	0.0	24	n	false	0	UHF	1.0000000001212028	1.2120238146451356e-10	1.2120238146451356e-10	0.5642516950098688	0.4357483049901312	0.5709224334838863	NaN	NaN
32	0.0	24	Sz	false	0	UHF	1.8265681814289003e-9	-0.3844819762215174	0.3844819762215174	0.5642516950098688	0.4357483049901312	0.5709224334838863	NaN	NaN
32	0.0	24	DoubleOcc	false	0	UHF	0.10000837015329644	-0.0021652384029351712	0.0021652384029351712	0.5642516950098688	0.4357483049901312	0.5709224334838863	NaN	NaN
32	0.0	24	ZZ onsite	true	2	UHF	-0.5999665196292145	-0.008660953854140119	0.008660953854140119	0.5642516950098688	0.4357483049901312	0.5709224334838863	50.46554720106756	50.99128194396657
32	0.0	24	ZZ up-up r=1	true	2	UHF	-0.4195277363172364	0.3644108154761675	0.3644108154761675	0.5642516950098688	0.4357483049901312	0.5709224334838863	1.3041440004038474	19.986437295707358
32	0.0	24	SzSz r=1	false	0	UHF	-0.08627353885491651	0.0856319688163554	0.0856319688163554	0.5642516950098688	0.4357483049901312	0.5709224334838863	NaN	NaN
32	0.0	24	hop up r=1	false	0	UHF	0.434814438856966	-0.004085370002214983	0.004085370002214983	0.5642516950098688	0.4357483049901312	0.5709224334838863	NaN	NaN
32	0.0	24	n	false	0	UHFsym	1.0000000001212028	1.2120238146451356e-10	1.2120238146451356e-10	0.9925906708498378	0.007409329150162236	0.08284803358794107	NaN	NaN
32	0.0	24	Sz	false	0	UHFsym	1.8265681814289003e-9	1.826568209184476e-9	1.826568209184476e-9	0.9925906708498378	0.007409329150162236	0.08284803358794107	NaN	NaN
32	0.0	24	DoubleOcc	false	0	UHFsym	0.10000837015329644	-0.0021652384029354488	0.0021652384029354488	0.9925906708498378	0.007409329150162236	0.08284803358794107	NaN	NaN
32	0.0	24	ZZ onsite	true	2	UHFsym	-0.5999665196292145	-0.008660953854141229	0.008660953854141229	0.9925906708498378	0.007409329150162236	0.08284803358794107	50.46554720106742	50.99128194396657
32	0.0	24	ZZ up-up r=1	true	2	UHFsym	-0.4195277363172364	-0.03013504826343144	0.03013504826343144	0.9925906708498378	0.007409329150162236	0.08284803358794107	18.20318314619729	19.986437295707358
32	0.0	24	SzSz r=1	false	0	UHFsym	-0.08627353885491651	-0.013004497118543526	0.013004497118543526	0.9925906708498378	0.007409329150162236	0.08284803358794107	NaN	NaN
32	0.0	24	hop up r=1	false	0	UHFsym	0.434814438856966	-0.004085370002214483	0.004085370002214483	0.9925906708498378	0.007409329150162236	0.08284803358794107	NaN	NaN
32	0.0	25	n	false	0	chi2	1.0000000000262035	2.6206037340159583e-11	2.6206037340159583e-11	0.6113051596587403	0.3886948403412597	0.4873693125990288	NaN	NaN
32	0.0	25	Sz	false	0	chi2	-9.113549359618389e-10	-5.7355786870160506e-8	5.7355786870160506e-8	0.6113051596587403	0.3886948403412597	0.4873693125990288	NaN	NaN
32	0.0	25	DoubleOcc	false	0	chi2	0.10056172610463399	0.10056172610463401	0.10056172610463401	0.6113051596587403	0.3886948403412597	0.4873693125990288	NaN	NaN
32	0.0	25	ZZ onsite	true	2	chi2	-0.5977530956338641	0.4022469043661332	0.4022469043661332	0.6113051596587403	0.3886948403412597	0.4873693125990288	2.156616557198848	50.41840988620714
32	0.0	25	ZZ up-up r=1	true	2	chi2	-0.6152690928149819	0.38473090718501546	0.38473090718501546	0.6113051596587403	0.3886948403412597	0.4873693125990288	2.487255669922674	55.14716420828568
32	0.0	25	SzSz r=1	false	0	chi2	-0.12884303209536677	0.12115696790463257	0.12115696790463257	0.6113051596587403	0.3886948403412597	0.4873693125990288	NaN	NaN
32	0.0	25	hop up r=1	false	0	chi2	0.543386614123124	0.543386614123124	0.543386614123124	0.6113051596587403	0.3886948403412597	0.4873693125990288	NaN	NaN
32	0.0	25	n	false	0	chi4	1.0000000000262035	3.4723668385083784e-10	3.4723668385083784e-10	0.8099354636941912	0.19006453630580877	0.19858623173068563	NaN	NaN
32	0.0	25	Sz	false	0	chi4	-9.113549359618389e-10	9.32555609123309e-10	9.32555609123309e-10	0.8099354636941912	0.19006453630580877	0.19858623173068563	NaN	NaN
32	0.0	25	DoubleOcc	false	0	chi4	0.10056172610463399	0.04064759981498481	0.04064759981498481	0.8099354636941912	0.19006453630580877	0.19858623173068563	NaN	NaN
32	0.0	25	ZZ onsite	true	2	chi4	-0.5977530956338641	0.16259039856546886	0.16259039856546886	0.8099354636941912	0.19006453630580877	0.19858623173068563	10.828134310372283	50.41840988620714
32	0.0	25	ZZ up-up r=1	true	2	chi4	-0.6152690928149819	0.13887436496743633	0.13887436496743633	0.8099354636941912	0.19006453630580877	0.19858623173068563	14.672238313018331	55.14716420828568
32	0.0	25	SzSz r=1	false	0	chi4	-0.12884303209536677	0.02973576912515391	0.02973576912515391	0.8099354636941912	0.19006453630580877	0.19858623173068563	NaN	NaN
32	0.0	25	hop up r=1	false	0	chi4	0.543386614123124	-0.025368904919091828	0.025368904919091828	0.8099354636941912	0.19006453630580877	0.19858623173068563	NaN	NaN
32	0.0	25	n	false	0	chi8	1.0000000000262035	-2.577154045724228e-10	2.577154045724228e-10	0.9977540081313894	0.0022459918686106306	0.024765296420944403	NaN	NaN
32	0.0	25	Sz	false	0	chi8	-9.113549359618389e-10	7.456117528947814e-10	7.456117528947814e-10	0.9977540081313894	0.0022459918686106306	0.024765296420944403	NaN	NaN
32	0.0	25	DoubleOcc	false	0	chi8	0.10056172610463399	0.0003601960025569617	0.0003601960025569617	0.9977540081313894	0.0022459918686106306	0.024765296420944403	NaN	NaN
32	0.0	25	ZZ onsite	true	2	chi8	-0.5977530956338641	0.001440784525663319	0.001440784525663319	0.9977540081313894	0.0022459918686106306	0.024765296420944403	50.403938582972245	50.41840988620714
32	0.0	25	ZZ up-up r=1	true	2	chi8	-0.6152690928149819	-0.011942222971115801	0.011942222971115801	0.9977540081313894	0.0022459918686106306	0.024765296420944403	54.044688853667466	55.14716420828568
32	0.0	25	SzSz r=1	false	0	chi8	-0.12884303209536677	-0.003399196987349057	0.003399196987349057	0.9977540081313894	0.0022459918686106306	0.024765296420944403	NaN	NaN
32	0.0	25	hop up r=1	false	0	chi8	0.543386614123124	0.011156865109463787	0.011156865109463787	0.9977540081313894	0.0022459918686106306	0.024765296420944403	NaN	NaN
32	0.0	25	n	false	0	chi16	1.0000000000262035	-1.2599499221721544e-10	1.2599499221721544e-10	0.9998820833649877	0.00011791663501226068	0.007051505081689648	NaN	NaN
32	0.0	25	Sz	false	0	chi16	-9.113549359618389e-10	1.4181596175166788e-10	1.4181596175166788e-10	0.9998820833649877	0.00011791663501226068	0.007051505081689648	NaN	NaN
32	0.0	25	DoubleOcc	false	0	chi16	0.10056172610463399	0.00036951740092397434	0.00036951740092397434	0.9998820833649877	0.00011791663501226068	0.007051505081689648	NaN	NaN
32	0.0	25	ZZ onsite	true	2	chi16	-0.5977530956338641	0.0014780698556894345	0.0014780698556894345	0.9998820833649877	0.00011791663501226068	0.007051505081689648	50.4031801297729	50.41840988620714
32	0.0	25	ZZ up-up r=1	true	2	chi16	-0.6152690928149819	-0.002978196382192433	0.002978196382192433	0.9998820833649877	0.00011791663501226068	0.007051505081689648	55.07728873949214	55.14716420828568
32	0.0	25	SzSz r=1	false	0	chi16	-0.12884303209536677	-6.796512714182801e-5	6.796512714182801e-5	0.9998820833649877	0.00011791663501226068	0.007051505081689648	NaN	NaN
32	0.0	25	hop up r=1	false	0	chi16	0.543386614123124	0.0021954078028959545	0.0021954078028959545	0.9998820833649877	0.00011791663501226068	0.007051505081689648	NaN	NaN
32	0.0	25	n	false	0	chi32	1.0000000000262035	-2.8821833808478914e-11	2.8821833808478914e-11	0.9999989566667092	1.0433332907622273e-6	0.00027312874505443365	NaN	NaN
32	0.0	25	Sz	false	0	chi32	-9.113549359618389e-10	1.2861249565343513e-10	1.2861249565343513e-10	0.9999989566667092	1.0433332907622273e-6	0.00027312874505443365	NaN	NaN
32	0.0	25	DoubleOcc	false	0	chi32	0.10056172610463399	4.497271419656723e-6	4.497271419656723e-6	0.9999989566667092	1.0433332907622273e-6	0.00027312874505443365	NaN	NaN
32	0.0	25	ZZ onsite	true	2	chi32	-0.5977530956338641	1.798914332806767e-5	1.798914332806767e-5	0.9999989566667092	1.0433332907622273e-6	0.00027312874505443365	50.418407629604	50.41840988620714
32	0.0	25	ZZ up-up r=1	true	2	chi32	-0.6152690928149819	-7.656853628468241e-6	7.656853628468241e-6	0.9999989566667092	1.0433332907622273e-6	0.00027312874505443365	55.147163745830774	55.14716420828568
32	0.0	25	SzSz r=1	false	0	chi32	-0.12884303209536677	-2.888168970177629e-6	2.888168970177629e-6	0.9999989566667092	1.0433332907622273e-6	0.00027312874505443365	NaN	NaN
32	0.0	25	hop up r=1	false	0	chi32	0.543386614123124	3.366220188938396e-5	3.366220188938396e-5	0.9999989566667092	1.0433332907622273e-6	0.00027312874505443365	NaN	NaN
32	0.0	25	n	false	0	UHF	1.0000000000262035	2.620725858548667e-11	2.620725858548667e-11	0.6135481674155573	0.3864518325844427	0.5699809325893979	NaN	NaN
32	0.0	25	Sz	false	0	UHF	-9.113549359618389e-10	0.38448194059516144	0.38448194059516144	0.6135481674155573	0.3864518325844427	0.5699809325893979	NaN	NaN
32	0.0	25	DoubleOcc	false	0	UHF	0.10056172610463399	-0.0016119105507438058	0.0016119105507438058	0.6135481674155573	0.3864518325844427	0.5699809325893979	NaN	NaN
32	0.0	25	ZZ onsite	true	2	UHF	-0.5977530956338641	-0.006447642255382857	0.006447642255382857	0.6135481674155573	0.3864518325844427	0.5699809325893979	50.13017523644761	50.41840988620714
32	0.0	25	ZZ up-up r=1	true	2	UHF	-0.6152690928149819	0.16867159278972332	0.16867159278972332	0.6135481674155573	0.3864518325844427	0.5699809325893979	10.878459614310769	55.14716420828568
32	0.0	25	SzSz r=1	false	0	UHF	-0.12884303209536677	0.04306296950395852	0.04306296950395852	0.6135481674155573	0.3864518325844427	0.5699809325893979	NaN	NaN
32	0.0	25	hop up r=1	false	0	UHF	0.543386614123124	0.10448644504729343	0.10448644504729343	0.6135481674155573	0.3864518325844427	0.5699809325893979	NaN	NaN
32	0.0	25	n	false	0	UHFsym	1.0000000000262035	2.6207480630091595e-11	2.6207480630091595e-11	0.9516325329035792	0.04836746709642081	0.19321631975779152	NaN	NaN
32	0.0	25	Sz	false	0	UHFsym	-9.113549359618389e-10	-9.113549220840511e-10	9.113549220840511e-10	0.9516325329035792	0.04836746709642081	0.19321631975779152	NaN	NaN
32	0.0	25	DoubleOcc	false	0	UHFsym	0.10056172610463399	-0.0016119105507436393	0.0016119105507436393	0.9516325329035792	0.04836746709642081	0.19321631975779152	NaN	NaN
32	0.0	25	ZZ onsite	true	2	UHFsym	-0.5977530956338641	-0.006447642255382524	0.006447642255382524	0.9516325329035792	0.04836746709642081	0.19321631975779152	50.130175236447634	50.41840988620714
32	0.0	25	ZZ up-up r=1	true	2	UHFsym	-0.6152690928149819	-0.22587548374382949	0.22587548374382949	0.9516325329035792	0.04836746709642081	0.19321631975779152	6.646109249882916	55.14716420828568
32	0.0	25	SzSz r=1	false	0	UHFsym	-0.12884303209536677	-0.055573799629427295	0.055573799629427295	0.9516325329035792	0.04836746709642081	0.19321631975779152	NaN	NaN
32	0.0	25	hop up r=1	false	0	UHFsym	0.543386614123124	0.10448644504729815	0.10448644504729815	0.9516325329035792	0.04836746709642081	0.19321631975779152	NaN	NaN
32	0.0	26	n	false	0	chi2	1.0000000000062466	6.248557227195306e-12	6.248557227195306e-12	0.623203316175478	0.376796683824522	0.49361800935348876	NaN	NaN
32	0.0	26	Sz	false	0	chi2	2.1887548266874557e-9	5.863318673290929e-8	5.863318673290929e-8	0.623203316175478	0.376796683824522	0.49361800935348876	NaN	NaN
32	0.0	26	DoubleOcc	false	0	chi2	0.09980703267183991	0.09980703267183991	0.09980703267183991	0.623203316175478	0.376796683824522	0.49361800935348876	NaN	NaN
32	0.0	26	ZZ onsite	true	2	chi2	-0.6007718693251282	0.39922813067486984	0.39922813067486984	0.623203316175478	0.376796683824522	0.49361800935348876	2.2099447920007167	51.201428635885435
32	0.0	26	ZZ up-up r=1	true	2	chi2	-0.4060745708016114	-0.050611109074260696	0.050611109074260696	0.623203316175478	0.376796683824522	0.49361800935348876	14.577255574929278	18.551683999987635
32	0.0	26	SzSz r=1	false	0	chi2	-0.0833521294060694	0.005513736025768282	0.005513736025768282	0.623203316175478	0.376796683824522	0.49361800935348876	NaN	NaN
32	0.0	26	hop up r=1	false	0	chi2	0.42720655321675616	0.42720655321675616	0.42720655321675616	0.623203316175478	0.376796683824522	0.49361800935348876	NaN	NaN
32	0.0	26	n	false	0	chi4	1.0000000000062466	-3.147946348036612e-10	3.147946348036612e-10	0.8914896216071908	0.10851037839280919	0.2999399587475933	NaN	NaN
32	0.0	26	Sz	false	0	chi4	2.1887548266874557e-9	2.5819610685595684e-10	2.5819610685595684e-10	0.8914896216071908	0.10851037839280919	0.2999399587475933	NaN	NaN
32	0.0	26	DoubleOcc	false	0	chi4	0.09980703267183991	0.03989290606115364	0.03989290606115364	0.8914896216071908	0.10851037839280919	0.2999399587475933	NaN	NaN
32	0.0	26	ZZ onsite	true	2	chi4	-0.6007718693251282	0.15957162487420473	0.15957162487420473	0.8914896216071908	0.10851037839280919	0.2999399587475933	11.27369793819517	51.201428635885435
32	0.0	26	ZZ up-up r=1	true	2	chi4	-0.4060745708016114	-0.1308419933052964	0.1308419933052964	0.8914896216071908	0.10851037839280919	0.2999399587475933	6.5734296944697395	18.551683999987635
32	0.0	26	SzSz r=1	false	0	chi4	-0.0833521294060694	-0.013960834192654578	0.013960834192654578	0.8914896216071908	0.10851037839280919	0.2999399587475933	NaN	NaN
32	0.0	26	hop up r=1	false	0	chi4	0.42720655321675616	0.42720655321675616	0.42720655321675616	0.8914896216071908	0.10851037839280919	0.2999399587475933	NaN	NaN
32	0.0	26	n	false	0	chi8	1.0000000000062466	-1.5888823590159973e-10	1.5888823590159973e-10	0.999542967179093	0.0004570328209070329	0.013284508598246952	NaN	NaN
32	0.0	26	Sz	false	0	chi8	2.1887548266874557e-9	4.504589236342671e-10	4.504589236342671e-10	0.999542967179093	0.0004570328209070329	0.013284508598246952	NaN	NaN
32	0.0	26	DoubleOcc	false	0	chi8	0.09980703267183991	-0.000488487716926389	0.000488487716926389	0.999542967179093	0.0004570328209070329	0.013284508598246952	NaN	NaN
32	0.0	26	ZZ onsite	true	2	chi8	-0.6007718693251282	-0.00195395054992753	0.00195395054992753	0.999542967179093	0.0004570328209070329	0.013284508598246952	51.17425326063784	51.201428635885435
32	0.0	26	ZZ up-up r=1	true	2	chi8	-0.4060745708016114	-0.00554948900477209	0.00554948900477209	0.999542967179093	0.0004570328209070329	0.013284508598246952	18.491069681150982	18.551683999987635
32	0.0	26	SzSz r=1	false	0	chi8	-0.0833521294060694	-0.0009517138513801537	0.0009517138513801537	0.999542967179093	0.0004570328209070329	0.013284508598246952	NaN	NaN
32	0.0	26	hop up r=1	false	0	chi8	0.42720655321675616	0.007591488616703446	0.007591488616703446	0.999542967179093	0.0004570328209070329	0.013284508598246952	NaN	NaN
32	0.0	26	n	false	0	chi16	1.0000000000062466	-4.246825113796149e-11	4.246825113796149e-11	0.9998879490402711	0.00011205095972888213	0.003946691081745125	NaN	NaN
32	0.0	26	Sz	false	0	chi16	2.1887548266874557e-9	6.172756403244328e-11	6.172756403244328e-11	0.9998879490402711	0.00011205095972888213	0.003946691081745125	NaN	NaN
32	0.0	26	DoubleOcc	false	0	chi16	0.09980703267183991	0.00039980598227709607	0.00039980598227709607	0.9998879490402711	0.00011205095972888213	0.003946691081745125	NaN	NaN
32	0.0	26	ZZ onsite	true	2	chi16	-0.6007718693251282	0.001599224014047551	0.001599224014047551	0.9998879490402711	0.00011205095972888213	0.003946691081745125	51.18322143766866	51.201428635885435
32	0.0	26	ZZ up-up r=1	true	2	chi16	-0.4060745708016114	-0.002289165278366423	0.002289165278366423	0.9998879490402711	0.00011205095972888213	0.003946691081745125	18.54134204438509	18.551683999987635
32	0.0	26	SzSz r=1	false	0	chi16	-0.0833521294060694	-0.0003369569289094765	0.0003369569289094765	0.9998879490402711	0.00011205095972888213	0.003946691081745125	NaN	NaN
32	0.0	26	hop up r=1	false	0	chi16	0.42720655321675616	0.0021271711975922036	0.0021271711975922036	0.9998879490402711	0.00011205095972888213	0.003946691081745125	NaN	NaN
32	0.0	26	n	false	0	chi32	1.0000000000062466	4.970879263765937e-11	4.970879263765937e-11	0.9999998826374737	1.1736252625293986e-7	0.0002516830012603544	NaN	NaN
32	0.0	26	Sz	false	0	chi32	2.1887548266874557e-9	1.740885630097111e-10	1.740885630097111e-10	0.9999998826374737	1.1736252625293986e-7	0.0002516830012603544	NaN	NaN
32	0.0	26	DoubleOcc	false	0	chi32	0.09980703267183991	4.7467217129670836e-6	4.7467217129670836e-6	0.9999998826374737	1.1736252625293986e-7	0.0002516830012603544	NaN	NaN
32	0.0	26	ZZ onsite	true	2	chi32	-0.6007718693251282	1.898678743872395e-5	1.898678743872395e-5	0.9999998826374737	1.1736252625293986e-7	0.0002516830012603544	51.20142606855404	51.201428635885435
32	0.0	26	ZZ up-up r=1	true	2	chi32	-0.4060745708016114	-0.0002177278379825176	0.0002177278379825176	0.9999998826374737	1.1736252625293986e-7	0.0002516830012603544	18.55159039127549	18.551683999987635
32	0.0	26	SzSz r=1	false	0	chi32	-0.0833521294060694	-5.721663484895001e-5	5.721663484895001e-5	0.9999998826374737	1.1736252625293986e-7	0.0002516830012603544	NaN	NaN
32	0.0	26	hop up r=1	false	0	chi32	0.42720655321675616	0.00016965906534455177	0.00016965906534455177	0.9999998826374737	1.1736252625293986e-7	0.0002516830012603544	NaN	NaN
32	0.0	26	n	false	0	UHF	1.0000000000062466	6.24256202286233e-12	6.24256202286233e-12	0.560242405417706	0.439757594582294	0.5719277326244593	NaN	NaN
32	0.0	26	Sz	false	0	UHF	2.1887548266874557e-9	-0.3844831577179145	0.3844831577179145	0.560242405417706	0.439757594582294	0.5719277326244593	NaN	NaN
32	0.0	26	DoubleOcc	false	0	UHF	0.09980703267183991	-0.002365667076344613	0.002365667076344613	0.560242405417706	0.439757594582294	0.5719277326244593	NaN	NaN
32	0.0	26	ZZ onsite	true	2	UHF	-0.6007718693251282	-0.009462668317858247	0.009462668317858247	0.560242405417706	0.439757594582294	0.5719277326244593	50.5715879311786	51.201428635885435
32	0.0	26	ZZ up-up r=1	true	2	UHF	-0.4060745708016114	0.37786248900857705	0.37786248900857705	0.560242405417706	0.439757594582294	0.5719277326244593	1.145335963083982	18.551683999987635
32	0.0	26	SzSz r=1	false	0	UHF	-0.0833521294060694	0.0885533137394307	0.0885533137394307	0.560242405417706	0.439757594582294	0.5719277326244593	NaN	NaN
32	0.0	26	hop up r=1	false	0	UHF	0.42720655321675616	-0.011690444330918703	0.011690444330918703	0.560242405417706	0.439757594582294	0.5719277326244593	NaN	NaN
32	0.0	26	n	false	0	UHFsym	1.0000000000062466	6.24256202286233e-12	6.24256202286233e-12	0.9932025802307616	0.006797419769238422	0.07845976229385788	NaN	NaN
32	0.0	26	Sz	false	0	UHFsym	2.1887548266874557e-9	2.1887548266874557e-9	2.1887548266874557e-9	0.9932025802307616	0.006797419769238422	0.07845976229385788	NaN	NaN
32	0.0	26	DoubleOcc	false	0	UHFsym	0.09980703267183991	-0.0023656670763452514	0.0023656670763452514	0.9932025802307616	0.006797419769238422	0.07845976229385788	NaN	NaN
32	0.0	26	ZZ onsite	true	2	UHFsym	-0.6007718693251282	-0.0094626683178608	0.0094626683178608	0.9932025802307616	0.006797419769238422	0.07845976229385788	50.571587931178264	51.201428635885435
32	0.0	26	ZZ up-up r=1	true	2	UHFsym	-0.4060745708016114	-0.016684025813742953	0.016684025813742953	0.9932025802307616	0.006797419769238422	0.07845976229385788	18.01784325956462	18.551683999987635
32	0.0	26	SzSz r=1	false	0	UHFsym	-0.0833521294060694	-0.01008331496614727	0.01008331496614727	0.9932025802307616	0.006797419769238422	0.07845976229385788	NaN	NaN
32	0.0	26	hop up r=1	false	0	UHFsym	0.42720655321675616	-0.011690444330914651	0.011690444330914651	0.9932025802307616	0.006797419769238422	0.07845976229385788	NaN	NaN
32	0.0	27	n	false	0	chi2	0.9999999999973929	-2.6052493495853923e-12	2.6052493495853923e-12	0.6208047709909307	0.3791952290090693	0.4829427689303151	NaN	NaN
32	0.0	27	Sz	false	0	chi2	-9.764582198368288e-10	-1.5422475242690666e-9	1.5422475242690666e-9	0.6208047709909307	0.3791952290090693	0.4829427689303151	NaN	NaN
32	0.0	27	DoubleOcc	false	0	chi2	0.10070850739065307	0.10070850739065307	0.10070850739065307	0.6208047709909307	0.3791952290090693	0.4829427689303151	NaN	NaN
32	0.0	27	ZZ onsite	true	2	chi2	-0.5971659704321682	0.40283402956782977	0.40283402956782977	0.6208047709909307	0.3791952290090693	0.4829427689303151	2.1464103302089876	50.26759711736346
32	0.0	27	ZZ up-up r=1	true	2	chi2	-0.6337633251363505	0.3662366748636475	0.3662366748636475	0.6208047709909307	0.3791952290090693	0.4829427689303151	2.8992288296369724	60.66926795878537
32	0.0	27	SzSz r=1	false	0	chi2	-0.13286804615734754	0.11713195384265196	0.11713195384265196	0.6208047709909307	0.3791952290090693	0.4829427689303151	NaN	NaN
32	0.0	27	hop up r=1	false	0	chi2	0.5533113806547502	0.5533113806547502	0.5533113806547502	0.6208047709909307	0.3791952290090693	0.4829427689303151	NaN	NaN
32	0.0	27	n	false	0	chi4	0.9999999999973929	1.779998370921021e-10	1.779998370921021e-10	0.8067057176554091	0.1932942823445909	0.21060517068364162	NaN	NaN
32	0.0	27	Sz	false	0	chi4	-9.764582198368288e-10	1.5208867082394661e-9	1.5208867082394661e-9	0.8067057176554091	0.1932942823445909	0.21060517068364162	NaN	NaN
32	0.0	27	DoubleOcc	false	0	chi4	0.10070850739065307	0.03640544537314225	0.03640544537314225	0.8067057176554091	0.1932942823445909	0.21060517068364162	NaN	NaN
32	0.0	27	ZZ onsite	true	2	chi4	-0.5971659704321682	0.14562178113657065	0.14562178113657065	0.8067057176554091	0.1932942823445909	0.21060517068364162	12.79169597356901	50.26759711736346
32	0.0	27	ZZ up-up r=1	true	2	chi4	-0.6337633251363505	0.14340953812846613	0.14340953812846613	0.8067057176554091	0.1932942823445909	0.21060517068364162	14.960521547386495	60.66926795878537
32	0.0	27	SzSz r=1	false	0	chi4	-0.13286804615734754	0.02927363860494847	0.02927363860494847	0.8067057176554091	0.1932942823445909	0.21060517068364162	NaN	NaN
32	0.0	27	hop up r=1	false	0	chi4	0.5533113806547502	-0.040805063011894904	0.040805063011894904	0.8067057176554091	0.1932942823445909	0.21060517068364162	NaN	NaN
32	0.0	27	n	false	0	chi8	0.9999999999973929	4.879889825559758e-10	4.879889825559758e-10	0.9983218574708391	0.0016781425291608754	0.02169416496484672	NaN	NaN
32	0.0	27	Sz	false	0	chi8	-9.764582198368288e-10	2.3451303399202317e-11	2.3451303399202317e-11	0.9983218574708391	0.0016781425291608754	0.02169416496484672	NaN	NaN
32	0.0	27	DoubleOcc	false	0	chi8	0.10070850739065307	0.00019737119121973623	0.00019737119121973623	0.9983218574708391	0.0016781425291608754	0.02169416496484672	NaN	NaN
32	0.0	27	ZZ onsite	true	2	chi8	-0.5971659704321682	0.00078948378890209	0.00078948378890209	0.9983218574708391	0.0016781425291608754	0.02169416496484672	50.26326890619115	50.26759711736346
32	0.0	27	ZZ up-up r=1	true	2	chi8	-0.6337633251363505	-0.010989424654386792	0.010989424654386792	0.9983218574708391	0.0016781425291608754	0.02169416496484672	59.59998519605089	60.66926795878537
32	0.0	27	SzSz r=1	false	0	chi8	-0.13286804615734754	-0.003118793212402049	0.003118793212402049	0.9983218574708391	0.0016781425291608754	0.02169416496484672	NaN	NaN
32	0.0	27	hop up r=1	false	0	chi8	0.5533113806547502	0.008821644104242132	0.008821644104242132	0.9983218574708391	0.0016781425291608754	0.02169416496484672	NaN	NaN
32	0.0	27	n	false	0	chi16	0.9999999999973929	4.4414805167036775e-11	4.4414805167036775e-11	0.9998786373992856	0.00012136260071438087	0.007018801497613728	NaN	NaN
32	0.0	27	Sz	false	0	chi16	-9.764582198368288e-10	1.717744002593946e-10	1.717744002593946e-10	0.9998786373992856	0.00012136260071438087	0.007018801497613728	NaN	NaN
32	0.0	27	DoubleOcc	false	0	chi16	0.10070850739065307	0.00025495685389029243	0.00025495685389029243	0.9998786373992856	0.00012136260071438087	0.007018801497613728	NaN	NaN
32	0.0	27	ZZ onsite	true	2	chi16	-0.5971659704321682	0.001019827326734113	0.001019827326734113	0.9998786373992856	0.00012136260071438087	0.007018801497613728	50.26037523691294	50.26759711736346
32	0.0	27	ZZ up-up r=1	true	2	chi16	-0.6337633251363505	-0.002922637769996239	0.002922637769996239	0.9998786373992856	0.00012136260071438087	0.007018801497613728	60.592378909482285	60.66926795878537
32	0.0	27	SzSz r=1	false	0	chi16	-0.13286804615734754	-4.477793328258595e-5	4.477793328258595e-5	0.9998786373992856	0.00012136260071438087	0.007018801497613728	NaN	NaN
32	0.0	27	hop up r=1	false	0	chi16	0.5533113806547502	0.0021344339309802285	0.0021344339309802285	0.9998786373992856	0.00012136260071438087	0.007018801497613728	NaN	NaN
32	0.0	27	n	false	0	chi32	0.9999999999973929	9.48718881232935e-12	9.48718881232935e-12	0.9999997453457696	2.5465423036941104e-7	0.00018553478738907983	NaN	NaN
32	0.0	27	Sz	false	0	chi32	-9.764582198368288e-10	6.756011028397069e-11	6.756011028397069e-11	0.9999997453457696	2.5465423036941104e-7	0.00018553478738907983	NaN	NaN
32	0.0	27	DoubleOcc	false	0	chi32	0.10070850739065307	-1.162160630396869e-6	1.162160630396869e-6	0.9999997453457696	2.5465423036941104e-7	0.00018553478738907983	NaN	NaN
32	0.0	27	ZZ onsite	true	2	chi32	-0.5971659704321682	-4.648661491413186e-6	4.648661491413186e-6	0.9999997453457696	2.5465423036941104e-7	0.00018553478738907983	50.26759696728607	50.26759711736346
32	0.0	27	ZZ up-up r=1	true	2	chi32	-0.6337633251363505	6.336984406540846e-5	6.336984406540846e-5	0.9999997453457696	2.5465423036941104e-7	0.00018553478738907983	60.66923176531099	60.66926795878537
32	0.0	27	SzSz r=1	false	0	chi32	-0.13286804615734754	1.4804863318396144e-5	1.4804863318396144e-5	0.9999997453457696	2.5465423036941104e-7	0.00018553478738907983	NaN	NaN
32	0.0	27	hop up r=1	false	0	chi32	0.5533113806547502	5.234437089662869e-6	5.234437089662869e-6	0.9999997453457696	2.5465423036941104e-7	0.00018553478738907983	NaN	NaN
32	0.0	27	n	false	0	UHF	0.9999999999973929	-2.6056934387952424e-12	2.6056934387952424e-12	0.6170461384613847	0.3829538615386153	0.5711937289356066	NaN	NaN
32	0.0	27	Sz	false	0	UHF	-9.764582198368288e-10	0.384481393148421	0.384481393148421	0.6170461384613847	0.3829538615386153	0.5711937289356066	NaN	NaN
32	0.0	27	DoubleOcc	false	0	UHF	0.10070850739065307	-0.0014655501811354499	0.0014655501811354499	0.6170461384613847	0.3829538615386153	0.5711937289356066	NaN	NaN
32	0.0	27	ZZ onsite	true	2	UHF	-0.5971659704321682	-0.005862200719325306	0.005862200719325306	0.6170461384613847	0.3829538615386153	0.5711937289356066	50.03006425185563	50.26759711736346
32	0.0	27	ZZ up-up r=1	true	2	UHF	-0.6337633251363505	0.1502332336251304	0.1502332336251304	0.6170461384613847	0.3829538615386153	0.5711937289356066	13.937470298424152	60.66926795878537
32	0.0	27	SzSz r=1	false	0	UHF	-0.13286804615734754	0.039050905345946796	0.039050905345946796	0.6170461384613847	0.3829538615386153	0.5711937289356066	NaN	NaN
32	0.0	27	hop up r=1	false	0	UHF	0.5533113806547502	0.11440193042997965	0.11440193042997965	0.6170461384613847	0.3829538615386153	0.5711937289356066	NaN	NaN
32	0.0	27	n	false	0	UHFsym	0.9999999999973929	-2.60558241649278e-12	2.60558241649278e-12	0.9443342389524089	0.055665761047591134	0.20470946962031578	NaN	NaN
32	0.0	27	Sz	false	0	UHFsym	-9.764582198368288e-10	-9.764582198368288e-10	9.764582198368288e-10	0.9443342389524089	0.055665761047591134	0.20470946962031578	NaN	NaN
32	0.0	27	DoubleOcc	false	0	UHFsym	0.10070850739065307	-0.001465550181135894	0.001465550181135894	0.9443342389524089	0.055665761047591134	0.20470946962031578	NaN	NaN
32	0.0	27	ZZ onsite	true	2	UHFsym	-0.5971659704321682	-0.005862200719327193	0.005862200719327193	0.9443342389524089	0.055665761047591134	0.20470946962031578	50.03006425185548	50.26759711736346
32	0.0	27	ZZ up-up r=1	true	2	UHFsym	-0.6337633251363505	-0.24434568791098016	0.24434568791098016	0.9443342389524089	0.055665761047591134	0.20470946962031578	6.1470615492368434	60.66926795878537
32	0.0	27	SzSz r=1	false	0	UHFsym	-0.13286804615734754	-0.0595938250380809	0.0595938250380809	0.9443342389524089	0.055665761047591134	0.20470946962031578	NaN	NaN
32	0.0	27	hop up r=1	false	0	UHFsym	0.5533113806547502	0.11440193042998203	0.11440193042998203	0.9443342389524089	0.055665761047591134	0.20470946962031578	NaN	NaN
32	0.0	28	n	false	0	chi2	1.0000000000023728	2.3741009158584347e-12	2.3741009158584347e-12	0.6287745037899708	0.3712254962100292	0.48348773000953627	NaN	NaN
32	0.0	28	Sz	false	0	chi2	2.454237139903892e-9	3.020026138889076e-9	3.020026138889076e-9	0.6287745037899708	0.3712254962100292	0.48348773000953627	NaN	NaN
32	0.0	28	DoubleOcc	false	0	chi2	0.09928176444189837	0.09928176444189837	0.09928176444189837	0.6287745037899708	0.3712254962100292	0.48348773000953627	NaN	NaN
32	0.0	28	ZZ onsite	true	2	chi2	-0.6028729422371467	0.39712705776285195	0.39712705776285195	0.6287745037899708	0.3712254962100292	0.48348773000953627	2.2479202314597284	51.75402470904294
32	0.0	28	ZZ up-up r=1	true	2	chi2	-0.3819862119740266	-0.04120337327095497	0.04120337327095497	0.6287745037899708	0.3712254962100292	0.48348773000953627	13.755466638802142	16.185915436827003
32	0.0	28	SzSz r=1	false	0	chi2	-0.07813340044273184	0.007062309233036065	0.007062309233036065	0.6287745037899708	0.3712254962100292	0.48348773000953627	NaN	NaN
32	0.0	28	hop up r=1	false	0	chi2	0.4131489311393816	0.4131489311393816	0.4131489311393816	0.6287745037899708	0.3712254962100292	0.48348773000953627	NaN	NaN
32	0.0	28	n	false	0	chi4	1.0000000000023728	-1.782411995776556e-10	1.782411995776556e-10	0.8749993073495665	0.12500069265043345	0.341793624137524	NaN	NaN
32	0.0	28	Sz	false	0	chi4	2.454237139903892e-9	-4.0388790922829543e-10	4.0388790922829543e-10	0.8749993073495665	0.12500069265043345	0.341793624137524	NaN	NaN
32	0.0	28	DoubleOcc	false	0	chi4	0.09928176444189837	0.03497870224377675	0.03497870224377675	0.8749993073495665	0.12500069265043345	0.341793624137524	NaN	NaN
32	0.0	28	ZZ onsite	true	2	chi4	-0.6028729422371467	0.13991480933159162	0.13991480933159162	0.8749993073495665	0.12500069265043345	0.341793624137524	13.861430865988023	51.75402470904294
32	0.0	28	ZZ up-up r=1	true	2	chi4	-0.3819862119740266	-0.32599905539968244	0.32599905539968244	0.8749993073495665	0.12500069265043345	0.341793624137524	1.342050073481489	16.185915436827003
32	0.0	28	SzSz r=1	false	0	chi4	-0.07813340044273184	-0.0641366112991458	0.0641366112991458	0.8749993073495665	0.12500069265043345	0.341793624137524	NaN	NaN
32	0.0	28	hop up r=1	false	0	chi4	0.4131489311393816	0.4131489311393816	0.4131489311393816	0.8749993073495665	0.12500069265043345	0.341793624137524	NaN	NaN
32	0.0	28	n	false	0	chi8	1.0000000000023728	-2.106945728996834e-10	2.106945728996834e-10	0.9997077117150468	0.0002922882849532016	0.009713091229871212	NaN	NaN
32	0.0	28	Sz	false	0	chi8	2.454237139903892e-9	7.620944778019556e-10	7.620944778019556e-10	0.9997077117150468	0.0002922882849532016	0.009713091229871212	NaN	NaN
32	0.0	28	DoubleOcc	false	0	chi8	0.09928176444189837	-0.0009813311257923507	0.0009813311257923507	0.9997077117150468	0.0002922882849532016	0.009713091229871212	NaN	NaN
32	0.0	28	ZZ onsite	true	2	chi8	-0.6028729422371467	-0.003925324081779369	0.003925324081779369	0.9997077117150468	0.0002922882849532016	0.009713091229871212	51.642907678837325	51.75402470904294
32	0.0	28	ZZ up-up r=1	true	2	chi8	-0.3819862119740266	-0.004709935078867744	0.004709935078867744	0.9997077117150468	0.0002922882849532016	0.009713091229871212	16.14863240740248	16.185915436827003
32	0.0	28	SzSz r=1	false	0	chi8	-0.07813340044273184	-0.0006158390404191472	0.0006158390404191472	0.9997077117150468	0.0002922882849532016	0.009713091229871212	NaN	NaN
32	0.0	28	hop up r=1	false	0	chi8	0.4131489311393816	0.00623539269288248	0.00623539269288248	0.9997077117150468	0.0002922882849532016	0.009713091229871212	NaN	NaN
32	0.0	28	n	false	0	chi16	1.0000000000023728	5.0212944913141655e-11	5.0212944913141655e-11	0.9999912588286008	8.741171399151426e-6	0.001814360953483131	NaN	NaN
32	0.0	28	Sz	false	0	chi16	2.454237139903892e-9	2.6991441026691376e-10	2.6991441026691376e-10	0.9999912588286008	8.741171399151426e-6	0.001814360953483131	NaN	NaN
32	0.0	28	DoubleOcc	false	0	chi16	0.09928176444189837	0.0002280212568607498	0.0002280212568607498	0.9999912588286008	8.741171399151426e-6	0.001814360953483131	NaN	NaN
32	0.0	28	ZZ onsite	true	2	chi16	-0.6028729422371467	0.000912084927019996	0.000912084927019996	0.9999912588286008	8.741171399151426e-6	0.001814360953483131	51.748013205058	51.75402470904294
32	0.0	28	ZZ up-up r=1	true	2	chi16	-0.3819862119740266	-0.0016116960333399932	0.0016116960333399932	0.9999912588286008	8.741171399151426e-6	0.001814360953483131	16.181540903268697	16.185915436827003
32	0.0	28	SzSz r=1	false	0	chi16	-0.07813340044273184	-0.0003436351468202037	0.0003436351468202037	0.9999912588286008	8.741171399151426e-6	0.001814360953483131	NaN	NaN
32	0.0	28	hop up r=1	false	0	chi16	0.4131489311393816	0.000696928791095508	0.000696928791095508	0.9999912588286008	8.741171399151426e-6	0.001814360953483131	NaN	NaN
32	0.0	28	n	false	0	chi32	1.0000000000023728	2.4158453015843406e-13	2.4158453015843406e-13	0.9999999519138093	4.808619069596176e-8	0.00015505207290372722	NaN	NaN
32	0.0	28	Sz	false	0	chi32	2.454237139903892e-9	1.5227533470274501e-10	1.5227533470274501e-10	0.9999999519138093	4.808619069596176e-8	0.00015505207290372722	NaN	NaN
32	0.0	28	DoubleOcc	false	0	chi32	0.09928176444189837	1.5674338793847387e-6	1.5674338793847387e-6	0.9999999519138093	4.808619069596176e-8	0.00015505207290372722	NaN	NaN
32	0.0	28	ZZ onsite	true	2	chi32	-0.6028729422371467	6.269735039254876e-6	6.269735039254876e-6	0.9999999519138093	4.808619069596176e-8	0.00015505207290372722	51.75402442494937	51.75402470904294
32	0.0	28	ZZ up-up r=1	true	2	chi32	-0.3819862119740266	-0.00010847039547423609	0.00010847039547423609	0.9999999519138093	4.808619069596176e-8	0.00015505207290372722	16.18589561677519	16.185915436827003
32	0.0	28	SzSz r=1	false	0	chi32	-0.07813340044273184	-3.158421726628946e-5	3.158421726628946e-5	0.9999999519138093	4.808619069596176e-8	0.00015505207290372722	NaN	NaN
32	0.0	28	hop up r=1	false	0	chi32	0.4131489311393816	8.94991473392448e-5	8.94991473392448e-5	0.9999999519138093	4.808619069596176e-8	0.00015505207290372722	NaN	NaN
32	0.0	28	n	false	0	UHF	1.0000000000023728	2.3778756741421603e-12	2.3778756741421603e-12	0.5527422953598348	0.44725770464016523	0.5739988214604591	NaN	NaN
32	0.0	28	Sz	false	0	UHF	2.454237139903892e-9	-0.38451473759635807	0.38451473759635807	0.5527422953598348	0.44725770464016523	0.5739988214604591	NaN	NaN
32	0.0	28	DoubleOcc	false	0	UHF	0.09928176444189837	-0.0028666502419222306	0.0028666502419222306	0.5527422953598348	0.44725770464016523	0.5739988214604591	NaN	NaN
32	0.0	28	ZZ onsite	true	2	UHF	-0.6028729422371467	-0.011466600972439456	0.011466600972439456	0.5527422953598348	0.44725770464016523	0.5739988214604591	50.8209190661778	51.75402470904294
32	0.0	28	ZZ up-up r=1	true	2	UHF	-0.3819862119740266	0.4018453520376609	0.4018453520376609	0.5527422953598348	0.44725770464016523	0.5739988214604591	0.9090163762697925	16.185915436827003
32	0.0	28	SzSz r=1	false	0	UHF	-0.07813340044273184	0.09375562159009473	0.09375562159009473	0.5527422953598348	0.44725770464016523	0.5739988214604591	NaN	NaN
32	0.0	28	hop up r=1	false	0	UHF	0.4131489311393816	-0.02565734930880198	0.02565734930880198	0.5527422953598348	0.44725770464016523	0.5739988214604591	NaN	NaN
32	0.0	28	n	false	0	UHFsym	1.0000000000023728	2.3779866964446228e-12	2.3779866964446228e-12	0.993746996689938	0.006253003310061955	0.07240635765874934	NaN	NaN
32	0.0	28	Sz	false	0	UHFsym	2.454237139903892e-9	2.4542371676594676e-9	2.4542371676594676e-9	0.993746996689938	0.006253003310061955	0.07240635765874934	NaN	NaN
32	0.0	28	DoubleOcc	false	0	UHFsym	0.09928176444189837	-0.0028666502419228412	0.0028666502419228412	0.993746996689938	0.006253003310061955	0.07240635765874934	NaN	NaN
32	0.0	28	ZZ onsite	true	2	UHFsym	-0.6028729422371467	-0.011466600972441898	0.011466600972441898	0.993746996689938	0.006253003310061955	0.07240635765874934	50.82091906617741	51.75402470904294
32	0.0	28	ZZ up-up r=1	true	2	UHFsym	-0.3819862119740266	0.00731610092347873	0.00731610092347873	0.993746996689938	0.006253003310061955	0.07240635765874934	16.09624905167824	16.185915436827003
32	0.0	28	SzSz r=1	false	0	UHFsym	-0.07813340044273184	-0.004876691188451632	0.004876691188451632	0.993746996689938	0.006253003310061955	0.07240635765874934	NaN	NaN
32	0.0	28	hop up r=1	false	0	UHFsym	0.4131489311393816	-0.025657349308800925	0.025657349308800925	0.993746996689938	0.006253003310061955	0.07240635765874934	NaN	NaN
32	0.0	29	n	false	0	chi2	0.9999999999711165	-2.888256300792591e-11	2.888256300792591e-11	0.6416797938201936	0.3583202061798064	0.4727804175442323	NaN	NaN
32	0.0	29	Sz	false	0	chi2	-1.1671665231527406e-9	-3.496266384051095e-8	3.496266384051095e-8	0.6416797938201936	0.3583202061798064	0.4727804175442323	NaN	NaN
32	0.0	29	DoubleOcc	false	0	chi2	0.10080893407234875	0.10080893407234878	0.10080893407234878	0.6416797938201936	0.3583202061798064	0.4727804175442323	NaN	NaN
32	0.0	29	ZZ onsite	true	2	chi2	-0.5967642636528322	0.4032357363471669	0.4032357363471669	0.6416797938201936	0.3583202061798064	0.4727804175442323	2.1394579468100132	50.164686645095166
32	0.0	29	ZZ up-up r=1	true	2	chi2	-0.6724112003528401	0.32758879964715903	0.32758879964715903	0.6416797938201936	0.3583202061798064	0.4727804175442323	4.038674968237021	74.35762176689582
32	0.0	29	SzSz r=1	false	0	chi2	-0.14130099731080348	0.1086990026891963	0.1086990026891963	0.6416797938201936	0.3583202061798064	0.4727804175442323	NaN	NaN
32	0.0	29	hop up r=1	false	0	chi2	0.5728713132330872	0.5728713132330872	0.5728713132330872	0.6416797938201936	0.3583202061798064	0.4727804175442323	NaN	NaN
32	0.0	29	n	false	0	chi4	0.9999999999711165	6.747979952592686e-11	6.747979952592686e-11	0.8392033937532258	0.16079660624677417	0.2093571318238157	NaN	NaN
32	0.0	29	Sz	false	0	chi4	-1.1671665231527406e-9	8.005809556954624e-10	8.005809556954624e-10	0.8392033937532258	0.16079660624677417	0.2093571318238157	NaN	NaN
32	0.0	29	DoubleOcc	false	0	chi4	0.10080893407234875	0.035060174961606794	0.035060174961606794	0.8392033937532258	0.16079660624677417	0.2093571318238157	NaN	NaN
32	0.0	29	ZZ onsite	true	2	chi4	-0.5967642636528322	0.14024069971147013	0.14024069971147013	0.8392033937532258	0.16079660624677417	0.2093571318238157	13.502690390804215	50.164686645095166
32	0.0	29	ZZ up-up r=1	true	2	chi4	-0.6724112003528401	0.1450662079092767	0.1450662079092767	0.8392033937532258	0.16079660624677417	0.2093571318238157	16.844528037922164	74.35762176689582
32	0.0	29	SzSz r=1	false	0	chi4	-0.14130099731080348	0.039012509998912925	0.039012509998912925	0.8392033937532258	0.16079660624677417	0.2093571318238157	NaN	NaN
32	0.0	29	hop up r=1	false	0	chi4	0.5728713132330872	-0.06544527257747512	0.06544527257747512	0.8392033937532258	0.16079660624677417	0.2093571318238157	NaN	NaN
32	0.0	29	n	false	0	chi8	0.9999999999711165	1.6477164077599582e-10	1.6477164077599582e-10	0.9991814291681476	0.0008185708318524387	0.014837031693530534	NaN	NaN
32	0.0	29	Sz	false	0	chi8	-1.1671665231527406e-9	1.3708756352315277e-12	1.3708756352315277e-12	0.9991814291681476	0.0008185708318524387	0.014837031693530534	NaN	NaN
32	0.0	29	DoubleOcc	false	0	chi8	0.10080893407234875	0.00017167712778629052	0.00017167712778629052	0.9991814291681476	0.0008185708318524387	0.014837031693530534	NaN	NaN
32	0.0	29	ZZ onsite	true	2	chi8	-0.5967642636528322	0.0006867081816038789	0.0006867081816038789	0.9991814291681476	0.0008185708318524387	0.014837031693530534	50.16142105301587	50.164686645095166
32	0.0	29	ZZ up-up r=1	true	2	chi8	-0.6724112003528401	-0.007745570878591734	0.007745570878591734	0.9991814291681476	0.0008185708318524387	0.014837031693530534	73.64081709210762	74.35762176689582
32	0.0	29	SzSz r=1	false	0	chi8	-0.14130099731080348	-0.0022039246384353284	0.0022039246384353284	0.9991814291681476	0.0008185708318524387	0.014837031693530534	NaN	NaN
32	0.0	29	hop up r=1	false	0	chi8	0.5728713132330872	0.005121981278419119	0.005121981278419119	0.9991814291681476	0.0008185708318524387	0.014837031693530534	NaN	NaN
32	0.0	29	n	false	0	chi16	0.9999999999711165	1.4147460980495907e-11	1.4147460980495907e-11	0.9999230678150338	7.693218496618304e-5	0.0023702607376606716	NaN	NaN
32	0.0	29	Sz	false	0	chi16	-1.1671665231527406e-9	-1.6231058164173362e-11	1.6231058164173362e-11	0.9999230678150338	7.693218496618304e-5	0.0023702607376606716	NaN	NaN
32	0.0	29	DoubleOcc	false	0	chi16	0.10080893407234875	0.00013647763582622097	0.00013647763582622097	0.9999230678150338	7.693218496618304e-5	0.0023702607376606716	NaN	NaN
32	0.0	29	ZZ onsite	true	2	chi16	-0.5967642636528322	0.0005459105150138477	0.0005459105150138477	0.9999230678150338	7.693218496618304e-5	0.0023702607376606716	50.16262282985869	50.164686645095166
32	0.0	29	ZZ up-up r=1	true	2	chi16	-0.6724112003528401	-0.0038273297279739493	0.0038273297279739493	0.9999230678150338	7.693218496618304e-5	0.0023702607376606716	74.18131796896174	74.35762176689582
32	0.0	29	SzSz r=1	false	0	chi16	-0.14130099731080348	-0.0006861617444533785	0.0006861617444533785	0.9999230678150338	7.693218496618304e-5	0.0023702607376606716	NaN	NaN
32	0.0	29	hop up r=1	false	0	chi16	0.5728713132330872	0.0011992631934950593	0.0011992631934950593	0.9999230678150338	7.693218496618304e-5	0.0023702607376606716	NaN	NaN
32	0.0	29	n	false	0	chi32	0.9999999999711165	9.493628105872176e-12	9.493628105872176e-12	0.9999999665475473	3.345245269681385e-8	0.0001287910555199195	NaN	NaN
32	0.0	29	Sz	false	0	chi32	-1.1671665231527406e-9	-1.3345706484368947e-11	1.3345706484368947e-11	0.9999999665475473	3.345245269681385e-8	0.0001287910555199195	NaN	NaN
32	0.0	29	DoubleOcc	false	0	chi32	0.10080893407234875	-1.915091902532362e-6	1.915091902532362e-6	0.9999999665475473	3.345245269681385e-8	0.0001287910555199195	NaN	NaN
32	0.0	29	ZZ onsite	true	2	chi32	-0.5967642636528322	-7.660386592167612e-6	7.660386592167612e-6	0.9999999665475473	3.345245269681385e-8	0.0001287910555199195	50.16468623870131	50.164686645095166
32	0.0	29	ZZ up-up r=1	true	2	chi32	-0.6724112003528401	9.527367280015575e-5	9.527367280015575e-5	0.9999999665475473	3.345245269681385e-8	0.0001287910555199195	74.35751225884924	74.35762176689582
32	0.0	29	SzSz r=1	false	0	chi32	-0.14130099731080348	2.1135056455845458e-5	2.1135056455845458e-5	0.9999999665475473	3.345245269681385e-8	0.0001287910555199195	NaN	NaN
32	0.0	29	hop up r=1	false	0	chi32	0.5728713132330872	-4.0223621655011144e-5	4.0223621655011144e-5	0.9999999665475473	3.345245269681385e-8	0.0001287910555199195	NaN	NaN
32	0.0	29	n	false	0	UHF	0.9999999999711165	-2.888345118634561e-11	2.888345118634561e-11	0.62240174682985	0.37759825317014994	0.5746831568767656	NaN	NaN
32	0.0	29	Sz	false	0	UHF	-1.1671665231527406e-9	0.38443299363370875	0.38443299363370875	0.62240174682985	0.37759825317014994	0.5746831568767656	NaN	NaN
32	0.0	29	DoubleOcc	false	0	UHF	0.10080893407234875	-0.0014023384360813684	0.0014023384360813684	0.62240174682985	0.37759825317014994	0.5746831568767656	NaN	NaN
32	0.0	29	ZZ onsite	true	2	UHF	-0.5967642636528322	-0.005609353686552687	0.005609353686552687	0.62240174682985	0.37759825317014994	0.5746831568767656	49.94772198825436	50.164686645095166
32	0.0	29	ZZ up-up r=1	true	2	UHF	-0.6724112003528401	0.11348052620189364	0.11348052620189364	0.62240174682985	0.37759825317014994	0.5746831568767656	24.06876158372687	74.35762176689582
32	0.0	29	SzSz r=1	false	0	UHF	-0.14130099731080348	0.031045534715076428	0.031045534715076428	0.62240174682985	0.37759825317014994	0.5746831568767656	NaN	NaN
32	0.0	29	hop up r=1	false	0	UHF	0.5728713132330872	0.1335409171728713	0.1335409171728713	0.62240174682985	0.37759825317014994	0.5746831568767656	NaN	NaN
32	0.0	29	n	false	0	UHFsym	0.9999999999711165	-2.8883673230950535e-11	2.8883673230950535e-11	0.9276191173602713	0.07238088263972875	0.22744032708639614	NaN	NaN
32	0.0	29	Sz	false	0	UHFsym	-1.1671665231527406e-9	-1.1671665509083162e-9	1.1671665509083162e-9	0.9276191173602713	0.07238088263972875	0.22744032708639614	NaN	NaN
32	0.0	29	DoubleOcc	false	0	UHFsym	0.10080893407234875	-0.0014023384360817015	0.0014023384360817015	0.9276191173602713	0.07238088263972875	0.22744032708639614	NaN	NaN
32	0.0	29	ZZ onsite	true	2	UHFsym	-0.5967642636528322	-0.005609353686553797	0.005609353686553797	0.9276191173602713	0.07238088263972875	0.22744032708639614	49.94772198825427	50.164686645095166
32	0.0	29	ZZ up-up r=1	true	2	UHFsym	-0.6724112003528401	-0.282116262391344	0.282116262391344	0.9276191173602713	0.07238088263972875	0.22744032708639614	5.344419855946752	74.35762176689582
32	0.0	29	SzSz r=1	false	0	UHFsym	-0.14130099731080348	-0.06785366243323243	0.06785366243323243	0.9276191173602713	0.07238088263972875	0.22744032708639614	NaN	NaN
32	0.0	29	hop up r=1	false	0	UHFsym	0.5728713132330872	0.13354091717287386	0.13354091717287386	0.9276191173602713	0.07238088263972875	0.22744032708639614	NaN	NaN
32	0.0	30	n	false	0	chi2	0.999999999934885	-6.511446937196297e-11	6.511446937196297e-11	0.6444320780916729	0.3555679219083271	0.45796925584741893	NaN	NaN
32	0.0	30	Sz	false	0	chi2	2.5514066241683064e-9	3.63469040386144e-8	3.63469040386144e-8	0.6444320780916729	0.3555679219083271	0.45796925584741893	NaN	NaN
32	0.0	30	DoubleOcc	false	0	chi2	0.09712227706944432	0.09712227706944432	0.09712227706944432	0.6444320780916729	0.3555679219083271	0.45796925584741893	NaN	NaN
32	0.0	30	ZZ onsite	true	2	chi2	-0.6115108915919866	0.3884891084080129	0.3884891084080129	0.6444320780916729	0.3555679219083271	0.45796925584741893	2.4118260447685125	54.093796170840754
32	0.0	30	ZZ up-up r=1	true	2	chi2	-0.32770579605738204	-0.02748361104538144	0.02748361104538144	0.6444320780916729	0.3555679219083271	0.45796925584741893	10.876240924606662	11.694352741941252
32	0.0	30	SzSz r=1	false	0	chi2	-0.06646314260265437	0.008592403650345776	0.008592403650345776	0.6444320780916729	0.3555679219083271	0.45796925584741893	NaN	NaN
32	0.0	30	hop up r=1	false	0	chi2	0.37822321663486935	0.37822321663486935	0.37822321663486935	0.6444320780916729	0.3555679219083271	0.45796925584741893	NaN	NaN
32	0.0	30	n	false	0	chi4	0.999999999934885	2.622029260379577e-10	2.622029260379577e-10	0.8923320044008956	0.10766799559910445	0.31107479595296006	NaN	NaN
32	0.0	30	Sz	false	0	chi4	2.5514066241683064e-9	-6.420946031815422e-10	6.420946031815422e-10	0.8923320044008956	0.10766799559910445	0.31107479595296006	NaN	NaN
32	0.0	30	DoubleOcc	false	0	chi4	0.09712227706944432	0.011125972251828625	0.011125972251828625	0.8923320044008956	0.10766799559910445	0.31107479595296006	NaN	NaN
32	0.0	30	ZZ onsite	true	2	chi4	-0.6115108915919866	0.044503888482911425	0.044503888482911425	0.8923320044008956	0.10766799559910445	0.31107479595296006	42.220854782524206	54.093796170840754
32	0.0	30	ZZ up-up r=1	true	2	chi4	-0.32770579605738204	-0.2872107044126798	0.2872107044126798	0.8923320044008956	0.10766799559910445	0.31107479595296006	1.2691084529899335	11.694352741941252
32	0.0	30	SzSz r=1	false	0	chi4	-0.06646314260265437	-0.06646314260265437	0.06646314260265437	0.8923320044008956	0.10766799559910445	0.31107479595296006	NaN	NaN
32	0.0	30	hop up r=1	false	0	chi4	0.37822321663486935	0.11926285232381406	0.11926285232381406	0.8923320044008956	0.10766799559910445	0.31107479595296006	NaN	NaN
32	0.0	30	n	false	0	chi8	0.999999999934885	-6.091238624605921e-11	6.091238624605921e-11	0.9998307946554024	0.0001692053445976338	0.008041476955768102	NaN	NaN
32	0.0	30	Sz	false	0	chi8	2.5514066241683064e-9	2.845455641942163e-10	2.845455641942163e-10	0.9998307946554024	0.0001692053445976338	0.008041476955768102	NaN	NaN
32	0.0	30	DoubleOcc	false	0	chi8	0.09712227706944432	-0.0014502086776447265	0.0014502086776447265	0.9998307946554024	0.0001692053445976338	0.008041476955768102	NaN	NaN
32	0.0	30	ZZ onsite	true	2	chi8	-0.6115108915919866	-0.005800834588751691	0.005800834588751691	0.9998307946554024	0.0001692053445976338	0.008041476955768102	53.83658262715013	54.093796170840754
32	0.0	30	ZZ up-up r=1	true	2	chi8	-0.32770579605738204	-0.0037741776546055816	0.0037741776546055816	0.9998307946554024	0.0001692053445976338	0.008041476955768102	11.677787739111858	11.694352741941252
32	0.0	30	SzSz r=1	false	0	chi8	-0.06646314260265437	-0.0006153948676284465	0.0006153948676284465	0.9998307946554024	0.0001692053445976338	0.008041476955768102	NaN	NaN
32	0.0	30	hop up r=1	false	0	chi8	0.37822321663486935	0.004527797616970308	0.004527797616970308	0.9998307946554024	0.0001692053445976338	0.008041476955768102	NaN	NaN
32	0.0	30	n	false	0	chi16	0.999999999934885	2.8091418080578023e-11	2.8091418080578023e-11	0.9999998384565078	1.615434922497272e-7	0.0002762069580180569	NaN	NaN
32	0.0	30	Sz	false	0	chi16	2.5514066241683064e-9	2.0041801204739862e-10	2.0041801204739862e-10	0.9999998384565078	1.615434922497272e-7	0.0002762069580180569	NaN	NaN
32	0.0	30	DoubleOcc	false	0	chi16	0.09712227706944432	7.795908657196038e-5	7.795908657196038e-5	0.9999998384565078	1.615434922497272e-7	0.0002762069580180569	NaN	NaN
32	0.0	30	ZZ onsite	true	2	chi16	-0.6115108915919866	0.0003118362901091132	0.0003118362901091132	0.9999998384565078	1.615434922497272e-7	0.0002762069580180569	54.093049326388766	54.093796170840754
32	0.0	30	ZZ up-up r=1	true	2	chi16	-0.32770579605738204	-0.00011591910086239388	0.00011591910086239388	0.9999998384565078	1.615434922497272e-7	0.0002762069580180569	11.694337093471477	11.694352741941252
32	0.0	30	SzSz r=1	false	0	chi16	-0.06646314260265437	1.3606286292100478e-7	1.3606286292100478e-7	0.9999998384565078	1.615434922497272e-7	0.0002762069580180569	NaN	NaN
32	0.0	30	hop up r=1	false	0	chi16	0.37822321663486935	9.486445307521629e-5	9.486445307521629e-5	0.9999998384565078	1.615434922497272e-7	0.0002762069580180569	NaN	NaN
32	0.0	30	n	false	0	chi32	0.999999999934885	-3.77731179668217e-12	3.77731179668217e-12	0.9999999994001221	5.998779251115138e-10	2.2814405753805116e-5	NaN	NaN
32	0.0	30	Sz	false	0	chi32	2.5514066241683064e-9	1.4503016496081322e-10	1.4503016496081322e-10	0.9999999994001221	5.998779251115138e-10	2.2814405753805116e-5	NaN	NaN
32	0.0	30	DoubleOcc	false	0	chi32	0.09712227706944432	1.858371120294633e-6	1.858371120294633e-6	0.9999999994001221	5.998779251115138e-10	2.2814405753805116e-5	NaN	NaN
32	0.0	30	ZZ onsite	true	2	chi32	-0.6115108915919866	7.433492042019374e-6	7.433492042019374e-6	0.9999999994001221	5.998779251115138e-10	2.2814405753805116e-5	54.09379574644736	54.093796170840754
32	0.0	30	ZZ up-up r=1	true	2	chi32	-0.32770579605738204	-2.468462523269599e-5	2.468462523269599e-5	0.9999999994001221	5.998779251115138e-10	2.2814405753805116e-5	11.694352032338161	11.694352741941252
32	0.0	30	SzSz r=1	false	0	chi32	-0.06646314260265437	-5.314100884987183e-6	5.314100884987183e-6	0.9999999994001221	5.998779251115138e-10	2.2814405753805116e-5	NaN	NaN
32	0.0	30	hop up r=1	false	0	chi32	0.37822321663486935	1.7868765430639755e-5	1.7868765430639755e-5	0.9999999994001221	5.998779251115138e-10	2.2814405753805116e-5	NaN	NaN
32	0.0	30	n	false	0	UHF	0.999999999934885	-6.51143583496605e-11	6.51143583496605e-11	0.5366874055904133	0.4633125944095867	0.5790030243959361	NaN	NaN
32	0.0	30	Sz	false	0	UHF	2.5514066241683064e-9	-0.38555517720066035	0.38555517720066035	0.5366874055904133	0.4633125944095867	0.5790030243959361	NaN	NaN
32	0.0	30	DoubleOcc	false	0	UHF	0.09712227706944432	-0.004224926296906628	0.004224926296906628	0.5366874055904133	0.4633125944095867	0.5790030243959361	NaN	NaN
32	0.0	30	ZZ onsite	true	2	UHF	-0.6115108915919866	-0.01689970505739158	0.01689970505739158	0.5366874055904133	0.4633125944095867	0.5790030243959361	51.98576012022425	54.093796170840754
32	0.0	30	ZZ up-up r=1	true	2	UHF	-0.32770579605738204	0.44926078069941433	0.44926078069941433	0.5366874055904133	0.4633125944095867	0.5790030243959361	0.5542502677000729	11.694352741941252
32	0.0	30	SzSz r=1	false	0	UHF	-0.06646314260265437	0.10414329830834632	0.10414329830834632	0.5366874055904133	0.4633125944095867	0.5790030243959361	NaN	NaN
32	0.0	30	hop up r=1	false	0	UHF	0.37822321663486935	-0.05661195469512853	0.05661195469512853	0.5366874055904133	0.4633125944095867	0.5790030243959361	NaN	NaN
32	0.0	30	n	false	0	UHFsym	0.999999999934885	-6.511424732735804e-11	6.511424732735804e-11	0.9934192918236345	0.0065807081763654685	0.07079300308823361	NaN	NaN
32	0.0	30	Sz	false	0	UHFsym	2.5514066241683064e-9	2.5514066241683064e-9	2.5514066241683064e-9	0.9934192918236345	0.0065807081763654685	0.07079300308823361	NaN	NaN
32	0.0	30	DoubleOcc	false	0	UHFsym	0.09712227706944432	-0.004224926296907072	0.004224926296907072	0.9934192918236345	0.0065807081763654685	0.07079300308823361	NaN	NaN
32	0.0	30	ZZ onsite	true	2	UHFsym	-0.6115108915919866	-0.016899705057393244	0.016899705057393244	0.9934192918236345	0.0065807081763654685	0.07079300308823361	51.98576012022385	54.093796170840754
32	0.0	30	ZZ up-up r=1	true	2	UHFsym	-0.32770579605738204	0.05699726914705022	0.05699726914705022	0.9934192918236345	0.0065807081763654685	0.07079300308823361	8.83582972348086	11.694352741941252
32	0.0	30	SzSz r=1	false	0	UHFsym	-0.06646314260265437	0.006077420420255317	0.006077420420255317	0.9934192918236345	0.0065807081763654685	0.07079300308823361	NaN	NaN
32	0.0	30	hop up r=1	false	0	UHFsym	0.37822321663486935	-0.056611954695125366	0.056611954695125366	0.9934192918236345	0.0065807081763654685	0.07079300308823361	NaN	NaN
32	0.125	2	n	false	0	chi2	0.9287762373483432	-0.07122376265143604	0.07122376265143604	0.49398028655937565	0.5060197134406244	0.5913681625320599	NaN	NaN
32	0.125	2	Sz	false	0	chi2	1.1848973640454785e-7	-1.7648026544504758e-5	1.7648026544504758e-5	0.49398028655937565	0.5060197134406244	0.5913681625320599	NaN	NaN
32	0.125	2	DoubleOcc	false	0	chi2	0.08848986391905783	0.0884898639190578	0.0884898639190578	0.49398028655937565	0.5060197134406244	0.5913681625320599	NaN	NaN
32	0.125	2	ZZ onsite	true	2	chi2	-0.5035930190204552	0.4964069809791045	0.4964069809791045	0.49398028655937565	0.5060197134406244	0.5913681625320599	1.0282007990159006	31.202208320270845
32	0.125	2	ZZ up-up r=1	true	2	chi2	-0.30488179367322216	-0.3048817925035222	0.3048817925035222	0.49398028655937565	0.5060197134406244	0.5913681625320599	1.0000000069141128	10.109208105177645
32	0.125	2	SzSz r=1	false	0	chi2	-0.0607762478352043	-0.0607762475428342	0.0607762475428342	0.49398028655937565	0.5060197134406244	0.5913681625320599	NaN	NaN
32	0.125	2	hop up r=1	false	0	chi2	0.43433157380297516	0.4343315738023783	0.4343315738023783	0.49398028655937565	0.5060197134406244	0.5913681625320599	NaN	NaN
32	0.125	2	n	false	0	chi4	0.9287762373483432	0.004525150742226591	0.004525150742226591	0.919686417384417	0.08031358261558297	0.24222427866318405	NaN	NaN
32	0.125	2	Sz	false	0	chi4	1.1848973640454785e-7	-0.002069037789686097	0.002069037789686097	0.919686417384417	0.08031358261558297	0.24222427866318405	NaN	NaN
32	0.125	2	DoubleOcc	false	0	chi4	0.08848986391905783	0.004687746024675088	0.004687746024675088	0.919686417384417	0.08031358261558297	0.24222427866318405	NaN	NaN
32	0.125	2	ZZ onsite	true	2	chi4	-0.5035930190204552	0.009700682614246503	0.009700682614246503	0.919686417384417	0.08031358261558297	0.24222427866318405	30.856404956672762	31.202208320270845
32	0.125	2	ZZ up-up r=1	true	2	chi4	-0.30488179367322216	-0.2478806082253301	0.2478806082253301	0.919686417384417	0.08031358261558297	0.24222427866318405	1.4397560172765367	10.109208105177645
32	0.125	2	SzSz r=1	false	0	chi4	-0.0607762478352043	-0.056241892185595915	0.056241892185595915	0.919686417384417	0.08031358261558297	0.24222427866318405	NaN	NaN
32	0.125	2	hop up r=1	false	0	chi4	0.43433157380297516	0.1677099980778261	0.1677099980778261	0.919686417384417	0.08031358261558297	0.24222427866318405	NaN	NaN
32	0.125	2	n	false	0	chi8	0.9287762373483432	-0.005533520279537241	0.005533520279537241	0.9974315740789877	0.0025684259210122518	0.03865512178592178	NaN	NaN
32	0.125	2	Sz	false	0	chi8	1.1848973640454785e-7	0.0011417647260325153	0.0011417647260325153	0.9974315740789877	0.0025684259210122518	0.03865512178592178	NaN	NaN
32	0.125	2	DoubleOcc	false	0	chi8	0.08848986391905783	0.0005185786523914382	0.0005185786523914382	0.9974315740789877	0.0025684259210122518	0.03865512178592178	NaN	NaN
32	0.125	2	ZZ onsite	true	2	chi8	-0.5035930190204552	0.013141355168639124	0.013141355168639124	0.9974315740789877	0.0025684259210122518	0.03865512178592178	30.57342119317898	31.202208320270845
32	0.125	2	ZZ up-up r=1	true	2	chi8	-0.30488179367322216	-0.02396315828502099	0.02396315828502099	0.9974315740789877	0.0025684259210122518	0.03865512178592178	9.57063283198407	10.109208105177645
32	0.125	2	SzSz r=1	false	0	chi8	-0.0607762478352043	-0.004706468083967526	0.004706468083967526	0.9974315740789877	0.0025684259210122518	0.03865512178592178	NaN	NaN
32	0.125	2	hop up r=1	false	0	chi8	0.43433157380297516	0.02575252262401312	0.02575252262401312	0.9974315740789877	0.0025684259210122518	0.03865512178592178	NaN	NaN
32	0.125	2	n	false	0	chi16	0.9287762373483432	-0.0009402857689775335	0.0009402857689775335	0.9999902830893572	9.716910642776355e-6	0.0025088916345941143	NaN	NaN
32	0.125	2	Sz	false	0	chi16	1.1848973640454785e-7	-0.0003806465302960485	0.0003806465302960485	0.9999902830893572	9.716910642776355e-6	0.0025088916345941143	NaN	NaN
32	0.125	2	DoubleOcc	false	0	chi16	0.08848986391905783	-5.152905743779912e-5	5.152905743779912e-5	0.9999902830893572	9.716910642776355e-6	0.0025088916345941143	NaN	NaN
32	0.125	2	ZZ onsite	true	2	chi16	-0.5035930190204552	0.0016744553082039815	0.0016744553082039815	0.9999902830893572	9.716910642776355e-6	0.0025088916345941143	31.191793140759554	31.202208320270845
32	0.125	2	ZZ up-up r=1	true	2	chi16	-0.30488179367322216	-0.0009018392816573795	0.0009018392816573795	0.9999902830893572	9.716910642776355e-6	0.0025088916345941143	10.10840243282255	10.109208105177645
32	0.125	2	SzSz r=1	false	0	chi16	-0.0607762478352043	-0.0003455506748631723	0.0003455506748631723	0.9999902830893572	9.716910642776355e-6	0.0025088916345941143	NaN	NaN
32	0.125	2	hop up r=1	false	0	chi16	0.43433157380297516	0.0005167132785359185	0.0005167132785359185	0.9999902830893572	9.716910642776355e-6	0.0025088916345941143	NaN	NaN
32	0.125	2	n	false	0	chi32	0.9287762373483432	-0.0001546728757779725	0.0001546728757779725	0.999999850648057	1.4935194303511423e-7	0.00036775961451512536	NaN	NaN
32	0.125	2	Sz	false	0	chi32	1.1848973640454785e-7	3.180556474297741e-5	3.180556474297741e-5	0.999999850648057	1.4935194303511423e-7	0.00036775961451512536	NaN	NaN
32	0.125	2	DoubleOcc	false	0	chi32	0.08848986391905783	-2.0908950588066633e-5	2.0908950588066633e-5	0.999999850648057	1.4935194303511423e-7	0.00036775961451512536	NaN	NaN
32	0.125	2	ZZ onsite	true	2	chi32	-0.5035930190204552	0.00022570994920301235	0.00022570994920301235	0.999999850648057	1.4935194303511423e-7	0.00036775961451512536	31.202019014697704	31.202208320270845
32	0.125	2	ZZ up-up r=1	true	2	chi32	-0.30488179367322216	-0.0002973383015841824	0.0002973383015841824	0.999999850648057	1.4935194303511423e-7	0.00036775961451512536	10.10912051957365	10.109208105177645
32	0.125	2	SzSz r=1	false	0	chi32	-0.0607762478352043	-6.953717228221079e-5	6.953717228221079e-5	0.999999850648057	1.4935194303511423e-7	0.00036775961451512536	NaN	NaN
32	0.125	2	hop up r=1	false	0	chi32	0.43433157380297516	0.0001746965666868383	0.0001746965666868383	0.999999850648057	1.4935194303511423e-7	0.00036775961451512536	NaN	NaN
32	0.125	2	n	false	0	UHF	0.9287762373483432	-0.050764046434555565	0.050764046434555565	0.5872196824832682	0.41278031751673183	0.568466379911156	NaN	NaN
32	0.125	2	Sz	false	0	UHF	1.1848973640454785e-7	-0.3722544483177757	0.3722544483177757	0.5872196824832682	0.41278031751673183	0.568466379911156	NaN	NaN
32	0.125	2	DoubleOcc	false	0	UHF	0.08848986391905783	-0.01281146546026421	0.01281146546026421	0.5872196824832682	0.41278031751673183	0.568466379911156	NaN	NaN
32	0.125	2	ZZ onsite	true	2	UHF	-0.5035930190204552	0.050282231028054736	0.050282231028054736	0.5872196824832682	0.41278031751673183	0.568466379911156	23.98143717115077	31.202208320270845
32	0.125	2	ZZ up-up r=1	true	2	UHF	-0.30488179367322216	0.4879564727943892	0.4879564727943892	0.5872196824832682	0.41278031751673183	0.568466379911156	0.41544413485453213	10.109208105177645
32	0.125	2	SzSz r=1	false	0	UHF	-0.0607762478352043	0.09453644728962607	0.09453644728962607	0.5872196824832682	0.41278031751673183	0.568466379911156	NaN	NaN
32	0.125	2	hop up r=1	false	0	UHF	0.43433157380297516	-0.05220864037401918	0.05220864037401918	0.5872196824832682	0.41278031751673183	0.568466379911156	NaN	NaN
32	0.125	2	n	false	0	UHFsym	0.9287762373483432	-0.05076404643455601	0.05076404643455601	0.966388199264568	0.03361180073543202	0.1481504360491413	NaN	NaN
32	0.125	2	Sz	false	0	UHFsym	1.1848973640454785e-7	1.1848973641842564e-7	1.1848973641842564e-7	0.966388199264568	0.03361180073543202	0.1481504360491413	NaN	NaN
32	0.125	2	DoubleOcc	false	0	UHFsym	0.08848986391905783	-0.01281146546026446	0.01281146546026446	0.966388199264568	0.03361180073543202	0.1481504360491413	NaN	NaN
32	0.125	2	ZZ onsite	true	2	UHFsym	-0.5035930190204552	0.05028223102805407	0.05028223102805407	0.966388199264568	0.03361180073543202	0.1481504360491413	23.981437171150915	31.202208320270845
32	0.125	2	ZZ up-up r=1	true	2	UHFsym	-0.30488179367322216	0.06531190355962746	0.06531190355962746	0.966388199264568	0.03361180073543202	0.1481504360491413	7.129075737822228	10.109208105177645
32	0.125	2	SzSz r=1	false	0	UHFsym	-0.0607762478352043	0.007219579522428424	0.007219579522428424	0.966388199264568	0.03361180073543202	0.1481504360491413	NaN	NaN
32	0.125	2	hop up r=1	false	0	UHFsym	0.43433157380297516	-0.009957795355448551	0.009957795355448551	0.966388199264568	0.03361180073543202	0.1481504360491413	NaN	NaN
32	0.125	3	n	false	0	chi2	0.8555841329704217	-0.14441586702979703	0.14441586702979703	0.4322165974362469	0.5677834025637531	0.6239198732995901	NaN	NaN
32	0.125	3	Sz	false	0	chi2	-2.6943406434415396e-7	1.6186806929014016e-5	1.6186806929014016e-5	0.4322165974362469	0.5677834025637531	0.6239198732995901	NaN	NaN
32	0.125	3	DoubleOcc	false	0	chi2	0.07143732347416543	0.07143732347394591	0.07143732347394591	0.4322165974362469	0.5677834025637531	0.6239198732995901	NaN	NaN
32	0.125	3	ZZ onsite	true	2	chi2	-0.4254189720441808	0.5745810279553795	0.5745810279553795	0.4322165974362469	0.5677834025637531	0.6239198732995901	0.5604572290585341	20.642075155699086
32	0.125	3	ZZ up-up r=1	true	2	chi2	-0.4837212854848799	0.5162787145125569	0.5162787145125569	0.4322165974362469	0.5677834025637531	0.6239198732995901	0.8816787778984349	28.15196887092338
32	0.125	3	SzSz r=1	false	0	chi2	-0.09913442174986431	0.15086557824954977	0.15086557824954977	0.4322165974362469	0.5677834025637531	0.6239198732995901	NaN	NaN
32	0.125	3	hop up r=1	false	0	chi2	0.56093340982305	0.56093340982305	0.56093340982305	0.4322165974362469	0.5677834025637531	0.6239198732995901	NaN	NaN
32	0.125	3	n	false	0	chi4	0.8555841329704217	-0.012709873255876802	0.012709873255876802	0.9499496708101027	0.05005032918989727	0.14501462710753962	NaN	NaN
32	0.125	3	Sz	false	0	chi4	-2.6943406434415396e-7	0.004508925123607725	0.004508925123607725	0.9499496708101027	0.05005032918989727	0.14501462710753962	NaN	NaN
32	0.125	3	DoubleOcc	false	0	chi4	0.07143732347416543	-0.02157558757053353	0.02157558757053353	0.9499496708101027	0.05005032918989727	0.14501462710753962	NaN	NaN
32	0.125	3	ZZ onsite	true	2	chi4	-0.4254189720441808	-0.060882603770379407	0.060882603770379407	0.9499496708101027	0.05005032918989727	0.14501462710753962	14.720252903644152	20.642075155699086
32	0.125	3	ZZ up-up r=1	true	2	chi4	-0.4837212854848799	0.07165793038770485	0.07165793038770485	0.9499496708101027	0.05005032918989727	0.14501462710753962	17.640698162477815	28.15196887092338
32	0.125	3	SzSz r=1	false	0	chi4	-0.09913442174986431	0.008186679413821937	0.008186679413821937	0.9499496708101027	0.05005032918989727	0.14501462710753962	NaN	NaN
32	0.125	3	hop up r=1	false	0	chi4	0.56093340982305	-0.07765483217963653	0.07765483217963653	0.9499496708101027	0.05005032918989727	0.14501462710753962	NaN	NaN
32	0.125	3	n	false	0	chi8	0.8555841329704217	0.007200723800236064	0.007200723800236064	0.9961750153492827	0.0038249846507173446	0.026322904442819192	NaN	NaN
32	0.125	3	Sz	false	0	chi8	-2.6943406434415396e-7	-0.004194145387672869	0.004194145387672869	0.9961750153492827	0.0038249846507173446	0.026322904442819192	NaN	NaN
32	0.125	3	DoubleOcc	false	0	chi8	0.07143732347416543	0.0052827005805947125	0.0052827005805947125	0.9961750153492827	0.0038249846507173446	0.026322904442819192	NaN	NaN
32	0.125	3	ZZ onsite	true	2	chi8	-0.4254189720441808	0.0067293547219065	0.0067293547219065	0.9961750153492827	0.0038249846507173446	0.026322904442819192	20.541120897306033	20.642075155699086
32	0.125	3	ZZ up-up r=1	true	2	chi8	-0.4837212854848799	-0.004609188730058167	0.004609188730058167	0.9961750153492827	0.0038249846507173446	0.026322904442819192	28.082738068987187	28.15196887092338
32	0.125	3	SzSz r=1	false	0	chi8	-0.09913442174986431	0.0009777408047111358	0.0009777408047111358	0.9961750153492827	0.0038249846507173446	0.026322904442819192	NaN	NaN
32	0.125	3	hop up r=1	false	0	chi8	0.56093340982305	0.023142524777894247	0.023142524777894247	0.9961750153492827	0.0038249846507173446	0.026322904442819192	NaN	NaN
32	0.125	3	n	false	0	chi16	0.8555841329704217	0.0007386355048820681	0.0007386355048820681	0.999923704105433	7.629589456703556e-5	0.003394337971901892	NaN	NaN
32	0.125	3	Sz	false	0	chi16	-2.6943406434415396e-7	0.0006349342562269392	0.0006349342562269392	0.999923704105433	7.629589456703556e-5	0.003394337971901892	NaN	NaN
32	0.125	3	DoubleOcc	false	0	chi16	0.07143732347416543	0.00022983512318289212	0.00022983512318289212	0.999923704105433	7.629589456703556e-5	0.003394337971901892	NaN	NaN
32	0.125	3	ZZ onsite	true	2	chi16	-0.4254189720441808	-0.0005579305170323456	0.0005579305170323456	0.999923704105433	7.629589456703556e-5	0.003394337971901892	20.64137780285448	20.642075155699086
32	0.125	3	ZZ up-up r=1	true	2	chi16	-0.4837212854848799	-0.00022821725004540383	0.00022821725004540383	0.999923704105433	7.629589456703556e-5	0.003394337971901892	28.151798727951196	28.15196887092338
32	0.125	3	SzSz r=1	false	0	chi16	-0.09913442174986431	-0.00026430646350777964	0.00026430646350777964	0.999923704105433	7.629589456703556e-5	0.003394337971901892	NaN	NaN
32	0.125	3	hop up r=1	false	0	chi16	0.56093340982305	-0.0003066339404919072	0.0003066339404919072	0.999923704105433	7.629589456703556e-5	0.003394337971901892	NaN	NaN
32	0.125	3	n	false	0	chi32	0.8555841329704217	0.0001171927925076588	0.0001171927925076588	0.9999989723640061	1.0276359938554691e-6	0.0006154047437445884	NaN	NaN
32	0.125	3	Sz	false	0	chi32	-2.6943406434415396e-7	-7.603308783694224e-5	7.603308783694224e-5	0.9999989723640061	1.0276359938554691e-6	0.0006154047437445884	NaN	NaN
32	0.125	3	DoubleOcc	false	0	chi32	0.07143732347416543	2.6124184719714116e-5	2.6124184719714116e-5	0.9999989723640061	1.0276359938554691e-6	0.0006154047437445884	NaN	NaN
32	0.125	3	ZZ onsite	true	2	chi32	-0.4254189720441808	-0.00012988884613512885	0.00012988884613512885	0.9999989723640061	1.0276359938554691e-6	0.0006154047437445884	20.64203735934247	20.642075155699086
32	0.125	3	ZZ up-up r=1	true	2	chi32	-0.4837212854848799	0.00048068745279139513	0.00048068745279139513	0.9999989723640061	1.0276359938554691e-6	0.0006154047437445884	28.15121406789882	28.15196887092338
32	0.125	3	SzSz r=1	false	0	chi32	-0.09913442174986431	8.99843577611692e-5	8.99843577611692e-5	0.9999989723640061	1.0276359938554691e-6	0.0006154047437445884	NaN	NaN
32	0.125	3	hop up r=1	false	0	chi32	0.56093340982305	-0.00045080992009161047	0.00045080992009161047	0.9999989723640061	1.0276359938554691e-6	0.0006154047437445884	NaN	NaN
32	0.125	3	n	false	0	UHF	0.8555841329704217	-0.0770297454901473	0.0770297454901473	0.6864787697000142	0.3135212302999858	0.5300602018070869	NaN	NaN
32	0.125	3	Sz	false	0	UHF	-2.6943406434415396e-7	0.35033908049463575	0.35033908049463575	0.6864787697000142	0.3135212302999858	0.5300602018070869	NaN	NaN
32	0.125	3	DoubleOcc	false	0	UHF	0.07143732347416543	-0.023267177991686636	0.023267177991686636	0.6864787697000142	0.3135212302999858	0.5300602018070869	NaN	NaN
32	0.125	3	ZZ onsite	true	2	UHF	-0.4254189720441808	0.060990779013548935	0.060990779013548935	0.6864787697000142	0.3135212302999858	0.5300602018070869	14.705248294563198	20.642075155699086
32	0.125	3	ZZ up-up r=1	true	2	UHF	-0.4837212854848799	-0.08060577571016952	0.08060577571016952	0.6864787697000142	0.3135212302999858	0.5300602018070869	16.05059957929041	28.15196887092338
32	0.125	3	SzSz r=1	false	0	UHF	-0.09913442174986431	0.024652789813795872	0.024652789813795872	0.6864787697000142	0.3135212302999858	0.5300602018070869	NaN	NaN
32	0.125	3	hop up r=1	false	0	UHF	0.56093340982305	0.20525963465305674	0.20525963465305674	0.6864787697000142	0.3135212302999858	0.5300602018070869	NaN	NaN
32	0.125	3	n	false	0	UHFsym	0.8555841329704217	-0.07702974549014763	0.07702974549014763	0.9367851860457811	0.0632148139542189	0.2258521670384127	NaN	NaN
32	0.125	3	Sz	false	0	UHFsym	-2.6943406434415396e-7	-2.694340643163984e-7	2.694340643163984e-7	0.9367851860457811	0.0632148139542189	0.2258521670384127	NaN	NaN
32	0.125	3	DoubleOcc	false	0	UHFsym	0.07143732347416543	-0.023267177991686427	0.023267177991686427	0.9367851860457811	0.0632148139542189	0.2258521670384127	NaN	NaN
32	0.125	3	ZZ onsite	true	2	UHFsym	-0.4254189720441808	0.0609907790135501	0.0609907790135501	0.9367851860457811	0.0632148139542189	0.2258521670384127	14.705248294563036	20.642075155699086
32	0.125	3	ZZ up-up r=1	true	2	UHFsym	-0.4837212854848799	-0.13958520649952427	0.13958520649952427	0.9367851860457811	0.0632148139542189	0.2258521670384127	8.633074609548064	28.15196887092338
32	0.125	3	SzSz r=1	false	0	UHFsym	-0.09913442174986431	-0.04026382936460346	0.04026382936460346	0.9367851860457811	0.0632148139542189	0.2258521670384127	NaN	NaN
32	0.125	3	hop up r=1	false	0	UHFsym	0.56093340982305	0.08510731771013219	0.08510731771013219	0.9367851860457811	0.0632148139542189	0.2258521670384127	NaN	NaN
32	0.125	4	n	false	0	chi2	0.8833148681029181	-0.1166851318970814	0.1166851318970814	0.17069388157151522	0.8293061184284848	0.8505305930821581	NaN	NaN
32	0.125	4	Sz	false	0	chi2	-5.295030225394015e-8	-1.65091920939887e-5	1.65091920939887e-5	0.17069388157151522	0.8293061184284848	0.8505305930821581	NaN	NaN
32	0.125	4	DoubleOcc	false	0	chi2	0.08467963765888738	0.08467963765888738	0.08467963765888738	0.17069388157151522	0.8293061184284848	0.8505305930821581	NaN	NaN
32	0.125	4	ZZ onsite	true	2	chi2	-0.42791118557028457	0.5720888144297149	0.5720888144297149	0.17069388157151522	0.8293061184284848	0.8505305930821581	0.5715064961313732	20.924622579396452
32	0.125	4	ZZ up-up r=1	true	2	chi2	-0.3825976423503168	-0.38256472986673334	0.38256472986673334	0.17069388157151522	0.8293061184284848	0.8505305930821581	1.0001614744653937	16.24291265256091
32	0.125	4	SzSz r=1	false	0	chi2	-0.0769712744521264	-0.0769712744521264	0.0769712744521264	0.17069388157151522	0.8293061184284848	0.8505305930821581	NaN	NaN
32	0.125	4	hop up r=1	false	0	chi2	0.51360608122249	0.51360608122249	0.51360608122249	0.17069388157151522	0.8293061184284848	0.8505305930821581	NaN	NaN
32	0.125	4	n	false	0	chi4	0.8833148681029181	-0.0014826869224358052	0.0014826869224358052	0.9416864200419165	0.058313579958083506	0.2101543752066439	NaN	NaN
32	0.125	4	Sz	false	0	chi4	-5.295030225394015e-8	0.0008847443098840904	0.0008847443098840904	0.9416864200419165	0.058313579958083506	0.2101543752066439	NaN	NaN
32	0.125	4	DoubleOcc	false	0	chi4	0.08467963765888738	-0.03730220086462065	0.03730220086462065	0.9416864200419165	0.058313579958083506	0.2101543752066439	NaN	NaN
32	0.125	4	ZZ onsite	true	2	chi4	-0.42791118557028457	-0.1462434296136083	0.1462434296136083	0.9416864200419165	0.058313579958083506	0.2101543752066439	6.288939781857222	20.924622579396452
32	0.125	4	ZZ up-up r=1	true	2	chi4	-0.3825976423503168	-0.17353270461636236	0.17353270461636236	0.9416864200419165	0.058313579958083506	0.2101543752066439	3.9274089531849357	16.24291265256091
32	0.125	4	SzSz r=1	false	0	chi4	-0.0769712744521264	-0.04638464286047156	0.04638464286047156	0.9416864200419165	0.058313579958083506	0.2101543752066439	NaN	NaN
32	0.125	4	hop up r=1	false	0	chi4	0.51360608122249	0.03575492604314945	0.03575492604314945	0.9416864200419165	0.058313579958083506	0.2101543752066439	NaN	NaN
32	0.125	4	n	false	0	chi8	0.8833148681029181	0.007424499014702324	0.007424499014702324	0.9908795774689784	0.009120422531021632	0.07355274157053007	NaN	NaN
32	0.125	4	Sz	false	0	chi8	-5.295030225394015e-8	-0.0013171720197512164	0.0013171720197512164	0.9908795774689784	0.009120422531021632	0.07355274157053007	NaN	NaN
32	0.125	4	DoubleOcc	false	0	chi8	0.08467963765888738	0.008030063204677682	0.008030063204677682	0.9908795774689784	0.009120422531021632	0.07355274157053007	NaN	NaN
32	0.125	4	ZZ onsite	true	2	chi8	-0.42791118557028457	0.0172712547893063	0.0172712547893063	0.9908795774689784	0.009120422531021632	0.07355274157053007	20.266789711457335	20.924622579396452
32	0.125	4	ZZ up-up r=1	true	2	chi8	-0.3825976423503168	-0.04284526358041879	0.04284526358041879	0.9908795774689784	0.009120422531021632	0.07355274157053007	13.636254307961135	16.24291265256091
32	0.125	4	SzSz r=1	false	0	chi8	-0.0769712744521264	-0.00521943568270454	0.00521943568270454	0.9908795774689784	0.009120422531021632	0.07355274157053007	NaN	NaN
32	0.125	4	hop up r=1	false	0	chi8	0.51360608122249	0.03853651216790238	0.03853651216790238	0.9908795774689784	0.009120422531021632	0.07355274157053007	NaN	NaN
32	0.125	4	n	false	0	chi16	0.8833148681029181	-2.514649314722117e-5	2.514649314722117e-5	0.9999202548686517	7.974513134834105e-5	0.004017316743828037	NaN	NaN
32	0.125	4	Sz	false	0	chi16	-5.295030225394015e-8	-4.200725051470289e-5	4.200725051470289e-5	0.9999202548686517	7.974513134834105e-5	0.004017316743828037	NaN	NaN
32	0.125	4	DoubleOcc	false	0	chi16	0.08467963765888738	-0.0003195755575113035	0.0003195755575113035	0.9999202548686517	7.974513134834105e-5	0.004017316743828037	NaN	NaN
32	0.125	4	ZZ onsite	true	2	chi16	-0.42791118557028457	-0.0012280092437491064	0.0012280092437491064	0.9999202548686517	7.974513134834105e-5	0.004017316743828037	20.92118958991774	20.924622579396452
32	0.125	4	ZZ up-up r=1	true	2	chi16	-0.3825976423503168	-0.002709168936620321	0.002709168936620321	0.9999202548686517	7.974513134834105e-5	0.004017316743828037	16.230507912521396	16.24291265256091
32	0.125	4	SzSz r=1	false	0	chi16	-0.0769712744521264	-0.000677758131882783	0.000677758131882783	0.9999202548686517	7.974513134834105e-5	0.004017316743828037	NaN	NaN
32	0.125	4	hop up r=1	false	0	chi16	0.51360608122249	0.0010186699317167314	0.0010186699317167314	0.9999202548686517	7.974513134834105e-5	0.004017316743828037	NaN	NaN
32	0.125	4	n	false	0	chi32	0.8833148681029181	-3.28506324417388e-5	3.28506324417388e-5	0.9999982096085176	1.7903914824035638e-6	0.000919917741771946	NaN	NaN
32	0.125	4	Sz	false	0	chi32	-5.295030225394015e-8	2.4638591864203918e-5	2.4638591864203918e-5	0.9999982096085176	1.7903914824035638e-6	0.000919917741771946	NaN	NaN
32	0.125	4	DoubleOcc	false	0	chi32	0.08467963765888738	-5.327713022174052e-5	5.327713022174052e-5	0.9999982096085176	1.7903914824035638e-6	0.000919917741771946	NaN	NaN
32	0.125	4	ZZ onsite	true	2	chi32	-0.42791118557028457	-0.00014740725599993176	0.00014740725599993176	0.9999982096085176	1.7903914824035638e-6	0.000919917741771946	20.92457310538155	20.924622579396452
32	0.125	4	ZZ up-up r=1	true	2	chi32	-0.3825976423503168	-0.000532922416670023	0.000532922416670023	0.9999982096085176	1.7903914824035638e-6	0.000919917741771946	16.2424322974405	16.24291265256091
32	0.125	4	SzSz r=1	false	0	chi32	-0.0769712744521264	-0.00013092795039255922	0.00013092795039255922	0.9999982096085176	1.7903914824035638e-6	0.000919917741771946	NaN	NaN
32	0.125	4	hop up r=1	false	0	chi32	0.51360608122249	7.655168096942777e-5	7.655168096942777e-5	0.9999982096085176	1.7903914824035638e-6	0.000919917741771946	NaN	NaN
32	0.125	4	n	false	0	UHF	0.8833148681029181	0.05797717078348996	0.05797717078348996	0.7078976600145881	0.2921023399854119	0.4958381119073828	NaN	NaN
32	0.125	4	Sz	false	0	UHF	-5.295030225394015e-8	-0.2674017320150445	0.2674017320150445	0.7078976600145881	0.2921023399854119	0.4958381119073828	NaN	NaN
32	0.125	4	DoubleOcc	false	0	UHF	0.08467963765888738	-0.014112283028603179	0.014112283028603179	0.7078976600145881	0.2921023399854119	0.4958381119073828	NaN	NaN
32	0.125	4	ZZ onsite	true	2	UHF	-0.42791118557028457	-0.17240347368139042	0.17240347368139042	0.7078976600145881	0.2921023399854119	0.4958381119073828	4.941743192775264	20.924622579396452
32	0.125	4	ZZ up-up r=1	true	2	UHF	-0.3825976423503168	0.4295818786997537	0.4295818786997537	0.7078976600145881	0.2921023399854119	0.4958381119073828	0.8034465502324801	16.24291265256091
32	0.125	4	SzSz r=1	false	0	UHF	-0.0769712744521264	-0.015093771792697101	0.015093771792697101	0.7078976600145881	0.2921023399854119	0.4958381119073828	NaN	NaN
32	0.125	4	hop up r=1	false	0	UHF	0.51360608122249	-0.29421388301910933	0.29421388301910933	0.7078976600145881	0.2921023399854119	0.4958381119073828	NaN	NaN
32	0.125	4	n	false	0	UHFsym	0.8833148681029181	0.05797717078348996	0.05797717078348996	0.9182358655672963	0.0817641344327037	0.27770478861109943	NaN	NaN
32	0.125	4	Sz	false	0	UHFsym	-5.295030225394015e-8	-5.2950302226184576e-8	5.2950302226184576e-8	0.9182358655672963	0.0817641344327037	0.27770478861109943	NaN	NaN
32	0.125	4	DoubleOcc	false	0	UHFsym	0.08467963765888738	-0.014112283028603165	0.014112283028603165	0.9182358655672963	0.0817641344327037	0.27770478861109943	NaN	NaN
32	0.125	4	ZZ onsite	true	2	UHFsym	-0.42791118557028457	-0.17240347368139025	0.17240347368139025	0.9182358655672963	0.0817641344327037	0.27770478861109943	4.941743192775271	20.924622579396452
32	0.125	4	ZZ up-up r=1	true	2	UHFsym	-0.3825976423503168	-0.09760398677199705	0.09760398677199705	0.9182358655672963	0.0817641344327037	0.27770478861109943	8.154008806152154	16.24291265256091
32	0.125	4	SzSz r=1	false	0	UHFsym	-0.0769712744521264	-0.03738946931199596	0.03738946931199596	0.9182358655672963	0.0817641344327037	0.27770478861109943	NaN	NaN
32	0.125	4	hop up r=1	false	0	UHFsym	0.51360608122249	-0.031241056789514388	0.031241056789514388	0.9182358655672963	0.0817641344327037	0.27770478861109943	NaN	NaN
32	0.125	5	n	false	0	chi2	0.8363356900501482	0.8363356900490684	0.8363356900490684	0.17033672552903714	0.8296632744709629	0.8511432654535667	NaN	NaN
32	0.125	5	Sz	false	0	chi2	-6.022748968992353e-8	-6.022694978846665e-8	6.022694978846665e-8	0.17033672552903714	0.8296632744709629	0.8511432654535667	NaN	NaN
32	0.125	5	DoubleOcc	false	0	chi2	0.07106814822267202	0.07106814822267202	0.07106814822267202	0.17033672552903714	0.8296632744709629	0.8511432654535667	NaN	NaN
32	0.125	5	ZZ onsite	true	2	chi2	-0.3883987872096062	-1.3883987872074464	1.3883987872074464	0.17033672552903714	0.8296632744709629	0.8511432654535667	0.08280310557134513	16.791400356031588
32	0.125	5	ZZ up-up r=1	true	2	chi2	-0.39153606719330547	-0.3915814129501753	0.3915814129501753	0.17033672552903714	0.8296632744709629	0.8511432654535667	0.9997819553260274	17.093915565246267
32	0.125	5	SzSz r=1	false	0	chi2	-0.07931276641845383	-0.07931276641845383	0.07931276641845383	0.17033672552903714	0.8296632744709629	0.8511432654535667	NaN	NaN
32	0.125	5	hop up r=1	false	0	chi2	0.5186914725452993	0.5186914725452993	0.5186914725452993	0.17033672552903714	0.8296632744709629	0.8511432654535667	NaN	NaN
32	0.125	5	n	false	0	chi4	0.8363356900501482	0.0212728749715404	0.0212728749715404	0.9484104247869547	0.0515895752130453	0.19992531521835272	NaN	NaN
32	0.125	5	Sz	false	0	chi4	-6.022748968992353e-8	-0.00270472861565553	0.00270472861565553	0.9484104247869547	0.0515895752130453	0.19992531521835272	NaN	NaN
32	0.125	5	DoubleOcc	false	0	chi4	0.07106814822267202	-0.03899999206648548	0.03899999206648548	0.9484104247869547	0.0515895752130453	0.19992531521835272	NaN	NaN
32	0.125	5	ZZ onsite	true	2	chi4	-0.3883987872096062	-0.1985457182090204	0.1985457182090204	0.9484104247869547	0.0515895752130453	0.19992531521835272	3.275387158347154	16.791400356031588
32	0.125	5	ZZ up-up r=1	true	2	chi4	-0.39153606719330547	-0.1381318912978381	0.1381318912978381	0.9484104247869547	0.0515895752130453	0.19992531521835272	5.692059819742928	17.093915565246267
32	0.125	5	SzSz r=1	false	0	chi4	-0.07931276641845383	-0.03974596122168379	0.03974596122168379	0.9484104247869547	0.0515895752130453	0.19992531521835272	NaN	NaN
32	0.125	5	hop up r=1	false	0	chi4	0.5186914725452993	0.027704735388650592	0.027704735388650592	0.9484104247869547	0.0515895752130453	0.19992531521835272	NaN	NaN
32	0.125	5	n	false	0	chi8	0.8363356900501482	0.0033460275462582345	0.0033460275462582345	0.9890906742463458	0.01090932575365422	0.07974216444074897	NaN	NaN
32	0.125	5	Sz	false	0	chi8	-6.022748968992353e-8	-0.0012719156003409282	0.0012719156003409282	0.9890906742463458	0.01090932575365422	0.07974216444074897	NaN	NaN
32	0.125	5	DoubleOcc	false	0	chi8	0.07106814822267202	0.003934554586478525	0.003934554586478525	0.9890906742463458	0.01090932575365422	0.07974216444074897	NaN	NaN
32	0.125	5	ZZ onsite	true	2	chi8	-0.3883987872096062	0.009046163253397743	0.009046163253397743	0.9890906742463458	0.01090932575365422	0.07974216444074897	16.648781740570833	16.791400356031588
32	0.125	5	ZZ up-up r=1	true	2	chi8	-0.39153606719330547	-0.04772396176938293	0.04772396176938293	0.9890906742463458	0.01090932575365422	0.07974216444074897	13.795357657024315	17.093915565246267
32	0.125	5	SzSz r=1	false	0	chi8	-0.07931276641845383	-0.006303028125131657	0.006303028125131657	0.9890906742463458	0.01090932575365422	0.07974216444074897	NaN	NaN
32	0.125	5	hop up r=1	false	0	chi8	0.5186914725452993	0.0824688230460554	0.0824688230460554	0.9890906742463458	0.01090932575365422	0.07974216444074897	NaN	NaN
32	0.125	5	n	false	0	chi16	0.8363356900501482	0.0020805002871365774	0.0020805002871365774	0.9998796336306012	0.00012036636939882772	0.00738559685278965	NaN	NaN
32	0.125	5	Sz	false	0	chi16	-6.022748968992353e-8	0.0005222890106093558	0.0005222890106093558	0.9998796336306012	0.00012036636939882772	0.00738559685278965	NaN	NaN
32	0.125	5	DoubleOcc	false	0	chi16	0.07106814822267202	0.0003257814713210627	0.0003257814713210627	0.9998796336306012	0.00012036636939882772	0.00738559685278965	NaN	NaN
32	0.125	5	ZZ onsite	true	2	chi16	-0.3883987872096062	-0.0028578746889865725	0.0028578746889865725	0.9998796336306012	0.00012036636939882772	0.00738559685278965	16.777056462786856	16.791400356031588
32	0.125	5	ZZ up-up r=1	true	2	chi16	-0.39153606719330547	-0.00903939194376302	0.00903939194376302	0.9998796336306012	0.00012036636939882772	0.00738559685278965	16.948527559591234	17.093915565246267
32	0.125	5	SzSz r=1	false	0	chi16	-0.07931276641845383	-0.001443081261357268	0.001443081261357268	0.9998796336306012	0.00012036636939882772	0.00738559685278965	NaN	NaN
32	0.125	5	hop up r=1	false	0	chi16	0.5186914725452993	0.003987139619140767	0.003987139619140767	0.9998796336306012	0.00012036636939882772	0.00738559685278965	NaN	NaN
32	0.125	5	n	false	0	chi32	0.8363356900501482	0.00043298461863527926	0.00043298461863527926	0.9999977965740617	2.2034259382630594e-6	0.000982850132186784	NaN	NaN
32	0.125	5	Sz	false	0	chi32	-6.022748968992353e-8	-6.590287110019855e-5	6.590287110019855e-5	0.9999977965740617	2.2034259382630594e-6	0.000982850132186784	NaN	NaN
32	0.125	5	DoubleOcc	false	0	chi32	0.07106814822267202	0.00011952019985392304	0.00011952019985392304	0.9999977965740617	2.2034259382630594e-6	0.000982850132186784	NaN	NaN
32	0.125	5	ZZ onsite	true	2	chi32	-0.3883987872096062	-0.00038788843785231286	0.00038788843785231286	0.9999977965740617	2.2034259382630594e-6	0.000982850132186784	16.791135896844107	16.791400356031588
32	0.125	5	ZZ up-up r=1	true	2	chi32	-0.39153606719330547	-0.0007744382023111562	0.0007744382023111562	0.9999977965740617	2.2034259382630594e-6	0.000982850132186784	17.09283933320681	17.093915565246267
32	0.125	5	SzSz r=1	false	0	chi32	-0.07931276641845383	-0.00016482801121470159	0.00016482801121470159	0.9999977965740617	2.2034259382630594e-6	0.000982850132186784	NaN	NaN
32	0.125	5	hop up r=1	false	0	chi32	0.5186914725452993	0.0001783377068269587	0.0001783377068269587	0.9999977965740617	2.2034259382630594e-6	0.000982850132186784	NaN	NaN
32	0.125	5	n	false	0	UHF	0.8363356900501482	0.1589016913284267	0.1589016913284267	0.7102856933105668	0.2897143066894332	0.49898764133421125	NaN	NaN
32	0.125	5	Sz	false	0	UHF	-6.022748968992353e-8	0.060305708322465554	0.060305708322465554	0.7102856933105668	0.2897143066894332	0.49898764133421125	NaN	NaN
32	0.125	5	DoubleOcc	false	0	UHF	0.07106814822267202	-0.0400242717129526	0.0400242717129526	0.7102856933105668	0.2897143066894332	0.49898764133421125	NaN	NaN
32	0.125	5	ZZ onsite	true	2	UHF	-0.3883987872096062	-0.47790046950866133	0.47790046950866133	0.7102856933105668	0.2897143066894332	0.49898764133421125	0.6741419316260678	16.791400356031588
32	0.125	5	ZZ up-up r=1	true	2	UHF	-0.39153606719330547	-0.6049215656982703	0.6049215656982703	0.7102856933105668	0.2897143066894332	0.49898764133421125	0.4336755603274296	17.093915565246267
32	0.125	5	SzSz r=1	false	0	UHF	-0.07931276641845383	-0.0374957917595211	0.0374957917595211	0.7102856933105668	0.2897143066894332	0.49898764133421125	NaN	NaN
32	0.125	5	hop up r=1	false	0	UHF	0.5186914725452993	0.2597717144023469	0.2597717144023469	0.7102856933105668	0.2897143066894332	0.49898764133421125	NaN	NaN
32	0.125	5	n	false	0	UHFsym	0.8363356900501482	0.15890169132842624	0.15890169132842624	0.8766049163054528	0.12339508369454721	0.3385676109730644	NaN	NaN
32	0.125	5	Sz	false	0	UHFsym	-6.022748968992353e-8	-6.022748967604574e-8	6.022748967604574e-8	0.8766049163054528	0.12339508369454721	0.3385676109730644	NaN	NaN
32	0.125	5	DoubleOcc	false	0	UHFsym	0.07106814822267202	-0.040024271712952655	0.040024271712952655	0.8766049163054528	0.12339508369454721	0.3385676109730644	NaN	NaN
32	0.125	5	ZZ onsite	true	2	UHFsym	-0.3883987872096062	-0.47790046950866116	0.47790046950866116	0.8766049163054528	0.12339508369454721	0.3385676109730644	0.6741419316260683	16.791400356031588
32	0.125	5	ZZ up-up r=1	true	2	UHFsym	-0.39153606719330547	-0.12739748694291192	0.12739748694291192	0.8766049163054528	0.12339508369454721	0.3385676109730644	6.321986760193224	17.093915565246267
32	0.125	5	SzSz r=1	false	0	UHFsym	-0.07931276641845383	-0.04625549351979902	0.04625549351979902	0.8766049163054528	0.12339508369454721	0.3385676109730644	NaN	NaN
32	0.125	5	hop up r=1	false	0	UHFsym	0.5186914725452993	-0.05397626665416211	0.05397626665416211	0.8766049163054528	0.12339508369454721	0.3385676109730644	NaN	NaN
32	0.125	6	n	false	0	chi2	0.8754451640998867	-0.12455483589903393	0.12455483589903393	0.40757101647367405	0.5924289835263259	0.6421743175008492	NaN	NaN
32	0.125	6	Sz	false	0	chi2	-2.0104623184302728e-7	2.24718316631842e-5	2.24718316631842e-5	0.40757101647367405	0.5924289835263259	0.6421743175008492	NaN	NaN
32	0.125	6	DoubleOcc	false	0	chi2	0.08144191825373458	0.08144191825373458	0.08144191825373458	0.40757101647367405	0.5924289835263259	0.6421743175008492	NaN	NaN
32	0.125	6	ZZ onsite	true	2	chi2	-0.4251226551848318	0.5748773448130091	0.5748773448130091	0.40757101647367405	0.5924289835263259	0.6421743175008492	0.5591570332917638	20.60868809718409
32	0.125	6	ZZ up-up r=1	true	2	chi2	-0.4471142395550071	0.5528857604411752	0.5528857604411752	0.40757101647367405	0.5924289835263259	0.6421743175008492	0.6638798480050581	23.209882372384307
32	0.125	6	SzSz r=1	false	0	chi2	-0.09142990541755669	0.15857009458175225	0.15857009458175225	0.40757101647367405	0.5924289835263259	0.6421743175008492	NaN	NaN
32	0.125	6	hop up r=1	false	0	chi2	0.542858982659737	0.542858982659737	0.542858982659737	0.40757101647367405	0.5924289835263259	0.6421743175008492	NaN	NaN
32	0.125	6	n	false	0	chi4	0.8754451640998867	-0.005908519082751362	0.005908519082751362	0.9492008555210795	0.05079914447892053	0.15821582654978741	NaN	NaN
32	0.125	6	Sz	false	0	chi4	-2.0104623184302728e-7	0.006243515722735592	0.006243515722735592	0.9492008555210795	0.05079914447892053	0.15821582654978741	NaN	NaN
32	0.125	6	DoubleOcc	false	0	chi4	0.08144191825373458	-0.04497021629521532	0.04497021629521532	0.9492008555210795	0.05079914447892053	0.15821582654978741	NaN	NaN
32	0.125	6	ZZ onsite	true	2	chi4	-0.4251226551848318	-0.16806382701535538	0.16806382701535538	0.9492008555210795	0.05079914447892053	0.15821582654978741	5.070333195163626	20.60868809718409
32	0.125	6	ZZ up-up r=1	true	2	chi4	-0.4471142395550071	0.05162692508665656	0.05162692508665656	0.9492008555210795	0.05079914447892053	0.15821582654978741	17.907257989424952	23.209882372384307
32	0.125	6	SzSz r=1	false	0	chi4	-0.09142990541755669	0.0008368026227784653	0.0008368026227784653	0.9492008555210795	0.05079914447892053	0.15821582654978741	NaN	NaN
32	0.125	6	hop up r=1	false	0	chi4	0.542858982659737	-0.0955632758826036	0.0955632758826036	0.9492008555210795	0.05079914447892053	0.15821582654978741	NaN	NaN
32	0.125	6	n	false	0	chi8	0.8754451640998867	0.01076738983577985	0.01076738983577985	0.995377432754681	0.004622567245318954	0.04270073669986864	NaN	NaN
32	0.125	6	Sz	false	0	chi8	-2.0104623184302728e-7	0.0018120525855414016	0.0018120525855414016	0.995377432754681	0.004622567245318954	0.04270073669986864	NaN	NaN
32	0.125	6	DoubleOcc	false	0	chi8	0.08144191825373458	0.012049104441934813	0.012049104441934813	0.995377432754681	0.004622567245318954	0.04270073669986864	NaN	NaN
32	0.125	6	ZZ onsite	true	2	chi8	-0.4251226551848318	0.026661638096180662	0.026661638096180662	0.995377432754681	0.004622567245318954	0.04270073669986864	19.133056167378875	20.60868809718409
32	0.125	6	ZZ up-up r=1	true	2	chi8	-0.4471142395550071	-0.016059460359647226	0.016059460359647226	0.995377432754681	0.004622567245318954	0.04270073669986864	22.563372495082582	23.209882372384307
32	0.125	6	SzSz r=1	false	0	chi8	-0.09142990541755669	-0.0009075961632321883	0.0009075961632321883	0.995377432754681	0.004622567245318954	0.04270073669986864	NaN	NaN
32	0.125	6	hop up r=1	false	0	chi8	0.542858982659737	0.033203505001290656	0.033203505001290656	0.995377432754681	0.004622567245318954	0.04270073669986864	NaN	NaN
32	0.125	6	n	false	0	chi16	0.8754451640998867	-0.0005080235333637662	0.0005080235333637662	0.9996315202395201	0.0003684797604799339	0.00805054044242496	NaN	NaN
32	0.125	6	Sz	false	0	chi16	-2.0104623184302728e-7	0.00013284063406715854	0.00013284063406715854	0.9996315202395201	0.0003684797604799339	0.00805054044242496	NaN	NaN
32	0.125	6	DoubleOcc	false	0	chi16	0.08144191825373458	-0.00023005808140985629	0.00023005808140985629	0.9996315202395201	0.0003684797604799339	0.00805054044242496	NaN	NaN
32	0.125	6	ZZ onsite	true	2	chi16	-0.4251226551848318	9.581474109165988e-5	9.581474109165988e-5	0.9996315202395201	0.0003684797604799339	0.00805054044242496	20.608667569752466	20.60868809718409
32	0.125	6	ZZ up-up r=1	true	2	chi16	-0.4471142395550071	-0.004245673552191964	0.004245673552191964	0.9996315202395201	0.0003684797604799339	0.00805054044242496	23.163494278536984	23.209882372384307
32	0.125	6	SzSz r=1	false	0	chi16	-0.09142990541755669	-0.0011603370577947109	0.0011603370577947109	0.9996315202395201	0.0003684797604799339	0.00805054044242496	NaN	NaN
32	0.125	6	hop up r=1	false	0	chi16	0.542858982659737	0.004818696174054837	0.004818696174054837	0.9996315202395201	0.0003684797604799339	0.00805054044242496	NaN	NaN
32	0.125	6	n	false	0	chi32	0.8754451640998867	-3.0883638980960804e-5	3.0883638980960804e-5	0.9999947978080219	5.202191978082027e-6	0.0010556530272408432	NaN	NaN
32	0.125	6	Sz	false	0	chi32	-2.0104623184302728e-7	3.3090282725717346e-6	3.3090282725717346e-6	0.9999947978080219	5.202191978082027e-6	0.0010556530272408432	NaN	NaN
32	0.125	6	DoubleOcc	false	0	chi32	0.08144191825373458	-3.495949702564394e-5	3.495949702564394e-5	0.9999947978080219	5.202191978082027e-6	0.0010556530272408432	NaN	NaN
32	0.125	6	ZZ onsite	true	2	chi32	-0.4251226551848318	-7.807071013632427e-5	7.807071013632427e-5	0.9999947978080219	5.202191978082027e-6	0.0010556530272408432	20.608674468737444	20.60868809718409
32	0.125	6	ZZ up-up r=1	true	2	chi32	-0.4471142395550071	-0.0007989209244812501	0.0007989209244812501	0.9999947978080219	5.202191978082027e-6	0.0010556530272408432	23.208236640847336	23.209882372384307
32	0.125	6	SzSz r=1	false	0	chi32	-0.09142990541755669	-6.01766688139993e-5	6.01766688139993e-5	0.9999947978080219	5.202191978082027e-6	0.0010556530272408432	NaN	NaN
32	0.125	6	hop up r=1	false	0	chi32	0.542858982659737	0.00019987304785629156	0.00019987304785629156	0.9999947978080219	5.202191978082027e-6	0.0010556530272408432	NaN	NaN
32	0.125	6	n	false	0	UHF	0.8754451640998867	0.12743569810080768	0.12743569810080768	0.7000447365166657	0.29995526348333434	0.5143108084062188	NaN	NaN
32	0.125	6	Sz	false	0	UHF	-2.0104623184302728e-7	0.19038444223484752	0.19038444223484752	0.7000447365166657	0.29995526348333434	0.5143108084062188	NaN	NaN
32	0.125	6	DoubleOcc	false	0	UHF	0.08144191825373458	-0.0221913096550585	0.0221913096550585	0.7000447365166657	0.29995526348333434	0.5143108084062188	NaN	NaN
32	0.125	6	ZZ onsite	true	2	UHF	-0.4251226551848318	-0.34363663482184575	0.34363663482184575	0.7000447365166657	0.29995526348333434	0.5143108084062188	1.4920792784444565	20.60868809718409
32	0.125	6	ZZ up-up r=1	true	2	UHF	-0.4471142395550071	0.35896363083322286	0.35896363083322286	0.7000447365166657	0.29995526348333434	0.5143108084062188	1.5154386659459602	23.209882372384307
32	0.125	6	SzSz r=1	false	0	UHF	-0.09142990541755669	0.005672276240780871	0.005672276240780871	0.7000447365166657	0.29995526348333434	0.5143108084062188	NaN	NaN
32	0.125	6	hop up r=1	false	0	UHF	0.542858982659737	-0.13605071780760403	0.13605071780760403	0.7000447365166657	0.29995526348333434	0.5143108084062188	NaN	NaN
32	0.125	6	n	false	0	UHFsym	0.8754451640998867	0.12743569810080746	0.12743569810080746	0.9411818366017579	0.058818163398242085	0.2244861262272581	NaN	NaN
32	0.125	6	Sz	false	0	UHFsym	-2.0104623184302728e-7	-2.0104623189853843e-7	2.0104623189853843e-7	0.9411818366017579	0.058818163398242085	0.2244861262272581	NaN	NaN
32	0.125	6	DoubleOcc	false	0	UHFsym	0.08144191825373458	-0.022191309655058514	0.022191309655058514	0.9411818366017579	0.058818163398242085	0.2244861262272581	NaN	NaN
32	0.125	6	ZZ onsite	true	2	UHFsym	-0.4251226551848318	-0.34363663482184587	0.34363663482184587	0.9411818366017579	0.058818163398242085	0.2244861262272581	1.4920792784444559	20.60868809718409
32	0.125	6	ZZ up-up r=1	true	2	UHFsym	-0.4471142395550071	-0.1302256923392568	0.1302256923392568	0.9411818366017579	0.058818163398242085	0.2244861262272581	8.047546648257997	23.209882372384307
32	0.125	6	SzSz r=1	false	0	UHFsym	-0.09142990541755669	-0.04091557466209145	0.04091557466209145	0.9411818366017579	0.058818163398242085	0.2244861262272581	NaN	NaN
32	0.125	6	hop up r=1	false	0	UHFsym	0.542858982659737	0.042669861357212846	0.042669861357212846	0.9411818366017579	0.058818163398242085	0.2244861262272581	NaN	NaN
32	0.125	7	n	false	0	chi2	0.8583680262532664	-0.14163197374676006	0.14163197374676006	0.4388878616759978	0.5611121383240022	0.6473271480169591	NaN	NaN
32	0.125	7	Sz	false	0	chi2	4.6152655100439866e-8	-2.262672521630149e-5	2.262672521630149e-5	0.4388878616759978	0.5611121383240022	0.6473271480169591	NaN	NaN
32	0.125	7	DoubleOcc	false	0	chi2	0.0745686432471655	0.07456864324713908	0.07456864324713908	0.4388878616759978	0.5611121383240022	0.6473271480169591	NaN	NaN
32	0.125	7	ZZ onsite	true	2	chi2	-0.4184614795178683	0.5815385204820789	0.5815385204820789	0.4388878616759978	0.5611121383240022	0.6473271480169591	0.5306690669749781	19.869587937430776
32	0.125	7	ZZ up-up r=1	true	2	chi2	-0.3660117000056261	-0.36601169779657916	0.36601169779657916	0.4388878616759978	0.5611121383240022	0.6473271480169591	1.0000000112525407	14.749970041610323
32	0.125	7	SzSz r=1	false	0	chi2	-0.07443451211568086	-0.07443451156342573	0.07443451156342573	0.4388878616759978	0.5611121383240022	0.6473271480169591	NaN	NaN
32	0.125	7	hop up r=1	false	0	chi2	0.4897324640133036	0.4897324640130253	0.4897324640130253	0.4388878616759978	0.5611121383240022	0.6473271480169591	NaN	NaN
32	0.125	7	n	false	0	chi4	0.8583680262532664	-0.008404512872286607	0.008404512872286607	0.890027846539056	0.10997215346094402	0.2881285780952757	NaN	NaN
32	0.125	7	Sz	false	0	chi4	4.6152655100439866e-8	-0.00969378303127838	0.00969378303127838	0.890027846539056	0.10997215346094402	0.2881285780952757	NaN	NaN
32	0.125	7	DoubleOcc	false	0	chi4	0.0745686432471655	-0.028282439436228227	0.028282439436228227	0.890027846539056	0.10997215346094402	0.2881285780952757	NaN	NaN
32	0.125	7	ZZ onsite	true	2	chi4	-0.4184614795178683	-0.0963207320003377	0.0963207320003377	0.890027846539056	0.10997215346094402	0.2881285780952757	9.936040777538517	19.869587937430776
32	0.125	7	ZZ up-up r=1	true	2	chi4	-0.3660117000056261	-0.2816121929668163	0.2816121929668163	0.890027846539056	0.10997215346094402	0.2881285780952757	1.6138143168377967	14.749970041610323
32	0.125	7	SzSz r=1	false	0	chi4	-0.07443451211568086	-0.0661487973154829	0.0661487973154829	0.890027846539056	0.10997215346094402	0.2881285780952757	NaN	NaN
32	0.125	7	hop up r=1	false	0	chi4	0.4897324640133036	0.20363736207491134	0.20363736207491134	0.890027846539056	0.10997215346094402	0.2881285780952757	NaN	NaN
32	0.125	7	n	false	0	chi8	0.8583680262532664	0.0036428988890521152	0.0036428988890521152	0.9905099650644212	0.009490034935578762	0.08148709934232348	NaN	NaN
32	0.125	7	Sz	false	0	chi8	4.6152655100439866e-8	0.005372986915738814	0.005372986915738814	0.9905099650644212	0.009490034935578762	0.08148709934232348	NaN	NaN
32	0.125	7	DoubleOcc	false	0	chi8	0.0745686432471655	0.0068681463492342165	0.0068681463492342165	0.9905099650644212	0.009490034935578762	0.08148709934232348	NaN	NaN
32	0.125	7	ZZ onsite	true	2	chi8	-0.4184614795178683	0.02018678761883308	0.02018678761883308	0.9905099650644212	0.009490034935578762	0.08148709934232348	19.03377184057726	19.869587937430776
32	0.125	7	ZZ up-up r=1	true	2	chi8	-0.3660117000056261	-0.08697352482047294	0.08697352482047294	0.9905099650644212	0.009490034935578762	0.08148709934232348	8.303289598294793	14.749970041610323
32	0.125	7	SzSz r=1	false	0	chi8	-0.07443451211568086	-0.009248631388339049	0.009248631388339049	0.9905099650644212	0.009490034935578762	0.08148709934232348	NaN	NaN
32	0.125	7	hop up r=1	false	0	chi8	0.4897324640133036	0.06975237228772146	0.06975237228772146	0.9905099650644212	0.009490034935578762	0.08148709934232348	NaN	NaN
32	0.125	7	n	false	0	chi16	0.8583680262532664	0.0020987633142489637	0.0020987633142489637	0.9996775130736906	0.00032248692630942877	0.008979712611251089	NaN	NaN
32	0.125	7	Sz	false	0	chi16	4.6152655100439866e-8	0.00040181643717856347	0.00040181643717856347	0.9996775130736906	0.00032248692630942877	0.008979712611251089	NaN	NaN
32	0.125	7	DoubleOcc	false	0	chi16	0.0745686432471655	0.0008331226190935598	0.0008331226190935598	0.9996775130736906	0.00032248692630942877	0.008979712611251089	NaN	NaN
32	0.125	7	ZZ onsite	true	2	chi16	-0.4184614795178683	-0.0008650361521204686	0.0008650361521204686	0.9996775130736906	0.00032248692630942877	0.008979712611251089	19.86798589577868	19.869587937430776
32	0.125	7	ZZ up-up r=1	true	2	chi16	-0.3660117000056261	-0.005401083754438207	0.005401083754438207	0.9996775130736906	0.00032248692630942877	0.008979712611251089	14.705938247952107	14.749970041610323
32	0.125	7	SzSz r=1	false	0	chi16	-0.07443451211568086	-0.001297473024528692	0.001297473024528692	0.9996775130736906	0.00032248692630942877	0.008979712611251089	NaN	NaN
32	0.125	7	hop up r=1	false	0	chi16	0.4897324640133036	0.005799225564278587	0.005799225564278587	0.9996775130736906	0.00032248692630942877	0.008979712611251089	NaN	NaN
32	0.125	7	n	false	0	chi32	0.8583680262532664	0.00013901178540387527	0.00013901178540387527	0.9999869466890177	1.3053310982336086e-5	0.0023332877320981645	NaN	NaN
32	0.125	7	Sz	false	0	chi32	4.6152655100439866e-8	-4.5884445494012716e-5	4.5884445494012716e-5	0.9999869466890177	1.3053310982336086e-5	0.0023332877320981645	NaN	NaN
32	0.125	7	DoubleOcc	false	0	chi32	0.0745686432471655	8.430413356633193e-5	8.430413356633193e-5	0.9999869466890177	1.3053310982336086e-5	0.0023332877320981645	NaN	NaN
32	0.125	7	ZZ onsite	true	2	chi32	-0.4184614795178683	5.9192963460019676e-5	5.9192963460019676e-5	0.9999869466890177	1.3053310982336086e-5	0.0023332877320981645	19.869580435374683	19.869587937430776
32	0.125	7	ZZ up-up r=1	true	2	chi32	-0.3660117000056261	-0.00277982799337384	0.00277982799337384	0.9999869466890177	1.3053310982336086e-5	0.0023332877320981645	14.738280580688638	14.749970041610323
32	0.125	7	SzSz r=1	false	0	chi32	-0.07443451211568086	-0.0005460037288716885	0.0005460037288716885	0.9999869466890177	1.3053310982336086e-5	0.0023332877320981645	NaN	NaN
32	0.125	7	hop up r=1	false	0	chi32	0.4897324640133036	0.0013609489303084144	0.0013609489303084144	0.9999869466890177	1.3053310982336086e-5	0.0023332877320981645	NaN	NaN
32	0.125	7	n	false	0	UHF	0.8583680262532664	-0.03752537643616083	0.03752537643616083	0.631053440803856	0.36894655919614405	0.5524157847343812	NaN	NaN
32	0.125	7	Sz	false	0	UHF	4.6152655100439866e-8	-0.3247945658594316	0.3247945658594316	0.631053440803856	0.36894655919614405	0.5524157847343812	NaN	NaN
32	0.125	7	DoubleOcc	false	0	UHF	0.0745686432471655	-0.020596064006362602	0.020596064006362602	0.631053440803856	0.36894655919614405	0.5524157847343812	NaN	NaN
32	0.125	7	ZZ onsite	true	2	UHF	-0.4184614795178683	-0.007333503153126197	0.007333503153126197	0.631053440803856	0.36894655919614405	0.5524157847343812	19.755101595878532	19.869587937430776
32	0.125	7	ZZ up-up r=1	true	2	UHF	-0.3660117000056261	0.20790164673711153	0.20790164673711153	0.631053440803856	0.36894655919614405	0.5524157847343812	2.71320245425834	14.749970041610323
32	0.125	7	SzSz r=1	false	0	UHF	-0.07443451211568086	0.07112135211809223	0.07112135211809223	0.631053440803856	0.36894655919614405	0.5524157847343812	NaN	NaN
32	0.125	7	hop up r=1	false	0	UHF	0.4897324640133036	0.09902739618613637	0.09902739618613637	0.631053440803856	0.36894655919614405	0.5524157847343812	NaN	NaN
32	0.125	7	n	false	0	UHFsym	0.8583680262532664	-0.03752537643616072	0.03752537643616072	0.9592046804219433	0.04079531957805671	0.16839873529477734	NaN	NaN
32	0.125	7	Sz	false	0	UHFsym	4.6152655100439866e-8	4.615265512819544e-8	4.615265512819544e-8	0.9592046804219433	0.04079531957805671	0.16839873529477734	NaN	NaN
32	0.125	7	DoubleOcc	false	0	UHFsym	0.0745686432471655	-0.020596064006363005	0.020596064006363005	0.9592046804219433	0.04079531957805671	0.16839873529477734	NaN	NaN
32	0.125	7	ZZ onsite	true	2	UHFsym	-0.4184614795178683	-0.00733350315312814	0.00733350315312814	0.9592046804219433	0.04079531957805671	0.16839873529477734	19.75510159587847	19.869587937430776
32	0.125	7	ZZ up-up r=1	true	2	UHFsym	-0.3660117000056261	-0.0015905463557136512	0.0015905463557136512	0.9592046804219433	0.04079531957805671	0.16839873529477734	14.746141063697339	14.749970041610323
32	0.125	7	SzSz r=1	false	0	UHFsym	-0.07443451211568086	-0.0089449253616634	0.0089449253616634	0.9592046804219433	0.04079531957805671	0.16839873529477734	NaN	NaN
32	0.125	7	hop up r=1	false	0	UHFsym	0.4897324640133036	0.03269291689683124	0.03269291689683124	0.9592046804219433	0.04079531957805671	0.16839873529477734	NaN	NaN
32	0.125	8	n	false	0	chi2	0.8790574948214666	-0.12094250517850735	0.12094250517850735	0.43179890753817285	0.5682010924618272	0.6232496102018015	NaN	NaN
32	0.125	8	Sz	false	0	chi2	-2.3331017744154803e-7	2.4124212192569306e-5	2.4124212192569306e-5	0.43179890753817285	0.5682010924618272	0.6232496102018015	NaN	NaN
32	0.125	8	DoubleOcc	false	0	chi2	0.07903228693728237	0.07903228693728237	0.07903228693728237	0.43179890753817285	0.5682010924618272	0.6232496102018015	NaN	NaN
32	0.125	8	ZZ onsite	true	2	chi2	-0.44198584189380064	0.5580141581061469	0.5580141581061469	0.43179890753817285	0.5682010924618272	0.6232496102018015	0.6379004553574018	22.580324897488975
32	0.125	8	ZZ up-up r=1	true	2	chi2	-0.47451609196532657	0.5254839080336668	0.5254839080336668	0.43179890753817285	0.5682010924618272	0.6232496102018015	0.8210715263381138	26.830953037704816
32	0.125	8	SzSz r=1	false	0	chi2	-0.09780790995626087	0.15219209004347303	0.15219209004347303	0.43179890753817285	0.5682010924618272	0.6232496102018015	NaN	NaN
32	0.125	8	hop up r=1	false	0	chi2	0.5468694438129774	0.5468694438129774	0.5468694438129774	0.43179890753817285	0.5682010924618272	0.6232496102018015	NaN	NaN
32	0.125	8	n	false	0	chi4	0.8790574948214666	-0.015992080882680892	0.015992080882680892	0.8411711652054926	0.15882883479450738	0.24155704989049415	NaN	NaN
32	0.125	8	Sz	false	0	chi4	-2.3331017744154803e-7	0.01706291519855768	0.01706291519855768	0.8411711652054926	0.15882883479450738	0.24155704989049415	NaN	NaN
32	0.125	8	DoubleOcc	false	0	chi4	0.07903228693728237	-0.010011462390073445	0.010011462390073445	0.8411711652054926	0.15882883479450738	0.24155704989049415	NaN	NaN
32	0.125	8	ZZ onsite	true	2	chi4	-0.44198584189380064	-0.008061687794929773	0.008061687794929773	0.8411711652054926	0.15882883479450738	0.24155704989049415	22.419365428930544	22.580324897488975
32	0.125	8	ZZ up-up r=1	true	2	chi4	-0.47451609196532657	0.22347002301884172	0.22347002301884172	0.8411711652054926	0.15882883479450738	0.24155704989049415	3.987374690387029	26.830953037704816
32	0.125	8	SzSz r=1	false	0	chi4	-0.09780790995626087	0.05000741604814962	0.05000741604814962	0.8411711652054926	0.15882883479450738	0.24155704989049415	NaN	NaN
32	0.125	8	hop up r=1	false	0	chi4	0.5468694438129774	-0.13462024750158352	0.13462024750158352	0.8411711652054926	0.15882883479450738	0.24155704989049415	NaN	NaN
32	0.125	8	n	false	0	chi8	0.8790574948214666	-0.012198291459034616	0.012198291459034616	0.9977708770543551	0.0022291229456449235	0.039702046261969666	NaN	NaN
32	0.125	8	Sz	false	0	chi8	-2.3331017744154803e-7	8.475172362375216e-5	8.475172362375216e-5	0.9977708770543551	0.0022291229456449235	0.039702046261969666	NaN	NaN
32	0.125	8	DoubleOcc	false	0	chi8	0.07903228693728237	0.003860230932051345	0.003860230932051345	0.9977708770543551	0.0022291229456449235	0.039702046261969666	NaN	NaN
32	0.125	8	ZZ onsite	true	2	chi8	-0.44198584189380064	0.039837506646274834	0.039837506646274834	0.9977708770543551	0.0022291229456449235	0.039702046261969666	19.2121045021888	22.580324897488975
32	0.125	8	ZZ up-up r=1	true	2	chi8	-0.47451609196532657	-0.011077447332480783	0.011077447332480783	0.9977708770543551	0.0022291229456449235	0.039702046261969666	26.458490167583314	26.830953037704816
32	0.125	8	SzSz r=1	false	0	chi8	-0.09780790995626087	-0.0011534703566327686	0.0011534703566327686	0.9977708770543551	0.0022291229456449235	0.039702046261969666	NaN	NaN
32	0.125	8	hop up r=1	false	0	chi8	0.5468694438129774	0.025188211530844606	0.025188211530844606	0.9977708770543551	0.0022291229456449235	0.039702046261969666	NaN	NaN
32	0.125	8	n	false	0	chi16	0.8790574948214666	0.0007371330044528834	0.0007371330044528834	0.9987665445393464	0.0012334554606535653	0.01797476117624357	NaN	NaN
32	0.125	8	Sz	false	0	chi16	-2.3331017744154803e-7	0.0004716652808054722	0.0004716652808054722	0.9987665445393464	0.0012334554606535653	0.01797476117624357	NaN	NaN
32	0.125	8	DoubleOcc	false	0	chi16	0.07903228693728237	0.0015938259180654363	0.0015938259180654363	0.9987665445393464	0.0012334554606535653	0.01797476117624357	NaN	NaN
32	0.125	8	ZZ onsite	true	2	chi16	-0.44198584189380064	0.004901037663360308	0.004901037663360308	0.9987665445393464	0.0012334554606535653	0.01797476117624357	22.520566814090333	22.580324897488975
32	0.125	8	ZZ up-up r=1	true	2	chi16	-0.47451609196532657	-0.00578170231199665	0.00578170231199665	0.9987665445393464	0.0012334554606535653	0.01797476117624357	26.728453048920272	26.830953037704816
32	0.125	8	SzSz r=1	false	0	chi16	-0.09780790995626087	-0.0008920413934039167	0.0008920413934039167	0.9987665445393464	0.0012334554606535653	0.01797476117624357	NaN	NaN
32	0.125	8	hop up r=1	false	0	chi16	0.5468694438129774	0.019076223683901605	0.019076223683901605	0.9987665445393464	0.0012334554606535653	0.01797476117624357	NaN	NaN
32	0.125	8	n	false	0	chi32	0.8790574948214666	-0.00019286796450590504	0.00019286796450590504	0.9999904340568221	9.565943177913816e-6	0.0017013742883429167	NaN	NaN
32	0.125	8	Sz	false	0	chi32	-2.3331017744154803e-7	-2.9389501025212095e-5	2.9389501025212095e-5	0.9999904340568221	9.565943177913816e-6	0.0017013742883429167	NaN	NaN
32	0.125	8	DoubleOcc	false	0	chi32	0.07903228693728237	-4.8584644844695823e-5	4.8584644844695823e-5	0.9999904340568221	9.565943177913816e-6	0.0017013742883429167	NaN	NaN
32	0.125	8	ZZ onsite	true	2	chi32	-0.44198584189380064	0.00019139734963746768	0.00019139734963746768	0.9999904340568221	9.565943177913816e-6	0.0017013742883429167	22.580233519513598	22.580324897488975
32	0.125	8	ZZ up-up r=1	true	2	chi32	-0.47451609196532657	-0.0008489297872104618	0.0008489297872104618	0.9999904340568221	9.565943177913816e-6	0.0017013742883429167	26.8287349317933	26.830953037704816
32	0.125	8	SzSz r=1	false	0	chi32	-0.09780790995626087	-3.22917203586931e-5	3.22917203586931e-5	0.9999904340568221	9.565943177913816e-6	0.0017013742883429167	NaN	NaN
32	0.125	8	hop up r=1	false	0	chi32	0.5468694438129774	0.00048231447498625624	0.00048231447498625624	0.9999904340568221	9.565943177913816e-6	0.0017013742883429167	NaN	NaN
32	0.125	8	n	false	0	UHF	0.8790574948214666	-0.08079232392542257	0.08079232392542257	0.6241689751139438	0.37583102488605624	0.5778536733243566	NaN	NaN
32	0.125	8	Sz	false	0	UHF	-2.3331017744154803e-7	0.366062452123077	0.366062452123077	0.6241689751139438	0.37583102488605624	0.5778536733243566	NaN	NaN
32	0.125	8	DoubleOcc	false	0	UHF	0.07903228693728237	-0.01729374203322087	0.01729374203322087	0.6241689751139438	0.37583102488605624	0.5778536733243566	NaN	NaN
32	0.125	8	ZZ onsite	true	2	UHF	-0.44198584189380064	0.09240967971796454	0.09240967971796454	0.6241689751139438	0.37583102488605624	0.5778536733243566	11.619235143008865	22.580324897488975
32	0.125	8	ZZ up-up r=1	true	2	UHF	-0.47451609196532657	0.2986549181273756	0.2986549181273756	0.6241689751139438	0.37583102488605624	0.5778536733243566	2.3887087408257153	26.830953037704816
32	0.125	8	SzSz r=1	false	0	UHF	-0.09780790995626087	0.06441620513631785	0.06441620513631785	0.6241689751139438	0.37583102488605624	0.5778536733243566	NaN	NaN
32	0.125	8	hop up r=1	false	0	UHF	0.5468694438129774	0.08787946581143541	0.08787946581143541	0.6241689751139438	0.37583102488605624	0.5778536733243566	NaN	NaN
32	0.125	8	n	false	0	UHFsym	0.8790574948214666	-0.0807923239254228	0.0807923239254228	0.9152125346370388	0.08478746536296122	0.22408402890512158	NaN	NaN
32	0.125	8	Sz	false	0	UHFsym	-2.3331017744154803e-7	-2.333101774762425e-7	2.333101774762425e-7	0.9152125346370388	0.08478746536296122	0.22408402890512158	NaN	NaN
32	0.125	8	DoubleOcc	false	0	UHFsym	0.07903228693728237	-0.01729374203322062	0.01729374203322062	0.9152125346370388	0.08478746536296122	0.22408402890512158	NaN	NaN
32	0.125	8	ZZ onsite	true	2	UHFsym	-0.44198584189380064	0.09240967971796599	0.09240967971796599	0.9152125346370388	0.08478746536296122	0.22408402890512158	11.61923514300869	22.580324897488975
32	0.125	8	ZZ up-up r=1	true	2	UHFsym	-0.47451609196532657	-0.09515717742560043	0.09515717742560043	0.9152125346370388	0.08478746536296122	0.22408402890512158	13.160328235648205	26.830953037704816
32	0.125	8	SzSz r=1	false	0	UHFsym	-0.09780790995626087	-0.027404439887196014	0.027404439887196014	0.9152125346370388	0.08478746536296122	0.22408402890512158	NaN	NaN
32	0.125	8	hop up r=1	false	0	UHFsym	0.5468694438129774	0.10288086518810091	0.10288086518810091	0.9152125346370388	0.08478746536296122	0.22408402890512158	NaN	NaN
32	0.125	9	n	false	0	chi2	0.8774071011944413	-0.12259289880564306	0.12259289880564306	0.4431777146586826	0.5568222853413174	0.6449386755531556	NaN	NaN
32	0.125	9	Sz	false	0	chi2	5.182214395799134e-8	-2.4305700388867202e-5	2.4305700388867202e-5	0.4431777146586826	0.5568222853413174	0.6449386755531556	NaN	NaN
32	0.125	9	DoubleOcc	false	0	chi2	0.07845781171050935	0.0784578117104252	0.0784578117104252	0.4431777146586826	0.5568222853413174	0.6449386755531556	NaN	NaN
32	0.125	9	ZZ onsite	true	2	chi2	-0.4409829555468426	0.5590170444529894	0.5590170444529894	0.4431777146586826	0.5568222853413174	0.6449386755531556	0.6329355654600041	22.458886942487855
32	0.125	9	ZZ up-up r=1	true	2	chi2	-0.36980516696770116	-0.3698051669419151	0.3698051669419151	0.4431777146586826	0.5568222853413174	0.6449386755531556	1.0000000001302105	15.081852441592073
32	0.125	9	SzSz r=1	false	0	chi2	-0.07530409590062345	-0.07530409589419798	0.07530409589419798	0.4431777146586826	0.5568222853413174	0.6449386755531556	NaN	NaN
32	0.125	9	hop up r=1	false	0	chi2	0.4887778149583163	0.4887778149582221	0.4887778149582221	0.4431777146586826	0.5568222853413174	0.6449386755531556	NaN	NaN
32	0.125	9	n	false	0	chi4	0.8774071011944413	0.014781739045288678	0.014781739045288678	0.8347406325492576	0.16525936745074243	0.34690235325101915	NaN	NaN
32	0.125	9	Sz	false	0	chi4	5.182214395799134e-8	-0.02444970908276888	0.02444970908276888	0.8347406325492576	0.16525936745074243	0.34690235325101915	NaN	NaN
32	0.125	9	DoubleOcc	false	0	chi4	0.07845781171050935	0.013529845369353519	0.013529845369353519	0.8347406325492576	0.16525936745074243	0.34690235325101915	NaN	NaN
32	0.125	9	ZZ onsite	true	2	chi4	-0.4409829555468426	0.024555903386838163	0.024555903386838163	0.8347406325492576	0.16525936745074243	0.34690235325101915	21.05772943766096	22.458886942487855
32	0.125	9	ZZ up-up r=1	true	2	chi4	-0.36980516696770116	-0.3377882491861525	0.3377882491861525	0.8347406325492576	0.16525936745074243	0.34690235325101915	1.1829781235309464	15.081852441592073
32	0.125	9	SzSz r=1	false	0	chi4	-0.07530409590062345	-0.07300552873261273	0.07300552873261273	0.8347406325492576	0.16525936745074243	0.34690235325101915	NaN	NaN
32	0.125	9	hop up r=1	false	0	chi4	0.4887778149583163	0.22990607858597373	0.22990607858597373	0.8347406325492576	0.16525936745074243	0.34690235325101915	NaN	NaN
32	0.125	9	n	false	0	chi8	0.8774071011944413	-0.011996469614862115	0.011996469614862115	0.9908101051017041	0.009189894898295914	0.07811779518300274	NaN	NaN
32	0.125	9	Sz	false	0	chi8	5.182214395799134e-8	0.0007845952170728934	0.0007845952170728934	0.9908101051017041	0.009189894898295914	0.07811779518300274	NaN	NaN
32	0.125	9	DoubleOcc	false	0	chi8	0.07845781171050935	0.003824372768468129	0.003824372768468129	0.9908101051017041	0.009189894898295914	0.07811779518300274	NaN	NaN
32	0.125	9	ZZ onsite	true	2	chi8	-0.4409829555468426	0.039290430303596524	0.039290430303596524	0.9908101051017041	0.009189894898295914	0.07811779518300274	19.189921352296967	22.458886942487855
32	0.125	9	ZZ up-up r=1	true	2	chi8	-0.36980516696770116	-0.04918252888914221	0.04918252888914221	0.9908101051017041	0.009189894898295914	0.07811779518300274	12.074387018264234	15.081852441592073
32	0.125	9	SzSz r=1	false	0	chi8	-0.07530409590062345	-0.009563967021839925	0.009563967021839925	0.9908101051017041	0.009189894898295914	0.07811779518300274	NaN	NaN
32	0.125	9	hop up r=1	false	0	chi8	0.4887778149583163	0.050886831569092406	0.050886831569092406	0.9908101051017041	0.009189894898295914	0.07811779518300274	NaN	NaN
32	0.125	9	n	false	0	chi16	0.8774071011944413	-0.0014506578252918567	0.0014506578252918567	0.9996491694618526	0.0003508305381474397	0.009664777544478876	NaN	NaN
32	0.125	9	Sz	false	0	chi16	5.182214395799134e-8	0.0005584303315588138	0.0005584303315588138	0.9996491694618526	0.0003508305381474397	0.009664777544478876	NaN	NaN
32	0.125	9	DoubleOcc	false	0	chi16	0.07845781171050935	0.0003812355020803987	0.0003812355020803987	0.9996491694618526	0.0003508305381474397	0.009664777544478876	NaN	NaN
32	0.125	9	ZZ onsite	true	2	chi16	-0.4409829555468426	0.00442625765890875	0.00442625765890875	0.9996491694618526	0.0003508305381474397	0.009664777544478876	22.410437665032852	22.458886942487855
32	0.125	9	ZZ up-up r=1	true	2	chi16	-0.36980516696770116	-0.004381021104173155	0.004381021104173155	0.9996491694618526	0.0003508305381474397	0.009664777544478876	15.052104169494863	15.081852441592073
32	0.125	9	SzSz r=1	false	0	chi16	-0.07530409590062345	-0.001420045914499471	0.001420045914499471	0.9996491694618526	0.0003508305381474397	0.009664777544478876	NaN	NaN
32	0.125	9	hop up r=1	false	0	chi16	0.4887778149583163	0.007796211030311306	0.007796211030311306	0.9996491694618526	0.0003508305381474397	0.009664777544478876	NaN	NaN
32	0.125	9	n	false	0	chi32	0.8774071011944413	-4.9398523917165704e-5	4.9398523917165704e-5	0.9999890575162648	1.0942483735232322e-5	0.0026115878063938582	NaN	NaN
32	0.125	9	Sz	false	0	chi32	5.182214395799134e-8	-4.208355526361812e-5	4.208355526361812e-5	0.9999890575162648	1.0942483735232322e-5	0.0026115878063938582	NaN	NaN
32	0.125	9	DoubleOcc	false	0	chi32	0.07845781171050935	2.163944306510235e-5	2.163944306510235e-5	0.9999890575162648	1.0942483735232322e-5	0.0026115878063938582	NaN	NaN
32	0.125	9	ZZ onsite	true	2	chi32	-0.4409829555468426	0.00018535482009862658	0.00018535482009862658	0.9999890575162648	1.0942483735232322e-5	0.0026115878063938582	22.458801797726057	22.458886942487855
32	0.125	9	ZZ up-up r=1	true	2	chi32	-0.36980516696770116	-0.003463432980771064	0.003463432980771064	0.9999890575162648	1.0942483735232322e-5	0.0026115878063938582	15.063246741939972	15.081852441592073
32	0.125	9	SzSz r=1	false	0	chi32	-0.07530409590062345	-0.0007328714229389993	0.0007328714229389993	0.9999890575162648	1.0942483735232322e-5	0.0026115878063938582	NaN	NaN
32	0.125	9	hop up r=1	false	0	chi32	0.4887778149583163	0.0017551734841681488	0.0017551734841681488	0.9999890575162648	1.0942483735232322e-5	0.0026115878063938582	NaN	NaN
32	0.125	9	n	false	0	UHF	0.8774071011944413	-0.09941951144359318	0.09941951144359318	0.5973771883685374	0.40262281163146263	0.581790821644004	NaN	NaN
32	0.125	9	Sz	false	0	UHF	5.182214395799134e-8	-0.37576961297775324	0.37576961297775324	0.5973771883685374	0.40262281163146263	0.581790821644004	NaN	NaN
32	0.125	9	DoubleOcc	false	0	UHF	0.07845781171050935	-0.018886905095137616	0.018886905095137616	0.5973771883685374	0.40262281163146263	0.581790821644004	NaN	NaN
32	0.125	9	ZZ onsite	true	2	UHF	-0.4409829555468426	0.12329140250663811	0.12329140250663811	0.5973771883685374	0.40262281163146263	0.581790821644004	8.388409996103173	22.458886942487855
32	0.125	9	ZZ up-up r=1	true	2	UHF	-0.36980516696770116	0.40738747206525927	0.40738747206525927	0.5973771883685374	0.40262281163146263	0.581790821644004	0.8337354975041784	15.081852441592073
32	0.125	9	SzSz r=1	false	0	UHF	-0.07530409590062345	0.08592591038227268	0.08592591038227268	0.5973771883685374	0.40262281163146263	0.581790821644004	NaN	NaN
32	0.125	9	hop up r=1	false	0	UHF	0.4887778149583163	0.02476276186936155	0.02476276186936155	0.5973771883685374	0.40262281163146263	0.581790821644004	NaN	NaN
32	0.125	9	n	false	0	UHFsym	0.8774071011944413	-0.09941951144359296	0.09941951144359296	0.9392768747506046	0.06072312524939538	0.1877958237190262	NaN	NaN
32	0.125	9	Sz	false	0	UHFsym	5.182214395799134e-8	5.1822143964930234e-8	5.1822143964930234e-8	0.9392768747506046	0.06072312524939538	0.1877958237190262	NaN	NaN
32	0.125	9	DoubleOcc	false	0	UHFsym	0.07845781171050935	-0.018886905095137532	0.018886905095137532	0.9392768747506046	0.06072312524939538	0.1877958237190262	NaN	NaN
32	0.125	9	ZZ onsite	true	2	UHFsym	-0.4409829555468426	0.12329140250663845	0.12329140250663845	0.9392768747506046	0.06072312524939538	0.1877958237190262	8.388409996103142	22.458886942487855
32	0.125	9	ZZ up-up r=1	true	2	UHFsym	-0.36980516696770116	0.008539621908982276	0.008539621908982276	0.9392768747506046	0.06072312524939538	0.1877958237190262	14.96944454771039	15.081852441592073
32	0.125	9	SzSz r=1	false	0	UHFsym	-0.07530409590062345	-0.005204719347041642	0.005204719347041642	0.9392768747506046	0.06072312524939538	0.1877958237190262	NaN	NaN
32	0.125	9	hop up r=1	false	0	UHFsym	0.4887778149583163	0.04425461001001063	0.04425461001001063	0.9392768747506046	0.06072312524939538	0.1877958237190262	NaN	NaN
32	0.125	10	n	false	0	chi2	0.8680923457054198	-0.13190765429449636	0.13190765429449636	0.4147731989382121	0.5852268010617879	0.6361334839992842	NaN	NaN
32	0.125	10	Sz	false	0	chi2	-1.7049851992051446e-7	9.330042460496758e-8	9.330042460496758e-8	0.4147731989382121	0.5852268010617879	0.6361334839992842	NaN	NaN
32	0.125	10	DoubleOcc	false	0	chi2	0.07629396235645025	0.07629396235645025	0.07629396235645025	0.4147731989382121	0.5852268010617879	0.6361334839992842	NaN	NaN
32	0.125	10	ZZ onsite	true	2	chi2	-0.43100884198503575	0.5689911580147963	0.5689911580147963	0.4147731989382121	0.5852268010617879	0.6361334839992842	0.5855279667040376	21.280189184418273
32	0.125	10	ZZ up-up r=1	true	2	chi2	-0.45337572518558755	0.5466242748123854	0.5466242748123854	0.4147731989382121	0.5852268010617879	0.6361334839992842	0.696984912339313	23.99837693882843
32	0.125	10	SzSz r=1	false	0	chi2	-0.09305187913088293	0.15694812086863136	0.15694812086863136	0.4147731989382121	0.5852268010617879	0.6361334839992842	NaN	NaN
32	0.125	10	hop up r=1	false	0	chi2	0.5404844889953633	0.5404844889953633	0.5404844889953633	0.4147731989382121	0.5852268010617879	0.6361334839992842	NaN	NaN
32	0.125	10	n	false	0	chi4	0.8680923457054198	-0.0006677367863210382	0.0006677367863210382	0.9033929129050632	0.09660708709493682	0.19946784982753396	NaN	NaN
32	0.125	10	Sz	false	0	chi4	-1.7049851992051446e-7	0.01502703210946562	0.01502703210946562	0.9033929129050632	0.09660708709493682	0.19946784982753396	NaN	NaN
32	0.125	10	DoubleOcc	false	0	chi4	0.07629396235645025	-0.0011651282177949362	0.0011651282177949362	0.9033929129050632	0.09660708709493682	0.19946784982753396	NaN	NaN
32	0.125	10	ZZ onsite	true	2	chi4	-0.43100884198503575	-0.0033250392985362254	0.0033250392985362254	0.9033929129050632	0.09660708709493682	0.19946784982753396	21.254535790374756	21.280189184418273
32	0.125	10	ZZ up-up r=1	true	2	chi4	-0.45337572518558755	0.14171516017113361	0.14171516017113361	0.9033929129050632	0.09660708709493682	0.19946784982753396	7.39081811084934	23.99837693882843
32	0.125	10	SzSz r=1	false	0	chi4	-0.09305187913088293	0.029878829085680556	0.029878829085680556	0.9033929129050632	0.09660708709493682	0.19946784982753396	NaN	NaN
32	0.125	10	hop up r=1	false	0	chi4	0.5404844889953633	-0.08739139446510658	0.08739139446510658	0.9033929129050632	0.09660708709493682	0.19946784982753396	NaN	NaN
32	0.125	10	n	false	0	chi8	0.8680923457054198	-0.006731164117002586	0.006731164117002586	0.9968789186974184	0.0031210813025815964	0.044484378883118375	NaN	NaN
32	0.125	10	Sz	false	0	chi8	-1.7049851992051446e-7	-0.0016380645329432016	0.0016380645329432016	0.9968789186974184	0.0031210813025815964	0.044484378883118375	NaN	NaN
32	0.125	10	DoubleOcc	false	0	chi8	0.07629396235645025	0.0020219932525243622	0.0020219932525243622	0.9968789186974184	0.0031210813025815964	0.044484378883118375	NaN	NaN
32	0.125	10	ZZ onsite	true	2	chi8	-0.43100884198503575	0.0215503012441024	0.0215503012441024	0.9968789186974184	0.0031210813025815964	0.044484378883118375	20.25334827116078	21.280189184418273
32	0.125	10	ZZ up-up r=1	true	2	chi8	-0.45337572518558755	-0.025752937743012905	0.025752937743012905	0.9968789186974184	0.0031210813025815964	0.044484378883118375	22.340589496098566	23.99837693882843
32	0.125	10	SzSz r=1	false	0	chi8	-0.09305187913088293	-0.0004346533236573996	0.0004346533236573996	0.9968789186974184	0.0031210813025815964	0.044484378883118375	NaN	NaN
32	0.125	10	hop up r=1	false	0	chi8	0.5404844889953633	0.03419443174175307	0.03419443174175307	0.9968789186974184	0.0031210813025815964	0.044484378883118375	NaN	NaN
32	0.125	10	n	false	0	chi16	0.8680923457054198	0.00010943148044229023	0.00010943148044229023	0.9992553957792456	0.0007446042207543968	0.013264120512379544	NaN	NaN
32	0.125	10	Sz	false	0	chi16	-1.7049851992051446e-7	0.0010109549385433694	0.0010109549385433694	0.9992553957792456	0.0007446042207543968	0.013264120512379544	NaN	NaN
32	0.125	10	DoubleOcc	false	0	chi16	0.07629396235645025	0.0005174613275732431	0.0005174613275732431	0.9992553957792456	0.0007446042207543968	0.013264120512379544	NaN	NaN
32	0.125	10	ZZ onsite	true	2	chi16	-0.43100884198503575	0.0018509823494121669	0.0018509823494121669	0.9992553957792456	0.0007446042207543968	0.013264120512379544	21.272232772226065	21.280189184418273
32	0.125	10	ZZ up-up r=1	true	2	chi16	-0.45337572518558755	-0.005801873548764103	0.005801873548764103	0.9992553957792456	0.0007446042207543968	0.013264120512379544	23.908330523071246	23.99837693882843
32	0.125	10	SzSz r=1	false	0	chi16	-0.09305187913088293	-0.001839517055754622	0.001839517055754622	0.9992553957792456	0.0007446042207543968	0.013264120512379544	NaN	NaN
32	0.125	10	hop up r=1	false	0	chi16	0.5404844889953633	0.010607440925052503	0.010607440925052503	0.9992553957792456	0.0007446042207543968	0.013264120512379544	NaN	NaN
32	0.125	10	n	false	0	chi32	0.8680923457054198	5.082133669231936e-5	5.082133669231936e-5	0.9999843414256259	1.5658574374133316e-5	0.0019869575725852432	NaN	NaN
32	0.125	10	Sz	false	0	chi32	-1.7049851992051446e-7	-3.10613170369442e-5	3.10613170369442e-5	0.9999843414256259	1.5658574374133316e-5	0.0019869575725852432	NaN	NaN
32	0.125	10	DoubleOcc	false	0	chi32	0.07629396235645025	7.802335275915173e-5	7.802335275915173e-5	0.9999843414256259	1.5658574374133316e-5	0.0019869575725852432	NaN	NaN
32	0.125	10	ZZ onsite	true	2	chi32	-0.43100884198503575	0.0002104507376564091	0.0002104507376564091	0.9999843414256259	1.5658574374133316e-5	0.0019869575725852432	21.280086294237044	21.280189184418273
32	0.125	10	ZZ up-up r=1	true	2	chi32	-0.45337572518558755	-0.0016289218484741852	0.0016289218484741852	0.9999843414256259	1.5658574374133316e-5	0.0019869575725852432	23.991254411663505	23.99837693882843
32	0.125	10	SzSz r=1	false	0	chi32	-0.09305187913088293	-0.0001246439881359418	0.0001246439881359418	0.9999843414256259	1.5658574374133316e-5	0.0019869575725852432	NaN	NaN
32	0.125	10	hop up r=1	false	0	chi32	0.5404844889953633	0.0010262452477421968	0.0010262452477421968	0.9999843414256259	1.5658574374133316e-5	0.0019869575725852432	NaN	NaN
32	0.125	10	n	false	0	UHF	0.8680923457054198	-0.08689380879689224	0.08689380879689224	0.6594649216005539	0.3405350783994461	0.5446533693033572	NaN	NaN
32	0.125	10	Sz	false	0	UHF	-1.7049851992051446e-7	0.3632074473127623	0.3632074473127623	0.6594649216005539	0.3405350783994461	0.5446533693033572	NaN	NaN
32	0.125	10	DoubleOcc	false	0	UHF	0.07629396235645025	-0.019785902830181806	0.019785902830181806	0.6594649216005539	0.3405350783994461	0.5446533693033572	NaN	NaN
32	0.125	10	ZZ onsite	true	2	UHF	-0.43100884198503575	0.09464400627306002	0.09464400627306002	0.6594649216005539	0.3405350783994461	0.5446533693033572	10.759086329662514	21.280189184418273
32	0.125	10	ZZ up-up r=1	true	2	UHF	-0.45337572518558755	0.09139120537070189	0.09139120537070189	0.6594649216005539	0.3405350783994461	0.5446533693033572	12.405327251117376	23.99837693882843
32	0.125	10	SzSz r=1	false	0	UHF	-0.09305187913088293	0.04875339530869381	0.04875339530869381	0.6594649216005539	0.3405350783994461	0.5446533693033572	NaN	NaN
32	0.125	10	hop up r=1	false	0	UHF	0.5404844889953633	0.15595109239662563	0.15595109239662563	0.6594649216005539	0.3405350783994461	0.5446533693033572	NaN	NaN
32	0.125	10	n	false	0	UHFsym	0.8680923457054198	-0.08689380879689212	0.08689380879689212	0.9420777275919757	0.05792227240802428	0.20194420781470207	NaN	NaN
32	0.125	10	Sz	false	0	UHFsym	-1.7049851992051446e-7	-1.7049851990663667e-7	1.7049851990663667e-7	0.9420777275919757	0.05792227240802428	0.20194420781470207	NaN	NaN
32	0.125	10	DoubleOcc	false	0	UHFsym	0.07629396235645025	-0.019785902830182195	0.019785902830182195	0.9420777275919757	0.05792227240802428	0.20194420781470207	NaN	NaN
32	0.125	10	ZZ onsite	true	2	UHFsym	-0.43100884198503575	0.09464400627305836	0.09464400627305836	0.9420777275919757	0.05792227240802428	0.20194420781470207	10.759086329662704	21.280189184418273
32	0.125	10	ZZ up-up r=1	true	2	UHFsym	-0.45337572518558755	-0.092394208328482	0.092394208328482	0.9420777275919757	0.05792227240802428	0.20194420781470207	12.274462479142969	23.99837693882843
32	0.125	10	SzSz r=1	false	0	UHFsym	-0.09305187913088293	-0.028680174404934214	0.028680174404934214	0.9420777275919757	0.05792227240802428	0.20194420781470207	NaN	NaN
32	0.125	10	hop up r=1	false	0	UHFsym	0.5404844889953633	0.08030184257026002	0.08030184257026002	0.9420777275919757	0.05792227240802428	0.20194420781470207	NaN	NaN
32	0.125	11	n	false	0	chi2	0.8766220480669444	-0.12337795193305623	0.12337795193305623	0.15857639171281043	0.8414236082871895	0.8603107763006775	NaN	NaN
32	0.125	11	Sz	false	0	chi2	-3.337042361883924e-8	-2.9717022865467064e-7	2.9717022865467064e-7	0.15857639171281043	0.8414236082871895	0.8603107763006775	NaN	NaN
32	0.125	11	DoubleOcc	false	0	chi2	0.08022650580706307	0.08022650580706307	0.08022650580706307	0.15857639171281043	0.8414236082871895	0.8603107763006775	NaN	NaN
32	0.125	11	ZZ onsite	true	2	chi2	-0.4323380729056329	0.5676619270943677	0.5676619270943677	0.15857639171281043	0.8414236082871895	0.8603107763006775	0.5916443626289332	21.434270549066298
32	0.125	11	ZZ up-up r=1	true	2	chi2	-0.38949586903363426	-0.3894953414340242	0.3894953414340242	0.15857639171281043	0.8414236082871895	0.8603107763006775	1.000002548810361	16.896712597186433
32	0.125	11	SzSz r=1	false	0	chi2	-0.07913989002469099	-0.07913989002469099	0.07913989002469099	0.15857639171281043	0.8414236082871895	0.8603107763006775	NaN	NaN
32	0.125	11	hop up r=1	false	0	chi2	0.5093152166803852	0.5093152166803852	0.5093152166803852	0.15857639171281043	0.8414236082871895	0.8603107763006775	NaN	NaN
32	0.125	11	n	false	0	chi4	0.8766220480669444	-0.010834803943994276	0.010834803943994276	0.9087873498772686	0.09121265012273139	0.2572371362839996	NaN	NaN
32	0.125	11	Sz	false	0	chi4	-3.337042361883924e-8	0.0012894798599102641	0.0012894798599102641	0.9087873498772686	0.09121265012273139	0.2572371362839996	NaN	NaN
32	0.125	11	DoubleOcc	false	0	chi4	0.08022650580706307	-0.0313937301136933	0.0313937301136933	0.9087873498772686	0.09121265012273139	0.2572371362839996	NaN	NaN
32	0.125	11	ZZ onsite	true	2	chi4	-0.4323380729056329	-0.10390531256678232	0.10390531256678232	0.9087873498772686	0.09121265012273139	0.2572371362839996	9.830939243251372	21.434270549066298
32	0.125	11	ZZ up-up r=1	true	2	chi4	-0.38949586903363426	-0.2352230349752868	0.2352230349752868	0.9087873498772686	0.09121265012273139	0.2572371362839996	2.485624222332721	16.896712597186433
32	0.125	11	SzSz r=1	false	0	chi4	-0.07913989002469099	-0.05672583372163832	0.05672583372163832	0.9087873498772686	0.09121265012273139	0.2572371362839996	NaN	NaN
32	0.125	11	hop up r=1	false	0	chi4	0.5093152166803852	0.11418563312188929	0.11418563312188929	0.9087873498772686	0.09121265012273139	0.2572371362839996	NaN	NaN
32	0.125	11	n	false	0	chi8	0.8766220480669444	-0.009368401081605193	0.009368401081605193	0.9848047023620291	0.015195297637970895	0.09930711183797797	NaN	NaN
32	0.125	11	Sz	false	0	chi8	-3.337042361883924e-8	0.0013040699463743935	0.0013040699463743935	0.9848047023620291	0.015195297637970895	0.09930711183797797	NaN	NaN
32	0.125	11	DoubleOcc	false	0	chi8	0.08022650580706307	0.003594771514187592	0.003594771514187592	0.9848047023620291	0.015195297637970895	0.09930711183797797	NaN	NaN
32	0.125	11	ZZ onsite	true	2	chi8	-0.4323380729056329	0.0331158882199612	0.0331158882199612	0.9848047023620291	0.015195297637970895	0.09930711183797797	19.13961176788581	21.434270549066298
32	0.125	11	ZZ up-up r=1	true	2	chi8	-0.38949586903363426	-0.0841667728366775	0.0841667728366775	0.9848047023620291	0.015195297637970895	0.09930711183797797	9.697901946519938	16.896712597186433
32	0.125	11	SzSz r=1	false	0	chi8	-0.07913989002469099	-0.009012321240923549	0.009012321240923549	0.9848047023620291	0.015195297637970895	0.09930711183797797	NaN	NaN
32	0.125	11	hop up r=1	false	0	chi8	0.5093152166803852	0.08209236358683214	0.08209236358683214	0.9848047023620291	0.015195297637970895	0.09930711183797797	NaN	NaN
32	0.125	11	n	false	0	chi16	0.8766220480669444	-0.0020381064436291174	0.0020381064436291174	0.9995501785609798	0.00044982143902017047	0.011500961329786544	NaN	NaN
32	0.125	11	Sz	false	0	chi16	-3.337042361883924e-8	-0.00020416025589645864	0.00020416025589645864	0.9995501785609798	0.00044982143902017047	0.011500961329786544	NaN	NaN
32	0.125	11	DoubleOcc	false	0	chi16	0.08022650580706307	-0.0004620128729673767	0.0004620128729673767	0.9995501785609798	0.00044982143902017047	0.011500961329786544	NaN	NaN
32	0.125	11	ZZ onsite	true	2	chi16	-0.4323380729056329	0.00222816139539328	0.00222816139539328	0.9995501785609798	0.00044982143902017047	0.011500961329786544	21.422643258623896	21.434270549066298
32	0.125	11	ZZ up-up r=1	true	2	chi16	-0.38949586903363426	-0.003628182571966232	0.003628182571966232	0.9995501785609798	0.00044982143902017047	0.011500961329786544	16.873437931334234	16.896712597186433
32	0.125	11	SzSz r=1	false	0	chi16	-0.07913989002469099	-0.0017249474570849577	0.0017249474570849577	0.9995501785609798	0.00044982143902017047	0.011500961329786544	NaN	NaN
32	0.125	11	hop up r=1	false	0	chi16	0.5093152166803852	0.007016732173700468	0.007016732173700468	0.9995501785609798	0.00044982143902017047	0.011500961329786544	NaN	NaN
32	0.125	11	n	false	0	chi32	0.8766220480669444	-6.334698550269913e-6	6.334698550269913e-6	0.9999777128281175	2.228717188246243e-5	0.003198402621696481	NaN	NaN
32	0.125	11	Sz	false	0	chi32	-3.337042361883924e-8	-1.37786704465237e-5	1.37786704465237e-5	0.9999777128281175	2.228717188246243e-5	0.003198402621696481	NaN	NaN
32	0.125	11	DoubleOcc	false	0	chi32	0.08022650580706307	-3.225941039911029e-5	3.225941039911029e-5	0.9999777128281175	2.228717188246243e-5	0.003198402621696481	NaN	NaN
32	0.125	11	ZZ onsite	true	2	chi32	-0.4323380729056329	-0.00011636824449023919	0.00011636824449023919	0.9999777128281175	2.228717188246243e-5	0.003198402621696481	21.434238817668408	21.434270549066298
32	0.125	11	ZZ up-up r=1	true	2	chi32	-0.38949586903363426	-0.0044270660021206165	0.0044270660021206165	0.9999777128281175	2.228717188246243e-5	0.003198402621696481	16.862083207914054	16.896712597186433
32	0.125	11	SzSz r=1	false	0	chi32	-0.07913989002469099	-0.0006201975381951164	0.0006201975381951164	0.9999777128281175	2.228717188246243e-5	0.003198402621696481	NaN	NaN
32	0.125	11	hop up r=1	false	0	chi32	0.5093152166803852	0.0021101388728886894	0.0021101388728886894	0.9999777128281175	2.228717188246243e-5	0.003198402621696481	NaN	NaN
32	0.125	11	n	false	0	UHF	0.8766220480669444	-0.00673071765020361	0.00673071765020361	0.6949887385953046	0.30501126140469537	0.5080346510219156	NaN	NaN
32	0.125	11	Sz	false	0	UHF	-3.337042361883924e-8	-0.31557412704311827	0.31557412704311827	0.6949887385953046	0.30501126140469537	0.5080346510219156	NaN	NaN
32	0.125	11	DoubleOcc	false	0	UHF	0.08022650580706307	-0.015264512770628	0.015264512770628	0.6949887385953046	0.30501126140469537	0.5080346510219156	NaN	NaN
32	0.125	11	ZZ onsite	true	2	UHF	-0.4323380729056329	-0.047596615782101004	0.047596615782101004	0.6949887385953046	0.30501126140469537	0.5080346510219156	17.179510217391723	21.434270549066298
32	0.125	11	ZZ up-up r=1	true	2	UHF	-0.38949586903363426	0.4177826674459392	0.4177826674459392	0.6949887385953046	0.30501126140469537	0.5080346510219156	0.8759527163665336	16.896712597186433
32	0.125	11	SzSz r=1	false	0	UHF	-0.07913989002469099	0.0101133528598671	0.0101133528598671	0.6949887385953046	0.30501126140469537	0.5080346510219156	NaN	NaN
32	0.125	11	hop up r=1	false	0	UHF	0.5093152166803852	-0.19623540736592204	0.19623540736592204	0.6949887385953046	0.30501126140469537	0.5080346510219156	NaN	NaN
32	0.125	11	n	false	0	UHFsym	0.8766220480669444	-0.0067307176502040544	0.0067307176502040544	0.9477346294342247	0.05226537056577529	0.20811382296568148	NaN	NaN
32	0.125	11	Sz	false	0	UHFsym	-3.337042361883924e-8	-3.337042363965592e-8	3.337042363965592e-8	0.9477346294342247	0.05226537056577529	0.20811382296568148	NaN	NaN
32	0.125	11	DoubleOcc	false	0	UHFsym	0.08022650580706307	-0.01526451277062793	0.01526451277062793	0.9477346294342247	0.05226537056577529	0.20811382296568148	NaN	NaN
32	0.125	11	ZZ onsite	true	2	UHFsym	-0.4323380729056329	-0.04759661578210017	0.04759661578210017	0.9477346294342247	0.05226537056577529	0.20811382296568148	17.17951021739184	21.434270549066298
32	0.125	11	ZZ up-up r=1	true	2	UHFsym	-0.38949586903363426	-0.08015579949878521	0.08015579949878521	0.9477346294342247	0.05226537056577529	0.20811382296568148	10.09818528886868	16.896712597186433
32	0.125	11	SzSz r=1	false	0	UHFsym	-0.07913989002469099	-0.03108096745855146	0.03108096745855146	0.9477346294342247	0.05226537056577529	0.20811382296568148	NaN	NaN
32	0.125	11	hop up r=1	false	0	UHFsym	0.5093152166803852	0.0005462543857081004	0.0005462543857081004	0.9477346294342247	0.05226537056577529	0.20811382296568148	NaN	NaN
32	0.125	12	n	false	0	chi2	0.8541294285285057	0.854129428527568	0.854129428527568	0.1570242825497472	0.8429757174502528	0.8623633427359978	NaN	NaN
32	0.125	12	Sz	false	0	chi2	-6.010278232049249e-8	-6.010231347330919e-8	6.010231347330919e-8	0.1570242825497472	0.8429757174502528	0.8623633427359978	NaN	NaN
32	0.125	12	DoubleOcc	false	0	chi2	0.0744117740515351	0.0744117740515351	0.0744117740515351	0.1570242825497472	0.8429757174502528	0.8623633427359978	NaN	NaN
32	0.125	12	ZZ onsite	true	2	chi2	-0.4106117608508678	-1.410611760848993	1.410611760848993	0.1570242825497472	0.8429757174502528	0.8623633427359978	0.08901417340448074	19.02607942868467
32	0.125	12	ZZ up-up r=1	true	2	chi2	-0.41261891111801724	-0.41263991886768664	0.41263991886768664	0.1570242825497472	0.8429757174502528	0.8623633427359978	0.9999034731690785	19.23898889247491
32	0.125	12	SzSz r=1	false	0	chi2	-0.08403601614392985	-0.08403601614392985	0.08403601614392985	0.1570242825497472	0.8429757174502528	0.8623633427359978	NaN	NaN
32	0.125	12	hop up r=1	false	0	chi2	0.5248780950183343	0.5248780950183343	0.5248780950183343	0.1570242825497472	0.8429757174502528	0.8623633427359978	NaN	NaN
32	0.125	12	n	false	0	chi4	0.8541294285285057	0.023298531305341652	0.023298531305341652	0.9470005821846273	0.05299941781537265	0.19047202958997636	NaN	NaN
32	0.125	12	Sz	false	0	chi4	-6.010278232049249e-8	0.0004015313245180757	0.0004015313245180757	0.9470005821846273	0.05299941781537265	0.19047202958997636	NaN	NaN
32	0.125	12	DoubleOcc	false	0	chi4	0.0744117740515351	-0.03341051714921278	0.03341051714921278	0.9470005821846273	0.05299941781537265	0.19047202958997636	NaN	NaN
32	0.125	12	ZZ onsite	true	2	chi4	-0.4106117608508678	-0.18023913120753346	0.18023913120753346	0.9470005821846273	0.05299941781537265	0.19047202958997636	4.253296312864575	19.02607942868467
32	0.125	12	ZZ up-up r=1	true	2	chi4	-0.41261891111801724	-0.09930470265938257	0.09930470265938257	0.9470005821846273	0.05299941781537265	0.19047202958997636	9.355512650289299	19.23898889247491
32	0.125	12	SzSz r=1	false	0	chi4	-0.08403601614392985	-0.02869848928117471	0.02869848928117471	0.9470005821846273	0.05299941781537265	0.19047202958997636	NaN	NaN
32	0.125	12	hop up r=1	false	0	chi4	0.5248780950183343	-0.007134727810053643	0.007134727810053643	0.9470005821846273	0.05299941781537265	0.19047202958997636	NaN	NaN
32	0.125	12	n	false	0	chi8	0.8541294285285057	0.020523147698751854	0.020523147698751854	0.9892562900880777	0.010743709911922306	0.07796188367916324	NaN	NaN
32	0.125	12	Sz	false	0	chi8	-6.010278232049249e-8	-0.0002138803495714131	0.0002138803495714131	0.9892562900880777	0.010743709911922306	0.07796188367916324	NaN	NaN
32	0.125	12	DoubleOcc	false	0	chi8	0.0744117740515351	0.013706897033723561	0.013706897033723561	0.9892562900880777	0.010743709911922306	0.07796188367916324	NaN	NaN
32	0.125	12	ZZ onsite	true	2	chi8	-0.4106117608508678	0.013781292737390649	0.013781292737390649	0.9892562900880777	0.010743709911922306	0.07796188367916324	18.647429908441932	19.02607942868467
32	0.125	12	ZZ up-up r=1	true	2	chi8	-0.41261891111801724	-0.03795375057800687	0.03795375057800687	0.9892562900880777	0.010743709911922306	0.07796188367916324	16.666998734351008	19.23898889247491
32	0.125	12	SzSz r=1	false	0	chi8	-0.08403601614392985	-0.003461498899366547	0.003461498899366547	0.9892562900880777	0.010743709911922306	0.07796188367916324	NaN	NaN
32	0.125	12	hop up r=1	false	0	chi8	0.5248780950183343	0.046973448244291116	0.046973448244291116	0.9892562900880777	0.010743709911922306	0.07796188367916324	NaN	NaN
32	0.125	12	n	false	0	chi16	0.8541294285285057	0.0008423894460249937	0.0008423894460249937	0.999685534327606	0.00031446567239401535	0.010456297030000925	NaN	NaN
32	0.125	12	Sz	false	0	chi16	-6.010278232049249e-8	-0.0004885762973716873	0.0004885762973716873	0.999685534327606	0.00031446567239401535	0.010456297030000925	NaN	NaN
32	0.125	12	DoubleOcc	false	0	chi16	0.0744117740515351	1.765145706313087e-5	1.765145706313087e-5	0.999685534327606	0.00031446567239401535	0.010456297030000925	NaN	NaN
32	0.125	12	ZZ onsite	true	2	chi16	-0.4106117608508678	-0.0016141730637938	0.0016141730637938	0.999685534327606	0.00031446567239401535	0.010456297030000925	19.020780756606275	19.02607942868467
32	0.125	12	ZZ up-up r=1	true	2	chi16	-0.41261891111801724	-0.003515247586224568	0.003515247586224568	0.999685534327606	0.00031446567239401535	0.010456297030000925	19.213554459818138	19.23898889247491
32	0.125	12	SzSz r=1	false	0	chi16	-0.08403601614392985	-0.0013798425249063745	0.0013798425249063745	0.999685534327606	0.00031446567239401535	0.010456297030000925	NaN	NaN
32	0.125	12	hop up r=1	false	0	chi16	0.5248780950183343	0.005457162727099174	0.005457162727099174	0.999685534327606	0.00031446567239401535	0.010456297030000925	NaN	NaN
32	0.125	12	n	false	0	chi32	0.8541294285285057	0.0004435927962791464	0.0004435927962791464	0.9999834399702887	1.6560029711287783e-5	0.002875754324898712	NaN	NaN
32	0.125	12	Sz	false	0	chi32	-6.010278232049249e-8	2.3940205923195235e-5	2.3940205923195235e-5	0.9999834399702887	1.6560029711287783e-5	0.002875754324898712	NaN	NaN
32	0.125	12	DoubleOcc	false	0	chi32	0.0744117740515351	0.0003694703017422807	0.0003694703017422807	0.9999834399702887	1.6560029711287783e-5	0.002875754324898712	NaN	NaN
32	0.125	12	ZZ onsite	true	2	chi32	-0.4106117608508678	0.000590695614416048	0.000590695614416048	0.9999834399702887	1.6560029711287783e-5	0.002875754324898712	19.02536968896767	19.02607942868467
32	0.125	12	ZZ up-up r=1	true	2	chi32	-0.41261891111801724	-0.0033578588727671277	0.0033578588727671277	0.9999834399702887	1.6560029711287783e-5	0.002875754324898712	19.215778346274888	19.23898889247491
32	0.125	12	SzSz r=1	false	0	chi32	-0.08403601614392985	-0.0004947773986869186	0.0004947773986869186	0.9999834399702887	1.6560029711287783e-5	0.002875754324898712	NaN	NaN
32	0.125	12	hop up r=1	false	0	chi32	0.5248780950183343	0.0019068024676530682	0.0019068024676530682	0.9999834399702887	1.6560029711287783e-5	0.002875754324898712	NaN	NaN
32	0.125	12	n	false	0	UHF	0.8541294285285057	0.125718040316394	0.125718040316394	0.7045940238814282	0.2954059761185718	0.5083283083347603	NaN	NaN
32	0.125	12	Sz	false	0	UHF	-6.010278232049249e-8	0.1649600364444127	0.1649600364444127	0.7045940238814282	0.2954059761185718	0.5083283083347603	NaN	NaN
32	0.125	12	DoubleOcc	false	0	UHF	0.0744117740515351	-0.031022180114878964	0.031022180114878964	0.7045940238814282	0.2954059761185718	0.5083283083347603	NaN	NaN
32	0.125	12	ZZ onsite	true	2	UHF	-0.4106117608508678	-0.3755248010923004	0.3755248010923004	0.7045940238814282	0.2954059761185718	0.5083283083347603	1.1834325733689623	19.02607942868467
32	0.125	12	ZZ up-up r=1	true	2	UHF	-0.41261891111801724	-0.6441209407094319	0.6441209407094319	0.7045940238814282	0.2954059761185718	0.5083283083347603	0.4233329037603141	19.23898889247491
32	0.125	12	SzSz r=1	false	0	UHF	-0.08403601614392985	-0.04462926137266164	0.04462926137266164	0.7045940238814282	0.2954059761185718	0.5083283083347603	NaN	NaN
32	0.125	12	hop up r=1	false	0	UHF	0.5248780950183343	0.26843032255786753	0.26843032255786753	0.7045940238814282	0.2954059761185718	0.5083283083347603	NaN	NaN
32	0.125	12	n	false	0	UHFsym	0.8541294285285057	0.12571804031639355	0.12571804031639355	0.8594254405412362	0.14057455945876385	0.3628091387363437	NaN	NaN
32	0.125	12	Sz	false	0	UHFsym	-6.010278232049249e-8	-6.010278229273691e-8	6.010278229273691e-8	0.8594254405412362	0.14057455945876385	0.3628091387363437	NaN	NaN
32	0.125	12	DoubleOcc	false	0	UHFsym	0.0744117740515351	-0.031022180114879075	0.031022180114879075	0.8594254405412362	0.14057455945876385	0.3628091387363437	NaN	NaN
32	0.125	12	ZZ onsite	true	2	UHFsym	-0.4106117608508678	-0.37552480109230035	0.37552480109230035	0.8594254405412362	0.14057455945876385	0.3628091387363437	1.1834325733689628	19.02607942868467
32	0.125	12	ZZ up-up r=1	true	2	UHFsym	-0.41261891111801724	-0.15074341290833226	0.15074341290833226	0.8594254405412362	0.14057455945876385	0.3628091387363437	5.601965195059894	19.23898889247491
32	0.125	12	SzSz r=1	false	0	UHFsym	-0.08403601614392985	-0.05173849729883495	0.05173849729883495	0.8594254405412362	0.14057455945876385	0.3628091387363437	NaN	NaN
32	0.125	12	hop up r=1	false	0	UHFsym	0.5248780950183343	-0.05181370957668008	0.05181370957668008	0.8594254405412362	0.14057455945876385	0.3628091387363437	NaN	NaN
32	0.125	13	n	false	0	chi2	0.8733233974382981	-0.12667660256076463	0.12667660256076463	0.3919468491927476	0.6080531508072524	0.6536509478745592	NaN	NaN
32	0.125	13	Sz	false	0	chi2	-1.0874581421460583e-7	1.0395128551631658e-5	1.0395128551631658e-5	0.3919468491927476	0.6080531508072524	0.6536509478745592	NaN	NaN
32	0.125	13	DoubleOcc	false	0	chi2	0.08029600204309877	0.08029600204309877	0.08029600204309877	0.3919468491927476	0.6080531508072524	0.6536509478745592	NaN	NaN
32	0.125	13	ZZ onsite	true	2	chi2	-0.4254627867041976	0.5745372132939275	0.5745372132939275	0.3919468491927476	0.6080531508072524	0.6536509478745592	0.5606497239363168	20.647015625767814
32	0.125	13	ZZ up-up r=1	true	2	chi2	-0.423951578962727	0.5760484210336909	0.5760484210336909	0.3919468491927476	0.6080531508072524	0.6536509478745592	0.554046365032246	20.477166627733308
32	0.125	13	SzSz r=1	false	0	chi2	-0.0865027922687717	0.16349720773044255	0.16349720773044255	0.3919468491927476	0.6080531508072524	0.6536509478745592	NaN	NaN
32	0.125	13	hop up r=1	false	0	chi2	0.5300309347749343	0.5300309347749343	0.5300309347749343	0.3919468491927476	0.6080531508072524	0.6536509478745592	NaN	NaN
32	0.125	13	n	false	0	chi4	0.8733233974382981	-0.00052248614543704	0.00052248614543704	0.9502862942362004	0.04971370576379963	0.1740765247683398	NaN	NaN
32	0.125	13	Sz	false	0	chi4	-1.0874581421460583e-7	0.008557092254737723	0.008557092254737723	0.9502862942362004	0.04971370576379963	0.1740765247683398	NaN	NaN
32	0.125	13	DoubleOcc	false	0	chi4	0.08029600204309877	-0.047054851324345184	0.047054851324345184	0.9502862942362004	0.04971370576379963	0.1740765247683398	NaN	NaN
32	0.125	13	ZZ onsite	true	2	chi4	-0.4254627867041976	-0.18717443300650588	0.18717443300650588	0.9502862942362004	0.04971370576379963	0.1740765247683398	4.299243889404141	20.647015625767814
32	0.125	13	ZZ up-up r=1	true	2	chi4	-0.423951578962727	-0.00999092119363304	0.00999092119363304	0.9502862942362004	0.04971370576379963	0.1740765247683398	20.25803670484796	20.477166627733308
32	0.125	13	SzSz r=1	false	0	chi4	-0.0865027922687717	-0.015663057511913686	0.015663057511913686	0.9502862942362004	0.04971370576379963	0.1740765247683398	NaN	NaN
32	0.125	13	hop up r=1	false	0	chi4	0.5300309347749343	-0.0764295103753494	0.0764295103753494	0.9502862942362004	0.04971370576379963	0.1740765247683398	NaN	NaN
32	0.125	13	n	false	0	chi8	0.8733233974382981	0.01272568555192688	0.01272568555192688	0.9918372174758144	0.008162782524185563	0.0520900877024193	NaN	NaN
32	0.125	13	Sz	false	0	chi8	-1.0874581421460583e-7	0.0012970729779601398	0.0012970729779601398	0.9918372174758144	0.008162782524185563	0.0520900877024193	NaN	NaN
32	0.125	13	DoubleOcc	false	0	chi8	0.08029600204309877	0.013468287638511323	0.013468287638511323	0.9918372174758144	0.008162782524185563	0.0520900877024193	NaN	NaN
32	0.125	13	ZZ onsite	true	2	chi8	-0.4254627867041976	0.02842177945019153	0.02842177945019153	0.9918372174758144	0.008162782524185563	0.0520900877024193	18.982706153068268	20.647015625767814
32	0.125	13	ZZ up-up r=1	true	2	chi8	-0.423951578962727	-0.03187195320610109	0.03187195320610109	0.9918372174758144	0.008162782524185563	0.0520900877024193	18.446559102061546	20.477166627733308
32	0.125	13	SzSz r=1	false	0	chi8	-0.0865027922687717	-0.0019605048053199514	0.0019605048053199514	0.9918372174758144	0.008162782524185563	0.0520900877024193	NaN	NaN
32	0.125	13	hop up r=1	false	0	chi8	0.5300309347749343	0.05072868445717493	0.05072868445717493	0.9918372174758144	0.008162782524185563	0.0520900877024193	NaN	NaN
32	0.125	13	n	false	0	chi16	0.8733233974382981	-0.0008504084093328146	0.0008504084093328146	0.9994955987432949	0.0005044012567051448	0.01149013887103946	NaN	NaN
32	0.125	13	Sz	false	0	chi16	-1.0874581421460583e-7	-0.00016176727499435384	0.00016176727499435384	0.9994955987432949	0.0005044012567051448	0.01149013887103946	NaN	NaN
32	0.125	13	DoubleOcc	false	0	chi16	0.08029600204309877	0.0003493080826418582	0.0003493080826418582	0.9994955987432949	0.0005044012567051448	0.01149013887103946	NaN	NaN
32	0.125	13	ZZ onsite	true	2	chi16	-0.4254627867041976	0.0030980491492366147	0.0030980491492366147	0.9994955987432949	0.0005044012567051448	0.01149013887103946	20.625529646795552	20.647015625767814
32	0.125	13	ZZ up-up r=1	true	2	chi16	-0.423951578962727	-0.006182808932157002	0.006182808932157002	0.9994955987432949	0.0005044012567051448	0.01149013887103946	20.392689444920038	20.477166627733308
32	0.125	13	SzSz r=1	false	0	chi16	-0.0865027922687717	-0.001880919863751107	0.001880919863751107	0.9994955987432949	0.0005044012567051448	0.01149013887103946	NaN	NaN
32	0.125	13	hop up r=1	false	0	chi16	0.5300309347749343	0.007859686378926756	0.007859686378926756	0.9994955987432949	0.0005044012567051448	0.01149013887103946	NaN	NaN
32	0.125	13	n	false	0	chi32	0.8733233974382981	-0.00014181935014156988	0.00014181935014156988	0.9999798342684091	2.0165731590915392e-5	0.003224469436022369	NaN	NaN
32	0.125	13	Sz	false	0	chi32	-1.0874581421460583e-7	-1.2439606027841998e-5	1.2439606027841998e-5	0.9999798342684091	2.0165731590915392e-5	0.003224469436022369	NaN	NaN
32	0.125	13	DoubleOcc	false	0	chi32	0.08029600204309877	8.996180938819487e-5	8.996180938819487e-5	0.9999798342684091	2.0165731590915392e-5	0.003224469436022369	NaN	NaN
32	0.125	13	ZZ onsite	true	2	chi32	-0.4254627867041976	0.0006434859378414703	0.0006434859378414703	0.9999798342684091	2.0165731590915392e-5	0.003224469436022369	20.64608775109564	20.647015625767814
32	0.125	13	ZZ up-up r=1	true	2	chi32	-0.423951578962727	-0.0037517229658812212	0.0037517229658812212	0.9999798342684091	2.0165731590915392e-5	0.003224469436022369	20.445980408369685	20.477166627733308
32	0.125	13	SzSz r=1	false	0	chi32	-0.0865027922687717	-0.0004915081655015446	0.0004915081655015446	0.9999798342684091	2.0165731590915392e-5	0.003224469436022369	NaN	NaN
32	0.125	13	hop up r=1	false	0	chi32	0.5300309347749343	0.0021088407532897646	0.0021088407532897646	0.9999798342684091	2.0165731590915392e-5	0.003224469436022369	NaN	NaN
32	0.125	13	n	false	0	UHF	0.8733233974382981	0.18585276092799163	0.18585276092799163	0.7051515378106108	0.2948484621893892	0.5048148365100478	NaN	NaN
32	0.125	13	Sz	false	0	UHF	-1.0874581421460583e-7	0.09083673751567337	0.09083673751567337	0.7051515378106108	0.2948484621893892	0.5048148365100478	NaN	NaN
32	0.125	13	DoubleOcc	false	0	UHF	0.08029600204309877	-0.029606634334139584	0.029606634334139584	0.7051515378106108	0.2948484621893892	0.5048148365100478	NaN	NaN
32	0.125	13	ZZ onsite	true	2	UHF	-0.4254627867041976	-0.49013205919253805	0.49013205919253805	0.7051515378106108	0.2948484621893892	0.5048148365100478	0.7626277017902616	20.647015625767814
32	0.125	13	ZZ up-up r=1	true	2	UHF	-0.423951578962727	0.38647746421892365	0.38647746421892365	0.7051515378106108	0.2948484621893892	0.5048148365100478	1.191497398420705	20.477166627733308
32	0.125	13	SzSz r=1	false	0	UHF	-0.0865027922687717	-0.017540372735124835	0.017540372735124835	0.7051515378106108	0.2948484621893892	0.5048148365100478	NaN	NaN
32	0.125	13	hop up r=1	false	0	UHF	0.5300309347749343	-0.24959653717186836	0.24959653717186836	0.7051515378106108	0.2948484621893892	0.5048148365100478	NaN	NaN
32	0.125	13	n	false	0	UHFsym	0.8733233974382981	0.18585276092799163	0.18585276092799163	0.9157304034769647	0.08426959652303534	0.27545188488689265	NaN	NaN
32	0.125	13	Sz	false	0	UHFsym	-1.0874581421460583e-7	-1.0874581427011698e-7	1.0874581427011698e-7	0.9157304034769647	0.08426959652303534	0.27545188488689265	NaN	NaN
32	0.125	13	DoubleOcc	false	0	UHFsym	0.08029600204309877	-0.029606634334139556	0.029606634334139556	0.9157304034769647	0.08426959652303534	0.27545188488689265	NaN	NaN
32	0.125	13	ZZ onsite	true	2	UHFsym	-0.4254627867041976	-0.49013205919253794	0.49013205919253794	0.9157304034769647	0.08426959652303534	0.27545188488689265	0.762627701790262	20.647015625767814
32	0.125	13	ZZ up-up r=1	true	2	UHFsym	-0.423951578962727	-0.1330772460163397	0.1330772460163397	0.9157304034769647	0.08426959652303534	0.27545188488689265	7.014855701804341	20.477166627733308
32	0.125	13	SzSz r=1	false	0	UHFsym	-0.0865027922687717	-0.0447464764874502	0.0447464764874502	0.9157304034769647	0.08426959652303534	0.27545188488689265	NaN	NaN
32	0.125	13	hop up r=1	false	0	UHFsym	0.5300309347749343	-0.004409094190255369	0.004409094190255369	0.9157304034769647	0.08426959652303534	0.27545188488689265	NaN	NaN
32	0.125	14	n	false	0	chi2	0.8579221688129544	-0.14207783118754547	0.14207783118754547	0.42581200302872196	0.574187996971278	0.6603524995627221	NaN	NaN
32	0.125	14	Sz	false	0	chi2	-9.46287068148699e-9	-1.051333680177069e-5	1.051333680177069e-5	0.42581200302872196	0.574187996971278	0.6603524995627221	NaN	NaN
32	0.125	14	DoubleOcc	false	0	chi2	0.07501604862675679	0.07501604862625808	0.07501604862625808	0.42581200302872196	0.574187996971278	0.6603524995627221	NaN	NaN
32	0.125	14	ZZ onsite	true	2	chi2	-0.41578014311887823	0.5842198568801255	0.5842198568801255	0.42581200302872196	0.574187996971278	0.6603524995627221	0.5195919636798366	19.578165845724318
32	0.125	14	ZZ up-up r=1	true	2	chi2	-0.38496348877682596	-0.38496348858457213	0.38496348858457213	0.42581200302872196	0.574187996971278	0.6603524995627221	1.0000000009381524	16.46490790337628
32	0.125	14	SzSz r=1	false	0	chi2	-0.07831673406015399	-0.07831673401221521	0.07831673401221521	0.42581200302872196	0.574187996971278	0.6603524995627221	NaN	NaN
32	0.125	14	hop up r=1	false	0	chi2	0.5042411995621962	0.50424119956091	0.50424119956091	0.42581200302872196	0.574187996971278	0.6603524995627221	NaN	NaN
32	0.125	14	n	false	0	chi4	0.8579221688129544	0.010159899232214387	0.010159899232214387	0.8966084394495413	0.10339156055045873	0.27831408012985037	NaN	NaN
32	0.125	14	Sz	false	0	chi4	-9.46287068148699e-9	-0.013564495499483492	0.013564495499483492	0.8966084394495413	0.10339156055045873	0.27831408012985037	NaN	NaN
32	0.125	14	DoubleOcc	false	0	chi4	0.07501604862675679	-0.033722174953446676	0.033722174953446676	0.8966084394495413	0.10339156055045873	0.27831408012985037	NaN	NaN
32	0.125	14	ZZ onsite	true	2	chi4	-0.41578014311887823	-0.15520849827821503	0.15520849827821503	0.8966084394495413	0.10339156055045873	0.27831408012985037	5.455280561654743	19.578165845724318
32	0.125	14	ZZ up-up r=1	true	2	chi4	-0.38496348877682596	-0.2750978816475461	0.2750978816475461	0.8966084394495413	0.10339156055045873	0.27831408012985037	1.8505355061725979	16.46490790337628
32	0.125	14	SzSz r=1	false	0	chi4	-0.07831673406015399	-0.06290518120934915	0.06290518120934915	0.8966084394495413	0.10339156055045873	0.27831408012985037	NaN	NaN
32	0.125	14	hop up r=1	false	0	chi4	0.5042411995621962	0.1834621398440045	0.1834621398440045	0.8966084394495413	0.10339156055045873	0.27831408012985037	NaN	NaN
32	0.125	14	n	false	0	chi8	0.8579221688129544	0.014101178661277691	0.014101178661277691	0.9899929608855484	0.010007039114451555	0.08276353489516594	NaN	NaN
32	0.125	14	Sz	false	0	chi8	-9.46287068148699e-9	-0.004715914418127673	0.004715914418127673	0.9899929608855484	0.010007039114451555	0.08276353489516594	NaN	NaN
32	0.125	14	DoubleOcc	false	0	chi8	0.07501604862675679	0.010201579587544057	0.010201579587544057	0.9899929608855484	0.010007039114451555	0.08276353489516594	NaN	NaN
32	0.125	14	ZZ onsite	true	2	chi8	-0.41578014311887823	0.012603961027621402	0.012603961027621402	0.9899929608855484	0.010007039114451555	0.08276353489516594	19.249533981879534	19.578165845724318
32	0.125	14	ZZ up-up r=1	true	2	chi8	-0.38496348877682596	-0.050418788258145275	0.050418788258145275	0.9899929608855484	0.010007039114451555	0.08276353489516594	13.012929062744924	16.46490790337628
32	0.125	14	SzSz r=1	false	0	chi8	-0.07831673406015399	-0.00384642980883948	0.00384642980883948	0.9899929608855484	0.010007039114451555	0.08276353489516594	NaN	NaN
32	0.125	14	hop up r=1	false	0	chi8	0.5042411995621962	0.08096101156404523	0.08096101156404523	0.9899929608855484	0.010007039114451555	0.08276353489516594	NaN	NaN
32	0.125	14	n	false	0	chi16	0.8579221688129544	0.0012933314820734454	0.0012933314820734454	0.999485572795516	0.0005144272044840248	0.011944139091383489	NaN	NaN
32	0.125	14	Sz	false	0	chi16	-9.46287068148699e-9	0.0001562871189813575	0.0001562871189813575	0.999485572795516	0.0005144272044840248	0.011944139091383489	NaN	NaN
32	0.125	14	DoubleOcc	false	0	chi16	0.07501604862675679	0.0006021055373880702	0.0006021055373880702	0.999485572795516	0.0005144272044840248	0.011944139091383489	NaN	NaN
32	0.125	14	ZZ onsite	true	2	chi16	-0.41578014311887823	-0.0001782408145912795	0.0001782408145912795	0.999485572795516	0.0005144272044840248	0.011944139091383489	19.578099002070154	19.578165845724318
32	0.125	14	ZZ up-up r=1	true	2	chi16	-0.38496348877682596	-0.006677661170436167	0.006677661170436167	0.999485572795516	0.0005144272044840248	0.011944139091383489	16.388647320192714	16.46490790337628
32	0.125	14	SzSz r=1	false	0	chi16	-0.07831673406015399	-0.0012934021024125775	0.0012934021024125775	0.999485572795516	0.0005144272044840248	0.011944139091383489	NaN	NaN
32	0.125	14	hop up r=1	false	0	chi16	0.5042411995621962	0.008661724201012466	0.008661724201012466	0.999485572795516	0.0005144272044840248	0.011944139091383489	NaN	NaN
32	0.125	14	n	false	0	chi32	0.8579221688129544	0.0002097149115926067	0.0002097149115926067	0.9999687981154749	3.120188452510053e-5	0.0040167249735537525	NaN	NaN
32	0.125	14	Sz	false	0	chi32	-9.46287068148699e-9	-5.731638642691994e-5	5.731638642691994e-5	0.9999687981154749	3.120188452510053e-5	0.0040167249735537525	NaN	NaN
32	0.125	14	DoubleOcc	false	0	chi32	0.07501604862675679	0.00028395566313661746	0.00028395566313661746	0.9999687981154749	3.120188452510053e-5	0.0040167249735537525	NaN	NaN
32	0.125	14	ZZ onsite	true	2	chi32	-0.41578014311887823	0.0007163928293663635	0.0007163928293663635	0.9999687981154749	3.120188452510053e-5	0.0040167249735537525	19.577086089148395	19.578165845724318
32	0.125	14	ZZ up-up r=1	true	2	chi32	-0.38496348877682596	-0.00543359092138368	0.00543359092138368	0.9999687981154749	3.120188452510053e-5	0.0040167249735537525	16.414336446725503	16.46490790337628
32	0.125	14	SzSz r=1	false	0	chi32	-0.07831673406015399	-0.0008760911325311482	0.0008760911325311482	0.9999687981154749	3.120188452510053e-5	0.0040167249735537525	NaN	NaN
32	0.125	14	hop up r=1	false	0	chi32	0.5042411995621962	0.0026777020019805864	0.0026777020019805864	0.9999687981154749	3.120188452510053e-5	0.0040167249735537525	NaN	NaN
32	0.125	14	n	false	0	UHF	0.8579221688129544	0.014779249407247397	0.014779249407247397	0.6615783043614436	0.3384216956385564	0.5305503812508024	NaN	NaN
32	0.125	14	Sz	false	0	UHF	-9.46287068148699e-9	-0.28341519007158	0.28341519007158	0.6615783043614436	0.3384216956385564	0.5305503812508024	NaN	NaN
32	0.125	14	DoubleOcc	false	0	UHF	0.07501604862675679	-0.022382282409770624	0.022382282409770624	0.6615783043614436	0.3384216956385564	0.5305503812508024	NaN	NaN
32	0.125	14	ZZ onsite	true	2	UHF	-0.41578014311887823	-0.11908762845357362	0.11908762845357362	0.6615783043614436	0.3384216956385564	0.5305503812508024	7.756545751537428	19.578165845724318
32	0.125	14	ZZ up-up r=1	true	2	UHF	-0.38496348877682596	0.06311474871719985	0.06311474871719985	0.6615783043614436	0.3384216956385564	0.5305503812508024	11.630302912410341	16.46490790337628
32	0.125	14	SzSz r=1	false	0	UHF	-0.07831673406015399	0.05099560116052129	0.05099560116052129	0.6615783043614436	0.3384216956385564	0.5305503812508024	NaN	NaN
32	0.125	14	hop up r=1	false	0	UHF	0.5042411995621962	0.13910599716435834	0.13910599716435834	0.6615783043614436	0.3384216956385564	0.5305503812508024	NaN	NaN
32	0.125	14	n	false	0	UHFsym	0.8579221688129544	0.014779249407247175	0.014779249407247175	0.9635491399865275	0.03645086001347253	0.16918246656913227	NaN	NaN
32	0.125	14	Sz	false	0	UHFsym	-9.46287068148699e-9	-9.462870695364778e-9	9.462870695364778e-9	0.9635491399865275	0.03645086001347253	0.16918246656913227	NaN	NaN
32	0.125	14	DoubleOcc	false	0	UHFsym	0.07501604862675679	-0.022382282409770804	0.022382282409770804	0.9635491399865275	0.03645086001347253	0.16918246656913227	NaN	NaN
32	0.125	14	ZZ onsite	true	2	UHFsym	-0.41578014311887823	-0.11908762845357423	0.11908762845357423	0.9635491399865275	0.03645086001347253	0.16918246656913227	7.75654575153738	19.578165845724318
32	0.125	14	ZZ up-up r=1	true	2	UHFsym	-0.38496348877682596	-0.03585647004038095	0.03585647004038095	0.9635491399865275	0.03645086001347253	0.16918246656913227	14.517190694716623	16.46490790337628
32	0.125	14	SzSz r=1	false	0	UHFsym	-0.07831673406015399	-0.01774446736055072	0.01774446736055072	0.9635491399865275	0.03645086001347253	0.16918246656913227	NaN	NaN
32	0.125	14	hop up r=1	false	0	UHFsym	0.5042411995621962	0.033652504414749485	0.033652504414749485	0.9635491399865275	0.03645086001347253	0.16918246656913227	NaN	NaN
32	0.125	15	n	false	0	chi2	0.8760953659612695	-0.1239046340382336	0.1239046340382336	0.4164625661504849	0.5835374338495152	0.6347337086421556	NaN	NaN
32	0.125	15	Sz	false	0	chi2	-5.202077883736944e-8	4.511892883492956e-6	4.511892883492956e-6	0.4164625661504849	0.5835374338495152	0.6347337086421556	NaN	NaN
32	0.125	15	DoubleOcc	false	0	chi2	0.07938166399517813	0.07938166399517813	0.07938166399517813	0.4164625661504849	0.5835374338495152	0.6347337086421556	NaN	NaN
32	0.125	15	ZZ onsite	true	2	chi2	-0.4346640759418223	0.565335924057182	0.565335924057182	0.4164625661504849	0.5835374338495152	0.6347337086421556	0.6024939579466888	21.706093309388812
32	0.125	15	ZZ up-up r=1	true	2	chi2	-0.4545568751310635	0.5454431248655869	0.5454431248655869	0.4164625661504849	0.5835374338495152	0.6347337086421556	0.7034064853034879	24.1496143122429
32	0.125	15	SzSz r=1	false	0	chi2	-0.09338842859647228	0.15661157140266174	0.15661157140266174	0.4164625661504849	0.5835374338495152	0.6347337086421556	NaN	NaN
32	0.125	15	hop up r=1	false	0	chi2	0.5395297312450618	0.5395297312450618	0.5395297312450618	0.4164625661504849	0.5835374338495152	0.6347337086421556	NaN	NaN
32	0.125	15	n	false	0	chi4	0.8760953659612695	-0.02676338801493594	0.02676338801493594	0.890098652422011	0.10990134757798897	0.21908305644098697	NaN	NaN
32	0.125	15	Sz	false	0	chi4	-5.202077883736944e-8	0.03018629376300111	0.03018629376300111	0.890098652422011	0.10990134757798897	0.21908305644098697	NaN	NaN
32	0.125	15	DoubleOcc	false	0	chi4	0.07938166399517813	-0.02503527133040205	0.02503527133040205	0.890098652422011	0.10990134757798897	0.21908305644098697	NaN	NaN
32	0.125	15	ZZ onsite	true	2	chi4	-0.4346640759418223	-0.04661430929173488	0.04661430929173488	0.890098652422011	0.10990134757798897	0.21908305644098697	17.531235402683677	21.706093309388812
32	0.125	15	ZZ up-up r=1	true	2	chi4	-0.4545568751310635	0.18642131113618016	0.18642131113618016	0.890098652422011	0.10990134757798897	0.21908305644098697	4.93487432946573	24.1496143122429
32	0.125	15	SzSz r=1	false	0	chi4	-0.09338842859647228	0.041635052102096615	0.041635052102096615	0.890098652422011	0.10990134757798897	0.21908305644098697	NaN	NaN
32	0.125	15	hop up r=1	false	0	chi4	0.5395297312450618	-0.12933273110017063	0.12933273110017063	0.890098652422011	0.10990134757798897	0.21908305644098697	NaN	NaN
32	0.125	15	n	false	0	chi8	0.8760953659612695	-0.0063793536831472375	0.0063793536831472375	0.9966205954499645	0.003379404550035492	0.05061169944870765	NaN	NaN
32	0.125	15	Sz	false	0	chi8	-5.202077883736944e-8	0.0019071799045647375	0.0019071799045647375	0.9966205954499645	0.003379404550035492	0.05061169944870765	NaN	NaN
32	0.125	15	DoubleOcc	false	0	chi8	0.07938166399517813	0.00912510916789551	0.00912510916789551	0.9966205954499645	0.003379404550035492	0.05061169944870765	NaN	NaN
32	0.125	15	ZZ onsite	true	2	chi8	-0.4346640759418223	0.04925914403787729	0.04925914403787729	0.9966205954499645	0.003379404550035492	0.05061169944870765	17.146385810869248	21.706093309388812
32	0.125	15	ZZ up-up r=1	true	2	chi8	-0.4545568751310635	0.006183826583871566	0.006183826583871566	0.9966205954499645	0.003379404550035492	0.05061169944870765	24.046591021209792	24.1496143122429
32	0.125	15	SzSz r=1	false	0	chi8	-0.09338842859647228	-0.0004027942970412368	0.0004027942970412368	0.9966205954499645	0.003379404550035492	0.05061169944870765	NaN	NaN
32	0.125	15	hop up r=1	false	0	chi8	0.5395297312450618	0.03546849297326915	0.03546849297326915	0.9966205954499645	0.003379404550035492	0.05061169944870765	NaN	NaN
32	0.125	15	n	false	0	chi16	0.8760953659612695	0.0033273362139384366	0.0033273362139384366	0.9979045237025187	0.0020954762974813024	0.024500964616673324	NaN	NaN
32	0.125	15	Sz	false	0	chi16	-5.202077883736944e-8	-2.399887719559124e-5	2.399887719559124e-5	0.9979045237025187	0.0020954762974813024	0.024500964616673324	NaN	NaN
32	0.125	15	DoubleOcc	false	0	chi16	0.07938166399517813	0.0030616785488052772	0.0030616785488052772	0.9979045237025187	0.0020954762974813024	0.024500964616673324	NaN	NaN
32	0.125	15	ZZ onsite	true	2	chi16	-0.4346640759418223	0.005592041767349232	0.005592041767349232	0.9979045237025187	0.0020954762974813024	0.024500964616673324	21.6319576239988	21.706093309388812
32	0.125	15	ZZ up-up r=1	true	2	chi16	-0.4545568751310635	-0.008230927736164295	0.008230927736164295	0.9979045237025187	0.0020954762974813024	0.024500964616673324	23.967689869941243	24.1496143122429
32	0.125	15	SzSz r=1	false	0	chi16	-0.09338842859647228	-0.0012488881918999578	0.0012488881918999578	0.9979045237025187	0.0020954762974813024	0.024500964616673324	NaN	NaN
32	0.125	15	hop up r=1	false	0	chi16	0.5395297312450618	0.027034192803050416	0.027034192803050416	0.9979045237025187	0.0020954762974813024	0.024500964616673324	NaN	NaN
32	0.125	15	n	false	0	chi32	0.8760953659612695	-0.00016222641032381802	0.00016222641032381802	0.9999775675113818	2.2432488618218116e-5	0.0026365535015165542	NaN	NaN
32	0.125	15	Sz	false	0	chi32	-5.202077883736944e-8	3.320197918606216e-5	3.320197918606216e-5	0.9999775675113818	2.2432488618218116e-5	0.0026365535015165542	NaN	NaN
32	0.125	15	DoubleOcc	false	0	chi32	0.07938166399517813	-6.963662354152189e-5	6.963662354152189e-5	0.9999775675113818	2.2432488618218116e-5	0.0026365535015165542	NaN	NaN
32	0.125	15	ZZ onsite	true	2	chi32	-0.4346640759418223	4.5906326487765714e-5	4.5906326487765714e-5	0.9999775675113818	2.2432488618218116e-5	0.0026365535015165542	21.70608829616241	21.706093309388812
32	0.125	15	ZZ up-up r=1	true	2	chi32	-0.4545568751310635	-0.0021483609940268766	0.0021483609940268766	0.9999775675113818	2.2432488618218116e-5	0.0026365535015165542	24.137132791718777	24.1496143122429
32	0.125	15	SzSz r=1	false	0	chi32	-0.09338842859647228	-0.000183012866532134	0.000183012866532134	0.9999775675113818	2.2432488618218116e-5	0.0026365535015165542	NaN	NaN
32	0.125	15	hop up r=1	false	0	chi32	0.5395297312450618	0.001201231024538174	0.001201231024538174	0.9999775675113818	2.2432488618218116e-5	0.0026365535015165542	NaN	NaN
32	0.125	15	n	false	0	UHF	0.8760953659612695	-0.06353676544825382	0.06353676544825382	0.6291046484931799	0.37089535150682007	0.5715670413830977	NaN	NaN
32	0.125	15	Sz	false	0	UHF	-5.202077883736944e-8	0.353688007714319	0.353688007714319	0.6291046484931799	0.37089535150682007	0.5715670413830977	NaN	NaN
32	0.125	15	DoubleOcc	false	0	UHF	0.07938166399517813	-0.01625022799994466	0.01625022799994466	0.6291046484931799	0.37089535150682007	0.5715670413830977	NaN	NaN
32	0.125	15	ZZ onsite	true	2	UHF	-0.4346640759418223	0.06207261889673332	0.06207261889673332	0.6291046484931799	0.37089535150682007	0.5715670413830977	15.261578110316767	21.706093309388812
32	0.125	15	ZZ up-up r=1	true	2	UHF	-0.4545568751310635	0.3343355923049007	0.3343355923049007	0.6291046484931799	0.37089535150682007	0.5715670413830977	1.78572588286664	24.1496143122429
32	0.125	15	SzSz r=1	false	0	UHF	-0.09338842859647228	0.06434938214503808	0.06434938214503808	0.6291046484931799	0.37089535150682007	0.5715670413830977	NaN	NaN
32	0.125	15	hop up r=1	false	0	UHF	0.5395297312450618	0.058402861007143425	0.058402861007143425	0.6291046484931799	0.37089535150682007	0.5715670413830977	NaN	NaN
32	0.125	15	n	false	0	UHFsym	0.8760953659612695	-0.06353676544825371	0.06353676544825371	0.9241756288968594	0.07582437110314055	0.21282044001078465	NaN	NaN
32	0.125	15	Sz	false	0	UHFsym	-5.202077883736944e-8	-5.202077885124723e-8	5.202077885124723e-8	0.9241756288968594	0.07582437110314055	0.21282044001078465	NaN	NaN
32	0.125	15	DoubleOcc	false	0	UHFsym	0.07938166399517813	-0.01625022799994437	0.01625022799994437	0.9241756288968594	0.07582437110314055	0.21282044001078465	NaN	NaN
32	0.125	15	ZZ onsite	true	2	UHFsym	-0.4346640759418223	0.062072618896734266	0.062072618896734266	0.9241756288968594	0.07582437110314055	0.21282044001078465	15.26157811031663	21.706093309388812
32	0.125	15	ZZ up-up r=1	true	2	UHFsym	-0.4545568751310635	-0.07925766153986957	0.07925766153986957	0.9241756288968594	0.07582437110314055	0.21282044001078465	14.173965136855857	24.1496143122429
32	0.125	15	SzSz r=1	false	0	UHFsym	-0.09338842859647228	-0.02432934046730098	0.02432934046730098	0.9241756288968594	0.07582437110314055	0.21282044001078465	NaN	NaN
32	0.125	15	hop up r=1	false	0	UHFsym	0.5395297312450618	0.09249191025328063	0.09249191025328063	0.9241756288968594	0.07582437110314055	0.21282044001078465	NaN	NaN
32	0.125	16	n	false	0	chi2	0.8717890003370856	-0.12821099966352856	0.12821099966352856	0.4383003833331448	0.5616996166668552	0.6499043333244519	NaN	NaN
32	0.125	16	Sz	false	0	chi2	4.431143425798201e-8	-4.5196019875654025e-6	4.5196019875654025e-6	0.4383003833331448	0.5616996166668552	0.6499043333244519	NaN	NaN
32	0.125	16	DoubleOcc	false	0	chi2	0.07735923575205927	0.07735923575144621	0.07735923575144621	0.4383003833331448	0.5616996166668552	0.6499043333244519	NaN	NaN
32	0.125	16	ZZ onsite	true	2	chi2	-0.43414105766593103	0.565858942332844	0.565858942332844	0.4383003833331448	0.5616996166668552	0.6499043333244519	0.6000379542496038	21.6447270204148
32	0.125	16	ZZ up-up r=1	true	2	chi2	-0.37701031500468307	-0.37701031494454845	0.37701031494454845	0.4383003833331448	0.5616996166668552	0.6499043333244519	1.0000000002987246	15.727732700592604
32	0.125	16	SzSz r=1	false	0	chi2	-0.07683502762973418	-0.07683502761485381	0.07683502761485381	0.4383003833331448	0.5616996166668552	0.6499043333244519	NaN	NaN
32	0.125	16	hop up r=1	false	0	chi2	0.4941279805805366	0.4941279805788532	0.4941279805788532	0.4383003833331448	0.5616996166668552	0.6499043333244519	NaN	NaN
32	0.125	16	n	false	0	chi4	0.8717890003370856	-0.011649748415731853	0.011649748415731853	0.8363300004028091	0.16366999959719086	0.35566031341020987	NaN	NaN
32	0.125	16	Sz	false	0	chi4	4.431143425798201e-8	-0.012022360462224223	0.012022360462224223	0.8363300004028091	0.16366999959719086	0.35566031341020987	NaN	NaN
32	0.125	16	DoubleOcc	false	0	chi4	0.07735923575205927	-0.0002852783172234419	0.0002852783172234419	0.8363300004028091	0.16366999959719086	0.35566031341020987	NaN	NaN
32	0.125	16	ZZ onsite	true	2	chi4	-0.43414105766593103	0.022158383562570938	0.022158383562570938	0.8363300004028091	0.16366999959719086	0.35566031341020987	20.540074734209252	21.6447270204148
32	0.125	16	ZZ up-up r=1	true	2	chi4	-0.37701031500468307	-0.3055729967004657	0.3055729967004657	0.8363300004028091	0.16366999959719086	0.35566031341020987	1.4732980767369748	15.727732700592604
32	0.125	16	SzSz r=1	false	0	chi4	-0.07683502762973418	-0.0755898020195786	0.0755898020195786	0.8363300004028091	0.16366999959719086	0.35566031341020987	NaN	NaN
32	0.125	16	hop up r=1	false	0	chi4	0.4941279805805366	0.2297195341078188	0.2297195341078188	0.8363300004028091	0.16366999959719086	0.35566031341020987	NaN	NaN
32	0.125	16	n	false	0	chi8	0.8717890003370856	-0.014269082915053799	0.014269082915053799	0.9914636712823442	0.00853632871765575	0.07590011562921009	NaN	NaN
32	0.125	16	Sz	false	0	chi8	4.431143425798201e-8	-0.000437281349678742	0.000437281349678742	0.9914636712823442	0.00853632871765575	0.07590011562921009	NaN	NaN
32	0.125	16	DoubleOcc	false	0	chi8	0.07735923575205927	0.005630000969793089	0.005630000969793089	0.9914636712823442	0.00853632871765575	0.07590011562921009	NaN	NaN
32	0.125	16	ZZ onsite	true	2	chi8	-0.43414105766593103	0.051058169709278844	0.051058169709278844	0.9914636712823442	0.00853632871765575	0.07590011562921009	16.83697570772009	21.6447270204148
32	0.125	16	ZZ up-up r=1	true	2	chi8	-0.37701031500468307	-0.05307356706715505	0.05307356706715505	0.9914636712823442	0.00853632871765575	0.07590011562921009	12.174414711474421	15.727732700592604
32	0.125	16	SzSz r=1	false	0	chi8	-0.07683502762973418	-0.004501516230439248	0.004501516230439248	0.9914636712823442	0.00853632871765575	0.07590011562921009	NaN	NaN
32	0.125	16	hop up r=1	false	0	chi8	0.4941279805805366	0.06172202354176354	0.06172202354176354	0.9914636712823442	0.00853632871765575	0.07590011562921009	NaN	NaN
32	0.125	16	n	false	0	chi16	0.8717890003370856	-0.003728826902384741	0.003728826902384741	0.9993034211846172	0.0006965788153827646	0.012579747914664735	NaN	NaN
32	0.125	16	Sz	false	0	chi16	4.431143425798201e-8	5.418866495961183e-5	5.418866495961183e-5	0.9993034211846172	0.0006965788153827646	0.012579747914664735	NaN	NaN
32	0.125	16	DoubleOcc	false	0	chi16	0.07735923575205927	8.204186651505907e-5	8.204186651505907e-5	0.9993034211846172	0.0006965788153827646	0.012579747914664735	NaN	NaN
32	0.125	16	ZZ onsite	true	2	chi16	-0.43414105766593103	0.007785821270834603	0.007785821270834603	0.9993034211846172	0.0006965788153827646	0.012579747914664735	21.50195789739066	21.6447270204148
32	0.125	16	ZZ up-up r=1	true	2	chi16	-0.37701031500468307	-0.002184943192230282	0.002184943192230282	0.9993034211846172	0.0006965788153827646	0.012579747914664735	15.719956614306344	15.727732700592604
32	0.125	16	SzSz r=1	false	0	chi16	-0.07683502762973418	-0.001550550440534773	0.001550550440534773	0.9993034211846172	0.0006965788153827646	0.012579747914664735	NaN	NaN
32	0.125	16	hop up r=1	false	0	chi16	0.4941279805805366	0.008669394541468312	0.008669394541468312	0.9993034211846172	0.0006965788153827646	0.012579747914664735	NaN	NaN
32	0.125	16	n	false	0	chi32	0.8717890003370856	-0.00011231601587602391	0.00011231601587602391	0.9999786171751187	2.138282488128862e-5	0.003531362825154133	NaN	NaN
32	0.125	16	Sz	false	0	chi32	4.431143425798201e-8	-3.014323697310417e-5	3.014323697310417e-5	0.9999786171751187	2.138282488128862e-5	0.003531362825154133	NaN	NaN
32	0.125	16	DoubleOcc	false	0	chi32	0.07735923575205927	0.00016518438437505834	0.00016518438437505834	0.9999786171751187	2.138282488128862e-5	0.003531362825154133	NaN	NaN
32	0.125	16	ZZ onsite	true	2	chi32	-0.43414105766593103	0.0008853695692578323	0.0008853695692578323	0.9999786171751187	2.138282488128862e-5	0.003531362825154133	21.642868739219495	21.6447270204148
32	0.125	16	ZZ up-up r=1	true	2	chi32	-0.37701031500468307	-0.0037677792094223395	0.0037677792094223395	0.9999786171751187	2.138282488128862e-5	0.003531362825154133	15.704631844287087	15.727732700592604
32	0.125	16	SzSz r=1	false	0	chi32	-0.07683502762973418	-0.0008268540969672972	0.0008268540969672972	0.9999786171751187	2.138282488128862e-5	0.003531362825154133	NaN	NaN
32	0.125	16	hop up r=1	false	0	chi32	0.4941279805805366	0.0028407149126705167	0.0028407149126705167	0.9999786171751187	2.138282488128862e-5	0.003531362825154133	NaN	NaN
32	0.125	16	n	false	0	UHF	0.8717890003370856	-0.10436425309232256	0.10436425309232256	0.5881363134048265	0.4118636865951735	0.5915708982191411	NaN	NaN
32	0.125	16	Sz	false	0	UHF	4.431143425798201e-8	-0.3749410867416889	0.3749410867416889	0.5881363134048265	0.4118636865951735	0.5915708982191411	NaN	NaN
32	0.125	16	DoubleOcc	false	0	UHF	0.07735923575205927	-0.02027870603775009	0.02027870603775009	0.5881363134048265	0.4118636865951735	0.5915708982191411	NaN	NaN
32	0.125	16	ZZ onsite	true	2	UHF	-0.43414105766593103	0.12761368203364798	0.12761368203364798	0.5881363134048265	0.4118636865951735	0.5915708982191411	7.775293817970262	21.6447270204148
32	0.125	16	ZZ up-up r=1	true	2	UHF	-0.37701031500468307	0.3808413260249015	0.3808413260249015	0.5881363134048265	0.4118636865951735	0.5915708982191411	0.9812313803264866	15.727732700592604
32	0.125	16	SzSz r=1	false	0	UHF	-0.07683502762973418	0.08825793679191424	0.08825793679191424	0.5881363134048265	0.4118636865951735	0.5915708982191411	NaN	NaN
32	0.125	16	hop up r=1	false	0	UHF	0.4941279805805366	0.05129968278329078	0.05129968278329078	0.5881363134048265	0.4118636865951735	0.5915708982191411	NaN	NaN
32	0.125	16	n	false	0	UHFsym	0.8717890003370856	-0.10436425309232245	0.10436425309232245	0.928259135274172	0.07174086472582797	0.19990088659752292	NaN	NaN
32	0.125	16	Sz	false	0	UHFsym	4.431143425798201e-8	4.431143431002371e-8	4.431143431002371e-8	0.928259135274172	0.07174086472582797	0.19990088659752292	NaN	NaN
32	0.125	16	DoubleOcc	false	0	UHFsym	0.07735923575205927	-0.020278706037749727	0.020278706037749727	0.928259135274172	0.07174086472582797	0.19990088659752292	NaN	NaN
32	0.125	16	ZZ onsite	true	2	UHFsym	-0.43414105766593103	0.1276136820336491	0.1276136820336491	0.928259135274172	0.07174086472582797	0.19990088659752292	7.775293817970176	21.6447270204148
32	0.125	16	ZZ up-up r=1	true	2	UHFsym	-0.37701031500468307	0.005633636038867018	0.005633636038867018	0.928259135274172	0.07174086472582797	0.19990088659752292	15.67618049446553	15.727732700592604
32	0.125	16	SzSz r=1	false	0	UHFsym	-0.07683502762973418	-0.0055439857045977425	0.0055439857045977425	0.928259135274172	0.07174086472582797	0.19990088659752292	NaN	NaN
32	0.125	16	hop up r=1	false	0	UHFsym	0.4941279805805366	0.05129968278328462	0.05129968278328462	0.928259135274172	0.07174086472582797	0.19990088659752292	NaN	NaN
32	0.125	17	n	false	0	chi2	0.8717890324404693	-0.12821096755891814	0.12821096755891814	0.4164624490686615	0.5835375509313385	0.6347337187405678	NaN	NaN
32	0.125	17	Sz	false	0	chi2	-2.7779126415827804e-8	3.232659931930827e-6	3.232659931930827e-6	0.4164624490686615	0.5835375509313385	0.6347337187405678	NaN	NaN
32	0.125	17	DoubleOcc	false	0	chi2	0.07735924198221175	0.07735924198221178	0.07735924198221178	0.4164624490686615	0.5835375509313385	0.6347337187405678	NaN	NaN
32	0.125	17	ZZ onsite	true	2	chi2	-0.4341410969520889	0.5658589030466856	0.5658589030466856	0.4164624490686615	0.5835375509313385	0.6347337187405678	0.6000381383717008	21.644731624547408
32	0.125	17	ZZ up-up r=1	true	2	chi2	-0.454556861458469	0.5454431385364382	0.5454431385364382	0.4164624490686615	0.5835375509313385	0.6347337187405678	0.7034064106426067	24.14961255692304
32	0.125	17	SzSz r=1	false	0	chi2	-0.09338841353695257	0.15661158646192755	0.15661158646192755	0.4164624490686615	0.5835375509313385	0.6347337187405678	NaN	NaN
32	0.125	17	hop up r=1	false	0	chi2	0.5395297907319994	0.5395297907319994	0.5395297907319994	0.4164624490686615	0.5835375509313385	0.6347337187405678	NaN	NaN
32	0.125	17	n	false	0	chi4	0.8717890324404693	0.01591696055612324	0.01591696055612324	0.846093085733241	0.15390691426675895	0.2040347133683391	NaN	NaN
32	0.125	17	Sz	false	0	chi4	-2.7779126415827804e-8	0.0009931351586539433	0.0009931351586539433	0.846093085733241	0.15390691426675895	0.2040347133683391	NaN	NaN
32	0.125	17	DoubleOcc	false	0	chi4	0.07735924198221175	-0.006273502300440992	0.006273502300440992	0.846093085733241	0.15390691426675895	0.2040347133683391	NaN	NaN
32	0.125	17	ZZ onsite	true	2	chi4	-0.4341410969520889	-0.05692793031401133	0.05692793031401133	0.846093085733241	0.15390691426675895	0.2040347133683391	15.974261928547437	21.644731624547408
32	0.125	17	ZZ up-up r=1	true	2	chi4	-0.454556861458469	0.1808436930146487	0.1808436930146487	0.846093085733241	0.15390691426675895	0.2040347133683391	5.177701920813775	24.14961255692304
32	0.125	17	SzSz r=1	false	0	chi4	-0.09338841353695257	0.03983335446673755	0.03983335446673755	0.846093085733241	0.15390691426675895	0.2040347133683391	NaN	NaN
32	0.125	17	hop up r=1	false	0	chi4	0.5395297907319994	-0.09364159312188103	0.09364159312188103	0.846093085733241	0.15390691426675895	0.2040347133683391	NaN	NaN
32	0.125	17	n	false	0	chi8	0.8717890324404693	-0.01120579776018027	0.01120579776018027	0.9969949373779523	0.003005062622047694	0.043404243825914623	NaN	NaN
32	0.125	17	Sz	false	0	chi8	-2.7779126415827804e-8	-0.003536488051614984	0.003536488051614984	0.9969949373779523	0.003005062622047694	0.043404243825914623	NaN	NaN
32	0.125	17	DoubleOcc	false	0	chi8	0.07735924198221175	0.005192089282541043	0.005192089282541043	0.9969949373779523	0.003005062622047694	0.043404243825914623	NaN	NaN
32	0.125	17	ZZ onsite	true	2	chi8	-0.4341410969520889	0.043179952650522824	0.043179952650522824	0.9969949373779523	0.003005062622047694	0.043404243825914623	17.973972833736564	21.644731624547408
32	0.125	17	ZZ up-up r=1	true	2	chi8	-0.454556861458469	-0.0327470007903613	0.0327470007903613	0.9969949373779523	0.003005062622047694	0.043404243825914623	21.55933814097885	24.14961255692304
32	0.125	17	SzSz r=1	false	0	chi8	-0.09338841353695257	-0.0004421155352197781	0.0004421155352197781	0.9969949373779523	0.003005062622047694	0.043404243825914623	NaN	NaN
32	0.125	17	hop up r=1	false	0	chi8	0.5395297907319994	0.04269122795961111	0.04269122795961111	0.9969949373779523	0.003005062622047694	0.043404243825914623	NaN	NaN
32	0.125	17	n	false	0	chi16	0.8717890324404693	-0.003836930150911355	0.003836930150911355	0.9978545858009856	0.0021454141990143727	0.02581067083163307	NaN	NaN
32	0.125	17	Sz	false	0	chi16	-2.7779126415827804e-8	-0.0004029407613213021	0.0004029407613213021	0.9978545858009856	0.0021454141990143727	0.02581067083163307	NaN	NaN
32	0.125	17	DoubleOcc	false	0	chi16	0.07735924198221175	0.00024906036569292966	0.00024906036569292966	0.9978545858009856	0.0021454141990143727	0.02581067083163307	NaN	NaN
32	0.125	17	ZZ onsite	true	2	chi16	-0.4341410969520889	0.008670101764598759	0.008670101764598759	0.9978545858009856	0.0021454141990143727	0.02581067083163307	21.467970472950494	21.644731624547408
32	0.125	17	ZZ up-up r=1	true	2	chi16	-0.454556861458469	-0.006908506235888068	0.006908506235888068	0.9978545858009856	0.0021454141990143727	0.02581067083163307	24.021163877012814	24.14961255692304
32	0.125	17	SzSz r=1	false	0	chi16	-0.09338841353695257	-0.0015884671738199269	0.0015884671738199269	0.9978545858009856	0.0021454141990143727	0.02581067083163307	NaN	NaN
32	0.125	17	hop up r=1	false	0	chi16	0.5395297907319994	0.026332206795875446	0.026332206795875446	0.9978545858009856	0.0021454141990143727	0.02581067083163307	NaN	NaN
32	0.125	17	n	false	0	chi32	0.8717890324404693	-0.000228316068354939	0.000228316068354939	0.9999778653424305	2.2134657569505833e-5	0.0026553763896125055	NaN	NaN
32	0.125	17	Sz	false	0	chi32	-2.7779126415827804e-8	5.144970534722709e-5	5.144970534722709e-5	0.9999778653424305	2.2134657569505833e-5	0.0026553763896125055	NaN	NaN
32	0.125	17	DoubleOcc	false	0	chi32	0.07735924198221175	-2.2876102528698872e-5	2.2876102528698872e-5	0.9999778653424305	2.2134657569505833e-5	0.0026553763896125055	NaN	NaN
32	0.125	17	ZZ onsite	true	2	chi32	-0.4341410969520889	0.00036512772660074466	0.00036512772660074466	0.9999778653424305	2.2134657569505833e-5	0.0026553763896125055	21.644415554797597	21.644731624547408
32	0.125	17	ZZ up-up r=1	true	2	chi32	-0.454556861458469	-0.001895334751083666	0.001895334751083666	0.9999778653424305	2.2134657569505833e-5	0.0026553763896125055	24.1398968467207	24.14961255692304
32	0.125	17	SzSz r=1	false	0	chi32	-0.09338841353695257	-0.0001692619738576373	0.0001692619738576373	0.9999778653424305	2.2134657569505833e-5	0.0026553763896125055	NaN	NaN
32	0.125	17	hop up r=1	false	0	chi32	0.5395297907319994	0.001409563530981539	0.001409563530981539	0.9999778653424305	2.2134657569505833e-5	0.0026553763896125055	NaN	NaN
32	0.125	17	n	false	0	UHF	0.8717890324404693	-0.10436422098894838	0.10436422098894838	0.6291046343058047	0.37089536569419534	0.5715670883586076	NaN	NaN
32	0.125	17	Sz	false	0	UHF	-2.7779126415827804e-8	0.3749411032740011	0.3749411032740011	0.6291046343058047	0.37089536569419534	0.5715670883586076	NaN	NaN
32	0.125	17	DoubleOcc	false	0	UHF	0.07735924198221175	-0.020278699807599027	0.020278699807599027	0.6291046343058047	0.37089536569419534	0.5715670883586076	NaN	NaN
32	0.125	17	ZZ onsite	true	2	UHF	-0.4341410969520889	0.12761364274750375	0.12761364274750375	0.6291046343058047	0.37089536569419534	0.5715670883586076	7.775298330039019	21.644731624547408
32	0.125	17	ZZ up-up r=1	true	2	UHF	-0.454556861458469	0.2165788791867364	0.2165788791867364	0.6291046343058047	0.37089536569419534	0.5715670883586076	3.860649361873536	24.14961255692304
32	0.125	17	SzSz r=1	false	0	UHF	-0.09338841353695257	0.06434939720456584	0.06434939720456584	0.6291046343058047	0.37089536569419534	0.5715670883586076	NaN	NaN
32	0.125	17	hop up r=1	false	0	UHF	0.5395297907319994	0.12658101898633578	0.12658101898633578	0.6291046343058047	0.37089536569419534	0.5715670883586076	NaN	NaN
32	0.125	17	n	false	0	UHFsym	0.8717890324404693	-0.10436422098894838	0.10436422098894838	0.924175611132185	0.07582438886781495	0.21282046607890642	NaN	NaN
32	0.125	17	Sz	false	0	UHFsym	-2.7779126415827804e-8	-2.7779126429705592e-8	2.7779126429705592e-8	0.924175611132185	0.07582438886781495	0.21282046607890642	NaN	NaN
32	0.125	17	DoubleOcc	false	0	UHFsym	0.07735924198221175	-0.020278699807598638	0.020278699807598638	0.924175611132185	0.07582438886781495	0.21282046607890642	NaN	NaN
32	0.125	17	ZZ onsite	true	2	UHFsym	-0.4341410969520889	0.1276136427475052	0.1276136427475052	0.924175611132185	0.07582438886781495	0.21282046607890642	7.775298330038906	21.644731624547408
32	0.125	17	ZZ up-up r=1	true	2	UHFsym	-0.454556861458469	-0.07925764786726469	0.07925764786726469	0.924175611132185	0.07582438886781495	0.21282046607890642	14.173966218399112	24.14961255692304
32	0.125	17	SzSz r=1	false	0	UHFsym	-0.09338841353695257	-0.024329325407778643	0.024329325407778643	0.924175611132185	0.07582438886781495	0.21282046607890642	NaN	NaN
32	0.125	17	hop up r=1	false	0	UHFsym	0.5395297907319994	0.09249196974022089	0.09249196974022089	0.924175611132185	0.07582438886781495	0.21282046607890642	NaN	NaN
32	0.125	18	n	false	0	chi2	0.8760952647786491	-0.1239047352213527	0.1239047352213527	0.15616604641943566	0.8438339535805643	0.862090924307848	NaN	NaN
32	0.125	18	Sz	false	0	chi2	5.89384283600225e-8	-3.2015002252499997e-6	3.2015002252499997e-6	0.15616604641943566	0.8438339535805643	0.862090924307848	NaN	NaN
32	0.125	18	DoubleOcc	false	0	chi2	0.0793816312848771	0.0793816312848771	0.0793816312848771	0.15616604641943566	0.8438339535805643	0.862090924307848	NaN	NaN
32	0.125	18	ZZ onsite	true	2	chi2	-0.43466400441778663	0.5653359955822151	0.5653359955822151	0.15616604641943566	0.8438339535805643	0.862090924307848	0.6024936214257383	21.70608490764278
32	0.125	18	ZZ up-up r=1	true	2	chi2	-0.38496336148690175	-0.3849568406095945	0.3849568406095945	0.15616604641943566	0.8438339535805643	0.862090924307848	1.0000318210700474	16.464895896985468
32	0.125	18	SzSz r=1	false	0	chi2	-0.07831672513732328	-0.07831672513732328	0.07831672513732328	0.15616604641943566	0.8438339535805643	0.862090924307848	NaN	NaN
32	0.125	18	hop up r=1	false	0	chi2	0.5042411917591355	0.5042411917591355	0.5042411917591355	0.15616604641943566	0.8438339535805643	0.862090924307848	NaN	NaN
32	0.125	18	n	false	0	chi4	0.8760952647786491	0.011534490251210339	0.011534490251210339	0.8952887543136077	0.10471124568639234	0.27887104513640626	NaN	NaN
32	0.125	18	Sz	false	0	chi4	5.89384283600225e-8	-0.0157676166560256	0.0157676166560256	0.8952887543136077	0.10471124568639234	0.27887104513640626	NaN	NaN
32	0.125	18	DoubleOcc	false	0	chi4	0.0793816312848771	-0.007552583601009674	0.007552583601009674	0.8952887543136077	0.10471124568639234	0.27887104513640626	NaN	NaN
32	0.125	18	ZZ onsite	true	2	chi4	-0.43466400441778663	-0.05327931490646137	0.05327931490646137	0.8952887543136077	0.10471124568639234	0.27887104513640626	16.555557425645237	21.70608490764278
32	0.125	18	ZZ up-up r=1	true	2	chi4	-0.38496336148690175	-0.27124345642230785	0.27124345642230785	0.8952887543136077	0.10471124568639234	0.27887104513640626	1.897397152586148	16.464895896985468
32	0.125	18	SzSz r=1	false	0	chi4	-0.07831672513732328	-0.06505578886385521	0.06505578886385521	0.8952887543136077	0.10471124568639234	0.27887104513640626	NaN	NaN
32	0.125	18	hop up r=1	false	0	chi4	0.5042411917591355	0.14470666599463444	0.14470666599463444	0.8952887543136077	0.10471124568639234	0.27887104513640626	NaN	NaN
32	0.125	18	n	false	0	chi8	0.8760952647786491	-0.00897470008885859	0.00897470008885859	0.9865972305439384	0.013402769456061558	0.09106835661043466	NaN	NaN
32	0.125	18	Sz	false	0	chi8	5.89384283600225e-8	0.0023047812838732917	0.0023047812838732917	0.9865972305439384	0.013402769456061558	0.09106835661043466	NaN	NaN
32	0.125	18	DoubleOcc	false	0	chi8	0.0793816312848771	0.002701384953529118	0.002701384953529118	0.9865972305439384	0.013402769456061558	0.09106835661043466	NaN	NaN
32	0.125	18	ZZ onsite	true	2	chi8	-0.43466400441778663	0.028754939991832318	0.028754939991832318	0.9865972305439384	0.013402769456061558	0.09106835661043466	19.90255099204241	21.70608490764278
32	0.125	18	ZZ up-up r=1	true	2	chi8	-0.38496336148690175	-0.08185497078769566	0.08185497078769566	0.9865972305439384	0.013402769456061558	0.09106835661043466	9.68982123391107	16.464895896985468
32	0.125	18	SzSz r=1	false	0	chi8	-0.07831672513732328	-0.009620189344562102	0.009620189344562102	0.9865972305439384	0.013402769456061558	0.09106835661043466	NaN	NaN
32	0.125	18	hop up r=1	false	0	chi8	0.5042411917591355	0.07000364239644313	0.07000364239644313	0.9865972305439384	0.013402769456061558	0.09106835661043466	NaN	NaN
32	0.125	18	n	false	0	chi16	0.8760952647786491	0.0020215538613612694	0.0020215538613612694	0.9995517474525384	0.0004482525474616139	0.010825978925617903	NaN	NaN
32	0.125	18	Sz	false	0	chi16	5.89384283600225e-8	-1.721493118117534e-5	1.721493118117534e-5	0.9995517474525384	0.0004482525474616139	0.010825978925617903	NaN	NaN
32	0.125	18	DoubleOcc	false	0	chi16	0.0793816312848771	0.002151517923220908	0.002151517923220908	0.9995517474525384	0.0004482525474616139	0.010825978925617903	NaN	NaN
32	0.125	18	ZZ onsite	true	2	chi16	-0.43466400441778663	0.0045629639701658675	0.0045629639701658675	0.9995517474525384	0.0004482525474616139	0.010825978925617903	21.656667910325165	21.70608490764278
32	0.125	18	ZZ up-up r=1	true	2	chi16	-0.38496336148690175	-0.00292246390990597	0.00292246390990597	0.9995517474525384	0.0004482525474616139	0.010825978925617903	16.45023439009809	16.464895896985468
32	0.125	18	SzSz r=1	false	0	chi16	-0.07831672513732328	-0.00148088971330676	0.00148088971330676	0.9995517474525384	0.0004482525474616139	0.010825978925617903	NaN	NaN
32	0.125	18	hop up r=1	false	0	chi16	0.5042411917591355	0.008786381746534677	0.008786381746534677	0.9995517474525384	0.0004482525474616139	0.010825978925617903	NaN	NaN
32	0.125	18	n	false	0	chi32	0.8760952647786491	-0.00027487707706119746	0.00027487707706119746	0.9999685600389803	3.1439961019730234e-5	0.0038694369541639236	NaN	NaN
32	0.125	18	Sz	false	0	chi32	5.89384283600225e-8	-3.227833579257447e-5	3.227833579257447e-5	0.9999685600389803	3.1439961019730234e-5	0.0038694369541639236	NaN	NaN
32	0.125	18	DoubleOcc	false	0	chi32	0.0793816312848771	-8.79937810268766e-5	8.79937810268766e-5	0.9999685600389803	3.1439961019730234e-5	0.0038694369541639236	NaN	NaN
32	0.125	18	ZZ onsite	true	2	chi32	-0.43466400441778663	0.0001977790300203286	0.0001977790300203286	0.9999685600389803	3.1439961019730234e-5	0.0038694369541639236	21.7059918545616	21.70608490764278
32	0.125	18	ZZ up-up r=1	true	2	chi32	-0.38496336148690175	-0.004334677704798895	0.004334677704798895	0.9999685600389803	3.1439961019730234e-5	0.0038694369541639236	16.432675557661906	16.464895896985468
32	0.125	18	SzSz r=1	false	0	chi32	-0.07831672513732328	-0.0006366038838219595	0.0006366038838219595	0.9999685600389803	3.1439961019730234e-5	0.0038694369541639236	NaN	NaN
32	0.125	18	hop up r=1	false	0	chi32	0.5042411917591355	0.002447432408408279	0.002447432408408279	0.9999685600389803	3.1439961019730234e-5	0.0038694369541639236	NaN	NaN
32	0.125	18	n	false	0	UHF	0.8760952647786491	-0.06353686663090663	0.06353686663090663	0.6615782642517011	0.3384217357482989	0.5305504256585702	NaN	NaN
32	0.125	18	Sz	false	0	UHF	5.89384283600225e-8	-0.35368800079668805	0.35368800079668805	0.6615782642517011	0.3384217357482989	0.5305504256585702	NaN	NaN
32	0.125	18	DoubleOcc	false	0	UHF	0.0793816312848771	-0.016250260710247752	0.016250260710247752	0.6615782642517011	0.3384217357482989	0.5305504256585702	NaN	NaN
32	0.125	18	ZZ onsite	true	2	UHF	-0.43466400441778663	0.06207269042082536	0.06207269042082536	0.6615782642517011	0.3384217357482989	0.5305504256585702	15.261562108251725	21.70608490764278
32	0.125	18	ZZ up-up r=1	true	2	UHF	-0.38496336148690175	0.41509298666054534	0.41509298666054534	0.6615782642517011	0.3384217357482989	0.5305504256585702	0.8674689975849427	16.464895896985468
32	0.125	18	SzSz r=1	false	0	UHF	-0.07831672513732328	0.05099561008337365	0.05099561008337365	0.6615782642517011	0.3384217357482989	0.5305504256585702	NaN	NaN
32	0.125	18	hop up r=1	false	0	UHF	0.5042411917591355	-0.07180099613785385	0.07180099613785385	0.6615782642517011	0.3384217357482989	0.5305504256585702	NaN	NaN
32	0.125	18	n	false	0	UHFsym	0.8760952647786491	-0.06353686663090685	0.06353686663090685	0.9635491199997165	0.036450880000283514	0.16918246599459358	NaN	NaN
32	0.125	18	Sz	false	0	UHFsym	5.89384283600225e-8	5.8938428332266923e-8	5.8938428332266923e-8	0.9635491199997165	0.036450880000283514	0.16918246599459358	NaN	NaN
32	0.125	18	DoubleOcc	false	0	UHFsym	0.0793816312848771	-0.016250260710247516	0.016250260710247516	0.9635491199997165	0.036450880000283514	0.16918246599459358	NaN	NaN
32	0.125	18	ZZ onsite	true	2	UHFsym	-0.43466400441778663	0.062072690420826526	0.062072690420826526	0.9635491199997165	0.036450880000283514	0.16918246599459358	15.261562108251555	21.70608490764278
32	0.125	18	ZZ up-up r=1	true	2	UHFsym	-0.38496336148690175	-0.03585634275043442	0.03585634275043442	0.9635491199997165	0.036450880000283514	0.16918246599459358	14.51719249905014	16.464895896985468
32	0.125	18	SzSz r=1	false	0	UHFsym	-0.07831672513732328	-0.0177444584377133	0.0177444584377133	0.9635491199997165	0.036450880000283514	0.16918246599459358	NaN	NaN
32	0.125	18	hop up r=1	false	0	UHFsym	0.5042411917591355	0.03365249661170644	0.03365249661170644	0.9635491199997165	0.036450880000283514	0.16918246599459358	NaN	NaN
32	0.125	19	n	false	0	chi2	0.8579220963366985	0.857922096335191	0.857922096335191	0.15357879629322063	0.8464212037067793	0.8653375388659098	NaN	NaN
32	0.125	19	Sz	false	0	chi2	7.348801978057651e-8	7.34887735387435e-8	7.34887735387435e-8	0.15357879629322063	0.8464212037067793	0.8653375388659098	NaN	NaN
32	0.125	19	DoubleOcc	false	0	chi2	0.0750160290800887	0.0750160290800887	0.0750160290800887	0.15357879629322063	0.8464212037067793	0.8653375388659098	NaN	NaN
32	0.125	19	ZZ onsite	true	2	chi2	-0.4157800763530386	-1.4157800763500257	1.4157800763500257	0.15357879629322063	0.8464212037067793	0.8653375388659098	0.09046768418598343	19.57815863213843
32	0.125	19	ZZ up-up r=1	true	2	chi2	-0.42395158884029815	-0.423951328733985	0.423951328733985	0.15357879629322063	0.8464212037067793	0.8653375388659098	1.000001167134514	20.477167734192708
32	0.125	19	SzSz r=1	false	0	chi2	-0.08650277895838479	-0.08650277895838479	0.08650277895838479	0.15357879629322063	0.8464212037067793	0.8653375388659098	NaN	NaN
32	0.125	19	hop up r=1	false	0	chi2	0.5300309464417394	0.5300309464417394	0.5300309464417394	0.15357879629322063	0.8464212037067793	0.8653375388659098	NaN	NaN
32	0.125	19	n	false	0	chi4	0.8579220963366985	0.013169062174561708	0.013169062174561708	0.9505105871617571	0.04948941283824293	0.17566163788906142	NaN	NaN
32	0.125	19	Sz	false	0	chi4	7.348801978057651e-8	0.0012113434948166357	0.0012113434948166357	0.9505105871617571	0.04948941283824293	0.17566163788906142	NaN	NaN
32	0.125	19	DoubleOcc	false	0	chi4	0.0750160290800887	-0.03249218873319559	0.03249218873319559	0.9505105871617571	0.04948941283824293	0.17566163788906142	NaN	NaN
32	0.125	19	ZZ onsite	true	2	chi4	-0.4157800763530386	-0.15630687928190767	0.15630687928190767	0.9505105871617571	0.04948941283824293	0.17566163788906142	5.399951097996798	19.57815863213843
32	0.125	19	ZZ up-up r=1	true	2	chi4	-0.42395158884029815	-0.043216056908008615	0.043216056908008615	0.9505105871617571	0.04948941283824293	0.17566163788906142	17.030423912852974	20.477167734192708
32	0.125	19	SzSz r=1	false	0	chi4	-0.08650277895838479	-0.016160029337520254	0.016160029337520254	0.9505105871617571	0.04948941283824293	0.17566163788906142	NaN	NaN
32	0.125	19	hop up r=1	false	0	chi4	0.5300309464417394	-0.039845207737232546	0.039845207737232546	0.9505105871617571	0.04948941283824293	0.17566163788906142	NaN	NaN
32	0.125	19	n	false	0	chi8	0.8579220963366985	0.014759291615167536	0.014759291615167536	0.9915670098721114	0.008432990127888562	0.06848955154110027	NaN	NaN
32	0.125	19	Sz	false	0	chi8	7.348801978057651e-8	0.00017048648964455848	0.00017048648964455848	0.9915670098721114	0.008432990127888562	0.06848955154110027	NaN	NaN
32	0.125	19	DoubleOcc	false	0	chi8	0.0750160290800887	0.010913437249911367	0.010913437249911367	0.9915670098721114	0.008432990127888562	0.06848955154110027	NaN	NaN
32	0.125	19	ZZ onsite	true	2	chi8	-0.4157800763530386	0.014135165769308955	0.014135165769308955	0.9915670098721114	0.008432990127888562	0.06848955154110027	19.166608819068014	19.57815863213843
32	0.125	19	ZZ up-up r=1	true	2	chi8	-0.42395158884029815	-0.04103858684762085	0.04103858684762085	0.9915670098721114	0.008432990127888562	0.06848955154110027	17.316750233468944	20.477167734192708
32	0.125	19	SzSz r=1	false	0	chi8	-0.08650277895838479	-0.0017750871927780243	0.0017750871927780243	0.9915670098721114	0.008432990127888562	0.06848955154110027	NaN	NaN
32	0.125	19	hop up r=1	false	0	chi8	0.5300309464417394	0.04877179479717797	0.04877179479717797	0.9915670098721114	0.008432990127888562	0.06848955154110027	NaN	NaN
32	0.125	19	n	false	0	chi16	0.8579220963366985	0.0017960742197766777	0.0017960742197766777	0.9995621874579045	0.000437812542095517	0.01278413390297303	NaN	NaN
32	0.125	19	Sz	false	0	chi16	7.348801978057651e-8	-0.00011599665571419837	0.00011599665571419837	0.9995621874579045	0.000437812542095517	0.01278413390297303	NaN	NaN
32	0.125	19	DoubleOcc	false	0	chi16	0.0750160290800887	0.0007786685669075588	0.0007786685669075588	0.9995621874579045	0.000437812542095517	0.01278413390297303	NaN	NaN
32	0.125	19	ZZ onsite	true	2	chi16	-0.4157800763530386	-0.00047747417191723596	0.00047747417191723596	0.9995621874579045	0.000437812542095517	0.01278413390297303	19.577678969061893	19.57815863213843
32	0.125	19	ZZ up-up r=1	true	2	chi16	-0.42395158884029815	-0.005675268418611101	0.005675268418611101	0.9995621874579045	0.000437812542095517	0.01278413390297303	20.405944321218634	20.477167734192708
32	0.125	19	SzSz r=1	false	0	chi16	-0.08650277895838479	-0.001722609173947759	0.001722609173947759	0.9995621874579045	0.000437812542095517	0.01278413390297303	NaN	NaN
32	0.125	19	hop up r=1	false	0	chi16	0.5300309464417394	0.00829395218499629	0.00829395218499629	0.9995621874579045	0.000437812542095517	0.01278413390297303	NaN	NaN
32	0.125	19	n	false	0	chi32	0.8579220963366985	0.0002731182309235747	0.0002731182309235747	0.9999812398974447	1.8760102555304137e-5	0.0029753791826052046	NaN	NaN
32	0.125	19	Sz	false	0	chi32	7.348801978057651e-8	7.907362203400659e-5	7.907362203400659e-5	0.9999812398974447	1.8760102555304137e-5	0.0029753791826052046	NaN	NaN
32	0.125	19	DoubleOcc	false	0	chi32	0.0750160290800887	0.0003748112846700402	0.0003748112846700402	0.9999812398974447	1.8760102555304137e-5	0.0029753791826052046	NaN	NaN
32	0.125	19	ZZ onsite	true	2	chi32	-0.4157800763530386	0.0009530086768395618	0.0009530086768395618	0.9999812398974447	1.8760102555304137e-5	0.0029753791826052046	19.57624790583087	19.57815863213843
32	0.125	19	ZZ up-up r=1	true	2	chi32	-0.42395158884029815	-0.003550879102302784	0.003550879102302784	0.9999812398974447	1.8760102555304137e-5	0.0029753791826052046	20.449226735033555	20.477167734192708
32	0.125	19	SzSz r=1	false	0	chi32	-0.08650277895838479	-0.0004340980831500363	0.0004340980831500363	0.9999812398974447	1.8760102555304137e-5	0.0029753791826052046	NaN	NaN
32	0.125	19	hop up r=1	false	0	chi32	0.5300309464417394	0.0023332984893507103	0.0023332984893507103	0.9999812398974447	1.8760102555304137e-5	0.0029753791826052046	NaN	NaN
32	0.125	19	n	false	0	UHF	0.8579220963366985	0.014779176930929783	0.014779176930929783	0.7051515511619377	0.29484844883806227	0.5048148710629787	NaN	NaN
32	0.125	19	Sz	false	0	UHF	7.348801978057651e-8	0.2834152540967849	0.2834152540967849	0.7051515511619377	0.29484844883806227	0.5048148710629787	NaN	NaN
32	0.125	19	DoubleOcc	false	0	UHF	0.0750160290800887	-0.022382301956432954	0.022382301956432954	0.7051515511619377	0.29484844883806227	0.5048148710629787	NaN	NaN
32	0.125	19	ZZ onsite	true	2	UHF	-0.4157800763530386	-0.11908756168758772	0.11908756168758772	0.7051515511619377	0.29484844883806227	0.5048148710629787	7.756548459613898	19.57815863213843
32	0.125	19	ZZ up-up r=1	true	2	UHF	-0.42395158884029815	-0.43498313611038536	0.43498313611038536	0.7051515511619377	0.29484844883806227	0.5048148710629787	0.9522502535143091	20.477167734192708
32	0.125	19	SzSz r=1	false	0	UHF	-0.08650277895838479	-0.01754035942471191	0.01754035942471191	0.7051515511619377	0.29484844883806227	0.5048148710629787	NaN	NaN
32	0.125	19	hop up r=1	false	0	UHF	0.5300309464417394	0.2407783604581435	0.2407783604581435	0.7051515511619377	0.29484844883806227	0.5048148710629787	NaN	NaN
32	0.125	19	n	false	0	UHFsym	0.8579220963366985	0.014779176930930005	0.014779176930930005	0.9157304930314794	0.08426950696852065	0.27545176682471895	NaN	NaN
32	0.125	19	Sz	false	0	UHFsym	7.348801978057651e-8	7.348801975282093e-8	7.348801975282093e-8	0.9157304930314794	0.08426950696852065	0.27545176682471895	NaN	NaN
32	0.125	19	DoubleOcc	false	0	UHFsym	0.0750160290800887	-0.022382301956432732	0.022382301956432732	0.9157304930314794	0.08426950696852065	0.27545176682471895	NaN	NaN
32	0.125	19	ZZ onsite	true	2	UHFsym	-0.4157800763530386	-0.11908756168758716	0.11908756168758716	0.9157304930314794	0.08426950696852065	0.27545176682471895	7.756548459613941	19.57815863213843
32	0.125	19	ZZ up-up r=1	true	2	UHFsym	-0.42395158884029815	-0.1330772558938999	0.1330772558938999	0.9157304930314794	0.08426950696852065	0.27545176682471895	7.014855349143913	20.477167734192708
32	0.125	19	SzSz r=1	false	0	UHFsym	-0.08650277895838479	-0.04474646317705615	0.04474646317705615	0.9157304930314794	0.08426950696852065	0.27545176682471895	NaN	NaN
32	0.125	19	hop up r=1	false	0	UHFsym	0.5300309464417394	-0.004409082523402663	0.004409082523402663	0.9157304930314794	0.08426950696852065	0.27545176682471895	NaN	NaN
32	0.125	20	n	false	0	chi2	0.873323281267468	-0.12667671873102693	0.12667671873102693	0.3836807367175351	0.6163192632824649	0.6599550251018769	NaN	NaN
32	0.125	20	Sz	false	0	chi2	3.0123230576606375e-8	-9.993067958625275e-8	9.993067958625275e-8	0.3836807367175351	0.6163192632824649	0.6599550251018769	NaN	NaN
32	0.125	20	DoubleOcc	false	0	chi2	0.08029598999753244	0.08029598999753244	0.08029598999753244	0.3836807367175351	0.6163192632824649	0.6599550251018769	NaN	NaN
32	0.125	20	ZZ onsite	true	2	chi2	-0.4254626025448039	0.5745373974521835	0.5745373974521835	0.3836807367175351	0.6163192632824649	0.6599550251018769	0.5606489147236631	20.646994858246845
32	0.125	20	ZZ up-up r=1	true	2	chi2	-0.4126187928397743	0.5873812071554031	0.5873812071554031	0.3836807367175351	0.6163192632824649	0.6599550251018769	0.5068103222321795	19.238976290419043
32	0.125	20	SzSz r=1	false	0	chi2	-0.08403600613227115	0.1659639938668997	0.1659639938668997	0.3836807367175351	0.6163192632824649	0.6599550251018769	NaN	NaN
32	0.125	20	hop up r=1	false	0	chi2	0.524878130866202	0.524878130866202	0.524878130866202	0.3836807367175351	0.6163192632824649	0.6599550251018769	NaN	NaN
32	0.125	20	n	false	0	chi4	0.873323281267468	0.003901360422213118	0.003901360422213118	0.9475384794091332	0.05246152059086684	0.18734780760940908	NaN	NaN
32	0.125	20	Sz	false	0	chi4	3.0123230576606375e-8	0.007071061879287136	0.007071061879287136	0.9475384794091332	0.05246152059086684	0.18734780760940908	NaN	NaN
32	0.125	20	DoubleOcc	false	0	chi4	0.08029598999753244	-0.045638948269928745	0.045638948269928745	0.9475384794091332	0.05246152059086684	0.18734780760940908	NaN	NaN
32	0.125	20	ZZ onsite	true	2	chi4	-0.4254626025448039	-0.19035851392414366	0.19035851392414366	0.9475384794091332	0.05246152059086684	0.18734780760940908	4.185530475144413	20.646994858246845
32	0.125	20	ZZ up-up r=1	true	2	chi4	-0.4126187928397743	-0.07041368511027268	0.07041368511027268	0.9475384794091332	0.05246152059086684	0.18734780760940908	12.565055888128047	19.238976290419043
32	0.125	20	SzSz r=1	false	0	chi4	-0.08403600613227115	-0.02814325186216937	0.02814325186216937	0.9475384794091332	0.05246152059086684	0.18734780760940908	NaN	NaN
32	0.125	20	hop up r=1	false	0	chi4	0.524878130866202	-0.04511655978634488	0.04511655978634488	0.9475384794091332	0.05246152059086684	0.18734780760940908	NaN	NaN
32	0.125	20	n	false	0	chi8	0.873323281267468	0.011844871250519029	0.011844871250519029	0.9894656886303348	0.010534311369665206	0.07656179004567248	NaN	NaN
32	0.125	20	Sz	false	0	chi8	3.0123230576606375e-8	0.0019855146818958946	0.0019855146818958946	0.9894656886303348	0.010534311369665206	0.07656179004567248	NaN	NaN
32	0.125	20	DoubleOcc	false	0	chi8	0.08029598999753244	0.014379679517521449	0.014379679517521449	0.9894656886303348	0.010534311369665206	0.07656179004567248	NaN	NaN
32	0.125	20	ZZ onsite	true	2	chi8	-0.4254626025448039	0.03382897556904463	0.03382897556904463	0.9894656886303348	0.010534311369665206	0.07656179004567248	18.365806979392566	20.646994858246845
32	0.125	20	ZZ up-up r=1	true	2	chi8	-0.4126187928397743	-0.049795335129864504	0.049795335129864504	0.9894656886303348	0.010534311369665206	0.07656179004567248	15.201086949897622	19.238976290419043
32	0.125	20	SzSz r=1	false	0	chi8	-0.08403600613227115	-0.0024971893696421055	0.0024971893696421055	0.9894656886303348	0.010534311369665206	0.07656179004567248	NaN	NaN
32	0.125	20	hop up r=1	false	0	chi8	0.524878130866202	0.04943235353804881	0.04943235353804881	0.9894656886303348	0.010534311369665206	0.07656179004567248	NaN	NaN
32	0.125	20	n	false	0	chi16	0.873323281267468	-0.0009143281764795175	0.0009143281764795175	0.9996076563970089	0.0003923436029911187	0.010455344637017056	NaN	NaN
32	0.125	20	Sz	false	0	chi16	3.0123230576606375e-8	0.00014043078143757826	0.00014043078143757826	0.9996076563970089	0.0003923436029911187	0.010455344637017056	NaN	NaN
32	0.125	20	DoubleOcc	false	0	chi16	0.08029598999753244	0.0002744761772852239	0.0002744761772852239	0.9996076563970089	0.0003923436029911187	0.010455344637017056	NaN	NaN
32	0.125	20	ZZ onsite	true	2	chi16	-0.4254626025448039	0.0029265610621043714	0.0029265610621043714	0.9996076563970089	0.0003923436029911187	0.010455344637017056	20.627819572215355	20.646994858246845
32	0.125	20	ZZ up-up r=1	true	2	chi16	-0.4126187928397743	-0.005091097186894877	0.005091097186894877	0.9996076563970089	0.0003923436029911187	0.010455344637017056	19.18570380476554	19.238976290419043
32	0.125	20	SzSz r=1	false	0	chi16	-0.08403600613227115	-0.0015037640920207151	0.0015037640920207151	0.9996076563970089	0.0003923436029911187	0.010455344637017056	NaN	NaN
32	0.125	20	hop up r=1	false	0	chi16	0.524878130866202	0.006369960812322661	0.006369960812322661	0.9996076563970089	0.0003923436029911187	0.010455344637017056	NaN	NaN
32	0.125	20	n	false	0	chi32	0.873323281267468	-0.0001037434587458641	0.0001037434587458641	0.9999797335877055	2.026641229446735e-5	0.003189181402152551	NaN	NaN
32	0.125	20	Sz	false	0	chi32	3.0123230576606375e-8	5.043333650979476e-5	5.043333650979476e-5	0.9999797335877055	2.026641229446735e-5	0.003189181402152551	NaN	NaN
32	0.125	20	DoubleOcc	false	0	chi32	0.08029598999753244	0.0001322708328990313	0.0001322708328990313	0.9999797335877055	2.026641229446735e-5	0.003189181402152551	NaN	NaN
32	0.125	20	ZZ onsite	true	2	chi32	-0.4254626025448039	0.0007365702490932935	0.0007365702490932935	0.9999797335877055	2.026641229446735e-5	0.003189181402152551	20.645779139901244	20.646994858246845
32	0.125	20	ZZ up-up r=1	true	2	chi32	-0.4126187928397743	-0.00424596750391526	0.00424596750391526	0.9999797335877055	2.026641229446735e-5	0.003189181402152551	19.20189116208428	19.238976290419043
32	0.125	20	SzSz r=1	false	0	chi32	-0.08403600613227115	-0.0005464223220928571	0.0005464223220928571	0.9999797335877055	2.026641229446735e-5	0.003189181402152551	NaN	NaN
32	0.125	20	hop up r=1	false	0	chi32	0.524878130866202	0.0025723251554518045	0.0025723251554518045	0.9999797335877055	2.026641229446735e-5	0.003189181402152551	NaN	NaN
32	0.125	20	n	false	0	UHF	0.873323281267468	0.18585264475713248	0.18585264475713248	0.7045940407587751	0.2954059592412249	0.5083282994440925	NaN	NaN
32	0.125	20	Sz	false	0	UHF	3.0123230576606375e-8	-0.0908368161383675	0.0908368161383675	0.7045940407587751	0.2954059592412249	0.5083282994440925	NaN	NaN
32	0.125	20	DoubleOcc	false	0	UHF	0.08029598999753244	-0.02960664637969583	0.02960664637969583	0.7045940407587751	0.2954059592412249	0.5083282994440925	NaN	NaN
32	0.125	20	ZZ onsite	true	2	UHF	-0.4254626025448039	-0.49013187503304584	0.49013187503304584	0.7045940407587751	0.2954059592412249	0.5083282994440925	0.7626276271674041	20.646994858246845
32	0.125	20	ZZ up-up r=1	true	2	UHF	-0.4126187928397743	0.39950812058035123	0.39950812058035123	0.7045940407587751	0.2954059592412249	0.5083282994440925	1.06302499676363	19.238976290419043
32	0.125	20	SzSz r=1	false	0	UHF	-0.08403600613227115	-0.044629251361012076	0.044629251361012076	0.7045940407587751	0.2954059592412249	0.5083282994440925	NaN	NaN
32	0.125	20	hop up r=1	false	0	UHF	0.524878130866202	-0.37205770586336384	0.37205770586336384	0.7045940407587751	0.2954059592412249	0.5083282994440925	NaN	NaN
32	0.125	20	n	false	0	UHFsym	0.873323281267468	0.18585264475713237	0.18585264475713237	0.8594255713812456	0.14057442861875435	0.36280894427041155	NaN	NaN
32	0.125	20	Sz	false	0	UHFsym	3.0123230576606375e-8	3.01232305488508e-8	3.01232305488508e-8	0.8594255713812456	0.14057442861875435	0.36280894427041155	NaN	NaN
32	0.125	20	DoubleOcc	false	0	UHFsym	0.08029598999753244	-0.02960664637969586	0.02960664637969586	0.8594255713812456	0.14057442861875435	0.36280894427041155	NaN	NaN
32	0.125	20	ZZ onsite	true	2	UHFsym	-0.4254626025448039	-0.4901318750330458	0.4901318750330458	0.8594255713812456	0.14057442861875435	0.36280894427041155	0.7626276271674043	20.646994858246845
32	0.125	20	ZZ up-up r=1	true	2	UHFsym	-0.4126187928397743	-0.1507432946301262	0.1507432946301262	0.8594255713812456	0.14057442861875435	0.36280894427041155	5.601968223964683	19.238976290419043
32	0.125	20	SzSz r=1	false	0	UHFsym	-0.08403600613227115	-0.051738487287180474	0.051738487287180474	0.8594255713812456	0.14057442861875435	0.36280894427041155	NaN	NaN
32	0.125	20	hop up r=1	false	0	UHFsym	0.524878130866202	-0.05181367372880574	0.05181367372880574	0.8594255713812456	0.14057442861875435	0.36280894427041155	NaN	NaN
32	0.125	21	n	false	0	chi2	0.8541293316913516	-0.14587066830865214	0.14587066830865214	0.4200198694523696	0.5799801305476304	0.6652834709583917	NaN	NaN
32	0.125	21	Sz	false	0	chi2	9.389135231796519e-8	2.2394523302438074e-7	2.2394523302438074e-7	0.4200198694523696	0.5799801305476304	0.6652834709583917	NaN	NaN
32	0.125	21	DoubleOcc	false	0	chi2	0.07441174365017102	0.07441174365016938	0.07441174365016938	0.4200198694523696	0.5799801305476304	0.6652834709583917	NaN	NaN
32	0.125	21	ZZ onsite	true	2	chi2	-0.4106116887820163	0.5893883112179827	0.5893883112179827	0.4200198694523696	0.5799801305476304	0.6652834709583917	0.4988486651759965	19.026071817741876
32	0.125	21	ZZ up-up r=1	true	2	chi2	-0.3894957444316806	-0.3894957444318076	0.3894957444318076	0.4200198694523696	0.5799801305476304	0.6652834709583917	0.9999999999993864	16.89670060734808
32	0.125	21	SzSz r=1	false	0	chi2	-0.07913986558719568	-0.07913986558722785	0.07913986558722785	0.4200198694523696	0.5799801305476304	0.6652834709583917	NaN	NaN
32	0.125	21	hop up r=1	false	0	chi2	0.5093151562880832	0.5093151562881498	0.5093151562881498	0.4200198694523696	0.5799801305476304	0.6652834709583917	NaN	NaN
32	0.125	21	n	false	0	chi4	0.8541293316913516	0.02250036658105925	0.02250036658105925	0.9071667937290679	0.09283320627093206	0.2614319927143186	NaN	NaN
32	0.125	21	Sz	false	0	chi4	9.389135231796519e-8	-0.01191533021377579	0.01191533021377579	0.9071667937290679	0.09283320627093206	0.2614319927143186	NaN	NaN
32	0.125	21	DoubleOcc	false	0	chi4	0.07441174365017102	-0.03368291181676179	0.03368291181676179	0.9071667937290679	0.09283320627093206	0.2614319927143186	NaN	NaN
32	0.125	21	ZZ onsite	true	2	chi4	-0.4106116887820163	-0.1797323804291679	0.1797323804291679	0.9071667937290679	0.09283320627093206	0.2614319927143186	4.271920027826185	19.026071817741876
32	0.125	21	ZZ up-up r=1	true	2	chi4	-0.3894957444316806	-0.2475432929980893	0.2475432929980893	0.9071667937290679	0.09283320627093206	0.2614319927143186	2.276870984260656	16.89670060734808
32	0.125	21	SzSz r=1	false	0	chi4	-0.07913986558719568	-0.05707017100611175	0.05707017100611175	0.9071667937290679	0.09283320627093206	0.2614319927143186	NaN	NaN
32	0.125	21	hop up r=1	false	0	chi4	0.5093151562880832	0.1556123043632171	0.1556123043632171	0.9071667937290679	0.09283320627093206	0.2614319927143186	NaN	NaN
32	0.125	21	n	false	0	chi8	0.8541293316913516	0.012911117775439629	0.012911117775439629	0.9866160467407854	0.013383953259214598	0.09259290330880945	NaN	NaN
32	0.125	21	Sz	false	0	chi8	9.389135231796519e-8	-0.0036683566134618623	0.0036683566134618623	0.9866160467407854	0.013383953259214598	0.09259290330880945	NaN	NaN
32	0.125	21	DoubleOcc	false	0	chi8	0.07441174365017102	0.012640727147441314	0.012640727147441314	0.9866160467407854	0.013383953259214598	0.09259290330880945	NaN	NaN
32	0.125	21	ZZ onsite	true	2	chi8	-0.4106116887820163	0.024740673038883554	0.024740673038883554	0.9866160467407854	0.013383953259214598	0.09259290330880945	17.857432439358515	19.026071817741876
32	0.125	21	ZZ up-up r=1	true	2	chi8	-0.3894957444316806	-0.050407606601295896	0.050407606601295896	0.9866160467407854	0.013383953259214598	0.09259290330880945	13.343863435276814	16.89670060734808
32	0.125	21	SzSz r=1	false	0	chi8	-0.07913986558719568	-0.006583181161346985	0.006583181161346985	0.9866160467407854	0.013383953259214598	0.09259290330880945	NaN	NaN
32	0.125	21	hop up r=1	false	0	chi8	0.5093151562880832	0.08139398271666604	0.08139398271666604	0.9866160467407854	0.013383953259214598	0.09259290330880945	NaN	NaN
32	0.125	21	n	false	0	chi16	0.8541293316913516	-0.00028022896003954134	0.00028022896003954134	0.999466843133828	0.0005331568661719466	0.012197217711817768	NaN	NaN
32	0.125	21	Sz	false	0	chi16	9.389135231796519e-8	0.0003629071504756415	0.0003629071504756415	0.999466843133828	0.0005331568661719466	0.012197217711817768	NaN	NaN
32	0.125	21	DoubleOcc	false	0	chi16	0.07441174365017102	0.00015823516386452574	0.00015823516386452574	0.999466843133828	0.0005331568661719466	0.012197217711817768	NaN	NaN
32	0.125	21	ZZ onsite	true	2	chi16	-0.4106116887820163	0.0011933985755419596	0.0011933985755419596	0.999466843133828	0.0005331568661719466	0.012197217711817768	19.02317519111586	19.026071817741876
32	0.125	21	ZZ up-up r=1	true	2	chi16	-0.3894957444316806	-0.00803244498040806	0.00803244498040806	0.999466843133828	0.0005331568661719466	0.012197217711817768	16.78323279066945	16.89670060734808
32	0.125	21	SzSz r=1	false	0	chi16	-0.07913986558719568	-0.0012764211512994034	0.0012764211512994034	0.999466843133828	0.0005331568661719466	0.012197217711817768	NaN	NaN
32	0.125	21	hop up r=1	false	0	chi16	0.5093151562880832	0.007729361821015135	0.007729361821015135	0.999466843133828	0.0005331568661719466	0.012197217711817768	NaN	NaN
32	0.125	21	n	false	0	chi32	0.8541293316913516	0.0003451252342496769	0.0003451252342496769	0.9999800907246619	1.990927533812581e-5	0.0032139077645748897	NaN	NaN
32	0.125	21	Sz	false	0	chi32	9.389135231796519e-8	0.00010635907634819197	0.00010635907634819197	0.9999800907246619	1.990927533812581e-5	0.0032139077645748897	NaN	NaN
32	0.125	21	DoubleOcc	false	0	chi32	0.07441174365017102	0.0004007536722430288	0.0004007536722430288	0.9999800907246619	1.990927533812581e-5	0.0032139077645748897	NaN	NaN
32	0.125	21	ZZ onsite	true	2	chi32	-0.4106116887820163	0.0009127642204796449	0.0009127642204796449	0.9999800907246619	1.990927533812581e-5	0.0032139077645748897	19.02437722186662	19.026071817741876
32	0.125	21	ZZ up-up r=1	true	2	chi32	-0.3894957444316806	-0.0041549114935594544	0.0041549114935594544	0.9999800907246619	1.990927533812581e-5	0.0032139077645748897	16.86619061355894	16.89670060734808
32	0.125	21	SzSz r=1	false	0	chi32	-0.07913986558719568	-0.000562509868797384	0.000562509868797384	0.9999800907246619	1.990927533812581e-5	0.0032139077645748897	NaN	NaN
32	0.125	21	hop up r=1	false	0	chi32	0.5093151562880832	0.0020569780023432793	0.0020569780023432793	0.9999800907246619	1.990927533812581e-5	0.0032139077645748897	NaN	NaN
32	0.125	21	n	false	0	UHF	0.8541293316913516	0.12571794347932774	0.12571794347932774	0.6949887334533308	0.3050112665466692	0.5080346778507588	NaN	NaN
32	0.125	21	Sz	false	0	UHF	9.389135231796519e-8	-0.16496000265574134	0.16496000265574134	0.6949887334533308	0.3050112665466692	0.5080346778507588	NaN	NaN
32	0.125	21	DoubleOcc	false	0	UHF	0.07441174365017102	-0.031022210516244375	0.031022210516244375	0.6949887334533308	0.3050112665466692	0.5080346778507588	NaN	NaN
32	0.125	21	ZZ onsite	true	2	UHF	-0.4106116887820163	-0.37552472902363054	0.37552472902363054	0.6949887334533308	0.3050112665466692	0.5080346778507588	1.1834326049510024	19.026071817741876
32	0.125	21	ZZ up-up r=1	true	2	UHF	-0.3894957444316806	-0.24853957929445467	0.24853957929445467	0.6949887334533308	0.3050112665466692	0.5080346778507588	2.261091435154588	16.89670060734808
32	0.125	21	SzSz r=1	false	0	UHF	-0.07913986558719568	0.010113377297331139	0.010113377297331139	0.6949887334533308	0.3050112665466692	0.5080346778507588	NaN	NaN
32	0.125	21	hop up r=1	false	0	UHF	0.5093151562880832	0.19732785574508493	0.19732785574508493	0.6949887334533308	0.3050112665466692	0.5080346778507588	NaN	NaN
32	0.125	21	n	false	0	UHFsym	0.8541293316913516	0.12571794347932808	0.12571794347932808	0.9477346456829456	0.05226535431705437	0.20811381208697066	NaN	NaN
32	0.125	21	Sz	false	0	UHFsym	9.389135231796519e-8	9.389135229020962e-8	9.389135229020962e-8	0.9477346456829456	0.05226535431705437	0.20811381208697066	NaN	NaN
32	0.125	21	DoubleOcc	false	0	UHFsym	0.07441174365017102	-0.031022210516244347	0.031022210516244347	0.9477346456829456	0.05226535431705437	0.20811381208697066	NaN	NaN
32	0.125	21	ZZ onsite	true	2	UHFsym	-0.4106116887820163	-0.37552472902363077	0.37552472902363077	0.9477346456829456	0.05226535431705437	0.20811381208697066	1.183432604951001	19.026071817741876
32	0.125	21	ZZ up-up r=1	true	2	UHFsym	-0.3894957444316806	-0.08015567489687164	0.08015567489687164	0.9477346456829456	0.05226535431705437	0.20811381208697066	10.098191220247573	16.89670060734808
32	0.125	21	SzSz r=1	false	0	UHFsym	-0.07913986558719568	-0.03108094302106682	0.03108094302106682	0.9477346456829456	0.05226535431705437	0.20811381208697066	NaN	NaN
32	0.125	21	hop up r=1	false	0	UHFsym	0.5093151562880832	0.0005461939933829596	0.0005461939933829596	0.9477346456829456	0.05226535431705437	0.20811381208697066	NaN	NaN
32	0.125	22	n	false	0	chi2	0.8766219732549372	-0.12337802674506482	0.12337802674506482	0.41477311259287947	0.5852268874071205	0.6361334971467854	NaN	NaN
32	0.125	22	Sz	false	0	chi2	6.755068659991537e-8	3.149049316618656e-7	3.149049316618656e-7	0.41477311259287947	0.5852268874071205	0.6361334971467854	NaN	NaN
32	0.125	22	DoubleOcc	false	0	chi2	0.08022649076320394	0.08022649076320394	0.08022649076320394	0.41477311259287947	0.5852268874071205	0.6361334971467854	NaN	NaN
32	0.125	22	ZZ onsite	true	2	chi2	-0.4323379834570546	0.5676620165429458	0.5676620165429458	0.41477311259287947	0.5852268874071205	0.6361334971467854	0.5916439489980319	21.434260149775913
32	0.125	22	ZZ up-up r=1	true	2	chi2	-0.4533758442625428	0.5466241557373952	0.5466241557373952	0.41477311259287947	0.5852268874071205	0.6361334971467854	0.6969855568460555	23.998392145352053
32	0.125	22	SzSz r=1	false	0	chi2	-0.09305186952958812	0.1569481304703952	0.1569481304703952	0.41477311259287947	0.5852268874071205	0.6361334971467854	NaN	NaN
32	0.125	22	hop up r=1	false	0	chi2	0.540484575049069	0.540484575049069	0.540484575049069	0.41477311259287947	0.5852268874071205	0.6361334971467854	NaN	NaN
32	0.125	22	n	false	0	chi4	0.8766219732549372	-0.022769677029708446	0.022769677029708446	0.9095819364511	0.09041806354890003	0.1887201400492956	NaN	NaN
32	0.125	22	Sz	false	0	chi4	6.755068659991537e-8	0.028159796048286417	0.028159796048286417	0.9095819364511	0.09041806354890003	0.1887201400492956	NaN	NaN
32	0.125	22	DoubleOcc	false	0	chi4	0.08022649076320394	-0.033810276417097995	0.033810276417097995	0.9095819364511	0.09041806354890003	0.1887201400492956	NaN	NaN
32	0.125	22	ZZ onsite	true	2	chi4	-0.4323379834570546	-0.08970175160897687	0.08970175160897687	0.9095819364511	0.09041806354890003	0.1887201400492956	11.403275115648363	21.434260149775913
32	0.125	22	ZZ up-up r=1	true	2	chi4	-0.4533758442625428	0.13878393541632544	0.13878393541632544	0.9095819364511	0.09041806354890003	0.1887201400492956	7.606321764905376	23.998392145352053
32	0.125	22	SzSz r=1	false	0	chi4	-0.09305186952958812	0.029259793796288444	0.029259793796288444	0.9095819364511	0.09041806354890003	0.1887201400492956	NaN	NaN
32	0.125	22	hop up r=1	false	0	chi4	0.540484575049069	-0.12127647669431973	0.12127647669431973	0.9095819364511	0.09041806354890003	0.1887201400492956	NaN	NaN
32	0.125	22	n	false	0	chi8	0.8766219732549372	-0.01067079427849471	0.01067079427849471	0.9969684303642523	0.0030315696357476885	0.04382810745655893	NaN	NaN
32	0.125	22	Sz	false	0	chi8	6.755068659991537e-8	0.0020742535373940996	0.0020742535373940996	0.9969684303642523	0.0030315696357476885	0.04382810745655893	NaN	NaN
32	0.125	22	DoubleOcc	false	0	chi8	0.08022649076320394	0.004608050356310345	0.004608050356310345	0.9969684303642523	0.0030315696357476885	0.04382810745655893	NaN	NaN
32	0.125	22	ZZ onsite	true	2	chi8	-0.4323379834570546	0.03977378998223058	0.03977378998223058	0.9969684303642523	0.0030315696357476885	0.04382810745655893	18.273895331922642	21.434260149775913
32	0.125	22	ZZ up-up r=1	true	2	chi8	-0.4533758442625428	-0.019453182762095456	0.019453182762095456	0.9969684303642523	0.0030315696357476885	0.04382810745655893	23.02354990151686	23.998392145352053
32	0.125	22	SzSz r=1	false	0	chi8	-0.09305186952958812	-0.0019167440082326764	0.0019167440082326764	0.9969684303642523	0.0030315696357476885	0.04382810745655893	NaN	NaN
32	0.125	22	hop up r=1	false	0	chi8	0.540484575049069	0.03443834263816958	0.03443834263816958	0.9969684303642523	0.0030315696357476885	0.04382810745655893	NaN	NaN
32	0.125	22	n	false	0	chi16	0.8766219732549372	-0.001322993674652495	0.001322993674652495	0.9990196451567647	0.0009803548432353315	0.016453291425861376	NaN	NaN
32	0.125	22	Sz	false	0	chi16	6.755068659991537e-8	0.00024339757711185073	0.00024339757711185073	0.9990196451567647	0.0009803548432353315	0.016453291425861376	NaN	NaN
32	0.125	22	DoubleOcc	false	0	chi16	0.08022649076320394	0.000215249879410781	0.000215249879410781	0.9990196451567647	0.0009803548432353315	0.016453291425861376	NaN	NaN
32	0.125	22	ZZ onsite	true	2	chi16	-0.4323379834570546	0.0035069868669538873	0.0035069868669538873	0.9990196451567647	0.0009803548432353315	0.016453291425861376	21.40547918377443	21.434260149775913
32	0.125	22	ZZ up-up r=1	true	2	chi16	-0.4533758442625428	-0.009595539392188768	0.009595539392188768	0.9990196451567647	0.0009803548432353315	0.016453291425861376	23.75368285405481	23.998392145352053
32	0.125	22	SzSz r=1	false	0	chi16	-0.09305186952958812	-0.002665140446816386	0.002665140446816386	0.9990196451567647	0.0009803548432353315	0.016453291425861376	NaN	NaN
32	0.125	22	hop up r=1	false	0	chi16	0.540484575049069	0.011314928456130802	0.011314928456130802	0.9990196451567647	0.0009803548432353315	0.016453291425861376	NaN	NaN
32	0.125	22	n	false	0	chi32	0.8766219732549372	-6.267721974706486e-5	6.267721974706486e-5	0.9999834979952723	1.6502004727692032e-5	0.0024045775053065273	NaN	NaN
32	0.125	22	Sz	false	0	chi32	6.755068659991537e-8	-4.917728360240292e-5	4.917728360240292e-5	0.9999834979952723	1.6502004727692032e-5	0.0024045775053065273	NaN	NaN
32	0.125	22	DoubleOcc	false	0	chi32	0.08022649076320394	-4.091572608429239e-5	4.091572608429239e-5	0.9999834979952723	1.6502004727692032e-5	0.0024045775053065273	NaN	NaN
32	0.125	22	ZZ onsite	true	2	chi32	-0.4323379834570546	-3.830846483404704e-5	3.830846483404704e-5	0.9999834979952723	1.6502004727692032e-5	0.0024045775053065273	21.434256710951054	21.434260149775913
32	0.125	22	ZZ up-up r=1	true	2	chi32	-0.4533758442625428	-0.002263954745878427	0.002263954745878427	0.9999834979952723	1.6502004727692032e-5	0.0024045775053065273	23.98463750110353	23.998392145352053
32	0.125	22	SzSz r=1	false	0	chi32	-0.09305186952958812	-0.00022382883955530952	0.00022382883955530952	0.9999834979952723	1.6502004727692032e-5	0.0024045775053065273	NaN	NaN
32	0.125	22	hop up r=1	false	0	chi32	0.540484575049069	0.0011404921406016344	0.0011404921406016344	0.9999834979952723	1.6502004727692032e-5	0.0024045775053065273	NaN	NaN
32	0.125	22	n	false	0	UHF	0.8766219732549372	-0.006730792462162016	0.006730792462162016	0.6594648589493778	0.3405351410506222	0.5446534498807152	NaN	NaN
32	0.125	22	Sz	false	0	UHF	6.755068659991537e-8	0.3155741612233456	0.3155741612233456	0.6594648589493778	0.3405351410506222	0.5446534498807152	NaN	NaN
32	0.125	22	DoubleOcc	false	0	UHF	0.08022649076320394	-0.015264527814487963	0.015264527814487963	0.6594648589493778	0.3405351410506222	0.5446534498807152	NaN	NaN
32	0.125	22	ZZ onsite	true	2	UHF	-0.4323379834570546	-0.0475965263336236	0.0475965263336236	0.6594648589493778	0.3405351410506222	0.5446534498807152	17.179515024290993	21.434260149775913
32	0.125	22	ZZ up-up r=1	true	2	UHF	-0.4533758442625428	0.34328881660442173	0.34328881660442173	0.6594648589493778	0.3405351410506222	0.5446534498807152	1.6917426993735347	23.998392145352053
32	0.125	22	SzSz r=1	false	0	UHF	-0.09305186952958812	0.04875340490997547	0.04875340490997547	0.6594648589493778	0.3405351410506222	0.5446534498807152	NaN	NaN
32	0.125	22	hop up r=1	false	0	UHF	0.540484575049069	0.00465267879754816	0.00465267879754816	0.6594648589493778	0.3405351410506222	0.5446534498807152	NaN	NaN
32	0.125	22	n	false	0	UHFsym	0.8766219732549372	-0.006730792462162127	0.006730792462162127	0.9420776816022639	0.057922318397736094	0.20194427490698744	NaN	NaN
32	0.125	22	Sz	false	0	UHFsym	6.755068659991537e-8	6.755068661379315e-8	6.755068661379315e-8	0.9420776816022639	0.057922318397736094	0.20194427490698744	NaN	NaN
32	0.125	22	DoubleOcc	false	0	UHFsym	0.08022649076320394	-0.015264527814487935	0.015264527814487935	0.9420776816022639	0.057922318397736094	0.20194427490698744	NaN	NaN
32	0.125	22	ZZ onsite	true	2	UHFsym	-0.4323379834570546	-0.04759652633362349	0.04759652633362349	0.9420776816022639	0.057922318397736094	0.20194427490698744	17.17951502429101	21.434260149775913
32	0.125	22	ZZ up-up r=1	true	2	UHFsym	-0.4533758442625428	-0.09239432740544634	0.09239432740544634	0.9420776816022639	0.057922318397736094	0.20194427490698744	12.27445398553361	23.998392145352053
32	0.125	22	SzSz r=1	false	0	UHFsym	-0.09305186952958812	-0.02868016480364312	0.02868016480364312	0.9420776816022639	0.057922318397736094	0.20194427490698744	NaN	NaN
32	0.125	22	hop up r=1	false	0	UHFsym	0.540484575049069	0.08030192862395125	0.08030192862395125	0.9420776816022639	0.057922318397736094	0.20194427490698744	NaN	NaN
32	0.125	23	n	false	0	chi2	0.8680922721266174	-0.13190772787339256	0.13190772787339256	0.4431776982249808	0.5568223017750191	0.6449386792023876	NaN	NaN
32	0.125	23	Sz	false	0	chi2	1.32363165844529e-7	-1.1499109241197569e-7	1.1499109241197569e-7	0.4431776982249808	0.5568223017750191	0.6449386792023876	NaN	NaN
32	0.125	23	DoubleOcc	false	0	chi2	0.07629393653924761	0.07629393653924117	0.07629393653924117	0.4431776982249808	0.5568223017750191	0.6449386792023876	NaN	NaN
32	0.125	23	ZZ onsite	true	2	chi2	-0.43100879809624043	0.5689912019037502	0.5689912019037502	0.4431776982249808	0.5568223017750191	0.6449386792023876	0.5855277657476279	21.280184111923578
32	0.125	23	ZZ up-up r=1	true	2	chi2	-0.36980512065553467	-0.36980512065500143	0.36980512065500143	0.4431776982249808	0.5568223017750191	0.6449386792023876	1.0000000000026925	15.081848355781526
32	0.125	23	SzSz r=1	false	0	chi2	-0.07530409413433922	-0.07530409413420752	0.07530409413420752	0.4431776982249808	0.5568223017750191	0.6449386792023876	NaN	NaN
32	0.125	23	hop up r=1	false	0	chi2	0.48877773068813724	0.48877773068811003	0.48877773068811003	0.4431776982249808	0.5568223017750191	0.6449386792023876	NaN	NaN
32	0.125	23	n	false	0	chi4	0.8680922721266174	0.005131765380198883	0.005131765380198883	0.8479010869370333	0.15209891306296675	0.3382237375698599	NaN	NaN
32	0.125	23	Sz	false	0	chi4	1.32363165844529e-7	-0.016605338409267822	0.016605338409267822	0.8479010869370333	0.15209891306296675	0.3382237375698599	NaN	NaN
32	0.125	23	DoubleOcc	false	0	chi4	0.07629393653924761	0.0021052331939809543	0.0021052331939809543	0.8479010869370333	0.15209891306296675	0.3382237375698599	NaN	NaN
32	0.125	23	ZZ onsite	true	2	chi4	-0.43100879809624043	-0.0018425979844747253	0.0018425979844747253	0.8479010869370333	0.15209891306296675	0.3382237375698599	21.272299592145473	21.280184111923578
32	0.125	23	ZZ up-up r=1	true	2	chi4	-0.36980512065553467	-0.2934169399433633	0.2934169399433633	0.8479010869370333	0.15209891306296675	0.3382237375698599	1.5288067208629068	15.081848355781526
32	0.125	23	SzSz r=1	false	0	chi4	-0.07530409413433922	-0.07328046554461648	0.07328046554461648	0.8479010869370333	0.15209891306296675	0.3382237375698599	NaN	NaN
32	0.125	23	hop up r=1	false	0	chi4	0.48877773068813724	0.22120328885896556	0.22120328885896556	0.8479010869370333	0.15209891306296675	0.3382237375698599	NaN	NaN
32	0.125	23	n	false	0	chi8	0.8680922721266174	-0.008617598800457427	0.008617598800457427	0.9900708759451687	0.009929124054831262	0.08127853890653935	NaN	NaN
32	0.125	23	Sz	false	0	chi8	1.32363165844529e-7	0.0025501257891209113	0.0025501257891209113	0.9900708759451687	0.009929124054831262	0.08127853890653935	NaN	NaN
32	0.125	23	DoubleOcc	false	0	chi8	0.07629393653924761	0.001196698490765341	0.001196698490765341	0.9900708759451687	0.009929124054831262	0.08127853890653935	NaN	NaN
32	0.125	23	ZZ onsite	true	2	chi8	-0.43100879809624043	0.02202199156397633	0.02202199156397633	0.9900708759451687	0.009929124054831262	0.08127853890653935	20.210185753047753	21.280184111923578
32	0.125	23	ZZ up-up r=1	true	2	chi8	-0.36980512065553467	-0.08881318243273006	0.08881318243273006	0.9900708759451687	0.009929124054831262	0.08127853890653935	8.322348312650204	15.081848355781526
32	0.125	23	SzSz r=1	false	0	chi8	-0.07530409413433922	-0.008182078152665737	0.008182078152665737	0.9900708759451687	0.009929124054831262	0.08127853890653935	NaN	NaN
32	0.125	23	hop up r=1	false	0	chi8	0.48877773068813724	0.06388264427901374	0.06388264427901374	0.9900708759451687	0.009929124054831262	0.08127853890653935	NaN	NaN
32	0.125	23	n	false	0	chi16	0.8680922721266174	0.00042610964808453833	0.00042610964808453833	0.9995808695050911	0.00041913049490893695	0.00998374092149983	NaN	NaN
32	0.125	23	Sz	false	0	chi16	1.32363165844529e-7	-0.0007617866165360587	0.0007617866165360587	0.9995808695050911	0.00041913049490893695	0.00998374092149983	NaN	NaN
32	0.125	23	DoubleOcc	false	0	chi16	0.07629393653924761	0.000819319518220743	0.000819319518220743	0.9995808695050911	0.00041913049490893695	0.00998374092149983	NaN	NaN
32	0.125	23	ZZ onsite	true	2	chi16	-0.43100879809624043	0.0024250587767183363	0.0024250587767183363	0.9995808695050911	0.00041913049490893695	0.00998374092149983	21.2665307120912	21.280184111923578
32	0.125	23	ZZ up-up r=1	true	2	chi16	-0.36980512065553467	-0.002725016841001071	0.002725016841001071	0.9995808695050911	0.00041913049490893695	0.00998374092149983	15.070325110008056	15.081848355781526
32	0.125	23	SzSz r=1	false	0	chi16	-0.07530409413433922	-0.0008580849731163881	0.0008580849731163881	0.9995808695050911	0.00041913049490893695	0.00998374092149983	NaN	NaN
32	0.125	23	hop up r=1	false	0	chi16	0.48877773068813724	0.008196207245311282	0.008196207245311282	0.9995808695050911	0.00041913049490893695	0.00998374092149983	NaN	NaN
32	0.125	23	n	false	0	chi32	0.8680922721266174	-8.600474487641119e-5	8.600474487641119e-5	0.9999897358866693	1.0264113330715752e-5	0.002450933312703103	NaN	NaN
32	0.125	23	Sz	false	0	chi32	1.32363165844529e-7	-9.356388802450599e-5	9.356388802450599e-5	0.9999897358866693	1.0264113330715752e-5	0.002450933312703103	NaN	NaN
32	0.125	23	DoubleOcc	false	0	chi32	0.07629393653924761	7.30045647838462e-5	7.30045647838462e-5	0.9999897358866693	1.0264113330715752e-5	0.002450933312703103	NaN	NaN
32	0.125	23	ZZ onsite	true	2	chi32	-0.43100879809624043	0.00046402774889797715	0.00046402774889797715	0.9999897358866693	1.0264113330715752e-5	0.002450933312703103	21.27968390154391	21.280184111923578
32	0.125	23	ZZ up-up r=1	true	2	chi32	-0.36980512065553467	-0.0027739689532274014	0.0027739689532274014	0.9999897358866693	1.0264113330715752e-5	0.002450933312703103	15.069907715721264	15.081848355781526
32	0.125	23	SzSz r=1	false	0	chi32	-0.07530409413433922	-0.0006059966732387678	0.0006059966732387678	0.9999897358866693	1.0264113330715752e-5	0.002450933312703103	NaN	NaN
32	0.125	23	hop up r=1	false	0	chi32	0.48877773068813724	0.0016163944268501873	0.0016163944268501873	0.9999897358866693	1.0264113330715752e-5	0.002450933312703103	NaN	NaN
32	0.125	23	n	false	0	UHF	0.8680922721266174	-0.08689388237568096	0.08689388237568096	0.5973771080961046	0.40262289190389544	0.5817909159841377	NaN	NaN
32	0.125	23	Sz	false	0	UHF	1.32363165844529e-7	-0.3632074854481081	0.3632074854481081	0.5973771080961046	0.40262289190389544	0.5817909159841377	NaN	NaN
32	0.125	23	DoubleOcc	false	0	UHF	0.07629393653924761	-0.01978592864738392	0.01978592864738392	0.5973771080961046	0.40262289190389544	0.5817909159841377	NaN	NaN
32	0.125	23	ZZ onsite	true	2	UHF	-0.43100879809624043	0.09464405016183025	0.09464405016183025	0.5973771080961046	0.40262289190389544	0.5817909159841377	10.759079078758177	21.280184111923578
32	0.125	23	ZZ up-up r=1	true	2	UHF	-0.36980512065553467	0.33873685589935015	0.33873685589935015	0.5973771080961046	0.40262289190389544	0.5817909159841377	1.176877741117299	15.081848355781526
32	0.125	23	SzSz r=1	false	0	UHF	-0.07530409413433922	0.08592591214855314	0.08592591214855314	0.5973771080961046	0.40262289190389544	0.5817909159841377	NaN	NaN
32	0.125	23	hop up r=1	false	0	UHF	0.48877773068813724	0.06374637388049537	0.06374637388049537	0.5973771080961046	0.40262289190389544	0.5817909159841377	NaN	NaN
32	0.125	23	n	false	0	UHFsym	0.8680922721266174	-0.08689388237568108	0.08689388237568108	0.9392768375962661	0.06072316240373388	0.187795905113551	NaN	NaN
32	0.125	23	Sz	false	0	UHFsym	1.32363165844529e-7	1.3236316588616237e-7	1.3236316588616237e-7	0.9392768375962661	0.06072316240373388	0.187795905113551	NaN	NaN
32	0.125	23	DoubleOcc	false	0	UHFsym	0.07629393653924761	-0.019785928647383585	0.019785928647383585	0.9392768375962661	0.06072316240373388	0.187795905113551	NaN	NaN
32	0.125	23	ZZ onsite	true	2	UHFsym	-0.43100879809624043	0.0946440501618318	0.0946440501618318	0.9392768375962661	0.06072316240373388	0.187795905113551	10.759079078758	21.280184111923578
32	0.125	23	ZZ up-up r=1	true	2	UHFsym	-0.36980512065553467	0.008539668221143382	0.008539668221143382	0.9392768375962661	0.06072316240373388	0.187795905113551	14.969439286640293	15.081848355781526
32	0.125	23	SzSz r=1	false	0	UHFsym	-0.07530409413433922	-0.005204717580758703	0.005204717580758703	0.9392768375962661	0.06072316240373388	0.187795905113551	NaN	NaN
32	0.125	23	hop up r=1	false	0	UHFsym	0.48877773068813724	0.044254525739831074	0.044254525739831074	0.9392768375962661	0.06072316240373388	0.187795905113551	NaN	NaN
32	0.125	24	n	false	0	chi2	0.8774070809664757	-0.12259291903352099	0.12259291903352099	0.43179881687261806	0.5682011831273819	0.6232496403750591	NaN	NaN
32	0.125	24	Sz	false	0	chi2	1.9244259685802234e-8	5.517627470775148e-7	5.517627470775148e-7	0.43179881687261806	0.5682011831273819	0.6232496403750591	NaN	NaN
32	0.125	24	DoubleOcc	false	0	chi2	0.07845780628746439	0.07845780628746439	0.07845780628746439	0.43179881687261806	0.5682011831273819	0.6232496403750591	NaN	NaN
32	0.125	24	ZZ onsite	true	2	chi2	-0.4409829367830898	0.5590170632169003	0.5590170632169003	0.43179881687261806	0.5682011831273819	0.6232496403750591	0.6329354729155467	22.45888467548966
32	0.125	24	ZZ up-up r=1	true	2	chi2	-0.4745161638224701	0.5254838361774862	0.5254838361774862	0.43179881687261806	0.5682011831273819	0.6232496403750591	0.8210719829416586	26.83096313443064
32	0.125	24	SzSz r=1	false	0	chi2	-0.09780789398526216	0.15219210601472766	0.15219210601472766	0.43179881687261806	0.5682011831273819	0.6232496403750591	NaN	NaN
32	0.125	24	hop up r=1	false	0	chi2	0.5468694651413936	0.5468694651413936	0.5468694651413936	0.43179881687261806	0.5682011831273819	0.6232496403750591	NaN	NaN
32	0.125	24	n	false	0	chi4	0.8774070809664757	-0.004491305005533852	0.004491305005533852	0.8335435432004404	0.16645645679955956	0.23649956478148015	NaN	NaN
32	0.125	24	Sz	false	0	chi4	1.9244259685802234e-8	0.010977837825033969	0.010977837825033969	0.8335435432004404	0.16645645679955956	0.23649956478148015	NaN	NaN
32	0.125	24	DoubleOcc	false	0	chi4	0.07845780628746439	-0.012633746657447861	0.012633746657447861	0.8335435432004404	0.16645645679955956	0.23649956478148015	NaN	NaN
32	0.125	24	ZZ onsite	true	2	chi4	-0.4409829367830898	-0.04155237661872507	0.04155237661872507	0.8335435432004404	0.16645645679955956	0.23649956478148015	18.8646664433181	22.45888467548966
32	0.125	24	ZZ up-up r=1	true	2	chi4	-0.4745161638224701	0.19890684265613	0.19890684265613	0.8335435432004404	0.16645645679955956	0.23649956478148015	4.844211031632949	26.83096313443064
32	0.125	24	SzSz r=1	false	0	chi4	-0.09780789398526216	0.04885299629892581	0.04885299629892581	0.8335435432004404	0.16645645679955956	0.23649956478148015	NaN	NaN
32	0.125	24	hop up r=1	false	0	chi4	0.5468694651413936	-0.08559957565446819	0.08559957565446819	0.8335435432004404	0.16645645679955956	0.23649956478148015	NaN	NaN
32	0.125	24	n	false	0	chi8	0.8774070809664757	-0.011043614775374078	0.011043614775374078	0.9971989264377774	0.002801073562222589	0.04269353790855733	NaN	NaN
32	0.125	24	Sz	false	0	chi8	1.9244259685802234e-8	0.0016817906325213017	0.0016817906325213017	0.9971989264377774	0.002801073562222589	0.04269353790855733	NaN	NaN
32	0.125	24	DoubleOcc	false	0	chi8	0.07845780628746439	0.00520934093281919	0.00520934093281919	0.9971989264377774	0.002801073562222589	0.04269353790855733	NaN	NaN
32	0.125	24	ZZ onsite	true	2	chi8	-0.4409829367830898	0.04292459328202458	0.04292459328202458	0.9971989264377774	0.002801073562222589	0.04269353790855733	18.664130009225104	22.45888467548966
32	0.125	24	ZZ up-up r=1	true	2	chi8	-0.4745161638224701	-0.03664580259490113	0.03664580259490113	0.9971989264377774	0.002801073562222589	0.04269353790855733	23.24921282703519	26.83096313443064
32	0.125	24	SzSz r=1	false	0	chi8	-0.09780789398526216	-0.0024545369422688396	0.0024545369422688396	0.9971989264377774	0.002801073562222589	0.04269353790855733	NaN	NaN
32	0.125	24	hop up r=1	false	0	chi8	0.5468694651413936	0.04259356900219302	0.04259356900219302	0.9971989264377774	0.002801073562222589	0.04269353790855733	NaN	NaN
32	0.125	24	n	false	0	chi16	0.8774070809664757	-0.000844205408868981	0.000844205408868981	0.998625819992455	0.0013741800075449673	0.019930551116442114	NaN	NaN
32	0.125	24	Sz	false	0	chi16	1.9244259685802234e-8	-0.0011583600393600124	0.0011583600393600124	0.998625819992455	0.0013741800075449673	0.019930551116442114	NaN	NaN
32	0.125	24	DoubleOcc	false	0	chi16	0.07845780628746439	0.000991163828385641	0.000991163828385641	0.998625819992455	0.0013741800075449673	0.019930551116442114	NaN	NaN
32	0.125	24	ZZ onsite	true	2	chi16	-0.4409829367830898	0.005653066131284967	0.005653066131284967	0.998625819992455	0.0013741800075449673	0.019930551116442114	22.379963946244356	22.45888467548966
32	0.125	24	ZZ up-up r=1	true	2	chi16	-0.4745161638224701	-0.007223917582850292	0.007223917582850292	0.998625819992455	0.0013741800075449673	0.019930551116442114	26.67129134713622	26.83096313443064
32	0.125	24	SzSz r=1	false	0	chi16	-0.09780789398526216	-0.0014780906719562836	0.0014780906719562836	0.998625819992455	0.0013741800075449673	0.019930551116442114	NaN	NaN
32	0.125	24	hop up r=1	false	0	chi16	0.5468694651413936	0.021131095122828736	0.021131095122828736	0.998625819992455	0.0013741800075449673	0.019930551116442114	NaN	NaN
32	0.125	24	n	false	0	chi32	0.8774070809664757	-0.00011085487317008536	0.00011085487317008536	0.9999900573293979	9.94267060205889e-6	0.0017696660121565106	NaN	NaN
32	0.125	24	Sz	false	0	chi32	1.9244259685802234e-8	5.579420047953365e-5	5.579420047953365e-5	0.9999900573293979	9.94267060205889e-6	0.0017696660121565106	NaN	NaN
32	0.125	24	DoubleOcc	false	0	chi32	0.07845780628746439	2.9746642549677293e-5	2.9746642549677293e-5	0.9999900573293979	9.94267060205889e-6	0.0017696660121565106	NaN	NaN
32	0.125	24	ZZ onsite	true	2	chi32	-0.4409829367830898	0.0003406963165485388	0.0003406963165485388	0.9999900573293979	9.94267060205889e-6	0.0017696660121565106	22.458597014431355	22.45888467548966
32	0.125	24	ZZ up-up r=1	true	2	chi32	-0.4745161638224701	-0.0014092492223420905	0.0014092492223420905	0.9999900573293979	9.94267060205889e-6	0.0017696660121565106	26.824851582398683	26.83096313443064
32	0.125	24	SzSz r=1	false	0	chi32	-0.09780789398526216	-6.527905496751807e-5	6.527905496751807e-5	0.9999900573293979	9.94267060205889e-6	0.0017696660121565106	NaN	NaN
32	0.125	24	hop up r=1	false	0	chi32	0.5468694651413936	0.0007102079794064631	0.0007102079794064631	0.9999900573293979	9.94267060205889e-6	0.0017696660121565106	NaN	NaN
32	0.125	24	n	false	0	UHF	0.8774070809664757	-0.09941953167155504	0.09941953167155504	0.6241688872382016	0.37583111276179837	0.5778537496542071	NaN	NaN
32	0.125	24	Sz	false	0	UHF	1.9244259685802234e-8	0.37576968404415473	0.37576968404415473	0.6241688872382016	0.37583111276179837	0.5778537496542071	NaN	NaN
32	0.125	24	DoubleOcc	false	0	UHF	0.07845780628746439	-0.01888691051818235	0.01888691051818235	0.6241688872382016	0.37583111276179837	0.5778537496542071	NaN	NaN
32	0.125	24	ZZ onsite	true	2	UHF	-0.4409829367830898	0.12329142127038445	0.12329142127038445	0.6241688872382016	0.37583111276179837	0.5778537496542071	8.388407657723667	22.45888467548966
32	0.125	24	ZZ up-up r=1	true	2	UHF	-0.4745161638224701	0.24559581535245756	0.24559581535245756	0.6241688872382016	0.37583111276179837	0.5778537496542071	3.387922293400376	26.83096313443064
32	0.125	24	SzSz r=1	false	0	UHF	-0.09780789398526216	0.06441622110732198	0.06441622110732198	0.6241688872382016	0.37583111276179837	0.5778537496542071	NaN	NaN
32	0.125	24	hop up r=1	false	0	UHF	0.5468694651413936	0.11788228589316263	0.11788228589316263	0.6241688872382016	0.37583111276179837	0.5778537496542071	NaN	NaN
32	0.125	24	n	false	0	UHFsym	0.8774070809664757	-0.09941953167155482	0.09941953167155482	0.9152125252652402	0.08478747473475978	0.2240840321978862	NaN	NaN
32	0.125	24	Sz	false	0	UHFsym	1.9244259685802234e-8	1.9244259699680022e-8	1.9244259699680022e-8	0.9152125252652402	0.08478747473475978	0.2240840321978862	NaN	NaN
32	0.125	24	DoubleOcc	false	0	UHFsym	0.07845780628746439	-0.01888691051818235	0.01888691051818235	0.9152125252652402	0.08478747473475978	0.2240840321978862	NaN	NaN
32	0.125	24	ZZ onsite	true	2	UHFsym	-0.4409829367830898	0.12329142127038434	0.12329142127038434	0.9152125252652402	0.08478747473475978	0.2240840321978862	8.388407657723675	22.45888467548966
32	0.125	24	ZZ up-up r=1	true	2	UHFsym	-0.4745161638224701	-0.09515724928273611	0.09515724928273611	0.9152125252652402	0.08478747473475978	0.2240840321978862	13.160322470929533	26.83096313443064
32	0.125	24	SzSz r=1	false	0	UHFsym	-0.09780789398526216	-0.027404423916195436	0.027404423916195436	0.9152125252652402	0.08478747473475978	0.2240840321978862	NaN	NaN
32	0.125	24	hop up r=1	false	0	UHFsym	0.5468694651413936	0.10288088651651656	0.10288088651651656	0.9152125252652402	0.08478747473475978	0.2240840321978862	NaN	NaN
32	0.125	25	n	false	0	chi2	0.87905745069228	-0.12094254930772641	0.12094254930772641	0.4388878353921373	0.5611121646078627	0.6473271621764478	NaN	NaN
32	0.125	25	Sz	false	0	chi2	2.0043542886538646e-7	-3.320830642139505e-7	3.320830642139505e-7	0.4388878353921373	0.5611121646078627	0.6473271621764478	NaN	NaN
32	0.125	25	DoubleOcc	false	0	chi2	0.07903227524774606	0.07903227524774253	0.07903227524774253	0.4388878353921373	0.5611121646078627	0.6473271621764478	NaN	NaN
32	0.125	25	ZZ onsite	true	2	chi2	-0.4419858003935714	0.5580141996064245	0.5580141996064245	0.4388878353921373	0.5611121646078627	0.6473271621764478	0.6379002491350972	22.580319861046735
32	0.125	25	ZZ up-up r=1	true	2	chi2	-0.3660119512855411	-0.3660119512845574	0.3660119512845574	0.4388878353921373	0.5611121646078627	0.6473271621764478	1.0000000000050109	14.749991841742895
32	0.125	25	SzSz r=1	false	0	chi2	-0.07443450839314619	-0.07443450839290112	0.07443450839290112	0.4388878353921373	0.5611121646078627	0.6473271621764478	NaN	NaN
32	0.125	25	hop up r=1	false	0	chi2	0.48973260794000684	0.48973260793999235	0.48973260793999235	0.4388878353921373	0.5611121646078627	0.6473271621764478	NaN	NaN
32	0.125	25	n	false	0	chi4	0.87905745069228	-0.008879820188178678	0.008879820188178678	0.8690031944593436	0.1309968055406564	0.31012615430313556	NaN	NaN
32	0.125	25	Sz	false	0	chi4	2.0043542886538646e-7	-0.010209471163076304	0.010209471163076304	0.8690031944593436	0.1309968055406564	0.31012615430313556	NaN	NaN
32	0.125	25	DoubleOcc	false	0	chi4	0.07903227524774606	-0.0006701463355294479	0.0006701463355294479	0.8690031944593436	0.1309968055406564	0.31012615430313556	NaN	NaN
32	0.125	25	ZZ onsite	true	2	chi4	-0.4419858003935714	0.015079055034238897	0.015079055034238897	0.8690031944593436	0.1309968055406564	0.31012615430313556	22.027039038369534	22.580319861046735
32	0.125	25	ZZ up-up r=1	true	2	chi4	-0.3660119512855411	-0.2980347450040651	0.2980347450040651	0.8690031944593436	0.1309968055406564	0.31012615430313556	1.4579601876664463	14.749991841742895
32	0.125	25	SzSz r=1	false	0	chi4	-0.07443450839314619	-0.06668868303227143	0.06668868303227143	0.8690031944593436	0.1309968055406564	0.31012615430313556	NaN	NaN
32	0.125	25	hop up r=1	false	0	chi4	0.48973260794000684	0.17502829814403303	0.17502829814403303	0.8690031944593436	0.1309968055406564	0.31012615430313556	NaN	NaN
32	0.125	25	n	false	0	chi8	0.87905745069228	-0.010562991581711034	0.010562991581711034	0.9905935935809507	0.009406406419049329	0.08208661200465256	NaN	NaN
32	0.125	25	Sz	false	0	chi8	2.0043542886538646e-7	-0.0009028149537274044	0.0009028149537274044	0.9905935935809507	0.009406406419049329	0.08208661200465256	NaN	NaN
32	0.125	25	DoubleOcc	false	0	chi8	0.07903227524774606	0.0034554847511181347	0.0034554847511181347	0.9905935935809507	0.009406406419049329	0.08208661200465256	NaN	NaN
32	0.125	25	ZZ onsite	true	2	chi8	-0.4419858003935714	0.034947922167895495	0.034947922167895495	0.9905935935809507	0.009406406419049329	0.08208661200465256	19.8959157447268	22.580319861046735
32	0.125	25	ZZ up-up r=1	true	2	chi8	-0.3660119512855411	-0.03256637791647776	0.03256637791647776	0.9905935935809507	0.009406406419049329	0.08208661200465256	13.301995030783148	14.749991841742895
32	0.125	25	SzSz r=1	false	0	chi8	-0.07443450839314619	-0.005925181106693364	0.005925181106693364	0.9905935935809507	0.009406406419049329	0.08208661200465256	NaN	NaN
32	0.125	25	hop up r=1	false	0	chi8	0.48973260794000684	0.051505557449761374	0.051505557449761374	0.9905935935809507	0.009406406419049329	0.08208661200465256	NaN	NaN
32	0.125	25	n	false	0	chi16	0.87905745069228	0.0004471725893459011	0.0004471725893459011	0.9997003852114748	0.0002996147885252487	0.009043234688404359	NaN	NaN
32	0.125	25	Sz	false	0	chi16	2.0043542886538646e-7	-0.00027881126352684305	0.00027881126352684305	0.9997003852114748	0.0002996147885252487	0.009043234688404359	NaN	NaN
32	0.125	25	DoubleOcc	false	0	chi16	0.07903227524774606	0.0013853730901829675	0.0013853730901829675	0.9997003852114748	0.0002996147885252487	0.009043234688404359	NaN	NaN
32	0.125	25	ZZ onsite	true	2	chi16	-0.4419858003935714	0.004647147182045286	0.004647147182045286	0.9997003852114748	0.0002996147885252487	0.009043234688404359	22.526578417283712	22.580319861046735
32	0.125	25	ZZ up-up r=1	true	2	chi16	-0.3660119512855411	-0.0029530336594110196	0.0029530336594110196	0.9997003852114748	0.0002996147885252487	0.009043234688404359	14.736801624778943	14.749991841742895
32	0.125	25	SzSz r=1	false	0	chi16	-0.07443450839314619	-0.001146988698712409	0.001146988698712409	0.9997003852114748	0.0002996147885252487	0.009043234688404359	NaN	NaN
32	0.125	25	hop up r=1	false	0	chi16	0.48973260794000684	0.007428322445188318	0.007428322445188318	0.9997003852114748	0.0002996147885252487	0.009043234688404359	NaN	NaN
32	0.125	25	n	false	0	chi32	0.87905745069228	-0.00024960425172737555	0.00024960425172737555	0.9999881143212686	1.188567873144919e-5	0.0022465840396566528	NaN	NaN
32	0.125	25	Sz	false	0	chi32	2.0043542886538646e-7	6.50933115880839e-5	6.50933115880839e-5	0.9999881143212686	1.188567873144919e-5	0.0022465840396566528	NaN	NaN
32	0.125	25	DoubleOcc	false	0	chi32	0.07903227524774606	-5.080702550312732e-5	5.080702550312732e-5	0.9999881143212686	1.188567873144919e-5	0.0022465840396566528	NaN	NaN
32	0.125	25	ZZ onsite	true	2	chi32	-0.4419858003935714	0.00029598040145201177	0.00029598040145201177	0.9999881143212686	1.188567873144919e-5	0.0022465840396566528	22.58010134011689	22.580319861046735
32	0.125	25	ZZ up-up r=1	true	2	chi32	-0.3660119512855411	-0.0030406598641932736	0.0030406598641932736	0.9999881143212686	1.188567873144919e-5	0.0022465840396566528	14.736007969796525	14.749991841742895
32	0.125	25	SzSz r=1	false	0	chi32	-0.07443450839314619	-0.00040426063061521633	0.00040426063061521633	0.9999881143212686	1.188567873144919e-5	0.0022465840396566528	NaN	NaN
32	0.125	25	hop up r=1	false	0	chi32	0.48973260794000684	0.0014687640228429055	0.0014687640228429055	0.9999881143212686	1.188567873144919e-5	0.0022465840396566528	NaN	NaN
32	0.125	25	n	false	0	UHF	0.87905745069228	-0.08079236805464018	0.08079236805464018	0.6310533854282004	0.36894661457179956	0.552415846350047	NaN	NaN
32	0.125	25	Sz	false	0	UHF	2.0043542886538646e-7	-0.36606248499784205	0.36606248499784205	0.6310533854282004	0.36894661457179956	0.552415846350047	NaN	NaN
32	0.125	25	DoubleOcc	false	0	UHF	0.07903227524774606	-0.01729375372276004	0.01729375372276004	0.6310533854282004	0.36894661457179956	0.552415846350047	NaN	NaN
32	0.125	25	ZZ onsite	true	2	UHF	-0.4419858003935714	0.09240972121824476	0.09240972121824476	0.6310533854282004	0.36894661457179956	0.552415846350047	11.619227742546268	22.580319861046735
32	0.125	25	ZZ up-up r=1	true	2	UHF	-0.3660119512855411	0.4294472291096083	0.4294472291096083	0.6310533854282004	0.36894661457179956	0.552415846350047	0.7401208175386286	14.749991841742895
32	0.125	25	SzSz r=1	false	0	UHF	-0.07443450839314619	0.07112135584064352	0.07112135584064352	0.6310533854282004	0.36894661457179956	0.552415846350047	NaN	NaN
32	0.125	25	hop up r=1	false	0	UHF	0.48973260794000684	-0.033641418465728545	0.033641418465728545	0.6310533854282004	0.36894661457179956	0.552415846350047	NaN	NaN
32	0.125	25	n	false	0	UHFsym	0.87905745069228	-0.08079236805464007	0.08079236805464007	0.959204666600791	0.040795333399209044	0.1683987533379922	NaN	NaN
32	0.125	25	Sz	false	0	UHFsym	2.0043542886538646e-7	2.004354289208976e-7	2.004354289208976e-7	0.959204666600791	0.040795333399209044	0.1683987533379922	NaN	NaN
32	0.125	25	DoubleOcc	false	0	UHFsym	0.07903227524774606	-0.017293753722760402	0.017293753722760402	0.959204666600791	0.040795333399209044	0.1683987533379922	NaN	NaN
32	0.125	25	ZZ onsite	true	2	UHFsym	-0.4419858003935714	0.09240972121824276	0.09240972121824276	0.959204666600791	0.040795333399209044	0.1683987533379922	11.619227742546514	22.580319861046735
32	0.125	25	ZZ up-up r=1	true	2	UHFsym	-0.3660119512855411	-0.0015907976356078213	0.0015907976356078213	0.959204666600791	0.040795333399209044	0.1683987533379922	14.746161647744522	14.749991841742895
32	0.125	25	SzSz r=1	false	0	UHFsym	-0.07443450839314619	-0.008944921639123388	0.008944921639123388	0.959204666600791	0.040795333399209044	0.1683987533379922	NaN	NaN
32	0.125	25	hop up r=1	false	0	UHFsym	0.48973260794000684	0.0326930608235424	0.0326930608235424	0.959204666600791	0.040795333399209044	0.1683987533379922	NaN	NaN
32	0.125	26	n	false	0	chi2	0.8583680053550689	-0.14163199464493015	0.14163199464493015	0.40757060411086543	0.5924293958891346	0.6421743501539524	NaN	NaN
32	0.125	26	Sz	false	0	chi2	-2.756542702431197e-10	4.5987722587199464e-7	4.5987722587199464e-7	0.40757060411086543	0.5924293958891346	0.6421743501539524	NaN	NaN
32	0.125	26	DoubleOcc	false	0	chi2	0.07456863860506076	0.07456863860506079	0.07456863860506079	0.40757060411086543	0.5924293958891346	0.6421743501539524	NaN	NaN
32	0.125	26	ZZ onsite	true	2	chi2	-0.41846145628989	0.5815385437101057	0.5815385437101057	0.40757060411086543	0.5924293958891346	0.6421743501539524	0.5306689700623969	19.869585397907013
32	0.125	26	ZZ up-up r=1	true	2	chi2	-0.44711406137052784	0.5528859386294425	0.5528859386294425	0.40757060411086543	0.5924293958891346	0.6421743501539524	0.6638789278974407	23.209860247081146
32	0.125	26	SzSz r=1	false	0	chi2	-0.09142989402963046	0.15857010597036297	0.15857010597036297	0.40757060411086543	0.5924293958891346	0.6421743501539524	NaN	NaN
32	0.125	26	hop up r=1	false	0	chi2	0.5428588435753661	0.5428588435753661	0.5428588435753661	0.40757060411086543	0.5924293958891346	0.6421743501539524	NaN	NaN
32	0.125	26	n	false	0	chi4	0.8583680053550689	0.006988035835558959	0.006988035835558959	0.9349352290424938	0.06506477095750618	0.17001744936680535	NaN	NaN
32	0.125	26	Sz	false	0	chi4	-2.756542702431197e-10	-0.0024073284355761934	0.0024073284355761934	0.9349352290424938	0.06506477095750618	0.17001744936680535	NaN	NaN
32	0.125	26	DoubleOcc	false	0	chi4	0.07456863860506076	-0.01477406308856688	0.01477406308856688	0.9349352290424938	0.06506477095750618	0.17001744936680535	NaN	NaN
32	0.125	26	ZZ onsite	true	2	chi4	-0.41846145628989	-0.07307232402538577	0.07307232402538577	0.9349352290424938	0.06506477095750618	0.17001744936680535	12.612540100231211	19.869585397907013
32	0.125	26	ZZ up-up r=1	true	2	chi4	-0.44711406137052784	0.0292882883887276	0.0292882883887276	0.9349352290424938	0.06506477095750618	0.17001744936680535	21.19039575532314	23.209860247081146
32	0.125	26	SzSz r=1	false	0	chi4	-0.09142989402963046	0.0019937453234116637	0.0019937453234116637	0.9349352290424938	0.06506477095750618	0.17001744936680535	NaN	NaN
32	0.125	26	hop up r=1	false	0	chi4	0.5428588435753661	-0.03064884768786491	0.03064884768786491	0.9349352290424938	0.06506477095750618	0.17001744936680535	NaN	NaN
32	0.125	26	n	false	0	chi8	0.8583680053550689	0.0010859213230921538	0.0010859213230921538	0.993810283747568	0.0061897162524320315	0.056042629375757436	NaN	NaN
32	0.125	26	Sz	false	0	chi8	-2.756542702431197e-10	-0.0020980620125218494	0.0020980620125218494	0.993810283747568	0.0061897162524320315	0.056042629375757436	NaN	NaN
32	0.125	26	DoubleOcc	false	0	chi8	0.07456863860506076	0.007778163961841292	0.007778163961841292	0.993810283747568	0.0061897162524320315	0.056042629375757436	NaN	NaN
32	0.125	26	ZZ onsite	true	2	chi8	-0.41846145628989	0.02894081320118208	0.02894081320118208	0.993810283747568	0.0061897162524320315	0.056042629375757436	18.224708209924756	19.869585397907013
32	0.125	26	ZZ up-up r=1	true	2	chi8	-0.44711406137052784	-0.05047623872043594	0.05047623872043594	0.993810283747568	0.0061897162524320315	0.056042629375757436	18.089415586529203	23.209860247081146
32	0.125	26	SzSz r=1	false	0	chi8	-0.09142989402963046	-0.0022390743743112423	0.0022390743743112423	0.993810283747568	0.0061897162524320315	0.056042629375757436	NaN	NaN
32	0.125	26	hop up r=1	false	0	chi8	0.5428588435753661	0.05884039576322886	0.05884039576322886	0.993810283747568	0.0061897162524320315	0.056042629375757436	NaN	NaN
32	0.125	26	n	false	0	chi16	0.8583680053550689	0.0012749638541275088	0.0012749638541275088	0.9996139791045675	0.00038602089543249285	0.007892757283332542	NaN	NaN
32	0.125	26	Sz	false	0	chi16	-2.756542702431197e-10	-0.0002198805500841436	0.0002198805500841436	0.9996139791045675	0.00038602089543249285	0.007892757283332542	NaN	NaN
32	0.125	26	DoubleOcc	false	0	chi16	0.07456863860506076	0.0008427130043002773	0.0008427130043002773	0.9996139791045675	0.00038602089543249285	0.007892757283332542	NaN	NaN
32	0.125	26	ZZ onsite	true	2	chi16	-0.41846145628989	0.0008209243089511986	0.0008209243089511986	0.9996139791045675	0.00038602089543249285	0.007892757283332542	19.868142568671928	19.869585397907013
32	0.125	26	ZZ up-up r=1	true	2	chi16	-0.44711406137052784	-0.0015844087349886071	0.0015844087349886071	0.9996139791045675	0.00038602089543249285	0.007892757283332542	23.203388894768178	23.209860247081146
32	0.125	26	SzSz r=1	false	0	chi16	-0.09142989402963046	-0.0009402675041808584	0.0009402675041808584	0.9996139791045675	0.00038602089543249285	0.007892757283332542	NaN	NaN
32	0.125	26	hop up r=1	false	0	chi16	0.5428588435753661	0.004009294633763982	0.004009294633763982	0.9996139791045675	0.00038602089543249285	0.007892757283332542	NaN	NaN
32	0.125	26	n	false	0	chi32	0.8583680053550689	0.00011794627092343024	0.00011794627092343024	0.9999935402067651	6.459793234880884e-6	0.001271444257401848	NaN	NaN
32	0.125	26	Sz	false	0	chi32	-2.756542702431197e-10	2.160259319728547e-5	2.160259319728547e-5	0.9999935402067651	6.459793234880884e-6	0.001271444257401848	NaN	NaN
32	0.125	26	DoubleOcc	false	0	chi32	0.07456863860506076	0.00010146460975367366	0.00010146460975367366	0.9999935402067651	6.459793234880884e-6	0.001271444257401848	NaN	NaN
32	0.125	26	ZZ onsite	true	2	chi32	-0.41846145628989	0.0001699658971779372	0.0001699658971779372	0.9999935402067651	6.459793234880884e-6	0.001271444257401848	19.869523544664837	19.869585397907013
32	0.125	26	ZZ up-up r=1	true	2	chi32	-0.44711406137052784	-0.0014255133373460294	0.0014255133373460294	0.9999935402067651	6.459793234880884e-6	0.001271444257401848	23.204621514517477	23.209860247081146
32	0.125	26	SzSz r=1	false	0	chi32	-0.09142989402963046	-0.00010015360186445277	0.00010015360186445277	0.9999935402067651	6.459793234880884e-6	0.001271444257401848	NaN	NaN
32	0.125	26	hop up r=1	false	0	chi32	0.5428588435753661	0.0006148039455442511	0.0006148039455442511	0.9999935402067651	6.459793234880884e-6	0.001271444257401848	NaN	NaN
32	0.125	26	n	false	0	UHF	0.8583680053550689	-0.03752539733440963	0.03752539733440963	0.7000447043284769	0.2999552956715231	0.5143108385345271	NaN	NaN
32	0.125	26	Sz	false	0	UHF	-2.756542702431197e-10	0.3247946117364674	0.3247946117364674	0.7000447043284769	0.2999552956715231	0.5143108385345271	NaN	NaN
32	0.125	26	DoubleOcc	false	0	UHF	0.07456863860506076	-0.020596068648467553	0.020596068648467553	0.7000447043284769	0.2999552956715231	0.5143108385345271	NaN	NaN
32	0.125	26	ZZ onsite	true	2	UHF	-0.41846145628989	-0.0073334799250466265	0.0073334799250466265	0.7000447043284769	0.2999552956715231	0.5143108385345271	19.75509979473599	19.869585397907013
32	0.125	26	ZZ up-up r=1	true	2	UHF	-0.44711406137052784	-0.2467120301040272	0.2467120301040272	0.7000447043284769	0.2999552956715231	0.5143108385345271	2.990102792527967	23.209860247081146
32	0.125	26	SzSz r=1	false	0	UHF	-0.09142989402963046	0.005672287628739864	0.005672287628739864	0.7000447043284769	0.2999552956715231	0.5143108385345271	NaN	NaN
32	0.125	26	hop up r=1	false	0	UHF	0.5428588435753661	0.22139030143761684	0.22139030143761684	0.7000447043284769	0.2999552956715231	0.5143108385345271	NaN	NaN
32	0.125	26	n	false	0	UHFsym	0.8583680053550689	-0.037525397334409405	0.037525397334409405	0.9411818608039666	0.0588181391960334	0.2244860814284957	NaN	NaN
32	0.125	26	Sz	false	0	UHFsym	-2.756542702431197e-10	-2.756542563653319e-10	2.756542563653319e-10	0.9411818608039666	0.0588181391960334	0.2244860814284957	NaN	NaN
32	0.125	26	DoubleOcc	false	0	UHFsym	0.07456863860506076	-0.020596068648467608	0.020596068648467608	0.9411818608039666	0.0588181391960334	0.2244860814284957	NaN	NaN
32	0.125	26	ZZ onsite	true	2	UHFsym	-0.41846145628989	-0.007333479925047071	0.007333479925047071	0.9411818608039666	0.0588181391960334	0.2244860814284957	19.75509979473598	19.869585397907013
32	0.125	26	ZZ up-up r=1	true	2	UHFsym	-0.44711406137052784	-0.13022551415474148	0.13022551415474148	0.9411818608039666	0.0588181391960334	0.2244860814284957	8.047554410403833	23.209860247081146
32	0.125	26	SzSz r=1	false	0	UHFsym	-0.09142989402963046	-0.04091556327415473	0.04091556327415473	0.9411818608039666	0.0588181391960334	0.2244860814284957	NaN	NaN
32	0.125	26	hop up r=1	false	0	UHFsym	0.5428588435753661	0.04266972227287125	0.04266972227287125	0.9411818608039666	0.0588181391960334	0.2244860814284957	NaN	NaN
32	0.125	27	n	false	0	chi2	0.8754450994857929	-0.12455490051420981	0.12455490051420981	0.17033679815622496	0.8296632018437751	0.8511432475261085	NaN	NaN
32	0.125	27	Sz	false	0	chi2	1.6202552839683637e-7	-2.9812735358843995e-7	2.9812735358843995e-7	0.17033679815622496	0.8296632018437751	0.8511432475261085	NaN	NaN
32	0.125	27	DoubleOcc	false	0	chi2	0.08144190545160367	0.08144190545160367	0.08144190545160367	0.17033679815622496	0.8296632018437751	0.8511432475261085	NaN	NaN
32	0.125	27	ZZ onsite	true	2	chi2	-0.42512257716516716	0.5748774228348354	0.5748774228348354	0.17033679815622496	0.8296632018437751	0.8511432475261085	0.5591566913244729	20.608679312202604
32	0.125	27	ZZ up-up r=1	true	2	chi2	-0.39153657758933197	-0.391535657283568	0.391535657283568	0.17033679815622496	0.8296632018437751	0.8511432475261085	1.0000044260004268	17.093965121492854
32	0.125	27	SzSz r=1	false	0	chi2	-0.07931275485812023	-0.07931275485812023	0.07931275485812023	0.17033679815622496	0.8296632018437751	0.8511432475261085	NaN	NaN
32	0.125	27	hop up r=1	false	0	chi2	0.5186918159059909	0.5186918159059909	0.5186918159059909	0.17033679815622496	0.8296632018437751	0.8511432475261085	NaN	NaN
32	0.125	27	n	false	0	chi4	0.8754450994857929	-0.001297587108981868	0.001297587108981868	0.9415130797245076	0.058486920275492404	0.20040378948959614	NaN	NaN
32	0.125	27	Sz	false	0	chi4	1.6202552839683637e-7	-0.0037252687665308565	0.0037252687665308565	0.9415130797245076	0.058486920275492404	0.20040378948959614	NaN	NaN
32	0.125	27	DoubleOcc	false	0	chi4	0.08144190545160367	-0.043783381028731735	0.043783381028731735	0.9415130797245076	0.058486920275492404	0.20040378948959614	NaN	NaN
32	0.125	27	ZZ onsite	true	2	chi4	-0.42512257716516716	-0.17253834989696454	0.17253834989696454	0.9415130797245076	0.058486920275492404	0.20040378948959614	4.872124469587843	20.608679312202604
32	0.125	27	ZZ up-up r=1	true	2	chi4	-0.39153657758933197	-0.12631637533606832	0.12631637533606832	0.9415130797245076	0.058486920275492404	0.20040378948959614	6.390056588071165	17.093965121492854
32	0.125	27	SzSz r=1	false	0	chi4	-0.07931275485812023	-0.03986883701685488	0.03986883701685488	0.9415130797245076	0.058486920275492404	0.20040378948959614	NaN	NaN
32	0.125	27	hop up r=1	false	0	chi4	0.5186918159059909	-0.0008537003058156634	0.0008537003058156634	0.9415130797245076	0.058486920275492404	0.20040378948959614	NaN	NaN
32	0.125	27	n	false	0	chi8	0.8754450994857929	0.012716638869489483	0.012716638869489483	0.9871903351825796	0.012809664817420408	0.08202737355936982	NaN	NaN
32	0.125	27	Sz	false	0	chi8	1.6202552839683637e-7	0.001518975940006051	0.001518975940006051	0.9871903351825796	0.012809664817420408	0.08202737355936982	NaN	NaN
32	0.125	27	DoubleOcc	false	0	chi8	0.08144190545160367	0.013866107114715018	0.013866107114715018	0.9871903351825796	0.012809664817420408	0.08202737355936982	NaN	NaN
32	0.125	27	ZZ onsite	true	2	chi8	-0.42512257716516716	0.030031150719880106	0.030031150719880106	0.9871903351825796	0.012809664817420408	0.08202737355936982	18.771841426312456	20.608679312202604
32	0.125	27	ZZ up-up r=1	true	2	chi8	-0.39153657758933197	-0.06758909363789184	0.06758909363789184	0.9871903351825796	0.012809664817420408	0.08202737355936982	11.553164029489823	17.093965121492854
32	0.125	27	SzSz r=1	false	0	chi8	-0.07931275485812023	-0.006114531312578969	0.006114531312578969	0.9871903351825796	0.012809664817420408	0.08202737355936982	NaN	NaN
32	0.125	27	hop up r=1	false	0	chi8	0.5186918159059909	0.046908172603338016	0.046908172603338016	0.9871903351825796	0.012809664817420408	0.08202737355936982	NaN	NaN
32	0.125	27	n	false	0	chi16	0.8754450994857929	-0.00040269157416572554	0.00040269157416572554	0.9997462247376256	0.0002537752623743561	0.008098968167586441	NaN	NaN
32	0.125	27	Sz	false	0	chi16	1.6202552839683637e-7	-0.0005187870952378625	0.0005187870952378625	0.9997462247376256	0.0002537752623743561	0.008098968167586441	NaN	NaN
32	0.125	27	DoubleOcc	false	0	chi16	0.08144190545160367	-0.00030816894890077495	0.00030816894890077495	0.9997462247376256	0.0002537752623743561	0.008098968167586441	NaN	NaN
32	0.125	27	ZZ onsite	true	2	chi16	-0.42512257716516716	-0.00042729264726776295	0.00042729264726776295	0.9997462247376256	0.0002537752623743561	0.008098968167586441	20.60827107516683	20.608679312202604
32	0.125	27	ZZ up-up r=1	true	2	chi16	-0.39153657758933197	-0.0031515291482464014	0.0031515291482464014	0.9997462247376256	0.0002537752623743561	0.008098968167586441	17.076159741753596	17.093965121492854
32	0.125	27	SzSz r=1	false	0	chi16	-0.07931275485812023	-0.0013531436980129818	0.0013531436980129818	0.9997462247376256	0.0002537752623743561	0.008098968167586441	NaN	NaN
32	0.125	27	hop up r=1	false	0	chi16	0.5186918159059909	0.004732267555973668	0.004732267555973668	0.9997462247376256	0.0002537752623743561	0.008098968167586441	NaN	NaN
32	0.125	27	n	false	0	chi32	0.8754450994857929	-3.3127075144356866e-5	3.3127075144356866e-5	0.9999963151431558	3.6848568442104934e-6	0.0010308266273910008	NaN	NaN
32	0.125	27	Sz	false	0	chi32	1.6202552839683637e-7	4.805554719972127e-5	4.805554719972127e-5	0.9999963151431558	3.6848568442104934e-6	0.0010308266273910008	NaN	NaN
32	0.125	27	DoubleOcc	false	0	chi32	0.08144190545160367	-1.5245731681573504e-5	1.5245731681573504e-5	0.9999963151431558	3.6848568442104934e-6	0.0010308266273910008	NaN	NaN
32	0.125	27	ZZ onsite	true	2	chi32	-0.42512257716516716	5.2712235716345646e-6	5.2712235716345646e-6	0.9999963151431558	3.6848568442104934e-6	0.0010308266273910008	20.60867925007379	20.608679312202604
32	0.125	27	ZZ up-up r=1	true	2	chi32	-0.39153657758933197	-0.0013583984532544724	0.0013583984532544724	0.9999963151431558	3.6848568442104934e-6	0.0010308266273910008	17.09065433311243	17.093965121492854
32	0.125	27	SzSz r=1	false	0	chi32	-0.07931275485812023	-0.00012435491425892564	0.00012435491425892564	0.9999963151431558	3.6848568442104934e-6	0.0010308266273910008	NaN	NaN
32	0.125	27	hop up r=1	false	0	chi32	0.5186918159059909	0.0005124843887819308	0.0005124843887819308	0.9999963151431558	3.6848568442104934e-6	0.0010308266273910008	NaN	NaN
32	0.125	27	n	false	0	UHF	0.8754450994857929	0.12743563348662346	0.12743563348662346	0.7102856784255013	0.2897143215744987	0.49898764956285857	NaN	NaN
32	0.125	27	Sz	false	0	UHF	1.6202552839683637e-7	-0.19038448125565316	0.19038448125565316	0.7102856784255013	0.2897143215744987	0.49898764956285857	NaN	NaN
32	0.125	27	DoubleOcc	false	0	UHF	0.08144190545160367	-0.022191322457184207	0.022191322457184207	0.7102856784255013	0.2897143215744987	0.49898764956285857	NaN	NaN
32	0.125	27	ZZ onsite	true	2	UHF	-0.42512257716516716	-0.34363655680197996	0.34363655680197996	0.7102856784255013	0.2897143215744987	0.49898764956285857	1.4920793829483816	20.608679312202604
32	0.125	27	ZZ up-up r=1	true	2	UHF	-0.39153657758933197	0.4202036954986636	0.4202036954986636	0.7102856784255013	0.2897143215744987	0.49898764956285857	0.8749559890441044	17.093965121492854
32	0.125	27	SzSz r=1	false	0	UHF	-0.07931275485812023	-0.03749578019917342	0.03749578019917342	0.7102856784255013	0.2897143215744987	0.49898764956285857	NaN	NaN
32	0.125	27	hop up r=1	false	0	UHF	0.5186918159059909	-0.3677239043499374	0.3677239043499374	0.7102856784255013	0.2897143215744987	0.49898764956285857	NaN	NaN
32	0.125	27	n	false	0	UHFsym	0.8754450994857929	0.12743563348662346	0.12743563348662346	0.8766049630632385	0.12339503693676146	0.33856753509897974	NaN	NaN
32	0.125	27	Sz	false	0	UHFsym	1.6202552839683637e-7	1.6202552839683637e-7	1.6202552839683637e-7	0.8766049630632385	0.12339503693676146	0.33856753509897974	NaN	NaN
32	0.125	27	DoubleOcc	false	0	UHFsym	0.08144190545160367	-0.022191322457184304	0.022191322457184304	0.8766049630632385	0.12339503693676146	0.33856753509897974	NaN	NaN
32	0.125	27	ZZ onsite	true	2	UHFsym	-0.42512257716516716	-0.3436365568019802	0.3436365568019802	0.8766049630632385	0.12339503693676146	0.33856753509897974	1.49207938294838	20.608679312202604
32	0.125	27	ZZ up-up r=1	true	2	UHFsym	-0.39153657758933197	-0.12739799733891333	0.12739799733891333	0.8766049630632385	0.12339503693676146	0.33856753509897974	6.321971286049542	17.093965121492854
32	0.125	27	SzSz r=1	false	0	UHFsym	-0.07931275485812023	-0.0462554819594604	0.0462554819594604	0.8766049630632385	0.12339503693676146	0.33856753509897974	NaN	NaN
32	0.125	27	hop up r=1	false	0	UHFsym	0.5186918159059909	-0.053975923293457795	0.053975923293457795	0.8766049630632385	0.12339503693676146	0.33856753509897974	NaN	NaN
32	0.125	28	n	false	0	chi2	0.836335651130054	0.8363356511300425	0.8363356511300425	0.1706934953899497	0.8293065046100503	0.8505305752088212	NaN	NaN
32	0.125	28	Sz	false	0	chi2	8.018363208822654e-8	8.018363786138627e-8	8.018363786138627e-8	0.1706934953899497	0.8293065046100503	0.8505305752088212	NaN	NaN
32	0.125	28	DoubleOcc	false	0	chi2	0.07106813850689946	0.07106813850689946	0.07106813850689946	0.1706934953899497	0.8293065046100503	0.8505305752088212	NaN	NaN
32	0.125	28	ZZ onsite	true	2	chi2	-0.38839874823250636	-1.3883987482324869	1.3883987482324869	0.1706934953899497	0.8293065046100503	0.8505305752088212	0.0828030947291796	16.791396623532634
32	0.125	28	ZZ up-up r=1	true	2	chi2	-0.3825973322952066	-0.38259820079192286	0.38259820079192286	0.1706934953899497	0.8293065046100503	0.8505305752088212	0.999995739516548	16.242883710452332
32	0.125	28	SzSz r=1	false	0	chi2	-0.0769712722928719	-0.0769712722928719	0.0769712722928719	0.1706934953899497	0.8293065046100503	0.8505305752088212	NaN	NaN
32	0.125	28	hop up r=1	false	0	chi2	0.513605831513227	0.513605831513227	0.513605831513227	0.1706934953899497	0.8293065046100503	0.8505305752088212	NaN	NaN
32	0.125	28	n	false	0	chi4	0.836335651130054	0.021876434524240707	0.021876434524240707	0.9266025442814546	0.07339745571854539	0.22619982458092086	NaN	NaN
32	0.125	28	Sz	false	0	chi4	8.018363208822654e-8	-0.009179239789632969	0.009179239789632969	0.9266025442814546	0.07339745571854539	0.22619982458092086	NaN	NaN
32	0.125	28	DoubleOcc	false	0	chi4	0.07106813850689946	-0.03211507333038531	0.03211507333038531	0.9266025442814546	0.07339745571854539	0.22619982458092086	NaN	NaN
32	0.125	28	ZZ onsite	true	2	chi4	-0.38839874823250636	-0.17221316237002401	0.17221316237002401	0.9266025442814546	0.07339745571854539	0.22619982458092086	4.090930335286219	16.791396623532634
32	0.125	28	ZZ up-up r=1	true	2	chi4	-0.3825973322952066	-0.16321849130095709	0.16321849130095709	0.9266025442814546	0.07339745571854539	0.22619982458092086	4.303777684453895	16.242883710452332
32	0.125	28	SzSz r=1	false	0	chi4	-0.0769712722928719	-0.04338929740373821	0.04338929740373821	0.9266025442814546	0.07339745571854539	0.22619982458092086	NaN	NaN
32	0.125	28	hop up r=1	false	0	chi4	0.513605831513227	0.10398582247150556	0.10398582247150556	0.9266025442814546	0.07339745571854539	0.22619982458092086	NaN	NaN
32	0.125	28	n	false	0	chi8	0.836335651130054	-0.001787901028807437	0.001787901028807437	0.9909547252726808	0.009045274727319197	0.07339607437579307	NaN	NaN
32	0.125	28	Sz	false	0	chi8	8.018363208822654e-8	-6.673426513022912e-5	6.673426513022912e-5	0.9909547252726808	0.009045274727319197	0.07339607437579307	NaN	NaN
32	0.125	28	DoubleOcc	false	0	chi8	0.07106813850689946	0.0038948241830070035	0.0038948241830070035	0.9909547252726808	0.009045274727319197	0.07339607437579307	NaN	NaN
32	0.125	28	ZZ onsite	true	2	chi8	-0.38839874823250636	0.019155098789642666	0.019155098789642666	0.9909547252726808	0.009045274727319197	0.07339607437579307	16.17031019180917	16.791396623532634
32	0.125	28	ZZ up-up r=1	true	2	chi8	-0.3825973322952066	-0.044827912305721807	0.044827912305721807	0.9909547252726808	0.009045274727319197	0.07339607437579307	13.4321172493307	16.242883710452332
32	0.125	28	SzSz r=1	false	0	chi8	-0.0769712722928719	-0.0035394114030035395	0.0035394114030035395	0.9909547252726808	0.009045274727319197	0.07339607437579307	NaN	NaN
32	0.125	28	hop up r=1	false	0	chi8	0.513605831513227	0.043908285297547534	0.043908285297547534	0.9909547252726808	0.009045274727319197	0.07339607437579307	NaN	NaN
32	0.125	28	n	false	0	chi16	0.836335651130054	0.0013180103100101093	0.0013180103100101093	0.9999341126585184	6.588734148160746e-5	0.003441388046860008	NaN	NaN
32	0.125	28	Sz	false	0	chi16	8.018363208822654e-8	-0.0001645366915648469	0.0001645366915648469	0.9999341126585184	6.588734148160746e-5	0.003441388046860008	NaN	NaN
32	0.125	28	DoubleOcc	false	0	chi16	0.07106813850689946	0.00041224340458533015	0.00041224340458533015	0.9999341126585184	6.588734148160746e-5	0.003441388046860008	NaN	NaN
32	0.125	28	ZZ onsite	true	2	chi16	-0.38839874823250636	-0.000987047001674013	0.000987047001674013	0.9999341126585184	6.588734148160746e-5	0.003441388046860008	16.78968431076061	16.791396623532634
32	0.125	28	ZZ up-up r=1	true	2	chi16	-0.3825973322952066	-0.0012006829802029273	0.0012006829802029273	0.9999341126585184	6.588734148160746e-5	0.003441388046860008	16.240445686804726	16.242883710452332
32	0.125	28	SzSz r=1	false	0	chi16	-0.0769712722928719	-0.00037863967520564146	0.00037863967520564146	0.9999341126585184	6.588734148160746e-5	0.003441388046860008	NaN	NaN
32	0.125	28	hop up r=1	false	0	chi16	0.513605831513227	0.0023110973531970114	0.0023110973531970114	0.9999341126585184	6.588734148160746e-5	0.003441388046860008	NaN	NaN
32	0.125	28	n	false	0	chi32	0.836335651130054	0.00024750758811775686	0.00024750758811775686	0.9999975679246312	2.4320753687634422e-6	0.0005733149621244041	NaN	NaN
32	0.125	28	Sz	false	0	chi32	8.018363208822654e-8	-1.358209865444382e-6	1.358209865444382e-6	0.9999975679246312	2.4320753687634422e-6	0.0005733149621244041	NaN	NaN
32	0.125	28	DoubleOcc	false	0	chi32	0.07106813850689946	9.375587315083034e-5	9.375587315083034e-5	0.9999975679246312	2.4320753687634422e-6	0.0005733149621244041	NaN	NaN
32	0.125	28	ZZ onsite	true	2	chi32	-0.38839874823250636	-0.00011999168362275547	0.00011999168362275547	0.9999975679246312	2.4320753687634422e-6	0.0005733149621244041	16.791371315792983	16.791396623532634
32	0.125	28	ZZ up-up r=1	true	2	chi32	-0.3825973322952066	-0.0006035534463759706	0.0006035534463759706	0.9999975679246312	2.4320753687634422e-6	0.0005733149621244041	16.242267596007544	16.242883710452332
32	0.125	28	SzSz r=1	false	0	chi32	-0.0769712722928719	-5.1876598833655585e-5	5.1876598833655585e-5	0.9999975679246312	2.4320753687634422e-6	0.0005733149621244041	NaN	NaN
32	0.125	28	hop up r=1	false	0	chi32	0.513605831513227	0.00020493851016722964	0.00020493851016722964	0.9999975679246312	2.4320753687634422e-6	0.0005733149621244041	NaN	NaN
32	0.125	28	n	false	0	UHF	0.836335651130054	0.15890165240836096	0.15890165240836096	0.7078976745118261	0.29210232548817394	0.4958381005036075	NaN	NaN
32	0.125	28	Sz	false	0	UHF	8.018363208822654e-8	-0.060305688366194966	0.060305688366194966	0.7078976745118261	0.29210232548817394	0.4958381005036075	NaN	NaN
32	0.125	28	DoubleOcc	false	0	UHF	0.07106813850689946	-0.04002428142873095	0.04002428142873095	0.7078976745118261	0.29210232548817394	0.4958381005036075	NaN	NaN
32	0.125	28	ZZ onsite	true	2	UHF	-0.38839874823250636	-0.4779004305316418	0.4779004305316418	0.7078976745118261	0.29210232548817394	0.4958381005036075	0.6741419103954254	16.791396623532634
32	0.125	28	ZZ up-up r=1	true	2	UHF	-0.3825973322952066	-0.44642396203445134	0.44642396203445134	0.7078976745118261	0.29210232548817394	0.4958381005036075	0.7467005719685381	16.242883710452332
32	0.125	28	SzSz r=1	false	0	UHF	-0.0769712722928719	-0.01509376963347027	0.01509376963347027	0.7078976745118261	0.29210232548817394	0.4958381005036075	NaN	NaN
32	0.125	28	hop up r=1	false	0	UHF	0.513605831513227	0.23173151973084366	0.23173151973084366	0.7078976745118261	0.29210232548817394	0.4958381005036075	NaN	NaN
32	0.125	28	n	false	0	UHFsym	0.836335651130054	0.15890165240836118	0.15890165240836118	0.9182358910998104	0.08176410890018959	0.27770474027423453	NaN	NaN
32	0.125	28	Sz	false	0	UHFsym	8.018363208822654e-8	8.018363206047097e-8	8.018363206047097e-8	0.9182358910998104	0.08176410890018959	0.27770474027423453	NaN	NaN
32	0.125	28	DoubleOcc	false	0	UHFsym	0.07106813850689946	-0.040024281428730865	0.040024281428730865	0.9182358910998104	0.08176410890018959	0.27770474027423453	NaN	NaN
32	0.125	28	ZZ onsite	true	2	UHFsym	-0.38839874823250636	-0.4779004305316418	0.4779004305316418	0.9182358910998104	0.08176410890018959	0.27770474027423453	0.6741419103954254	16.791396623532634
32	0.125	28	ZZ up-up r=1	true	2	UHFsym	-0.3825973322952066	-0.09760367671690717	0.09760367671690717	0.9182358910998104	0.08176410890018959	0.27770474027423453	8.154021204422266	16.242883710452332
32	0.125	28	SzSz r=1	false	0	UHFsym	-0.0769712722928719	-0.037389467152749684	0.037389467152749684	0.9182358910998104	0.08176410890018959	0.27770474027423453	NaN	NaN
32	0.125	28	hop up r=1	false	0	UHFsym	0.513605831513227	-0.031241306498821286	0.031241306498821286	0.9182358910998104	0.08176410890018959	0.27770474027423453	NaN	NaN
32	0.125	29	n	false	0	chi2	0.8833148102815088	-0.1166851897184833	0.1166851897184833	0.43221649575707316	0.5677835042429269	0.6239199251782094	NaN	NaN
32	0.125	29	Sz	false	0	chi2	3.3075845243257795e-8	4.673241977988319e-7	4.673241977988319e-7	0.43221649575707316	0.5677835042429269	0.6239199251782094	NaN	NaN
32	0.125	29	DoubleOcc	false	0	chi2	0.08467962140145036	0.08467962140145033	0.08467962140145033	0.43221649575707316	0.5677835042429269	0.6239199251782094	NaN	NaN
32	0.125	29	ZZ onsite	true	2	chi2	-0.42791113495721167	0.5720888650427688	0.5720888650427688	0.43221649575707316	0.5677835042429269	0.6239199251782094	0.5715062696570155	20.924616809547217
32	0.125	29	ZZ up-up r=1	true	2	chi2	-0.4837219272656882	0.5162780727342713	0.5162780727342713	0.43221649575707316	0.5677835042429269	0.6239199251782094	0.8816831547020154	28.15206292701825
32	0.125	29	SzSz r=1	false	0	chi2	-0.09913440179524824	0.1508655982047441	0.1508655982047441	0.43221649575707316	0.5677835042429269	0.6239199251782094	NaN	NaN
32	0.125	29	hop up r=1	false	0	chi2	0.560933821250184	0.560933821250184	0.560933821250184	0.43221649575707316	0.5677835042429269	0.6239199251782094	NaN	NaN
32	0.125	29	n	false	0	chi4	0.8833148102815088	-0.013250404962159568	0.013250404962159568	0.9359561465656021	0.06404385343439789	0.15195240870717672	NaN	NaN
32	0.125	29	Sz	false	0	chi4	3.3075845243257795e-8	0.0030350872670951504	0.0030350872670951504	0.9359561465656021	0.06404385343439789	0.15195240870717672	NaN	NaN
32	0.125	29	DoubleOcc	false	0	chi4	0.08467962140145036	-0.040374835551697796	0.040374835551697796	0.9359561465656021	0.06404385343439789	0.15195240870717672	NaN	NaN
32	0.125	29	ZZ onsite	true	2	chi4	-0.42791113495721167	-0.1349985322824725	0.1349985322824725	0.9359561465656021	0.06404385343439789	0.15195240870717672	7.014426573208633	20.924616809547217
32	0.125	29	ZZ up-up r=1	true	2	chi4	-0.4837219272656882	0.06894514679458252	0.06894514679458252	0.9359561465656021	0.06404385343439789	0.15195240870717672	18.14397484836777	28.15206292701825
32	0.125	29	SzSz r=1	false	0	chi4	-0.09913440179524824	0.004650113312790069	0.004650113312790069	0.9359561465656021	0.06404385343439789	0.15195240870717672	NaN	NaN
32	0.125	29	hop up r=1	false	0	chi4	0.560933821250184	-0.09594393680549618	0.09594393680549618	0.9359561465656021	0.06404385343439789	0.15195240870717672	NaN	NaN
32	0.125	29	n	false	0	chi8	0.8833148102815088	0.009021895872150298	0.009021895872150298	0.9962003449114606	0.003799655088539411	0.02907822792330261	NaN	NaN
32	0.125	29	Sz	false	0	chi8	3.3075845243257795e-8	0.002564289995762647	0.002564289995762647	0.9962003449114606	0.003799655088539411	0.02907822792330261	NaN	NaN
32	0.125	29	DoubleOcc	false	0	chi8	0.08467962140145036	0.010751440993024039	0.010751440993024039	0.9962003449114606	0.003799655088539411	0.02907822792330261	NaN	NaN
32	0.125	29	ZZ onsite	true	2	chi8	-0.42791113495721167	0.024961972227796114	0.024961972227796114	0.9962003449114606	0.003799655088539411	0.02907822792330261	19.595976272621346	20.924616809547217
32	0.125	29	ZZ up-up r=1	true	2	chi8	-0.4837219272656882	-0.021640429821408957	0.021640429821408957	0.9962003449114606	0.003799655088539411	0.02907822792330261	26.70104966477192	28.15206292701825
32	0.125	29	SzSz r=1	false	0	chi8	-0.09913440179524824	5.135275895920555e-5	5.135275895920555e-5	0.9962003449114606	0.003799655088539411	0.02907822792330261	NaN	NaN
32	0.125	29	hop up r=1	false	0	chi8	0.560933821250184	0.029267942525996293	0.029267942525996293	0.9962003449114606	0.003799655088539411	0.02907822792330261	NaN	NaN
32	0.125	29	n	false	0	chi16	0.8833148102815088	-5.014064317521161e-6	5.014064317521161e-6	0.9999008563497364	9.914365026364447e-5	0.0037706565766083963	NaN	NaN
32	0.125	29	Sz	false	0	chi16	3.3075845243257795e-8	-0.00012904037558428977	0.00012904037558428977	0.9999008563497364	9.914365026364447e-5	0.0037706565766083963	NaN	NaN
32	0.125	29	DoubleOcc	false	0	chi16	0.08467962140145036	-6.073330081797501e-5	6.073330081797501e-5	0.9999008563497364	9.914365026364447e-5	0.0037706565766083963	NaN	NaN
32	0.125	29	ZZ onsite	true	2	chi16	-0.42791113495721167	-0.00023290507463197274	0.00023290507463197274	0.9999008563497364	9.914365026364447e-5	0.0037706565766083963	20.9244933013863	20.924616809547217
32	0.125	29	ZZ up-up r=1	true	2	chi16	-0.4837219272656882	-0.001834917485639631	0.001834917485639631	0.9999008563497364	9.914365026364447e-5	0.0037706565766083963	28.141068187634918	28.15206292701825
32	0.125	29	SzSz r=1	false	0	chi16	-0.09913440179524824	-0.0005596585679610716	0.0005596585679610716	0.9999008563497364	9.914365026364447e-5	0.0037706565766083963	NaN	NaN
32	0.125	29	hop up r=1	false	0	chi16	0.560933821250184	0.0009817440631484375	0.0009817440631484375	0.9999008563497364	9.914365026364447e-5	0.0037706565766083963	NaN	NaN
32	0.125	29	n	false	0	chi32	0.8833148102815088	-3.787607639327284e-5	3.787607639327284e-5	0.9999992973951439	7.026048560732079e-7	0.00043927492062488136	NaN	NaN
32	0.125	29	Sz	false	0	chi32	3.3075845243257795e-8	3.064834767325941e-5	3.064834767325941e-5	0.9999992973951439	7.026048560732079e-7	0.00043927492062488136	NaN	NaN
32	0.125	29	DoubleOcc	false	0	chi32	0.08467962140145036	-1.3264154080386281e-5	1.3264154080386281e-5	0.9999992973951439	7.026048560732079e-7	0.00043927492062488136	NaN	NaN
32	0.125	29	ZZ onsite	true	2	chi32	-0.42791113495721167	2.2695536475214606e-5	2.2695536475214606e-5	0.9999992973951439	7.026048560732079e-7	0.00043927492062488136	20.92461563675467	20.924616809547217
32	0.125	29	ZZ up-up r=1	true	2	chi32	-0.4837219272656882	2.729271718476811e-5	2.729271718476811e-5	0.9999992973951439	7.026048560732079e-7	0.00043927492062488136	28.152060493609756	28.15206292701825
32	0.125	29	SzSz r=1	false	0	chi32	-0.09913440179524824	4.876321540574213e-5	4.876321540574213e-5	0.9999992973951439	7.026048560732079e-7	0.00043927492062488136	NaN	NaN
32	0.125	29	hop up r=1	false	0	chi32	0.560933821250184	-0.0001265686277738265	0.0001265686277738265	0.9999992973951439	7.026048560732079e-7	0.00043927492062488136	NaN	NaN
32	0.125	29	n	false	0	UHF	0.8833148102815088	0.057977112962157684	0.057977112962157684	0.6864787295611097	0.31352127043889033	0.5300602253283021	NaN	NaN
32	0.125	29	Sz	false	0	UHF	3.3075845243257795e-8	0.2674017121405195	0.2674017121405195	0.6864787295611097	0.31352127043889033	0.5300602253283021	NaN	NaN
32	0.125	29	DoubleOcc	false	0	UHF	0.08467962140145036	-0.01411229928604478	0.01411229928604478	0.6864787295611097	0.31352127043889033	0.5300602253283021	NaN	NaN
32	0.125	29	ZZ onsite	true	2	UHF	-0.42791113495721167	-0.17240342306849016	0.17240342306849016	0.6864787295611097	0.31352127043889033	0.5300602253283021	4.941744246539096	20.924616809547217
32	0.125	29	ZZ up-up r=1	true	2	UHF	-0.4837219272656882	0.3207676743575031	0.3207676743575031	0.6864787295611097	0.31352127043889033	0.5300602253283021	2.1756392529296487	28.15206292701825
32	0.125	29	SzSz r=1	false	0	UHF	-0.09913440179524824	0.024652809768386477	0.024652809768386477	0.6864787295611097	0.31352127043889033	0.5300602253283021	NaN	NaN
32	0.125	29	hop up r=1	false	0	UHF	0.560933821250184	-0.035044587805732164	0.035044587805732164	0.6864787295611097	0.31352127043889033	0.5300602253283021	NaN	NaN
32	0.125	29	n	false	0	UHFsym	0.8833148102815088	0.05797711296215824	0.05797711296215824	0.9367852030873064	0.0632147969126936	0.22585213303333218	NaN	NaN
32	0.125	29	Sz	false	0	UHFsym	3.3075845243257795e-8	3.3075845243257795e-8	3.3075845243257795e-8	0.9367852030873064	0.0632147969126936	0.22585213303333218	NaN	NaN
32	0.125	29	DoubleOcc	false	0	UHFsym	0.08467962140145036	-0.014112299286044835	0.014112299286044835	0.9367852030873064	0.0632147969126936	0.22585213303333218	NaN	NaN
32	0.125	29	ZZ onsite	true	2	UHFsym	-0.42791113495721167	-0.17240342306849105	0.17240342306849105	0.9367852030873064	0.0632147969126936	0.22585213303333218	4.9417442465390575	20.924616809547217
32	0.125	29	ZZ up-up r=1	true	2	UHFsym	-0.4837219272656882	-0.1395858482803612	0.1395858482803612	0.9367852030873064	0.0632147969126936	0.22585213303333218	8.633043559798436	28.15206292701825
32	0.125	29	SzSz r=1	false	0	UHFsym	-0.09913440179524824	-0.04026380940999552	0.04026380940999552	0.9367852030873064	0.0632147969126936	0.22585213303333218	NaN	NaN
32	0.125	29	hop up r=1	false	0	UHFsym	0.560933821250184	0.08510772913724707	0.08510772913724707	0.9367852030873064	0.0632147969126936	0.22585213303333218	NaN	NaN
32	0.125	30	n	false	0	chi2	0.8555841014690898	-0.14441589853091552	0.14441589853091552	0.4939802392107449	0.5060197607892551	0.5913682066405217	NaN	NaN
32	0.125	30	Sz	false	0	chi2	2.3533908397738168e-7	-1.9890926968718636e-7	1.9890926968718636e-7	0.4939802392107449	0.5060197607892551	0.5913682066405217	NaN	NaN
32	0.125	30	DoubleOcc	false	0	chi2	0.07143731797968607	0.07143731797968457	0.07143731797968457	0.4939802392107449	0.5060197607892551	0.5913682066405217	NaN	NaN
32	0.125	30	ZZ onsite	true	2	chi2	-0.42541893101943046	0.5745810689805702	0.5745810689805702	0.4939802392107449	0.5060197607892551	0.5913682066405217	0.5604570488492766	20.64207053026389
32	0.125	30	ZZ up-up r=1	true	2	chi2	-0.3048815742607293	-0.304881574260201	0.304881574260201	0.4939802392107449	0.5060197607892551	0.5913682066405217	1.0000000000031228	10.10919365043297
32	0.125	30	SzSz r=1	false	0	chi2	-0.06077625277601412	-0.06077625277588243	0.06077625277588243	0.4939802392107449	0.5060197607892551	0.5913682066405217	NaN	NaN
32	0.125	30	hop up r=1	false	0	chi2	0.4343313993442317	0.4343313993442243	0.4343313993442243	0.4939802392107449	0.5060197607892551	0.5913682066405217	NaN	NaN
32	0.125	30	n	false	0	chi4	0.8555841014690898	-0.02262121218453994	0.02262121218453994	0.9221955509813545	0.07780444901864547	0.23956705339004558	NaN	NaN
32	0.125	30	Sz	false	0	chi4	2.3533908397738168e-7	-0.00425642334869843	0.00425642334869843	0.9221955509813545	0.07780444901864547	0.23956705339004558	NaN	NaN
32	0.125	30	DoubleOcc	false	0	chi4	0.07143731797968607	-0.0270905460921243	0.0270905460921243	0.9221955509813545	0.07780444901864547	0.23956705339004558	NaN	NaN
32	0.125	30	ZZ onsite	true	2	chi4	-0.42541893101943046	-0.06311975999941755	0.06311975999941755	0.9221955509813545	0.07780444901864547	0.23956705339004558	14.410842027041015	20.64207053026389
32	0.125	30	ZZ up-up r=1	true	2	chi4	-0.3048815742607293	-0.22208127033654934	0.22208127033654934	0.9221955509813545	0.07780444901864547	0.23956705339004558	1.7330221601621434	10.10919365043297
32	0.125	30	SzSz r=1	false	0	chi4	-0.06077625277601412	-0.05530299669970629	0.05530299669970629	0.9221955509813545	0.07780444901864547	0.23956705339004558	NaN	NaN
32	0.125	30	hop up r=1	false	0	chi4	0.4343313993442317	0.16229958544974094	0.16229958544974094	0.9221955509813545	0.07780444901864547	0.23956705339004558	NaN	NaN
32	0.125	30	n	false	0	chi8	0.8555841014690898	0.003621368877853137	0.003621368877853137	0.997479564830417	0.002520435169583002	0.03576716632017156	NaN	NaN
32	0.125	30	Sz	false	0	chi8	2.3533908397738168e-7	-0.0015863253314793782	0.0015863253314793782	0.997479564830417	0.002520435169583002	0.03576716632017156	NaN	NaN
32	0.125	30	DoubleOcc	false	0	chi8	0.07143731797968607	0.004336288902877905	0.004336288902877905	0.997479564830417	0.002520435169583002	0.03576716632017156	NaN	NaN
32	0.125	30	ZZ onsite	true	2	chi8	-0.42541893101943046	0.010102417855806012	0.010102417855806012	0.997479564830417	0.002520435169583002	0.03576716632017156	20.415932544285585	20.64207053026389
32	0.125	30	ZZ up-up r=1	true	2	chi8	-0.3048815742607293	-0.03459446323450749	0.03459446323450749	0.997479564830417	0.002520435169583002	0.03576716632017156	9.048024668066745	10.10919365043297
32	0.125	30	SzSz r=1	false	0	chi8	-0.06077625277601412	-0.0028452725714194355	0.0028452725714194355	0.997479564830417	0.002520435169583002	0.03576716632017156	NaN	NaN
32	0.125	30	hop up r=1	false	0	chi8	0.4343313993442317	0.0335513922632662	0.0335513922632662	0.997479564830417	0.002520435169583002	0.03576716632017156	NaN	NaN
32	0.125	30	n	false	0	chi16	0.8555841014690898	0.0004972052929328452	0.0004972052929328452	0.9999940334612777	5.966538722312897e-6	0.0017654986952545591	NaN	NaN
32	0.125	30	Sz	false	0	chi16	2.3533908397738168e-7	-0.00019885140325937717	0.00019885140325937717	0.9999940334612777	5.966538722312897e-6	0.0017654986952545591	NaN	NaN
32	0.125	30	DoubleOcc	false	0	chi16	0.07143731797968607	0.0002753757185568334	0.0002753757185568334	0.9999940334612777	5.966538722312897e-6	0.0017654986952545591	NaN	NaN
32	0.125	30	ZZ onsite	true	2	chi16	-0.42541893101943046	0.00010709228836652818	0.00010709228836652818	0.9999940334612777	5.966538722312897e-6	0.0017654986952545591	20.642044836794163	20.64207053026389
32	0.125	30	ZZ up-up r=1	true	2	chi16	-0.3048815742607293	-0.00036760050568312996	0.00036760050568312996	0.9999940334612777	5.966538722312897e-6	0.0017654986952545591	10.109059781271416	10.10919365043297
32	0.125	30	SzSz r=1	false	0	chi16	-0.06077625277601412	2.4432183822545306e-6	2.4432183822545306e-6	0.9999940334612777	5.966538722312897e-6	0.0017654986952545591	NaN	NaN
32	0.125	30	hop up r=1	false	0	chi16	0.4343313993442317	0.0010971221629269001	0.0010971221629269001	0.9999940334612777	5.966538722312897e-6	0.0017654986952545591	NaN	NaN
32	0.125	30	n	false	0	chi32	0.8555841014690898	3.7536537858540164e-5	3.7536537858540164e-5	0.9999999632796207	3.672037929280947e-8	0.0001548670538068538	NaN	NaN
32	0.125	30	Sz	false	0	chi32	2.3533908397738168e-7	8.256255275083946e-6	8.256255275083946e-6	0.9999999632796207	3.672037929280947e-8	0.0001548670538068538	NaN	NaN
32	0.125	30	DoubleOcc	false	0	chi32	0.07143731797968607	2.059587034514143e-5	2.059587034514143e-5	0.9999999632796207	3.672037929280947e-8	0.0001548670538068538	NaN	NaN
32	0.125	30	ZZ onsite	true	2	chi32	-0.42541893101943046	7.310405673477405e-6	7.310405673477405e-6	0.9999999632796207	3.672037929280947e-8	0.0001548670538068538	20.642070410537514	20.64207053026389
32	0.125	30	ZZ up-up r=1	true	2	chi32	-0.3048815742607293	-6.028118962120299e-5	6.028118962120299e-5	0.9999999632796207	3.672037929280947e-8	0.0001548670538068538	10.109190050473858	10.10919365043297
32	0.125	30	SzSz r=1	false	0	chi32	-0.06077625277601412	-1.954708454936227e-5	1.954708454936227e-5	0.9999999632796207	3.672037929280947e-8	0.0001548670538068538	NaN	NaN
32	0.125	30	hop up r=1	false	0	chi32	0.4343313993442317	3.6154501563245844e-5	3.6154501563245844e-5	0.9999999632796207	3.672037929280947e-8	0.0001548670538068538	NaN	NaN
32	0.125	30	n	false	0	UHF	0.8555841014690898	-0.07702977699144309	0.07702977699144309	0.5872196517155608	0.4127803482844392	0.5684664234980661	NaN	NaN
32	0.125	30	Sz	false	0	UHF	2.3533908397738168e-7	-0.3503391145895953	0.3503391145895953	0.5872196517155608	0.4127803482844392	0.5684664234980661	NaN	NaN
32	0.125	30	DoubleOcc	false	0	UHF	0.07143731797968607	-0.0232671834861638	0.0232671834861638	0.5872196517155608	0.4127803482844392	0.5684664234980661	NaN	NaN
32	0.125	30	ZZ onsite	true	2	UHF	-0.42541893101943046	0.060990820038236415	0.060990820038236415	0.5872196517155608	0.4127803482844392	0.5684664234980661	14.705239490054725	20.64207053026389
32	0.125	30	ZZ up-up r=1	true	2	UHF	-0.3048815742607293	0.34120249587487045	0.34120249587487045	0.5872196517155608	0.4127803482844392	0.5684664234980661	0.8146759261653956	10.10919365043297
32	0.125	30	SzSz r=1	false	0	UHF	-0.06077625277601412	0.0945364423488079	0.0945364423488079	0.5872196517155608	0.4127803482844392	0.5684664234980661	NaN	NaN
32	0.125	30	hop up r=1	false	0	UHF	0.4343313993442317	0.032292875204391336	0.032292875204391336	0.5872196517155608	0.4127803482844392	0.5684664234980661	NaN	NaN
32	0.125	30	n	false	0	UHFsym	0.8555841014690898	-0.07702977699144309	0.07702977699144309	0.9663881818510078	0.03361181814899217	0.1481504740187742	NaN	NaN
32	0.125	30	Sz	false	0	UHFsym	2.3533908397738168e-7	2.353390839635039e-7	2.353390839635039e-7	0.9663881818510078	0.03361181814899217	0.1481504740187742	NaN	NaN
32	0.125	30	DoubleOcc	false	0	UHFsym	0.07143731797968607	-0.02326718348616416	0.02326718348616416	0.9663881818510078	0.03361181814899217	0.1481504740187742	NaN	NaN
32	0.125	30	ZZ onsite	true	2	UHFsym	-0.42541893101943046	0.06099082003823475	0.06099082003823475	0.9663881818510078	0.03361181814899217	0.1481504740187742	14.705239490054955	20.64207053026389
32	0.125	30	ZZ up-up r=1	true	2	UHFsym	-0.3048815742607293	0.0653121229721138	0.0653121229721138	0.9663881818510078	0.03361181814899217	0.1481504740187742	7.129051733741585	10.10919365043297
32	0.125	30	SzSz r=1	false	0	UHFsym	-0.06077625277601412	0.007219574581616275	0.007219574581616275	0.9663881818510078	0.03361181814899217	0.1481504740187742	NaN	NaN
32	0.125	30	hop up r=1	false	0	UHFsym	0.4343313993442317	-0.009957969814200274	0.009957969814200274	0.9663881818510078	0.03361181814899217	0.1481504740187742	NaN	NaN
