geometry	rho	U	site	observable	prior	true	Delta	relerr	G	G_max
cylinder	ED	8.0	1	n	chi4	1.000000000000056	1.7473800184575339e-12	1.7473800184574361e-12	1.000000000007134	0.9999999999997533
cylinder	ED	8.0	1	n	chi8	1.000000000000056	1.271815985859348e-11	1.271815985859277e-11	0.9999999999966543	0.9999999999997533
cylinder	ED	8.0	1	n	chi32	1.000000000000056	6.953326803227355e-13	6.953326803226967e-13	0.9999999999988703	0.9999999999997533
cylinder	ED	8.0	1	n	chi128	1.000000000000056	4.940492459581947e-13	4.94049245958167e-13	0.999999999999286	0.9999999999997533
cylinder	ED	8.0	1	n	exact	1.000000000000056	1.099120794378905e-13	1.0991207943788435e-13	0.9999999999997533	0.9999999999997533
cylinder	ED	8.0	1	n	UHF	1.000000000000056	6.039613253960852e-14	6.039613253960513e-14	0.012426505604874913	0.9999999999997533
cylinder	ED	8.0	1	n	UHFsym	1.000000000000056	6.628031457012185e-14	6.628031457011813e-14	1.0000000000000322	0.9999999999997533
cylinder	ED	8.0	1	Sz	chi4	-1.6483672066192057e-10	-1.6009744918665803e-10	NaN	0.9999999999901374	1.000000000000241
cylinder	ED	8.0	1	Sz	chi8	-1.6483672066192057e-10	-1.6307894271094803e-10	NaN	0.9999999999882593	1.000000000000241
cylinder	ED	8.0	1	Sz	chi32	-1.6483672066192057e-10	-1.6534022068137588e-10	NaN	1.0000000000004978	1.000000000000241
cylinder	ED	8.0	1	Sz	chi128	-1.6483672066192057e-10	-1.6515133705041762e-10	NaN	1.0000000000002849	1.000000000000241
cylinder	ED	8.0	1	Sz	exact	-1.6483672066192057e-10	-1.6498726343461279e-10	NaN	1.000000000000241	1.000000000000241
cylinder	ED	8.0	1	Sz	UHF	-1.6483672066192057e-10	0.47083388224862044	NaN	0.017339792309298295	1.000000000000241
cylinder	ED	8.0	1	Sz	UHFsym	-1.6483672066192057e-10	-1.6483680306128567e-10	NaN	0.9999999999999971	1.000000000000241
cylinder	ED	8.0	1	DoubleOcc	chi4	0.034261158214725085	0.016226173620887963	0.4736026003322364	50.19201878911396	82.21552538227184
cylinder	ED	8.0	1	DoubleOcc	chi8	0.034261158214725085	0.0014789270644056662	0.043166289216983886	80.67783270729518	82.21552538227184
cylinder	ED	8.0	1	DoubleOcc	chi32	0.034261158214725085	2.562355155702467e-5	0.0007478892393664596	82.19386923294591	82.21552538227184
cylinder	ED	8.0	1	DoubleOcc	chi128	0.034261158214725085	2.1090273288892902e-7	6.155738564561581e-6	82.21534790055816	82.21552538227184
cylinder	ED	8.0	1	DoubleOcc	exact	0.034261158214725085	2.723649084046542e-11	7.949670197885915e-10	82.21552538227184	82.21552538227184
cylinder	ED	8.0	1	DoubleOcc	UHF	0.034261158214725085	0.005945703043256478	0.17354063181381527	1.5840144670185978	82.21552538227184
cylinder	ED	8.0	1	DoubleOcc	UHFsym	0.034261158214725085	0.005945703043256451	0.17354063181381446	73.13065559149796	82.21552538227184
cylinder	ED	8.0	1	ZZ onsite	chi4	-0.8629553671412187	0.0649046944800501	0.07521211055800611	95.50359062523393	253.95684714498145
cylinder	ED	8.0	1	ZZ onsite	chi8	-0.8629553671412187	0.005915708232179129	0.006855172883131336	246.234084496492	253.95684714498145
cylinder	ED	8.0	1	ZZ onsite	chi32	-0.8629553671412187	0.00010249420483066096	0.00011877115402874395	253.87084826664523	253.95684714498145
cylinder	ED	8.0	1	ZZ onsite	chi128	-0.8629553671412187	8.436099357966853e-7	9.77582350048276e-7	253.95614663652614	253.95684714498145
cylinder	ED	8.0	1	ZZ onsite	exact	-0.8629553671412187	1.0871847866411599e-10	1.2598389534823383e-10	253.95684714498145	253.95684714498145
cylinder	ED	8.0	1	ZZ onsite	UHF	-0.8629553671412187	0.023782812172898016	0.027559724498481587	199.64527335552006	253.95684714498145
cylinder	ED	8.0	1	ZZ onsite	UHFsym	-0.8629553671412187	0.02378281217289202	0.027559724498474637	199.64527335553848	253.95684714498145
cylinder	ED	8.0	1	ZZ up-up nb	chi4	-0.6683488818737737	0.07414179927592268	0.11093277970041597	39.442682491048224	76.84149117549956
cylinder	ED	8.0	1	ZZ up-up nb	chi8	-0.6683488818737737	0.054684287439223156	0.08181997295471048	50.606838796559515	76.84149117549956
cylinder	ED	8.0	1	ZZ up-up nb	chi32	-0.6683488818737737	0.0007217180749354846	0.0010798522964713963	76.82467661118368	76.84149117549956
cylinder	ED	8.0	1	ZZ up-up nb	chi128	-0.6683488818737737	4.577170292563437e-6	6.848474526853319e-6	76.84142741010776	76.84149117549956
cylinder	ED	8.0	1	ZZ up-up nb	exact	-0.6683488818737737	2.5328850128403246e-10	3.7897647194967443e-10	76.84149117549956	76.84149117549956
cylinder	ED	8.0	1	ZZ up-up nb	UHF	-0.6683488818737737	0.27378690160932506	0.40964668159799994	5.569569863198351	76.84149117549956
cylinder	ED	8.0	1	ZZ up-up nb	UHFsym	-0.6683488818737737	-0.3176605363511596	0.4752914906666274	4.244763814155142	76.84149117549956
cylinder	ED	8.0	1	SzSz nb	chi4	-0.15831406049551153	0.018291117494571157	0.11553691085505158	32.87053163454504	60.32236320832249
cylinder	ED	8.0	1	SzSz nb	chi8	-0.15831406049551153	0.013382938272287065	0.08453411042834376	41.4145685889862	60.32236320832249
cylinder	ED	8.0	1	SzSz nb	chi32	-0.15831406049551153	0.00018109173852506877	0.0011438765322439762	60.29247339172404	60.32236320832249
cylinder	ED	8.0	1	SzSz nb	chi128	-0.15831406049551153	1.1500722452428835e-6	7.264498438377746e-6	60.3222001804013	60.32236320832249
cylinder	ED	8.0	1	SzSz nb	exact	-0.15831406049551153	6.057379597912416e-11	3.8261791649795707e-10	60.32236320832249	60.32236320832249
cylinder	ED	8.0	1	SzSz nb	UHF	-0.15831406049551153	0.07029518485414049	0.4440236365242712	4.663667821416346	60.32236320832249
cylinder	ED	8.0	1	SzSz nb	UHFsym	-0.15831406049551153	-0.0775666746359815	0.4899544259884652	3.976591358215522	60.32236320832249
cylinder	ED	8.0	1	SxSx nb	chi4	-0.1583140604946691	0.022276800107694034	0.14071270762740723	30.388436258550065	67.68130842872714
cylinder	ED	8.0	1	SxSx nb	chi8	-0.1583140604946691	0.013258014888772512	0.08374502458812842	47.6653827141233	67.68130842872714
cylinder	ED	8.0	1	SxSx nb	chi32	-0.1583140604946691	0.00019089298271587896	0.0012057866630381	67.71568024486622	67.68130842872714
cylinder	ED	8.0	1	SxSx nb	chi128	-0.1583140604946691	1.1534675112834236e-6	7.285944834459377e-6	67.68155649373226	67.68130842872714
cylinder	ED	8.0	1	SxSx nb	exact	-0.1583140604946691	6.545738950869406e-11	4.134654199643765e-10	67.68130842872714	67.68130842872714
cylinder	ED	8.0	1	SxSx nb	UHF	-0.1583140604946691	-0.15138935997354552	0.9562597251344157	1.102276085556133	67.68130842872714
cylinder	ED	8.0	1	SxSx nb	UHFsym	-0.1583140604946691	-0.07745843022848466	0.4892706938755633	3.989133408583697	67.68130842872714
cylinder	DMRG	8.0	1	n	chi4	0.999999999999946	1.6374679390196434e-12	1.6374679390197318e-12	1.000000000007134	0.9999999999997533
cylinder	DMRG	8.0	1	n	chi8	0.999999999999946	1.260824777915559e-11	1.260824777915627e-11	0.9999999999966543	0.9999999999997533
cylinder	DMRG	8.0	1	n	chi32	0.999999999999946	5.85420600884845e-13	5.854206008848766e-13	0.9999999999988703	0.9999999999997533
cylinder	DMRG	8.0	1	n	chi128	0.999999999999946	3.8413716652030416e-13	3.841371665203249e-13	0.999999999999286	0.9999999999997533
cylinder	DMRG	8.0	1	n	exact	0.999999999999946	0.0	0.0	0.9999999999997533	0.9999999999997533
cylinder	DMRG	8.0	1	n	UHF	0.999999999999946	-4.951594689828198e-14	4.951594689828465e-14	0.012426505604874913	0.9999999999997533
cylinder	DMRG	8.0	1	n	UHFsym	0.999999999999946	-4.363176486776865e-14	4.3631764867771006e-14	1.0000000000000322	0.9999999999997533
cylinder	DMRG	8.0	1	Sz	chi4	1.5054277269221927e-13	4.88981424795476e-12	NaN	0.9999999999901374	1.000000000000241
cylinder	DMRG	8.0	1	Sz	chi8	1.5054277269221927e-13	1.908320723664758e-12	NaN	0.9999999999882593	1.000000000000241
cylinder	DMRG	8.0	1	Sz	chi32	1.5054277269221927e-13	-3.5295724676309703e-13	NaN	1.0000000000004978	1.000000000000241
cylinder	DMRG	8.0	1	Sz	chi128	1.5054277269221927e-13	-1.6407361580483837e-13	NaN	1.0000000000002849	1.000000000000241
cylinder	DMRG	8.0	1	Sz	exact	1.5054277269221927e-13	0.0	NaN	1.000000000000241	1.000000000000241
cylinder	DMRG	8.0	1	Sz	UHF	1.5054277269221927e-13	0.4708338824136077	NaN	0.017339792309298295	1.000000000000241
cylinder	DMRG	8.0	1	Sz	UHFsym	1.5054277269221927e-13	1.5046037332711037e-13	NaN	0.9999999999999971	1.000000000000241
cylinder	DMRG	8.0	1	DoubleOcc	chi4	0.034261158187488594	0.01622617359365147	0.47360259991376785	50.19201878911396	82.21552538227184
cylinder	DMRG	8.0	1	DoubleOcc	chi8	0.034261158187488594	0.0014789270371691754	0.04316628845633264	80.67783270729518	82.21552538227184
cylinder	DMRG	8.0	1	DoubleOcc	chi32	0.034261158187488594	2.562352432053383e-5	0.0007478884449939864	82.19386923294591	82.21552538227184
cylinder	DMRG	8.0	1	DoubleOcc	chi128	0.034261158187488594	2.1087549639808856e-7	6.15494360243477e-6	82.21534790055816	82.21552538227184
cylinder	DMRG	8.0	1	DoubleOcc	exact	0.034261158187488594	0.0	0.0	82.21552538227184	82.21552538227184
cylinder	DMRG	8.0	1	DoubleOcc	UHF	0.034261158187488594	0.0059457030160199875	0.17354063115680732	1.5840144670185978	82.21552538227184
cylinder	DMRG	8.0	1	DoubleOcc	UHFsym	0.034261158187488594	0.00594570301601996	0.1735406311568065	73.13065559149796	82.21552538227184
cylinder	DMRG	8.0	1	ZZ onsite	chi4	-0.8629553672499372	0.06490469437133162	0.0752121104225467	95.50359062523393	253.95684714498145
cylinder	DMRG	8.0	1	ZZ onsite	chi8	-0.8629553672499372	0.00591570812346065	0.006855172756283799	246.234084496492	253.95684714498145
cylinder	DMRG	8.0	1	ZZ onsite	chi32	-0.8629553672499372	0.0001024940961121823	0.00011877102802988536	253.87084826664523	253.95684714498145
cylinder	DMRG	8.0	1	ZZ onsite	chi128	-0.8629553672499372	8.435012173180212e-7	9.774563660297839e-7	253.95614663652614	253.95684714498145
cylinder	DMRG	8.0	1	ZZ onsite	exact	-0.8629553672499372	0.0	0.0	253.95684714498145	253.95684714498145
cylinder	DMRG	8.0	1	ZZ onsite	UHF	-0.8629553672499372	0.023782812064179537	0.02755972436902561	199.64527335552006	253.95684714498145
cylinder	DMRG	8.0	1	ZZ onsite	UHFsym	-0.8629553672499372	0.023782812064173542	0.027559724369018664	199.64527335553848	253.95684714498145
cylinder	DMRG	8.0	1	ZZ up-up nb	chi4	-0.6683488821270622	0.07414179902263418	0.1109327792793986	39.442682491048224	76.84149117549956
cylinder	DMRG	8.0	1	ZZ up-up nb	chi8	-0.6683488821270622	0.054684287185934655	0.08181997254472616	50.606838796559515	76.84149117549956
cylinder	DMRG	8.0	1	ZZ up-up nb	chi32	-0.6683488821270622	0.0007217178216469833	0.001079851917085686	76.82467661118368	76.84149117549956
cylinder	DMRG	8.0	1	ZZ up-up nb	chi128	-0.6683488821270622	4.576917004062153e-6	6.848095547786102e-6	76.84142741010776	76.84149117549956
cylinder	DMRG	8.0	1	ZZ up-up nb	exact	-0.6683488821270622	0.0	0.0	76.84149117549956	76.84149117549956
cylinder	DMRG	8.0	1	ZZ up-up nb	UHF	-0.6683488821270622	0.27378690135603656	0.409646681063777	5.569569863198351	76.84149117549956
cylinder	DMRG	8.0	1	ZZ up-up nb	UHFsym	-0.6683488821270622	-0.3176605366044481	0.4752914908654796	4.244763814155142	76.84149117549956
cylinder	DMRG	8.0	1	SzSz nb	chi4	-0.15831406055608532	0.01829111743399736	0.11553691042822717	32.87053163454504	60.32236320832249
cylinder	DMRG	8.0	1	SzSz nb	chi8	-0.15831406055608532	0.013382938211713269	0.08453411001338157	41.4145685889862	60.32236320832249
cylinder	DMRG	8.0	1	SzSz nb	chi32	-0.15831406055608532	0.0001810916779512728	0.0011438761491883922	60.29247339172404	60.32236320832249
cylinder	DMRG	8.0	1	SzSz nb	chi128	-0.15831406055608532	1.1500116714469044e-6	7.264115817681867e-6	60.3222001804013	60.32236320832249
cylinder	DMRG	8.0	1	SzSz nb	exact	-0.15831406055608532	0.0	0.0	60.32236320832249	60.32236320832249
cylinder	DMRG	8.0	1	SzSz nb	UHF	-0.15831406055608532	0.0702951847935667	0.44402363597176187	4.663667821416346	60.32236320832249
cylinder	DMRG	8.0	1	SzSz nb	UHFsym	-0.15831406055608532	-0.0775666746965553	0.4899544261836178	3.976591358215522	60.32236320832249
cylinder	DMRG	8.0	1	SxSx nb	chi4	-0.15831406056012648	0.022276800042236644	0.14071270715576198	30.388436258550065	67.68130842872714
cylinder	DMRG	8.0	1	SxSx nb	chi8	-0.15831406056012648	0.013258014823315123	0.08374502414003733	47.6653827141233	67.68130842872714
cylinder	DMRG	8.0	1	SxSx nb	chi32	-0.15831406056012648	0.00019089291725848945	0.0012057862490741293	67.71568024486622	67.68130842872714
cylinder	DMRG	8.0	1	SxSx nb	chi128	-0.15831406056012648	1.153402053893915e-6	7.285531366027098e-6	67.68155649373226	67.68130842872714
cylinder	DMRG	8.0	1	SxSx nb	exact	-0.15831406056012648	0.0	0.0	67.68130842872714	67.68130842872714
cylinder	DMRG	8.0	1	SxSx nb	UHF	-0.15831406056012648	-0.1513893600390029	0.9562597251525008	1.102276085556133	67.68130842872714
cylinder	DMRG	8.0	1	SxSx nb	UHFsym	-0.15831406056012648	-0.07745843029394205	0.48927069408673224	3.989133408583697	67.68130842872714
cylinder	ED	8.0	3	n	chi4	0.9999999999998391	4.732658709372117e-12	4.732658709372879e-12	1.000000000004327	0.9999999999998652
cylinder	ED	8.0	3	n	chi8	0.9999999999998391	-7.152833880752496e-12	7.152833880753646e-12	0.9999999999830138	0.9999999999998652
cylinder	ED	8.0	3	n	chi32	0.9999999999998391	1.5746293158258595e-12	1.5746293158261128e-12	1.0000000000028093	0.9999999999998652
cylinder	ED	8.0	3	n	chi128	0.9999999999998391	-3.553823901825126e-13	3.5538239018256976e-13	0.9999999999995901	0.9999999999998652
cylinder	ED	8.0	3	n	exact	0.9999999999998391	-8.526512829121202e-14	8.526512829122574e-14	0.9999999999998652	0.9999999999998652
cylinder	ED	8.0	3	n	UHF	0.9999999999998391	-1.630917623174355e-13	1.6309176231746172e-13	0.01254935343801757	0.9999999999998652
cylinder	ED	8.0	3	n	UHFsym	0.9999999999998391	-1.5731860258938468e-13	1.5731860258941e-13	1.000000000000031	0.9999999999998652
cylinder	ED	8.0	3	Sz	chi4	1.8085098002496025e-10	1.7860302126138095e-10	NaN	1.000000000006601	1.0000000000005145
cylinder	ED	8.0	3	Sz	chi8	1.8085098002496025e-10	1.76182887723364e-10	NaN	1.0000000000095328	1.0000000000005145
cylinder	ED	8.0	3	Sz	chi32	1.8085098002496025e-10	1.809602016844547e-10	NaN	1.0000000000001592	1.0000000000005145
cylinder	ED	8.0	3	Sz	chi128	1.8085098002496025e-10	1.8074281654678614e-10	NaN	1.0000000000002127	1.0000000000005145
cylinder	ED	8.0	3	Sz	exact	1.8085098002496025e-10	1.806449746732941e-10	NaN	1.0000000000005145	1.0000000000005145
cylinder	ED	8.0	3	Sz	UHF	1.8085098002496025e-10	-0.45776477853434827	NaN	0.02054873126332637	1.0000000000005145
cylinder	ED	8.0	3	Sz	UHFsym	1.8085098002496025e-10	1.808508954571908e-10	NaN	0.9999999999999997	1.0000000000005145
cylinder	ED	8.0	3	DoubleOcc	chi4	0.042948240196107074	0.0322574012915573	0.7510762057831926	29.781572581356922	82.0090211197775
cylinder	ED	8.0	3	DoubleOcc	chi8	0.042948240196107074	0.006857390140206809	0.15966638234523936	78.21786191565461	82.0090211197775
cylinder	ED	8.0	3	DoubleOcc	chi32	0.042948240196107074	0.00017118108852795522	0.003985753263610356	82.08464759320155	82.0090211197775
cylinder	ED	8.0	3	DoubleOcc	chi128	0.042948240196107074	8.955036351343537e-7	2.0850764339711507e-5	82.00943965995134	82.0090211197775
cylinder	ED	8.0	3	DoubleOcc	exact	0.042948240196107074	2.3044510744085756e-11	5.365647262579705e-10	82.0090211197775	82.0090211197775
cylinder	ED	8.0	3	DoubleOcc	UHF	0.042948240196107074	0.002496832828281337	0.058135858812386344	1.6921404719607263	82.0090211197775
cylinder	ED	8.0	3	DoubleOcc	UHFsym	0.042948240196107074	0.002496832828281864	0.05813585881239862	82.2249124484505	82.0090211197775
cylinder	ED	8.0	3	ZZ onsite	chi4	-0.8282070392152507	0.12902960515676276	0.15579390061574688	35.17862813182628	191.31558151987576
cylinder	ED	8.0	3	ZZ onsite	chi8	-0.8282070392152507	0.02742956057513235	0.03311920724692539	162.9075032685861	191.31558151987576
cylinder	ED	8.0	3	ZZ onsite	chi32	-0.8282070392152507	0.0006847243509622292	0.0008267550486059918	191.44981182027277	191.31558151987576
cylinder	ED	8.0	3	ZZ onsite	chi128	-0.8282070392152507	3.582015250525039e-6	4.3250239142124395e-6	191.31641204110988	191.31558151987576
cylinder	ED	8.0	3	ZZ onsite	exact	-0.8282070392152507	9.234712994299343e-11	1.1150246927446416e-10	191.31558151987576	191.31558151987576
cylinder	ED	8.0	3	ZZ onsite	UHF	-0.8282070392152507	0.009987331313450754	0.012058979024030064	188.41113669837912	191.31558151987576
cylinder	ED	8.0	3	ZZ onsite	UHFsym	-0.8282070392152507	0.0099873313134472	0.012058979024025775	188.41113669838182	191.31558151987576
cylinder	ED	8.0	3	ZZ up-up nb	chi4	-0.46346719650846985	0.12362693202761238	0.26674365081057705	9.377085039164957	26.152551920452083
cylinder	ED	8.0	3	ZZ up-up nb	chi8	-0.46346719650846985	0.07262014212064477	0.15668885018773415	16.17181139076582	26.152551920452083
cylinder	ED	8.0	3	ZZ up-up nb	chi32	-0.46346719650846985	0.0006667317744218915	0.0014385738180495088	26.151265763408023	26.152551920452083
cylinder	ED	8.0	3	ZZ up-up nb	chi128	-0.46346719650846985	4.120131738893917e-6	8.889802277125394e-6	26.152552331873938	26.152551920452083
cylinder	ED	8.0	3	ZZ up-up nb	exact	-0.46346719650846985	1.7889023595785147e-10	3.8598251894744886e-10	26.152551920452083	26.152551920452083
cylinder	ED	8.0	3	ZZ up-up nb	UHF	-0.46346719650846985	0.4234821648009302	0.9137262960382808	1.188953777877171	26.152551920452083
cylinder	ED	8.0	3	ZZ up-up nb	UHFsym	-0.46346719650846985	-0.13558693194819477	0.2925491447283409	8.29425129804655	26.152551920452083
cylinder	ED	8.0	3	SzSz nb	chi4	-0.11018041707147311	0.03124769560904911	0.283604804189287	9.34041177313785	25.132169956363345
cylinder	ED	8.0	3	SzSz nb	chi8	-0.11018041707147311	0.01849725702365948	0.16788153026921712	16.319990153557836	25.132169956363345
cylinder	ED	8.0	3	SzSz nb	chi32	-0.11018041707147311	0.00016541872940274704	0.0015013441934553697	25.156941326073433	25.132169956363345
cylinder	ED	8.0	3	SzSz nb	chi128	-0.11018041707147311	1.093205830624e-6	9.921961267534925e-6	25.132330255763183	25.132169956363345
cylinder	ED	8.0	3	SzSz nb	exact	-0.11018041707147311	4.3522394022055266e-11	3.950102493605797e-10	25.132169956363345	25.132169956363345
cylinder	ED	8.0	3	SzSz nb	UHF	-0.11018041707147311	0.10546254940828831	0.9571805245561527	1.150875896077883	25.132169956363345
cylinder	ED	8.0	3	SzSz nb	UHFsym	-0.11018041707147311	-0.03430472477899181	0.31135047126150034	7.199339716298954	25.132169956363345
cylinder	ED	8.0	3	SxSx nb	chi4	-0.11018041706936005	0.037085418575524165	0.33658811213410456	6.7030571151458345	25.252742354718063
cylinder	ED	8.0	3	SxSx nb	chi8	-0.11018041706936005	0.02130824291397429	0.19339410287910297	13.199734257313258	25.252742354718063
cylinder	ED	8.0	3	SxSx nb	chi32	-0.11018041706936005	0.00018244809059547729	0.0016559030674264353	25.245145803293447	25.252742354718063
cylinder	ED	8.0	3	SxSx nb	chi128	-0.11018041706936005	1.1360610793764714e-6	1.031091649127908e-5	25.252734272512335	25.252742354718063
cylinder	ED	8.0	3	SxSx nb	exact	-0.11018041706936005	4.8430814914013354e-11	4.3955919030080913e-10	25.252742354718063	25.252742354718063
cylinder	ED	8.0	3	SxSx nb	UHF	-0.11018041706936005	-0.10408604322177265	0.9446873227594436	1.1214394164362576	25.252742354718063
cylinder	ED	8.0	3	SxSx nb	UHFsym	-0.11018041706936005	-0.03420240612813255	0.3104218248384527	7.631505460598925	25.252742354718063
cylinder	DMRG	8.0	3	n	chi4	0.9999999999999244	4.817923837663329e-12	4.817923837663694e-12	1.000000000004327	0.9999999999998652
cylinder	DMRG	8.0	3	n	chi8	0.9999999999999244	-7.067568752461284e-12	7.067568752461818e-12	0.9999999999830138	0.9999999999998652
cylinder	DMRG	8.0	3	n	chi32	0.9999999999999244	1.6598944441170715e-12	1.659894444117197e-12	1.0000000000028093	0.9999999999998652
cylinder	DMRG	8.0	3	n	chi128	0.9999999999999244	-2.701172618913006e-13	2.7011726189132103e-13	0.9999999999995901	0.9999999999998652
cylinder	DMRG	8.0	3	n	exact	0.9999999999999244	0.0	0.0	0.9999999999998652	0.9999999999998652
cylinder	DMRG	8.0	3	n	UHF	0.9999999999999244	-7.782663402622347e-14	7.782663402622936e-14	0.01254935343801757	0.9999999999998652
cylinder	DMRG	8.0	3	n	UHFsym	0.9999999999999244	-7.205347429817266e-14	7.205347429817811e-14	1.000000000000031	0.9999999999998652
cylinder	DMRG	8.0	3	Sz	chi4	2.0600535166614975e-13	-2.0419534119131555e-12	NaN	1.000000000006601	1.0000000000005145
cylinder	DMRG	8.0	3	Sz	chi8	2.0600535166614975e-13	-4.462086949930111e-12	NaN	1.0000000000095328	1.0000000000005145
cylinder	DMRG	8.0	3	Sz	chi32	2.0600535166614975e-13	3.152270111606015e-13	NaN	1.0000000000001592	1.0000000000005145
cylinder	DMRG	8.0	3	Sz	chi128	2.0600535166614975e-13	9.784187349204387e-14	NaN	1.0000000000002127	1.0000000000005145
cylinder	DMRG	8.0	3	Sz	exact	2.0600535166614975e-13	0.0	NaN	1.0000000000005145	1.0000000000005145
cylinder	DMRG	8.0	3	Sz	UHF	2.0600535166614975e-13	-0.45776477871499327	NaN	0.02054873126332637	1.0000000000005145
cylinder	DMRG	8.0	3	Sz	UHFsym	2.0600535166614975e-13	2.0592078389669588e-13	NaN	0.9999999999999997	1.0000000000005145
cylinder	DMRG	8.0	3	DoubleOcc	chi4	0.04294824017306256	0.032257401268512786	0.7510762056496288	29.781572581356922	82.0090211197775
cylinder	DMRG	8.0	3	DoubleOcc	chi8	0.04294824017306256	0.006857390117162299	0.15966638189434598	78.21786191565461	82.0090211197775
cylinder	DMRG	8.0	3	DoubleOcc	chi32	0.04294824017306256	0.00017118106548344447	0.003985752729184244	82.08464759320155	82.0090211197775
cylinder	DMRG	8.0	3	DoubleOcc	chi128	0.04294824017306256	8.954805906236096e-7	2.0850227786172745e-5	82.00943965995134	82.0090211197775
cylinder	DMRG	8.0	3	DoubleOcc	exact	0.04294824017306256	0.0	0.0	82.0090211197775	82.0090211197775
cylinder	DMRG	8.0	3	DoubleOcc	UHF	0.04294824017306256	0.002496832805236826	0.058135858307015266	1.6921404719607263	82.0090211197775
cylinder	DMRG	8.0	3	DoubleOcc	UHFsym	0.04294824017306256	0.0024968328052373534	0.05813585830702755	82.2249124484505	82.0090211197775
cylinder	DMRG	8.0	3	ZZ onsite	chi4	-0.8282070393075979	0.12902960506441563	0.15579390048687303	35.17862813182628	191.31558151987576
cylinder	DMRG	8.0	3	ZZ onsite	chi8	-0.8282070393075979	0.02742956048278522	0.03311920713173004	162.9075032685861	191.31558151987576
cylinder	DMRG	8.0	3	ZZ onsite	chi32	-0.8282070393075979	0.0006847242586150992	0.0008267549370113373	191.44981182027277	191.31558151987576
cylinder	DMRG	8.0	3	ZZ onsite	chi128	-0.8282070393075979	3.581922903395096e-6	4.324912411260927e-6	191.31641204110988	191.31558151987576
cylinder	DMRG	8.0	3	ZZ onsite	exact	-0.8282070393075979	0.0	0.0	191.31558151987576	191.31558151987576
cylinder	DMRG	8.0	3	ZZ onsite	UHF	-0.8282070393075979	0.009987331221103624	0.01205897891118299	188.41113669837912	191.31558151987576
cylinder	DMRG	8.0	3	ZZ onsite	UHFsym	-0.8282070393075979	0.009987331221100071	0.0120589789111787	188.41113669838182	191.31558151987576
cylinder	DMRG	8.0	3	ZZ up-up nb	chi4	-0.4634671966873601	0.12362693184872214	0.26674365032163616	9.377085039164957	26.152551920452083
cylinder	DMRG	8.0	3	ZZ up-up nb	chi8	-0.4634671966873601	0.07262014194175453	0.15668884974127245	16.17181139076582	26.152551920452083
cylinder	DMRG	8.0	3	ZZ up-up nb	chi32	-0.4634671966873601	0.0006667315955316555	0.0014385734315117257	26.151265763408023	26.152551920452083
cylinder	DMRG	8.0	3	ZZ up-up nb	chi128	-0.4634671966873601	4.1199528486579595e-6	8.889416291175286e-6	26.152552331873938	26.152551920452083
cylinder	DMRG	8.0	3	ZZ up-up nb	exact	-0.4634671966873601	0.0	0.0	26.152551920452083	26.152551920452083
cylinder	DMRG	8.0	3	ZZ up-up nb	UHF	-0.4634671966873601	0.42348216462203997	0.9137262952996159	1.188953777877171	26.152551920452083
cylinder	DMRG	8.0	3	ZZ up-up nb	UHFsym	-0.4634671966873601	-0.135586932127085	0.2925491450014046	8.29425129804655	26.152551920452083
cylinder	DMRG	8.0	3	SzSz nb	chi4	-0.1101804171149955	0.031247695565526715	0.28360480368225	9.34041177313785	25.132169956363345
cylinder	DMRG	8.0	3	SzSz nb	chi8	-0.1101804171149955	0.018497256980137086	0.16788152980789195	16.319990153557836	25.132169956363345
cylinder	DMRG	8.0	3	SzSz nb	chi32	-0.1101804171149955	0.00016541868588035302	0.0015013437978520742	25.156941326073433	25.132169956363345
cylinder	DMRG	8.0	3	SzSz nb	chi128	-0.1101804171149955	1.093162308229978e-6	9.921566253366444e-6	25.132330255763183	25.132169956363345
cylinder	DMRG	8.0	3	SzSz nb	exact	-0.1101804171149955	0.0	0.0	25.132169956363345	25.132169956363345
cylinder	DMRG	8.0	3	SzSz nb	UHF	-0.1101804171149955	0.10546254936476591	0.9571805237830463	1.150875896077883	25.132169956363345
cylinder	DMRG	8.0	3	SzSz nb	UHFsym	-0.1101804171149955	-0.034304724822514204	0.31135047153352396	7.199339716298954	25.132169956363345
cylinder	DMRG	8.0	3	SxSx nb	chi4	-0.11018041711779086	0.03708541852709335	0.33658811154659496	6.7030571151458345	25.252742354718063
cylinder	DMRG	8.0	3	SxSx nb	chi8	-0.11018041711779086	0.021308242865543475	0.19339410235453564	13.199734257313258	25.252742354718063
cylinder	DMRG	8.0	3	SxSx nb	chi32	-0.11018041711779086	0.00018244804216466237	0.0016559026271393779	25.245145803293447	25.252742354718063
cylinder	DMRG	8.0	3	SxSx nb	chi128	-0.11018041711779086	1.1360126485615574e-6	1.0310476927556712e-5	25.252734272512335	25.252742354718063
cylinder	DMRG	8.0	3	SxSx nb	exact	-0.11018041711779086	0.0	0.0	25.252742354718063	25.252742354718063
cylinder	DMRG	8.0	3	SxSx nb	UHF	-0.11018041711779086	-0.10408604327020346	0.9446873227837568	1.1214394164362576	25.252742354718063
cylinder	DMRG	8.0	3	SxSx nb	UHFsym	-0.11018041711779086	-0.034202406176563366	0.31042182514156313	7.631505460598925	25.252742354718063
cylinder	ED	8.0	5	n	chi4	1.0000000000001654	-6.197264923457624e-13	6.197264923456599e-13	1.0000000000064067	0.9999999999998874
cylinder	ED	8.0	5	n	chi8	1.0000000000001654	-2.6716406864579767e-12	2.671640686457535e-12	1.0000000000046845	0.9999999999998874
cylinder	ED	8.0	5	n	chi32	1.0000000000001654	3.829159211932165e-13	3.8291592119315313e-13	0.9999999999999322	0.9999999999998874
cylinder	ED	8.0	5	n	chi128	1.0000000000001654	3.6703973194107675e-13	3.67039731941016e-13	0.9999999999998628	0.9999999999998874
cylinder	ED	8.0	5	n	exact	1.0000000000001654	3.5715874702191286e-13	3.571587470218538e-13	0.9999999999998874	0.9999999999998874
cylinder	ED	8.0	5	n	UHF	1.0000000000001654	1.7141843500212417e-13	1.7141843500209582e-13	0.015041390990841095	0.9999999999998874
cylinder	ED	8.0	5	n	UHFsym	1.0000000000001654	1.7674750552032492e-13	1.767475055202957e-13	1.0000000000000204	0.9999999999998874
cylinder	ED	8.0	5	Sz	chi4	-2.2722054446311368e-10	-2.2305557054180802e-10	NaN	1.0000000000020044	1.0000000000002693
cylinder	ED	8.0	5	Sz	chi8	-2.2722054446311368e-10	-2.2721468109776488e-10	NaN	0.9999999999972998	1.0000000000002693
cylinder	ED	8.0	5	Sz	chi32	-2.2722054446311368e-10	-2.2701001842206914e-10	NaN	1.0000000000003453	1.0000000000002693
cylinder	ED	8.0	5	Sz	chi128	-2.2722054446311368e-10	-2.2708727606679524e-10	NaN	1.0000000000002798	1.0000000000002693
cylinder	ED	8.0	5	Sz	exact	-2.2722054446311368e-10	-2.2708469132881604e-10	NaN	1.0000000000002693	1.0000000000002693
cylinder	ED	8.0	5	Sz	UHF	-2.2722054446311368e-10	0.45780486751868715	NaN	0.021125484311450327	1.0000000000002693
cylinder	ED	8.0	5	Sz	UHFsym	-2.2722054446311368e-10	-2.2722054066840608e-10	NaN	1.0000000000000047	1.0000000000002693
cylinder	ED	8.0	5	DoubleOcc	chi4	0.04407833076581921	0.03082987470099724	0.6994338071645952	25.32777463708005	64.94339896853289
cylinder	ED	8.0	5	DoubleOcc	chi8	0.04407833076581921	0.011378269734177465	0.2581374915177325	52.39294206791332	64.94339896853289
cylinder	ED	8.0	5	DoubleOcc	chi32	0.04407833076581921	0.0001879646939152435	0.004264333305039804	64.89487969396262	64.94339896853289
cylinder	ED	8.0	5	DoubleOcc	chi128	0.04407833076581921	1.4806991869287245e-6	3.359245146544753e-5	64.94304384223051	64.94339896853289
cylinder	ED	8.0	5	DoubleOcc	exact	0.04407833076581921	2.8642505034426335e-11	6.498092041325059e-10	64.94339896853289	64.94339896853289
cylinder	ED	8.0	5	DoubleOcc	UHF	0.04407833076581921	0.0036636276976702298	0.08311629850809166	1.3697042518542997	64.94339896853289
cylinder	ED	8.0	5	DoubleOcc	UHFsym	0.04407833076581921	0.003663627697671895	0.08311629850812943	62.80776924031435	64.94339896853289
cylinder	ED	8.0	5	ZZ onsite	chi4	-0.8236866769370549	0.12331949880522597	0.14971651509989142	34.92784859013611	165.32125047464697
cylinder	ED	8.0	5	ZZ onsite	chi8	-0.8236866769370549	0.045513078942054475	0.05525532974661981	108.86284153618563	165.32125047464697
cylinder	ED	8.0	5	ZZ onsite	chi32	-0.8236866769370549	0.0007518587748949201	0.0009127970573601694	165.25480792727205	165.32125047464697
cylinder	ED	8.0	5	ZZ onsite	chi128	-0.8236866769370549	5.922796012525211e-6	7.190593436025461e-6	165.3209040797777	165.32125047464697
cylinder	ED	8.0	5	ZZ onsite	exact	-0.8236866769370549	1.1385792308971077e-10	1.3822965246093407e-10	165.32125047464697	165.32125047464697
cylinder	ED	8.0	5	ZZ onsite	UHF	-0.8236866769370549	0.014654510790337194	0.01779136557705555	156.36642260813923	165.32125047464697
cylinder	ED	8.0	5	ZZ onsite	UHFsym	-0.8236866769370549	0.014654510790339192	0.017791365577057978	156.366422608137	165.32125047464697
cylinder	ED	8.0	5	ZZ up-up nb	chi4	-0.4861013655927287	0.14874595348162695	0.30599781035433476	7.639999050814202	22.792191300678905
cylinder	ED	8.0	5	ZZ up-up nb	chi8	-0.4861013655927287	0.11354378818760863	0.23358047564659437	10.61230906755279	22.792191300678905
cylinder	ED	8.0	5	ZZ up-up nb	chi32	-0.4861013655927287	0.0010170848189932635	0.0020923307173866487	22.796861805442184	22.792191300678905
cylinder	ED	8.0	5	ZZ up-up nb	chi128	-0.4861013655927287	2.7788030917408335e-6	5.716509535727172e-6	22.792209942173166	22.792191300678905
cylinder	ED	8.0	5	ZZ up-up nb	exact	-0.4861013655927287	2.970786949774151e-10	6.111455675817154e-10	22.792191300678905	22.792191300678905
cylinder	ED	8.0	5	ZZ up-up nb	UHF	-0.4861013655927287	0.401374987370308	0.8257022419200378	1.4571448536718146	22.792191300678905
cylinder	ED	8.0	5	ZZ up-up nb	UHFsym	-0.4861013655927287	-0.15779203530337338	0.3246072660400148	6.849359445968949	22.792191300678905
cylinder	ED	8.0	5	SzSz nb	chi4	-0.11513671453087973	0.03695088720549414	0.32093053337546723	7.7912531473120925	24.276626288629636
cylinder	ED	8.0	5	SzSz nb	chi8	-0.11513671453087973	0.02860862671044445	0.24847527417304932	10.73701420221021	24.276626288629636
cylinder	ED	8.0	5	SzSz nb	chi32	-0.11513671453087973	0.00023151912423438614	0.0020108192697498987	24.306168801551	24.276626288629636
cylinder	ED	8.0	5	SzSz nb	chi128	-0.11513671453087973	7.608623326937902e-7	6.608338059618043e-6	24.27673433256989	24.276626288629636
cylinder	ED	8.0	5	SzSz nb	exact	-0.11513671453087973	7.10588532459866e-11	6.171693671780827e-10	24.276626288629636	24.276626288629636
cylinder	ED	8.0	5	SzSz nb	UHF	-0.11513671453087973	0.10059047805542376	0.8736611815377565	1.3737866974741764	24.276626288629636
cylinder	ED	8.0	5	SzSz nb	UHFsym	-0.11513671453087973	-0.039201277612990554	0.34047590964111407	6.314130394839079	24.276626288629636
cylinder	ED	8.0	5	SxSx nb	chi4	-0.11513671452866417	0.043565156577231756	0.3783776248573245	6.6776168887573215	26.695453732713368
cylinder	ED	8.0	5	SxSx nb	chi8	-0.11513671452866417	0.02826458128731074	0.24548712722103996	12.35591330151379	26.695453732713368
cylinder	ED	8.0	5	SxSx nb	chi32	-0.11513671452866417	0.0002542016642564232	0.0022078245440392322	26.767610072885454	26.695453732713368
cylinder	ED	8.0	5	SxSx nb	chi128	-0.11513671452866417	9.047321575389455e-7	7.857894514731055e-6	26.695720104185032	26.695453732713368
cylinder	ED	8.0	5	SxSx nb	exact	-0.11513671452866417	7.615166830454712e-11	6.614021306434671e-10	26.695453732713368	26.695453732713368
cylinder	ED	8.0	5	SxSx nb	UHF	-0.11513671452866417	-0.10899481887421454	0.9466556286620411	1.1127809229382148	26.695453732713368
cylinder	ED	8.0	5	SxSx nb	UHFsym	-0.11513671452866417	-0.039098941040007454	0.33958708306092467	6.30254905682199	26.695453732713368
cylinder	DMRG	8.0	5	n	chi4	0.9999999999998083	-9.768852393676752e-13	9.768852393678624e-13	1.0000000000064067	0.9999999999998874
cylinder	DMRG	8.0	5	n	chi8	0.9999999999998083	-3.0287994334798896e-12	3.0287994334804704e-12	1.0000000000046845	0.9999999999998874
cylinder	DMRG	8.0	5	n	chi32	0.9999999999998083	2.5757174171303632e-14	2.575717417130857e-14	0.9999999999999322	0.9999999999998874
cylinder	DMRG	8.0	5	n	chi128	0.9999999999998083	9.880984919163893e-15	9.880984919165788e-15	0.9999999999998628	0.9999999999998874
cylinder	DMRG	8.0	5	n	exact	0.9999999999998083	0.0	0.0	0.9999999999998874	0.9999999999998874
cylinder	DMRG	8.0	5	n	UHF	0.9999999999998083	-1.857403120197887e-13	1.857403120198243e-13	0.015041390990841095	0.9999999999998874
cylinder	DMRG	8.0	5	n	UHFsym	0.9999999999998083	-1.8041124150158794e-13	1.8041124150162252e-13	1.0000000000000204	0.9999999999998874
cylinder	DMRG	8.0	5	Sz	chi4	-1.3585313429764767e-13	4.0291207870080115e-12	NaN	1.0000000000020044	1.0000000000002693
cylinder	DMRG	8.0	5	Sz	chi8	-1.3585313429764767e-13	-1.2998976894884606e-13	NaN	0.9999999999972998	1.0000000000002693
cylinder	DMRG	8.0	5	Sz	chi32	-1.3585313429764767e-13	7.467290674689764e-14	NaN	1.0000000000003453	1.0000000000002693
cylinder	DMRG	8.0	5	Sz	chi128	-1.3585313429764767e-13	-2.5847379792054426e-15	NaN	1.0000000000002798	1.0000000000002693
cylinder	DMRG	8.0	5	Sz	exact	-1.3585313429764767e-13	0.0	NaN	1.0000000000002693	1.0000000000002693
cylinder	DMRG	8.0	5	Sz	UHF	-1.3585313429764767e-13	0.45780486774577184	NaN	0.021125484311450327	1.0000000000002693
cylinder	DMRG	8.0	5	Sz	UHFsym	-1.3585313429764767e-13	-1.3584933959004397e-13	NaN	1.0000000000000047	1.0000000000002693
cylinder	DMRG	8.0	5	DoubleOcc	chi4	0.04407833073717671	0.030829874672354735	0.6994338069692846	25.32777463708005	64.94339896853289
cylinder	DMRG	8.0	5	DoubleOcc	chi8	0.04407833073717671	0.01137826970553496	0.2581374910356634	52.39294206791332	64.94339896853289
cylinder	DMRG	8.0	5	DoubleOcc	chi32	0.04407833073717671	0.00018796466527273847	0.004264332658001602	64.89487969396262	64.94339896853289
cylinder	DMRG	8.0	5	DoubleOcc	chi128	0.04407833073717671	1.48067054442369e-6	3.3591801678071655e-5	64.94304384223051	64.94339896853289
cylinder	DMRG	8.0	5	DoubleOcc	exact	0.04407833073717671	0.0	0.0	64.94339896853289	64.94339896853289
cylinder	DMRG	8.0	5	DoubleOcc	UHF	0.04407833073717671	0.0036636276690277247	0.08311629791229218	1.3697042518542997	64.94339896853289
cylinder	DMRG	8.0	5	DoubleOcc	UHFsym	0.04407833073717671	0.00366362766902939	0.08311629791232997	62.80776924031435	64.94339896853289
cylinder	DMRG	8.0	5	ZZ onsite	chi4	-0.8236866770509128	0.12331949869136805	0.14971651494096652	34.92784859013611	165.32125047464697
cylinder	DMRG	8.0	5	ZZ onsite	chi8	-0.8236866770509128	0.04551307882819655	0.05525532960075224	108.86284153618563	165.32125047464697
cylinder	DMRG	8.0	5	ZZ onsite	chi32	-0.8236866770509128	0.0007518586610369971	0.0009127969190043413	165.25480792727205	165.32125047464697
cylinder	DMRG	8.0	5	ZZ onsite	chi128	-0.8236866770509128	5.922682154602121e-6	7.190455205379066e-6	165.3209040797777	165.32125047464697
cylinder	DMRG	8.0	5	ZZ onsite	exact	-0.8236866770509128	0.0	0.0	165.32125047464697	165.32125047464697
cylinder	DMRG	8.0	5	ZZ onsite	UHF	-0.8236866770509128	0.014654510676479271	0.017791365436366603	156.36642260813923	165.32125047464697
cylinder	DMRG	8.0	5	ZZ onsite	UHFsym	-0.8236866770509128	0.01465451067648127	0.01779136543636903	156.366422608137	165.32125047464697
cylinder	DMRG	8.0	5	ZZ up-up nb	chi4	-0.4861013658898074	0.14874595318454825	0.30599780955618	7.639999050814202	22.792191300678905
cylinder	DMRG	8.0	5	ZZ up-up nb	chi8	-0.4861013658898074	0.11354378789052993	0.23358047489269712	10.61230906755279	22.792191300678905
cylinder	DMRG	8.0	5	ZZ up-up nb	chi32	-0.4861013658898074	0.0010170845219145686	0.0020923301049623625	22.796861805442184	22.792191300678905
cylinder	DMRG	8.0	5	ZZ up-up nb	chi128	-0.4861013658898074	2.778506013045856e-6	5.7158983866663435e-6	22.792209942173166	22.792191300678905
cylinder	DMRG	8.0	5	ZZ up-up nb	exact	-0.4861013658898074	0.0	0.0	22.792191300678905	22.792191300678905
cylinder	DMRG	8.0	5	ZZ up-up nb	UHF	-0.4861013658898074	0.40137498707322933	0.825702240804268	1.4571448536718146	22.792191300678905
cylinder	DMRG	8.0	5	ZZ up-up nb	UHFsym	-0.4861013658898074	-0.15779203560045207	0.32460726645277804	6.849359445968949	22.792191300678905
cylinder	DMRG	8.0	5	SzSz nb	chi4	-0.11513671460193858	0.036950887134435284	0.32093053256022935	7.7912531473120925	24.276626288629636
cylinder	DMRG	8.0	5	SzSz nb	chi8	-0.11513671460193858	0.028608626639385598	0.24847527340252862	10.73701420221021	24.276626288629636
cylinder	DMRG	8.0	5	SzSz nb	chi32	-0.11513671460193858	0.0002315190531755329	0.002010818651339516	24.306168801551	24.276626288629636
cylinder	DMRG	8.0	5	SzSz nb	chi128	-0.11513671460193858	7.607912738405442e-7	6.607720886172781e-6	24.27673433256989	24.276626288629636
cylinder	DMRG	8.0	5	SzSz nb	exact	-0.11513671460193858	0.0	0.0	24.276626288629636	24.276626288629636
cylinder	DMRG	8.0	5	SzSz nb	UHF	-0.11513671460193858	0.1005904779843649	0.8736611803813902	1.3737866974741764	24.276626288629636
cylinder	DMRG	8.0	5	SzSz nb	UHFsym	-0.11513671460193858	-0.03920127768404941	0.34047591004815214	6.314130394839079	24.276626288629636
cylinder	DMRG	8.0	5	SxSx nb	chi4	-0.11513671460481584	0.04356515650108009	0.3783776239456626	6.6776168887573215	26.695453732713368
cylinder	DMRG	8.0	5	SxSx nb	chi8	-0.11513671460481584	0.028264581211159073	0.24548712639727213	12.35591330151379	26.695453732713368
cylinder	DMRG	8.0	5	SxSx nb	chi32	-0.11513671460481584	0.0002542015881047549	0.0022078238811768422	26.767610072885454	26.695453732713368
cylinder	DMRG	8.0	5	SxSx nb	chi128	-0.11513671460481584	9.04656005870641e-7	7.85723310740362e-6	26.695720104185032	26.695453732713368
cylinder	DMRG	8.0	5	SxSx nb	exact	-0.11513671460481584	0.0	0.0	26.695453732713368	26.695453732713368
cylinder	DMRG	8.0	5	SxSx nb	UHF	-0.11513671460481584	-0.10899481895036621	0.9466556286973232	1.1127809229382148	26.695453732713368
cylinder	DMRG	8.0	5	SxSx nb	UHFsym	-0.11513671460481584	-0.03909894111615912	0.3395870834977232	6.30254905682199	26.695453732713368
cylinder	ED	8.0	7	n	chi4	1.0000000000000229	-3.6193270602780103e-14	3.6193270602779276e-14	1.0000000000047846	1.0000000000004803
cylinder	ED	8.0	7	n	chi8	1.0000000000000229	-5.471179065352771e-13	5.471179065352646e-13	0.9999999999981714	1.0000000000004803
cylinder	ED	8.0	7	n	chi32	1.0000000000000229	-2.4358293160275934e-13	2.435829316027538e-13	1.0000000000002527	1.0000000000004803
cylinder	ED	8.0	7	n	chi128	1.0000000000000229	-3.965716643961059e-13	3.9657166439609683e-13	1.0000000000005085	1.0000000000004803
cylinder	ED	8.0	7	n	exact	1.0000000000000229	-3.808064974464287e-13	3.8080649744641996e-13	1.0000000000004803	1.0000000000004803
cylinder	ED	8.0	7	n	UHF	1.0000000000000229	4.163336342344337e-14	4.163336342344242e-14	0.012667362097904708	1.0000000000004803
cylinder	ED	8.0	7	n	UHFsym	1.0000000000000229	4.729550084903167e-14	4.729550084903059e-14	1.0000000000000142	1.0000000000004803
cylinder	ED	8.0	7	Sz	chi4	2.5409258030961723e-10	2.5248183405102154e-10	NaN	0.9999999999993072	0.999999999999679
cylinder	ED	8.0	7	Sz	chi8	2.5409258030961723e-10	2.5492691638207e-10	NaN	0.9999999999998955	0.999999999999679
cylinder	ED	8.0	7	Sz	chi32	2.5409258030961723e-10	2.541084981322328e-10	NaN	0.9999999999997997	0.999999999999679
cylinder	ED	8.0	7	Sz	chi128	2.5409258030961723e-10	2.540731305900046e-10	NaN	0.9999999999996674	0.999999999999679
cylinder	ED	8.0	7	Sz	exact	2.5409258030961723e-10	2.5407921253051136e-10	NaN	0.999999999999679	0.999999999999679
cylinder	ED	8.0	7	Sz	UHF	2.5409258030961723e-10	-0.4578048674918083	NaN	0.026364321077002408	0.999999999999679
cylinder	ED	8.0	7	Sz	UHFsym	2.5409258030961723e-10	2.5409256036029726e-10	NaN	1.0000000000000142	0.999999999999679
cylinder	ED	8.0	7	DoubleOcc	chi4	0.04407833076570433	0.030951495420357605	0.7021930023820181	29.487957840655323	86.98041141298512
cylinder	ED	8.0	7	DoubleOcc	chi8	0.04407833076570433	0.00954300964498192	0.21650115780715934	73.29744309547287	86.98041141298512
cylinder	ED	8.0	7	DoubleOcc	chi32	0.04407833076570433	0.00026322423327784783	0.005971737783742314	86.9635568298702	86.98041141298512
cylinder	ED	8.0	7	DoubleOcc	chi128	0.04407833076570433	1.452402986990009e-6	3.2950498845116624e-5	86.9803854830245	86.98041141298512
cylinder	ED	8.0	7	DoubleOcc	exact	0.04407833076570433	2.492339667981014e-11	5.654342223685585e-10	86.98041141298512	86.98041141298512
cylinder	ED	8.0	7	DoubleOcc	UHF	0.04407833076570433	0.0036636276975554605	0.08311629850570453	1.769258066006297	86.98041141298512
cylinder	ED	8.0	7	DoubleOcc	UHFsym	0.04407833076570433	0.0036636276975555992	0.08311629850570766	84.61376498386646	86.98041141298512
cylinder	ED	8.0	7	ZZ onsite	chi4	-0.8236866769372277	0.12380598168150192	0.15030713151978908	38.79720237515149	214.62850017117808
cylinder	ED	8.0	7	ZZ onsite	chi8	-0.8236866769372277	0.03817203858102214	0.04634291126689086	155.94952217526713	214.62850017117808
cylinder	ED	8.0	7	ZZ onsite	chi32	-0.8236866769372277	0.0010528969336001115	0.001278273599756612	215.02186202774837	214.62850017117808
cylinder	ED	8.0	7	ZZ onsite	chi128	-0.8236866769372277	5.809612742213588e-6	7.05318284838099e-6	214.63107448540606	214.62850017117808
cylinder	ED	8.0	7	ZZ onsite	exact	-0.8236866769372277	1.0046030674004669e-10	1.2196422444708628e-10	214.62850017117808	214.62850017117808
cylinder	ED	8.0	7	ZZ onsite	UHF	-0.8236866769372277	0.014654510790139463	0.01779136557681176	207.0105504139091	214.62850017117808
cylinder	ED	8.0	7	ZZ onsite	UHFsym	-0.8236866769372277	0.014654510790134245	0.017791365576805426	207.01055041391643	214.62850017117808
cylinder	ED	8.0	7	ZZ up-up nb	chi4	-0.4861013655556228	0.14961671715910407	0.30778913156948123	7.494980902245653	23.490735608088578
cylinder	ED	8.0	7	ZZ up-up nb	chi8	-0.4861013655556228	0.1085231261385281	0.22325204952774444	11.06288058826361	23.490735608088578
cylinder	ED	8.0	7	ZZ up-up nb	chi32	-0.4861013655556228	0.0011259191646824651	0.002316223002985229	23.487420053358026	23.490735608088578
cylinder	ED	8.0	7	ZZ up-up nb	chi128	-0.4861013655556228	2.5046532411421296e-6	5.152532822612553e-6	23.490734525283916	23.490735608088578
cylinder	ED	8.0	7	ZZ up-up nb	exact	-0.4861013655556228	3.3468389171176227e-10	6.885063804114445e-10	23.490735608088578	23.490735608088578
cylinder	ED	8.0	7	ZZ up-up nb	UHF	-0.4861013655556228	0.40137498740734057	0.8257022420592495	1.4369935040574364	23.490735608088578
cylinder	ED	8.0	7	ZZ up-up nb	UHFsym	-0.4861013655556228	-0.15779203526627622	0.3246072659884776	6.974870580161372	23.490735608088578
cylinder	ED	8.0	7	SzSz nb	chi4	-0.11513671452205448	0.03722938848396823	0.3233494080364515	7.483519157749369	21.80864696583017
cylinder	ED	8.0	7	SzSz nb	chi8	-0.11513671452205448	0.027334405846970333	0.23740824949225398	10.8351286546005	21.80864696583017
cylinder	ED	8.0	7	SzSz nb	chi32	-0.11513671452205448	0.0002465444921224136	0.0021413195013063177	21.83443455150045	21.80864696583017
cylinder	ED	8.0	7	SzSz nb	chi128	-0.11513671452205448	7.27065866359955e-7	6.314804703070498e-6	21.808731706010104	21.80864696583017
cylinder	ED	8.0	7	SzSz nb	exact	-0.11513671452205448	8.034370391207801e-11	6.978113301703441e-10	21.80864696583017	21.80864696583017
cylinder	ED	8.0	7	SzSz nb	UHF	-0.11513671452205448	0.10059047806424323	0.8736611816813228	1.3710156906923348	21.80864696583017
cylinder	ED	8.0	7	SzSz nb	UHFsym	-0.11513671452205448	-0.03920127760416729	0.3404759095905787	6.128898305631322	21.80864696583017
cylinder	ED	8.0	7	SxSx nb	chi4	-0.11513671452221275	0.0437225825931942	0.37974492128450493	5.751238542690403	24.92696618220337
cylinder	ED	8.0	7	SxSx nb	chi8	-0.11513671452221275	0.026894093995011276	0.23358399713431752	11.134372022644124	24.92696618220337
cylinder	ED	8.0	7	SxSx nb	chi32	-0.11513671452221275	0.00028702563453289476	0.002492911455081692	24.939582841493696	24.92696618220337
cylinder	ED	8.0	7	SxSx nb	chi128	-0.11513671452221275	8.425415809198977e-7	7.317749029197376e-6	24.92700582760122	24.92696618220337
cylinder	ED	8.0	7	SxSx nb	exact	-0.11513671452221275	8.312306398750025e-11	7.219509809050851e-10	24.92696618220337	24.92696618220337
cylinder	ED	8.0	7	SxSx nb	UHF	-0.11513671452221275	-0.10899481886776315	0.9466556286590523	1.1053317036879475	24.92696618220337
cylinder	ED	8.0	7	SxSx nb	UHFsym	-0.11513671452221275	-0.03909894103355799	0.339587083023937	6.510404429986147	24.92696618220337
cylinder	DMRG	8.0	7	n	chi4	1.0000000000004037	3.446132268436486e-13	3.446132268435095e-13	1.0000000000047846	1.0000000000004803
cylinder	DMRG	8.0	7	n	chi8	1.0000000000004037	-1.6631140908884845e-13	1.663114090887813e-13	0.9999999999981714	1.0000000000004803
cylinder	DMRG	8.0	7	n	chi32	1.0000000000004037	1.3722356584366935e-13	1.3722356584361396e-13	1.0000000000002527	1.0000000000004803
cylinder	DMRG	8.0	7	n	chi128	1.0000000000004037	-1.5765166949677223e-14	1.5765166949670858e-14	1.0000000000005085	1.0000000000004803
cylinder	DMRG	8.0	7	n	exact	1.0000000000004037	0.0	0.0	1.0000000000004803	1.0000000000004803
cylinder	DMRG	8.0	7	n	UHF	1.0000000000004037	4.2243986086987206e-13	4.224398608697015e-13	0.012667362097904708	1.0000000000004803
cylinder	DMRG	8.0	7	n	UHFsym	1.0000000000004037	4.2810199829546036e-13	4.2810199829528754e-13	1.0000000000000142	1.0000000000004803
cylinder	DMRG	8.0	7	Sz	chi4	1.3367779105877275e-14	-1.5973784794898194e-12	NaN	0.9999999999993072	0.999999999999679
cylinder	DMRG	8.0	7	Sz	chi8	1.3367779105877275e-14	8.477038515586344e-13	NaN	0.9999999999998955	0.999999999999679
cylinder	DMRG	8.0	7	Sz	chi32	1.3367779105877275e-14	2.928560172144046e-14	NaN	0.9999999999997997	0.999999999999679
cylinder	DMRG	8.0	7	Sz	chi128	1.3367779105877275e-14	-6.081940506774686e-15	NaN	0.9999999999996674	0.999999999999679
cylinder	DMRG	8.0	7	Sz	exact	1.3367779105877275e-14	0.0	NaN	0.999999999999679	0.999999999999679
cylinder	DMRG	8.0	7	Sz	UHF	1.3367779105877275e-14	-0.4578048677458875	NaN	0.026364321077002408	0.999999999999679
cylinder	DMRG	8.0	7	Sz	UHFsym	1.3367779105877275e-14	1.3347829785903542e-14	NaN	1.0000000000000142	0.999999999999679
cylinder	DMRG	8.0	7	DoubleOcc	chi4	0.044078330740780935	0.03095149539543421	0.7021930022136279	29.487957840655323	86.98041141298512
cylinder	DMRG	8.0	7	DoubleOcc	chi8	0.044078330740780935	0.009543009620058523	0.21650115736414227	73.29744309547287	86.98041141298512
cylinder	DMRG	8.0	7	DoubleOcc	chi32	0.044078330740780935	0.00026322420835445115	0.005971737221684716	86.9635568298702	86.98041141298512
cylinder	DMRG	8.0	7	DoubleOcc	chi128	0.044078330740780935	1.4523780635933292e-6	3.2949933429525276e-5	86.9803854830245	86.98041141298512
cylinder	DMRG	8.0	7	DoubleOcc	exact	0.044078330740780935	0.0	0.0	86.98041141298512	86.98041141298512
cylinder	DMRG	8.0	7	DoubleOcc	UHF	0.044078330740780935	0.003663627672632064	0.0831162979872671	1.769258066006297	86.98041141298512
cylinder	DMRG	8.0	7	DoubleOcc	UHFsym	0.044078330740780935	0.0036636276726322026	0.08311629798727024	84.61376498386646	86.98041141298512
cylinder	DMRG	8.0	7	ZZ onsite	chi4	-0.823686677037688	0.12380598158104161	0.15030713137949278	38.79720237515149	214.62850017117808
cylinder	DMRG	8.0	7	ZZ onsite	chi8	-0.823686677037688	0.03817203848056183	0.046342911139274454	155.94952217526713	214.62850017117808
cylinder	DMRG	8.0	7	ZZ onsite	chi32	-0.823686677037688	0.0010528968331398048	0.0012782734776364837	215.02186202774837	214.62850017117808
cylinder	DMRG	8.0	7	ZZ onsite	chi128	-0.823686677037688	5.809512281906848e-6	7.053060883296322e-6	214.63107448540606	214.62850017117808
cylinder	DMRG	8.0	7	ZZ onsite	exact	-0.823686677037688	0.0	0.0	214.62850017117808	214.62850017117808
cylinder	DMRG	8.0	7	ZZ onsite	UHF	-0.823686677037688	0.014654510689679157	0.017791365452677625	207.0105504139091	214.62850017117808
cylinder	DMRG	8.0	7	ZZ onsite	UHFsym	-0.823686677037688	0.014654510689673939	0.017791365452671293	207.01055041391643	214.62850017117808
cylinder	DMRG	8.0	7	ZZ up-up nb	chi4	-0.48610136589030667	0.14961671682442018	0.30778913066906005	7.494980902245653	23.490735608088578
cylinder	DMRG	8.0	7	ZZ up-up nb	chi8	-0.48610136589030667	0.10852312580384421	0.22325204868552762	11.06288058826361	23.490735608088578
cylinder	DMRG	8.0	7	ZZ up-up nb	chi32	-0.48610136589030667	0.0011259188299985734	0.0023162223128841146	23.487420053358026	23.490735608088578
cylinder	DMRG	8.0	7	ZZ up-up nb	chi128	-0.48610136589030667	2.504318557250418e-6	5.151844312685064e-6	23.490734525283916	23.490735608088578
cylinder	DMRG	8.0	7	ZZ up-up nb	exact	-0.48610136589030667	0.0	0.0	23.490735608088578	23.490735608088578
cylinder	DMRG	8.0	7	ZZ up-up nb	UHF	-0.48610136589030667	0.4013749870726567	0.8257022408022419	1.4369935040574364	23.490735608088578
cylinder	DMRG	8.0	7	ZZ up-up nb	UHFsym	-0.48610136589030667	-0.1577920356009601	0.3246072664534898	6.974870580161372	23.490735608088578
cylinder	DMRG	8.0	7	SzSz nb	chi4	-0.11513671460239819	0.037229388403624525	0.3233494071130033	7.483519157749369	21.80864696583017
cylinder	DMRG	8.0	7	SzSz nb	chi8	-0.11513671460239819	0.02733440576662663	0.2374082486287765	10.8351286546005	21.80864696583017
cylinder	DMRG	8.0	7	SzSz nb	chi32	-0.11513671460239819	0.00024654441177870967	0.002141318802000751	21.83443455150045	21.80864696583017
cylinder	DMRG	8.0	7	SzSz nb	chi128	-0.11513671460239819	7.269855226560429e-7	6.314106887334273e-6	21.808731706010104	21.80864696583017
cylinder	DMRG	8.0	7	SzSz nb	exact	-0.11513671460239819	0.0	0.0	21.80864696583017	21.80864696583017
cylinder	DMRG	8.0	7	SzSz nb	UHF	-0.11513671460239819	0.10059047798389953	0.8736611803738608	1.3710156906923348	21.80864696583017
cylinder	DMRG	8.0	7	SzSz nb	UHFsym	-0.11513671460239819	-0.039201277684510996	0.3404759100508021	6.128898305631322	21.80864696583017
cylinder	DMRG	8.0	7	SxSx nb	chi4	-0.11513671460533581	0.043722582510071134	0.37974492028839674	5.751238542690403	24.92696618220337
cylinder	DMRG	8.0	7	SxSx nb	chi8	-0.11513671460533581	0.02689409391188821	0.23358399624373033	11.134372022644124	24.92696618220337
cylinder	DMRG	8.0	7	SxSx nb	chi32	-0.11513671460533581	0.00028702555140983077	0.0024929107313309516	24.939582841493696	24.92696618220337
cylinder	DMRG	8.0	7	SxSx nb	chi128	-0.11513671460533581	8.424584578559102e-7	7.3170270729339355e-6	24.92700582760122	24.92696618220337
cylinder	DMRG	8.0	7	SxSx nb	exact	-0.11513671460533581	0.0	0.0	24.92696618220337	24.92696618220337
cylinder	DMRG	8.0	7	SxSx nb	UHF	-0.11513671460533581	-0.10899481895088621	0.9466556286975644	1.1053317036879475	24.92696618220337
cylinder	DMRG	8.0	7	SxSx nb	UHFsym	-0.11513671460533581	-0.03909894111668105	0.3395870835007227	6.510404429986147	24.92696618220337
cylinder	ED	8.0	9	n	chi4	0.9999999999999089	-7.327471962526033e-14	7.327471962526701e-14	0.9999999999992534	0.9999999999999946
cylinder	ED	8.0	9	n	chi8	0.9999999999999089	5.5067062021407764e-14	5.506706202141278e-14	0.999999999999928	0.9999999999999946
cylinder	ED	8.0	9	n	chi32	0.9999999999999089	-1.4843681839238343e-13	1.4843681839239696e-13	0.9999999999998594	0.9999999999999946
cylinder	ED	8.0	9	n	chi128	0.9999999999999089	-2.681188604469753e-13	2.6811886044699974e-13	1.000000000000037	0.9999999999999946
cylinder	ED	8.0	9	n	exact	0.9999999999999089	-2.567945855957987e-13	2.5679458559582213e-13	0.9999999999999946	0.9999999999999946
cylinder	ED	8.0	9	n	UHF	0.9999999999999089	-9.159339953157541e-14	9.159339953158376e-14	0.010819380783513749	0.9999999999999946
cylinder	ED	8.0	9	n	UHFsym	0.9999999999999089	-8.570921750106208e-14	8.57092175010699e-14	1.0000000000000353	0.9999999999999946
cylinder	ED	8.0	9	Sz	chi4	-2.542238260183627e-10	-2.536221267723793e-10	NaN	1.0000000000017357	1.0000000000005402
cylinder	ED	8.0	9	Sz	chi8	-2.542238260183627e-10	-2.542868294402867e-10	NaN	0.9999999999998518	1.0000000000005402
cylinder	ED	8.0	9	Sz	chi32	-2.542238260183627e-10	-2.5402644918126605e-10	NaN	1.000000000000555	1.0000000000005402
cylinder	ED	8.0	9	Sz	chi128	-2.542238260183627e-10	-2.540475607659687e-10	NaN	1.0000000000004676	1.0000000000005402
cylinder	ED	8.0	9	Sz	exact	-2.542238260183627e-10	-2.540231011649574e-10	NaN	1.0000000000005402	1.0000000000005402
cylinder	ED	8.0	9	Sz	UHF	-2.542238260183627e-10	0.45776477846097446	NaN	0.026535110550763595	1.0000000000005402
cylinder	ED	8.0	9	Sz	UHFsym	-2.542238260183627e-10	-2.5422391687450474e-10	NaN	0.9999999999999997	1.0000000000005402
cylinder	ED	8.0	9	DoubleOcc	chi4	0.042948240196327314	0.031857188772401096	0.741757721079462	25.237633087274215	77.95578584903029
cylinder	ED	8.0	9	DoubleOcc	chi8	0.042948240196327314	0.020000728587412142	0.46569378619435237	41.52234080515819	77.95578584903029
cylinder	ED	8.0	9	DoubleOcc	chi32	0.042948240196327314	0.00011463630462907326	0.0026691735005914467	77.88903713943641	77.95578584903029
cylinder	ED	8.0	9	DoubleOcc	chi128	0.042948240196327314	1.4017421377521266e-6	3.263794119024219e-5	77.95499162845549	77.95578584903029
cylinder	ED	8.0	9	DoubleOcc	exact	0.042948240196327314	1.862940357533205e-11	4.3376407252479526e-10	77.95578584903029	77.95578584903029
cylinder	ED	8.0	9	DoubleOcc	UHF	0.042948240196327314	0.0024968328285015218	0.058135858817214975	1.2702455747330907	77.95578584903029
cylinder	ED	8.0	9	DoubleOcc	UHFsym	0.042948240196327314	0.0024968328285029096	0.05813585881724728	75.71823576817025	77.95578584903029
cylinder	ED	8.0	9	ZZ onsite	chi4	-0.8282070392145086	0.12742875508974927	0.1538609901343096	31.361889560854465	176.5690047910421
cylinder	ED	8.0	9	ZZ onsite	chi8	-0.8282070392145086	0.08000291434953666	0.09659772322801476	60.44941990227467	176.5690047910421
cylinder	ED	8.0	9	ZZ onsite	chi32	-0.8282070392145086	0.00045854521881460997	0.0005536601321929179	176.2988905498156	176.5690047910421
cylinder	ED	8.0	9	ZZ onsite	chi128	-0.8282070392145086	5.606969086691116e-6	6.7700089726463805e-6	176.5658134659667	176.5690047910421
cylinder	ED	8.0	9	ZZ onsite	exact	-0.8282070392145086	7.503309085166165e-11	9.059702139554965e-11	176.5690047910421	176.5690047910421
cylinder	ED	8.0	9	ZZ onsite	UHF	-0.8282070392145086	0.009987331314189163	0.012058979024932446	166.87367604502452	176.5690047910421
cylinder	ED	8.0	9	ZZ onsite	UHFsym	-0.8282070392145086	0.009987331314188719	0.01205897902493191	166.873676045025	176.5690047910421
cylinder	ED	8.0	9	ZZ up-up nb	chi4	-0.46346719650341817	0.12831761490164295	0.2768645027516992	8.478710734161545	27.06954010755128
cylinder	ED	8.0	9	ZZ up-up nb	chi8	-0.46346719650341817	0.08450316153382786	0.18232824711512163	13.636111965895727	27.06954010755128
cylinder	ED	8.0	9	ZZ up-up nb	chi32	-0.46346719650341817	0.0006898873399261984	0.001488535424148644	27.04581635973145	27.06954010755128
cylinder	ED	8.0	9	ZZ up-up nb	chi128	-0.46346719650341817	4.672312086451136e-6	1.008121420825665e-5	27.06939004286653	27.06954010755128
cylinder	ED	8.0	9	ZZ up-up nb	exact	-0.46346719650341817	2.0112084220258453e-10	4.339483866817772e-10	27.06954010755128	27.06954010755128
cylinder	ED	8.0	9	ZZ up-up nb	UHF	-0.46346719650341817	0.42348216480596734	0.9137262960591086	1.1408992326429666	27.06954010755128
cylinder	ED	8.0	9	ZZ up-up nb	UHFsym	-0.46346719650341817	-0.1355869319431447	0.29254914472063337	8.683365789415314	27.06954010755128
cylinder	ED	8.0	9	SzSz nb	chi4	-0.11018041707010431	0.03222026006919304	0.29243182160666814	7.790030906121711	23.095852648716747
cylinder	ED	8.0	9	SzSz nb	chi8	-0.11018041707010431	0.02102804587642665	0.1908510281191545	12.500245719693421	23.095852648716747
cylinder	ED	8.0	9	SzSz nb	chi32	-0.11018041707010431	0.00018339086829344264	0.0016644597394903382	23.08720261916621	23.095852648716747
cylinder	ED	8.0	9	SzSz nb	chi128	-0.11018041707010431	1.1250580757987683e-6	1.0211052977616969e-5	23.09581009572391	23.095852648716747
cylinder	ED	8.0	9	SzSz nb	exact	-0.11018041707010431	4.535100073255194e-11	4.116067259365748e-10	23.095852648716747	23.095852648716747
cylinder	ED	8.0	9	SzSz nb	UHF	-0.11018041707010431	0.10546254940965605	0.9571805245804575	1.067515832569414	23.095852648716747
cylinder	ED	8.0	9	SzSz nb	UHFsym	-0.11018041707010431	-0.03430472477762336	0.31135047125294824	7.430836091934359	23.095852648716747
cylinder	ED	8.0	9	SxSx nb	chi4	-0.11018041707078736	0.038702824246488285	0.35126772320731886	6.187630815280857	21.42913467654699
cylinder	ED	8.0	9	SxSx nb	chi8	-0.11018041707078736	0.022113509365703818	0.20070271971739406	11.824980124853115	21.42913467654699
cylinder	ED	8.0	9	SxSx nb	chi32	-0.11018041707078736	0.0001981911197127123	0.0017987871618363987	21.4283503850864	21.42913467654699
cylinder	ED	8.0	9	SxSx nb	chi128	-0.11018041707078736	1.159986960083681e-6	1.0528068334851436e-5	21.429145066535714	21.42913467654699
cylinder	ED	8.0	9	SxSx nb	exact	-0.11018041707078736	4.7086862187128986e-11	4.273614444287064e-10	21.42913467654699	21.42913467654699
cylinder	ED	8.0	9	SxSx nb	UHF	-0.11018041707078736	-0.10408604322319995	0.94468732276016	1.1279154565323166	21.42913467654699
cylinder	ED	8.0	9	SxSx nb	UHFsym	-0.11018041707078736	-0.034202406129560256	0.3104218248473893	7.268700243450747	21.42913467654699
cylinder	DMRG	8.0	9	n	chi4	1.0000000000001656	1.8351986597053838e-13	1.8351986597050798e-13	0.9999999999992534	0.9999999999999946
cylinder	DMRG	8.0	9	n	chi8	1.0000000000001656	3.1186164761720647e-13	3.118616476171548e-13	0.999999999999928	0.9999999999999946
cylinder	DMRG	8.0	9	n	chi32	1.0000000000001656	1.0835776720341528e-13	1.0835776720339733e-13	0.9999999999998594	0.9999999999999946
cylinder	DMRG	8.0	9	n	chi128	1.0000000000001656	-1.1324274851176597e-14	1.1324274851174721e-14	1.000000000000037	0.9999999999999946
cylinder	DMRG	8.0	9	n	exact	1.0000000000001656	0.0	0.0	0.9999999999999946	0.9999999999999946
cylinder	DMRG	8.0	9	n	UHF	1.0000000000001656	1.652011860642233e-13	1.6520118606419593e-13	0.010819380783513749	0.9999999999999946
cylinder	DMRG	8.0	9	n	UHFsym	1.0000000000001656	1.7108536809473662e-13	1.7108536809470827e-13	1.0000000000000353	0.9999999999999946
cylinder	DMRG	8.0	9	Sz	chi4	-2.0072485340527635e-13	4.0097439257813505e-13	NaN	1.0000000000017357	1.0000000000005402
cylinder	DMRG	8.0	9	Sz	chi8	-2.0072485340527635e-13	-2.63728275329278e-13	NaN	0.9999999999998518	1.0000000000005402
cylinder	DMRG	8.0	9	Sz	chi32	-2.0072485340527635e-13	-3.3480163086352377e-15	NaN	1.000000000000555	1.0000000000005402
cylinder	DMRG	8.0	9	Sz	chi128	-2.0072485340527635e-13	-2.445960101127298e-14	NaN	1.0000000000004676	1.0000000000005402
cylinder	DMRG	8.0	9	Sz	exact	-2.0072485340527635e-13	0.0	NaN	1.0000000000005402	1.0000000000005402
cylinder	DMRG	8.0	9	Sz	UHF	-2.0072485340527635e-13	0.45776477871499754	NaN	0.026535110550763595	1.0000000000005402
cylinder	DMRG	8.0	9	Sz	UHFsym	-2.0072485340527635e-13	-2.0081570954733063e-13	NaN	0.9999999999999997	1.0000000000005402
cylinder	DMRG	8.0	9	DoubleOcc	chi4	0.04294824017769791	0.03185718875377169	0.7417577209674459	25.237633087274215	77.95578584903029
cylinder	DMRG	8.0	9	DoubleOcc	chi8	0.04294824017769791	0.02000072856878274	0.46569378596258953	41.52234080515819	77.95578584903029
cylinder	DMRG	8.0	9	DoubleOcc	chi32	0.04294824017769791	0.00011463628599966968	0.0026691730679851656	77.88903713943641	77.95578584903029
cylinder	DMRG	8.0	9	DoubleOcc	chi128	0.04294824017769791	1.4017235083485513e-6	3.263750744032664e-5	77.95499162845549	77.95578584903029
cylinder	DMRG	8.0	9	DoubleOcc	exact	0.04294824017769791	0.0	0.0	77.95578584903029	77.95578584903029
cylinder	DMRG	8.0	9	DoubleOcc	UHF	0.04294824017769791	0.002496832809872118	0.058135858408668147	1.2702455747330907	77.95578584903029
cylinder	DMRG	8.0	9	DoubleOcc	UHFsym	0.04294824017769791	0.002496832809873506	0.05813585840870046	75.71823576817025	77.95578584903029
cylinder	DMRG	8.0	9	ZZ onsite	chi4	-0.8282070392895416	0.12742875501471618	0.15386099002977324	31.361889560854465	176.5690047910421
cylinder	DMRG	8.0	9	ZZ onsite	chi8	-0.8282070392895416	0.08000291427450357	0.09659772312866627	60.44941990227467	176.5690047910421
cylinder	DMRG	8.0	9	ZZ onsite	chi32	-0.8282070392895416	0.0004585451437815191	0.0005536600415457366	176.2988905498156	176.5690047910421
cylinder	DMRG	8.0	9	ZZ onsite	chi128	-0.8282070392895416	5.606894053600264e-6	6.7699183750116505e-6	176.5658134659667	176.5690047910421
cylinder	DMRG	8.0	9	ZZ onsite	exact	-0.8282070392895416	0.0	0.0	176.5690047910421	176.5690047910421
cylinder	DMRG	8.0	9	ZZ onsite	UHF	-0.8282070392895416	0.009987331239156072	0.012058978933242917	166.87367604502452	176.5690047910421
cylinder	DMRG	8.0	9	ZZ onsite	UHFsym	-0.8282070392895416	0.009987331239155628	0.01205897893324238	166.873676045025	176.5690047910421
cylinder	DMRG	8.0	9	ZZ up-up nb	chi4	-0.463467196704539	0.1283176147005221	0.27686450219760594	8.478710734161545	27.06954010755128
cylinder	DMRG	8.0	9	ZZ up-up nb	chi8	-0.463467196704539	0.08450316133270702	0.18232824660205219	13.636111965895727	27.06954010755128
cylinder	DMRG	8.0	9	ZZ up-up nb	chi32	-0.463467196704539	0.0006898871388053562	0.00148853498955431	27.04581635973145	27.06954010755128
cylinder	DMRG	8.0	9	ZZ up-up nb	chi128	-0.463467196704539	4.672110965608933e-6	1.0080780255495429e-5	27.06939004286653	27.06954010755128
cylinder	DMRG	8.0	9	ZZ up-up nb	exact	-0.463467196704539	0.0	0.0	27.06954010755128	27.06954010755128
cylinder	DMRG	8.0	9	ZZ up-up nb	UHF	-0.463467196704539	0.4234821646048465	0.9137262952286502	1.1408992326429666	27.06954010755128
cylinder	DMRG	8.0	9	ZZ up-up nb	UHFsym	-0.463467196704539	-0.13558693214426554	0.2925491450276305	8.683365789415314	27.06954010755128
cylinder	DMRG	8.0	9	SzSz nb	chi4	-0.11018041711545531	0.03222026002384204	0.2924318210746945	7.790030906121711	23.095852648716747
cylinder	DMRG	8.0	9	SzSz nb	chi8	-0.11018041711545531	0.021028045831075648	0.1908510276289922	12.500245719693421	23.095852648716747
cylinder	DMRG	8.0	9	SzSz nb	chi32	-0.11018041711545531	0.0001833908229424419	0.0016644593271985097	23.08720261916621	23.095852648716747
cylinder	DMRG	8.0	9	SzSz nb	chi128	-0.11018041711545531	1.1250127247980357e-6	1.0210641366688265e-5	23.09581009572391	23.095852648716747
cylinder	DMRG	8.0	9	SzSz nb	exact	-0.11018041711545531	0.0	0.0	23.095852648716747	23.095852648716747
cylinder	DMRG	8.0	9	SzSz nb	UHF	-0.11018041711545531	0.10546254936430505	0.9571805237748688	1.067515832569414	23.095852648716747
cylinder	DMRG	8.0	9	SzSz nb	UHFsym	-0.11018041711545531	-0.034304724822974364	0.31135047153640105	7.430836091934359	23.095852648716747
cylinder	DMRG	8.0	9	SxSx nb	chi4	-0.11018041711787423	0.03870282419940142	0.35126772262983913	6.187630815280857	21.42913467654699
cylinder	DMRG	8.0	9	SxSx nb	chi8	-0.11018041711787423	0.022113509318616956	0.20070271920426003	11.824980124853115	21.42913467654699
cylinder	DMRG	8.0	9	SxSx nb	chi32	-0.11018041711787423	0.00019819107262585012	0.0017987867337062222	21.4283503850864	21.42913467654699
cylinder	DMRG	8.0	9	SxSx nb	chi128	-0.11018041711787423	1.1599398732214938e-6	1.0527640968907898e-5	21.429145066535714	21.42913467654699
cylinder	DMRG	8.0	9	SxSx nb	exact	-0.11018041711787423	0.0	0.0	21.42913467654699	21.42913467654699
cylinder	DMRG	8.0	9	SxSx nb	UHF	-0.11018041711787423	-0.10408604327028681	0.9446873227837985	1.1279154565323166	21.42913467654699
cylinder	DMRG	8.0	9	SxSx nb	UHFsym	-0.11018041711787423	-0.03420240617664712	0.31042182514208844	7.268700243450747	21.42913467654699
cylinder	ED	8.0	11	n	chi4	0.9999999999998485	-3.0941915696303113e-13	3.0941915696307803e-13	1.0000000000003386	1.000000000000207
cylinder	ED	8.0	11	n	chi8	0.9999999999998485	-2.581268532253489e-13	2.58126853225388e-13	0.9999999999999092	1.000000000000207
cylinder	ED	8.0	11	n	chi32	0.9999999999998485	-3.398392678377604e-13	3.398392678378119e-13	1.0000000000002116	1.000000000000207
cylinder	ED	8.0	11	n	chi128	0.9999999999998485	-3.425038030968608e-13	3.425038030969127e-13	1.0000000000002203	1.000000000000207
cylinder	ED	8.0	11	n	exact	0.9999999999998485	-3.405054016525355e-13	3.405054016525871e-13	1.000000000000207	1.000000000000207
cylinder	ED	8.0	11	n	UHF	0.9999999999998485	-1.6331380692236053e-13	1.6331380692238527e-13	0.011055414393817912	1.000000000000207
cylinder	ED	8.0	11	n	UHFsym	0.9999999999998485	-1.5687451337953462e-13	1.568745133795584e-13	1.0000000000000377	1.000000000000207
cylinder	ED	8.0	11	Sz	chi4	2.5694864985714716e-10	2.5668830255787256e-10	NaN	1.000000000000191	0.9999999999999557
cylinder	ED	8.0	11	Sz	chi8	2.5694864985714716e-10	2.571419743802039e-10	NaN	0.9999999999996679	0.9999999999999557
cylinder	ED	8.0	11	Sz	chi32	2.5694864985714716e-10	2.5685084961701854e-10	NaN	0.999999999999959	0.9999999999999557
cylinder	ED	8.0	11	Sz	chi128	2.5694864985714716e-10	2.5684135374071104e-10	NaN	0.9999999999999699	0.9999999999999557
cylinder	ED	8.0	11	Sz	exact	2.5694864985714716e-10	2.568528653656976e-10	NaN	0.9999999999999557	0.9999999999999557
cylinder	ED	8.0	11	Sz	UHF	2.5694864985714716e-10	-0.47083388215651684	NaN	0.028968556547097835	0.9999999999999557
cylinder	ED	8.0	11	Sz	UHFsym	2.5694864985714716e-10	2.5694871274087316e-10	NaN	0.9999999999999905	0.9999999999999557
cylinder	ED	8.0	11	DoubleOcc	chi4	0.034261158214643456	0.015908154869540503	0.4643204053370632	59.69957309773751	91.62238077158088
cylinder	ED	8.0	11	DoubleOcc	chi8	0.034261158214643456	0.010704812265305286	0.3124474718058415	73.25477891344278	91.62238077158088
cylinder	ED	8.0	11	DoubleOcc	chi32	0.034261158214643456	5.128207350466041e-5	0.0014967991795076588	91.61036189105306	91.62238077158088
cylinder	ED	8.0	11	DoubleOcc	chi128	0.034261158214643456	3.5790584063111197e-7	1.0446402260800995e-5	91.62230015809112	91.62238077158088
cylinder	ED	8.0	11	DoubleOcc	exact	0.034261158214643456	3.8899411469728307e-11	1.1353793478325093e-9	91.62238077158088	91.62238077158088
cylinder	ED	8.0	11	DoubleOcc	UHF	0.034261158214643456	0.005945703043174627	0.1735406318118397	1.5457891684891771	91.62238077158088
cylinder	ED	8.0	11	DoubleOcc	UHFsym	0.034261158214643456	0.005945703043176903	0.17354063181190613	84.53436281078714	91.62238077158088
cylinder	ED	8.0	11	ZZ onsite	chi4	-0.8629553671411325	0.06363261947877008	0.07373801925536115	106.29896045369406	244.2591780281008
cylinder	ED	8.0	11	ZZ onsite	chi8	-0.8629553671411325	0.04281924906172685	0.04961930905370214	154.34089240632574	244.2591780281008
cylinder	ED	8.0	11	ZZ onsite	chi32	-0.8629553671411325	0.00020512829469043758	0.0002377044080159128	244.27402783059364	244.2591780281008
cylinder	ED	8.0	11	ZZ onsite	chi128	-0.8629553671411325	1.4316240385392476e-6	1.6589780805026406e-6	244.25930488517568	244.2591780281008
cylinder	ED	8.0	11	ZZ onsite	exact	-0.8629553671411325	1.5627166227716316e-10	1.8108892791856941e-10	244.2591780281008	244.2591780281008
cylinder	ED	8.0	11	ZZ onsite	UHF	-0.8629553671411325	0.0237828121730157	0.02755972449862071	207.72338240622244	244.2591780281008
cylinder	ED	8.0	11	ZZ onsite	UHFsym	-0.8629553671411325	0.023782812173017698	0.027559724498623026	207.7233824062171	244.2591780281008
cylinder	ED	8.0	11	ZZ up-up nb	chi4	-0.6683488819052859	0.07901968030272732	0.11823118500245429	34.74085071841667	76.59901902627851
cylinder	ED	8.0	11	ZZ up-up nb	chi8	-0.6683488819052859	0.06293725521200821	0.09416826588022524	42.89325141846544	76.59901902627851
cylinder	ED	8.0	11	ZZ up-up nb	chi32	-0.6683488819052859	0.0007579429320296871	0.0011340528166501787	76.49429719046802	76.59901902627851
cylinder	ED	8.0	11	ZZ up-up nb	chi128	-0.6683488819052859	4.825401295094345e-6	7.2198838447045836e-6	76.59839925406656	76.59901902627851
cylinder	ED	8.0	11	ZZ up-up nb	exact	-0.6683488819052859	2.4617308191920984e-10	3.6833020684860804e-10	76.59901902627851	76.59901902627851
cylinder	ED	8.0	11	ZZ up-up nb	UHF	-0.6683488819052859	0.2737869015778521	0.40964668153159484	5.3441820444721495	76.59901902627851
cylinder	ED	8.0	11	ZZ up-up nb	UHFsym	-0.6683488819052859	-0.3176605363826619	0.4752914906913523	4.303652379937787	76.59901902627851
cylinder	ED	8.0	11	SzSz nb	chi4	-0.15831406050293198	0.01935157837655896	0.12223537388329805	31.81784179763203	54.38121844122752
cylinder	ED	8.0	11	SzSz nb	chi8	-0.15831406050293198	0.015025984731987074	0.09491250925061576	38.37424334599966	54.38121844122752
cylinder	ED	8.0	11	SzSz nb	chi32	-0.15831406050293198	0.00016943902822710855	0.001070271507715959	54.409089183215976	54.38121844122752
cylinder	ED	8.0	11	SzSz nb	chi128	-0.15831406050293198	1.1458165695421574e-6	7.237617214176228e-6	54.38145277030978	54.38121844122752
cylinder	ED	8.0	11	SzSz nb	exact	-0.15831406050293198	6.684788833588584e-11	4.222485869134019e-10	54.38121844122752	54.38121844122752
cylinder	ED	8.0	11	SzSz nb	UHF	-0.15831406050293198	0.07029518484672714	0.4440236364566322	4.940322122013568	54.38121844122752
cylinder	ED	8.0	11	SzSz nb	UHFsym	-0.15831406050293198	-0.07756667464339967	0.48995442601235745	3.910401155299189	54.38121844122752
cylinder	ED	8.0	11	SxSx nb	chi4	-0.15831406050392904	0.024196121246640778	0.15283621157604177	23.60789952269932	53.50260723710399
cylinder	ED	8.0	11	SxSx nb	chi8	-0.15831406050392904	0.01515270959811163	0.09571297426065052	35.82709081865862	53.50260723710399
cylinder	ED	8.0	11	SxSx nb	chi32	-0.15831406050392904	0.0001664280567156562	0.0010512525304821284	53.49224725770591	53.50260723710399
cylinder	ED	8.0	11	SxSx nb	chi128	-0.15831406050392904	1.1411996755361642e-6	7.208454333769311e-6	53.50255778978417	53.50260723710399
cylinder	ED	8.0	11	SxSx nb	exact	-0.15831406050392904	6.874562030745324e-11	4.342357216322369e-10	53.50260723710399	53.50260723710399
cylinder	ED	8.0	11	SxSx nb	UHF	-0.15831406050392904	-0.15138935998280542	0.9562597251369738	1.0910733627787037	53.50260723710399
cylinder	ED	8.0	11	SxSx nb	UHFsym	-0.15831406050392904	-0.07745843023774208	0.4892706939054205	3.9528859852175464	53.50260723710399
cylinder	DMRG	8.0	11	n	chi4	1.000000000000189	3.108624468950438e-14	3.108624468949851e-14	1.0000000000003386	1.000000000000207
cylinder	DMRG	8.0	11	n	chi8	1.000000000000189	8.237854842718662e-14	8.237854842717105e-14	0.9999999999999092	1.000000000000207
cylinder	DMRG	8.0	11	n	chi32	1.000000000000189	6.661338147750939e-16	6.661338147749681e-16	1.0000000000002116	1.000000000000207
cylinder	DMRG	8.0	11	n	chi128	1.000000000000189	-1.9984014443252818e-15	1.9984014443249043e-15	1.0000000000002203	1.000000000000207
cylinder	DMRG	8.0	11	n	exact	1.000000000000189	0.0	0.0	1.000000000000207	1.000000000000207
cylinder	DMRG	8.0	11	n	UHF	1.000000000000189	1.7719159473017498e-13	1.771915947301415e-13	0.011055414393817912	1.000000000000207
cylinder	DMRG	8.0	11	n	UHFsym	1.000000000000189	1.836308882730009e-13	1.8363088827296618e-13	1.0000000000000377	1.000000000000207
cylinder	DMRG	8.0	11	Sz	chi4	9.578449144953538e-14	-1.6456280782506383e-13	NaN	1.000000000000191	0.9999999999999557
cylinder	DMRG	8.0	11	Sz	chi8	9.578449144953538e-14	2.8910901450629467e-13	NaN	0.9999999999996679	0.9999999999999557
cylinder	DMRG	8.0	11	Sz	chi32	9.578449144953538e-14	-2.01574867908505e-15	NaN	0.999999999999959	0.9999999999999557
cylinder	DMRG	8.0	11	Sz	chi128	9.578449144953538e-14	-1.1511624986582092e-14	NaN	0.9999999999999699	0.9999999999999557
cylinder	DMRG	8.0	11	Sz	exact	9.578449144953538e-14	0.0	NaN	0.9999999999999557	0.9999999999999557
cylinder	DMRG	8.0	11	Sz	UHF	9.578449144953538e-14	-0.47083388241336965	NaN	0.028968556547097835	0.9999999999999557
cylinder	DMRG	8.0	11	Sz	UHFsym	9.578449144953538e-14	9.584737517553954e-14	NaN	0.9999999999999905	0.9999999999999557
cylinder	DMRG	8.0	11	DoubleOcc	chi4	0.034261158175744044	0.01590815483064109	0.46432040472886366	59.69957309773751	91.62238077158088
cylinder	DMRG	8.0	11	DoubleOcc	chi8	0.034261158175744044	0.010704812226405874	0.31244747102520853	73.25477891344278	91.62238077158088
cylinder	DMRG	8.0	11	DoubleOcc	chi32	0.034261158175744044	5.128203460524894e-5	0.0014967980458277445	91.61036189105306	91.62238077158088
cylinder	DMRG	8.0	11	DoubleOcc	chi128	0.034261158175744044	3.5786694121964224e-7	1.0445266893312503e-5	91.62230015809112	91.62238077158088
cylinder	DMRG	8.0	11	DoubleOcc	exact	0.034261158175744044	0.0	0.0	91.62238077158088	91.62238077158088
cylinder	DMRG	8.0	11	DoubleOcc	UHF	0.034261158175744044	0.005945703004275216	0.1735406308734948	1.5457891684891771	91.62238077158088
cylinder	DMRG	8.0	11	DoubleOcc	UHFsym	0.034261158175744044	0.005945703004277492	0.17354063087356122	84.53436281078714	91.62238077158088
cylinder	DMRG	8.0	11	ZZ onsite	chi4	-0.8629553672974042	0.06363261932249842	0.07373801906091908	106.29896045369406	244.2591780281008
cylinder	DMRG	8.0	11	ZZ onsite	chi8	-0.8629553672974042	0.04281924890545519	0.049619308863627705	154.34089240632574	244.2591780281008
cylinder	DMRG	8.0	11	ZZ onsite	chi32	-0.8629553672974042	0.0002051281384187753	0.00023770422688393928	244.27402783059364	244.2591780281008
cylinder	DMRG	8.0	11	ZZ onsite	chi128	-0.8629553672974042	1.4314677668769704e-6	1.6587969912743323e-6	244.25930488517568	244.2591780281008
cylinder	DMRG	8.0	11	ZZ onsite	exact	-0.8629553672974042	0.0	0.0	244.2591780281008	244.2591780281008
cylinder	DMRG	8.0	11	ZZ onsite	UHF	-0.8629553672974042	0.023782812016744037	0.02755972431254102	207.72338240622244	244.2591780281008
cylinder	DMRG	8.0	11	ZZ onsite	UHFsym	-0.8629553672974042	0.023782812016746036	0.027559724312543336	207.7233824062171	244.2591780281008
cylinder	DMRG	8.0	11	ZZ up-up nb	chi4	-0.6683488821514589	0.07901968005655424	0.11823118459057597	34.74085071841667	76.59901902627851
cylinder	DMRG	8.0	11	ZZ up-up nb	chi8	-0.6683488821514589	0.06293725496583513	0.09416826547721001	42.89325141846544	76.59901902627851
cylinder	DMRG	8.0	11	ZZ up-up nb	chi32	-0.6683488821514589	0.0007579426858566052	0.001134052447902266	76.49429719046802	76.59901902627851
cylinder	DMRG	8.0	11	ZZ up-up nb	chi128	-0.6683488821514589	4.825155122012426e-6	7.2195155118385695e-6	76.59839925406656	76.59901902627851
cylinder	DMRG	8.0	11	ZZ up-up nb	exact	-0.6683488821514589	0.0	0.0	76.59901902627851	76.59901902627851
cylinder	DMRG	8.0	11	ZZ up-up nb	UHF	-0.6683488821514589	0.27378690133167904	0.4096466810123794	5.3441820444721495	76.59901902627851
cylinder	DMRG	8.0	11	ZZ up-up nb	UHFsym	-0.6683488821514589	-0.317660536628835	0.4752914908846183	4.303652379937787	76.59901902627851
cylinder	DMRG	8.0	11	SzSz nb	chi4	-0.15831406056977987	0.01935157830971107	0.12223537340943574	31.81784179763203	54.38121844122752
cylinder	DMRG	8.0	11	SzSz nb	chi8	-0.15831406056977987	0.015025984665139186	0.0949125087882905	38.37424334599966	54.38121844122752
cylinder	DMRG	8.0	11	SzSz nb	chi32	-0.15831406056977987	0.0001694389613792202	0.0010702710850154515	54.409089183215976	54.38121844122752
cylinder	DMRG	8.0	11	SzSz nb	chi128	-0.15831406056977987	1.1457497216538215e-6	7.237194962533419e-6	54.38145277030978	54.38121844122752
cylinder	DMRG	8.0	11	SzSz nb	exact	-0.15831406056977987	0.0	0.0	54.38121844122752	54.38121844122752
cylinder	DMRG	8.0	11	SzSz nb	UHF	-0.15831406056977987	0.07029518477987926	0.44402363584689525	4.940322122013568	54.38121844122752
cylinder	DMRG	8.0	11	SzSz nb	UHFsym	-0.15831406056977987	-0.07756667471024756	0.4899544262277235	3.910401155299189	54.38121844122752
cylinder	DMRG	8.0	11	SxSx nb	chi4	-0.15831406057267466	0.024196121177895158	0.1528362110754391	23.60789952269932	53.50260723710399
cylinder	DMRG	8.0	11	SxSx nb	chi8	-0.15831406057267466	0.01515270952936601	0.09571297378485281	35.82709081865862	53.50260723710399
cylinder	DMRG	8.0	11	SxSx nb	chi32	-0.15831406057267466	0.00016642798797003588	0.0010512520957899156	53.49224725770591	53.50260723710399
cylinder	DMRG	8.0	11	SxSx nb	chi128	-0.15831406057267466	1.1411309299158567e-6	7.208020094917699e-6	53.50255778978417	53.50260723710399
cylinder	DMRG	8.0	11	SxSx nb	exact	-0.15831406057267466	0.0	0.0	53.50260723710399	53.50260723710399
cylinder	DMRG	8.0	11	SxSx nb	UHF	-0.15831406057267466	-0.15138936005155104	0.9562597251559674	1.0910733627787037	53.50260723710399
cylinder	DMRG	8.0	11	SxSx nb	UHFsym	-0.15831406057267466	-0.0774584303064877	0.48927069412719737	3.9528859852175464	53.50260723710399
torus	ED	8.0	1	n	chi4	0.9999999999999928	5.708211681110242e-12	5.7082116811102836e-12	1.0000000010651333	0.9999999973839105
torus	ED	8.0	1	n	chi8	0.9999999999999928	7.437384041963924e-11	7.437384041963978e-11	0.9999999996630546	0.9999999973839105
torus	ED	8.0	1	n	chi32	0.9999999999999928	-5.532141411634939e-11	5.532141411634979e-11	0.999999999400122	0.9999999973839105
torus	ED	8.0	1	n	chi128	0.9999999999999928	2.520417208273784e-11	2.5204172082738022e-11	0.9999999982780313	0.9999999973839105
torus	ED	8.0	1	n	exact	0.9999999999999928	1.492173051786949e-11	1.4921730517869598e-11	0.9999999973839105	0.9999999973839105
torus	ED	8.0	1	n	UHF	0.9999999999999928	-6.994405055138486e-15	6.994405055138537e-15	0.011960870169039467	0.9999999973839105
torus	ED	8.0	1	n	UHFsym	0.9999999999999928	-1.4432899320127035e-15	1.443289932012714e-15	1.0000000000000333	0.9999999973839105
torus	ED	8.0	1	Sz	chi4	-2.075728477990424e-12	5.745120351674515e-10	NaN	0.9999999989981456	1.0000000024425673
torus	ED	8.0	1	Sz	chi8	-2.075728477990424e-12	-1.2728110926341074e-10	NaN	1.0000000002690699	1.0000000024425673
torus	ED	8.0	1	Sz	chi32	-2.075728477990424e-12	-3.659583434900693e-10	NaN	1.0000000005970409	1.0000000024425673
torus	ED	8.0	1	Sz	chi128	-2.075728477990424e-12	-9.084038660178706e-10	NaN	1.0000000015980925	1.0000000024425673
torus	ED	8.0	1	Sz	exact	-2.075728477990424e-12	-1.3965515445468757e-9	NaN	1.0000000024425673	1.0000000024425673
torus	ED	8.0	1	Sz	UHF	-2.075728477990424e-12	0.4578003685922704	NaN	0.022685126194075388	1.0000000024425673
torus	ED	8.0	1	Sz	UHFsym	-2.075728477990424e-12	-2.0757321642778104e-12	NaN	0.9999999999999998	1.0000000024425673
torus	ED	8.0	1	DoubleOcc	chi4	0.044318463088402094	0.028894945227390723	0.6519843698043847	30.089914155093176	81.07287700382442
torus	ED	8.0	1	DoubleOcc	chi8	0.044318463088402094	0.014004408639456956	0.31599490739384045	56.97382313698074	81.07287700382442
torus	ED	8.0	1	DoubleOcc	chi32	0.044318463088402094	0.010385949685313145	0.2343481466087007	65.27977245887566	81.07287700382442
torus	ED	8.0	1	DoubleOcc	chi128	0.044318463088402094	0.0015430044145372246	0.03481628890107023	80.27917200872724	81.07287700382442
torus	ED	8.0	1	DoubleOcc	exact	0.044318463088402094	3.5969326295237636e-8	8.116104167125465e-7	81.07287700382442	81.07287700382442
torus	ED	8.0	1	DoubleOcc	UHF	0.044318463088402094	0.003899640573521407	0.08799133141740022	1.5926011051278939	81.07287700382442
torus	ED	8.0	1	DoubleOcc	UHFsym	0.044318463088402094	0.003899640573524016	0.08799133141745909	77.76503942323396	81.07287700382442
torus	ED	8.0	1	ZZ onsite	chi4	-0.822726147646381	0.11557978089814314	0.14048390370087147	40.08467800152836	200.70946605456803
torus	ED	8.0	1	ZZ onsite	chi8	-0.822726147646381	0.05601763440907637	0.06808782554113439	102.62919173273295	200.70946605456803
torus	ED	8.0	1	ZZ onsite	chi32	-0.822726147646381	0.04154379885189097	0.050495294176242794	131.09917945349093	200.70946605456803
torus	ED	8.0	1	ZZ onsite	chi128	-0.822726147646381	0.006172017607736335	0.007501910113581504	197.87201502353287	200.70946605456803
torus	ED	8.0	1	ZZ onsite	exact	-0.822726147646381	1.4384745850026803e-7	1.7484245384904875e-7	200.70946605456803	200.70946605456803
torus	ED	8.0	1	ZZ onsite	UHF	-0.822726147646381	0.015598562294095841	0.01895960440630157	185.8913450785265	200.70946605456803
torus	ED	8.0	1	ZZ onsite	UHFsym	-0.822726147646381	0.015598562294100948	0.018959604406307777	185.89134507851819	200.70946605456803
torus	ED	8.0	1	ZZ up-up nb	chi4	-0.44557667315019134	0.2696711976484354	0.6052183920264085	2.657142307584074	27.31508751141174
torus	ED	8.0	1	ZZ up-up nb	chi8	-0.44557667315019134	0.14973752005993013	0.3360533194013454	7.177093917300665	27.31508751141174
torus	ED	8.0	1	ZZ up-up nb	chi32	-0.44557667315019134	0.048739927649426695	0.10938617433637025	21.50762499529809	27.31508751141174
torus	ED	8.0	1	ZZ up-up nb	chi128	-0.44557667315019134	0.005196818371868361	0.011663129344557632	27.33643104669862	27.31508751141174
torus	ED	8.0	1	ZZ up-up nb	exact	-0.44557667315019134	6.01767966346145e-7	1.3505374105239706e-6	27.31508751141174	27.31508751141174
torus	ED	8.0	1	ZZ up-up nb	UHF	-0.44557667315019134	0.4417984593747897	0.9915206203487046	1.044917668373931	27.31508751141174
torus	ED	8.0	1	ZZ up-up nb	UHFsym	-0.44557667315019134	-0.11735757274371211	0.2633835651987872	9.428074660274216	27.31508751141174
torus	ED	8.0	1	SzSz nb	chi4	-0.10544316081505979	0.06565704795266246	0.6226771603311523	2.358839244712716	16.726201694871815
torus	ED	8.0	1	SzSz nb	chi8	-0.10544316081505979	0.036235734331043115	0.34365182199534167	5.855775293888533	16.726201694871815
torus	ED	8.0	1	SzSz nb	chi32	-0.10544316081505979	0.011758461312893348	0.11151468926009243	13.98610091139705	16.726201694871815
torus	ED	8.0	1	SzSz nb	chi128	-0.10544316081505979	0.0012308097239795562	0.011672731682790823	16.68963556556469	16.726201694871815
torus	ED	8.0	1	SzSz nb	exact	-0.10544316081505979	1.415803909110558e-7	1.3427176292578925e-6	16.726201694871815	16.726201694871815
torus	ED	8.0	1	SzSz nb	UHF	-0.10544316081505979	0.11026931949312245	1.0457702390629906	0.9211439172673206	16.726201694871815
torus	ED	8.0	1	SzSz nb	UHFsym	-0.10544316081505979	-0.029519688536503122	0.2799583046289618	7.527589009901085	16.726201694871815
torus	ED	8.0	1	SxSx nb	chi4	-0.10544316081577043	0.07008587496432739	0.664679192297554	2.156065535260642	19.620960642649848
torus	ED	8.0	1	SxSx nb	chi8	-0.10544316081577043	0.03620001253071295	0.34331304420930026	6.273969201946829	19.620960642649848
torus	ED	8.0	1	SxSx nb	chi32	-0.10544316081577043	0.010898230059036368	0.10335644317489383	16.608556462908197	19.620960642649848
torus	ED	8.0	1	SxSx nb	chi128	-0.10544316081577043	0.0012377462350738333	0.011738516045022731	19.606854243597223	19.620960642649848
torus	ED	8.0	1	SxSx nb	exact	-0.10544316081577043	1.4066584909377955e-7	1.3340443135951696e-6	19.620960642649848	19.620960642649848
torus	ED	8.0	1	SxSx nb	UHF	-0.10544316081577043	-0.0993118579927073	0.9418520577756986	1.1156345581937712	19.620960642649848
torus	ED	8.0	1	SxSx nb	UHFsym	-0.10544316081577043	-0.029417353977894578	0.27898778593419044	7.909226273226659	19.620960642649848
torus	DMRG	8.0	1	n	chi4	0.999999999985071	-9.213518836759249e-12	9.213518836896797e-12	1.0000000010651333	0.9999999973839105
torus	DMRG	8.0	1	n	chi8	0.999999999985071	5.945210990176975e-11	5.94521099026573e-11	0.9999999996630546	0.9999999973839105
torus	DMRG	8.0	1	n	chi32	0.999999999985071	-7.024314463421888e-11	7.024314463526754e-11	0.999999999400122	0.9999999973839105
torus	DMRG	8.0	1	n	chi128	0.999999999985071	1.028244156486835e-11	1.0282441565021856e-11	0.9999999982780313	0.9999999973839105
torus	DMRG	8.0	1	n	exact	0.999999999985071	0.0	0.0	0.9999999973839105	0.9999999973839105
torus	DMRG	8.0	1	n	UHF	0.999999999985071	-1.492872492292463e-11	1.49287249231475e-11	0.011960870169039467	0.9999999973839105
torus	DMRG	8.0	1	n	UHFsym	0.999999999985071	-1.4923173807801504e-11	1.492317380802429e-11	1.0000000000000333	0.9999999973839105
torus	DMRG	8.0	1	Sz	chi4	1.3944758160688853e-9	1.9710635797143272e-9	NaN	0.9999999989981456	1.0000000024425673
torus	DMRG	8.0	1	Sz	chi8	1.3944758160688853e-9	1.269270435283465e-9	NaN	1.0000000002690699	1.0000000024425673
torus	DMRG	8.0	1	Sz	chi32	1.3944758160688853e-9	1.0305932010568064e-9	NaN	1.0000000005970409	1.0000000024425673
torus	DMRG	8.0	1	Sz	chi128	1.3944758160688853e-9	4.881476785290051e-10	NaN	1.0000000015980925	1.0000000024425673
torus	DMRG	8.0	1	Sz	exact	1.3944758160688853e-9	0.0	NaN	1.0000000024425673	1.0000000024425673
torus	DMRG	8.0	1	Sz	UHF	1.3944758160688853e-9	0.45780036998882195	NaN	0.022685126194075388	1.0000000024425673
torus	DMRG	8.0	1	Sz	UHFsym	1.3944758160688853e-9	1.3944758123825979e-9	NaN	0.9999999999999998	1.0000000024425673
torus	DMRG	8.0	1	DoubleOcc	chi4	0.0443184271190758	0.028894909258064427	0.6519840873510447	30.089914155093176	81.07287700382442
torus	DMRG	8.0	1	DoubleOcc	chi8	0.0443184271190758	0.01400437267013066	0.31599435224773165	56.97382313698074	81.07287700382442
torus	DMRG	8.0	1	DoubleOcc	chi32	0.0443184271190758	0.01038591371598685	0.23434752519717658	65.27977245887566	81.07287700382442
torus	DMRG	8.0	1	DoubleOcc	chi128	0.0443184271190758	0.0015429684452109294	0.03481550554728049	80.27917200872724	81.07287700382442
torus	DMRG	8.0	1	DoubleOcc	exact	0.0443184271190758	0.0	0.0	81.07287700382442	81.07287700382442
torus	DMRG	8.0	1	DoubleOcc	UHF	0.0443184271190758	0.0038996046041951116	0.08799059122106391	1.5926011051278939	81.07287700382442
torus	DMRG	8.0	1	DoubleOcc	UHFsym	0.0443184271190758	0.0038996046041977206	0.08799059122112278	77.76503942323396	81.07287700382442
torus	DMRG	8.0	1	ZZ onsite	chi4	-0.8227262914938395	0.11557963705068464	0.140483704295902	40.08467800152836	200.70946605456803
torus	DMRG	8.0	1	ZZ onsite	chi8	-0.8227262914938395	0.056017490561617866	0.0680876387940707	102.62919173273295	200.70946605456803
torus	DMRG	8.0	1	ZZ onsite	chi32	-0.8227262914938395	0.04154365500443247	0.050495110505099916	131.09917945349093	200.70946605456803
torus	DMRG	8.0	1	ZZ onsite	chi128	-0.8227262914938395	0.006171873760277835	0.007501733959506081	197.87201502353287	200.70946605456803
torus	DMRG	8.0	1	ZZ onsite	exact	-0.8227262914938395	0.0	0.0	200.70946605456803	200.70946605456803
torus	DMRG	8.0	1	ZZ onsite	UHF	-0.8227262914938395	0.015598418446637341	0.018959426248935114	185.8913450785265	200.70946605456803
torus	DMRG	8.0	1	ZZ onsite	UHFsym	-0.8227262914938395	0.015598418446642448	0.01895942624894132	185.89134507851819	200.70946605456803
torus	DMRG	8.0	1	ZZ up-up nb	chi4	-0.4455772749181577	0.26967059588046904	0.6052162241218458	2.6581131424159334	27.323278988166017
torus	DMRG	8.0	1	ZZ up-up nb	chi8	-0.4455772749181577	0.14973691829196378	0.336051515013792	7.180703862636327	27.323278988166017
torus	DMRG	8.0	1	ZZ up-up nb	chi32	-0.4455772749181577	0.04873932588146035	0.10938467607086255	21.520188875450454	27.323278988166017
torus	DMRG	8.0	1	ZZ up-up nb	chi128	-0.4455772749181577	0.005196216603902015	0.011661763057499826	27.345819231498695	27.323278988166017
torus	DMRG	8.0	1	ZZ up-up nb	exact	-0.4455772749181577	0.0	0.0	27.323278988166017	27.323278988166017
torus	DMRG	8.0	1	ZZ up-up nb	UHF	-0.4455772749181577	0.44179785760682333	0.9915179307292353	1.045207559167055	27.323278988166017
torus	DMRG	8.0	1	ZZ up-up nb	UHFsym	-0.4455772749181577	-0.11735817451167846	0.26338456002549604	9.426666259897583	27.323278988166017
torus	DMRG	8.0	1	SzSz nb	chi4	-0.1054433023954507	0.06565690637227155	0.622674981536848	2.3592646230179257	16.724792272495066
torus	DMRG	8.0	1	SzSz nb	chi8	-0.1054433023954507	0.036235592750652204	0.34365001785277516	5.85686881499946	16.724792272495066
torus	DMRG	8.0	1	SzSz nb	chi32	-0.1054433023954507	0.011758319732502437	0.11151319681172793	13.98703265504213	16.724792272495066
torus	DMRG	8.0	1	SzSz nb	chi128	-0.1054433023954507	0.0012306681435886452	0.011671373293802885	16.68849344533504	16.724792272495066
torus	DMRG	8.0	1	SzSz nb	exact	-0.1054433023954507	0.0	0.0	16.724792272495066	16.724792272495066
torus	DMRG	8.0	1	SzSz nb	UHF	-0.1054433023954507	0.11026917791273154	1.0457674921749136	0.9212867983552879	16.724792272495066
torus	DMRG	8.0	1	SzSz nb	UHFsym	-0.1054433023954507	-0.029519830116894033	0.2799592714403419	7.526438088267439	16.724792272495066
torus	DMRG	8.0	1	SxSx nb	chi4	-0.10544330148161953	0.0700857342984783	0.6646769715447062	2.156065535260642	19.620960642649848
torus	DMRG	8.0	1	SxSx nb	chi8	-0.10544330148161953	0.036199871864863856	0.3433112521725629	6.273969201946829	19.620960642649848
torus	DMRG	8.0	1	SxSx nb	chi32	-0.10544330148161953	0.010898089393187274	0.10335497125046855	16.608556462908197	19.620960642649848
torus	DMRG	8.0	1	SxSx nb	chi128	-0.10544330148161953	0.0012376055692247395	0.011737166342809118	19.606854243597223	19.620960642649848
torus	DMRG	8.0	1	SxSx nb	exact	-0.10544330148161953	0.0	0.0	19.620960642649848	19.620960642649848
torus	DMRG	8.0	1	SxSx nb	UHF	-0.10544330148161953	-0.09931199865855639	0.9418521353475269	1.1156345581937712	19.620960642649848
torus	DMRG	8.0	1	SxSx nb	UHFsym	-0.10544330148161953	-0.029417494643743672	0.2789887477951515	7.909226273226659	19.620960642649848
torus	ED	8.0	3	n	chi4	0.9999999999999946	-8.335165890827057e-11	8.335165890827102e-11	1.0000000040681867	1.0000000125041566
torus	ED	8.0	3	n	chi8	0.9999999999999946	1.8011647728854996e-10	1.8011647728855094e-10	1.0000000079107978	1.0000000125041566
torus	ED	8.0	3	n	chi32	0.9999999999999946	-3.471323228865231e-11	3.4713232288652494e-11	1.0000000079636733	1.0000000125041566
torus	ED	8.0	3	n	chi128	0.9999999999999946	1.956612649678391e-11	1.9566126496784015e-11	1.0000000096001966	1.0000000125041566
torus	ED	8.0	3	n	exact	0.9999999999999946	2.982425417741297e-11	2.982425417741313e-11	1.0000000125041566	1.0000000125041566
torus	ED	8.0	3	n	UHF	0.9999999999999946	-5.88418203051333e-15	5.884182030513362e-15	0.010526242993827798	1.0000000125041566
torus	ED	8.0	3	n	UHFsym	0.9999999999999946	1.1102230246251565e-16	1.1102230246251627e-16	1.000000000000032	1.0000000125041566
torus	ED	8.0	3	Sz	chi4	2.1813870154652193e-12	-1.137922887861631e-9	NaN	1.0000000017227875	1.0000000055121248
torus	ED	8.0	3	Sz	chi8	2.1813870154652193e-12	-2.2157904816522134e-9	NaN	1.0000000036095222	1.0000000055121248
torus	ED	8.0	3	Sz	chi32	2.1813870154652193e-12	-2.230002453529334e-9	NaN	1.0000000034698475	1.0000000055121248
torus	ED	8.0	3	Sz	chi128	2.1813870154652193e-12	-2.6888892085130678e-9	NaN	1.000000004229463	1.0000000055121248
torus	ED	8.0	3	Sz	exact	2.1813870154652193e-12	-3.502925637055565e-9	NaN	1.0000000055121248	1.0000000055121248
torus	ED	8.0	3	Sz	UHF	2.1813870154652193e-12	-0.45780036859216505	NaN	0.024775999924839358	1.0000000055121248
torus	ED	8.0	3	Sz	UHFsym	2.1813870154652193e-12	2.1813993753699856e-12	NaN	1.0	1.0000000055121248
torus	ED	8.0	3	DoubleOcc	chi4	0.044318463088402565	0.0340063431791196	0.7673177454571641	23.59445020970444	67.46471258463976
torus	ED	8.0	3	DoubleOcc	chi8	0.044318463088402565	0.01564552692443885	0.35302503368021887	48.09884324698339	67.46471258463976
torus	ED	8.0	3	DoubleOcc	chi32	0.044318463088402565	0.003184136478409677	0.07184672609377817	66.18108106183266	67.46471258463976
torus	ED	8.0	3	DoubleOcc	chi128	0.044318463088402565	0.0002721759784926614	0.006141367717326946	67.43716212400341	67.46471258463976
torus	ED	8.0	3	DoubleOcc	exact	0.044318463088402565	7.014071431998836e-8	1.5826522273590093e-6	67.46471258463976	67.46471258463976
torus	ED	8.0	3	DoubleOcc	UHF	0.044318463088402565	0.003899640573521851	0.0879913314174093	1.1896363684228595	67.46471258463976
torus	ED	8.0	3	DoubleOcc	UHFsym	0.044318463088402565	0.003899640573524432	0.08799133141746754	65.61742608901949	67.46471258463976
torus	ED	8.0	3	ZZ onsite	chi4	-0.8227261476463831	0.13602537288317862	0.16533493346761097	30.608433204963607	181.66541437563288
torus	ED	8.0	3	ZZ onsite	chi8	-0.8227261476463831	0.06258210733751801	0.07606675382391821	88.88233921399176	181.66541437563288
torus	ED	8.0	3	ZZ onsite	chi32	-0.8227261476463831	0.012736545983061176	0.015480905790459314	174.1732634490666	181.66541437563288
torus	ED	8.0	3	ZZ onsite	chi128	-0.8227261476463831	0.0010887038748340627	0.0013232882872977556	181.6122823659157	181.66541437563288
torus	ED	8.0	3	ZZ onsite	exact	-0.8227261476463831	2.8050320477479573e-7	3.409435880666323e-7	181.66541437563288	181.66541437563288
torus	ED	8.0	3	ZZ onsite	UHF	-0.8227261476463831	0.015598562294094731	0.018959604406300172	170.64258087323748	181.66541437563288
torus	ED	8.0	3	ZZ onsite	UHFsym	-0.8227261476463831	0.01559856229409895	0.0189596044063053	170.64258087323188	181.66541437563288
torus	ED	8.0	3	ZZ up-up nb	chi4	-0.4455766731512597	0.10990133533630742	0.24664966089685592	8.596494373049104	20.358445413261546
torus	ED	8.0	3	ZZ up-up nb	chi8	-0.4455766731512597	0.09384122729371025	0.21060623894432196	10.095272881591528	20.358445413261546
torus	ED	8.0	3	ZZ up-up nb	chi32	-0.4455766731512597	0.01694389804270402	0.038026896522368174	19.343813499159054	20.358445413261546
torus	ED	8.0	3	ZZ up-up nb	chi128	-0.4455766731512597	0.0020961186024642253	0.004704282626915384	20.29033338627406	20.358445413261546
torus	ED	8.0	3	ZZ up-up nb	exact	-0.4455766731512597	2.053442333949107e-7	4.608505017613491e-7	20.358445413261546	20.358445413261546
torus	ED	8.0	3	ZZ up-up nb	UHF	-0.4455766731512597	0.4417984593737232	0.9915206203439336	0.9578130331672824	20.358445413261546
torus	ED	8.0	3	ZZ up-up nb	UHFsym	-0.4455766731512597	-0.11735757274478037	0.26338356520055317	9.159366153164735	20.358445413261546
torus	ED	8.0	3	SzSz nb	chi4	-0.1054431608153109	0.028270281372776304	0.2681091988724916	6.54488630024463	15.046041917600183
torus	ED	8.0	3	SzSz nb	chi8	-0.1054431608153109	0.024280294506501557	0.23026903137918767	7.614770641930373	15.046041917600183
torus	ED	8.0	3	SzSz nb	chi32	-0.1054431608153109	0.004468860431646973	0.04238170021737504	14.174901271944323	15.046041917600183
torus	ED	8.0	3	SzSz nb	chi128	-0.1054431608153109	0.0005657834281575097	0.0053657669571240225	14.976997925839392	15.046041917600183
torus	ED	8.0	3	SzSz nb	exact	-0.1054431608153109	4.6975004788785135e-8	4.455007268898574e-7	15.046041917600183	15.046041917600183
torus	ED	8.0	3	SzSz nb	UHF	-0.1054431608153109	0.11026931949287179	1.0457702390581232	0.8288033261593817	15.046041917600183
torus	ED	8.0	3	SzSz nb	UHFsym	-0.1054431608153109	-0.02951968853675406	0.279958304630675	7.796109084490073	15.046041917600183
torus	ED	8.0	3	SxSx nb	chi4	-0.10544316081618668	0.03448801785303415	0.3270768590971513	6.453284579824907	20.45922990678728
torus	ED	8.0	3	SxSx nb	chi8	-0.10544316081618668	0.021494968999679537	0.20385361016586506	11.229294120383523	20.45922990678728
torus	ED	8.0	3	SxSx nb	chi32	-0.10544316081618668	0.0008020987194656548	0.007606929773889364	20.428384592099825	20.45922990678728
torus	ED	8.0	3	SxSx nb	chi128	-0.10544316081618668	0.0005219573364483449	0.004950129836853475	20.448762573371447	20.45922990678728
torus	ED	8.0	3	SxSx nb	exact	-0.10544316081618668	4.610684703476586e-8	4.3726730759846453e-7	20.45922990678728	20.45922990678728
torus	ED	8.0	3	SxSx nb	UHF	-0.10544316081618668	-0.09931185799312356	0.9418520577759283	1.1027003954804908	20.45922990678728
torus	ED	8.0	3	SxSx nb	UHFsym	-0.10544316081618668	-0.02941735397831073	0.2789877859370358	8.05123595852898	20.45922990678728
torus	DMRG	8.0	3	n	chi4	0.9999999999701703	-1.1317591308568353e-10	1.1317591308905954e-10	1.0000000040681867	1.0000000125041566
torus	DMRG	8.0	3	n	chi8	0.9999999999701703	1.50292223111137e-10	1.5029222311562015e-10	1.0000000079107978	1.0000000125041566
torus	DMRG	8.0	3	n	chi32	0.9999999999701703	-6.453748646606527e-11	6.453748646799041e-11	1.0000000079636733	1.0000000125041566
torus	DMRG	8.0	3	n	chi128	0.9999999999701703	-1.0258127680629059e-11	1.0258127680935056e-11	1.0000000096001966	1.0000000125041566
torus	DMRG	8.0	3	n	exact	0.9999999999701703	0.0	0.0	1.0000000125041566	1.0000000125041566
torus	DMRG	8.0	3	n	UHF	0.9999999999701703	-2.983013835944348e-11	2.983013836033331e-11	0.010526242993827798	1.0000000125041566
torus	DMRG	8.0	3	n	UHFsym	0.9999999999701703	-2.9824143155110505e-11	2.982414315600015e-11	1.000000000000032	1.0000000125041566
torus	DMRG	8.0	3	Sz	chi4	3.5051070240710303e-9	2.365002749193934e-9	NaN	1.0000000017227875	1.0000000055121248
torus	DMRG	8.0	3	Sz	chi8	3.5051070240710303e-9	1.2871351554033517e-9	NaN	1.0000000036095222	1.0000000055121248
torus	DMRG	8.0	3	Sz	chi32	3.5051070240710303e-9	1.2729231835262311e-9	NaN	1.0000000034698475	1.0000000055121248
torus	DMRG	8.0	3	Sz	chi128	3.5051070240710303e-9	8.140364285424972e-10	NaN	1.000000004229463	1.0000000055121248
torus	DMRG	8.0	3	Sz	exact	3.5051070240710303e-9	0.0	NaN	1.0000000055121248	1.0000000055121248
torus	DMRG	8.0	3	Sz	UHF	3.5051070240710303e-9	-0.4578003650892394	NaN	0.024775999924839358	1.0000000055121248
torus	DMRG	8.0	3	Sz	UHFsym	3.5051070240710303e-9	3.505107036430935e-9	NaN	1.0	1.0000000055121248
torus	DMRG	8.0	3	DoubleOcc	chi4	0.044318392947688245	0.03400627303840528	0.7673173772014928	23.59445020970444	67.46471258463976
torus	DMRG	8.0	3	DoubleOcc	chi8	0.044318392947688245	0.015645456783724532	0.3530240097422268	48.09884324698339	67.46471258463976
torus	DMRG	8.0	3	DoubleOcc	chi32	0.044318392947688245	0.003184066337695357	0.07184525714760706	66.18108106183266	67.46471258463976
torus	DMRG	8.0	3	DoubleOcc	chi128	0.044318392947688245	0.0002721058377783414	0.006139794782259475	67.43716212400341	67.46471258463976
torus	DMRG	8.0	3	DoubleOcc	exact	0.044318392947688245	0.0	0.0	67.46471258463976	67.46471258463976
torus	DMRG	8.0	3	DoubleOcc	UHF	0.044318392947688245	0.003899570432807531	0.0879898880225742	1.1896363684228595	67.46471258463976
torus	DMRG	8.0	3	DoubleOcc	UHFsym	0.044318392947688245	0.003899570432810112	0.08798988802263244	65.61742608901949	67.46471258463976
torus	DMRG	8.0	3	ZZ onsite	chi4	-0.8227264281495879	0.13602509237997384	0.1653345361542729	30.608433204963607	181.66541437563288
torus	DMRG	8.0	3	ZZ onsite	chi8	-0.8227264281495879	0.06258182683431324	0.07606638694598325	88.88233921399176	181.66541437563288
torus	DMRG	8.0	3	ZZ onsite	chi32	-0.8227264281495879	0.012736265479856401	0.015480559568873722	174.1732634490666	181.66541437563288
torus	DMRG	8.0	3	ZZ onsite	chi128	-0.8227264281495879	0.001088423371629288	0.0013229468926594286	181.6122823659157	181.66541437563288
torus	DMRG	8.0	3	ZZ onsite	exact	-0.8227264281495879	0.0	0.0	181.66541437563288	181.66541437563288
torus	DMRG	8.0	3	ZZ onsite	UHF	-0.8227264281495879	0.015598281790889956	0.018959256998674998	170.64258087323748	181.66541437563288
torus	DMRG	8.0	3	ZZ onsite	UHFsym	-0.8227264281495879	0.015598281790894175	0.018959256998680125	170.64258087323188	181.66541437563288
torus	DMRG	8.0	3	ZZ up-up nb	chi4	-0.4455768784954931	0.10990112999207402	0.24664908637799896	8.596494373049104	20.358445413261546
torus	DMRG	8.0	3	ZZ up-up nb	chi8	-0.4455768784954931	0.09384102194947685	0.21060568103608643	10.095272881591528	20.358445413261546
torus	DMRG	8.0	3	ZZ up-up nb	chi32	-0.4455768784954931	0.016943692698470625	0.03802641814737253	19.343813499159054	20.358445413261546
torus	DMRG	8.0	3	ZZ up-up nb	chi128	-0.4455768784954931	0.0020959132582308304	0.004703819608655995	20.29033338627406	20.358445413261546
torus	DMRG	8.0	3	ZZ up-up nb	exact	-0.4455768784954931	0.0	0.0	20.358445413261546	20.358445413261546
torus	DMRG	8.0	3	ZZ up-up nb	UHF	-0.4455768784954931	0.4417982540294898	0.9915197025510795	0.9578130331672824	20.358445413261546
torus	DMRG	8.0	3	ZZ up-up nb	UHFsym	-0.4455768784954931	-0.11735777808901376	0.2633839046704503	9.159366153164735	20.358445413261546
torus	DMRG	8.0	3	SzSz nb	chi4	-0.10544320779031569	0.028270234397771515	0.26810863392917345	6.54488630024463	15.046041917600183
torus	DMRG	8.0	3	SzSz nb	chi8	-0.10544320779031569	0.024280247531496768	0.2302684832936841	7.614770641930373	15.046041917600183
torus	DMRG	8.0	3	SzSz nb	chi32	-0.10544320779031569	0.0044688134566421844	0.04238123583577678	14.174901271944323	15.046041917600183
torus	DMRG	8.0	3	SzSz nb	chi128	-0.10544320779031569	0.0005657364531527209	0.005365319066143588	14.976997925839392	15.046041917600183
torus	DMRG	8.0	3	SzSz nb	exact	-0.10544320779031569	0.0	0.0	15.046041917600183	15.046041917600183
torus	DMRG	8.0	3	SzSz nb	UHF	-0.10544320779031569	0.110269272517867	1.0457693276664006	0.8288033261593817	15.046041917600183
torus	DMRG	8.0	3	SzSz nb	UHFsym	-0.10544320779031569	-0.02951973551175885	0.27995862540963073	7.796109084490073	15.046041917600183
torus	DMRG	8.0	3	SxSx nb	chi4	-0.10544320692303372	0.03448797174618712	0.32707627881007983	6.453284579824907	20.45922990678728
torus	DMRG	8.0	3	SxSx nb	chi8	-0.10544320692303372	0.021494922892832502	0.20385308376026837	11.229294120383523	20.45922990678728
torus	DMRG	8.0	3	SxSx nb	chi32	-0.10544320692303372	0.00080205261261862	0.007606489180512721	20.428384592099825	20.45922990678728
torus	DMRG	8.0	3	SxSx nb	chi128	-0.10544320692303372	0.0005219112296013101	0.004949690405208079	20.448762573371447	20.45922990678728
torus	DMRG	8.0	3	SxSx nb	exact	-0.10544320692303372	0.0	0.0	20.45922990678728	20.45922990678728
torus	DMRG	8.0	3	SxSx nb	UHF	-0.10544320692303372	-0.0993119040999706	0.9418520832021113	1.1027003954804908	20.45922990678728
torus	DMRG	8.0	3	SxSx nb	UHFsym	-0.10544320692303372	-0.029417400085157766	0.27898810121196754	8.05123595852898	20.45922990678728
torus	ED	8.0	5	n	chi4	0.9999999999999931	4.2422731993951857e-11	4.242273199395215e-11	1.0000000010272865	1.000000002133675
torus	ED	8.0	5	n	chi8	0.9999999999999931	3.6096237110427865e-11	3.609623711042811e-11	1.0000000009972836	1.000000002133675
torus	ED	8.0	5	n	chi32	0.9999999999999931	1.0091305568948883e-10	1.0091305568948953e-10	1.000000001190849	1.000000002133675
torus	ED	8.0	5	n	chi128	0.9999999999999931	-8.315703681205378e-11	8.315703681205434e-11	1.0000000009951404	1.000000002133675
torus	ED	8.0	5	n	exact	0.9999999999999931	3.306022122728791e-12	3.3060221227288138e-12	1.000000002133675	1.000000002133675
torus	ED	8.0	5	n	UHF	0.9999999999999931	-1.0436096431476471e-14	1.0436096431476544e-14	0.010091194742917893	1.000000002133675
torus	ED	8.0	5	n	UHFsym	0.9999999999999931	-2.220446049250313e-15	2.2204460492503285e-15	1.000000000000033	1.000000002133675
torus	ED	8.0	5	Sz	chi4	-1.1226679308418142e-12	-5.717108488012546e-10	NaN	1.0000000009095746	1.0000000019231101
torus	ED	8.0	5	Sz	chi8	-1.1226679308418142e-12	-5.58764639592424e-10	NaN	1.00000000088504	1.0000000019231101
torus	ED	8.0	5	Sz	chi32	-1.1226679308418142e-12	-6.247271415460443e-10	NaN	1.0000000010337249	1.0000000019231101
torus	ED	8.0	5	Sz	chi128	-1.1226679308418142e-12	-6.447191946978847e-10	NaN	1.000000000930762	1.0000000019231101
torus	ED	8.0	5	Sz	exact	-1.1226679308418142e-12	-1.2482778838363018e-9	NaN	1.0000000019231101	1.0000000019231101
torus	ED	8.0	5	Sz	UHF	-1.1226679308418142e-12	0.4578003685932252	NaN	0.020639982717741468	1.0000000019231101
torus	ED	8.0	5	Sz	UHFsym	-1.1226679308418142e-12	-1.1226627266713862e-12	NaN	0.9999999999999994	1.0000000019231101
torus	ED	8.0	5	DoubleOcc	chi4	0.044318463088400956	0.03217404258397552	0.7259737892940634	31.399682814816284	78.10936626956311
torus	ED	8.0	5	DoubleOcc	chi8	0.044318463088400956	0.029969514635861144	0.6762309102660371	34.42943335665248	78.10936626956311
torus	ED	8.0	5	DoubleOcc	chi32	0.044318463088400956	0.008463091514784415	0.19096085299490856	75.39472712993387	78.10936626956311
torus	ED	8.0	5	DoubleOcc	chi128	0.044318463088400956	0.0010055750869805702	0.0226897553955058	78.81864994957967	78.10936626956311
torus	ED	8.0	5	DoubleOcc	exact	0.044318463088400956	3.6233779282524026e-8	8.175775231701829e-7	78.10936626956311	78.10936626956311
torus	ED	8.0	5	DoubleOcc	UHF	0.044318463088400956	0.0038996405735199913	0.08799133141737053	1.5037847011831351	78.10936626956311
torus	ED	8.0	5	DoubleOcc	UHFsym	0.044318463088400956	0.003899640573523183	0.08799133141744256	79.29218302100267	78.10936626956311
torus	ED	8.0	5	ZZ onsite	chi4	-0.8227261476463841	0.12869617025105606	0.15642649819654322	34.289736009672	188.1913163413994
torus	ED	8.0	5	ZZ onsite	chi8	-0.8227261476463841	0.11987805847125066	0.14570833662475918	38.491285427714345	188.1913163413994
torus	ED	8.0	5	ZZ onsite	chi32	-0.8227261476463841	0.033852365857309774	0.041146578304522126	145.31059276999542	188.1913163413994
torus	ED	8.0	5	ZZ onsite	chi128	-0.8227261476463841	0.004022300514234245	0.004888990736153277	187.82104698668698	188.1913163413994
torus	ED	8.0	5	ZZ onsite	exact	-0.8227261476463841	1.449285033094938e-7	1.7615643276210242e-7	188.1913163413994	188.1913163413994
torus	ED	8.0	5	ZZ onsite	UHF	-0.8227261476463841	0.01559856229409895	0.01895960440630528	177.96768262567392	188.1913163413994
torus	ED	8.0	5	ZZ onsite	UHFsym	-0.8227261476463841	0.01559856229410106	0.018959604406307843	177.96768262567116	188.1913163413994
torus	ED	8.0	5	ZZ up-up nb	chi4	-0.44557667315076005	0.15248210948616808	0.3422129538513253	5.7766721654082795	21.440018262758894
torus	ED	8.0	5	ZZ up-up nb	chi8	-0.44557667315076005	0.12222945118330103	0.274317437488351	7.712397492013917	21.440018262758894
torus	ED	8.0	5	ZZ up-up nb	chi32	-0.44557667315076005	0.031449093594134836	0.0705806553376148	18.57730130893064	21.440018262758894
torus	ED	8.0	5	ZZ up-up nb	chi128	-0.44557667315076005	0.004982725698936041	0.01118264487164961	21.219803760301506	21.440018262758894
torus	ED	8.0	5	ZZ up-up nb	exact	-0.44557667315076005	5.9601582408364e-7	1.3376279774008256e-6	21.440018262758894	21.440018262758894
torus	ED	8.0	5	ZZ up-up nb	UHF	-0.44557667315076005	0.4417984593742231	0.9915206203461674	0.9545484962043251	21.440018262758894
torus	ED	8.0	5	ZZ up-up nb	UHFsym	-0.44557667315076005	-0.11735757274427944	0.2633835651997243	9.388183121258812	21.440018262758894
torus	ED	8.0	5	SzSz nb	chi4	-0.10544316081518244	0.037999324581229746	0.36037732829191077	6.246928964720813	21.77401272419282
torus	ED	8.0	5	SzSz nb	chi8	-0.10544316081518244	0.029866168221456893	0.2832442425906162	8.66662836066333	21.77401272419282
torus	ED	8.0	5	SzSz nb	chi32	-0.10544316081518244	0.008110364872359097	0.0769169361925208	20.029116808566656	21.77401272419282
torus	ED	8.0	5	SzSz nb	chi128	-0.10544316081518244	0.0011319347661025297	0.01073502309065403	21.813528293756185	21.77401272419282
torus	ED	8.0	5	SzSz nb	exact	-0.10544316081518244	1.4008300532053486e-7	1.3285167500438277e-6	21.77401272419282	21.77401272419282
torus	ED	8.0	5	SzSz nb	UHF	-0.10544316081518244	0.11026931949300083	1.0457702390606207	0.956829108658632	21.77401272419282
torus	ED	8.0	5	SzSz nb	UHFsym	-0.10544316081518244	-0.02951968853662537	0.2799583046297956	8.044772850993565	21.77401272419282
torus	ED	8.0	5	SxSx nb	chi4	-0.10544316081634861	0.04416944216409571	0.4188933812504546	4.797187934009793	24.25126768083192
torus	ED	8.0	5	SxSx nb	chi8	-0.10544316081634861	0.0302887783658998	0.28725218526646845	8.352844127232853	24.25126768083192
torus	ED	8.0	5	SxSx nb	chi32	-0.10544316081634861	0.0071076011516967574	0.06740694319735101	21.936570681683303	24.25126768083192
torus	ED	8.0	5	SxSx nb	chi128	-0.10544316081634861	0.0013702050588684511	0.012994726715893417	24.17092271399679	24.25126768083192
torus	ED	8.0	5	SxSx nb	exact	-0.10544316081634861	1.3803579110294173e-7	1.3091014157225429e-6	24.25126768083192	24.25126768083192
torus	ED	8.0	5	SxSx nb	UHF	-0.10544316081634861	-0.09931185799328549	0.9418520577760177	1.1292443007300577	24.25126768083192
torus	ED	8.0	5	SxSx nb	UHFsym	-0.10544316081634861	-0.02941735397847252	0.2789877859381417	8.674385979481238	24.25126768083192
torus	DMRG	8.0	5	n	chi4	0.9999999999966871	3.9116709871223065e-11	3.9116709871352655e-11	1.0000000010272865	1.000000002133675
torus	DMRG	8.0	5	n	chi8	0.9999999999966871	3.2790214987699073e-11	3.2790214987807705e-11	1.0000000009972836	1.000000002133675
torus	DMRG	8.0	5	n	chi32	0.9999999999966871	9.760703356676004e-11	9.76070335670834e-11	1.000000001190849	1.000000002133675
torus	DMRG	8.0	5	n	chi128	0.9999999999966871	-8.646305893478257e-11	8.646305893506902e-11	1.0000000009951404	1.000000002133675
torus	DMRG	8.0	5	n	exact	0.9999999999966871	0.0	0.0	1.000000002133675	1.000000002133675
torus	DMRG	8.0	5	n	UHF	0.9999999999966871	-3.3164582191602676e-12	3.316458219171255e-12	0.010091194742917893	1.000000002133675
torus	DMRG	8.0	5	n	UHFsym	0.9999999999966871	-3.3082425687780415e-12	3.308242568789001e-12	1.000000000000033	1.000000002133675
torus	DMRG	8.0	5	Sz	chi4	1.24715521590546e-9	6.765670350350472e-10	NaN	1.0000000009095746	1.0000000019231101
torus	DMRG	8.0	5	Sz	chi8	1.24715521590546e-9	6.895132442438778e-10	NaN	1.00000000088504	1.0000000019231101
torus	DMRG	8.0	5	Sz	chi32	1.24715521590546e-9	6.235507422902575e-10	NaN	1.0000000010337249	1.0000000019231101
torus	DMRG	8.0	5	Sz	chi128	1.24715521590546e-9	6.03558689138417e-10	NaN	1.000000000930762	1.0000000019231101
torus	DMRG	8.0	5	Sz	exact	1.24715521590546e-9	0.0	NaN	1.0000000019231101	1.0000000019231101
torus	DMRG	8.0	5	Sz	UHF	1.24715521590546e-9	0.4578003698415031	NaN	0.020639982717741468	1.0000000019231101
torus	DMRG	8.0	5	Sz	UHFsym	1.24715521590546e-9	1.2471552211096304e-9	NaN	0.9999999999999994	1.0000000019231101
torus	DMRG	8.0	5	DoubleOcc	chi4	0.04431842685462167	0.03217400635019624	0.7259735652562096	31.399682814816284	78.10936626956311
torus	DMRG	8.0	5	DoubleOcc	chi8	0.04431842685462167	0.02996947840208186	0.6762306455594902	34.42943335665248	78.10936626956311
torus	DMRG	8.0	5	DoubleOcc	chi32	0.04431842685462167	0.008463055281005133	0.1909601915421458	75.39472712993387	78.10936626956311
torus	DMRG	8.0	5	DoubleOcc	chi128	0.04431842685462167	0.0010055388532012877	0.022688956367963378	78.81864994957967	78.10936626956311
torus	DMRG	8.0	5	DoubleOcc	exact	0.04431842685462167	0.0	0.0	78.10936626956311	78.10936626956311
torus	DMRG	8.0	5	DoubleOcc	UHF	0.04431842685462167	0.0038996043397407087	0.08799058577897255	1.5037847011831351	78.10936626956311
torus	DMRG	8.0	5	DoubleOcc	UHFsym	0.04431842685462167	0.0038996043397439006	0.08799058577904456	79.29218302100267	78.10936626956311
torus	DMRG	8.0	5	ZZ onsite	chi4	-0.8227262925748874	0.12869602532255275	0.15642629448461245	34.289736009672	188.1913163413994
torus	DMRG	8.0	5	ZZ onsite	chi8	-0.8227262925748874	0.11987791354274735	0.14570813480090117	38.491285427714345	188.1913163413994
torus	DMRG	8.0	5	ZZ onsite	chi32	-0.8227262925748874	0.033852220928806465	0.041146394899887216	145.31059276999542	188.1913163413994
torus	DMRG	8.0	5	ZZ onsite	chi128	-0.8227262925748874	0.0040221555857309355	0.0048888137185245295	187.82104698668698	188.1913163413994
torus	DMRG	8.0	5	ZZ onsite	exact	-0.8227262925748874	0.0	0.0	188.1913163413994	188.1913163413994
torus	DMRG	8.0	5	ZZ onsite	UHF	-0.8227262925748874	0.01559841736559564	0.018959424910047856	177.96768262567392	188.1913163413994
torus	DMRG	8.0	5	ZZ onsite	UHFsym	-0.8227262925748874	0.01559841736559775	0.01895942491005042	177.96768262567116	188.1913163413994
torus	DMRG	8.0	5	ZZ up-up nb	chi4	-0.44557726916658413	0.152481513470344	0.3422111584721281	5.7766721654082795	21.440018262758894
torus	DMRG	8.0	5	ZZ up-up nb	chi8	-0.44557726916658413	0.12222885516747695	0.2743157329279746	7.712397492013917	21.440018262758894
torus	DMRG	8.0	5	ZZ up-up nb	chi32	-0.44557726916658413	0.03144849757831075	0.07057922330089368	18.57730130893064	21.440018262758894
torus	DMRG	8.0	5	ZZ up-up nb	chi128	-0.44557726916658413	0.004982129683111958	0.011181292287262822	21.219803760301506	21.440018262758894
torus	DMRG	8.0	5	ZZ up-up nb	exact	-0.44557726916658413	0.0	0.0	21.440018262758894	21.440018262758894
torus	DMRG	8.0	5	ZZ up-up nb	UHF	-0.44557726916658413	0.441797863358399	0.9915179564360314	0.9545484962043251	21.440018262758894
torus	DMRG	8.0	5	ZZ up-up nb	UHFsym	-0.44557726916658413	-0.11735816876010352	0.2633845505171581	9.388183121258812	21.440018262758894
torus	DMRG	8.0	5	SzSz nb	chi4	-0.10544330089818776	0.037999184498224425	0.3603755210102448	6.246928964720813	21.77401272419282
torus	DMRG	8.0	5	SzSz nb	chi8	-0.10544330089818776	0.029866028138451572	0.2832425377814104	8.66662836066333	21.77401272419282
torus	DMRG	8.0	5	SzSz nb	chi32	-0.10544330089818776	0.008110224789353776	0.07691550549223336	20.029116808566656	21.77401272419282
torus	DMRG	8.0	5	SzSz nb	chi128	-0.10544330089818776	0.0011317946830972092	0.0107336803140299	21.813528293756185	21.77401272419282
torus	DMRG	8.0	5	SzSz nb	exact	-0.10544330089818776	0.0	0.0	21.77401272419282	21.77401272419282
torus	DMRG	8.0	5	SzSz nb	UHF	-0.10544330089818776	0.1102691794099955	1.0457675212242021	0.956829108658632	21.77401272419282
torus	DMRG	8.0	5	SzSz nb	UHFsym	-0.10544330089818776	-0.029519828619630692	0.27995926121597775	8.044772850993565	21.77401272419282
torus	DMRG	8.0	5	SxSx nb	chi4	-0.10544329885213971	0.04416930412830461	0.41889152377755207	4.797187934009793	24.25126768083192
torus	DMRG	8.0	5	SxSx nb	chi8	-0.10544329885213971	0.030288640330108696	0.28725050012501635	8.352844127232853	24.25126768083192
torus	DMRG	8.0	5	SxSx nb	chi32	-0.10544329885213971	0.0071074631159056545	0.06740554585523977	21.936570681683303	24.25126768083192
torus	DMRG	8.0	5	SxSx nb	chi128	-0.10544329885213971	0.0013700670230773482	0.012993400604798568	24.17092271399679	24.25126768083192
torus	DMRG	8.0	5	SxSx nb	exact	-0.10544329885213971	0.0	0.0	24.25126768083192	24.25126768083192
torus	DMRG	8.0	5	SxSx nb	UHF	-0.10544329885213971	-0.09931199602907659	0.9418521338974715	1.1292443007300577	24.25126768083192
torus	DMRG	8.0	5	SxSx nb	UHFsym	-0.10544329885213971	-0.02941749201426362	0.27898872981501627	8.674385979481238	24.25126768083192
torus	ED	8.0	7	n	chi4	1.000000000000002	2.525313291812381e-12	2.5253132918123762e-12	0.9999999980912592	0.9999999965543248
torus	ED	8.0	7	n	chi8	1.000000000000002	2.3718471631184457e-11	2.3718471631184408e-11	0.999999998884439	0.9999999965543248
torus	ED	8.0	7	n	chi32	1.000000000000002	9.556033742086356e-11	9.556033742086337e-11	0.9999999982679546	0.9999999965543248
torus	ED	8.0	7	n	chi128	1.000000000000002	7.740985630277919e-11	7.740985630277903e-11	0.999999997927934	0.9999999965543248
torus	ED	8.0	7	n	exact	1.000000000000002	-1.7784218542260533e-11	1.7784218542260497e-11	0.9999999965543248	0.9999999965543248
torus	ED	8.0	7	n	UHF	1.000000000000002	1.9984014443252818e-15	1.998401444325278e-15	0.013505786675263188	0.9999999965543248
torus	ED	8.0	7	n	UHFsym	1.000000000000002	7.771561172376096e-15	7.77156117237608e-15	1.0000000000000346	0.9999999965543248
torus	ED	8.0	7	Sz	chi4	2.242300095600669e-12	7.106163817105493e-10	NaN	1.0000000004661054	1.0000000008513428
torus	ED	8.0	7	Sz	chi8	2.242300095600669e-12	4.282144075093419e-10	NaN	1.0000000002625293	1.0000000008513428
torus	ED	8.0	7	Sz	chi32	2.242300095600669e-12	6.951870849813968e-10	NaN	1.0000000003814906	1.0000000008513428
torus	ED	8.0	7	Sz	chi128	2.242300095600669e-12	8.113751476246378e-10	NaN	1.00000000047279	1.0000000008513428
torus	ED	8.0	7	Sz	exact	2.242300095600669e-12	1.268987012692513e-9	NaN	1.0000000008513428	1.0000000008513428
torus	ED	8.0	7	Sz	UHF	2.242300095600669e-12	-0.45780036859210405	NaN	0.01872478567548132	1.0000000008513428
torus	ED	8.0	7	Sz	UHFsym	2.242300095600669e-12	2.2422959756324135e-12	NaN	0.9999999999999998	1.0000000008513428
torus	ED	8.0	7	DoubleOcc	chi4	0.044318463088411086	0.03244953749794227	0.7321900453363772	29.621424075411834	84.22886791494113
torus	ED	8.0	7	DoubleOcc	chi8	0.044318463088411086	0.03184427284230959	0.7185328782449725	30.388058060973535	84.22886791494113
torus	ED	8.0	7	DoubleOcc	chi32	0.044318463088411086	0.009793188824686216	0.22097311463959712	74.77687152491667	84.22886791494113
torus	ED	8.0	7	DoubleOcc	chi128	0.044318463088411086	0.0015121454566215387	0.03411998862877879	84.63070900376157	84.22886791494113
torus	ED	8.0	7	DoubleOcc	exact	0.044318463088411086	4.232736741660581e-8	9.550729981806176e-7	84.22886791494113	84.22886791494113
torus	ED	8.0	7	DoubleOcc	UHF	0.044318463088411086	0.003899640573530372	0.08799133141758464	2.033804375366038	84.22886791494113
torus	ED	8.0	7	DoubleOcc	UHFsym	0.044318463088411086	0.0038996405735330364	0.08799133141764477	83.74343380692578	84.22886791494113
torus	ED	8.0	7	ZZ onsite	chi4	-0.8227261476463601	0.12979814998671946	0.1577659229113401	33.593709738754384	235.62164601970304
torus	ED	8.0	7	ZZ onsite	chi8	-0.8227261476463601	0.12737709132180064	0.15482319564802782	34.67900486614269	235.62164601970304
torus	ED	8.0	7	ZZ onsite	chi32	-0.8227261476463601	0.039172755107623414	0.04761335861232576	149.1804075279585	235.62164601970304
torus	ED	8.0	7	ZZ onsite	chi128	-0.8227261476463601	0.006048581671664777	0.0073518772789323015	231.06039426315195	235.62164601970304
torus	ED	8.0	7	ZZ onsite	exact	-0.8227261476463601	1.6934503654919553e-7	2.0583402756026984e-7	235.62164601970304	235.62164601970304
torus	ED	8.0	7	ZZ onsite	UHF	-0.8227261476463601	0.01559856229411749	0.018959604406328365	213.66664116562376	235.62164601970304
torus	ED	8.0	7	ZZ onsite	UHFsym	-0.8227261476463601	0.015598562294121932	0.018959604406333763	213.66664116561375	235.62164601970304
torus	ED	8.0	7	ZZ up-up nb	chi4	-0.4455766731496112	0.15221244063473988	0.3416077407257618	6.7446490711471725	23.321532687404034
torus	ED	8.0	7	ZZ up-up nb	chi8	-0.4455766731496112	0.13398333812004853	0.3006964820958232	8.061959535106448	23.321532687404034
torus	ED	8.0	7	ZZ up-up nb	chi32	-0.4455766731496112	0.03637027998979947	0.08162518861840738	20.815472056829233	23.321532687404034
torus	ED	8.0	7	ZZ up-up nb	chi128	-0.4455766731496112	0.00494435907936569	0.011096539332761533	23.34139400208125	23.321532687404034
torus	ED	8.0	7	ZZ up-up nb	exact	-0.4455766731496112	5.935076940466466e-7	1.3319990246602624e-6	23.321532687404034	23.321532687404034
torus	ED	8.0	7	ZZ up-up nb	UHF	-0.4455766731496112	0.4417984593753716	0.9915206203513015	1.045291760691143	23.321532687404034
torus	ED	8.0	7	ZZ up-up nb	UHFsym	-0.4455766731496112	-0.11735757274313185	0.26338356519782785	8.933007316515079	23.321532687404034
torus	ED	8.0	7	SzSz nb	chi4	-0.10544316081491004	0.03806965483531288	0.3610443251235475	6.377058068698129	22.60269463495972
torus	ED	8.0	7	SzSz nb	chi8	-0.10544316081491004	0.033580615843578104	0.3184712558316033	7.640305059363848	22.60269463495972
torus	ED	8.0	7	SzSz nb	chi32	-0.10544316081491004	0.008061781869312959	0.07645618556014487	20.973075686002836	22.60269463495972
torus	ED	8.0	7	SzSz nb	chi128	-0.10544316081491004	0.0011724723811322169	0.011119473013430617	22.702157544962073	22.60269463495972
torus	ED	8.0	7	SzSz nb	exact	-0.10544316081491004	1.3987820939032058e-7	1.3265745099945953e-6	22.60269463495972	22.60269463495972
torus	ED	8.0	7	SzSz nb	UHF	-0.10544316081491004	0.11026931949327268	1.0457702390659007	0.9626296093704307	22.60269463495972
torus	ED	8.0	7	SzSz nb	UHFsym	-0.10544316081491004	-0.0295196885363532	0.27995830462793764	8.027643999671435	22.60269463495972
torus	ED	8.0	7	SxSx nb	chi4	-0.10544316081614326	0.04065744869801281	0.3855863991871931	5.1560983356672025	21.053116066123646
torus	ED	8.0	7	SxSx nb	chi8	-0.10544316081614326	0.03507410289969805	0.3326351621880462	6.3963150002578875	21.053116066123646
torus	ED	8.0	7	SxSx nb	chi32	-0.10544316081614326	0.007777138235198391	0.07375668725218751	18.770270515288892	21.053116066123646
torus	ED	8.0	7	SxSx nb	chi128	-0.10544316081614326	0.0013758169810602627	0.013047948965217536	20.944485841008177	21.053116066123646
torus	ED	8.0	7	SxSx nb	exact	-0.10544316081614326	1.3743122892484472e-7	1.3033678795391737e-6	21.053116066123646	21.053116066123646
torus	ED	8.0	7	SxSx nb	UHF	-0.10544316081614326	-0.09931185799308014	0.9418520577759044	1.1210277202391796	21.053116066123646
torus	ED	8.0	7	SxSx nb	UHFsym	-0.10544316081614326	-0.02941735397826732	0.278987785936739	8.328056343506624	21.053116066123646
torus	DMRG	8.0	7	n	chi4	1.0000000000177862	2.0309531834072914e-11	2.0309531833711684e-11	0.9999999980912592	0.9999999965543248
torus	DMRG	8.0	7	n	chi8	1.0000000000177862	4.150269017344499e-11	4.1502690172706815e-11	0.999999998884439	0.9999999965543248
torus	DMRG	8.0	7	n	chi32	1.0000000000177862	1.133445559631241e-10	1.1334455596110813e-10	0.9999999982679546	0.9999999965543248
torus	DMRG	8.0	7	n	chi128	1.0000000000177862	9.519407484503972e-11	9.519407484334657e-11	0.999999997927934	0.9999999965543248
torus	DMRG	8.0	7	n	exact	1.0000000000177862	0.0	0.0	0.9999999965543248	0.9999999965543248
torus	DMRG	8.0	7	n	UHF	1.0000000000177862	1.7786216943704858e-11	1.778621694338851e-11	0.013505786675263188	0.9999999965543248
torus	DMRG	8.0	7	n	UHFsym	1.0000000000177862	1.779199010343291e-11	1.7791990103116457e-11	1.0000000000000346	0.9999999965543248
torus	DMRG	8.0	7	Sz	chi4	-1.2667447125969122e-9	-5.583706309819636e-10	NaN	1.0000000004661054	1.0000000008513428
torus	DMRG	8.0	7	Sz	chi8	-1.2667447125969122e-9	-8.40772605183171e-10	NaN	1.0000000002625293	1.0000000008513428
torus	DMRG	8.0	7	Sz	chi32	-1.2667447125969122e-9	-5.737999277111161e-10	NaN	1.0000000003814906	1.0000000008513428
torus	DMRG	8.0	7	Sz	chi128	-1.2667447125969122e-9	-4.576118650678751e-10	NaN	1.00000000047279	1.0000000008513428
torus	DMRG	8.0	7	Sz	exact	-1.2667447125969122e-9	0.0	NaN	1.0000000008513428	1.0000000008513428
torus	DMRG	8.0	7	Sz	UHF	-1.2667447125969122e-9	-0.45780036986109107	NaN	0.01872478567548132	1.0000000008513428
torus	DMRG	8.0	7	Sz	UHFsym	-1.2667447125969122e-9	-1.2667447167168805e-9	NaN	0.9999999999999998	1.0000000008513428
torus	DMRG	8.0	7	DoubleOcc	chi4	0.04431842076104367	0.032449495170574855	0.7321897895580766	29.621424075411834	84.22886791494113
torus	DMRG	8.0	7	DoubleOcc	chi8	0.04431842076104367	0.03184423051494217	0.7185326094230678	30.388058060973535	84.22886791494113
torus	DMRG	8.0	7	DoubleOcc	chi32	0.04431842076104367	0.0097931464973188	0.22097237061134345	74.77687152491667	84.22886791494113
torus	DMRG	8.0	7	DoubleOcc	chi128	0.04431842076104367	0.001512103129254122	0.034119066141979404	84.63070900376157	84.22886791494113
torus	DMRG	8.0	7	DoubleOcc	exact	0.04431842076104367	0.0	0.0	84.22886791494113	84.22886791494113
torus	DMRG	8.0	7	DoubleOcc	UHF	0.04431842076104367	0.0038995982461629553	0.08799046038189927	2.033804375366038	84.22886791494113
torus	DMRG	8.0	7	DoubleOcc	UHFsym	0.04431842076104367	0.00389959824616562	0.0879904603819594	83.74343380692578	84.22886791494113
torus	DMRG	8.0	7	ZZ onsite	chi4	-0.8227263169913966	0.1297979806416829	0.15776568460376628	33.593709738754384	235.62164601970304
torus	DMRG	8.0	7	ZZ onsite	chi8	-0.8227263169913966	0.1273769219767641	0.15482295794616727	34.67900486614269	235.62164601970304
torus	DMRG	8.0	7	ZZ onsite	chi32	-0.8227263169913966	0.039172585762586865	0.047613142977893215	149.1804075279585	235.62164601970304
torus	DMRG	8.0	7	ZZ onsite	chi128	-0.8227263169913966	0.0060484123266282275	0.007351669931680909	231.06039426315195	235.62164601970304
torus	DMRG	8.0	7	ZZ onsite	exact	-0.8227263169913966	0.0	0.0	235.62164601970304	235.62164601970304
torus	DMRG	8.0	7	ZZ onsite	UHF	-0.8227263169913966	0.015598392949080941	0.01895939466981224	213.66664116562376	235.62164601970304
torus	DMRG	8.0	7	ZZ onsite	UHFsym	-0.8227263169913966	0.015598392949085382	0.01895939466981764	213.66664116561375	235.62164601970304
torus	DMRG	8.0	7	ZZ up-up nb	chi4	-0.44557726665730524	0.15221184712704583	0.34160595370793995	6.7446490711471725	23.321532687404034
torus	DMRG	8.0	7	ZZ up-up nb	chi8	-0.44557726665730524	0.1339827446123545	0.3006947495716854	8.061959535106448	23.321532687404034
torus	DMRG	8.0	7	ZZ up-up nb	chi32	-0.44557726665730524	0.03636968648210542	0.08162374789663014	20.815472056829233	23.321532687404034
torus	DMRG	8.0	7	ZZ up-up nb	chi128	-0.44557726665730524	0.004943765571671643	0.01109519255495121	23.34139400208125	23.321532687404034
torus	DMRG	8.0	7	ZZ up-up nb	exact	-0.44557726665730524	0.0	0.0	23.321532687404034	23.321532687404034
torus	DMRG	8.0	7	ZZ up-up nb	UHF	-0.44557726665730524	0.44179786586767755	0.9915179676513111	1.045291760691143	23.321532687404034
torus	DMRG	8.0	7	ZZ up-up nb	UHFsym	-0.44557726665730524	-0.1173581662508259	0.26338454636889364	8.933007316515079	23.321532687404034
torus	DMRG	8.0	7	SzSz nb	chi4	-0.10544330069311943	0.03806951495710349	0.361042519599234	6.377576792817721	22.60669677976582
torus	DMRG	8.0	7	SzSz nb	chi8	-0.10544330069311943	0.033580475965368714	0.3184695067835634	7.6410099141183645	22.60669677976582
torus	DMRG	8.0	7	SzSz nb	chi32	-0.10544330069311943	0.008061641991103569	0.07645475756270233	20.977075419821006	22.60669677976582
torus	DMRG	8.0	7	SzSz nb	chi128	-0.10544330069311943	0.0011723325029228265	0.011118131689890523	22.70627287263468	22.60669677976582
torus	DMRG	8.0	7	SzSz nb	exact	-0.10544330069311943	0.0	0.0	22.60669677976582	22.60669677976582
torus	DMRG	8.0	7	SzSz nb	UHF	-0.10544330069311943	0.11026917961506329	1.0457675252028484	0.9626537755588835	22.60669677976582
torus	DMRG	8.0	7	SzSz nb	UHFsym	-0.10544330069311943	-0.02951982841456259	0.2799592598156297	8.0279692071698	22.60669677976582
torus	DMRG	8.0	7	SxSx nb	chi4	-0.10544329824737218	0.04065731126678389	0.38558459326073985	5.15424306366697	21.04370323035074
torus	DMRG	8.0	7	SxSx nb	chi8	-0.10544329824737218	0.03507396546846912	0.33263342527644446	6.393744472655871	21.04370323035074
torus	DMRG	8.0	7	SxSx nb	chi32	-0.10544329824737218	0.007777000803969467	0.07375528775403498	18.760056720906288	21.04370323035074
torus	DMRG	8.0	7	SxSx nb	chi128	-0.10544329824737218	0.0013756795498313379	0.013046628592781353	20.934549907033936	21.04370323035074
torus	DMRG	8.0	7	SxSx nb	exact	-0.10544329824737218	0.0	0.0	21.04370323035074	21.04370323035074
torus	DMRG	8.0	7	SxSx nb	UHF	-0.10544329824737218	-0.09931199542430906	0.9418521335639657	1.1210241313366636	21.04370323035074
torus	DMRG	8.0	7	SxSx nb	UHFsym	-0.10544329824737218	-0.029417491409496246	0.27898872567967475	8.328013400237452	21.04370323035074
torus	ED	8.0	9	n	chi4	1.000000000000008	9.103828801926284e-15	9.103828801926211e-15	0.9999999944861558	0.9999999863542975
torus	ED	8.0	9	n	chi8	1.000000000000008	-8.927170114247929e-11	8.927170114247858e-11	0.9999999910384286	0.9999999863542975
torus	ED	8.0	9	n	chi32	1.000000000000008	-1.2220446876654023e-10	1.2220446876653925e-10	0.9999999906381863	0.9999999863542975
torus	ED	8.0	9	n	chi128	1.000000000000008	1.0649370274506964e-11	1.0649370274506878e-11	0.9999999890736628	0.9999999863542975
torus	ED	8.0	9	n	exact	1.000000000000008	-3.1172842085425145e-11	3.1172842085424893e-11	0.9999999863542975	0.9999999863542975
torus	ED	8.0	9	n	UHF	1.000000000000008	8.104628079763643e-15	8.104628079763578e-15	0.011580043702393433	0.9999999863542975
torus	ED	8.0	9	n	UHFsym	1.000000000000008	1.3766765505351941e-14	1.376676550535183e-14	1.000000000000035	0.9999999863542975
torus	ED	8.0	9	Sz	chi4	-2.2675264443883236e-12	1.4550082735875769e-9	NaN	0.9999999948457677	0.9999999873044616
torus	ED	8.0	9	Sz	chi8	-2.2675264443883236e-12	2.318400909619156e-9	NaN	0.9999999917951603	0.9999999873044616
torus	ED	8.0	9	Sz	chi32	-2.2675264443883236e-12	2.4065462782274505e-9	NaN	0.9999999914845513	0.9999999873044616
torus	ED	8.0	9	Sz	chi128	-2.2675264443883236e-12	2.891189128384486e-9	NaN	0.999999989765772	0.9999999873044616
torus	ED	8.0	9	Sz	exact	-2.2675264443883236e-12	3.587498197815675e-9	NaN	0.9999999873044616	0.9999999873044616
torus	ED	8.0	9	Sz	UHF	-2.2675264443883236e-12	0.4578003685920787	NaN	0.021870619446025755	0.9999999873044616
torus	ED	8.0	9	Sz	UHFsym	-2.2675264443883236e-12	-2.267526227547889e-12	NaN	1.0000000000000002	0.9999999873044616
torus	ED	8.0	9	DoubleOcc	chi4	0.04431846308841611	0.04431846308841611	1.0	17.297257761381218	85.53631685116146
torus	ED	8.0	9	DoubleOcc	chi8	0.04431846308841611	0.034488180473229074	0.7781899025790797	25.217568738363642	85.53631685116146
torus	ED	8.0	9	DoubleOcc	chi32	0.04431846308841611	0.005875192520205019	0.1325676052548101	79.84748676573504	85.53631685116146
torus	ED	8.0	9	DoubleOcc	chi128	0.04431846308841611	0.0009226628128520264	0.020818926211662574	85.361384389316	85.53631685116146
torus	ED	8.0	9	DoubleOcc	exact	0.04431846308841611	6.122731055491215e-8	1.381530547049039e-6	85.53631685116146	85.53631685116146
torus	ED	8.0	9	DoubleOcc	UHF	0.04431846308841611	0.0038996405735353956	0.08799133141768803	1.7436950026463351	85.53631685116146
torus	ED	8.0	9	DoubleOcc	UHFsym	0.04431846308841611	0.00389964057353806	0.08799133141774815	82.89359836363268	85.53631685116146
torus	ED	8.0	9	ZZ onsite	chi4	-0.8227261476463502	0.17727385235364868	0.21547127541867073	18.462183091815607	185.98375186870945
torus	ED	8.0	9	ZZ onsite	chi8	-0.8227261476463502	0.1379527220714617	0.16767757104367714	28.334701434542495	185.98375186870945
torus	ED	8.0	9	ZZ onsite	chi32	-0.8227261476463502	0.023500770325229237	0.02856451128052766	154.29431405563471	185.98375186870945
torus	ED	8.0	9	ZZ onsite	chi128	-0.8227261476463502	0.00369065123010881	0.004485880557785846	183.76521112208144	185.98375186870945
torus	ED	8.0	9	ZZ onsite	exact	-0.8227261476463502	2.449715865715518e-7	2.9775592677145975e-7	185.98375186870945	185.98375186870945
torus	ED	8.0	9	ZZ onsite	UHF	-0.8227261476463502	0.015598562294126705	0.018959604406339793	168.72363244008088	185.98375186870945
torus	ED	8.0	9	ZZ onsite	UHFsym	-0.8227261476463502	0.015598562294131813	0.018959604406346	168.72363244007244	185.98375186870945
torus	ED	8.0	9	ZZ up-up nb	chi4	-0.44557667315008526	0.14296997390247873	0.32086503292851154	6.638012079224105	20.728972372616646
torus	ED	8.0	9	ZZ up-up nb	chi8	-0.44557667315008526	0.10191652876416463	0.22872949798661407	9.904443079772905	20.728972372616646
torus	ED	8.0	9	ZZ up-up nb	chi32	-0.44557667315008526	0.017920408725239756	0.040218462511845986	19.913466876438232	20.728972372616646
torus	ED	8.0	9	ZZ up-up nb	chi128	-0.44557667315008526	0.0026282249727448415	0.005898479725529902	20.688248409231313	20.728972372616646
torus	ED	8.0	9	ZZ up-up nb	exact	-0.44557667315008526	1.8462613038394693e-7	4.1435322248514256e-7	20.728972372616646	20.728972372616646
torus	ED	8.0	9	ZZ up-up nb	UHF	-0.44557667315008526	0.44179845937489653	0.9915206203491804	0.9955075781524353	20.728972372616646
torus	ED	8.0	9	ZZ up-up nb	UHFsym	-0.44557667315008526	-0.11735757274360598	0.2633835651986117	8.909204142415664	20.728972372616646
torus	ED	8.0	9	SzSz nb	chi4	-0.10544316081502253	0.04169350094811847	0.3954120933576792	5.34523456062708	17.369649036153614
torus	ED	8.0	9	SzSz nb	chi8	-0.10544316081502253	0.025509643432823387	0.24192790917539544	9.647673101397148	17.369649036153614
torus	ED	8.0	9	SzSz nb	chi32	-0.10544316081502253	0.00454123607366963	0.0430680950624788	17.239394651962517	17.369649036153614
torus	ED	8.0	9	SzSz nb	chi128	-0.10544316081502253	0.0006042636775776822	0.005730705271987564	17.40859318389002	17.369649036153614
torus	ED	8.0	9	SzSz nb	exact	-0.10544316081502253	4.305350381761386e-8	4.083100647290157e-7	17.369649036153614	17.369649036153614
torus	ED	8.0	9	SzSz nb	UHF	-0.10544316081502253	0.11026931949315982	1.0457702390637147	0.9803206342662292	17.369649036153614
torus	ED	8.0	9	SzSz nb	UHFsym	-0.10544316081502253	-0.02951968853646579	0.27995830462870674	7.334271735126995	17.369649036153614
torus	ED	8.0	9	SxSx nb	chi4	-0.10544316081618235	0.026810793077430534	0.2542677293615034	6.9329417093797785	17.473673368381696
torus	ED	8.0	9	SxSx nb	chi8	-0.10544316081618235	0.0262084453043753	0.2485551941113007	7.303419351728021	17.473673368381696
torus	ED	8.0	9	SxSx nb	chi32	-0.10544316081618235	0.00363509265326932	0.0344744279774231	16.404497312672177	17.473673368381696
torus	ED	8.0	9	SxSx nb	chi128	-0.10544316081618235	0.0006311343920657742	0.005985541282909968	17.337218372732796	17.473673368381696
torus	ED	8.0	9	SxSx nb	exact	-0.10544316081618235	4.233607241166393e-8	4.015061013342329e-7	17.473673368381696	17.473673368381696
torus	ED	8.0	9	SxSx nb	UHF	-0.10544316081618235	-0.09931185799311922	0.9418520577759258	1.1427785769408774	17.473673368381696
torus	ED	8.0	9	SxSx nb	UHFsym	-0.10544316081618235	-0.029417353978306485	0.27898778593700696	8.7082972495506	17.473673368381696
torus	DMRG	8.0	9	n	chi4	1.0000000000311808	3.118194591422707e-11	3.118194591325479e-11	0.9999999944861558	0.9999999863542975
torus	DMRG	8.0	9	n	chi8	1.0000000000311808	-5.809885905705414e-11	5.809885905524257e-11	0.9999999910384286	0.9999999863542975
torus	DMRG	8.0	9	n	chi32	1.0000000000311808	-9.103162668111509e-11	9.103162667827664e-11	0.9999999906381863	0.9999999863542975
torus	DMRG	8.0	9	n	chi128	1.0000000000311808	4.182221235993211e-11	4.182221235862806e-11	0.9999999890736628	0.9999999863542975
torus	DMRG	8.0	9	n	exact	1.0000000000311808	0.0	0.0	0.9999999863542975	0.9999999863542975
torus	DMRG	8.0	9	n	UHF	1.0000000000311808	3.118094671350491e-11	3.118094671253266e-11	0.011580043702393433	0.9999999863542975
torus	DMRG	8.0	9	n	UHFsym	1.0000000000311808	3.11866088509305e-11	3.1186608849958075e-11	1.000000000000035	0.9999999863542975
torus	DMRG	8.0	9	Sz	chi4	-3.5897657242600634e-9	-2.132489924228098e-9	NaN	0.9999999948457677	0.9999999873044616
torus	DMRG	8.0	9	Sz	chi8	-3.5897657242600634e-9	-1.269097288196519e-9	NaN	0.9999999917951603	0.9999999873044616
torus	DMRG	8.0	9	Sz	chi32	-3.5897657242600634e-9	-1.1809519195882245e-9	NaN	0.9999999914845513	0.9999999873044616
torus	DMRG	8.0	9	Sz	chi128	-3.5897657242600634e-9	-6.963090694311891e-10	NaN	0.999999989765772	0.9999999873044616
torus	DMRG	8.0	9	Sz	exact	-3.5897657242600634e-9	0.0	NaN	0.9999999873044616	0.9999999873044616
torus	DMRG	8.0	9	Sz	UHF	-3.5897657242600634e-9	0.4578003650045805	NaN	0.021870619446025755	0.9999999873044616
torus	DMRG	8.0	9	Sz	UHFsym	-3.5897657242600634e-9	-3.589765724043223e-9	NaN	1.0000000000000002	0.9999999873044616
torus	DMRG	8.0	9	DoubleOcc	chi4	0.044318401861105555	0.044318401861105555	1.0	17.297257761381218	85.53631685116146
torus	DMRG	8.0	9	DoubleOcc	chi8	0.044318401861105555	0.03448811924591852	0.7781895961412312	25.217568738363642	85.53631685116146
torus	DMRG	8.0	9	DoubleOcc	chi32	0.044318401861105555	0.005875131292894464	0.13256640686880367	79.84748676573504	85.53631685116146
torus	DMRG	8.0	9	DoubleOcc	chi128	0.044318401861105555	0.0009226015855414715	0.02081757344122915	85.361384389316	85.53631685116146
torus	DMRG	8.0	9	DoubleOcc	exact	0.044318401861105555	0.0	0.0	85.53631685116146	85.53631685116146
torus	DMRG	8.0	9	DoubleOcc	UHF	0.044318401861105555	0.0038995793462248407	0.08799007144811252	1.7436950026463351	85.53631685116146
torus	DMRG	8.0	9	DoubleOcc	UHFsym	0.044318401861105555	0.0038995793462275052	0.08799007144817264	82.89359836363268	85.53631685116146
torus	DMRG	8.0	9	ZZ onsite	chi4	-0.8227263926179368	0.1772736073820621	0.21547091350500241	18.462183091815607	185.98375186870945
torus	DMRG	8.0	9	ZZ onsite	chi8	-0.8227263926179368	0.13795247709987513	0.16767722336086333	28.334701434542495	185.98375186870945
torus	DMRG	8.0	9	ZZ onsite	chi32	-0.8227263926179368	0.023500525353642665	0.028564205019439553	154.29431405563471	185.98375186870945
torus	DMRG	8.0	9	ZZ onsite	chi128	-0.8227263926179368	0.0036904062585222386	0.004485581466250608	183.76521112208144	185.98375186870945
torus	DMRG	8.0	9	ZZ onsite	exact	-0.8227263926179368	0.0	0.0	185.98375186870945	185.98375186870945
torus	DMRG	8.0	9	ZZ onsite	UHF	-0.8227263926179368	0.015598317322540134	0.01895930100516878	168.72363244008088	185.98375186870945
torus	DMRG	8.0	9	ZZ onsite	UHFsym	-0.8227263926179368	0.015598317322545241	0.018959301005174987	168.72363244007244	185.98375186870945
torus	DMRG	8.0	9	ZZ up-up nb	chi4	-0.44557685777621564	0.14296978927634835	0.32086448562405545	6.638012079224105	20.728972372616646
torus	DMRG	8.0	9	ZZ up-up nb	chi8	-0.44557685777621564	0.10191634413803424	0.228728988858798	9.904443079772905	20.728972372616646
torus	DMRG	8.0	9	ZZ up-up nb	chi32	-0.44557685777621564	0.017920224099109372	0.04021803149415255	19.913466876438232	20.728972372616646
torus	DMRG	8.0	9	ZZ up-up nb	chi128	-0.44557685777621564	0.0026280403466144575	0.005898062928426036	20.688248409231313	20.728972372616646
torus	DMRG	8.0	9	ZZ up-up nb	exact	-0.44557685777621564	0.0	0.0	20.728972372616646	20.728972372616646
torus	DMRG	8.0	9	ZZ up-up nb	UHF	-0.44557685777621564	0.44179827474876615	0.9915197951565357	0.9955075781524353	20.728972372616646
torus	DMRG	8.0	9	ZZ up-up nb	UHFsym	-0.44557685777621564	-0.11735775736973636	0.26338387041787875	8.909204142415664	20.728972372616646
torus	DMRG	8.0	9	SzSz nb	chi4	-0.10544320386852635	0.04169345789461465	0.3954115235971096	5.34523456062708	17.369649036153614
torus	DMRG	8.0	9	SzSz nb	chi8	-0.10544320386852635	0.02550960037931957	0.2419274020839375	9.647673101397148	17.369649036153614
torus	DMRG	8.0	9	SzSz nb	chi32	-0.10544320386852635	0.004541193020165812	0.043067669167451285	17.239394651962517	17.369649036153614
torus	DMRG	8.0	9	SzSz nb	chi128	-0.10544320386852635	0.0006042206240738646	0.005730294622185867	17.40859318389002	17.369649036153614
torus	DMRG	8.0	9	SzSz nb	exact	-0.10544320386852635	0.0	0.0	17.369649036153614	17.369649036153614
torus	DMRG	8.0	9	SzSz nb	UHF	-0.10544320386852635	0.110269276439656	1.045769403755477	0.9803206342662292	17.369649036153614
torus	DMRG	8.0	9	SzSz nb	UHFsym	-0.10544320386852635	-0.02951973158996961	0.2799585986288579	7.334271735126995	17.369649036153614
torus	DMRG	8.0	9	SxSx nb	chi4	-0.10544320315225476	0.026810750741358122	0.25426722576555955	6.9329417093797785	17.473673368381696
torus	DMRG	8.0	9	SxSx nb	chi8	-0.10544320315225476	0.026208402968302888	0.2485546928089737	7.303419351728021	17.473673368381696
torus	DMRG	8.0	9	SxSx nb	chi32	-0.10544320315225476	0.0036350503171969084	0.03447401262979536	16.404497312672177	17.473673368381696
torus	DMRG	8.0	9	SxSx nb	chi128	-0.10544320315225476	0.0006310920559933625	0.005985137373739461	17.337218372732796	17.473673368381696
torus	DMRG	8.0	9	SxSx nb	exact	-0.10544320315225476	0.0	0.0	17.473673368381696	17.473673368381696
torus	DMRG	8.0	9	SxSx nb	UHF	-0.10544320315225476	-0.09931190032919163	0.94185208112267	1.1427785769408774	17.473673368381696
torus	DMRG	8.0	9	SxSx nb	UHFsym	-0.10544320315225476	-0.029417396314378896	0.2789880754276938	8.7082972495506	17.473673368381696
torus	ED	8.0	11	n	chi4	0.9999999999999938	-5.886890974693415e-11	5.886890974693451e-11	1.0000000020914976	0.999999996117849
torus	ED	8.0	11	n	chi8	0.9999999999999938	3.918754210019415e-11	3.9187542100194396e-11	1.000000000267286	0.999999996117849
torus	ED	8.0	11	n	chi32	0.9999999999999938	7.47358841479695e-11	7.473588414796997e-11	0.9999999992164653	0.999999996117849
torus	ED	8.0	11	n	chi128	0.9999999999999938	-5.6849192020536066e-11	5.684919202053642e-11	0.999999997943564	0.999999996117849
torus	ED	8.0	11	n	exact	0.9999999999999938	-2.4204194204457963e-11	2.4204194204458115e-11	0.999999996117849	0.999999996117849
torus	ED	8.0	11	n	UHF	0.9999999999999938	-6.661338147750939e-15	6.661338147750981e-15	0.010878038715627997	0.999999996117849
torus	ED	8.0	11	n	UHFsym	0.9999999999999938	-8.881784197001252e-16	8.881784197001308e-16	1.0000000000000318	0.999999996117849
torus	ED	8.0	11	Sz	chi4	1.2035476781857568e-12	-7.31165235995368e-10	NaN	1.000000000237727	0.9999999995957906
torus	ED	8.0	11	Sz	chi8	1.2035476781857568e-12	-9.675839643397133e-11	NaN	1.0000000000174059	0.9999999995957906
torus	ED	8.0	11	Sz	chi32	1.2035476781857568e-12	2.7064793808873056e-10	NaN	0.9999999998963048	0.9999999995957906
torus	ED	8.0	11	Sz	chi128	1.2035476781857568e-12	7.320671707722326e-10	NaN	0.999999999798107	0.9999999995957906
torus	ED	8.0	11	Sz	exact	1.2035476781857568e-12	1.3731335964106695e-9	NaN	0.9999999995957906	0.9999999995957906
torus	ED	8.0	11	Sz	UHF	1.2035476781857568e-12	-0.457800368593143	NaN	0.018862490589917704	0.9999999995957906
torus	ED	8.0	11	Sz	UHFsym	1.2035476781857568e-12	1.2035199226101412e-12	NaN	1.0	0.9999999995957906
torus	ED	8.0	11	DoubleOcc	chi4	0.04431846308840531	0.02998860105851192	0.67666157553098	26.222886947994457	80.24299271990161
torus	ED	8.0	11	DoubleOcc	chi8	0.04431846308840531	0.024696561486133056	0.5572522096912296	32.822563091503135	80.24299271990161
torus	ED	8.0	11	DoubleOcc	chi32	0.04431846308840531	0.010416536737210214	0.2350383116046145	60.65970788907545	80.24299271990161
torus	ED	8.0	11	DoubleOcc	chi128	0.04431846308840531	0.0014630793251000362	0.03301286243120669	78.66102233575305	80.24299271990161
torus	ED	8.0	11	DoubleOcc	exact	0.04431846308840531	4.231192107795323e-8	9.54724467623133e-7	80.24299271990161	80.24299271990161
torus	ED	8.0	11	DoubleOcc	UHF	0.04431846308840531	0.003899640573524571	0.08799133141746522	1.4955829361448285	80.24299271990161
torus	ED	8.0	11	DoubleOcc	UHFsym	0.04431846308840531	0.0038996405735272355	0.08799133141752534	74.86000292665233	80.24299271990161
torus	ED	8.0	11	ZZ onsite	chi4	-0.8227261476463703	0.11995440435178306	0.1458011328495453	33.71798390074784	161.56482960060703
torus	ED	8.0	11	ZZ onsite	chi8	-0.8227261476463703	0.09878624586615403	0.12007184425675382	44.63727498458362	161.56482960060703
torus	ED	8.0	11	ZZ onsite	chi32	-0.8227261476463703	0.04166614679936409	0.05064400459200345	105.43732577134831	161.56482960060703
torus	ED	8.0	11	ZZ onsite	chi128	-0.8227261476463703	0.005852317414092534	0.007113323711461783	157.7243252484061	161.56482960060703
torus	ED	8.0	11	ZZ onsite	exact	-0.8227261476463703	1.692960869270621e-7	2.0577453070062152e-7	161.56482960060703	161.56482960060703
torus	ED	8.0	11	ZZ onsite	UHF	-0.8227261476463703	0.015598562294107832	0.01895960440631639	146.68073943608783	161.56482960060703
torus	ED	8.0	11	ZZ onsite	UHFsym	-0.8227261476463703	0.015598562294112606	0.018959604406322193	146.6807394360813	161.56482960060703
torus	ED	8.0	11	ZZ up-up nb	chi4	-0.44557667315021443	0.22359210834469134	0.5018038910428175	3.552254768325481	20.015339011041956
torus	ED	8.0	11	ZZ up-up nb	chi8	-0.44557667315021443	0.11969962825369496	0.26863979976200725	8.69174133563426	20.015339011041956
torus	ED	8.0	11	ZZ up-up nb	chi32	-0.44557667315021443	0.04752688805378813	0.10666377060938667	16.787540032654242	20.015339011041956
torus	ED	8.0	11	ZZ up-up nb	chi128	-0.44557667315021443	0.005127226465931334	0.011506945436981672	20.012438294289705	20.015339011041956
torus	ED	8.0	11	ZZ up-up nb	exact	-0.44557667315021443	5.97229228738172e-7	1.340351200424785e-6	20.015339011041956	20.015339011041956
torus	ED	8.0	11	ZZ up-up nb	UHF	-0.44557667315021443	0.441798459374769	0.9915206203486068	1.0375145660407459	20.015339011041956
torus	ED	8.0	11	ZZ up-up nb	UHFsym	-0.44557667315021443	-0.11735757274373626	0.2633835651988277	8.485862941152082	20.015339011041956
torus	ED	8.0	11	SzSz nb	chi4	-0.1054431608150597	0.05468410355843609	0.5186121426533142	3.6752641440447116	22.0523616171864
torus	ED	8.0	11	SzSz nb	chi8	-0.1054431608150597	0.0287140273022565	0.27231758873976664	9.706887688909234	22.0523616171864
torus	ED	8.0	11	SzSz nb	chi32	-0.1054431608150597	0.011216314584121867	0.10637308761821489	19.360924724414403	22.0523616171864
torus	ED	8.0	11	SzSz nb	chi128	-0.1054431608150597	0.0012173719639376607	0.011545290889684636	22.205476995740295	22.0523616171864
torus	ED	8.0	11	SzSz nb	exact	-0.1054431608150597	1.4080171339969638e-7	1.335332821126761e-6	22.0523616171864	22.0523616171864
torus	ED	8.0	11	SzSz nb	UHF	-0.1054431608150597	0.11026931949312194	1.0457702390629868	0.9926836739111782	22.0523616171864
torus	ED	8.0	11	SzSz nb	UHFsym	-0.1054431608150597	-0.029519688536503164	0.2799583046289625	7.825719505307749	22.0523616171864
torus	ED	8.0	11	SxSx nb	chi4	-0.10544316081596937	0.05646695782264828	0.5355203446641782	3.3353260729915726	23.72760990321739
torus	ED	8.0	11	SxSx nb	chi8	-0.10544316081596937	0.02835577426167775	0.2689199948317868	9.550465952041492	23.72760990321739
torus	ED	8.0	11	SxSx nb	chi32	-0.10544316081596937	0.010042690778522101	0.09524269474479881	20.49089442387361	23.72760990321739
torus	ED	8.0	11	SxSx nb	chi128	-0.10544316081596937	0.0012227574510634692	0.011596365677974655	23.7833515642856	23.72760990321739
torus	ED	8.0	11	SxSx nb	exact	-0.10544316081596937	1.399247455957653e-7	1.3270158492306282e-6	23.72760990321739	23.72760990321739
torus	ED	8.0	11	SxSx nb	UHF	-0.10544316081596937	-0.09931185799290623	0.9418520577758084	1.1236520741717295	23.72760990321739
torus	ED	8.0	11	SxSx nb	UHFsym	-0.10544316081596937	-0.02941735397809382	0.2789877859355537	8.307340045332298	23.72760990321739
torus	DMRG	8.0	11	n	chi4	1.000000000024198	-3.466471554247619e-11	3.4664715541637375e-11	1.0000000020914976	0.999999996117849
torus	DMRG	8.0	11	n	chi8	1.000000000024198	6.339173630465211e-11	6.339173630311816e-11	1.000000000267286	0.999999996117849
torus	DMRG	8.0	11	n	chi32	1.000000000024198	9.894007835242746e-11	9.894007835003332e-11	0.9999999992164653	0.999999996117849
torus	DMRG	8.0	11	n	chi128	1.000000000024198	-3.26449978160781e-11	3.264499781528816e-11	0.999999997943564	0.999999996117849
torus	DMRG	8.0	11	n	exact	1.000000000024198	0.0	0.0	0.999999996117849	0.999999996117849
torus	DMRG	8.0	11	n	UHF	1.000000000024198	2.4197532866310212e-11	2.419753286572468e-11	0.010878038715627997	0.999999996117849
torus	DMRG	8.0	11	n	UHFsym	1.000000000024198	2.4203306026038263e-11	2.4203306025452593e-11	1.0000000000000318	0.999999996117849
torus	DMRG	8.0	11	Sz	chi4	-1.3719300487324837e-9	-2.1042988324060374e-9	NaN	1.000000000237727	0.9999999995957906
torus	DMRG	8.0	11	Sz	chi8	-1.3719300487324837e-9	-1.4698919928446408e-9	NaN	1.0000000000174059	0.9999999995957906
torus	DMRG	8.0	11	Sz	chi32	-1.3719300487324837e-9	-1.102485658321939e-9	NaN	0.9999999998963048	0.9999999995957906
torus	DMRG	8.0	11	Sz	chi128	-1.3719300487324837e-9	-6.410664256384369e-10	NaN	0.999999999798107	0.9999999995957906
torus	DMRG	8.0	11	Sz	exact	-1.3719300487324837e-9	0.0	NaN	0.9999999995957906	0.9999999995957906
torus	DMRG	8.0	11	Sz	UHF	-1.3719300487324837e-9	-0.4578003699662766	NaN	0.018862490589917704	0.9999999995957906
torus	DMRG	8.0	11	Sz	UHFsym	-1.3719300487324837e-9	-1.3719300764880593e-9	NaN	1.0	0.9999999995957906
torus	DMRG	8.0	11	DoubleOcc	chi4	0.044318420776484235	0.029988558746590843	0.6766612668315801	26.222886947994457	80.24299271990161
torus	DMRG	8.0	11	DoubleOcc	chi8	0.044318420776484235	0.02469651917421198	0.5572517869886776	32.822563091503135	80.24299271990161
torus	DMRG	8.0	11	DoubleOcc	chi32	0.044318420776484235	0.010416494425289136	0.23503758127627652	60.65970788907545	80.24299271990161
torus	DMRG	8.0	11	DoubleOcc	chi128	0.044318420776484235	0.0014630370131789583	0.03301193922404517	78.66102233575305	80.24299271990161
torus	DMRG	8.0	11	DoubleOcc	exact	0.044318420776484235	0.0	0.0	80.24299271990161	80.24299271990161
torus	DMRG	8.0	11	DoubleOcc	UHF	0.044318420776484235	0.003899598261603493	0.08799046069964334	1.4955829361448285	80.24299271990161
torus	DMRG	8.0	11	DoubleOcc	UHFsym	0.044318420776484235	0.0038995982616061575	0.08799046069970347	74.86000292665233	80.24299271990161
torus	DMRG	8.0	11	ZZ onsite	chi4	-0.8227263169424572	0.11995423505569613	0.14580089707290342	33.71798390074784	161.56482960060703
torus	DMRG	8.0	11	ZZ onsite	chi8	-0.8227263169424572	0.0987860765700671	0.12007161377454316	44.63727498458362	161.56482960060703
torus	DMRG	8.0	11	ZZ onsite	chi32	-0.8227263169424572	0.04166597750327716	0.05064378839627096	105.43732577134831	161.56482960060703
torus	DMRG	8.0	11	ZZ onsite	chi128	-0.8227263169424572	0.005852148118005607	0.007113116473232878	157.7243252484061	161.56482960060703
torus	DMRG	8.0	11	ZZ onsite	exact	-0.8227263169424572	0.0	0.0	161.56482960060703	161.56482960060703
torus	DMRG	8.0	11	ZZ onsite	UHF	-0.8227263169424572	0.015598392998020905	0.018959394730425138	146.68073943608783	161.56482960060703
torus	DMRG	8.0	11	ZZ onsite	UHFsym	-0.8227263169424572	0.015598392998025679	0.01895939473043094	146.6807394360813	161.56482960060703
torus	DMRG	8.0	11	ZZ up-up nb	chi4	-0.44557727037944317	0.2235915111154626	0.5018018781008675	3.552254768325481	20.015339011041956
torus	DMRG	8.0	11	ZZ up-up nb	chi8	-0.44557727037944317	0.11969903102446622	0.26863809934140787	8.69174133563426	20.015339011041956
torus	DMRG	8.0	11	ZZ up-up nb	chi32	-0.44557727037944317	0.04752629082455939	0.10666228729326142	16.787540032654242	20.015339011041956
torus	DMRG	8.0	11	ZZ up-up nb	chi128	-0.44557727037944317	0.005126629236702596	0.011505589664250328	20.012438294289705	20.015339011041956
torus	DMRG	8.0	11	ZZ up-up nb	exact	-0.44557727037944317	0.0	0.0	20.015339011041956	20.015339011041956
torus	DMRG	8.0	11	ZZ up-up nb	UHF	-0.44557727037944317	0.4417978621455403	0.9915179510151305	1.0375145660407459	20.015339011041956
torus	DMRG	8.0	11	ZZ up-up nb	UHFsym	-0.44557727037944317	-0.117358169972965	0.26338455252222703	8.485862941152082	20.015339011041956
torus	DMRG	8.0	11	SzSz nb	chi4	-0.1054433016167731	0.05468396275672269	0.5186101148033854	3.6752641440447116	22.0523616171864
torus	DMRG	8.0	11	SzSz nb	chi8	-0.1054433016167731	0.0287138865005431	0.27231588977460014	9.706887688909234	22.0523616171864
torus	DMRG	8.0	11	SzSz nb	chi32	-0.1054433016167731	0.011216173782408467	0.10637161024389136	19.360924724414403	22.0523616171864
torus	DMRG	8.0	11	SzSz nb	chi128	-0.1054433016167731	0.001217231162224261	0.011543940141861353	22.205476995740295	22.0523616171864
torus	DMRG	8.0	11	SzSz nb	exact	-0.1054433016167731	0.0	0.0	22.0523616171864	22.0523616171864
torus	DMRG	8.0	11	SzSz nb	UHF	-0.1054433016167731	0.11026917869140854	1.04576750728249	0.9926836739111782	22.0523616171864
torus	DMRG	8.0	11	SzSz nb	UHFsym	-0.1054433016167731	-0.029519829338216563	0.279959266122987	7.825719505307749	22.0523616171864
torus	DMRG	8.0	11	SxSx nb	chi4	-0.10544330074071497	0.056466817897902685	0.535518307007048	3.3353260729915726	23.72760990321739
torus	DMRG	8.0	11	SxSx nb	chi8	-0.10544330074071497	0.028355634336932153	0.2689183109570768	9.550465952041492	23.72760990321739
torus	DMRG	8.0	11	SxSx nb	chi32	-0.10544330074071497	0.010042550853776505	0.09524124134231281	20.49089442387361	23.72760990321739
torus	DMRG	8.0	11	SxSx nb	chi128	-0.10544330074071497	0.0012226175263178735	0.011595023275345766	23.7833515642856	23.72760990321739
torus	DMRG	8.0	11	SxSx nb	exact	-0.10544330074071497	0.0	0.0	23.72760990321739	23.72760990321739
torus	DMRG	8.0	11	SxSx nb	UHF	-0.10544330074071497	-0.09931199791765183	0.9418521349389469	1.1236520741717295	23.72760990321739
torus	DMRG	8.0	11	SxSx nb	UHFsym	-0.10544330074071497	-0.029417493902839417	0.27898874272891955	8.307340045332298	23.72760990321739
