U	nhole	site	x	y	observable	prior	true	Delta	relerr	G	dens	Sz
8.0	4	1	1	1	n	chi8	0.9346128227927356	-0.008955432541765118	0.009581970547980722	1.1990377890234092	0.9346128227927356	-0.018398622579522045
8.0	4	1	1	1	n	chi32	0.9346128227927356	-0.008113411168658158	0.008681039860350202	1.3521022734987307	0.9346128227927356	-0.018398622579522045
8.0	4	1	1	1	n	exact	0.9346128227927356	0.0	0.0	1.3536498113870727	0.9346128227927356	-0.018398622579522045
8.0	4	1	1	1	n	UHF	0.9346128227927356	-0.06532946266449413	0.06990002819486452	0.021370311984782526	0.9346128227927356	-0.018398622579522045
8.0	4	1	1	1	Sz	chi8	-0.018398622579522045	-0.02328115926999475	1.2653751208477446	1.1259497038934994	0.9346128227927356	-0.018398622579522045
8.0	4	1	1	1	Sz	chi32	-0.018398622579522045	-0.0056852928218864476	0.30900643770008457	1.2944815673978844	0.9346128227927356	-0.018398622579522045
8.0	4	1	1	1	Sz	exact	-0.018398622579522045	0.0	0.0	1.3241917927077012	0.9346128227927356	-0.018398622579522045
8.0	4	1	1	1	Sz	UHF	-0.018398622579522045	-0.4769899504033268	25.925307633312947	0.02587473305037873	0.9346128227927356	-0.018398622579522045
8.0	4	1	1	1	DoubleOcc	chi8	0.03867984320108164	0.021922099553043084	0.5667577150992705	29.380010979044908	0.9346128227927356	-0.018398622579522045
8.0	4	1	1	1	DoubleOcc	chi32	0.03867984320108164	0.0020621271910872263	0.0533127081298396	59.40828913766851	0.9346128227927356	-0.018398622579522045
8.0	4	1	1	1	DoubleOcc	exact	0.03867984320108164	0.0	0.0	61.08638877496793	0.9346128227927356	-0.018398622579522045
8.0	4	1	1	1	DoubleOcc	UHF	0.03867984320108164	-0.0009852944050749435	0.02547307133466846	1.3455513097959793	0.9346128227927356	-0.018398622579522045
8.0	4	1	1	1	ZZ onsite	chi8	-0.7145062727811445	0.1055992632957029	0.14779333270884842	34.43307049488216	0.9346128227927356	-0.018398622579522045
8.0	4	1	1	1	ZZ onsite	chi32	-0.7145062727811445	0.024475331101665332	0.034254886253688915	91.01791666337859	0.9346128227927356	-0.018398622579522045
8.0	4	1	1	1	ZZ onsite	exact	-0.7145062727811445	0.0	0.0	95.61302747198626	0.9346128227927356	-0.018398622579522045
8.0	4	1	1	1	ZZ onsite	UHF	-0.7145062727811445	0.1267177477086885	0.17735008429730403	26.418957248109127	0.9346128227927356	-0.018398622579522045
8.0	4	1	1	1	ZZ up-up nb	chi8	-0.35748733067607497	0.1122883216783207	0.31410433893129197	7.315873757545073	0.9346128227927356	-0.018398622579522045
8.0	4	1	1	1	ZZ up-up nb	chi32	-0.35748733067607497	0.024560333453061467	0.06870266816620693	15.483150618340721	0.9346128227927356	-0.018398622579522045
8.0	4	1	1	1	ZZ up-up nb	exact	-0.35748733067607497	0.0	0.0	15.723528336726948	0.9346128227927356	-0.018398622579522045
8.0	4	1	1	1	ZZ up-up nb	UHF	-0.35748733067607497	0.5340432683840731	1.493880265278487	0.505260688725265	0.9346128227927356	-0.018398622579522045
8.0	4	1	1	1	SzSz nb	chi8	-0.08793222320044405	0.016838963997569817	0.19149935466984508	9.390481303917921	0.9346128227927356	-0.018398622579522045
8.0	4	1	1	1	SzSz nb	chi32	-0.08793222320044405	0.004249116274853165	0.048322629864221464	13.164280071925573	0.9346128227927356	-0.018398622579522045
8.0	4	1	1	1	SzSz nb	exact	-0.08793222320044405	0.0	0.0	13.315627358591316	0.9346128227927356	-0.018398622579522045
8.0	4	1	1	1	SzSz nb	UHF	-0.08793222320044405	0.12866210507604106	1.4631963163577937	0.5042984840979292	0.9346128227927356	-0.018398622579522045
8.0	4	2	1	2	n	chi8	0.9352432685060081	-0.025468367240393586	0.027231810265876268	1.210192796044771	0.9352432685060081	-0.009963997805130671
8.0	4	2	1	2	n	chi32	0.9352432685060081	-0.01006589872870678	0.010762866804469402	1.3877594384113292	0.9352432685060081	-0.009963997805130671
8.0	4	2	1	2	n	exact	0.9352432685060081	0.0	0.0	1.383122867414756	0.9352432685060081	-0.009963997805130671
8.0	4	2	1	2	n	UHF	0.9352432685060081	-0.0646990169512014	0.06917881061528941	0.017391651495783186	0.9352432685060081	-0.009963997805130671
8.0	4	2	1	2	Sz	chi8	-0.009963997805130671	-0.020525574512297064	2.0599738090797266	1.1098396657693532	0.9352432685060081	-0.009963997805130671
8.0	4	2	1	2	Sz	chi32	-0.009963997805130671	-0.005022555616333801	0.5040703254418204	1.3088985684174401	0.9352432685060081	-0.009963997805130671
8.0	4	2	1	2	Sz	exact	-0.009963997805130671	0.0	0.0	1.3579794407531671	0.9352432685060081	-0.009963997805130671
8.0	4	2	1	2	Sz	UHF	-0.009963997805130671	0.44862733001866417	45.02483228043834	0.030079785299124754	0.9352432685060081	-0.009963997805130671
8.0	4	2	1	2	DoubleOcc	chi8	0.038883688182496046	0.01031384590457296	0.26524865275552384	34.86902210288494	0.9352432685060081	-0.009963997805130671
8.0	4	2	1	2	DoubleOcc	chi32	0.038883688182496046	0.0035415437022585927	0.0910804470408458	60.06039482432571	0.9352432685060081	-0.009963997805130671
8.0	4	2	1	2	DoubleOcc	exact	0.038883688182496046	0.0	0.0	68.9342176931335	0.9352432685060081	-0.009963997805130671
8.0	4	2	1	2	DoubleOcc	UHF	0.038883688182496046	-0.0007814494236595415	0.020097101385853626	1.284322781482082	0.9352432685060081	-0.009963997805130671
8.0	4	2	1	2	ZZ onsite	chi8	-0.7149517842820317	0.09219211809908023	0.12894872091502133	39.552755482800336	0.9352432685060081	-0.009963997805130671
8.0	4	2	1	2	ZZ onsite	chi32	-0.7149517842820317	0.03429797226644893	0.04797242698106084	89.45324934188221	0.9352432685060081	-0.009963997805130671
8.0	4	2	1	2	ZZ onsite	exact	-0.7149517842820317	0.0	0.0	111.75501357307422	0.9352432685060081	-0.009963997805130671
8.0	4	2	1	2	ZZ onsite	UHF	-0.7149517842820317	0.12627223620776507	0.17661643621824102	25.216738681828627	0.9352432685060081	-0.009963997805130671
8.0	4	2	1	2	ZZ up-up nb	chi8	-0.35497623412901885	0.12150832963177205	0.34229990052688686	5.259566098072681	0.9352432685060081	-0.009963997805130671
8.0	4	2	1	2	ZZ up-up nb	chi32	-0.35497623412901885	0.0332146327244206	0.09356860975754362	12.666958263627746	0.9352432685060081	-0.009963997805130671
8.0	4	2	1	2	ZZ up-up nb	exact	-0.35497623412901885	0.0	0.0	14.731307100004193	0.9352432685060081	-0.009963997805130671
8.0	4	2	1	2	ZZ up-up nb	UHF	-0.35497623412901885	0.5365543649311293	1.5115219368069426	0.43380941088975106	0.9352432685060081	-0.009963997805130671
8.0	4	2	1	2	SzSz nb	chi8	-0.08770128489860815	0.02294426085845558	0.26161829766783395	6.2128534618683835	0.9352432685060081	-0.009963997805130671
8.0	4	2	1	2	SzSz nb	chi32	-0.08770128489860815	0.006713651011234306	0.0765513415110849	10.768350055513592	0.9352432685060081	-0.009963997805130671
8.0	4	2	1	2	SzSz nb	exact	-0.08770128489860815	0.0	0.0	11.787781085095633	0.9352432685060081	-0.009963997805130671
8.0	4	2	1	2	SzSz nb	UHF	-0.08770128489860815	0.12889304337787696	1.4696824969769917	0.4662338161059082	0.9352432685060081	-0.009963997805130671
8.0	4	3	1	3	n	chi8	0.933960140114005	-0.025139820625127096	0.026917444915859443	1.3195175842956055	0.933960140114005	-0.01982450926666593
8.0	4	3	1	3	n	chi32	0.933960140114005	-0.009028491215950174	0.009666891367385444	1.466808970537939	0.933960140114005	-0.01982450926666593
8.0	4	3	1	3	n	exact	0.933960140114005	0.0	0.0	1.4745140587456589	0.933960140114005	-0.01982450926666593
8.0	4	3	1	3	n	UHF	0.933960140114005	-0.06598214534322477	0.07064771022794461	0.017789292917828905	0.933960140114005	-0.01982450926666593
8.0	4	3	1	3	Sz	chi8	-0.01982450926666593	-0.015136897122806622	0.7635446062848411	1.1721404943904457	0.933960140114005	-0.01982450926666593
8.0	4	3	1	3	Sz	chi32	-0.01982450926666593	-0.004696844510503093	0.23692109839009423	1.2594780623937176	0.933960140114005	-0.01982450926666593
8.0	4	3	1	3	Sz	exact	-0.01982450926666593	0.0	0.0	1.267165492170376	0.933960140114005	-0.01982450926666593
8.0	4	3	1	3	Sz	UHF	-0.01982450926666593	-0.47841583709047064	24.132543744470212	0.02254460437111652	0.933960140114005	-0.01982450926666593
8.0	4	3	1	3	DoubleOcc	chi8	0.0386002684701294	0.010133939846325962	0.26253547573556524	30.750409192819014	0.933960140114005	-0.01982450926666593
8.0	4	3	1	3	DoubleOcc	chi32	0.0386002684701294	0.006264897982405898	0.16230192769912868	44.574064268031265	0.933960140114005	-0.01982450926666593
8.0	4	3	1	3	DoubleOcc	exact	0.0386002684701294	0.0	0.0	53.976275934953804	0.933960140114005	-0.01982450926666593
8.0	4	3	1	3	DoubleOcc	UHF	0.0386002684701294	-0.0010648691360271856	0.027587091443450156	1.1234304699611466	0.933960140114005	-0.01982450926666593
8.0	4	3	1	3	ZZ onsite	chi8	-0.713519206347492	0.09081540063555893	0.12727814448113228	35.20051678691571	0.933960140114005	-0.01982450926666593
8.0	4	3	1	3	ZZ onsite	chi32	-0.713519206347492	0.043116574361524385	0.06042805011828388	64.59008797094612	0.933960140114005	-0.01982450926666593
8.0	4	3	1	3	ZZ onsite	exact	-0.713519206347492	0.0	0.0	87.32648770647049	0.933960140114005	-0.01982450926666593
8.0	4	3	1	3	ZZ onsite	UHF	-0.713519206347492	0.12770481414234103	0.17897880394287147	22.469389241128017	0.933960140114005	-0.01982450926666593
8.0	4	3	1	3	ZZ up-up nb	chi8	-0.35469415021530776	0.0565305199742594	0.15937821342681865	8.849421427174516	0.933960140114005	-0.01982450926666593
8.0	4	3	1	3	ZZ up-up nb	chi32	-0.35469415021530776	0.032953461201648826	0.0929066949134777	10.650412776167354	0.933960140114005	-0.01982450926666593
8.0	4	3	1	3	ZZ up-up nb	exact	-0.35469415021530776	0.0	0.0	12.278167176076145	0.933960140114005	-0.01982450926666593
8.0	4	3	1	3	ZZ up-up nb	UHF	-0.35469415021530776	0.5368364488448403	1.5135193194445633	0.42464150516023763	0.933960140114005	-0.01982450926666593
8.0	4	3	1	3	SzSz nb	chi8	-0.08811164313437383	0.006686335937394122	0.07588481725618473	12.363482706341646	0.933960140114005	-0.01982450926666593
8.0	4	3	1	3	SzSz nb	chi32	-0.08811164313437383	0.005977825952412086	0.0678437688796208	13.195239359664079	0.933960140114005	-0.01982450926666593
8.0	4	3	1	3	SzSz nb	exact	-0.08811164313437383	0.0	0.0	13.902736194156267	0.933960140114005	-0.01982450926666593
8.0	4	3	1	3	SzSz nb	UHF	-0.08811164313437383	0.12848268514212016	1.4581805601579674	0.5030992402172338	0.933960140114005	-0.01982450926666593
8.0	4	4	1	4	n	chi8	0.933764695688586	-0.038809684414065404	0.04156259558029872	1.1137309329556275	0.933764695688586	-0.011934980242051653
8.0	4	4	1	4	n	chi32	0.933764695688586	-0.012942662070461908	0.01386073186341405	1.362132031332282	0.933764695688586	-0.011934980242051653
8.0	4	4	1	4	n	exact	0.933764695688586	0.0	0.0	1.3590514161062723	0.933764695688586	-0.011934980242051653
8.0	4	4	1	4	n	UHF	0.933764695688586	-0.06617758976866239	0.07087180536404951	0.017376557506839217	0.933764695688586	-0.011934980242051653
8.0	4	4	1	4	Sz	chi8	-0.011934980242051653	-0.023959679435528743	2.007517310427488	1.1262801823101172	0.933764695688586	-0.011934980242051653
8.0	4	4	1	4	Sz	chi32	-0.011934980242051653	-0.004953844465781043	0.41506934785921895	1.3477249603382353	0.933764695688586	-0.011934980242051653
8.0	4	4	1	4	Sz	exact	-0.011934980242051653	0.0	0.0	1.3779154526392217	0.933764695688586	-0.011934980242051653
8.0	4	4	1	4	Sz	UHF	-0.011934980242051653	0.4466563475817623	37.42413799798474	0.025857540407757	0.933764695688586	-0.011934980242051653
8.0	4	4	1	4	DoubleOcc	chi8	0.03864448909681184	0.009762402540541004	0.25262082042498524	31.742598369022655	0.933764695688586	-0.011934980242051653
8.0	4	4	1	4	DoubleOcc	chi32	0.03864448909681184	0.0036186078930482424	0.09363839392423942	59.800028137360286	0.933764695688586	-0.011934980242051653
8.0	4	4	1	4	DoubleOcc	exact	0.03864448909681184	0.0	0.0	63.602731444739575	0.933764695688586	-0.011934980242051653
8.0	4	4	1	4	DoubleOcc	UHF	0.03864448909681184	-0.0010206485093456619	0.026411230506599326	1.2806937161630148	0.933764695688586	-0.011934980242051653
8.0	4	4	1	4	ZZ onsite	chi8	-0.7129514349899242	0.1166689789902956	0.163642252844255	29.49972212943614	0.933764695688586	-0.011934980242051653
8.0	4	4	1	4	ZZ onsite	chi32	-0.7129514349899242	0.04035975571311745	0.0566094038560815	80.03469964402673	0.933764695688586	-0.011934980242051653
8.0	4	4	1	4	ZZ onsite	exact	-0.7129514349899242	0.0	0.0	97.97849341919222	0.933764695688586	-0.011934980242051653
8.0	4	4	1	4	ZZ onsite	UHF	-0.7129514349899242	0.12827258549994258	0.17991770435493323	25.568844760490943	0.933764695688586	-0.011934980242051653
8.0	4	4	1	4	ZZ up-up nb	chi8	0.11891013346129152	-0.006002906531689556	0.050482716291321506	2.5820181982650925	0.933764695688586	-0.011934980242051653
8.0	4	4	1	4	ZZ up-up nb	chi32	0.11891013346129152	-0.007876466418724123	0.06623881572959572	2.580920506834826	0.933764695688586	-0.011934980242051653
8.0	4	4	1	4	ZZ up-up nb	exact	0.11891013346129152	0.0	0.0	2.5731536410852143	0.933764695688586	-0.011934980242051653
8.0	4	4	1	4	ZZ up-up nb	UHF	0.11891013346129152	-0.6986060519890266	5.875075837976768	0.051845438715509576	0.933764695688586	-0.011934980242051653
8.0	4	4	1	4	SzSz nb	chi8	0.02761624715654867	-0.007000334574256351	0.2534860922475614	1.9366248275961297	0.933764695688586	-0.011934980242051653
8.0	4	4	1	4	SzSz nb	chi32	0.02761624715654867	-0.003402643117929434	0.12321164054771148	2.0384842107341696	0.933764695688586	-0.011934980242051653
8.0	4	4	1	4	SzSz nb	exact	0.02761624715654867	0.0	0.0	2.0713219154021143	0.933764695688586	-0.011934980242051653
8.0	4	4	1	4	SzSz nb	UHF	0.02761624715654867	-0.17694821960965315	6.407395567058185	0.047121196023271826	0.933764695688586	-0.011934980242051653
8.0	4	5	2	1	n	chi8	0.8789291834544802	0.01896635525859769	0.02157893447576025	2.4351387256712806	0.8789291834544802	-0.03365563094428842
8.0	4	5	2	1	n	chi32	0.8789291834544802	-0.0005696994344412953	0.0006481744435907675	2.5483769394989433	0.8789291834544802	-0.03365563094428842
8.0	4	5	2	1	n	exact	0.8789291834544802	0.0	0.0	2.5437673059285206	0.8789291834544802	-0.03365563094428842
8.0	4	5	2	1	n	UHF	0.8789291834544802	-0.12078352262056324	0.13742122220341388	0.038767231040456186	0.8789291834544802	-0.03365563094428842
8.0	4	5	2	1	Sz	chi8	-0.03365563094428842	-0.004770016335614333	0.14173011177565925	2.1595439451913743	0.8789291834544802	-0.03365563094428842
8.0	4	5	2	1	Sz	chi32	-0.03365563094428842	-0.0018058426482239973	0.05365647879884601	2.2036340326787793	0.8789291834544802	-0.03365563094428842
8.0	4	5	2	1	Sz	exact	-0.03365563094428842	0.0	0.0	2.208376936991885	0.8789291834544802	-0.03365563094428842
8.0	4	5	2	1	Sz	UHF	-0.03365563094428842	0.41298906879077274	12.27102440820114	0.0572961107083872	0.8789291834544802	-0.03365563094428842
8.0	4	5	2	1	DoubleOcc	chi8	0.04375294048479006	0.020524414034305632	0.46909793506200076	28.97083670650414	0.8789291834544802	-0.03365563094428842
8.0	4	5	2	1	DoubleOcc	chi32	0.04375294048479006	0.008412761247315798	0.1922787623894752	32.82787330883385	0.8789291834544802	-0.03365563094428842
8.0	4	5	2	1	DoubleOcc	exact	0.04375294048479006	0.0	0.0	36.01406118909693	0.8789291834544802	-0.03365563094428842
8.0	4	5	2	1	DoubleOcc	UHF	0.04375294048479006	-0.006611945385758544	0.15112002330579521	0.9906590410446809	0.8789291834544802	-0.03365563094428842
8.0	4	5	2	1	ZZ onsite	chi8	-0.5828466049697996	0.044164945620027596	0.0757745609967412	30.339090312084473	0.8789291834544802	-0.03365563094428842
8.0	4	5	2	1	ZZ onsite	chi32	-0.5828466049697996	0.03479044385814711	0.05969056619957458	32.36375906737804	0.8789291834544802	-0.03365563094428842
8.0	4	5	2	1	ZZ onsite	exact	-0.5828466049697996	0.0	0.0	36.192178421581595	0.8789291834544802	-0.03365563094428842
8.0	4	5	2	1	ZZ onsite	UHF	-0.5828466049697996	0.21511926369809298	0.3690838410377967	6.308224274971981	0.8789291834544802	-0.03365563094428842
8.0	4	5	2	1	ZZ up-up nb	chi8	-0.15852663181163437	-0.015896926363935943	0.10027921606777782	3.294476127756035	0.8789291834544802	-0.03365563094428842
8.0	4	5	2	1	ZZ up-up nb	chi32	-0.15852663181163437	0.0030133737376375758	0.01900862778197513	3.367611499265959	0.8789291834544802	-0.03365563094428842
8.0	4	5	2	1	ZZ up-up nb	exact	-0.15852663181163437	0.0	0.0	3.370951237568883	0.8789291834544802	-0.03365563094428842
8.0	4	5	2	1	ZZ up-up nb	UHF	-0.15852663181163437	0.685172811445815	4.322130632662125	0.07416564210362374	0.8789291834544802	-0.03365563094428842
8.0	4	5	2	1	SzSz nb	chi8	-0.05229671749591143	-0.0032875605447172523	0.06286361175487304	4.636190001761118	0.8789291834544802	-0.03365563094428842
8.0	4	5	2	1	SzSz nb	chi32	-0.05229671749591143	0.0008254828751980553	0.01578460206919472	4.725664747210364	0.8789291834544802	-0.03365563094428842
8.0	4	5	2	1	SzSz nb	exact	-0.05229671749591143	0.0	0.0	4.7576425408981615	0.8789291834544802	-0.03365563094428842
8.0	4	5	2	1	SzSz nb	UHF	-0.05229671749591143	0.15291146712920622	2.9239209352128244	0.13857282204287255	0.8789291834544802	-0.03365563094428842
8.0	4	6	2	2	n	chi8	0.8800487924070733	0.025062862941400366	0.02847894702843629	2.749905667129634	0.8800487924070733	-0.037082282683128236
8.0	4	6	2	2	n	chi32	0.8800487924070733	-0.004228368603926613	0.00480469792176108	3.0203385203221123	0.8800487924070733	-0.037082282683128236
8.0	4	6	2	2	n	exact	0.8800487924070733	0.0	0.0	3.034991924108201	0.8800487924070733	-0.037082282683128236
8.0	4	6	2	2	n	UHF	0.8800487924070733	-0.11966391366797391	0.13597418086407922	0.032783226856740066	0.8800487924070733	-0.037082282683128236
8.0	4	6	2	2	Sz	chi8	-0.037082282683128236	0.014618951547933474	0.39423008752869554	2.1643378260515562	0.8800487924070733	-0.037082282683128236
8.0	4	6	2	2	Sz	chi32	-0.037082282683128236	2.3901590863399658e-5	0.0006445555433477791	2.2789714251842526	0.8800487924070733	-0.037082282683128236
8.0	4	6	2	2	Sz	exact	-0.037082282683128236	0.0	0.0	2.273472529573047	0.8800487924070733	-0.037082282683128236
8.0	4	6	2	2	Sz	UHF	-0.037082282683128236	-0.4837269824181918	13.044692705454153	0.03718279325207213	0.8800487924070733	-0.037082282683128236
8.0	4	6	2	2	DoubleOcc	chi8	0.0438143712051971	0.020511394635782526	0.4681430788934737	32.414201972517176	0.8800487924070733	-0.037082282683128236
8.0	4	6	2	2	DoubleOcc	chi32	0.0438143712051971	0.006651277100046427	0.1518058325862149	35.55559483941269	0.8800487924070733	-0.037082282683128236
8.0	4	6	2	2	DoubleOcc	exact	0.0438143712051971	0.0	0.0	37.73787601183729	0.8800487924070733	-0.037082282683128236
8.0	4	6	2	2	DoubleOcc	UHF	0.0438143712051971	-0.006550514665351198	0.14950607495136664	0.7438025489017976	0.8800487924070733	-0.037082282683128236
8.0	4	6	2	2	ZZ onsite	chi8	-0.5848400999933581	0.03191985266032915	0.05457876889886938	41.47877866364976	0.8800487924070733	-0.037082282683128236
8.0	4	6	2	2	ZZ onsite	chi32	-0.5848400999933581	0.03506184560803971	0.05995116546973763	40.67176958591395	0.8800487924070733	-0.037082282683128236
8.0	4	6	2	2	ZZ onsite	exact	-0.5848400999933581	0.0	0.0	44.68180099988905	0.8800487924070733	-0.037082282683128236
8.0	4	6	2	2	ZZ onsite	UHF	-0.5848400999933581	0.21312576867454303	0.3644171606511993	7.043212563323221	0.8800487924070733	-0.037082282683128236
8.0	4	6	2	2	ZZ up-up nb	chi8	-0.1554516267759824	-0.07902946474941817	0.5083862188416055	2.0291988185200713	0.8800487924070733	-0.037082282683128236
8.0	4	6	2	2	ZZ up-up nb	chi32	-0.1554516267759824	0.010161273398141851	0.0653661438537727	3.047574898990482	0.8800487924070733	-0.037082282683128236
8.0	4	6	2	2	ZZ up-up nb	exact	-0.1554516267759824	0.0	0.0	3.0896374003698055	0.8800487924070733	-0.037082282683128236
8.0	4	6	2	2	ZZ up-up nb	UHF	-0.1554516267759824	0.6882478164814669	4.427408260405562	0.07079409395416578	0.8800487924070733	-0.037082282683128236
8.0	4	6	2	2	SzSz nb	chi8	-0.05229416599546856	-0.01127934491479058	0.2156903107656018	3.6566406955280484	0.8800487924070733	-0.037082282683128236
8.0	4	6	2	2	SzSz nb	chi32	-0.05229416599546856	0.004769164943420563	0.09119879536531524	5.219362015964346	0.8800487924070733	-0.037082282683128236
8.0	4	6	2	2	SzSz nb	exact	-0.05229416599546856	0.0	0.0	5.503719983172012	0.8800487924070733	-0.037082282683128236
8.0	4	6	2	2	SzSz nb	UHF	-0.05229416599546856	0.15291401862964904	2.9241123884239686	0.13381310402593008	0.8800487924070733	-0.037082282683128236
8.0	4	7	2	3	n	chi8	0.876640682510669	-0.0007467141968388047	0.0008517904903754189	1.9068856732730093	0.876640682510669	-0.03646035107959044
8.0	4	7	2	3	n	chi32	0.876640682510669	-0.0011347883987009588	0.0012944738036238105	2.637226890675866	0.876640682510669	-0.03646035107959044
8.0	4	7	2	3	n	exact	0.876640682510669	0.0	0.0	2.636709559117102	0.876640682510669	-0.03646035107959044
8.0	4	7	2	3	n	UHF	0.876640682510669	-0.12307202356437441	0.14039049980192608	0.03717226066486088	0.876640682510669	-0.03646035107959044
8.0	4	7	2	3	Sz	chi8	-0.03646035107959044	0.03311704695213496	0.9083030188009633	1.7059566608464583	0.876640682510669	-0.03646035107959044
8.0	4	7	2	3	Sz	chi32	-0.03646035107959044	3.337222828746905e-5	0.0009153018909395516	2.232397222894401	0.876640682510669	-0.03646035107959044
8.0	4	7	2	3	Sz	exact	-0.03646035107959044	0.0	0.0	2.2336394368519983	0.876640682510669	-0.03646035107959044
8.0	4	7	2	3	Sz	UHF	-0.03646035107959044	0.41018434865547065	11.250148078938308	0.04919006974960527	0.876640682510669	-0.03646035107959044
8.0	4	7	2	3	DoubleOcc	chi8	0.04343041990835261	0.01879018149910297	0.43265023775395756	25.42208034192605	0.876640682510669	-0.03646035107959044
8.0	4	7	2	3	DoubleOcc	chi32	0.04343041990835261	0.008075935410400359	0.18595112429127542	36.60395135283664	0.876640682510669	-0.03646035107959044
8.0	4	7	2	3	DoubleOcc	exact	0.04343041990835261	0.0	0.0	40.290910999367746	0.876640682510669	-0.03646035107959044
8.0	4	7	2	3	DoubleOcc	UHF	0.04343041990835261	-0.006934465962196018	0.15966840700203244	0.9531043904981844	0.876640682510669	-0.03646035107959044
8.0	4	7	2	3	ZZ onsite	chi8	-0.5795596853879262	0.07665415439009027	0.13226274415340342	24.05674637792756	0.876640682510669	-0.03646035107959044
8.0	4	7	2	3	ZZ onsite	chi32	-0.5795596853879262	0.03457331843900524	0.059654457186516886	34.76237523451541	0.876640682510669	-0.03646035107959044
8.0	4	7	2	3	ZZ onsite	exact	-0.5795596853879262	0.0	0.0	38.66298383774452	0.876640682510669	-0.03646035107959044
8.0	4	7	2	3	ZZ onsite	UHF	-0.5795596853879262	0.21840618327996597	0.3768484744306819	6.2667088461276	0.876640682510669	-0.03646035107959044
8.0	4	7	2	3	ZZ up-up nb	chi8	-0.15367438190763397	-0.031952398040858254	0.2079227366605792	3.000466734189392	0.876640682510669	-0.03646035107959044
8.0	4	7	2	3	ZZ up-up nb	chi32	-0.15367438190763397	0.013961396845231622	0.09085051569378118	3.3583700542916457	0.876640682510669	-0.03646035107959044
8.0	4	7	2	3	ZZ up-up nb	exact	-0.15367438190763397	0.0	0.0	3.3778498058156945	0.876640682510669	-0.03646035107959044
8.0	4	7	2	3	ZZ up-up nb	UHF	-0.15367438190763397	0.6900250613498052	4.490176259596378	0.07423472119062646	0.876640682510669	-0.03646035107959044
8.0	4	7	2	3	SzSz nb	chi8	-0.05248776663794902	0.007485712642263775	0.14261823510035868	3.8257981534604957	0.876640682510669	-0.03646035107959044
8.0	4	7	2	3	SzSz nb	chi32	-0.05248776663794902	0.005282378299387949	0.10064018032668118	4.518089478005559	0.876640682510669	-0.03646035107959044
8.0	4	7	2	3	SzSz nb	exact	-0.05248776663794902	0.0	0.0	4.9145591589429225	0.876640682510669	-0.03646035107959044
8.0	4	7	2	3	SzSz nb	UHF	-0.05248776663794902	0.1527204179871674	2.9096383361213447	0.1328256643556944	0.876640682510669	-0.03646035107959044
8.0	4	8	2	4	n	chi8	0.8785530936173584	-0.006679437922388232	0.007602770932017647	2.7577701284845157	0.8785530936173584	-0.04004012226555666
8.0	4	8	2	4	n	chi32	0.8785530936173584	-0.0066828543563208775	0.00760665963715962	3.0090779285087046	0.8785530936173584	-0.04004012226555666
8.0	4	8	2	4	n	exact	0.8785530936173584	0.0	0.0	3.0392112268355804	0.8785530936173584	-0.04004012226555666
8.0	4	8	2	4	n	UHF	0.8785530936173584	-0.12115961245768259	0.13790812796392243	0.03436292535917833	0.8785530936173584	-0.04004012226555666
8.0	4	8	2	4	Sz	chi8	-0.04004012226555666	0.024784272959392353	0.6189859460222552	1.963335066572626	0.8785530936173584	-0.04004012226555666
8.0	4	8	2	4	Sz	chi32	-0.04004012226555666	-0.00013400515097018034	0.003346771772609055	2.224679498727744	0.8785530936173584	-0.04004012226555666
8.0	4	8	2	4	Sz	exact	-0.04004012226555666	0.0	0.0	2.2138667101815286	0.8785530936173584	-0.04004012226555666
8.0	4	8	2	4	Sz	UHF	-0.04004012226555666	-0.48668482200061763	12.154928468319738	0.038984121562669935	0.8785530936173584	-0.04004012226555666
8.0	4	8	2	4	DoubleOcc	chi8	0.043436110993973626	0.02924335886477844	0.6732499341120962	16.288786714898432	0.8785530936173584	-0.04004012226555666
8.0	4	8	2	4	DoubleOcc	chi32	0.043436110993973626	0.009158233587989534	0.2108437744175614	34.0936798038736	0.8785530936173584	-0.04004012226555666
8.0	4	8	2	4	DoubleOcc	exact	0.043436110993973626	0.0	0.0	40.42225056843287	0.8785530936173584	-0.04004012226555666
8.0	4	8	2	4	DoubleOcc	UHF	0.043436110993973626	-0.006928774876573979	0.15951646494169988	0.7546060312695414	0.8785530936173584	-0.04004012226555666
8.0	4	8	2	4	ZZ onsite	chi8	-0.5833617432588221	0.13033231130388978	0.22341593841210255	14.92443648129228	0.8785530936173584	-0.04004012226555666
8.0	4	8	2	4	ZZ onsite	chi32	-0.5833617432588221	0.04999864306460089	0.08570778533623831	34.35898919976118	0.8785530936173584	-0.04004012226555666
8.0	4	8	2	4	ZZ onsite	exact	-0.5833617432588221	0.0	0.0	41.98103212021448	0.8785530936173584	-0.04004012226555666
8.0	4	8	2	4	ZZ onsite	UHF	-0.5833617432588221	0.2146041254090698	0.36787486990530277	6.862191408547185	0.8785530936173584	-0.04004012226555666
8.0	4	8	2	4	ZZ up-up nb	chi8	0.06960492589144486	0.014179108123848129	0.20370840055144548	1.4337403386659116	0.8785530936173584	-0.04004012226555666
8.0	4	8	2	4	ZZ up-up nb	chi32	0.06960492589144486	-0.004409015084572518	0.06334343479438184	1.4542044448673799	0.8785530936173584	-0.04004012226555666
8.0	4	8	2	4	ZZ up-up nb	exact	0.06960492589144486	0.0	0.0	1.4580977381773614	0.8785530936173584	-0.04004012226555666
8.0	4	8	2	4	ZZ up-up nb	UHF	0.06960492589144486	-0.7213528277279053	10.36353129450809	0.028220384437692748	0.8785530936173584	-0.04004012226555666
8.0	4	8	2	4	SzSz nb	chi8	0.0090663653159235	0.005364380630412139	0.5916792941257875	1.1256039352297078	0.8785530936173584	-0.04004012226555666
8.0	4	8	2	4	SzSz nb	chi32	0.0090663653159235	-0.001598965206443809	0.17636231838524127	1.1827423148881122	0.8785530936173584	-0.04004012226555666
8.0	4	8	2	4	SzSz nb	exact	0.0090663653159235	0.0	0.0	1.1858576692274276	0.8785530936173584	-0.04004012226555666
8.0	4	8	2	4	SzSz nb	UHF	0.0090663653159235	-0.18969345647451533	20.922767819795617	0.01955261316754597	0.8785530936173584	-0.04004012226555666
8.0	4	9	3	1	n	chi8	0.840011717625071	0.06637047486528003	0.0790113679043983	3.1657441319618127	0.840011717625071	-0.06505757994820102
8.0	4	9	3	1	n	chi32	0.840011717625071	0.01211346211870945	0.014420587075805706	5.399318658837743	0.840011717625071	-0.06505757994820102
8.0	4	9	3	1	n	exact	0.840011717625071	0.0	0.0	5.750240729456881	0.840011717625071	-0.06505757994820102
8.0	4	9	3	1	n	UHF	0.840011717625071	-0.1568090788619836	0.18667487080456824	0.05545958115400228	0.840011717625071	-0.06505757994820102
8.0	4	9	3	1	Sz	chi8	-0.06505757994820102	0.027484530019634842	0.42246468499932033	3.0220478008545	0.840011717625071	-0.06505757994820102
8.0	4	9	3	1	Sz	chi32	-0.06505757994820102	0.01076506780143334	0.1654698470186642	4.015694382040568	0.840011717625071	-0.06505757994820102
8.0	4	9	3	1	Sz	exact	-0.06505757994820102	0.0	0.0	4.007529199249681	0.840011717625071	-0.06505757994820102
8.0	4	9	3	1	Sz	UHF	-0.06505757994820102	-0.5106152954502062	7.848667224584117	0.0560322261309148	0.840011717625071	-0.06505757994820102
8.0	4	9	3	1	DoubleOcc	chi8	0.038884284545187164	0.015560024239360135	0.40016228719028984	27.430637093610674	0.840011717625071	-0.06505757994820102
8.0	4	9	3	1	DoubleOcc	chi32	0.038884284545187164	0.011352663199098084	0.29196019245012034	39.70294345763766	0.840011717625071	-0.06505757994820102
8.0	4	9	3	1	DoubleOcc	exact	0.038884284545187164	0.0	0.0	40.98152162595112	0.840011717625071	-0.06505757994820102
8.0	4	9	3	1	DoubleOcc	UHF	0.038884284545187164	-0.01100696268871848	0.2830696981431499	0.785809697183545	0.840011717625071	-0.06505757994820102
8.0	4	9	3	1	ZZ onsite	chi8	-0.5244862970693921	-0.07050085277311974	0.13441886502478467	20.36526089578434	0.840011717625071	-0.06505757994820102
8.0	4	9	3	1	ZZ onsite	chi32	-0.5244862970693921	0.021183728558975656	0.04038947952947748	34.50669188016292	0.840011717625071	-0.06505757994820102
8.0	4	9	3	1	ZZ onsite	exact	-0.5244862970693921	0.0	0.0	35.09089945862212	0.840011717625071	-0.06505757994820102
8.0	4	9	3	1	ZZ onsite	UHF	-0.5244862970693921	0.26959030696909414	0.5140082943547828	3.7770406858585375	0.840011717625071	-0.06505757994820102
8.0	4	9	3	1	ZZ up-up nb	chi8	-0.07139081438670546	-0.15033923660473944	2.105862468389714	0.4614911401771918	0.840011717625071	-0.06505757994820102
8.0	4	9	3	1	ZZ up-up nb	chi32	-0.07139081438670546	-0.02427370291311478	0.34001157041899605	1.392524625592438	0.840011717625071	-0.06505757994820102
8.0	4	9	3	1	ZZ up-up nb	exact	-0.07139081438670546	0.0	0.0	1.4412570198822696	0.840011717625071	-0.06505757994820102
8.0	4	9	3	1	ZZ up-up nb	UHF	-0.07139081438670546	0.7688599782274776	10.769732560589144	0.023539352829976132	0.840011717625071	-0.06505757994820102
8.0	4	9	3	1	SzSz nb	chi8	-0.04182089596693424	-0.016512497450116594	0.39483844303986765	2.170045018373842	0.840011717625071	-0.06505757994820102
8.0	4	9	3	1	SzSz nb	chi32	-0.04182089596693424	0.0007896253647543677	0.01888112022704359	4.012462654474036	0.840011717625071	-0.06505757994820102
8.0	4	9	3	1	SzSz nb	exact	-0.04182089596693424	0.0	0.0	4.113657192088057	0.840011717625071	-0.06505757994820102
8.0	4	9	3	1	SzSz nb	UHF	-0.04182089596693424	0.1624725554483905	3.8849611346645876	0.08644279618958244	0.840011717625071	-0.06505757994820102
8.0	4	10	3	2	n	chi8	0.8400569104085508	0.059086607113395306	0.07033643361693115	1.9677059398419408	0.8400569104085508	-0.06953873522278803
8.0	4	10	3	2	n	chi32	0.8400569104085508	0.01576706831198582	0.01876904780691312	4.238429710744469	0.8400569104085508	-0.06953873522278803
8.0	4	10	3	2	n	exact	0.8400569104085508	0.0	0.0	4.617421186361501	0.8400569104085508	-0.06953873522278803
8.0	4	10	3	2	n	UHF	0.8400569104085508	-0.15676388607848823	0.1866110309148557	0.07608735892135124	0.8400569104085508	-0.06953873522278803
8.0	4	10	3	2	Sz	chi8	-0.06953873522278803	0.052057641897466936	0.7486135853734582	2.1870136055831786	0.8400569104085508	-0.06953873522278803
8.0	4	10	3	2	Sz	chi32	-0.06953873522278803	0.01194937171279506	0.171837633723301	3.5409830703425267	0.8400569104085508	-0.06953873522278803
8.0	4	10	3	2	Sz	exact	-0.06953873522278803	0.0	0.0	3.612389669300023	0.8400569104085508	-0.06953873522278803
8.0	4	10	3	2	Sz	UHF	-0.06953873522278803	0.3760189802792105	5.407331310736697	0.10701010637438087	0.8400569104085508	-0.06953873522278803
8.0	4	10	3	2	DoubleOcc	chi8	0.03887812284465397	0.0034577280153489237	0.08893762770298944	16.921347789367356	0.8400569104085508	-0.06953873522278803
8.0	4	10	3	2	DoubleOcc	chi32	0.03887812284465397	0.008542040703054171	0.21971330090153168	34.510991119052164	0.8400569104085508	-0.06953873522278803
8.0	4	10	3	2	DoubleOcc	exact	0.03887812284465397	0.0	0.0	35.794739952183775	0.8400569104085508	-0.06953873522278803
8.0	4	10	3	2	DoubleOcc	UHF	0.03887812284465397	-0.011013124389249868	0.2832730487851795	1.0580861810076025	0.8400569104085508	-0.06953873522278803
8.0	4	10	3	2	ZZ onsite	chi8	-0.5246013294384845	-0.10434230216539603	0.198898280103637	15.928996170640458	0.8400569104085508	-0.06953873522278803
8.0	4	10	3	2	ZZ onsite	chi32	-0.5246013294384845	0.002634026188248373	0.005021005553050629	36.38200542238367	0.8400569104085508	-0.06953873522278803
8.0	4	10	3	2	ZZ onsite	exact	-0.5246013294384845	0.0	0.0	36.54361675032506	0.8400569104085508	-0.06953873522278803
8.0	4	10	3	2	ZZ onsite	UHF	-0.5246013294384845	0.2694752745999781	0.5136763089952809	3.3449418732832434	0.8400569104085508	-0.06953873522278803
8.0	4	10	3	2	ZZ up-up nb	chi8	-0.07222458378039366	-0.1800094684688392	2.4923572978444106	0.3628438946632868	0.8400569104085508	-0.06953873522278803
8.0	4	10	3	2	ZZ up-up nb	chi32	-0.07222458378039366	-0.02283179486690723	0.3161222075897269	1.384761626683773	0.8400569104085508	-0.06953873522278803
8.0	4	10	3	2	ZZ up-up nb	exact	-0.07222458378039366	0.0	0.0	1.4172066697798624	0.8400569104085508	-0.06953873522278803
8.0	4	10	3	2	ZZ up-up nb	UHF	-0.07222458378039366	0.768026208833789	10.63386133409993	0.024172833152707053	0.8400569104085508	-0.06953873522278803
8.0	4	10	3	2	SzSz nb	chi8	-0.041767648996134846	-0.020239795457887653	0.4845806729452412	1.9557610971039212	0.8400569104085508	-0.06953873522278803
8.0	4	10	3	2	SzSz nb	chi32	-0.041767648996134846	0.000991086999263903	0.023728579967611237	3.8839259519393923	0.8400569104085508	-0.06953873522278803
8.0	4	10	3	2	SzSz nb	exact	-0.041767648996134846	0.0	0.0	3.9482677448039	0.8400569104085508	-0.06953873522278803
8.0	4	10	3	2	SzSz nb	UHF	-0.041767648996134846	0.1625258024191898	3.8911886669568077	0.0816074682894984	0.8400569104085508	-0.06953873522278803
8.0	4	11	3	3	n	chi8	0.8403540227574147	0.05332242333674131	0.06345233305574824	2.4276148521542495	0.8403540227574147	-0.06370231598409906
8.0	4	11	3	3	n	chi32	0.8403540227574147	0.013336962219637205	0.015870647201610636	4.2522966772891015	0.8403540227574147	-0.06370231598409906
8.0	4	11	3	3	n	exact	0.8403540227574147	0.0	0.0	4.501745005752601	0.8403540227574147	-0.06370231598409906
8.0	4	11	3	3	n	UHF	0.8403540227574147	-0.15646677372963946	0.18619149726472695	0.04626989625850842	0.8403540227574147	-0.06370231598409906
8.0	4	11	3	3	Sz	chi8	-0.06370231598409906	0.04127181340588963	0.6478856030319466	2.5208170146010342	0.8403540227574147	-0.06370231598409906
8.0	4	11	3	3	Sz	chi32	-0.06370231598409906	0.010730456364598379	0.16844687981637657	3.933594262586748	0.8403540227574147	-0.06370231598409906
8.0	4	11	3	3	Sz	exact	-0.06370231598409906	0.0	0.0	4.051055240016674	0.8403540227574147	-0.06370231598409906
8.0	4	11	3	3	Sz	UHF	-0.06370231598409906	-0.5092600314861041	7.994372317848257	0.054839177312724134	0.8403540227574147	-0.06370231598409906
8.0	4	11	3	3	DoubleOcc	chi8	0.0389823342415688	0.011568692866819219	0.29676757669588055	23.156738132744785	0.8403540227574147	-0.06370231598409906
8.0	4	11	3	3	DoubleOcc	chi32	0.0389823342415688	0.007484811985740025	0.19200522830053102	33.691678204654025	0.8403540227574147	-0.06370231598409906
8.0	4	11	3	3	DoubleOcc	exact	0.0389823342415688	0.0	0.0	35.92516030632652	0.8403540227574147	-0.06370231598409906
8.0	4	11	3	3	DoubleOcc	UHF	0.0389823342415688	-0.010908912992336817	0.27984247748571456	0.5528217246951121	0.8403540227574147	-0.06370231598409906
8.0	4	11	3	3	ZZ onsite	chi8	-0.5247787085485531	-0.0603700752062063	0.1150391092908084	24.242119739636426	0.8403540227574147	-0.06370231598409906
8.0	4	11	3	3	ZZ onsite	chi32	-0.5247787085485531	0.0032653235036890216	0.006222286557166811	30.935422823143686	0.8403540227574147	-0.06370231598409906
8.0	4	11	3	3	ZZ onsite	exact	-0.5247787085485531	0.0	0.0	31.18661207495941	0.8403540227574147	-0.06370231598409906
8.0	4	11	3	3	ZZ onsite	UHF	-0.5247787085485531	0.26929789548993277	0.5131646751347135	3.178620521697889	0.8403540227574147	-0.06370231598409906
8.0	4	11	3	3	ZZ up-up nb	chi8	-0.07911660544467869	-0.1667427951410692	2.1075574995145874	0.40255435136704387	0.8403540227574147	-0.06370231598409906
8.0	4	11	3	3	ZZ up-up nb	chi32	-0.07911660544467869	-0.026395365229794805	0.33362610897470113	1.6934829842660015	0.8403540227574147	-0.06370231598409906
8.0	4	11	3	3	ZZ up-up nb	exact	-0.07911660544467869	0.0	0.0	1.9159945175368567	0.8403540227574147	-0.06370231598409906
8.0	4	11	3	3	ZZ up-up nb	UHF	-0.07911660544467869	0.7611341871695039	9.620410062988832	0.026519338118604876	0.8403540227574147	-0.06370231598409906
8.0	4	11	3	3	SzSz nb	chi8	-0.042826514513520146	-0.01769700979991873	0.4132255449911027	2.3573262360231495	0.8403540227574147	-0.06370231598409906
8.0	4	11	3	3	SzSz nb	chi32	-0.042826514513520146	0.0008673172869472293	0.02025187659559409	4.6374070959695235	0.8403540227574147	-0.06370231598409906
8.0	4	11	3	3	SzSz nb	exact	-0.042826514513520146	0.0	0.0	4.805301533246735	0.8403540227574147	-0.06370231598409906
8.0	4	11	3	3	SzSz nb	UHF	-0.042826514513520146	0.1614669369018027	3.7702563175162966	0.10047341164384005	0.8403540227574147	-0.06370231598409906
8.0	4	12	3	4	n	chi8	0.8418977342536528	0.025615021658269232	0.030425336256519442	2.181449118606895	0.8418977342536528	-0.06713841655786112
8.0	4	12	3	4	n	chi32	0.8418977342536528	0.014259717508707803	0.016937588650656157	4.106887442899736	0.8418977342536528	-0.06713841655786112
8.0	4	12	3	4	n	exact	0.8418977342536528	0.0	0.0	4.29013743315264	0.8418977342536528	-0.06713841655786112
8.0	4	12	3	4	n	UHF	0.8418977342536528	-0.1549230622333787	0.18401648553041766	0.08429121399709169	0.8418977342536528	-0.06713841655786112
8.0	4	12	3	4	Sz	chi8	-0.06713841655786112	0.054077763530077066	0.8054667700342896	2.1540268153829585	0.8418977342536528	-0.06713841655786112
8.0	4	12	3	4	Sz	chi32	-0.06713841655786112	0.0076440127233175365	0.11385452793230215	3.666641944887541	0.8418977342536528	-0.06713841655786112
8.0	4	12	3	4	Sz	exact	-0.06713841655786112	0.0	0.0	3.721529799372632	0.8418977342536528	-0.06713841655786112
8.0	4	12	3	4	Sz	UHF	-0.06713841655786112	0.3784192989441335	5.636404883305593	0.09165168891956241	0.8418977342536528	-0.06713841655786112
8.0	4	12	3	4	DoubleOcc	chi8	0.038934212783130945	0.018469451287619593	0.4743758758009836	24.99426657041431	0.8418977342536528	-0.06713841655786112
8.0	4	12	3	4	DoubleOcc	chi32	0.038934212783130945	0.01239060811286724	0.318244732001766	37.79390569843064	0.8418977342536528	-0.06713841655786112
8.0	4	12	3	4	DoubleOcc	exact	0.038934212783130945	0.0	0.0	41.32108443836208	0.8418977342536528	-0.06713841655786112
8.0	4	12	3	4	DoubleOcc	UHF	0.038934212783130945	-0.010957034450772646	0.28142432240263526	1.276770827648439	0.8418977342536528	-0.06713841655786112
8.0	4	12	3	4	ZZ onsite	chi8	-0.5280586173747813	0.02264776183393835	0.04288872691166492	40.87640304541809	0.8418977342536528	-0.06713841655786112
8.0	4	12	3	4	ZZ onsite	chi32	-0.5280586173747813	0.021042997434055466	0.039849737778487056	41.13997029047895	0.8418977342536528	-0.06713841655786112
8.0	4	12	3	4	ZZ onsite	exact	-0.5280586173747813	0.0	0.0	41.8860448612377	0.8418977342536528	-0.06713841655786112
8.0	4	12	3	4	ZZ onsite	UHF	-0.5280586173747813	0.26601798666366727	0.5037660174663245	3.9813221767496967	0.8418977342536528	-0.06713841655786112
8.0	4	12	3	4	ZZ up-up nb	chi8	0.08669024911186743	-0.006556716696743667	0.07563384306674102	1.9667462339744253	0.8418977342536528	-0.06713841655786112
8.0	4	12	3	4	ZZ up-up nb	chi32	0.08669024911186743	0.0011965064901055256	0.01380208849742168	1.942340172557926	0.8418977342536528	-0.06713841655786112
8.0	4	12	3	4	ZZ up-up nb	exact	0.08669024911186743	0.0	0.0	1.9476138099772837	0.8418977342536528	-0.06713841655786112
8.0	4	12	3	4	ZZ up-up nb	UHF	0.08669024911186743	-0.7104028495790666	8.194726129605922	0.0384864149634327	0.8418977342536528	-0.06713841655786112
8.0	4	12	3	4	SzSz nb	chi8	0.009265614355884723	0.003775024123478245	0.4074229704024616	1.1186552505919856	0.8418977342536528	-0.06713841655786112
8.0	4	12	3	4	SzSz nb	chi32	0.009265614355884723	-0.0004498719968101597	0.048552851384802094	1.2149796343990809	0.8418977342536528	-0.06713841655786112
8.0	4	12	3	4	SzSz nb	exact	0.009265614355884723	0.0	0.0	1.2176615320872972	0.8418977342536528	-0.06713841655786112
8.0	4	12	3	4	SzSz nb	UHF	0.009265614355884723	-0.18191711890083942	19.633573329684424	0.020346857958564966	0.8418977342536528	-0.06713841655786112
8.0	4	13	4	1	n	chi8	0.8433592699715008	0.03775769977903254	0.04477059910696003	2.5396663172107106	0.8433592699715008	-0.03920346114145251
8.0	4	13	4	1	n	chi32	0.8433592699715008	0.0046116516680790864	0.005468193487972126	3.2957387838878995	0.8433592699715008	-0.03920346114145251
8.0	4	13	4	1	n	exact	0.8433592699715008	0.0	0.0	3.4536156437373533	0.8433592699715008	-0.03920346114145251
8.0	4	13	4	1	n	UHF	0.8433592699715008	-0.12220919665117591	0.14490763426991876	0.07575059450562449	0.8433592699715008	-0.03920346114145251
8.0	4	13	4	1	Sz	chi8	-0.03920346114145251	-0.024322371609024833	0.6204138844084641	2.2088877449108484	0.8433592699715008	-0.03920346114145251
8.0	4	13	4	1	Sz	chi32	-0.03920346114145251	-0.009109515803085003	0.23236509067952898	2.5542299949896434	0.8433592699715008	-0.03920346114145251
8.0	4	13	4	1	Sz	exact	-0.03920346114145251	0.0	0.0	2.5827421943584707	0.8433592699715008	-0.03920346114145251
8.0	4	13	4	1	Sz	UHF	-0.03920346114145251	0.39038663470685847	9.957963489455166	0.07422462805426014	0.8433592699715008	-0.03920346114145251
8.0	4	13	4	1	DoubleOcc	chi8	0.04057722484212978	-0.017572107064878023	0.4330534464405653	13.579978067323601	0.8433592699715008	-0.03920346114145251
8.0	4	13	4	1	DoubleOcc	chi32	0.04057722484212978	0.0076955156192987095	0.1896511072218214	31.18184774946659	0.8433592699715008	-0.03920346114145251
8.0	4	13	4	1	DoubleOcc	exact	0.04057722484212978	0.0	0.0	34.46579486905855	0.8433592699715008	-0.03920346114145251
8.0	4	13	4	1	DoubleOcc	UHF	0.04057722484212978	-0.007955740640925968	0.1960641880236676	1.0859845386240548	0.8433592699715008	-0.03920346114145251
8.0	4	13	4	1	ZZ onsite	chi8	-0.5244096405744822	-0.1458038278175794	0.2780342246527994	9.666551351784674	0.8433592699715008	-0.03920346114145251
8.0	4	13	4	1	ZZ onsite	chi32	-0.5244096405744822	0.02155875914103944	0.04111053167791151	28.146949780676326	0.8433592699715008	-0.03920346114145251
8.0	4	13	4	1	ZZ onsite	exact	-0.5244096405744822	0.0	0.0	30.321385652278206	0.8433592699715008	-0.03920346114145251
8.0	4	13	4	1	ZZ onsite	UHF	-0.5244096405744822	0.21259543073864817	0.405399547013959	4.9003179329873126	0.8433592699715008	-0.03920346114145251
8.0	4	13	4	1	ZZ up-up nb	chi8	-0.16169576914396233	0.12531760202198178	0.7750209092385587	1.7599254644003914	0.8433592699715008	-0.03920346114145251
8.0	4	13	4	1	ZZ up-up nb	chi32	-0.16169576914396233	0.024754841009898443	0.15309516842001292	3.8845201766056707	0.8433592699715008	-0.03920346114145251
8.0	4	13	4	1	ZZ up-up nb	exact	-0.16169576914396233	0.0	0.0	3.8853007000009487	0.8433592699715008	-0.03920346114145251
8.0	4	13	4	1	ZZ up-up nb	UHF	-0.16169576914396233	0.6233872613123462	3.8553096634045314	0.10576279727348618	0.8433592699715008	-0.03920346114145251
8.0	4	13	4	1	SzSz nb	chi8	-0.05229707269406028	0.012832334775970039	0.24537386348638765	3.60782906340647	0.8433592699715008	-0.03920346114145251
8.0	4	13	4	1	SzSz nb	chi32	-0.05229707269406028	0.004184989548850798	0.08002339965246495	5.625017334132235	0.8433592699715008	-0.03920346114145251
8.0	4	13	4	1	SzSz nb	exact	-0.05229707269406028	0.0	0.0	5.724288068259166	0.8433592699715008	-0.03920346114145251
8.0	4	13	4	1	SzSz nb	UHF	-0.05229707269406028	0.13826032264979846	2.643748789891668	0.1655768344794682	0.8433592699715008	-0.03920346114145251
8.0	4	14	4	2	n	chi8	0.8437883965620374	0.03959265938837042	0.046922498045349065	2.158947919699133	0.8437883965620374	-0.026808782373655908
8.0	4	14	4	2	n	chi32	0.8437883965620374	0.007319427986164362	0.008674482863223658	3.3888745121973987	0.8437883965620374	-0.026808782373655908
8.0	4	14	4	2	n	exact	0.8437883965620374	0.0	0.0	3.5839153136814357	0.8437883965620374	-0.026808782373655908
8.0	4	14	4	2	n	UHF	0.8437883965620374	-0.12178007006061631	0.144325367066911	0.04462047556961324	0.8437883965620374	-0.026808782373655908
8.0	4	14	4	2	Sz	chi8	-0.026808782373655908	-0.030532151585107428	1.1388861739244953	2.004466291947028	0.8437883965620374	-0.026808782373655908
8.0	4	14	4	2	Sz	chi32	-0.026808782373655908	-0.006972567047095743	0.26008518215834564	2.5616617320356587	0.8437883965620374	-0.026808782373655908
8.0	4	14	4	2	Sz	exact	-0.026808782373655908	0.0	0.0	2.5768464213149613	0.8437883965620374	-0.026808782373655908
8.0	4	14	4	2	Sz	UHF	-0.026808782373655908	-0.4563988782219242	17.024230040018978	0.04759870831025389	0.8437883965620374	-0.026808782373655908
8.0	4	14	4	2	DoubleOcc	chi8	0.04096241383765434	0.007565540942311641	0.18469470506049826	28.249964229537152	0.8437883965620374	-0.026808782373655908
8.0	4	14	4	2	DoubleOcc	chi32	0.04096241383765434	0.004438067649547711	0.10834487604019216	34.44323234538969	0.8437883965620374	-0.026808782373655908
8.0	4	14	4	2	DoubleOcc	exact	0.04096241383765434	0.0	0.0	35.91943357304765	0.8437883965620374	-0.026808782373655908
8.0	4	14	4	2	DoubleOcc	UHF	0.04096241383765434	-0.007570551645426998	0.18481702947075437	0.7693126947960273	0.8437883965620374	-0.026808782373655908
8.0	4	14	4	2	ZZ onsite	chi8	-0.5237271377734575	-0.0489231550074975	0.09341344276236381	24.349554961058853	0.8437883965620374	-0.026808782373655908
8.0	4	14	4	2	ZZ onsite	chi32	-0.5237271377734575	0.0031134146258640083	0.005944726559521423	29.723362474553614	0.8437883965620374	-0.026808782373655908
8.0	4	14	4	2	ZZ onsite	exact	-0.5237271377734575	0.0	0.0	29.810562760999975	0.8437883965620374	-0.026808782373655908
8.0	4	14	4	2	ZZ onsite	UHF	-0.5237271377734575	0.21327793353952462	0.4072310143145184	5.000573559931307	0.8437883965620374	-0.026808782373655908
8.0	4	14	4	2	ZZ up-up nb	chi8	-0.15925141519879732	-0.040600922208185716	0.25494858025281986	3.079239657821844	0.8437883965620374	-0.026808782373655908
8.0	4	14	4	2	ZZ up-up nb	chi32	-0.15925141519879732	0.023909241529355002	0.15013519031845668	3.4044683625424663	0.8437883965620374	-0.026808782373655908
8.0	4	14	4	2	ZZ up-up nb	exact	-0.15925141519879732	0.0	0.0	3.6020891816328433	0.8437883965620374	-0.026808782373655908
8.0	4	14	4	2	ZZ up-up nb	UHF	-0.15925141519879732	0.6258316152575114	3.929833932566759	0.08760430069798886	0.8437883965620374	-0.026808782373655908
8.0	4	14	4	2	SzSz nb	chi8	-0.05189732349608548	-0.016397383042466712	0.3159581638868821	4.050434588046499	0.8437883965620374	-0.026808782373655908
8.0	4	14	4	2	SzSz nb	chi32	-0.05189732349608548	0.005430883612189498	0.10464669941214097	6.695667663058114	0.8437883965620374	-0.026808782373655908
8.0	4	14	4	2	SzSz nb	exact	-0.05189732349608548	0.0	0.0	7.164640189586026	0.8437883965620374	-0.026808782373655908
8.0	4	14	4	2	SzSz nb	UHF	-0.05189732349608548	0.13866007184777335	2.671815471528743	0.1598091554405503	0.8437883965620374	-0.026808782373655908
8.0	4	15	4	3	n	chi8	0.8429359352162461	0.03525780161931669	0.04182737993044712	3.5304977375249025	0.8429359352162461	-0.039952761611995555
8.0	4	15	4	3	n	chi32	0.8429359352162461	0.0045143806809123666	0.0053555442262100865	3.9216364630062586	0.8429359352162461	-0.039952761611995555
8.0	4	15	4	3	n	exact	0.8429359352162461	0.0	0.0	4.012117269374033	0.8429359352162461	-0.039952761611995555
8.0	4	15	4	3	n	UHF	0.8429359352162461	-0.12263253140643071	0.14548262362900766	0.06996720321078306	0.8429359352162461	-0.039952761611995555
8.0	4	15	4	3	Sz	chi8	-0.039952761611995555	0.005351350964506979	0.13394195416269475	2.4480792804137637	0.8429359352162461	-0.039952761611995555
8.0	4	15	4	3	Sz	chi32	-0.039952761611995555	-0.004480552174735558	0.11214624456373753	2.6090932231291077	0.8429359352162461	-0.039952761611995555
8.0	4	15	4	3	Sz	exact	-0.039952761611995555	0.0	0.0	2.627599702312703	0.8429359352162461	-0.039952761611995555
8.0	4	15	4	3	Sz	UHF	-0.039952761611995555	0.3896373342363155	9.752450607052142	0.07081759202131754	0.8429359352162461	-0.039952761611995555
8.0	4	15	4	3	DoubleOcc	chi8	0.040632001386209676	-0.020017606635995458	0.49265618116437027	14.039896258916489	0.8429359352162461	-0.039952761611995555
8.0	4	15	4	3	DoubleOcc	chi32	0.040632001386209676	0.005249104347676531	0.12918645817574848	39.71381656274907	0.8429359352162461	-0.039952761611995555
8.0	4	15	4	3	DoubleOcc	exact	0.040632001386209676	0.0	0.0	40.24554631624319	0.8429359352162461	-0.039952761611995555
8.0	4	15	4	3	DoubleOcc	UHF	0.040632001386209676	-0.007900964096846042	0.19445175790744076	1.2057560434266938	0.8429359352162461	-0.039952761611995555
8.0	4	15	4	3	ZZ onsite	chi8	-0.5233438648876542	-0.15058602978261842	0.28773821551332146	9.11946380482045	0.8429359352162461	-0.039952761611995555
8.0	4	15	4	3	ZZ onsite	chi32	-0.5233438648876542	0.011967656028883167	0.022867672350476976	35.93931815002822	0.8429359352162461	-0.039952761611995555
8.0	4	15	4	3	ZZ onsite	exact	-0.5233438648876542	0.0	0.0	36.35980179559702	0.8429359352162461	-0.039952761611995555
8.0	4	15	4	3	ZZ onsite	UHF	-0.5233438648876542	0.21366120642547648	0.4082616053430625	5.4052432808842585	0.8429359352162461	-0.039952761611995555
8.0	4	15	4	3	ZZ up-up nb	chi8	-0.16011413648792946	-0.032798962847413904	0.20484738928649515	3.2248354393685132	0.8429359352162461	-0.039952761611995555
8.0	4	15	4	3	ZZ up-up nb	chi32	-0.16011413648792946	0.012489379990459376	0.0780029812758033	3.342853149250244	0.8429359352162461	-0.039952761611995555
8.0	4	15	4	3	ZZ up-up nb	exact	-0.16011413648792946	0.0	0.0	3.4497289579879022	0.8429359352162461	-0.039952761611995555
8.0	4	15	4	3	ZZ up-up nb	UHF	-0.16011413648792946	0.6249688939683691	3.903271176905005	0.08173306364583492	0.8429359352162461	-0.039952761611995555
8.0	4	15	4	3	SzSz nb	chi8	-0.05216278932434862	0.0019019660898443036	0.03646212394850789	5.933390042513424	0.8429359352162461	-0.039952761611995555
8.0	4	15	4	3	SzSz nb	chi32	-0.05216278932434862	0.0028620752653888	0.05486814072752886	6.259717168452138	0.8429359352162461	-0.039952761611995555
8.0	4	15	4	3	SzSz nb	exact	-0.05216278932434862	0.0	0.0	6.404246333530862	0.8429359352162461	-0.039952761611995555
8.0	4	15	4	3	SzSz nb	UHF	-0.05216278932434862	0.13839460601950906	2.6531289413794643	0.15468635160426192	0.8429359352162461	-0.039952761611995555
8.0	4	16	4	4	n	chi8	0.8436240044866152	0.036789735704745974	0.043609161793747506	2.8635835654527146	0.8436240044866152	-0.02720575413574558
8.0	4	16	4	4	n	chi32	0.8436240044866152	0.005367688742513921	0.006362655299004218	3.108195811481926	0.8436240044866152	-0.02720575413574558
8.0	4	16	4	4	n	exact	0.8436240044866152	0.0	0.0	3.0842133157534444	0.8436240044866152	-0.02720575413574558
8.0	4	16	4	4	n	UHF	0.8436240044866152	-0.12194446213603194	0.14454835505805796	0.05061365612934281	0.8436240044866152	-0.02720575413574558
8.0	4	16	4	4	Sz	chi8	-0.02720575413574558	-0.015081157783489799	0.5543370607644615	2.0744802803253615	0.8436240044866152	-0.02720575413574558
8.0	4	16	4	4	Sz	chi32	-0.02720575413574558	-0.006347736098016584	0.23332329132814986	2.2594533622984314	0.8436240044866152	-0.02720575413574558
8.0	4	16	4	4	Sz	exact	-0.02720575413574558	0.0	0.0	2.289826047811655	0.8436240044866152	-0.02720575413574558
8.0	4	16	4	4	Sz	UHF	-0.02720575413574558	-0.45679584998401157	16.79041307602749	0.058764944134342224	0.8436240044866152	-0.02720575413574558
8.0	4	16	4	4	DoubleOcc	chi8	0.040853107183754095	0.0184865314467548	0.45251224989090355	30.73507759087337	0.8436240044866152	-0.02720575413574558
8.0	4	16	4	4	DoubleOcc	chi32	0.040853107183754095	0.010871935081149142	0.26612259949403666	28.840263755823855	0.8436240044866152	-0.02720575413574558
8.0	4	16	4	4	DoubleOcc	exact	0.040853107183754095	0.0	0.0	32.58420987589907	0.8436240044866152	-0.02720575413574558
8.0	4	16	4	4	DoubleOcc	UHF	0.040853107183754095	-0.007679858299326103	0.18798712824419203	0.9275890820683164	0.8436240044866152	-0.02720575413574558
8.0	4	16	4	4	ZZ onsite	chi8	-0.5238355802382149	0.00036665437752303465	0.0006999417209428541	34.406719689108364	0.8436240044866152	-0.02720575413574558
8.0	4	16	4	4	ZZ onsite	chi32	-0.5238355802382149	0.03275236283957028	0.06252412794235189	28.836333599990024	0.8436240044866152	-0.02720575413574558
8.0	4	16	4	4	ZZ onsite	exact	-0.5238355802382149	0.0	0.0	34.43024630084357	0.8436240044866152	-0.02720575413574558
8.0	4	16	4	4	ZZ onsite	UHF	-0.5238355802382149	0.21316949107475902	0.40693969466109947	4.861939749846172	0.8436240044866152	-0.02720575413574558
8.0	4	16	4	4	ZZ up-up nb	chi8	0.07560215944959442	0.03887542625906825	0.5142105270814035	1.3390415991025328	0.8436240044866152	-0.02720575413574558
8.0	4	16	4	4	ZZ up-up nb	chi32	0.07560215944959442	0.002569973285679164	0.03399338463860441	1.5943944133368038	0.8436240044866152	-0.02720575413574558
8.0	4	16	4	4	ZZ up-up nb	exact	0.07560215944959442	0.0	0.0	1.6034501388937081	0.8436240044866152	-0.02720575413574558
8.0	4	16	4	4	ZZ up-up nb	UHF	0.07560215944959442	-0.23231316302819666	3.0728376638908683	0.3341163023080948	0.8436240044866152	-0.02720575413574558
8.0	4	16	4	4	SzSz nb	chi8	0.010199823891711948	0.004322512786020595	0.42378308016993615	1.1557892997895054	0.8436240044866152	-0.02720575413574558
8.0	4	16	4	4	SzSz nb	chi32	0.010199823891711948	-0.0003409340240364163	0.033425481425561517	1.3050847341121163	0.8436240044866152	-0.02720575413574558
8.0	4	16	4	4	SzSz nb	exact	0.010199823891711948	0.0	0.0	1.3072237354719183	0.8436240044866152	-0.02720575413574558
8.0	4	16	4	4	SzSz nb	UHF	0.010199823891711948	-0.12294368166849928	12.053510234465852	0.04882082958828638	0.8436240044866152	-0.02720575413574558
8.0	4	17	5	1	n	chi8	0.8461440657679817	-0.004005839216294604	0.004734228340488098	1.8903700605678118	0.8461440657679817	-0.026627166563588208
8.0	4	17	5	1	n	chi32	0.8461440657679817	0.005013506577306259	0.005925121714061629	3.0162383964175703	0.8461440657679817	-0.026627166563588208
8.0	4	17	5	1	n	exact	0.8461440657679817	0.0	0.0	3.0933368201233318	0.8461440657679817	-0.026627166563588208
8.0	4	17	5	1	n	UHF	0.8461440657679817	0.09223272306220909	0.10900356900629722	0.07503027496016898	0.8461440657679817	-0.026627166563588208
8.0	4	17	5	1	Sz	chi8	-0.026627166563588208	-0.04342232206514647	1.6307526360887792	1.8629144441534657	0.8461440657679817	-0.026627166563588208
8.0	4	17	5	1	Sz	chi32	-0.026627166563588208	-0.00907167111975531	0.34069231880498047	2.547903153076651	0.8461440657679817	-0.026627166563588208
8.0	4	17	5	1	Sz	exact	-0.026627166563588208	0.0	0.0	2.582346436743359	0.8461440657679817	-0.026627166563588208
8.0	4	17	5	1	Sz	UHF	-0.026627166563588208	-0.33722774090679297	12.664800068060604	0.09563244681186012	0.8461440657679817	-0.026627166563588208
8.0	4	17	5	1	DoubleOcc	chi8	0.041097515629151926	0.003711411497296979	0.09030744171466032	26.13171657265718	0.8461440657679817	-0.026627166563588208
8.0	4	17	5	1	DoubleOcc	chi32	0.041097515629151926	0.007418339545475688	0.18050579048173893	34.04148561386054	0.8461440657679817	-0.026627166563588208
8.0	4	17	5	1	DoubleOcc	exact	0.041097515629151926	0.0	0.0	35.876286620271166	0.8461440657679817	-0.026627166563588208
8.0	4	17	5	1	DoubleOcc	UHF	0.041097515629151926	-0.004525345753624649	0.11011239205940372	1.2688869625402353	0.8461440657679817	-0.026627166563588208
8.0	4	17	5	1	ZZ onsite	chi8	-0.5278980690193558	0.022857324421774683	0.04329874603298957	32.34059115167726	0.8461440657679817	-0.026627166563588208
8.0	4	17	5	1	ZZ onsite	chi32	-0.5278980690193558	0.01964634502729301	0.037216171416934396	32.92073490678217	0.8461440657679817	-0.026627166563588208
8.0	4	17	5	1	ZZ onsite	exact	-0.5278980690193558	0.0	0.0	34.935391907631406	0.8461440657679817	-0.026627166563588208
8.0	4	17	5	1	ZZ onsite	UHF	-0.5278980690193558	-0.20256682913891677	0.38372337583127153	5.911426698933561	0.8461440657679817	-0.026627166563588208
8.0	4	17	5	1	ZZ up-up nb	chi8	-0.16468891881832376	0.049283670138669106	0.2992531039264171	3.5746253522553104	0.8461440657679817	-0.026627166563588208
8.0	4	17	5	1	ZZ up-up nb	chi32	-0.16468891881832376	0.02044744853057795	0.1241580106135405	4.152184393694112	0.8461440657679817	-0.026627166563588208
8.0	4	17	5	1	ZZ up-up nb	exact	-0.16468891881832376	0.0	0.0	4.185642637344911	0.8461440657679817	-0.026627166563588208
8.0	4	17	5	1	ZZ up-up nb	UHF	-0.16468891881832376	0.21109650805806696	1.2817893855441338	0.7789030948758292	0.8461440657679817	-0.026627166563588208
8.0	4	17	5	1	SzSz nb	chi8	-0.05277476692690084	0.0044689126877022825	0.08467896587572321	5.911718712025568	0.8461440657679817	-0.026627166563588208
8.0	4	17	5	1	SzSz nb	chi32	-0.05277476692690084	0.0031151817639312393	0.059027863983674746	6.672362861024155	0.8461440657679817	-0.026627166563588208
8.0	4	17	5	1	SzSz nb	exact	-0.05277476692690084	0.0	0.0	6.879119521011852	0.8461440657679817	-0.026627166563588208
8.0	4	17	5	1	SzSz nb	UHF	-0.05277476692690084	0.05000472322900031	0.947511967191871	0.679340711425826	0.8461440657679817	-0.026627166563588208
8.0	4	18	5	2	n	chi8	0.8453465420629833	-0.008894216029547986	0.010521384529287296	2.6032384413962117	0.8453465420629833	-0.03771638640892604
8.0	4	18	5	2	n	chi32	0.8453465420629833	0.0024262525172750182	0.0028701276891178766	3.3875690027858343	0.8453465420629833	-0.03771638640892604
8.0	4	18	5	2	n	exact	0.8453465420629833	0.0	0.0	3.392491906707279	0.8453465420629833	-0.03771638640892604
8.0	4	18	5	2	n	UHF	0.8453465420629833	0.09143519936105327	0.1081629779166244	0.14224703600050573	0.8453465420629833	-0.03771638640892604
8.0	4	18	5	2	Sz	chi8	-0.03771638640892604	-0.033842172706404196	0.8972803581839175	1.999267626938675	0.8453465420629833	-0.03771638640892604
8.0	4	18	5	2	Sz	chi32	-0.03771638640892604	-0.00486726272132567	0.12904902045901653	2.4387764113593224	0.8453465420629833	-0.03771638640892604
8.0	4	18	5	2	Sz	exact	-0.03771638640892604	0.0	0.0	2.439705711360304	0.8453465420629833	-0.03771638640892604
8.0	4	18	5	2	Sz	UHF	-0.03771638640892604	0.27288418793121455	7.235162588816652	0.13909229819194863	0.8453465420629833	-0.03771638640892604
8.0	4	18	5	2	DoubleOcc	chi8	0.04086583566818697	-0.0004917782758429301	0.012033970865932083	33.51638951897581	0.8453465420629833	-0.03771638640892604
8.0	4	18	5	2	DoubleOcc	chi32	0.04086583566818697	0.003974547348629481	0.09725843809731675	40.35952275465213	0.8453465420629833	-0.03771638640892604
8.0	4	18	5	2	DoubleOcc	exact	0.04086583566818697	0.0	0.0	42.3826860686369	0.8453465420629833	-0.03771638640892604
8.0	4	18	5	2	DoubleOcc	UHF	0.04086583566818697	-0.004757025715044591	0.1164059326638906	2.1531119071059086	0.8453465420629833	-0.03771638640892604
8.0	4	18	5	2	ZZ onsite	chi8	-0.5272297414532192	0.015821318955721364	0.030008396173009107	40.47188909656535	0.8453465420629833	-0.03771638640892604
8.0	4	18	5	2	ZZ onsite	chi32	-0.5272297414532192	0.011045684359969887	0.02095041969659059	41.73094849458326	0.8453465420629833	-0.03771638640892604
8.0	4	18	5	2	ZZ onsite	exact	-0.5272297414532192	0.0	0.0	43.72052528486102	0.8453465420629833	-0.03771638640892604
8.0	4	18	5	2	ZZ onsite	UHF	-0.5272297414532192	-0.20189850158228534	0.38294217057214264	6.2950822454806366	0.8453465420629833	-0.03771638640892604
8.0	4	18	5	2	ZZ up-up nb	chi8	-0.1649272284966051	0.029788301971247377	0.18061482171732818	3.412616218310689	0.8453465420629833	-0.03771638640892604
8.0	4	18	5	2	ZZ up-up nb	chi32	-0.1649272284966051	0.025177912611006853	0.15266073916669934	3.474905552846365	0.8453465420629833	-0.03771638640892604
8.0	4	18	5	2	ZZ up-up nb	exact	-0.1649272284966051	0.0	0.0	3.598273872381416	0.8453465420629833	-0.03771638640892604
8.0	4	18	5	2	ZZ up-up nb	UHF	-0.1649272284966051	0.21085819837978556	1.2784923405423376	0.7446322148560606	0.8453465420629833	-0.03771638640892604
8.0	4	18	5	2	SzSz nb	chi8	-0.05262920975736529	0.004007375031200425	0.07614355316516234	5.538794534953345	0.8453465420629833	-0.03771638640892604
8.0	4	18	5	2	SzSz nb	chi32	-0.05262920975736529	0.005063853477403138	0.09621754726603068	5.776330737602267	0.8453465420629833	-0.03771638640892604
8.0	4	18	5	2	SzSz nb	exact	-0.05262920975736529	0.0	0.0	6.1386879671657315	0.8453465420629833	-0.03771638640892604
8.0	4	18	5	2	SzSz nb	UHF	-0.05262920975736529	0.05015028039853585	0.9528982219140669	0.6655743014677447	0.8453465420629833	-0.03771638640892604
8.0	4	19	5	3	n	chi8	0.8457289248208322	0.01971251396654139	0.023308312377653975	2.057051922100159	0.8457289248208322	-0.025306206085867665
8.0	4	19	5	3	n	chi32	0.8457289248208322	0.0017446225088655343	0.002062862529190583	3.1190977338188786	0.8457289248208322	-0.025306206085867665
8.0	4	19	5	3	n	exact	0.8457289248208322	0.0	0.0	3.211692259352139	0.8457289248208322	-0.025306206085867665
8.0	4	19	5	3	n	UHF	0.8457289248208322	0.09181758211505986	0.10856620770598739	0.08380496194694585	0.8457289248208322	-0.025306206085867665
8.0	4	19	5	3	Sz	chi8	-0.025306206085867665	-0.03818398412000322	1.5088782565999568	1.6648752799722104	0.8457289248208322	-0.025306206085867665
8.0	4	19	5	3	Sz	chi32	-0.025306206085867665	-0.007305517363788174	0.2886848126897996	2.2862052740272274	0.8457289248208322	-0.025306206085867665
8.0	4	19	5	3	Sz	exact	-0.025306206085867665	0.0	0.0	2.335651567317996	0.8457289248208322	-0.025306206085867665
8.0	4	19	5	3	Sz	UHF	-0.025306206085867665	-0.3359067804290724	13.273691808613725	0.08673193102218267	0.8457289248208322	-0.025306206085867665
8.0	4	19	5	3	DoubleOcc	chi8	0.04122395439021173	0.004581282747711468	0.11113156938673631	27.378550071203758	0.8457289248208322	-0.025306206085867665
8.0	4	19	5	3	DoubleOcc	chi32	0.04122395439021173	0.0016722097209795894	0.04056402996061535	34.95666185622401	0.8457289248208322	-0.025306206085867665
8.0	4	19	5	3	DoubleOcc	exact	0.04122395439021173	0.0	0.0	35.652964997295015	0.8457289248208322	-0.025306206085867665
8.0	4	19	5	3	DoubleOcc	UHF	0.04122395439021173	-0.004398906992564761	0.10670754559172622	1.6366796444928615	0.8457289248208322	-0.025306206085867665
8.0	4	19	5	3	ZZ onsite	chi8	-0.5265620320808172	-0.021099896942238794	0.04007105650754622	38.1909054307164	0.8457289248208322	-0.025306206085867665
8.0	4	19	5	3	ZZ onsite	chi32	-0.5265620320808172	0.0031995938661899537	0.006076385442273736	40.293867655768864	0.8457289248208322	-0.025306206085867665
8.0	4	19	5	3	ZZ onsite	exact	-0.5265620320808172	0.0	0.0	40.38892529179815	0.8457289248208322	-0.025306206085867665
8.0	4	19	5	3	ZZ onsite	UHF	-0.5265620320808172	-0.20123079220037832	0.3821597075755231	6.0123577750666115	0.8457289248208322	-0.025306206085867665
8.0	4	19	5	3	ZZ up-up nb	chi8	-0.16755395164172945	0.11164387454432748	0.6663159743498551	1.5697739691592627	0.8457289248208322	-0.025306206085867665
8.0	4	19	5	3	ZZ up-up nb	chi32	-0.16755395164172945	0.031368616026503954	0.18721501772502255	3.159246646060373	0.8457289248208322	-0.025306206085867665
8.0	4	19	5	3	ZZ up-up nb	exact	-0.16755395164172945	0.0	0.0	3.515328877776858	0.8457289248208322	-0.025306206085867665
8.0	4	19	5	3	ZZ up-up nb	UHF	-0.16755395164172945	0.20823147523466148	1.2427726901953966	0.6769684800806441	0.8457289248208322	-0.025306206085867665
8.0	4	19	5	3	SzSz nb	chi8	-0.052936862693162584	0.015715851772197642	0.2968791683649875	3.248232013920136	0.8457289248208322	-0.025306206085867665
8.0	4	19	5	3	SzSz nb	chi32	-0.052936862693162584	0.00546689805169847	0.10327204472592562	4.832007420429667	0.8457289248208322	-0.025306206085867665
8.0	4	19	5	3	SzSz nb	exact	-0.052936862693162584	0.0	0.0	5.23373023779241	0.8457289248208322	-0.025306206085867665
8.0	4	19	5	3	SzSz nb	UHF	-0.052936862693162584	0.049842627462740166	0.9415485717701575	0.6907594933254383	0.8457289248208322	-0.025306206085867665
8.0	4	20	5	4	n	chi8	0.845376305503253	0.018724546036812284	0.02214936226023694	2.160021476076118	0.845376305503253	-0.03508776127433726
8.0	4	20	5	4	n	chi32	0.845376305503253	0.004476411443026573	0.00529517022642569	3.1287573051014284	0.845376305503253	-0.03508776127433726
8.0	4	20	5	4	n	exact	0.845376305503253	0.0	0.0	3.1457385328905936	0.845376305503253	-0.03508776127433726
8.0	4	20	5	4	n	UHF	0.845376305503253	0.091464962801312	0.10819437711453582	0.11422906728475953	0.845376305503253	-0.03508776127433726
8.0	4	20	5	4	Sz	chi8	-0.03508776127433726	-0.03727843664100418	1.0624341732588436	2.101423753035843	0.845376305503253	-0.03508776127433726
8.0	4	20	5	4	Sz	chi32	-0.03508776127433726	-0.005779276955102403	0.16470919617574153	2.825265577823019	0.845376305503253	-0.03508776127433726
8.0	4	20	5	4	Sz	exact	-0.03508776127433726	0.0	0.0	2.8467348929710883	0.845376305503253	-0.03508776127433726
8.0	4	20	5	4	Sz	UHF	-0.03508776127433726	0.27551281306580816	7.852105778755246	0.14672731347706316	0.845376305503253	-0.03508776127433726
8.0	4	20	5	4	DoubleOcc	chi8	0.04087190192956941	0.010798759009079534	0.26420984831310246	37.24784496144672	0.845376305503253	-0.03508776127433726
8.0	4	20	5	4	DoubleOcc	chi32	0.04087190192956941	0.008779060075599532	0.21479450823520851	44.042204234252516	0.845376305503253	-0.03508776127433726
8.0	4	20	5	4	DoubleOcc	exact	0.04087190192956941	0.0	0.0	45.25959346965064	0.845376305503253	-0.03508776127433726
8.0	4	20	5	4	DoubleOcc	UHF	0.04087190192956941	-0.004750959453663328	0.11624023422864432	2.030232598606659	0.845376305503253	-0.03508776127433726
8.0	4	20	5	4	ZZ onsite	chi8	-0.5272650032882288	0.005745943962691569	0.010897639568068497	43.336779739150785	0.845376305503253	-0.03508776127433726
8.0	4	20	5	4	ZZ onsite	chi32	-0.5272650032882288	0.026163417416346646	0.04962100130519083	41.29692299631846	0.845376305503253	-0.03508776127433726
8.0	4	20	5	4	ZZ onsite	exact	-0.5272650032882288	0.0	0.0	42.97865702803402	0.845376305503253	-0.03508776127433726
8.0	4	20	5	4	ZZ onsite	UHF	-0.5272650032882288	-0.20193376341727753	0.3829834374706085	5.775557760873587	0.845376305503253	-0.03508776127433726
8.0	4	20	5	4	ZZ up-up nb	chi8	0.08572920050558902	-7.049608218338832e-5	0.0008223112051394018	1.7597261364205983	0.845376305503253	-0.03508776127433726
8.0	4	20	5	4	ZZ up-up nb	chi32	0.08572920050558902	-0.0036432727007685156	0.04249745336807377	1.7639716201460147	0.845376305503253	-0.03508776127433726
8.0	4	20	5	4	ZZ up-up nb	exact	0.08572920050558902	0.0	0.0	1.759601205510627	0.845376305503253	-0.03508776127433726
8.0	4	20	5	4	ZZ up-up nb	UHF	0.08572920050558902	0.1178639463590751	1.3748401438946243	0.7359239597725205	0.845376305503253	-0.03508776127433726
8.0	4	20	5	4	SzSz nb	chi8	0.009710743389979199	-0.0010948997871481746	0.11275138711605065	1.1704031670390185	0.845376305503253	-0.03508776127433726
8.0	4	20	5	4	SzSz nb	chi32	0.009710743389979199	-0.00039777032563883055	0.04096188207890463	1.2049061576536049	0.845376305503253	-0.03508776127433726
8.0	4	20	5	4	SzSz nb	exact	0.009710743389979199	0.0	0.0	1.2024158810188295	0.845376305503253	-0.03508776127433726
8.0	4	20	5	4	SzSz nb	UHF	0.009710743389979199	0.08385270853346265	8.635045244836014	0.07340015514479346	0.845376305503253	-0.03508776127433726
8.0	4	21	6	1	n	chi8	0.844520615510201	-0.028510552266500344	0.033759450915566154	1.7730247363719063	0.844520615510201	-0.06413185003482509
8.0	4	21	6	1	n	chi32	0.844520615510201	0.009220687961871366	0.010918250889945254	3.703693992499678	0.844520615510201	-0.06413185003482509
8.0	4	21	6	1	n	exact	0.844520615510201	0.0	0.0	3.90928881511312	0.844520615510201	-0.06413185003482509
8.0	4	21	6	1	n	UHF	0.844520615510201	0.28406007534080047	0.3363565910930321	0.10114867925724803	0.844520615510201	-0.06413185003482509
8.0	4	21	6	1	Sz	chi8	-0.06413185003482509	0.050543222135445334	0.7881142070281644	1.635327669134874	0.844520615510201	-0.06413185003482509
8.0	4	21	6	1	Sz	chi32	-0.06413185003482509	0.008807897732011807	0.1373404591825889	2.760267561575441	0.844520615510201	-0.06413185003482509
8.0	4	21	6	1	Sz	exact	-0.06413185003482509	0.0	0.0	2.897286952706964	0.844520615510201	-0.06413185003482509
8.0	4	21	6	1	Sz	UHF	-0.06413185003482509	-0.298474482152625	4.654075658047388	0.1107411058769645	0.844520615510201	-0.06413185003482509
8.0	4	21	6	1	DoubleOcc	chi8	0.03903645145958981	0.005982634536381981	0.15325764286170201	18.283971579860015	0.844520615510201	-0.06413185003482509
8.0	4	21	6	1	DoubleOcc	chi32	0.03903645145958981	0.011505039684510832	0.2947255514866854	30.742991914192626	0.844520615510201	-0.06413185003482509
8.0	4	21	6	1	DoubleOcc	exact	0.03903645145958981	0.0	0.0	34.33655958445178	0.844520615510201	-0.06413185003482509
8.0	4	21	6	1	DoubleOcc	UHF	0.03903645145958981	0.01542391641574425	0.39511574026422336	1.2774205400206038	0.844520615510201	-0.06413185003482509
8.0	4	21	6	1	ZZ onsite	chi8	-0.5328954251820438	0.08095164267852606	0.15190905917586356	18.852161936009438	0.844520615510201	-0.06413185003482509
8.0	4	21	6	1	ZZ onsite	chi32	-0.5328954251820438	0.02757878281430115	0.05175271077787896	30.775221941884915	0.844520615510201	-0.06413185003482509
8.0	4	21	6	1	ZZ onsite	exact	-0.5328954251820438	0.0	0.0	33.83706283442015	0.844520615510201	-0.06413185003482509
8.0	4	21	6	1	ZZ onsite	UHF	-0.5328954251820438	-0.5064244850186249	0.950326201140916	1.104133957709546	0.844520615510201	-0.06413185003482509
8.0	4	21	6	1	ZZ up-up nb	chi8	-0.08300562451998839	-0.12776658883007208	1.539252184040913	0.6716313797487771	0.844520615510201	-0.06413185003482509
8.0	4	21	6	1	ZZ up-up nb	chi32	-0.08300562451998839	-0.019176586244198185	0.23102755210980092	1.540388162596348	0.844520615510201	-0.06413185003482509
8.0	4	21	6	1	ZZ up-up nb	exact	-0.08300562451998839	0.0	0.0	1.604272283841342	0.844520615510201	-0.06413185003482509
8.0	4	21	6	1	ZZ up-up nb	UHF	-0.08300562451998839	-0.01149579411088128	0.13849415840625362	1.5762421901981176	0.844520615510201	-0.06413185003482509
8.0	4	21	6	1	SzSz nb	chi8	-0.04339143310944554	-0.02008738970839955	0.4629344612272528	2.5734364254859616	0.844520615510201	-0.06413185003482509
8.0	4	21	6	1	SzSz nb	chi32	-0.04339143310944554	0.0012399177996878646	0.02857517511718129	4.452170736008942	0.844520615510201	-0.06413185003482509
8.0	4	21	6	1	SzSz nb	exact	-0.04339143310944554	0.0	0.0	4.520692233257928	0.844520615510201	-0.06413185003482509
8.0	4	21	6	1	SzSz nb	UHF	-0.04339143310944554	0.01715489739918801	0.3953521736864159	0.5811638540129266	0.844520615510201	-0.06413185003482509
8.0	4	22	6	2	n	chi8	0.8442245867191265	-0.0022317696440070645	0.0026435733797807223	2.0837494338467972	0.8442245867191265	-0.06612881616481751
8.0	4	22	6	2	n	chi32	0.8442245867191265	0.008562325113576907	0.010142236139855038	4.170817735405311	0.8442245867191265	-0.06612881616481751
8.0	4	22	6	2	n	exact	0.8442245867191265	0.0	0.0	4.65803841720172	0.8442245867191265	-0.06612881616481751
8.0	4	22	6	2	n	UHF	0.8442245867191265	0.28376404654960563	0.3361238833997782	0.2373018389081408	0.8442245867191265	-0.06612881616481751
8.0	4	22	6	2	Sz	chi8	-0.06612881616481751	0.053808979640180485	0.813699424258081	1.6835922016872258	0.8442245867191265	-0.06612881616481751
8.0	4	22	6	2	Sz	chi32	-0.06612881616481751	0.013386824501590552	0.20243556860636405	2.718230085426838	0.8442245867191265	-0.06612881616481751
8.0	4	22	6	2	Sz	exact	-0.06612881616481751	0.0	0.0	2.9397595673169974	0.8442245867191265	-0.06612881616481751
8.0	4	22	6	2	Sz	UHF	-0.06612881616481751	0.16821381595307466	2.543729431566165	0.23880263933027757	0.8442245867191265	-0.06612881616481751
8.0	4	22	6	2	DoubleOcc	chi8	0.03922480018708266	0.002830499964039196	0.07216097852733802	22.548778381426963	0.8442245867191265	-0.06612881616481751
8.0	4	22	6	2	DoubleOcc	chi32	0.03922480018708266	0.009049841203633724	0.23071733088430055	34.06046072705853	0.8442245867191265	-0.06612881616481751
8.0	4	22	6	2	DoubleOcc	exact	0.03922480018708266	0.0	0.0	39.61778364780645	0.8442245867191265	-0.06612881616481751
8.0	4	22	6	2	DoubleOcc	UHF	0.03922480018708266	0.01561226514324665	0.3980202593457191	1.7846595544135788	0.8442245867191265	-0.06612881616481751
8.0	4	22	6	2	ZZ onsite	chi8	-0.5315499726899225	0.01578553914416847	0.02969718738632482	36.4872519030391	0.8442245867191265	-0.06612881616481751
8.0	4	22	6	2	ZZ onsite	chi32	-0.5315499726899225	0.019074714587381636	0.035885082433272535	35.76817586362029	0.8442245867191265	-0.06612881616481751
8.0	4	22	6	2	ZZ onsite	exact	-0.5315499726899225	0.0	0.0	38.720877650540444	0.8442245867191265	-0.06612881616481751
8.0	4	22	6	2	ZZ onsite	UHF	-0.5315499726899225	-0.5050790325262249	0.9502004674560686	1.1058617985846813	0.8442245867191265	-0.06612881616481751
8.0	4	22	6	2	ZZ up-up nb	chi8	-0.07737718340706548	-0.20833810160150631	2.6925004559222883	0.30044237387217243	0.8442245867191265	-0.06612881616481751
8.0	4	22	6	2	ZZ up-up nb	chi32	-0.07737718340706548	-0.02013887759960055	0.26026894121557836	1.506743393187376	0.8442245867191265	-0.06612881616481751
8.0	4	22	6	2	ZZ up-up nb	exact	-0.07737718340706548	0.0	0.0	1.5529978137184204	0.8442245867191265	-0.06612881616481751
8.0	4	22	6	2	ZZ up-up nb	UHF	-0.07737718340706548	-0.005867352997958014	0.07582794745953822	1.5518828194551428	0.8442245867191265	-0.06612881616481751
8.0	4	22	6	2	SzSz nb	chi8	-0.04244265076350637	-0.025159637553111045	0.592791380851833	1.6387166680785146	0.8442245867191265	-0.06612881616481751
8.0	4	22	6	2	SzSz nb	chi32	-0.04244265076350637	0.0016530158332622932	0.03894704509558136	4.457259559752613	0.8442245867191265	-0.06612881616481751
8.0	4	22	6	2	SzSz nb	exact	-0.04244265076350637	0.0	0.0	4.470264413483272	0.8442245867191265	-0.06612881616481751
8.0	4	22	6	2	SzSz nb	UHF	-0.04244265076350637	0.01810367974512722	0.42654451169891067	0.5578363018812361	0.8442245867191265	-0.06612881616481751
8.0	4	23	6	3	n	chi8	0.8427468750134969	0.01704461828007775	0.020225074438638264	2.0547844737189958	0.8427468750134969	-0.06525298310050962
8.0	4	23	6	3	n	chi32	0.8427468750134969	0.0055982207283507	0.006642825852378323	3.8760654551073315	0.8427468750134969	-0.06525298310050962
8.0	4	23	6	3	n	exact	0.8427468750134969	0.0	0.0	4.092066732585056	0.8427468750134969	-0.06525298310050962
8.0	4	23	6	3	n	UHF	0.8427468750134969	0.28228633484409604	0.3349598120308368	0.10855772108076006	0.8427468750134969	-0.06525298310050962
8.0	4	23	6	3	Sz	chi8	-0.06525298310050962	0.05400962037840894	0.8276958050364923	1.8389222596128754	0.8427468750134969	-0.06525298310050962
8.0	4	23	6	3	Sz	chi32	-0.06525298310050962	0.011808917423656265	0.1809713037251785	3.018494441420311	0.8427468750134969	-0.06525298310050962
8.0	4	23	6	3	Sz	exact	-0.06525298310050962	0.0	0.0	3.1672637193669706	0.8427468750134969	-0.06525298310050962
8.0	4	23	6	3	Sz	UHF	-0.06525298310050962	-0.2995956152183097	4.591293776666739	0.13207773215442903	0.8427468750134969	-0.06525298310050962
8.0	4	23	6	3	DoubleOcc	chi8	0.03901745528688297	0.0023910725687185663	0.06128212491403574	24.44309554679804	0.8427468750134969	-0.06525298310050962
8.0	4	23	6	3	DoubleOcc	chi32	0.03901745528688297	0.008975703029465487	0.230043270722552	31.706973504329476	0.8427468750134969	-0.06525298310050962
8.0	4	23	6	3	DoubleOcc	exact	0.03901745528688297	0.0	0.0	36.656687780856664	0.8427468750134969	-0.06525298310050962
8.0	4	23	6	3	DoubleOcc	UHF	0.03901745528688297	0.015404920243037423	0.394821244229536	1.1286946872464876	0.8427468750134969	-0.06525298310050962
8.0	4	23	6	3	ZZ onsite	chi8	-0.5294239288794618	-0.024524946285283233	0.046323834166677846	36.400177885970564	0.8427468750134969	-0.06525298310050962
8.0	4	23	6	3	ZZ onsite	chi32	-0.5294239288794618	0.024706370661162436	0.04666651678070927	33.46354443605642	0.8427468750134969	-0.06525298310050962
8.0	4	23	6	3	ZZ onsite	exact	-0.5294239288794618	0.0	0.0	37.71645605964822	0.8427468750134969	-0.06525298310050962
8.0	4	23	6	3	ZZ onsite	UHF	-0.5294239288794618	-0.5029529887160423	0.9500004840743678	1.1063528598466503	0.8427468750134969	-0.06525298310050962
8.0	4	23	6	3	ZZ up-up nb	chi8	-0.0736074517057572	-0.17765587920054177	2.41355834339591	0.40092921313216145	0.8427468750134969	-0.06525298310050962
8.0	4	23	6	3	ZZ up-up nb	chi32	-0.0736074517057572	-0.01414820180237867	0.19221154209950825	1.4105571456082788	0.8427468750134969	-0.06525298310050962
8.0	4	23	6	3	ZZ up-up nb	exact	-0.0736074517057572	0.0	0.0	1.4286314893449088	0.8427468750134969	-0.06525298310050962
8.0	4	23	6	3	ZZ up-up nb	UHF	-0.0736074517057572	-0.002097621296650115	0.028497404108421946	1.4289041348312548	0.8427468750134969	-0.06525298310050962
8.0	4	23	6	3	SzSz nb	chi8	-0.042110206835085096	-0.013934415917625901	0.330903525888553	2.115493841237739	0.8427468750134969	-0.06525298310050962
8.0	4	23	6	3	SzSz nb	chi32	-0.042110206835085096	0.0018964734044951484	0.04503595558013402	3.5632133084374664	0.8427468750134969	-0.06525298310050962
8.0	4	23	6	3	SzSz nb	exact	-0.042110206835085096	0.0	0.0	3.6719755613032707	0.8427468750134969	-0.06525298310050962
8.0	4	23	6	3	SzSz nb	UHF	-0.042110206835085096	0.018436123673548806	0.437806533360181	0.43763557294868716	0.8427468750134969	-0.06525298310050962
8.0	4	24	6	4	n	chi8	0.8425632436845721	-0.006101559348537955	0.007241663334203286	1.8980231065591964	0.8425632436845721	-0.06815324542976971
8.0	4	24	6	4	n	chi32	0.8425632436845721	-0.00058091323307774	0.0006894595004374707	4.528809716450185	0.8425632436845721	-0.06815324542976971
8.0	4	24	6	4	n	exact	0.8425632436845721	0.0	0.0	4.656150025800564	0.8425632436845721	-0.06815324542976971
8.0	4	24	6	4	n	UHF	0.8425632436845721	0.2821027035150494	0.33481487072875366	0.2897797677847762	0.8425632436845721	-0.06815324542976971
8.0	4	24	6	4	Sz	chi8	-0.06815324542976971	0.06999585301616758	1.027036241264499	1.8864577881065852	0.8425632436845721	-0.06815324542976971
8.0	4	24	6	4	Sz	chi32	-0.06815324542976971	0.013091607830623742	0.19209074708135992	3.5914834310187906	0.8425632436845721	-0.06815324542976971
8.0	4	24	6	4	Sz	exact	-0.06815324542976971	0.0	0.0	3.688044552884996	0.8425632436845721	-0.06815324542976971
8.0	4	24	6	4	Sz	UHF	-0.06815324542976971	0.16618938668812389	2.4384662188886965	0.3372032643147815	0.8425632436845721	-0.06815324542976971
8.0	4	24	6	4	DoubleOcc	chi8	0.03901774744998332	0.01900468273133779	0.48707790616820745	13.411961432203505	0.8425632436845721	-0.06815324542976971
8.0	4	24	6	4	DoubleOcc	chi32	0.03901774744998332	0.011901184095486794	0.3050197633972302	26.78649475062141	0.8425632436845721	-0.06815324542976971
8.0	4	24	6	4	DoubleOcc	exact	0.03901774744998332	0.0	0.0	31.10136270720928	0.8425632436845721	-0.06815324542976971
8.0	4	24	6	4	DoubleOcc	UHF	0.03901774744998332	0.015405212406147461	0.3948257757805044	1.6738751025258698	0.8425632436845721	-0.06815324542976971
8.0	4	24	6	4	ZZ onsite	chi8	-0.5290554975692103	0.08822184962242563	0.1667534881080875	19.40662277320128	0.8425632436845721	-0.06815324542976971
8.0	4	24	6	4	ZZ onsite	chi32	-0.5290554975692103	0.04876656284810488	0.09217664890010013	28.148185028947886	0.8425632436845721	-0.06815324542976971
8.0	4	24	6	4	ZZ onsite	exact	-0.5290554975692103	0.0	0.0	33.10419211132098	0.8425632436845721	-0.06815324542976971
8.0	4	24	6	4	ZZ onsite	UHF	-0.5290554975692103	-0.5025845574055084	0.9499656646886294	1.1028261938507473	0.8425632436845721	-0.06815324542976971
8.0	4	24	6	4	ZZ up-up nb	chi8	0.07191705758117317	0.045511973869124325	0.632839765694734	1.2492972360028058	0.8425632436845721	-0.06815324542976971
8.0	4	24	6	4	ZZ up-up nb	chi32	0.07191705758117317	-0.001879977700017299	0.026140915149307352	1.5318030750680809	0.8425632436845721	-0.06815324542976971
8.0	4	24	6	4	ZZ up-up nb	exact	0.07191705758117317	0.0	0.0	1.5301491810007386	0.8425632436845721	-0.06815324542976971
8.0	4	24	6	4	ZZ up-up nb	UHF	0.07191705758117317	0.43721878638756945	6.079486579301138	0.08081336374657833	0.8425632436845721	-0.06815324542976971
8.0	4	24	6	4	SzSz nb	chi8	0.009564155900085258	0.0015059290988893442	0.15745551563791635	1.081805877962822	0.8425632436845721	-0.06815324542976971
8.0	4	24	6	4	SzSz nb	chi32	0.009564155900085258	-0.0015057791913975892	0.15743984175165593	1.10117629060773	0.8425632436845721	-0.06815324542976971
8.0	4	24	6	4	SzSz nb	exact	0.009564155900085258	0.0	0.0	1.1126213781124759	0.8425632436845721	-0.06815324542976971
8.0	4	24	6	4	SzSz nb	UHF	0.009564155900085258	0.08446080793254981	8.830973565769344	0.07179314911013504	0.8425632436845721	-0.06815324542976971
8.0	4	25	7	1	n	chi8	0.8812730180024729	-0.05951289787392511	0.06753060250138977	2.097055575219529	0.8812730180024729	-0.043076509399357484
8.0	4	25	7	1	n	chi32	0.8812730180024729	-0.0059214717361880664	0.006719225047431839	2.7169995030626146	0.8812730180024729	-0.043076509399357484
8.0	4	25	7	1	n	exact	0.8812730180024729	0.0	0.0	2.7237416003637795	0.8812730180024729	-0.043076509399357484
8.0	4	25	7	1	n	UHF	0.8812730180024729	0.12287868884578224	0.139433168082581	0.05161144730884442	0.8812730180024729	-0.043076509399357484
8.0	4	25	7	1	Sz	chi8	-0.043076509399357484	-0.0007363949560217353	0.017095047075302697	1.684248171746186	0.8812730180024729	-0.043076509399357484
8.0	4	25	7	1	Sz	chi32	-0.043076509399357484	0.001631854569627507	0.03788270201976596	2.1213907430265464	0.8812730180024729	-0.043076509399357484
8.0	4	25	7	1	Sz	exact	-0.043076509399357484	0.0	0.0	2.145629450131852	0.8812730180024729	-0.043076509399357484
8.0	4	25	7	1	Sz	UHF	-0.043076509399357484	-0.3569473611265946	8.286357601944383	0.08004077790948229	0.8812730180024729	-0.043076509399357484
8.0	4	25	7	1	DoubleOcc	chi8	0.04370057952610992	0.009118258185537936	0.20865302667416624	15.358829869826835	0.8812730180024729	-0.043076509399357484
8.0	4	25	7	1	DoubleOcc	chi32	0.04370057952610992	0.011105637642026878	0.25413021434627786	30.685433196475337	0.8812730180024729	-0.043076509399357484
8.0	4	25	7	1	DoubleOcc	exact	0.04370057952610992	0.0	0.0	38.152395567687925	0.8812730180024729	-0.043076509399357484
8.0	4	25	7	1	DoubleOcc	UHF	0.04370057952610992	-0.0015749985341655393	0.03604067843595804	1.177972912072855	0.8812730180024729	-0.043076509399357484
8.0	4	25	7	1	ZZ onsite	chi8	-0.5877437179005055	0.15549882849000074	0.26456910342736134	11.036265829191887	0.8812730180024729	-0.043076509399357484
8.0	4	25	7	1	ZZ onsite	chi32	-0.5877437179005055	0.056265494040486086	0.09573134059428744	33.459912276897235	0.8812730180024729	-0.043076509399357484
8.0	4	25	7	1	ZZ onsite	exact	-0.5877437179005055	0.0	0.0	49.039117509332904	0.8812730180024729	-0.043076509399357484
8.0	4	25	7	1	ZZ onsite	UHF	-0.5877437179005055	-0.25205737182822596	0.4288559182369598	5.016262941631509	0.8812730180024729	-0.043076509399357484
8.0	4	25	7	1	ZZ up-up nb	chi8	-0.15725263933829747	0.0933960388093204	0.5939235055279268	1.8163173179950445	0.8812730180024729	-0.043076509399357484
8.0	4	25	7	1	ZZ up-up nb	chi32	-0.15725263933829747	0.021034407460229526	0.13376187228869477	2.8946076213397656	0.8812730180024729	-0.043076509399357484
8.0	4	25	7	1	ZZ up-up nb	exact	-0.15725263933829747	0.0	0.0	2.9687600974048913	0.8812730180024729	-0.043076509399357484
8.0	4	25	7	1	ZZ up-up nb	UHF	-0.15725263933829747	0.2281210611536874	1.4506660245169607	0.6036656886524819	0.8812730180024729	-0.043076509399357484
8.0	4	25	7	1	SzSz nb	chi8	-0.052770180885611154	0.02015039603289058	0.3818519416594418	3.342682251676972	0.8812730180024729	-0.043076509399357484
8.0	4	25	7	1	SzSz nb	chi32	-0.052770180885611154	0.006337067369894325	0.1200880357721543	4.957971241614146	0.8812730180024729	-0.043076509399357484
8.0	4	25	7	1	SzSz nb	exact	-0.052770180885611154	0.0	0.0	5.263250817897156	0.8812730180024729	-0.043076509399357484
8.0	4	25	7	1	SzSz nb	UHF	-0.052770180885611154	0.05195564998173706	0.9845645610796799	0.6927978180017411	0.8812730180024729	-0.043076509399357484
8.0	4	26	7	2	n	chi8	0.8788255314118594	-0.023661152313470324	0.02692360595789471	2.4157758198891943	0.8788255314118594	-0.030072710825742904
8.0	4	26	7	2	n	chi32	0.8788255314118594	-0.007589273516596218	0.00863569985774517	2.5649458612499845	0.8788255314118594	-0.030072710825742904
8.0	4	26	7	2	n	exact	0.8788255314118594	0.0	0.0	2.5685373240582914	0.8788255314118594	-0.030072710825742904
8.0	4	26	7	2	n	UHF	0.8788255314118594	0.12043120225140913	0.13703653108249236	0.0809135926235405	0.8788255314118594	-0.030072710825742904
8.0	4	26	7	2	Sz	chi8	-0.030072710825742904	-0.007909275309355718	0.2630050664599616	1.81343927176974	0.8788255314118594	-0.030072710825742904
8.0	4	26	7	2	Sz	chi32	-0.030072710825742904	0.00020390611331493752	0.0067804367386923225	1.885085910018155	0.8788255314118594	-0.030072710825742904
8.0	4	26	7	2	Sz	exact	-0.030072710825742904	0.0	0.0	1.8955932702186407	0.8788255314118594	-0.030072710825742904
8.0	4	26	7	2	Sz	UHF	-0.030072710825742904	0.28379814090447386	9.43706546938683	0.11361446426349076	0.8788255314118594	-0.030072710825742904
8.0	4	26	7	2	DoubleOcc	chi8	0.04363067326022654	0.007180948670187065	0.1645848696250391	24.916581629792454	0.8788255314118594	-0.030072710825742904
8.0	4	26	7	2	DoubleOcc	chi32	0.04363067326022654	0.0074679505930165535	0.17116285482177723	30.176147391667495	0.8788255314118594	-0.030072710825742904
8.0	4	26	7	2	DoubleOcc	exact	0.04363067326022654	0.0	0.0	36.952932458331986	0.8788255314118594	-0.030072710825742904
8.0	4	26	7	2	DoubleOcc	UHF	0.04363067326022654	-0.0016449047996040245	0.03770065132374452	2.0672501818193627	0.8788255314118594	-0.030072710825742904
8.0	4	26	7	2	ZZ onsite	chi8	-0.583128369782812	0.07604609930768758	0.1304105635196778	23.441068843621405	0.8788255314118594	-0.030072710825742904
8.0	4	26	7	2	ZZ onsite	chi32	-0.583128369782812	0.045050349405261536	0.07725631565831839	32.93064148428244	0.8788255314118594	-0.030072710825742904
8.0	4	26	7	2	ZZ onsite	exact	-0.583128369782812	0.0	0.0	44.28128239574558	0.8788255314118594	-0.030072710825742904
8.0	4	26	7	2	ZZ onsite	UHF	-0.583128369782812	-0.24744202370123392	0.4243354234221094	5.185293815165297	0.8788255314118594	-0.030072710825742904
8.0	4	26	7	2	ZZ up-up nb	chi8	-0.15214398944174792	0.04228267984189474	0.27791225928174906	2.2946639142752527	0.8788255314118594	-0.030072710825742904
8.0	4	26	7	2	ZZ up-up nb	chi32	-0.15214398944174792	0.014151330282640567	0.09301274624495602	2.5933838069352353	0.8788255314118594	-0.030072710825742904
8.0	4	26	7	2	ZZ up-up nb	exact	-0.15214398944174792	0.0	0.0	2.6510629220711457	0.8788255314118594	-0.030072710825742904
8.0	4	26	7	2	ZZ up-up nb	UHF	-0.15214398944174792	0.23322971105023768	1.5329538281861304	0.5114117690857031	0.8788255314118594	-0.030072710825742904
8.0	4	26	7	2	SzSz nb	chi8	-0.05185839419009506	0.014447178158435943	0.2785889996029871	4.414170695952164	0.8788255314118594	-0.030072710825742904
8.0	4	26	7	2	SzSz nb	chi32	-0.05185839419009506	0.005727347493842842	0.11044205250259685	6.032673646812999	0.8788255314118594	-0.030072710825742904
8.0	4	26	7	2	SzSz nb	exact	-0.05185839419009506	0.0	0.0	6.162519189392563	0.8788255314118594	-0.030072710825742904
8.0	4	26	7	2	SzSz nb	UHF	-0.05185839419009506	0.05286743667725321	1.0194576500664356	0.6975330507353091	0.8788255314118594	-0.030072710825742904
8.0	4	27	7	3	n	chi8	0.8799976925698507	-0.012611677528737708	0.014331489315509363	2.593940586827494	0.8799976925698507	-0.04497531355202981
8.0	4	27	7	3	n	chi32	0.8799976925698507	-0.006079502467219555	0.006908543645683467	2.5842793474004937	0.8799976925698507	-0.04497531355202981
8.0	4	27	7	3	n	exact	0.8799976925698507	0.0	0.0	2.546523997751526	0.8799976925698507	-0.04497531355202981
8.0	4	27	7	3	n	UHF	0.8799976925698507	0.12160336341315958	0.13818600257694105	0.050315404124493056	0.8799976925698507	-0.04497531355202981
8.0	4	27	7	3	Sz	chi8	-0.04497531355202981	0.0011317970735485947	0.025164851207524597	2.2928000863479636	0.8799976925698507	-0.04497531355202981
8.0	4	27	7	3	Sz	chi32	-0.04497531355202981	0.005329573938734525	0.11849998405389645	2.306075354390459	0.8799976925698507	-0.04497531355202981
8.0	4	27	7	3	Sz	exact	-0.04497531355202981	0.0	0.0	2.3615011997992266	0.8799976925698507	-0.04497531355202981
8.0	4	27	7	3	Sz	UHF	-0.04497531355202981	-0.3588461652792672	7.978736265265502	0.09183389377661523	0.8799976925698507	-0.04497531355202981
8.0	4	27	7	3	DoubleOcc	chi8	0.043702438779304464	0.015054359718804866	0.34447413323610543	23.3449968525834	0.8799976925698507	-0.04497531355202981
8.0	4	27	7	3	DoubleOcc	chi32	0.043702438779304464	0.005870945663267374	0.13433908558090799	33.06297866246153	0.8799976925698507	-0.04497531355202981
8.0	4	27	7	3	DoubleOcc	exact	0.043702438779304464	0.0	0.0	36.33037869073969	0.8799976925698507	-0.04497531355202981
8.0	4	27	7	3	DoubleOcc	UHF	0.043702438779304464	-0.0015731392809710532	0.03599660167514546	1.2462642858742554	0.8799976925698507	-0.04497531355202981
8.0	4	27	7	3	ZZ onsite	chi8	-0.585185630022483	0.08544079393269288	0.1460063090226775	24.51179653267091	0.8799976925698507	-0.04497531355202981
8.0	4	27	7	3	ZZ onsite	chi32	-0.585185630022483	0.035642787587511715	0.06090851476674557	39.035831734114154	0.8799976925698507	-0.04497531355202981
8.0	4	27	7	3	ZZ onsite	exact	-0.585185630022483	0.0	0.0	42.984267935982395	0.8799976925698507	-0.04497531355202981
8.0	4	27	7	3	ZZ onsite	UHF	-0.585185630022483	-0.2494992839502026	0.42635921176091895	4.863203687724324	0.8799976925698507	-0.04497531355202981
8.0	4	27	7	3	ZZ up-up nb	chi8	-0.14759854608208411	0.07354598392393696	0.4982839321671622	2.0380091749840714	0.8799976925698507	-0.04497531355202981
8.0	4	27	7	3	ZZ up-up nb	chi32	-0.14759854608208411	0.0027952131937081515	0.01893794531115264	2.9682123418711814	0.8799976925698507	-0.04497531355202981
8.0	4	27	7	3	ZZ up-up nb	exact	-0.14759854608208411	0.0	0.0	2.967825472148785	0.8799976925698507	-0.04497531355202981
8.0	4	27	7	3	ZZ up-up nb	UHF	-0.14759854608208411	0.2377751544099017	1.610958649129698	0.5009300013238022	0.8799976925698507	-0.04497531355202981
8.0	4	27	7	3	SzSz nb	chi8	-0.05110393507124447	0.018792056120232964	0.36772229171852977	3.0601169102985906	0.8799976925698507	-0.04497531355202981
8.0	4	27	7	3	SzSz nb	chi32	-0.05110393507124447	0.0021258421411326778	0.0415984040792362	4.773128903513597	0.8799976925698507	-0.04497531355202981
8.0	4	27	7	3	SzSz nb	exact	-0.05110393507124447	0.0	0.0	4.90174136087741	0.8799976925698507	-0.04497531355202981
8.0	4	27	7	3	SzSz nb	UHF	-0.05110393507124447	0.05362189579610599	1.0492713667029987	0.5025643696732213	0.8799976925698507	-0.04497531355202981
8.0	4	28	7	4	n	chi8	0.8781061211201903	-0.027172683652654683	0.030944646665246784	2.249223362559693	0.8781061211201903	-0.031859192808703
8.0	4	28	7	4	n	chi32	0.8781061211201903	-0.006093328815078847	0.006939171323968969	2.49087784219841	0.8781061211201903	-0.031859192808703
8.0	4	28	7	4	n	exact	0.8781061211201903	0.0	0.0	2.5159835754712696	0.8781061211201903	-0.031859192808703
8.0	4	28	7	4	n	UHF	0.8781061211201903	0.11971179195972659	0.13632952678545457	0.07882922712041934	0.8781061211201903	-0.031859192808703
8.0	4	28	7	4	Sz	chi8	-0.031859192808703	-0.01699355514946553	0.533395659190191	1.6800299281570208	0.8781061211201903	-0.031859192808703
8.0	4	28	7	4	Sz	chi32	-0.031859192808703	0.0004982656238526131	0.015639618581814837	1.7521252954776727	0.8781061211201903	-0.031859192808703
8.0	4	28	7	4	Sz	exact	-0.031859192808703	0.0	0.0	1.742444873886584	0.8781061211201903	-0.031859192808703
8.0	4	28	7	4	Sz	UHF	-0.031859192808703	0.28201165892152036	8.851814313527838	0.10640662737179951	0.8781061211201903	-0.031859192808703
8.0	4	28	7	4	DoubleOcc	chi8	0.04362231736969238	0.011243492721708465	0.2577463417732168	21.986151630326017	0.8781061211201903	-0.031859192808703
8.0	4	28	7	4	DoubleOcc	chi32	0.04362231736969238	0.008440901136848616	0.19349960400574978	34.500266510583224	0.8781061211201903	-0.031859192808703
8.0	4	28	7	4	DoubleOcc	exact	0.04362231736969238	0.0	0.0	42.06786539121618	0.8781061211201903	-0.031859192808703
8.0	4	28	7	4	DoubleOcc	UHF	0.04362231736969238	-0.0016532606901391855	0.037899423731390915	1.8179674670790122	0.8781061211201903	-0.031859192808703
8.0	4	28	7	4	ZZ onsite	chi8	-0.5817229727616111	0.09931933819214112	0.17073305137090053	18.455230754261954	0.8781061211201903	-0.031859192808703
8.0	4	28	7	4	ZZ onsite	chi32	-0.5817229727616111	0.04595026217755371	0.07898993907600764	34.12977530602534	0.8781061211201903	-0.031859192808703
8.0	4	28	7	4	ZZ onsite	exact	-0.5817229727616111	0.0	0.0	46.81224130330176	0.8781061211201903	-0.031859192808703
8.0	4	28	7	4	ZZ onsite	UHF	-0.5817229727616111	-0.24603662668001003	0.42294466301030087	5.230751643987438	0.8781061211201903	-0.031859192808703
8.0	4	28	7	4	ZZ up-up nb	chi8	0.11456420644363972	-0.030534476737390834	0.26652719627934035	1.7435578680535326	0.8781061211201903	-0.031859192808703
8.0	4	28	7	4	ZZ up-up nb	chi32	0.11456420644363972	-0.008071939371189829	0.07045777753596058	1.9563123886723188	0.8781061211201903	-0.031859192808703
8.0	4	28	7	4	ZZ up-up nb	exact	0.11456420644363972	0.0	0.0	1.999043021780921	0.8781061211201903	-0.031859192808703
8.0	4	28	7	4	ZZ up-up nb	UHF	0.11456420644363972	-0.6819325312240646	5.952404790230392	0.04378035462491718	0.8781061211201903	-0.031859192808703
8.0	4	28	7	4	SzSz nb	chi8	0.02704756448443349	-0.016007356706255804	0.5918224805589581	1.4526089445019132	0.8781061211201903	-0.031859192808703
8.0	4	28	7	4	SzSz nb	chi32	0.02704756448443349	-0.0038147530632436782	0.14103869002472139	1.826957023382521	0.8781061211201903	-0.031859192808703
8.0	4	28	7	4	SzSz nb	exact	0.02704756448443349	0.0	0.0	1.8438068823306195	0.8781061211201903	-0.031859192808703
8.0	4	28	7	4	SzSz nb	UHF	0.02704756448443349	-0.11160535417827039	4.126262615715434	0.09948362279308141	0.8781061211201903	-0.031859192808703
8.0	4	29	8	1	n	chi8	0.9336651139418355	-0.07121094753207524	0.07627033126623972	0.810731644088483	0.9336651139418355	-0.008326416923519564
8.0	4	29	8	1	n	chi32	0.9336651139418355	-0.011526008970744295	0.01234490696785564	1.545162011697784	0.9336651139418355	-0.008326416923519564
8.0	4	29	8	1	n	exact	0.9336651139418355	0.0	0.0	1.627969783076973	0.9336651139418355	-0.008326416923519564
8.0	4	29	8	1	n	UHF	0.9336651139418355	-0.03152441938427253	0.033764161168215616	0.02424345025490581	0.9336651139418355	-0.008326416923519564
8.0	4	29	8	1	Sz	chi8	-0.008326416923519564	-0.028186571743910767	3.3851982194516803	0.8764977480660989	0.9336651139418355	-0.008326416923519564
8.0	4	29	8	1	Sz	chi32	-0.008326416923519564	-0.007130237462043493	0.8563392306122418	1.207835803768915	0.9336651139418355	-0.008326416923519564
8.0	4	29	8	1	Sz	exact	-0.008326416923519564	0.0	0.0	1.2194172411621869	0.9336651139418355	-0.008326416923519564
8.0	4	29	8	1	Sz	UHF	-0.008326416923519564	0.4343372473999979	52.163764004313656	0.027264385113577327	0.9336651139418355	-0.008326416923519564
8.0	4	29	8	1	DoubleOcc	chi8	0.038743715072067114	0.003842001459545441	0.09916450842153214	20.46092906150577	0.9336651139418355	-0.008326416923519564
8.0	4	29	8	1	DoubleOcc	chi32	0.038743715072067114	0.00321078868081065	0.08287250396195274	56.59944755735635	0.9336651139418355	-0.008326416923519564
8.0	4	29	8	1	DoubleOcc	exact	0.038743715072067114	0.0	0.0	65.44213799252572	0.9336651139418355	-0.008326416923519564
8.0	4	29	8	1	DoubleOcc	UHF	0.038743715072067114	0.0017971259738232548	0.04638496774200471	1.9593297503119045	0.9336651139418355	-0.008326416923519564
8.0	4	29	8	1	ZZ onsite	chi8	-0.7123553675954022	0.1577899009023308	0.2215044738624768	16.326118750616445	0.9336651139418355	-0.008326416923519564
8.0	4	29	8	1	ZZ onsite	chi32	-0.7123553675954022	0.03589517266473352	0.05038941839646665	84.5629409881047	0.9336651139418355	-0.008326416923519564
8.0	4	29	8	1	ZZ onsite	exact	-0.7123553675954022	0.0	0.0	117.56000749190548	0.9336651139418355	-0.008326416923519564
8.0	4	29	8	1	ZZ onsite	UHF	-0.7123553675954022	0.07023734266383852	0.0985987413851163	50.54061274339011	0.9336651139418355	-0.008326416923519564
8.0	4	29	8	1	ZZ up-up nb	chi8	-0.346103599369226	0.1192968324281452	0.3446853272995824	5.382057102956878	0.9336651139418355	-0.008326416923519564
8.0	4	29	8	1	ZZ up-up nb	chi32	-0.346103599369226	0.03559425241053077	0.10284276868371584	11.347368922703964	0.9336651139418355	-0.008326416923519564
8.0	4	29	8	1	ZZ up-up nb	exact	-0.346103599369226	0.0	0.0	12.652825301765095	0.9336651139418355	-0.008326416923519564
8.0	4	29	8	1	ZZ up-up nb	UHF	-0.346103599369226	0.4888787838757787	1.412521524672845	0.527125103856337	0.9336651139418355	-0.008326416923519564
8.0	4	29	8	1	SzSz nb	chi8	-0.08681796445009002	0.022358729879433575	0.257535753355369	7.413715503922425	0.9336651139418355	-0.008326416923519564
8.0	4	29	8	1	SzSz nb	chi32	-0.08681796445009002	0.006583265433376062	0.07582837809058118	13.32107553699449	0.9336651139418355	-0.008326416923519564
8.0	4	29	8	1	SzSz nb	exact	-0.08681796445009002	0.0	0.0	14.445919263250055	0.9336651139418355	-0.008326416923519564
8.0	4	29	8	1	SzSz nb	UHF	-0.08681796445009002	0.11568186438545272	1.3324646012860162	0.5739587764581147	0.9336651139418355	-0.008326416923519564
8.0	4	30	8	2	n	chi8	0.9333729813608508	-0.029081027666425285	0.031156920381416403	1.5922727011573692	0.9333729813608508	-0.03174348719959174
8.0	4	30	8	2	n	chi32	0.9333729813608508	-0.007498076546722188	0.008033312187578055	1.701561944640682	0.9333729813608508	-0.03174348719959174
8.0	4	30	8	2	n	exact	0.9333729813608508	0.0	0.0	1.719643001870863	0.9333729813608508	-0.03174348719959174
8.0	4	30	8	2	n	UHF	0.9333729813608508	-0.0318165519653012	0.034087714772837015	0.0209610004074201	0.9333729813608508	-0.03174348719959174
8.0	4	30	8	2	Sz	chi8	-0.03174348719959174	-0.00376712357573232	0.11867390473031489	1.3957022900693445	0.9333729813608508	-0.03174348719959174
8.0	4	30	8	2	Sz	chi32	-0.03174348719959174	-0.003442942144974155	0.1084613710940503	1.4455064448420376	0.9333729813608508	-0.03174348719959174
8.0	4	30	8	2	Sz	exact	-0.03174348719959174	0.0	0.0	1.458122340017925	0.9333729813608508	-0.03174348719959174
8.0	4	30	8	2	Sz	UHF	-0.03174348719959174	-0.4744071515231568	14.945023164602352	0.032717305681076	0.9333729813608508	-0.03174348719959174
8.0	4	30	8	2	DoubleOcc	chi8	0.03868152401045449	0.01528270495840528	0.395090559365624	28.285477587061802	0.9333729813608508	-0.03174348719959174
8.0	4	30	8	2	DoubleOcc	chi32	0.03868152401045449	0.006916838338914932	0.17881504195764136	44.76761474944488	0.9333729813608508	-0.03174348719959174
8.0	4	30	8	2	DoubleOcc	exact	0.03868152401045449	0.0	0.0	46.061512178561095	0.9333729813608508	-0.03174348719959174
8.0	4	30	8	2	DoubleOcc	UHF	0.03868152401045449	0.0017349349122315894	0.04485177243178647	1.115921371917548	0.9333729813608508	-0.03174348719959174
8.0	4	30	8	2	ZZ onsite	chi8	-0.7120198666798832	0.11929287516647102	0.16754149813646124	27.21039647990093	0.9333729813608508	-0.03174348719959174
8.0	4	30	8	2	ZZ onsite	chi32	-0.7120198666798832	0.042663506449107214	0.05991898322731533	65.39011611207977	0.9333729813608508	-0.03174348719959174
8.0	4	30	8	2	ZZ onsite	exact	-0.7120198666798832	0.0	0.0	76.63600651187193	0.9333729813608508	-0.03174348719959174
8.0	4	30	8	2	ZZ onsite	UHF	-0.7120198666798832	0.07057284357952931	0.0991163967216355	48.74289159385205	0.9333729813608508	-0.03174348719959174
8.0	4	30	8	2	ZZ up-up nb	chi8	-0.349732429796802	0.13154093973828662	0.3761187940583983	4.741669142455007	0.9333729813608508	-0.03174348719959174
8.0	4	30	8	2	ZZ up-up nb	chi32	-0.349732429796802	0.03886227418338517	0.11112001882686297	11.268069883322612	0.9333729813608508	-0.03174348719959174
8.0	4	30	8	2	ZZ up-up nb	exact	-0.349732429796802	0.0	0.0	13.083249087393229	0.9333729813608508	-0.03174348719959174
8.0	4	30	8	2	ZZ up-up nb	UHF	-0.349732429796802	0.4852499534482027	1.3874891548665866	0.5322547318924437	0.9333729813608508	-0.03174348719959174
8.0	4	30	8	2	SzSz nb	chi8	-0.0869793933898057	0.027690812932420095	0.3183606122466423	5.544870304619054	0.9333729813608508	-0.03174348719959174
8.0	4	30	8	2	SzSz nb	chi32	-0.0869793933898057	0.008025285906950272	0.0922665196224611	11.142610933117359	0.9333729813608508	-0.03174348719959174
8.0	4	30	8	2	SzSz nb	exact	-0.0869793933898057	0.0	0.0	12.475170959608075	0.9333729813608508	-0.03174348719959174
8.0	4	30	8	2	SzSz nb	UHF	-0.0869793933898057	0.1155204354457372	1.3281356760907994	0.5683750439851045	0.9333729813608508	-0.03174348719959174
8.0	4	31	8	3	n	chi8	0.935305509255287	-0.041757021756143375	0.044645328550872464	1.0478206487395514	0.935305509255287	-0.004152003270057443
8.0	4	31	8	3	n	chi32	0.935305509255287	-0.00818375474999622	0.008749819892018304	1.328231703139981	0.935305509255287	-0.004152003270057443
8.0	4	31	8	3	n	exact	0.935305509255287	0.0	0.0	1.359982343025536	0.935305509255287	-0.004152003270057443
8.0	4	31	8	3	n	UHF	0.935305509255287	-0.029884024070821802	0.03195108312215138	0.02223220154351568	0.935305509255287	-0.004152003270057443
8.0	4	31	8	3	Sz	chi8	-0.004152003270057443	-0.02015200068761827	4.853560890220462	0.9959774722295848	0.935305509255287	-0.004152003270057443
8.0	4	31	8	3	Sz	chi32	-0.004152003270057443	-0.005217007295029288	1.2565036575602482	1.1598007547334694	0.935305509255287	-0.004152003270057443
8.0	4	31	8	3	Sz	exact	-0.004152003270057443	0.0	0.0	1.1823015195804243	0.935305509255287	-0.004152003270057443
8.0	4	31	8	3	Sz	UHF	-0.004152003270057443	0.43851166105346034	105.61447873026206	0.0365814288828383	0.935305509255287	-0.004152003270057443
8.0	4	31	8	3	DoubleOcc	chi8	0.039087223357208434	0.009484240800302246	0.24264299138437445	21.56126776256674	0.935305509255287	-0.004152003270057443
8.0	4	31	8	3	DoubleOcc	chi32	0.039087223357208434	0.004881073247816947	0.12487643860527084	40.80573758600214	0.935305509255287	-0.004152003270057443
8.0	4	31	8	3	DoubleOcc	exact	0.039087223357208434	0.0	0.0	46.48175100612554	0.935305509255287	-0.004152003270057443
8.0	4	31	8	3	DoubleOcc	UHF	0.039087223357208434	0.0021406342589645466	0.05476557491438625	1.4712485062685208	0.935305509255287	-0.004152003270057443
8.0	4	31	8	3	ZZ onsite	chi8	-0.7142621250817396	0.12145100671349651	0.1700370248521826	22.08168106462748	0.935305509255287	-0.004152003270057443
8.0	4	31	8	3	ZZ onsite	chi32	-0.7142621250817396	0.035891802491264	0.05025018299431259	61.904312980920466	0.935305509255287	-0.004152003270057443
8.0	4	31	8	3	ZZ onsite	exact	-0.7142621250817396	0.0	0.0	79.68147880158607	0.935305509255287	-0.004152003270057443
8.0	4	31	8	3	ZZ onsite	UHF	-0.7142621250817396	0.06833058517750257	0.0956659786064995	42.02937580714208	0.935305509255287	-0.004152003270057443
8.0	4	31	8	3	ZZ up-up nb	chi8	-0.3554336209905731	0.18637627472336238	0.5243630982458621	3.0576150253846617	0.935305509255287	-0.004152003270057443
8.0	4	31	8	3	ZZ up-up nb	chi32	-0.3554336209905731	0.031672728434394504	0.08911010822815363	12.469352189231484	0.935305509255287	-0.004152003270057443
8.0	4	31	8	3	ZZ up-up nb	exact	-0.3554336209905731	0.0	0.0	13.71176876996244	0.935305509255287	-0.004152003270057443
8.0	4	31	8	3	ZZ up-up nb	UHF	-0.3554336209905731	0.4795487622544298	1.3491935875901524	0.5690233890259123	0.935305509255287	-0.004152003270057443
8.0	4	31	8	3	SzSz nb	chi8	-0.08760765322255101	0.04240813351258743	0.4840688222164498	3.5467581539506785	0.935305509255287	-0.004152003270057443
8.0	4	31	8	3	SzSz nb	chi32	-0.08760765322255101	0.006056640252848883	0.06913368901074328	13.54331030042249	0.935305509255287	-0.004152003270057443
8.0	4	31	8	3	SzSz nb	exact	-0.08760765322255101	0.0	0.0	14.352575410308944	0.935305509255287	-0.004152003270057443
8.0	4	31	8	3	SzSz nb	UHF	-0.08760765322255101	0.11489217561299161	1.31143994145271	0.6044101780992841	0.935305509255287	-0.004152003270057443
8.0	4	32	8	4	n	chi8	0.9350222028832091	-0.03275251817971514	0.0350285994051482	1.5580585157828495	0.9350222028832091	-0.027567600132068465
8.0	4	32	8	4	n	chi32	0.9350222028832091	-0.00809388207414008	0.008656352810855191	1.7129688733121549	0.9350222028832091	-0.027567600132068465
8.0	4	32	8	4	n	exact	0.9350222028832091	0.0	0.0	1.7472820815380699	0.9350222028832091	-0.027567600132068465
8.0	4	32	8	4	n	UHF	0.9350222028832091	-0.03016733044294173	0.03226375838982066	0.01974177065345604	0.9350222028832091	-0.027567600132068465
8.0	4	32	8	4	Sz	chi8	-0.027567600132068465	-0.005548810656041778	0.2012801487782403	1.3601828611469795	0.9350222028832091	-0.027567600132068465
8.0	4	32	8	4	Sz	chi32	-0.027567600132068465	-0.0039574838602985385	0.14355561751256432	1.5097494135117848	0.9350222028832091	-0.027567600132068465
8.0	4	32	8	4	Sz	exact	-0.027567600132068465	0.0	0.0	1.5427217139947256	0.9350222028832091	-0.027567600132068465
8.0	4	32	8	4	Sz	UHF	-0.027567600132068465	-0.470231264455633	17.057388463373304	0.032834001246451916	0.9350222028832091	-0.027567600132068465
8.0	4	32	8	4	DoubleOcc	chi8	0.03892196607477047	0.01798158670224506	0.4619907089919815	24.60073695557709	0.9350222028832091	-0.027567600132068465
8.0	4	32	8	4	DoubleOcc	chi32	0.03892196607477047	0.00414933853001706	0.10660660157932501	56.154381208399315	0.9350222028832091	-0.027567600132068465
8.0	4	32	8	4	DoubleOcc	exact	0.03892196607477047	0.0	0.0	59.66621884382959	0.9350222028832091	-0.027567600132068465
8.0	4	32	8	4	DoubleOcc	UHF	0.03892196607477047	0.0019753769765477325	0.05075224033526373	1.1710062122851195	0.9350222028832091	-0.027567600132068465
8.0	4	32	8	4	ZZ onsite	chi8	-0.7143565414673365	0.1374313831684103	0.1923848599273928	21.97883804741016	0.9350222028832091	-0.027567600132068465
8.0	4	32	8	4	ZZ onsite	chi32	-0.7143565414673365	0.03278511826835184	0.04589461475499195	76.65303390946747	0.9350222028832091	-0.027567600132068465
8.0	4	32	8	4	ZZ onsite	exact	-0.7143565414673365	0.0	0.0	86.90682433930458	0.9350222028832091	-0.027567600132068465
8.0	4	32	8	4	ZZ onsite	UHF	-0.7143565414673365	0.06823616879207406	0.09552116461607864	51.699860663600745	0.9350222028832091	-0.027567600132068465
